year,event,award,team,qual_rank,n_teams,rank_pct
2025,2025alhu,Regional FIRST Impact Award,1038,7,44,15.9
2025,2025alhu,Regional Engineering Inspiration Award,34,13,44,29.5
2025,2025alhu,Rookie All Star Award,10011,19,44,43.2
2025,2025alhu,Woodie Flowers Finalist Award,34,13,44,29.5
2025,2025alhu,FIRST Dean's List Finalist Award,3630,5,44,11.4
2025,2025alhu,FIRST Dean's List Finalist Award,2338,1,44,2.3
2025,2025alhu,Regional Winners,2338,1,44,2.3
2025,2025alhu,Regional Winners,4020,4,44,9.1
2025,2025alhu,Regional Winners,10011,19,44,43.2
2025,2025alhu,Regional Finalists,4028,2,44,4.5
2025,2025alhu,Regional Finalists,2783,3,44,6.8
2025,2025alhu,Regional Finalists,7111,36,44,81.8
2025,2025alhu,Autonomous Award,2338,1,44,2.3
2025,2025alhu,Creativity Award sponsored by Rockwell Automation,7428,6,44,13.6
2025,2025alhu,Excellence in Engineering Award,325,9,44,20.5
2025,2025alhu,Gracious Professionalism Award,2783,3,44,6.8
2025,2025alhu,Imagery Award in honor of Jack Kamen,3966,10,44,22.7
2025,2025alhu,Industrial Design Award sponsored by General Motors,4028,2,44,4.5
2025,2025alhu,Innovation in Control Award sponsored by nVent,6517,26,44,59.1
2025,2025alhu,Judges' Award,3814,44,44,100.0
2025,2025alhu,Quality Award,144,20,44,45.5
2025,2025alhu,Rising All-Star Award,9097,38,44,86.4
2025,2025alhu,Team Spirit Award,3630,5,44,11.4
2025,2025alhu,Team Sustainability Award sponsored by Dow,2220,11,44,25.0
2025,2025arc,Engineering Inspiration Award,5951,17,75,22.7
2025,2025arc,Rookie All Star Award,10466,72,75,96.0
2025,2025arc,Championship Division Winner,8044,1,75,1.3
2025,2025arc,Championship Division Winner,2481,8,75,10.7
2025,2025arc,Championship Division Winner,3940,30,75,40.0
2025,2025arc,Championship Division Winner,4788,27,75,36.0
2025,2025arc,Championship Division Finalist,4391,5,75,6.7
2025,2025arc,Championship Division Finalist,2231,46,75,61.3
2025,2025arc,Championship Division Finalist,2338,13,75,17.3
2025,2025arc,Championship Division Finalist,2106,10,75,13.3
2025,2025arc,Autonomous Award,2481,8,75,10.7
2025,2025arc,Creativity Award sponsored by Rockwell Automation,7211,18,75,24.0
2025,2025arc,Excellence in Engineering Award,2834,19,75,25.3
2025,2025arc,Gracious Professionalism Award,1987,2,75,2.7
2025,2025arc,Imagery Award in honor of Jack Kamen,3182,69,75,92.0
2025,2025arc,Industrial Design Award sponsored by General Motors,341,7,75,9.3
2025,2025arc,Innovation in Control Award sponsored by nVent,1732,23,75,30.7
2025,2025arc,Judges' Award,1629,41,75,54.7
2025,2025arc,Quality Award,1756,4,75,5.3
2025,2025arc,Rising All-Star Award,9459,53,75,70.7
2025,2025arc,Team Spirit Award,6358,40,75,53.3
2025,2025arc,Team Sustainability Award sponsored by Dow,3620,49,75,65.3
2025,2025arli,Regional FIRST Impact Award,3937,7,30,23.3
2025,2025arli,Regional Engineering Inspiration Award,4499,3,30,10.0
2025,2025arli,Rookie All Star Award,10101,13,30,43.3
2025,2025arli,Woodie Flowers Finalist Award,2399,23,30,76.7
2025,2025arli,FIRST Dean's List Finalist Award,179,11,30,36.7
2025,2025arli,FIRST Dean's List Finalist Award,3937,7,30,23.3
2025,2025arli,Regional Winners,2481,1,30,3.3
2025,2025arli,Regional Winners,118,4,30,13.3
2025,2025arli,Regional Winners,7483,26,30,86.7
2025,2025arli,Regional Finalists,8044,2,30,6.7
2025,2025arli,Regional Finalists,4499,3,30,10.0
2025,2025arli,Regional Finalists,7917,25,30,83.3
2025,2025arli,Autonomous Award,118,4,30,13.3
2025,2025arli,Creativity Award sponsored by Rockwell Automation,4500,6,30,20.0
2025,2025arli,Excellence in Engineering Award,2481,1,30,3.3
2025,2025arli,Gracious Professionalism Award,7525,16,30,53.3
2025,2025arli,Imagery Award in honor of Jack Kamen,9429,29,30,96.7
2025,2025arli,Industrial Design Award sponsored by General Motors,16,8,30,26.7
2025,2025arli,Innovation in Control Award sponsored by nVent,8044,2,30,6.7
2025,2025arli,Judges' Award,323,21,30,70.0
2025,2025arli,Quality Award,6424,5,30,16.7
2025,2025arli,Rising All-Star Award,1781,22,30,73.3
2025,2025arli,Team Spirit Award,2036,10,30,33.3
2025,2025arli,Team Sustainability Award sponsored by Dow,179,11,30,36.7
2025,2025ausc,Regional FIRST Impact Award,4788,6,41,14.6
2025,2025ausc,Regional Engineering Inspiration Award,3132,7,41,17.1
2025,2025ausc,Rookie All Star Award,10002,14,41,34.1
2025,2025ausc,Woodie Flowers Finalist Award,5331,25,41,61.0
2025,2025ausc,FIRST Dean's List Finalist Award,4788,6,41,14.6
2025,2025ausc,FIRST Dean's List Finalist Award,4788,6,41,14.6
2025,2025ausc,Regional Winners,4613,1,41,2.4
2025,2025ausc,Regional Winners,5584,2,41,4.9
2025,2025ausc,Regional Winners,6083,16,41,39.0
2025,2025ausc,Regional Finalists,6996,3,41,7.3
2025,2025ausc,Regional Finalists,7433,8,41,19.5
2025,2025ausc,Regional Finalists,4729,28,41,68.3
2025,2025ausc,Autonomous Award,5584,2,41,4.9
2025,2025ausc,Creativity Award sponsored by Rockwell Automation,4774,13,41,31.7
2025,2025ausc,Excellence in Engineering Award,6996,3,41,7.3
2025,2025ausc,Gracious Professionalism Award,5648,38,41,92.7
2025,2025ausc,Imagery Award in honor of Jack Kamen,6434,24,41,58.5
2025,2025ausc,Industrial Design Award sponsored by General Motors,4613,1,41,2.4
2025,2025ausc,Innovation in Control Award sponsored by nVent,6510,4,41,9.8
2025,2025ausc,Judges' Award,10131,19,41,46.3
2025,2025ausc,Quality Award,5985,27,41,65.9
2025,2025ausc,Rising All-Star Award,10342,29,41,70.7
2025,2025ausc,Team Spirit Award,5331,25,41,61.0
2025,2025ausc,Team Sustainability Award sponsored by Dow,4729,28,41,68.3
2025,2025auwarp,Volunteer Award,4788,1,29,3.4
2025,2025auwarp,Winner,4788,1,29,3.4
2025,2025auwarp,Winner,10342,4,29,13.8
2025,2025auwarp,Winner,8876,26,29,89.7
2025,2025auwarp,Finalist,9191,5,29,17.2
2025,2025auwarp,Finalist,9990,12,29,41.4
2025,2025auwarp,Finalist,9993,23,29,79.3
2025,2025auwarp,Autonomous Award,9991,3,29,10.3
2025,2025auwarp,Community Member Award,8876,26,29,89.7
2025,2025auwarp,Creativity Award,9191,5,29,17.2
2025,2025auwarp,Excellence In Engineering Award,10342,4,29,13.8
2025,2025auwarp,Gracious Professionalism Award,9993,23,29,79.3
2025,2025auwarp,Innovation in Control Award,4788,1,29,3.4
2025,2025auwarp,Judge's Award,7113,20,29,69.0
2025,2025auwarp,Quality Award,9979,2,29,6.9
2025,2025auwarp,Team Spirit Award,6524,25,29,86.2
2025,2025auwarp,Team Sustainability Award,9985,28,29,96.6
2025,2025azfg,Regional FIRST Impact Award,9134,9,40,22.5
2025,2025azfg,Regional Engineering Inspiration Award,4146,21,40,52.5
2025,2025azfg,Woodie Flowers Finalist Award,6413,15,40,37.5
2025,2025azfg,FIRST Dean's List Finalist Award,6413,15,40,37.5
2025,2025azfg,FIRST Dean's List Finalist Award,2662,36,40,90.0
2025,2025azfg,Regional Winners,359,1,40,2.5
2025,2025azfg,Regional Winners,9432,2,40,5.0
2025,2025azfg,Regional Winners,7645,28,40,70.0
2025,2025azfg,Regional Finalists,6560,3,40,7.5
2025,2025azfg,Regional Finalists,6995,4,40,10.0
2025,2025azfg,Regional Finalists,9059,24,40,60.0
2025,2025azfg,Autonomous Award,9432,2,40,5.0
2025,2025azfg,Creativity Award sponsored by Rockwell Automation,7425,14,40,35.0
2025,2025azfg,Excellence in Engineering Award,2486,8,40,20.0
2025,2025azfg,Gracious Professionalism Award,6413,15,40,37.5
2025,2025azfg,Imagery Award in honor of Jack Kamen,3009,16,40,40.0
2025,2025azfg,Industrial Design Award sponsored by General Motors,2478,12,40,30.0
2025,2025azfg,Innovation in Control Award sponsored by nVent,6560,3,40,7.5
2025,2025azfg,Judges' Award,4565,33,40,82.5
2025,2025azfg,Quality Award,6995,4,40,10.0
2025,2025azfg,Rising All-Star Award,996,27,40,67.5
2025,2025azfg,Team Spirit Award,8717,39,40,97.5
2025,2025azfg,Team Sustainability Award sponsored by Dow,7333,23,40,57.5
2025,2025azgl,Regional FIRST Impact Award,6352,12,42,28.6
2025,2025azgl,Regional Engineering Inspiration Award,5026,1,42,2.4
2025,2025azgl,Rookie All Star Award,10506,23,42,54.8
2025,2025azgl,Woodie Flowers Finalist Award,9059,27,42,64.3
2025,2025azgl,FIRST Dean's List Finalist Award,2403,14,42,33.3
2025,2025azgl,FIRST Dean's List Finalist Award,5026,1,42,2.4
2025,2025azgl,Regional Winners,4415,2,42,4.8
2025,2025azgl,Regional Winners,9432,3,42,7.1
2025,2025azgl,Regional Winners,9704,33,42,78.6
2025,2025azgl,Regional Finalists,5026,1,42,2.4
2025,2025azgl,Regional Finalists,498,4,42,9.5
2025,2025azgl,Regional Finalists,3944,32,42,76.2
2025,2025azgl,Autonomous Award,4415,2,42,4.8
2025,2025azgl,Creativity Award sponsored by Rockwell Automation,4146,18,42,42.9
2025,2025azgl,Excellence in Engineering Award,6479,10,42,23.8
2025,2025azgl,Gracious Professionalism Award,5199,5,42,11.9
2025,2025azgl,Imagery Award in honor of Jack Kamen,1011,39,42,92.9
2025,2025azgl,Industrial Design Award sponsored by General Motors,7333,35,42,83.3
2025,2025azgl,Innovation in Control Award sponsored by nVent,9432,3,42,7.1
2025,2025azgl,Judges' Award,7755,15,42,35.7
2025,2025azgl,Quality Award,2403,14,42,33.3
2025,2025azgl,Rising All-Star Award,9704,33,42,78.6
2025,2025azgl,Team Spirit Award,2662,19,42,45.2
2025,2025azgl,Team Sustainability Award sponsored by Dow,498,4,42,9.5
2025,2025bcvi,Regional FIRST Impact Award,2438,21,48,43.8
2025,2025bcvi,Regional Engineering Inspiration Award,4253,13,48,27.1
2025,2025bcvi,Rookie All Star Award,10384,25,48,52.1
2025,2025bcvi,Woodie Flowers Finalist Award,7287,17,48,35.4
2025,2025bcvi,Volunteer of the Year,9999,,48,
2025,2025bcvi,FIRST Dean's List Finalist Award,6902,47,48,97.9
2025,2025bcvi,FIRST Dean's List Finalist Award,9277,16,48,33.3
2025,2025bcvi,Regional Winners,359,1,48,2.1
2025,2025bcvi,Regional Winners,4270,6,48,12.5
2025,2025bcvi,Regional Winners,8339,38,48,79.2
2025,2025bcvi,Regional Finalists,3128,2,48,4.2
2025,2025bcvi,Regional Finalists,5468,7,48,14.6
2025,2025bcvi,Regional Finalists,9449,27,48,56.2
2025,2025bcvi,Regional Finalists,9044,15,48,31.2
2025,2025bcvi,Autonomous Award,2122,5,48,10.4
2025,2025bcvi,Creativity Award sponsored by Rockwell Automation,4270,6,48,12.5
2025,2025bcvi,Excellence in Engineering Award,3128,2,48,4.2
2025,2025bcvi,Gracious Professionalism Award,4421,12,48,25.0
2025,2025bcvi,Imagery Award in honor of Jack Kamen,9449,27,48,56.2
2025,2025bcvi,Industrial Design Award sponsored by General Motors,359,1,48,2.1
2025,2025bcvi,Innovation in Control Award sponsored by nVent,5516,9,48,18.8
2025,2025bcvi,Judges' Award,7135,22,48,45.8
2025,2025bcvi,Quality Award,5468,7,48,14.6
2025,2025bcvi,Rising All-Star Award,8503,4,48,8.3
2025,2025bcvi,Team Spirit Award,7167,39,48,81.2
2025,2025bcvi,Team Sustainability Award sponsored by Dow,9277,16,48,33.3
2025,2025brba,Regional FIRST Impact Award,1156,19,59,32.2
2025,2025brba,Regional Engineering Inspiration Award,7563,1,59,1.7
2025,2025brba,Rookie All Star Award,10019,21,59,35.6
2025,2025brba,Woodie Flowers Finalist Award,9050,13,59,22.0
2025,2025brba,FIRST Dean's List Finalist Award,9486,33,59,55.9
2025,2025brba,FIRST Dean's List Finalist Award,9046,39,59,66.1
2025,2025brba,Regional Winners,7563,1,59,1.7
2025,2025brba,Regional Winners,9199,7,59,11.9
2025,2025brba,Regional Winners,5800,20,59,33.9
2025,2025brba,Regional Finalists,7567,8,59,13.6
2025,2025brba,Regional Finalists,9459,10,59,16.9
2025,2025brba,Regional Finalists,9085,43,59,72.9
2025,2025brba,Autonomous Award,9199,7,59,11.9
2025,2025brba,Creativity Award sponsored by Rockwell Automation,9458,6,59,10.2
2025,2025brba,Excellence in Engineering Award,9484,5,59,8.5
2025,2025brba,Gracious Professionalism Award,7565,9,59,15.3
2025,2025brba,Imagery Award in honor of Jack Kamen,9162,14,59,23.7
2025,2025brba,Industrial Design Award sponsored by General Motors,7033,12,59,20.3
2025,2025brba,Innovation in Control Award sponsored by nVent,9047,11,59,18.6
2025,2025brba,Judges' Award,9163,29,59,49.2
2025,2025brba,Quality Award,1860,2,59,3.4
2025,2025brba,Rising All-Star Award,9302,52,59,88.1
2025,2025brba,Team Spirit Award,9048,57,59,96.6
2025,2025brba,Team Sustainability Award sponsored by Dow,9486,33,59,55.9
2025,2025brsp,Regional FIRST Impact Award,7565,4,33,12.1
2025,2025brsp,Regional Engineering Inspiration Award,9085,12,33,36.4
2025,2025brsp,Rookie All Star Award,10291,20,33,60.6
2025,2025brsp,Woodie Flowers Finalist Award,7565,4,33,12.1
2025,2025brsp,FIRST Dean's List Finalist Award,7565,4,33,12.1
2025,2025brsp,FIRST Dean's List Finalist Award,7563,3,33,9.1
2025,2025brsp,Regional Winners,1156,1,33,3.0
2025,2025brsp,Regional Winners,7563,3,33,9.1
2025,2025brsp,Regional Winners,9175,27,33,81.8
2025,2025brsp,Regional Finalists,9199,2,33,6.1
2025,2025brsp,Regional Finalists,7567,9,33,27.3
2025,2025brsp,Regional Finalists,10291,20,33,60.6
2025,2025brsp,Autonomous Award,7563,3,33,9.1
2025,2025brsp,Creativity Award sponsored by Rockwell Automation,9175,27,33,81.8
2025,2025brsp,Excellence in Engineering Award,9484,7,33,21.2
2025,2025brsp,Gracious Professionalism Award,9110,10,33,30.3
2025,2025brsp,Imagery Award in honor of Jack Kamen,9461,16,33,48.5
2025,2025brsp,Industrial Design Award sponsored by General Motors,1156,1,33,3.0
2025,2025brsp,Innovation in Control Award sponsored by nVent,9199,2,33,6.1
2025,2025brsp,Judges' Award,8882,29,33,87.9
2025,2025brsp,Quality Award,9460,8,33,24.2
2025,2025brsp,Rising All-Star Award,10483,28,33,84.8
2025,2025brsp,Team Spirit Award,9458,21,33,63.6
2025,2025brsp,Team Sustainability Award sponsored by Dow,9200,18,33,54.5
2025,2025caav,Regional FIRST Impact Award,2637,9,40,22.5
2025,2025caav,Regional Engineering Inspiration Award,1700,14,40,35.0
2025,2025caav,Rookie All Star Award,10213,6,40,15.0
2025,2025caav,Woodie Flowers Finalist Award,2584,32,40,80.0
2025,2025caav,Volunteer of the Year,9999,,40,
2025,2025caav,FIRST Dean's List Finalist Award,2584,32,40,80.0
2025,2025caav,FIRST Dean's List Finalist Award,5012,21,40,52.5
2025,2025caav,Regional Winners,4415,1,40,2.5
2025,2025caav,Regional Winners,5199,19,40,47.5
2025,2025caav,Regional Winners,687,28,40,70.0
2025,2025caav,Regional Finalists,846,5,40,12.5
2025,2025caav,Regional Finalists,4123,16,40,40.0
2025,2025caav,Regional Finalists,1160,25,40,62.5
2025,2025caav,Autonomous Award,3476,4,40,10.0
2025,2025caav,Creativity Award sponsored by Rockwell Automation,3669,15,40,37.5
2025,2025caav,Excellence in Engineering Award,846,5,40,12.5
2025,2025caav,Gracious Professionalism Award,687,28,40,70.0
2025,2025caav,Imagery Award in honor of Jack Kamen,294,8,40,20.0
2025,2025caav,Industrial Design Award sponsored by General Motors,399,3,40,7.5
2025,2025caav,Innovation in Control Award sponsored by nVent,4415,1,40,2.5
2025,2025caav,Judges' Award,2543,7,40,17.5
2025,2025caav,Quality Award,5199,19,40,47.5
2025,2025caav,Rising All-Star Award,2404,38,40,95.0
2025,2025caav,Team Spirit Award,7607,37,40,92.5
2025,2025caav,Team Sustainability Award sponsored by Dow,4123,16,40,40.0
2025,2025cabe,Regional FIRST Impact Award,5985,50,55,90.9
2025,2025cabe,Regional Engineering Inspiration Award,589,40,55,72.7
2025,2025cabe,Rookie All Star Award,10246,19,55,34.5
2025,2025cabe,Woodie Flowers Finalist Award,5985,50,55,90.9
2025,2025cabe,Volunteer of the Year,254,1,55,1.8
2025,2025cabe,FIRST Dean's List Finalist Award,766,22,55,40.0
2025,2025cabe,FIRST Dean's List Finalist Award,10246,19,55,34.5
2025,2025cabe,Regional Winners,254,1,55,1.8
2025,2025cabe,Regional Winners,4270,3,55,5.5
2025,2025cabe,Regional Winners,2204,36,55,65.5
2025,2025cabe,Regional Finalists,8033,2,55,3.6
2025,2025cabe,Regional Finalists,972,4,55,7.3
2025,2025cabe,Regional Finalists,8793,26,55,47.3
2025,2025cabe,Regional Finalists,5924,15,55,27.3
2025,2025cabe,Autonomous Award,254,1,55,1.8
2025,2025cabe,Creativity Award sponsored by Rockwell Automation,649,31,55,56.4
2025,2025cabe,Excellence in Engineering Award,766,22,55,40.0
2025,2025cabe,Gracious Professionalism Award,841,20,55,36.4
2025,2025cabe,Imagery Award in honor of Jack Kamen,1351,18,55,32.7
2025,2025cabe,Industrial Design Award sponsored by General Motors,5507,5,55,9.1
2025,2025cabe,Innovation in Control Award sponsored by nVent,6238,7,55,12.7
2025,2025cabe,Judges' Award,5924,15,55,27.3
2025,2025cabe,Quality Award,5419,6,55,10.9
2025,2025cabe,Rising All-Star Award,9038,29,55,52.7
2025,2025cabe,Team Spirit Award,10202,23,55,41.8
2025,2025cabe,Team Sustainability Award sponsored by Dow,8016,38,55,69.1
2025,2025cabl,Big Wave Award,498,3,42,7.1
2025,2025cabl,Winner,4738,5,42,11.9
2025,2025cabl,Winner,6995,11,42,26.2
2025,2025cabl,Winner,599,29,42,69.0
2025,2025cabl,Winner,5805,27,42,64.3
2025,2025cabl,Finalist,359,1,42,2.4
2025,2025cabl,Finalist,9408,6,42,14.3
2025,2025cabl,Finalist,9452,30,42,71.4
2025,2025cabl,Finalist,7042,23,42,54.8
2025,2025cabl,Judge's Award,1148,21,42,50.0
2025,2025cabl,Most Improved Award,7230,14,42,33.3
2025,2025cabl,Programming Award,6995,11,42,26.2
2025,2025cabl,Quality Award,359,1,42,2.4
2025,2025cabl,Scouting Award,294,9,42,21.4
2025,2025cacc,Winner,841,4,39,10.3
2025,2025cacc,Winner,1072,12,39,30.8
2025,2025cacc,Winner,253,25,39,64.1
2025,2025cacc,Winner,8768,29,39,74.4
2025,2025cacc,Finalist,1678,1,39,2.6
2025,2025cacc,Finalist,5940,2,39,5.1
2025,2025cacc,Finalist,1967,26,39,66.7
2025,2025cacc,Finalist,5274,23,39,59.0
2025,2025cacc,Cheesecake Award,8768,29,39,74.4
2025,2025cacc,Excellence in Engineering,6814,14,39,35.9
2025,2025cacc,Innovation in Control Award,846,6,39,15.4
2025,2025cacc,Judges' Award,3256,27,39,69.2
2025,2025cacg,Winner,1072,2,37,5.4
2025,2025cacg,Winner,841,4,37,10.8
2025,2025cacg,Winner,2643,27,37,73.0
2025,2025cacg,Finalist,3045,1,37,2.7
2025,2025cacg,Finalist,846,11,37,29.7
2025,2025cacg,Finalist,4765,35,37,94.6
2025,2025cacg,Autonomous Award,1351,15,37,40.5
2025,2025cacg,Imagery Award,253,23,37,62.2
2025,2025cacg,Innovation Award,4904,19,37,51.4
2025,2025cacg,Judges' Award,4990,31,37,83.8
2025,2025cacg,System Design Award,846,11,37,29.7
2025,2025cada,Regional FIRST Impact Award,4135,30,34,88.2
2025,2025cada,Regional Engineering Inspiration Award,2073,11,34,32.4
2025,2025cada,Rookie All Star Award,10212,13,34,38.2
2025,2025cada,Woodie Flowers Finalist Award,3598,18,34,52.9
2025,2025cada,FIRST Dean's List Finalist Award,199,34,34,100.0
2025,2025cada,FIRST Dean's List Finalist Award,6665,3,34,8.8
2025,2025cada,Regional Winners,1678,1,34,2.9
2025,2025cada,Regional Winners,254,2,34,5.9
2025,2025cada,Regional Winners,7137,28,34,82.4
2025,2025cada,Regional Finalists,4522,6,34,17.6
2025,2025cada,Regional Finalists,1671,10,34,29.4
2025,2025cada,Regional Finalists,2204,16,34,47.1
2025,2025cada,Autonomous Award,254,2,34,5.9
2025,2025cada,Creativity Award sponsored by Rockwell Automation,4698,4,34,11.8
2025,2025cada,Excellence in Engineering Award,4522,6,34,17.6
2025,2025cada,Gracious Professionalism Award,8768,12,34,35.3
2025,2025cada,Imagery Award in honor of Jack Kamen,7528,33,34,97.1
2025,2025cada,Industrial Design Award sponsored by General Motors,972,21,34,61.8
2025,2025cada,Innovation in Control Award sponsored by nVent,1678,1,34,2.9
2025,2025cada,Judges' Award,3598,18,34,52.9
2025,2025cada,Quality Award,2135,5,34,14.7
2025,2025cada,Rising All-Star Award,9400,25,34,73.5
2025,2025cada,Team Spirit Award,1671,10,34,29.4
2025,2025cada,Team Sustainability Award sponsored by Dow,6665,3,34,8.8
2025,2025cafb,Winner,3128,2,17,11.8
2025,2025cafb,Winner,3255,3,17,17.6
2025,2025cafb,Winner,9730,16,17,94.1
2025,2025cafb,Finalist,3669,1,17,5.9
2025,2025cafb,Finalist,2102,4,17,23.5
2025,2025cafb,Finalist,3965,18,17,105.9
2025,2025cafb,Autonomous Award,3255,3,17,17.6
2025,2025cafb,Creativity Award,3669,1,17,5.9
2025,2025cafb,Quality Award,3128,2,17,11.8
2025,2025cafr,Regional FIRST Impact Award,5665,21,42,50.0
2025,2025cafr,Regional Engineering Inspiration Award,5817,18,42,42.9
2025,2025cafr,Rookie All Star Award,10336,32,42,76.2
2025,2025cafr,Woodie Flowers Finalist Award,2288,11,42,26.2
2025,2025cafr,FIRST Dean's List Finalist Award,5817,18,42,42.9
2025,2025cafr,FIRST Dean's List Finalist Award,1671,5,42,11.9
2025,2025cafr,Regional Winners,3970,1,42,2.4
2025,2025cafr,Regional Winners,973,2,42,4.8
2025,2025cafr,Regional Winners,2035,29,42,69.0
2025,2025cafr,Regional Finalists,1072,3,42,7.1
2025,2025cafr,Regional Finalists,1197,6,42,14.3
2025,2025cafr,Regional Finalists,968,35,42,83.3
2025,2025cafr,Autonomous Award,1197,6,42,14.3
2025,2025cafr,Creativity Award sponsored by Rockwell Automation,971,7,42,16.7
2025,2025cafr,Excellence in Engineering Award,9084,10,42,23.8
2025,2025cafr,Gracious Professionalism Award,8768,31,42,73.8
2025,2025cafr,Imagery Award in honor of Jack Kamen,3473,24,42,57.1
2025,2025cafr,Industrial Design Award sponsored by General Motors,973,2,42,4.8
2025,2025cafr,Innovation in Control Award sponsored by nVent,3970,1,42,2.4
2025,2025cafr,Judges' Award,8087,42,42,100.0
2025,2025cafr,Quality Award,1671,5,42,11.9
2025,2025cafr,Rising All-Star Award,8585,38,42,90.5
2025,2025cafr,Team Spirit Award,701,36,42,85.7
2025,2025cafr,Team Sustainability Award sponsored by Dow,6191,30,42,71.4
2025,2025cala,Regional FIRST Impact Award,5089,30,43,69.8
2025,2025cala,Regional Engineering Inspiration Award,5553,27,43,62.8
2025,2025cala,Rookie All Star Award,10597,16,43,37.2
2025,2025cala,Woodie Flowers Finalist Award,4201,15,43,34.9
2025,2025cala,FIRST Dean's List Finalist Award,597,18,43,41.9
2025,2025cala,FIRST Dean's List Finalist Award,7840,3,43,7.0
2025,2025cala,Regional Winners,9408,1,43,2.3
2025,2025cala,Regional Winners,1197,2,43,4.7
2025,2025cala,Regional Winners,5124,24,43,55.8
2025,2025cala,Regional Finalists,7840,3,43,7.0
2025,2025cala,Regional Finalists,4322,10,43,23.3
2025,2025cala,Regional Finalists,968,26,43,60.5
2025,2025cala,Autonomous Award,1197,2,43,4.7
2025,2025cala,Creativity Award sponsored by Rockwell Automation,1159,37,43,86.0
2025,2025cala,Excellence in Engineering Award,687,33,43,76.7
2025,2025cala,Gracious Professionalism Award,4201,15,43,34.9
2025,2025cala,Imagery Award in honor of Jack Kamen,6904,38,43,88.4
2025,2025cala,Industrial Design Award sponsored by General Motors,696,4,43,9.3
2025,2025cala,Innovation in Control Award sponsored by nVent,1148,25,43,58.1
2025,2025cala,Judges' Award,2659,22,43,51.2
2025,2025cala,Quality Award,9408,1,43,2.3
2025,2025cala,Rising All-Star Award,3882,8,43,18.6
2025,2025cala,Team Spirit Award,597,18,43,41.9
2025,2025cala,Team Sustainability Award sponsored by Dow,7840,3,43,7.0
2025,2025camb,Regional FIRST Impact Award,1678,1,35,2.9
2025,2025camb,Regional Engineering Inspiration Award,4481,5,35,14.3
2025,2025camb,Rookie All Star Award,10339,17,35,48.6
2025,2025camb,Woodie Flowers Finalist Award,5924,26,35,74.3
2025,2025camb,FIRST Dean's List Finalist Award,253,34,35,97.1
2025,2025camb,FIRST Dean's List Finalist Award,2813,7,35,20.0
2025,2025camb,Regional Winners,1678,1,35,2.9
2025,2025camb,Regional Winners,604,3,35,8.6
2025,2025camb,Regional Winners,3257,28,35,80.0
2025,2025camb,Regional Finalists,581,2,35,5.7
2025,2025camb,Regional Finalists,4481,5,35,14.3
2025,2025camb,Regional Finalists,5924,26,35,74.3
2025,2025camb,Autonomous Award,9470,15,35,42.9
2025,2025camb,Creativity Award sponsored by Rockwell Automation,5419,6,35,17.1
2025,2025camb,Excellence in Engineering Award,2473,9,35,25.7
2025,2025camb,Gracious Professionalism Award,7413,20,35,57.1
2025,2025camb,Imagery Award in honor of Jack Kamen,253,34,35,97.1
2025,2025camb,Industrial Design Award sponsored by General Motors,581,2,35,5.7
2025,2025camb,Innovation in Control Award sponsored by nVent,604,3,35,8.6
2025,2025camb,Judges' Award,5104,12,35,34.3
2025,2025camb,Quality Award,3045,4,35,11.4
2025,2025camb,Rising All-Star Award,1458,13,35,37.1
2025,2025camb,Team Spirit Award,6962,32,35,91.4
2025,2025camb,Team Sustainability Award sponsored by Dow,5924,26,35,74.3
2025,2025caoc,Regional FIRST Impact Award,3473,38,47,80.9
2025,2025caoc,Regional Engineering Inspiration Award,8033,3,47,6.4
2025,2025caoc,Rookie All Star Award,10333,24,47,51.1
2025,2025caoc,Woodie Flowers Finalist Award,5199,6,47,12.8
2025,2025caoc,FIRST Dean's List Finalist Award,7157,9,47,19.1
2025,2025caoc,FIRST Dean's List Finalist Award,5199,6,47,12.8
2025,2025caoc,Regional Winners,4415,2,47,4.3
2025,2025caoc,Regional Winners,6995,4,47,8.5
2025,2025caoc,Regional Winners,8871,44,47,93.6
2025,2025caoc,Regional Finalists,5199,6,47,12.8
2025,2025caoc,Regional Finalists,9408,12,47,25.5
2025,2025caoc,Regional Finalists,3009,30,47,63.8
2025,2025caoc,Autonomous Award,6995,4,47,8.5
2025,2025caoc,Creativity Award sponsored by Rockwell Automation,7042,41,47,87.2
2025,2025caoc,Excellence in Engineering Award,1538,10,47,21.3
2025,2025caoc,Gracious Professionalism Award,8871,44,47,93.6
2025,2025caoc,Imagery Award in honor of Jack Kamen,4738,1,47,2.1
2025,2025caoc,Industrial Design Award sponsored by General Motors,2710,16,47,34.0
2025,2025caoc,Innovation in Control Award sponsored by nVent,5199,6,47,12.8
2025,2025caoc,Judges' Award,840,27,47,57.4
2025,2025caoc,Quality Award,4415,2,47,4.3
2025,2025caoc,Rising All-Star Award,9408,12,47,25.5
2025,2025caoc,Team Spirit Award,3501,34,47,72.3
2025,2025caoc,Team Sustainability Award sponsored by Dow,7157,9,47,19.1
2025,2025caph,Regional FIRST Impact Award,4400,6,46,13.0
2025,2025caph,Regional Engineering Inspiration Award,498,10,46,21.7
2025,2025caph,Rookie All Star Award,10120,18,46,39.1
2025,2025caph,Woodie Flowers Finalist Award,498,10,46,21.7
2025,2025caph,FIRST Dean's List Finalist Award,4400,6,46,13.0
2025,2025caph,FIRST Dean's List Finalist Award,6560,22,46,47.8
2025,2025caph,Regional Winners,4414,1,46,2.2
2025,2025caph,Regional Winners,3255,2,46,4.3
2025,2025caph,Regional Winners,9599,35,46,76.1
2025,2025caph,Regional Finalists,1388,3,46,6.5
2025,2025caph,Regional Finalists,4400,6,46,13.0
2025,2025caph,Regional Finalists,3647,41,46,89.1
2025,2025caph,Autonomous Award,4414,1,46,2.2
2025,2025caph,Creativity Award sponsored by Rockwell Automation,2543,9,46,19.6
2025,2025caph,Excellence in Engineering Award,2584,7,46,15.2
2025,2025caph,Gracious Professionalism Award,5137,16,46,34.8
2025,2025caph,Imagery Award in honor of Jack Kamen,399,31,46,67.4
2025,2025caph,Industrial Design Award sponsored by General Motors,6766,30,46,65.2
2025,2025caph,Innovation in Control Award sponsored by nVent,3255,2,46,4.3
2025,2025caph,Judges' Award,2102,28,46,60.9
2025,2025caph,Quality Award,9599,35,46,76.1
2025,2025caph,Rising All-Star Award,2839,42,46,91.3
2025,2025caph,Team Spirit Award,3598,5,46,10.9
2025,2025caph,Team Sustainability Award sponsored by Dow,3881,39,46,84.8
2025,2025capt,Regional FIRST Impact Award,3598,23,40,57.5
2025,2025capt,Regional Engineering Inspiration Award,649,38,40,95.0
2025,2025capt,Rookie All Star Award,10615,34,40,85.0
2025,2025capt,Woodie Flowers Finalist Award,604,3,40,7.5
2025,2025capt,FIRST Dean's List Finalist Award,6662,26,40,65.0
2025,2025capt,FIRST Dean's List Finalist Award,3478,4,40,10.0
2025,2025capt,Regional Winners,1678,1,40,2.5
2025,2025capt,Regional Winners,1323,2,40,5.0
2025,2025capt,Regional Winners,649,38,40,95.0
2025,2025capt,Regional Winners,6619,13,40,32.5
2025,2025capt,Regional Finalists,604,3,40,7.5
2025,2025capt,Regional Finalists,3478,4,40,10.0
2025,2025capt,Regional Finalists,9143,28,40,70.0
2025,2025capt,Autonomous Award,1967,6,40,15.0
2025,2025capt,Creativity Award sponsored by Rockwell Automation,3478,4,40,10.0
2025,2025capt,Excellence in Engineering Award,3256,9,40,22.5
2025,2025capt,Gracious Professionalism Award,5430,37,40,92.5
2025,2025capt,Imagery Award in honor of Jack Kamen,6665,11,40,27.5
2025,2025capt,Industrial Design Award sponsored by General Motors,604,3,40,7.5
2025,2025capt,Innovation in Control Award sponsored by nVent,5104,12,40,30.0
2025,2025capt,Judges' Award,7137,24,40,60.0
2025,2025capt,Quality Award,1323,2,40,5.0
2025,2025capt,Rising All-Star Award,9125,31,40,77.5
2025,2025capt,Team Spirit Award,9143,28,40,70.0
2025,2025capt,Team Sustainability Award sponsored by Dow,6619,13,40,32.5
2025,2025casd,Regional FIRST Impact Award,8020,8,51,15.7
2025,2025casd,Regional Engineering Inspiration Award,2485,10,51,19.6
2025,2025casd,Rookie All Star Award,10392,34,51,66.7
2025,2025casd,Woodie Flowers Finalist Award,2485,10,51,19.6
2025,2025casd,Volunteer of the Year,2485,10,51,19.6
2025,2025casd,FIRST Dean's List Finalist Award,9730,47,51,92.2
2025,2025casd,FIRST Dean's List Finalist Award,2658,30,51,58.8
2025,2025casd,Regional Winners,1538,1,51,2.0
2025,2025casd,Regional Winners,3255,3,51,5.9
2025,2025casd,Regional Winners,8119,18,51,35.3
2025,2025casd,Regional Finalists,3128,2,51,3.9
2025,2025casd,Regional Finalists,4738,5,51,9.8
2025,2025casd,Regional Finalists,4984,39,51,76.5
2025,2025casd,Autonomous Award,3128,2,51,3.9
2025,2025casd,Creativity Award sponsored by Rockwell Automation,4276,14,51,27.5
2025,2025casd,Excellence in Engineering Award,1538,1,51,2.0
2025,2025casd,Gracious Professionalism Award,3255,3,51,5.9
2025,2025casd,Imagery Award in honor of Jack Kamen,6695,51,51,100.0
2025,2025casd,Industrial Design Award sponsored by General Motors,4738,5,51,9.8
2025,2025casd,Innovation in Control Award sponsored by nVent,3749,7,51,13.7
2025,2025casd,Judges' Award,5474,37,51,72.5
2025,2025casd,Quality Award,6995,4,51,7.8
2025,2025casd,Rising All-Star Award,9084,6,51,11.8
2025,2025casd,Team Spirit Award,3704,38,51,74.5
2025,2025casd,Team Sustainability Award sponsored by Dow,766,15,51,29.4
2025,2025casf,Regional FIRST Impact Award,1868,20,41,48.8
2025,2025casf,Regional Engineering Inspiration Award,3256,8,41,19.5
2025,2025casf,Rookie All Star Award,10390,39,41,95.1
2025,2025casf,Woodie Flowers Finalist Award,5507,13,41,31.7
2025,2025casf,FIRST Dean's List Finalist Award,840,3,41,7.3
2025,2025casf,FIRST Dean's List Finalist Award,3256,8,41,19.5
2025,2025casf,Regional Winners,5940,1,41,2.4
2025,2025casf,Regional Winners,10523,18,41,43.9
2025,2025casf,Regional Winners,4255,35,41,85.4
2025,2025casf,Regional Finalists,8033,2,41,4.9
2025,2025casf,Regional Finalists,3970,4,41,9.8
2025,2025casf,Regional Finalists,4186,29,41,70.7
2025,2025casf,Autonomous Award,6036,5,41,12.2
2025,2025casf,Creativity Award sponsored by Rockwell Automation,840,3,41,7.3
2025,2025casf,Excellence in Engineering Award,5940,1,41,2.4
2025,2025casf,Gracious Professionalism Award,5104,12,41,29.3
2025,2025casf,Imagery Award in honor of Jack Kamen,5700,26,41,63.4
2025,2025casf,Industrial Design Award sponsored by General Motors,8033,2,41,4.9
2025,2025casf,Innovation in Control Award sponsored by nVent,846,10,41,24.4
2025,2025casf,Judges' Award,1280,27,41,65.9
2025,2025casf,Quality Award,3970,4,41,9.8
2025,2025casf,Rising All-Star Award,10523,18,41,43.9
2025,2025casf,Team Spirit Award,8016,28,41,68.3
2025,2025casf,Team Sustainability Award sponsored by Dow,5817,22,41,53.7
2025,2025casj,Regional FIRST Impact Award,3880,18,37,48.6
2025,2025casj,Regional Engineering Inspiration Award,766,25,37,67.6
2025,2025casj,Rookie All Star Award,10252,29,37,78.4
2025,2025casj,Woodie Flowers Finalist Award,2854,12,37,32.4
2025,2025casj,FIRST Dean's List Finalist Award,581,3,37,8.1
2025,2025casj,FIRST Dean's List Finalist Award,8048,9,37,24.3
2025,2025casj,Regional Winners,1323,1,37,2.7
2025,2025casj,Regional Winners,5940,2,37,5.4
2025,2025casj,Regional Winners,649,26,37,70.3
2025,2025casj,Regional Finalists,581,3,37,8.1
2025,2025casj,Regional Finalists,3045,4,37,10.8
2025,2025casj,Regional Finalists,668,30,37,81.1
2025,2025casj,Autonomous Award,1323,1,37,2.7
2025,2025casj,Creativity Award sponsored by Rockwell Automation,6418,11,37,29.7
2025,2025casj,Excellence in Engineering Award,5940,2,37,5.4
2025,2025casj,Gracious Professionalism Award,6814,27,37,73.0
2025,2025casj,Imagery Award in honor of Jack Kamen,9143,14,37,37.8
2025,2025casj,Industrial Design Award sponsored by General Motors,4904,28,37,75.7
2025,2025casj,Innovation in Control Award sponsored by nVent,581,3,37,8.1
2025,2025casj,Judges' Award,1700,19,37,51.4
2025,2025casj,Quality Award,1351,8,37,21.6
2025,2025casj,Rising All-Star Award,8793,6,37,16.2
2025,2025casj,Team Spirit Award,1967,17,37,45.9
2025,2025casj,Team Sustainability Award sponsored by Dow,668,30,37,81.1
2025,2025cass,Winner,359,1,42,2.4
2025,2025cass,Winner,9408,2,42,4.8
2025,2025cass,Winner,597,24,42,57.1
2025,2025cass,Winner,691,18,42,42.9
2025,2025cass,Finalist,2637,4,42,9.5
2025,2025cass,Finalist,294,5,42,11.9
2025,2025cass,Finalist,5805,25,42,59.5
2025,2025cass,Finalist,6072,36,42,85.7
2025,2025cass,Community Catalyst Award,4201,11,42,26.2
2025,2025cass,Design Excellence Award,294,5,42,11.9
2025,2025cass,Innovation Award,5199,15,42,35.7
2025,2025cass,Judges Award,8521,10,42,23.8
2025,2025cass,Pitch Perfect Award,22,38,42,90.5
2025,2025cass,Programming Award,1148,20,42,47.6
2025,2025cass,Strategy Award,9408,2,42,4.8
2025,2025cass,Team Operations Award,687,22,42,52.4
2025,2025catt,Winner,1323,1,31,3.2
2025,2025catt,Winner,4414,2,31,6.5
2025,2025catt,Winner,3759,23,31,74.2
2025,2025catt,Winner,399,18,31,58.1
2025,2025catt,Finalist,359,4,31,12.9
2025,2025catt,Finalist,9084,5,31,16.1
2025,2025catt,Finalist,1148,25,31,80.6
2025,2025catt,Finalist,8006,31,31,100.0
2025,2025cave,Regional FIRST Impact Award,4481,1,52,1.9
2025,2025cave,Regional Engineering Inspiration Award,7426,5,52,9.6
2025,2025cave,Rookie All Star Award,10698,4,52,7.7
2025,2025cave,Woodie Flowers Finalist Award,589,26,52,50.0
2025,2025cave,FIRST Dean's List Finalist Award,1138,15,52,28.8
2025,2025cave,FIRST Dean's List Finalist Award,589,26,52,50.0
2025,2025cave,Regional Winners,4481,1,52,1.9
2025,2025cave,Regional Winners,4414,2,52,3.8
2025,2025cave,Regional Winners,5805,49,52,94.2
2025,2025cave,Regional Finalists,971,9,52,17.3
2025,2025cave,Regional Finalists,4079,22,52,42.3
2025,2025cave,Regional Finalists,589,26,52,50.0
2025,2025cave,Autonomous Award,5026,6,52,11.5
2025,2025cave,Creativity Award sponsored by Rockwell Automation,2429,16,52,30.8
2025,2025cave,Excellence in Engineering Award,2637,24,52,46.2
2025,2025cave,Gracious Professionalism Award,4,18,52,34.6
2025,2025cave,Imagery Award in honor of Jack Kamen,589,26,52,50.0
2025,2025cave,Industrial Design Award sponsored by General Motors,3863,3,52,5.8
2025,2025cave,Innovation in Control Award sponsored by nVent,3256,19,52,36.5
2025,2025cave,Judges' Award,1868,39,52,75.0
2025,2025cave,Quality Award,4414,2,52,3.8
2025,2025cave,Rising All-Star Award,6479,17,52,32.7
2025,2025cave,Team Spirit Award,1138,15,52,28.8
2025,2025cave,Team Sustainability Award sponsored by Dow,3880,28,52,53.8
2025,2025cc,Winner,604,7,41,17.1
2025,2025cc,Winner,581,14,41,34.1
2025,2025cc,Winner,9408,17,41,41.5
2025,2025cc,Winner,841,13,41,31.7
2025,2025cc,Finalist,254,1,41,2.4
2025,2025cc,Finalist,2910,2,41,4.9
2025,2025cc,Finalist,8033,37,41,90.2
2025,2025cc,Finalist,972,35,41,85.4
2025,2025cc,Judges' Award,846,29,41,70.7
2025,2025cc,Most Improved Team Award,9450,4,41,9.8
2025,2025cc,Professionalism Award,1678,8,41,19.5
2025,2025cc,Programming Award,694,3,41,7.3
2025,2025cc,Quality Award,2910,2,41,4.9
2025,2025chcmp,District Championship FIRST Impact Award,422,1,54,1.9
2025,2025chcmp,District Championship FIRST Impact Award,1086,38,54,70.4
2025,2025chcmp,District Championship Engineering Inspiration Award,1629,13,54,24.1
2025,2025chcmp,District Championship Engineering Inspiration Award,540,37,54,68.5
2025,2025chcmp,District Championship Rookie All Star Award,10224,18,54,33.3
2025,2025chcmp,Woodie Flowers Finalist Award,540,37,54,68.5
2025,2025chcmp,Woodie Flowers Finalist Award,1915,,54,
2025,2025chcmp,Volunteer of the Year,1727,3,54,5.6
2025,2025chcmp,FIRST Dean's List Finalist Award,1111,36,54,66.7
2025,2025chcmp,FIRST Dean's List Finalist Award,422,1,54,1.9
2025,2025chcmp,FIRST Dean's List Finalist Award,404,,54,
2025,2025chcmp,District Championship Winner,422,1,54,1.9
2025,2025chcmp,District Championship Winner,449,4,54,7.4
2025,2025chcmp,District Championship Winner,8590,47,54,87.0
2025,2025chcmp,District Championship Finalist,8592,2,54,3.7
2025,2025chcmp,District Championship Finalist,836,14,54,25.9
2025,2025chcmp,District Championship Finalist,1908,23,54,42.6
2025,2025chcmp,Autonomous Award,888,15,54,27.8
2025,2025chcmp,Creativity Award sponsored by Rockwell Automation,5804,6,54,11.1
2025,2025chcmp,Excellence in Engineering Award,836,14,54,25.9
2025,2025chcmp,Gracious Professionalism Award,611,49,54,90.7
2025,2025chcmp,Imagery Award in honor of Jack Kamen,8230,29,54,53.7
2025,2025chcmp,Industrial Design Award sponsored by General Motors,9072,7,54,13.0
2025,2025chcmp,Innovation in Control Award sponsored by nVent,686,11,54,20.4
2025,2025chcmp,Judges' Award,122,8,54,14.8
2025,2025chcmp,Quality Award,1727,3,54,5.6
2025,2025chcmp,Rising All-Star Award,1885,20,54,37.0
2025,2025chcmp,Team Spirit Award,4821,22,54,40.7
2025,2025chcmp,Team Sustainability Award sponsored by Dow,1111,36,54,66.7
2025,2025cmptx,FIRST Impact Award,5985,,,
2025,2025cmptx,Woodie Flowers Award,4635,,,
2025,2025cmptx,FIRST Dean's List Award,9029,,,
2025,2025cmptx,FIRST Dean's List Award,3009,,,
2025,2025cmptx,FIRST Dean's List Award,2557,,,
2025,2025cmptx,FIRST Dean's List Award,3616,,,
2025,2025cmptx,FIRST Dean's List Award,6421,,,
2025,2025cmptx,FIRST Dean's List Award,2531,,,
2025,2025cmptx,FIRST Dean's List Award,71,,,
2025,2025cmptx,FIRST Dean's List Award,469,,,
2025,2025cmptx,FIRST Dean's List Award,3314,,,
2025,2025cmptx,FIRST Dean's List Award,1155,,,
2025,2025cmptx,Championship Winner,1323,,,
2025,2025cmptx,Championship Winner,2910,,,
2025,2025cmptx,Championship Winner,4272,,,
2025,2025cmptx,Championship Winner,5026,,,
2025,2025cmptx,Championship Finalist,1690,,,
2025,2025cmptx,Championship Finalist,4414,,,
2025,2025cmptx,Championship Finalist,2073,,,
2025,2025cmptx,Championship Finalist,5166,,,
2025,2025cmptx,FIRST Impact Award Finalist,316,,,
2025,2025cmptx,FIRST Impact Award Finalist,2438,,,
2025,2025cmptx,FIRST Impact Award Finalist,5985,,,
2025,2025cmptx,FIRST Impact Award Finalist,4788,,,
2025,2025cmptx,FIRST Impact Award Finalist,5089,,,
2025,2025cmptx,FIRST Impact Award Finalist,1156,,,
2025,2025cnsh,Regional FIRST Impact Award,5449,4,43,9.3
2025,2025cnsh,Regional Engineering Inspiration Award,5516,16,43,37.2
2025,2025cnsh,Rookie All Star Award,10479,19,43,44.2
2025,2025cnsh,Woodie Flowers Finalist Award,5823,3,43,7.0
2025,2025cnsh,FIRST Dean's List Finalist Award,5449,4,43,9.3
2025,2025cnsh,FIRST Dean's List Finalist Award,6414,12,43,27.9
2025,2025cnsh,Regional Winners,6941,1,43,2.3
2025,2025cnsh,Regional Winners,5449,4,43,9.3
2025,2025cnsh,Regional Winners,10120,18,43,41.9
2025,2025cnsh,Regional Finalists,4613,6,43,14.0
2025,2025cnsh,Regional Finalists,7522,9,43,20.9
2025,2025cnsh,Regional Finalists,9597,17,43,39.5
2025,2025cnsh,Autonomous Award,6940,2,43,4.7
2025,2025cnsh,Creativity Award sponsored by Rockwell Automation,6487,7,43,16.3
2025,2025cnsh,Excellence in Engineering Award,6766,22,43,51.2
2025,2025cnsh,Gracious Professionalism Award,6907,20,43,46.5
2025,2025cnsh,Imagery Award in honor of Jack Kamen,4613,6,43,14.0
2025,2025cnsh,Industrial Design Award sponsored by General Motors,8214,21,43,48.8
2025,2025cnsh,Innovation in Control Award sponsored by nVent,6941,1,43,2.3
2025,2025cnsh,Judges' Award,6304,23,43,53.5
2025,2025cnsh,Quality Award,6706,10,43,23.3
2025,2025cnsh,Rising All-Star Award,8810,34,43,79.1
2025,2025cnsh,Team Spirit Award,7002,37,43,86.0
2025,2025cnsh,Team Sustainability Award sponsored by Dow,6414,12,43,27.9
2025,2025code,Regional FIRST Impact Award,3284,7,50,14.0
2025,2025code,Regional Engineering Inspiration Award,7415,36,50,72.0
2025,2025code,Rookie All Star Award,10686,14,50,28.0
2025,2025code,Woodie Flowers Finalist Award,4293,27,50,54.0
2025,2025code,FIRST Dean's List Finalist Award,1619,4,50,8.0
2025,2025code,FIRST Dean's List Finalist Award,10333,38,50,76.0
2025,2025code,Regional Winners,4499,1,50,2.0
2025,2025code,Regional Winners,1619,4,50,8.0
2025,2025code,Regional Winners,4501,45,50,90.0
2025,2025code,Regional Finalists,6706,2,50,4.0
2025,2025code,Regional Finalists,1339,11,50,22.0
2025,2025code,Regional Finalists,10333,38,50,76.0
2025,2025code,Autonomous Award,6706,2,50,4.0
2025,2025code,Creativity Award sponsored by Rockwell Automation,9586,17,50,34.0
2025,2025code,Excellence in Engineering Award,1619,4,50,8.0
2025,2025code,Gracious Professionalism Award,1410,23,50,46.0
2025,2025code,Imagery Award in honor of Jack Kamen,1339,11,50,22.0
2025,2025code,Industrial Design Award sponsored by General Motors,4499,1,50,2.0
2025,2025code,Innovation in Control Award sponsored by nVent,4593,16,50,32.0
2025,2025code,Judges' Award,9427,13,50,26.0
2025,2025code,Quality Award,6510,5,50,10.0
2025,2025code,Rising All-Star Award,2083,33,50,66.0
2025,2025code,Team Spirit Award,5493,40,50,80.0
2025,2025code,Team Sustainability Award sponsored by Dow,8334,20,50,40.0
2025,2025cthar,District FIRST Impact Award,195,2,39,5.1
2025,2025cthar,District Engineering Inspiration Award,7153,10,39,25.6
2025,2025cthar,Rookie All Star Award,10266,37,39,94.9
2025,2025cthar,District Championship Dean's List Semi-Finalist,195,2,39,5.1
2025,2025cthar,District Championship Dean's List Semi-Finalist,1350,26,39,66.7
2025,2025cthar,District Event Winner,7407,1,39,2.6
2025,2025cthar,District Event Winner,195,2,39,5.1
2025,2025cthar,District Event Winner,181,35,39,89.7
2025,2025cthar,District Event Finalist,5142,4,39,10.3
2025,2025cthar,District Event Finalist,7153,10,39,25.6
2025,2025cthar,District Event Finalist,175,31,39,79.5
2025,2025cthar,Autonomous Award,7407,1,39,2.6
2025,2025cthar,Creativity Award sponsored by Rockwell Automation,5142,4,39,10.3
2025,2025cthar,Excellence in Engineering Award,3654,21,39,53.8
2025,2025cthar,Gracious Professionalism Award,558,5,39,12.8
2025,2025cthar,Imagery Award in honor of Jack Kamen,1099,30,39,76.9
2025,2025cthar,Industrial Design Award sponsored by General Motors,4048,3,39,7.7
2025,2025cthar,Innovation in Control Award sponsored by nVent,7127,6,39,15.4
2025,2025cthar,Judges' Award,1350,26,39,66.7
2025,2025cthar,Quality Award,175,31,39,79.5
2025,2025cthar,Rising All-Star Award,9710,28,39,71.8
2025,2025cthar,Team Spirit Award,155,18,39,46.2
2025,2025cthar,Team Sustainability Award sponsored by Dow,178,29,39,74.4
2025,2025ctwat,District FIRST Impact Award,3182,21,37,56.8
2025,2025ctwat,District Engineering Inspiration Award,1073,3,37,8.1
2025,2025ctwat,District Championship Dean's List Semi-Finalist,999,4,37,10.8
2025,2025ctwat,District Championship Dean's List Semi-Finalist,3654,27,37,73.0
2025,2025ctwat,District Event Winner,7407,1,37,2.7
2025,2025ctwat,District Event Winner,176,8,37,21.6
2025,2025ctwat,District Event Winner,1991,26,37,70.3
2025,2025ctwat,District Event Finalist,2064,2,37,5.4
2025,2025ctwat,District Event Finalist,230,11,37,29.7
2025,2025ctwat,District Event Finalist,4572,31,37,83.8
2025,2025ctwat,Autonomous Award,155,7,37,18.9
2025,2025ctwat,Creativity Award sponsored by Rockwell Automation,5142,14,37,37.8
2025,2025ctwat,Excellence in Engineering Award,7407,1,37,2.7
2025,2025ctwat,Gracious Professionalism Award,8709,28,37,75.7
2025,2025ctwat,Imagery Award in honor of Jack Kamen,1991,26,37,70.3
2025,2025ctwat,Industrial Design Award sponsored by General Motors,3654,27,37,73.0
2025,2025ctwat,Innovation in Control Award sponsored by nVent,839,9,37,24.3
2025,2025ctwat,Judges' Award,176,8,37,21.6
2025,2025ctwat,Quality Award,999,4,37,10.8
2025,2025ctwat,Rising All-Star Award,716,30,37,81.1
2025,2025ctwat,Team Spirit Award,8085,15,37,40.5
2025,2025ctwat,Team Sustainability Award sponsored by Dow,177,16,37,43.2
2025,2025cur,Engineering Inspiration Award,359,10,76,13.2
2025,2025cur,Rookie All Star Award,10154,51,76,67.1
2025,2025cur,Championship Division Winner,1771,5,76,6.6
2025,2025cur,Championship Division Winner,3276,42,76,55.3
2025,2025cur,Championship Division Winner,3478,29,76,38.2
2025,2025cur,Championship Division Winner,166,25,76,32.9
2025,2025cur,Championship Division Finalist,3663,2,76,2.6
2025,2025cur,Championship Division Finalist,1706,36,76,47.4
2025,2025cur,Championship Division Finalist,862,37,76,48.7
2025,2025cur,Championship Division Finalist,3539,27,76,35.5
2025,2025cur,Autonomous Award,7457,1,76,1.3
2025,2025cur,Creativity Award sponsored by Rockwell Automation,2046,15,76,19.7
2025,2025cur,Excellence in Engineering Award,3005,26,76,34.2
2025,2025cur,Gracious Professionalism Award,75,43,76,56.6
2025,2025cur,Imagery Award in honor of Jack Kamen,5112,60,76,78.9
2025,2025cur,Industrial Design Award sponsored by General Motors,3276,42,76,55.3
2025,2025cur,Innovation in Control Award sponsored by nVent,1771,5,76,6.6
2025,2025cur,Judges' Award,5654,49,76,64.5
2025,2025cur,Quality Award,3467,24,76,31.6
2025,2025cur,Rising All-Star Award,10656,74,76,97.4
2025,2025cur,Team Spirit Award,2642,62,76,81.6
2025,2025cur,Team Sustainability Award sponsored by Dow,7166,19,76,25.0
2025,2025dal,Engineering Inspiration Award,9199,48,75,64.0
2025,2025dal,Rookie All Star Award,10698,69,75,92.0
2025,2025dal,Championship Division Winner,2056,6,75,8.0
2025,2025dal,Championship Division Winner,4613,42,75,56.0
2025,2025dal,Championship Division Winner,6995,13,75,17.3
2025,2025dal,Championship Division Winner,494,47,75,62.7
2025,2025dal,Championship Division Finalist,179,5,75,6.7
2025,2025dal,Championship Division Finalist,4655,7,75,9.3
2025,2025dal,Championship Division Finalist,3173,45,75,60.0
2025,2025dal,Championship Division Finalist,78,18,75,24.0
2025,2025dal,Autonomous Award,9032,43,75,57.3
2025,2025dal,Creativity Award sponsored by Rockwell Automation,3256,58,75,77.3
2025,2025dal,Excellence in Engineering Award,4786,15,75,20.0
2025,2025dal,Gracious Professionalism Award,1678,3,75,4.0
2025,2025dal,Imagery Award in honor of Jack Kamen,1507,25,75,33.3
2025,2025dal,Industrial Design Award sponsored by General Motors,4613,42,75,56.0
2025,2025dal,Innovation in Control Award sponsored by nVent,2056,6,75,8.0
2025,2025dal,Judges' Award,9312,64,75,85.3
2025,2025dal,Quality Award,2630,8,75,10.7
2025,2025dal,Rising All-Star Award,1369,50,75,66.7
2025,2025dal,Team Spirit Award,900,19,75,25.3
2025,2025dal,Team Sustainability Award sponsored by Dow,3492,61,75,81.3
2025,2025flor,Regional FIRST Impact Award,180,1,50,2.0
2025,2025flor,Regional Engineering Inspiration Award,4091,50,50,100.0
2025,2025flor,Rookie All Star Award,10211,48,50,96.0
2025,2025flor,Woodie Flowers Finalist Award,1902,6,50,12.0
2025,2025flor,FIRST Dean's List Finalist Award,4118,24,50,48.0
2025,2025flor,FIRST Dean's List Finalist Award,1902,6,50,12.0
2025,2025flor,Regional Winners,180,1,50,2.0
2025,2025flor,Regional Winners,179,4,50,8.0
2025,2025flor,Regional Winners,2152,47,50,94.0
2025,2025flor,Regional Finalists,233,2,50,4.0
2025,2025flor,Regional Finalists,1902,6,50,12.0
2025,2025flor,Regional Finalists,9670,28,50,56.0
2025,2025flor,Autonomous Award,86,16,50,32.0
2025,2025flor,Creativity Award sponsored by Rockwell Automation,21,18,50,36.0
2025,2025flor,Excellence in Engineering Award,233,2,50,4.0
2025,2025flor,Gracious Professionalism Award,6722,21,50,42.0
2025,2025flor,Imagery Award in honor of Jack Kamen,8841,14,50,28.0
2025,2025flor,Industrial Design Award sponsored by General Motors,1902,6,50,12.0
2025,2025flor,Innovation in Control Award sponsored by nVent,801,8,50,16.0
2025,2025flor,Judges' Award,8753,32,50,64.0
2025,2025flor,Quality Award,59,5,50,10.0
2025,2025flor,Rising All-Star Award,9300,34,50,68.0
2025,2025flor,Team Spirit Award,4118,24,50,48.0
2025,2025flor,Team Sustainability Award sponsored by Dow,7403,44,50,88.0
2025,2025flta,Regional FIRST Impact Award,233,3,42,7.1
2025,2025flta,Regional Engineering Inspiration Award,1369,11,42,26.2
2025,2025flta,Rookie All Star Award,10219,13,42,31.0
2025,2025flta,Woodie Flowers Finalist Award,233,3,42,7.1
2025,2025flta,Volunteer of the Year,5276,39,42,92.9
2025,2025flta,FIRST Dean's List Finalist Award,386,1,42,2.4
2025,2025flta,FIRST Dean's List Finalist Award,5472,5,42,11.9
2025,2025flta,Regional Winners,386,1,42,2.4
2025,2025flta,Regional Winners,1902,2,42,4.8
2025,2025flta,Regional Winners,5276,39,42,92.9
2025,2025flta,Regional Winners,6184,15,42,35.7
2025,2025flta,Regional Finalists,233,3,42,7.1
2025,2025flta,Regional Finalists,108,4,42,9.5
2025,2025flta,Regional Finalists,8788,23,42,54.8
2025,2025flta,Autonomous Award,86,7,42,16.7
2025,2025flta,Creativity Award sponsored by Rockwell Automation,5472,5,42,11.9
2025,2025flta,Excellence in Engineering Award,4065,6,42,14.3
2025,2025flta,Gracious Professionalism Award,8324,14,42,33.3
2025,2025flta,Imagery Award in honor of Jack Kamen,9404,30,42,71.4
2025,2025flta,Industrial Design Award sponsored by General Motors,386,1,42,2.4
2025,2025flta,Innovation in Control Award sponsored by nVent,108,4,42,9.5
2025,2025flta,Judges' Award,6473,17,42,40.5
2025,2025flta,Quality Award,4576,34,42,81.0
2025,2025flta,Rising All-Star Award,8788,23,42,54.8
2025,2025flta,Team Spirit Award,9642,8,42,19.0
2025,2025flta,Team Sustainability Award sponsored by Dow,1902,2,42,4.8
2025,2025flwp,Regional FIRST Impact Award,9077,14,44,31.8
2025,2025flwp,Regional Engineering Inspiration Award,2486,12,44,27.3
2025,2025flwp,Rookie All Star Award,10154,30,44,68.2
2025,2025flwp,Woodie Flowers Finalist Award,3932,16,44,36.4
2025,2025flwp,FIRST Dean's List Finalist Award,180,1,44,2.3
2025,2025flwp,FIRST Dean's List Finalist Award,6722,29,44,65.9
2025,2025flwp,Regional Winners,180,1,44,2.3
2025,2025flwp,Regional Winners,179,2,44,4.5
2025,2025flwp,Regional Winners,5410,20,44,45.5
2025,2025flwp,Regional Finalists,5526,6,44,13.6
2025,2025flwp,Regional Finalists,2486,12,44,27.3
2025,2025flwp,Regional Finalists,3646,28,44,63.6
2025,2025flwp,Autonomous Award,180,1,44,2.3
2025,2025flwp,Creativity Award sponsored by Rockwell Automation,59,8,44,18.2
2025,2025flwp,Excellence in Engineering Award,108,7,44,15.9
2025,2025flwp,Gracious Professionalism Award,3932,16,44,36.4
2025,2025flwp,Imagery Award in honor of Jack Kamen,5410,20,44,45.5
2025,2025flwp,Industrial Design Award sponsored by General Motors,179,2,44,4.5
2025,2025flwp,Innovation in Control Award sponsored by nVent,2383,3,44,6.8
2025,2025flwp,Judges' Award,10017,25,44,56.8
2025,2025flwp,Quality Award,8841,9,44,20.5
2025,2025flwp,Rising All-Star Award,9404,26,44,59.1
2025,2025flwp,Team Spirit Award,6722,29,44,65.9
2025,2025flwp,Team Sustainability Award sponsored by Dow,1744,35,44,79.5
2025,2025gaalb,District FIRST Impact Award,6919,2,26,7.7
2025,2025gaalb,District Engineering Inspiration Award,1002,7,26,26.9
2025,2025gaalb,District Championship Dean's List Semi-Finalist,2415,18,26,69.2
2025,2025gaalb,District Championship Dean's List Semi-Finalist,1261,4,26,15.4
2025,2025gaalb,District Event Winner,1771,1,26,3.8
2025,2025gaalb,District Event Winner,6919,2,26,7.7
2025,2025gaalb,District Event Winner,4459,22,26,84.6
2025,2025gaalb,District Event Finalist,6023,3,26,11.5
2025,2025gaalb,District Event Finalist,1261,4,26,15.4
2025,2025gaalb,District Event Finalist,1795,21,26,80.8
2025,2025gaalb,Autonomous Award,1771,1,26,3.8
2025,2025gaalb,Creativity Award sponsored by Rockwell Automation,8080,6,26,23.1
2025,2025gaalb,Excellence in Engineering Award,2415,18,26,69.2
2025,2025gaalb,Gracious Professionalism Award,6023,3,26,11.5
2025,2025gaalb,Imagery Award in honor of Jack Kamen,7514,19,26,73.1
2025,2025gaalb,Industrial Design Award sponsored by General Motors,3329,8,26,30.8
2025,2025gaalb,Innovation in Control Award sponsored by nVent,1261,4,26,15.4
2025,2025gaalb,Judges' Award,7470,17,26,65.4
2025,2025gaalb,Quality Award,6925,15,26,57.7
2025,2025gaalb,Rising All-Star Award,5074,13,26,50.0
2025,2025gaalb,Team Spirit Award,4459,22,26,84.6
2025,2025gaalb,Team Sustainability Award sponsored by Dow,6905,20,26,76.9
2025,2025gacmp,District Championship FIRST Impact Award,2974,10,45,22.2
2025,2025gacmp,District Championship Engineering Inspiration Award,1002,18,45,40.0
2025,2025gacmp,District Championship Engineering Inspiration Award,7538,40,45,88.9
2025,2025gacmp,District Championship Rookie All Star Award,10482,13,45,28.9
2025,2025gacmp,Woodie Flowers Finalist Award,9477,12,45,26.7
2025,2025gacmp,FIRST Dean's List Finalist Award,2415,39,45,86.7
2025,2025gacmp,FIRST Dean's List Finalist Award,6340,5,45,11.1
2025,2025gacmp,District Championship Winner,1833,1,45,2.2
2025,2025gacmp,District Championship Winner,1771,2,45,4.4
2025,2025gacmp,District Championship Winner,3318,19,45,42.2
2025,2025gacmp,District Championship Finalist,1261,3,45,6.7
2025,2025gacmp,District Championship Finalist,2974,10,45,22.2
2025,2025gacmp,District Championship Finalist,7538,40,45,88.9
2025,2025gacmp,Autonomous Award,1771,2,45,4.4
2025,2025gacmp,Creativity Award sponsored by Rockwell Automation,1648,8,45,17.8
2025,2025gacmp,Excellence in Engineering Award,8866,23,45,51.1
2025,2025gacmp,Gracious Professionalism Award,5109,14,45,31.1
2025,2025gacmp,Imagery Award in honor of Jack Kamen,6340,5,45,11.1
2025,2025gacmp,Industrial Design Award sponsored by General Motors,1833,1,45,2.2
2025,2025gacmp,Innovation in Control Award sponsored by nVent,1261,3,45,6.7
2025,2025gacmp,Judges' Award,3329,20,45,44.4
2025,2025gacmp,Quality Award,1683,4,45,8.9
2025,2025gacmp,Rising All-Star Award,8849,38,45,84.4
2025,2025gacmp,Team Spirit Award,9480,21,45,46.7
2025,2025gacmp,Team Sustainability Award sponsored by Dow,4112,45,45,100.0
2025,2025gadal,District FIRST Impact Award,2974,3,31,9.7
2025,2025gadal,District Engineering Inspiration Award,6919,1,31,3.2
2025,2025gadal,Rookie All Star Award,10376,25,31,80.6
2025,2025gadal,District Championship Dean's List Semi-Finalist,2974,3,31,9.7
2025,2025gadal,District Championship Dean's List Semi-Finalist,4026,12,31,38.7
2025,2025gadal,District Event Winner,6919,1,31,3.2
2025,2025gadal,District Event Winner,2974,3,31,9.7
2025,2025gadal,District Event Winner,10376,25,31,80.6
2025,2025gadal,District Event Finalist,6829,2,31,6.5
2025,2025gadal,District Event Finalist,1648,6,31,19.4
2025,2025gadal,District Event Finalist,7676,31,31,100.0
2025,2025gadal,Autonomous Award,3635,7,31,22.6
2025,2025gadal,Creativity Award sponsored by Rockwell Automation,1648,6,31,19.4
2025,2025gadal,Excellence in Engineering Award,4112,4,31,12.9
2025,2025gadal,Gracious Professionalism Award,5900,9,31,29.0
2025,2025gadal,Imagery Award in honor of Jack Kamen,7514,28,31,90.3
2025,2025gadal,Industrial Design Award sponsored by General Motors,6829,2,31,6.5
2025,2025gadal,Innovation in Control Award sponsored by nVent,4026,12,31,38.7
2025,2025gadal,Judges' Award,3329,24,31,77.4
2025,2025gadal,Quality Award,6023,5,31,16.1
2025,2025gadal,Rising All-Star Award,6887,29,31,93.5
2025,2025gadal,Team Spirit Award,4459,22,31,71.0
2025,2025gadal,Team Sustainability Award sponsored by Dow,4701,19,31,61.3
2025,2025gagai,District FIRST Impact Award,4188,18,32,56.2
2025,2025gagai,District Engineering Inspiration Award,7538,30,32,93.8
2025,2025gagai,District Championship Dean's List Semi-Finalist,4188,18,32,56.2
2025,2025gagai,District Championship Dean's List Semi-Finalist,9522,13,32,40.6
2025,2025gagai,District Championship Dean's List Semi-Finalist,1414,7,32,21.9
2025,2025gagai,District Event Winner,9496,1,32,3.1
2025,2025gagai,District Event Winner,8866,8,32,25.0
2025,2025gagai,District Event Winner,4240,28,32,87.5
2025,2025gagai,District Event Winner,9522,13,32,40.6
2025,2025gagai,District Event Finalist,1833,2,32,6.2
2025,2025gagai,District Event Finalist,1683,6,32,18.8
2025,2025gagai,District Event Finalist,832,26,32,81.2
2025,2025gagai,Autonomous Award,3318,4,32,12.5
2025,2025gagai,Creativity Award sponsored by Rockwell Automation,8736,16,32,50.0
2025,2025gagai,Excellence in Engineering Award,8866,8,32,25.0
2025,2025gagai,Gracious Professionalism Award,6340,3,32,9.4
2025,2025gagai,Imagery Award in honor of Jack Kamen,1833,2,32,6.2
2025,2025gagai,Industrial Design Award sponsored by General Motors,9477,23,32,71.9
2025,2025gagai,Innovation in Control Award sponsored by nVent,9496,1,32,3.1
2025,2025gagai,Judges' Award,7104,24,32,75.0
2025,2025gagai,Quality Award,1683,6,32,18.8
2025,2025gagai,Rising All-Star Award,9260,10,32,31.2
2025,2025gagai,Team Spirit Award,832,26,32,81.2
2025,2025gagai,Team Sustainability Award sponsored by Dow,7451,14,32,43.8
2025,2025gagwi,District FIRST Impact Award,7538,3,34,8.8
2025,2025gagwi,District Engineering Inspiration Award,1683,4,34,11.8
2025,2025gagwi,Rookie All Star Award,10482,8,34,23.5
2025,2025gagwi,District Championship Dean's List Semi-Finalist,1683,4,34,11.8
2025,2025gagwi,District Championship Dean's List Semi-Finalist,1414,14,34,41.2
2025,2025gagwi,District Championship Dean's List Semi-Finalist,7538,3,34,8.8
2025,2025gagwi,District Event Winner,1771,1,34,2.9
2025,2025gagwi,District Event Winner,1833,2,34,5.9
2025,2025gagwi,District Event Winner,4468,21,34,61.8
2025,2025gagwi,District Event Finalist,1683,4,34,11.8
2025,2025gagwi,District Event Finalist,5109,7,34,20.6
2025,2025gagwi,District Event Finalist,8865,27,34,79.4
2025,2025gagwi,Autonomous Award,5293,24,34,70.6
2025,2025gagwi,Creativity Award sponsored by Rockwell Automation,1833,2,34,5.9
2025,2025gagwi,Excellence in Engineering Award,4509,15,34,44.1
2025,2025gagwi,Gracious Professionalism Award,5109,7,34,20.6
2025,2025gagwi,Imagery Award in honor of Jack Kamen,4189,16,34,47.1
2025,2025gagwi,Industrial Design Award sponsored by General Motors,7451,5,34,14.7
2025,2025gagwi,Innovation in Control Award sponsored by nVent,1771,1,34,2.9
2025,2025gagwi,Judges' Award,2415,20,34,58.8
2025,2025gagwi,Quality Award,1261,13,34,38.2
2025,2025gagwi,Rising All-Star Award,9086,33,34,97.1
2025,2025gagwi,Team Spirit Award,8865,27,34,79.4
2025,2025gagwi,Team Sustainability Award sponsored by Dow,8736,23,34,67.6
2025,2025gal,Engineering Inspiration Award,6429,50,75,66.7
2025,2025gal,Rookie All Star Award,10011,72,75,96.0
2025,2025gal,Championship Division Winner,4946,1,75,1.3
2025,2025gal,Championship Division Winner,180,8,75,10.7
2025,2025gal,Championship Division Winner,16,51,75,68.0
2025,2025gal,Championship Division Winner,498,15,75,20.0
2025,2025gal,Championship Division Finalist,8214,7,75,9.3
2025,2025gal,Championship Division Finalist,971,17,75,22.7
2025,2025gal,Championship Division Finalist,4476,14,75,18.7
2025,2025gal,Championship Division Finalist,9785,34,75,45.3
2025,2025gal,Autonomous Award,180,8,75,10.7
2025,2025gal,Creativity Award sponsored by Rockwell Automation,7539,24,75,32.0
2025,2025gal,Excellence in Engineering Award,971,17,75,22.7
2025,2025gal,Gracious Professionalism Award,4039,57,75,76.0
2025,2025gal,Imagery Award in honor of Jack Kamen,8708,61,75,81.3
2025,2025gal,Industrial Design Award sponsored by General Motors,8214,7,75,9.3
2025,2025gal,Innovation in Control Award sponsored by nVent,7558,10,75,13.3
2025,2025gal,Judges' Award,9692,52,75,69.3
2025,2025gal,Quality Award,190,4,75,5.3
2025,2025gal,Rising All-Star Award,9008,40,75,53.3
2025,2025gal,Team Spirit Award,2614,35,75,46.7
2025,2025gal,Team Sustainability Award sponsored by Dow,3506,54,75,72.0
2025,2025gasta,District FIRST Impact Award,3635,12,26,46.2
2025,2025gasta,District Engineering Inspiration Award,4112,14,26,53.8
2025,2025gasta,District Championship Dean's List Semi-Finalist,6340,5,26,19.2
2025,2025gasta,District Championship Dean's List Semi-Finalist,8866,6,26,23.1
2025,2025gasta,District Championship Dean's List Semi-Finalist,1746,20,26,76.9
2025,2025gasta,District Event Winner,2974,1,26,3.8
2025,2025gasta,District Event Winner,8866,6,26,23.1
2025,2025gasta,District Event Winner,4701,23,26,88.5
2025,2025gasta,District Event Winner,5219,18,26,69.2
2025,2025gasta,District Event Finalist,1648,2,26,7.7
2025,2025gasta,District Event Finalist,6340,5,26,19.2
2025,2025gasta,District Event Finalist,9057,22,26,84.6
2025,2025gasta,Autonomous Award,8866,6,26,23.1
2025,2025gasta,Creativity Award sponsored by Rockwell Automation,4188,25,26,96.2
2025,2025gasta,Excellence in Engineering Award,9477,10,26,38.5
2025,2025gasta,Gracious Professionalism Award,1648,2,26,7.7
2025,2025gasta,Imagery Award in honor of Jack Kamen,6829,4,26,15.4
2025,2025gasta,Industrial Design Award sponsored by General Motors,9480,7,26,26.9
2025,2025gasta,Innovation in Control Award sponsored by nVent,2974,1,26,3.8
2025,2025gasta,Judges' Award,8100,24,26,92.3
2025,2025gasta,Quality Award,6340,5,26,19.2
2025,2025gasta,Rising All-Star Award,6944,13,26,50.0
2025,2025gasta,Team Spirit Award,10376,16,26,61.5
2025,2025gasta,Team Sustainability Award sponsored by Dow,5900,17,26,65.4
2025,2025hiho,Regional FIRST Impact Award,3008,9,33,27.3
2025,2025hiho,Regional Engineering Inspiration Award,3501,10,33,30.3
2025,2025hiho,Woodie Flowers Finalist Award,3880,15,33,45.5
2025,2025hiho,FIRST Dean's List Finalist Award,3008,9,33,27.3
2025,2025hiho,FIRST Dean's List Finalist Award,3880,15,33,45.5
2025,2025hiho,Regional Winners,4270,1,33,3.0
2025,2025hiho,Regional Winners,359,3,33,9.1
2025,2025hiho,Regional Winners,4817,24,33,72.7
2025,2025hiho,Regional Finalists,3882,4,33,12.1
2025,2025hiho,Regional Finalists,2438,7,33,21.2
2025,2025hiho,Regional Finalists,2477,31,33,93.9
2025,2025hiho,Autonomous Award,2438,7,33,21.2
2025,2025hiho,Creativity Award sponsored by Rockwell Automation,3880,15,33,45.5
2025,2025hiho,Excellence in Engineering Award,359,3,33,9.1
2025,2025hiho,Gracious Professionalism Award,4253,2,33,6.1
2025,2025hiho,Imagery Award in honor of Jack Kamen,9277,11,33,33.3
2025,2025hiho,Industrial Design Award sponsored by General Motors,4270,1,33,3.0
2025,2025hiho,Innovation in Control Award sponsored by nVent,7632,6,33,18.2
2025,2025hiho,Judges' Award,2443,5,33,15.2
2025,2025hiho,Quality Award,2853,13,33,39.4
2025,2025hiho,Rising All-Star Award,9012,26,33,78.8
2025,2025hiho,Team Spirit Award,3721,18,33,54.5
2025,2025hiho,Team Sustainability Award sponsored by Dow,6317,8,33,24.2
2025,2025hop,Engineering Inspiration Award,3794,69,75,92.0
2025,2025hop,Rookie All Star Award,10224,63,75,84.0
2025,2025hop,Championship Division Winner,1768,1,75,1.3
2025,2025hop,Championship Division Winner,2767,33,75,44.0
2025,2025hop,Championship Division Winner,2877,32,75,42.7
2025,2025hop,Championship Division Winner,4145,12,75,16.0
2025,2025hop,Championship Division Finalist,2200,2,75,2.7
2025,2025hop,Championship Division Finalist,3339,4,75,5.3
2025,2025hop,Championship Division Finalist,1153,57,75,76.0
2025,2025hop,Championship Division Finalist,2491,25,75,33.3
2025,2025hop,Autonomous Award,2877,32,75,42.7
2025,2025hop,Creativity Award sponsored by Rockwell Automation,4907,7,75,9.3
2025,2025hop,Excellence in Engineering Award,33,23,75,30.7
2025,2025hop,Gracious Professionalism Award,8177,46,75,61.3
2025,2025hop,Imagery Award in honor of Jack Kamen,2485,52,75,69.3
2025,2025hop,Industrial Design Award sponsored by General Motors,1038,42,75,56.0
2025,2025hop,Innovation in Control Award sponsored by nVent,3339,4,75,5.3
2025,2025hop,Judges' Award,1241,61,75,81.3
2025,2025hop,Quality Award,4728,3,75,4.0
2025,2025hop,Rising All-Star Award,3814,66,75,88.0
2025,2025hop,Team Spirit Award,2539,19,75,25.3
2025,2025hop,Team Sustainability Award sponsored by Dow,1902,30,75,40.0
2025,2025iacf,Regional FIRST Impact Award,7531,36,51,70.6
2025,2025iacf,Regional Engineering Inspiration Award,167,2,51,3.9
2025,2025iacf,Rookie All Star Award,10439,27,51,52.9
2025,2025iacf,Woodie Flowers Finalist Award,3313,4,51,7.8
2025,2025iacf,FIRST Dean's List Finalist Award,3928,11,51,21.6
2025,2025iacf,FIRST Dean's List Finalist Award,3928,11,51,21.6
2025,2025iacf,Regional Winners,1706,1,51,2.0
2025,2025iacf,Regional Winners,4646,5,51,9.8
2025,2025iacf,Regional Winners,5914,48,51,94.1
2025,2025iacf,Regional Finalists,167,2,51,3.9
2025,2025iacf,Regional Finalists,3313,4,51,7.8
2025,2025iacf,Regional Finalists,171,31,51,60.8
2025,2025iacf,Regional Finalists,8024,19,51,37.3
2025,2025iacf,Autonomous Award,4646,5,51,9.8
2025,2025iacf,Creativity Award sponsored by Rockwell Automation,6391,6,51,11.8
2025,2025iacf,Excellence in Engineering Award,525,7,51,13.7
2025,2025iacf,Gracious Professionalism Award,4859,39,51,76.5
2025,2025iacf,Imagery Award in honor of Jack Kamen,9445,28,51,54.9
2025,2025iacf,Industrial Design Award sponsored by General Motors,9576,9,51,17.6
2025,2025iacf,Innovation in Control Award sponsored by nVent,1706,1,51,2.0
2025,2025iacf,Judges' Award,5837,21,51,41.2
2025,2025iacf,Quality Award,9092,8,51,15.7
2025,2025iacf,Rising All-Star Award,6455,50,51,98.0
2025,2025iacf,Team Spirit Award,4539,34,51,66.7
2025,2025iacf,Team Sustainability Award sponsored by Dow,3928,11,51,21.6
2025,2025idbo,Regional FIRST Impact Award,6358,32,51,62.7
2025,2025idbo,Regional Engineering Inspiration Award,1148,4,51,7.8
2025,2025idbo,Rookie All Star Award,10395,40,51,78.4
2025,2025idbo,Woodie Flowers Finalist Award,5461,11,51,21.6
2025,2025idbo,Volunteer of the Year,2122,7,51,13.7
2025,2025idbo,FIRST Dean's List Finalist Award,1891,27,51,52.9
2025,2025idbo,FIRST Dean's List Finalist Award,9449,37,51,72.5
2025,2025idbo,Regional Winners,359,1,51,2.0
2025,2025idbo,Regional Winners,2122,7,51,13.7
2025,2025idbo,Regional Winners,3859,16,51,31.4
2025,2025idbo,Regional Finalists,3045,2,51,3.9
2025,2025idbo,Regional Finalists,2813,3,51,5.9
2025,2025idbo,Regional Finalists,3245,38,51,74.5
2025,2025idbo,Autonomous Award,2122,7,51,13.7
2025,2025idbo,Creativity Award sponsored by Rockwell Automation,5461,11,51,21.6
2025,2025idbo,Excellence in Engineering Award,696,6,51,11.8
2025,2025idbo,Gracious Professionalism Award,4598,22,51,43.1
2025,2025idbo,Imagery Award in honor of Jack Kamen,399,35,51,68.6
2025,2025idbo,Industrial Design Award sponsored by General Motors,6487,13,51,25.5
2025,2025idbo,Innovation in Control Award sponsored by nVent,3309,5,51,9.8
2025,2025idbo,Judges' Award,10448,34,51,66.7
2025,2025idbo,Quality Award,359,1,51,2.0
2025,2025idbo,Rising All-Star Award,9726,25,51,49.0
2025,2025idbo,Team Spirit Award,192,15,51,29.4
2025,2025idbo,Team Sustainability Award sponsored by Dow,6390,43,51,84.3
2025,2025ilch,Regional FIRST Impact Award,3061,2,38,5.3
2025,2025ilch,Regional Engineering Inspiration Award,9692,10,38,26.3
2025,2025ilch,Rookie All Star Award,10214,36,38,94.7
2025,2025ilch,Woodie Flowers Finalist Award,3061,2,38,5.3
2025,2025ilch,FIRST Dean's List Finalist Award,3023,20,38,52.6
2025,2025ilch,FIRST Dean's List Finalist Award,4645,25,38,65.8
2025,2025ilch,Regional Winners,111,1,38,2.6
2025,2025ilch,Regional Winners,2338,4,38,10.5
2025,2025ilch,Regional Winners,8029,34,38,89.5
2025,2025ilch,Regional Finalists,2022,8,38,21.1
2025,2025ilch,Regional Finalists,112,18,38,47.4
2025,2025ilch,Regional Finalists,9280,31,38,81.6
2025,2025ilch,Autonomous Award,111,1,38,2.6
2025,2025ilch,Creativity Award sponsored by Rockwell Automation,48,26,38,68.4
2025,2025ilch,Excellence in Engineering Award,2338,4,38,10.5
2025,2025ilch,Gracious Professionalism Award,1781,13,38,34.2
2025,2025ilch,Imagery Award in honor of Jack Kamen,9280,31,38,81.6
2025,2025ilch,Industrial Design Award sponsored by General Motors,10435,19,38,50.0
2025,2025ilch,Innovation in Control Award sponsored by nVent,4143,9,38,23.7
2025,2025ilch,Judges' Award,4787,6,38,15.8
2025,2025ilch,Quality Award,323,3,38,7.9
2025,2025ilch,Rising All-Star Award,2022,8,38,21.1
2025,2025ilch,Team Spirit Award,9669,28,38,73.7
2025,2025ilch,Team Sustainability Award sponsored by Dow,2638,5,38,13.2
2025,2025ilpe,Regional FIRST Impact Award,6421,12,35,34.3
2025,2025ilpe,Regional Engineering Inspiration Award,1138,5,35,14.3
2025,2025ilpe,Rookie All Star Award,10435,26,35,74.3
2025,2025ilpe,Woodie Flowers Finalist Award,4213,13,35,37.1
2025,2025ilpe,FIRST Dean's List Finalist Award,4213,13,35,37.1
2025,2025ilpe,FIRST Dean's List Finalist Award,2704,29,35,82.9
2025,2025ilpe,Regional Winners,2481,1,35,2.9
2025,2025ilpe,Regional Winners,1756,2,35,5.7
2025,2025ilpe,Regional Winners,2358,23,35,65.7
2025,2025ilpe,Regional Finalists,4143,4,35,11.4
2025,2025ilpe,Regional Finalists,5847,14,35,40.0
2025,2025ilpe,Regional Finalists,1208,25,35,71.4
2025,2025ilpe,Autonomous Award,4655,3,35,8.6
2025,2025ilpe,Creativity Award sponsored by Rockwell Automation,2481,1,35,2.9
2025,2025ilpe,Excellence in Engineering Award,1736,6,35,17.1
2025,2025ilpe,Gracious Professionalism Award,1259,24,35,68.6
2025,2025ilpe,Imagery Award in honor of Jack Kamen,2470,32,35,91.4
2025,2025ilpe,Industrial Design Award sponsored by General Motors,1756,2,35,5.7
2025,2025ilpe,Innovation in Control Award sponsored by nVent,4143,4,35,11.4
2025,2025ilpe,Judges' Award,8880,30,35,85.7
2025,2025ilpe,Quality Award,2022,10,35,28.6
2025,2025ilpe,Rising All-Star Award,2039,34,35,97.1
2025,2025ilpe,Team Spirit Award,4213,13,35,37.1
2025,2025ilpe,Team Sustainability Award sponsored by Dow,7417,22,35,62.9
2025,2025incmp,District Championship FIRST Impact Award,1741,6,38,15.8
2025,2025incmp,District Championship Engineering Inspiration Award,7657,20,38,52.6
2025,2025incmp,District Championship Rookie All Star Award,10021,32,38,84.2
2025,2025incmp,Woodie Flowers Finalist Award,868,2,38,5.3
2025,2025incmp,Volunteer of the Year,461,5,38,13.2
2025,2025incmp,FIRST Dean's List Finalist Award,71,,38,
2025,2025incmp,FIRST Dean's List Finalist Award,135,13,38,34.2
2025,2025incmp,District Championship Winner,7457,1,38,2.6
2025,2025incmp,District Championship Winner,868,2,38,5.3
2025,2025incmp,District Championship Winner,3487,33,38,86.8
2025,2025incmp,District Championship Winner,1747,16,38,42.1
2025,2025incmp,District Championship Finalist,4272,3,38,7.9
2025,2025incmp,District Championship Finalist,3940,4,38,10.5
2025,2025incmp,District Championship Finalist,6721,23,38,60.5
2025,2025incmp,Autonomous Award,7457,1,38,2.6
2025,2025incmp,Creativity Award sponsored by Rockwell Automation,829,15,38,39.5
2025,2025incmp,Excellence in Engineering Award,4926,14,38,36.8
2025,2025incmp,Gracious Professionalism Award,135,13,38,34.2
2025,2025incmp,Imagery Award in honor of Jack Kamen,45,7,38,18.4
2025,2025incmp,Industrial Design Award sponsored by General Motors,1024,18,38,47.4
2025,2025incmp,Innovation in Control Award sponsored by nVent,4272,3,38,7.9
2025,2025incmp,Judges' Award,5010,11,38,28.9
2025,2025incmp,Quality Award,461,5,38,13.2
2025,2025incmp,Rising All-Star Award,10332,37,38,97.4
2025,2025incmp,Team Spirit Award,3940,4,38,10.5
2025,2025incmp,Team Sustainability Award sponsored by Dow,5484,27,38,71.1
2025,2025inkok,District FIRST Impact Award,1741,6,40,15.0
2025,2025inkok,District Engineering Inspiration Award,868,5,40,12.5
2025,2025inkok,Rookie All Star Award,10021,16,40,40.0
2025,2025inkok,District Championship Dean's List Semi-Finalist,71,38,40,95.0
2025,2025inkok,District Championship Dean's List Semi-Finalist,9453,31,40,77.5
2025,2025inkok,District Event Winner,1501,1,40,2.5
2025,2025inkok,District Event Winner,868,5,40,12.5
2025,2025inkok,District Event Winner,8103,23,40,57.5
2025,2025inkok,District Event Finalist,45,4,40,10.0
2025,2025inkok,District Event Finalist,1741,6,40,15.0
2025,2025inkok,District Event Finalist,9453,31,40,77.5
2025,2025inkok,Autonomous Award,3940,2,40,5.0
2025,2025inkok,Creativity Award sponsored by Rockwell Automation,45,4,40,10.0
2025,2025inkok,Excellence in Engineering Award,1720,27,40,67.5
2025,2025inkok,Gracious Professionalism Award,5010,18,40,45.0
2025,2025inkok,Imagery Award in honor of Jack Kamen,4580,34,40,85.0
2025,2025inkok,Industrial Design Award sponsored by General Motors,3494,8,40,20.0
2025,2025inkok,Innovation in Control Award sponsored by nVent,1501,1,40,2.5
2025,2025inkok,Judges' Award,4272,3,40,7.5
2025,2025inkok,Quality Award,7454,11,40,27.5
2025,2025inkok,Rising All-Star Award,1018,17,40,42.5
2025,2025inkok,Team Spirit Award,5484,7,40,17.5
2025,2025inkok,Team Sustainability Award sponsored by Dow,234,10,40,25.0
2025,2025inlaf,District FIRST Impact Award,135,23,42,54.8
2025,2025inlaf,District Engineering Inspiration Award,7657,22,42,52.4
2025,2025inlaf,Rookie All Star Award,10029,26,42,61.9
2025,2025inlaf,District Championship Dean's List Semi-Finalist,135,23,42,54.8
2025,2025inlaf,District Championship Dean's List Semi-Finalist,3494,2,42,4.8
2025,2025inlaf,District Event Winner,7457,1,42,2.4
2025,2025inlaf,District Event Winner,4272,3,42,7.1
2025,2025inlaf,District Event Winner,3487,17,42,40.5
2025,2025inlaf,District Event Finalist,4485,13,42,31.0
2025,2025inlaf,District Event Finalist,7617,30,42,71.4
2025,2025inlaf,District Event Finalist,292,19,42,45.2
2025,2025inlaf,Autonomous Award,7457,1,42,2.4
2025,2025inlaf,Creativity Award sponsored by Rockwell Automation,4272,3,42,7.1
2025,2025inlaf,Excellence in Engineering Award,3494,2,42,4.8
2025,2025inlaf,Gracious Professionalism Award,1024,4,42,9.5
2025,2025inlaf,Imagery Award in honor of Jack Kamen,829,6,42,14.3
2025,2025inlaf,Industrial Design Award sponsored by General Motors,461,7,42,16.7
2025,2025inlaf,Innovation in Control Award sponsored by nVent,3176,9,42,21.4
2025,2025inlaf,Judges' Award,1646,28,42,66.7
2025,2025inlaf,Quality Award,10021,8,42,19.0
2025,2025inlaf,Rising All-Star Award,10493,38,42,90.5
2025,2025inlaf,Team Spirit Award,71,34,42,81.0
2025,2025inlaf,Team Sustainability Award sponsored by Dow,1741,10,42,23.8
2025,2025inmis,District FIRST Impact Award,461,4,36,11.1
2025,2025inmis,District Engineering Inspiration Award,135,3,36,8.3
2025,2025inmis,Rookie All Star Award,10172,21,36,58.3
2025,2025inmis,District Championship Dean's List Semi-Finalist,5484,23,36,63.9
2025,2025inmis,District Championship Dean's List Semi-Finalist,7457,1,36,2.8
2025,2025inmis,District Event Winner,7457,1,36,2.8
2025,2025inmis,District Event Winner,1501,2,36,5.6
2025,2025inmis,District Event Winner,10332,12,36,33.3
2025,2025inmis,District Event Finalist,135,3,36,8.3
2025,2025inmis,District Event Finalist,461,4,36,11.1
2025,2025inmis,District Event Finalist,1555,25,36,69.4
2025,2025inmis,Autonomous Award,1501,2,36,5.6
2025,2025inmis,Creativity Award sponsored by Rockwell Automation,328,13,36,36.1
2025,2025inmis,Excellence in Engineering Award,45,8,36,22.2
2025,2025inmis,Gracious Professionalism Award,6721,7,36,19.4
2025,2025inmis,Imagery Award in honor of Jack Kamen,1646,36,36,100.0
2025,2025inmis,Industrial Design Award sponsored by General Motors,4926,22,36,61.1
2025,2025inmis,Innovation in Control Award sponsored by nVent,5010,6,36,16.7
2025,2025inmis,Judges' Award,9071,28,36,77.8
2025,2025inmis,Quality Award,7457,1,36,2.8
2025,2025inmis,Rising All-Star Award,10411,33,36,91.7
2025,2025inmis,Team Spirit Award,2171,17,36,47.2
2025,2025inmis,Team Sustainability Award sponsored by Dow,3176,10,36,27.8
2025,2025inwas,District FIRST Impact Award,7454,3,26,11.5
2025,2025inwas,District Engineering Inspiration Award,234,7,26,26.9
2025,2025inwas,Rookie All Star Award,10492,25,26,96.2
2025,2025inwas,District Championship Dean's List Semi-Finalist,1720,21,26,80.8
2025,2025inwas,District Championship Dean's List Semi-Finalist,234,7,26,26.9
2025,2025inwas,District Event Winner,868,1,26,3.8
2025,2025inwas,District Event Winner,1501,5,26,19.2
2025,2025inwas,District Event Winner,10492,25,26,96.2
2025,2025inwas,District Event Finalist,3940,2,26,7.7
2025,2025inwas,District Event Finalist,7617,6,26,23.1
2025,2025inwas,District Event Finalist,8430,24,26,92.3
2025,2025inwas,Autonomous Award,868,1,26,3.8
2025,2025inwas,Creativity Award sponsored by Rockwell Automation,3452,8,26,30.8
2025,2025inwas,Excellence in Engineering Award,3940,2,26,7.7
2025,2025inwas,Gracious Professionalism Award,7657,12,26,46.2
2025,2025inwas,Imagery Award in honor of Jack Kamen,9554,11,26,42.3
2025,2025inwas,Industrial Design Award sponsored by General Motors,1720,21,26,80.8
2025,2025inwas,Innovation in Control Award sponsored by nVent,5188,18,26,69.2
2025,2025inwas,Judges' Award,6498,16,26,61.5
2025,2025inwas,Quality Award,5402,4,26,15.4
2025,2025inwas,Rising All-Star Award,1018,19,26,73.1
2025,2025inwas,Team Spirit Award,7617,6,26,23.1
2025,2025inwas,Team Sustainability Award sponsored by Dow,8116,23,26,88.5
2025,2025iscmp,District Championship FIRST Impact Award,5614,12,45,26.7
2025,2025iscmp,District Championship Engineering Inspiration Award,6738,24,45,53.3
2025,2025iscmp,Woodie Flowers Finalist Award,1937,27,45,60.0
2025,2025iscmp,FIRST Dean's List Finalist Award,6104,41,45,91.1
2025,2025iscmp,FIRST Dean's List Finalist Award,2212,,45,
2025,2025iscmp,District Championship Winner,1690,1,45,2.2
2025,2025iscmp,District Championship Winner,5990,7,45,15.6
2025,2025iscmp,District Championship Winner,5654,40,45,88.9
2025,2025iscmp,District Championship Finalist,5951,3,45,6.7
2025,2025iscmp,District Championship Finalist,3339,8,45,17.8
2025,2025iscmp,District Championship Finalist,4320,29,45,64.4
2025,2025iscmp,Autonomous Award,2231,4,45,8.9
2025,2025iscmp,Creativity Award sponsored by Rockwell Automation,1574,30,45,66.7
2025,2025iscmp,Excellence in Engineering Award,2630,22,45,48.9
2025,2025iscmp,Gracious Professionalism Award,1577,15,45,33.3
2025,2025iscmp,Imagery Award in honor of Jack Kamen,6740,14,45,31.1
2025,2025iscmp,Industrial Design Award sponsored by General Motors,5990,7,45,15.6
2025,2025iscmp,Innovation in Control Award sponsored by nVent,1690,1,45,2.2
2025,2025iscmp,Judges' Award,2096,19,45,42.2
2025,2025iscmp,Quality Award,1942,13,45,28.9
2025,2025iscmp,Rising All-Star Award,4661,35,45,77.8
2025,2025iscmp,Team Spirit Award,4590,6,45,13.3
2025,2025iscmp,Team Sustainability Award sponsored by Dow,3339,8,45,17.8
2025,2025isde1,District FIRST Impact Award,2096,13,29,44.8
2025,2025isde1,District Engineering Inspiration Award,5614,1,29,3.4
2025,2025isde1,District Event Winner,5614,1,29,3.4
2025,2025isde1,District Event Winner,1690,2,29,6.9
2025,2025isde1,District Event Winner,5928,26,29,89.7
2025,2025isde1,District Event Finalist,2630,3,29,10.3
2025,2025isde1,District Event Finalist,5951,4,29,13.8
2025,2025isde1,District Event Finalist,1943,24,29,82.8
2025,2025isde1,District Event Finalist,6230,20,29,69.0
2025,2025isde1,Autonomous Award,1690,2,29,6.9
2025,2025isde1,Creativity Award sponsored by Rockwell Automation,2630,3,29,10.3
2025,2025isde1,Excellence in Engineering Award,5951,4,29,13.8
2025,2025isde1,Gracious Professionalism Award,1577,7,29,24.1
2025,2025isde1,Imagery Award in honor of Jack Kamen,5635,6,29,20.7
2025,2025isde1,Industrial Design Award sponsored by General Motors,6738,12,29,41.4
2025,2025isde1,Innovation in Control Award sponsored by nVent,4338,14,29,48.3
2025,2025isde1,Judges' Award,4661,9,29,31.0
2025,2025isde1,Quality Award,5654,18,29,62.1
2025,2025isde1,Rising All-Star Award,9738,17,29,58.6
2025,2025isde1,Team Spirit Award,8223,8,29,27.6
2025,2025isde1,Team Sustainability Award sponsored by Dow,4416,10,29,34.5
2025,2025isde2,District FIRST Impact Award,5614,1,33,3.0
2025,2025isde2,District Engineering Inspiration Award,9740,29,33,87.9
2025,2025isde2,District Event Winner,5614,1,33,3.0
2025,2025isde2,District Event Winner,2231,4,33,12.1
2025,2025isde2,District Event Winner,4586,33,33,100.0
2025,2025isde2,District Event Winner,1576,14,33,42.4
2025,2025isde2,District Event Finalist,5990,2,33,6.1
2025,2025isde2,District Event Finalist,3339,6,33,18.2
2025,2025isde2,District Event Finalist,1937,24,33,72.7
2025,2025isde2,Autonomous Award,3339,6,33,18.2
2025,2025isde2,Creativity Award sponsored by Rockwell Automation,7112,22,33,66.7
2025,2025isde2,Excellence in Engineering Award,2231,4,33,12.1
2025,2025isde2,Gracious Professionalism Award,4586,33,33,100.0
2025,2025isde2,Imagery Award in honor of Jack Kamen,6740,21,33,63.6
2025,2025isde2,Industrial Design Award sponsored by General Motors,3075,11,33,33.3
2025,2025isde2,Innovation in Control Award sponsored by nVent,5990,2,33,6.1
2025,2025isde2,Judges' Award,9739,20,33,60.6
2025,2025isde2,Quality Award,7845,18,33,54.5
2025,2025isde2,Rising All-Star Award,10139,19,33,57.6
2025,2025isde2,Team Spirit Award,2230,5,33,15.2
2025,2025isde2,Team Sustainability Award sponsored by Dow,3211,10,33,30.3
2025,2025isde3,District FIRST Impact Award,3339,3,29,10.3
2025,2025isde3,District Engineering Inspiration Award,5654,16,29,55.2
2025,2025isde3,Rookie All Star Award,10695,26,29,89.7
2025,2025isde3,District Event Winner,1690,1,29,3.4
2025,2025isde3,District Event Winner,5990,7,29,24.1
2025,2025isde3,District Event Winner,5135,25,29,86.2
2025,2025isde3,District Event Finalist,1574,4,29,13.8
2025,2025isde3,District Event Finalist,4744,5,29,17.2
2025,2025isde3,District Event Finalist,3316,22,29,75.9
2025,2025isde3,Autonomous Award,5987,10,29,34.5
2025,2025isde3,Creativity Award sponsored by Rockwell Automation,9738,11,29,37.9
2025,2025isde3,Excellence in Engineering Award,5990,7,29,24.1
2025,2025isde3,Gracious Professionalism Award,3075,6,29,20.7
2025,2025isde3,Imagery Award in honor of Jack Kamen,2096,9,29,31.0
2025,2025isde3,Industrial Design Award sponsored by General Motors,1574,4,29,13.8
2025,2025isde3,Innovation in Control Award sponsored by nVent,1690,1,29,3.4
2025,2025isde3,Judges' Award,4590,2,29,6.9
2025,2025isde3,Quality Award,7845,13,29,44.8
2025,2025isde3,Rising All-Star Award,5928,21,29,72.4
2025,2025isde3,Team Spirit Award,3065,14,29,48.3
2025,2025isde3,Team Sustainability Award sponsored by Dow,3211,23,29,79.3
2025,2025isde4,District FIRST Impact Award,8223,19,33,57.6
2025,2025isde4,District Engineering Inspiration Award,6738,27,33,81.8
2025,2025isde4,District Event Winner,2231,1,33,3.0
2025,2025isde4,District Event Winner,2630,3,33,9.1
2025,2025isde4,District Event Winner,9740,16,33,48.5
2025,2025isde4,District Event Finalist,2230,2,33,6.1
2025,2025isde4,District Event Finalist,7039,8,33,24.2
2025,2025isde4,District Event Finalist,1577,29,33,87.9
2025,2025isde4,Autonomous Award,5951,13,33,39.4
2025,2025isde4,Creativity Award sponsored by Rockwell Automation,7039,8,33,24.2
2025,2025isde4,Excellence in Engineering Award,2630,3,33,9.1
2025,2025isde4,Gracious Professionalism Award,6104,22,33,66.7
2025,2025isde4,Imagery Award in honor of Jack Kamen,9739,30,33,90.9
2025,2025isde4,Industrial Design Award sponsored by General Motors,2231,1,33,3.0
2025,2025isde4,Innovation in Control Award sponsored by nVent,2230,2,33,6.1
2025,2025isde4,Judges' Award,5554,14,33,42.4
2025,2025isde4,Quality Award,1942,9,33,27.3
2025,2025isde4,Rising All-Star Award,4661,26,33,78.8
2025,2025isde4,Team Spirit Award,5291,15,33,45.5
2025,2025isde4,Team Sustainability Award sponsored by Dow,5635,5,33,15.2
2025,2025joh,Engineering Inspiration Award,6024,52,75,69.3
2025,2025joh,Rookie All Star Award,10213,71,75,94.7
2025,2025joh,Championship Division Winner,1690,1,75,1.3
2025,2025joh,Championship Division Winner,4414,6,75,8.0
2025,2025joh,Championship Division Winner,2073,57,75,76.0
2025,2025joh,Championship Division Winner,5166,18,75,24.0
2025,2025joh,Championship Division Finalist,6800,3,75,4.0
2025,2025joh,Championship Division Finalist,2930,9,75,12.0
2025,2025joh,Championship Division Finalist,2054,50,75,66.7
2025,2025joh,Championship Division Finalist,686,37,75,49.3
2025,2025joh,Autonomous Award,111,4,75,5.3
2025,2025joh,Creativity Award sponsored by Rockwell Automation,581,23,75,30.7
2025,2025joh,Excellence in Engineering Award,8033,43,75,57.3
2025,2025joh,Gracious Professionalism Award,1325,7,75,9.3
2025,2025joh,Imagery Award in honor of Jack Kamen,5705,72,75,96.0
2025,2025joh,Industrial Design Award sponsored by General Motors,6800,3,75,4.0
2025,2025joh,Innovation in Control Award sponsored by nVent,1619,2,75,2.7
2025,2025joh,Judges' Award,5352,20,75,26.7
2025,2025joh,Quality Award,1690,1,75,1.3
2025,2025joh,Rising All-Star Award,9427,68,75,90.7
2025,2025joh,Team Spirit Award,5199,29,75,38.7
2025,2025joh,Team Sustainability Award sponsored by Dow,7840,60,75,80.0
2025,2025ksla,Regional FIRST Impact Award,6652,24,36,66.7
2025,2025ksla,Regional Engineering Inspiration Award,1108,2,36,5.6
2025,2025ksla,Rookie All Star Award,10682,31,36,86.1
2025,2025ksla,Woodie Flowers Finalist Award,5013,16,36,44.4
2025,2025ksla,FIRST Dean's List Finalist Award,6652,24,36,66.7
2025,2025ksla,FIRST Dean's List Finalist Award,5189,25,36,69.4
2025,2025ksla,Regional Winners,7421,3,36,8.3
2025,2025ksla,Regional Winners,1825,6,36,16.7
2025,2025ksla,Regional Winners,5013,16,36,44.4
2025,2025ksla,Regional Finalists,1108,2,36,5.6
2025,2025ksla,Regional Finalists,1847,5,36,13.9
2025,2025ksla,Regional Finalists,9316,29,36,80.6
2025,2025ksla,Autonomous Award,1986,4,36,11.1
2025,2025ksla,Creativity Award sponsored by Rockwell Automation,1825,6,36,16.7
2025,2025ksla,Excellence in Engineering Award,1730,1,36,2.8
2025,2025ksla,Gracious Professionalism Award,1764,20,36,55.6
2025,2025ksla,Imagery Award in honor of Jack Kamen,4959,8,36,22.2
2025,2025ksla,Industrial Design Award sponsored by General Motors,7421,3,36,8.3
2025,2025ksla,Innovation in Control Award sponsored by nVent,9316,29,36,80.6
2025,2025ksla,Judges' Award,9551,23,36,63.9
2025,2025ksla,Quality Award,1810,13,36,36.1
2025,2025ksla,Rising All-Star Award,5268,7,36,19.4
2025,2025ksla,Team Spirit Award,5013,16,36,44.4
2025,2025ksla,Team Sustainability Award sponsored by Dow,5119,34,36,94.4
2025,2025lake,Regional FIRST Impact Award,34,19,55,34.5
2025,2025lake,Regional Engineering Inspiration Award,2080,40,55,72.7
2025,2025lake,Rookie All Star Award,10217,15,55,27.3
2025,2025lake,Woodie Flowers Finalist Award,8044,1,55,1.8
2025,2025lake,FIRST Dean's List Finalist Award,2080,40,55,72.7
2025,2025lake,FIRST Dean's List Finalist Award,2152,52,55,94.5
2025,2025lake,Regional Winners,8044,1,55,1.8
2025,2025lake,Regional Winners,16,4,55,7.3
2025,2025lake,Regional Winners,9787,23,55,41.8
2025,2025lake,Regional Finalists,5653,2,55,3.6
2025,2025lake,Regional Finalists,2992,10,55,18.2
2025,2025lake,Regional Finalists,34,19,55,34.5
2025,2025lake,Autonomous Award,16,4,55,7.3
2025,2025lake,Creativity Award sponsored by Rockwell Automation,8044,1,55,1.8
2025,2025lake,Excellence in Engineering Award,364,24,55,43.6
2025,2025lake,Gracious Professionalism Award,9610,53,55,96.4
2025,2025lake,Imagery Award in honor of Jack Kamen,2152,52,55,94.5
2025,2025lake,Industrial Design Award sponsored by General Motors,9787,23,55,41.8
2025,2025lake,Innovation in Control Award sponsored by nVent,8808,8,55,14.5
2025,2025lake,Judges' Award,3526,7,55,12.7
2025,2025lake,Quality Award,456,5,55,9.1
2025,2025lake,Rising All-Star Award,9067,31,55,56.4
2025,2025lake,Team Spirit Award,3102,14,55,25.5
2025,2025lake,Team Sustainability Award sponsored by Dow,3039,47,55,85.5
2025,2025mabos,District FIRST Impact Award,125,1,38,2.6
2025,2025mabos,District Engineering Inspiration Award,5112,16,38,42.1
2025,2025mabos,Rookie All Star Award,10063,18,38,47.4
2025,2025mabos,District Championship Dean's List Semi-Finalist,509,31,38,81.6
2025,2025mabos,District Championship Dean's List Semi-Finalist,4048,21,38,55.3
2025,2025mabos,District Event Winner,125,1,38,2.6
2025,2025mabos,District Event Winner,5813,3,38,7.9
2025,2025mabos,District Event Winner,175,19,38,50.0
2025,2025mabos,District Event Finalist,6201,2,38,5.3
2025,2025mabos,District Event Finalist,6324,7,38,18.4
2025,2025mabos,District Event Finalist,8626,24,38,63.2
2025,2025mabos,Autonomous Award,2423,6,38,15.8
2025,2025mabos,Creativity Award sponsored by Rockwell Automation,8626,24,38,63.2
2025,2025mabos,Excellence in Engineering Award,509,31,38,81.6
2025,2025mabos,Gracious Professionalism Award,246,17,38,44.7
2025,2025mabos,Imagery Award in honor of Jack Kamen,4048,21,38,55.3
2025,2025mabos,Industrial Design Award sponsored by General Motors,6324,7,38,18.4
2025,2025mabos,Innovation in Control Award sponsored by nVent,2713,4,38,10.5
2025,2025mabos,Judges' Award,6201,2,38,5.3
2025,2025mabos,Quality Award,8724,20,38,52.6
2025,2025mabos,Rising All-Star Award,10156,26,38,68.4
2025,2025mabos,Team Spirit Award,175,19,38,50.0
2025,2025mabos,Team Sustainability Award sponsored by Dow,151,13,38,34.2
2025,2025marc,Mentor of the Year,8280,7,21,33.3
2025,2025marc,Winner,9245,1,21,4.8
2025,2025marc,Winner,226,2,21,9.5
2025,2025marc,Winner,240,21,21,100.0
2025,2025marc,Finalist,4422,3,21,14.3
2025,2025marc,Finalist,3538,11,21,52.4
2025,2025marc,Finalist,4395,18,21,85.7
2025,2025marc,Autopilot Award for Autonomous,3538,11,21,52.4
2025,2025marc,Coast Guard Award for Gracious Professionalism,6570,9,21,42.9
2025,2025marc,Fathom Award for End Game,4381,5,21,23.8
2025,2025marc,Trident Award for the Best Robot,9245,1,21,4.8
2025,2025mawne,District FIRST Impact Award,467,4,35,11.4
2025,2025mawne,District Engineering Inspiration Award,195,1,35,2.9
2025,2025mawne,Rookie All Star Award,10592,16,35,45.7
2025,2025mawne,District Championship Dean's List Semi-Finalist,1100,6,35,17.1
2025,2025mawne,District Championship Dean's List Semi-Finalist,8567,21,35,60.0
2025,2025mawne,District Event Winner,195,1,35,2.9
2025,2025mawne,District Event Winner,176,2,35,5.7
2025,2025mawne,District Event Winner,9710,30,35,85.7
2025,2025mawne,District Event Finalist,571,3,35,8.6
2025,2025mawne,District Event Finalist,8013,8,35,22.9
2025,2025mawne,District Event Finalist,8567,21,35,60.0
2025,2025mawne,Autonomous Award,176,2,35,5.7
2025,2025mawne,Creativity Award sponsored by Rockwell Automation,177,7,35,20.0
2025,2025mawne,Excellence in Engineering Award,236,15,35,42.9
2025,2025mawne,Gracious Professionalism Award,178,31,35,88.6
2025,2025mawne,Imagery Award in honor of Jack Kamen,8567,21,35,60.0
2025,2025mawne,Industrial Design Award sponsored by General Motors,8046,13,35,37.1
2025,2025mawne,Innovation in Control Award sponsored by nVent,7127,24,35,68.6
2025,2025mawne,Judges' Award,6933,28,35,80.0
2025,2025mawne,Quality Award,2370,11,35,31.4
2025,2025mawne,Rising All-Star Award,4628,18,35,51.4
2025,2025mawne,Team Spirit Award,1100,6,35,17.1
2025,2025mawne,Team Sustainability Award sponsored by Dow,3461,17,35,48.6
2025,2025mawor,District FIRST Impact Award,2370,6,38,15.8
2025,2025mawor,District Engineering Inspiration Award,4905,24,38,63.2
2025,2025mawor,Rookie All Star Award,10393,20,38,52.6
2025,2025mawor,District Championship Dean's List Semi-Finalist,5491,26,38,68.4
2025,2025mawor,District Championship Dean's List Semi-Finalist,2370,6,38,15.8
2025,2025mawor,District Event Winner,190,1,38,2.6
2025,2025mawor,District Event Winner,1768,3,38,7.9
2025,2025mawor,District Event Winner,3182,33,38,86.8
2025,2025mawor,District Event Finalist,125,2,38,5.3
2025,2025mawor,District Event Finalist,88,10,38,26.3
2025,2025mawor,District Event Finalist,8626,29,38,76.3
2025,2025mawor,Autonomous Award,125,2,38,5.3
2025,2025mawor,Creativity Award sponsored by Rockwell Automation,190,1,38,2.6
2025,2025mawor,Excellence in Engineering Award,1153,4,38,10.5
2025,2025mawor,Gracious Professionalism Award,2079,37,38,97.4
2025,2025mawor,Imagery Award in honor of Jack Kamen,3182,33,38,86.8
2025,2025mawor,Industrial Design Award sponsored by General Motors,1768,3,38,7.9
2025,2025mawor,Innovation in Control Award sponsored by nVent,230,5,38,13.2
2025,2025mawor,Judges' Award,5459,9,38,23.7
2025,2025mawor,Quality Award,1699,21,38,55.3
2025,2025mawor,Rising All-Star Award,10063,27,38,71.1
2025,2025mawor,Team Spirit Award,88,10,38,26.3
2025,2025mawor,Team Sustainability Award sponsored by Dow,7153,13,38,34.2
2025,2025mdbet,District FIRST Impact Award,6213,7,29,24.1
2025,2025mdbet,District Engineering Inspiration Award,4821,1,29,3.4
2025,2025mdbet,Rookie All Star Award,10499,16,29,55.2
2025,2025mdbet,District Championship Dean's List Semi-Finalist,5243,24,29,82.8
2025,2025mdbet,District Championship Dean's List Semi-Finalist,4821,1,29,3.4
2025,2025mdbet,District Event Winner,1731,3,29,10.3
2025,2025mdbet,District Event Winner,8590,9,29,31.0
2025,2025mdbet,District Event Winner,2867,22,29,75.9
2025,2025mdbet,District Event Finalist,4821,1,29,3.4
2025,2025mdbet,District Event Finalist,4638,13,29,44.8
2025,2025mdbet,District Event Finalist,6863,18,29,62.1
2025,2025mdbet,Autonomous Award,1731,3,29,10.3
2025,2025mdbet,Creativity Award sponsored by Rockwell Automation,4505,11,29,37.9
2025,2025mdbet,Excellence in Engineering Award,4638,13,29,44.8
2025,2025mdbet,Gracious Professionalism Award,8230,28,29,96.6
2025,2025mdbet,Imagery Award in honor of Jack Kamen,614,14,29,48.3
2025,2025mdbet,Industrial Design Award sponsored by General Motors,116,4,29,13.8
2025,2025mdbet,Innovation in Control Award sponsored by nVent,3373,5,29,17.2
2025,2025mdbet,Judges' Award,6863,18,29,62.1
2025,2025mdbet,Quality Award,8590,9,29,31.0
2025,2025mdbet,Rising All-Star Award,5243,24,29,82.8
2025,2025mdbet,Team Spirit Award,1389,19,29,65.5
2025,2025mdbet,Team Sustainability Award sponsored by Dow,1793,21,29,72.4
2025,2025mdpas,District FIRST Impact Award,5338,6,37,16.2
2025,2025mdpas,District Engineering Inspiration Award,1629,3,37,8.1
2025,2025mdpas,District Championship Dean's List Semi-Finalist,1111,29,37,78.4
2025,2025mdpas,District Championship Dean's List Semi-Finalist,4541,14,37,37.8
2025,2025mdpas,District Event Winner,9072,1,37,2.7
2025,2025mdpas,District Event Winner,1629,3,37,8.1
2025,2025mdpas,District Event Winner,8326,34,37,91.9
2025,2025mdpas,District Event Winner,7770,15,37,40.5
2025,2025mdpas,District Event Finalist,1727,2,37,5.4
2025,2025mdpas,District Event Finalist,888,4,37,10.8
2025,2025mdpas,District Event Finalist,1111,29,37,78.4
2025,2025mdpas,Autonomous Award,9072,1,37,2.7
2025,2025mdpas,Creativity Award sponsored by Rockwell Automation,4821,11,37,29.7
2025,2025mdpas,Excellence in Engineering Award,620,5,37,13.5
2025,2025mdpas,Gracious Professionalism Award,1111,29,37,78.4
2025,2025mdpas,Imagery Award in honor of Jack Kamen,5830,25,37,67.6
2025,2025mdpas,Industrial Design Award sponsored by General Motors,1727,2,37,5.4
2025,2025mdpas,Innovation in Control Award sponsored by nVent,686,10,37,27.0
2025,2025mdpas,Judges' Award,6863,33,37,89.2
2025,2025mdpas,Quality Award,611,28,37,75.7
2025,2025mdpas,Rising All-Star Award,8590,8,37,21.6
2025,2025mdpas,Team Spirit Award,4541,14,37,37.8
2025,2025mdpas,Team Sustainability Award sponsored by Dow,8726,9,37,24.3
2025,2025mdsev,District FIRST Impact Award,449,1,28,3.6
2025,2025mdsev,District Engineering Inspiration Award,1111,10,28,35.7
2025,2025mdsev,Rookie All Star Award,10679,19,28,67.9
2025,2025mdsev,District Championship Dean's List Semi-Finalist,9709,27,28,96.4
2025,2025mdsev,District Championship Dean's List Semi-Finalist,2199,6,28,21.4
2025,2025mdsev,District Event Winner,449,1,28,3.6
2025,2025mdsev,District Event Winner,2106,2,28,7.1
2025,2025mdsev,District Event Winner,3793,12,28,42.9
2025,2025mdsev,District Event Finalist,1727,3,28,10.7
2025,2025mdsev,District Event Finalist,888,4,28,14.3
2025,2025mdsev,District Event Finalist,623,28,28,100.0
2025,2025mdsev,Autonomous Award,2106,2,28,7.1
2025,2025mdsev,Creativity Award sponsored by Rockwell Automation,7770,17,28,60.7
2025,2025mdsev,Excellence in Engineering Award,1727,3,28,10.7
2025,2025mdsev,Gracious Professionalism Award,10449,25,28,89.3
2025,2025mdsev,Imagery Award in honor of Jack Kamen,1885,5,28,17.9
2025,2025mdsev,Industrial Design Award sponsored by General Motors,10224,7,28,25.0
2025,2025mdsev,Innovation in Control Award sponsored by nVent,2199,6,28,21.4
2025,2025mdsev,Judges' Award,2377,24,28,85.7
2025,2025mdsev,Quality Award,888,4,28,14.3
2025,2025mdsev,Rising All-Star Award,8622,16,28,57.1
2025,2025mdsev,Team Spirit Award,4541,15,28,53.6
2025,2025mdsev,Team Sustainability Award sponsored by Dow,5587,13,28,46.4
2025,2025mefal,District FIRST Impact Award,6153,15,30,50.0
2025,2025mefal,District Engineering Inspiration Award,166,7,30,23.3
2025,2025mefal,District Championship Dean's List Semi-Finalist,467,3,30,10.0
2025,2025mefal,District Championship Dean's List Semi-Finalist,5422,10,30,33.3
2025,2025mefal,District Event Winner,6329,1,30,3.3
2025,2025mefal,District Event Winner,190,2,30,6.7
2025,2025mefal,District Event Winner,4564,29,30,96.7
2025,2025mefal,District Event Finalist,166,7,30,23.3
2025,2025mefal,District Event Finalist,58,8,30,26.7
2025,2025mefal,District Event Finalist,6153,15,30,50.0
2025,2025mefal,Autonomous Award,6329,1,30,3.3
2025,2025mefal,Creativity Award sponsored by Rockwell Automation,95,6,30,20.0
2025,2025mefal,Excellence in Engineering Award,172,18,30,60.0
2025,2025mefal,Gracious Professionalism Award,5422,10,30,33.3
2025,2025mefal,Imagery Award in honor of Jack Kamen,238,25,30,83.3
2025,2025mefal,Industrial Design Award sponsored by General Motors,190,2,30,6.7
2025,2025mefal,Innovation in Control Award sponsored by nVent,5687,14,30,46.7
2025,2025mefal,Judges' Award,61,16,30,53.3
2025,2025mefal,Quality Award,131,4,30,13.3
2025,2025mefal,Rising All-Star Award,3314,9,30,30.0
2025,2025mefal,Team Spirit Award,2648,19,30,63.3
2025,2025mefal,Team Sustainability Award sponsored by Dow,1729,23,30,76.7
2025,2025melew,District FIRST Impact Award,4925,25,30,83.3
2025,2025melew,District Engineering Inspiration Award,9101,21,30,70.0
2025,2025melew,Rookie All Star Award,10066,13,30,43.3
2025,2025melew,District Championship Dean's List Semi-Finalist,166,9,30,30.0
2025,2025melew,District Championship Dean's List Semi-Finalist,2713,12,30,40.0
2025,2025melew,District Event Winner,6329,1,30,3.3
2025,2025melew,District Event Winner,5687,3,30,10.0
2025,2025melew,District Event Winner,501,28,30,93.3
2025,2025melew,District Event Finalist,5813,2,30,6.7
2025,2025melew,District Event Finalist,4909,4,30,13.3
2025,2025melew,District Event Finalist,8023,20,30,66.7
2025,2025melew,Autonomous Award,5687,3,30,10.0
2025,2025melew,Creativity Award sponsored by Rockwell Automation,5813,2,30,6.7
2025,2025melew,Excellence in Engineering Award,4909,4,30,13.3
2025,2025melew,Gracious Professionalism Award,2713,12,30,40.0
2025,2025melew,Imagery Award in honor of Jack Kamen,7913,27,30,90.0
2025,2025melew,Industrial Design Award sponsored by General Motors,172,8,30,26.7
2025,2025melew,Innovation in Control Award sponsored by nVent,9055,24,30,80.0
2025,2025melew,Judges' Award,6153,23,30,76.7
2025,2025melew,Quality Award,6329,1,30,3.3
2025,2025melew,Rising All-Star Award,2523,29,30,96.7
2025,2025melew,Team Spirit Award,501,28,30,93.3
2025,2025melew,Team Sustainability Award sponsored by Dow,166,9,30,30.0
2025,2025mexas,Winner,4635,1,41,2.4
2025,2025mexas,Winner,3478,2,41,4.9
2025,2025mexas,Winner,7546,21,41,51.2
2025,2025mexas,Finalist,4400,3,41,7.3
2025,2025mexas,Finalist,7421,6,41,14.6
2025,2025mexas,Finalist,9280,37,41,90.2
2025,2025mibat,District FIRST Impact Award,4422,8,38,21.1
2025,2025mibat,District Engineering Inspiration Award,3875,24,38,63.2
2025,2025mibat,Rookie All Star Award,10651,20,38,52.6
2025,2025mibat,District Championship Dean's List Semi-Finalist,4422,8,38,21.1
2025,2025mibat,District Event Winner,8608,1,38,2.6
2025,2025mibat,District Event Winner,6002,2,38,5.3
2025,2025mibat,District Event Winner,4453,22,38,57.9
2025,2025mibat,District Event Finalist,7197,3,38,7.9
2025,2025mibat,District Event Finalist,3655,4,38,10.5
2025,2025mibat,District Event Finalist,9566,36,38,94.7
2025,2025mibat,Autonomous Award,8608,1,38,2.6
2025,2025mibat,Creativity Award sponsored by Rockwell Automation,8126,19,38,50.0
2025,2025mibat,Excellence in Engineering Award,4381,9,38,23.7
2025,2025mibat,Gracious Professionalism Award,3655,4,38,10.5
2025,2025mibat,Imagery Award in honor of Jack Kamen,7197,3,38,7.9
2025,2025mibat,Industrial Design Award sponsored by General Motors,5980,15,38,39.5
2025,2025mibat,Innovation in Control Award sponsored by nVent,5152,27,38,71.1
2025,2025mibat,Judges' Award,4453,22,38,57.9
2025,2025mibat,Quality Award,6002,2,38,5.3
2025,2025mibat,Rising All-Star Award,9743,18,38,47.4
2025,2025mibat,Team Spirit Award,7658,37,38,97.4
2025,2025mibat,Team Sustainability Award sponsored by Dow,4810,35,38,92.1
2025,2025mibel,District FIRST Impact Award,862,1,40,2.5
2025,2025mibel,District Engineering Inspiration Award,5567,15,40,37.5
2025,2025mibel,Rookie All Star Award,10349,5,40,12.5
2025,2025mibel,District Championship Dean's List Semi-Finalist,3641,10,40,25.0
2025,2025mibel,District Event Winner,862,1,40,2.5
2025,2025mibel,District Event Winner,7769,2,40,5.0
2025,2025mibel,District Event Winner,66,18,40,45.0
2025,2025mibel,District Event Finalist,247,4,40,10.0
2025,2025mibel,District Event Finalist,6615,17,40,42.5
2025,2025mibel,District Event Finalist,6566,26,40,65.0
2025,2025mibel,Autonomous Award,4405,3,40,7.5
2025,2025mibel,Creativity Award sponsored by Rockwell Automation,5167,11,40,27.5
2025,2025mibel,Excellence in Engineering Award,5498,20,40,50.0
2025,2025mibel,Gracious Professionalism Award,6528,6,40,15.0
2025,2025mibel,Imagery Award in honor of Jack Kamen,6344,13,40,32.5
2025,2025mibel,Industrial Design Award sponsored by General Motors,3641,10,40,25.0
2025,2025mibel,Innovation in Control Award sponsored by nVent,5695,9,40,22.5
2025,2025mibel,Judges' Award,247,4,40,10.0
2025,2025mibel,Quality Award,7769,2,40,5.0
2025,2025mibel,Rising All-Star Award,9182,34,40,85.0
2025,2025mibel,Team Spirit Award,51,7,40,17.5
2025,2025mibel,Team Sustainability Award sponsored by Dow,8728,14,40,35.0
2025,2025miber,District FIRST Impact Award,4855,8,35,22.9
2025,2025miber,District Engineering Inspiration Award,7174,23,35,65.7
2025,2025miber,Rookie All Star Award,10666,6,35,17.1
2025,2025miber,District Championship Dean's List Semi-Finalist,217,12,35,34.3
2025,2025miber,District Event Winner,6002,1,35,2.9
2025,2025miber,District Event Winner,4237,5,35,14.3
2025,2025miber,District Event Winner,288,30,35,85.7
2025,2025miber,District Event Finalist,3539,4,35,11.4
2025,2025miber,District Event Finalist,217,12,35,34.3
2025,2025miber,District Event Finalist,9208,25,35,71.4
2025,2025miber,Autonomous Award,3539,4,35,11.4
2025,2025miber,Creativity Award sponsored by Rockwell Automation,5535,13,35,37.1
2025,2025miber,Excellence in Engineering Award,3875,10,35,28.6
2025,2025miber,Gracious Professionalism Award,9758,15,35,42.9
2025,2025miber,Imagery Award in honor of Jack Kamen,4325,19,35,54.3
2025,2025miber,Industrial Design Award sponsored by General Motors,10633,17,35,48.6
2025,2025miber,Innovation in Control Award sponsored by nVent,4237,5,35,14.3
2025,2025miber,Judges' Award,6098,31,35,88.6
2025,2025miber,Quality Award,4422,2,35,5.7
2025,2025miber,Rising All-Star Award,5227,16,35,45.7
2025,2025miber,Team Spirit Award,4381,3,35,8.6
2025,2025miber,Team Sustainability Award sponsored by Dow,5462,29,35,82.9
2025,2025mibg,Female Mentor of the Year,27,9,27,33.3
2025,2025mibg,Winner,3414,3,27,11.1
2025,2025mibg,Winner,27,9,27,33.3
2025,2025mibg,Winner,3322,22,27,81.5
2025,2025mibg,Finalist,302,1,27,3.7
2025,2025mibg,Finalist,33,5,27,18.5
2025,2025mibg,Finalist,4810,24,27,88.9
2025,2025mibig,District FIRST Impact Award,3603,26,41,63.4
2025,2025mibig,District Engineering Inspiration Award,4327,36,41,87.8
2025,2025mibig,Rookie All Star Award,10622,20,41,48.8
2025,2025mibig,District Championship Dean's List Semi-Finalist,70,2,41,4.9
2025,2025mibig,District Event Winner,494,1,41,2.4
2025,2025mibig,District Event Winner,70,2,41,4.9
2025,2025mibig,District Event Winner,9242,29,41,70.7
2025,2025mibig,District Event Finalist,5505,4,41,9.8
2025,2025mibig,District Event Finalist,10589,14,41,34.1
2025,2025mibig,District Event Finalist,10421,27,41,65.9
2025,2025mibig,Autonomous Award,10589,14,41,34.1
2025,2025mibig,Creativity Award sponsored by Rockwell Automation,8612,34,41,82.9
2025,2025mibig,Excellence in Engineering Award,5505,4,41,9.8
2025,2025mibig,Gracious Professionalism Award,107,13,41,31.7
2025,2025mibig,Imagery Award in honor of Jack Kamen,5462,12,41,29.3
2025,2025mibig,Industrial Design Award sponsored by General Motors,4835,25,41,61.0
2025,2025mibig,Innovation in Control Award sponsored by nVent,8286,18,41,43.9
2025,2025mibig,Judges' Award,70,2,41,4.9
2025,2025mibig,Quality Award,6877,9,41,22.0
2025,2025mibig,Rising All-Star Award,7054,15,41,36.6
2025,2025mibig,Team Spirit Award,6642,10,41,24.4
2025,2025mibig,Team Sustainability Award sponsored by Dow,9176,11,41,26.8
2025,2025mibkn,District FIRST Impact Award,1023,2,40,5.0
2025,2025mibkn,District Engineering Inspiration Award,9312,25,40,62.5
2025,2025mibkn,Rookie All Star Award,10629,28,40,70.0
2025,2025mibkn,District Championship Dean's List Semi-Finalist,548,3,40,7.5
2025,2025mibkn,District Event Winner,3668,4,40,10.0
2025,2025mibkn,District Event Winner,7197,8,40,20.0
2025,2025mibkn,District Event Winner,5559,21,40,52.5
2025,2025mibkn,District Event Finalist,1023,2,40,5.0
2025,2025mibkn,District Event Finalist,302,17,40,42.5
2025,2025mibkn,District Event Finalist,5234,29,40,72.5
2025,2025mibkn,Autonomous Award,3668,4,40,10.0
2025,2025mibkn,Creativity Award sponsored by Rockwell Automation,548,3,40,7.5
2025,2025mibkn,Excellence in Engineering Award,302,17,40,42.5
2025,2025mibkn,Gracious Professionalism Award,7501,11,40,27.5
2025,2025mibkn,Imagery Award in honor of Jack Kamen,7197,8,40,20.0
2025,2025mibkn,Industrial Design Award sponsored by General Motors,1025,5,40,12.5
2025,2025mibkn,Innovation in Control Award sponsored by nVent,3656,1,40,2.5
2025,2025mibkn,Judges' Award,2960,13,40,32.5
2025,2025mibkn,Quality Award,2611,6,40,15.0
2025,2025mibkn,Rising All-Star Award,9703,33,40,82.5
2025,2025mibkn,Team Spirit Award,7289,27,40,67.5
2025,2025mibkn,Team Sustainability Award sponsored by Dow,503,12,40,30.0
2025,2025mibro,District FIRST Impact Award,5166,7,39,17.9
2025,2025mibro,District Engineering Inspiration Award,3604,2,39,5.1
2025,2025mibro,Rookie All Star Award,10607,37,39,94.9
2025,2025mibro,District Championship Dean's List Semi-Finalist,3604,2,39,5.1
2025,2025mibro,District Event Winner,245,1,39,2.6
2025,2025mibro,District Event Winner,3620,4,39,10.3
2025,2025mibro,District Event Winner,6029,24,39,61.5
2025,2025mibro,District Event Finalist,2851,11,39,28.2
2025,2025mibro,District Event Finalist,6637,22,39,56.4
2025,2025mibro,District Event Finalist,6081,29,39,74.4
2025,2025mibro,Autonomous Award,3620,4,39,10.3
2025,2025mibro,Creativity Award sponsored by Rockwell Automation,9455,35,39,89.7
2025,2025mibro,Excellence in Engineering Award,2851,11,39,28.2
2025,2025mibro,Gracious Professionalism Award,5641,17,39,43.6
2025,2025mibro,Imagery Award in honor of Jack Kamen,6029,24,39,61.5
2025,2025mibro,Industrial Design Award sponsored by General Motors,1189,9,39,23.1
2025,2025mibro,Innovation in Control Award sponsored by nVent,2620,16,39,41.0
2025,2025mibro,Judges' Award,245,1,39,2.6
2025,2025mibro,Quality Award,815,3,39,7.7
2025,2025mibro,Rising All-Star Award,5050,13,39,33.3
2025,2025mibro,Team Spirit Award,3667,6,39,15.4
2025,2025mibro,Team Sustainability Award sponsored by Dow,6637,22,39,56.4
2025,2025mibro1,Mentor of the Year,33,8,40,20.0
2025,2025mibro1,Mentor of the Year,1481,18,40,45.0
2025,2025mibro1,Winner,2832,1,40,2.5
2025,2025mibro1,Winner,9245,4,40,10.0
2025,2025mibro1,Winner,7598,30,40,75.0
2025,2025mibro1,Winner,7656,33,40,82.5
2025,2025mibro1,Finalist,3767,10,40,25.0
2025,2025mibro1,Finalist,9312,26,40,65.0
2025,2025mibro1,Finalist,7211,24,40,60.0
2025,2025mibro1,Finalist,7865,14,40,35.0
2025,2025micmp,District Championship FIRST Impact Award,201,,,
2025,2025micmp,District Championship FIRST Impact Award,1502,,,
2025,2025micmp,District Championship FIRST Impact Award,3604,,,
2025,2025micmp,District Championship FIRST Impact Award,3620,,,
2025,2025micmp,District Championship Engineering Inspiration Award,9312,,,
2025,2025micmp,District Championship Rookie All Star Award,10690,,,
2025,2025micmp,District Championship Rookie All Star Award,10656,,,
2025,2025micmp,Woodie Flowers Finalist Award,1506,,,
2025,2025micmp,Woodie Flowers Finalist Award,1188,,,
2025,2025micmp,Woodie Flowers Finalist Award,4855,,,
2025,2025micmp,FIRST Dean's List Finalist Award,5530,,,
2025,2025micmp,FIRST Dean's List Finalist Award,27,,,
2025,2025micmp,FIRST Dean's List Finalist Award,70,,,
2025,2025micmp,FIRST Dean's List Finalist Award,9255,,,
2025,2025micmp,FIRST Dean's List Finalist Award,4422,,,
2025,2025micmp,FIRST Dean's List Finalist Award,3770,,,
2025,2025micmp,FIRST Dean's List Finalist Award,217,,,
2025,2025micmp,FIRST Dean's List Finalist Award,1718,,,
2025,2025micmp,FIRST Dean's List Finalist Award,3641,,,
2025,2025micmp,FIRST Dean's List Finalist Award,245,,,
2025,2025micmp,FIRST Dean's List Finalist Award,2832,,,
2025,2025micmp,FIRST Dean's List Finalist Award,548,,,
2025,2025micmp,FIRST Dean's List Finalist Award,469,,,
2025,2025micmp,District Championship Winner,67,,,
2025,2025micmp,District Championship Winner,2767,,,
2025,2025micmp,District Championship Winner,5843,,,
2025,2025micmp,District Championship Finalist,2075,,,
2025,2025micmp,District Championship Finalist,2337,,,
2025,2025micmp,District Championship Finalist,858,,,
2025,2025micmp1,District Championship Winner,27,3,40,7.5
2025,2025micmp1,District Championship Winner,3539,13,40,32.5
2025,2025micmp1,District Championship Winner,7211,18,40,45.0
2025,2025micmp1,District Championship Finalist,1918,5,40,12.5
2025,2025micmp1,District Championship Finalist,70,16,40,40.0
2025,2025micmp1,District Championship Finalist,2145,22,40,55.0
2025,2025micmp1,Autonomous Award,3538,8,40,20.0
2025,2025micmp1,Creativity Award sponsored by Rockwell Automation,8517,33,40,82.5
2025,2025micmp1,Excellence in Engineering Award,4003,29,40,72.5
2025,2025micmp1,Gracious Professionalism Award,3770,26,40,65.0
2025,2025micmp1,Imagery Award in honor of Jack Kamen,1711,38,40,95.0
2025,2025micmp1,Industrial Design Award sponsored by General Motors,33,7,40,17.5
2025,2025micmp1,Innovation in Control Award sponsored by nVent,27,3,40,7.5
2025,2025micmp1,Judges' Award,3655,15,40,37.5
2025,2025micmp1,Quality Award,2054,1,40,2.5
2025,2025micmp1,Rising All-Star Award,5530,32,40,80.0
2025,2025micmp1,Team Spirit Award,1481,25,40,62.5
2025,2025micmp1,Team Sustainability Award sponsored by Dow,3414,19,40,47.5
2025,2025micmp2,District Championship Winner,67,1,40,2.5
2025,2025micmp2,District Championship Winner,2767,4,40,10.0
2025,2025micmp2,District Championship Winner,5843,34,40,85.0
2025,2025micmp2,District Championship Finalist,7166,5,40,12.5
2025,2025micmp2,District Championship Finalist,4391,11,40,27.5
2025,2025micmp2,District Championship Finalist,3322,14,40,35.0
2025,2025micmp2,Autonomous Award,2834,2,40,5.0
2025,2025micmp2,Creativity Award sponsored by Rockwell Automation,1684,29,40,72.5
2025,2025micmp2,Excellence in Engineering Award,2851,20,40,50.0
2025,2025micmp2,Gracious Professionalism Award,1506,17,40,42.5
2025,2025micmp2,Imagery Award in honor of Jack Kamen,2767,4,40,10.0
2025,2025micmp2,Industrial Design Award sponsored by General Motors,67,1,40,2.5
2025,2025micmp2,Innovation in Control Award sponsored by nVent,6570,21,40,52.5
2025,2025micmp2,Judges' Award,5675,9,40,22.5
2025,2025micmp2,Quality Award,5114,15,40,37.5
2025,2025micmp2,Rising All-Star Award,8352,27,40,67.5
2025,2025micmp2,Team Spirit Award,7174,12,40,30.0
2025,2025micmp2,Team Sustainability Award sponsored by Dow,5712,3,40,7.5
2025,2025micmp3,District Championship Winner,5460,2,40,5.0
2025,2025micmp3,District Championship Winner,3620,8,40,20.0
2025,2025micmp3,District Championship Winner,2960,15,40,37.5
2025,2025micmp3,District Championship Finalist,5166,5,40,12.5
2025,2025micmp3,District Championship Finalist,3572,17,40,42.5
2025,2025micmp3,District Championship Finalist,2586,27,40,67.5
2025,2025micmp3,Autonomous Award,6548,4,40,10.0
2025,2025micmp3,Creativity Award sponsored by Rockwell Automation,2619,20,40,50.0
2025,2025micmp3,Excellence in Engineering Award,469,22,40,55.0
2025,2025micmp3,Gracious Professionalism Award,1188,36,40,90.0
2025,2025micmp3,Imagery Award in honor of Jack Kamen,7656,26,40,65.0
2025,2025micmp3,Industrial Design Award sponsored by General Motors,5460,2,40,5.0
2025,2025micmp3,Innovation in Control Award sponsored by nVent,3536,13,40,32.5
2025,2025micmp3,Judges' Award,4967,16,40,40.0
2025,2025micmp3,Quality Award,3767,7,40,17.5
2025,2025micmp3,Rising All-Star Award,7196,38,40,95.0
2025,2025micmp3,Team Spirit Award,3537,40,40,100.0
2025,2025micmp3,Team Sustainability Award sponsored by Dow,5166,5,40,12.5
2025,2025micmp4,District Championship Winner,2075,1,40,2.5
2025,2025micmp4,District Championship Winner,2337,8,40,20.0
2025,2025micmp4,District Championship Winner,858,20,40,50.0
2025,2025micmp4,District Championship Finalist,226,2,40,5.0
2025,2025micmp4,District Championship Finalist,5216,25,40,62.5
2025,2025micmp4,District Championship Finalist,5193,29,40,72.5
2025,2025micmp4,Autonomous Award,2075,1,40,2.5
2025,2025micmp4,Creativity Award sponsored by Rockwell Automation,5152,27,40,67.5
2025,2025micmp4,Excellence in Engineering Award,4237,13,40,32.5
2025,2025micmp4,Gracious Professionalism Award,3175,22,40,55.0
2025,2025micmp4,Imagery Award in honor of Jack Kamen,1076,19,40,47.5
2025,2025micmp4,Industrial Design Award sponsored by General Motors,5660,17,40,42.5
2025,2025micmp4,Innovation in Control Award sponsored by nVent,910,9,40,22.5
2025,2025micmp4,Judges' Award,302,7,40,17.5
2025,2025micmp4,Quality Award,862,10,40,25.0
2025,2025micmp4,Rising All-Star Award,1498,11,40,27.5
2025,2025micmp4,Team Spirit Award,3875,36,40,90.0
2025,2025micmp4,Team Sustainability Award sponsored by Dow,5216,25,40,62.5
2025,2025midet,District FIRST Impact Award,5530,11,39,28.2
2025,2025midet,District Engineering Inspiration Award,6615,7,39,17.9
2025,2025midet,Rookie All Star Award,10577,29,39,74.4
2025,2025midet,District Championship Dean's List Semi-Finalist,8179,21,39,53.8
2025,2025midet,District Event Winner,2960,1,39,2.6
2025,2025midet,District Event Winner,6615,7,39,17.9
2025,2025midet,District Event Winner,9252,27,39,69.2
2025,2025midet,District Event Finalist,1701,2,39,5.1
2025,2025midet,District Event Finalist,7656,4,39,10.3
2025,2025midet,District Event Finalist,4851,35,39,89.7
2025,2025midet,Autonomous Award,4405,6,39,15.4
2025,2025midet,Creativity Award sponsored by Rockwell Automation,5695,8,39,20.5
2025,2025midet,Excellence in Engineering Award,1701,2,39,5.1
2025,2025midet,Gracious Professionalism Award,5577,5,39,12.8
2025,2025midet,Imagery Award in honor of Jack Kamen,2673,15,39,38.5
2025,2025midet,Industrial Design Award sponsored by General Motors,7196,3,39,7.7
2025,2025midet,Innovation in Control Award sponsored by nVent,8179,21,39,53.8
2025,2025midet,Judges' Award,7656,4,39,10.3
2025,2025midet,Quality Award,2960,1,39,2.6
2025,2025midet,Rising All-Star Award,6096,39,39,100.0
2025,2025midet,Team Spirit Award,2048,13,39,33.3
2025,2025midet,Team Sustainability Award sponsored by Dow,7692,38,39,97.4
2025,2025midtr,District FIRST Impact Award,9255,23,40,57.5
2025,2025midtr,District Engineering Inspiration Award,469,1,40,2.5
2025,2025midtr,Rookie All Star Award,10590,14,40,35.0
2025,2025midtr,District Championship Dean's List Semi-Finalist,9255,23,40,57.5
2025,2025midtr,District Event Winner,8352,5,40,12.5
2025,2025midtr,District Event Winner,4680,21,40,52.5
2025,2025midtr,District Event Winner,3632,31,40,77.5
2025,2025midtr,District Event Finalist,469,1,40,2.5
2025,2025midtr,District Event Finalist,7196,4,40,10.0
2025,2025midtr,District Event Finalist,9651,16,40,40.0
2025,2025midtr,Autonomous Award,6029,6,40,15.0
2025,2025midtr,Creativity Award sponsored by Rockwell Automation,5642,19,40,47.5
2025,2025midtr,Excellence in Engineering Award,4680,21,40,52.5
2025,2025midtr,Gracious Professionalism Award,3096,29,40,72.5
2025,2025midtr,Imagery Award in honor of Jack Kamen,5901,11,40,27.5
2025,2025midtr,Industrial Design Award sponsored by General Motors,8193,3,40,7.5
2025,2025midtr,Innovation in Control Award sponsored by nVent,123,2,40,5.0
2025,2025midtr,Judges' Award,2048,30,40,75.0
2025,2025midtr,Quality Award,815,12,40,30.0
2025,2025midtr,Rising All-Star Award,10607,35,40,87.5
2025,2025midtr,Team Spirit Award,4390,33,40,82.5
2025,2025midtr,Team Sustainability Award sponsored by Dow,7196,4,40,10.0
2025,2025miesc,District FIRST Impact Award,6637,8,38,21.1
2025,2025miesc,District Engineering Inspiration Award,141,3,38,7.9
2025,2025miesc,Rookie All Star Award,10595,32,38,84.2
2025,2025miesc,District Championship Dean's List Semi-Finalist,4391,1,38,2.6
2025,2025miesc,District Event Winner,4391,1,38,2.6
2025,2025miesc,District Event Winner,10589,4,38,10.5
2025,2025miesc,District Event Winner,1322,29,38,76.3
2025,2025miesc,District Event Finalist,4375,6,38,15.8
2025,2025miesc,District Event Finalist,6088,10,38,26.3
2025,2025miesc,District Event Finalist,5547,24,38,63.2
2025,2025miesc,Autonomous Award,2586,5,38,13.2
2025,2025miesc,Creativity Award sponsored by Rockwell Automation,9674,38,38,100.0
2025,2025miesc,Excellence in Engineering Award,4391,1,38,2.6
2025,2025miesc,Gracious Professionalism Award,7782,13,38,34.2
2025,2025miesc,Imagery Award in honor of Jack Kamen,6079,26,38,68.4
2025,2025miesc,Industrial Design Award sponsored by General Motors,3602,11,38,28.9
2025,2025miesc,Innovation in Control Award sponsored by nVent,4375,6,38,15.8
2025,2025miesc,Judges' Award,9773,14,38,36.8
2025,2025miesc,Quality Award,10589,4,38,10.5
2025,2025miesc,Rising All-Star Award,9733,18,38,47.4
2025,2025miesc,Team Spirit Award,5706,37,38,97.4
2025,2025miesc,Team Sustainability Award sponsored by Dow,4835,21,38,55.3
2025,2025mifer,District FIRST Impact Award,3604,23,40,57.5
2025,2025mifer,District Engineering Inspiration Award,1188,12,40,30.0
2025,2025mifer,Rookie All Star Award,10285,35,40,87.5
2025,2025mifer,District Championship Dean's List Semi-Finalist,5530,11,40,27.5
2025,2025mifer,District Event Winner,33,1,40,2.5
2025,2025mifer,District Event Winner,3538,3,40,7.5
2025,2025mifer,District Event Winner,1250,25,40,62.5
2025,2025mifer,District Event Finalist,3414,9,40,22.5
2025,2025mifer,District Event Finalist,5436,13,40,32.5
2025,2025mifer,District Event Finalist,8280,20,40,50.0
2025,2025mifer,Autonomous Award,3538,3,40,7.5
2025,2025mifer,Creativity Award sponsored by Rockwell Automation,302,14,40,35.0
2025,2025mifer,Excellence in Engineering Award,3414,9,40,22.5
2025,2025mifer,Gracious Professionalism Award,6570,10,40,25.0
2025,2025mifer,Imagery Award in honor of Jack Kamen,5090,15,40,37.5
2025,2025mifer,Industrial Design Award sponsored by General Motors,68,6,40,15.0
2025,2025mifer,Innovation in Control Award sponsored by nVent,7769,7,40,17.5
2025,2025mifer,Judges' Award,5498,32,40,80.0
2025,2025mifer,Quality Award,2851,24,40,60.0
2025,2025mifer,Rising All-Star Award,8280,20,40,50.0
2025,2025mifer,Team Spirit Award,4680,29,40,72.5
2025,2025mifer,Team Sustainability Award sponsored by Dow,5436,13,40,32.5
2025,2025mifli,Winner,2767,1,18,5.6
2025,2025mifli,Winner,2137,1,18,5.6
2025,2025mifli,Winner,33,1,18,5.6
2025,2025mifli,Finalist,5460,3,18,16.7
2025,2025mifli,Finalist,1684,3,18,16.7
2025,2025mifli,Finalist,2337,3,18,16.7
2025,2025mike2,District FIRST Impact Award,1506,3,39,7.7
2025,2025mike2,District Engineering Inspiration Award,2337,1,39,2.6
2025,2025mike2,District Championship Dean's List Semi-Finalist,2832,5,39,12.8
2025,2025mike2,District Event Winner,2337,1,39,2.6
2025,2025mike2,District Event Winner,2832,5,39,12.8
2025,2025mike2,District Event Winner,9251,34,39,87.2
2025,2025mike2,District Event Finalist,7211,4,39,10.3
2025,2025mike2,District Event Finalist,1684,24,39,61.5
2025,2025mike2,District Event Finalist,3098,27,39,69.2
2025,2025mike2,Autonomous Award,2832,5,39,12.8
2025,2025mike2,Creativity Award sponsored by Rockwell Automation,1684,24,39,61.5
2025,2025mike2,Excellence in Engineering Award,5114,6,39,15.4
2025,2025mike2,Gracious Professionalism Award,3568,17,39,43.6
2025,2025mike2,Imagery Award in honor of Jack Kamen,6861,8,39,20.5
2025,2025mike2,Industrial Design Award sponsored by General Motors,5907,18,39,46.2
2025,2025mike2,Innovation in Control Award sponsored by nVent,7211,4,39,10.3
2025,2025mike2,Judges' Award,7784,14,39,35.9
2025,2025mike2,Quality Award,5660,2,39,5.1
2025,2025mike2,Rising All-Star Award,9255,31,39,79.5
2025,2025mike2,Team Spirit Award,9572,33,39,84.6
2025,2025mike2,Team Sustainability Award sponsored by Dow,5046,11,39,28.2
2025,2025miken,District FIRST Impact Award,3875,9,40,22.5
2025,2025miken,District Engineering Inspiration Award,4381,10,40,25.0
2025,2025miken,Rookie All Star Award,10633,7,40,17.5
2025,2025miken,District Championship Dean's List Semi-Finalist,3875,9,40,22.5
2025,2025miken,District Event Winner,2075,1,40,2.5
2025,2025miken,District Event Winner,2054,2,40,5.0
2025,2025miken,District Event Winner,10654,30,40,75.0
2025,2025miken,District Event Finalist,3875,9,40,22.5
2025,2025miken,District Event Finalist,4381,10,40,25.0
2025,2025miken,District Event Finalist,858,22,40,55.0
2025,2025miken,Autonomous Award,2054,2,40,5.0
2025,2025miken,Creativity Award sponsored by Rockwell Automation,4967,4,40,10.0
2025,2025miken,Excellence in Engineering Award,2075,1,40,2.5
2025,2025miken,Gracious Professionalism Award,6090,20,40,50.0
2025,2025miken,Imagery Award in honor of Jack Kamen,904,18,40,45.0
2025,2025miken,Industrial Design Award sponsored by General Motors,2771,5,40,12.5
2025,2025miken,Innovation in Control Award sponsored by nVent,4422,3,40,7.5
2025,2025miken,Judges' Award,7808,24,40,60.0
2025,2025miken,Quality Award,3658,12,40,30.0
2025,2025miken,Rising All-Star Award,8297,23,40,57.5
2025,2025miken,Team Spirit Award,4855,16,40,40.0
2025,2025miken,Team Sustainability Award sponsored by Dow,5470,35,40,87.5
2025,2025miket,District FIRST Impact Award,573,7,40,17.5
2025,2025miket,District Engineering Inspiration Award,245,24,40,60.0
2025,2025miket,Rookie All Star Award,10668,34,40,85.0
2025,2025miket,District Championship Dean's List Semi-Finalist,245,24,40,60.0
2025,2025miket,District Event Winner,5460,1,40,2.5
2025,2025miket,District Event Winner,2137,3,40,7.5
2025,2025miket,District Event Winner,4998,22,40,55.0
2025,2025miket,District Event Finalist,494,2,40,5.0
2025,2025miket,District Event Finalist,27,5,40,12.5
2025,2025miket,District Event Finalist,5150,27,40,67.5
2025,2025miket,Autonomous Award,2137,3,40,7.5
2025,2025miket,Creativity Award sponsored by Rockwell Automation,9245,11,40,27.5
2025,2025miket,Excellence in Engineering Award,910,9,40,22.5
2025,2025miket,Gracious Professionalism Award,27,5,40,12.5
2025,2025miket,Imagery Award in honor of Jack Kamen,1498,4,40,10.0
2025,2025miket,Industrial Design Award sponsored by General Motors,70,8,40,20.0
2025,2025miket,Innovation in Control Award sponsored by nVent,2145,12,40,30.0
2025,2025miket,Judges' Award,9776,6,40,15.0
2025,2025miket,Quality Award,7784,10,40,25.0
2025,2025miket,Rising All-Star Award,9207,25,40,62.5
2025,2025miket,Team Spirit Award,1504,26,40,65.0
2025,2025miket,Team Sustainability Award sponsored by Dow,5460,1,40,2.5
2025,2025mil,Engineering Inspiration Award,2486,22,75,29.3
2025,2025mil,Rookie All Star Award,10015,68,75,90.7
2025,2025mil,Championship Division Winner,118,2,75,2.7
2025,2025mil,Championship Division Winner,5895,9,75,12.0
2025,2025mil,Championship Division Winner,324,56,75,74.7
2025,2025mil,Championship Division Winner,957,16,75,21.3
2025,2025mil,Championship Division Finalist,5940,1,75,1.3
2025,2025mil,Championship Division Finalist,254,4,75,5.3
2025,2025mil,Championship Division Finalist,1318,38,75,50.7
2025,2025mil,Championship Division Finalist,1477,31,75,41.3
2025,2025mil,Autonomous Award,254,4,75,5.3
2025,2025mil,Creativity Award sponsored by Rockwell Automation,324,56,75,74.7
2025,2025mil,Excellence in Engineering Award,1477,31,75,41.3
2025,2025mil,Gracious Professionalism Award,9029,42,75,56.0
2025,2025mil,Imagery Award in honor of Jack Kamen,5665,34,75,45.3
2025,2025mil,Industrial Design Award sponsored by General Motors,118,2,75,2.7
2025,2025mil,Innovation in Control Award sponsored by nVent,1640,59,75,78.7
2025,2025mil,Judges' Award,1086,49,75,65.3
2025,2025mil,Quality Award,3414,40,75,53.3
2025,2025mil,Rising All-Star Award,3674,8,75,10.7
2025,2025mil,Team Spirit Award,7153,48,75,64.0
2025,2025mil,Team Sustainability Award sponsored by Dow,2720,70,75,93.3
2025,2025milac,District FIRST Impact Award,1502,10,37,27.0
2025,2025milac,District Engineering Inspiration Award,5505,5,37,13.5
2025,2025milac,Rookie All Star Award,10421,28,37,75.7
2025,2025milac,District Championship Dean's List Semi-Finalist,1718,7,37,18.9
2025,2025milac,District Event Winner,3572,2,37,5.4
2025,2025milac,District Event Winner,1481,4,37,10.8
2025,2025milac,District Event Winner,3537,20,37,54.1
2025,2025milac,District Event Finalist,5505,5,37,13.5
2025,2025milac,District Event Finalist,3546,17,37,45.9
2025,2025milac,District Event Finalist,4377,36,37,97.3
2025,2025milac,Autonomous Award,3546,17,37,45.9
2025,2025milac,Creativity Award sponsored by Rockwell Automation,3572,2,37,5.4
2025,2025milac,Excellence in Engineering Award,1481,4,37,10.8
2025,2025milac,Gracious Professionalism Award,1718,7,37,18.9
2025,2025milac,Imagery Award in honor of Jack Kamen,3537,20,37,54.1
2025,2025milac,Industrial Design Award sponsored by General Motors,3767,3,37,8.1
2025,2025milac,Innovation in Control Award sponsored by nVent,7790,15,37,40.5
2025,2025milac,Judges' Award,7250,9,37,24.3
2025,2025milac,Quality Award,3357,8,37,21.6
2025,2025milac,Rising All-Star Award,6005,12,37,32.4
2025,2025milac,Team Spirit Award,7501,6,37,16.2
2025,2025milac,Team Sustainability Award sponsored by Dow,226,1,37,2.7
2025,2025miliv,District FIRST Impact Award,7174,5,39,12.8
2025,2025miliv,District Engineering Inspiration Award,3641,17,39,43.6
2025,2025miliv,Rookie All Star Award,10672,22,39,56.4
2025,2025miliv,District Championship Dean's List Semi-Finalist,308,23,39,59.0
2025,2025miliv,District Event Winner,2337,1,39,2.6
2025,2025miliv,District Event Winner,2832,2,39,5.1
2025,2025miliv,District Event Winner,9618,21,39,53.8
2025,2025miliv,District Event Finalist,503,3,39,7.7
2025,2025miliv,District Event Finalist,5907,7,39,17.9
2025,2025miliv,District Event Finalist,8426,24,39,61.5
2025,2025miliv,Autonomous Award,503,3,39,7.7
2025,2025miliv,Creativity Award sponsored by Rockwell Automation,7220,15,39,38.5
2025,2025miliv,Excellence in Engineering Award,2337,1,39,2.6
2025,2025miliv,Gracious Professionalism Award,308,23,39,59.0
2025,2025miliv,Imagery Award in honor of Jack Kamen,6861,4,39,10.3
2025,2025miliv,Industrial Design Award sponsored by General Motors,8426,24,39,61.5
2025,2025miliv,Innovation in Control Award sponsored by nVent,5907,7,39,17.9
2025,2025miliv,Judges' Award,6532,6,39,15.4
2025,2025miliv,Quality Award,2832,2,39,5.1
2025,2025miliv,Rising All-Star Award,8424,11,39,28.2
2025,2025miliv,Team Spirit Award,7598,39,39,100.0
2025,2025miliv,Team Sustainability Award sponsored by Dow,7178,18,39,46.2
2025,2025milsu,District FIRST Impact Award,4967,14,39,35.9
2025,2025milsu,District Engineering Inspiration Award,5980,11,39,28.2
2025,2025milsu,Rookie All Star Award,10505,7,39,17.9
2025,2025milsu,District Championship Dean's List Semi-Finalist,4398,4,39,10.3
2025,2025milsu,District Event Winner,4391,1,39,2.6
2025,2025milsu,District Event Winner,4398,4,39,10.3
2025,2025milsu,District Event Winner,4377,36,39,92.3
2025,2025milsu,District Event Finalist,10505,7,39,17.9
2025,2025milsu,District Event Finalist,7768,8,39,20.5
2025,2025milsu,District Event Finalist,4375,35,39,89.7
2025,2025milsu,Autonomous Award,7768,8,39,20.5
2025,2025milsu,Creativity Award sponsored by Rockwell Automation,4988,26,39,66.7
2025,2025milsu,Excellence in Engineering Award,4391,1,39,2.6
2025,2025milsu,Gracious Professionalism Award,6121,18,39,46.2
2025,2025milsu,Imagery Award in honor of Jack Kamen,5314,2,39,5.1
2025,2025milsu,Industrial Design Award sponsored by General Motors,4398,4,39,10.3
2025,2025milsu,Innovation in Control Award sponsored by nVent,2586,10,39,25.6
2025,2025milsu,Judges' Award,9188,29,39,74.4
2025,2025milsu,Quality Award,4392,13,39,33.3
2025,2025milsu,Rising All-Star Award,1596,9,39,23.1
2025,2025milsu,Team Spirit Award,6079,38,39,97.4
2025,2025milsu,Team Sustainability Award sponsored by Dow,4377,36,39,92.3
2025,2025mimas,District FIRST Impact Award,3655,8,40,20.0
2025,2025mimas,District Engineering Inspiration Award,7166,6,40,15.0
2025,2025mimas,District Championship Dean's List Semi-Finalist,7166,6,40,15.0
2025,2025mimas,District Event Winner,910,2,40,5.0
2025,2025mimas,District Event Winner,4776,10,40,25.0
2025,2025mimas,District Event Winner,4453,13,40,32.5
2025,2025mimas,District Event Finalist,7166,6,40,15.0
2025,2025mimas,District Event Finalist,1684,18,40,45.0
2025,2025mimas,District Event Finalist,6085,31,40,77.5
2025,2025mimas,Autonomous Award,910,2,40,5.0
2025,2025mimas,Creativity Award sponsored by Rockwell Automation,8608,4,40,10.0
2025,2025mimas,Excellence in Engineering Award,68,7,40,17.5
2025,2025mimas,Gracious Professionalism Award,4776,10,40,25.0
2025,2025mimas,Imagery Award in honor of Jack Kamen,4956,22,40,55.0
2025,2025mimas,Industrial Design Award sponsored by General Motors,51,15,40,37.5
2025,2025mimas,Innovation in Control Award sponsored by nVent,5352,12,40,30.0
2025,2025mimas,Judges' Award,7226,5,40,12.5
2025,2025mimas,Quality Award,3536,3,40,7.5
2025,2025mimas,Rising All-Star Award,9215,28,40,70.0
2025,2025mimas,Team Spirit Award,4453,13,40,32.5
2025,2025mimas,Team Sustainability Award sponsored by Dow,3707,23,40,57.5
2025,2025mimcc,District FIRST Impact Award,1718,2,39,5.1
2025,2025mimcc,District Engineering Inspiration Award,2604,39,39,100.0
2025,2025mimcc,Rookie All Star Award,10665,19,39,48.7
2025,2025mimcc,District Championship Dean's List Semi-Finalist,1189,3,39,7.7
2025,2025mimcc,District Event Winner,1718,2,39,5.1
2025,2025mimcc,District Event Winner,818,10,39,25.6
2025,2025mimcc,District Event Winner,7762,32,39,82.1
2025,2025mimcc,District Event Finalist,9558,6,39,15.4
2025,2025mimcc,District Event Finalist,6120,17,39,43.6
2025,2025mimcc,District Event Finalist,5860,25,39,64.1
2025,2025mimcc,Autonomous Award,3539,1,39,2.6
2025,2025mimcc,Creativity Award sponsored by Rockwell Automation,5239,7,39,17.9
2025,2025mimcc,Excellence in Engineering Award,9558,6,39,15.4
2025,2025mimcc,Gracious Professionalism Award,217,8,39,20.5
2025,2025mimcc,Imagery Award in honor of Jack Kamen,5926,23,39,59.0
2025,2025mimcc,Industrial Design Award sponsored by General Motors,4810,4,39,10.3
2025,2025mimcc,Innovation in Control Award sponsored by nVent,1189,3,39,7.7
2025,2025mimcc,Judges' Award,5860,25,39,64.1
2025,2025mimcc,Quality Award,6120,17,39,43.6
2025,2025mimcc,Rising All-Star Award,9757,9,39,23.1
2025,2025mimcc,Team Spirit Award,3098,11,39,28.2
2025,2025mimcc,Team Sustainability Award sponsored by Dow,818,10,39,25.6
2025,2025mimid,District FIRST Impact Award,2619,5,40,12.5
2025,2025mimid,District Engineering Inspiration Award,5166,4,40,10.0
2025,2025mimid,Rookie All Star Award,10667,29,40,72.5
2025,2025mimid,District Championship Dean's List Semi-Finalist,3770,1,40,2.5
2025,2025mimid,District Event Winner,3175,3,40,7.5
2025,2025mimid,District Event Winner,5166,4,40,10.0
2025,2025mimid,District Event Winner,5538,27,40,67.5
2025,2025mimid,District Event Finalist,3770,1,40,2.5
2025,2025mimid,District Event Finalist,5216,2,40,5.0
2025,2025mimid,District Event Finalist,9685,17,40,42.5
2025,2025mimid,Autonomous Award,3175,3,40,7.5
2025,2025mimid,Creativity Award sponsored by Rockwell Automation,9674,34,40,85.0
2025,2025mimid,Excellence in Engineering Award,5424,21,40,52.5
2025,2025mimid,Gracious Professionalism Award,6033,13,40,32.5
2025,2025mimid,Imagery Award in honor of Jack Kamen,5704,14,40,35.0
2025,2025mimid,Industrial Design Award sponsored by General Motors,3770,1,40,2.5
2025,2025mimid,Innovation in Control Award sponsored by nVent,5216,2,40,5.0
2025,2025mimid,Judges' Award,6753,16,40,40.0
2025,2025mimid,Quality Award,8517,10,40,25.0
2025,2025mimid,Rising All-Star Award,5193,7,40,17.5
2025,2025mimid,Team Spirit Award,6071,36,40,90.0
2025,2025mimid,Team Sustainability Award sponsored by Dow,5509,6,40,15.0
2025,2025mimil,District FIRST Impact Award,548,13,39,33.3
2025,2025mimil,District Engineering Inspiration Award,6753,26,39,66.7
2025,2025mimil,Rookie All Star Award,10656,28,39,71.8
2025,2025mimil,District Championship Dean's List Semi-Finalist,5066,11,39,28.2
2025,2025mimil,District Event Winner,3656,1,39,2.6
2025,2025mimil,District Event Winner,67,3,39,7.7
2025,2025mimil,District Event Winner,6344,30,39,76.9
2025,2025mimil,District Event Finalist,1023,2,39,5.1
2025,2025mimil,District Event Finalist,7166,4,39,10.3
2025,2025mimil,District Event Finalist,7660,24,39,61.5
2025,2025mimil,Autonomous Award,67,3,39,7.7
2025,2025mimil,Creativity Award sponsored by Rockwell Automation,1023,2,39,5.1
2025,2025mimil,Excellence in Engineering Award,2834,7,39,17.9
2025,2025mimil,Gracious Professionalism Award,7553,18,39,46.2
2025,2025mimil,Imagery Award in honor of Jack Kamen,6344,30,39,76.9
2025,2025mimil,Industrial Design Award sponsored by General Motors,7056,22,39,56.4
2025,2025mimil,Innovation in Control Award sponsored by nVent,3656,1,39,2.6
2025,2025mimil,Judges' Award,9182,19,39,48.7
2025,2025mimil,Quality Award,3322,5,39,12.8
2025,2025mimil,Rising All-Star Award,5066,11,39,28.2
2025,2025mimil,Team Spirit Award,7178,38,39,97.4
2025,2025mimil,Team Sustainability Award sponsored by Dow,7166,4,39,10.3
2025,2025mimtp,District FIRST Impact Award,201,7,40,17.5
2025,2025mimtp,District Engineering Inspiration Award,5712,13,40,32.5
2025,2025mimtp,Rookie All Star Award,10587,40,40,100.0
2025,2025mimtp,District Championship Dean's List Semi-Finalist,5712,13,40,32.5
2025,2025mimtp,District Event Winner,3536,1,40,2.5
2025,2025mimtp,District Event Winner,5216,3,40,7.5
2025,2025mimtp,District Event Winner,6033,22,40,55.0
2025,2025mimtp,District Event Finalist,5352,2,40,5.0
2025,2025mimtp,District Event Finalist,4003,4,40,10.0
2025,2025mimtp,District Event Finalist,9685,37,40,92.5
2025,2025mimtp,Autonomous Award,5216,3,40,7.5
2025,2025mimtp,Creativity Award sponsored by Rockwell Automation,2619,12,40,30.0
2025,2025mimtp,Excellence in Engineering Award,4003,4,40,10.0
2025,2025mimtp,Gracious Professionalism Award,6033,22,40,55.0
2025,2025mimtp,Imagery Award in honor of Jack Kamen,8517,18,40,45.0
2025,2025mimtp,Industrial Design Award sponsored by General Motors,8873,15,40,37.5
2025,2025mimtp,Innovation in Control Award sponsored by nVent,3536,1,40,2.5
2025,2025mimtp,Judges' Award,5352,2,40,5.0
2025,2025mimtp,Quality Award,6121,9,40,22.5
2025,2025mimtp,Rising All-Star Award,9542,31,40,77.5
2025,2025mimtp,Team Spirit Award,1711,14,40,35.0
2025,2025mimtp,Team Sustainability Award sponsored by Dow,3618,30,40,75.0
2025,2025mimus,District FIRST Impact Award,2771,26,39,66.7
2025,2025mimus,District Engineering Inspiration Award,4776,6,39,15.4
2025,2025mimus,Rookie All Star Award,10606,5,39,12.8
2025,2025mimus,District Championship Dean's List Semi-Finalist,2834,10,39,25.6
2025,2025mimus,District Event Winner,3572,1,39,2.6
2025,2025mimus,District Event Winner,3538,2,39,5.1
2025,2025mimus,District Event Winner,10654,23,39,59.0
2025,2025mimus,District Event Finalist,10606,5,39,12.8
2025,2025mimus,District Event Finalist,2834,10,39,25.6
2025,2025mimus,District Event Finalist,6128,37,39,94.9
2025,2025mimus,Autonomous Award,3572,1,39,2.6
2025,2025mimus,Creativity Award sponsored by Rockwell Automation,1918,4,39,10.3
2025,2025mimus,Excellence in Engineering Award,2834,10,39,25.6
2025,2025mimus,Gracious Professionalism Award,85,11,39,28.2
2025,2025mimus,Imagery Award in honor of Jack Kamen,2405,15,39,38.5
2025,2025mimus,Industrial Design Award sponsored by General Motors,2075,3,39,7.7
2025,2025mimus,Innovation in Control Award sponsored by nVent,4004,13,39,33.3
2025,2025mimus,Judges' Award,5152,7,39,17.9
2025,2025mimus,Quality Award,3538,2,39,5.1
2025,2025mimus,Rising All-Star Award,8041,14,39,35.9
2025,2025mimus,Team Spirit Award,6090,16,39,41.0
2025,2025mimus,Team Sustainability Award sponsored by Dow,8126,19,39,48.7
2025,2025misal,District FIRST Impact Award,1188,4,38,10.5
2025,2025misal,District Engineering Inspiration Award,27,2,38,5.3
2025,2025misal,District Championship Dean's List Semi-Finalist,27,2,38,5.3
2025,2025misal,District Event Winner,67,1,38,2.6
2025,2025misal,District Event Winner,5460,5,38,13.2
2025,2025misal,District Event Winner,5150,29,38,76.3
2025,2025misal,District Event Finalist,27,2,38,5.3
2025,2025misal,District Event Finalist,2137,3,38,7.9
2025,2025misal,District Event Finalist,6101,21,38,55.3
2025,2025misal,Autonomous Award,1076,6,38,15.8
2025,2025misal,Creativity Award sponsored by Rockwell Automation,5114,16,38,42.1
2025,2025misal,Excellence in Engineering Award,1,12,38,31.6
2025,2025misal,Gracious Professionalism Award,7692,19,38,50.0
2025,2025misal,Imagery Award in honor of Jack Kamen,5066,9,38,23.7
2025,2025misal,Industrial Design Award sponsored by General Motors,5843,8,38,21.1
2025,2025misal,Innovation in Control Award sponsored by nVent,5460,5,38,13.2
2025,2025misal,Judges' Award,1502,14,38,36.8
2025,2025misal,Quality Award,67,1,38,2.6
2025,2025misal,Rising All-Star Award,5567,10,38,26.3
2025,2025misal,Team Spirit Award,10656,11,38,28.9
2025,2025misal,Team Sustainability Award sponsored by Dow,3568,37,38,97.4
2025,2025misjo,District FIRST Impact Award,3620,2,40,5.0
2025,2025misjo,District Engineering Inspiration Award,2054,4,40,10.0
2025,2025misjo,Rookie All Star Award,10473,12,40,30.0
2025,2025misjo,District Championship Dean's List Semi-Finalist,3620,2,40,5.0
2025,2025misjo,District Event Winner,2767,1,40,2.5
2025,2025misjo,District Event Winner,3620,2,40,5.0
2025,2025misjo,District Event Winner,7210,37,40,92.5
2025,2025misjo,District Event Winner,6588,15,40,37.5
2025,2025misjo,District Event Finalist,2054,4,40,10.0
2025,2025misjo,District Event Finalist,1076,8,40,20.0
2025,2025misjo,District Event Finalist,4237,19,40,47.5
2025,2025misjo,Autonomous Award,5675,3,40,7.5
2025,2025misjo,Creativity Award sponsored by Rockwell Automation,2620,6,40,15.0
2025,2025misjo,Excellence in Engineering Award,5227,29,40,72.5
2025,2025misjo,Gracious Professionalism Award,5843,5,40,12.5
2025,2025misjo,Imagery Award in honor of Jack Kamen,1076,8,40,20.0
2025,2025misjo,Industrial Design Award sponsored by General Motors,5927,9,40,22.5
2025,2025misjo,Innovation in Control Award sponsored by nVent,4237,19,40,47.5
2025,2025misjo,Judges' Award,6548,10,40,25.0
2025,2025misjo,Quality Award,3658,16,40,40.0
2025,2025misjo,Rising All-Star Award,9638,35,40,87.5
2025,2025misjo,Team Spirit Award,2959,26,40,65.0
2025,2025misjo,Team Sustainability Award sponsored by Dow,74,20,40,50.0
2025,2025mitry,District FIRST Impact Award,226,2,41,4.9
2025,2025mitry,District Engineering Inspiration Award,5436,11,41,26.8
2025,2025mitry,Rookie All Star Award,10690,33,41,80.5
2025,2025mitry,District Championship Dean's List Semi-Finalist,469,15,41,36.6
2025,2025mitry,District Event Winner,33,1,41,2.4
2025,2025mitry,District Event Winner,9245,4,41,9.8
2025,2025mitry,District Event Winner,4998,39,41,95.1
2025,2025mitry,District Event Winner,10652,17,41,41.5
2025,2025mitry,District Event Finalist,2145,3,41,7.3
2025,2025mitry,District Event Finalist,1506,5,41,12.2
2025,2025mitry,District Event Finalist,5053,30,41,73.2
2025,2025mitry,Autonomous Award,2145,3,41,7.3
2025,2025mitry,Creativity Award sponsored by Rockwell Automation,4362,14,41,34.1
2025,2025mitry,Excellence in Engineering Award,33,1,41,2.4
2025,2025mitry,Gracious Professionalism Award,1506,5,41,12.2
2025,2025mitry,Imagery Award in honor of Jack Kamen,4998,39,41,95.1
2025,2025mitry,Industrial Design Award sponsored by General Motors,8728,9,41,22.0
2025,2025mitry,Innovation in Control Award sponsored by nVent,818,12,41,29.3
2025,2025mitry,Judges' Award,4384,26,41,63.4
2025,2025mitry,Quality Award,9245,4,41,9.8
2025,2025mitry,Rising All-Star Award,1498,10,41,24.4
2025,2025mitry,Team Spirit Award,573,13,41,31.7
2025,2025mitry,Team Sustainability Award sponsored by Dow,201,31,41,75.6
2025,2025mitvc,District FIRST Impact Award,4327,28,40,70.0
2025,2025mitvc,District Engineering Inspiration Award,3767,2,40,5.0
2025,2025mitvc,Rookie All Star Award,10605,27,40,67.5
2025,2025mitvc,District Championship Dean's List Semi-Finalist,1711,11,40,27.5
2025,2025mitvc,District Event Winner,7790,1,40,2.5
2025,2025mitvc,District Event Winner,3767,2,40,5.0
2025,2025mitvc,District Event Winner,7598,33,40,82.5
2025,2025mitvc,District Event Winner,5560,21,40,52.5
2025,2025mitvc,District Event Finalist,5110,6,40,15.0
2025,2025mitvc,District Event Finalist,5534,8,40,20.0
2025,2025mitvc,District Event Finalist,6077,16,40,40.0
2025,2025mitvc,Autonomous Award,1711,11,40,27.5
2025,2025mitvc,Creativity Award sponsored by Rockwell Automation,4398,19,40,47.5
2025,2025mitvc,Excellence in Engineering Award,8873,3,40,7.5
2025,2025mitvc,Gracious Professionalism Award,3618,7,40,17.5
2025,2025mitvc,Imagery Award in honor of Jack Kamen,5424,17,40,42.5
2025,2025mitvc,Industrial Design Award sponsored by General Motors,3688,4,40,10.0
2025,2025mitvc,Innovation in Control Award sponsored by nVent,7782,13,40,32.5
2025,2025mitvc,Judges' Award,5086,5,40,12.5
2025,2025mitvc,Quality Award,7160,32,40,80.0
2025,2025mitvc,Rising All-Star Award,5193,20,40,50.0
2025,2025mitvc,Team Spirit Award,3537,31,40,77.5
2025,2025mitvc,Team Sustainability Award sponsored by Dow,5110,6,40,15.0
2025,2025miwmi,District FIRST Impact Award,107,30,40,75.0
2025,2025miwmi,District Engineering Inspiration Award,85,14,40,35.0
2025,2025miwmi,District Championship Dean's List Semi-Finalist,862,2,40,5.0
2025,2025miwmi,District Event Winner,2767,1,40,2.5
2025,2025miwmi,District Event Winner,862,2,40,5.0
2025,2025miwmi,District Event Winner,8397,20,40,50.0
2025,2025miwmi,District Event Finalist,5675,3,40,7.5
2025,2025miwmi,District Event Finalist,2054,5,40,12.5
2025,2025miwmi,District Event Finalist,7210,25,40,62.5
2025,2025miwmi,District Event Finalist,7248,16,40,40.0
2025,2025miwmi,Autonomous Award,2767,1,40,2.5
2025,2025miwmi,Creativity Award sponsored by Rockwell Automation,2054,5,40,12.5
2025,2025miwmi,Excellence in Engineering Award,6002,6,40,15.0
2025,2025miwmi,Gracious Professionalism Award,2959,19,40,47.5
2025,2025miwmi,Imagery Award in honor of Jack Kamen,5712,11,40,27.5
2025,2025miwmi,Industrial Design Award sponsored by General Motors,3357,10,40,25.0
2025,2025miwmi,Innovation in Control Award sponsored by nVent,5675,3,40,7.5
2025,2025miwmi,Judges' Award,74,9,40,22.5
2025,2025miwmi,Quality Award,4003,23,40,57.5
2025,2025miwmi,Rising All-Star Award,6114,24,40,60.0
2025,2025miwmi,Team Spirit Award,3458,7,40,17.5
2025,2025miwmi,Team Sustainability Award sponsored by Dow,6548,22,40,55.0
2025,2025miwrc,Wolverine Award,1188,6,29,20.7
2025,2025miwrc,Community Engagement Award,7196,16,29,55.2
2025,2025miwrc,Winner,1701,2,29,6.9
2025,2025miwrc,Winner,5660,4,29,13.8
2025,2025miwrc,Winner,1502,23,29,79.3
2025,2025miwrc,Winner,7660,18,29,62.1
2025,2025miwrc,Finalist,5066,5,29,17.2
2025,2025miwrc,Finalist,1189,10,29,34.5
2025,2025miwrc,Finalist,7211,22,29,75.9
2025,2025miwrc,Finalist,7660,18,29,62.1
2025,2025miwrc,Acting Award,9245,1,29,3.4
2025,2025miwrc,Reasoning Award,3015,3,29,10.3
2025,2025miwrc,Sensing Award,1189,10,29,34.5
2025,2025mndu,Regional FIRST Impact Award,4607,7,54,13.0
2025,2025mndu,Regional Engineering Inspiration Award,6421,47,54,87.0
2025,2025mndu,Rookie All Star Award,10490,46,54,85.2
2025,2025mndu,Woodie Flowers Finalist Award,6574,13,54,24.1
2025,2025mndu,FIRST Dean's List Finalist Award,7028,20,54,37.0
2025,2025mndu,FIRST Dean's List Finalist Award,6421,47,54,87.0
2025,2025mndu,Regional Winners,2847,2,54,3.7
2025,2025mndu,Regional Winners,6147,5,54,9.3
2025,2025mndu,Regional Winners,6574,13,54,24.1
2025,2025mndu,Regional Finalists,1619,4,54,7.4
2025,2025mndu,Regional Finalists,3100,10,54,18.5
2025,2025mndu,Regional Finalists,5903,33,54,61.1
2025,2025mndu,Autonomous Award,2847,2,54,3.7
2025,2025mndu,Creativity Award sponsored by Rockwell Automation,3293,12,54,22.2
2025,2025mndu,Excellence in Engineering Award,1619,4,54,7.4
2025,2025mndu,Gracious Professionalism Award,5653,17,54,31.5
2025,2025mndu,Imagery Award in honor of Jack Kamen,7619,21,54,38.9
2025,2025mndu,Industrial Design Award sponsored by General Motors,1732,3,54,5.6
2025,2025mndu,Innovation in Control Award sponsored by nVent,876,1,54,1.9
2025,2025mndu,Judges' Award,5826,38,54,70.4
2025,2025mndu,Quality Award,2654,30,54,55.6
2025,2025mndu,Rising All-Star Award,1306,19,54,35.2
2025,2025mndu,Team Spirit Award,3291,44,54,81.5
2025,2025mndu,Team Sustainability Award sponsored by Dow,6574,13,54,24.1
2025,2025mndu2,Regional FIRST Impact Award,2383,6,54,11.1
2025,2025mndu2,Regional Engineering Inspiration Award,7048,34,54,63.0
2025,2025mndu2,Rookie All Star Award,10173,43,54,79.6
2025,2025mndu2,Woodie Flowers Finalist Award,5690,20,54,37.0
2025,2025mndu2,Volunteer of the Year,6453,,54,
2025,2025mndu2,FIRST Dean's List Finalist Award,2472,5,54,9.3
2025,2025mndu2,FIRST Dean's List Finalist Award,3042,41,54,75.9
2025,2025mndu2,Regional Winners,111,2,54,3.7
2025,2025mndu2,Regional Winners,2240,7,54,13.0
2025,2025mndu2,Regional Winners,5253,33,54,61.1
2025,2025mndu2,Regional Winners,4360,16,54,29.6
2025,2025mndu2,Regional Finalists,5913,4,54,7.4
2025,2025mndu2,Regional Finalists,2383,6,54,11.1
2025,2025mndu2,Regional Finalists,6132,18,54,33.3
2025,2025mndu2,Autonomous Award,111,2,54,3.7
2025,2025mndu2,Creativity Award sponsored by Rockwell Automation,3883,19,54,35.2
2025,2025mndu2,Excellence in Engineering Award,2491,10,54,18.5
2025,2025mndu2,Gracious Professionalism Award,5690,20,54,37.0
2025,2025mndu2,Imagery Award in honor of Jack Kamen,6420,14,54,25.9
2025,2025mndu2,Industrial Design Award sponsored by General Motors,5913,4,54,7.4
2025,2025mndu2,Innovation in Control Award sponsored by nVent,3061,3,54,5.6
2025,2025mndu2,Judges' Award,525,11,54,20.4
2025,2025mndu2,Quality Award,2240,7,54,13.0
2025,2025mndu2,Rising All-Star Award,2512,35,54,64.8
2025,2025mndu2,Team Spirit Award,2177,32,54,59.3
2025,2025mndu2,Team Sustainability Award sponsored by Dow,1816,12,54,22.2
2025,2025mnmi,Regional FIRST Impact Award,3792,8,51,15.7
2025,2025mnmi,Regional Engineering Inspiration Award,6909,13,51,25.5
2025,2025mnmi,Woodie Flowers Finalist Award,2220,18,51,35.3
2025,2025mnmi,FIRST Dean's List Finalist Award,8570,2,51,3.9
2025,2025mnmi,FIRST Dean's List Finalist Award,2491,6,51,11.8
2025,2025mnmi,Regional Winners,8570,2,51,3.9
2025,2025mnmi,Regional Winners,2491,6,51,11.8
2025,2025mnmi,Regional Winners,3891,24,51,47.1
2025,2025mnmi,Regional Finalists,3792,8,51,15.7
2025,2025mnmi,Regional Finalists,3883,11,51,21.6
2025,2025mnmi,Regional Finalists,2472,35,51,68.6
2025,2025mnmi,Autonomous Award,2847,3,51,5.9
2025,2025mnmi,Creativity Award sponsored by Rockwell Automation,2227,17,51,33.3
2025,2025mnmi,Excellence in Engineering Award,8570,2,51,3.9
2025,2025mnmi,Gracious Professionalism Award,2491,6,51,11.8
2025,2025mnmi,Imagery Award in honor of Jack Kamen,4778,27,51,52.9
2025,2025mnmi,Industrial Design Award sponsored by General Motors,3038,40,51,78.4
2025,2025mnmi,Innovation in Control Award sponsored by nVent,3082,5,51,9.8
2025,2025mnmi,Judges' Award,6045,26,51,51.0
2025,2025mnmi,Quality Award,2502,12,51,23.5
2025,2025mnmi,Rising All-Star Award,4687,34,51,66.7
2025,2025mnmi,Team Spirit Award,2220,18,51,35.3
2025,2025mnmi,Team Sustainability Award sponsored by Dow,3630,28,51,54.9
2025,2025mnmi2,Regional FIRST Impact Award,2883,7,48,14.6
2025,2025mnmi2,Regional Engineering Inspiration Award,7028,4,48,8.3
2025,2025mnmi2,Woodie Flowers Finalist Award,4239,37,48,77.1
2025,2025mnmi2,Volunteer of the Year,4607,3,48,6.2
2025,2025mnmi2,FIRST Dean's List Finalist Award,6045,20,48,41.7
2025,2025mnmi2,FIRST Dean's List Finalist Award,6045,20,48,41.7
2025,2025mnmi2,Regional Winners,3276,1,48,2.1
2025,2025mnmi2,Regional Winners,4728,5,48,10.4
2025,2025mnmi2,Regional Winners,6749,16,48,33.3
2025,2025mnmi2,Regional Finalists,7028,4,48,8.3
2025,2025mnmi2,Regional Finalists,7257,12,48,25.0
2025,2025mnmi2,Regional Finalists,7530,28,48,58.3
2025,2025mnmi2,Autonomous Award,3276,1,48,2.1
2025,2025mnmi2,Creativity Award sponsored by Rockwell Automation,8422,10,48,20.8
2025,2025mnmi2,Excellence in Engineering Award,4607,3,48,6.2
2025,2025mnmi2,Gracious Professionalism Award,6749,16,48,33.3
2025,2025mnmi2,Imagery Award in honor of Jack Kamen,4656,9,48,18.8
2025,2025mnmi2,Industrial Design Award sponsored by General Motors,6175,14,48,29.2
2025,2025mnmi2,Innovation in Control Award sponsored by nVent,7103,18,48,37.5
2025,2025mnmi2,Judges' Award,7578,15,48,31.2
2025,2025mnmi2,Quality Award,4728,5,48,10.4
2025,2025mnmi2,Rising All-Star Award,3058,2,48,4.2
2025,2025mnmi2,Team Spirit Award,3026,13,48,27.1
2025,2025mnmi2,Team Sustainability Award sponsored by Dow,6045,20,48,41.7
2025,2025mnum,Regional FIRST Impact Award,3197,2,47,4.3
2025,2025mnum,Regional Engineering Inspiration Award,2470,6,47,12.8
2025,2025mnum,Woodie Flowers Finalist Award,2169,31,47,66.0
2025,2025mnum,FIRST Dean's List Finalist Award,2177,34,47,72.3
2025,2025mnum,FIRST Dean's List Finalist Award,2052,1,47,2.1
2025,2025mnum,Regional Winners,2052,1,47,2.1
2025,2025mnum,Regional Winners,3197,2,47,4.3
2025,2025mnum,Regional Winners,4198,27,47,57.4
2025,2025mnum,Regional Finalists,6147,3,47,6.4
2025,2025mnum,Regional Finalists,2530,8,47,17.0
2025,2025mnum,Regional Finalists,2480,18,47,38.3
2025,2025mnum,Autonomous Award,6147,3,47,6.4
2025,2025mnum,Creativity Award sponsored by Rockwell Automation,2530,8,47,17.0
2025,2025mnum,Excellence in Engineering Award,2239,29,47,61.7
2025,2025mnum,Gracious Professionalism Award,5434,24,47,51.1
2025,2025mnum,Imagery Award in honor of Jack Kamen,2177,34,47,72.3
2025,2025mnum,Industrial Design Award sponsored by General Motors,2987,14,47,29.8
2025,2025mnum,Innovation in Control Award sponsored by nVent,2129,20,47,42.6
2025,2025mnum,Judges' Award,2500,12,47,25.5
2025,2025mnum,Quality Award,159,15,47,31.9
2025,2025mnum,Rising All-Star Award,4536,28,47,59.6
2025,2025mnum,Team Spirit Award,2508,10,47,21.3
2025,2025mnum,Team Sustainability Award sponsored by Dow,1816,23,47,48.9
2025,2025mokc,Regional FIRST Impact Award,1730,2,36,5.6
2025,2025mokc,Regional Engineering Inspiration Award,1987,1,36,2.8
2025,2025mokc,Woodie Flowers Finalist Award,1730,2,36,5.6
2025,2025mokc,FIRST Dean's List Finalist Award,1802,26,36,72.2
2025,2025mokc,FIRST Dean's List Finalist Award,1710,4,36,11.1
2025,2025mokc,Regional Winners,1987,1,36,2.8
2025,2025mokc,Regional Winners,5801,3,36,8.3
2025,2025mokc,Regional Winners,3160,21,36,58.3
2025,2025mokc,Regional Finalists,8825,5,36,13.9
2025,2025mokc,Regional Finalists,9410,14,36,38.9
2025,2025mokc,Regional Finalists,935,33,36,91.7
2025,2025mokc,Regional Finalists,7064,11,36,30.6
2025,2025mokc,Autonomous Award,5268,24,36,66.7
2025,2025mokc,Creativity Award sponsored by Rockwell Automation,1997,23,36,63.9
2025,2025mokc,Excellence in Engineering Award,5801,3,36,8.3
2025,2025mokc,Gracious Professionalism Award,5126,18,36,50.0
2025,2025mokc,Imagery Award in honor of Jack Kamen,1775,28,36,77.8
2025,2025mokc,Industrial Design Award sponsored by General Motors,5809,9,36,25.0
2025,2025mokc,Innovation in Control Award sponsored by nVent,1710,4,36,11.1
2025,2025mokc,Judges' Award,3284,12,36,33.3
2025,2025mokc,Quality Award,2357,10,36,27.8
2025,2025mokc,Rising All-Star Award,5968,7,36,19.4
2025,2025mokc,Team Spirit Award,6647,29,36,80.6
2025,2025mokc,Team Sustainability Award sponsored by Dow,1622,30,36,83.3
2025,2025mose,Regional FIRST Impact Award,1710,2,36,5.6
2025,2025mose,Regional Engineering Inspiration Award,3928,25,36,69.4
2025,2025mose,Woodie Flowers Finalist Award,167,5,36,13.9
2025,2025mose,FIRST Dean's List Finalist Award,1987,9,36,25.0
2025,2025mose,FIRST Dean's List Finalist Award,5968,16,36,44.4
2025,2025mose,Regional Winners,1756,1,36,2.8
2025,2025mose,Regional Winners,4522,8,36,22.2
2025,2025mose,Regional Winners,5968,16,36,44.4
2025,2025mose,Regional Finalists,5801,3,36,8.3
2025,2025mose,Regional Finalists,3928,25,36,69.4
2025,2025mose,Regional Finalists,6419,27,36,75.0
2025,2025mose,Autonomous Award,4646,6,36,16.7
2025,2025mose,Creativity Award sponsored by Rockwell Automation,8825,23,36,63.9
2025,2025mose,Excellence in Engineering Award,1756,1,36,2.8
2025,2025mose,Gracious Professionalism Award,3284,19,36,52.8
2025,2025mose,Imagery Award in honor of Jack Kamen,1736,7,36,19.4
2025,2025mose,Industrial Design Award sponsored by General Motors,1987,9,36,25.0
2025,2025mose,Innovation in Control Award sponsored by nVent,167,5,36,13.9
2025,2025mose,Judges' Award,5801,3,36,8.3
2025,2025mose,Quality Award,5126,22,36,61.1
2025,2025mose,Rising All-Star Award,1763,21,36,58.3
2025,2025mose,Team Spirit Award,1997,18,36,50.0
2025,2025mose,Team Sustainability Award sponsored by Dow,4522,8,36,22.2
2025,2025mosl,Regional FIRST Impact Award,4256,5,45,11.1
2025,2025mosl,Regional Engineering Inspiration Award,4329,31,45,68.9
2025,2025mosl,Rookie All Star Award,10317,19,45,42.2
2025,2025mosl,Woodie Flowers Finalist Award,2506,24,45,53.3
2025,2025mosl,FIRST Dean's List Finalist Award,7472,28,45,62.2
2025,2025mosl,FIRST Dean's List Finalist Award,931,37,45,82.2
2025,2025mosl,Regional Winners,27,1,45,2.2
2025,2025mosl,Regional Winners,1706,2,45,4.4
2025,2025mosl,Regional Winners,1329,14,45,31.1
2025,2025mosl,Regional Finalists,4500,3,45,6.7
2025,2025mosl,Regional Finalists,9401,4,45,8.9
2025,2025mosl,Regional Finalists,3067,35,45,77.8
2025,2025mosl,Autonomous Award,9401,4,45,8.9
2025,2025mosl,Creativity Award sponsored by Rockwell Automation,8069,20,45,44.4
2025,2025mosl,Excellence in Engineering Award,2506,24,45,53.3
2025,2025mosl,Gracious Professionalism Award,5889,36,45,80.0
2025,2025mosl,Imagery Award in honor of Jack Kamen,7472,28,45,62.2
2025,2025mosl,Industrial Design Award sponsored by General Motors,27,1,45,2.2
2025,2025mosl,Innovation in Control Award sponsored by nVent,4500,3,45,6.7
2025,2025mosl,Judges' Award,9428,32,45,71.1
2025,2025mosl,Quality Award,1706,2,45,4.4
2025,2025mosl,Rising All-Star Award,3792,12,45,26.7
2025,2025mosl,Team Spirit Award,6744,34,45,75.6
2025,2025mosl,Team Sustainability Award sponsored by Dow,4330,27,45,60.0
2025,2025mrcmp,District Championship FIRST Impact Award,316,20,60,33.3
2025,2025mrcmp,District Championship FIRST Impact Award,1676,16,60,26.7
2025,2025mrcmp,District Championship Engineering Inspiration Award,2590,27,60,45.0
2025,2025mrcmp,District Championship Engineering Inspiration Award,2720,57,60,95.0
2025,2025mrcmp,District Championship Rookie All Star Award,10157,46,60,76.7
2025,2025mrcmp,Woodie Flowers Finalist Award,321,38,60,63.3
2025,2025mrcmp,Woodie Flowers Finalist Award,708,23,60,38.3
2025,2025mrcmp,FIRST Dean's List Finalist Award,222,42,60,70.0
2025,2025mrcmp,FIRST Dean's List Finalist Award,75,55,60,91.7
2025,2025mrcmp,FIRST Dean's List Finalist Award,3314,15,60,25.0
2025,2025mrcmp,FIRST Dean's List Finalist Award,1676,16,60,26.7
2025,2025mrcmp,District Championship Winner,2607,2,60,3.3
2025,2025mrcmp,District Championship Winner,3314,15,60,25.0
2025,2025mrcmp,District Championship Winner,11,26,60,43.3
2025,2025mrcmp,District Championship Finalist,341,1,60,1.7
2025,2025mrcmp,District Championship Finalist,5895,3,60,5.0
2025,2025mrcmp,District Championship Finalist,3142,24,60,40.0
2025,2025mrcmp,Autonomous Award,5895,3,60,5.0
2025,2025mrcmp,Creativity Award sponsored by Rockwell Automation,555,21,60,35.0
2025,2025mrcmp,Excellence in Engineering Award,341,1,60,1.7
2025,2025mrcmp,Gracious Professionalism Award,321,38,60,63.3
2025,2025mrcmp,Imagery Award in honor of Jack Kamen,193,48,60,80.0
2025,2025mrcmp,Industrial Design Award sponsored by General Motors,272,14,60,23.3
2025,2025mrcmp,Innovation in Control Award sponsored by nVent,1640,11,60,18.3
2025,2025mrcmp,Judges' Award,11,26,60,43.3
2025,2025mrcmp,Quality Award,1923,5,60,8.3
2025,2025mrcmp,Rising All-Star Award,2458,49,60,81.7
2025,2025mrcmp,Team Spirit Award,222,42,60,70.0
2025,2025mrcmp,Team Sustainability Award sponsored by Dow,75,55,60,91.7
2025,2025mslr,Regional FIRST Impact Award,4013,15,37,40.5
2025,2025mslr,Regional Engineering Inspiration Award,1466,10,37,27.0
2025,2025mslr,Rookie All Star Award,10309,21,37,56.8
2025,2025mslr,Woodie Flowers Finalist Award,364,9,37,24.3
2025,2025mslr,FIRST Dean's List Finalist Award,4013,15,37,40.5
2025,2025mslr,FIRST Dean's List Finalist Award,3616,16,37,43.2
2025,2025mslr,Regional Winners,456,2,37,5.4
2025,2025mslr,Regional Winners,2992,4,37,10.8
2025,2025mslr,Regional Winners,3753,27,37,73.0
2025,2025mslr,Regional Finalists,8808,1,37,2.7
2025,2025mslr,Regional Finalists,8044,3,37,8.1
2025,2025mslr,Regional Finalists,7094,23,37,62.2
2025,2025mslr,Autonomous Award,8808,1,37,2.7
2025,2025mslr,Creativity Award sponsored by Rockwell Automation,7094,23,37,62.2
2025,2025mslr,Excellence in Engineering Award,3616,16,37,43.2
2025,2025mslr,Gracious Professionalism Award,1912,11,37,29.7
2025,2025mslr,Imagery Award in honor of Jack Kamen,9435,33,37,89.2
2025,2025mslr,Industrial Design Award sponsored by General Motors,4336,5,37,13.5
2025,2025mslr,Innovation in Control Award sponsored by nVent,6017,8,37,21.6
2025,2025mslr,Judges' Award,364,9,37,24.3
2025,2025mslr,Quality Award,8044,3,37,8.1
2025,2025mslr,Rising All-Star Award,9717,7,37,18.9
2025,2025mslr,Team Spirit Award,1927,25,37,67.6
2025,2025mslr,Team Sustainability Award sponsored by Dow,1622,18,37,48.6
2025,2025mttd,Winner,1323,1,29,3.4
2025,2025mttd,Winner,254,2,29,6.9
2025,2025mttd,Winner,6619,31,29,106.9
2025,2025mttd,Winner,5026,22,29,75.9
2025,2025mttd,Finalist,971,5,29,17.2
2025,2025mttd,Finalist,1323,1,29,3.4
2025,2025mttd,Finalist,2813,17,29,58.6
2025,2025mttd,Finalist,3970,43,29,148.3
2025,2025mxle,Regional FIRST Impact Award,6606,28,31,90.3
2025,2025mxle,Regional Engineering Inspiration Award,3354,23,31,74.2
2025,2025mxle,Woodie Flowers Finalist Award,4400,3,31,9.7
2025,2025mxle,FIRST Dean's List Finalist Award,7102,16,31,51.6
2025,2025mxle,FIRST Dean's List Finalist Award,4775,7,31,22.6
2025,2025mxle,Regional Winners,3478,1,31,3.2
2025,2025mxle,Regional Winners,4400,3,31,9.7
2025,2025mxle,Regional Winners,4782,27,31,87.1
2025,2025mxle,Regional Finalists,2283,5,31,16.1
2025,2025mxle,Regional Finalists,6647,6,31,19.4
2025,2025mxle,Regional Finalists,9513,30,31,96.8
2025,2025mxle,Autonomous Award,4400,3,31,9.7
2025,2025mxle,Creativity Award sponsored by Rockwell Automation,4723,25,31,80.6
2025,2025mxle,Excellence in Engineering Award,3478,1,31,3.2
2025,2025mxle,Gracious Professionalism Award,5716,22,31,71.0
2025,2025mxle,Imagery Award in honor of Jack Kamen,9280,4,31,12.9
2025,2025mxle,Industrial Design Award sponsored by General Motors,2283,5,31,16.1
2025,2025mxle,Innovation in Control Award sponsored by nVent,6348,12,31,38.7
2025,2025mxle,Judges' Award,9593,26,31,83.9
2025,2025mxle,Quality Award,4775,7,31,22.6
2025,2025mxle,Rising All-Star Award,9513,30,31,96.8
2025,2025mxle,Team Spirit Award,4977,17,31,54.8
2025,2025mxle,Team Sustainability Award sponsored by Dow,6647,6,31,19.4
2025,2025mxmo,Regional FIRST Impact Award,3794,39,43,90.7
2025,2025mxmo,Regional Engineering Inspiration Award,5705,18,43,41.9
2025,2025mxmo,Rookie All Star Award,10225,29,43,67.4
2025,2025mxmo,Woodie Flowers Finalist Award,3158,22,43,51.2
2025,2025mxmo,FIRST Dean's List Finalist Award,8740,20,43,46.5
2025,2025mxmo,FIRST Dean's List Finalist Award,6606,43,43,100.0
2025,2025mxmo,Regional Winners,4635,1,43,2.3
2025,2025mxmo,Regional Winners,4403,3,43,7.0
2025,2025mxmo,Regional Winners,9301,24,43,55.8
2025,2025mxmo,Regional Finalists,6348,2,43,4.7
2025,2025mxmo,Regional Finalists,6017,14,43,32.6
2025,2025mxmo,Regional Finalists,4731,34,43,79.1
2025,2025mxmo,Autonomous Award,4403,3,43,7.0
2025,2025mxmo,Creativity Award sponsored by Rockwell Automation,3158,22,43,51.2
2025,2025mxmo,Excellence in Engineering Award,4635,1,43,2.3
2025,2025mxmo,Gracious Professionalism Award,6647,15,43,34.9
2025,2025mxmo,Imagery Award in honor of Jack Kamen,6017,14,43,32.6
2025,2025mxmo,Industrial Design Award sponsored by General Motors,7421,6,43,14.0
2025,2025mxmo,Innovation in Control Award sponsored by nVent,7102,9,43,20.9
2025,2025mxmo,Judges' Award,6348,2,43,4.7
2025,2025mxmo,Quality Award,6170,21,43,48.8
2025,2025mxmo,Rising All-Star Award,9282,41,43,95.3
2025,2025mxmo,Team Spirit Award,4371,38,43,88.4
2025,2025mxmo,Team Sustainability Award sponsored by Dow,6652,40,43,93.0
2025,2025mxto,Regional FIRST Impact Award,6702,9,42,21.4
2025,2025mxto,Regional Engineering Inspiration Award,6832,17,42,40.5
2025,2025mxto,Rookie All Star Award,10562,40,42,95.2
2025,2025mxto,FIRST Dean's List Finalist Award,9213,36,42,85.7
2025,2025mxto,FIRST Dean's List Finalist Award,9134,2,42,4.8
2025,2025mxto,Regional Winners,4400,1,42,2.4
2025,2025mxto,Regional Winners,9134,2,42,4.8
2025,2025mxto,Regional Winners,6483,23,42,54.8
2025,2025mxto,Regional Finalists,5716,8,42,19.0
2025,2025mxto,Regional Finalists,4401,28,42,66.7
2025,2025mxto,Regional Finalists,8290,31,42,73.8
2025,2025mxto,Autonomous Award,4400,1,42,2.4
2025,2025mxto,Creativity Award sponsored by Rockwell Automation,9301,5,42,11.9
2025,2025mxto,Excellence in Engineering Award,4775,21,42,50.0
2025,2025mxto,Gracious Professionalism Award,6200,33,42,78.6
2025,2025mxto,Imagery Award in honor of Jack Kamen,7653,35,42,83.3
2025,2025mxto,Industrial Design Award sponsored by General Motors,4403,4,42,9.5
2025,2025mxto,Innovation in Control Award sponsored by nVent,5526,6,42,14.3
2025,2025mxto,Judges' Award,9499,41,42,97.6
2025,2025mxto,Quality Award,9593,12,42,28.6
2025,2025mxto,Rising All-Star Award,9120,13,42,31.0
2025,2025mxto,Team Spirit Award,4355,11,42,26.2
2025,2025mxto,Team Sustainability Award sponsored by Dow,5705,29,42,69.0
2025,2025ncash,District FIRST Impact Award,3506,13,22,59.1
2025,2025ncash,District Engineering Inspiration Award,9008,14,22,63.6
2025,2025ncash,Rookie All Star Award,10583,11,22,50.0
2025,2025ncash,District Championship Dean's List Semi-Finalist,8429,2,22,9.1
2025,2025ncash,District Championship Dean's List Semi-Finalist,2724,5,22,22.7
2025,2025ncash,District Event Winner,9496,1,22,4.5
2025,2025ncash,District Event Winner,8866,6,22,27.3
2025,2025ncash,District Event Winner,10248,19,22,86.4
2025,2025ncash,District Event Finalist,1533,4,22,18.2
2025,2025ncash,District Event Finalist,5727,12,22,54.5
2025,2025ncash,District Event Finalist,10583,11,22,50.0
2025,2025ncash,Autonomous Award,8429,2,22,9.1
2025,2025ncash,Creativity Award sponsored by Rockwell Automation,6932,15,22,68.2
2025,2025ncash,Excellence in Engineering Award,8727,3,22,13.6
2025,2025ncash,Gracious Professionalism Award,1533,4,22,18.2
2025,2025ncash,Imagery Award in honor of Jack Kamen,4935,16,22,72.7
2025,2025ncash,Industrial Design Award sponsored by General Motors,6639,7,22,31.8
2025,2025ncash,Innovation in Control Award sponsored by nVent,9496,1,22,4.5
2025,2025ncash,Judges' Award,10304,18,22,81.8
2025,2025ncash,Quality Award,5727,12,22,54.5
2025,2025ncash,Rising All-Star Award,2724,5,22,22.7
2025,2025ncash,Team Spirit Award,6729,20,22,90.9
2025,2025ncash,Team Sustainability Award sponsored by Dow,8866,6,22,27.3
2025,2025nccat,District FIRST Impact Award,8429,8,30,26.7
2025,2025nccat,District Engineering Inspiration Award,4561,2,30,6.7
2025,2025nccat,Rookie All Star Award,10107,24,30,80.0
2025,2025nccat,District Championship Dean's List Semi-Finalist,4561,2,30,6.7
2025,2025nccat,District Championship Dean's List Semi-Finalist,1533,7,30,23.3
2025,2025nccat,District Event Winner,4795,1,30,3.3
2025,2025nccat,District Event Winner,587,11,30,36.7
2025,2025nccat,District Event Winner,9298,29,30,96.7
2025,2025nccat,District Event Finalist,2640,10,30,33.3
2025,2025nccat,District Event Finalist,6502,17,30,56.7
2025,2025nccat,District Event Finalist,4861,16,30,53.3
2025,2025nccat,Autonomous Award,7890,20,30,66.7
2025,2025nccat,Creativity Award sponsored by Rockwell Automation,6639,18,30,60.0
2025,2025nccat,Excellence in Engineering Award,4795,1,30,3.3
2025,2025nccat,Gracious Professionalism Award,2640,10,30,33.3
2025,2025nccat,Imagery Award in honor of Jack Kamen,6004,14,30,46.7
2025,2025nccat,Industrial Design Award sponsored by General Motors,4828,6,30,20.0
2025,2025nccat,Innovation in Control Award sponsored by nVent,1533,7,30,23.3
2025,2025nccat,Judges' Award,7763,5,30,16.7
2025,2025nccat,Quality Award,8090,25,30,83.3
2025,2025nccat,Rising All-Star Award,9762,9,30,30.0
2025,2025nccat,Team Spirit Award,587,11,30,36.7
2025,2025nccat,Team Sustainability Award sponsored by Dow,8727,12,30,40.0
2025,2025nccmp,District Championship FIRST Impact Award,3506,8,40,20.0
2025,2025nccmp,District Championship Engineering Inspiration Award,3459,14,40,35.0
2025,2025nccmp,District Championship Engineering Inspiration Award,2640,34,40,85.0
2025,2025nccmp,District Championship Rookie All Star Award,10077,32,40,80.0
2025,2025nccmp,District Championship Rookie All Star Award,10260,40,40,100.0
2025,2025nccmp,Woodie Flowers Finalist Award,4828,21,40,52.5
2025,2025nccmp,FIRST Dean's List Finalist Award,3506,8,40,20.0
2025,2025nccmp,FIRST Dean's List Finalist Award,9008,20,40,50.0
2025,2025nccmp,District Championship Winner,9496,1,40,2.5
2025,2025nccmp,District Championship Winner,900,3,40,7.5
2025,2025nccmp,District Championship Winner,2724,17,40,42.5
2025,2025nccmp,District Championship Finalist,1533,10,40,25.0
2025,2025nccmp,District Championship Finalist,4534,31,40,77.5
2025,2025nccmp,District Championship Finalist,6502,22,40,55.0
2025,2025nccmp,Autonomous Award,587,4,40,10.0
2025,2025nccmp,Creativity Award sponsored by Rockwell Automation,3737,7,40,17.5
2025,2025nccmp,Excellence in Engineering Award,9496,1,40,2.5
2025,2025nccmp,Gracious Professionalism Award,6894,19,40,47.5
2025,2025nccmp,Imagery Award in honor of Jack Kamen,8738,16,40,40.0
2025,2025nccmp,Industrial Design Award sponsored by General Motors,9008,20,40,50.0
2025,2025nccmp,Innovation in Control Award sponsored by nVent,9032,2,40,5.0
2025,2025nccmp,Judges' Award,8429,5,40,12.5
2025,2025nccmp,Quality Award,900,3,40,7.5
2025,2025nccmp,Rising All-Star Award,2724,17,40,42.5
2025,2025nccmp,Team Spirit Award,4829,36,40,90.0
2025,2025nccmp,Team Sustainability Award sponsored by Dow,8727,23,40,57.5
2025,2025ncgre,District FIRST Impact Award,3737,7,29,24.1
2025,2025ncgre,District Engineering Inspiration Award,4534,2,29,6.9
2025,2025ncgre,Rookie All Star Award,10354,23,29,79.3
2025,2025ncgre,District Championship Dean's List Semi-Finalist,5160,22,29,75.9
2025,2025ncgre,District Championship Dean's List Semi-Finalist,9008,3,29,10.3
2025,2025ncgre,District Event Winner,4561,1,29,3.4
2025,2025ncgre,District Event Winner,4534,2,29,6.9
2025,2025ncgre,District Event Winner,8205,27,29,93.1
2025,2025ncgre,District Event Finalist,5511,6,29,20.7
2025,2025ncgre,District Event Finalist,2059,17,29,58.6
2025,2025ncgre,District Event Finalist,3336,28,29,96.6
2025,2025ncgre,Autonomous Award,6004,10,29,34.5
2025,2025ncgre,Creativity Award sponsored by Rockwell Automation,8758,21,29,72.4
2025,2025ncgre,Excellence in Engineering Award,9008,3,29,10.3
2025,2025ncgre,Gracious Professionalism Award,2059,17,29,58.6
2025,2025ncgre,Imagery Award in honor of Jack Kamen,2642,8,29,27.6
2025,2025ncgre,Industrial Design Award sponsored by General Motors,4561,1,29,3.4
2025,2025ncgre,Innovation in Control Award sponsored by nVent,6500,4,29,13.8
2025,2025ncgre,Judges' Award,5919,26,29,89.7
2025,2025ncgre,Quality Award,4828,15,29,51.7
2025,2025ncgre,Rising All-Star Award,9789,18,29,62.1
2025,2025ncgre,Team Spirit Award,4829,16,29,55.2
2025,2025ncgre,Team Sustainability Award sponsored by Dow,5160,22,29,75.9
2025,2025nci,Impact Award,840,10,26,38.5
2025,2025nci,Engineering Inspiration Award,1967,17,26,65.4
2025,2025nci,Winner,5419,1,26,3.8
2025,2025nci,Winner,846,4,26,15.4
2025,2025nci,Winner,8016,19,26,73.1
2025,2025nci,Winner,4669,22,26,84.6
2025,2025nci,Finalist,9470,5,26,19.2
2025,2025nci,Finalist,841,9,26,34.6
2025,2025nci,Finalist,8793,15,26,57.7
2025,2025nci,Finalist,8,23,26,88.5
2025,2025nci,Autonomous Award,5507,3,26,11.5
2025,2025nci,Creativity Award,6619,6,26,23.1
2025,2025nci,Excellence in Engineering Award,1351,11,26,42.3
2025,2025nci,Gracious Professionalism Award,4904,16,26,61.5
2025,2025nci,Imagery Award,9038,14,26,53.8
2025,2025nci,Industrial Design Award,5104,7,26,26.9
2025,2025nci,Innovation in Control Award,846,4,26,15.4
2025,2025nci,Judges' Award,5458,21,26,80.8
2025,2025nci,Quality Award,5419,1,26,3.8
2025,2025nci,Rising All-Star Award,8768,13,26,50.0
2025,2025nci,Team Spirit Award,841,9,26,34.6
2025,2025nci,Team Sustainability Award,8016,19,26,73.1
2025,2025ncmec,District FIRST Impact Award,3459,20,28,71.4
2025,2025ncmec,District Engineering Inspiration Award,7890,14,28,50.0
2025,2025ncmec,Rookie All Star Award,10077,7,28,25.0
2025,2025ncmec,District Championship Dean's List Semi-Finalist,6502,5,28,17.9
2025,2025ncmec,District Championship Dean's List Semi-Finalist,3506,12,28,42.9
2025,2025ncmec,District Event Winner,9496,1,28,3.6
2025,2025ncmec,District Event Winner,8738,2,28,7.1
2025,2025ncmec,District Event Winner,9198,22,28,78.6
2025,2025ncmec,District Event Finalist,587,3,28,10.7
2025,2025ncmec,District Event Finalist,6502,5,28,17.9
2025,2025ncmec,District Event Finalist,9298,18,28,64.3
2025,2025ncmec,Autonomous Award,8738,2,28,7.1
2025,2025ncmec,Creativity Award sponsored by Rockwell Automation,2724,13,28,46.4
2025,2025ncmec,Excellence in Engineering Award,6894,4,28,14.3
2025,2025ncmec,Gracious Professionalism Award,6932,17,28,60.7
2025,2025ncmec,Imagery Award in honor of Jack Kamen,5727,10,28,35.7
2025,2025ncmec,Industrial Design Award sponsored by General Motors,4935,11,28,39.3
2025,2025ncmec,Innovation in Control Award sponsored by nVent,6502,5,28,17.9
2025,2025ncmec,Judges' Award,9559,28,28,100.0
2025,2025ncmec,Quality Award,587,3,28,10.7
2025,2025ncmec,Rising All-Star Award,9607,15,28,53.6
2025,2025ncmec,Team Spirit Award,3196,8,28,28.6
2025,2025ncmec,Team Sustainability Award sponsored by Dow,7763,24,28,85.7
2025,2025ncpem,District FIRST Impact Award,6729,23,31,74.2
2025,2025ncpem,District Engineering Inspiration Award,2640,11,31,35.5
2025,2025ncpem,Rookie All Star Award,10260,12,31,38.7
2025,2025ncpem,District Championship Dean's List Semi-Finalist,9042,20,31,64.5
2025,2025ncpem,District Championship Dean's List Semi-Finalist,5607,25,31,80.6
2025,2025ncpem,District Event Winner,2059,1,31,3.2
2025,2025ncpem,District Event Winner,900,3,31,9.7
2025,2025ncpem,District Event Winner,7443,26,31,83.9
2025,2025ncpem,District Event Finalist,4534,2,31,6.5
2025,2025ncpem,District Event Finalist,9032,17,31,54.8
2025,2025ncpem,District Event Finalist,3822,22,31,71.0
2025,2025ncpem,Autonomous Award,4534,2,31,6.5
2025,2025ncpem,Creativity Award sponsored by Rockwell Automation,8205,29,31,93.5
2025,2025ncpem,Excellence in Engineering Award,6894,4,31,12.9
2025,2025ncpem,Gracious Professionalism Award,10077,13,31,41.9
2025,2025ncpem,Imagery Award in honor of Jack Kamen,8757,30,31,96.8
2025,2025ncpem,Industrial Design Award sponsored by General Motors,9032,17,31,54.8
2025,2025ncpem,Innovation in Control Award sponsored by nVent,2059,1,31,3.2
2025,2025ncpem,Judges' Award,5607,25,31,80.6
2025,2025ncpem,Quality Award,900,3,31,9.7
2025,2025ncpem,Rising All-Star Award,9042,20,31,64.5
2025,2025ncpem,Team Spirit Award,4816,8,31,25.8
2025,2025ncpem,Team Sustainability Award sponsored by Dow,7443,26,31,83.9
2025,2025ncwak,District FIRST Impact Award,2642,23,32,71.9
2025,2025ncwak,District Engineering Inspiration Award,3459,16,32,50.0
2025,2025ncwak,Rookie All Star Award,10072,18,32,56.2
2025,2025ncwak,District Championship Dean's List Semi-Finalist,3459,16,32,50.0
2025,2025ncwak,District Championship Dean's List Semi-Finalist,9032,8,32,25.0
2025,2025ncwak,District Event Winner,2059,6,32,18.8
2025,2025ncwak,District Event Winner,9032,8,32,25.0
2025,2025ncwak,District Event Winner,5190,30,32,93.8
2025,2025ncwak,District Event Finalist,900,2,32,6.2
2025,2025ncwak,District Event Finalist,4861,3,32,9.4
2025,2025ncwak,District Event Finalist,7443,27,32,84.4
2025,2025ncwak,Autonomous Award,9032,8,32,25.0
2025,2025ncwak,Creativity Award sponsored by Rockwell Automation,5919,17,32,53.1
2025,2025ncwak,Excellence in Engineering Award,4795,5,32,15.6
2025,2025ncwak,Gracious Professionalism Award,2059,6,32,18.8
2025,2025ncwak,Imagery Award in honor of Jack Kamen,9788,32,32,100.0
2025,2025ncwak,Industrial Design Award sponsored by General Motors,8738,1,32,3.1
2025,2025ncwak,Innovation in Control Award sponsored by nVent,900,2,32,6.2
2025,2025ncwak,Judges' Award,5607,29,32,90.6
2025,2025ncwak,Quality Award,3229,11,32,34.4
2025,2025ncwak,Rising All-Star Award,435,28,32,87.5
2025,2025ncwak,Team Spirit Award,8758,14,32,43.8
2025,2025ncwak,Team Sustainability Award sponsored by Dow,5190,30,32,93.8
2025,2025ndgf,Regional FIRST Impact Award,3313,20,52,38.5
2025,2025ndgf,Regional Engineering Inspiration Award,2987,21,52,40.4
2025,2025ndgf,Woodie Flowers Finalist Award,3134,15,52,28.8
2025,2025ndgf,FIRST Dean's List Finalist Award,2883,9,52,17.3
2025,2025ndgf,FIRST Dean's List Finalist Award,2500,37,52,71.2
2025,2025ndgf,Regional Winners,3276,1,52,1.9
2025,2025ndgf,Regional Winners,876,3,52,5.8
2025,2025ndgf,Regional Winners,7530,29,52,55.8
2025,2025ndgf,Regional Finalists,5348,2,52,3.8
2025,2025ndgf,Regional Finalists,2129,13,52,25.0
2025,2025ndgf,Regional Finalists,3313,20,52,38.5
2025,2025ndgf,Regional Finalists,4181,11,52,21.2
2025,2025ndgf,Autonomous Award,2129,13,52,25.0
2025,2025ndgf,Creativity Award sponsored by Rockwell Automation,8188,43,52,82.7
2025,2025ndgf,Excellence in Engineering Award,3276,1,52,1.9
2025,2025ndgf,Gracious Professionalism Award,3297,6,52,11.5
2025,2025ndgf,Imagery Award in honor of Jack Kamen,6146,5,52,9.6
2025,2025ndgf,Industrial Design Award sponsored by General Motors,2654,39,52,75.0
2025,2025ndgf,Innovation in Control Award sponsored by nVent,876,3,52,5.8
2025,2025ndgf,Judges' Award,7048,41,52,78.8
2025,2025ndgf,Quality Award,9576,16,52,30.8
2025,2025ndgf,Rising All-Star Award,4674,18,52,34.6
2025,2025ndgf,Team Spirit Award,3102,22,52,42.3
2025,2025ndgf,Team Sustainability Award sponsored by Dow,2508,26,52,50.0
2025,2025necmp,District Championship FIRST Impact Award,195,,,
2025,2025necmp,District Championship FIRST Impact Award,125,,,
2025,2025necmp,District Championship FIRST Impact Award,1071,,,
2025,2025necmp,District Championship Engineering Inspiration Award,5112,,,
2025,2025necmp,District Championship Engineering Inspiration Award,4905,,,
2025,2025necmp,District Championship Rookie All Star Award,10063,,,
2025,2025necmp,Woodie Flowers Finalist Award,3467,,,
2025,2025necmp,Woodie Flowers Finalist Award,2877,,,
2025,2025necmp,Volunteer of the Year,1071,,,
2025,2025necmp,FIRST Dean's List Finalist Award,999,,,
2025,2025necmp,FIRST Dean's List Finalist Award,1153,,,
2025,2025necmp,FIRST Dean's List Finalist Award,1153,,,
2025,2025necmp,FIRST Dean's List Finalist Award,4925,,,
2025,2025necmp,FIRST Dean's List Finalist Award,9101,,,
2025,2025necmp,District Championship Winner,6324,,,
2025,2025necmp,District Championship Winner,7407,,,
2025,2025necmp,District Championship Winner,839,,,
2025,2025necmp,District Championship Finalist,3467,,,
2025,2025necmp,District Championship Finalist,190,,,
2025,2025necmp,District Championship Finalist,7153,,,
2025,2025necmp1,District Championship Winner,3467,2,48,4.2
2025,2025necmp1,District Championship Winner,190,8,48,16.7
2025,2025necmp1,District Championship Winner,7153,33,48,68.8
2025,2025necmp1,District Championship Finalist,6328,1,48,2.1
2025,2025necmp1,District Championship Finalist,6329,4,48,8.3
2025,2025necmp1,District Championship Finalist,3182,31,48,64.6
2025,2025necmp1,Autonomous Award,190,8,48,16.7
2025,2025necmp1,Creativity Award sponsored by Rockwell Automation,95,29,48,60.4
2025,2025necmp1,Excellence in Engineering Award,1073,16,48,33.3
2025,2025necmp1,Gracious Professionalism Award,166,24,48,50.0
2025,2025necmp1,Imagery Award in honor of Jack Kamen,2342,10,48,20.8
2025,2025necmp1,Industrial Design Award sponsored by General Motors,3467,2,48,4.2
2025,2025necmp1,Innovation in Control Award sponsored by nVent,6328,1,48,2.1
2025,2025necmp1,Judges' Award,6329,4,48,8.3
2025,2025necmp1,Quality Award,999,26,48,54.2
2025,2025necmp1,Rising All-Star Award,9710,44,48,91.7
2025,2025necmp1,Team Spirit Award,246,32,48,66.7
2025,2025necmp1,Team Sustainability Award sponsored by Dow,6153,47,48,97.9
2025,2025necmp2,District Championship Winner,6324,5,48,10.4
2025,2025necmp2,District Championship Winner,7407,25,48,52.1
2025,2025necmp2,District Championship Winner,839,38,48,79.2
2025,2025necmp2,District Championship Finalist,1153,2,48,4.2
2025,2025necmp2,District Championship Finalist,88,8,48,16.7
2025,2025necmp2,District Championship Finalist,5142,18,48,37.5
2025,2025necmp2,Autonomous Award,1153,2,48,4.2
2025,2025necmp2,Creativity Award sponsored by Rockwell Automation,8724,27,48,56.2
2025,2025necmp2,Excellence in Engineering Award,172,19,48,39.6
2025,2025necmp2,Gracious Professionalism Award,5000,24,48,50.0
2025,2025necmp2,Imagery Award in honor of Jack Kamen,238,45,48,93.8
2025,2025necmp2,Industrial Design Award sponsored by General Motors,1768,3,48,6.2
2025,2025necmp2,Innovation in Control Award sponsored by nVent,177,36,48,75.0
2025,2025necmp2,Judges' Award,131,26,48,54.2
2025,2025necmp2,Quality Award,6324,5,48,10.4
2025,2025necmp2,Rising All-Star Award,9443,10,48,20.8
2025,2025necmp2,Team Spirit Award,175,34,48,70.8
2025,2025necmp2,Team Sustainability Award sponsored by Dow,8046,12,48,25.0
2025,2025new,Engineering Inspiration Award,1880,42,75,56.0
2025,2025new,Rookie All Star Award,10077,68,75,90.7
2025,2025new,Championship Division Winner,1323,1,75,1.3
2025,2025new,Championship Division Winner,2910,3,75,4.0
2025,2025new,Championship Division Winner,4272,23,75,30.7
2025,2025new,Championship Division Winner,5026,24,75,32.0
2025,2025new,Championship Division Finalist,422,4,75,5.3
2025,2025new,Championship Division Finalist,868,11,75,14.7
2025,2025new,Championship Division Finalist,3847,20,75,26.7
2025,2025new,Championship Division Finalist,5535,27,75,36.0
2025,2025new,Autonomous Award,4499,29,75,38.7
2025,2025new,Creativity Award sponsored by Rockwell Automation,1323,1,75,1.3
2025,2025new,Excellence in Engineering Award,10428,44,75,58.7
2025,2025new,Gracious Professionalism Award,2635,61,75,81.3
2025,2025new,Imagery Award in honor of Jack Kamen,3655,46,75,61.3
2025,2025new,Industrial Design Award sponsored by General Motors,148,5,75,6.7
2025,2025new,Innovation in Control Award sponsored by nVent,2910,3,75,4.0
2025,2025new,Judges' Award,1807,35,75,46.7
2025,2025new,Quality Award,5468,13,75,17.3
2025,2025new,Rising All-Star Award,9787,72,75,96.0
2025,2025new,Team Spirit Award,108,30,75,40.0
2025,2025new,Team Sustainability Award sponsored by Dow,1710,58,75,77.3
2025,2025nhdur,District FIRST Impact Award,1071,37,40,92.5
2025,2025nhdur,District Engineering Inspiration Award,2342,6,40,15.0
2025,2025nhdur,District Championship Dean's List Semi-Finalist,2877,4,40,10.0
2025,2025nhdur,District Championship Dean's List Semi-Finalist,4925,34,40,85.0
2025,2025nhdur,District Event Winner,133,3,40,7.5
2025,2025nhdur,District Event Winner,2877,4,40,10.0
2025,2025nhdur,District Event Winner,5902,20,40,50.0
2025,2025nhdur,District Event Finalist,6328,1,40,2.5
2025,2025nhdur,District Event Finalist,3467,2,40,5.0
2025,2025nhdur,District Event Finalist,3597,23,40,57.5
2025,2025nhdur,District Event Finalist,4761,16,40,40.0
2025,2025nhdur,Autonomous Award,6328,1,40,2.5
2025,2025nhdur,Creativity Award sponsored by Rockwell Automation,4761,16,40,40.0
2025,2025nhdur,Excellence in Engineering Award,138,11,40,27.5
2025,2025nhdur,Gracious Professionalism Award,3467,2,40,5.0
2025,2025nhdur,Imagery Award in honor of Jack Kamen,8708,13,40,32.5
2025,2025nhdur,Industrial Design Award sponsored by General Motors,6324,12,40,30.0
2025,2025nhdur,Innovation in Control Award sponsored by nVent,8410,21,40,52.5
2025,2025nhdur,Judges' Award,6895,25,40,62.5
2025,2025nhdur,Quality Award,2877,4,40,10.0
2025,2025nhdur,Rising All-Star Award,1474,38,40,95.0
2025,2025nhdur,Team Spirit Award,8724,18,40,45.0
2025,2025nhdur,Team Sustainability Award sponsored by Dow,1729,9,40,22.5
2025,2025nhsal,District FIRST Impact Award,2342,11,36,30.6
2025,2025nhsal,District Engineering Inspiration Award,6328,3,36,8.3
2025,2025nhsal,Rookie All Star Award,10156,21,36,58.3
2025,2025nhsal,District Championship Dean's List Semi-Finalist,8708,15,36,41.7
2025,2025nhsal,District Championship Dean's List Semi-Finalist,4987,35,36,97.2
2025,2025nhsal,District Event Winner,3467,1,36,2.8
2025,2025nhsal,District Event Winner,6328,3,36,8.3
2025,2025nhsal,District Event Winner,9443,27,36,75.0
2025,2025nhsal,District Event Finalist,4909,2,36,5.6
2025,2025nhsal,District Event Finalist,2877,4,36,11.1
2025,2025nhsal,District Event Finalist,1512,24,36,66.7
2025,2025nhsal,Autonomous Award,2877,4,36,11.1
2025,2025nhsal,Creativity Award sponsored by Rockwell Automation,138,6,36,16.7
2025,2025nhsal,Excellence in Engineering Award,3467,1,36,2.8
2025,2025nhsal,Gracious Professionalism Award,501,22,36,61.1
2025,2025nhsal,Imagery Award in honor of Jack Kamen,8708,15,36,41.7
2025,2025nhsal,Industrial Design Award sponsored by General Motors,1768,10,36,27.8
2025,2025nhsal,Innovation in Control Award sponsored by nVent,8410,16,36,44.4
2025,2025nhsal,Judges' Award,6201,8,36,22.2
2025,2025nhsal,Quality Award,1058,9,36,25.0
2025,2025nhsal,Rising All-Star Award,7314,29,36,80.6
2025,2025nhsal,Team Spirit Award,663,12,36,33.3
2025,2025nhsal,Team Sustainability Award sponsored by Dow,3566,32,36,88.9
2025,2025njfla,District FIRST Impact Award,9015,3,35,8.6
2025,2025njfla,District Engineering Inspiration Award,3637,12,35,34.3
2025,2025njfla,Rookie All Star Award,10600,31,35,88.6
2025,2025njfla,District Championship Dean's List Semi-Finalist,10600,31,35,88.6
2025,2025njfla,District Championship Dean's List Semi-Finalist,222,18,35,51.4
2025,2025njfla,District Event Winner,11,1,35,2.9
2025,2025njfla,District Event Winner,8513,2,35,5.7
2025,2025njfla,District Event Winner,430,29,35,82.9
2025,2025njfla,District Event Finalist,9015,3,35,8.6
2025,2025njfla,District Event Finalist,103,4,35,11.4
2025,2025njfla,District Event Finalist,3340,20,35,57.1
2025,2025njfla,Autonomous Award,8513,2,35,5.7
2025,2025njfla,Creativity Award sponsored by Rockwell Automation,2577,24,35,68.6
2025,2025njfla,Excellence in Engineering Award,3142,6,35,17.1
2025,2025njfla,Gracious Professionalism Award,1626,32,35,91.4
2025,2025njfla,Imagery Award in honor of Jack Kamen,193,27,35,77.1
2025,2025njfla,Industrial Design Award sponsored by General Motors,11,1,35,2.9
2025,2025njfla,Innovation in Control Award sponsored by nVent,223,11,35,31.4
2025,2025njfla,Judges' Award,4653,8,35,22.9
2025,2025njfla,Quality Award,555,9,35,25.7
2025,2025njfla,Rising All-Star Award,1672,5,35,14.3
2025,2025njfla,Team Spirit Award,4361,7,35,20.0
2025,2025njfla,Team Sustainability Award sponsored by Dow,8588,25,35,71.4
2025,2025njrob,District FIRST Impact Award,1676,5,28,17.9
2025,2025njrob,District Engineering Inspiration Award,2590,1,28,3.6
2025,2025njrob,Rookie All Star Award,10366,28,28,100.0
2025,2025njrob,District Championship Dean's List Semi-Finalist,1676,5,28,17.9
2025,2025njrob,District Championship Dean's List Semi-Finalist,834,4,28,14.3
2025,2025njrob,District Event Winner,2590,1,28,3.6
2025,2025njrob,District Event Winner,1923,2,28,7.1
2025,2025njrob,District Event Winner,5624,17,28,60.7
2025,2025njrob,District Event Finalist,3314,3,28,10.7
2025,2025njrob,District Event Finalist,1676,5,28,17.9
2025,2025njrob,District Event Finalist,87,22,28,78.6
2025,2025njrob,Autonomous Award,1923,2,28,7.1
2025,2025njrob,Creativity Award sponsored by Rockwell Automation,5684,10,28,35.7
2025,2025njrob,Excellence in Engineering Award,3314,3,28,10.7
2025,2025njrob,Gracious Professionalism Award,293,7,28,25.0
2025,2025njrob,Imagery Award in honor of Jack Kamen,102,13,28,46.4
2025,2025njrob,Industrial Design Award sponsored by General Motors,834,4,28,14.3
2025,2025njrob,Innovation in Control Award sponsored by nVent,204,8,28,28.6
2025,2025njrob,Judges' Award,8714,20,28,71.4
2025,2025njrob,Quality Award,223,6,28,21.4
2025,2025njrob,Rising All-Star Award,486,23,28,82.1
2025,2025njrob,Team Spirit Award,6897,19,28,67.9
2025,2025njrob,Team Sustainability Award sponsored by Dow,2495,14,28,50.0
2025,2025njski,District FIRST Impact Award,1403,4,32,12.5
2025,2025njski,District Engineering Inspiration Award,102,9,32,28.1
2025,2025njski,Rookie All Star Award,10232,31,32,96.9
2025,2025njski,District Championship Dean's List Semi-Finalist,41,15,32,46.9
2025,2025njski,District Championship Dean's List Semi-Finalist,75,2,32,6.2
2025,2025njski,District Event Winner,5895,1,32,3.1
2025,2025njski,District Event Winner,75,2,32,6.2
2025,2025njski,District Event Winner,2458,19,32,59.4
2025,2025njski,District Event Finalist,293,5,32,15.6
2025,2025njski,District Event Finalist,3637,8,32,25.0
2025,2025njski,District Event Finalist,2191,32,32,100.0
2025,2025njski,Autonomous Award,75,2,32,6.2
2025,2025njski,Creativity Award sponsored by Rockwell Automation,6016,24,32,75.0
2025,2025njski,Excellence in Engineering Award,3637,8,32,25.0
2025,2025njski,Gracious Professionalism Award,41,15,32,46.9
2025,2025njski,Imagery Award in honor of Jack Kamen,6897,26,32,81.2
2025,2025njski,Industrial Design Award sponsored by General Motors,5992,3,32,9.4
2025,2025njski,Innovation in Control Award sponsored by nVent,4750,21,32,65.6
2025,2025njski,Judges' Award,1626,30,32,93.8
2025,2025njski,Quality Award,5895,1,32,3.1
2025,2025njski,Rising All-Star Award,7110,25,32,78.1
2025,2025njski,Team Spirit Award,8075,29,32,90.6
2025,2025njski,Team Sustainability Award sponsored by Dow,8588,6,32,18.8
2025,2025njtab,District FIRST Impact Award,75,2,33,6.1
2025,2025njtab,District Engineering Inspiration Award,2720,13,33,39.4
2025,2025njtab,Rookie All Star Award,10157,20,33,60.6
2025,2025njtab,District Championship Dean's List Semi-Finalist,1712,10,33,30.3
2025,2025njtab,District Championship Dean's List Semi-Finalist,2554,3,33,9.1
2025,2025njtab,District Event Winner,5895,1,33,3.0
2025,2025njtab,District Event Winner,1807,6,33,18.2
2025,2025njtab,District Event Winner,9416,24,33,72.7
2025,2025njtab,District Event Finalist,2554,3,33,9.1
2025,2025njtab,District Event Finalist,365,4,33,12.1
2025,2025njtab,District Event Finalist,10157,20,33,60.6
2025,2025njtab,Autonomous Award,5895,1,33,3.0
2025,2025njtab,Creativity Award sponsored by Rockwell Automation,1807,6,33,18.2
2025,2025njtab,Excellence in Engineering Award,2722,29,33,87.9
2025,2025njtab,Gracious Professionalism Award,714,14,33,42.4
2025,2025njtab,Imagery Award in honor of Jack Kamen,7414,9,33,27.3
2025,2025njtab,Industrial Design Award sponsored by General Motors,1712,10,33,30.3
2025,2025njtab,Innovation in Control Award sponsored by nVent,1640,7,33,21.2
2025,2025njtab,Judges' Award,8130,22,33,66.7
2025,2025njtab,Quality Award,2554,3,33,9.1
2025,2025njtab,Rising All-Star Award,9416,24,33,72.7
2025,2025njtab,Team Spirit Award,203,19,33,57.6
2025,2025njtab,Team Sustainability Award sponsored by Dow,484,12,33,36.4
2025,2025njwas,District FIRST Impact Award,56,12,32,37.5
2025,2025njwas,District Engineering Inspiration Award,1676,11,32,34.4
2025,2025njwas,Rookie All Star Award,10069,13,32,40.6
2025,2025njwas,District Championship Dean's List Semi-Finalist,8513,3,32,9.4
2025,2025njwas,District Championship Dean's List Semi-Finalist,555,6,32,18.8
2025,2025njwas,District Event Winner,3142,1,32,3.1
2025,2025njwas,District Event Winner,8513,3,32,9.4
2025,2025njwas,District Event Winner,2180,22,32,68.8
2025,2025njwas,District Event Winner,8707,25,32,78.1
2025,2025njwas,District Event Finalist,222,2,32,6.2
2025,2025njwas,District Event Finalist,834,4,32,12.5
2025,2025njwas,District Event Finalist,8075,20,32,62.5
2025,2025njwas,Autonomous Award,8513,3,32,9.4
2025,2025njwas,Creativity Award sponsored by Rockwell Automation,555,6,32,18.8
2025,2025njwas,Excellence in Engineering Award,1640,5,32,15.6
2025,2025njwas,Gracious Professionalism Award,222,2,32,6.2
2025,2025njwas,Imagery Award in honor of Jack Kamen,8075,20,32,62.5
2025,2025njwas,Industrial Design Award sponsored by General Motors,834,4,32,12.5
2025,2025njwas,Innovation in Control Award sponsored by nVent,1672,28,32,87.5
2025,2025njwas,Judges' Award,714,21,32,65.6
2025,2025njwas,Quality Award,3142,1,32,3.1
2025,2025njwas,Rising All-Star Award,752,9,32,28.1
2025,2025njwas,Team Spirit Award,8706,7,32,21.9
2025,2025njwas,Team Sustainability Award sponsored by Dow,303,26,32,81.2
2025,2025nmrc2,Impact,3102,17,27,63.0
2025,2025nmrc2,Engineering Inspiration,2883,2,27,7.4
2025,2025nmrc2,Winner,5913,1,27,3.7
2025,2025nmrc2,Winner,5653,19,27,70.4
2025,2025nmrc2,Winner,4539,10,27,37.0
2025,2025nmrc2,Winner,8586,9,27,33.3
2025,2025nmrc2,Finalist,3297,5,27,18.5
2025,2025nmrc2,Finalist,3102,17,27,63.0
2025,2025nmrc2,Finalist,8188,18,27,66.7
2025,2025nmrc2,Judges Award,2503,6,27,22.2
2025,2025nmrc2,Junior Impact,8586,9,27,33.3
2025,2025nmrc2,Junior Impact,2883,2,27,7.4
2025,2025nmrc2,Team Spirit,4539,10,27,37.0
2025,2025ntwc,Regional FIRST Impact Award,4253,2,37,5.4
2025,2025ntwc,Regional Engineering Inspiration Award,7632,4,37,10.8
2025,2025ntwc,Rookie All Star Award,10114,12,37,32.4
2025,2025ntwc,Woodie Flowers Finalist Award,6998,16,37,43.2
2025,2025ntwc,FIRST Dean's List Finalist Award,9427,19,37,51.4
2025,2025ntwc,FIRST Dean's List Finalist Award,4253,2,37,5.4
2025,2025ntwc,Regional Winners,9126,5,37,13.5
2025,2025ntwc,Regional Winners,8613,11,37,29.7
2025,2025ntwc,Regional Winners,8169,23,37,62.2
2025,2025ntwc,Regional Finalists,8595,8,37,21.6
2025,2025ntwc,Regional Finalists,9427,19,37,51.4
2025,2025ntwc,Regional Finalists,9715,34,37,91.9
2025,2025ntwc,Regional Finalists,6245,17,37,45.9
2025,2025ntwc,Autonomous Award,8595,8,37,21.6
2025,2025ntwc,Creativity Award sponsored by Rockwell Automation,8503,1,37,2.7
2025,2025ntwc,Excellence in Engineering Award,8020,7,37,18.9
2025,2025ntwc,Gracious Professionalism Award,7636,30,37,81.1
2025,2025ntwc,Imagery Award in honor of Jack Kamen,8806,15,37,40.5
2025,2025ntwc,Industrial Design Award sponsored by General Motors,8613,11,37,29.7
2025,2025ntwc,Innovation in Control Award sponsored by nVent,7709,3,37,8.1
2025,2025ntwc,Judges' Award,7673,28,37,75.7
2025,2025ntwc,Quality Award,9427,19,37,51.4
2025,2025ntwc,Rising All-Star Award,7130,20,37,54.1
2025,2025ntwc,Team Spirit Award,5883,22,37,59.5
2025,2025ntwc,Team Sustainability Award sponsored by Dow,7497,31,37,83.8
2025,2025nvlv,Regional FIRST Impact Award,4,24,45,53.3
2025,2025nvlv,Regional Engineering Inspiration Award,2429,4,45,8.9
2025,2025nvlv,Rookie All Star Award,10183,35,45,77.8
2025,2025nvlv,Woodie Flowers Finalist Award,3009,18,45,40.0
2025,2025nvlv,FIRST Dean's List Finalist Award,2429,4,45,8.9
2025,2025nvlv,FIRST Dean's List Finalist Award,3009,18,45,40.0
2025,2025nvlv,Regional Winners,987,1,45,2.2
2025,2025nvlv,Regional Winners,4414,3,45,6.7
2025,2025nvlv,Regional Winners,60,29,45,64.4
2025,2025nvlv,Regional Finalists,3990,2,45,4.4
2025,2025nvlv,Regional Finalists,7426,5,45,11.1
2025,2025nvlv,Regional Finalists,3009,18,45,40.0
2025,2025nvlv,Autonomous Award,987,1,45,2.2
2025,2025nvlv,Creativity Award sponsored by Rockwell Automation,1388,8,45,17.8
2025,2025nvlv,Excellence in Engineering Award,7425,21,45,46.7
2025,2025nvlv,Gracious Professionalism Award,60,29,45,64.4
2025,2025nvlv,Imagery Award in honor of Jack Kamen,3009,18,45,40.0
2025,2025nvlv,Industrial Design Award sponsored by General Motors,7426,5,45,11.1
2025,2025nvlv,Innovation in Control Award sponsored by nVent,4414,3,45,6.7
2025,2025nvlv,Judges' Award,10368,27,45,60.0
2025,2025nvlv,Quality Award,3990,2,45,4.4
2025,2025nvlv,Rising All-Star Award,9498,45,45,100.0
2025,2025nvlv,Team Spirit Award,4421,7,45,15.6
2025,2025nvlv,Team Sustainability Award sponsored by Dow,597,33,45,73.3
2025,2025nycrr,Offseason Impact Award,694,1,23,4.3
2025,2025nycrr,Volunteer of the Year,333,10,23,43.5
2025,2025nycrr,Winner,694,1,23,4.3
2025,2025nycrr,Winner,1796,2,23,8.7
2025,2025nycrr,Winner,9997,21,23,91.3
2025,2025nycrr,Finalist,369,3,23,13.0
2025,2025nycrr,Finalist,3419,5,23,21.7
2025,2025nycrr,Finalist,6593,15,23,65.2
2025,2025nycrr,Finalist,9998,23,23,100.0
2025,2025nycrr,Excellence in Engineering Award,3419,5,23,21.7
2025,2025nycrr,Gracious Professionalism Award,333,10,23,43.5
2025,2025nycrr,Innovation in Control Award,1796,2,23,8.7
2025,2025nycrr,Most Improved Team Award,6911,4,23,17.4
2025,2025nycrr,Rising All-Star Award,10229,11,23,47.8
2025,2025nyli2,Regional FIRST Impact Award,564,22,48,45.8
2025,2025nyli2,Regional Engineering Inspiration Award,6806,31,48,64.6
2025,2025nyli2,Rookie All Star Award,10621,40,48,83.3
2025,2025nyli2,Woodie Flowers Finalist Award,9692,11,48,22.9
2025,2025nyli2,Volunteer of the Year,1468,17,48,35.4
2025,2025nyli2,FIRST Dean's List Finalist Award,810,18,48,37.5
2025,2025nyli2,FIRST Dean's List Finalist Award,6806,31,48,64.6
2025,2025nyli2,Regional Winners,5736,1,48,2.1
2025,2025nyli2,Regional Winners,353,5,48,10.4
2025,2025nyli2,Regional Winners,564,22,48,45.8
2025,2025nyli2,Regional Finalists,870,3,48,6.2
2025,2025nyli2,Regional Finalists,1468,17,48,35.4
2025,2025nyli2,Regional Finalists,263,19,48,39.6
2025,2025nyli2,Autonomous Award,5736,1,48,2.1
2025,2025nyli2,Creativity Award sponsored by Rockwell Automation,8267,9,48,18.8
2025,2025nyli2,Excellence in Engineering Award,9692,11,48,22.9
2025,2025nyli2,Gracious Professionalism Award,2869,10,48,20.8
2025,2025nyli2,Imagery Award in honor of Jack Kamen,6024,34,48,70.8
2025,2025nyli2,Industrial Design Award sponsored by General Motors,870,3,48,6.2
2025,2025nyli2,Innovation in Control Award sponsored by nVent,2872,7,48,14.6
2025,2025nyli2,Judges' Award,9016,13,48,27.1
2025,2025nyli2,Quality Award,287,4,48,8.3
2025,2025nyli2,Rising All-Star Award,28,29,48,60.4
2025,2025nyli2,Team Spirit Award,3624,39,48,81.2
2025,2025nyli2,Team Sustainability Award sponsored by Dow,353,5,48,10.4
2025,2025nyny,Regional FIRST Impact Award,1796,1,53,1.9
2025,2025nyny,Regional Engineering Inspiration Award,333,34,53,64.2
2025,2025nyny,Rookie All Star Award,10413,43,53,81.1
2025,2025nyny,Woodie Flowers Finalist Award,333,34,53,64.2
2025,2025nyny,FIRST Dean's List Finalist Award,333,34,53,64.2
2025,2025nyny,FIRST Dean's List Finalist Award,806,42,53,79.2
2025,2025nyny,Regional Winners,1796,1,53,1.9
2025,2025nyny,Regional Winners,694,2,53,3.8
2025,2025nyny,Regional Winners,6873,47,53,88.7
2025,2025nyny,Regional Finalists,4571,4,53,7.5
2025,2025nyny,Regional Finalists,4027,8,53,15.1
2025,2025nyny,Regional Finalists,2265,23,53,43.4
2025,2025nyny,Autonomous Award,694,2,53,3.8
2025,2025nyny,Creativity Award sponsored by Rockwell Automation,6873,47,53,88.7
2025,2025nyny,Excellence in Engineering Award,1155,14,53,26.4
2025,2025nyny,Gracious Professionalism Award,806,42,53,79.2
2025,2025nyny,Imagery Award in honor of Jack Kamen,10229,37,53,69.8
2025,2025nyny,Industrial Design Award sponsored by General Motors,5298,18,53,34.0
2025,2025nyny,Innovation in Control Award sponsored by nVent,9642,3,53,5.7
2025,2025nyny,Judges' Award,334,12,53,22.6
2025,2025nyny,Quality Award,2265,23,53,43.4
2025,2025nyny,Rising All-Star Award,9220,7,53,13.2
2025,2025nyny,Team Spirit Award,8739,15,53,28.3
2025,2025nyny,Team Sustainability Award sponsored by Dow,3204,31,53,58.5
2025,2025nyro,Regional FIRST Impact Award,8393,21,54,38.9
2025,2025nyro,Regional Engineering Inspiration Award,6911,51,54,94.4
2025,2025nyro,Rookie All Star Award,10223,13,54,24.1
2025,2025nyro,Woodie Flowers Finalist Award,1507,19,54,35.2
2025,2025nyro,Volunteer of the Year,191,6,54,11.1
2025,2025nyro,Volunteer of the Year,191,6,54,11.1
2025,2025nyro,FIRST Dean's List Finalist Award,1511,37,54,68.5
2025,2025nyro,FIRST Dean's List Finalist Award,578,46,54,85.2
2025,2025nyro,Regional Winners,340,2,54,3.7
2025,2025nyro,Regional Winners,4611,3,54,5.6
2025,2025nyro,Regional Winners,6911,51,54,94.4
2025,2025nyro,Regional Finalists,3173,1,54,1.9
2025,2025nyro,Regional Finalists,3015,4,54,7.4
2025,2025nyro,Regional Finalists,1518,34,54,63.0
2025,2025nyro,Autonomous Award,3015,4,54,7.4
2025,2025nyro,Creativity Award sponsored by Rockwell Automation,1511,37,54,68.5
2025,2025nyro,Excellence in Engineering Award,1591,32,54,59.3
2025,2025nyro,Gracious Professionalism Award,2614,12,54,22.2
2025,2025nyro,Imagery Award in honor of Jack Kamen,1507,19,54,35.2
2025,2025nyro,Industrial Design Award sponsored by General Motors,340,2,54,3.7
2025,2025nyro,Innovation in Control Award sponsored by nVent,695,10,54,18.5
2025,2025nyro,Judges' Award,3003,14,54,25.9
2025,2025nyro,Quality Award,1787,28,54,51.9
2025,2025nyro,Rising All-Star Award,9643,38,54,70.4
2025,2025nyro,Team Spirit Award,3044,11,54,20.4
2025,2025nyro,Team Sustainability Award sponsored by Dow,2228,7,54,13.0
2025,2025nysu,Regional FIRST Impact Award,1880,14,49,28.6
2025,2025nysu,Regional Engineering Inspiration Award,8739,23,49,46.9
2025,2025nysu,Rookie All Star Award,10229,26,49,53.1
2025,2025nysu,Woodie Flowers Finalist Award,6911,18,49,36.7
2025,2025nysu,FIRST Dean's List Finalist Award,1155,35,49,71.4
2025,2025nysu,FIRST Dean's List Finalist Award,9642,49,49,100.0
2025,2025nysu,Regional Winners,694,1,49,2.0
2025,2025nysu,Regional Winners,1796,3,49,6.1
2025,2025nysu,Regional Winners,5298,36,49,73.5
2025,2025nysu,Regional Finalists,5736,2,49,4.1
2025,2025nysu,Regional Finalists,353,4,49,8.2
2025,2025nysu,Regional Finalists,5016,20,49,40.8
2025,2025nysu,Autonomous Award,5736,2,49,4.1
2025,2025nysu,Creativity Award sponsored by Rockwell Automation,694,1,49,2.0
2025,2025nysu,Excellence in Engineering Award,9642,49,49,100.0
2025,2025nysu,Gracious Professionalism Award,1796,3,49,6.1
2025,2025nysu,Imagery Award in honor of Jack Kamen,5298,36,49,73.5
2025,2025nysu,Industrial Design Award sponsored by General Motors,3419,19,49,38.8
2025,2025nysu,Innovation in Control Award sponsored by nVent,4122,15,49,30.6
2025,2025nysu,Judges' Award,6911,18,49,36.7
2025,2025nysu,Quality Award,4467,17,49,34.7
2025,2025nysu,Rising All-Star Award,10152,30,49,61.2
2025,2025nysu,Team Spirit Award,10262,16,49,32.7
2025,2025nysu,Team Sustainability Award sponsored by Dow,1884,31,49,63.3
2025,2025nytr,Regional FIRST Impact Award,2601,43,56,76.8
2025,2025nytr,Regional Engineering Inspiration Award,6401,45,56,80.4
2025,2025nytr,Rookie All Star Award,10714,42,56,75.0
2025,2025nytr,Woodie Flowers Finalist Award,20,6,56,10.7
2025,2025nytr,FIRST Dean's List Finalist Award,20,6,56,10.7
2025,2025nytr,FIRST Dean's List Finalist Award,1796,1,56,1.8
2025,2025nytr,Regional Winners,1796,1,56,1.8
2025,2025nytr,Regional Winners,6621,2,56,3.6
2025,2025nytr,Regional Winners,5528,29,56,51.8
2025,2025nytr,Regional Finalists,2791,9,56,16.1
2025,2025nytr,Regional Finalists,1493,21,56,37.5
2025,2025nytr,Regional Finalists,3950,14,56,25.0
2025,2025nytr,Autonomous Award,3360,20,56,35.7
2025,2025nytr,Creativity Award sponsored by Rockwell Automation,6911,34,56,60.7
2025,2025nytr,Excellence in Engineering Award,5528,29,56,51.8
2025,2025nytr,Gracious Professionalism Award,3044,7,56,12.5
2025,2025nytr,Imagery Award in honor of Jack Kamen,3181,25,56,44.6
2025,2025nytr,Industrial Design Award sponsored by General Motors,191,10,56,17.9
2025,2025nytr,Innovation in Control Award sponsored by nVent,9624,37,56,66.1
2025,2025nytr,Judges' Award,810,26,56,46.4
2025,2025nytr,Quality Award,1796,1,56,1.8
2025,2025nytr,Rising All-Star Award,3171,49,56,87.5
2025,2025nytr,Team Spirit Award,578,55,56,98.2
2025,2025nytr,Team Sustainability Award sponsored by Dow,3003,16,56,28.6
2025,2025ohcl,Regional FIRST Impact Award,1511,5,56,8.9
2025,2025ohcl,Regional Engineering Inspiration Award,9545,48,56,85.7
2025,2025ohcl,Rookie All Star Award,10582,51,56,91.1
2025,2025ohcl,Woodie Flowers Finalist Award,9194,46,56,82.1
2025,2025ohcl,Volunteer of the Year,9767,45,56,80.4
2025,2025ohcl,FIRST Dean's List Finalist Award,2399,11,56,19.6
2025,2025ohcl,FIRST Dean's List Finalist Award,8140,43,56,76.8
2025,2025ohcl,Regional Winners,1787,3,56,5.4
2025,2025ohcl,Regional Winners,695,15,56,26.8
2025,2025ohcl,Regional Winners,1559,19,56,33.9
2025,2025ohcl,Regional Finalists,4611,1,56,1.8
2025,2025ohcl,Regional Finalists,3173,8,56,14.3
2025,2025ohcl,Regional Finalists,9545,48,56,85.7
2025,2025ohcl,Regional Finalists,8222,18,56,32.1
2025,2025ohcl,Autonomous Award,4611,1,56,1.8
2025,2025ohcl,Creativity Award sponsored by Rockwell Automation,3260,47,56,83.9
2025,2025ohcl,Excellence in Engineering Award,2603,16,56,28.6
2025,2025ohcl,Gracious Professionalism Award,4145,2,56,3.6
2025,2025ohcl,Imagery Award in honor of Jack Kamen,9653,29,56,51.8
2025,2025ohcl,Industrial Design Award sponsored by General Motors,3015,22,56,39.3
2025,2025ohcl,Innovation in Control Award sponsored by nVent,1787,3,56,5.4
2025,2025ohcl,Judges' Award,2399,11,56,19.6
2025,2025ohcl,Quality Award,3173,8,56,14.3
2025,2025ohcl,Rising All-Star Award,9767,45,56,80.4
2025,2025ohcl,Team Spirit Award,7717,50,56,89.3
2025,2025ohcl,Team Sustainability Award sponsored by Dow,2228,4,56,7.1
2025,2025ohmv,Regional FIRST Impact Award,3814,17,47,36.2
2025,2025ohmv,Regional Engineering Inspiration Award,7525,20,47,42.6
2025,2025ohmv,Woodie Flowers Finalist Award,144,18,47,38.3
2025,2025ohmv,Volunteer of the Year,1038,31,47,66.0
2025,2025ohmv,FIRST Dean's List Finalist Award,7525,20,47,42.6
2025,2025ohmv,FIRST Dean's List Finalist Award,3814,17,47,36.2
2025,2025ohmv,Regional Winners,4028,1,47,2.1
2025,2025ohmv,Regional Winners,340,4,47,8.5
2025,2025ohmv,Regional Winners,432,34,47,72.3
2025,2025ohmv,Regional Finalists,1507,3,47,6.4
2025,2025ohmv,Regional Finalists,2783,12,47,25.5
2025,2025ohmv,Regional Finalists,7917,33,47,70.2
2025,2025ohmv,Autonomous Award,340,4,47,8.5
2025,2025ohmv,Creativity Award sponsored by Rockwell Automation,5492,6,47,12.8
2025,2025ohmv,Excellence in Engineering Award,4028,1,47,2.1
2025,2025ohmv,Gracious Professionalism Award,1507,3,47,6.4
2025,2025ohmv,Imagery Award in honor of Jack Kamen,2556,26,47,55.3
2025,2025ohmv,Industrial Design Award sponsored by General Motors,1038,31,47,66.0
2025,2025ohmv,Innovation in Control Award sponsored by nVent,4145,9,47,19.1
2025,2025ohmv,Judges' Award,6302,21,47,44.7
2025,2025ohmv,Quality Award,325,5,47,10.6
2025,2025ohmv,Rising All-Star Award,1369,45,47,95.7
2025,2025ohmv,Team Spirit Award,3193,41,47,87.2
2025,2025ohmv,Team Sustainability Award sponsored by Dow,4930,27,47,57.4
2025,2025okok,Regional FIRST Impact Award,8711,44,48,91.7
2025,2025okok,Regional Engineering Inspiration Award,2341,36,48,75.0
2025,2025okok,Rookie All Star Award,10377,48,48,100.0
2025,2025okok,Woodie Flowers Finalist Award,2718,3,48,6.2
2025,2025okok,FIRST Dean's List Finalist Award,2718,3,48,6.2
2025,2025okok,FIRST Dean's List Finalist Award,1939,41,48,85.4
2025,2025okok,Regional Winners,4522,1,48,2.1
2025,2025okok,Regional Winners,4068,6,48,12.5
2025,2025okok,Regional Winners,2341,36,48,75.0
2025,2025okok,Regional Finalists,1561,2,48,4.2
2025,2025okok,Regional Finalists,1986,9,48,18.8
2025,2025okok,Regional Finalists,1764,18,48,37.5
2025,2025okok,Autonomous Award,1561,2,48,4.2
2025,2025okok,Creativity Award sponsored by Rockwell Automation,9462,23,48,47.9
2025,2025okok,Excellence in Engineering Award,7130,32,48,66.7
2025,2025okok,Gracious Professionalism Award,6424,4,48,8.3
2025,2025okok,Imagery Award in honor of Jack Kamen,1939,41,48,85.4
2025,2025okok,Industrial Design Award sponsored by General Motors,4522,1,48,2.1
2025,2025okok,Innovation in Control Award sponsored by nVent,4005,10,48,20.8
2025,2025okok,Judges' Award,2395,43,48,89.6
2025,2025okok,Quality Award,4603,11,48,22.9
2025,2025okok,Rising All-Star Award,5437,25,48,52.1
2025,2025okok,Team Spirit Award,5454,8,48,16.7
2025,2025okok,Team Sustainability Award sponsored by Dow,1986,9,48,18.8
2025,2025oktu,Regional FIRST Impact Award,5454,18,41,43.9
2025,2025oktu,Regional Engineering Inspiration Award,8711,13,41,31.7
2025,2025oktu,Rookie All Star Award,10661,32,41,78.0
2025,2025oktu,Woodie Flowers Finalist Award,6424,4,41,9.8
2025,2025oktu,FIRST Dean's List Finalist Award,9631,37,41,90.2
2025,2025oktu,FIRST Dean's List Finalist Award,6424,4,41,9.8
2025,2025oktu,Regional Winners,3937,1,41,2.4
2025,2025oktu,Regional Winners,6424,4,41,9.8
2025,2025oktu,Regional Winners,2341,22,41,53.7
2025,2025oktu,Regional Finalists,2383,2,41,4.9
2025,2025oktu,Regional Finalists,1561,6,41,14.6
2025,2025oktu,Regional Finalists,9472,31,41,75.6
2025,2025oktu,Regional Finalists,8112,20,41,48.8
2025,2025oktu,Autonomous Award,1561,6,41,14.6
2025,2025oktu,Creativity Award sponsored by Rockwell Automation,3931,25,41,61.0
2025,2025oktu,Excellence in Engineering Award,5690,7,41,17.1
2025,2025oktu,Gracious Professionalism Award,3660,11,41,26.8
2025,2025oktu,Imagery Award in honor of Jack Kamen,10219,16,41,39.0
2025,2025oktu,Industrial Design Award sponsored by General Motors,6424,4,41,9.8
2025,2025oktu,Innovation in Control Award sponsored by nVent,2383,2,41,4.9
2025,2025oktu,Judges' Award,2165,23,41,56.1
2025,2025oktu,Quality Award,3937,1,41,2.4
2025,2025oktu,Rising All-Star Award,8760,41,41,100.0
2025,2025oktu,Team Spirit Award,2080,30,41,73.2
2025,2025oktu,Team Sustainability Award sponsored by Dow,2341,22,41,53.7
2025,2025oncmp,District Championship FIRST Impact Award,2706,,,
2025,2025oncmp,District Championship FIRST Impact Award,4039,,,
2025,2025oncmp,District Championship Engineering Inspiration Award,4069,,,
2025,2025oncmp,District Championship Rookie All Star Award,10015,,,
2025,2025oncmp,Woodie Flowers Finalist Award,7476,,,
2025,2025oncmp,Woodie Flowers Finalist Award,7712,,,
2025,2025oncmp,FIRST Dean's List Finalist Award,3161,,,
2025,2025oncmp,FIRST Dean's List Finalist Award,6135,,,
2025,2025oncmp,FIRST Dean's List Finalist Award,1334,,,
2025,2025oncmp,FIRST Dean's List Finalist Award,1360,,,
2025,2025oncmp,District Championship Winner,4678,,,
2025,2025oncmp,District Championship Winner,2056,,,
2025,2025oncmp,District Championship Winner,7902,,,
2025,2025oncmp,District Championship Finalist,3683,,,
2025,2025oncmp,District Championship Finalist,4476,,,
2025,2025oncmp,District Championship Finalist,1285,,,
2025,2025oncmp1,District Championship Winner,3683,3,50,6.0
2025,2025oncmp1,District Championship Winner,4476,8,50,16.0
2025,2025oncmp1,District Championship Winner,1285,31,50,62.0
2025,2025oncmp1,District Championship Finalist,1325,6,50,12.0
2025,2025oncmp1,District Championship Finalist,7558,7,50,14.0
2025,2025oncmp1,District Championship Finalist,3739,21,50,42.0
2025,2025oncmp1,Autonomous Award,4152,12,50,24.0
2025,2025oncmp1,Creativity Award sponsored by Rockwell Automation,4907,10,50,20.0
2025,2025oncmp1,Excellence in Engineering Award,4476,8,50,16.0
2025,2025oncmp1,Gracious Professionalism Award,6110,35,50,70.0
2025,2025oncmp1,Imagery Award in honor of Jack Kamen,5912,39,50,78.0
2025,2025oncmp1,Industrial Design Award sponsored by General Motors,1241,2,50,4.0
2025,2025oncmp1,Innovation in Control Award sponsored by nVent,8884,4,50,8.0
2025,2025oncmp1,Judges' Award,8089,19,50,38.0
2025,2025oncmp1,Quality Award,1325,6,50,12.0
2025,2025oncmp1,Rising All-Star Award,10554,28,50,56.0
2025,2025oncmp1,Team Spirit Award,2708,16,50,32.0
2025,2025oncmp1,Team Sustainability Award sponsored by Dow,3739,21,50,42.0
2025,2025oncmp2,District Championship Winner,4678,1,50,2.0
2025,2025oncmp2,District Championship Winner,2056,3,50,6.0
2025,2025oncmp2,District Championship Winner,7902,31,50,62.0
2025,2025oncmp2,District Championship Finalist,4946,2,50,4.0
2025,2025oncmp2,District Championship Finalist,5409,7,50,14.0
2025,2025oncmp2,District Championship Finalist,7476,19,50,38.0
2025,2025oncmp2,Autonomous Award,2056,3,50,6.0
2025,2025oncmp2,Creativity Award sponsored by Rockwell Automation,4946,2,50,4.0
2025,2025oncmp2,Excellence in Engineering Award,5406,4,50,8.0
2025,2025oncmp2,Gracious Professionalism Award,188,21,50,42.0
2025,2025oncmp2,Imagery Award in honor of Jack Kamen,5672,28,50,56.0
2025,2025oncmp2,Industrial Design Award sponsored by General Motors,2200,5,50,10.0
2025,2025oncmp2,Innovation in Control Award sponsored by nVent,4917,10,50,20.0
2025,2025oncmp2,Judges' Award,3161,23,50,46.0
2025,2025oncmp2,Quality Award,5409,7,50,14.0
2025,2025oncmp2,Rising All-Star Award,781,17,50,34.0
2025,2025oncmp2,Team Spirit Award,1229,38,50,76.0
2025,2025oncmp2,Team Sustainability Award sponsored by Dow,6865,37,50,74.0
2025,2025onham,District FIRST Impact Award,6865,23,31,74.2
2025,2025onham,District Engineering Inspiration Award,1325,5,31,16.1
2025,2025onham,Rookie All Star Award,10218,30,31,96.8
2025,2025onham,District Championship Dean's List Semi-Finalist,6865,23,31,74.2
2025,2025onham,District Championship Dean's List Semi-Finalist,1334,20,31,64.5
2025,2025onham,District Event Winner,2056,1,31,3.2
2025,2025onham,District Event Winner,2200,3,31,9.7
2025,2025onham,District Event Winner,10167,24,31,77.4
2025,2025onham,District Event Finalist,1241,2,31,6.5
2025,2025onham,District Event Finalist,1114,4,31,12.9
2025,2025onham,District Event Finalist,6865,23,31,74.2
2025,2025onham,Autonomous Award,5406,6,31,19.4
2025,2025onham,Creativity Award sponsored by Rockwell Automation,188,19,31,61.3
2025,2025onham,Excellence in Engineering Award,1241,2,31,6.5
2025,2025onham,Gracious Professionalism Award,1114,4,31,12.9
2025,2025onham,Imagery Award in honor of Jack Kamen,5672,15,31,48.4
2025,2025onham,Industrial Design Award sponsored by General Motors,2200,3,31,9.7
2025,2025onham,Innovation in Control Award sponsored by nVent,2056,1,31,3.2
2025,2025onham,Judges' Award,1285,8,31,25.8
2025,2025onham,Quality Award,3161,7,31,22.6
2025,2025onham,Rising All-Star Award,7603,17,31,54.8
2025,2025onham,Team Spirit Award,2386,22,31,71.0
2025,2025onham,Team Sustainability Award sponsored by Dow,1334,20,31,64.5
2025,2025onnew,District FIRST Impact Award,1305,22,29,75.9
2025,2025onnew,District Engineering Inspiration Award,3739,17,29,58.6
2025,2025onnew,Rookie All Star Award,10015,13,29,44.8
2025,2025onnew,District Championship Dean's List Semi-Finalist,7480,6,29,20.7
2025,2025onnew,District Championship Dean's List Semi-Finalist,5409,2,29,6.9
2025,2025onnew,District Event Winner,4946,1,29,3.4
2025,2025onnew,District Event Winner,5409,2,29,6.9
2025,2025onnew,District Event Winner,10015,13,29,44.8
2025,2025onnew,District Event Finalist,4152,3,29,10.3
2025,2025onnew,District Event Finalist,4476,5,29,17.2
2025,2025onnew,District Event Finalist,9580,16,29,55.2
2025,2025onnew,Autonomous Award,4476,5,29,17.2
2025,2025onnew,Creativity Award sponsored by Rockwell Automation,1241,7,29,24.1
2025,2025onnew,Excellence in Engineering Award,1325,27,29,93.1
2025,2025onnew,Gracious Professionalism Award,6110,15,29,51.7
2025,2025onnew,Imagery Award in honor of Jack Kamen,1229,8,29,27.6
2025,2025onnew,Industrial Design Award sponsored by General Motors,5409,2,29,6.9
2025,2025onnew,Innovation in Control Award sponsored by nVent,9098,4,29,13.8
2025,2025onnew,Judges' Award,5885,24,29,82.8
2025,2025onnew,Quality Award,4946,1,29,3.4
2025,2025onnew,Rising All-Star Award,9569,19,29,65.5
2025,2025onnew,Team Spirit Award,8789,23,29,79.3
2025,2025onnew,Team Sustainability Award sponsored by Dow,4152,3,29,10.3
2025,2025onnob,District FIRST Impact Award,2706,28,32,87.5
2025,2025onnob,District Engineering Inspiration Award,6865,14,32,43.8
2025,2025onnob,Rookie All Star Award,10464,20,32,62.5
2025,2025onnob,District Championship Dean's List Semi-Finalist,4069,6,32,18.8
2025,2025onnob,District Championship Dean's List Semi-Finalist,4069,6,32,18.8
2025,2025onnob,District Event Winner,5409,2,32,6.2
2025,2025onnob,District Event Winner,4152,3,32,9.4
2025,2025onnob,District Event Winner,3756,26,32,81.2
2025,2025onnob,District Event Finalist,610,1,32,3.1
2025,2025onnob,District Event Finalist,4946,4,32,12.5
2025,2025onnob,District Event Finalist,6987,19,32,59.4
2025,2025onnob,Autonomous Award,4946,4,32,12.5
2025,2025onnob,Creativity Award sponsored by Rockwell Automation,7476,11,32,34.4
2025,2025onnob,Excellence in Engineering Award,5409,2,32,6.2
2025,2025onnob,Gracious Professionalism Award,8729,23,32,71.9
2025,2025onnob,Imagery Award in honor of Jack Kamen,2708,17,32,53.1
2025,2025onnob,Industrial Design Award sponsored by General Motors,4152,3,32,9.4
2025,2025onnob,Innovation in Control Award sponsored by nVent,1305,10,32,31.2
2025,2025onnob,Judges' Award,7757,31,32,96.9
2025,2025onnob,Quality Award,610,1,32,3.1
2025,2025onnob,Rising All-Star Award,9589,29,32,90.6
2025,2025onnob,Team Spirit Award,1334,27,32,84.4
2025,2025onnob,Team Sustainability Award sponsored by Dow,4069,6,32,18.8
2025,2025onosh,District FIRST Impact Award,7712,10,31,32.3
2025,2025onosh,District Engineering Inspiration Award,5406,3,31,9.7
2025,2025onosh,Rookie All Star Award,10279,23,31,74.2
2025,2025onosh,District Championship Dean's List Semi-Finalist,4476,1,31,3.2
2025,2025onosh,District Championship Dean's List Semi-Finalist,7712,10,31,32.3
2025,2025onosh,District Event Winner,4476,1,31,3.2
2025,2025onosh,District Event Winner,8884,2,31,6.5
2025,2025onosh,District Event Winner,8731,26,31,83.9
2025,2025onosh,District Event Finalist,5406,3,31,9.7
2025,2025onosh,District Event Finalist,4907,4,31,12.9
2025,2025onosh,District Event Finalist,2852,31,31,100.0
2025,2025onosh,Autonomous Award,8884,2,31,6.5
2025,2025onosh,Creativity Award sponsored by Rockwell Automation,5870,12,31,38.7
2025,2025onosh,Excellence in Engineering Award,7480,7,31,22.6
2025,2025onosh,Gracious Professionalism Award,8729,11,31,35.5
2025,2025onosh,Imagery Award in honor of Jack Kamen,2708,6,31,19.4
2025,2025onosh,Industrial Design Award sponsored by General Motors,7200,15,31,48.4
2025,2025onosh,Innovation in Control Award sponsored by nVent,4476,1,31,3.2
2025,2025onosh,Judges' Award,10015,25,31,80.6
2025,2025onosh,Quality Award,4907,4,31,12.9
2025,2025onosh,Rising All-Star Award,9569,22,31,71.0
2025,2025onosh,Team Spirit Award,5031,14,31,45.2
2025,2025onosh,Team Sustainability Award sponsored by Dow,4917,9,31,29.0
2025,2025onsca,District FIRST Impact Award,771,28,29,96.6
2025,2025onsca,District Engineering Inspiration Award,4069,8,29,27.6
2025,2025onsca,Rookie All Star Award,10027,18,29,62.1
2025,2025onsca,District Championship Dean's List Semi-Finalist,6135,21,29,72.4
2025,2025onsca,District Championship Dean's List Semi-Finalist,9659,24,29,82.8
2025,2025onsca,District Event Winner,7558,1,29,3.4
2025,2025onsca,District Event Winner,188,5,29,17.2
2025,2025onsca,District Event Winner,6135,21,29,72.4
2025,2025onsca,District Event Finalist,610,2,29,6.9
2025,2025onsca,District Event Finalist,781,6,29,20.7
2025,2025onsca,District Event Finalist,771,28,29,96.6
2025,2025onsca,Autonomous Award,781,6,29,20.7
2025,2025onsca,Creativity Award sponsored by Rockwell Automation,8884,11,29,37.9
2025,2025onsca,Excellence in Engineering Award,7520,3,29,10.3
2025,2025onsca,Gracious Professionalism Award,1310,12,29,41.4
2025,2025onsca,Imagery Award in honor of Jack Kamen,9785,25,29,86.2
2025,2025onsca,Industrial Design Award sponsored by General Motors,7558,1,29,3.4
2025,2025onsca,Innovation in Control Award sponsored by nVent,610,2,29,6.9
2025,2025onsca,Judges' Award,854,22,29,75.9
2025,2025onsca,Quality Award,9062,19,29,65.5
2025,2025onsca,Rising All-Star Award,919,20,29,69.0
2025,2025onsca,Team Spirit Award,9659,24,29,82.8
2025,2025onsca,Team Sustainability Award sponsored by Dow,7659,17,29,58.6
2025,2025ontor,District FIRST Impact Award,5719,20,28,71.4
2025,2025ontor,District Engineering Inspiration Award,7520,2,28,7.1
2025,2025ontor,Rookie All Star Award,10634,7,28,25.0
2025,2025ontor,District Championship Dean's List Semi-Finalist,7520,2,28,7.1
2025,2025ontor,District Championship Dean's List Semi-Finalist,3161,15,28,53.6
2025,2025ontor,District Event Winner,7558,1,28,3.6
2025,2025ontor,District Event Winner,4976,3,28,10.7
2025,2025ontor,District Event Winner,10279,23,28,82.1
2025,2025ontor,District Event Finalist,5032,4,28,14.3
2025,2025ontor,District Event Finalist,2935,8,28,28.6
2025,2025ontor,District Event Finalist,7136,26,28,92.9
2025,2025ontor,Autonomous Award,4976,3,28,10.7
2025,2025ontor,Creativity Award sponsored by Rockwell Automation,9659,16,28,57.1
2025,2025ontor,Excellence in Engineering Award,7558,1,28,3.6
2025,2025ontor,Gracious Professionalism Award,6975,22,28,78.6
2025,2025ontor,Imagery Award in honor of Jack Kamen,3161,15,28,53.6
2025,2025ontor,Industrial Design Award sponsored by General Motors,9562,21,28,75.0
2025,2025ontor,Innovation in Control Award sponsored by nVent,4920,11,28,39.3
2025,2025ontor,Judges' Award,9785,5,28,17.9
2025,2025ontor,Quality Award,2935,8,28,28.6
2025,2025ontor,Rising All-Star Award,9262,10,28,35.7
2025,2025ontor,Team Spirit Award,3560,28,28,100.0
2025,2025ontor,Team Sustainability Award sponsored by Dow,854,6,28,21.4
2025,2025onwat,District FIRST Impact Award,772,28,30,93.3
2025,2025onwat,District Engineering Inspiration Award,4039,3,30,10.0
2025,2025onwat,Rookie All Star Award,10514,30,30,100.0
2025,2025onwat,District Championship Dean's List Semi-Finalist,1360,12,30,40.0
2025,2025onwat,District Championship Dean's List Semi-Finalist,4039,3,30,10.0
2025,2025onwat,District Event Winner,4678,1,30,3.3
2025,2025onwat,District Event Winner,3683,2,30,6.7
2025,2025onwat,District Event Winner,9263,21,30,70.0
2025,2025onwat,District Event Finalist,4039,3,30,10.0
2025,2025onwat,District Event Finalist,9098,4,30,13.3
2025,2025onwat,District Event Finalist,4617,24,30,80.0
2025,2025onwat,Autonomous Award,4917,5,30,16.7
2025,2025onwat,Creativity Award sponsored by Rockwell Automation,3683,2,30,6.7
2025,2025onwat,Excellence in Engineering Award,2702,7,30,23.3
2025,2025onwat,Gracious Professionalism Award,4617,24,30,80.0
2025,2025onwat,Imagery Award in honor of Jack Kamen,5672,15,30,50.0
2025,2025onwat,Industrial Design Award sponsored by General Motors,5912,9,30,30.0
2025,2025onwat,Innovation in Control Award sponsored by nVent,4678,1,30,3.3
2025,2025onwat,Judges' Award,8089,13,30,43.3
2025,2025onwat,Quality Award,1360,12,30,40.0
2025,2025onwat,Rising All-Star Award,9098,4,30,13.3
2025,2025onwat,Team Spirit Award,6875,27,30,90.0
2025,2025onwat,Team Sustainability Award sponsored by Dow,5024,6,30,20.0
2025,2025onwel,District FIRST Impact Award,4039,5,27,18.5
2025,2025onwel,District Engineering Inspiration Award,5024,14,27,51.9
2025,2025onwel,Rookie All Star Award,10554,6,27,22.2
2025,2025onwel,District Championship Dean's List Semi-Finalist,7476,9,27,33.3
2025,2025onwel,District Championship Dean's List Semi-Finalist,1114,4,27,14.8
2025,2025onwel,District Event Winner,2056,1,27,3.7
2025,2025onwel,District Event Winner,3683,2,27,7.4
2025,2025onwel,District Event Winner,7623,17,27,63.0
2025,2025onwel,District Event Finalist,4039,5,27,18.5
2025,2025onwel,District Event Finalist,1241,7,27,25.9
2025,2025onwel,District Event Finalist,2852,24,27,88.9
2025,2025onwel,Autonomous Award,2200,3,27,11.1
2025,2025onwel,Creativity Award sponsored by Rockwell Automation,3683,2,27,7.4
2025,2025onwel,Excellence in Engineering Award,1114,4,27,14.8
2025,2025onwel,Gracious Professionalism Award,7757,26,27,96.3
2025,2025onwel,Imagery Award in honor of Jack Kamen,1646,18,27,66.7
2025,2025onwel,Industrial Design Award sponsored by General Motors,2702,27,27,100.0
2025,2025onwel,Innovation in Control Award sponsored by nVent,7476,9,27,33.3
2025,2025onwel,Judges' Award,6098,15,27,55.6
2025,2025onwel,Quality Award,2056,1,27,3.7
2025,2025onwel,Rising All-Star Award,5689,12,27,44.4
2025,2025onwel,Team Spirit Award,8089,10,27,37.0
2025,2025onwel,Team Sustainability Award sponsored by Dow,2609,19,27,70.4
2025,2025onwin,District FIRST Impact Award,781,7,29,24.1
2025,2025onwin,District Engineering Inspiration Award,3756,16,29,55.2
2025,2025onwin,Rookie All Star Award,10611,21,29,72.4
2025,2025onwin,District Championship Dean's List Semi-Finalist,8789,14,29,48.3
2025,2025onwin,District Championship Dean's List Semi-Finalist,5885,18,29,62.1
2025,2025onwin,District Event Winner,4678,1,29,3.4
2025,2025onwin,District Event Winner,4907,2,29,6.9
2025,2025onwin,District Event Winner,10611,21,29,72.4
2025,2025onwin,District Event Finalist,4940,6,29,20.7
2025,2025onwin,District Event Finalist,3739,10,29,34.5
2025,2025onwin,District Event Finalist,5408,17,29,58.6
2025,2025onwin,Autonomous Award,4678,1,29,3.4
2025,2025onwin,Creativity Award sponsored by Rockwell Automation,4688,22,29,75.9
2025,2025onwin,Excellence in Engineering Award,4907,2,29,6.9
2025,2025onwin,Gracious Professionalism Award,5885,18,29,62.1
2025,2025onwin,Imagery Award in honor of Jack Kamen,5912,4,29,13.8
2025,2025onwin,Industrial Design Award sponsored by General Motors,3739,10,29,34.5
2025,2025onwin,Innovation in Control Award sponsored by nVent,4920,3,29,10.3
2025,2025onwin,Judges' Award,5596,11,29,37.9
2025,2025onwin,Quality Award,1229,12,29,41.4
2025,2025onwin,Rising All-Star Award,6854,20,29,69.0
2025,2025onwin,Team Spirit Award,6875,26,29,89.7
2025,2025onwin,Team Sustainability Award sponsored by Dow,8081,5,29,17.2
2025,2025orore,District FIRST Impact Award,2557,22,30,73.3
2025,2025orore,District Engineering Inspiration Award,6831,16,30,53.3
2025,2025orore,Rookie All Star Award,10444,20,30,66.7
2025,2025orore,District Championship Dean's List Semi-Finalist,3663,2,30,6.7
2025,2025orore,District Championship Dean's List Semi-Finalist,2557,22,30,73.3
2025,2025orore,District Event Winner,3636,1,30,3.3
2025,2025orore,District Event Winner,3663,2,30,6.7
2025,2025orore,District Event Winner,3574,24,30,80.0
2025,2025orore,District Event Finalist,957,3,30,10.0
2025,2025orore,District Event Finalist,4043,5,30,16.7
2025,2025orore,District Event Finalist,2898,28,30,93.3
2025,2025orore,Autonomous Award,957,3,30,10.0
2025,2025orore,Creativity Award sponsored by Rockwell Automation,9430,18,30,60.0
2025,2025orore,Excellence in Engineering Award,7034,8,30,26.7
2025,2025orore,Gracious Professionalism Award,2471,12,30,40.0
2025,2025orore,Imagery Award in honor of Jack Kamen,6443,9,30,30.0
2025,2025orore,Industrial Design Award sponsored by General Motors,4488,10,30,33.3
2025,2025orore,Innovation in Control Award sponsored by nVent,1425,7,30,23.3
2025,2025orore,Judges' Award,2635,15,30,50.0
2025,2025orore,Quality Award,3673,14,30,46.7
2025,2025orore,Rising All-Star Award,3574,24,30,80.0
2025,2025orore,Team Spirit Award,9446,23,30,76.7
2025,2025orore,Team Sustainability Award sponsored by Dow,5970,19,30,63.3
2025,2025orsal,District FIRST Impact Award,4125,18,36,50.0
2025,2025orsal,District Engineering Inspiration Award,2635,25,36,69.4
2025,2025orsal,District Championship Dean's List Semi-Finalist,3786,22,36,61.1
2025,2025orsal,District Championship Dean's List Semi-Finalist,4125,18,36,50.0
2025,2025orsal,District Event Winner,955,1,36,2.8
2025,2025orsal,District Event Winner,3674,3,36,8.3
2025,2025orsal,District Event Winner,2550,20,36,55.6
2025,2025orsal,District Event Finalist,4061,4,36,11.1
2025,2025orsal,District Event Finalist,2147,7,36,19.4
2025,2025orsal,District Event Finalist,4692,32,36,88.9
2025,2025orsal,Autonomous Award,2926,23,36,63.9
2025,2025orsal,Creativity Award sponsored by Rockwell Automation,3024,24,36,66.7
2025,2025orsal,Excellence in Engineering Award,6343,6,36,16.7
2025,2025orsal,Gracious Professionalism Award,4061,4,36,11.1
2025,2025orsal,Imagery Award in honor of Jack Kamen,5937,31,36,86.1
2025,2025orsal,Industrial Design Award sponsored by General Motors,4692,32,36,88.9
2025,2025orsal,Innovation in Control Award sponsored by nVent,2374,14,36,38.9
2025,2025orsal,Judges' Award,955,1,36,2.8
2025,2025orsal,Quality Award,2147,7,36,19.4
2025,2025orsal,Rising All-Star Award,2898,30,36,83.3
2025,2025orsal,Team Spirit Award,5683,11,36,30.6
2025,2025orsal,Team Sustainability Award sponsored by Dow,9613,35,36,97.2
2025,2025orwil,District FIRST Impact Award,6831,27,34,79.4
2025,2025orwil,District Engineering Inspiration Award,9600,18,34,52.9
2025,2025orwil,District Championship Dean's List Semi-Finalist,997,28,34,82.4
2025,2025orwil,District Championship Dean's List Semi-Finalist,1540,8,34,23.5
2025,2025orwil,District Event Winner,957,1,34,2.9
2025,2025orwil,District Event Winner,5468,2,34,5.9
2025,2025orwil,District Event Winner,9567,13,34,38.2
2025,2025orwil,District Event Finalist,1425,3,34,8.8
2025,2025orwil,District Event Finalist,1540,8,34,23.5
2025,2025orwil,District Event Finalist,997,28,34,82.4
2025,2025orwil,Autonomous Award,5468,2,34,5.9
2025,2025orwil,Creativity Award sponsored by Rockwell Automation,1595,21,34,61.8
2025,2025orwil,Excellence in Engineering Award,6343,17,34,50.0
2025,2025orwil,Gracious Professionalism Award,1425,3,34,8.8
2025,2025orwil,Imagery Award in honor of Jack Kamen,1359,31,34,91.2
2025,2025orwil,Industrial Design Award sponsored by General Motors,6443,22,34,64.7
2025,2025orwil,Innovation in Control Award sponsored by nVent,2471,5,34,14.7
2025,2025orwil,Judges' Award,3024,34,34,100.0
2025,2025orwil,Quality Award,2811,6,34,17.6
2025,2025orwil,Rising All-Star Award,4662,20,34,58.8
2025,2025orwil,Team Spirit Award,6696,14,34,41.2
2025,2025orwil,Team Sustainability Award sponsored by Dow,997,28,34,82.4
2025,2025paben,District FIRST Impact Award,5401,9,33,27.3
2025,2025paben,District Engineering Inspiration Award,1712,11,33,33.3
2025,2025paben,Rookie All Star Award,10143,29,33,87.9
2025,2025paben,District Championship Dean's List Semi-Finalist,2720,16,33,48.5
2025,2025paben,District Championship Dean's List Semi-Finalist,9015,12,33,36.4
2025,2025paben,District Event Winner,365,1,33,3.0
2025,2025paben,District Event Winner,103,2,33,6.1
2025,2025paben,District Event Winner,8721,24,33,72.7
2025,2025paben,District Event Finalist,1712,11,33,33.3
2025,2025paben,District Event Finalist,2722,15,33,45.5
2025,2025paben,District Event Finalist,7587,17,33,51.5
2025,2025paben,Autonomous Award,316,10,33,30.3
2025,2025paben,Creativity Award sponsored by Rockwell Automation,2016,18,33,54.5
2025,2025paben,Excellence in Engineering Award,9015,12,33,36.4
2025,2025paben,Gracious Professionalism Award,365,1,33,3.0
2025,2025paben,Imagery Award in honor of Jack Kamen,5113,19,33,57.6
2025,2025paben,Industrial Design Award sponsored by General Motors,1257,3,33,9.1
2025,2025paben,Innovation in Control Award sponsored by nVent,1089,7,33,21.2
2025,2025paben,Judges' Award,4652,30,33,90.9
2025,2025paben,Quality Award,272,6,33,18.2
2025,2025paben,Rising All-Star Award,9094,5,33,15.2
2025,2025paben,Team Spirit Award,484,14,33,42.4
2025,2025paben,Team Sustainability Award sponsored by Dow,2720,16,33,48.5
2025,2025paca,Regional FIRST Impact Award,4145,11,53,20.8
2025,2025paca,Regional Engineering Inspiration Award,4467,23,53,43.4
2025,2025paca,Rookie All Star Award,10208,30,53,56.6
2025,2025paca,Woodie Flowers Finalist Award,2656,41,53,77.4
2025,2025paca,FIRST Dean's List Finalist Award,5740,3,53,5.7
2025,2025paca,FIRST Dean's List Finalist Award,9475,13,53,24.5
2025,2025paca,Regional Winners,694,1,53,1.9
2025,2025paca,Regional Winners,3539,5,53,9.4
2025,2025paca,Regional Winners,3492,22,53,41.5
2025,2025paca,Regional Finalists,4122,2,53,3.8
2025,2025paca,Regional Finalists,4145,11,53,20.8
2025,2025paca,Regional Finalists,10515,38,53,71.7
2025,2025paca,Autonomous Award,4122,2,53,3.8
2025,2025paca,Creativity Award sponsored by Rockwell Automation,5413,46,53,86.8
2025,2025paca,Excellence in Engineering Award,694,1,53,1.9
2025,2025paca,Gracious Professionalism Award,3504,21,53,39.6
2025,2025paca,Imagery Award in honor of Jack Kamen,8705,24,53,45.3
2025,2025paca,Industrial Design Award sponsored by General Motors,2603,16,53,30.2
2025,2025paca,Innovation in Control Award sponsored by nVent,3539,5,53,9.4
2025,2025paca,Judges' Award,2638,10,53,18.9
2025,2025paca,Quality Award,4121,9,53,17.0
2025,2025paca,Rising All-Star Award,9767,34,53,64.2
2025,2025paca,Team Spirit Award,451,35,53,66.0
2025,2025paca,Team Sustainability Award sponsored by Dow,3492,22,53,41.5
2025,2025pahat,District FIRST Impact Award,316,18,32,56.2
2025,2025pahat,District Engineering Inspiration Award,1403,26,32,81.2
2025,2025pahat,Rookie All Star Award,10653,16,32,50.0
2025,2025pahat,District Championship Dean's List Semi-Finalist,341,2,32,6.2
2025,2025pahat,District Championship Dean's List Semi-Finalist,1403,26,32,81.2
2025,2025pahat,District Event Winner,2539,1,32,3.1
2025,2025pahat,District Event Winner,341,2,32,6.2
2025,2025pahat,District Event Winner,2559,30,32,93.8
2025,2025pahat,District Event Finalist,2607,5,32,15.6
2025,2025pahat,District Event Finalist,2590,10,32,31.2
2025,2025pahat,District Event Finalist,427,29,32,90.6
2025,2025pahat,Autonomous Award,2539,1,32,3.1
2025,2025pahat,Creativity Award sponsored by Rockwell Automation,2590,10,32,31.2
2025,2025pahat,Excellence in Engineering Award,341,2,32,6.2
2025,2025pahat,Gracious Professionalism Award,321,14,32,43.8
2025,2025pahat,Imagery Award in honor of Jack Kamen,5181,11,32,34.4
2025,2025pahat,Industrial Design Award sponsored by General Motors,1218,6,32,18.8
2025,2025pahat,Innovation in Control Award sponsored by nVent,1089,9,32,28.1
2025,2025pahat,Judges' Award,709,31,32,96.9
2025,2025pahat,Quality Award,708,4,32,12.5
2025,2025pahat,Rising All-Star Award,5407,22,32,68.8
2025,2025pahat,Team Spirit Award,6808,7,32,21.9
2025,2025pahat,Team Sustainability Award sponsored by Dow,1923,12,32,37.5
2025,2025paphi,District FIRST Impact Award,272,18,26,69.2
2025,2025paphi,District Engineering Inspiration Award,1218,3,26,11.5
2025,2025paphi,Rookie All Star Award,10584,19,26,73.1
2025,2025paphi,District Championship Dean's List Semi-Finalist,2539,1,26,3.8
2025,2025paphi,District Championship Dean's List Semi-Finalist,1168,6,26,23.1
2025,2025paphi,District Event Winner,2539,1,26,3.8
2025,2025paphi,District Event Winner,341,2,26,7.7
2025,2025paphi,District Event Winner,10143,25,26,96.2
2025,2025paphi,District Event Finalist,1218,3,26,11.5
2025,2025paphi,District Event Finalist,1168,6,26,23.1
2025,2025paphi,District Event Finalist,2234,26,26,100.0
2025,2025paphi,Autonomous Award,4373,7,26,26.9
2025,2025paphi,Creativity Award sponsored by Rockwell Automation,2234,26,26,100.0
2025,2025paphi,Excellence in Engineering Award,1391,4,26,15.4
2025,2025paphi,Gracious Professionalism Award,4637,21,26,80.8
2025,2025paphi,Imagery Award in honor of Jack Kamen,4342,10,26,38.5
2025,2025paphi,Industrial Design Award sponsored by General Motors,1168,6,26,23.1
2025,2025paphi,Innovation in Control Award sponsored by nVent,341,2,26,7.7
2025,2025paphi,Judges' Award,10070,16,26,61.5
2025,2025paphi,Quality Award,2539,1,26,3.8
2025,2025paphi,Rising All-Star Award,5407,14,26,53.8
2025,2025paphi,Team Spirit Award,8117,20,26,76.9
2025,2025paphi,Team Sustainability Award sponsored by Dow,5113,12,26,46.2
2025,2025pawar,District FIRST Impact Award,11,10,30,33.3
2025,2025pawar,District Engineering Inspiration Award,433,9,30,30.0
2025,2025pawar,Rookie All Star Award,10400,7,30,23.3
2025,2025pawar,District Championship Dean's List Semi-Finalist,303,12,30,40.0
2025,2025pawar,District Championship Dean's List Semi-Finalist,3314,2,30,6.7
2025,2025pawar,District Event Winner,2607,1,30,3.3
2025,2025pawar,District Event Winner,3314,2,30,6.7
2025,2025pawar,District Event Winner,9416,22,30,73.3
2025,2025pawar,District Event Finalist,1807,3,30,10.0
2025,2025pawar,District Event Finalist,1391,4,30,13.3
2025,2025pawar,District Event Finalist,816,27,30,90.0
2025,2025pawar,District Event Finalist,430,15,30,50.0
2025,2025pawar,Autonomous Award,3314,2,30,6.7
2025,2025pawar,Creativity Award sponsored by Rockwell Automation,9116,25,30,83.3
2025,2025pawar,Excellence in Engineering Award,1807,3,30,10.0
2025,2025pawar,Gracious Professionalism Award,1391,4,30,13.3
2025,2025pawar,Imagery Award in honor of Jack Kamen,193,8,30,26.7
2025,2025pawar,Industrial Design Award sponsored by General Motors,2607,1,30,3.3
2025,2025pawar,Innovation in Control Award sponsored by nVent,2495,13,30,43.3
2025,2025pawar,Judges' Award,9416,22,30,73.3
2025,2025pawar,Quality Award,303,12,30,40.0
2025,2025pawar,Rising All-Star Award,4637,17,30,56.7
2025,2025pawar,Team Spirit Award,6808,14,30,46.7
2025,2025pawar,Team Sustainability Award sponsored by Dow,2554,11,30,36.7
2025,2025pncmp,District Championship FIRST Impact Award,2412,24,50,48.0
2025,2025pncmp,District Championship FIRST Impact Award,2976,48,50,96.0
2025,2025pncmp,District Championship Engineering Inspiration Award,2635,,50,
2025,2025pncmp,District Championship Engineering Inspiration Award,2980,,50,
2025,2025pncmp,District Championship Rookie All Star Award,10079,26,50,52.0
2025,2025pncmp,Woodie Flowers Finalist Award,4682,,50,
2025,2025pncmp,Woodie Flowers Finalist Award,2928,,50,
2025,2025pncmp,FIRST Dean's List Finalist Award,997,33,50,66.0
2025,2025pncmp,FIRST Dean's List Finalist Award,5827,,50,
2025,2025pncmp,FIRST Dean's List Finalist Award,4915,28,50,56.0
2025,2025pncmp,FIRST Dean's List Finalist Award,2557,30,50,60.0
2025,2025pncmp,District Championship Winner,2910,3,50,6.0
2025,2025pncmp,District Championship Winner,2930,20,50,40.0
2025,2025pncmp,District Championship Winner,7034,18,50,36.0
2025,2025pncmp,District Championship Finalist,1778,2,50,4.0
2025,2025pncmp,District Championship Finalist,9450,15,50,30.0
2025,2025pncmp,District Championship Finalist,948,44,50,88.0
2025,2025pncmp,Autonomous Award,2910,3,50,6.0
2025,2025pncmp,Creativity Award sponsored by Rockwell Automation,4513,22,50,44.0
2025,2025pncmp,Excellence in Engineering Award,1540,6,50,12.0
2025,2025pncmp,Gracious Professionalism Award,2522,9,50,18.0
2025,2025pncmp,Imagery Award in honor of Jack Kamen,957,17,50,34.0
2025,2025pncmp,Industrial Design Award sponsored by General Motors,3218,23,50,46.0
2025,2025pncmp,Innovation in Control Award sponsored by nVent,2471,16,50,32.0
2025,2025pncmp,Judges' Award,6343,27,50,54.0
2025,2025pncmp,Quality Award,3663,1,50,2.0
2025,2025pncmp,Rising All-Star Award,9442,29,50,58.0
2025,2025pncmp,Team Spirit Award,4125,50,50,100.0
2025,2025pncmp,Team Sustainability Award sponsored by Dow,7034,18,50,36.0
2025,2025qcmo,Regional FIRST Impact Award,3990,3,37,8.1
2025,2025qcmo,Regional Engineering Inspiration Award,5528,7,37,18.9
2025,2025qcmo,Woodie Flowers Finalist Award,3550,10,37,27.0
2025,2025qcmo,FIRST Dean's List Finalist Award,8067,35,37,94.6
2025,2025qcmo,FIRST Dean's List Finalist Award,3990,3,37,8.1
2025,2025qcmo,Regional Winners,3015,1,37,2.7
2025,2025qcmo,Regional Winners,3990,3,37,8.1
2025,2025qcmo,Regional Winners,3544,26,37,70.3
2025,2025qcmo,Regional Finalists,4947,2,37,5.4
2025,2025qcmo,Regional Finalists,3986,4,37,10.8
2025,2025qcmo,Regional Finalists,5618,16,37,43.2
2025,2025qcmo,Autonomous Award,3015,1,37,2.7
2025,2025qcmo,Creativity Award sponsored by Rockwell Automation,5439,9,37,24.3
2025,2025qcmo,Excellence in Engineering Award,3360,15,37,40.5
2025,2025qcmo,Gracious Professionalism Award,3550,10,37,27.0
2025,2025qcmo,Imagery Award in honor of Jack Kamen,6929,25,37,67.6
2025,2025qcmo,Industrial Design Award sponsored by General Motors,4947,2,37,5.4
2025,2025qcmo,Innovation in Control Award sponsored by nVent,3986,4,37,10.8
2025,2025qcmo,Judges' Award,9102,27,37,73.0
2025,2025qcmo,Quality Award,9234,5,37,13.5
2025,2025qcmo,Rising All-Star Award,9624,14,37,37.8
2025,2025qcmo,Team Spirit Award,3544,26,37,70.3
2025,2025qcmo,Team Sustainability Award sponsored by Dow,8067,35,37,94.6
2025,2025rikin,District FIRST Impact Award,1757,10,37,27.0
2025,2025rikin,District Engineering Inspiration Award,2079,27,37,73.0
2025,2025rikin,Rookie All Star Award,10254,6,37,16.2
2025,2025rikin,District Championship Dean's List Semi-Finalist,1153,4,37,10.8
2025,2025rikin,District Championship Dean's List Semi-Finalist,1153,4,37,10.8
2025,2025rikin,District Event Winner,190,1,37,2.7
2025,2025rikin,District Event Winner,1768,3,37,8.1
2025,2025rikin,District Event Winner,5962,37,37,100.0
2025,2025rikin,District Event Finalist,88,2,37,5.4
2025,2025rikin,District Event Finalist,78,7,37,18.9
2025,2025rikin,District Event Finalist,97,19,37,51.4
2025,2025rikin,District Event Finalist,348,18,37,48.6
2025,2025rikin,Autonomous Award,190,1,37,2.7
2025,2025rikin,Creativity Award sponsored by Rockwell Automation,8085,11,37,29.7
2025,2025rikin,Excellence in Engineering Award,246,8,37,21.6
2025,2025rikin,Gracious Professionalism Award,1735,36,37,97.3
2025,2025rikin,Imagery Award in honor of Jack Kamen,5112,30,37,81.1
2025,2025rikin,Industrial Design Award sponsored by General Motors,1153,4,37,10.8
2025,2025rikin,Innovation in Control Award sponsored by nVent,5000,16,37,43.2
2025,2025rikin,Judges' Award,88,2,37,5.4
2025,2025rikin,Quality Award,78,7,37,18.9
2025,2025rikin,Rising All-Star Award,9443,13,37,35.1
2025,2025rikin,Team Spirit Award,1350,31,37,83.8
2025,2025rikin,Team Sustainability Award sponsored by Dow,181,32,37,86.5
2025,2025sccha,District FIRST Impact Award,342,12,34,35.3
2025,2025sccha,District Engineering Inspiration Award,8575,6,34,17.6
2025,2025sccha,Rookie All Star Award,10591,20,34,58.8
2025,2025sccha,District Championship Dean's List Semi-Finalist,2815,2,34,5.9
2025,2025sccha,District Championship Dean's List Semi-Finalist,3490,4,34,11.8
2025,2025sccha,District Event Winner,2815,2,34,5.9
2025,2025sccha,District Event Winner,4451,11,34,32.4
2025,2025sccha,District Event Winner,7085,15,34,44.1
2025,2025sccha,District Event Finalist,3490,4,34,11.8
2025,2025sccha,District Event Finalist,342,12,34,35.3
2025,2025sccha,District Event Finalist,4533,26,34,76.5
2025,2025sccha,Autonomous Award,1102,19,34,55.9
2025,2025sccha,Creativity Award sponsored by Rockwell Automation,6366,22,34,64.7
2025,2025sccha,Excellence in Engineering Award,4533,26,34,76.5
2025,2025sccha,Gracious Professionalism Award,2815,2,34,5.9
2025,2025sccha,Imagery Award in honor of Jack Kamen,4864,9,34,26.5
2025,2025sccha,Industrial Design Award sponsored by General Motors,281,7,34,20.6
2025,2025sccha,Innovation in Control Award sponsored by nVent,4451,11,34,32.4
2025,2025sccha,Judges' Award,9315,24,34,70.6
2025,2025sccha,Quality Award,5130,17,34,50.0
2025,2025sccha,Rising All-Star Award,10599,18,34,52.9
2025,2025sccha,Team Spirit Award,9571,23,34,67.6
2025,2025sccha,Team Sustainability Award sponsored by Dow,3489,16,34,47.1
2025,2025sccmp,District Championship FIRST Impact Award,3489,18,28,64.3
2025,2025sccmp,District Championship Engineering Inspiration Award,342,7,28,25.0
2025,2025sccmp,District Championship Rookie All Star Award,10591,25,28,89.3
2025,2025sccmp,Woodie Flowers Finalist Award,4451,1,28,3.6
2025,2025sccmp,Volunteer of the Year,343,3,28,10.7
2025,2025sccmp,FIRST Dean's List Finalist Award,3489,18,28,64.3
2025,2025sccmp,FIRST Dean's List Finalist Award,2815,5,28,17.9
2025,2025sccmp,District Championship Winner,4451,1,28,3.6
2025,2025sccmp,District Championship Winner,343,3,28,10.7
2025,2025sccmp,District Championship Winner,10231,23,28,82.1
2025,2025sccmp,District Championship Finalist,342,7,28,25.0
2025,2025sccmp,District Championship Finalist,8575,13,28,46.4
2025,2025sccmp,District Championship Finalist,8137,26,28,92.9
2025,2025sccmp,Autonomous Award,4451,1,28,3.6
2025,2025sccmp,Creativity Award sponsored by Rockwell Automation,6366,6,28,21.4
2025,2025sccmp,Excellence in Engineering Award,5130,15,28,53.6
2025,2025sccmp,Gracious Professionalism Award,1287,19,28,67.9
2025,2025sccmp,Imagery Award in honor of Jack Kamen,9315,28,28,100.0
2025,2025sccmp,Industrial Design Award sponsored by General Motors,8575,13,28,46.4
2025,2025sccmp,Innovation in Control Award sponsored by nVent,4533,14,28,50.0
2025,2025sccmp,Judges' Award,9571,21,28,75.0
2025,2025sccmp,Quality Award,343,3,28,10.7
2025,2025sccmp,Rising All-Star Award,10599,22,28,78.6
2025,2025sccmp,Team Spirit Award,1102,4,28,14.3
2025,2025sccmp,Team Sustainability Award sponsored by Dow,2815,5,28,17.9
2025,2025schar,District FIRST Impact Award,3489,35,35,100.0
2025,2025schar,District Engineering Inspiration Award,342,10,35,28.6
2025,2025schar,Rookie All Star Award,10599,23,35,65.7
2025,2025schar,District Championship Dean's List Semi-Finalist,3489,35,35,100.0
2025,2025schar,District Championship Dean's List Semi-Finalist,9571,9,35,25.7
2025,2025schar,District Event Winner,343,1,35,2.9
2025,2025schar,District Event Winner,4451,2,35,5.7
2025,2025schar,District Event Winner,8137,15,35,42.9
2025,2025schar,District Event Finalist,4967,4,35,11.4
2025,2025schar,District Event Finalist,281,5,35,14.3
2025,2025schar,District Event Finalist,3489,35,35,100.0
2025,2025schar,Autonomous Award,2815,17,35,48.6
2025,2025schar,Creativity Award sponsored by Rockwell Automation,1102,12,35,34.3
2025,2025schar,Excellence in Engineering Award,5130,21,35,60.0
2025,2025schar,Gracious Professionalism Award,6366,22,35,62.9
2025,2025schar,Imagery Award in honor of Jack Kamen,281,5,35,14.3
2025,2025schar,Industrial Design Award sponsored by General Motors,1287,7,35,20.0
2025,2025schar,Innovation in Control Award sponsored by nVent,4451,2,35,5.7
2025,2025schar,Judges' Award,1293,27,35,77.1
2025,2025schar,Quality Award,343,1,35,2.9
2025,2025schar,Rising All-Star Award,9315,26,35,74.3
2025,2025schar,Team Spirit Award,10231,31,35,88.6
2025,2025schar,Team Sustainability Award sponsored by Dow,8575,3,35,8.6
2025,2025sunshow,Engineering Inspiration Award,846,9,27,33.3
2025,2025sunshow,Volunteer of the Year,5924,14,27,51.9
2025,2025sunshow,Winner,5940,1,27,3.7
2025,2025sunshow,Winner,581,2,27,7.4
2025,2025sunshow,Winner,10221,24,27,88.9
2025,2025sunshow,Finalist,604,3,27,11.1
2025,2025sunshow,Finalist,846,9,27,33.3
2025,2025sunshow,Finalist,6662,15,27,55.6
2025,2025sunshow,Controls and Automation Award,6418,4,27,14.8
2025,2025sunshow,Engineering Excellence,2854,28,27,103.7
2025,2025sunshow,Entrepreneurship and Sustainability Award,1983,18,27,66.7
2025,2025sunshow,Gracious Professionalism,766,13,27,48.1
2025,2025sunshow,Innovation and Creativity Award,604,3,27,11.1
2025,2025sunshow,Judge's Award,5924,14,27,51.9
2025,2025sunshow,Marketing and Branding Award,8793,23,27,85.2
2025,2025sunshow,Moonshot Thinking Award,7419,16,27,59.3
2025,2025sunshow,Quality and Reliability Award,581,2,27,7.4
2025,2025tnkn,Regional FIRST Impact Award,3492,23,47,48.9
2025,2025tnkn,Regional Engineering Inspiration Award,801,26,47,55.3
2025,2025tnkn,Rookie All Star Award,10269,41,47,87.2
2025,2025tnkn,Woodie Flowers Finalist Award,5816,33,47,70.2
2025,2025tnkn,FIRST Dean's List Finalist Award,4467,4,47,8.5
2025,2025tnkn,FIRST Dean's List Finalist Award,4065,13,47,27.7
2025,2025tnkn,Regional Winners,10479,1,47,2.1
2025,2025tnkn,Regional Winners,4467,4,47,8.5
2025,2025tnkn,Regional Winners,3843,14,47,29.8
2025,2025tnkn,Regional Finalists,3966,11,47,23.4
2025,2025tnkn,Regional Finalists,3937,18,47,38.3
2025,2025tnkn,Regional Finalists,2614,20,47,42.6
2025,2025tnkn,Autonomous Award,4020,2,47,4.3
2025,2025tnkn,Creativity Award sponsored by Rockwell Automation,7428,24,47,51.1
2025,2025tnkn,Excellence in Engineering Award,4467,4,47,8.5
2025,2025tnkn,Gracious Professionalism Award,2614,20,47,42.6
2025,2025tnkn,Imagery Award in honor of Jack Kamen,233,7,47,14.9
2025,2025tnkn,Industrial Design Award sponsored by General Motors,8570,10,47,21.3
2025,2025tnkn,Innovation in Control Award sponsored by nVent,6517,3,47,6.4
2025,2025tnkn,Judges' Award,3504,8,47,17.0
2025,2025tnkn,Quality Award,4265,5,47,10.6
2025,2025tnkn,Rising All-Star Award,10101,47,47,100.0
2025,2025tnkn,Team Spirit Award,7072,9,47,19.1
2025,2025tnkn,Team Sustainability Award sponsored by Dow,4065,13,47,27.7
2025,2025tuak,Regional FIRST Impact Award,6989,3,35,8.6
2025,2025tuak,Regional Engineering Inspiration Award,9583,21,35,60.0
2025,2025tuak,Rookie All Star Award,10478,24,35,68.6
2025,2025tuak,Woodie Flowers Finalist Award,8054,4,35,11.4
2025,2025tuak,FIRST Dean's List Finalist Award,9583,21,35,60.0
2025,2025tuak,FIRST Dean's List Finalist Award,9029,1,35,2.9
2025,2025tuak,Regional Winners,9029,1,35,2.9
2025,2025tuak,Regional Winners,6436,2,35,5.7
2025,2025tuak,Regional Winners,8777,17,35,48.6
2025,2025tuak,Regional Finalists,6989,3,35,8.6
2025,2025tuak,Regional Finalists,9024,9,35,25.7
2025,2025tuak,Regional Finalists,8173,27,35,77.1
2025,2025tuak,Autonomous Award,6436,2,35,5.7
2025,2025tuak,Creativity Award sponsored by Rockwell Automation,8173,27,35,77.1
2025,2025tuak,Excellence in Engineering Award,8054,4,35,11.4
2025,2025tuak,Gracious Professionalism Award,8561,10,35,28.6
2025,2025tuak,Imagery Award in honor of Jack Kamen,10247,11,35,31.4
2025,2025tuak,Industrial Design Award sponsored by General Motors,9029,1,35,2.9
2025,2025tuak,Innovation in Control Award sponsored by nVent,9024,9,35,25.7
2025,2025tuak,Judges' Award,8795,29,35,82.9
2025,2025tuak,Quality Award,8220,16,35,45.7
2025,2025tuak,Rising All-Star Award,9159,15,35,42.9
2025,2025tuak,Team Spirit Award,10470,28,35,80.0
2025,2025tuak,Team Sustainability Award sponsored by Dow,8557,7,35,20.0
2025,2025tuhc,Regional FIRST Impact Award,6431,5,50,10.0
2025,2025tuhc,Regional Engineering Inspiration Award,7539,1,50,2.0
2025,2025tuhc,Rookie All Star Award,10205,35,50,70.0
2025,2025tuhc,Woodie Flowers Finalist Award,4191,22,50,44.0
2025,2025tuhc,FIRST Dean's List Finalist Award,4191,22,50,44.0
2025,2025tuhc,FIRST Dean's List Finalist Award,6429,12,50,24.0
2025,2025tuhc,Regional Winners,7539,1,50,2.0
2025,2025tuhc,Regional Winners,10541,3,50,6.0
2025,2025tuhc,Regional Winners,7050,29,50,58.0
2025,2025tuhc,Regional Finalists,7444,4,50,8.0
2025,2025tuhc,Regional Finalists,6838,9,50,18.0
2025,2025tuhc,Regional Finalists,9523,25,50,50.0
2025,2025tuhc,Autonomous Award,7444,4,50,8.0
2025,2025tuhc,Creativity Award sponsored by Rockwell Automation,10261,39,50,78.0
2025,2025tuhc,Excellence in Engineering Award,6989,18,50,36.0
2025,2025tuhc,Gracious Professionalism Award,9583,33,50,66.0
2025,2025tuhc,Imagery Award in honor of Jack Kamen,8209,38,50,76.0
2025,2025tuhc,Industrial Design Award sponsored by General Motors,6417,2,50,4.0
2025,2025tuhc,Innovation in Control Award sponsored by nVent,10541,3,50,6.0
2025,2025tuhc,Judges' Award,6988,34,50,68.0
2025,2025tuhc,Quality Award,8011,7,50,14.0
2025,2025tuhc,Rising All-Star Award,9043,45,50,90.0
2025,2025tuhc,Team Spirit Award,9247,11,50,22.0
2025,2025tuhc,Team Sustainability Award sponsored by Dow,6429,12,50,24.0
2025,2025tuis,Regional FIRST Impact Award,6014,10,48,20.8
2025,2025tuis,Regional Engineering Inspiration Award,5665,8,48,16.7
2025,2025tuis,Rookie All Star Award,10064,41,48,85.4
2025,2025tuis,Woodie Flowers Finalist Award,7748,32,48,66.7
2025,2025tuis,Volunteer of the Year,7748,32,48,66.7
2025,2025tuis,FIRST Dean's List Finalist Award,8263,40,48,83.3
2025,2025tuis,FIRST Dean's List Finalist Award,5665,8,48,16.7
2025,2025tuis,Regional Winners,7539,1,48,2.1
2025,2025tuis,Regional Winners,9609,2,48,4.2
2025,2025tuis,Regional Winners,10337,28,48,58.3
2025,2025tuis,Regional Finalists,10541,4,48,8.3
2025,2025tuis,Regional Finalists,6948,11,48,22.9
2025,2025tuis,Regional Finalists,9523,17,48,35.4
2025,2025tuis,Autonomous Award,8214,9,48,18.8
2025,2025tuis,Creativity Award sponsored by Rockwell Automation,7536,3,48,6.2
2025,2025tuis,Excellence in Engineering Award,7539,1,48,2.1
2025,2025tuis,Gracious Professionalism Award,7742,24,48,50.0
2025,2025tuis,Imagery Award in honor of Jack Kamen,10308,23,48,47.9
2025,2025tuis,Industrial Design Award sponsored by General Motors,9609,2,48,4.2
2025,2025tuis,Innovation in Control Award sponsored by nVent,6985,15,48,31.2
2025,2025tuis,Judges' Award,9020,6,48,12.5
2025,2025tuis,Quality Award,6948,11,48,22.9
2025,2025tuis,Rising All-Star Award,6228,39,48,81.2
2025,2025tuis,Team Spirit Award,9247,48,48,100.0
2025,2025tuis,Team Sustainability Award sponsored by Dow,9519,7,48,14.6
2025,2025tuis2,Regional FIRST Impact Award,8557,21,48,43.8
2025,2025tuis2,Regional Engineering Inspiration Award,6431,4,48,8.3
2025,2025tuis2,Rookie All Star Award,10244,16,48,33.3
2025,2025tuis2,Woodie Flowers Finalist Award,6025,5,48,10.4
2025,2025tuis2,Volunteer of the Year,4972,,48,
2025,2025tuis2,FIRST Dean's List Finalist Award,8159,6,48,12.5
2025,2025tuis2,FIRST Dean's List Finalist Award,10428,7,48,14.6
2025,2025tuis2,Regional Winners,9483,1,48,2.1
2025,2025tuis2,Regional Winners,8159,6,48,12.5
2025,2025tuis2,Regional Winners,10598,26,48,54.2
2025,2025tuis2,Regional Finalists,9635,2,48,4.2
2025,2025tuis2,Regional Finalists,6459,9,48,18.8
2025,2025tuis2,Regional Finalists,9591,28,48,58.3
2025,2025tuis2,Autonomous Award,9483,1,48,2.1
2025,2025tuis2,Creativity Award sponsored by Rockwell Automation,9635,2,48,4.2
2025,2025tuis2,Excellence in Engineering Award,10428,7,48,14.6
2025,2025tuis2,Gracious Professionalism Award,9610,47,48,97.9
2025,2025tuis2,Imagery Award in honor of Jack Kamen,10041,43,48,89.6
2025,2025tuis2,Industrial Design Award sponsored by General Motors,6417,10,48,20.8
2025,2025tuis2,Innovation in Control Award sponsored by nVent,8159,6,48,12.5
2025,2025tuis2,Judges' Award,6025,5,48,10.4
2025,2025tuis2,Quality Award,6459,9,48,18.8
2025,2025tuis2,Rising All-Star Award,8242,39,48,81.2
2025,2025tuis2,Team Spirit Award,8054,42,48,87.5
2025,2025tuis2,Team Sustainability Award sponsored by Dow,9583,15,48,31.2
2025,2025tuis3,Regional FIRST Impact Award,8159,5,50,10.0
2025,2025tuis3,Regional Engineering Inspiration Award,9609,1,50,2.0
2025,2025tuis3,Rookie All Star Award,10383,30,50,60.0
2025,2025tuis3,Woodie Flowers Finalist Award,6038,20,50,40.0
2025,2025tuis3,Volunteer of the Year,6038,20,50,40.0
2025,2025tuis3,FIRST Dean's List Finalist Award,7742,26,50,52.0
2025,2025tuis3,FIRST Dean's List Finalist Award,8153,21,50,42.0
2025,2025tuis3,Regional Winners,9609,1,50,2.0
2025,2025tuis3,Regional Winners,8159,5,50,10.0
2025,2025tuis3,Regional Winners,6038,20,50,40.0
2025,2025tuis3,Regional Winners,10502,15,50,30.0
2025,2025tuis3,Regional Finalists,9483,2,50,4.0
2025,2025tuis3,Regional Finalists,6459,3,50,6.0
2025,2025tuis3,Regional Finalists,10043,48,50,96.0
2025,2025tuis3,Autonomous Award,6459,3,50,6.0
2025,2025tuis3,Creativity Award sponsored by Rockwell Automation,8264,11,50,22.0
2025,2025tuis3,Excellence in Engineering Award,10428,4,50,8.0
2025,2025tuis3,Gracious Professionalism Award,3646,45,50,90.0
2025,2025tuis3,Imagery Award in honor of Jack Kamen,9545,39,50,78.0
2025,2025tuis3,Industrial Design Award sponsored by General Motors,6025,6,50,12.0
2025,2025tuis3,Innovation in Control Award sponsored by nVent,9483,2,50,4.0
2025,2025tuis3,Judges' Award,6415,40,50,80.0
2025,2025tuis3,Quality Award,6038,20,50,40.0
2025,2025tuis3,Rising All-Star Award,10243,36,50,72.0
2025,2025tuis3,Team Spirit Award,8158,32,50,64.0
2025,2025tuis3,Team Sustainability Award sponsored by Dow,7576,25,50,50.0
2025,2025txama,District FIRST Impact Award,5411,1,36,2.8
2025,2025txama,District Engineering Inspiration Award,5866,24,36,66.7
2025,2025txama,Rookie All Star Award,10340,13,36,36.1
2025,2025txama,District Championship Dean's List Semi-Finalist,6369,2,36,5.6
2025,2025txama,District Championship Dean's List Semi-Finalist,6369,2,36,5.6
2025,2025txama,District Event Winner,6369,2,36,5.6
2025,2025txama,District Event Winner,9105,3,36,8.3
2025,2025txama,District Event Winner,9786,30,36,83.3
2025,2025txama,District Event Finalist,2468,7,36,19.4
2025,2025txama,District Event Finalist,3310,12,36,33.3
2025,2025txama,District Event Finalist,7540,34,36,94.4
2025,2025txama,Autonomous Award,6369,2,36,5.6
2025,2025txama,Creativity Award sponsored by Rockwell Automation,9128,17,36,47.2
2025,2025txama,Excellence in Engineering Award,8749,8,36,22.2
2025,2025txama,Gracious Professionalism Award,7506,19,36,52.8
2025,2025txama,Imagery Award in honor of Jack Kamen,4063,6,36,16.7
2025,2025txama,Industrial Design Award sponsored by General Motors,3035,5,36,13.9
2025,2025txama,Innovation in Control Award sponsored by nVent,4734,18,36,50.0
2025,2025txama,Judges' Award,2468,7,36,19.4
2025,2025txama,Quality Award,3310,12,36,33.3
2025,2025txama,Rising All-Star Award,9136,11,36,30.6
2025,2025txama,Team Spirit Award,7540,34,36,94.4
2025,2025txama,Team Sustainability Award sponsored by Dow,1164,10,36,27.8
2025,2025txbel,District FIRST Impact Award,8019,7,41,17.1
2025,2025txbel,District Engineering Inspiration Award,6369,1,41,2.4
2025,2025txbel,Rookie All Star Award,10518,28,41,68.3
2025,2025txbel,District Championship Dean's List Semi-Finalist,5572,3,41,7.3
2025,2025txbel,District Championship Dean's List Semi-Finalist,4717,32,41,78.0
2025,2025txbel,District Event Winner,6369,1,41,2.4
2025,2025txbel,District Event Winner,3847,2,41,4.9
2025,2025txbel,District Event Winner,10518,28,41,68.3
2025,2025txbel,District Event Finalist,9418,8,41,19.5
2025,2025txbel,District Event Finalist,9140,10,41,24.4
2025,2025txbel,District Event Finalist,4364,40,41,97.6
2025,2025txbel,Autonomous Award,5572,3,41,7.3
2025,2025txbel,Creativity Award sponsored by Rockwell Automation,9418,8,41,19.5
2025,2025txbel,Excellence in Engineering Award,6357,23,41,56.1
2025,2025txbel,Gracious Professionalism Award,5414,36,41,87.8
2025,2025txbel,Imagery Award in honor of Jack Kamen,9034,17,41,41.5
2025,2025txbel,Industrial Design Award sponsored by General Motors,3847,2,41,4.9
2025,2025txbel,Innovation in Control Award sponsored by nVent,5892,20,41,48.8
2025,2025txbel,Judges' Award,457,4,41,9.8
2025,2025txbel,Quality Award,9080,30,41,73.2
2025,2025txbel,Rising All-Star Award,8573,27,41,65.9
2025,2025txbel,Team Spirit Award,9311,13,41,31.7
2025,2025txbel,Team Sustainability Award sponsored by Dow,7503,31,41,75.6
2025,2025txcle,District FIRST Impact Award,6357,6,34,17.6
2025,2025txcle,District Engineering Inspiration Award,324,4,34,11.8
2025,2025txcle,District Championship Dean's List Semi-Finalist,7616,17,34,50.0
2025,2025txcle,District Championship Dean's List Semi-Finalist,2585,5,34,14.7
2025,2025txcle,District Event Winner,118,1,34,2.9
2025,2025txcle,District Event Winner,324,4,34,11.8
2025,2025txcle,District Event Winner,10385,18,34,52.9
2025,2025txcle,District Event Finalist,5892,2,34,5.9
2025,2025txcle,District Event Finalist,231,8,34,23.5
2025,2025txcle,District Event Finalist,6645,33,34,97.1
2025,2025txcle,Autonomous Award,231,8,34,23.5
2025,2025txcle,Creativity Award sponsored by Rockwell Automation,7616,17,34,50.0
2025,2025txcle,Excellence in Engineering Award,118,1,34,2.9
2025,2025txcle,Gracious Professionalism Award,5892,2,34,5.9
2025,2025txcle,Imagery Award in honor of Jack Kamen,127,15,34,44.1
2025,2025txcle,Industrial Design Award sponsored by General Motors,10118,12,34,35.3
2025,2025txcle,Innovation in Control Award sponsored by nVent,5427,3,34,8.8
2025,2025txcle,Judges' Award,3545,7,34,20.6
2025,2025txcle,Quality Award,7492,9,34,26.5
2025,2025txcle,Rising All-Star Award,9051,21,34,61.8
2025,2025txcle,Team Spirit Award,6243,11,34,32.4
2025,2025txcle,Team Sustainability Award sponsored by Dow,7691,24,34,70.6
2025,2025txcmp,District Championship FIRST Impact Award,4192,,,
2025,2025txcmp,District Championship FIRST Impact Award,8573,,,
2025,2025txcmp,District Championship Engineering Inspiration Award,1296,,,
2025,2025txcmp,District Championship Engineering Inspiration Award,118,,,
2025,2025txcmp,District Championship Rookie All Star Award,10518,,,
2025,2025txcmp,District Championship Rookie All Star Award,10032,,,
2025,2025txcmp,Woodie Flowers Finalist Award,5414,,,
2025,2025txcmp,Woodie Flowers Finalist Award,9492,,,
2025,2025txcmp,Volunteer of the Year,324,,,
2025,2025txcmp,FIRST Dean's List Finalist Award,2714,,,
2025,2025txcmp,FIRST Dean's List Finalist Award,2714,,,
2025,2025txcmp,FIRST Dean's List Finalist Award,6369,,,
2025,2025txcmp,FIRST Dean's List Finalist Award,6369,,,
2025,2025txcmp,FIRST Dean's List Finalist Award,324,,,
2025,2025txcmp,District Championship Winner,6800,,,
2025,2025txcmp,District Championship Winner,3005,,,
2025,2025txcmp,District Championship Winner,6357,,,
2025,2025txcmp,District Championship Finalist,118,,,
2025,2025txcmp,District Championship Finalist,148,,,
2025,2025txcmp,District Championship Finalist,8177,,,
2025,2025txcmp1,District Championship Winner,118,1,45,2.2
2025,2025txcmp1,District Championship Winner,148,2,45,4.4
2025,2025txcmp1,District Championship Winner,8177,11,45,24.4
2025,2025txcmp1,District Championship Finalist,2881,5,45,11.1
2025,2025txcmp1,District Championship Finalist,624,17,45,37.8
2025,2025txcmp1,District Championship Finalist,3035,12,45,26.7
2025,2025txcmp1,Autonomous Award,6369,4,45,8.9
2025,2025txcmp1,Creativity Award sponsored by Rockwell Automation,8576,20,45,44.4
2025,2025txcmp1,Excellence in Engineering Award,2881,5,45,11.1
2025,2025txcmp1,Gracious Professionalism Award,5829,18,45,40.0
2025,2025txcmp1,Imagery Award in honor of Jack Kamen,9492,16,45,35.6
2025,2025txcmp1,Industrial Design Award sponsored by General Motors,3847,3,45,6.7
2025,2025txcmp1,Innovation in Control Award sponsored by nVent,2714,8,45,17.8
2025,2025txcmp1,Judges' Award,4734,24,45,53.3
2025,2025txcmp1,Quality Award,8749,9,45,20.0
2025,2025txcmp1,Rising All-Star Award,9658,41,45,91.1
2025,2025txcmp1,Team Spirit Award,5414,15,45,33.3
2025,2025txcmp1,Team Sustainability Award sponsored by Dow,148,2,45,4.4
2025,2025txcmp2,District Championship Winner,6800,1,45,2.2
2025,2025txcmp2,District Championship Winner,3005,2,45,4.4
2025,2025txcmp2,District Championship Winner,6357,14,45,31.1
2025,2025txcmp2,District Championship Finalist,3310,5,45,11.1
2025,2025txcmp2,District Championship Finalist,9140,9,45,20.0
2025,2025txcmp2,District Championship Finalist,2687,29,45,64.4
2025,2025txcmp2,Autonomous Award,3005,2,45,4.4
2025,2025txcmp2,Creativity Award sponsored by Rockwell Automation,324,7,45,15.6
2025,2025txcmp2,Excellence in Engineering Award,5411,10,45,22.2
2025,2025txcmp2,Gracious Professionalism Award,5892,17,45,37.8
2025,2025txcmp2,Imagery Award in honor of Jack Kamen,5788,36,45,80.0
2025,2025txcmp2,Industrial Design Award sponsored by General Motors,6800,1,45,2.2
2025,2025txcmp2,Innovation in Control Award sponsored by nVent,10014,3,45,6.7
2025,2025txcmp2,Judges' Award,7492,15,45,33.3
2025,2025txcmp2,Quality Award,1477,12,45,26.7
2025,2025txcmp2,Rising All-Star Award,9478,31,45,68.9
2025,2025txcmp2,Team Spirit Award,9181,24,45,53.3
2025,2025txcmp2,Team Sustainability Award sponsored by Dow,2583,23,45,51.1
2025,2025txfor,District FIRST Impact Award,5417,12,35,34.3
2025,2025txfor,District Engineering Inspiration Award,4192,32,35,91.4
2025,2025txfor,District Championship Dean's List Semi-Finalist,2714,2,35,5.7
2025,2025txfor,District Championship Dean's List Semi-Finalist,2714,2,35,5.7
2025,2025txfor,District Event Winner,3005,1,35,2.9
2025,2025txfor,District Event Winner,2714,2,35,5.7
2025,2025txfor,District Event Winner,4717,23,35,65.7
2025,2025txfor,District Event Finalist,4641,8,35,22.9
2025,2025txfor,District Event Finalist,5431,11,35,31.4
2025,2025txfor,District Event Finalist,9156,20,35,57.1
2025,2025txfor,Autonomous Award,2714,2,35,5.7
2025,2025txfor,Creativity Award sponsored by Rockwell Automation,2848,6,35,17.1
2025,2025txfor,Excellence in Engineering Award,3005,1,35,2.9
2025,2025txfor,Gracious Professionalism Award,4206,18,35,51.4
2025,2025txfor,Imagery Award in honor of Jack Kamen,9034,26,35,74.3
2025,2025txfor,Industrial Design Award sponsored by General Motors,9418,13,35,37.1
2025,2025txfor,Innovation in Control Award sponsored by nVent,7119,3,35,8.6
2025,2025txfor,Judges' Award,4717,23,35,65.7
2025,2025txfor,Quality Award,4364,16,35,45.7
2025,2025txfor,Rising All-Star Award,6901,10,35,28.6
2025,2025txfor,Team Spirit Award,5431,11,35,31.4
2025,2025txfor,Team Sustainability Award sponsored by Dow,9136,27,35,77.1
2025,2025txhou,District FIRST Impact Award,5414,2,31,6.5
2025,2025txhou,District Engineering Inspiration Award,3481,13,31,41.9
2025,2025txhou,District Championship Dean's List Semi-Finalist,9516,27,31,87.1
2025,2025txhou,District Championship Dean's List Semi-Finalist,7691,24,31,77.4
2025,2025txhou,District Event Winner,118,1,31,3.2
2025,2025txhou,District Event Winner,3847,3,31,9.7
2025,2025txhou,District Event Winner,7691,24,31,77.4
2025,2025txhou,District Event Finalist,5261,6,31,19.4
2025,2025txhou,District Event Finalist,9137,8,31,25.8
2025,2025txhou,District Event Finalist,4587,22,31,71.0
2025,2025txhou,Autonomous Award,3847,3,31,9.7
2025,2025txhou,Creativity Award sponsored by Rockwell Automation,8177,23,31,74.2
2025,2025txhou,Excellence in Engineering Award,6488,11,31,35.5
2025,2025txhou,Gracious Professionalism Award,8827,26,31,83.9
2025,2025txhou,Imagery Award in honor of Jack Kamen,9181,16,31,51.6
2025,2025txhou,Industrial Design Award sponsored by General Motors,10118,7,31,22.6
2025,2025txhou,Innovation in Control Award sponsored by nVent,10014,9,31,29.0
2025,2025txhou,Judges' Award,9658,5,31,16.1
2025,2025txhou,Quality Award,118,1,31,3.2
2025,2025txhou,Rising All-Star Award,9516,27,31,87.1
2025,2025txhou,Team Spirit Award,2882,12,31,38.7
2025,2025txhou,Team Sustainability Award sponsored by Dow,7691,24,31,77.4
2025,2025txhou3,Winner,5414,,,
2025,2025txhou3,Winner,9999,,,
2025,2025txhou3,Winner,8576,,,
2025,2025txhou3,Finalist,118,,,
2025,2025txhou3,Finalist,8370,,,
2025,2025txhou3,Finalist,9478,,,
2025,2025txman,District FIRST Impact Award,2881,3,25,12.0
2025,2025txman,District Engineering Inspiration Award,118,1,25,4.0
2025,2025txman,Rookie All Star Award,10032,19,25,76.0
2025,2025txman,District Championship Dean's List Semi-Finalist,624,5,25,20.0
2025,2025txman,District Championship Dean's List Semi-Finalist,418,4,25,16.0
2025,2025txman,District Event Winner,118,1,25,4.0
2025,2025txman,District Event Winner,6800,2,25,8.0
2025,2025txman,District Event Winner,9137,22,25,88.0
2025,2025txman,District Event Finalist,2881,3,25,12.0
2025,2025txman,District Event Finalist,418,4,25,16.0
2025,2025txman,District Event Finalist,4251,21,25,84.0
2025,2025txman,Autonomous Award,6800,2,25,8.0
2025,2025txman,Creativity Award sponsored by Rockwell Automation,2687,13,25,52.0
2025,2025txman,Excellence in Engineering Award,624,5,25,20.0
2025,2025txman,Gracious Professionalism Award,9506,14,25,56.0
2025,2025txman,Imagery Award in honor of Jack Kamen,9311,18,25,72.0
2025,2025txman,Industrial Design Award sponsored by General Motors,418,4,25,16.0
2025,2025txman,Innovation in Control Award sponsored by nVent,6377,7,25,28.0
2025,2025txman,Judges' Award,8370,17,25,68.0
2025,2025txman,Quality Award,8576,15,25,60.0
2025,2025txman,Rising All-Star Award,9054,12,25,48.0
2025,2025txman,Team Spirit Award,9577,24,25,96.0
2025,2025txman,Team Sustainability Award sponsored by Dow,2468,10,25,40.0
2025,2025txntx,Event Winner,6369,1,27,3.7
2025,2025txntx,Event Winner,148,15,27,55.6
2025,2025txntx,Event Winner,5790,28,27,103.7
2025,2025txntx,Event Finalist,2718,6,27,22.2
2025,2025txntx,Event Finalist,9492,18,27,66.7
2025,2025txntx,Event Finalist,10014,17,27,63.0
2025,2025txntx,Gracious Professionalism Award,8749,5,27,18.5
2025,2025txntx,Safety Award,6171,23,27,85.2
2025,2025txntx,Team Spirit Award,9418,20,27,74.1
2025,2025txpla,District FIRST Impact Award,4192,24,31,77.4
2025,2025txpla,District Engineering Inspiration Award,5411,4,31,12.9
2025,2025txpla,Rookie All Star Award,10014,23,31,74.2
2025,2025txpla,District Championship Dean's List Semi-Finalist,9105,5,31,16.1
2025,2025txpla,District Championship Dean's List Semi-Finalist,8818,18,31,58.1
2025,2025txpla,District Event Winner,5411,4,31,12.9
2025,2025txpla,District Event Winner,9105,5,31,16.1
2025,2025txpla,District Event Winner,8816,20,31,64.5
2025,2025txpla,District Event Winner,6526,21,31,67.7
2025,2025txpla,District Event Finalist,148,1,31,3.2
2025,2025txpla,District Event Finalist,3310,2,31,6.5
2025,2025txpla,District Event Finalist,6768,29,31,93.5
2025,2025txpla,Autonomous Award,9128,8,31,25.8
2025,2025txpla,Creativity Award sponsored by Rockwell Automation,9105,5,31,16.1
2025,2025txpla,Excellence in Engineering Award,3310,2,31,6.5
2025,2025txpla,Gracious Professionalism Award,4206,25,31,80.6
2025,2025txpla,Imagery Award in honor of Jack Kamen,2848,6,31,19.4
2025,2025txpla,Industrial Design Award sponsored by General Motors,148,1,31,3.2
2025,2025txpla,Innovation in Control Award sponsored by nVent,10312,11,31,35.5
2025,2025txpla,Judges' Award,8818,18,31,58.1
2025,2025txpla,Quality Award,5431,17,31,54.8
2025,2025txpla,Rising All-Star Award,9457,30,31,96.8
2025,2025txpla,Team Spirit Award,7506,19,31,61.3
2025,2025txpla,Team Sustainability Award sponsored by Dow,1296,3,31,9.7
2025,2025txsan,District FIRST Impact Award,3481,28,42,66.7
2025,2025txsan,District Engineering Inspiration Award,5427,38,42,90.5
2025,2025txsan,District Championship Dean's List Semi-Finalist,3481,28,42,66.7
2025,2025txsan,District Championship Dean's List Semi-Finalist,7492,3,42,7.1
2025,2025txsan,District Event Winner,2582,1,42,2.4
2025,2025txsan,District Event Winner,5572,2,42,4.8
2025,2025txsan,District Event Winner,6974,17,42,40.5
2025,2025txsan,District Event Finalist,3545,9,42,21.4
2025,2025txsan,District Event Finalist,4610,18,42,42.9
2025,2025txsan,District Event Finalist,5726,21,42,50.0
2025,2025txsan,Autonomous Award,8114,36,42,85.7
2025,2025txsan,Creativity Award sponsored by Rockwell Automation,7521,4,42,9.5
2025,2025txsan,Excellence in Engineering Award,3735,5,42,11.9
2025,2025txsan,Gracious Professionalism Award,4610,18,42,42.9
2025,2025txsan,Imagery Award in honor of Jack Kamen,4332,29,42,69.0
2025,2025txsan,Industrial Design Award sponsored by General Motors,5572,2,42,4.8
2025,2025txsan,Innovation in Control Award sponsored by nVent,1164,13,42,31.0
2025,2025txsan,Judges' Award,9664,34,42,81.0
2025,2025txsan,Quality Award,231,7,42,16.7
2025,2025txsan,Rising All-Star Award,9444,27,42,64.3
2025,2025txsan,Team Spirit Award,2582,1,42,2.4
2025,2025txsan,Team Sustainability Award sponsored by Dow,8088,8,42,19.0
2025,2025txsg,Event Winner,8749,,,
2025,2025txsg,Event Winner,10340,,,
2025,2025txsg,Event Winner,2718,,,
2025,2025txsg,Event Winner,5212,,,
2025,2025txsg,Event Finalist,10014,,,
2025,2025txsg,Event Finalist,5431,,,
2025,2025txsg,Event Finalist,2848,,,
2025,2025txsg,Event Finalist,7091,,,
2025,2025txsg,Creativity Award,5431,,,
2025,2025txsg,Excellence in Engineering Award,10340,,,
2025,2025txsg,Gracious Professionalism Award,6773,,,
2025,2025txsg,Safety Award,9492,,,
2025,2025txsg,Team Spirit Award,7725,,,
2025,2025txtom,District FIRST Impact Award,1477,2,34,5.9
2025,2025txtom,District Engineering Inspiration Award,4639,16,34,47.1
2025,2025txtom,District Championship Dean's List Semi-Finalist,10118,4,34,11.8
2025,2025txtom,District Championship Dean's List Semi-Finalist,3735,15,34,44.1
2025,2025txtom,District Event Winner,118,1,34,2.9
2025,2025txtom,District Event Winner,6800,3,34,8.8
2025,2025txtom,District Event Winner,5417,27,34,79.4
2025,2025txtom,District Event Winner,8392,14,34,41.2
2025,2025txtom,District Event Finalist,1477,2,34,5.9
2025,2025txtom,District Event Finalist,624,8,34,23.5
2025,2025txtom,District Event Finalist,9289,28,34,82.4
2025,2025txtom,Autonomous Award,624,8,34,23.5
2025,2025txtom,Creativity Award sponsored by Rockwell Automation,8177,7,34,20.6
2025,2025txtom,Excellence in Engineering Award,118,1,34,2.9
2025,2025txtom,Gracious Professionalism Award,7312,6,34,17.6
2025,2025txtom,Imagery Award in honor of Jack Kamen,9181,23,34,67.6
2025,2025txtom,Industrial Design Award sponsored by General Motors,6800,3,34,8.8
2025,2025txtom,Innovation in Control Award sponsored by nVent,3735,15,34,44.1
2025,2025txtom,Judges' Award,9512,12,34,35.3
2025,2025txtom,Quality Award,231,11,34,32.4
2025,2025txtom,Rising All-Star Award,9478,21,34,61.8
2025,2025txtom,Team Spirit Award,2882,26,34,76.5
2025,2025txtom,Team Sustainability Award sponsored by Dow,5417,27,34,79.4
2025,2025txvic,District FIRST Impact Award,8573,19,25,76.0
2025,2025txvic,District Engineering Inspiration Award,2583,3,25,12.0
2025,2025txvic,Rookie All Star Award,10385,18,25,72.0
2025,2025txvic,District Championship Dean's List Semi-Finalist,324,4,25,16.0
2025,2025txvic,District Championship Dean's List Semi-Finalist,2583,3,25,12.0
2025,2025txvic,District Event Winner,1477,1,25,4.0
2025,2025txvic,District Event Winner,9128,2,25,8.0
2025,2025txvic,District Event Winner,9515,14,25,56.0
2025,2025txvic,District Event Finalist,2583,3,25,12.0
2025,2025txvic,District Event Finalist,4639,8,25,32.0
2025,2025txvic,District Event Finalist,9121,21,25,84.0
2025,2025txvic,Autonomous Award,10340,5,25,20.0
2025,2025txvic,Creativity Award sponsored by Rockwell Automation,9515,14,25,56.0
2025,2025txvic,Excellence in Engineering Award,4639,8,25,32.0
2025,2025txvic,Gracious Professionalism Award,4063,6,25,24.0
2025,2025txvic,Imagery Award in honor of Jack Kamen,9478,24,25,96.0
2025,2025txvic,Industrial Design Award sponsored by General Motors,324,4,25,16.0
2025,2025txvic,Innovation in Control Award sponsored by nVent,1477,1,25,4.0
2025,2025txvic,Judges' Award,8818,13,25,52.0
2025,2025txvic,Quality Award,2587,11,25,44.0
2025,2025txvic,Rising All-Star Award,5908,17,25,68.0
2025,2025txvic,Team Spirit Award,9289,9,25,36.0
2025,2025txvic,Team Sustainability Award sponsored by Dow,5829,12,25,48.0
2025,2025txwac,District FIRST Impact Award,2468,23,41,56.1
2025,2025txwac,District Engineering Inspiration Award,1296,6,41,14.6
2025,2025txwac,Rookie All Star Award,10062,31,41,75.6
2025,2025txwac,District Championship Dean's List Semi-Finalist,2468,23,41,56.1
2025,2025txwac,District Championship Dean's List Semi-Finalist,2468,23,41,56.1
2025,2025txwac,District Event Winner,148,1,41,2.4
2025,2025txwac,District Event Winner,3005,2,41,4.9
2025,2025txwac,District Event Winner,8732,38,41,92.7
2025,2025txwac,District Event Finalist,2881,5,41,12.2
2025,2025txwac,District Event Finalist,3310,27,41,65.9
2025,2025txwac,District Event Finalist,5212,33,41,80.5
2025,2025txwac,District Event Finalist,2950,13,41,31.7
2025,2025txwac,Autonomous Award,148,1,41,2.4
2025,2025txwac,Creativity Award sponsored by Rockwell Automation,2158,35,41,85.4
2025,2025txwac,Excellence in Engineering Award,2714,10,41,24.4
2025,2025txwac,Gracious Professionalism Award,8515,17,41,41.5
2025,2025txwac,Imagery Award in honor of Jack Kamen,2881,5,41,12.2
2025,2025txwac,Industrial Design Award sponsored by General Motors,6672,15,41,36.6
2025,2025txwac,Innovation in Control Award sponsored by nVent,3005,2,41,4.9
2025,2025txwac,Judges' Award,9577,19,41,46.3
2025,2025txwac,Quality Award,2582,3,41,7.3
2025,2025txwac,Rising All-Star Award,418,9,41,22.0
2025,2025txwac,Team Spirit Award,2689,7,41,17.1
2025,2025txwac,Team Sustainability Award sponsored by Dow,6377,4,41,9.8
2025,2025utwv,Regional FIRST Impact Award,4585,39,39,100.0
2025,2025utwv,Regional Engineering Inspiration Award,9037,28,39,71.8
2025,2025utwv,Woodie Flowers Finalist Award,3006,8,39,20.5
2025,2025utwv,FIRST Dean's List Finalist Award,3006,8,39,20.5
2025,2025utwv,FIRST Dean's List Finalist Award,4585,39,39,100.0
2025,2025utwv,Regional Winners,987,1,39,2.6
2025,2025utwv,Regional Winners,7426,3,39,7.7
2025,2025utwv,Regional Winners,3166,17,39,43.6
2025,2025utwv,Regional Finalists,498,2,39,5.1
2025,2025utwv,Regional Finalists,2122,4,39,10.3
2025,2025utwv,Regional Finalists,8005,20,39,51.3
2025,2025utwv,Autonomous Award,987,1,39,2.6
2025,2025utwv,Creativity Award sponsored by Rockwell Automation,4293,10,39,25.6
2025,2025utwv,Excellence in Engineering Award,498,2,39,5.1
2025,2025utwv,Gracious Professionalism Award,8005,20,39,51.3
2025,2025utwv,Imagery Award in honor of Jack Kamen,1569,23,39,59.0
2025,2025utwv,Industrial Design Award sponsored by General Motors,2102,5,39,12.8
2025,2025utwv,Innovation in Control Award sponsored by nVent,3006,8,39,20.5
2025,2025utwv,Judges' Award,2122,4,39,10.3
2025,2025utwv,Quality Award,7426,3,39,7.7
2025,2025utwv,Rising All-Star Award,8174,25,39,64.1
2025,2025utwv,Team Spirit Award,5851,15,39,38.5
2025,2025utwv,Team Sustainability Award sponsored by Dow,4598,36,39,92.3
2025,2025vaale,District FIRST Impact Award,2199,1,38,2.6
2025,2025vaale,District Engineering Inspiration Award,836,5,38,13.2
2025,2025vaale,Rookie All Star Award,10449,25,38,65.8
2025,2025vaale,District Championship Dean's List Semi-Finalist,9403,18,38,47.4
2025,2025vaale,District Championship Dean's List Semi-Finalist,1885,34,38,89.5
2025,2025vaale,District Event Winner,620,2,38,5.3
2025,2025vaale,District Event Winner,836,5,38,13.2
2025,2025vaale,District Event Winner,6326,36,38,94.7
2025,2025vaale,District Event Finalist,2363,8,38,21.1
2025,2025vaale,District Event Finalist,686,14,38,36.8
2025,2025vaale,District Event Finalist,2186,17,38,44.7
2025,2025vaale,Autonomous Award,620,2,38,5.3
2025,2025vaale,Creativity Award sponsored by Rockwell Automation,1418,4,38,10.5
2025,2025vaale,Excellence in Engineering Award,5338,19,38,50.0
2025,2025vaale,Gracious Professionalism Award,611,9,38,23.7
2025,2025vaale,Imagery Award in honor of Jack Kamen,1885,34,38,89.5
2025,2025vaale,Industrial Design Award sponsored by General Motors,9072,15,38,39.5
2025,2025vaale,Innovation in Control Award sponsored by nVent,686,14,38,36.8
2025,2025vaale,Judges' Award,2068,29,38,76.3
2025,2025vaale,Quality Award,2363,8,38,21.1
2025,2025vaale,Rising All-Star Award,2963,13,38,34.2
2025,2025vaale,Team Spirit Award,9403,18,38,47.4
2025,2025vaale,Team Sustainability Award sponsored by Dow,4472,16,38,42.1
2025,2025vabla,District FIRST Impact Award,401,17,31,54.8
2025,2025vabla,District Engineering Inspiration Award,422,1,31,3.2
2025,2025vabla,Rookie All Star Award,10257,14,31,45.2
2025,2025vabla,District Championship Dean's List Semi-Finalist,422,1,31,3.2
2025,2025vabla,District Championship Dean's List Semi-Finalist,4099,24,31,77.4
2025,2025vabla,District Event Winner,422,1,31,3.2
2025,2025vabla,District Event Winner,1629,3,31,9.7
2025,2025vabla,District Event Winner,2890,19,31,61.3
2025,2025vabla,District Event Winner,3361,16,31,51.6
2025,2025vabla,District Event Finalist,8592,2,31,6.5
2025,2025vabla,District Event Finalist,977,4,31,12.9
2025,2025vabla,District Event Finalist,3359,22,31,71.0
2025,2025vabla,Autonomous Award,1629,3,31,9.7
2025,2025vabla,Creativity Award sponsored by Rockwell Automation,1719,31,31,100.0
2025,2025vabla,Excellence in Engineering Award,5804,10,31,32.3
2025,2025vabla,Gracious Professionalism Award,540,23,31,74.2
2025,2025vabla,Imagery Award in honor of Jack Kamen,1599,8,31,25.8
2025,2025vabla,Industrial Design Award sponsored by General Motors,6802,6,31,19.4
2025,2025vabla,Innovation in Control Award sponsored by nVent,3136,5,31,16.1
2025,2025vabla,Judges' Award,977,4,31,12.9
2025,2025vabla,Quality Award,8592,2,31,6.5
2025,2025vabla,Rising All-Star Award,3072,25,31,80.6
2025,2025vabla,Team Spirit Award,5724,11,31,35.5
2025,2025vabla,Team Sustainability Award sponsored by Dow,619,26,31,83.9
2025,2025vabrb,Event Winner,1262,1,26,3.8
2025,2025vabrb,Event Winner,977,4,26,15.4
2025,2025vabrb,Event Winner,9996,16,26,61.5
2025,2025vagle,District FIRST Impact Award,1086,5,34,14.7
2025,2025vagle,District Engineering Inspiration Award,540,11,34,32.4
2025,2025vagle,Rookie All Star Award,10224,8,34,23.5
2025,2025vagle,District Championship Dean's List Semi-Finalist,404,23,34,67.6
2025,2025vagle,District Championship Dean's List Semi-Finalist,5724,24,34,70.6
2025,2025vagle,District Event Winner,1731,1,34,2.9
2025,2025vagle,District Event Winner,449,3,34,8.8
2025,2025vagle,District Event Winner,4505,30,34,88.2
2025,2025vagle,District Event Winner,10370,15,34,44.1
2025,2025vagle,District Event Finalist,2106,2,34,5.9
2025,2025vagle,District Event Finalist,8592,4,34,11.8
2025,2025vagle,District Event Finalist,339,22,34,64.7
2025,2025vagle,Autonomous Award,2106,2,34,5.9
2025,2025vagle,Creativity Award sponsored by Rockwell Automation,614,17,34,50.0
2025,2025vagle,Excellence in Engineering Award,5804,12,34,35.3
2025,2025vagle,Gracious Professionalism Award,4472,26,34,76.5
2025,2025vagle,Imagery Award in honor of Jack Kamen,9003,6,34,17.6
2025,2025vagle,Industrial Design Award sponsored by General Motors,8592,4,34,11.8
2025,2025vagle,Innovation in Control Award sponsored by nVent,1731,1,34,2.9
2025,2025vagle,Judges' Award,5724,24,34,70.6
2025,2025vagle,Quality Award,1895,7,34,20.6
2025,2025vagle,Rising All-Star Award,3258,20,34,58.8
2025,2025vagle,Team Spirit Award,6802,13,34,38.2
2025,2025vagle,Team Sustainability Award sponsored by Dow,6326,31,34,91.2
2025,2025vapor,District FIRST Impact Award,422,1,27,3.7
2025,2025vapor,District Engineering Inspiration Award,401,5,27,18.5
2025,2025vapor,Rookie All Star Award,10004,20,27,74.1
2025,2025vapor,District Championship Dean's List Semi-Finalist,122,19,27,70.4
2025,2025vapor,District Championship Dean's List Semi-Finalist,1086,6,27,22.2
2025,2025vapor,District Event Winner,422,1,27,3.7
2025,2025vapor,District Event Winner,346,3,27,11.1
2025,2025vapor,District Event Winner,3072,25,27,92.6
2025,2025vapor,District Event Winner,6882,21,27,77.8
2025,2025vapor,District Event Finalist,1086,6,27,22.2
2025,2025vapor,District Event Finalist,2534,10,27,37.0
2025,2025vapor,District Event Finalist,3359,26,27,96.3
2025,2025vapor,Autonomous Award,346,3,27,11.1
2025,2025vapor,Creativity Award sponsored by Rockwell Automation,836,7,27,25.9
2025,2025vapor,Excellence in Engineering Award,4099,9,27,33.3
2025,2025vapor,Gracious Professionalism Award,3136,4,27,14.8
2025,2025vapor,Imagery Award in honor of Jack Kamen,2890,15,27,55.6
2025,2025vapor,Industrial Design Award sponsored by General Motors,2363,14,27,51.9
2025,2025vapor,Innovation in Control Award sponsored by nVent,2534,10,27,37.0
2025,2025vapor,Judges' Award,9214,2,27,7.4
2025,2025vapor,Quality Award,1086,6,27,22.2
2025,2025vapor,Rising All-Star Award,3072,25,27,92.6
2025,2025vapor,Team Spirit Award,4575,11,27,40.7
2025,2025vapor,Team Sustainability Award sponsored by Dow,122,19,27,70.4
2025,2025vtbur,District FIRST Impact Award,166,4,32,12.5
2025,2025vtbur,District Engineering Inspiration Award,2370,11,32,34.4
2025,2025vtbur,Rookie All Star Award,10138,23,32,71.9
2025,2025vtbur,District Championship Dean's List Semi-Finalist,8544,18,32,56.2
2025,2025vtbur,District Championship Dean's List Semi-Finalist,9101,20,32,62.5
2025,2025vtbur,District Event Winner,5687,1,32,3.1
2025,2025vtbur,District Event Winner,4909,2,32,6.2
2025,2025vtbur,District Event Winner,8544,18,32,56.2
2025,2025vtbur,District Event Finalist,839,3,32,9.4
2025,2025vtbur,District Event Finalist,166,4,32,12.5
2025,2025vtbur,District Event Finalist,3323,25,32,78.1
2025,2025vtbur,Autonomous Award,5687,1,32,3.1
2025,2025vtbur,Creativity Award sponsored by Rockwell Automation,6933,5,32,15.6
2025,2025vtbur,Excellence in Engineering Award,1073,7,32,21.9
2025,2025vtbur,Gracious Professionalism Award,7913,31,32,96.9
2025,2025vtbur,Imagery Award in honor of Jack Kamen,8544,18,32,56.2
2025,2025vtbur,Industrial Design Award sponsored by General Motors,1729,13,32,40.6
2025,2025vtbur,Innovation in Control Award sponsored by nVent,4572,15,32,46.9
2025,2025vtbur,Judges' Award,95,8,32,25.0
2025,2025vtbur,Quality Award,839,3,32,9.4
2025,2025vtbur,Rising All-Star Award,5494,30,32,93.8
2025,2025vtbur,Team Spirit Award,3323,25,32,78.1
2025,2025vtbur,Team Sustainability Award sponsored by Dow,9101,20,32,62.5
2025,2025waahs,District FIRST Impact Award,2046,14,36,38.9
2025,2025waahs,District Engineering Inspiration Award,4450,8,36,22.2
2025,2025waahs,Rookie All Star Award,10423,23,36,63.9
2025,2025waahs,District Championship Dean's List Semi-Finalist,2980,32,36,88.9
2025,2025waahs,District Championship Dean's List Semi-Finalist,1899,18,36,50.0
2025,2025waahs,District Event Winner,2910,1,36,2.8
2025,2025waahs,District Event Winner,3663,2,36,5.6
2025,2025waahs,District Event Winner,8896,29,36,80.6
2025,2025waahs,District Event Finalist,360,3,36,8.3
2025,2025waahs,District Event Finalist,2046,14,36,38.9
2025,2025waahs,District Event Finalist,3049,35,36,97.2
2025,2025waahs,Autonomous Award,2910,1,36,2.8
2025,2025waahs,Creativity Award sponsored by Rockwell Automation,1318,5,36,13.9
2025,2025waahs,Excellence in Engineering Award,3663,2,36,5.6
2025,2025waahs,Gracious Professionalism Award,9023,6,36,16.7
2025,2025waahs,Imagery Award in honor of Jack Kamen,3219,12,36,33.3
2025,2025waahs,Industrial Design Award sponsored by General Motors,8051,9,36,25.0
2025,2025waahs,Innovation in Control Award sponsored by nVent,488,17,36,47.2
2025,2025waahs,Judges' Award,5683,22,36,61.1
2025,2025waahs,Quality Award,2412,19,36,52.8
2025,2025waahs,Rising All-Star Award,3574,24,36,66.7
2025,2025waahs,Team Spirit Award,8248,16,36,44.4
2025,2025waahs,Team Sustainability Award sponsored by Dow,1294,11,36,30.6
2025,2025wabon,District FIRST Impact Award,2976,23,34,67.6
2025,2025wabon,District Engineering Inspiration Award,948,9,34,26.5
2025,2025wabon,Rookie All Star Award,10455,11,34,32.4
2025,2025wabon,District Championship Dean's List Semi-Finalist,7461,8,34,23.5
2025,2025wabon,District Championship Dean's List Semi-Finalist,4512,4,34,11.8
2025,2025wabon,District Event Winner,2046,1,34,2.9
2025,2025wabon,District Event Winner,1778,3,34,8.8
2025,2025wabon,District Event Winner,9446,30,34,88.2
2025,2025wabon,District Event Finalist,5937,12,34,35.3
2025,2025wabon,District Event Finalist,9036,15,34,44.1
2025,2025wabon,District Event Finalist,4911,16,34,47.1
2025,2025wabon,Autonomous Award,1778,3,34,8.8
2025,2025wabon,Creativity Award sponsored by Rockwell Automation,8032,22,34,64.7
2025,2025wabon,Excellence in Engineering Award,1983,31,34,91.2
2025,2025wabon,Gracious Professionalism Award,4089,5,34,14.7
2025,2025wabon,Imagery Award in honor of Jack Kamen,9036,15,34,44.1
2025,2025wabon,Industrial Design Award sponsored by General Motors,2046,1,34,2.9
2025,2025wabon,Innovation in Control Award sponsored by nVent,4682,6,34,17.6
2025,2025wabon,Judges' Award,6350,14,34,41.2
2025,2025wabon,Quality Award,3218,10,34,29.4
2025,2025wabon,Rising All-Star Award,949,25,34,73.5
2025,2025wabon,Team Spirit Award,4911,16,34,47.1
2025,2025wabon,Team Sustainability Award sponsored by Dow,5937,12,34,35.3
2025,2025wasam,District FIRST Impact Award,2412,3,31,9.7
2025,2025wasam,District Engineering Inspiration Award,9023,9,31,29.0
2025,2025wasam,District Championship Dean's List Semi-Finalist,4915,7,31,22.6
2025,2025wasam,District Championship Dean's List Semi-Finalist,3588,23,31,74.2
2025,2025wasam,District Event Winner,2910,1,31,3.2
2025,2025wasam,District Event Winner,9442,2,31,6.5
2025,2025wasam,District Event Winner,2906,14,31,45.2
2025,2025wasam,District Event Winner,6350,18,31,58.1
2025,2025wasam,District Event Finalist,2412,3,31,9.7
2025,2025wasam,District Event Finalist,488,4,31,12.9
2025,2025wasam,District Event Finalist,949,31,31,100.0
2025,2025wasam,Autonomous Award,2910,1,31,3.2
2025,2025wasam,Creativity Award sponsored by Rockwell Automation,4980,20,31,64.5
2025,2025wasam,Excellence in Engineering Award,948,10,31,32.3
2025,2025wasam,Gracious Professionalism Award,1983,24,31,77.4
2025,2025wasam,Imagery Award in honor of Jack Kamen,9036,17,31,54.8
2025,2025wasam,Industrial Design Award sponsored by General Motors,9442,2,31,6.5
2025,2025wasam,Innovation in Control Award sponsored by nVent,4915,7,31,22.6
2025,2025wasam,Judges' Award,2976,21,31,67.7
2025,2025wasam,Quality Award,8032,15,31,48.4
2025,2025wasam,Rising All-Star Award,2927,25,31,80.6
2025,2025wasam,Team Spirit Award,1294,19,31,61.3
2025,2025wasam,Team Sustainability Award sponsored by Dow,1899,11,31,35.5
2025,2025wasno,District FIRST Impact Award,4131,11,33,33.3
2025,2025wasno,District Engineering Inspiration Award,2980,30,33,90.9
2025,2025wasno,Rookie All Star Award,10079,15,33,45.5
2025,2025wasno,District Championship Dean's List Semi-Finalist,1318,4,33,12.1
2025,2025wasno,District Championship Dean's List Semi-Finalist,5827,16,33,48.5
2025,2025wasno,District Event Winner,1778,1,33,3.0
2025,2025wasno,District Event Winner,2046,6,33,18.2
2025,2025wasno,District Event Winner,3826,19,33,57.6
2025,2025wasno,District Event Finalist,9450,2,33,6.1
2025,2025wasno,District Event Finalist,2930,3,33,9.1
2025,2025wasno,District Event Finalist,4918,18,33,54.5
2025,2025wasno,Autonomous Award,2930,3,33,9.1
2025,2025wasno,Creativity Award sponsored by Rockwell Automation,9450,2,33,6.1
2025,2025wasno,Excellence in Engineering Award,9442,12,33,36.4
2025,2025wasno,Gracious Professionalism Award,7461,21,33,63.6
2025,2025wasno,Imagery Award in honor of Jack Kamen,3826,19,33,57.6
2025,2025wasno,Industrial Design Award sponsored by General Motors,2046,6,33,18.2
2025,2025wasno,Innovation in Control Award sponsored by nVent,1778,1,33,3.0
2025,2025wasno,Judges' Award,4918,18,33,54.5
2025,2025wasno,Quality Award,3218,8,33,24.2
2025,2025wasno,Rising All-Star Award,7627,23,33,69.7
2025,2025wasno,Team Spirit Award,4450,13,33,39.4
2025,2025wasno,Team Sustainability Award sponsored by Dow,360,7,33,21.2
2025,2025wayak,District FIRST Impact Award,9450,1,34,2.9
2025,2025wayak,District Engineering Inspiration Award,4061,12,34,35.3
2025,2025wayak,Rookie All Star Award,10416,11,34,32.4
2025,2025wayak,District Championship Dean's List Semi-Finalist,2811,6,34,17.6
2025,2025wayak,District Championship Dean's List Semi-Finalist,492,25,34,73.5
2025,2025wayak,District Event Winner,9450,1,34,2.9
2025,2025wayak,District Event Winner,2930,5,34,14.7
2025,2025wayak,District Event Winner,4125,28,34,82.4
2025,2025wayak,District Event Winner,749,14,34,41.2
2025,2025wayak,District Event Finalist,5468,2,34,5.9
2025,2025wayak,District Event Finalist,1318,3,34,8.8
2025,2025wayak,District Event Finalist,1595,33,34,97.1
2025,2025wayak,Autonomous Award,1318,3,34,8.8
2025,2025wayak,Creativity Award sponsored by Rockwell Automation,4131,7,34,20.6
2025,2025wayak,Excellence in Engineering Award,4980,22,34,64.7
2025,2025wayak,Gracious Professionalism Award,2811,6,34,17.6
2025,2025wayak,Imagery Award in honor of Jack Kamen,4692,30,34,88.2
2025,2025wayak,Industrial Design Award sponsored by General Motors,4125,28,34,82.4
2025,2025wayak,Innovation in Control Award sponsored by nVent,2930,5,34,14.7
2025,2025wayak,Judges' Award,955,10,34,29.4
2025,2025wayak,Quality Award,7627,8,34,23.5
2025,2025wayak,Rising All-Star Award,9613,29,34,85.3
2025,2025wayak,Team Spirit Award,5468,2,34,5.9
2025,2025wayak,Team Sustainability Award sponsored by Dow,2926,18,34,52.9
2025,2025wila,Regional FIRST Impact Award,537,9,51,17.6
2025,2025wila,Regional Engineering Inspiration Award,706,21,51,41.2
2025,2025wila,Woodie Flowers Finalist Award,3381,45,51,88.2
2025,2025wila,FIRST Dean's List Finalist Award,2194,12,51,23.5
2025,2025wila,FIRST Dean's List Finalist Award,2531,16,51,31.4
2025,2025wila,Regional Winners,4728,1,51,2.0
2025,2025wila,Regional Winners,3197,4,51,7.8
2025,2025wila,Regional Winners,8024,30,51,58.8
2025,2025wila,Regional Finalists,4009,2,51,3.9
2025,2025wila,Regional Finalists,7021,3,51,5.9
2025,2025wila,Regional Finalists,2225,17,51,33.3
2025,2025wila,Autonomous Award,4009,2,51,3.9
2025,2025wila,Creativity Award sponsored by Rockwell Automation,3197,4,51,7.8
2025,2025wila,Excellence in Engineering Award,4728,1,51,2.0
2025,2025wila,Gracious Professionalism Award,5826,6,51,11.8
2025,2025wila,Imagery Award in honor of Jack Kamen,4531,8,51,15.7
2025,2025wila,Industrial Design Award sponsored by General Motors,2062,42,51,82.4
2025,2025wila,Innovation in Control Award sponsored by nVent,7021,3,51,5.9
2025,2025wila,Judges' Award,2826,27,51,52.9
2025,2025wila,Quality Award,8701,20,51,39.2
2025,2025wila,Rising All-Star Award,8531,37,51,72.5
2025,2025wila,Team Spirit Award,2169,10,51,19.6
2025,2025wila,Team Sustainability Award sponsored by Dow,6381,24,51,47.1
2025,2025wilrec,Winner,3538,1,17,5.9
2025,2025wilrec,Winner,1714,2,17,11.8
2025,2025wilrec,Winner,9995,,17,
2025,2025wilrec,Finalist,2826,4,17,23.5
2025,2025wilrec,Finalist,1188,5,17,29.4
2025,2025wilrec,Finalist,9991,17,17,100.0
2025,2025wimi,Regional FIRST Impact Award,930,20,47,42.6
2025,2025wimi,Regional Engineering Inspiration Award,2826,2,47,4.3
2025,2025wimi,Rookie All Star Award,10522,26,47,55.3
2025,2025wimi,Woodie Flowers Finalist Award,4787,30,47,63.8
2025,2025wimi,FIRST Dean's List Finalist Award,4786,4,47,8.5
2025,2025wimi,FIRST Dean's List Finalist Award,1792,16,47,34.0
2025,2025wimi,Regional Winners,1732,1,47,2.1
2025,2025wimi,Regional Winners,4786,4,47,8.5
2025,2025wimi,Regional Winners,2830,24,47,51.1
2025,2025wimi,Regional Finalists,1625,7,47,14.9
2025,2025wimi,Regional Finalists,1792,16,47,34.0
2025,2025wimi,Regional Finalists,2704,29,47,61.7
2025,2025wimi,Autonomous Award,4655,15,47,31.9
2025,2025wimi,Creativity Award sponsored by Rockwell Automation,2194,22,47,46.8
2025,2025wimi,Excellence in Engineering Award,4786,4,47,8.5
2025,2025wimi,Gracious Professionalism Award,2830,24,47,51.1
2025,2025wimi,Imagery Award in honor of Jack Kamen,7900,45,47,95.7
2025,2025wimi,Industrial Design Award sponsored by General Motors,1625,7,47,14.9
2025,2025wimi,Innovation in Control Award sponsored by nVent,1732,1,47,2.1
2025,2025wimi,Judges' Award,8744,11,47,23.4
2025,2025wimi,Quality Award,1792,16,47,34.0
2025,2025wimi,Rising All-Star Award,2704,29,47,61.7
2025,2025wimi,Team Spirit Award,3596,36,47,76.6
2025,2025wimi,Team Sustainability Award sponsored by Dow,706,18,47,38.3
2025,2025wimu,Regional FIRST Impact Award,3354,20,39,51.3
2025,2025wimu,Regional Engineering Inspiration Award,6024,38,39,97.4
2025,2025wimu,Rookie All Star Award,10553,37,39,94.9
2025,2025wimu,Woodie Flowers Finalist Award,6381,16,39,41.0
2025,2025wimu,FIRST Dean's List Finalist Award,930,22,39,56.4
2025,2025wimu,FIRST Dean's List Finalist Award,10553,37,39,94.9
2025,2025wimu,Regional Winners,4635,1,39,2.6
2025,2025wimu,Regional Winners,2530,4,39,10.3
2025,2025wimu,Regional Winners,1220,25,39,64.1
2025,2025wimu,Regional Finalists,4607,2,39,5.1
2025,2025wimu,Regional Finalists,1732,8,39,20.5
2025,2025wimu,Regional Finalists,3184,18,39,46.2
2025,2025wimu,Autonomous Award,4635,1,39,2.6
2025,2025wimu,Creativity Award sponsored by Rockwell Automation,1792,9,39,23.1
2025,2025wimu,Excellence in Engineering Award,6421,24,39,61.5
2025,2025wimu,Gracious Professionalism Award,1091,26,39,66.7
2025,2025wimu,Imagery Award in honor of Jack Kamen,8701,13,39,33.3
2025,2025wimu,Industrial Design Award sponsored by General Motors,2290,12,39,30.8
2025,2025wimu,Innovation in Control Award sponsored by nVent,1732,8,39,20.5
2025,2025wimu,Judges' Award,6643,31,39,79.5
2025,2025wimu,Quality Award,4607,2,39,5.1
2025,2025wimu,Rising All-Star Award,5148,35,39,89.7
2025,2025wimu,Team Spirit Award,1306,29,39,74.4
2025,2025wimu,Team Sustainability Award sponsored by Dow,5993,39,39,100.0
