year,event,award,team,qual_rank,n_teams,rank_pct
2024,2024alhu,Regional FIRST Impact Award,6652,23,47,48.9
2024,2024alhu,Regional Engineering Inspiration Award,2638,5,47,10.6
2024,2024alhu,Rookie All Star Award,9787,33,47,70.2
2024,2024alhu,Woodie Flowers Finalist Award,538,13,47,27.7
2024,2024alhu,FIRST Dean's List Finalist Award,34,42,47,89.4
2024,2024alhu,FIRST Dean's List Finalist Award,9787,33,47,70.2
2024,2024alhu,Regional Winners,4635,1,47,2.1
2024,2024alhu,Regional Winners,2481,2,47,4.3
2024,2024alhu,Regional Winners,5002,36,47,76.6
2024,2024alhu,Regional Finalists,4265,3,47,6.4
2024,2024alhu,Regional Finalists,6517,8,47,17.0
2024,2024alhu,Regional Finalists,7111,22,47,46.8
2024,2024alhu,Autonomous Award,4256,15,47,31.9
2024,2024alhu,Creativity Award sponsored by Rockwell Automation,2481,2,47,4.3
2024,2024alhu,Excellence in Engineering Award,4265,3,47,6.4
2024,2024alhu,Gracious Professionalism Award,1466,10,47,21.3
2024,2024alhu,Imagery Award in honor of Jack Kamen,931,14,47,29.8
2024,2024alhu,Industrial Design Award sponsored by General Motors,5557,7,47,14.9
2024,2024alhu,Innovation in Control Award,6517,8,47,17.0
2024,2024alhu,Judges' Award,5800,18,47,38.3
2024,2024alhu,Quality Award,4499,6,47,12.8
2024,2024alhu,Rookie Inspiration Award,9435,17,47,36.2
2024,2024alhu,Team Spirit Award,34,42,47,89.4
2024,2024alhu,Team Sustainability Award sponsored by Dow,3140,12,47,25.5
2024,2024alhu,Wildcard,5002,36,47,76.6
2024,2024alhu,Wildcard,9787,33,47,70.2
2024,2024arc,Engineering Inspiration Award,4091,69,75,92.0
2024,2024arc,Rookie All Star Award,9717,71,75,94.7
2024,2024arc,Championship Division Winner,4613,1,75,1.3
2024,2024arc,Championship Division Winner,1678,2,75,2.7
2024,2024arc,Championship Division Winner,4206,27,75,36.0
2024,2024arc,Championship Division Winner,2718,25,75,33.3
2024,2024arc,Championship Division Finalist,353,3,75,4.0
2024,2024arc,Championship Division Finalist,6036,46,75,61.3
2024,2024arc,Championship Division Finalist,4967,38,75,50.7
2024,2024arc,Championship Division Finalist,6090,33,75,44.0
2024,2024arc,Autonomous Award,1678,2,75,2.7
2024,2024arc,Creativity Award sponsored by Rockwell Automation,8044,6,75,8.0
2024,2024arc,Excellence in Engineering Award,341,47,75,62.7
2024,2024arc,Gracious Professionalism Award,5166,8,75,10.7
2024,2024arc,Imagery Award in honor of Jack Kamen,9418,45,75,60.0
2024,2024arc,Industrial Design Award sponsored by General Motors,2357,5,75,6.7
2024,2024arc,Innovation in Control Award,16,41,75,54.7
2024,2024arc,Judges' Award,8054,52,75,69.3
2024,2024arc,Quality Award,6424,30,75,40.0
2024,2024arc,Rookie Inspiration Award,9406,56,75,74.7
2024,2024arc,Team Spirit Award,3070,22,75,29.3
2024,2024arc,Team Sustainability Award sponsored by Dow,6865,75,75,100.0
2024,2024arli,Regional FIRST Impact Award,2341,16,28,57.1
2024,2024arli,Regional Engineering Inspiration Award,1781,4,28,14.3
2024,2024arli,Rookie All Star Award,9429,23,28,82.1
2024,2024arli,Woodie Flowers Finalist Award,323,13,28,46.4
2024,2024arli,Volunteer of the Year,16,1,28,3.6
2024,2024arli,FIRST Dean's List Finalist Award,1038,9,28,32.1
2024,2024arli,FIRST Dean's List Finalist Award,5454,10,28,35.7
2024,2024arli,Regional Winners,16,1,28,3.6
2024,2024arli,Regional Winners,3937,2,28,7.1
2024,2024arli,Regional Winners,6586,28,28,100.0
2024,2024arli,Regional Finalists,2357,7,28,25.0
2024,2024arli,Regional Finalists,4336,18,28,64.3
2024,2024arli,Regional Finalists,9429,23,28,82.1
2024,2024arli,Autonomous Award,7525,3,28,10.7
2024,2024arli,Creativity Award sponsored by Rockwell Automation,8044,17,28,60.7
2024,2024arli,Excellence in Engineering Award,16,1,28,3.6
2024,2024arli,Gracious Professionalism Award,3792,6,28,21.4
2024,2024arli,Imagery Award in honor of Jack Kamen,4336,18,28,64.3
2024,2024arli,Industrial Design Award sponsored by General Motors,1038,9,28,32.1
2024,2024arli,Innovation in Control Award,2357,7,28,25.0
2024,2024arli,Judges' Award,2992,11,28,39.3
2024,2024arli,Quality Award,3937,2,28,7.1
2024,2024arli,Rookie Inspiration Award,9608,27,28,96.4
2024,2024arli,Team Spirit Award,9067,19,28,67.9
2024,2024arli,Team Sustainability Award sponsored by Dow,5454,10,28,35.7
2024,2024arli,Wildcard,6586,28,28,100.0
2024,2024ausc,Regional FIRST Impact Award,5985,23,47,48.9
2024,2024ausc,Regional Engineering Inspiration Award,6191,41,47,87.2
2024,2024ausc,Rookie All Star Award,9427,20,47,42.6
2024,2024ausc,Woodie Flowers Finalist Award,7583,31,47,66.0
2024,2024ausc,Volunteer of the Year,5985,23,47,48.9
2024,2024ausc,FIRST Dean's List Finalist Award,5985,23,47,48.9
2024,2024ausc,FIRST Dean's List Finalist Award,3132,21,47,44.7
2024,2024ausc,Regional Winners,4613,1,47,2.1
2024,2024ausc,Regional Winners,8011,6,47,12.8
2024,2024ausc,Regional Winners,5985,23,47,48.9
2024,2024ausc,Regional Finalists,5584,3,47,6.4
2024,2024ausc,Regional Finalists,4253,7,47,14.9
2024,2024ausc,Regional Finalists,6434,38,47,80.9
2024,2024ausc,Regional Finalists,9574,15,47,31.9
2024,2024ausc,Autonomous Award,8011,6,47,12.8
2024,2024ausc,Creativity Award sponsored by Rockwell Automation,5584,3,47,6.4
2024,2024ausc,Excellence in Engineering Award,4788,12,47,25.5
2024,2024ausc,Gracious Professionalism Award,3132,21,47,44.7
2024,2024ausc,Imagery Award in honor of Jack Kamen,4537,13,47,27.7
2024,2024ausc,Industrial Design Award sponsored by General Motors,8814,2,47,4.3
2024,2024ausc,Innovation in Control Award,6508,8,47,17.0
2024,2024ausc,Judges' Award,6510,9,47,19.1
2024,2024ausc,Quality Award,4613,1,47,2.1
2024,2024ausc,Rookie Inspiration Award,9715,45,47,95.7
2024,2024ausc,Team Spirit Award,5648,42,47,89.4
2024,2024ausc,Team Sustainability Award sponsored by Dow,4729,27,47,57.4
2024,2024ausc,Wildcard,9427,20,47,42.6
2024,2024ausc,Wildcard,5584,3,47,6.4
2024,2024azgl,Regional FIRST Impact Award,6413,10,41,24.4
2024,2024azgl,Regional Engineering Inspiration Award,7419,5,41,12.2
2024,2024azgl,Rookie All Star Award,9432,9,41,22.0
2024,2024azgl,Woodie Flowers Finalist Award,5026,4,41,9.8
2024,2024azgl,FIRST Dean's List Finalist Award,2486,32,41,78.0
2024,2024azgl,FIRST Dean's List Finalist Award,6479,34,41,82.9
2024,2024azgl,Regional Winners,670,1,41,2.4
2024,2024azgl,Regional Winners,498,2,41,4.9
2024,2024azgl,Regional Winners,2375,41,41,100.0
2024,2024azgl,Regional Finalists,7419,5,41,12.2
2024,2024azgl,Regional Finalists,6413,10,41,24.4
2024,2024azgl,Regional Finalists,4146,30,41,73.2
2024,2024azgl,Autonomous Award,4183,6,41,14.6
2024,2024azgl,Creativity Award sponsored by Rockwell Automation,698,31,41,75.6
2024,2024azgl,Excellence in Engineering Award,7645,20,41,48.8
2024,2024azgl,Gracious Professionalism Award,1165,13,41,31.7
2024,2024azgl,Imagery Award in honor of Jack Kamen,2662,25,41,61.0
2024,2024azgl,Industrial Design Award sponsored by General Motors,294,8,41,19.5
2024,2024azgl,Innovation in Control Award,670,1,41,2.4
2024,2024azgl,Judges' Award,2486,32,41,78.0
2024,2024azgl,Quality Award,5449,18,41,43.9
2024,2024azgl,Rookie Inspiration Award,9777,14,41,34.1
2024,2024azgl,Team Spirit Award,6479,34,41,82.9
2024,2024azgl,Team Sustainability Award sponsored by Dow,2429,7,41,17.1
2024,2024azgl,Wildcard,2375,41,41,100.0
2024,2024azva,Regional FIRST Impact Award,4146,22,41,53.7
2024,2024azva,Regional Engineering Inspiration Award,3256,5,41,12.2
2024,2024azva,Rookie All Star Award,9501,23,41,56.1
2024,2024azva,Woodie Flowers Finalist Award,2403,16,41,39.0
2024,2024azva,Volunteer of the Year,60,30,41,73.2
2024,2024azva,FIRST Dean's List Finalist Award,6413,14,41,34.1
2024,2024azva,FIRST Dean's List Finalist Award,3256,5,41,12.2
2024,2024azva,Regional Winners,3128,1,41,2.4
2024,2024azva,Regional Winners,6036,4,41,9.8
2024,2024azva,Regional Winners,9501,23,41,56.1
2024,2024azva,Regional Finalists,498,9,41,22.0
2024,2024azva,Regional Finalists,6413,14,41,34.1
2024,2024azva,Regional Finalists,3648,15,41,36.6
2024,2024azva,Autonomous Award,6036,4,41,9.8
2024,2024azva,Creativity Award sponsored by Rockwell Automation,6352,17,41,41.5
2024,2024azva,Excellence in Engineering Award,6413,14,41,34.1
2024,2024azva,Gracious Professionalism Award,1165,3,41,7.3
2024,2024azva,Imagery Award in honor of Jack Kamen,7645,40,41,97.6
2024,2024azva,Industrial Design Award sponsored by General Motors,2659,6,41,14.6
2024,2024azva,Innovation in Control Award,6907,8,41,19.5
2024,2024azva,Judges' Award,3158,13,41,31.7
2024,2024azva,Quality Award,4415,12,41,29.3
2024,2024azva,Rookie Inspiration Award,9432,2,41,4.9
2024,2024azva,Team Spirit Award,60,30,41,73.2
2024,2024azva,Team Sustainability Award sponsored by Dow,9704,34,41,82.9
2024,2024bcvi,Regional FIRST Impact Award,1622,28,36,77.8
2024,2024bcvi,Regional Engineering Inspiration Award,6902,14,36,38.9
2024,2024bcvi,Rookie All Star Award,9641,24,36,66.7
2024,2024bcvi,Woodie Flowers Finalist Award,4421,11,36,30.6
2024,2024bcvi,FIRST Dean's List Finalist Award,5516,15,36,41.7
2024,2024bcvi,FIRST Dean's List Finalist Award,4421,11,36,30.6
2024,2024bcvi,Regional Winners,359,1,36,2.8
2024,2024bcvi,Regional Winners,4270,2,36,5.6
2024,2024bcvi,Regional Winners,8338,34,36,94.4
2024,2024bcvi,Regional Winners,6902,14,36,38.9
2024,2024bcvi,Regional Finalists,216,3,36,8.3
2024,2024bcvi,Regional Finalists,4421,11,36,30.6
2024,2024bcvi,Regional Finalists,1622,28,36,77.8
2024,2024bcvi,Autonomous Award,359,1,36,2.8
2024,2024bcvi,Creativity Award sponsored by Rockwell Automation,8339,22,36,61.1
2024,2024bcvi,Excellence in Engineering Award,4627,31,36,86.1
2024,2024bcvi,Gracious Professionalism Award,8503,10,36,27.8
2024,2024bcvi,Imagery Award in honor of Jack Kamen,5461,5,36,13.9
2024,2024bcvi,Industrial Design Award sponsored by General Motors,4270,2,36,5.6
2024,2024bcvi,Innovation in Control Award,9719,23,36,63.9
2024,2024bcvi,Judges' Award,1452,17,36,47.2
2024,2024bcvi,Quality Award,4421,11,36,30.6
2024,2024bcvi,Rookie Inspiration Award,9449,13,36,36.1
2024,2024bcvi,Team Spirit Award,7332,32,36,88.9
2024,2024bcvi,Team Sustainability Award sponsored by Dow,244,30,36,83.3
2024,2024bcvi,Wildcard,8338,34,36,94.4
2024,2024brbr,Regional FIRST Impact Award,7567,42,55,76.4
2024,2024brbr,Regional Engineering Inspiration Award,7565,20,55,36.4
2024,2024brbr,Rookie All Star Award,9458,9,55,16.4
2024,2024brbr,Woodie Flowers Finalist Award,5800,30,55,54.5
2024,2024brbr,FIRST Dean's List Finalist Award,7563,10,55,18.2
2024,2024brbr,FIRST Dean's List Finalist Award,9218,55,55,100.0
2024,2024brbr,Regional Winners,1156,1,55,1.8
2024,2024brbr,Regional Winners,7565,20,55,36.4
2024,2024brbr,Regional Winners,8882,25,55,45.5
2024,2024brbr,Regional Finalists,9602,2,55,3.6
2024,2024brbr,Regional Finalists,9460,12,55,21.8
2024,2024brbr,Regional Finalists,9168,31,55,56.4
2024,2024brbr,Autonomous Award,1156,1,55,1.8
2024,2024brbr,Creativity Award sponsored by Rockwell Automation,9175,3,55,5.5
2024,2024brbr,Excellence in Engineering Award,1860,18,55,32.7
2024,2024brbr,Gracious Professionalism Award,9199,5,55,9.1
2024,2024brbr,Imagery Award in honor of Jack Kamen,9050,21,55,38.2
2024,2024brbr,Industrial Design Award sponsored by General Motors,9602,2,55,3.6
2024,2024brbr,Innovation in Control Award,7563,10,55,18.2
2024,2024brbr,Judges' Award,5800,30,55,54.5
2024,2024brbr,Quality Award,9165,53,55,96.4
2024,2024brbr,Rookie Inspiration Award,9460,12,55,21.8
2024,2024brbr,Team Spirit Award,9048,38,55,69.1
2024,2024brbr,Team Sustainability Award sponsored by Dow,9459,49,55,89.1
2024,2024brbr,Wildcard,8882,25,55,45.5
2024,2024brbr,Wildcard,9458,9,55,16.4
2024,2024brbr,Wildcard,9602,2,55,3.6
2024,2024brsc,WINNER,9047,3,7,42.9
2024,2024caav,Regional FIRST Impact Award,2429,6,40,15.0
2024,2024caav,Regional Engineering Inspiration Award,2073,10,40,25.0
2024,2024caav,Rookie All Star Award,9471,38,40,95.0
2024,2024caav,Woodie Flowers Finalist Award,1538,4,40,10.0
2024,2024caav,FIRST Dean's List Finalist Award,6305,36,40,90.0
2024,2024caav,FIRST Dean's List Finalist Award,2073,10,40,25.0
2024,2024caav,Regional Winners,294,2,40,5.0
2024,2024caav,Regional Winners,2659,3,40,7.5
2024,2024caav,Regional Winners,4322,23,40,57.5
2024,2024caav,Regional Finalists,1148,1,40,2.5
2024,2024caav,Regional Finalists,1538,4,40,10.0
2024,2024caav,Regional Finalists,599,32,40,80.0
2024,2024caav,Regional Finalists,6479,25,40,62.5
2024,2024caav,Autonomous Award,1148,1,40,2.5
2024,2024caav,Creativity Award sponsored by Rockwell Automation,2659,3,40,7.5
2024,2024caav,Excellence in Engineering Award,7673,11,40,27.5
2024,2024caav,Gracious Professionalism Award,599,32,40,80.0
2024,2024caav,Imagery Award in honor of Jack Kamen,5012,28,40,70.0
2024,2024caav,Industrial Design Award sponsored by General Motors,2584,7,40,17.5
2024,2024caav,Innovation in Control Award,6657,9,40,22.5
2024,2024caav,Judges' Award,5458,5,40,12.5
2024,2024caav,Quality Award,1538,4,40,10.0
2024,2024caav,Rookie Inspiration Award,9666,29,40,72.5
2024,2024caav,Team Spirit Award,2543,22,40,55.0
2024,2024caav,Team Sustainability Award sponsored by Dow,7607,31,40,77.5
2024,2024caav,Wildcard,4322,23,40,57.5
2024,2024cabb,Winner,5199,1,34,2.9
2024,2024cabb,Winner,3647,18,34,52.9
2024,2024cabb,Winner,6885,26,34,76.5
2024,2024cabb,Finalist,9999,2,34,5.9
2024,2024cabb,Finalist,2485,9,34,26.5
2024,2024cabb,Finalist,9988,27,34,79.4
2024,2024cabe,Regional FIRST Impact Award,2637,39,60,65.0
2024,2024cabe,Regional Engineering Inspiration Award,5985,27,60,45.0
2024,2024cabe,Rookie All Star Award,9545,26,60,43.3
2024,2024cabe,Woodie Flowers Finalist Award,7137,36,60,60.0
2024,2024cabe,Volunteer of the Year,5924,,60,
2024,2024cabe,FIRST Dean's List Finalist Award,5419,6,60,10.0
2024,2024cabe,FIRST Dean's List Finalist Award,8159,29,60,48.3
2024,2024cabe,Regional Winners,254,1,60,1.7
2024,2024cabe,Regional Winners,1678,2,60,3.3
2024,2024cabe,Regional Winners,1160,48,60,80.0
2024,2024cabe,Regional Finalists,5940,3,60,5.0
2024,2024cabe,Regional Finalists,581,7,60,11.7
2024,2024cabe,Regional Finalists,1458,47,60,78.3
2024,2024cabe,Autonomous Award,5940,3,60,5.0
2024,2024cabe,Creativity Award sponsored by Rockwell Automation,4698,9,60,15.0
2024,2024cabe,Excellence in Engineering Award,254,1,60,1.7
2024,2024cabe,Gracious Professionalism Award,766,46,60,76.7
2024,2024cabe,Imagery Award in honor of Jack Kamen,5430,33,60,55.0
2024,2024cabe,Industrial Design Award sponsored by General Motors,5419,6,60,10.0
2024,2024cabe,Innovation in Control Award,1678,2,60,3.3
2024,2024cabe,Judges' Award,841,12,60,20.0
2024,2024cabe,Quality Award,2854,23,60,38.3
2024,2024cabe,Rookie Inspiration Award,9470,43,60,71.7
2024,2024cabe,Team Spirit Award,5507,14,60,23.3
2024,2024cabe,Team Sustainability Award sponsored by Dow,6814,42,60,70.0
2024,2024cabe,Wildcard,1160,48,60,80.0
2024,2024cabe,Wildcard,9545,26,60,43.3
2024,2024cabe,Wildcard,1458,47,60,78.3
2024,2024cabl,Big Wave Award,498,5,42,11.9
2024,2024cabl,Winner,359,1,42,2.4
2024,2024cabl,Winner,4414,13,42,31.0
2024,2024cabl,Winner,4079,31,42,73.8
2024,2024cabl,Winner,4419,17,42,40.5
2024,2024cabl,Finalist,3128,3,42,7.1
2024,2024cabl,Finalist,294,11,42,26.2
2024,2024cabl,Finalist,9452,29,42,69.0
2024,2024cabl,Finalist,687,28,42,66.7
2024,2024cabl,Judges' Award,696,4,42,9.5
2024,2024cabl,Most Improved Award,4322,14,42,33.3
2024,2024cabl,Programming Award,359,1,42,2.4
2024,2024cabl,Quality Award,294,11,42,26.2
2024,2024cabl,Scouting Award,3128,3,42,7.1
2024,2024cacc,Winner,1678,1,49,2.0
2024,2024cacc,Winner,5940,5,49,10.2
2024,2024cacc,Winner,846,41,49,83.7
2024,2024cacc,Winner,8793,19,49,38.8
2024,2024cacc,Finalist,2073,6,49,12.2
2024,2024cacc,Finalist,3970,9,49,18.4
2024,2024cacc,Finalist,1072,32,49,65.3
2024,2024cacc,Finalist,4255,29,49,59.2
2024,2024cacc,Cheesecake Award,1868,20,49,40.8
2024,2024cacc,Excellence in Engineering,846,41,49,83.7
2024,2024cacc,Innovation in Control Award,6962,3,49,6.1
2024,2024cacc,Judge's Award,3598,21,49,42.9
2024,2024cada,Regional FIRST Impact Award,2073,7,38,18.4
2024,2024cada,Regional Engineering Inspiration Award,4159,28,38,73.7
2024,2024cada,Woodie Flowers Finalist Award,4159,28,38,73.7
2024,2024cada,FIRST Dean's List Finalist Award,254,3,38,7.9
2024,2024cada,FIRST Dean's List Finalist Award,8048,5,38,13.2
2024,2024cada,Regional Winners,604,1,38,2.6
2024,2024cada,Regional Winners,254,3,38,7.9
2024,2024cada,Regional Winners,4135,32,38,84.2
2024,2024cada,Regional Finalists,1678,2,38,5.3
2024,2024cada,Regional Finalists,5419,4,38,10.5
2024,2024cada,Regional Finalists,1072,36,38,94.7
2024,2024cada,Regional Finalists,2204,26,38,68.4
2024,2024cada,Autonomous Award,6947,9,38,23.7
2024,2024cada,Creativity Award sponsored by Rockwell Automation,5458,10,38,26.3
2024,2024cada,Excellence in Engineering Award,1678,2,38,5.3
2024,2024cada,Gracious Professionalism Award,1072,36,38,94.7
2024,2024cada,Imagery Award in honor of Jack Kamen,4135,32,38,84.2
2024,2024cada,Industrial Design Award sponsored by General Motors,604,1,38,2.6
2024,2024cada,Innovation in Control Award,5419,4,38,10.5
2024,2024cada,Judges' Award,3598,13,38,34.2
2024,2024cada,Quality Award,254,3,38,7.9
2024,2024cada,Team Spirit Award,701,29,38,76.3
2024,2024cada,Team Sustainability Award sponsored by Dow,3880,21,38,55.3
2024,2024cafb,Winner,3255,1,14,7.1
2024,2024cafb,Winner,3128,3,14,21.4
2024,2024cafb,Winner,2543,8,14,57.1
2024,2024cafb,Finalist,2102,5,14,35.7
2024,2024cafb,Finalist,9452,6,14,42.9
2024,2024cafb,Finalist,1622,14,14,100.0
2024,2024cafr,Regional FIRST Impact Award,1671,15,39,38.5
2024,2024cafr,Regional Engineering Inspiration Award,840,5,39,12.8
2024,2024cafr,Rookie All Star Award,9400,32,39,82.1
2024,2024cafr,Woodie Flowers Finalist Award,5817,11,39,28.2
2024,2024cafr,FIRST Dean's List Finalist Award,6947,8,39,20.5
2024,2024cafr,FIRST Dean's List Finalist Award,6059,35,39,89.7
2024,2024cafr,Regional Winners,1323,1,39,2.6
2024,2024cafr,Regional Winners,5940,2,39,5.1
2024,2024cafr,Regional Winners,7589,38,39,97.4
2024,2024cafr,Regional Winners,8840,23,39,59.0
2024,2024cafr,Regional Finalists,840,5,39,12.8
2024,2024cafr,Regional Finalists,5817,11,39,28.2
2024,2024cafr,Regional Finalists,6657,22,39,56.4
2024,2024cafr,Autonomous Award,5940,2,39,5.1
2024,2024cafr,Creativity Award sponsored by Rockwell Automation,581,4,39,10.3
2024,2024cafr,Excellence in Engineering Award,5817,11,39,28.2
2024,2024cafr,Gracious Professionalism Award,3501,12,39,30.8
2024,2024cafr,Imagery Award in honor of Jack Kamen,7589,38,39,97.4
2024,2024cafr,Industrial Design Award sponsored by General Motors,1323,1,39,2.6
2024,2024cafr,Innovation in Control Award,7157,9,39,23.1
2024,2024cafr,Judges' Award,841,3,39,7.7
2024,2024cafr,Quality Award,3970,6,39,15.4
2024,2024cafr,Rookie Inspiration Award,9706,36,39,92.3
2024,2024cafr,Team Spirit Award,3598,7,39,17.9
2024,2024cafr,Team Sustainability Award sponsored by Dow,6998,26,39,66.7
2024,2024cafr,Wildcard,7589,38,39,97.4
2024,2024cafr,Wildcard,9400,32,39,82.1
2024,2024cala,Regional FIRST Impact Award,3473,31,44,70.5
2024,2024cala,Regional Engineering Inspiration Award,687,5,44,11.4
2024,2024cala,Rookie All Star Award,9564,36,44,81.8
2024,2024cala,Woodie Flowers Finalist Award,597,17,44,38.6
2024,2024cala,FIRST Dean's List Finalist Award,1452,7,44,15.9
2024,2024cala,FIRST Dean's List Finalist Award,2637,27,44,61.4
2024,2024cala,Regional Winners,368,1,44,2.3
2024,2024cala,Regional Winners,9408,4,44,9.1
2024,2024cala,Regional Winners,980,35,44,79.5
2024,2024cala,Regional Finalists,687,5,44,11.4
2024,2024cala,Regional Finalists,2584,15,44,34.1
2024,2024cala,Regional Finalists,4079,19,44,43.2
2024,2024cala,Autonomous Award,702,21,44,47.7
2024,2024cala,Creativity Award sponsored by Rockwell Automation,7042,10,44,22.7
2024,2024cala,Excellence in Engineering Award,1661,22,44,50.0
2024,2024cala,Gracious Professionalism Award,2637,27,44,61.4
2024,2024cala,Imagery Award in honor of Jack Kamen,1159,24,44,54.5
2024,2024cala,Industrial Design Award sponsored by General Motors,2710,23,44,52.3
2024,2024cala,Innovation in Control Award,4201,6,44,13.6
2024,2024cala,Judges' Award,597,17,44,38.6
2024,2024cala,Quality Award,1148,8,44,18.2
2024,2024cala,Rookie Inspiration Award,9408,4,44,9.1
2024,2024cala,Team Spirit Award,599,38,44,86.4
2024,2024cala,Team Sustainability Award sponsored by Dow,1160,13,44,29.5
2024,2024cala,Wildcard,980,35,44,79.5
2024,2024camb,Regional FIRST Impact Award,649,27,36,75.0
2024,2024camb,Regional Engineering Inspiration Award,4135,9,36,25.0
2024,2024camb,Woodie Flowers Finalist Award,604,2,36,5.6
2024,2024camb,FIRST Dean's List Finalist Award,115,4,36,11.1
2024,2024camb,FIRST Dean's List Finalist Award,9006,25,36,69.4
2024,2024camb,Regional Winners,1323,1,36,2.8
2024,2024camb,Regional Winners,604,2,36,5.6
2024,2024camb,Regional Winners,2035,24,36,66.7
2024,2024camb,Regional Finalists,971,5,36,13.9
2024,2024camb,Regional Finalists,6962,15,36,41.7
2024,2024camb,Regional Finalists,5104,22,36,61.1
2024,2024camb,Autonomous Award,100,3,36,8.3
2024,2024camb,Creativity Award sponsored by Rockwell Automation,971,5,36,13.9
2024,2024camb,Excellence in Engineering Award,6962,15,36,41.7
2024,2024camb,Gracious Professionalism Award,7413,19,36,52.8
2024,2024camb,Imagery Award in honor of Jack Kamen,5700,10,36,27.8
2024,2024camb,Industrial Design Award sponsored by General Motors,1323,1,36,2.8
2024,2024camb,Innovation in Control Award,604,2,36,5.6
2024,2024camb,Judges' Award,1072,14,36,38.9
2024,2024camb,Quality Award,2135,8,36,22.2
2024,2024camb,Rookie Inspiration Award,9546,32,36,88.9
2024,2024camb,Team Spirit Award,253,13,36,36.1
2024,2024camb,Team Sustainability Award sponsored by Dow,6884,29,36,80.6
2024,2024camb,Wildcard,2035,24,36,66.7
2024,2024camb,Wildcard,971,5,36,13.9
2024,2024caoc,Regional FIRST Impact Award,8033,16,48,33.3
2024,2024caoc,Regional Engineering Inspiration Award,3476,7,48,14.6
2024,2024caoc,Rookie All Star Award,9505,24,48,50.0
2024,2024caoc,Woodie Flowers Finalist Award,589,23,48,47.9
2024,2024caoc,FIRST Dean's List Finalist Award,5924,21,48,43.8
2024,2024caoc,FIRST Dean's List Finalist Award,8033,16,48,33.3
2024,2024caoc,Regional Winners,7157,2,48,4.2
2024,2024caoc,Regional Winners,3476,7,48,14.6
2024,2024caoc,Regional Winners,5285,26,48,54.2
2024,2024caoc,Regional Finalists,6995,4,48,8.3
2024,2024caoc,Regional Finalists,4415,17,48,35.4
2024,2024caoc,Regional Finalists,4,19,48,39.6
2024,2024caoc,Autonomous Award,7157,2,48,4.2
2024,2024caoc,Creativity Award sponsored by Rockwell Automation,5924,21,48,43.8
2024,2024caoc,Excellence in Engineering Award,5199,1,48,2.1
2024,2024caoc,Gracious Professionalism Award,4,19,48,39.6
2024,2024caoc,Imagery Award in honor of Jack Kamen,589,23,48,47.9
2024,2024caoc,Industrial Design Award sponsored by General Motors,6995,4,48,8.3
2024,2024caoc,Innovation in Control Award,4415,17,48,35.4
2024,2024caoc,Judges' Award,5835,8,48,16.7
2024,2024caoc,Quality Award,2485,6,48,12.5
2024,2024caoc,Rookie Inspiration Award,9696,45,48,93.8
2024,2024caoc,Team Spirit Award,9301,34,48,70.8
2024,2024caoc,Team Sustainability Award sponsored by Dow,4079,18,48,37.5
2024,2024caoc,Wildcard,5285,26,48,54.2
2024,2024caph,Regional FIRST Impact Award,498,28,50,56.0
2024,2024caph,Regional Engineering Inspiration Award,3473,34,50,68.0
2024,2024caph,Rookie All Star Award,9408,16,50,32.0
2024,2024caph,Woodie Flowers Finalist Award,3647,7,50,14.0
2024,2024caph,FIRST Dean's List Finalist Award,4201,4,50,8.0
2024,2024caph,FIRST Dean's List Finalist Award,4414,2,50,4.0
2024,2024caph,Regional Winners,4481,3,50,6.0
2024,2024caph,Regional Winners,3647,7,50,14.0
2024,2024caph,Regional Winners,9452,41,50,82.0
2024,2024caph,Regional Finalists,2102,5,50,10.0
2024,2024caph,Regional Finalists,3128,23,50,46.0
2024,2024caph,Regional Finalists,498,28,50,56.0
2024,2024caph,Autonomous Award,6036,1,50,2.0
2024,2024caph,Creativity Award sponsored by Rockwell Automation,5419,12,50,24.0
2024,2024caph,Excellence in Engineering Award,4481,3,50,6.0
2024,2024caph,Gracious Professionalism Award,4201,4,50,8.0
2024,2024caph,Imagery Award in honor of Jack Kamen,5137,11,50,22.0
2024,2024caph,Industrial Design Award sponsored by General Motors,2485,6,50,12.0
2024,2024caph,Innovation in Control Award,3128,23,50,46.0
2024,2024caph,Judges' Award,1148,25,50,50.0
2024,2024caph,Quality Award,2102,5,50,10.0
2024,2024caph,Rookie Inspiration Award,9452,41,50,82.0
2024,2024caph,Team Spirit Award,4,24,50,48.0
2024,2024caph,Team Sustainability Award sponsored by Dow,2429,18,50,36.0
2024,2024casd,Regional FIRST Impact Award,3341,14,51,27.5
2024,2024casd,Regional Engineering Inspiration Award,2485,5,51,9.8
2024,2024casd,Rookie All Star Award,9452,21,51,41.2
2024,2024casd,Woodie Flowers Finalist Award,2543,26,51,51.0
2024,2024casd,Volunteer of the Year,3128,16,51,31.4
2024,2024casd,FIRST Dean's List Finalist Award,3749,15,51,29.4
2024,2024casd,FIRST Dean's List Finalist Award,3341,14,51,27.5
2024,2024casd,Regional Winners,359,1,51,2.0
2024,2024casd,Regional Winners,3647,9,51,17.6
2024,2024casd,Regional Winners,8891,18,51,35.3
2024,2024casd,Regional Finalists,973,7,51,13.7
2024,2024casd,Regional Finalists,4270,8,51,15.7
2024,2024casd,Regional Finalists,5137,25,51,49.0
2024,2024casd,Autonomous Award,3647,9,51,17.6
2024,2024casd,Creativity Award sponsored by Rockwell Automation,9084,3,51,5.9
2024,2024casd,Excellence in Engineering Award,3749,15,51,29.4
2024,2024casd,Gracious Professionalism Award,3255,2,51,3.9
2024,2024casd,Imagery Award in honor of Jack Kamen,1622,17,51,33.3
2024,2024casd,Industrial Design Award sponsored by General Motors,2102,11,51,21.6
2024,2024casd,Innovation in Control Award,6995,10,51,19.6
2024,2024casd,Judges' Award,7441,49,51,96.1
2024,2024casd,Quality Award,4738,6,51,11.8
2024,2024casd,Rookie Inspiration Award,9615,41,51,80.4
2024,2024casd,Team Spirit Award,3882,23,51,45.1
2024,2024casd,Team Sustainability Award sponsored by Dow,359,1,51,2.0
2024,2024casd,Wildcard,8891,18,51,35.3
2024,2024casd,Wildcard,9452,21,51,41.2
2024,2024casf,Regional FIRST Impact Award,1700,15,43,34.9
2024,2024casf,Regional Engineering Inspiration Award,2854,8,43,18.6
2024,2024casf,Rookie All Star Award,9584,17,43,39.5
2024,2024casf,Woodie Flowers Finalist Award,6418,25,43,58.1
2024,2024casf,FIRST Dean's List Finalist Award,6962,18,43,41.9
2024,2024casf,FIRST Dean's List Finalist Award,4186,40,43,93.0
2024,2024casf,Regional Winners,114,1,43,2.3
2024,2024casf,Regional Winners,5940,2,43,4.7
2024,2024casf,Regional Winners,5507,19,43,44.2
2024,2024casf,Regional Finalists,8033,3,43,7.0
2024,2024casf,Regional Finalists,7426,4,43,9.3
2024,2024casf,Regional Finalists,5700,24,43,55.8
2024,2024casf,Regional Finalists,2551,14,43,32.6
2024,2024casf,Autonomous Award,5940,2,43,4.7
2024,2024casf,Creativity Award sponsored by Rockwell Automation,5507,19,43,44.2
2024,2024casf,Excellence in Engineering Award,6418,25,43,58.1
2024,2024casf,Gracious Professionalism Award,6814,33,43,76.7
2024,2024casf,Imagery Award in honor of Jack Kamen,9006,27,43,62.8
2024,2024casf,Industrial Design Award sponsored by General Motors,4904,39,43,90.7
2024,2024casf,Innovation in Control Award,114,1,43,2.3
2024,2024casf,Judges' Award,7426,4,43,9.3
2024,2024casf,Quality Award,8033,3,43,7.0
2024,2024casf,Team Spirit Award,5700,24,43,55.8
2024,2024casf,Team Sustainability Award sponsored by Dow,649,6,43,14.0
2024,2024casj,Regional FIRST Impact Award,1678,2,42,4.8
2024,2024casj,Regional Engineering Inspiration Award,3008,37,42,88.1
2024,2024casj,Woodie Flowers Finalist Award,581,1,42,2.4
2024,2024casj,FIRST Dean's List Finalist Award,1967,31,42,73.8
2024,2024casj,FIRST Dean's List Finalist Award,1351,33,42,78.6
2024,2024casj,Regional Winners,581,1,42,2.4
2024,2024casj,Regional Winners,1678,2,42,4.8
2024,2024casj,Regional Winners,8048,30,42,71.4
2024,2024casj,Regional Finalists,604,5,42,11.9
2024,2024casj,Regional Finalists,3256,6,42,14.3
2024,2024casj,Regional Finalists,9470,25,42,59.5
2024,2024casj,Autonomous Award,987,4,42,9.5
2024,2024casj,Creativity Award sponsored by Rockwell Automation,253,21,42,50.0
2024,2024casj,Excellence in Engineering Award,668,19,42,45.2
2024,2024casj,Gracious Professionalism Award,7419,13,42,31.0
2024,2024casj,Imagery Award in honor of Jack Kamen,1868,10,42,23.8
2024,2024casj,Industrial Design Award sponsored by General Motors,972,16,42,38.1
2024,2024casj,Innovation in Control Award,2073,23,42,54.8
2024,2024casj,Judges' Award,2288,9,42,21.4
2024,2024casj,Quality Award,604,5,42,11.9
2024,2024casj,Rookie Inspiration Award,9470,25,42,59.5
2024,2024casj,Team Spirit Award,1967,31,42,73.8
2024,2024casj,Team Sustainability Award sponsored by Dow,7413,24,42,57.1
2024,2024casj,Wildcard,8048,30,42,71.4
2024,2024catt,Winner,5199,1,38,2.6
2024,2024catt,Winner,359,3,38,7.9
2024,2024catt,Winner,597,20,38,52.6
2024,2024catt,Winner,696,17,38,44.7
2024,2024catt,Finalist,7157,2,38,5.3
2024,2024catt,Finalist,5199,1,38,2.6
2024,2024catt,Finalist,4,23,38,60.5
2024,2024catt,Finalist,6017,40,38,105.3
2024,2024cave,Regional FIRST Impact Award,8,14,48,29.2
2024,2024cave,Regional Engineering Inspiration Award,589,24,48,50.0
2024,2024cave,Rookie All Star Award,9421,23,48,47.9
2024,2024cave,Woodie Flowers Finalist Award,4817,33,48,68.8
2024,2024cave,FIRST Dean's List Finalist Award,589,24,48,50.0
2024,2024cave,FIRST Dean's List Finalist Award,687,9,48,18.8
2024,2024cave,Regional Winners,4414,1,48,2.1
2024,2024cave,Regional Winners,4481,2,48,4.2
2024,2024cave,Regional Winners,4276,15,48,31.2
2024,2024cave,Regional Winners,3863,25,48,52.1
2024,2024cave,Regional Finalists,5817,7,48,14.6
2024,2024cave,Regional Finalists,6995,21,48,43.8
2024,2024cave,Regional Finalists,589,24,48,50.0
2024,2024cave,Autonomous Award,4414,1,48,2.1
2024,2024cave,Creativity Award sponsored by Rockwell Automation,3476,5,48,10.4
2024,2024cave,Excellence in Engineering Award,4481,2,48,4.2
2024,2024cave,Gracious Professionalism Award,5012,29,48,60.4
2024,2024cave,Imagery Award in honor of Jack Kamen,399,46,48,95.8
2024,2024cave,Industrial Design Award sponsored by General Motors,9084,8,48,16.7
2024,2024cave,Innovation in Control Award,5817,7,48,14.6
2024,2024cave,Judges' Award,4711,36,48,75.0
2024,2024cave,Quality Award,115,3,48,6.2
2024,2024cave,Rookie Inspiration Award,9635,20,48,41.7
2024,2024cave,Team Spirit Award,8521,39,48,81.2
2024,2024cave,Team Sustainability Award sponsored by Dow,687,9,48,18.8
2024,2024cave,Wildcard,4276,15,48,31.2
2024,2024cave,Wildcard,9421,23,48,47.9
2024,2024cc,Winner,2910,1,43,2.3
2024,2024cc,Winner,6328,2,43,4.7
2024,2024cc,Winner,670,41,43,95.3
2024,2024cc,Winner,5199,39,43,90.7
2024,2024cc,Finalist,2046,9,43,20.9
2024,2024cc,Finalist,1678,20,43,46.5
2024,2024cc,Finalist,6800,34,43,79.1
2024,2024cc,Finalist,5817,36,43,83.7
2024,2024cc,Judges' Award,9496,23,43,53.5
2024,2024cc,Most Improved Team Award,9442,4,43,9.3
2024,2024cc,Professionalism Award,4499,12,43,27.9
2024,2024cc,Programming Award,6328,2,43,4.7
2024,2024cc,Quality Award,8033,6,43,14.0
2024,2024chcmp,Regional FIRST Impact Award,5587,10,54,18.5
2024,2024chcmp,Regional Engineering Inspiration Award,2068,52,54,96.3
2024,2024chcmp,District Championship Rookie All Star Award,9403,32,54,59.3
2024,2024chcmp,Woodie Flowers Finalist Award,4541,47,54,87.0
2024,2024chcmp,Woodie Flowers Finalist Award,2377,28,54,51.9
2024,2024chcmp,FIRST Dean's List Finalist Award,9072,26,54,48.1
2024,2024chcmp,FIRST Dean's List Finalist Award,4099,3,54,5.6
2024,2024chcmp,District Championship Winner,836,1,54,1.9
2024,2024chcmp,District Championship Winner,1731,2,54,3.7
2024,2024chcmp,District Championship Winner,539,15,54,27.8
2024,2024chcmp,District Championship Finalist,5804,7,54,13.0
2024,2024chcmp,District Championship Finalist,346,11,54,20.4
2024,2024chcmp,District Championship Finalist,3136,31,54,57.4
2024,2024chcmp,Autonomous Award,1731,2,54,3.7
2024,2024chcmp,Creativity Award sponsored by Rockwell Automation,623,8,54,14.8
2024,2024chcmp,Excellence in Engineering Award,1727,6,54,11.1
2024,2024chcmp,Gracious Professionalism Award,449,24,54,44.4
2024,2024chcmp,Imagery Award in honor of Jack Kamen,1086,13,54,24.1
2024,2024chcmp,Industrial Design Award sponsored by General Motors,9072,26,54,48.1
2024,2024chcmp,Innovation in Control Award,1629,14,54,25.9
2024,2024chcmp,Judges' Award,888,17,54,31.5
2024,2024chcmp,Quality Award,346,11,54,20.4
2024,2024chcmp,Rookie Inspiration Award,9709,21,54,38.9
2024,2024chcmp,Team Spirit Award,8230,53,54,98.1
2024,2024chcmp,Team Sustainability Award sponsored by Dow,8592,38,54,70.4
2024,2024cmptx,FIRST Impact Award,2486,,,
2024,2024cmptx,Woodie Flowers Award,2468,,,
2024,2024cmptx,FIRST Dean's List Award,1188,,,
2024,2024cmptx,FIRST Dean's List Award,2202,,,
2024,2024cmptx,FIRST Dean's List Award,4131,,,
2024,2024cmptx,FIRST Dean's List Award,4414,,,
2024,2024cmptx,FIRST Dean's List Award,4421,,,
2024,2024cmptx,FIRST Dean's List Award,4931,,,
2024,2024cmptx,FIRST Dean's List Award,6413,,,
2024,2024cmptx,FIRST Dean's List Award,7531,,,
2024,2024cmptx,FIRST Dean's List Award,9134,,,
2024,2024cmptx,FIRST Dean's List Award,9642,,,
2024,2024cmptx,Championship Winner,1690,,,
2024,2024cmptx,Championship Winner,4522,,,
2024,2024cmptx,Championship Winner,9432,,,
2024,2024cmptx,Championship Winner,321,,,
2024,2024cmptx,Championship Finalist,254,,,
2024,2024cmptx,Championship Finalist,1323,,,
2024,2024cmptx,Championship Finalist,294,,,
2024,2024cmptx,Championship Finalist,1189,,,
2024,2024cmptx,FIRST Impact Award Finalist,2438,,,
2024,2024cmptx,FIRST Impact Award Finalist,2486,,,
2024,2024cmptx,FIRST Impact Award Finalist,3990,,,
2024,2024cmptx,FIRST Impact Award Finalist,5614,,,
2024,2024cmptx,FIRST Impact Award Finalist,5985,,,
2024,2024cmptx,FIRST Impact Award Finalist,6429,,,
2024,2024code,Regional FIRST Impact Award,1410,7,49,14.3
2024,2024code,Regional Engineering Inspiration Award,3374,44,49,89.8
2024,2024code,Rookie All Star Award,9586,36,49,73.5
2024,2024code,Woodie Flowers Finalist Award,4418,6,49,12.2
2024,2024code,FIRST Dean's List Finalist Award,1619,11,49,22.4
2024,2024code,FIRST Dean's List Finalist Award,3729,12,49,24.5
2024,2024code,Regional Winners,3006,2,49,4.1
2024,2024code,Regional Winners,1339,33,49,67.3
2024,2024code,Regional Winners,1108,19,49,38.8
2024,2024code,Regional Finalists,4499,1,49,2.0
2024,2024code,Regional Finalists,3729,12,49,24.5
2024,2024code,Regional Finalists,2945,27,49,55.1
2024,2024code,Autonomous Award,4499,1,49,2.0
2024,2024code,Creativity Award sponsored by Rockwell Automation,1619,11,49,22.4
2024,2024code,Excellence in Engineering Award,4418,6,49,12.2
2024,2024code,Gracious Professionalism Award,1339,33,49,67.3
2024,2024code,Imagery Award in honor of Jack Kamen,4293,9,49,18.4
2024,2024code,Industrial Design Award sponsored by General Motors,2240,10,49,20.4
2024,2024code,Innovation in Control Award,5232,8,49,16.3
2024,2024code,Judges' Award,4388,3,49,6.1
2024,2024code,Quality Award,2996,23,49,46.9
2024,2024code,Rookie Inspiration Award,9552,28,49,57.1
2024,2024code,Team Spirit Award,5690,22,49,44.9
2024,2024code,Team Sustainability Award sponsored by Dow,8334,39,49,79.6
2024,2024code,Wildcard,1108,19,49,38.8
2024,2024code,Wildcard,9586,36,49,73.5
2024,2024cthar,District FIRST Impact Award,1071,23,33,69.7
2024,2024cthar,District Engineering Inspiration Award,5112,32,33,97.0
2024,2024cthar,District Championship Dean's List Semi-Finalist,2170,30,33,90.9
2024,2024cthar,District Championship Dean's List Semi-Finalist,175,5,33,15.2
2024,2024cthar,District Event Winner,175,5,33,15.2
2024,2024cthar,District Event Winner,177,10,33,30.3
2024,2024cthar,District Event Winner,5112,32,33,97.0
2024,2024cthar,District Event Finalist,3314,4,33,12.1
2024,2024cthar,District Event Finalist,8085,6,33,18.2
2024,2024cthar,District Event Finalist,1991,17,33,51.5
2024,2024cthar,Autonomous Award,1699,3,33,9.1
2024,2024cthar,Creativity Award sponsored by Rockwell Automation,3464,12,33,36.4
2024,2024cthar,Excellence in Engineering Award,177,10,33,30.3
2024,2024cthar,Gracious Professionalism Award,7407,13,33,39.4
2024,2024cthar,Imagery Award in honor of Jack Kamen,3182,11,33,33.3
2024,2024cthar,Industrial Design Award sponsored by General Motors,175,5,33,15.2
2024,2024cthar,Innovation in Control Award,3314,4,33,12.1
2024,2024cthar,Judges' Award,8085,6,33,18.2
2024,2024cthar,Quality Award,8013,1,33,3.0
2024,2024cthar,Team Spirit Award,181,31,33,93.9
2024,2024cthar,Team Sustainability Award sponsored by Dow,2170,30,33,90.9
2024,2024ctwat,District FIRST Impact Award,195,3,32,9.4
2024,2024ctwat,District Engineering Inspiration Award,3461,15,32,46.9
2024,2024ctwat,Rookie All Star Award,9710,17,32,53.1
2024,2024ctwat,District Championship Dean's List Semi-Finalist,230,13,32,40.6
2024,2024ctwat,District Championship Dean's List Semi-Finalist,999,2,32,6.2
2024,2024ctwat,District Event Winner,176,1,32,3.1
2024,2024ctwat,District Event Winner,230,13,32,40.6
2024,2024ctwat,District Event Winner,839,20,32,62.5
2024,2024ctwat,District Event Finalist,5142,4,32,12.5
2024,2024ctwat,District Event Finalist,558,19,32,59.4
2024,2024ctwat,District Event Finalist,6346,23,32,71.9
2024,2024ctwat,Autonomous Award,155,12,32,37.5
2024,2024ctwat,Creativity Award sponsored by Rockwell Automation,3146,9,32,28.1
2024,2024ctwat,Excellence in Engineering Award,176,1,32,3.1
2024,2024ctwat,Gracious Professionalism Award,178,29,32,90.6
2024,2024ctwat,Imagery Award in honor of Jack Kamen,4572,28,32,87.5
2024,2024ctwat,Industrial Design Award sponsored by General Motors,999,2,32,6.2
2024,2024ctwat,Innovation in Control Award,230,13,32,40.6
2024,2024ctwat,Judges' Award,2067,6,32,18.8
2024,2024ctwat,Quality Award,3654,21,32,65.6
2024,2024ctwat,Team Spirit Award,558,19,32,59.4
2024,2024ctwat,Team Sustainability Award sponsored by Dow,2168,10,32,31.2
2024,2024cur,Engineering Inspiration Award,9008,66,74,89.2
2024,2024cur,Rookie All Star Award,9787,45,74,60.8
2024,2024cur,Championship Division Winner,2590,11,74,14.9
2024,2024cur,Championship Division Winner,4476,22,74,29.7
2024,2024cur,Championship Division Winner,7028,20,74,27.0
2024,2024cur,Championship Division Winner,190,32,74,43.2
2024,2024cur,Championship Division Finalist,9752,5,74,6.8
2024,2024cur,Championship Division Finalist,6672,9,74,12.2
2024,2024cur,Championship Division Finalist,624,17,74,23.0
2024,2024cur,Championship Division Finalist,7660,39,74,52.7
2024,2024cur,Autonomous Award,1640,68,74,91.9
2024,2024cur,Creativity Award sponsored by Rockwell Automation,2412,58,74,78.4
2024,2024cur,Excellence in Engineering Award,3847,4,74,5.4
2024,2024cur,Gracious Professionalism Award,7426,36,74,48.6
2024,2024cur,Imagery Award in honor of Jack Kamen,7197,28,74,37.8
2024,2024cur,Industrial Design Award sponsored by General Motors,2200,1,74,1.4
2024,2024cur,Innovation in Control Award,930,27,74,36.5
2024,2024cur,Judges' Award,7421,43,74,58.1
2024,2024cur,Quality Award,125,26,74,35.1
2024,2024cur,Rookie Inspiration Award,9564,70,74,94.6
2024,2024cur,Team Spirit Award,7567,54,74,73.0
2024,2024cur,Team Sustainability Award sponsored by Dow,4131,71,74,95.9
2024,2024dal,Engineering Inspiration Award,4403,52,75,69.3
2024,2024dal,Rookie All Star Award,9501,50,75,66.7
2024,2024dal,Championship Division Winner,1690,3,75,4.0
2024,2024dal,Championship Division Winner,4522,4,75,5.3
2024,2024dal,Championship Division Winner,9432,62,75,82.7
2024,2024dal,Championship Division Winner,321,45,75,60.0
2024,2024dal,Championship Division Finalist,131,8,75,10.7
2024,2024dal,Championship Division Finalist,148,24,75,32.0
2024,2024dal,Championship Division Finalist,7157,39,75,52.0
2024,2024dal,Championship Division Finalist,2052,31,75,41.3
2024,2024dal,Autonomous Award,1771,2,75,2.7
2024,2024dal,Creativity Award sponsored by Rockwell Automation,4028,6,75,8.0
2024,2024dal,Excellence in Engineering Award,118,17,75,22.7
2024,2024dal,Gracious Professionalism Award,8717,67,75,89.3
2024,2024dal,Imagery Award in honor of Jack Kamen,3538,10,75,13.3
2024,2024dal,Industrial Design Award sponsored by General Motors,5460,9,75,12.0
2024,2024dal,Innovation in Control Award,1690,3,75,4.0
2024,2024dal,Judges' Award,6989,73,75,97.3
2024,2024dal,Quality Award,148,24,75,32.0
2024,2024dal,Rookie Inspiration Award,9400,51,75,68.0
2024,2024dal,Team Spirit Award,1700,63,75,84.0
2024,2024dal,Team Sustainability Award sponsored by Dow,27,28,75,37.3
2024,2024flor,Regional FIRST Impact Award,2080,59,61,96.7
2024,2024flor,Regional Engineering Inspiration Award,4091,30,61,49.2
2024,2024flor,Rookie All Star Award,9627,32,61,52.5
2024,2024flor,Woodie Flowers Finalist Award,5145,26,61,42.6
2024,2024flor,FIRST Dean's List Finalist Award,4091,30,61,49.2
2024,2024flor,FIRST Dean's List Finalist Award,8581,7,61,11.5
2024,2024flor,Regional Winners,59,1,61,1.6
2024,2024flor,Regional Winners,179,4,61,6.6
2024,2024flor,Regional Winners,8817,41,61,67.2
2024,2024flor,Regional Finalists,5557,2,61,3.3
2024,2024flor,Regional Finalists,180,5,61,8.2
2024,2024flor,Regional Finalists,744,28,61,45.9
2024,2024flor,Regional Finalists,1523,15,61,24.6
2024,2024flor,Autonomous Award,8841,6,61,9.8
2024,2024flor,Creativity Award sponsored by Rockwell Automation,386,14,61,23.0
2024,2024flor,Excellence in Engineering Award,233,11,61,18.0
2024,2024flor,Gracious Professionalism Award,5816,27,61,44.3
2024,2024flor,Imagery Award in honor of Jack Kamen,7072,50,61,82.0
2024,2024flor,Industrial Design Award sponsored by General Motors,59,1,61,1.6
2024,2024flor,Innovation in Control Award,180,5,61,8.2
2024,2024flor,Judges' Award,1860,8,61,13.1
2024,2024flor,Quality Award,179,4,61,6.6
2024,2024flor,Rookie Inspiration Award,9778,56,61,91.8
2024,2024flor,Team Spirit Award,801,18,61,29.5
2024,2024flor,Team Sustainability Award sponsored by Dow,8581,7,61,11.5
2024,2024flor,Wildcard,8817,41,61,67.2
2024,2024flta,Regional FIRST Impact Award,5472,13,44,29.5
2024,2024flta,Regional Engineering Inspiration Award,4118,39,44,88.6
2024,2024flta,Rookie All Star Award,9764,42,44,95.5
2024,2024flta,Woodie Flowers Finalist Award,386,5,44,11.4
2024,2024flta,FIRST Dean's List Finalist Award,9313,30,44,68.2
2024,2024flta,FIRST Dean's List Finalist Award,86,19,44,43.2
2024,2024flta,Regional Winners,118,1,44,2.3
2024,2024flta,Regional Winners,180,3,44,6.8
2024,2024flta,Regional Winners,7111,17,44,38.6
2024,2024flta,Regional Winners,5872,10,44,22.7
2024,2024flta,Regional Finalists,108,2,44,4.5
2024,2024flta,Regional Finalists,5472,13,44,29.5
2024,2024flta,Regional Finalists,7072,34,44,77.3
2024,2024flta,Autonomous Award,180,3,44,6.8
2024,2024flta,Creativity Award sponsored by Rockwell Automation,118,1,44,2.3
2024,2024flta,Excellence in Engineering Award,2556,11,44,25.0
2024,2024flta,Gracious Professionalism Award,2383,18,44,40.9
2024,2024flta,Imagery Award in honor of Jack Kamen,7072,34,44,77.3
2024,2024flta,Industrial Design Award sponsored by General Motors,4576,6,44,13.6
2024,2024flta,Innovation in Control Award,5816,4,44,9.1
2024,2024flta,Judges' Award,9720,38,44,86.4
2024,2024flta,Quality Award,108,2,44,4.5
2024,2024flta,Rookie Inspiration Award,9404,24,44,54.5
2024,2024flta,Team Spirit Award,386,5,44,11.4
2024,2024flta,Team Sustainability Award sponsored by Dow,233,43,44,97.7
2024,2024flta,Wildcard,7111,17,44,38.6
2024,2024flta,Wildcard,9764,42,44,95.5
2024,2024flwp,Regional FIRST Impact Award,108,5,39,12.8
2024,2024flwp,Regional Engineering Inspiration Award,3627,39,39,100.0
2024,2024flwp,Rookie All Star Award,9404,29,39,74.4
2024,2024flwp,Woodie Flowers Finalist Award,3627,39,39,100.0
2024,2024flwp,FIRST Dean's List Finalist Award,3390,25,39,64.1
2024,2024flwp,FIRST Dean's List Finalist Award,5472,6,39,15.4
2024,2024flwp,Regional Winners,179,1,39,2.6
2024,2024flwp,Regional Winners,180,2,39,5.1
2024,2024flwp,Regional Winners,744,32,39,82.1
2024,2024flwp,Regional Finalists,2383,4,39,10.3
2024,2024flwp,Regional Finalists,5557,10,39,25.6
2024,2024flwp,Regional Finalists,8817,28,39,71.8
2024,2024flwp,Autonomous Award,4458,11,39,28.2
2024,2024flwp,Creativity Award sponsored by Rockwell Automation,1744,18,39,46.2
2024,2024flwp,Excellence in Engineering Award,179,1,39,2.6
2024,2024flwp,Gracious Professionalism Award,694,7,39,17.9
2024,2024flwp,Imagery Award in honor of Jack Kamen,1523,20,39,51.3
2024,2024flwp,Industrial Design Award sponsored by General Motors,5557,10,39,25.6
2024,2024flwp,Innovation in Control Award,59,21,39,53.8
2024,2024flwp,Judges' Award,8861,26,39,66.7
2024,2024flwp,Quality Award,180,2,39,5.1
2024,2024flwp,Rookie Inspiration Award,9779,22,39,56.4
2024,2024flwp,Team Spirit Award,6743,3,39,7.7
2024,2024flwp,Team Sustainability Award sponsored by Dow,6317,8,39,20.5
2024,2024gaalb,District FIRST Impact Award,6919,3,29,10.3
2024,2024gaalb,District Engineering Inspiration Award,4112,16,29,55.2
2024,2024gaalb,District Championship Dean's List Semi-Finalist,2415,12,29,41.4
2024,2024gaalb,District Championship Dean's List Semi-Finalist,1414,4,29,13.8
2024,2024gaalb,District Championship Dean's List Semi-Finalist,1261,2,29,6.9
2024,2024gaalb,District Event Winner,1771,1,29,3.4
2024,2024gaalb,District Event Winner,1261,2,29,6.9
2024,2024gaalb,District Event Winner,5074,26,29,89.7
2024,2024gaalb,District Event Winner,7104,15,29,51.7
2024,2024gaalb,District Event Finalist,6919,3,29,10.3
2024,2024gaalb,District Event Finalist,1414,4,29,13.8
2024,2024gaalb,District Event Finalist,7676,20,29,69.0
2024,2024gaalb,Autonomous Award,1771,1,29,3.4
2024,2024gaalb,Creativity Award sponsored by Rockwell Automation,2415,12,29,41.4
2024,2024gaalb,Excellence in Engineering Award,4509,5,29,17.2
2024,2024gaalb,Gracious Professionalism Award,5848,28,29,96.6
2024,2024gaalb,Imagery Award in honor of Jack Kamen,6829,10,29,34.5
2024,2024gaalb,Industrial Design Award sponsored by General Motors,1414,4,29,13.8
2024,2024gaalb,Innovation in Control Award,1261,2,29,6.9
2024,2024gaalb,Judges' Award,6905,27,29,93.1
2024,2024gaalb,Quality Award,3635,9,29,31.0
2024,2024gaalb,Team Spirit Award,3329,11,29,37.9
2024,2024gaalb,Team Sustainability Award sponsored by Dow,8849,6,29,20.7
2024,2024gacar,District FIRST Impact Award,2974,1,38,2.6
2024,2024gacar,District Engineering Inspiration Award,4188,8,38,21.1
2024,2024gacar,Rookie All Star Award,9500,24,38,63.2
2024,2024gacar,District Championship Dean's List Semi-Finalist,5293,6,38,15.8
2024,2024gacar,District Championship Dean's List Semi-Finalist,1414,7,38,18.4
2024,2024gacar,District Championship Dean's List Semi-Finalist,9260,18,38,47.4
2024,2024gacar,District Event Winner,2974,1,38,2.6
2024,2024gacar,District Event Winner,7451,2,38,5.3
2024,2024gacar,District Event Winner,8865,29,38,76.3
2024,2024gacar,District Event Finalist,6340,9,38,23.7
2024,2024gacar,District Event Finalist,4026,10,38,26.3
2024,2024gacar,District Event Finalist,9500,24,38,63.2
2024,2024gacar,Autonomous Award,7451,2,38,5.3
2024,2024gacar,Creativity Award sponsored by Rockwell Automation,5900,14,38,36.8
2024,2024gacar,Excellence in Engineering Award,1414,7,38,18.4
2024,2024gacar,Gracious Professionalism Award,5109,4,38,10.5
2024,2024gacar,Imagery Award in honor of Jack Kamen,6340,9,38,23.7
2024,2024gacar,Industrial Design Award sponsored by General Motors,4026,10,38,26.3
2024,2024gacar,Innovation in Control Award,4451,5,38,13.2
2024,2024gacar,Judges' Award,5293,6,38,15.8
2024,2024gacar,Quality Award,1648,15,38,39.5
2024,2024gacar,Rookie Inspiration Award,9522,31,38,81.6
2024,2024gacar,Team Spirit Award,9057,25,38,65.8
2024,2024gacar,Team Sustainability Award sponsored by Dow,4189,26,38,68.4
2024,2024gacmp,Regional FIRST Impact Award,4188,33,50,66.0
2024,2024gacmp,Regional FIRST Impact Award,3489,36,50,72.0
2024,2024gacmp,Regional Engineering Inspiration Award,4112,31,50,62.0
2024,2024gacmp,Regional Engineering Inspiration Award,8575,14,50,28.0
2024,2024gacmp,District Championship Rookie All Star Award,9480,24,50,48.0
2024,2024gacmp,District Championship Rookie All Star Award,9477,32,50,64.0
2024,2024gacmp,Woodie Flowers Finalist Award,4509,13,50,26.0
2024,2024gacmp,FIRST Dean's List Finalist Award,3489,36,50,72.0
2024,2024gacmp,FIRST Dean's List Finalist Award,3489,36,50,72.0
2024,2024gacmp,FIRST Dean's List Finalist Award,5293,18,50,36.0
2024,2024gacmp,District Championship Winner,1771,1,50,2.0
2024,2024gacmp,District Championship Winner,2974,2,50,4.0
2024,2024gacmp,District Championship Winner,8575,14,50,28.0
2024,2024gacmp,District Championship Finalist,6919,6,50,12.0
2024,2024gacmp,District Championship Finalist,1683,12,50,24.0
2024,2024gacmp,District Championship Finalist,4451,16,50,32.0
2024,2024gacmp,District Championship Finalist,2415,19,50,38.0
2024,2024gacmp,Autonomous Award,1771,1,50,2.0
2024,2024gacmp,Creativity Award sponsored by Rockwell Automation,2415,19,50,38.0
2024,2024gacmp,Excellence in Engineering Award,4533,9,50,18.0
2024,2024gacmp,Gracious Professionalism Award,6919,6,50,12.0
2024,2024gacmp,Imagery Award in honor of Jack Kamen,6366,4,50,8.0
2024,2024gacmp,Industrial Design Award sponsored by General Motors,1414,3,50,6.0
2024,2024gacmp,Innovation in Control Award,1261,11,50,22.0
2024,2024gacmp,Judges' Award,7538,42,50,84.0
2024,2024gacmp,Quality Award,281,26,50,52.0
2024,2024gacmp,Rookie Inspiration Award,9571,38,50,76.0
2024,2024gacmp,Team Spirit Award,6340,7,50,14.0
2024,2024gacmp,Team Sustainability Award sponsored by Dow,7451,8,50,16.0
2024,2024gadal,District FIRST Impact Award,7451,4,36,11.1
2024,2024gadal,District Engineering Inspiration Award,1746,3,36,8.3
2024,2024gadal,Rookie All Star Award,9480,7,36,19.4
2024,2024gadal,District Championship Dean's List Semi-Finalist,1683,8,36,22.2
2024,2024gadal,District Championship Dean's List Semi-Finalist,4112,6,36,16.7
2024,2024gadal,District Championship Dean's List Semi-Finalist,6340,9,36,25.0
2024,2024gadal,District Event Winner,6919,2,36,5.6
2024,2024gadal,District Event Winner,1746,3,36,8.3
2024,2024gadal,District Event Winner,4701,22,36,61.1
2024,2024gadal,District Event Finalist,4112,6,36,16.7
2024,2024gadal,District Event Finalist,6340,9,36,25.0
2024,2024gadal,District Event Finalist,9500,23,36,63.9
2024,2024gadal,Autonomous Award,6919,2,36,5.6
2024,2024gadal,Creativity Award sponsored by Rockwell Automation,6340,9,36,25.0
2024,2024gadal,Excellence in Engineering Award,4112,6,36,16.7
2024,2024gadal,Gracious Professionalism Award,5900,10,36,27.8
2024,2024gadal,Imagery Award in honor of Jack Kamen,8866,18,36,50.0
2024,2024gadal,Industrial Design Award sponsored by General Motors,7538,19,36,52.8
2024,2024gadal,Innovation in Control Award,4026,34,36,94.4
2024,2024gadal,Judges' Award,8080,12,36,33.3
2024,2024gadal,Quality Award,1102,1,36,2.8
2024,2024gadal,Rookie Inspiration Award,9770,25,36,69.4
2024,2024gadal,Team Spirit Award,832,24,36,66.7
2024,2024gadal,Team Sustainability Award sponsored by Dow,9500,23,36,63.9
2024,2024gagwi,District FIRST Impact Award,4188,8,30,26.7
2024,2024gagwi,District Engineering Inspiration Award,4509,6,30,20.0
2024,2024gagwi,Rookie All Star Award,9522,22,30,73.3
2024,2024gagwi,District Championship Dean's List Semi-Finalist,1771,1,30,3.3
2024,2024gagwi,District Championship Dean's List Semi-Finalist,2415,11,30,36.7
2024,2024gagwi,District Championship Dean's List Semi-Finalist,4188,8,30,26.7
2024,2024gagwi,District Event Winner,1771,1,30,3.3
2024,2024gagwi,District Event Winner,1261,2,30,6.7
2024,2024gagwi,District Event Winner,8577,21,30,70.0
2024,2024gagwi,District Event Finalist,1683,3,30,10.0
2024,2024gagwi,District Event Finalist,4509,6,30,20.0
2024,2024gagwi,District Event Finalist,9522,22,30,73.3
2024,2024gagwi,Autonomous Award,1771,1,30,3.3
2024,2024gagwi,Creativity Award sponsored by Rockwell Automation,2415,11,30,36.7
2024,2024gagwi,Excellence in Engineering Award,1746,4,30,13.3
2024,2024gagwi,Gracious Professionalism Award,8100,27,30,90.0
2024,2024gagwi,Imagery Award in honor of Jack Kamen,6829,10,30,33.3
2024,2024gagwi,Industrial Design Award sponsored by General Motors,1683,3,30,10.0
2024,2024gagwi,Innovation in Control Award,1261,2,30,6.7
2024,2024gagwi,Judges' Award,5651,30,30,100.0
2024,2024gagwi,Quality Award,8736,7,30,23.3
2024,2024gagwi,Rookie Inspiration Award,9477,17,30,56.7
2024,2024gagwi,Team Spirit Award,7538,9,30,30.0
2024,2024gagwi,Team Sustainability Award sponsored by Dow,9086,18,30,60.0
2024,2024gal,Engineering Inspiration Award,2638,65,75,86.7
2024,2024gal,Rookie All Star Award,9692,47,75,62.7
2024,2024gal,Championship Division Winner,2056,1,75,1.3
2024,2024gal,Championship Division Winner,987,5,75,6.7
2024,2024gal,Championship Division Winner,1577,31,75,41.3
2024,2024gal,Championship Division Winner,7558,33,75,44.0
2024,2024gal,Championship Division Finalist,1023,4,75,5.3
2024,2024gal,Championship Division Finalist,2468,25,75,33.3
2024,2024gal,Championship Division Finalist,6081,18,75,24.0
2024,2024gal,Championship Division Finalist,868,19,75,25.3
2024,2024gal,Autonomous Award,177,11,75,14.7
2024,2024gal,Creativity Award sponsored by Rockwell Automation,1923,13,75,17.3
2024,2024gal,Excellence in Engineering Award,868,19,75,25.3
2024,2024gal,Gracious Professionalism Award,5414,44,75,58.7
2024,2024gal,Imagery Award in honor of Jack Kamen,343,35,75,46.7
2024,2024gal,Industrial Design Award sponsored by General Motors,3005,2,75,2.7
2024,2024gal,Innovation in Control Award,2468,25,75,33.3
2024,2024gal,Judges' Award,5951,8,75,10.7
2024,2024gal,Quality Award,971,10,75,13.3
2024,2024gal,Rookie Inspiration Award,9450,68,75,90.7
2024,2024gal,Team Spirit Award,6081,18,75,24.0
2024,2024gal,Team Sustainability Award sponsored by Dow,1153,30,75,40.0
2024,2024hiho,Regional FIRST Impact Award,2438,26,34,76.5
2024,2024hiho,Regional Engineering Inspiration Award,3880,12,34,35.3
2024,2024hiho,Rookie All Star Award,9498,23,34,67.6
2024,2024hiho,Woodie Flowers Finalist Award,2853,10,34,29.4
2024,2024hiho,FIRST Dean's List Finalist Award,9498,23,34,67.6
2024,2024hiho,FIRST Dean's List Finalist Award,8615,19,34,55.9
2024,2024hiho,Regional Winners,359,1,34,2.9
2024,2024hiho,Regional Winners,368,2,34,5.9
2024,2024hiho,Regional Winners,2348,33,34,97.1
2024,2024hiho,Regional Winners,8790,17,34,50.0
2024,2024hiho,Regional Finalists,2443,3,34,8.8
2024,2024hiho,Regional Finalists,4270,5,34,14.7
2024,2024hiho,Regional Finalists,9012,24,34,70.6
2024,2024hiho,Autonomous Award,368,2,34,5.9
2024,2024hiho,Creativity Award sponsored by Rockwell Automation,359,1,34,2.9
2024,2024hiho,Excellence in Engineering Award,1622,8,34,23.5
2024,2024hiho,Gracious Professionalism Award,6920,28,34,82.4
2024,2024hiho,Imagery Award in honor of Jack Kamen,6704,15,34,44.1
2024,2024hiho,Industrial Design Award sponsored by General Motors,4270,5,34,14.7
2024,2024hiho,Innovation in Control Award,9114,7,34,20.6
2024,2024hiho,Judges' Award,3721,13,34,38.2
2024,2024hiho,Quality Award,2465,4,34,11.8
2024,2024hiho,Rookie Inspiration Award,9494,22,34,64.7
2024,2024hiho,Team Spirit Award,2443,3,34,8.8
2024,2024hiho,Team Sustainability Award sponsored by Dow,3008,21,34,61.8
2024,2024hiho,Wildcard,2348,33,34,97.1
2024,2024hiho,Wildcard,9498,23,34,67.6
2024,2024hop,Engineering Inspiration Award,8159,44,75,58.7
2024,2024hop,Rookie All Star Award,9455,61,75,81.3
2024,2024hop,Championship Division Winner,6328,2,75,2.7
2024,2024hop,Championship Division Winner,4481,14,75,18.7
2024,2024hop,Championship Division Winner,9072,40,75,53.3
2024,2024hop,Championship Division Winner,2370,38,75,50.7
2024,2024hop,Championship Division Finalist,8013,4,75,5.3
2024,2024hop,Championship Division Finalist,5895,12,75,16.0
2024,2024hop,Championship Division Finalist,88,24,75,32.0
2024,2024hop,Championship Division Finalist,498,48,75,64.0
2024,2024hop,Autonomous Award,6328,2,75,2.7
2024,2024hop,Creativity Award sponsored by Rockwell Automation,302,56,75,74.7
2024,2024hop,Excellence in Engineering Award,4481,14,75,18.7
2024,2024hop,Gracious Professionalism Award,3134,53,75,70.7
2024,2024hop,Imagery Award in honor of Jack Kamen,108,19,75,25.3
2024,2024hop,Industrial Design Award sponsored by General Motors,3494,34,75,45.3
2024,2024hop,Innovation in Control Award,195,63,75,84.0
2024,2024hop,Judges' Award,8298,70,75,93.3
2024,2024hop,Quality Award,2046,8,75,10.7
2024,2024hop,Rookie Inspiration Award,9576,35,75,46.7
2024,2024hop,Team Spirit Award,6652,65,75,86.7
2024,2024hop,Team Sustainability Award sponsored by Dow,5993,67,75,89.3
2024,2024iacf,Regional FIRST Impact Award,6424,1,53,1.9
2024,2024iacf,Regional Engineering Inspiration Award,4607,15,53,28.3
2024,2024iacf,Rookie All Star Award,9579,42,53,79.2
2024,2024iacf,Woodie Flowers Finalist Award,967,29,53,54.7
2024,2024iacf,FIRST Dean's List Finalist Award,8744,11,53,20.8
2024,2024iacf,FIRST Dean's List Finalist Award,7531,25,53,47.2
2024,2024iacf,Regional Winners,4143,2,53,3.8
2024,2024iacf,Regional Winners,4607,15,53,28.3
2024,2024iacf,Regional Winners,7848,30,53,56.6
2024,2024iacf,Regional Finalists,4646,5,53,9.4
2024,2024iacf,Regional Finalists,2526,10,53,18.9
2024,2024iacf,Regional Finalists,5041,17,53,32.1
2024,2024iacf,Autonomous Award,2847,14,53,26.4
2024,2024iacf,Creativity Award sponsored by Rockwell Automation,167,22,53,41.5
2024,2024iacf,Excellence in Engineering Award,1156,13,53,24.5
2024,2024iacf,Gracious Professionalism Award,3928,23,53,43.4
2024,2024iacf,Imagery Award in honor of Jack Kamen,5041,17,53,32.1
2024,2024iacf,Industrial Design Award sponsored by General Motors,4646,5,53,9.4
2024,2024iacf,Innovation in Control Award,6706,34,53,64.2
2024,2024iacf,Judges' Award,7531,25,53,47.2
2024,2024iacf,Quality Award,4655,26,53,49.1
2024,2024iacf,Rookie Inspiration Award,9543,51,53,96.2
2024,2024iacf,Team Spirit Award,2526,10,53,18.9
2024,2024iacf,Team Sustainability Award sponsored by Dow,8298,39,53,73.6
2024,2024iacf,Wildcard,7848,30,53,56.6
2024,2024iacf,Wildcard,9579,42,53,79.2
2024,2024idbo,Regional FIRST Impact Award,5461,21,43,48.8
2024,2024idbo,Regional Engineering Inspiration Award,2813,30,43,69.8
2024,2024idbo,Rookie All Star Award,9726,40,43,93.0
2024,2024idbo,Woodie Flowers Finalist Award,5461,21,43,48.8
2024,2024idbo,FIRST Dean's List Finalist Award,5461,21,43,48.8
2024,2024idbo,FIRST Dean's List Finalist Award,6358,6,43,14.0
2024,2024idbo,Regional Winners,2122,10,43,23.3
2024,2024idbo,Regional Winners,192,20,43,46.5
2024,2024idbo,Regional Winners,1891,34,43,79.1
2024,2024idbo,Regional Finalists,114,1,43,2.3
2024,2024idbo,Regional Finalists,6036,3,43,7.0
2024,2024idbo,Regional Finalists,2813,30,43,69.8
2024,2024idbo,Autonomous Award,4698,4,43,9.3
2024,2024idbo,Creativity Award sponsored by Rockwell Automation,4598,16,43,37.2
2024,2024idbo,Excellence in Engineering Award,6036,3,43,7.0
2024,2024idbo,Gracious Professionalism Award,6358,6,43,14.0
2024,2024idbo,Imagery Award in honor of Jack Kamen,399,9,43,20.9
2024,2024idbo,Industrial Design Award sponsored by General Motors,2584,7,43,16.3
2024,2024idbo,Innovation in Control Award,2122,10,43,23.3
2024,2024idbo,Judges' Award,6364,11,43,25.6
2024,2024idbo,Quality Award,3245,5,43,11.6
2024,2024idbo,Rookie Inspiration Award,9438,12,43,27.9
2024,2024idbo,Team Spirit Award,1569,17,43,39.5
2024,2024idbo,Team Sustainability Award sponsored by Dow,846,13,43,30.2
2024,2024ilch,Regional FIRST Impact Award,359,3,50,6.0
2024,2024ilch,Regional Engineering Inspiration Award,1986,19,50,38.0
2024,2024ilch,Rookie All Star Award,9406,17,50,34.0
2024,2024ilch,Woodie Flowers Finalist Award,3061,23,50,46.0
2024,2024ilch,FIRST Dean's List Finalist Award,2022,31,50,62.0
2024,2024ilch,FIRST Dean's List Finalist Award,4787,15,50,30.0
2024,2024ilch,Regional Winners,2338,1,50,2.0
2024,2024ilch,Regional Winners,359,3,50,6.0
2024,2024ilch,Regional Winners,4655,22,50,44.0
2024,2024ilch,Regional Finalists,111,7,50,14.0
2024,2024ilch,Regional Finalists,5934,9,50,18.0
2024,2024ilch,Regional Finalists,4096,14,50,28.0
2024,2024ilch,Autonomous Award,191,20,50,40.0
2024,2024ilch,Creativity Award sponsored by Rockwell Automation,111,7,50,14.0
2024,2024ilch,Excellence in Engineering Award,2338,1,50,2.0
2024,2024ilch,Gracious Professionalism Award,2383,11,50,22.0
2024,2024ilch,Imagery Award in honor of Jack Kamen,8122,10,50,20.0
2024,2024ilch,Industrial Design Award sponsored by General Motors,16,8,50,16.0
2024,2024ilch,Innovation in Control Award,8096,2,50,4.0
2024,2024ilch,Judges' Award,3792,21,50,42.0
2024,2024ilch,Quality Award,3061,23,50,46.0
2024,2024ilch,Rookie Inspiration Award,9669,36,50,72.0
2024,2024ilch,Team Spirit Award,112,28,50,56.0
2024,2024ilch,Team Sustainability Award sponsored by Dow,8581,12,50,24.0
2024,2024ilch,Wildcard,4655,22,50,44.0
2024,2024ilch,Wildcard,9406,17,50,34.0
2024,2024ilch,Wildcard,5822,4,50,8.0
2024,2024ilch,Wildcard,5934,9,50,18.0
2024,2024ilpe,Regional FIRST Impact Award,2826,19,38,50.0
2024,2024ilpe,Regional Engineering Inspiration Award,2338,2,38,5.3
2024,2024ilpe,Woodie Flowers Finalist Award,2704,21,38,55.3
2024,2024ilpe,FIRST Dean's List Finalist Award,2826,19,38,50.0
2024,2024ilpe,FIRST Dean's List Finalist Award,2704,21,38,55.3
2024,2024ilpe,Regional Winners,2481,1,38,2.6
2024,2024ilpe,Regional Winners,1756,3,38,7.9
2024,2024ilpe,Regional Winners,6317,23,38,60.5
2024,2024ilpe,Regional Finalists,2338,2,38,5.3
2024,2024ilpe,Regional Finalists,111,29,38,76.3
2024,2024ilpe,Regional Finalists,2039,17,38,44.7
2024,2024ilpe,Autonomous Award,325,8,38,21.1
2024,2024ilpe,Creativity Award sponsored by Rockwell Automation,4028,4,38,10.5
2024,2024ilpe,Excellence in Engineering Award,2481,1,38,2.6
2024,2024ilpe,Gracious Professionalism Award,7848,27,38,71.1
2024,2024ilpe,Imagery Award in honor of Jack Kamen,1736,10,38,26.3
2024,2024ilpe,Industrial Design Award sponsored by General Motors,4143,11,38,28.9
2024,2024ilpe,Innovation in Control Award,1756,3,38,7.9
2024,2024ilpe,Judges' Award,7417,37,38,97.4
2024,2024ilpe,Quality Award,2039,17,38,44.7
2024,2024ilpe,Team Spirit Award,5442,24,38,63.2
2024,2024ilpe,Team Sustainability Award sponsored by Dow,111,29,38,76.3
2024,2024iltrr,Winner,1756,2,35,5.7
2024,2024iltrr,Winner,2481,4,35,11.4
2024,2024iltrr,Winner,1781,27,35,77.1
2024,2024iltrr,Winner,3596,20,35,57.1
2024,2024iltrr,Finalist,2338,1,35,2.9
2024,2024iltrr,Finalist,3061,11,35,31.4
2024,2024iltrr,Finalist,9999,21,35,60.0
2024,2024iltrr,Finalist,9082,16,35,45.7
2024,2024incmp,Regional FIRST Impact Award,5484,9,38,23.7
2024,2024incmp,Regional Engineering Inspiration Award,461,1,38,2.6
2024,2024incmp,District Championship Rookie All Star Award,9431,37,38,97.4
2024,2024incmp,Woodie Flowers Finalist Award,5484,9,38,23.7
2024,2024incmp,FIRST Dean's List Finalist Award,461,1,38,2.6
2024,2024incmp,FIRST Dean's List Finalist Award,868,4,38,10.5
2024,2024incmp,District Championship Winner,1501,7,38,18.4
2024,2024incmp,District Championship Winner,7457,12,38,31.6
2024,2024incmp,District Championship Winner,1747,26,38,68.4
2024,2024incmp,District Championship Finalist,5484,9,38,23.7
2024,2024incmp,District Championship Finalist,5010,19,38,50.0
2024,2024incmp,District Championship Finalist,3940,24,38,63.2
2024,2024incmp,Autonomous Award,7457,12,38,31.6
2024,2024incmp,Creativity Award sponsored by Rockwell Automation,7657,35,38,92.1
2024,2024incmp,Excellence in Engineering Award,3487,28,38,73.7
2024,2024incmp,Gracious Professionalism Award,1741,15,38,39.5
2024,2024incmp,Imagery Award in honor of Jack Kamen,6498,3,38,7.9
2024,2024incmp,Industrial Design Award sponsored by General Motors,5188,31,38,81.6
2024,2024incmp,Innovation in Control Award,868,4,38,10.5
2024,2024incmp,Judges' Award,1018,36,38,94.7
2024,2024incmp,Quality Award,3494,2,38,5.3
2024,2024incmp,Rookie Inspiration Award,9491,32,38,84.2
2024,2024incmp,Team Spirit Award,6721,16,38,42.1
2024,2024incmp,Team Sustainability Award sponsored by Dow,3176,27,38,71.1
2024,2024incol,District FIRST Impact Award,4926,27,34,79.4
2024,2024incol,District Engineering Inspiration Award,1720,18,34,52.9
2024,2024incol,Rookie All Star Award,9491,32,34,94.1
2024,2024incol,District Championship Dean's List Semi-Finalist,1720,18,34,52.9
2024,2024incol,District Championship Dean's List Semi-Finalist,1741,9,34,26.5
2024,2024incol,District Event Winner,4272,1,34,2.9
2024,2024incol,District Event Winner,45,14,34,41.2
2024,2024incol,District Event Winner,8430,20,34,58.8
2024,2024incol,District Event Finalist,3494,5,34,14.7
2024,2024incol,District Event Finalist,1741,9,34,26.5
2024,2024incol,District Event Finalist,4982,26,34,76.5
2024,2024incol,Autonomous Award,4272,1,34,2.9
2024,2024incol,Creativity Award sponsored by Rockwell Automation,447,29,34,85.3
2024,2024incol,Excellence in Engineering Award,5188,22,34,64.7
2024,2024incol,Gracious Professionalism Award,3487,6,34,17.6
2024,2024incol,Imagery Award in honor of Jack Kamen,1018,16,34,47.1
2024,2024incol,Industrial Design Award sponsored by General Motors,3494,5,34,14.7
2024,2024incol,Innovation in Control Award,7457,3,34,8.8
2024,2024incol,Judges' Award,5010,4,34,11.8
2024,2024incol,Quality Award,1024,2,34,5.9
2024,2024incol,Rookie Inspiration Award,9453,34,34,100.0
2024,2024incol,Team Spirit Award,71,19,34,55.9
2024,2024incol,Team Sustainability Award sponsored by Dow,4982,26,34,76.5
2024,2024ineva,District FIRST Impact Award,6498,17,26,65.4
2024,2024ineva,District Engineering Inspiration Award,4926,8,26,30.8
2024,2024ineva,Rookie All Star Award,9554,21,26,80.8
2024,2024ineva,District Championship Dean's List Semi-Finalist,234,5,26,19.2
2024,2024ineva,District Championship Dean's List Semi-Finalist,3176,9,26,34.6
2024,2024ineva,District Event Winner,868,4,26,15.4
2024,2024ineva,District Event Winner,234,5,26,19.2
2024,2024ineva,District Event Winner,3947,26,26,100.0
2024,2024ineva,District Event Finalist,5484,10,26,38.5
2024,2024ineva,District Event Finalist,6498,17,26,65.4
2024,2024ineva,District Event Finalist,1720,19,26,73.1
2024,2024ineva,Autonomous Award,1501,3,26,11.5
2024,2024ineva,Creativity Award sponsored by Rockwell Automation,3947,26,26,100.0
2024,2024ineva,Excellence in Engineering Award,3176,9,26,34.6
2024,2024ineva,Gracious Professionalism Award,1720,19,26,73.1
2024,2024ineva,Imagery Award in honor of Jack Kamen,1747,1,26,3.8
2024,2024ineva,Industrial Design Award sponsored by General Motors,3452,14,26,53.8
2024,2024ineva,Innovation in Control Award,868,4,26,15.4
2024,2024ineva,Judges' Award,4008,24,26,92.3
2024,2024ineva,Quality Award,5188,2,26,7.7
2024,2024ineva,Rookie Inspiration Award,9491,6,26,23.1
2024,2024ineva,Team Spirit Award,5484,10,26,38.5
2024,2024ineva,Team Sustainability Award sponsored by Dow,2197,15,26,57.7
2024,2024inmis,District FIRST Impact Award,5484,10,32,31.2
2024,2024inmis,District Engineering Inspiration Award,2171,15,32,46.9
2024,2024inmis,Rookie All Star Award,9431,32,32,100.0
2024,2024inmis,District Championship Dean's List Semi-Finalist,3147,16,32,50.0
2024,2024inmis,District Championship Dean's List Semi-Finalist,5484,10,32,31.2
2024,2024inmis,District Event Winner,461,5,32,15.6
2024,2024inmis,District Event Winner,3176,11,32,34.4
2024,2024inmis,District Event Winner,3865,17,32,53.1
2024,2024inmis,District Event Finalist,829,7,32,21.9
2024,2024inmis,District Event Finalist,2197,18,32,56.2
2024,2024inmis,District Event Finalist,1646,25,32,78.1
2024,2024inmis,Autonomous Award,1501,1,32,3.1
2024,2024inmis,Creativity Award sponsored by Rockwell Automation,7198,28,32,87.5
2024,2024inmis,Excellence in Engineering Award,1646,25,32,78.1
2024,2024inmis,Gracious Professionalism Award,6721,23,32,71.9
2024,2024inmis,Imagery Award in honor of Jack Kamen,1555,21,32,65.6
2024,2024inmis,Industrial Design Award sponsored by General Motors,1024,8,32,25.0
2024,2024inmis,Innovation in Control Award,3176,11,32,34.4
2024,2024inmis,Judges' Award,2909,27,32,84.4
2024,2024inmis,Quality Award,135,12,32,37.5
2024,2024inmis,Rookie Inspiration Award,9554,20,32,62.5
2024,2024inmis,Team Spirit Award,45,4,32,12.5
2024,2024inmis,Team Sustainability Award sponsored by Dow,461,5,32,15.6
2024,2024inpla,District FIRST Impact Award,6721,25,35,71.4
2024,2024inpla,District Engineering Inspiration Award,461,2,35,5.7
2024,2024inpla,Rookie All Star Award,9530,24,35,68.6
2024,2024inpla,District Championship Dean's List Semi-Finalist,868,6,35,17.1
2024,2024inpla,District Championship Dean's List Semi-Finalist,461,2,35,5.7
2024,2024inpla,District Event Winner,868,6,35,17.1
2024,2024inpla,District Event Winner,3494,13,35,37.1
2024,2024inpla,District Event Winner,135,21,35,60.0
2024,2024inpla,District Event Finalist,1741,4,35,11.4
2024,2024inpla,District Event Finalist,829,7,35,20.0
2024,2024inpla,District Event Finalist,3865,20,35,57.1
2024,2024inpla,Autonomous Award,1501,5,35,14.3
2024,2024inpla,Creativity Award sponsored by Rockwell Automation,234,10,35,28.6
2024,2024inpla,Excellence in Engineering Award,3487,8,35,22.9
2024,2024inpla,Gracious Professionalism Award,4982,18,35,51.4
2024,2024inpla,Imagery Award in honor of Jack Kamen,829,7,35,20.0
2024,2024inpla,Industrial Design Award sponsored by General Motors,1747,15,35,42.9
2024,2024inpla,Innovation in Control Award,868,6,35,17.1
2024,2024inpla,Judges' Award,1018,16,35,45.7
2024,2024inpla,Quality Award,3494,13,35,37.1
2024,2024inpla,Rookie Inspiration Award,9431,29,35,82.9
2024,2024inpla,Team Spirit Award,6956,22,35,62.9
2024,2024inpla,Team Sustainability Award sponsored by Dow,1741,4,35,11.4
2024,2024iscmp,Regional FIRST Impact Award,5614,8,45,17.8
2024,2024iscmp,Regional Engineering Inspiration Award,3339,6,45,13.3
2024,2024iscmp,District Championship Rookie All Star Award,9739,39,45,86.7
2024,2024iscmp,FIRST Dean's List Finalist Award,5715,20,45,44.4
2024,2024iscmp,FIRST Dean's List Finalist Award,3339,6,45,13.3
2024,2024iscmp,District Championship Winner,1690,1,45,2.2
2024,2024iscmp,District Championship Winner,3339,6,45,13.3
2024,2024iscmp,District Championship Winner,5715,20,45,44.4
2024,2024iscmp,District Championship Finalist,5951,3,45,6.7
2024,2024iscmp,District Championship Finalist,1577,10,45,22.2
2024,2024iscmp,District Championship Finalist,4590,22,45,48.9
2024,2024iscmp,Autonomous Award,5990,12,45,26.7
2024,2024iscmp,Creativity Award sponsored by Rockwell Automation,1577,10,45,22.2
2024,2024iscmp,Excellence in Engineering Award,1574,2,45,4.4
2024,2024iscmp,Gracious Professionalism Award,3075,9,45,20.0
2024,2024iscmp,Imagery Award in honor of Jack Kamen,2096,32,45,71.1
2024,2024iscmp,Industrial Design Award sponsored by General Motors,6738,24,45,53.3
2024,2024iscmp,Innovation in Control Award,1690,1,45,2.2
2024,2024iscmp,Judges' Award,6104,29,45,64.4
2024,2024iscmp,Quality Award,5951,3,45,6.7
2024,2024iscmp,Rookie Inspiration Award,9740,43,45,95.6
2024,2024iscmp,Team Spirit Award,6740,18,45,40.0
2024,2024iscmp,Team Sustainability Award sponsored by Dow,5654,13,45,28.9
2024,2024isde1,District FIRST Impact Award,5951,5,31,16.1
2024,2024isde1,District Engineering Inspiration Award,3211,11,31,35.5
2024,2024isde1,Rookie All Star Award,9740,31,31,100.0
2024,2024isde1,District Event Winner,3339,3,31,9.7
2024,2024isde1,District Event Winner,1690,1,31,3.2
2024,2024isde1,District Event Winner,5135,29,31,93.5
2024,2024isde1,District Event Finalist,1942,4,31,12.9
2024,2024isde1,District Event Finalist,2679,30,31,96.8
2024,2024isde1,District Event Finalist,5951,5,31,16.1
2024,2024isde1,Autonomous Award,1690,1,31,3.2
2024,2024isde1,Creativity Award sponsored by Rockwell Automation,2630,28,31,90.3
2024,2024isde1,Excellence in Engineering Award,1574,2,31,6.5
2024,2024isde1,Gracious Professionalism Award,1577,8,31,25.8
2024,2024isde1,Imagery Award in honor of Jack Kamen,6740,9,31,29.0
2024,2024isde1,Industrial Design Award sponsored by General Motors,6738,12,31,38.7
2024,2024isde1,Innovation in Control Award,3339,3,31,9.7
2024,2024isde1,Judges' Award,5654,10,31,32.3
2024,2024isde1,Quality Award,5990,13,31,41.9
2024,2024isde1,Rookie Inspiration Award,9738,24,31,77.4
2024,2024isde1,Team Spirit Award,5715,6,31,19.4
2024,2024isde1,Team Sustainability Award sponsored by Dow,1942,4,31,12.9
2024,2024isde2,District FIRST Impact Award,4590,22,30,73.3
2024,2024isde2,District Engineering Inspiration Award,5614,5,30,16.7
2024,2024isde2,District Event Winner,2231,1,30,3.3
2024,2024isde2,District Event Winner,7039,6,30,20.0
2024,2024isde2,District Event Winner,9739,17,30,56.7
2024,2024isde2,District Event Finalist,3075,3,30,10.0
2024,2024isde2,District Event Finalist,5614,5,30,16.7
2024,2024isde2,District Event Finalist,8223,24,30,80.0
2024,2024isde2,Autonomous Award,5951,2,30,6.7
2024,2024isde2,Creativity Award sponsored by Rockwell Automation,1657,4,30,13.3
2024,2024isde2,Excellence in Engineering Award,2231,1,30,3.3
2024,2024isde2,Gracious Professionalism Award,1937,9,30,30.0
2024,2024isde2,Imagery Award in honor of Jack Kamen,2096,15,30,50.0
2024,2024isde2,Industrial Design Award sponsored by General Motors,3075,3,30,10.0
2024,2024isde2,Innovation in Control Award,5635,20,30,66.7
2024,2024isde2,Judges' Award,6104,13,30,43.3
2024,2024isde2,Quality Award,7845,12,30,40.0
2024,2024isde2,Rookie Inspiration Award,9739,17,30,56.7
2024,2024isde2,Team Spirit Award,6168,8,30,26.7
2024,2024isde2,Team Sustainability Award sponsored by Dow,4416,23,30,76.7
2024,2024isde3,District FIRST Impact Award,5654,11,29,37.9
2024,2024isde3,District Engineering Inspiration Award,3339,2,29,6.9
2024,2024isde3,District Event Winner,1690,1,29,3.4
2024,2024isde3,District Event Winner,3339,2,29,6.9
2024,2024isde3,District Event Winner,4416,20,29,69.0
2024,2024isde3,District Event Finalist,1574,3,29,10.3
2024,2024isde3,District Event Finalist,3065,10,29,34.5
2024,2024isde3,District Event Finalist,7177,21,29,72.4
2024,2024isde3,Autonomous Award,3316,25,29,86.2
2024,2024isde3,Creativity Award sponsored by Rockwell Automation,7067,5,29,17.2
2024,2024isde3,Excellence in Engineering Award,6738,13,29,44.8
2024,2024isde3,Gracious Professionalism Award,5715,7,29,24.1
2024,2024isde3,Imagery Award in honor of Jack Kamen,6740,6,29,20.7
2024,2024isde3,Industrial Design Award sponsored by General Motors,1690,1,29,3.4
2024,2024isde3,Innovation in Control Award,5987,9,29,31.0
2024,2024isde3,Judges' Award,1580,29,29,100.0
2024,2024isde3,Quality Award,3065,10,29,34.5
2024,2024isde3,Rookie Inspiration Award,9740,8,29,27.6
2024,2024isde3,Team Spirit Award,5291,19,29,65.5
2024,2024isde3,Team Sustainability Award sponsored by Dow,4416,20,29,69.0
2024,2024isde4,District FIRST Impact Award,5614,12,32,37.5
2024,2024isde4,District Engineering Inspiration Award,5554,2,32,6.2
2024,2024isde4,Rookie All Star Award,9739,22,32,68.8
2024,2024isde4,District Event Winner,5554,2,32,6.2
2024,2024isde4,District Event Winner,1937,6,32,18.8
2024,2024isde4,District Event Winner,5928,24,32,75.0
2024,2024isde4,District Event Finalist,2231,1,32,3.1
2024,2024isde4,District Event Finalist,3075,5,32,15.6
2024,2024isde4,District Event Finalist,9739,22,32,68.8
2024,2024isde4,Autonomous Award,2231,1,32,3.1
2024,2024isde4,Creativity Award sponsored by Rockwell Automation,1657,13,32,40.6
2024,2024isde4,Excellence in Engineering Award,5990,3,32,9.4
2024,2024isde4,Gracious Professionalism Award,6104,27,32,84.4
2024,2024isde4,Imagery Award in honor of Jack Kamen,2630,18,32,56.2
2024,2024isde4,Industrial Design Award sponsored by General Motors,2096,7,32,21.9
2024,2024isde4,Innovation in Control Award,3075,5,32,15.6
2024,2024isde4,Judges' Award,9304,23,32,71.9
2024,2024isde4,Quality Award,1942,19,32,59.4
2024,2024isde4,Rookie Inspiration Award,9738,4,32,12.5
2024,2024isde4,Team Spirit Award,5291,16,32,50.0
2024,2024isde4,Team Sustainability Award sponsored by Dow,4590,10,32,31.2
2024,2024joh,Engineering Inspiration Award,2642,19,74,25.7
2024,2024joh,Rookie All Star Award,9593,72,74,97.3
2024,2024joh,Championship Division Winner,5813,9,74,12.2
2024,2024joh,Championship Division Winner,1477,32,74,43.2
2024,2024joh,Championship Division Winner,3061,12,74,16.2
2024,2024joh,Championship Division Winner,2582,51,74,68.9
2024,2024joh,Championship Division Finalist,4611,8,74,10.8
2024,2024joh,Championship Division Finalist,1787,15,74,20.3
2024,2024joh,Championship Division Finalist,4766,17,74,23.0
2024,2024joh,Championship Division Finalist,325,33,74,44.6
2024,2024joh,Autonomous Award,1701,14,74,18.9
2024,2024joh,Creativity Award sponsored by Rockwell Automation,2875,69,74,93.2
2024,2024joh,Excellence in Engineering Award,1787,15,74,20.3
2024,2024joh,Gracious Professionalism Award,3132,45,74,60.8
2024,2024joh,Imagery Award in honor of Jack Kamen,4450,24,74,32.4
2024,2024joh,Industrial Design Award sponsored by General Motors,4611,8,74,10.8
2024,2024joh,Innovation in Control Award,5813,9,74,12.2
2024,2024joh,Judges' Award,5665,36,74,48.6
2024,2024joh,Quality Award,6017,47,74,63.5
2024,2024joh,Rookie Inspiration Award,9545,70,74,94.6
2024,2024joh,Team Spirit Award,9120,68,74,91.9
2024,2024joh,Team Sustainability Award sponsored by Dow,2429,29,74,39.2
2024,2024ksla,Regional FIRST Impact Award,1730,3,36,8.3
2024,2024ksla,Regional Engineering Inspiration Award,2357,1,36,2.8
2024,2024ksla,Woodie Flowers Finalist Award,1764,12,36,33.3
2024,2024ksla,Volunteer of the Year,5268,34,36,94.4
2024,2024ksla,FIRST Dean's List Finalist Award,1986,8,36,22.2
2024,2024ksla,FIRST Dean's List Finalist Award,1764,12,36,33.3
2024,2024ksla,Regional Winners,3061,2,36,5.6
2024,2024ksla,Regional Winners,7421,10,36,27.8
2024,2024ksla,Regional Winners,3184,29,36,80.6
2024,2024ksla,Regional Finalists,1730,3,36,8.3
2024,2024ksla,Regional Finalists,1986,8,36,22.2
2024,2024ksla,Regional Finalists,5268,34,36,94.4
2024,2024ksla,Regional Finalists,5189,20,36,55.6
2024,2024ksla,Autonomous Award,1986,8,36,22.2
2024,2024ksla,Creativity Award sponsored by Rockwell Automation,935,19,36,52.8
2024,2024ksla,Excellence in Engineering Award,1710,6,36,16.7
2024,2024ksla,Gracious Professionalism Award,1723,33,36,91.7
2024,2024ksla,Imagery Award in honor of Jack Kamen,1775,18,36,50.0
2024,2024ksla,Industrial Design Award sponsored by General Motors,5801,4,36,11.1
2024,2024ksla,Innovation in Control Award,1987,5,36,13.9
2024,2024ksla,Judges' Award,2410,26,36,72.2
2024,2024ksla,Quality Award,3061,2,36,5.6
2024,2024ksla,Rookie Inspiration Award,9445,28,36,77.8
2024,2024ksla,Team Spirit Award,1764,12,36,33.3
2024,2024ksla,Team Sustainability Award sponsored by Dow,7421,10,36,27.8
2024,2024ksla,Wildcard,3184,29,36,80.6
2024,2024ksla,Wildcard,1986,8,36,22.2
2024,2024lake,Regional FIRST Impact Award,6017,35,51,68.6
2024,2024lake,Regional Engineering Inspiration Award,456,14,51,27.5
2024,2024lake,Rookie All Star Award,9405,38,51,74.5
2024,2024lake,Woodie Flowers Finalist Award,8044,12,51,23.5
2024,2024lake,FIRST Dean's List Finalist Award,3478,1,51,2.0
2024,2024lake,FIRST Dean's List Finalist Award,4065,3,51,5.9
2024,2024lake,Regional Winners,3478,1,51,2.0
2024,2024lake,Regional Winners,4738,2,51,3.9
2024,2024lake,Regional Winners,1912,36,51,70.6
2024,2024lake,Regional Finalists,2183,4,51,7.8
2024,2024lake,Regional Finalists,8044,12,51,23.5
2024,2024lake,Regional Finalists,6017,35,51,68.6
2024,2024lake,Regional Finalists,2556,15,51,29.4
2024,2024lake,Autonomous Award,8808,30,51,58.8
2024,2024lake,Creativity Award sponsored by Rockwell Automation,4336,24,51,47.1
2024,2024lake,Excellence in Engineering Award,8044,12,51,23.5
2024,2024lake,Gracious Professionalism Award,3478,1,51,2.0
2024,2024lake,Imagery Award in honor of Jack Kamen,4531,13,51,25.5
2024,2024lake,Industrial Design Award sponsored by General Motors,6424,7,51,13.7
2024,2024lake,Innovation in Control Award,2556,15,51,29.4
2024,2024lake,Judges' Award,9153,39,51,76.5
2024,2024lake,Quality Award,4738,2,51,3.9
2024,2024lake,Rookie Inspiration Award,9717,43,51,84.3
2024,2024lake,Team Spirit Award,2080,19,51,37.3
2024,2024lake,Team Sustainability Award sponsored by Dow,5665,11,51,21.6
2024,2024mabos,District FIRST Impact Award,2877,9,38,23.7
2024,2024mabos,District Engineering Inspiration Award,509,7,38,18.4
2024,2024mabos,District Championship Dean's List Semi-Finalist,246,24,38,63.2
2024,2024mabos,District Championship Dean's List Semi-Finalist,8567,17,38,44.7
2024,2024mabos,District Event Winner,125,1,38,2.6
2024,2024mabos,District Event Winner,3467,3,38,7.9
2024,2024mabos,District Event Winner,2423,22,38,57.9
2024,2024mabos,District Event Winner,4311,15,38,39.5
2024,2024mabos,District Event Finalist,5735,10,38,26.3
2024,2024mabos,District Event Finalist,2067,12,38,31.6
2024,2024mabos,District Event Finalist,190,19,38,50.0
2024,2024mabos,Autonomous Award,125,1,38,2.6
2024,2024mabos,Creativity Award sponsored by Rockwell Automation,6201,27,38,71.1
2024,2024mabos,Excellence in Engineering Award,2876,13,38,34.2
2024,2024mabos,Gracious Professionalism Award,3467,3,38,7.9
2024,2024mabos,Imagery Award in honor of Jack Kamen,4176,18,38,47.4
2024,2024mabos,Industrial Design Award sponsored by General Motors,8626,26,38,68.4
2024,2024mabos,Innovation in Control Award,78,2,38,5.3
2024,2024mabos,Judges' Award,246,24,38,63.2
2024,2024mabos,Quality Award,131,6,38,15.8
2024,2024mabos,Rookie Inspiration Award,9729,14,38,36.8
2024,2024mabos,Team Spirit Award,8567,17,38,44.7
2024,2024mabos,Team Sustainability Award sponsored by Dow,2067,12,38,31.6
2024,2024mabri,District FIRST Impact Award,125,2,36,5.6
2024,2024mabri,District Engineering Inspiration Award,2877,17,36,47.2
2024,2024mabri,Rookie All Star Award,9644,26,36,72.2
2024,2024mabri,District Championship Dean's List Semi-Finalist,467,5,36,13.9
2024,2024mabri,District Championship Dean's List Semi-Finalist,6731,33,36,91.7
2024,2024mabri,District Event Winner,78,1,36,2.8
2024,2024mabri,District Event Winner,125,2,36,5.6
2024,2024mabri,District Event Winner,6731,33,36,91.7
2024,2024mabri,District Event Finalist,1153,7,36,19.4
2024,2024mabri,District Event Finalist,2877,17,36,47.2
2024,2024mabri,District Event Finalist,2079,16,36,44.4
2024,2024mabri,Autonomous Award,88,6,36,16.7
2024,2024mabri,Creativity Award sponsored by Rockwell Automation,2713,14,36,38.9
2024,2024mabri,Excellence in Engineering Award,4909,8,36,22.2
2024,2024mabri,Gracious Professionalism Award,5000,29,36,80.6
2024,2024mabri,Imagery Award in honor of Jack Kamen,4048,13,36,36.1
2024,2024mabri,Industrial Design Award sponsored by General Motors,78,1,36,2.8
2024,2024mabri,Innovation in Control Award,1153,7,36,19.4
2024,2024mabri,Judges' Award,5813,3,36,8.3
2024,2024mabri,Quality Award,246,4,36,11.1
2024,2024mabri,Team Spirit Award,2079,16,36,44.4
2024,2024mabri,Team Sustainability Award sponsored by Dow,8046,32,36,88.9
2024,2024marc,Crewchief Mentor,240,27,28,96.4
2024,2024marc,Winner,6081,2,28,7.1
2024,2024marc,Winner,503,3,28,10.7
2024,2024marc,Winner,240,27,28,96.4
2024,2024marc,Finalist,4381,1,28,3.6
2024,2024marc,Finalist,3538,5,28,17.9
2024,2024marc,Finalist,217,26,28,92.9
2024,2024marc,Forte Teleop Award,6570,21,28,75.0
2024,2024marc,Headliner Award,302,6,28,21.4
2024,2024marc,Instrument Award,503,3,28,10.7
2024,2024marc,Solo Auton Award,51,10,28,35.7
2024,2024marea,District FIRST Impact Award,2370,17,36,47.2
2024,2024marea,District Engineering Inspiration Award,6201,22,36,61.1
2024,2024marea,Rookie All Star Award,9729,28,36,77.8
2024,2024marea,District Championship Dean's List Semi-Finalist,88,2,36,5.6
2024,2024marea,District Championship Dean's List Semi-Finalist,4176,9,36,25.0
2024,2024marea,District Event Winner,6328,1,36,2.8
2024,2024marea,District Event Winner,3467,6,36,16.7
2024,2024marea,District Event Winner,1474,31,36,86.1
2024,2024marea,District Event Finalist,88,2,36,5.6
2024,2024marea,District Event Finalist,1153,3,36,8.3
2024,2024marea,District Event Finalist,4169,33,36,91.7
2024,2024marea,Autonomous Award,3467,6,36,16.7
2024,2024marea,Creativity Award sponsored by Rockwell Automation,7674,29,36,80.6
2024,2024marea,Excellence in Engineering Award,4761,21,36,58.3
2024,2024marea,Gracious Professionalism Award,509,12,36,33.3
2024,2024marea,Imagery Award in honor of Jack Kamen,4176,9,36,25.0
2024,2024marea,Industrial Design Award sponsored by General Motors,1277,19,36,52.8
2024,2024marea,Innovation in Control Award,88,2,36,5.6
2024,2024marea,Judges' Award,1119,26,36,72.2
2024,2024marea,Quality Award,6328,1,36,2.8
2024,2024marea,Rookie Inspiration Award,9443,4,36,11.1
2024,2024marea,Team Spirit Award,1073,18,36,50.0
2024,2024marea,Team Sustainability Award sponsored by Dow,501,35,36,97.2
2024,2024mawne,District FIRST Impact Award,3654,33,36,91.7
2024,2024mawne,District Engineering Inspiration Award,558,13,36,36.1
2024,2024mawne,District Championship Dean's List Semi-Finalist,228,31,36,86.1
2024,2024mawne,District Championship Dean's List Semi-Finalist,178,28,36,77.8
2024,2024mawne,District Event Winner,177,1,36,2.8
2024,2024mawne,District Event Winner,176,2,36,5.6
2024,2024mawne,District Event Winner,173,22,36,61.1
2024,2024mawne,District Event Finalist,1699,6,36,16.7
2024,2024mawne,District Event Finalist,195,14,36,38.9
2024,2024mawne,District Event Finalist,319,20,36,55.6
2024,2024mawne,Autonomous Award,176,2,36,5.6
2024,2024mawne,Creativity Award sponsored by Rockwell Automation,1740,5,36,13.9
2024,2024mawne,Excellence in Engineering Award,1699,6,36,16.7
2024,2024mawne,Gracious Professionalism Award,195,14,36,38.9
2024,2024mawne,Imagery Award in honor of Jack Kamen,7153,24,36,66.7
2024,2024mawne,Industrial Design Award sponsored by General Motors,999,15,36,41.7
2024,2024mawne,Innovation in Control Award,177,1,36,2.8
2024,2024mawne,Judges' Award,61,27,36,75.0
2024,2024mawne,Quality Award,7407,7,36,19.4
2024,2024mawne,Rookie Inspiration Award,9710,19,36,52.8
2024,2024mawne,Team Spirit Award,3182,10,36,27.8
2024,2024mawne,Team Sustainability Award sponsored by Dow,178,28,36,77.8
2024,2024mawor,District FIRST Impact Award,1757,15,36,41.7
2024,2024mawor,District Engineering Inspiration Award,2079,25,36,69.4
2024,2024mawor,District Championship Dean's List Semi-Finalist,2370,18,36,50.0
2024,2024mawor,District Championship Dean's List Semi-Finalist,3323,20,36,55.6
2024,2024mawor,District Event Winner,4048,1,36,2.8
2024,2024mawor,District Event Winner,1768,8,36,22.2
2024,2024mawor,District Event Winner,5962,27,36,75.0
2024,2024mawor,District Event Finalist,190,2,36,5.6
2024,2024mawor,District Event Finalist,8013,5,36,13.9
2024,2024mawor,District Event Finalist,69,24,36,66.7
2024,2024mawor,District Event Finalist,2712,13,36,36.1
2024,2024mawor,Autonomous Award,1100,9,36,25.0
2024,2024mawor,Creativity Award sponsored by Rockwell Automation,5000,14,36,38.9
2024,2024mawor,Excellence in Engineering Award,190,2,36,5.6
2024,2024mawor,Gracious Professionalism Award,4048,1,36,2.8
2024,2024mawor,Imagery Award in honor of Jack Kamen,2370,18,36,50.0
2024,2024mawor,Industrial Design Award sponsored by General Motors,1768,8,36,22.2
2024,2024mawor,Innovation in Control Award,6933,7,36,19.4
2024,2024mawor,Judges' Award,9101,28,36,77.8
2024,2024mawor,Quality Award,8013,5,36,13.9
2024,2024mawor,Rookie Inspiration Award,9644,10,36,27.8
2024,2024mawor,Team Spirit Award,5962,27,36,75.0
2024,2024mawor,Team Sustainability Award sponsored by Dow,2168,22,36,61.1
2024,2024mdowi,District FIRST Impact Award,1111,27,34,79.4
2024,2024mdowi,District Engineering Inspiration Award,6213,20,34,58.8
2024,2024mdowi,District Championship Dean's List Semi-Finalist,2534,18,34,52.9
2024,2024mdowi,District Championship Dean's List Semi-Finalist,8592,5,34,14.7
2024,2024mdowi,District Event Winner,1727,1,34,2.9
2024,2024mdowi,District Event Winner,449,2,34,5.9
2024,2024mdowi,District Event Winner,1719,25,34,73.5
2024,2024mdowi,District Event Winner,2914,32,34,94.1
2024,2024mdowi,District Event Finalist,9072,3,34,8.8
2024,2024mdowi,District Event Finalist,836,4,34,11.8
2024,2024mdowi,District Event Finalist,2537,28,34,82.4
2024,2024mdowi,Autonomous Award,686,11,34,32.4
2024,2024mdowi,Creativity Award sponsored by Rockwell Automation,6326,6,34,17.6
2024,2024mdowi,Excellence in Engineering Award,1719,25,34,73.5
2024,2024mdowi,Gracious Professionalism Award,888,10,34,29.4
2024,2024mdowi,Imagery Award in honor of Jack Kamen,5830,22,34,64.7
2024,2024mdowi,Industrial Design Award sponsored by General Motors,8592,5,34,14.7
2024,2024mdowi,Innovation in Control Award,449,2,34,5.9
2024,2024mdowi,Judges' Award,2914,32,34,94.1
2024,2024mdowi,Quality Award,4099,12,34,35.3
2024,2024mdowi,Team Spirit Award,4541,14,34,41.2
2024,2024mdowi,Team Sustainability Award sponsored by Dow,1389,19,34,55.9
2024,2024mdsev,District FIRST Impact Award,1727,2,36,5.6
2024,2024mdsev,District Engineering Inspiration Award,888,10,36,27.8
2024,2024mdsev,District Championship Dean's List Semi-Finalist,888,10,36,27.8
2024,2024mdsev,District Championship Dean's List Semi-Finalist,9072,4,36,11.1
2024,2024mdsev,District Event Winner,9072,4,36,11.1
2024,2024mdsev,District Event Winner,686,11,36,30.6
2024,2024mdsev,District Event Winner,1111,31,36,86.1
2024,2024mdsev,District Event Finalist,1629,1,36,2.8
2024,2024mdsev,District Event Finalist,1727,2,36,5.6
2024,2024mdsev,District Event Finalist,7770,28,36,77.8
2024,2024mdsev,District Event Finalist,2914,29,36,80.6
2024,2024mdsev,Autonomous Award,1629,1,36,2.8
2024,2024mdsev,Creativity Award sponsored by Rockwell Automation,5115,7,36,19.4
2024,2024mdsev,Excellence in Engineering Award,2377,16,36,44.4
2024,2024mdsev,Gracious Professionalism Award,4541,9,36,25.0
2024,2024mdsev,Imagery Award in honor of Jack Kamen,614,3,36,8.3
2024,2024mdsev,Industrial Design Award sponsored by General Motors,6326,19,36,52.8
2024,2024mdsev,Innovation in Control Award,686,11,36,30.6
2024,2024mdsev,Judges' Award,3748,15,36,41.7
2024,2024mdsev,Quality Award,8726,13,36,36.1
2024,2024mdsev,Team Spirit Award,8622,33,36,91.7
2024,2024mdsev,Team Sustainability Award sponsored by Dow,2537,26,36,72.2
2024,2024melew,District FIRST Impact Award,166,7,29,24.1
2024,2024melew,District Engineering Inspiration Award,6329,1,29,3.4
2024,2024melew,District Championship Dean's List Semi-Finalist,166,7,29,24.1
2024,2024melew,District Championship Dean's List Semi-Finalist,1729,14,29,48.3
2024,2024melew,District Event Winner,6329,1,29,3.4
2024,2024melew,District Event Winner,5687,3,29,10.3
2024,2024melew,District Event Winner,9732,21,29,72.4
2024,2024melew,District Event Finalist,133,2,29,6.9
2024,2024melew,District Event Finalist,58,4,29,13.8
2024,2024melew,District Event Finalist,9096,23,29,79.3
2024,2024melew,Autonomous Award,58,4,29,13.8
2024,2024melew,Creativity Award sponsored by Rockwell Automation,2648,8,29,27.6
2024,2024melew,Excellence in Engineering Award,5687,3,29,10.3
2024,2024melew,Gracious Professionalism Award,9101,12,29,41.4
2024,2024melew,Imagery Award in honor of Jack Kamen,2712,26,29,89.7
2024,2024melew,Industrial Design Award sponsored by General Motors,5459,10,29,34.5
2024,2024melew,Innovation in Control Award,4564,5,29,17.2
2024,2024melew,Judges' Award,6161,19,29,65.5
2024,2024melew,Quality Award,172,22,29,75.9
2024,2024melew,Rookie Inspiration Award,9732,21,29,72.4
2024,2024melew,Team Spirit Award,1729,14,29,48.3
2024,2024melew,Team Sustainability Award sponsored by Dow,8410,11,29,37.9
2024,2024mexas,Winner,4635,1,32,3.1
2024,2024mexas,Winner,3478,4,32,12.5
2024,2024mexas,Winner,3472,14,32,43.8
2024,2024mexas,Finalist,7421,6,32,18.8
2024,2024mexas,Finalist,6702,9,32,28.1
2024,2024mexas,Finalist,5948,27,32,84.4
2024,2024miann,District FIRST Impact Award,1502,29,42,69.0
2024,2024miann,District Engineering Inspiration Award,8728,30,42,71.4
2024,2024miann,Rookie All Star Award,9672,38,42,90.5
2024,2024miann,District Championship Dean's List Semi-Finalist,8728,30,42,71.4
2024,2024miann,District Event Winner,67,1,42,2.4
2024,2024miann,District Event Winner,4362,2,42,4.8
2024,2024miann,District Event Winner,7660,19,42,45.2
2024,2024miann,District Event Finalist,302,6,42,14.3
2024,2024miann,District Event Finalist,3322,7,42,16.7
2024,2024miann,District Event Finalist,5144,27,42,64.3
2024,2024miann,Autonomous Award,4362,2,42,4.8
2024,2024miann,Creativity Award sponsored by Rockwell Automation,7660,19,42,45.2
2024,2024miann,Excellence in Engineering Award,2960,8,42,19.0
2024,2024miann,Gracious Professionalism Award,2337,13,42,31.0
2024,2024miann,Imagery Award in honor of Jack Kamen,6344,11,42,26.2
2024,2024miann,Industrial Design Award sponsored by General Motors,5227,15,42,35.7
2024,2024miann,Innovation in Control Award,1076,9,42,21.4
2024,2024miann,Judges' Award,302,6,42,14.3
2024,2024miann,Quality Award,67,1,42,2.4
2024,2024miann,Team Spirit Award,6615,3,42,7.1
2024,2024miann,Team Sustainability Award sponsored by Dow,862,16,42,38.1
2024,2024mibat,District FIRST Impact Award,6078,23,37,62.2
2024,2024mibat,District Engineering Inspiration Award,3536,24,37,64.9
2024,2024mibat,Rookie All Star Award,9759,37,37,100.0
2024,2024mibat,District Championship Dean's List Semi-Finalist,4422,3,37,8.1
2024,2024mibat,District Event Winner,3357,1,37,2.7
2024,2024mibat,District Event Winner,6002,2,37,5.4
2024,2024mibat,District Event Winner,9215,27,37,73.0
2024,2024mibat,District Event Finalist,6618,6,37,16.2
2024,2024mibat,District Event Finalist,5152,7,37,18.9
2024,2024mibat,District Event Finalist,9203,16,37,43.2
2024,2024mibat,Autonomous Award,3357,1,37,2.7
2024,2024mibat,Creativity Award sponsored by Rockwell Automation,8608,5,37,13.5
2024,2024mibat,Excellence in Engineering Award,6002,2,37,5.4
2024,2024mibat,Gracious Professionalism Award,3767,11,37,29.7
2024,2024mibat,Imagery Award in honor of Jack Kamen,4381,4,37,10.8
2024,2024mibat,Industrial Design Award sponsored by General Motors,4453,8,37,21.6
2024,2024mibat,Innovation in Control Award,4422,3,37,8.1
2024,2024mibat,Judges' Award,4327,10,37,27.0
2024,2024mibat,Quality Award,5248,13,37,35.1
2024,2024mibat,Rookie Inspiration Award,9743,35,37,94.6
2024,2024mibat,Team Spirit Award,7203,29,37,78.4
2024,2024mibat,Team Sustainability Award sponsored by Dow,4810,22,37,59.5
2024,2024mibb,Winner,33,2,35,5.7
2024,2024mibb,Winner,1701,23,35,65.7
2024,2024mibb,Winner,9245,19,35,54.3
2024,2024mibb,Finalist,6081,5,35,14.3
2024,2024mibb,Finalist,9312,9,35,25.7
2024,2024mibb,Finalist,7211,15,35,42.9
2024,2024mibel,District FIRST Impact Award,226,7,39,17.9
2024,2024mibel,District Engineering Inspiration Award,3656,5,39,12.8
2024,2024mibel,Rookie All Star Award,9735,38,39,97.4
2024,2024mibel,District Championship Dean's List Semi-Finalist,1188,15,39,38.5
2024,2024mibel,District Event Winner,51,12,39,30.8
2024,2024mibel,District Event Winner,8373,17,39,43.6
2024,2024mibel,District Event Winner,6538,21,39,53.8
2024,2024mibel,District Event Finalist,3707,4,39,10.3
2024,2024mibel,District Event Finalist,226,7,39,17.9
2024,2024mibel,District Event Finalist,8179,23,39,59.0
2024,2024mibel,Autonomous Award,6150,2,39,5.1
2024,2024mibel,Creativity Award sponsored by Rockwell Automation,66,19,39,48.7
2024,2024mibel,Excellence in Engineering Award,1250,10,39,25.6
2024,2024mibel,Gracious Professionalism Award,217,24,39,61.5
2024,2024mibel,Imagery Award in honor of Jack Kamen,6615,1,39,2.6
2024,2024mibel,Industrial Design Award sponsored by General Motors,51,12,39,30.8
2024,2024mibel,Innovation in Control Award,469,3,39,7.7
2024,2024mibel,Judges' Award,6120,8,39,20.5
2024,2024mibel,Quality Award,1188,15,39,38.5
2024,2024mibel,Team Spirit Award,7598,33,39,84.6
2024,2024mibel,Team Sustainability Award sponsored by Dow,3707,4,39,10.3
2024,2024miber,District FIRST Impact Award,201,27,34,79.4
2024,2024miber,District Engineering Inspiration Award,3875,25,34,73.5
2024,2024miber,Rookie All Star Award,9566,14,34,41.2
2024,2024miber,District Championship Dean's List Semi-Finalist,201,27,34,79.4
2024,2024miber,District Event Winner,4237,3,34,8.8
2024,2024miber,District Event Winner,302,6,34,17.6
2024,2024miber,District Event Winner,201,27,34,79.4
2024,2024miber,District Event Finalist,7769,1,34,2.9
2024,2024miber,District Event Finalist,2075,2,34,5.9
2024,2024miber,District Event Finalist,6538,15,34,44.1
2024,2024miber,Autonomous Award,5314,13,34,38.2
2024,2024miber,Creativity Award sponsored by Rockwell Automation,573,9,34,26.5
2024,2024miber,Excellence in Engineering Award,7602,7,34,20.6
2024,2024miber,Gracious Professionalism Award,9208,12,34,35.3
2024,2024miber,Imagery Award in honor of Jack Kamen,1741,4,34,11.8
2024,2024miber,Industrial Design Award sponsored by General Motors,2959,5,34,14.7
2024,2024miber,Innovation in Control Award,7174,10,34,29.4
2024,2024miber,Judges' Award,3452,16,34,47.1
2024,2024miber,Quality Award,7769,1,34,2.9
2024,2024miber,Rookie Inspiration Award,9758,28,34,82.4
2024,2024miber,Team Spirit Award,4237,3,34,8.8
2024,2024miber,Team Sustainability Award sponsored by Dow,302,6,34,17.6
2024,2024mibg,Female Mentor of the Year,772,28,32,87.5
2024,2024mibg,Winner,33,1,32,3.1
2024,2024mibg,Winner,27,2,32,6.2
2024,2024mibg,Winner,3538,24,32,75.0
2024,2024mibg,Winner,201,30,32,93.8
2024,2024mibg,Finalist,503,4,32,12.5
2024,2024mibg,Finalist,226,8,32,25.0
2024,2024mibg,Finalist,8280,32,32,100.0
2024,2024mibg,Finalist,5436,21,32,65.6
2024,2024mibkn,District FIRST Impact Award,5577,27,40,67.5
2024,2024mibkn,District Engineering Inspiration Award,9312,5,40,12.5
2024,2024mibkn,District Championship Dean's List Semi-Finalist,1023,8,40,20.0
2024,2024mibkn,District Event Winner,6081,1,40,2.5
2024,2024mibkn,District Event Winner,1076,2,40,5.0
2024,2024mibkn,District Event Winner,8424,23,40,57.5
2024,2024mibkn,District Event Finalist,7501,4,40,10.0
2024,2024mibkn,District Event Finalist,1023,8,40,20.0
2024,2024mibkn,District Event Finalist,5577,27,40,67.5
2024,2024mibkn,Autonomous Award,1076,2,40,5.0
2024,2024mibkn,Creativity Award sponsored by Rockwell Automation,6591,38,40,95.0
2024,2024mibkn,Excellence in Engineering Award,8728,17,40,42.5
2024,2024mibkn,Gracious Professionalism Award,4377,21,40,52.5
2024,2024mibkn,Imagery Award in honor of Jack Kamen,3414,14,40,35.0
2024,2024mibkn,Industrial Design Award sponsored by General Motors,2611,3,40,7.5
2024,2024mibkn,Innovation in Control Award,7501,4,40,10.0
2024,2024mibkn,Judges' Award,5066,15,40,37.5
2024,2024mibkn,Quality Award,6081,1,40,2.5
2024,2024mibkn,Team Spirit Award,7197,11,40,27.5
2024,2024mibkn,Team Sustainability Award sponsored by Dow,8300,28,40,70.0
2024,2024mibro,District FIRST Impact Award,3604,1,39,2.6
2024,2024mibro,District Engineering Inspiration Award,7174,8,39,20.5
2024,2024mibro,Rookie All Star Award,9744,39,39,100.0
2024,2024mibro,District Championship Dean's List Semi-Finalist,7174,8,39,20.5
2024,2024mibro,District Event Winner,3604,1,39,2.6
2024,2024mibro,District Event Winner,5436,2,39,5.1
2024,2024mibro,District Event Winner,280,35,39,89.7
2024,2024mibro,District Event Finalist,6618,10,39,25.6
2024,2024mibro,District Event Finalist,1189,11,39,28.2
2024,2024mibro,District Event Finalist,5498,29,39,74.4
2024,2024mibro,Autonomous Award,5090,12,39,30.8
2024,2024mibro,Creativity Award sponsored by Rockwell Automation,815,3,39,7.7
2024,2024mibro,Excellence in Engineering Award,2851,7,39,17.9
2024,2024mibro,Gracious Professionalism Award,5436,2,39,5.1
2024,2024mibro,Imagery Award in honor of Jack Kamen,5053,18,39,46.2
2024,2024mibro,Industrial Design Award sponsored by General Motors,6618,10,39,25.6
2024,2024mibro,Innovation in Control Award,6528,4,39,10.3
2024,2024mibro,Judges' Award,5567,9,39,23.1
2024,2024mibro,Quality Award,1025,5,39,12.8
2024,2024mibro,Rookie Inspiration Award,9747,24,39,61.5
2024,2024mibro,Team Spirit Award,9255,34,39,87.2
2024,2024mibro,Team Sustainability Award sponsored by Dow,5498,29,39,74.4
2024,2024mibro2,Mentor Of The Year,3767,3,32,9.4
2024,2024mibro2,Volunteer Of The Year,1038,,32,
2024,2024mibro2,Winner,6081,6,32,18.8
2024,2024mibro2,Winner,70,10,32,31.2
2024,2024mibro2,Winner,9245,16,32,50.0
2024,2024mibro2,Winner,7196,23,32,71.9
2024,2024mibro2,Finalist,33,4,32,12.5
2024,2024mibro2,Finalist,3538,8,32,25.0
2024,2024mibro2,Finalist,5090,31,32,96.9
2024,2024mibro2,Finalist,9999,26,32,81.2
2024,2024mibro3,Mentor of the Year,1023,21,32,65.6
2024,2024mibro3,Winner,7558,1,32,3.1
2024,2024mibro3,Winner,226,2,32,6.2
2024,2024mibro3,Winner,4327,19,32,59.4
2024,2024mibro3,Winner,2620,14,32,43.8
2024,2024mibro3,Finalist,3767,5,32,15.6
2024,2024mibro3,Finalist,910,28,32,87.5
2024,2024mibro3,Finalist,3618,29,32,90.6
2024,2024mibro3,Finalist,7598,20,32,62.5
2024,2024micmp,Regional FIRST Impact Award,7166,,,
2024,2024micmp,Regional FIRST Impact Award,5166,,,
2024,2024micmp,Regional FIRST Impact Award,201,,,
2024,2024micmp,Regional FIRST Impact Award,3604,,,
2024,2024micmp,Regional FIRST Impact Award,548,,,
2024,2024micmp,Regional Engineering Inspiration Award,3656,,,
2024,2024micmp,District Championship Rookie All Star Award,9758,,,
2024,2024micmp,District Championship Rookie All Star Award,9455,,,
2024,2024micmp,Woodie Flowers Finalist Award,226,,,
2024,2024micmp,Woodie Flowers Finalist Award,503,,,
2024,2024micmp,Woodie Flowers Finalist Award,8280,,,
2024,2024micmp,FIRST Dean's List Finalist Award,27,,,
2024,2024micmp,FIRST Dean's List Finalist Award,67,,,
2024,2024micmp,FIRST Dean's List Finalist Award,201,,,
2024,2024micmp,FIRST Dean's List Finalist Award,7166,,,
2024,2024micmp,FIRST Dean's List Finalist Award,3620,,,
2024,2024micmp,FIRST Dean's List Finalist Award,7174,,,
2024,2024micmp,FIRST Dean's List Finalist Award,9312,,,
2024,2024micmp,FIRST Dean's List Finalist Award,3539,,,
2024,2024micmp,FIRST Dean's List Finalist Award,910,,,
2024,2024micmp,FIRST Dean's List Finalist Award,1506,,,
2024,2024micmp,FIRST Dean's List Finalist Award,4003,,,
2024,2024micmp,FIRST Dean's List Finalist Award,1188,,,
2024,2024micmp,FIRST Dean's List Finalist Award,2619,,,
2024,2024micmp,FIRST Dean's List Finalist Award,8728,,,
2024,2024micmp,District Championship Winner,5712,,,
2024,2024micmp,District Championship Winner,27,,,
2024,2024micmp,District Championship Winner,51,,,
2024,2024micmp,District Championship Winner,4405,,,
2024,2024micmp,District Championship Finalist,6081,,,
2024,2024micmp,District Championship Finalist,4362,,,
2024,2024micmp,District Championship Finalist,6615,,,
2024,2024micmp1,District Championship Winner,6081,2,40,5.0
2024,2024micmp1,District Championship Winner,4362,8,40,20.0
2024,2024micmp1,District Championship Winner,6615,35,40,87.5
2024,2024micmp1,District Championship Finalist,818,1,40,2.5
2024,2024micmp1,District Championship Finalist,33,6,40,15.0
2024,2024micmp1,District Championship Finalist,857,32,40,80.0
2024,2024micmp1,Autonomous Award,818,1,40,2.5
2024,2024micmp1,Creativity Award sponsored by Rockwell Automation,8608,4,40,10.0
2024,2024micmp1,Excellence in Engineering Award,3641,11,40,27.5
2024,2024micmp1,Gracious Professionalism Award,5577,29,40,72.5
2024,2024micmp1,Imagery Award in honor of Jack Kamen,1076,18,40,45.0
2024,2024micmp1,Industrial Design Award sponsored by General Motors,3534,22,40,55.0
2024,2024micmp1,Innovation in Control Award,2337,23,40,57.5
2024,2024micmp1,Judges' Award,6120,37,40,92.5
2024,2024micmp1,Quality Award,6081,2,40,5.0
2024,2024micmp1,Rookie Inspiration Award,9618,39,40,97.5
2024,2024micmp1,Team Spirit Award,8424,34,40,85.0
2024,2024micmp1,Team Sustainability Award sponsored by Dow,3414,13,40,32.5
2024,2024micmp2,District Championship Winner,5712,1,40,2.5
2024,2024micmp2,District Championship Winner,27,3,40,7.5
2024,2024micmp2,District Championship Winner,51,33,40,82.5
2024,2024micmp2,District Championship Winner,4405,17,40,42.5
2024,2024micmp2,District Championship Finalist,910,9,40,22.5
2024,2024micmp2,District Championship Finalist,3655,18,40,45.0
2024,2024micmp2,District Championship Finalist,7197,15,40,37.5
2024,2024micmp2,Autonomous Award,5712,1,40,2.5
2024,2024micmp2,Creativity Award sponsored by Rockwell Automation,3620,22,40,55.0
2024,2024micmp2,Excellence in Engineering Award,27,3,40,7.5
2024,2024micmp2,Gracious Professionalism Award,85,19,40,47.5
2024,2024micmp2,Imagery Award in honor of Jack Kamen,7197,15,40,37.5
2024,2024micmp2,Industrial Design Award sponsored by General Motors,3707,11,40,27.5
2024,2024micmp2,Innovation in Control Award,910,9,40,22.5
2024,2024micmp2,Judges' Award,7174,6,40,15.0
2024,2024micmp2,Quality Award,2851,10,40,25.0
2024,2024micmp2,Rookie Inspiration Award,9743,36,40,90.0
2024,2024micmp2,Team Spirit Award,51,33,40,82.5
2024,2024micmp2,Team Sustainability Award sponsored by Dow,3655,18,40,45.0
2024,2024micmp3,District Championship Winner,3538,1,40,2.5
2024,2024micmp3,District Championship Winner,2054,2,40,5.0
2024,2024micmp3,District Championship Winner,1684,17,40,42.5
2024,2024micmp3,District Championship Finalist,4967,5,40,12.5
2024,2024micmp3,District Championship Finalist,1701,14,40,35.0
2024,2024micmp3,District Championship Finalist,3656,26,40,65.0
2024,2024micmp3,Autonomous Award,1506,4,40,10.0
2024,2024micmp3,Creativity Award sponsored by Rockwell Automation,5675,13,40,32.5
2024,2024micmp3,Excellence in Engineering Award,2054,2,40,5.0
2024,2024micmp3,Gracious Professionalism Award,302,23,40,57.5
2024,2024micmp3,Imagery Award in honor of Jack Kamen,3539,8,40,20.0
2024,2024micmp3,Industrial Design Award sponsored by General Motors,1684,17,40,42.5
2024,2024micmp3,Innovation in Control Award,1701,14,40,35.0
2024,2024micmp3,Judges' Award,3572,7,40,17.5
2024,2024micmp3,Quality Award,3538,1,40,2.5
2024,2024micmp3,Team Spirit Award,8427,35,40,87.5
2024,2024micmp3,Team Sustainability Award sponsored by Dow,5436,12,40,30.0
2024,2024micmp4,District Championship Winner,7660,9,40,22.5
2024,2024micmp4,District Championship Winner,226,25,40,62.5
2024,2024micmp4,District Championship Winner,3604,35,40,87.5
2024,2024micmp4,District Championship Winner,894,16,40,40.0
2024,2024micmp4,District Championship Finalist,4779,7,40,17.5
2024,2024micmp4,District Championship Finalist,6090,14,40,35.0
2024,2024micmp4,District Championship Finalist,3603,23,40,57.5
2024,2024micmp4,Autonomous Award,67,3,40,7.5
2024,2024micmp4,Creativity Award sponsored by Rockwell Automation,9312,6,40,15.0
2024,2024micmp4,Excellence in Engineering Award,2075,4,40,10.0
2024,2024micmp4,Gracious Professionalism Award,1718,15,40,37.5
2024,2024micmp4,Imagery Award in honor of Jack Kamen,3603,23,40,57.5
2024,2024micmp4,Industrial Design Award sponsored by General Motors,3767,8,40,20.0
2024,2024micmp4,Innovation in Control Award,3357,2,40,5.0
2024,2024micmp4,Judges' Award,862,21,40,52.5
2024,2024micmp4,Quality Award,2767,1,40,2.5
2024,2024micmp4,Rookie Inspiration Award,9572,37,40,92.5
2024,2024micmp4,Team Spirit Award,7782,22,40,55.0
2024,2024micmp4,Team Sustainability Award sponsored by Dow,226,25,40,62.5
2024,2024mide2,Detroit City Drive Award,5577,1,23,4.3
2024,2024mide2,Winner,123,5,23,21.7
2024,2024mide2,Winner,3632,7,23,30.4
2024,2024mide2,Winner,4390,18,23,78.3
2024,2024mide2,Finalist,7196,2,23,8.7
2024,2024mide2,Finalist,8280,6,23,26.1
2024,2024mide2,Finalist,2673,12,23,52.2
2024,2024midet,District FIRST Impact Award,862,1,40,2.5
2024,2024midet,District Engineering Inspiration Award,5530,3,40,7.5
2024,2024midet,District Championship Dean's List Semi-Finalist,8352,26,40,65.0
2024,2024midet,District Event Winner,862,1,40,2.5
2024,2024midet,District Event Winner,4130,2,40,5.0
2024,2024midet,District Event Winner,2673,22,40,55.0
2024,2024midet,District Event Finalist,2224,9,40,22.5
2024,2024midet,District Event Finalist,5901,11,40,27.5
2024,2024midet,District Event Finalist,7692,28,40,70.0
2024,2024midet,Autonomous Award,6152,13,40,32.5
2024,2024midet,Creativity Award sponsored by Rockwell Automation,5642,15,40,37.5
2024,2024midet,Excellence in Engineering Award,4130,2,40,5.0
2024,2024midet,Gracious Professionalism Award,8352,26,40,65.0
2024,2024midet,Imagery Award in honor of Jack Kamen,4680,18,40,45.0
2024,2024midet,Industrial Design Award sponsored by General Motors,4405,10,40,25.0
2024,2024midet,Innovation in Control Award,5756,5,40,12.5
2024,2024midet,Judges' Award,6532,7,40,17.5
2024,2024midet,Quality Award,8280,12,40,30.0
2024,2024midet,Rookie Inspiration Award,9744,34,40,85.0
2024,2024midet,Team Spirit Award,5695,17,40,42.5
2024,2024midet,Team Sustainability Award sponsored by Dow,7692,28,40,70.0
2024,2024midtr,District FIRST Impact Award,8280,5,40,12.5
2024,2024midtr,District Engineering Inspiration Award,2620,4,40,10.0
2024,2024midtr,Rookie All Star Award,9618,38,40,95.0
2024,2024midtr,District Championship Dean's List Semi-Finalist,3539,12,40,30.0
2024,2024midtr,District Event Winner,7769,1,40,2.5
2024,2024midtr,District Event Winner,1701,6,40,15.0
2024,2024midtr,District Event Winner,9618,38,40,95.0
2024,2024midtr,District Event Finalist,2620,4,40,10.0
2024,2024midtr,District Event Finalist,3539,12,40,30.0
2024,2024midtr,District Event Finalist,3632,27,40,67.5
2024,2024midtr,Autonomous Award,123,7,40,17.5
2024,2024midtr,Creativity Award sponsored by Rockwell Automation,6029,14,40,35.0
2024,2024midtr,Excellence in Engineering Award,3539,12,40,30.0
2024,2024midtr,Gracious Professionalism Award,4851,20,40,50.0
2024,2024midtr,Imagery Award in honor of Jack Kamen,2048,40,40,100.0
2024,2024midtr,Industrial Design Award sponsored by General Motors,7174,3,40,7.5
2024,2024midtr,Innovation in Control Award,1701,6,40,15.0
2024,2024midtr,Judges' Award,7769,1,40,2.5
2024,2024midtr,Quality Award,815,2,40,5.0
2024,2024midtr,Rookie Inspiration Award,9651,26,40,65.0
2024,2024midtr,Team Spirit Award,4758,36,40,90.0
2024,2024midtr,Team Sustainability Award sponsored by Dow,4680,10,40,25.0
2024,2024miesc,District FIRST Impact Award,3655,5,38,13.2
2024,2024miesc,District Engineering Inspiration Award,2586,4,38,10.5
2024,2024miesc,Rookie All Star Award,9548,31,38,81.6
2024,2024miesc,District Championship Dean's List Semi-Finalist,3655,5,38,13.2
2024,2024miesc,District Event Winner,4391,1,38,2.6
2024,2024miesc,District Event Winner,857,3,38,7.9
2024,2024miesc,District Event Winner,6113,18,38,47.4
2024,2024miesc,District Event Finalist,3602,2,38,5.3
2024,2024miesc,District Event Finalist,7154,12,38,31.6
2024,2024miesc,District Event Finalist,1322,21,38,55.3
2024,2024miesc,Autonomous Award,7768,8,38,21.1
2024,2024miesc,Creativity Award sponsored by Rockwell Automation,4988,37,38,97.4
2024,2024miesc,Excellence in Engineering Award,4391,1,38,2.6
2024,2024miesc,Gracious Professionalism Award,3602,2,38,5.3
2024,2024miesc,Imagery Award in honor of Jack Kamen,6637,10,38,26.3
2024,2024miesc,Industrial Design Award sponsored by General Motors,5534,33,38,86.8
2024,2024miesc,Innovation in Control Award,7826,15,38,39.5
2024,2024miesc,Judges' Award,7782,14,38,36.8
2024,2024miesc,Quality Award,6569,9,38,23.7
2024,2024miesc,Rookie Inspiration Award,9733,38,38,100.0
2024,2024miesc,Team Spirit Award,3537,23,38,60.5
2024,2024miesc,Team Sustainability Award sponsored by Dow,4827,28,38,73.7
2024,2024mike2,District FIRST Impact Award,5114,6,40,15.0
2024,2024mike2,District Engineering Inspiration Award,2604,22,40,55.0
2024,2024mike2,Rookie All Star Award,9572,18,40,45.0
2024,2024mike2,District Championship Dean's List Semi-Finalist,1718,5,40,12.5
2024,2024mike2,District Event Winner,5907,1,40,2.5
2024,2024mike2,District Event Winner,5114,6,40,15.0
2024,2024mike2,District Event Winner,5612,17,40,42.5
2024,2024mike2,District Event Finalist,68,2,40,5.0
2024,2024mike2,District Event Finalist,1718,5,40,12.5
2024,2024mike2,District Event Finalist,9572,18,40,45.0
2024,2024mike2,Autonomous Award,5561,15,40,37.5
2024,2024mike2,Creativity Award sponsored by Rockwell Automation,5046,21,40,52.5
2024,2024mike2,Excellence in Engineering Award,5907,1,40,2.5
2024,2024mike2,Gracious Professionalism Award,3568,31,40,77.5
2024,2024mike2,Imagery Award in honor of Jack Kamen,3667,9,40,22.5
2024,2024mike2,Industrial Design Award sponsored by General Motors,3534,12,40,30.0
2024,2024mike2,Innovation in Control Award,494,7,40,17.5
2024,2024mike2,Judges' Award,5641,8,40,20.0
2024,2024mike2,Quality Award,314,29,40,72.5
2024,2024mike2,Team Spirit Award,5603,24,40,60.0
2024,2024mike2,Team Sustainability Award sponsored by Dow,7772,20,40,50.0
2024,2024miken,District FIRST Impact Award,2771,9,39,23.1
2024,2024miken,District Engineering Inspiration Award,2054,2,39,5.1
2024,2024miken,Rookie All Star Award,9542,33,39,84.6
2024,2024miken,District Championship Dean's List Semi-Finalist,6081,15,39,38.5
2024,2024miken,District Event Winner,2075,1,39,2.6
2024,2024miken,District Event Winner,2054,2,39,5.1
2024,2024miken,District Event Winner,8285,23,39,59.0
2024,2024miken,District Event Winner,7911,22,39,56.4
2024,2024miken,District Event Finalist,858,5,39,12.8
2024,2024miken,District Event Finalist,6081,15,39,38.5
2024,2024miken,District Event Finalist,3658,29,39,74.4
2024,2024miken,Autonomous Award,6081,15,39,38.5
2024,2024miken,Creativity Award sponsored by Rockwell Automation,3234,21,39,53.8
2024,2024miken,Excellence in Engineering Award,2075,1,39,2.6
2024,2024miken,Gracious Professionalism Award,5462,24,39,61.5
2024,2024miken,Imagery Award in honor of Jack Kamen,3875,4,39,10.3
2024,2024miken,Industrial Design Award sponsored by General Motors,3658,29,39,74.4
2024,2024miken,Innovation in Control Award,4004,12,39,30.8
2024,2024miken,Judges' Award,5567,26,39,66.7
2024,2024miken,Quality Award,9208,3,39,7.7
2024,2024miken,Rookie Inspiration Award,9566,14,39,35.9
2024,2024miken,Team Spirit Award,8285,23,39,59.0
2024,2024miken,Team Sustainability Award sponsored by Dow,4967,10,39,25.6
2024,2024miket,District FIRST Impact Award,7166,15,40,37.5
2024,2024miket,District Engineering Inspiration Award,245,18,40,45.0
2024,2024miket,Rookie All Star Award,9673,28,40,70.0
2024,2024miket,District Championship Dean's List Semi-Finalist,1506,11,40,27.5
2024,2024miket,District Event Winner,1,8,40,20.0
2024,2024miket,District Event Winner,245,18,40,45.0
2024,2024miket,District Event Winner,2145,19,40,47.5
2024,2024miket,District Event Finalist,5084,5,40,12.5
2024,2024miket,District Event Finalist,70,6,40,15.0
2024,2024miket,District Event Finalist,3618,32,40,80.0
2024,2024miket,Autonomous Award,1506,11,40,27.5
2024,2024miket,Creativity Award sponsored by Rockwell Automation,8767,24,40,60.0
2024,2024miket,Excellence in Engineering Award,27,1,40,2.5
2024,2024miket,Gracious Professionalism Award,70,6,40,15.0
2024,2024miket,Imagery Award in honor of Jack Kamen,2145,19,40,47.5
2024,2024miket,Industrial Design Award sponsored by General Motors,33,3,40,7.5
2024,2024miket,Innovation in Control Award,5460,14,40,35.0
2024,2024miket,Judges' Award,5084,5,40,12.5
2024,2024miket,Quality Award,894,2,40,5.0
2024,2024miket,Rookie Inspiration Award,9648,26,40,65.0
2024,2024miket,Team Spirit Award,5282,31,40,77.5
2024,2024miket,Team Sustainability Award sponsored by Dow,3618,32,40,80.0
2024,2024mil,Engineering Inspiration Award,6413,42,75,56.0
2024,2024mil,Rookie All Star Award,9458,66,75,88.0
2024,2024mil,Championship Division Winner,604,1,75,1.3
2024,2024mil,Championship Division Winner,9483,9,75,12.0
2024,2024mil,Championship Division Winner,1058,46,75,61.3
2024,2024mil,Championship Division Winner,78,28,75,37.3
2024,2024mil,Championship Division Finalist,8033,2,75,2.7
2024,2024mil,Championship Division Finalist,6329,22,75,29.3
2024,2024mil,Championship Division Finalist,2713,11,75,14.7
2024,2024mil,Championship Division Finalist,1730,17,75,22.7
2024,2024mil,Autonomous Award,604,1,75,1.3
2024,2024mil,Creativity Award sponsored by Rockwell Automation,5885,67,75,89.3
2024,2024mil,Excellence in Engineering Award,1114,14,75,18.7
2024,2024mil,Gracious Professionalism Award,5892,69,75,92.0
2024,2024mil,Imagery Award in honor of Jack Kamen,5461,61,75,81.3
2024,2024mil,Industrial Design Award sponsored by General Motors,1727,16,75,21.3
2024,2024mil,Innovation in Control Award,3075,37,75,49.3
2024,2024mil,Judges' Award,1730,17,75,22.7
2024,2024mil,Quality Award,1318,4,75,5.3
2024,2024mil,Rookie Inspiration Award,9535,8,75,10.7
2024,2024mil,Team Spirit Award,3544,51,75,68.0
2024,2024mil,Team Sustainability Award sponsored by Dow,2073,21,75,28.0
2024,2024milac,District FIRST Impact Award,5166,18,39,46.2
2024,2024milac,District Engineering Inspiration Award,5216,15,39,38.5
2024,2024milac,Rookie All Star Award,9568,28,39,71.8
2024,2024milac,District Championship Dean's List Semi-Finalist,5980,31,39,79.5
2024,2024milac,District Event Winner,8873,6,39,15.4
2024,2024milac,District Event Winner,3618,9,39,23.1
2024,2024milac,District Event Winner,8517,17,39,43.6
2024,2024milac,District Event Finalist,3641,3,39,7.7
2024,2024milac,District Event Finalist,1711,5,39,12.8
2024,2024milac,District Event Finalist,5110,24,39,61.5
2024,2024milac,Autonomous Award,5086,10,39,25.6
2024,2024milac,Creativity Award sponsored by Rockwell Automation,7808,39,39,100.0
2024,2024milac,Excellence in Engineering Award,3641,3,39,7.7
2024,2024milac,Gracious Professionalism Award,2619,30,39,76.9
2024,2024milac,Imagery Award in honor of Jack Kamen,4422,2,39,5.1
2024,2024milac,Industrial Design Award sponsored by General Motors,3688,8,39,20.5
2024,2024milac,Innovation in Control Award,3536,1,39,2.6
2024,2024milac,Judges' Award,2137,7,39,17.9
2024,2024milac,Quality Award,4003,25,39,64.1
2024,2024milac,Rookie Inspiration Award,9650,32,39,82.1
2024,2024milac,Team Spirit Award,3618,9,39,23.1
2024,2024milac,Team Sustainability Award sponsored by Dow,5505,11,39,28.2
2024,2024milan,District FIRST Impact Award,6085,19,40,47.5
2024,2024milan,District Engineering Inspiration Award,6078,14,40,35.0
2024,2024milan,Rookie All Star Award,9703,38,40,95.0
2024,2024milan,District Event Winner,3655,3,40,7.5
2024,2024milan,District Event Winner,8608,8,40,20.0
2024,2024milan,District Event Winner,5641,34,40,85.0
2024,2024milan,District Event Finalist,5676,1,40,2.5
2024,2024milan,District Event Finalist,7056,4,40,10.0
2024,2024milan,District Event Finalist,5205,22,40,55.0
2024,2024milan,Autonomous Award,2611,2,40,5.0
2024,2024milan,Creativity Award sponsored by Rockwell Automation,5660,16,40,40.0
2024,2024milan,Excellence in Engineering Award,8608,8,40,20.0
2024,2024milan,Gracious Professionalism Award,7166,21,40,52.5
2024,2024milan,Imagery Award in honor of Jack Kamen,3620,10,40,25.0
2024,2024milan,Industrial Design Award sponsored by General Motors,3655,3,40,7.5
2024,2024milan,Innovation in Control Award,7056,4,40,10.0
2024,2024milan,Judges' Award,94,25,40,62.5
2024,2024milan,Quality Award,5676,1,40,2.5
2024,2024milan,Team Spirit Award,8424,11,40,27.5
2024,2024milan,Team Sustainability Award sponsored by Dow,3707,6,40,15.0
2024,2024miliv,District FIRST Impact Award,3414,15,40,37.5
2024,2024miliv,District Engineering Inspiration Award,2048,35,40,87.5
2024,2024miliv,District Championship Dean's List Semi-Finalist,548,11,40,27.5
2024,2024miliv,District Event Winner,7174,1,40,2.5
2024,2024miliv,District Event Winner,5907,2,40,5.0
2024,2024miliv,District Event Winner,6152,34,40,85.0
2024,2024miliv,District Event Finalist,1250,3,40,7.5
2024,2024miliv,District Event Finalist,33,5,40,12.5
2024,2024miliv,District Event Finalist,8179,20,40,50.0
2024,2024miliv,District Event Finalist,8774,21,40,52.5
2024,2024miliv,Autonomous Award,3641,6,40,15.0
2024,2024miliv,Creativity Award sponsored by Rockwell Automation,8179,20,40,50.0
2024,2024miliv,Excellence in Engineering Award,3604,4,40,10.0
2024,2024miliv,Gracious Professionalism Award,280,16,40,40.0
2024,2024miliv,Imagery Award in honor of Jack Kamen,6861,13,40,32.5
2024,2024miliv,Industrial Design Award sponsored by General Motors,1250,3,40,7.5
2024,2024miliv,Innovation in Control Award,7174,1,40,2.5
2024,2024miliv,Judges' Award,548,11,40,27.5
2024,2024miliv,Quality Award,51,14,40,35.0
2024,2024miliv,Rookie Inspiration Award,9572,37,40,92.5
2024,2024miliv,Team Spirit Award,7692,25,40,62.5
2024,2024miliv,Team Sustainability Award sponsored by Dow,2832,18,40,45.0
2024,2024milsu,District FIRST Impact Award,4392,17,42,40.5
2024,2024milsu,District Engineering Inspiration Award,4967,2,42,4.8
2024,2024milsu,Rookie All Star Award,9674,35,42,83.3
2024,2024milsu,District Championship Dean's List Semi-Finalist,5577,6,42,14.3
2024,2024milsu,District Event Winner,4391,1,42,2.4
2024,2024milsu,District Event Winner,4967,2,42,4.8
2024,2024milsu,District Event Winner,5878,18,42,42.9
2024,2024milsu,District Event Finalist,857,3,42,7.1
2024,2024milsu,District Event Finalist,6569,4,42,9.5
2024,2024milsu,District Event Finalist,6088,28,42,66.7
2024,2024milsu,Autonomous Award,1596,8,42,19.0
2024,2024milsu,Creativity Award sponsored by Rockwell Automation,6077,9,42,21.4
2024,2024milsu,Excellence in Engineering Award,4391,1,42,2.4
2024,2024milsu,Gracious Professionalism Award,3602,5,42,11.9
2024,2024milsu,Imagery Award in honor of Jack Kamen,6079,12,42,28.6
2024,2024milsu,Industrial Design Award sponsored by General Motors,7154,10,42,23.8
2024,2024milsu,Innovation in Control Award,7782,11,42,26.2
2024,2024milsu,Judges' Award,141,22,42,52.4
2024,2024milsu,Quality Award,2586,7,42,16.7
2024,2024milsu,Rookie Inspiration Award,9548,24,42,57.1
2024,2024milsu,Team Spirit Award,5486,25,42,59.5
2024,2024milsu,Team Sustainability Award sponsored by Dow,5577,6,42,14.3
2024,2024mimcc,District FIRST Impact Award,9312,6,39,15.4
2024,2024mimcc,District Engineering Inspiration Award,1023,8,39,20.5
2024,2024mimcc,Rookie All Star Award,9765,34,39,87.2
2024,2024mimcc,District Championship Dean's List Semi-Finalist,9312,6,39,15.4
2024,2024mimcc,District Event Winner,818,7,39,17.9
2024,2024mimcc,District Event Winner,1023,8,39,20.5
2024,2024mimcc,District Event Winner,7762,28,39,71.8
2024,2024mimcc,District Event Finalist,5460,1,39,2.6
2024,2024mimcc,District Event Finalist,3175,3,39,7.7
2024,2024mimcc,District Event Finalist,6098,18,39,46.2
2024,2024mimcc,Autonomous Award,5460,1,39,2.6
2024,2024mimcc,Creativity Award sponsored by Rockwell Automation,5860,32,39,82.1
2024,2024mimcc,Excellence in Engineering Award,3539,4,39,10.3
2024,2024mimcc,Gracious Professionalism Award,3175,3,39,7.7
2024,2024mimcc,Imagery Award in honor of Jack Kamen,5926,19,39,48.7
2024,2024mimcc,Industrial Design Award sponsored by General Motors,6098,18,39,46.2
2024,2024mimcc,Innovation in Control Award,1189,2,39,5.1
2024,2024mimcc,Judges' Award,7197,5,39,12.8
2024,2024mimcc,Quality Award,4810,10,39,25.6
2024,2024mimcc,Rookie Inspiration Award,9736,38,39,97.4
2024,2024mimcc,Team Spirit Award,3667,21,39,53.8
2024,2024mimcc,Team Sustainability Award sponsored by Dow,453,30,39,76.9
2024,2024mimid,District FIRST Impact Award,5712,1,40,2.5
2024,2024mimid,District Engineering Inspiration Award,6753,20,40,50.0
2024,2024mimid,Rookie All Star Award,9662,26,40,65.0
2024,2024mimid,District Championship Dean's List Semi-Finalist,2619,13,40,32.5
2024,2024mimid,District Event Winner,5712,1,40,2.5
2024,2024mimid,District Event Winner,5114,2,40,5.0
2024,2024mimid,District Event Winner,5229,24,40,60.0
2024,2024mimid,District Event Finalist,5216,4,40,10.0
2024,2024mimid,District Event Finalist,8517,6,40,15.0
2024,2024mimid,District Event Finalist,6067,21,40,52.5
2024,2024mimid,Autonomous Award,5084,5,40,12.5
2024,2024mimid,Creativity Award sponsored by Rockwell Automation,5216,4,40,10.0
2024,2024mimid,Excellence in Engineering Award,5114,2,40,5.0
2024,2024mimid,Gracious Professionalism Award,3770,19,40,47.5
2024,2024mimid,Imagery Award in honor of Jack Kamen,5424,8,40,20.0
2024,2024mimid,Industrial Design Award sponsored by General Motors,8517,6,40,15.0
2024,2024mimid,Innovation in Control Award,5166,7,40,17.5
2024,2024mimid,Judges' Award,6071,15,40,37.5
2024,2024mimid,Quality Award,5603,11,40,27.5
2024,2024mimid,Rookie Inspiration Award,9685,34,40,85.0
2024,2024mimid,Team Spirit Award,7250,28,40,70.0
2024,2024mimid,Team Sustainability Award sponsored by Dow,2619,13,40,32.5
2024,2024mimil,District FIRST Impact Award,548,16,38,42.1
2024,2024mimil,District Engineering Inspiration Award,2832,8,38,21.1
2024,2024mimil,Rookie All Star Award,9455,30,38,78.9
2024,2024mimil,District Championship Dean's List Semi-Finalist,67,2,38,5.3
2024,2024mimil,District Event Winner,67,2,38,5.3
2024,2024mimil,District Event Winner,503,5,38,13.2
2024,2024mimil,District Event Winner,7660,23,38,60.5
2024,2024mimil,District Event Finalist,3175,1,38,2.6
2024,2024mimil,District Event Finalist,4362,4,38,10.5
2024,2024mimil,District Event Finalist,5860,21,38,55.3
2024,2024mimil,District Event Finalist,4961,22,38,57.9
2024,2024mimil,Autonomous Award,503,5,38,13.2
2024,2024mimil,Creativity Award sponsored by Rockwell Automation,7056,3,38,7.9
2024,2024mimil,Excellence in Engineering Award,67,2,38,5.3
2024,2024mimil,Gracious Professionalism Award,7660,23,38,60.5
2024,2024mimil,Imagery Award in honor of Jack Kamen,6861,24,38,63.2
2024,2024mimil,Industrial Design Award sponsored by General Motors,3175,1,38,2.6
2024,2024mimil,Innovation in Control Award,1701,15,38,39.5
2024,2024mimil,Judges' Award,4130,9,38,23.7
2024,2024mimil,Quality Award,3322,10,38,26.3
2024,2024mimil,Rookie Inspiration Award,9765,35,38,92.1
2024,2024mimil,Team Spirit Award,7178,7,38,18.4
2024,2024mimil,Team Sustainability Award sponsored by Dow,3538,13,38,34.2
2024,2024mimtp,District FIRST Impact Award,7226,12,40,30.0
2024,2024mimtp,District Engineering Inspiration Award,7160,31,40,77.5
2024,2024mimtp,Rookie All Star Award,9541,22,40,55.0
2024,2024mimtp,District Championship Dean's List Semi-Finalist,1502,9,40,22.5
2024,2024mimtp,District Event Winner,5505,1,40,2.5
2024,2024mimtp,District Event Winner,2337,3,40,7.5
2024,2024mimtp,District Event Winner,9215,19,40,47.5
2024,2024mimtp,District Event Finalist,4392,5,40,12.5
2024,2024mimtp,District Event Finalist,7226,12,40,30.0
2024,2024mimtp,District Event Finalist,5234,35,40,87.5
2024,2024mimtp,Autonomous Award,1481,11,40,27.5
2024,2024mimtp,Creativity Award sponsored by Rockwell Automation,1502,9,40,22.5
2024,2024mimtp,Excellence in Engineering Award,2337,3,40,7.5
2024,2024mimtp,Gracious Professionalism Award,4827,26,40,65.0
2024,2024mimtp,Imagery Award in honor of Jack Kamen,2405,8,40,20.0
2024,2024mimtp,Industrial Design Award sponsored by General Motors,4398,29,40,72.5
2024,2024mimtp,Innovation in Control Award,4392,5,40,12.5
2024,2024mimtp,Judges' Award,9176,15,40,37.5
2024,2024mimtp,Quality Award,5525,2,40,5.0
2024,2024mimtp,Rookie Inspiration Award,9672,7,40,17.5
2024,2024mimtp,Team Spirit Award,5505,1,40,2.5
2024,2024mimtp,Team Sustainability Award sponsored by Dow,6548,17,40,42.5
2024,2024mimus,District FIRST Impact Award,7501,8,40,20.0
2024,2024mimus,District Engineering Inspiration Award,85,6,40,15.0
2024,2024mimus,Rookie All Star Award,9594,10,40,25.0
2024,2024mimus,District Championship Dean's List Semi-Finalist,910,7,40,17.5
2024,2024mimus,District Event Winner,1025,2,40,5.0
2024,2024mimus,District Event Winner,3538,4,40,10.0
2024,2024mimus,District Event Winner,7256,35,40,87.5
2024,2024mimus,District Event Finalist,3572,1,40,2.5
2024,2024mimus,District Event Finalist,85,6,40,15.0
2024,2024mimus,District Event Finalist,6100,31,40,77.5
2024,2024mimus,Autonomous Award,3572,1,40,2.5
2024,2024mimus,Creativity Award sponsored by Rockwell Automation,5152,3,40,7.5
2024,2024mimus,Excellence in Engineering Award,1025,2,40,5.0
2024,2024mimus,Gracious Professionalism Award,503,19,40,47.5
2024,2024mimus,Imagery Award in honor of Jack Kamen,2405,22,40,55.0
2024,2024mimus,Industrial Design Award sponsored by General Motors,6090,9,40,22.5
2024,2024mimus,Innovation in Control Award,910,7,40,17.5
2024,2024mimus,Judges' Award,4453,17,40,42.5
2024,2024mimus,Quality Award,4381,5,40,12.5
2024,2024mimus,Rookie Inspiration Award,9756,30,40,75.0
2024,2024mimus,Team Spirit Award,5167,13,40,32.5
2024,2024mimus,Team Sustainability Award sponsored by Dow,3538,4,40,10.0
2024,2024mirr,Winner,33,2,47,4.3
2024,2024mirr,Winner,1701,12,47,25.5
2024,2024mirr,Winner,9176,15,47,31.9
2024,2024mirr,Winner,7211,19,47,40.4
2024,2024mirr,Finalist,5406,1,47,2.1
2024,2024mirr,Finalist,5460,22,47,46.8
2024,2024mirr,Finalist,7197,30,47,63.8
2024,2024mirr,Finalist,6078,26,47,55.3
2024,2024misjo,District FIRST Impact Award,3620,9,38,23.7
2024,2024misjo,District Engineering Inspiration Award,3452,4,38,10.5
2024,2024misjo,Rookie All Star Award,9758,23,38,60.5
2024,2024misjo,District Event Winner,2054,1,38,2.6
2024,2024misjo,District Event Winner,2767,2,38,5.3
2024,2024misjo,District Event Winner,5610,17,38,44.7
2024,2024misjo,District Event Winner,5501,20,38,52.6
2024,2024misjo,District Event Finalist,3452,4,38,10.5
2024,2024misjo,District Event Finalist,4237,7,38,18.4
2024,2024misjo,District Event Finalist,5056,18,38,47.4
2024,2024misjo,District Event Finalist,9758,23,38,60.5
2024,2024misjo,Autonomous Award,2767,2,38,5.3
2024,2024misjo,Creativity Award sponsored by Rockwell Automation,5675,8,38,21.1
2024,2024misjo,Excellence in Engineering Award,5843,25,38,65.8
2024,2024misjo,Gracious Professionalism Award,4325,14,38,36.8
2024,2024misjo,Imagery Award in honor of Jack Kamen,5926,24,38,63.2
2024,2024misjo,Industrial Design Award sponsored by General Motors,6588,31,38,81.6
2024,2024misjo,Innovation in Control Award,2054,1,38,2.6
2024,2024misjo,Judges' Award,3546,10,38,26.3
2024,2024misjo,Quality Award,894,3,38,7.9
2024,2024misjo,Rookie Inspiration Award,9743,11,38,28.9
2024,2024misjo,Team Spirit Award,4776,19,38,50.0
2024,2024misjo,Team Sustainability Award sponsored by Dow,4237,7,38,18.4
2024,2024mitr2,District FIRST Impact Award,2137,6,39,15.4
2024,2024mitr2,District Engineering Inspiration Award,1506,3,39,7.7
2024,2024mitr2,Rookie All Star Award,9731,18,39,46.2
2024,2024mitr2,District Championship Dean's List Semi-Finalist,7656,28,39,71.8
2024,2024mitr2,District Event Winner,494,1,39,2.6
2024,2024mitr2,District Event Winner,7769,5,39,12.8
2024,2024mitr2,District Event Winner,9242,37,39,94.9
2024,2024mitr2,District Event Finalist,3656,2,39,5.1
2024,2024mitr2,District Event Finalist,1506,3,39,7.7
2024,2024mitr2,District Event Finalist,7247,19,39,48.7
2024,2024mitr2,Autonomous Award,7769,5,39,12.8
2024,2024mitr2,Creativity Award sponsored by Rockwell Automation,9242,37,39,94.9
2024,2024mitr2,Excellence in Engineering Award,3534,12,39,30.8
2024,2024mitr2,Gracious Professionalism Award,5531,27,39,69.2
2024,2024mitr2,Imagery Award in honor of Jack Kamen,5050,15,39,38.5
2024,2024mitr2,Industrial Design Award sponsored by General Motors,1701,9,39,23.1
2024,2024mitr2,Innovation in Control Award,3656,2,39,5.1
2024,2024mitr2,Judges' Award,70,7,39,17.9
2024,2024mitr2,Quality Award,494,1,39,2.6
2024,2024mitr2,Rookie Inspiration Award,9455,29,39,74.4
2024,2024mitr2,Team Spirit Award,3098,34,39,87.2
2024,2024mitr2,Team Sustainability Award sponsored by Dow,5612,8,39,20.5
2024,2024mitry,District FIRST Impact Award,245,6,42,14.3
2024,2024mitry,District Engineering Inspiration Award,5436,2,42,4.8
2024,2024mitry,Rookie All Star Award,9558,19,42,45.2
2024,2024mitry,District Championship Dean's List Semi-Finalist,27,1,42,2.4
2024,2024mitry,District Event Winner,27,1,42,2.4
2024,2024mitry,District Event Winner,910,11,42,26.2
2024,2024mitry,District Event Winner,2960,18,42,42.9
2024,2024mitry,District Event Finalist,4998,3,42,7.1
2024,2024mitry,District Event Finalist,2851,5,42,11.9
2024,2024mitry,District Event Finalist,9618,28,42,66.7
2024,2024mitry,Autonomous Award,226,8,42,19.0
2024,2024mitry,Creativity Award sponsored by Rockwell Automation,573,7,42,16.7
2024,2024mitry,Excellence in Engineering Award,27,1,42,2.4
2024,2024mitry,Gracious Professionalism Award,1188,14,42,33.3
2024,2024mitry,Imagery Award in honor of Jack Kamen,910,11,42,26.2
2024,2024mitry,Industrial Design Award sponsored by General Motors,818,15,42,35.7
2024,2024mitry,Innovation in Control Award,2851,5,42,11.9
2024,2024mitry,Judges' Award,247,9,42,21.4
2024,2024mitry,Quality Award,68,10,42,23.8
2024,2024mitry,Rookie Inspiration Award,9679,33,42,78.6
2024,2024mitry,Team Spirit Award,5046,40,42,95.2
2024,2024mitry,Team Sustainability Award sponsored by Dow,2834,4,42,9.5
2024,2024mitvc,District FIRST Impact Award,3603,3,40,7.5
2024,2024mitvc,District Engineering Inspiration Award,3770,20,40,50.0
2024,2024mitvc,Rookie All Star Award,9771,14,40,35.0
2024,2024mitvc,District Championship Dean's List Semi-Finalist,2834,25,40,62.5
2024,2024mitvc,District Event Winner,1711,4,40,10.0
2024,2024mitvc,District Event Winner,3767,9,40,22.5
2024,2024mitvc,District Event Winner,3770,20,40,50.0
2024,2024mitvc,District Event Finalist,5534,2,40,5.0
2024,2024mitvc,District Event Finalist,8873,8,40,20.0
2024,2024mitvc,District Event Finalist,3537,36,40,90.0
2024,2024mitvc,Autonomous Award,4779,1,40,2.5
2024,2024mitvc,Creativity Award sponsored by Rockwell Automation,8041,15,40,37.5
2024,2024mitvc,Excellence in Engineering Award,3767,9,40,22.5
2024,2024mitvc,Gracious Professionalism Award,2834,25,40,62.5
2024,2024mitvc,Imagery Award in honor of Jack Kamen,3537,36,40,90.0
2024,2024mitvc,Industrial Design Award sponsored by General Motors,5534,2,40,5.0
2024,2024mitvc,Innovation in Control Award,7790,10,40,25.0
2024,2024mitvc,Judges' Award,5560,32,40,80.0
2024,2024mitvc,Quality Award,3688,12,40,30.0
2024,2024mitvc,Rookie Inspiration Award,9673,18,40,45.0
2024,2024mitvc,Team Spirit Award,7160,5,40,12.5
2024,2024mitvc,Team Sustainability Award sponsored by Dow,4983,6,40,15.0
2024,2024miwmi,District FIRST Impact Award,107,17,42,40.5
2024,2024miwmi,District Engineering Inspiration Award,7598,30,42,71.4
2024,2024miwmi,Rookie All Star Award,9721,26,42,61.9
2024,2024miwmi,District Championship Dean's List Semi-Finalist,4003,22,42,52.4
2024,2024miwmi,District Event Winner,6090,6,42,14.3
2024,2024miwmi,District Event Winner,5675,9,42,21.4
2024,2024miwmi,District Event Winner,244,25,42,59.5
2024,2024miwmi,District Event Finalist,7211,5,42,11.9
2024,2024miwmi,District Event Finalist,3546,8,42,19.0
2024,2024miwmi,District Event Finalist,6121,13,42,31.0
2024,2024miwmi,Autonomous Award,3572,4,42,9.5
2024,2024miwmi,Creativity Award sponsored by Rockwell Automation,6002,10,42,23.8
2024,2024miwmi,Excellence in Engineering Award,2767,1,42,2.4
2024,2024miwmi,Gracious Professionalism Award,6090,6,42,14.3
2024,2024miwmi,Imagery Award in honor of Jack Kamen,1918,14,42,33.3
2024,2024miwmi,Industrial Design Award sponsored by General Motors,2959,7,42,16.7
2024,2024miwmi,Innovation in Control Award,85,2,42,4.8
2024,2024miwmi,Judges' Award,6428,38,42,90.5
2024,2024miwmi,Quality Award,3357,3,42,7.1
2024,2024miwmi,Team Spirit Award,3458,27,42,64.3
2024,2024miwmi,Team Sustainability Award sponsored by Dow,141,19,42,45.2
2024,2024mndu,Regional FIRST Impact Award,8298,50,55,90.9
2024,2024mndu,Regional Engineering Inspiration Award,5914,30,55,54.5
2024,2024mndu,Woodie Flowers Finalist Award,2847,8,55,14.5
2024,2024mndu,FIRST Dean's List Finalist Award,2239,52,55,94.5
2024,2024mndu,FIRST Dean's List Finalist Award,6421,32,55,58.2
2024,2024mndu,Regional Winners,1732,1,55,1.8
2024,2024mndu,Regional Winners,2052,4,55,7.3
2024,2024mndu,Regional Winners,6217,46,55,83.6
2024,2024mndu,Regional Winners,7915,14,55,25.5
2024,2024mndu,Regional Finalists,6381,9,55,16.4
2024,2024mndu,Regional Finalists,2531,18,55,32.7
2024,2024mndu,Regional Finalists,5903,13,55,23.6
2024,2024mndu,Autonomous Award,2823,6,55,10.9
2024,2024mndu,Creativity Award sponsored by Rockwell Automation,5348,12,55,21.8
2024,2024mndu,Excellence in Engineering Award,1732,1,55,1.8
2024,2024mndu,Gracious Professionalism Award,5653,28,55,50.9
2024,2024mndu,Imagery Award in honor of Jack Kamen,3291,37,55,67.3
2024,2024mndu,Industrial Design Award sponsored by General Motors,1816,2,55,3.6
2024,2024mndu,Innovation in Control Award,4009,21,55,38.2
2024,2024mndu,Judges' Award,6421,32,55,58.2
2024,2024mndu,Quality Award,2052,4,55,7.3
2024,2024mndu,Rookie Inspiration Award,9532,53,55,96.4
2024,2024mndu,Team Spirit Award,2526,43,55,78.2
2024,2024mndu,Team Sustainability Award sponsored by Dow,2531,18,55,32.7
2024,2024mndu2,Regional FIRST Impact Award,6574,55,55,100.0
2024,2024mndu2,Regional Engineering Inspiration Award,1792,18,55,32.7
2024,2024mndu2,Woodie Flowers Finalist Award,2129,13,55,23.6
2024,2024mndu2,Volunteer of the Year,2512,34,55,61.8
2024,2024mndu2,FIRST Dean's List Finalist Award,5271,38,55,69.1
2024,2024mndu2,FIRST Dean's List Finalist Award,6045,19,55,34.5
2024,2024mndu2,Regional Winners,4230,3,55,5.5
2024,2024mndu2,Regional Winners,6147,6,55,10.9
2024,2024mndu2,Regional Winners,5232,17,55,30.9
2024,2024mndu2,Regional Finalists,2491,2,55,3.6
2024,2024mndu2,Regional Finalists,2129,13,55,23.6
2024,2024mndu2,Regional Finalists,6758,49,55,89.1
2024,2024mndu2,Autonomous Award,6147,6,55,10.9
2024,2024mndu2,Creativity Award sponsored by Rockwell Automation,8122,11,55,20.0
2024,2024mndu2,Excellence in Engineering Award,2039,30,55,54.5
2024,2024mndu2,Gracious Professionalism Award,3130,29,55,52.7
2024,2024mndu2,Imagery Award in honor of Jack Kamen,7619,40,55,72.7
2024,2024mndu2,Industrial Design Award sponsored by General Motors,4786,12,55,21.8
2024,2024mndu2,Innovation in Control Award,3206,21,55,38.2
2024,2024mndu2,Judges' Award,1714,1,55,1.8
2024,2024mndu2,Quality Award,2129,13,55,23.6
2024,2024mndu2,Team Spirit Award,2491,2,55,3.6
2024,2024mndu2,Team Sustainability Award sponsored by Dow,2062,7,55,12.7
2024,2024mnmi,Regional FIRST Impact Award,2472,16,62,25.8
2024,2024mnmi,Regional Engineering Inspiration Award,5996,43,62,69.4
2024,2024mnmi,Woodie Flowers Finalist Award,2052,8,62,12.9
2024,2024mnmi,FIRST Dean's List Finalist Award,2502,2,62,3.2
2024,2024mnmi,FIRST Dean's List Finalist Award,2491,14,62,22.6
2024,2024mnmi,Regional Winners,2530,1,62,1.6
2024,2024mnmi,Regional Winners,2052,8,62,12.9
2024,2024mnmi,Regional Winners,3018,29,62,46.8
2024,2024mnmi,Regional Winners,2169,20,62,32.3
2024,2024mnmi,Regional Finalists,3926,4,62,6.5
2024,2024mnmi,Regional Finalists,3630,6,62,9.7
2024,2024mnmi,Regional Finalists,5434,21,62,33.9
2024,2024mnmi,Autonomous Award,2207,17,62,27.4
2024,2024mnmi,Creativity Award sponsored by Rockwell Automation,2530,1,62,1.6
2024,2024mnmi,Excellence in Engineering Award,2823,5,62,8.1
2024,2024mnmi,Gracious Professionalism Award,2177,51,62,82.3
2024,2024mnmi,Imagery Award in honor of Jack Kamen,2450,23,62,37.1
2024,2024mnmi,Industrial Design Award sponsored by General Motors,2491,14,62,22.6
2024,2024mnmi,Innovation in Control Award,2502,2,62,3.2
2024,2024mnmi,Judges' Award,2470,10,62,16.1
2024,2024mnmi,Quality Award,3926,4,62,6.5
2024,2024mnmi,Team Spirit Award,2175,18,62,29.0
2024,2024mnmi,Team Sustainability Award sponsored by Dow,2511,60,62,96.8
2024,2024mnmi,Wildcard,3018,29,62,46.8
2024,2024mnmi2,Regional FIRST Impact Award,2883,34,54,63.0
2024,2024mnmi2,Regional Engineering Inspiration Award,1816,5,54,9.3
2024,2024mnmi2,Woodie Flowers Finalist Award,2667,27,54,50.0
2024,2024mnmi2,FIRST Dean's List Finalist Award,9535,6,54,11.1
2024,2024mnmi2,FIRST Dean's List Finalist Award,9535,6,54,11.1
2024,2024mnmi2,Regional Winners,3276,1,54,1.9
2024,2024mnmi2,Regional Winners,7028,3,54,5.6
2024,2024mnmi2,Regional Winners,6045,30,54,55.6
2024,2024mnmi2,Regional Finalists,1816,5,54,9.3
2024,2024mnmi2,Regional Finalists,876,9,54,16.7
2024,2024mnmi2,Regional Finalists,8188,18,54,33.3
2024,2024mnmi2,Autonomous Award,876,9,54,16.7
2024,2024mnmi2,Creativity Award sponsored by Rockwell Automation,7257,4,54,7.4
2024,2024mnmi2,Excellence in Engineering Award,4607,10,54,18.5
2024,2024mnmi2,Gracious Professionalism Award,4536,41,54,75.9
2024,2024mnmi2,Imagery Award in honor of Jack Kamen,3058,16,54,29.6
2024,2024mnmi2,Industrial Design Award sponsored by General Motors,6175,43,54,79.6
2024,2024mnmi2,Innovation in Control Award,8188,18,54,33.3
2024,2024mnmi2,Judges' Award,4674,35,54,64.8
2024,2024mnmi2,Quality Award,2667,27,54,50.0
2024,2024mnmi2,Rookie Inspiration Award,9535,6,54,11.1
2024,2024mnmi2,Team Spirit Award,3297,11,54,20.4
2024,2024mnmi2,Team Sustainability Award sponsored by Dow,7028,3,54,5.6
2024,2024mnmi2,Wildcard,6045,30,54,55.6
2024,2024mnmi2,Wildcard,8188,18,54,33.3
2024,2024mokc,Regional FIRST Impact Award,1108,8,42,19.0
2024,2024mokc,Regional Engineering Inspiration Award,7531,24,42,57.1
2024,2024mokc,Rookie All Star Award,9410,9,42,21.4
2024,2024mokc,Woodie Flowers Finalist Award,1108,8,42,19.0
2024,2024mokc,FIRST Dean's List Finalist Award,1108,8,42,19.0
2024,2024mokc,FIRST Dean's List Finalist Award,1730,1,42,2.4
2024,2024mokc,Regional Winners,4766,3,42,7.1
2024,2024mokc,Regional Winners,5809,6,42,14.3
2024,2024mokc,Regional Winners,5126,30,42,71.4
2024,2024mokc,Regional Finalists,1764,7,42,16.7
2024,2024mokc,Regional Finalists,5801,13,42,31.0
2024,2024mokc,Regional Finalists,8825,18,42,42.9
2024,2024mokc,Autonomous Award,4766,3,42,7.1
2024,2024mokc,Creativity Award sponsored by Rockwell Automation,5454,19,42,45.2
2024,2024mokc,Excellence in Engineering Award,4522,5,42,11.9
2024,2024mokc,Gracious Professionalism Award,1987,4,42,9.5
2024,2024mokc,Imagery Award in honor of Jack Kamen,1997,21,42,50.0
2024,2024mokc,Industrial Design Award sponsored by General Motors,1764,7,42,16.7
2024,2024mokc,Innovation in Control Award,9316,36,42,85.7
2024,2024mokc,Judges' Award,1939,16,42,38.1
2024,2024mokc,Quality Award,1730,1,42,2.4
2024,2024mokc,Rookie Inspiration Award,9626,38,42,90.5
2024,2024mokc,Team Spirit Award,5126,30,42,71.4
2024,2024mokc,Team Sustainability Award sponsored by Dow,2357,2,42,4.8
2024,2024mokc,Wildcard,5126,30,42,71.4
2024,2024mose,Regional FIRST Impact Award,4593,17,36,47.2
2024,2024mose,Regional Engineering Inspiration Award,3928,11,36,30.6
2024,2024mose,Rookie All Star Award,9428,26,36,72.2
2024,2024mose,Woodie Flowers Finalist Award,2502,23,36,63.9
2024,2024mose,FIRST Dean's List Finalist Award,5968,29,36,80.6
2024,2024mose,FIRST Dean's List Finalist Award,3928,11,36,30.6
2024,2024mose,Regional Winners,1706,1,36,2.8
2024,2024mose,Regional Winners,4522,2,36,5.6
2024,2024mose,Regional Winners,1982,19,36,52.8
2024,2024mose,Regional Finalists,1987,4,36,11.1
2024,2024mose,Regional Finalists,4646,12,36,33.3
2024,2024mose,Regional Finalists,7662,35,36,97.2
2024,2024mose,Autonomous Award,4646,12,36,33.3
2024,2024mose,Creativity Award sponsored by Rockwell Automation,3729,13,36,36.1
2024,2024mose,Excellence in Engineering Award,1706,1,36,2.8
2024,2024mose,Gracious Professionalism Award,4522,2,36,5.6
2024,2024mose,Imagery Award in honor of Jack Kamen,167,24,36,66.7
2024,2024mose,Industrial Design Award sponsored by General Motors,5801,5,36,13.9
2024,2024mose,Innovation in Control Award,1987,4,36,11.1
2024,2024mose,Judges' Award,5312,36,36,100.0
2024,2024mose,Quality Award,9126,8,36,22.2
2024,2024mose,Team Spirit Award,4766,6,36,16.7
2024,2024mose,Team Sustainability Award sponsored by Dow,5968,29,36,80.6
2024,2024mosl,Regional FIRST Impact Award,3284,23,46,50.0
2024,2024mosl,Regional Engineering Inspiration Award,4329,9,46,19.6
2024,2024mosl,Rookie All Star Award,9401,12,46,26.1
2024,2024mosl,Woodie Flowers Finalist Award,4187,25,46,54.3
2024,2024mosl,FIRST Dean's List Finalist Award,4931,26,46,56.5
2024,2024mosl,FIRST Dean's List Finalist Award,4187,25,46,54.3
2024,2024mosl,Regional Winners,1706,1,46,2.2
2024,2024mosl,Regional Winners,1756,2,46,4.3
2024,2024mosl,Regional Winners,1288,22,46,47.8
2024,2024mosl,Regional Finalists,1732,4,46,8.7
2024,2024mosl,Regional Finalists,3937,6,46,13.0
2024,2024mosl,Regional Finalists,2531,33,46,71.7
2024,2024mosl,Autonomous Award,1706,1,46,2.2
2024,2024mosl,Creativity Award sponsored by Rockwell Automation,1732,4,46,8.7
2024,2024mosl,Excellence in Engineering Award,4256,19,46,41.3
2024,2024mosl,Gracious Professionalism Award,4931,26,46,56.5
2024,2024mosl,Imagery Award in honor of Jack Kamen,7472,21,46,45.7
2024,2024mosl,Industrial Design Award sponsored by General Motors,931,7,46,15.2
2024,2024mosl,Innovation in Control Award,1756,2,46,4.3
2024,2024mosl,Judges' Award,6237,37,46,80.4
2024,2024mosl,Quality Award,3937,6,46,13.0
2024,2024mosl,Rookie Inspiration Award,9428,32,46,69.6
2024,2024mosl,Team Spirit Award,3814,15,46,32.6
2024,2024mosl,Team Sustainability Award sponsored by Dow,7417,17,46,37.0
2024,2024mosl,Wildcard,1288,22,46,47.8
2024,2024mosl,Wildcard,9401,12,46,26.1
2024,2024mosl,Wildcard,2531,33,46,71.7
2024,2024mrcmp,Regional FIRST Impact Award,316,5,60,8.3
2024,2024mrcmp,Regional FIRST Impact Award,1676,1,60,1.7
2024,2024mrcmp,Regional Engineering Inspiration Award,9015,58,60,96.7
2024,2024mrcmp,Regional Engineering Inspiration Award,1923,6,60,10.0
2024,2024mrcmp,District Championship Rookie All Star Award,9416,,60,
2024,2024mrcmp,Woodie Flowers Finalist Award,1218,23,60,38.3
2024,2024mrcmp,Woodie Flowers Finalist Award,433,,60,
2024,2024mrcmp,Volunteer of the Year,1218,23,60,38.3
2024,2024mrcmp,FIRST Dean's List Finalist Award,9015,58,60,96.7
2024,2024mrcmp,FIRST Dean's List Finalist Award,321,48,60,80.0
2024,2024mrcmp,FIRST Dean's List Finalist Award,5401,31,60,51.7
2024,2024mrcmp,FIRST Dean's List Finalist Award,433,,60,
2024,2024mrcmp,District Championship Winner,1640,2,60,3.3
2024,2024mrcmp,District Championship Winner,5895,9,60,15.0
2024,2024mrcmp,District Championship Winner,4285,40,60,66.7
2024,2024mrcmp,District Championship Finalist,1923,6,60,10.0
2024,2024mrcmp,District Championship Finalist,1391,22,60,36.7
2024,2024mrcmp,District Championship Finalist,4342,12,60,20.0
2024,2024mrcmp,Autonomous Award,3314,11,60,18.3
2024,2024mrcmp,Creativity Award sponsored by Rockwell Automation,2539,16,60,26.7
2024,2024mrcmp,Excellence in Engineering Award,1403,7,60,11.7
2024,2024mrcmp,Gracious Professionalism Award,11,46,60,76.7
2024,2024mrcmp,Imagery Award in honor of Jack Kamen,321,48,60,80.0
2024,2024mrcmp,Industrial Design Award sponsored by General Motors,8513,21,60,35.0
2024,2024mrcmp,Innovation in Control Award,1089,36,60,60.0
2024,2024mrcmp,Judges' Award,6226,34,60,56.7
2024,2024mrcmp,Quality Award,1218,23,60,38.3
2024,2024mrcmp,Team Spirit Award,5401,31,60,51.7
2024,2024mrcmp,Team Sustainability Award sponsored by Dow,341,17,60,28.3
2024,2024mslr,Regional FIRST Impact Award,34,33,37,89.2
2024,2024mslr,Regional Engineering Inspiration Award,2987,5,37,13.5
2024,2024mslr,Rookie All Star Award,9717,22,37,59.5
2024,2024mslr,Woodie Flowers Finalist Award,1927,27,37,73.0
2024,2024mslr,FIRST Dean's List Finalist Award,2992,4,37,10.8
2024,2024mslr,FIRST Dean's List Finalist Award,7094,19,37,51.4
2024,2024mslr,Regional Winners,8044,1,37,2.7
2024,2024mslr,Regional Winners,2992,4,37,10.8
2024,2024mslr,Regional Winners,1912,28,37,75.7
2024,2024mslr,Regional Finalists,4107,9,37,24.3
2024,2024mslr,Regional Finalists,1622,17,37,45.9
2024,2024mslr,Regional Finalists,7094,19,37,51.4
2024,2024mslr,Autonomous Award,8044,1,37,2.7
2024,2024mslr,Creativity Award sponsored by Rockwell Automation,1466,10,37,27.0
2024,2024mslr,Excellence in Engineering Award,4336,11,37,29.7
2024,2024mslr,Gracious Professionalism Award,4400,2,37,5.4
2024,2024mslr,Imagery Award in honor of Jack Kamen,7094,19,37,51.4
2024,2024mslr,Industrial Design Award sponsored by General Motors,8808,8,37,21.6
2024,2024mslr,Innovation in Control Award,2183,18,37,48.6
2024,2024mslr,Judges' Award,1622,17,37,45.9
2024,2024mslr,Quality Award,456,7,37,18.9
2024,2024mslr,Rookie Inspiration Award,9712,30,37,81.1
2024,2024mslr,Team Spirit Award,4013,6,37,16.2
2024,2024mslr,Team Sustainability Award sponsored by Dow,1912,28,37,75.7
2024,2024mttd,Winner,1678,1,31,3.2
2024,2024mttd,Winner,1323,4,31,12.9
2024,2024mttd,Winner,254,9,31,29.0
2024,2024mttd,Winner,114,23,31,74.2
2024,2024mttd,Finalist,5940,2,31,6.5
2024,2024mttd,Finalist,4414,3,31,9.7
2024,2024mttd,Finalist,5817,33,31,106.5
2024,2024mttd,Finalist,2813,38,31,122.6
2024,2024mxmo,Regional FIRST Impact Award,4400,12,44,27.3
2024,2024mxmo,Regional Engineering Inspiration Award,4735,27,44,61.4
2024,2024mxmo,Woodie Flowers Finalist Award,6832,38,44,86.4
2024,2024mxmo,FIRST Dean's List Finalist Award,3794,35,44,79.5
2024,2024mxmo,FIRST Dean's List Finalist Award,6106,22,44,50.0
2024,2024mxmo,Regional Winners,7421,2,44,4.5
2024,2024mxmo,Regional Winners,4403,4,44,9.1
2024,2024mxmo,Regional Winners,3472,34,44,77.3
2024,2024mxmo,Regional Finalists,3478,1,44,2.3
2024,2024mxmo,Regional Finalists,4635,3,44,6.8
2024,2024mxmo,Regional Finalists,4782,30,44,68.2
2024,2024mxmo,Autonomous Award,5948,8,44,18.2
2024,2024mxmo,Creativity Award sponsored by Rockwell Automation,3794,35,44,79.5
2024,2024mxmo,Excellence in Engineering Award,4403,4,44,9.1
2024,2024mxmo,Gracious Professionalism Award,4775,29,44,65.9
2024,2024mxmo,Imagery Award in honor of Jack Kamen,6652,28,44,63.6
2024,2024mxmo,Industrial Design Award sponsored by General Motors,7421,2,44,4.5
2024,2024mxmo,Innovation in Control Award,4635,3,44,6.8
2024,2024mxmo,Judges' Award,3478,1,44,2.3
2024,2024mxmo,Quality Award,6647,7,44,15.9
2024,2024mxmo,Team Spirit Award,5959,10,44,22.7
2024,2024mxmo,Team Sustainability Award sponsored by Dow,4010,44,44,100.0
2024,2024mxpu,Regional FIRST Impact Award,5705,13,29,44.8
2024,2024mxpu,Regional Engineering Inspiration Award,9134,21,29,72.4
2024,2024mxpu,Rookie All Star Award,9593,7,29,24.1
2024,2024mxpu,Woodie Flowers Finalist Award,4735,24,29,82.8
2024,2024mxpu,FIRST Dean's List Finalist Award,6606,29,29,100.0
2024,2024mxpu,FIRST Dean's List Finalist Award,9280,11,29,37.9
2024,2024mxpu,Regional Winners,6647,4,29,13.8
2024,2024mxpu,Regional Winners,7102,5,29,17.2
2024,2024mxpu,Regional Winners,9282,28,29,96.6
2024,2024mxpu,Regional Finalists,3478,1,29,3.4
2024,2024mxpu,Regional Finalists,6017,2,29,6.9
2024,2024mxpu,Regional Finalists,4735,24,29,82.8
2024,2024mxpu,Autonomous Award,7102,5,29,17.2
2024,2024mxpu,Creativity Award sponsored by Rockwell Automation,3472,8,29,27.6
2024,2024mxpu,Excellence in Engineering Award,6702,3,29,10.3
2024,2024mxpu,Gracious Professionalism Award,5887,18,29,62.1
2024,2024mxpu,Imagery Award in honor of Jack Kamen,6606,29,29,100.0
2024,2024mxpu,Industrial Design Award sponsored by General Motors,6017,2,29,6.9
2024,2024mxpu,Innovation in Control Award,3478,1,29,3.4
2024,2024mxpu,Judges' Award,4782,12,29,41.4
2024,2024mxpu,Quality Award,5948,10,29,34.5
2024,2024mxpu,Rookie Inspiration Award,9702,22,29,75.9
2024,2024mxpu,Team Spirit Award,6694,6,29,20.7
2024,2024mxpu,Team Sustainability Award sponsored by Dow,6647,4,29,13.8
2024,2024mxto,Regional FIRST Impact Award,9120,16,41,39.0
2024,2024mxto,Regional Engineering Inspiration Award,3354,8,41,19.5
2024,2024mxto,Rookie All Star Award,9499,15,41,36.6
2024,2024mxto,Woodie Flowers Finalist Award,9134,11,41,26.8
2024,2024mxto,FIRST Dean's List Finalist Award,3354,8,41,19.5
2024,2024mxto,FIRST Dean's List Finalist Award,9134,11,41,26.8
2024,2024mxto,Regional Winners,4400,1,41,2.4
2024,2024mxto,Regional Winners,4635,2,41,4.9
2024,2024mxto,Regional Winners,3480,28,41,68.3
2024,2024mxto,Regional Finalists,4403,3,41,7.3
2024,2024mxto,Regional Finalists,5705,5,41,12.2
2024,2024mxto,Regional Finalists,5526,17,41,41.5
2024,2024mxto,Autonomous Award,4635,2,41,4.9
2024,2024mxto,Creativity Award sponsored by Rockwell Automation,6170,6,41,14.6
2024,2024mxto,Excellence in Engineering Award,4603,4,41,9.8
2024,2024mxto,Gracious Professionalism Award,7018,31,41,75.6
2024,2024mxto,Imagery Award in honor of Jack Kamen,7687,27,41,65.9
2024,2024mxto,Industrial Design Award sponsored by General Motors,4403,3,41,7.3
2024,2024mxto,Innovation in Control Award,4400,1,41,2.4
2024,2024mxto,Judges' Award,6200,14,41,34.1
2024,2024mxto,Quality Award,5705,5,41,12.2
2024,2024mxto,Rookie Inspiration Award,9513,30,41,73.2
2024,2024mxto,Team Spirit Award,7546,23,41,56.1
2024,2024mxto,Team Sustainability Award sponsored by Dow,9134,11,41,26.8
2024,2024mxto,Wildcard,3480,28,41,68.3
2024,2024ncash,District FIRST Impact Award,3506,4,28,14.3
2024,2024ncash,District Engineering Inspiration Award,8429,8,28,28.6
2024,2024ncash,Rookie All Star Award,9496,5,28,17.9
2024,2024ncash,District Championship Dean's List Semi-Finalist,3506,4,28,14.3
2024,2024ncash,District Championship Dean's List Semi-Finalist,8429,8,28,28.6
2024,2024ncash,District Event Winner,8727,2,28,7.1
2024,2024ncash,District Event Winner,9496,5,28,17.9
2024,2024ncash,District Event Winner,9297,28,28,100.0
2024,2024ncash,District Event Finalist,3506,4,28,14.3
2024,2024ncash,District Event Finalist,587,9,28,32.1
2024,2024ncash,District Event Finalist,6932,26,28,92.9
2024,2024ncash,Autonomous Award,7763,1,28,3.6
2024,2024ncash,Creativity Award sponsored by Rockwell Automation,9150,11,28,39.3
2024,2024ncash,Excellence in Engineering Award,4795,3,28,10.7
2024,2024ncash,Gracious Professionalism Award,7890,13,28,46.4
2024,2024ncash,Imagery Award in honor of Jack Kamen,1225,19,28,67.9
2024,2024ncash,Industrial Design Award sponsored by General Motors,587,9,28,32.1
2024,2024ncash,Innovation in Control Award,900,6,28,21.4
2024,2024ncash,Judges' Award,6932,26,28,92.9
2024,2024ncash,Quality Award,4290,20,28,71.4
2024,2024ncash,Rookie Inspiration Award,9789,17,28,60.7
2024,2024ncash,Team Spirit Award,9607,16,28,57.1
2024,2024ncash,Team Sustainability Award sponsored by Dow,8727,2,28,7.1
2024,2024nccmp,Regional FIRST Impact Award,3506,12,40,30.0
2024,2024nccmp,Regional Engineering Inspiration Award,9008,19,40,47.5
2024,2024nccmp,Regional Engineering Inspiration Award,2642,4,40,10.0
2024,2024nccmp,District Championship Rookie All Star Award,9496,1,40,2.5
2024,2024nccmp,District Championship Rookie All Star Award,9707,,40,
2024,2024nccmp,Woodie Flowers Finalist Award,5518,,40,
2024,2024nccmp,FIRST Dean's List Finalist Award,9008,19,40,47.5
2024,2024nccmp,FIRST Dean's List Finalist Award,4828,7,40,17.5
2024,2024nccmp,District Championship Winner,9496,1,40,2.5
2024,2024nccmp,District Championship Winner,4795,2,40,5.0
2024,2024nccmp,District Championship Winner,1533,25,40,62.5
2024,2024nccmp,District Championship Winner,6639,13,40,32.5
2024,2024nccmp,District Championship Finalist,2642,4,40,10.0
2024,2024nccmp,District Championship Finalist,8738,20,40,50.0
2024,2024nccmp,District Championship Finalist,6894,23,40,57.5
2024,2024nccmp,Autonomous Award,9032,9,40,22.5
2024,2024nccmp,Creativity Award sponsored by Rockwell Automation,900,28,40,70.0
2024,2024nccmp,Excellence in Engineering Award,3229,29,40,72.5
2024,2024nccmp,Gracious Professionalism Award,1533,25,40,62.5
2024,2024nccmp,Imagery Award in honor of Jack Kamen,2640,37,40,92.5
2024,2024nccmp,Industrial Design Award sponsored by General Motors,4828,7,40,17.5
2024,2024nccmp,Innovation in Control Award,3459,16,40,40.0
2024,2024nccmp,Judges' Award,6729,3,40,7.5
2024,2024nccmp,Quality Award,3737,5,40,12.5
2024,2024nccmp,Team Spirit Award,7890,35,40,87.5
2024,2024nccmp,Team Sustainability Award sponsored by Dow,8727,8,40,20.0
2024,2024ncmec,District FIRST Impact Award,6932,24,30,80.0
2024,2024ncmec,District Engineering Inspiration Award,4290,8,30,26.7
2024,2024ncmec,Rookie All Star Award,9607,16,30,53.3
2024,2024ncmec,District Championship Dean's List Semi-Finalist,9496,1,30,3.3
2024,2024ncmec,District Championship Dean's List Semi-Finalist,6639,6,30,20.0
2024,2024ncmec,District Event Winner,9496,1,30,3.3
2024,2024ncmec,District Event Winner,6894,2,30,6.7
2024,2024ncmec,District Event Winner,9298,27,30,90.0
2024,2024ncmec,District Event Finalist,4829,7,30,23.3
2024,2024ncmec,District Event Finalist,1533,18,30,60.0
2024,2024ncmec,District Event Finalist,8757,22,30,73.3
2024,2024ncmec,Autonomous Award,9496,1,30,3.3
2024,2024ncmec,Creativity Award sponsored by Rockwell Automation,1533,18,30,60.0
2024,2024ncmec,Excellence in Engineering Award,3196,3,30,10.0
2024,2024ncmec,Gracious Professionalism Award,6908,21,30,70.0
2024,2024ncmec,Imagery Award in honor of Jack Kamen,4935,15,30,50.0
2024,2024ncmec,Industrial Design Award sponsored by General Motors,6894,2,30,6.7
2024,2024ncmec,Innovation in Control Award,1225,14,30,46.7
2024,2024ncmec,Judges' Award,4829,7,30,23.3
2024,2024ncmec,Quality Award,2640,25,30,83.3
2024,2024ncmec,Rookie Inspiration Award,9762,30,30,100.0
2024,2024ncmec,Team Spirit Award,6729,4,30,13.3
2024,2024ncmec,Team Sustainability Award sponsored by Dow,3506,5,30,16.7
2024,2024ncpem,District FIRST Impact Award,3737,10,30,33.3
2024,2024ncpem,District Engineering Inspiration Award,9008,12,30,40.0
2024,2024ncpem,District Championship Dean's List Semi-Finalist,3196,3,30,10.0
2024,2024ncpem,District Championship Dean's List Semi-Finalist,4828,5,30,16.7
2024,2024ncpem,District Event Winner,3196,3,30,10.0
2024,2024ncpem,District Event Winner,8727,4,30,13.3
2024,2024ncpem,District Event Winner,2640,21,30,70.0
2024,2024ncpem,District Event Finalist,6729,7,30,23.3
2024,2024ncpem,District Event Finalist,4534,9,30,30.0
2024,2024ncpem,District Event Finalist,5511,26,30,86.7
2024,2024ncpem,Autonomous Award,4534,9,30,30.0
2024,2024ncpem,Creativity Award sponsored by Rockwell Automation,8205,11,30,36.7
2024,2024ncpem,Excellence in Engineering Award,2640,21,30,70.0
2024,2024ncpem,Gracious Professionalism Award,4561,2,30,6.7
2024,2024ncpem,Imagery Award in honor of Jack Kamen,2642,1,30,3.3
2024,2024ncpem,Industrial Design Award sponsored by General Motors,8738,13,30,43.3
2024,2024ncpem,Innovation in Control Award,4828,5,30,16.7
2024,2024ncpem,Judges' Award,4935,15,30,50.0
2024,2024ncpem,Quality Award,3459,20,30,66.7
2024,2024ncpem,Rookie Inspiration Award,9707,24,30,80.0
2024,2024ncpem,Team Spirit Award,3196,3,30,10.0
2024,2024ncpem,Team Sustainability Award sponsored by Dow,8727,4,30,13.3
2024,2024ncwa2,District FIRST Impact Award,4534,6,35,17.1
2024,2024ncwa2,District Engineering Inspiration Award,4561,3,35,8.6
2024,2024ncwa2,Rookie All Star Award,9707,14,35,40.0
2024,2024ncwa2,District Championship Dean's List Semi-Finalist,9008,2,35,5.7
2024,2024ncwa2,District Championship Dean's List Semi-Finalist,4561,3,35,8.6
2024,2024ncwa2,District Event Winner,4828,1,35,2.9
2024,2024ncwa2,District Event Winner,4561,3,35,8.6
2024,2024ncwa2,District Event Winner,8304,22,35,62.9
2024,2024ncwa2,District Event Finalist,8738,4,35,11.4
2024,2024ncwa2,District Event Finalist,6500,18,35,51.4
2024,2024ncwa2,District Event Finalist,5607,21,35,60.0
2024,2024ncwa2,Autonomous Award,6004,26,35,74.3
2024,2024ncwa2,Creativity Award sponsored by Rockwell Automation,8738,4,35,11.4
2024,2024ncwa2,Excellence in Engineering Award,3229,10,35,28.6
2024,2024ncwa2,Gracious Professionalism Award,6502,12,35,34.3
2024,2024ncwa2,Imagery Award in honor of Jack Kamen,3822,28,35,80.0
2024,2024ncwa2,Industrial Design Award sponsored by General Motors,3459,8,35,22.9
2024,2024ncwa2,Innovation in Control Award,6500,18,35,51.4
2024,2024ncwa2,Judges' Award,8758,35,35,100.0
2024,2024ncwa2,Quality Award,7443,13,35,37.1
2024,2024ncwa2,Rookie Inspiration Award,9788,33,35,94.3
2024,2024ncwa2,Team Spirit Award,8304,22,35,62.9
2024,2024ncwa2,Team Sustainability Award sponsored by Dow,3737,5,35,14.3
2024,2024ncwak,District FIRST Impact Award,900,7,30,23.3
2024,2024ncwak,District Engineering Inspiration Award,2642,8,30,26.7
2024,2024ncwak,District Championship Dean's List Semi-Finalist,6004,6,30,20.0
2024,2024ncwak,District Championship Dean's List Semi-Finalist,5190,20,30,66.7
2024,2024ncwak,District Event Winner,7763,1,30,3.3
2024,2024ncwak,District Event Winner,4795,2,30,6.7
2024,2024ncwak,District Event Winner,8757,29,30,96.7
2024,2024ncwak,District Event Finalist,4829,3,30,10.0
2024,2024ncwak,District Event Finalist,900,7,30,23.3
2024,2024ncwak,District Event Finalist,6908,18,30,60.0
2024,2024ncwak,Autonomous Award,7763,1,30,3.3
2024,2024ncwak,Creativity Award sponsored by Rockwell Automation,3229,5,30,16.7
2024,2024ncwak,Excellence in Engineering Award,3349,16,30,53.3
2024,2024ncwak,Gracious Professionalism Award,2059,4,30,13.3
2024,2024ncwak,Imagery Award in honor of Jack Kamen,6004,6,30,20.0
2024,2024ncwak,Industrial Design Award sponsored by General Motors,9150,22,30,73.3
2024,2024ncwak,Innovation in Control Award,4795,2,30,6.7
2024,2024ncwak,Judges' Award,5190,20,30,66.7
2024,2024ncwak,Quality Award,3489,19,30,63.3
2024,2024ncwak,Team Spirit Award,7890,14,30,46.7
2024,2024ncwak,Team Sustainability Award sponsored by Dow,8429,9,30,30.0
2024,2024ndgf,Regional FIRST Impact Award,3134,13,56,23.2
2024,2024ndgf,Regional Engineering Inspiration Award,7048,37,56,66.1
2024,2024ndgf,Rookie All Star Award,9576,15,56,26.8
2024,2024ndgf,Woodie Flowers Finalist Award,3926,31,56,55.4
2024,2024ndgf,FIRST Dean's List Finalist Award,2500,42,56,75.0
2024,2024ndgf,FIRST Dean's List Finalist Award,7048,37,56,66.1
2024,2024ndgf,Regional Winners,876,2,56,3.6
2024,2024ndgf,Regional Winners,3276,9,56,16.1
2024,2024ndgf,Regional Winners,9576,15,56,26.8
2024,2024ndgf,Regional Finalists,5172,11,56,19.6
2024,2024ndgf,Regional Finalists,4539,30,56,53.6
2024,2024ndgf,Regional Finalists,3277,14,56,25.0
2024,2024ndgf,Autonomous Award,7028,45,56,80.4
2024,2024ndgf,Creativity Award sponsored by Rockwell Automation,6146,8,56,14.3
2024,2024ndgf,Excellence in Engineering Award,4536,17,56,30.4
2024,2024ndgf,Gracious Professionalism Award,8878,55,56,98.2
2024,2024ndgf,Imagery Award in honor of Jack Kamen,2450,10,56,17.9
2024,2024ndgf,Industrial Design Award sponsored by General Motors,3276,9,56,16.1
2024,2024ndgf,Innovation in Control Award,2883,12,56,21.4
2024,2024ndgf,Judges' Award,3058,25,56,44.6
2024,2024ndgf,Quality Award,876,2,56,3.6
2024,2024ndgf,Rookie Inspiration Award,9474,20,56,35.7
2024,2024ndgf,Team Spirit Award,2530,3,56,5.4
2024,2024ndgf,Team Sustainability Award sponsored by Dow,2508,39,56,69.6
2024,2024necmp,Regional FIRST Impact Award,3654,,,
2024,2024necmp,Regional FIRST Impact Award,2370,,,
2024,2024necmp,Regional FIRST Impact Award,1071,,,
2024,2024necmp,Regional Engineering Inspiration Award,2079,,,
2024,2024necmp,Regional Engineering Inspiration Award,509,,,
2024,2024necmp,District Championship Rookie All Star Award,9644,,,
2024,2024necmp,Woodie Flowers Finalist Award,509,,,
2024,2024necmp,Woodie Flowers Finalist Award,78,,,
2024,2024necmp,FIRST Dean's List Finalist Award,2370,,,
2024,2024necmp,FIRST Dean's List Finalist Award,175,,,
2024,2024necmp,FIRST Dean's List Finalist Award,999,,,
2024,2024necmp,FIRST Dean's List Finalist Award,230,,,
2024,2024necmp,FIRST Dean's List Finalist Award,228,,,
2024,2024necmp,District Championship Winner,8013,,,
2024,2024necmp,District Championship Winner,195,,,
2024,2024necmp,District Championship Winner,5112,,,
2024,2024necmp,District Championship Finalist,131,,,
2024,2024necmp,District Championship Finalist,6329,,,
2024,2024necmp,District Championship Finalist,1729,,,
2024,2024necmp1,District Championship Winner,131,2,48,4.2
2024,2024necmp1,District Championship Winner,6329,13,48,27.1
2024,2024necmp1,District Championship Winner,1729,24,48,50.0
2024,2024necmp1,District Championship Finalist,125,1,48,2.1
2024,2024necmp1,District Championship Finalist,3467,9,48,18.8
2024,2024necmp1,District Championship Finalist,5459,32,48,66.7
2024,2024necmp1,District Championship Finalist,8046,19,48,39.6
2024,2024necmp1,Autonomous Award,3467,9,48,18.8
2024,2024necmp1,Creativity Award sponsored by Rockwell Automation,172,44,48,91.7
2024,2024necmp1,Excellence in Engineering Award,7407,8,48,16.7
2024,2024necmp1,Gracious Professionalism Award,9101,47,48,97.9
2024,2024necmp1,Imagery Award in honor of Jack Kamen,4048,37,48,77.1
2024,2024necmp1,Industrial Design Award sponsored by General Motors,125,1,48,2.1
2024,2024necmp1,Innovation in Control Award,246,38,48,79.2
2024,2024necmp1,Judges' Award,5962,45,48,93.8
2024,2024necmp1,Quality Award,999,17,48,35.4
2024,2024necmp1,Rookie Inspiration Award,9443,15,48,31.2
2024,2024necmp1,Team Spirit Award,175,6,48,12.5
2024,2024necmp1,Team Sustainability Award sponsored by Dow,3461,36,48,75.0
2024,2024necmp2,District Championship Winner,8013,3,48,6.2
2024,2024necmp2,District Championship Winner,195,21,48,43.8
2024,2024necmp2,District Championship Winner,5112,45,48,93.8
2024,2024necmp2,District Championship Finalist,177,2,48,4.2
2024,2024necmp2,District Championship Finalist,5687,7,48,14.6
2024,2024necmp2,District Championship Finalist,3464,15,48,31.2
2024,2024necmp2,Autonomous Award,5687,7,48,14.6
2024,2024necmp2,Creativity Award sponsored by Rockwell Automation,4176,29,48,60.4
2024,2024necmp2,Excellence in Engineering Award,4909,13,48,27.1
2024,2024necmp2,Gracious Professionalism Award,8709,4,48,8.3
2024,2024necmp2,Imagery Award in honor of Jack Kamen,238,38,48,79.2
2024,2024necmp2,Industrial Design Award sponsored by General Motors,195,21,48,43.8
2024,2024necmp2,Innovation in Control Award,230,16,48,33.3
2024,2024necmp2,Judges' Award,6328,1,48,2.1
2024,2024necmp2,Quality Award,8013,3,48,6.2
2024,2024necmp2,Rookie Inspiration Award,9710,48,48,100.0
2024,2024necmp2,Team Spirit Award,8410,37,48,77.1
2024,2024necmp2,Team Sustainability Award sponsored by Dow,2713,18,48,37.5
2024,2024new,Engineering Inspiration Award,3478,3,75,4.0
2024,2024new,Rookie All Star Award,9609,24,75,32.0
2024,2024new,Championship Division Winner,254,1,75,1.3
2024,2024new,Championship Division Winner,1323,2,75,2.7
2024,2024new,Championship Division Winner,294,40,75,53.3
2024,2024new,Championship Division Winner,1189,35,75,46.7
2024,2024new,Championship Division Finalist,3478,3,75,4.0
2024,2024new,Championship Division Finalist,2910,21,75,28.0
2024,2024new,Championship Division Finalist,6919,18,75,24.0
2024,2024new,Championship Division Finalist,5024,23,75,30.7
2024,2024new,Autonomous Award,6443,10,75,13.3
2024,2024new,Creativity Award sponsored by Rockwell Automation,2341,52,75,69.3
2024,2024new,Excellence in Engineering Award,254,1,75,1.3
2024,2024new,Gracious Professionalism Award,3937,28,75,37.3
2024,2024new,Imagery Award in honor of Jack Kamen,4039,36,75,48.0
2024,2024new,Industrial Design Award sponsored by General Motors,1323,2,75,2.7
2024,2024new,Innovation in Control Award,2910,21,75,28.0
2024,2024new,Judges' Award,6191,75,75,100.0
2024,2024new,Quality Award,4607,13,75,17.3
2024,2024new,Rookie Inspiration Award,9475,67,75,89.3
2024,2024new,Team Spirit Award,7748,73,75,97.3
2024,2024new,Team Sustainability Award sponsored by Dow,3414,30,75,40.0
2024,2024nhdur,District FIRST Impact Award,172,11,35,31.4
2024,2024nhdur,District Engineering Inspiration Award,501,17,35,48.6
2024,2024nhdur,District Championship Dean's List Semi-Finalist,5422,1,35,2.9
2024,2024nhdur,District Championship Dean's List Semi-Finalist,2342,15,35,42.9
2024,2024nhdur,District Event Winner,133,4,35,11.4
2024,2024nhdur,District Event Winner,172,11,35,31.4
2024,2024nhdur,District Event Winner,1350,18,35,51.4
2024,2024nhdur,District Event Finalist,5422,1,35,2.9
2024,2024nhdur,District Event Finalist,166,6,35,17.1
2024,2024nhdur,District Event Finalist,1512,23,35,65.7
2024,2024nhdur,Autonomous Award,5813,2,35,5.7
2024,2024nhdur,Creativity Award sponsored by Rockwell Automation,4564,5,35,14.3
2024,2024nhdur,Excellence in Engineering Award,6324,8,35,22.9
2024,2024nhdur,Gracious Professionalism Award,5494,20,35,57.1
2024,2024nhdur,Imagery Award in honor of Jack Kamen,2342,15,35,42.9
2024,2024nhdur,Industrial Design Award sponsored by General Motors,8708,7,35,20.0
2024,2024nhdur,Innovation in Control Award,1721,21,35,60.0
2024,2024nhdur,Judges' Award,1350,18,35,51.4
2024,2024nhdur,Quality Award,1729,14,35,40.0
2024,2024nhdur,Rookie Inspiration Award,9732,33,35,94.3
2024,2024nhdur,Team Spirit Award,663,10,35,28.6
2024,2024nhdur,Team Sustainability Award sponsored by Dow,8410,24,35,68.6
2024,2024nhgrs,District FIRST Impact Award,4905,13,35,37.1
2024,2024nhgrs,District Engineering Inspiration Award,6328,3,35,8.6
2024,2024nhgrs,Rookie All Star Award,9443,16,35,45.7
2024,2024nhgrs,District Championship Dean's List Semi-Finalist,6328,3,35,8.6
2024,2024nhgrs,District Championship Dean's List Semi-Finalist,4909,11,35,31.4
2024,2024nhgrs,District Event Winner,6329,2,35,5.7
2024,2024nhgrs,District Event Winner,5687,5,35,14.3
2024,2024nhgrs,District Event Winner,238,31,35,88.6
2024,2024nhgrs,District Event Finalist,1058,1,35,2.9
2024,2024nhgrs,District Event Finalist,6328,3,35,8.6
2024,2024nhgrs,District Event Finalist,7913,27,35,77.1
2024,2024nhgrs,Autonomous Award,1058,1,35,2.9
2024,2024nhgrs,Creativity Award sponsored by Rockwell Automation,5687,5,35,14.3
2024,2024nhgrs,Excellence in Engineering Award,95,15,35,42.9
2024,2024nhgrs,Gracious Professionalism Award,138,10,35,28.6
2024,2024nhgrs,Imagery Award in honor of Jack Kamen,1922,7,35,20.0
2024,2024nhgrs,Industrial Design Award sponsored by General Motors,6329,2,35,5.7
2024,2024nhgrs,Innovation in Control Award,131,6,35,17.1
2024,2024nhgrs,Judges' Award,4909,11,35,31.4
2024,2024nhgrs,Quality Award,3467,4,35,11.4
2024,2024nhgrs,Team Spirit Award,8708,21,35,60.0
2024,2024nhgrs,Team Sustainability Award sponsored by Dow,4473,8,35,22.9
2024,2024njall,District FIRST Impact Award,1923,1,27,3.7
2024,2024njall,District Engineering Inspiration Award,9015,13,27,48.1
2024,2024njall,District Championship Dean's List Semi-Finalist,9015,13,27,48.1
2024,2024njall,District Championship Dean's List Semi-Finalist,1923,1,27,3.7
2024,2024njall,District Event Winner,1923,1,27,3.7
2024,2024njall,District Event Winner,103,3,27,11.1
2024,2024njall,District Event Winner,2577,20,27,74.1
2024,2024njall,District Event Finalist,293,6,27,22.2
2024,2024njall,District Event Finalist,2495,9,27,33.3
2024,2024njall,District Event Finalist,3340,17,27,63.0
2024,2024njall,Autonomous Award,555,4,27,14.8
2024,2024njall,Creativity Award sponsored by Rockwell Automation,4653,24,27,88.9
2024,2024njall,Excellence in Engineering Award,1807,5,27,18.5
2024,2024njall,Gracious Professionalism Award,1626,14,27,51.9
2024,2024njall,Imagery Award in honor of Jack Kamen,4573,10,27,37.0
2024,2024njall,Industrial Design Award sponsored by General Motors,834,2,27,7.4
2024,2024njall,Innovation in Control Award,2495,9,27,33.3
2024,2024njall,Judges' Award,8628,22,27,81.5
2024,2024njall,Quality Award,103,3,27,11.1
2024,2024njall,Team Spirit Award,6897,23,27,85.2
2024,2024njall,Team Sustainability Award sponsored by Dow,293,6,27,22.2
2024,2024njfla,District FIRST Impact Award,1676,1,34,2.9
2024,2024njfla,District Engineering Inspiration Award,75,14,34,41.2
2024,2024njfla,Rookie All Star Award,9439,33,34,97.1
2024,2024njfla,District Championship Dean's List Semi-Finalist,1676,1,34,2.9
2024,2024njfla,District Championship Dean's List Semi-Finalist,428,15,34,44.1
2024,2024njfla,District Event Winner,1676,1,34,2.9
2024,2024njfla,District Event Winner,222,2,34,5.9
2024,2024njfla,District Event Winner,5438,28,34,82.4
2024,2024njfla,District Event Finalist,4361,4,34,11.8
2024,2024njfla,District Event Finalist,219,7,34,20.6
2024,2024njfla,District Event Finalist,9116,30,34,88.2
2024,2024njfla,Autonomous Award,219,7,34,20.6
2024,2024njfla,Creativity Award sponsored by Rockwell Automation,8117,8,34,23.5
2024,2024njfla,Excellence in Engineering Award,8513,6,34,17.6
2024,2024njfla,Gracious Professionalism Award,11,3,34,8.8
2024,2024njfla,Imagery Award in honor of Jack Kamen,193,16,34,47.1
2024,2024njfla,Industrial Design Award sponsored by General Motors,222,2,34,5.9
2024,2024njfla,Innovation in Control Award,1218,17,34,50.0
2024,2024njfla,Judges' Award,223,9,34,26.5
2024,2024njfla,Quality Award,4361,4,34,11.8
2024,2024njfla,Rookie Inspiration Award,9424,32,34,94.1
2024,2024njfla,Team Spirit Award,8704,26,34,76.5
2024,2024njfla,Team Sustainability Award sponsored by Dow,56,10,34,29.4
2024,2024njski,District FIRST Impact Award,3637,15,36,41.7
2024,2024njski,District Engineering Inspiration Award,1923,12,36,33.3
2024,2024njski,Rookie All Star Award,9424,31,36,86.1
2024,2024njski,District Championship Dean's List Semi-Finalist,3637,15,36,41.7
2024,2024njski,District Championship Dean's List Semi-Finalist,708,11,36,30.6
2024,2024njski,District Event Winner,1403,7,36,19.4
2024,2024njski,District Event Winner,3637,15,36,41.7
2024,2024njski,District Event Winner,102,30,36,83.3
2024,2024njski,District Event Finalist,8513,5,36,13.9
2024,2024njski,District Event Finalist,1676,14,36,38.9
2024,2024njski,District Event Finalist,7110,16,36,44.4
2024,2024njski,Autonomous Award,1089,3,36,8.3
2024,2024njski,Creativity Award sponsored by Rockwell Automation,708,11,36,30.6
2024,2024njski,Excellence in Engineering Award,5992,10,36,27.8
2024,2024njski,Gracious Professionalism Award,3515,35,36,97.2
2024,2024njski,Imagery Award in honor of Jack Kamen,8075,32,36,88.9
2024,2024njski,Industrial Design Award sponsored by General Motors,222,2,36,5.6
2024,2024njski,Innovation in Control Award,3314,9,36,25.0
2024,2024njski,Judges' Award,8513,5,36,13.9
2024,2024njski,Quality Award,2590,1,36,2.8
2024,2024njski,Team Spirit Award,6897,26,36,72.2
2024,2024njski,Team Sustainability Award sponsored by Dow,293,20,36,55.6
2024,2024njtab,District FIRST Impact Award,316,9,27,33.3
2024,2024njtab,District Engineering Inspiration Award,1257,25,27,92.6
2024,2024njtab,District Championship Dean's List Semi-Finalist,2720,8,27,29.6
2024,2024njtab,District Championship Dean's List Semi-Finalist,321,3,27,11.1
2024,2024njtab,District Event Winner,365,1,27,3.7
2024,2024njtab,District Event Winner,316,9,27,33.3
2024,2024njtab,District Event Winner,1257,25,27,92.6
2024,2024njtab,District Event Finalist,2722,4,27,14.8
2024,2024njtab,District Event Finalist,2720,8,27,29.6
2024,2024njtab,District Event Finalist,714,18,27,66.7
2024,2024njtab,Autonomous Award,321,3,27,11.1
2024,2024njtab,Creativity Award sponsored by Rockwell Automation,272,10,27,37.0
2024,2024njtab,Excellence in Engineering Award,2722,4,27,14.8
2024,2024njtab,Gracious Professionalism Award,1712,7,27,25.9
2024,2024njtab,Imagery Award in honor of Jack Kamen,6921,13,27,48.1
2024,2024njtab,Industrial Design Award sponsored by General Motors,9094,14,27,51.9
2024,2024njtab,Innovation in Control Award,1640,2,27,7.4
2024,2024njtab,Judges' Award,484,23,27,85.2
2024,2024njtab,Quality Award,2720,8,27,29.6
2024,2024njtab,Team Spirit Award,7110,12,27,44.4
2024,2024njtab,Team Sustainability Award sponsored by Dow,203,20,27,74.1
2024,2024njwas,District FIRST Impact Award,56,4,32,12.5
2024,2024njwas,District Engineering Inspiration Award,303,30,32,93.8
2024,2024njwas,District Championship Dean's List Semi-Finalist,4653,21,32,65.6
2024,2024njwas,District Championship Dean's List Semi-Finalist,56,4,32,12.5
2024,2024njwas,District Event Winner,4573,3,32,9.4
2024,2024njwas,District Event Winner,4285,5,32,15.6
2024,2024njwas,District Event Winner,4652,16,32,50.0
2024,2024njwas,District Event Finalist,219,1,32,3.1
2024,2024njwas,District Event Finalist,555,2,32,6.2
2024,2024njwas,District Event Finalist,1279,27,32,84.4
2024,2024njwas,District Event Finalist,8117,22,32,68.8
2024,2024njwas,Autonomous Award,555,2,32,6.2
2024,2024njwas,Creativity Award sponsored by Rockwell Automation,4285,5,32,15.6
2024,2024njwas,Excellence in Engineering Award,3142,9,32,28.1
2024,2024njwas,Gracious Professionalism Award,11,8,32,25.0
2024,2024njwas,Imagery Award in honor of Jack Kamen,193,17,32,53.1
2024,2024njwas,Industrial Design Award sponsored by General Motors,834,6,32,18.8
2024,2024njwas,Innovation in Control Award,219,1,32,3.1
2024,2024njwas,Judges' Award,714,14,32,43.8
2024,2024njwas,Quality Award,6016,13,32,40.6
2024,2024njwas,Rookie Inspiration Award,9439,32,32,100.0
2024,2024njwas,Team Spirit Award,8628,20,32,62.5
2024,2024njwas,Team Sustainability Award sponsored by Dow,102,7,32,21.9
2024,2024nvlv,Regional FIRST Impact Award,7426,14,45,31.1
2024,2024nvlv,Regional Engineering Inspiration Award,8717,26,45,57.8
2024,2024nvlv,Rookie All Star Award,9426,36,45,80.0
2024,2024nvlv,Woodie Flowers Finalist Award,8005,23,45,51.1
2024,2024nvlv,FIRST Dean's List Finalist Award,6510,10,45,22.2
2024,2024nvlv,FIRST Dean's List Finalist Award,7426,14,45,31.1
2024,2024nvlv,Regional Winners,4414,1,45,2.2
2024,2024nvlv,Regional Winners,987,2,45,4.4
2024,2024nvlv,Regional Winners,4501,22,45,48.9
2024,2024nvlv,Regional Winners,3009,19,45,42.2
2024,2024nvlv,Regional Finalists,2403,4,45,8.9
2024,2024nvlv,Regional Finalists,687,15,45,33.3
2024,2024nvlv,Regional Finalists,9125,34,45,75.6
2024,2024nvlv,Autonomous Award,6510,10,45,22.2
2024,2024nvlv,Creativity Award sponsored by Rockwell Automation,2486,3,45,6.7
2024,2024nvlv,Excellence in Engineering Award,987,2,45,4.4
2024,2024nvlv,Gracious Professionalism Award,1388,7,45,15.6
2024,2024nvlv,Imagery Award in honor of Jack Kamen,597,11,45,24.4
2024,2024nvlv,Industrial Design Award sponsored by General Motors,4414,1,45,2.2
2024,2024nvlv,Innovation in Control Award,4421,8,45,17.8
2024,2024nvlv,Judges' Award,9151,38,45,84.4
2024,2024nvlv,Quality Award,2403,4,45,8.9
2024,2024nvlv,Rookie Inspiration Award,9400,6,45,13.3
2024,2024nvlv,Team Spirit Award,5851,16,45,35.6
2024,2024nvlv,Team Sustainability Award sponsored by Dow,9539,28,45,62.2
2024,2024nvlv,Wildcard,4501,22,45,48.9
2024,2024nvlv,Wildcard,9426,36,45,80.0
2024,2024nycrr,Volunteer of the Year,333,8,18,44.4
2024,2024nycrr,Winner,694,1,18,5.6
2024,2024nycrr,Winner,1796,2,18,11.1
2024,2024nycrr,Winner,9998,11,18,61.1
2024,2024nycrr,Finalist,3419,3,18,16.7
2024,2024nycrr,Finalist,9642,6,18,33.3
2024,2024nycrr,Finalist,9997,17,18,94.4
2024,2024nycrr,Autonomous Award,1155,5,18,27.8
2024,2024nycrr,Design Award,2869,9,18,50.0
2024,2024nycrr,Gracious Professionalism Award,333,8,18,44.4
2024,2024nycrr,Most Improved Team Award,395,10,18,55.6
2024,2024nycrr,Safety Award in memory of Ken Vessey,334,7,18,38.9
2024,2024nyli2,Regional FIRST Impact Award,6806,20,49,40.8
2024,2024nyli2,Regional Engineering Inspiration Award,2869,43,49,87.8
2024,2024nyli2,Rookie All Star Award,9646,41,49,83.7
2024,2024nyli2,Woodie Flowers Finalist Award,533,47,49,95.9
2024,2024nyli2,FIRST Dean's List Finalist Award,810,9,49,18.4
2024,2024nyli2,FIRST Dean's List Finalist Award,6806,20,49,40.8
2024,2024nyli2,Regional Winners,9016,1,49,2.0
2024,2024nyli2,Regional Winners,353,3,49,6.1
2024,2024nyli2,Regional Winners,2875,19,49,38.8
2024,2024nyli2,Regional Finalists,810,9,49,18.4
2024,2024nyli2,Regional Finalists,287,30,49,61.2
2024,2024nyli2,Regional Finalists,8020,15,49,30.6
2024,2024nyli2,Autonomous Award,3990,4,49,8.2
2024,2024nyli2,Creativity Award sponsored by Rockwell Automation,5553,28,49,57.1
2024,2024nyli2,Excellence in Engineering Award,8020,15,49,30.6
2024,2024nyli2,Gracious Professionalism Award,496,31,49,63.3
2024,2024nyli2,Imagery Award in honor of Jack Kamen,9220,26,49,53.1
2024,2024nyli2,Industrial Design Award sponsored by General Motors,3950,10,49,20.4
2024,2024nyli2,Innovation in Control Award,2875,19,49,38.8
2024,2024nyli2,Judges' Award,2347,48,49,98.0
2024,2024nyli2,Quality Award,6423,2,49,4.1
2024,2024nyli2,Team Spirit Award,514,18,49,36.7
2024,2024nyli2,Team Sustainability Award sponsored by Dow,2638,14,49,28.6
2024,2024nyli2,Wildcard,2875,19,49,38.8
2024,2024nyny,Regional FIRST Impact Award,2869,17,51,33.3
2024,2024nyny,Regional Engineering Inspiration Award,4122,1,51,2.0
2024,2024nyny,Rookie All Star Award,9636,39,51,76.5
2024,2024nyny,Woodie Flowers Finalist Award,5806,24,51,47.1
2024,2024nyny,FIRST Dean's List Finalist Award,1796,3,51,5.9
2024,2024nyny,FIRST Dean's List Finalist Award,9642,5,51,9.8
2024,2024nyny,Regional Winners,1796,3,51,5.9
2024,2024nyny,Regional Winners,3950,7,51,13.7
2024,2024nyny,Regional Winners,369,30,51,58.8
2024,2024nyny,Regional Finalists,694,6,51,11.8
2024,2024nyny,Regional Finalists,2869,17,51,33.3
2024,2024nyny,Regional Finalists,6873,15,51,29.4
2024,2024nyny,Autonomous Award,1796,3,51,5.9
2024,2024nyny,Creativity Award sponsored by Rockwell Automation,333,12,51,23.5
2024,2024nyny,Excellence in Engineering Award,694,6,51,11.8
2024,2024nyny,Gracious Professionalism Award,8739,19,51,37.3
2024,2024nyny,Imagery Award in honor of Jack Kamen,9642,5,51,9.8
2024,2024nyny,Industrial Design Award sponsored by General Motors,2601,2,51,3.9
2024,2024nyny,Innovation in Control Award,1155,4,51,7.8
2024,2024nyny,Judges' Award,1880,21,51,41.2
2024,2024nyny,Quality Award,3950,7,51,13.7
2024,2024nyny,Rookie Inspiration Award,9509,45,51,88.2
2024,2024nyny,Team Spirit Award,9233,18,51,35.3
2024,2024nyny,Team Sustainability Award sponsored by Dow,8570,8,51,15.7
2024,2024nyny,Wildcard,369,30,51,58.8
2024,2024nyny,Wildcard,9636,39,51,76.5
2024,2024nyro,Regional FIRST Impact Award,694,13,54,24.1
2024,2024nyro,Regional Engineering Inspiration Award,6911,25,54,46.3
2024,2024nyro,Woodie Flowers Finalist Award,3173,7,54,13.0
2024,2024nyro,Volunteer of the Year,1511,29,54,53.7
2024,2024nyro,FIRST Dean's List Finalist Award,639,28,54,51.9
2024,2024nyro,FIRST Dean's List Finalist Award,1507,14,54,25.9
2024,2024nyro,Regional Winners,27,1,54,1.9
2024,2024nyro,Regional Winners,1591,10,54,18.5
2024,2024nyro,Regional Winners,578,42,54,77.8
2024,2024nyro,Regional Finalists,1468,5,54,9.3
2024,2024nyro,Regional Finalists,3173,7,54,13.0
2024,2024nyro,Regional Finalists,3799,18,54,33.3
2024,2024nyro,Autonomous Award,2228,20,54,37.0
2024,2024nyro,Creativity Award sponsored by Rockwell Automation,3044,44,54,81.5
2024,2024nyro,Excellence in Engineering Award,7709,37,54,68.5
2024,2024nyro,Gracious Professionalism Award,3003,11,54,20.4
2024,2024nyro,Imagery Award in honor of Jack Kamen,1507,14,54,25.9
2024,2024nyro,Industrial Design Award sponsored by General Motors,27,1,54,1.9
2024,2024nyro,Innovation in Control Award,3173,7,54,13.0
2024,2024nyro,Judges' Award,3117,53,54,98.1
2024,2024nyro,Quality Award,1468,5,54,9.3
2024,2024nyro,Team Spirit Award,3181,16,54,29.6
2024,2024nyro,Team Sustainability Award sponsored by Dow,4930,39,54,72.2
2024,2024nyro,Wildcard,578,42,54,77.8
2024,2024nysu,Regional FIRST Impact Award,7748,24,48,50.0
2024,2024nysu,Regional Engineering Inspiration Award,1797,10,48,20.8
2024,2024nysu,Rookie All Star Award,9642,26,48,54.2
2024,2024nysu,Woodie Flowers Finalist Award,7504,34,48,70.8
2024,2024nysu,FIRST Dean's List Finalist Award,1797,10,48,20.8
2024,2024nysu,FIRST Dean's List Finalist Award,1884,3,48,6.2
2024,2024nysu,Regional Winners,353,1,48,2.1
2024,2024nysu,Regional Winners,1796,2,48,4.2
2024,2024nysu,Regional Winners,6593,17,48,35.4
2024,2024nysu,Regional Winners,354,19,48,39.6
2024,2024nysu,Regional Finalists,20,7,48,14.6
2024,2024nysu,Regional Finalists,287,27,48,56.2
2024,2024nysu,Regional Finalists,6911,45,48,93.8
2024,2024nysu,Regional Finalists,3950,22,48,45.8
2024,2024nysu,Autonomous Award,9016,13,48,27.1
2024,2024nysu,Creativity Award sponsored by Rockwell Automation,353,1,48,2.1
2024,2024nysu,Excellence in Engineering Award,1796,2,48,4.2
2024,2024nysu,Gracious Professionalism Award,1155,11,48,22.9
2024,2024nysu,Imagery Award in honor of Jack Kamen,3204,25,48,52.1
2024,2024nysu,Industrial Design Award sponsored by General Motors,48,6,48,12.5
2024,2024nysu,Innovation in Control Award,6423,8,48,16.7
2024,2024nysu,Judges' Award,20,7,48,14.6
2024,2024nysu,Quality Award,4122,28,48,58.3
2024,2024nysu,Team Spirit Award,3624,21,48,43.8
2024,2024nysu,Team Sustainability Award sponsored by Dow,1884,3,48,6.2
2024,2024nytr,Regional FIRST Impact Award,5993,37,51,72.5
2024,2024nytr,Regional Engineering Inspiration Award,1880,26,51,51.0
2024,2024nytr,Rookie All Star Award,9750,23,51,45.1
2024,2024nytr,Woodie Flowers Finalist Award,250,40,51,78.4
2024,2024nytr,FIRST Dean's List Finalist Award,6621,42,51,82.4
2024,2024nytr,FIRST Dean's List Finalist Award,6911,36,51,70.6
2024,2024nytr,Regional Winners,1796,1,51,2.0
2024,2024nytr,Regional Winners,1591,2,51,3.9
2024,2024nytr,Regional Winners,3181,30,51,58.8
2024,2024nytr,Regional Winners,9624,12,51,23.5
2024,2024nytr,Regional Finalists,3173,4,51,7.8
2024,2024nytr,Regional Finalists,3419,8,51,15.7
2024,2024nytr,Regional Finalists,6911,36,51,70.6
2024,2024nytr,Autonomous Award,1796,1,51,2.0
2024,2024nytr,Creativity Award sponsored by Rockwell Automation,6621,42,51,82.4
2024,2024nytr,Excellence in Engineering Award,1591,2,51,3.9
2024,2024nytr,Gracious Professionalism Award,3044,31,51,60.8
2024,2024nytr,Imagery Award in honor of Jack Kamen,1511,19,51,37.3
2024,2024nytr,Industrial Design Award sponsored by General Motors,3173,4,51,7.8
2024,2024nytr,Innovation in Control Award,7605,15,51,29.4
2024,2024nytr,Judges' Award,1601,44,51,86.3
2024,2024nytr,Quality Award,3419,8,51,15.7
2024,2024nytr,Rookie Inspiration Award,9624,12,51,23.5
2024,2024nytr,Team Spirit Award,639,5,51,9.8
2024,2024nytr,Team Sustainability Award sponsored by Dow,4122,22,51,43.1
2024,2024nytr,Wildcard,3181,30,51,58.8
2024,2024nytr,Wildcard,9750,23,51,45.1
2024,2024ohcl,Regional FIRST Impact Award,4145,12,53,22.6
2024,2024ohcl,Regional Engineering Inspiration Award,7525,8,53,15.1
2024,2024ohcl,Rookie All Star Award,9767,46,53,86.8
2024,2024ohcl,Woodie Flowers Finalist Award,4467,22,53,41.5
2024,2024ohcl,FIRST Dean's List Finalist Award,4145,12,53,22.6
2024,2024ohcl,FIRST Dean's List Finalist Award,9653,48,53,90.6
2024,2024ohcl,Regional Winners,3015,1,53,1.9
2024,2024ohcl,Regional Winners,1787,3,53,5.7
2024,2024ohcl,Regional Winners,2172,38,53,71.7
2024,2024ohcl,Regional Finalists,3484,2,53,3.8
2024,2024ohcl,Regional Finalists,379,6,53,11.3
2024,2024ohcl,Regional Finalists,6181,23,53,43.4
2024,2024ohcl,Autonomous Award,3015,1,53,1.9
2024,2024ohcl,Creativity Award sponsored by Rockwell Automation,1787,3,53,5.7
2024,2024ohcl,Excellence in Engineering Award,2399,17,53,32.1
2024,2024ohcl,Gracious Professionalism Award,48,7,53,13.2
2024,2024ohcl,Imagery Award in honor of Jack Kamen,4050,15,53,28.3
2024,2024ohcl,Industrial Design Award sponsored by General Motors,4121,4,53,7.5
2024,2024ohcl,Innovation in Control Award,5413,47,53,88.7
2024,2024ohcl,Judges' Award,8222,53,53,100.0
2024,2024ohcl,Quality Award,5667,24,53,45.3
2024,2024ohcl,Rookie Inspiration Award,9597,9,53,17.0
2024,2024ohcl,Team Spirit Award,4085,21,53,39.6
2024,2024ohcl,Team Sustainability Award sponsored by Dow,4467,22,53,41.5
2024,2024ohmv,Regional FIRST Impact Award,8393,26,50,52.0
2024,2024ohmv,Regional Engineering Inspiration Award,4145,10,50,20.0
2024,2024ohmv,Woodie Flowers Finalist Award,4930,48,50,96.0
2024,2024ohmv,Volunteer of the Year,3324,37,50,74.0
2024,2024ohmv,FIRST Dean's List Finalist Award,7460,9,50,18.0
2024,2024ohmv,FIRST Dean's List Finalist Award,4467,12,50,24.0
2024,2024ohmv,Regional Winners,4028,2,50,4.0
2024,2024ohmv,Regional Winners,2614,3,50,6.0
2024,2024ohmv,Regional Winners,424,20,50,40.0
2024,2024ohmv,Regional Finalists,5667,1,50,2.0
2024,2024ohmv,Regional Finalists,4611,5,50,10.0
2024,2024ohmv,Regional Finalists,3193,23,50,46.0
2024,2024ohmv,Autonomous Award,3201,14,50,28.0
2024,2024ohmv,Creativity Award sponsored by Rockwell Automation,1038,8,50,16.0
2024,2024ohmv,Excellence in Engineering Award,4576,17,50,34.0
2024,2024ohmv,Gracious Professionalism Award,2614,3,50,6.0
2024,2024ohmv,Imagery Award in honor of Jack Kamen,3814,30,50,60.0
2024,2024ohmv,Industrial Design Award sponsored by General Motors,4611,5,50,10.0
2024,2024ohmv,Innovation in Control Award,4028,2,50,4.0
2024,2024ohmv,Judges' Award,2220,19,50,38.0
2024,2024ohmv,Quality Award,4467,12,50,24.0
2024,2024ohmv,Rookie Inspiration Award,9597,29,50,58.0
2024,2024ohmv,Team Spirit Award,1507,18,50,36.0
2024,2024ohmv,Team Sustainability Award sponsored by Dow,3492,22,50,44.0
2024,2024ohmv,Wildcard,424,20,50,40.0
2024,2024ohmv,Wildcard,5667,1,50,2.0
2024,2024ohmv,Wildcard,3193,23,50,46.0
2024,2024okok,Regional FIRST Impact Award,6647,10,48,20.8
2024,2024okok,Regional Engineering Inspiration Award,2718,30,48,62.5
2024,2024okok,Rookie All Star Award,9495,6,48,12.5
2024,2024okok,Woodie Flowers Finalist Award,3160,15,48,31.2
2024,2024okok,FIRST Dean's List Finalist Award,6647,10,48,20.8
2024,2024okok,FIRST Dean's List Finalist Award,3660,39,48,81.2
2024,2024okok,Regional Winners,2122,3,48,6.2
2024,2024okok,Regional Winners,9401,12,48,25.0
2024,2024okok,Regional Winners,2373,19,48,39.6
2024,2024okok,Regional Finalists,1561,2,48,4.2
2024,2024okok,Regional Finalists,935,18,48,37.5
2024,2024okok,Regional Finalists,1209,13,48,27.1
2024,2024okok,Autonomous Award,59,4,48,8.3
2024,2024okok,Creativity Award sponsored by Rockwell Automation,935,18,48,37.5
2024,2024okok,Excellence in Engineering Award,2122,3,48,6.2
2024,2024okok,Gracious Professionalism Award,3465,29,48,60.4
2024,2024okok,Imagery Award in honor of Jack Kamen,5119,33,48,68.8
2024,2024okok,Industrial Design Award sponsored by General Motors,1561,2,48,4.2
2024,2024okok,Innovation in Control Award,31,9,48,18.8
2024,2024okok,Judges' Award,3284,14,48,29.2
2024,2024okok,Quality Award,5889,1,48,2.1
2024,2024okok,Rookie Inspiration Award,9401,12,48,25.0
2024,2024okok,Team Spirit Award,4603,21,48,43.8
2024,2024okok,Team Sustainability Award sponsored by Dow,5013,16,48,33.3
2024,2024okok,Wildcard,2373,19,48,39.6
2024,2024okok,Wildcard,9495,6,48,12.5
2024,2024okok,Wildcard,1561,2,48,4.2
2024,2024oktu,Regional FIRST Impact Award,4499,13,43,30.2
2024,2024oktu,Regional Engineering Inspiration Award,1730,3,43,7.0
2024,2024oktu,Rookie All Star Award,9462,15,43,34.9
2024,2024oktu,Woodie Flowers Finalist Award,4499,13,43,30.2
2024,2024oktu,FIRST Dean's List Finalist Award,4499,13,43,30.2
2024,2024oktu,FIRST Dean's List Finalist Award,6424,1,43,2.3
2024,2024oktu,Regional Winners,6424,1,43,2.3
2024,2024oktu,Regional Winners,1730,3,43,7.0
2024,2024oktu,Regional Winners,3179,27,43,62.8
2024,2024oktu,Regional Winners,8711,19,43,44.2
2024,2024oktu,Regional Finalists,4329,7,43,16.3
2024,2024oktu,Regional Finalists,1561,28,43,65.1
2024,2024oktu,Regional Finalists,2945,12,43,27.9
2024,2024oktu,Regional Finalists,4523,21,43,48.8
2024,2024oktu,Autonomous Award,1561,28,43,65.1
2024,2024oktu,Creativity Award sponsored by Rockwell Automation,4500,2,43,4.7
2024,2024oktu,Excellence in Engineering Award,31,25,43,58.1
2024,2024oktu,Gracious Professionalism Award,6424,1,43,2.3
2024,2024oktu,Imagery Award in honor of Jack Kamen,4293,23,43,53.5
2024,2024oktu,Industrial Design Award sponsored by General Motors,3284,16,43,37.2
2024,2024oktu,Innovation in Control Award,118,5,43,11.6
2024,2024oktu,Judges' Award,2036,6,43,14.0
2024,2024oktu,Quality Award,2996,11,43,25.6
2024,2024oktu,Rookie Inspiration Award,9410,18,43,41.9
2024,2024oktu,Team Spirit Award,8711,19,43,44.2
2024,2024oktu,Team Sustainability Award sponsored by Dow,4329,7,43,16.3
2024,2024oktu,Wildcard,3179,27,43,62.8
2024,2024onbar,District FIRST Impact Award,1325,2,27,7.4
2024,2024onbar,District Engineering Inspiration Award,9098,5,27,18.5
2024,2024onbar,Rookie All Star Award,9782,20,27,74.1
2024,2024onbar,District Championship Dean's List Semi-Finalist,2702,6,27,22.2
2024,2024onbar,District Championship Dean's List Semi-Finalist,9098,5,27,18.5
2024,2024onbar,District Event Winner,4907,1,27,3.7
2024,2024onbar,District Event Winner,3683,3,27,11.1
2024,2024onbar,District Event Winner,5031,22,27,81.5
2024,2024onbar,District Event Finalist,1325,2,27,7.4
2024,2024onbar,District Event Finalist,2702,6,27,22.2
2024,2024onbar,District Event Finalist,9782,20,27,74.1
2024,2024onbar,Autonomous Award,3683,3,27,11.1
2024,2024onbar,Creativity Award sponsored by Rockwell Automation,288,7,27,25.9
2024,2024onbar,Excellence in Engineering Award,8081,13,27,48.1
2024,2024onbar,Gracious Professionalism Award,4015,18,27,66.7
2024,2024onbar,Imagery Award in honor of Jack Kamen,8789,21,27,77.8
2024,2024onbar,Industrial Design Award sponsored by General Motors,4917,4,27,14.8
2024,2024onbar,Innovation in Control Award,4907,1,27,3.7
2024,2024onbar,Judges' Award,8765,15,27,55.6
2024,2024onbar,Quality Award,2702,6,27,22.2
2024,2024onbar,Rookie Inspiration Award,9592,14,27,51.9
2024,2024onbar,Team Spirit Award,4688,19,27,70.4
2024,2024onbar,Team Sustainability Award sponsored by Dow,5870,9,27,33.3
2024,2024oncmp,Regional FIRST Impact Award,4039,,,
2024,2024oncmp,Regional FIRST Impact Award,4476,,,
2024,2024oncmp,Regional FIRST Impact Award,7712,,,
2024,2024oncmp,Regional Engineering Inspiration Award,3161,,,
2024,2024oncmp,District Championship Rookie All Star Award,9659,,,
2024,2024oncmp,Woodie Flowers Finalist Award,6865,,,
2024,2024oncmp,Woodie Flowers Finalist Award,4069,,,
2024,2024oncmp,FIRST Dean's List Finalist Award,4039,,,
2024,2024oncmp,FIRST Dean's List Finalist Award,2702,,,
2024,2024oncmp,FIRST Dean's List Finalist Award,5834,,,
2024,2024oncmp,FIRST Dean's List Finalist Award,3161,,,
2024,2024oncmp,District Championship Winner,2056,,,
2024,2024oncmp,District Championship Winner,4678,,,
2024,2024oncmp,District Championship Winner,9785,,,
2024,2024oncmp,District Championship Finalist,4039,,,
2024,2024oncmp,District Championship Finalist,4476,,,
2024,2024oncmp,District Championship Finalist,1310,,,
2024,2024oncmp,District Championship Finalist,8729,,,
2024,2024oncmp1,District Championship Winner,2056,1,50,2.0
2024,2024oncmp1,District Championship Winner,4678,2,50,4.0
2024,2024oncmp1,District Championship Winner,9785,33,50,66.0
2024,2024oncmp1,District Championship Finalist,4946,4,50,8.0
2024,2024oncmp1,District Championship Finalist,1241,32,50,64.0
2024,2024oncmp1,District Championship Finalist,3739,44,50,88.0
2024,2024oncmp1,Autonomous Award,2056,1,50,2.0
2024,2024oncmp1,Creativity Award sponsored by Rockwell Automation,1241,32,50,64.0
2024,2024oncmp1,Excellence in Engineering Award,8081,19,50,38.0
2024,2024oncmp1,Gracious Professionalism Award,7200,26,50,52.0
2024,2024oncmp1,Imagery Award in honor of Jack Kamen,2708,40,50,80.0
2024,2024oncmp1,Industrial Design Award sponsored by General Motors,3739,44,50,88.0
2024,2024oncmp1,Innovation in Control Award,4946,4,50,8.0
2024,2024oncmp1,Judges' Award,772,20,50,40.0
2024,2024oncmp1,Quality Award,2200,8,50,16.0
2024,2024oncmp1,Rookie Inspiration Award,9785,33,50,66.0
2024,2024oncmp1,Team Spirit Award,5834,29,50,58.0
2024,2024oncmp1,Team Sustainability Award sponsored by Dow,781,27,50,54.0
2024,2024oncmp2,District Championship Winner,4039,2,50,4.0
2024,2024oncmp2,District Championship Winner,4476,8,50,16.0
2024,2024oncmp2,District Championship Winner,1310,39,50,78.0
2024,2024oncmp2,District Championship Winner,8729,17,50,34.0
2024,2024oncmp2,District Championship Finalist,5409,7,50,14.0
2024,2024oncmp2,District Championship Finalist,7558,18,50,36.0
2024,2024oncmp2,District Championship Finalist,1285,11,50,22.0
2024,2024oncmp2,Autonomous Award,5409,7,50,14.0
2024,2024oncmp2,Creativity Award sponsored by Rockwell Automation,1285,11,50,22.0
2024,2024oncmp2,Excellence in Engineering Award,5024,14,50,28.0
2024,2024oncmp2,Gracious Professionalism Award,1325,5,50,10.0
2024,2024oncmp2,Imagery Award in honor of Jack Kamen,5885,4,50,8.0
2024,2024oncmp2,Industrial Design Award sponsored by General Motors,610,13,50,26.0
2024,2024oncmp2,Innovation in Control Award,5719,33,50,66.0
2024,2024oncmp2,Judges' Award,4951,29,50,58.0
2024,2024oncmp2,Quality Award,9098,1,50,2.0
2024,2024oncmp2,Rookie Inspiration Award,9562,42,50,84.0
2024,2024oncmp2,Team Spirit Award,4940,34,50,68.0
2024,2024oncmp2,Team Sustainability Award sponsored by Dow,2706,15,50,30.0
2024,2024onham,District FIRST Impact Award,3161,4,35,11.4
2024,2024onham,District Engineering Inspiration Award,7200,10,35,28.6
2024,2024onham,Rookie All Star Award,9575,25,35,71.4
2024,2024onham,District Championship Dean's List Semi-Finalist,1114,13,35,37.1
2024,2024onham,District Championship Dean's List Semi-Finalist,6865,32,35,91.4
2024,2024onham,District Event Winner,2056,1,35,2.9
2024,2024onham,District Event Winner,2200,3,35,8.6
2024,2024onham,District Event Winner,7509,35,35,100.0
2024,2024onham,District Event Finalist,3161,4,35,11.4
2024,2024onham,District Event Finalist,1325,17,35,48.6
2024,2024onham,District Event Finalist,4992,15,35,42.9
2024,2024onham,Autonomous Award,2056,1,35,2.9
2024,2024onham,Creativity Award sponsored by Rockwell Automation,5406,5,35,14.3
2024,2024onham,Excellence in Engineering Award,5409,2,35,5.7
2024,2024onham,Gracious Professionalism Award,4617,31,35,88.6
2024,2024onham,Imagery Award in honor of Jack Kamen,5672,22,35,62.9
2024,2024onham,Industrial Design Award sponsored by General Motors,2200,3,35,8.6
2024,2024onham,Innovation in Control Award,1285,14,35,40.0
2024,2024onham,Judges' Award,6854,27,35,77.1
2024,2024onham,Quality Award,2386,7,35,20.0
2024,2024onham,Rookie Inspiration Award,9782,18,35,51.4
2024,2024onham,Team Spirit Award,1334,11,35,31.4
2024,2024onham,Team Sustainability Award sponsored by Dow,6865,32,35,91.4
2024,2024onnew,District FIRST Impact Award,4039,2,34,5.9
2024,2024onnew,District Engineering Inspiration Award,4343,14,34,41.2
2024,2024onnew,Rookie All Star Award,9580,11,34,32.4
2024,2024onnew,District Championship Dean's List Semi-Finalist,4940,26,34,76.5
2024,2024onnew,District Championship Dean's List Semi-Finalist,4152,7,34,20.6
2024,2024onnew,District Event Winner,2056,1,34,2.9
2024,2024onnew,District Event Winner,4039,2,34,5.9
2024,2024onnew,District Event Winner,6854,33,34,97.1
2024,2024onnew,District Event Finalist,610,4,34,11.8
2024,2024onnew,District Event Finalist,4152,7,34,20.6
2024,2024onnew,District Event Finalist,865,23,34,67.6
2024,2024onnew,Autonomous Award,2056,1,34,2.9
2024,2024onnew,Creativity Award sponsored by Rockwell Automation,4152,7,34,20.6
2024,2024onnew,Excellence in Engineering Award,610,4,34,11.8
2024,2024onnew,Gracious Professionalism Award,4476,13,34,38.2
2024,2024onnew,Imagery Award in honor of Jack Kamen,2706,12,34,35.3
2024,2024onnew,Industrial Design Award sponsored by General Motors,9098,5,34,14.7
2024,2024onnew,Innovation in Control Award,5024,8,34,23.5
2024,2024onnew,Judges' Award,9062,21,34,61.8
2024,2024onnew,Quality Award,1305,3,34,8.8
2024,2024onnew,Team Spirit Award,7757,25,34,73.5
2024,2024onnew,Team Sustainability Award sponsored by Dow,771,34,34,100.0
2024,2024onnob,District FIRST Impact Award,1305,4,32,12.5
2024,2024onnob,District Engineering Inspiration Award,6865,17,32,53.1
2024,2024onnob,Rookie All Star Award,9592,28,32,87.5
2024,2024onnob,District Championship Dean's List Semi-Finalist,4039,2,32,6.2
2024,2024onnob,District Championship Dean's List Semi-Finalist,5885,15,32,46.9
2024,2024onnob,District Event Winner,865,1,32,3.1
2024,2024onnob,District Event Winner,4039,2,32,6.2
2024,2024onnob,District Event Winner,8731,31,32,96.9
2024,2024onnob,District Event Finalist,1305,4,32,12.5
2024,2024onnob,District Event Finalist,4343,6,32,18.8
2024,2024onnob,District Event Finalist,3543,25,32,78.1
2024,2024onnob,Autonomous Award,4343,6,32,18.8
2024,2024onnob,Creativity Award sponsored by Rockwell Automation,2935,7,32,21.9
2024,2024onnob,Excellence in Engineering Award,865,1,32,3.1
2024,2024onnob,Gracious Professionalism Award,6110,14,32,43.8
2024,2024onnob,Imagery Award in honor of Jack Kamen,5885,15,32,46.9
2024,2024onnob,Industrial Design Award sponsored by General Motors,2706,8,32,25.0
2024,2024onnob,Innovation in Control Award,7480,12,32,37.5
2024,2024onnob,Judges' Award,5672,30,32,93.8
2024,2024onnob,Quality Award,5409,3,32,9.4
2024,2024onnob,Rookie Inspiration Award,9589,32,32,100.0
2024,2024onnob,Team Spirit Award,1310,13,32,40.6
2024,2024onnob,Team Sustainability Award sponsored by Dow,4039,2,32,6.2
2024,2024onosh,District FIRST Impact Award,1241,2,27,7.4
2024,2024onosh,District Engineering Inspiration Award,188,15,27,55.6
2024,2024onosh,Rookie All Star Award,9569,9,27,33.3
2024,2024onosh,District Championship Dean's List Semi-Finalist,8884,6,27,22.2
2024,2024onosh,District Championship Dean's List Semi-Finalist,1285,7,27,25.9
2024,2024onosh,District Event Winner,1241,2,27,7.4
2024,2024onosh,District Event Winner,1285,7,27,25.9
2024,2024onosh,District Event Winner,9621,21,27,77.8
2024,2024onosh,District Event Finalist,5406,1,27,3.7
2024,2024onosh,District Event Finalist,5460,3,27,11.1
2024,2024onosh,District Event Finalist,3543,19,27,70.4
2024,2024onosh,Autonomous Award,2935,4,27,14.8
2024,2024onosh,Creativity Award sponsored by Rockwell Automation,781,14,27,51.9
2024,2024onosh,Excellence in Engineering Award,5460,3,27,11.1
2024,2024onosh,Gracious Professionalism Award,6110,10,27,37.0
2024,2024onosh,Imagery Award in honor of Jack Kamen,2708,24,27,88.9
2024,2024onosh,Industrial Design Award sponsored by General Motors,5406,1,27,3.7
2024,2024onosh,Innovation in Control Award,8884,6,27,22.2
2024,2024onosh,Judges' Award,7902,22,27,81.5
2024,2024onosh,Quality Award,2013,18,27,66.7
2024,2024onosh,Rookie Inspiration Award,9621,21,27,77.8
2024,2024onosh,Team Spirit Award,7712,5,27,18.5
2024,2024onosh,Team Sustainability Award sponsored by Dow,1360,23,27,85.2
2024,2024onsca,District FIRST Impact Award,7712,20,29,69.0
2024,2024onsca,District Engineering Inspiration Award,7659,6,29,20.7
2024,2024onsca,Rookie All Star Award,9562,17,29,58.6
2024,2024onsca,District Championship Dean's List Semi-Finalist,5032,14,29,48.3
2024,2024onsca,District Championship Dean's List Semi-Finalist,5834,28,29,96.6
2024,2024onsca,District Event Winner,7558,1,29,3.4
2024,2024onsca,District Event Winner,1325,3,29,10.3
2024,2024onsca,District Event Winner,5834,28,29,96.6
2024,2024onsca,District Event Finalist,7603,12,29,41.4
2024,2024onsca,District Event Finalist,7902,23,29,79.3
2024,2024onsca,District Event Finalist,7712,20,29,69.0
2024,2024onsca,Autonomous Award,7558,1,29,3.4
2024,2024onsca,Creativity Award sponsored by Rockwell Automation,188,9,29,31.0
2024,2024onsca,Excellence in Engineering Award,4069,5,29,17.2
2024,2024onsca,Gracious Professionalism Award,2852,2,29,6.9
2024,2024onsca,Imagery Award in honor of Jack Kamen,854,26,29,89.7
2024,2024onsca,Industrial Design Award sponsored by General Motors,2198,7,29,24.1
2024,2024onsca,Innovation in Control Award,5719,8,29,27.6
2024,2024onsca,Judges' Award,8574,29,29,100.0
2024,2024onsca,Quality Award,6140,19,29,65.5
2024,2024onsca,Rookie Inspiration Award,9659,15,29,51.7
2024,2024onsca,Team Spirit Award,6135,25,29,86.2
2024,2024onsca,Team Sustainability Award sponsored by Dow,1310,16,29,55.2
2024,2024ontor,District FIRST Impact Award,5719,4,28,14.3
2024,2024ontor,District Engineering Inspiration Award,3161,3,28,10.7
2024,2024ontor,Rookie All Star Award,9785,2,28,7.1
2024,2024ontor,District Championship Dean's List Semi-Finalist,8574,16,28,57.1
2024,2024ontor,District Championship Dean's List Semi-Finalist,3161,3,28,10.7
2024,2024ontor,District Event Winner,3161,3,28,10.7
2024,2024ontor,District Event Winner,4920,10,28,35.7
2024,2024ontor,District Event Winner,6140,25,28,89.3
2024,2024ontor,District Event Finalist,4946,1,28,3.6
2024,2024ontor,District Event Finalist,2200,8,28,28.6
2024,2024ontor,District Event Finalist,6397,18,28,64.3
2024,2024ontor,Autonomous Award,4920,10,28,35.7
2024,2024ontor,Creativity Award sponsored by Rockwell Automation,7558,7,28,25.0
2024,2024ontor,Excellence in Engineering Award,4308,12,28,42.9
2024,2024ontor,Gracious Professionalism Award,4946,1,28,3.6
2024,2024ontor,Imagery Award in honor of Jack Kamen,5912,9,28,32.1
2024,2024ontor,Industrial Design Award sponsored by General Motors,2200,8,28,28.6
2024,2024ontor,Innovation in Control Award,2198,11,28,39.3
2024,2024ontor,Judges' Award,8574,16,28,57.1
2024,2024ontor,Quality Award,7058,15,28,53.6
2024,2024ontor,Rookie Inspiration Award,9575,17,28,60.7
2024,2024ontor,Team Spirit Award,9262,14,28,50.0
2024,2024ontor,Team Sustainability Award sponsored by Dow,854,26,28,92.9
2024,2024onwat,District FIRST Impact Award,4476,2,30,6.7
2024,2024onwat,District Engineering Inspiration Award,772,21,30,70.0
2024,2024onwat,Rookie All Star Award,9659,26,30,86.7
2024,2024onwat,District Championship Dean's List Semi-Finalist,4476,2,30,6.7
2024,2024onwat,District Championship Dean's List Semi-Finalist,9062,18,30,60.0
2024,2024onwat,District Event Winner,4476,2,30,6.7
2024,2024onwat,District Event Winner,5024,8,30,26.7
2024,2024onwat,District Event Winner,9659,26,30,86.7
2024,2024onwat,District Event Winner,9663,22,30,73.3
2024,2024onwat,District Event Finalist,3683,1,30,3.3
2024,2024onwat,District Event Finalist,4678,3,30,10.0
2024,2024onwat,District Event Finalist,6875,24,30,80.0
2024,2024onwat,Autonomous Award,4678,3,30,10.0
2024,2024onwat,Creativity Award sponsored by Rockwell Automation,8089,5,30,16.7
2024,2024onwat,Excellence in Engineering Award,1360,10,30,33.3
2024,2024onwat,Gracious Professionalism Award,5024,8,30,26.7
2024,2024onwat,Imagery Award in honor of Jack Kamen,6992,12,30,40.0
2024,2024onwat,Industrial Design Award sponsored by General Motors,5912,11,30,36.7
2024,2024onwat,Innovation in Control Award,2702,14,30,46.7
2024,2024onwat,Judges' Award,3683,1,30,3.3
2024,2024onwat,Quality Award,4917,4,30,13.3
2024,2024onwat,Rookie Inspiration Award,9562,19,30,63.3
2024,2024onwat,Team Spirit Award,3739,25,30,83.3
2024,2024onwat,Team Sustainability Award sponsored by Dow,6070,23,30,76.7
2024,2024onwin,District FIRST Impact Award,772,13,31,41.9
2024,2024onwin,District Engineering Inspiration Award,5870,20,31,64.5
2024,2024onwin,Rookie All Star Award,9663,15,31,48.4
2024,2024onwin,District Championship Dean's List Semi-Finalist,6135,10,31,32.3
2024,2024onwin,District Championship Dean's List Semi-Finalist,8789,16,31,51.6
2024,2024onwin,District Event Winner,4678,1,31,3.2
2024,2024onwin,District Event Winner,4946,2,31,6.5
2024,2024onwin,District Event Winner,5870,20,31,64.5
2024,2024onwin,District Event Finalist,4907,3,31,9.7
2024,2024onwin,District Event Finalist,5885,9,31,29.0
2024,2024onwin,District Event Finalist,4951,31,31,100.0
2024,2024onwin,Autonomous Award,4907,3,31,9.7
2024,2024onwin,Creativity Award sponsored by Rockwell Automation,4688,12,31,38.7
2024,2024onwin,Excellence in Engineering Award,8081,6,31,19.4
2024,2024onwin,Gracious Professionalism Award,6875,18,31,58.1
2024,2024onwin,Imagery Award in honor of Jack Kamen,5885,9,31,29.0
2024,2024onwin,Industrial Design Award sponsored by General Motors,8884,7,31,22.6
2024,2024onwin,Innovation in Control Award,4920,4,31,12.9
2024,2024onwin,Judges' Award,4951,31,31,100.0
2024,2024onwin,Quality Award,3739,5,31,16.1
2024,2024onwin,Rookie Inspiration Award,9527,17,31,54.8
2024,2024onwin,Team Spirit Award,4946,2,31,6.5
2024,2024onwin,Team Sustainability Award sponsored by Dow,6135,10,31,32.3
2024,2024orbb,Winner,2471,3,19,15.8
2024,2024orbb,Winner,1844,10,19,52.6
2024,2024orbb,Winner,2733,20,19,105.3
2024,2024orbb,Winner,7448,16,19,84.2
2024,2024orbb,Finalist,2374,4,19,21.1
2024,2024orbb,Finalist,2635,9,19,47.4
2024,2024orbb,Finalist,7034,13,19,68.4
2024,2024orbb,Finalist,4043,17,19,89.5
2024,2024orore,District FIRST Impact Award,2635,18,31,58.1
2024,2024orore,District Engineering Inspiration Award,6831,26,31,83.9
2024,2024orore,Rookie All Star Award,9613,30,31,96.8
2024,2024orore,District Championship Dean's List Semi-Finalist,2557,3,31,9.7
2024,2024orore,District Championship Dean's List Semi-Finalist,2635,18,31,58.1
2024,2024orore,District Event Winner,2557,3,31,9.7
2024,2024orore,District Event Winner,3674,7,31,22.6
2024,2024orore,District Event Winner,6696,27,31,87.1
2024,2024orore,District Event Finalist,2811,1,31,3.2
2024,2024orore,District Event Finalist,4488,2,31,6.5
2024,2024orore,District Event Finalist,2550,22,31,71.0
2024,2024orore,Autonomous Award,2926,19,31,61.3
2024,2024orore,Creativity Award sponsored by Rockwell Automation,2557,3,31,9.7
2024,2024orore,Excellence in Engineering Award,2811,1,31,3.2
2024,2024orore,Gracious Professionalism Award,847,9,31,29.0
2024,2024orore,Imagery Award in honor of Jack Kamen,2733,24,31,77.4
2024,2024orore,Industrial Design Award sponsored by General Motors,6343,15,31,48.4
2024,2024orore,Innovation in Control Award,6443,14,31,45.2
2024,2024orore,Judges' Award,7034,4,31,12.9
2024,2024orore,Quality Award,4488,2,31,6.5
2024,2024orore,Rookie Inspiration Award,9430,5,31,16.1
2024,2024orore,Team Spirit Award,1359,13,31,41.9
2024,2024orore,Team Sustainability Award sponsored by Dow,5468,23,31,74.2
2024,2024orsal,District FIRST Impact Award,4125,4,27,14.8
2024,2024orsal,District Engineering Inspiration Award,2521,1,27,3.7
2024,2024orsal,District Championship Dean's List Semi-Finalist,2046,3,27,11.1
2024,2024orsal,District Championship Dean's List Semi-Finalist,957,7,27,25.9
2024,2024orsal,District Event Winner,2521,1,27,3.7
2024,2024orsal,District Event Winner,2046,3,27,11.1
2024,2024orsal,District Event Winner,3712,18,27,66.7
2024,2024orsal,District Event Finalist,4043,2,27,7.4
2024,2024orsal,District Event Finalist,3674,6,27,22.2
2024,2024orsal,District Event Finalist,753,26,27,96.3
2024,2024orsal,Autonomous Award,2471,9,27,33.3
2024,2024orsal,Creativity Award sponsored by Rockwell Automation,2046,3,27,11.1
2024,2024orsal,Excellence in Engineering Award,1540,12,27,44.4
2024,2024orsal,Gracious Professionalism Award,1359,13,27,48.1
2024,2024orsal,Imagery Award in honor of Jack Kamen,847,10,27,37.0
2024,2024orsal,Industrial Design Award sponsored by General Motors,3674,6,27,22.2
2024,2024orsal,Innovation in Control Award,3636,24,27,88.9
2024,2024orsal,Judges' Award,997,16,27,59.3
2024,2024orsal,Quality Award,4043,2,27,7.4
2024,2024orsal,Team Spirit Award,5975,25,27,92.6
2024,2024orsal,Team Sustainability Award sponsored by Dow,753,26,27,96.3
2024,2024orwil,District FIRST Impact Award,2811,4,36,11.1
2024,2024orwil,District Engineering Inspiration Award,957,13,36,36.1
2024,2024orwil,Rookie All Star Award,9600,30,36,83.3
2024,2024orwil,District Championship Dean's List Semi-Finalist,7034,10,36,27.8
2024,2024orwil,District Championship Dean's List Semi-Finalist,5295,25,36,69.4
2024,2024orwil,District Event Winner,2521,1,36,2.8
2024,2024orwil,District Event Winner,1540,7,36,19.4
2024,2024orwil,District Event Winner,6465,28,36,77.8
2024,2024orwil,District Event Finalist,4043,2,36,5.6
2024,2024orwil,District Event Finalist,2471,6,36,16.7
2024,2024orwil,District Event Finalist,997,24,36,66.7
2024,2024orwil,District Event Finalist,753,23,36,63.9
2024,2024orwil,Autonomous Award,4043,2,36,5.6
2024,2024orwil,Creativity Award sponsored by Rockwell Automation,5975,34,36,94.4
2024,2024orwil,Excellence in Engineering Award,2374,11,36,30.6
2024,2024orwil,Gracious Professionalism Award,3636,18,36,50.0
2024,2024orwil,Imagery Award in honor of Jack Kamen,2733,12,36,33.3
2024,2024orwil,Industrial Design Award sponsored by General Motors,2471,6,36,16.7
2024,2024orwil,Innovation in Control Award,1425,17,36,47.2
2024,2024orwil,Judges' Award,4692,20,36,55.6
2024,2024orwil,Quality Award,2898,19,36,52.8
2024,2024orwil,Rookie Inspiration Award,9680,22,36,61.1
2024,2024orwil,Team Spirit Award,4127,36,36,100.0
2024,2024orwil,Team Sustainability Award sponsored by Dow,2635,29,36,80.6
2024,2024paben,District FIRST Impact Award,1640,11,35,31.4
2024,2024paben,District Engineering Inspiration Award,316,12,35,34.3
2024,2024paben,District Championship Dean's List Semi-Finalist,316,12,35,34.3
2024,2024paben,District Championship Dean's List Semi-Finalist,5401,6,35,17.1
2024,2024paben,District Event Winner,5895,1,35,2.9
2024,2024paben,District Event Winner,103,5,35,14.3
2024,2024paben,District Event Winner,484,19,35,54.3
2024,2024paben,District Event Finalist,272,2,35,5.7
2024,2024paben,District Event Finalist,316,12,35,34.3
2024,2024paben,District Event Finalist,203,27,35,77.1
2024,2024paben,Autonomous Award,3314,3,35,8.6
2024,2024paben,Creativity Award sponsored by Rockwell Automation,6226,8,35,22.9
2024,2024paben,Excellence in Engineering Award,9015,15,35,42.9
2024,2024paben,Gracious Professionalism Award,321,29,35,82.9
2024,2024paben,Imagery Award in honor of Jack Kamen,4575,16,35,45.7
2024,2024paben,Industrial Design Award sponsored by General Motors,272,2,35,5.7
2024,2024paben,Innovation in Control Award,2720,13,35,37.1
2024,2024paben,Judges' Award,427,26,35,74.3
2024,2024paben,Quality Award,5895,1,35,2.9
2024,2024paben,Rookie Inspiration Award,9416,24,35,68.6
2024,2024paben,Team Spirit Award,5401,6,35,17.1
2024,2024paben,Team Sustainability Award sponsored by Dow,2016,17,35,48.6
2024,2024paca,Regional FIRST Impact Award,2614,33,50,66.0
2024,2024paca,Regional Engineering Inspiration Award,8393,29,50,58.0
2024,2024paca,Rookie All Star Award,9475,39,50,78.0
2024,2024paca,Woodie Flowers Finalist Award,325,2,50,4.0
2024,2024paca,FIRST Dean's List Finalist Award,379,4,50,8.0
2024,2024paca,FIRST Dean's List Finalist Award,2638,26,50,52.0
2024,2024paca,Regional Winners,325,2,50,4.0
2024,2024paca,Regional Winners,4611,6,50,12.0
2024,2024paca,Regional Winners,3504,20,50,40.0
2024,2024paca,Regional Finalists,144,10,50,20.0
2024,2024paca,Regional Finalists,340,35,50,70.0
2024,2024paca,Regional Finalists,4145,30,50,60.0
2024,2024paca,Autonomous Award,3015,5,50,10.0
2024,2024paca,Creativity Award sponsored by Rockwell Automation,340,35,50,70.0
2024,2024paca,Excellence in Engineering Award,2228,31,50,62.0
2024,2024paca,Gracious Professionalism Award,8096,38,50,76.0
2024,2024paca,Imagery Award in honor of Jack Kamen,144,10,50,20.0
2024,2024paca,Industrial Design Award sponsored by General Motors,4611,6,50,12.0
2024,2024paca,Innovation in Control Award,4150,18,50,36.0
2024,2024paca,Judges' Award,2638,26,50,52.0
2024,2024paca,Quality Award,4145,30,50,60.0
2024,2024paca,Rookie Inspiration Award,9415,49,50,98.0
2024,2024paca,Team Spirit Award,1787,1,50,2.0
2024,2024paca,Team Sustainability Award sponsored by Dow,5740,27,50,54.0
2024,2024paca,Wildcard,3504,20,50,40.0
2024,2024pahat,District FIRST Impact Award,2590,7,33,21.2
2024,2024pahat,District Engineering Inspiration Award,2539,1,33,3.0
2024,2024pahat,District Championship Dean's List Semi-Finalist,341,3,33,9.1
2024,2024pahat,District Championship Dean's List Semi-Finalist,433,23,33,69.7
2024,2024pahat,District Event Winner,2539,1,33,3.0
2024,2024pahat,District Event Winner,5895,2,33,6.1
2024,2024pahat,District Event Winner,9027,26,33,78.8
2024,2024pahat,District Event Finalist,341,3,33,9.1
2024,2024pahat,District Event Finalist,1168,5,33,15.2
2024,2024pahat,District Event Finalist,6226,16,33,48.5
2024,2024pahat,Autonomous Award,1089,18,33,54.5
2024,2024pahat,Creativity Award sponsored by Rockwell Automation,1168,5,33,15.2
2024,2024pahat,Excellence in Engineering Award,341,3,33,9.1
2024,2024pahat,Gracious Professionalism Award,1403,4,33,12.1
2024,2024pahat,Imagery Award in honor of Jack Kamen,427,10,33,30.3
2024,2024pahat,Industrial Design Award sponsored by General Motors,708,15,33,45.5
2024,2024pahat,Innovation in Control Award,4285,8,33,24.2
2024,2024pahat,Judges' Award,1143,27,33,81.8
2024,2024pahat,Quality Award,5895,2,33,6.1
2024,2024pahat,Team Spirit Award,5401,22,33,66.7
2024,2024pahat,Team Sustainability Award sponsored by Dow,5181,11,33,33.3
2024,2024paphi,District FIRST Impact Award,1218,7,29,24.1
2024,2024paphi,District Engineering Inspiration Award,1391,5,29,17.2
2024,2024paphi,Rookie All Star Award,9416,25,29,86.2
2024,2024paphi,District Championship Dean's List Semi-Finalist,2539,1,29,3.4
2024,2024paphi,District Championship Dean's List Semi-Finalist,365,11,29,37.9
2024,2024paphi,District Event Winner,2539,1,29,3.4
2024,2024paphi,District Event Winner,341,2,29,6.9
2024,2024paphi,District Event Winner,5407,22,29,75.9
2024,2024paphi,District Event Finalist,2495,9,29,31.0
2024,2024paphi,District Event Finalist,1811,15,29,51.7
2024,2024paphi,District Event Finalist,204,27,29,93.1
2024,2024paphi,Autonomous Award,2495,9,29,31.0
2024,2024paphi,Creativity Award sponsored by Rockwell Automation,1168,8,29,27.6
2024,2024paphi,Excellence in Engineering Award,341,2,29,6.9
2024,2024paphi,Gracious Professionalism Award,2607,4,29,13.8
2024,2024paphi,Imagery Award in honor of Jack Kamen,5113,18,29,62.1
2024,2024paphi,Industrial Design Award sponsored by General Motors,9094,3,29,10.3
2024,2024paphi,Innovation in Control Award,365,11,29,37.9
2024,2024paphi,Judges' Award,4637,21,29,72.4
2024,2024paphi,Quality Award,2539,1,29,3.4
2024,2024paphi,Team Spirit Award,4342,17,29,58.6
2024,2024paphi,Team Sustainability Award sponsored by Dow,5181,6,29,20.7
2024,2024pncmp,Regional FIRST Impact Award,4131,45,50,90.0
2024,2024pncmp,Regional FIRST Impact Award,4125,34,50,68.0
2024,2024pncmp,Regional Engineering Inspiration Award,2412,43,50,86.0
2024,2024pncmp,District Championship Rookie All Star Award,9450,,50,
2024,2024pncmp,District Championship Rookie All Star Award,9613,,50,
2024,2024pncmp,FIRST Dean's List Finalist Award,4061,,50,
2024,2024pncmp,FIRST Dean's List Finalist Award,4131,45,50,90.0
2024,2024pncmp,FIRST Dean's List Finalist Award,9023,4,50,8.0
2024,2024pncmp,FIRST Dean's List Finalist Award,7461,,50,
2024,2024pncmp,District Championship Winner,1318,8,50,16.0
2024,2024pncmp,District Championship Winner,1540,18,50,36.0
2024,2024pncmp,District Championship Winner,6443,29,50,58.0
2024,2024pncmp,District Championship Finalist,2811,2,50,4.0
2024,2024pncmp,District Championship Finalist,2521,5,50,10.0
2024,2024pncmp,District Championship Finalist,1899,13,50,26.0
2024,2024pncmp,District Championship Finalist,3674,20,50,40.0
2024,2024pncmp,Autonomous Award,2930,10,50,20.0
2024,2024pncmp,Creativity Award sponsored by Rockwell Automation,9430,28,50,56.0
2024,2024pncmp,Excellence in Engineering Award,1983,46,50,92.0
2024,2024pncmp,Gracious Professionalism Award,9036,22,50,44.0
2024,2024pncmp,Imagery Award in honor of Jack Kamen,1778,6,50,12.0
2024,2024pncmp,Industrial Design Award sponsored by General Motors,2046,1,50,2.0
2024,2024pncmp,Innovation in Control Award,2910,12,50,24.0
2024,2024pncmp,Judges' Award,4450,11,50,22.0
2024,2024pncmp,Quality Award,6443,29,50,58.0
2024,2024pncmp,Rookie Inspiration Award,9442,15,50,30.0
2024,2024pncmp,Team Spirit Award,9023,4,50,8.0
2024,2024pncmp,Team Sustainability Award sponsored by Dow,2926,23,50,46.0
2024,2024qcmo,Regional FIRST Impact Award,3990,2,40,5.0
2024,2024qcmo,Regional Engineering Inspiration Award,3544,8,40,20.0
2024,2024qcmo,Rookie All Star Award,9624,19,40,47.5
2024,2024qcmo,Woodie Flowers Finalist Award,3986,11,40,27.5
2024,2024qcmo,FIRST Dean's List Finalist Award,2626,18,40,45.0
2024,2024qcmo,FIRST Dean's List Finalist Award,3986,11,40,27.5
2024,2024qcmo,Regional Winners,7605,1,40,2.5
2024,2024qcmo,Regional Winners,3990,2,40,5.0
2024,2024qcmo,Regional Winners,4952,25,40,62.5
2024,2024qcmo,Regional Finalists,3996,4,40,10.0
2024,2024qcmo,Regional Finalists,5528,7,40,17.5
2024,2024qcmo,Regional Finalists,4955,37,40,92.5
2024,2024qcmo,Regional Finalists,3550,20,40,50.0
2024,2024qcmo,Autonomous Award,5439,3,40,7.5
2024,2024qcmo,Creativity Award sponsored by Rockwell Automation,3996,4,40,10.0
2024,2024qcmo,Excellence in Engineering Award,7605,1,40,2.5
2024,2024qcmo,Gracious Professionalism Award,3975,17,40,42.5
2024,2024qcmo,Imagery Award in honor of Jack Kamen,3550,20,40,50.0
2024,2024qcmo,Industrial Design Award sponsored by General Motors,5528,7,40,17.5
2024,2024qcmo,Innovation in Control Award,4947,5,40,12.5
2024,2024qcmo,Judges' Award,2626,18,40,45.0
2024,2024qcmo,Quality Award,3360,9,40,22.5
2024,2024qcmo,Rookie Inspiration Award,9623,24,40,60.0
2024,2024qcmo,Team Spirit Award,9102,33,40,82.5
2024,2024qcmo,Team Sustainability Award sponsored by Dow,5618,6,40,15.0
2024,2024qcmo,Wildcard,4952,25,40,62.5
2024,2024rikin,District FIRST Impact Award,5112,24,28,85.7
2024,2024rikin,District Engineering Inspiration Award,1071,6,28,21.4
2024,2024rikin,District Championship Dean's List Semi-Finalist,8085,1,28,3.6
2024,2024rikin,District Championship Dean's List Semi-Finalist,4925,26,28,92.9
2024,2024rikin,District Event Winner,8085,1,28,3.6
2024,2024rikin,District Event Winner,1768,5,28,17.9
2024,2024rikin,District Event Winner,3719,19,28,67.9
2024,2024rikin,District Event Finalist,4909,2,28,7.1
2024,2024rikin,District Event Finalist,1058,7,28,25.0
2024,2024rikin,District Event Finalist,8544,28,28,100.0
2024,2024rikin,District Event Finalist,6690,22,28,78.6
2024,2024rikin,Autonomous Award,1768,5,28,17.9
2024,2024rikin,Creativity Award sponsored by Rockwell Automation,4905,10,28,35.7
2024,2024rikin,Excellence in Engineering Award,1058,7,28,25.0
2024,2024rikin,Gracious Professionalism Award,175,8,28,28.6
2024,2024rikin,Imagery Award in honor of Jack Kamen,663,12,28,42.9
2024,2024rikin,Industrial Design Award sponsored by General Motors,4909,2,28,7.1
2024,2024rikin,Innovation in Control Award,3464,9,28,32.1
2024,2024rikin,Judges' Award,8085,1,28,3.6
2024,2024rikin,Quality Award,190,4,28,14.3
2024,2024rikin,Team Spirit Award,7153,21,28,75.0
2024,2024rikin,Team Sustainability Award sponsored by Dow,181,18,28,64.3
2024,2024scand,District FIRST Impact Award,3489,12,32,37.5
2024,2024scand,District Engineering Inspiration Award,8575,11,32,34.4
2024,2024scand,Rookie All Star Award,9477,9,32,28.1
2024,2024scand,District Championship Dean's List Semi-Finalist,2815,8,32,25.0
2024,2024scand,District Championship Dean's List Semi-Finalist,2974,1,32,3.1
2024,2024scand,District Event Winner,2974,1,32,3.1
2024,2024scand,District Event Winner,343,3,32,9.4
2024,2024scand,District Event Winner,3091,25,32,78.1
2024,2024scand,District Event Finalist,3490,10,32,31.2
2024,2024scand,District Event Finalist,1051,18,32,56.2
2024,2024scand,District Event Finalist,3329,32,32,100.0
2024,2024scand,District Event Finalist,1319,29,32,90.6
2024,2024scand,Autonomous Award,343,3,32,9.4
2024,2024scand,Creativity Award sponsored by Rockwell Automation,4533,6,32,18.8
2024,2024scand,Excellence in Engineering Award,5130,17,32,53.1
2024,2024scand,Gracious Professionalism Award,342,7,32,21.9
2024,2024scand,Imagery Award in honor of Jack Kamen,1319,29,32,90.6
2024,2024scand,Industrial Design Award sponsored by General Motors,1287,27,32,84.4
2024,2024scand,Innovation in Control Award,4451,4,32,12.5
2024,2024scand,Judges' Award,6366,2,32,6.2
2024,2024scand,Quality Award,281,5,32,15.6
2024,2024scand,Rookie Inspiration Award,9571,16,32,50.0
2024,2024scand,Team Spirit Award,6961,15,32,46.9
2024,2024scand,Team Sustainability Award sponsored by Dow,2815,8,32,25.0
2024,2024sccha,District FIRST Impact Award,342,4,29,13.8
2024,2024sccha,District Engineering Inspiration Award,3489,26,29,89.7
2024,2024sccha,District Championship Dean's List Semi-Finalist,3489,26,29,89.7
2024,2024sccha,District Championship Dean's List Semi-Finalist,342,4,29,13.8
2024,2024sccha,District Event Winner,1102,1,29,3.4
2024,2024sccha,District Event Winner,343,2,29,6.9
2024,2024sccha,District Event Winner,1319,20,29,69.0
2024,2024sccha,District Event Finalist,1287,3,29,10.3
2024,2024sccha,District Event Finalist,6366,5,29,17.2
2024,2024sccha,District Event Finalist,7104,28,29,96.6
2024,2024sccha,Autonomous Award,1102,1,29,3.4
2024,2024sccha,Creativity Award sponsored by Rockwell Automation,2815,10,29,34.5
2024,2024sccha,Excellence in Engineering Award,4533,9,29,31.0
2024,2024sccha,Gracious Professionalism Award,3490,8,29,27.6
2024,2024sccha,Imagery Award in honor of Jack Kamen,6366,5,29,17.2
2024,2024sccha,Industrial Design Award sponsored by General Motors,5130,17,29,58.6
2024,2024sccha,Innovation in Control Award,1287,3,29,10.3
2024,2024sccha,Judges' Award,4701,27,29,93.1
2024,2024sccha,Quality Award,281,6,29,20.7
2024,2024sccha,Rookie Inspiration Award,9571,12,29,41.4
2024,2024sccha,Team Spirit Award,6925,7,29,24.1
2024,2024sccha,Team Sustainability Award sponsored by Dow,8575,11,29,37.9
2024,2024sunshow,Engineering Inspiration Award,7419,15,40,37.5
2024,2024sunshow,Winner,5940,1,40,2.5
2024,2024sunshow,Winner,254,2,40,5.0
2024,2024sunshow,Winner,5924,23,40,57.5
2024,2024sunshow,Winner,5507,28,40,70.0
2024,2024sunshow,Finalist,604,3,40,7.5
2024,2024sunshow,Finalist,1678,5,40,12.5
2024,2024sunshow,Finalist,6238,26,40,65.0
2024,2024sunshow,Finalist,696,29,40,72.5
2024,2024sunshow,Controls and Automation Award,846,36,40,90.0
2024,2024sunshow,Engineering Excellence Award,6418,13,40,32.5
2024,2024sunshow,Entrepreneurship and Sustainability Award,1868,18,40,45.0
2024,2024sunshow,Gracious Professionalism Award,7413,37,40,92.5
2024,2024sunshow,Innovation and Creativity Award,696,29,40,72.5
2024,2024sunshow,Judges' Award,9143,40,40,100.0
2024,2024sunshow,Marketing and Branding Award,766,7,40,17.5
2024,2024sunshow,Moonshot Thinking Award,5419,30,40,75.0
2024,2024sunshow,Quality and Reliability Award,840,8,40,20.0
2024,2024tnkn,Regional FIRST Impact Award,7428,4,33,12.1
2024,2024tnkn,Regional Engineering Inspiration Award,1014,31,33,93.9
2024,2024tnkn,Rookie All Star Award,9668,32,33,97.0
2024,2024tnkn,Woodie Flowers Finalist Award,1466,6,33,18.2
2024,2024tnkn,FIRST Dean's List Finalist Award,9097,30,33,90.9
2024,2024tnkn,FIRST Dean's List Finalist Award,4265,19,33,57.6
2024,2024tnkn,Regional Winners,801,1,33,3.0
2024,2024tnkn,Regional Winners,4020,2,33,6.1
2024,2024tnkn,Regional Winners,4630,27,33,81.8
2024,2024tnkn,Regional Finalists,6517,3,33,9.1
2024,2024tnkn,Regional Finalists,4265,19,33,57.6
2024,2024tnkn,Regional Finalists,1014,31,33,93.9
2024,2024tnkn,Autonomous Award,801,1,33,3.0
2024,2024tnkn,Creativity Award sponsored by Rockwell Automation,1466,6,33,18.2
2024,2024tnkn,Excellence in Engineering Award,6517,3,33,9.1
2024,2024tnkn,Gracious Professionalism Award,234,14,33,42.4
2024,2024tnkn,Imagery Award in honor of Jack Kamen,6107,20,33,60.6
2024,2024tnkn,Industrial Design Award sponsored by General Motors,1592,12,33,36.4
2024,2024tnkn,Innovation in Control Award,4020,2,33,6.1
2024,2024tnkn,Judges' Award,3843,16,33,48.5
2024,2024tnkn,Quality Award,4265,19,33,57.6
2024,2024tnkn,Team Spirit Award,9097,30,33,90.9
2024,2024tnkn,Team Sustainability Award sponsored by Dow,7431,10,33,30.3
2024,2024tuhc,Regional FIRST Impact Award,6429,2,52,3.8
2024,2024tuhc,Regional Engineering Inspiration Award,8159,5,52,9.6
2024,2024tuhc,Rookie All Star Award,9692,3,52,5.8
2024,2024tuhc,Woodie Flowers Finalist Award,6429,2,52,3.8
2024,2024tuhc,FIRST Dean's List Finalist Award,8058,15,52,28.8
2024,2024tuhc,FIRST Dean's List Finalist Award,9523,26,52,50.0
2024,2024tuhc,Regional Winners,8214,1,52,1.9
2024,2024tuhc,Regional Winners,9609,4,52,7.7
2024,2024tuhc,Regional Winners,9523,26,52,50.0
2024,2024tuhc,Regional Finalists,9692,3,52,5.8
2024,2024tuhc,Regional Finalists,6838,8,52,15.4
2024,2024tuhc,Regional Finalists,7672,39,52,75.0
2024,2024tuhc,Autonomous Award,7444,13,52,25.0
2024,2024tuhc,Creativity Award sponsored by Rockwell Automation,7522,18,52,34.6
2024,2024tuhc,Excellence in Engineering Award,9609,4,52,7.7
2024,2024tuhc,Gracious Professionalism Award,2905,6,52,11.5
2024,2024tuhc,Imagery Award in honor of Jack Kamen,8042,42,52,80.8
2024,2024tuhc,Industrial Design Award sponsored by General Motors,8214,1,52,1.9
2024,2024tuhc,Innovation in Control Award,6985,9,52,17.3
2024,2024tuhc,Judges' Award,9231,7,52,13.5
2024,2024tuhc,Quality Award,6417,27,52,51.9
2024,2024tuhc,Rookie Inspiration Award,9690,49,52,94.2
2024,2024tuhc,Team Spirit Award,9247,32,52,61.5
2024,2024tuhc,Team Sustainability Award sponsored by Dow,4191,46,52,88.5
2024,2024tuis,Regional FIRST Impact Award,6014,43,51,84.3
2024,2024tuis,Regional Engineering Inspiration Award,4191,45,51,88.2
2024,2024tuis,Rookie All Star Award,9647,46,51,90.2
2024,2024tuis,Woodie Flowers Finalist Award,6436,16,51,31.4
2024,2024tuis,FIRST Dean's List Finalist Award,8784,22,51,43.1
2024,2024tuis,FIRST Dean's List Finalist Award,7539,5,51,9.8
2024,2024tuis,Regional Winners,8613,1,51,2.0
2024,2024tuis,Regional Winners,6941,4,51,7.8
2024,2024tuis,Regional Winners,8780,29,51,56.9
2024,2024tuis,Regional Finalists,8806,2,51,3.9
2024,2024tuis,Regional Finalists,7632,3,51,5.9
2024,2024tuis,Regional Finalists,8127,23,51,45.1
2024,2024tuis,Autonomous Award,8613,1,51,2.0
2024,2024tuis,Creativity Award sponsored by Rockwell Automation,8561,7,51,13.7
2024,2024tuis,Excellence in Engineering Award,2905,8,51,15.7
2024,2024tuis,Gracious Professionalism Award,9024,31,51,60.8
2024,2024tuis,Imagery Award in honor of Jack Kamen,9155,35,51,68.6
2024,2024tuis,Industrial Design Award sponsored by General Motors,6941,4,51,7.8
2024,2024tuis,Innovation in Control Award,8806,2,51,3.9
2024,2024tuis,Judges' Award,9247,50,51,98.0
2024,2024tuis,Quality Award,7632,3,51,5.9
2024,2024tuis,Rookie Inspiration Award,9440,51,51,100.0
2024,2024tuis,Team Spirit Award,9231,26,51,51.0
2024,2024tuis,Team Sustainability Award sponsored by Dow,8264,30,51,58.8
2024,2024tuis2,Regional FIRST Impact Award,8153,34,51,66.7
2024,2024tuis2,Regional Engineering Inspiration Award,6988,46,51,90.2
2024,2024tuis2,Rookie All Star Award,9610,49,51,96.1
2024,2024tuis2,Woodie Flowers Finalist Award,6988,46,51,90.2
2024,2024tuis2,FIRST Dean's List Finalist Award,9610,49,51,96.1
2024,2024tuis2,FIRST Dean's List Finalist Award,8153,34,51,66.7
2024,2024tuis2,Regional Winners,4613,1,51,2.0
2024,2024tuis2,Regional Winners,9483,7,51,13.7
2024,2024tuis2,Regional Winners,8056,28,51,54.9
2024,2024tuis2,Regional Finalists,8570,2,51,3.9
2024,2024tuis2,Regional Finalists,6459,4,51,7.8
2024,2024tuis2,Regional Finalists,8058,18,51,35.3
2024,2024tuis2,Autonomous Award,8054,3,51,5.9
2024,2024tuis2,Creativity Award sponsored by Rockwell Automation,8806,9,51,17.6
2024,2024tuis2,Excellence in Engineering Award,6941,5,51,9.8
2024,2024tuis2,Gracious Professionalism Award,8795,16,51,31.4
2024,2024tuis2,Imagery Award in honor of Jack Kamen,9043,37,51,72.5
2024,2024tuis2,Industrial Design Award sponsored by General Motors,4613,1,51,2.0
2024,2024tuis2,Innovation in Control Award,9483,7,51,13.7
2024,2024tuis2,Judges' Award,8570,2,51,3.9
2024,2024tuis2,Quality Award,6459,4,51,7.8
2024,2024tuis2,Rookie Inspiration Award,9647,31,51,60.8
2024,2024tuis2,Team Spirit Award,6014,8,51,15.7
2024,2024tuis2,Team Sustainability Award sponsored by Dow,5665,19,51,37.3
2024,2024tuis2,Wildcard,8056,28,51,54.9
2024,2024tuis3,Regional FIRST Impact Award,8054,3,53,5.7
2024,2024tuis3,Regional Engineering Inspiration Award,6989,23,53,43.4
2024,2024tuis3,Rookie All Star Award,9690,34,53,64.2
2024,2024tuis3,Woodie Flowers Finalist Award,8159,9,53,17.0
2024,2024tuis3,FIRST Dean's List Finalist Award,8151,51,53,96.2
2024,2024tuis3,FIRST Dean's List Finalist Award,9077,32,53,60.4
2024,2024tuis3,Regional Winners,9483,1,53,1.9
2024,2024tuis3,Regional Winners,6459,4,53,7.5
2024,2024tuis3,Regional Winners,9694,24,53,45.3
2024,2024tuis3,Regional Finalists,8054,3,53,5.7
2024,2024tuis3,Regional Finalists,7576,7,53,13.2
2024,2024tuis3,Regional Finalists,6940,33,53,62.3
2024,2024tuis3,Autonomous Award,9483,1,53,1.9
2024,2024tuis3,Creativity Award sponsored by Rockwell Automation,6417,47,53,88.7
2024,2024tuis3,Excellence in Engineering Award,9692,12,53,22.6
2024,2024tuis3,Gracious Professionalism Award,7539,6,53,11.3
2024,2024tuis3,Imagery Award in honor of Jack Kamen,9545,16,53,30.2
2024,2024tuis3,Industrial Design Award sponsored by General Motors,6024,30,53,56.6
2024,2024tuis3,Innovation in Control Award,6459,4,53,7.5
2024,2024tuis3,Judges' Award,5665,5,53,9.4
2024,2024tuis3,Quality Award,7576,7,53,13.2
2024,2024tuis3,Rookie Inspiration Award,9583,39,53,73.6
2024,2024tuis3,Team Spirit Award,8182,49,53,92.5
2024,2024tuis3,Team Sustainability Award sponsored by Dow,8159,9,53,17.0
2024,2024tuis3,Wildcard,9694,24,53,45.3
2024,2024txama,District FIRST Impact Award,6369,12,38,31.6
2024,2024txama,District Engineering Inspiration Award,4063,2,38,5.3
2024,2024txama,Rookie All Star Award,9620,30,38,78.9
2024,2024txama,District Championship Dean's List Semi-Finalist,4063,2,38,5.3
2024,2024txama,District Championship Dean's List Semi-Finalist,9620,30,38,78.9
2024,2024txama,District Event Winner,4206,1,38,2.6
2024,2024txama,District Event Winner,4063,2,38,5.3
2024,2024txama,District Event Winner,7088,35,38,92.1
2024,2024txama,District Event Winner,4192,4,38,10.5
2024,2024txama,District Event Winner,4153,11,38,28.9
2024,2024txama,District Event Winner,457,21,38,55.3
2024,2024txama,District Event Finalist,3676,6,38,15.8
2024,2024txama,District Event Finalist,9136,8,38,21.1
2024,2024txama,District Event Finalist,8528,18,38,47.4
2024,2024txama,District Event Finalist,1164,7,38,18.4
2024,2024txama,District Event Finalist,2789,16,38,42.1
2024,2024txama,District Event Finalist,6768,28,38,73.7
2024,2024txama,Autonomous Award,4206,1,38,2.6
2024,2024txama,Creativity Award sponsored by Rockwell Automation,7125,34,38,89.5
2024,2024txama,Excellence in Engineering Award,5411,5,38,13.2
2024,2024txama,Gracious Professionalism Award,6974,25,38,65.8
2024,2024txama,Imagery Award in honor of Jack Kamen,9492,27,38,71.1
2024,2024txama,Industrial Design Award sponsored by General Motors,1164,7,38,18.4
2024,2024txama,Innovation in Control Award,4192,4,38,10.5
2024,2024txama,Judges' Award,9137,32,38,84.2
2024,2024txama,Quality Award,9080,3,38,7.9
2024,2024txama,Rookie Inspiration Award,9457,26,38,68.4
2024,2024txama,Team Spirit Award,9136,8,38,21.1
2024,2024txama,Team Sustainability Award sponsored by Dow,4153,11,38,28.9
2024,2024txbel,District FIRST Impact Award,6357,38,42,90.5
2024,2024txbel,District Engineering Inspiration Award,2583,11,42,26.2
2024,2024txbel,Rookie All Star Award,9418,5,42,11.9
2024,2024txbel,District Championship Dean's List Semi-Finalist,9448,16,42,38.1
2024,2024txbel,District Championship Dean's List Semi-Finalist,418,3,42,7.1
2024,2024txbel,District Event Winner,3847,1,42,2.4
2024,2024txbel,District Event Winner,5414,4,42,9.5
2024,2024txbel,District Event Winner,9054,35,42,83.3
2024,2024txbel,District Event Finalist,9121,8,42,19.0
2024,2024txbel,District Event Finalist,6369,12,42,28.6
2024,2024txbel,District Event Finalist,5503,18,42,42.9
2024,2024txbel,Autonomous Award,3847,1,42,2.4
2024,2024txbel,Creativity Award sponsored by Rockwell Automation,418,3,42,7.1
2024,2024txbel,Excellence in Engineering Award,8019,6,42,14.3
2024,2024txbel,Gracious Professionalism Award,5414,4,42,9.5
2024,2024txbel,Imagery Award in honor of Jack Kamen,8507,9,42,21.4
2024,2024txbel,Industrial Design Award sponsored by General Motors,8749,10,42,23.8
2024,2024txbel,Innovation in Control Award,5892,2,42,4.8
2024,2024txbel,Judges' Award,4332,22,42,52.4
2024,2024txbel,Quality Award,5503,18,42,42.9
2024,2024txbel,Rookie Inspiration Award,9524,34,42,81.0
2024,2024txbel,Team Spirit Award,8598,13,42,31.0
2024,2024txbel,Team Sustainability Award sponsored by Dow,6369,12,42,28.6
2024,2024txcle,District FIRST Impact Award,118,2,35,5.7
2024,2024txcle,District Engineering Inspiration Award,2587,18,35,51.4
2024,2024txcle,Rookie All Star Award,9514,32,35,91.4
2024,2024txcle,District Championship Dean's List Semi-Finalist,2158,21,35,60.0
2024,2024txcle,District Championship Dean's List Semi-Finalist,324,5,35,14.3
2024,2024txcle,District Event Winner,118,2,35,5.7
2024,2024txcle,District Event Winner,5892,4,35,11.4
2024,2024txcle,District Event Winner,9081,29,35,82.9
2024,2024txcle,District Event Finalist,324,5,35,14.3
2024,2024txcle,District Event Finalist,5427,8,35,22.9
2024,2024txcle,District Event Finalist,5052,22,35,62.9
2024,2024txcle,Autonomous Award,9128,3,35,8.6
2024,2024txcle,Creativity Award sponsored by Rockwell Automation,9289,30,35,85.7
2024,2024txcle,Excellence in Engineering Award,5892,4,35,11.4
2024,2024txcle,Gracious Professionalism Award,324,5,35,14.3
2024,2024txcle,Imagery Award in honor of Jack Kamen,7418,19,35,54.3
2024,2024txcle,Industrial Design Award sponsored by General Motors,8177,9,35,25.7
2024,2024txcle,Innovation in Control Award,5427,8,35,22.9
2024,2024txcle,Judges' Award,7312,6,35,17.1
2024,2024txcle,Quality Award,231,1,35,2.9
2024,2024txcle,Rookie Inspiration Award,9516,35,35,100.0
2024,2024txcle,Team Spirit Award,5052,22,35,62.9
2024,2024txcle,Team Sustainability Award sponsored by Dow,3035,15,35,42.9
2024,2024txcmp,Regional FIRST Impact Award,118,,,
2024,2024txcmp,Regional FIRST Impact Award,2468,,,
2024,2024txcmp,Regional Engineering Inspiration Award,8019,,,
2024,2024txcmp,Regional Engineering Inspiration Award,5417,,,
2024,2024txcmp,District Championship Rookie All Star Award,9418,,,
2024,2024txcmp,District Championship Rookie All Star Award,9478,,,
2024,2024txcmp,Woodie Flowers Finalist Award,8019,,,
2024,2024txcmp,Woodie Flowers Finalist Award,4717,,,
2024,2024txcmp,FIRST Dean's List Finalist Award,2468,,,
2024,2024txcmp,FIRST Dean's List Finalist Award,2468,,,
2024,2024txcmp,FIRST Dean's List Finalist Award,9181,,,
2024,2024txcmp,FIRST Dean's List Finalist Award,9478,,,
2024,2024txcmp,FIRST Dean's List Finalist Award,2158,,,
2024,2024txcmp,District Championship Winner,3005,,,
2024,2024txcmp,District Championship Winner,118,,,
2024,2024txcmp,District Championship Winner,5892,,,
2024,2024txcmp,District Championship Finalist,624,,,
2024,2024txcmp,District Championship Finalist,3310,,,
2024,2024txcmp,District Championship Finalist,2689,,,
2024,2024txcmp1,District Championship Winner,3005,1,43,2.3
2024,2024txcmp1,District Championship Winner,118,2,43,4.7
2024,2024txcmp1,District Championship Winner,5892,23,43,53.5
2024,2024txcmp1,District Championship Finalist,6672,3,43,7.0
2024,2024txcmp1,District Championship Finalist,2468,14,43,32.6
2024,2024txcmp1,District Championship Finalist,6357,25,43,58.1
2024,2024txcmp1,Autonomous Award,418,18,43,41.9
2024,2024txcmp1,Creativity Award sponsored by Rockwell Automation,1745,13,43,30.2
2024,2024txcmp1,Excellence in Engineering Award,4639,5,43,11.6
2024,2024txcmp1,Gracious Professionalism Award,2582,6,43,14.0
2024,2024txcmp1,Imagery Award in honor of Jack Kamen,6357,25,43,58.1
2024,2024txcmp1,Industrial Design Award sponsored by General Motors,6672,3,43,7.0
2024,2024txcmp1,Innovation in Control Award,1477,9,43,20.9
2024,2024txcmp1,Judges' Award,3005,1,43,2.3
2024,2024txcmp1,Quality Award,2881,15,43,34.9
2024,2024txcmp1,Rookie Inspiration Award,9492,32,43,74.4
2024,2024txcmp1,Team Spirit Award,5411,29,43,67.4
2024,2024txcmp1,Team Sustainability Award sponsored by Dow,8573,26,43,60.5
2024,2024txcmp2,District Championship Winner,624,4,43,9.3
2024,2024txcmp2,District Championship Winner,3310,13,43,30.2
2024,2024txcmp2,District Championship Winner,2689,23,43,53.5
2024,2024txcmp2,District Championship Finalist,3847,1,43,2.3
2024,2024txcmp2,District Championship Finalist,148,5,43,11.6
2024,2024txcmp2,District Championship Finalist,8874,25,43,58.1
2024,2024txcmp2,Autonomous Award,3847,1,43,2.3
2024,2024txcmp2,Creativity Award sponsored by Rockwell Automation,8749,37,43,86.0
2024,2024txcmp2,Excellence in Engineering Award,2714,30,43,69.8
2024,2024txcmp2,Gracious Professionalism Award,5414,17,43,39.5
2024,2024txcmp2,Imagery Award in honor of Jack Kamen,9181,38,43,88.4
2024,2024txcmp2,Industrial Design Award sponsored by General Motors,6800,3,43,7.0
2024,2024txcmp2,Innovation in Control Award,624,4,43,9.3
2024,2024txcmp2,Judges' Award,4206,2,43,4.7
2024,2024txcmp2,Quality Award,8177,32,43,74.4
2024,2024txcmp2,Rookie Inspiration Award,9512,41,43,95.3
2024,2024txcmp2,Team Spirit Award,2882,42,43,97.7
2024,2024txcmp2,Team Sustainability Award sponsored by Dow,4192,15,43,34.9
2024,2024txdal,District FIRST Impact Award,1296,3,43,7.0
2024,2024txdal,District Engineering Inspiration Award,8019,7,43,16.3
2024,2024txdal,Rookie All Star Award,9506,36,43,83.7
2024,2024txdal,District Championship Dean's List Semi-Finalist,2714,10,43,23.3
2024,2024txdal,District Championship Dean's List Semi-Finalist,2714,10,43,23.3
2024,2024txdal,District Event Winner,148,1,43,2.3
2024,2024txdal,District Event Winner,6672,2,43,4.7
2024,2024txdal,District Event Winner,8858,18,43,41.9
2024,2024txdal,District Event Finalist,1296,3,43,7.0
2024,2024txdal,District Event Finalist,2714,10,43,23.3
2024,2024txdal,District Event Finalist,5212,15,43,34.9
2024,2024txdal,Autonomous Award,4641,6,43,14.0
2024,2024txdal,Creativity Award sponsored by Rockwell Automation,8749,29,43,67.4
2024,2024txdal,Excellence in Engineering Award,148,1,43,2.3
2024,2024txdal,Gracious Professionalism Award,2583,35,43,81.4
2024,2024txdal,Imagery Award in honor of Jack Kamen,5431,22,43,51.2
2024,2024txdal,Industrial Design Award sponsored by General Motors,6672,2,43,4.7
2024,2024txdal,Innovation in Control Award,6357,23,43,53.5
2024,2024txdal,Judges' Award,5417,12,43,27.9
2024,2024txdal,Quality Award,2714,10,43,23.3
2024,2024txdal,Rookie Inspiration Award,9418,8,43,18.6
2024,2024txdal,Team Spirit Award,7506,40,43,93.0
2024,2024txdal,Team Sustainability Award sponsored by Dow,4717,34,43,79.1
2024,2024txfor,District FIRST Impact Award,2468,1,31,3.2
2024,2024txfor,District Engineering Inspiration Award,3005,3,31,9.7
2024,2024txfor,Rookie All Star Award,9492,13,31,41.9
2024,2024txfor,District Championship Dean's List Semi-Finalist,2468,1,31,3.2
2024,2024txfor,District Championship Dean's List Semi-Finalist,2468,1,31,3.2
2024,2024txfor,District Event Winner,2468,1,31,3.2
2024,2024txfor,District Event Winner,3005,3,31,9.7
2024,2024txfor,District Event Winner,7540,22,31,71.0
2024,2024txfor,District Event Finalist,6672,7,31,22.6
2024,2024txfor,District Event Finalist,4206,9,31,29.0
2024,2024txfor,District Event Finalist,9080,24,31,77.4
2024,2024txfor,Autonomous Award,9752,2,31,6.5
2024,2024txfor,Creativity Award sponsored by Rockwell Automation,6672,7,31,22.6
2024,2024txfor,Excellence in Engineering Award,3310,4,31,12.9
2024,2024txfor,Gracious Professionalism Award,5411,16,31,51.6
2024,2024txfor,Imagery Award in honor of Jack Kamen,7506,17,31,54.8
2024,2024txfor,Industrial Design Award sponsored by General Motors,8088,5,31,16.1
2024,2024txfor,Innovation in Control Award,4206,9,31,29.0
2024,2024txfor,Judges' Award,418,20,31,64.5
2024,2024txfor,Quality Award,2582,8,31,25.8
2024,2024txfor,Rookie Inspiration Award,9407,19,31,61.3
2024,2024txfor,Team Spirit Award,7503,10,31,32.3
2024,2024txfor,Team Sustainability Award sponsored by Dow,9088,11,31,35.5
2024,2024txhou,District FIRST Impact Award,5414,2,31,6.5
2024,2024txhou,District Engineering Inspiration Award,3481,12,31,38.7
2024,2024txhou,Rookie All Star Award,9515,23,31,74.2
2024,2024txhou,District Championship Dean's List Semi-Finalist,118,1,31,3.2
2024,2024txhou,District Championship Dean's List Semi-Finalist,9181,16,31,51.6
2024,2024txhou,District Event Winner,118,1,31,3.2
2024,2024txhou,District Event Winner,5414,2,31,6.5
2024,2024txhou,District Event Winner,6180,14,31,45.2
2024,2024txhou,District Event Winner,1255,22,31,71.0
2024,2024txhou,District Event Finalist,9478,3,31,9.7
2024,2024txhou,District Event Finalist,3847,4,31,12.9
2024,2024txhou,District Event Finalist,8144,21,31,67.7
2024,2024txhou,Autonomous Award,118,1,31,3.2
2024,2024txhou,Creativity Award sponsored by Rockwell Automation,9181,16,31,51.6
2024,2024txhou,Excellence in Engineering Award,3735,5,31,16.1
2024,2024txhou,Gracious Professionalism Award,2587,30,31,96.8
2024,2024txhou,Imagery Award in honor of Jack Kamen,1255,22,31,71.0
2024,2024txhou,Industrial Design Award sponsored by General Motors,3847,4,31,12.9
2024,2024txhou,Innovation in Control Award,9512,7,31,22.6
2024,2024txhou,Judges' Award,8370,17,31,54.8
2024,2024txhou,Quality Award,8515,6,31,19.4
2024,2024txhou,Rookie Inspiration Award,9478,3,31,9.7
2024,2024txhou,Team Spirit Award,2882,19,31,61.3
2024,2024txhou,Team Sustainability Award sponsored by Dow,7521,27,31,87.1
2024,2024txkat,District FIRST Impact Award,7312,1,40,2.5
2024,2024txkat,District Engineering Inspiration Award,624,2,40,5.0
2024,2024txkat,Rookie All Star Award,9478,11,40,27.5
2024,2024txkat,District Championship Dean's List Semi-Finalist,4639,7,40,17.5
2024,2024txkat,District Championship Dean's List Semi-Finalist,9478,11,40,27.5
2024,2024txkat,District Event Winner,118,4,40,10.0
2024,2024txkat,District Event Winner,8576,8,40,20.0
2024,2024txkat,District Event Winner,7616,25,40,62.5
2024,2024txkat,District Event Finalist,624,2,40,5.0
2024,2024txkat,District Event Finalist,231,5,40,12.5
2024,2024txkat,District Event Finalist,6645,16,40,40.0
2024,2024txkat,Autonomous Award,4639,7,40,17.5
2024,2024txkat,Creativity Award sponsored by Rockwell Automation,231,5,40,12.5
2024,2024txkat,Excellence in Engineering Award,118,4,40,10.0
2024,2024txkat,Gracious Professionalism Award,8515,18,40,45.0
2024,2024txkat,Imagery Award in honor of Jack Kamen,7418,31,40,77.5
2024,2024txkat,Industrial Design Award sponsored by General Motors,2582,3,40,7.5
2024,2024txkat,Innovation in Control Award,1477,6,40,15.0
2024,2024txkat,Judges' Award,8576,8,40,20.0
2024,2024txkat,Quality Award,8177,15,40,37.5
2024,2024txkat,Rookie Inspiration Award,9448,21,40,52.5
2024,2024txkat,Team Spirit Award,2882,28,40,70.0
2024,2024txkat,Team Sustainability Award sponsored by Dow,5829,17,40,42.5
2024,2024txpla,District FIRST Impact Award,4192,19,29,65.5
2024,2024txpla,District Engineering Inspiration Award,5417,28,29,96.6
2024,2024txpla,Rookie All Star Award,9752,7,29,24.1
2024,2024txpla,District Championship Dean's List Semi-Finalist,1296,3,29,10.3
2024,2024txpla,District Championship Dean's List Semi-Finalist,4192,19,29,65.5
2024,2024txpla,District Event Winner,148,1,29,3.4
2024,2024txpla,District Event Winner,9128,2,29,6.9
2024,2024txpla,District Event Winner,9786,27,29,93.1
2024,2024txpla,District Event Finalist,1296,3,29,10.3
2024,2024txpla,District Event Finalist,9752,7,29,24.1
2024,2024txpla,District Event Finalist,9407,24,29,82.8
2024,2024txpla,Autonomous Award,9128,2,29,6.9
2024,2024txpla,Creativity Award sponsored by Rockwell Automation,5788,9,29,31.0
2024,2024txpla,Excellence in Engineering Award,148,1,29,3.4
2024,2024txpla,Gracious Professionalism Award,5431,12,29,41.4
2024,2024txpla,Imagery Award in honor of Jack Kamen,5572,5,29,17.2
2024,2024txpla,Industrial Design Award sponsored by General Motors,1296,3,29,10.3
2024,2024txpla,Innovation in Control Award,1745,11,29,37.9
2024,2024txpla,Judges' Award,8732,13,29,44.8
2024,2024txpla,Quality Award,7121,15,29,51.7
2024,2024txpla,Rookie Inspiration Award,9533,29,29,100.0
2024,2024txpla,Team Spirit Award,7503,23,29,79.3
2024,2024txpla,Team Sustainability Award sponsored by Dow,8573,6,29,20.7
2024,2024txsan,District FIRST Impact Award,8573,12,41,29.3
2024,2024txsan,District Engineering Inspiration Award,9136,10,41,24.4
2024,2024txsan,Rookie All Star Award,9577,29,41,70.7
2024,2024txsan,District Championship Dean's List Semi-Finalist,9136,10,41,24.4
2024,2024txsan,District Championship Dean's List Semi-Finalist,5427,15,41,36.6
2024,2024txsan,District Event Winner,1477,1,41,2.4
2024,2024txsan,District Event Winner,624,3,41,7.3
2024,2024txsan,District Event Winner,5103,24,41,58.5
2024,2024txsan,District Event Finalist,2881,9,41,22.0
2024,2024txsan,District Event Finalist,5427,15,41,36.6
2024,2024txsan,District Event Finalist,7616,18,41,43.9
2024,2024txsan,Autonomous Award,6377,21,41,51.2
2024,2024txsan,Creativity Award sponsored by Rockwell Automation,324,8,41,19.5
2024,2024txsan,Excellence in Engineering Award,6800,6,41,14.6
2024,2024txsan,Gracious Professionalism Award,4063,5,41,12.2
2024,2024txsan,Imagery Award in honor of Jack Kamen,2881,9,41,22.0
2024,2024txsan,Industrial Design Award sponsored by General Motors,3679,2,41,4.9
2024,2024txsan,Innovation in Control Award,1477,1,41,2.4
2024,2024txsan,Judges' Award,624,3,41,7.3
2024,2024txsan,Quality Award,5572,4,41,9.8
2024,2024txsan,Rookie Inspiration Award,9444,34,41,82.9
2024,2024txsan,Team Spirit Award,9181,22,41,53.7
2024,2024txsan,Team Sustainability Award sponsored by Dow,3035,16,41,39.0
2024,2024txwac,District FIRST Impact Award,2714,6,39,15.4
2024,2024txwac,District Engineering Inspiration Award,2468,1,39,2.6
2024,2024txwac,Rookie All Star Award,9655,31,39,79.5
2024,2024txwac,District Championship Dean's List Semi-Finalist,2881,27,39,69.2
2024,2024txwac,District Championship Dean's List Semi-Finalist,2881,27,39,69.2
2024,2024txwac,District Event Winner,2468,1,39,2.6
2024,2024txwac,District Event Winner,3005,2,39,5.1
2024,2024txwac,District Event Winner,2158,16,39,41.0
2024,2024txwac,District Event Finalist,2714,6,39,15.4
2024,2024txwac,District Event Finalist,2687,13,39,33.3
2024,2024txwac,District Event Finalist,5212,34,39,87.2
2024,2024txwac,Autonomous Award,3310,7,39,17.9
2024,2024txwac,Creativity Award sponsored by Rockwell Automation,2848,5,39,12.8
2024,2024txwac,Excellence in Engineering Award,3005,2,39,5.1
2024,2024txwac,Gracious Professionalism Award,2881,27,39,69.2
2024,2024txwac,Imagery Award in honor of Jack Kamen,2158,16,39,41.0
2024,2024txwac,Industrial Design Award sponsored by General Motors,6800,4,39,10.3
2024,2024txwac,Innovation in Control Award,4734,26,39,66.7
2024,2024txwac,Judges' Award,8858,9,39,23.1
2024,2024txwac,Quality Award,6377,3,39,7.7
2024,2024txwac,Rookie Inspiration Award,9577,20,39,51.3
2024,2024txwac,Team Spirit Award,8874,12,39,30.8
2024,2024txwac,Team Sustainability Award sponsored by Dow,3481,23,39,59.0
2024,2024utwv,Regional FIRST Impact Award,2486,18,46,39.1
2024,2024utwv,Regional Engineering Inspiration Award,4944,25,46,54.3
2024,2024utwv,Woodie Flowers Finalist Award,3501,7,46,15.2
2024,2024utwv,FIRST Dean's List Finalist Award,4585,46,46,100.0
2024,2024utwv,FIRST Dean's List Finalist Award,4183,40,46,87.0
2024,2024utwv,Regional Winners,1410,3,46,6.5
2024,2024utwv,Regional Winners,1339,6,46,13.0
2024,2024utwv,Regional Winners,5851,17,46,37.0
2024,2024utwv,Regional Winners,5933,16,46,34.8
2024,2024utwv,Regional Finalists,7426,2,46,4.3
2024,2024utwv,Regional Finalists,3245,12,46,26.1
2024,2024utwv,Regional Finalists,3374,44,46,95.7
2024,2024utwv,Autonomous Award,3245,12,46,26.1
2024,2024utwv,Creativity Award sponsored by Rockwell Automation,6560,8,46,17.4
2024,2024utwv,Excellence in Engineering Award,4068,1,46,2.2
2024,2024utwv,Gracious Professionalism Award,1339,6,46,13.0
2024,2024utwv,Imagery Award in honor of Jack Kamen,1569,41,46,89.1
2024,2024utwv,Industrial Design Award sponsored by General Motors,2240,4,46,8.7
2024,2024utwv,Innovation in Control Award,7426,2,46,4.3
2024,2024utwv,Judges' Award,3501,7,46,15.2
2024,2024utwv,Quality Award,3243,43,46,93.5
2024,2024utwv,Rookie Inspiration Award,9423,45,46,97.8
2024,2024utwv,Team Spirit Award,4585,46,46,100.0
2024,2024utwv,Team Sustainability Award sponsored by Dow,4598,10,46,21.7
2024,2024utwv,Wildcard,5851,17,46,37.0
2024,2024vaash,District FIRST Impact Award,2199,18,29,62.1
2024,2024vaash,District Engineering Inspiration Award,422,2,29,6.9
2024,2024vaash,Rookie All Star Award,9709,19,29,65.5
2024,2024vaash,District Championship Dean's List Semi-Finalist,2199,18,29,62.1
2024,2024vaash,District Championship Dean's List Semi-Finalist,4099,4,29,13.8
2024,2024vaash,District Event Winner,1731,1,29,3.4
2024,2024vaash,District Event Winner,8592,13,29,44.8
2024,2024vaash,District Event Winner,2998,24,29,82.8
2024,2024vaash,District Event Finalist,422,2,29,6.9
2024,2024vaash,District Event Finalist,4099,4,29,13.8
2024,2024vaash,District Event Finalist,339,17,29,58.6
2024,2024vaash,Autonomous Award,1731,1,29,3.4
2024,2024vaash,Creativity Award sponsored by Rockwell Automation,836,6,29,20.7
2024,2024vaash,Excellence in Engineering Award,620,10,29,34.5
2024,2024vaash,Gracious Professionalism Award,3136,3,29,10.3
2024,2024vaash,Imagery Award in honor of Jack Kamen,540,16,29,55.2
2024,2024vaash,Industrial Design Award sponsored by General Motors,8592,13,29,44.8
2024,2024vaash,Innovation in Control Award,8590,15,29,51.7
2024,2024vaash,Judges' Award,5587,22,29,75.9
2024,2024vaash,Quality Award,4099,4,29,13.8
2024,2024vaash,Team Spirit Award,612,27,29,93.1
2024,2024vaash,Team Sustainability Award sponsored by Dow,2534,12,29,41.4
2024,2024vabla,District FIRST Impact Award,401,9,25,36.0
2024,2024vabla,District Engineering Inspiration Award,1885,25,25,100.0
2024,2024vabla,Rookie All Star Award,9403,17,25,68.0
2024,2024vabla,District Championship Dean's List Semi-Finalist,1629,2,25,8.0
2024,2024vabla,District Championship Dean's List Semi-Finalist,1086,5,25,20.0
2024,2024vabla,District Event Winner,9496,1,25,4.0
2024,2024vabla,District Event Winner,449,4,25,16.0
2024,2024vabla,District Event Winner,1885,25,25,100.0
2024,2024vabla,District Event Winner,8230,22,25,88.0
2024,2024vabla,District Event Finalist,5804,3,25,12.0
2024,2024vabla,District Event Finalist,4967,7,25,28.0
2024,2024vabla,District Event Finalist,6194,16,25,64.0
2024,2024vabla,Autonomous Award,1629,2,25,8.0
2024,2024vabla,Creativity Award sponsored by Rockwell Automation,3939,6,25,24.0
2024,2024vabla,Excellence in Engineering Award,5804,3,25,12.0
2024,2024vabla,Gracious Professionalism Award,8230,22,25,88.0
2024,2024vabla,Imagery Award in honor of Jack Kamen,4575,11,25,44.0
2024,2024vabla,Industrial Design Award sponsored by General Motors,4967,7,25,28.0
2024,2024vabla,Innovation in Control Award,6802,8,25,32.0
2024,2024vabla,Judges' Award,1086,5,25,20.0
2024,2024vabla,Quality Award,449,4,25,16.0
2024,2024vabla,Rookie Inspiration Award,9496,1,25,4.0
2024,2024vabla,Team Spirit Award,1262,13,25,52.0
2024,2024vabla,Team Sustainability Award sponsored by Dow,1793,18,25,72.0
2024,2024vabrb,Event Winner,1262,,,
2024,2024vabrb,Event Winner,5724,,,
2024,2024vabrb,Human Player Match Winner,9997,,,
2024,2024vafal,District FIRST Impact Award,5587,12,34,35.3
2024,2024vafal,District Engineering Inspiration Award,401,13,34,38.2
2024,2024vafal,District Championship Dean's List Semi-Finalist,9403,9,34,26.5
2024,2024vafal,District Championship Dean's List Semi-Finalist,5587,12,34,35.3
2024,2024vafal,District Event Winner,2363,1,34,2.9
2024,2024vafal,District Event Winner,1731,2,34,5.9
2024,2024vafal,District Event Winner,2421,25,34,73.5
2024,2024vafal,District Event Finalist,539,8,34,23.5
2024,2024vafal,District Event Finalist,619,20,34,58.8
2024,2024vafal,District Event Finalist,3373,19,34,55.9
2024,2024vafal,Autonomous Award,1731,2,34,5.9
2024,2024vafal,Creativity Award sponsored by Rockwell Automation,623,22,34,64.7
2024,2024vafal,Excellence in Engineering Award,611,17,34,50.0
2024,2024vafal,Gracious Professionalism Award,5243,23,34,67.6
2024,2024vafal,Imagery Award in honor of Jack Kamen,8230,30,34,88.2
2024,2024vafal,Industrial Design Award sponsored by General Motors,122,5,34,14.7
2024,2024vafal,Innovation in Control Award,4472,15,34,44.1
2024,2024vafal,Judges' Award,9235,26,34,76.5
2024,2024vafal,Quality Award,2363,1,34,2.9
2024,2024vafal,Rookie Inspiration Award,9403,9,34,26.5
2024,2024vafal,Team Spirit Award,1885,18,34,52.9
2024,2024vafal,Team Sustainability Award sponsored by Dow,1418,4,34,11.8
2024,2024vagle,District FIRST Impact Award,1086,13,30,43.3
2024,2024vagle,District Engineering Inspiration Award,2068,21,30,70.0
2024,2024vagle,District Championship Dean's List Semi-Finalist,5338,5,30,16.7
2024,2024vagle,District Championship Dean's List Semi-Finalist,540,22,30,73.3
2024,2024vagle,District Event Winner,346,2,30,6.7
2024,2024vagle,District Event Winner,5804,4,30,13.3
2024,2024vagle,District Event Winner,4821,29,30,96.7
2024,2024vagle,District Event Finalist,3136,1,30,3.3
2024,2024vagle,District Event Finalist,2106,3,30,10.0
2024,2024vagle,District Event Finalist,404,30,30,100.0
2024,2024vagle,Autonomous Award,3136,1,30,3.3
2024,2024vagle,Creativity Award sponsored by Rockwell Automation,346,2,30,6.7
2024,2024vagle,Excellence in Engineering Award,5338,5,30,16.7
2024,2024vagle,Gracious Professionalism Award,1262,11,30,36.7
2024,2024vagle,Imagery Award in honor of Jack Kamen,9709,12,30,40.0
2024,2024vagle,Industrial Design Award sponsored by General Motors,5804,4,30,13.3
2024,2024vagle,Innovation in Control Award,2106,3,30,10.0
2024,2024vagle,Judges' Award,3939,7,30,23.3
2024,2024vagle,Quality Award,1610,6,30,20.0
2024,2024vagle,Team Spirit Award,4286,19,30,63.3
2024,2024vagle,Team Sustainability Award sponsored by Dow,540,22,30,73.3
2024,2024vapor,District FIRST Impact Award,2068,17,23,73.9
2024,2024vapor,District Engineering Inspiration Award,346,3,23,13.0
2024,2024vapor,District Championship Dean's List Semi-Finalist,122,7,23,30.4
2024,2024vapor,District Championship Dean's List Semi-Finalist,422,1,23,4.3
2024,2024vapor,District Event Winner,422,1,23,4.3
2024,2024vapor,District Event Winner,346,3,23,13.0
2024,2024vapor,District Event Winner,3359,13,23,56.5
2024,2024vapor,District Event Finalist,2363,2,23,8.7
2024,2024vapor,District Event Finalist,5549,5,23,21.7
2024,2024vapor,District Event Finalist,2988,20,23,87.0
2024,2024vapor,Autonomous Award,1915,14,23,60.9
2024,2024vapor,Creativity Award sponsored by Rockwell Automation,1793,15,23,65.2
2024,2024vapor,Excellence in Engineering Award,422,1,23,4.3
2024,2024vapor,Gracious Professionalism Award,2363,2,23,8.7
2024,2024vapor,Imagery Award in honor of Jack Kamen,2890,6,23,26.1
2024,2024vapor,Industrial Design Award sponsored by General Motors,9003,4,23,17.4
2024,2024vapor,Innovation in Control Award,623,16,23,69.6
2024,2024vapor,Judges' Award,9235,21,23,91.3
2024,2024vapor,Quality Award,1610,8,23,34.8
2024,2024vapor,Team Spirit Award,404,10,23,43.5
2024,2024vapor,Team Sustainability Award sponsored by Dow,2028,19,23,82.6
2024,2024waahs,District FIRST Impact Award,4450,14,35,40.0
2024,2024waahs,District Engineering Inspiration Award,9023,12,35,34.3
2024,2024waahs,Rookie All Star Award,9446,6,35,17.1
2024,2024waahs,District Championship Dean's List Semi-Finalist,9023,12,35,34.3
2024,2024waahs,District Championship Dean's List Semi-Finalist,5588,23,35,65.7
2024,2024waahs,District Event Winner,3070,1,35,2.9
2024,2024waahs,District Event Winner,3663,2,35,5.7
2024,2024waahs,District Event Winner,5295,25,35,71.4
2024,2024waahs,District Event Finalist,9023,12,35,34.3
2024,2024waahs,District Event Finalist,1983,15,35,42.9
2024,2024waahs,District Event Finalist,2976,30,35,85.7
2024,2024waahs,Autonomous Award,3070,1,35,2.9
2024,2024waahs,Creativity Award sponsored by Rockwell Automation,2976,30,35,85.7
2024,2024waahs,Excellence in Engineering Award,1983,15,35,42.9
2024,2024waahs,Gracious Professionalism Award,3786,28,35,80.0
2024,2024waahs,Imagery Award in honor of Jack Kamen,2903,17,35,48.6
2024,2024waahs,Industrial Design Award sponsored by General Motors,5683,19,35,54.3
2024,2024waahs,Innovation in Control Award,1425,11,35,31.4
2024,2024waahs,Judges' Award,2928,5,35,14.3
2024,2024waahs,Quality Award,8051,16,35,45.7
2024,2024waahs,Rookie Inspiration Award,9442,7,35,20.0
2024,2024waahs,Team Spirit Award,5588,23,35,65.7
2024,2024waahs,Team Sustainability Award sponsored by Dow,1899,22,35,62.9
2024,2024wabon,District FIRST Impact Award,2980,28,35,80.0
2024,2024wabon,District Engineering Inspiration Award,3218,7,35,20.0
2024,2024wabon,District Championship Dean's List Semi-Finalist,2930,10,35,28.6
2024,2024wabon,District Championship Dean's List Semi-Finalist,5937,15,35,42.9
2024,2024wabon,District Event Winner,2046,1,35,2.9
2024,2024wabon,District Event Winner,2910,4,35,11.4
2024,2024wabon,District Event Winner,6350,26,35,74.3
2024,2024wabon,District Event Winner,5683,22,35,62.9
2024,2024wabon,District Event Finalist,1778,2,35,5.7
2024,2024wabon,District Event Finalist,3663,3,35,8.6
2024,2024wabon,District Event Finalist,8896,21,35,60.0
2024,2024wabon,Autonomous Award,1778,2,35,5.7
2024,2024wabon,Creativity Award sponsored by Rockwell Automation,3826,8,35,22.9
2024,2024wabon,Excellence in Engineering Award,2046,1,35,2.9
2024,2024wabon,Gracious Professionalism Award,8032,24,35,68.6
2024,2024wabon,Imagery Award in honor of Jack Kamen,3219,31,35,88.6
2024,2024wabon,Industrial Design Award sponsored by General Motors,2930,10,35,28.6
2024,2024wabon,Innovation in Control Award,4915,11,35,31.4
2024,2024wabon,Judges' Award,5937,15,35,42.9
2024,2024wabon,Quality Award,7627,17,35,48.6
2024,2024wabon,Rookie Inspiration Award,9446,5,35,14.3
2024,2024wabon,Team Spirit Award,5683,22,35,62.9
2024,2024wabon,Team Sustainability Award sponsored by Dow,2557,14,35,40.0
2024,2024wasam,District FIRST Impact Award,2412,29,34,85.3
2024,2024wasam,District Engineering Inspiration Award,1318,6,34,17.6
2024,2024wasam,Rookie All Star Award,9442,11,34,32.4
2024,2024wasam,District Championship Dean's List Semi-Finalist,7461,26,34,76.5
2024,2024wasam,District Championship Dean's List Semi-Finalist,1294,9,34,26.5
2024,2024wasam,District Event Winner,2046,2,34,5.9
2024,2024wasam,District Event Winner,1294,9,34,26.5
2024,2024wasam,District Event Winner,9023,25,34,73.5
2024,2024wasam,District Event Finalist,5827,1,34,2.9
2024,2024wasam,District Event Finalist,3070,5,34,14.7
2024,2024wasam,District Event Finalist,4131,22,34,64.7
2024,2024wasam,Autonomous Award,492,10,34,29.4
2024,2024wasam,Creativity Award sponsored by Rockwell Automation,1595,13,34,38.2
2024,2024wasam,Excellence in Engineering Award,2046,2,34,5.9
2024,2024wasam,Gracious Professionalism Award,1294,9,34,26.5
2024,2024wasam,Imagery Award in honor of Jack Kamen,4918,23,34,67.6
2024,2024wasam,Industrial Design Award sponsored by General Motors,1983,21,34,61.8
2024,2024wasam,Innovation in Control Award,9023,25,34,73.5
2024,2024wasam,Judges' Award,8248,30,34,88.2
2024,2024wasam,Quality Award,3070,5,34,14.7
2024,2024wasam,Rookie Inspiration Award,9450,32,34,94.1
2024,2024wasam,Team Spirit Award,5588,20,34,58.8
2024,2024wasam,Team Sustainability Award sponsored by Dow,948,17,34,50.0
2024,2024wasno,District FIRST Impact Award,4131,15,34,44.1
2024,2024wasno,District Engineering Inspiration Award,2412,26,34,76.5
2024,2024wasno,Rookie All Star Award,9450,19,34,55.9
2024,2024wasno,District Championship Dean's List Semi-Finalist,948,16,34,47.1
2024,2024wasno,District Championship Dean's List Semi-Finalist,4682,4,34,11.8
2024,2024wasno,District Event Winner,2910,1,34,2.9
2024,2024wasno,District Event Winner,360,2,34,5.9
2024,2024wasno,District Event Winner,3049,20,34,58.8
2024,2024wasno,District Event Winner,8248,14,34,41.2
2024,2024wasno,District Event Finalist,1778,3,34,8.8
2024,2024wasno,District Event Finalist,2522,5,34,14.7
2024,2024wasno,District Event Finalist,4915,30,34,88.2
2024,2024wasno,Autonomous Award,360,2,34,5.9
2024,2024wasno,Creativity Award sponsored by Rockwell Automation,4089,27,34,79.4
2024,2024wasno,Excellence in Engineering Award,948,16,34,47.1
2024,2024wasno,Gracious Professionalism Award,2980,7,34,20.6
2024,2024wasno,Imagery Award in honor of Jack Kamen,3826,11,34,32.4
2024,2024wasno,Industrial Design Award sponsored by General Motors,8248,14,34,41.2
2024,2024wasno,Innovation in Control Award,2930,23,34,67.6
2024,2024wasno,Judges' Award,2522,5,34,14.7
2024,2024wasno,Quality Award,2910,1,34,2.9
2024,2024wasno,Team Spirit Award,9036,13,34,38.2
2024,2024wasno,Team Sustainability Award sponsored by Dow,5827,10,34,29.4
2024,2024wayak,District FIRST Impact Award,6831,10,28,35.7
2024,2024wayak,District Engineering Inspiration Award,4125,14,28,50.0
2024,2024wayak,District Championship Dean's List Semi-Finalist,4131,11,28,39.3
2024,2024wayak,District Championship Dean's List Semi-Finalist,4061,19,28,67.9
2024,2024wayak,District Event Winner,2811,1,28,3.6
2024,2024wayak,District Event Winner,6443,5,28,17.9
2024,2024wayak,District Event Winner,3876,28,28,100.0
2024,2024wayak,District Event Finalist,2926,7,28,25.0
2024,2024wayak,District Event Finalist,1595,12,28,42.9
2024,2024wayak,District Event Finalist,3712,16,28,57.1
2024,2024wayak,Autonomous Award,2926,7,28,25.0
2024,2024wayak,Creativity Award sponsored by Rockwell Automation,5468,21,28,75.0
2024,2024wayak,Excellence in Engineering Award,492,3,28,10.7
2024,2024wayak,Gracious Professionalism Award,4061,19,28,67.9
2024,2024wayak,Imagery Award in honor of Jack Kamen,6076,27,28,96.4
2024,2024wayak,Industrial Design Award sponsored by General Motors,6343,17,28,60.7
2024,2024wayak,Innovation in Control Award,4089,9,28,32.1
2024,2024wayak,Judges' Award,3876,28,28,100.0
2024,2024wayak,Quality Award,1595,12,28,42.9
2024,2024wayak,Rookie Inspiration Award,9613,20,28,71.4
2024,2024wayak,Team Spirit Award,2811,1,28,3.6
2024,2024wayak,Team Sustainability Award sponsored by Dow,1318,2,28,7.1
2024,2024wila,Regional FIRST Impact Award,1710,2,54,3.7
2024,2024wila,Regional Engineering Inspiration Award,525,15,54,27.8
2024,2024wila,Rookie All Star Award,9578,48,54,88.9
2024,2024wila,Woodie Flowers Finalist Award,2194,4,54,7.4
2024,2024wila,Volunteer of the Year,2977,37,54,68.5
2024,2024wila,FIRST Dean's List Finalist Award,1710,2,54,3.7
2024,2024wila,FIRST Dean's List Finalist Award,2129,7,54,13.0
2024,2024wila,Regional Winners,7021,1,54,1.9
2024,2024wila,Regional Winners,2129,7,54,13.0
2024,2024wila,Regional Winners,9576,25,54,46.3
2024,2024wila,Regional Finalists,8802,3,54,5.6
2024,2024wila,Regional Finalists,4230,12,54,22.2
2024,2024wila,Regional Finalists,537,35,54,64.8
2024,2024wila,Autonomous Award,2194,4,54,7.4
2024,2024wila,Creativity Award sponsored by Rockwell Automation,5903,10,54,18.5
2024,2024wila,Excellence in Engineering Award,7619,31,54,57.4
2024,2024wila,Gracious Professionalism Award,5826,16,54,29.6
2024,2024wila,Imagery Award in honor of Jack Kamen,171,18,54,33.3
2024,2024wila,Industrial Design Award sponsored by General Motors,1625,22,54,40.7
2024,2024wila,Innovation in Control Award,8701,49,54,90.7
2024,2024wila,Judges' Award,2202,14,54,25.9
2024,2024wila,Quality Award,1675,20,54,37.0
2024,2024wila,Rookie Inspiration Award,9576,25,54,46.3
2024,2024wila,Team Spirit Award,1091,17,54,31.5
2024,2024wila,Team Sustainability Award sponsored by Dow,2506,19,54,35.2
2024,2024wimc,Event Winner,1732,2,31,6.5
2024,2024wimc,Event Winner,930,9,31,29.0
2024,2024wimc,Event Winner,9991,15,31,48.4
2024,2024wimc,Event Winner,1091,22,31,71.0
2024,2024wimc,Event Finalist,1714,8,31,25.8
2024,2024wimc,Event Finalist,1259,16,31,51.6
2024,2024wimc,Event Finalist,8701,17,31,54.8
2024,2024wimc,Breakthrough Award,4655,19,31,61.3
2024,2024wimc,Breakthrough Award,1792,1,31,3.2
2024,2024wimc,Engineering Design Award,93,4,31,12.9
2024,2024wimc,Judges Award,6643,12,31,38.7
2024,2024wimc,Programming Award,2194,10,31,32.3
2024,2024wimi,Regional FIRST Impact Award,930,7,54,13.0
2024,2024wimi,Regional Engineering Inspiration Award,4786,15,54,27.8
2024,2024wimi,Rookie All Star Award,9535,6,54,11.1
2024,2024wimi,Woodie Flowers Finalist Award,930,7,54,13.0
2024,2024wimi,Volunteer of the Year,5148,21,54,38.9
2024,2024wimi,Volunteer of the Year,5148,21,54,38.9
2024,2024wimi,Volunteer of the Year,2830,24,54,44.4
2024,2024wimi,FIRST Dean's List Finalist Award,706,36,54,66.7
2024,2024wimi,FIRST Dean's List Finalist Award,2202,25,54,46.3
2024,2024wimi,Regional Winners,1732,4,54,7.4
2024,2024wimi,Regional Winners,930,7,54,13.0
2024,2024wimi,Regional Winners,4786,15,54,27.8
2024,2024wimi,Regional Finalists,1714,3,54,5.6
2024,2024wimi,Regional Finalists,8744,11,54,20.4
2024,2024wimi,Regional Finalists,2830,24,54,44.4
2024,2024wimi,Autonomous Award,1732,4,54,7.4
2024,2024wimi,Creativity Award sponsored by Rockwell Automation,8096,34,54,63.0
2024,2024wimi,Excellence in Engineering Award,6381,5,54,9.3
2024,2024wimi,Gracious Professionalism Award,2506,42,54,77.8
2024,2024wimi,Imagery Award in honor of Jack Kamen,4531,27,54,50.0
2024,2024wimi,Industrial Design Award sponsored by General Motors,1714,3,54,5.6
2024,2024wimi,Innovation in Control Award,2194,13,54,24.1
2024,2024wimi,Judges' Award,8744,11,54,20.4
2024,2024wimi,Quality Award,2220,48,54,88.9
2024,2024wimi,Rookie Inspiration Award,9676,29,54,53.7
2024,2024wimi,Team Spirit Award,6643,49,54,90.7
2024,2024wimi,Team Sustainability Award sponsored by Dow,2202,25,54,46.3
2024,2024wimi,Wildcard,9535,6,54,11.1
2024,2024wimi,Wildcard,1714,3,54,5.6
2024,2024wvrox,Spreading The Word Award,1188,26,30,86.7
2024,2024wvrox,Phil Tucker Mentor Award,1188,26,30,86.7
2024,2024wvrox,Winner,195,1,30,3.3
2024,2024wvrox,Winner,3538,6,30,20.0
2024,2024wvrox,Winner,4085,29,30,96.7
2024,2024wvrox,Finalist,1629,4,30,13.3
2024,2024wvrox,Finalist,319,5,30,16.7
2024,2024wvrox,Finalist,1188,26,30,86.7
2024,2024wvrox,Endurance Award,346,14,30,46.7
2024,2024wvrox,Judges' Award,4467,20,30,66.7
2024,2024wvrox,Technical Creativity Award,7515,16,30,53.3
