year,event,week,team,opr,auto,teleop,endgame,foul,rp,total
2026,2026tuis,Week 1,9483,318.239,,,,0.909,3.603,318.239
2026,2026tuis,Week 1,6436,119.435,,,,-0.987,1.825,119.435
2026,2026tuis,Week 1,4481,82.341,,,,0.137,1.811,82.341
2026,2026tuis,Week 1,9029,67.776,,,,-1.631,1.678,67.776
2026,2026tuis,Week 1,9077,51.585,,,,6.285,0.914,51.585
2026,2026tuis,Week 1,3646,47.638,,,,0.904,1.116,47.638
2026,2026tuis,Week 1,6431,39.054,,,,-1.045,0.498,39.054
2026,2026tuis,Week 1,10308,37.643,,,,1.586,0.627,37.643
2026,2026tuis,Week 1,10428,32.006,,,,2.24,0.638,32.006
2026,2026tuis,Week 1,11281,31.514,,,,6.841,1.184,31.514
2026,2026tuis,Week 1,11244,29.904,,,,4.594,1.554,29.904
2026,2026tuis,Week 1,7611,27.966,,,,2.017,1.045,27.966
2026,2026tuis,Week 1,9233,27.754,,,,-1.827,0.222,27.754
2026,2026tuis,Week 1,11416,27.388,,,,2.62,0.769,27.388
2026,2026tuis,Week 1,11036,23.92,,,,0.631,0.772,23.92
2026,2026tuis,Week 1,5883,23.318,,,,3.232,1.276,23.318
2026,2026tuis,Week 1,9595,22.863,,,,-0.6,-0.047,22.863
2026,2026tuis,Week 1,8153,18.688,,,,-0.663,-0.002,18.688
2026,2026tuis,Week 1,8242,17.972,,,,1.188,-0.059,17.972
2026,2026tuis,Week 1,9132,15.947,,,,2.049,0.033,15.947
2026,2026tuis,Week 1,10050,15.005,,,,0.456,0.751,15.005
2026,2026tuis,Week 1,10043,14.501,,,,-1.407,0.729,14.501
2026,2026tuis,Week 1,10146,13.345,,,,4.607,0.285,13.345
2026,2026tuis,Week 1,8557,11.886,,,,2.766,-0.252,11.886
2026,2026tuis,Week 1,9601,8.405,,,,2.844,-0.126,8.405
2026,2026tuis,Week 1,10141,7.875,,,,4.582,-0.395,7.875
2026,2026tuis,Week 1,6064,7.434,,,,0.15,0.07,7.434
2026,2026tuis,Week 1,10064,6.206,,,,-1.457,0.154,6.206
2026,2026tuis,Week 1,9583,5.148,,,,4.632,-0.477,5.148
2026,2026tuis,Week 1,11000,4.279,,,,0.323,0.324,4.279
2026,2026tuis,Week 1,4191,2.306,,,,0.782,0.089,2.306
2026,2026tuis,Week 1,7296,-3.755,,,,0.325,-0.61,-3.755
2026,2026mndu,Week 1,3100,146.606,,,,2.301,2.347,146.606
2026,2026mndu,Week 1,5348,85.258,,,,1.51,1.833,85.258
2026,2026mndu,Week 1,2847,79.983,,,,1.101,1.222,79.983
2026,2026mndu,Week 1,2503,79.538,,,,0.986,1.902,79.538
2026,2026mndu,Week 1,3297,72.308,,,,5.736,2.175,72.308
2026,2026mndu,Week 1,7797,71.625,,,,4.216,1.483,71.625
2026,2026mndu,Week 1,4009,67.9,,,,2.884,1.343,67.9
2026,2026mndu,Week 1,3267,67.273,,,,4.731,0.636,67.273
2026,2026mndu,Week 1,3130,63.591,,,,3.624,1.589,63.591
2026,2026mndu,Week 1,2861,63.099,,,,4.145,1.296,63.099
2026,2026mndu,Week 1,2846,61.504,,,,-1.515,2.081,61.504
2026,2026mndu,Week 1,5690,58.817,,,,0.277,0.955,58.817
2026,2026mndu,Week 1,2823,50.805,,,,0.136,0.563,50.805
2026,2026mndu,Week 1,11223,49.968,,,,-0.521,0.972,49.968
2026,2026mndu,Week 1,4674,46.071,,,,0.12,1.314,46.071
2026,2026mndu,Week 1,4778,43.536,,,,5.043,1.407,43.536
2026,2026mndu,Week 1,3926,34.395,,,,6.217,0.764,34.395
2026,2026mndu,Week 1,3082,33.225,,,,0.619,0.169,33.225
2026,2026mndu,Week 1,6147,32.047,,,,-1.706,0.668,32.047
2026,2026mndu,Week 1,4656,31.66,,,,1.845,0.101,31.66
2026,2026mndu,Week 1,2181,28.191,,,,-1.1,0.579,28.191
2026,2026mndu,Week 1,4624,26.694,,,,1.7,0.667,26.694
2026,2026mndu,Week 1,6217,26.585,,,,-2.45,0.189,26.585
2026,2026mndu,Week 1,3883,26.444,,,,-0.457,0.232,26.444
2026,2026mndu,Week 1,3630,26.104,,,,2.202,0.698,26.104
2026,2026mndu,Week 1,2501,23.439,,,,4.982,-0.147,23.439
2026,2026mndu,Week 1,8422,23.26,,,,-0.324,0.98,23.26
2026,2026mndu,Week 1,5658,23.044,,,,1.574,-0.147,23.044
2026,2026mndu,Week 1,10490,18.577,,,,3.696,-0.656,18.577
2026,2026mndu,Week 1,3691,18.097,,,,-1.635,-0.827,18.097
2026,2026mndu,Week 1,4741,17.124,,,,3.464,-0.238,17.124
2026,2026mndu,Week 1,4166,16.327,,,,1.748,0.16,16.327
2026,2026mndu,Week 1,3294,15.053,,,,-1.318,0.568,15.053
2026,2026mndu,Week 1,4536,13.875,,,,1.152,0.703,13.875
2026,2026mndu,Week 1,7849,13.758,,,,0.095,0.937,13.758
2026,2026mndu,Week 1,6044,13.054,,,,-0.002,-0.383,13.054
2026,2026mndu,Week 1,8516,11.731,,,,-0.524,-0.434,11.731
2026,2026mndu,Week 1,3042,11.454,,,,1.437,0.426,11.454
2026,2026mndu,Week 1,7864,6.957,,,,-0.853,0.897,6.957
2026,2026mndu,Week 1,4511,6.233,,,,-1.234,0.195,6.233
2026,2026mndu,Week 1,4693,3.451,,,,0.761,-0.05,3.451
2026,2026mndu,Week 1,2526,-2.476,,,,1.245,-0.987,-2.476
2026,2026mndu2,Week 1,6907,157.77,,,,7.584,2.767,157.77
2026,2026mndu2,Week 1,2052,133.527,,,,1.574,2.571,133.527
2026,2026mndu2,Week 1,2491,111.418,,,,3.99,1.778,111.418
2026,2026mndu2,Week 1,6045,109.95,,,,6.301,1.986,109.95
2026,2026mndu2,Week 1,5913,109.754,,,,-2.579,1.575,109.754
2026,2026mndu2,Week 1,2472,54.027,,,,2.75,0.988,54.027
2026,2026mndu2,Week 1,3102,50.496,,,,2.683,0.981,50.496
2026,2026mndu2,Week 1,8122,49.537,,,,3.504,1.595,49.537
2026,2026mndu2,Week 1,9532,47.576,,,,2.773,0.539,47.576
2026,2026mndu2,Week 1,6758,42.776,,,,1.339,1.012,42.776
2026,2026mndu2,Week 1,4687,42.456,,,,-2.389,1.032,42.456
2026,2026mndu2,Week 1,2177,41.669,,,,-1.851,0.834,41.669
2026,2026mndu2,Week 1,2855,40.874,,,,-1.322,0.625,40.874
2026,2026mndu2,Week 1,11292,33.514,,,,4.539,0.479,33.514
2026,2026mndu2,Week 1,4181,29.463,,,,-0.546,0.688,29.463
2026,2026mndu2,Week 1,5232,26.335,,,,0.247,-0.193,26.335
2026,2026mndu2,Week 1,7041,24.132,,,,-0.46,0.971,24.132
2026,2026mndu2,Week 1,10711,23.916,,,,2.482,0.785,23.916
2026,2026mndu2,Week 1,1622,21.753,,,,-1.215,0.716,21.753
2026,2026mndu2,Week 1,3212,19.89,,,,-0.0,0.574,19.89
2026,2026mndu2,Week 1,3610,19.108,,,,-1.016,0.277,19.108
2026,2026mndu2,Week 1,4226,18.432,,,,-0.732,0.038,18.432
2026,2026mndu2,Week 1,3298,18.409,,,,1.734,0.262,18.409
2026,2026mndu2,Week 1,6047,18.087,,,,3.104,0.826,18.087
2026,2026mndu2,Week 1,3008,17.855,,,,-0.104,0.506,17.855
2026,2026mndu2,Week 1,2502,16.873,,,,-1.748,0.402,16.873
2026,2026mndu2,Week 1,2574,15.201,,,,0.346,0.292,15.201
2026,2026mndu2,Week 1,4623,14.582,,,,-1.789,0.236,14.582
2026,2026mndu2,Week 1,2239,13.98,,,,1.469,0.262,13.98
2026,2026mndu2,Week 1,3054,12.499,,,,2.26,0.026,12.499
2026,2026mndu2,Week 1,6132,10.894,,,,2.091,0.194,10.894
2026,2026mndu2,Week 1,5275,9.411,,,,5.785,0.765,9.411
2026,2026mndu2,Week 1,2500,8.947,,,,0.633,0.566,8.947
2026,2026mndu2,Week 1,5253,6.194,,,,0.947,0.254,6.194
2026,2026mndu2,Week 1,2129,5.996,,,,5.37,-0.428,5.996
2026,2026mndu2,Week 1,2169,5.98,,,,1.082,0.798,5.98
2026,2026mndu2,Week 1,10474,5.488,,,,-0.022,-0.44,5.488
2026,2026mndu2,Week 1,2512,3.577,,,,-0.676,-0.732,3.577
2026,2026mndu2,Week 1,5720,2.95,,,,-0.705,0.724,2.95
2026,2026mndu2,Week 1,5278,-5.86,,,,-2.342,-0.58,-5.86
2026,2026mndu2,Week 1,4230,-7.662,,,,-0.786,0.29,-7.662
2026,2026mndu2,Week 1,2227,-18.955,,,,-1.576,-1.203,-18.955
2026,2026mnwi,Week 1,4646,159.431,,,,0.418,1.913,159.431
2026,2026mnwi,Week 1,111,138.492,,,,2.552,1.254,138.492
2026,2026mnwi,Week 1,4143,131.912,,,,5.69,1.99,131.912
2026,2026mnwi,Week 1,3928,130.818,,,,2.116,1.858,130.818
2026,2026mnwi,Week 1,4065,130.016,,,,5.612,1.426,130.016
2026,2026mnwi,Week 1,4174,130.011,,,,-2.823,1.932,130.011
2026,2026mnwi,Week 1,5847,126.941,,,,0.483,2.013,126.941
2026,2026mnwi,Week 1,695,111.967,,,,-0.286,1.421,111.967
2026,2026mnwi,Week 1,6419,107.047,,,,0.739,1.047,107.047
2026,2026mnwi,Week 1,7858,69.653,,,,5.871,1.245,69.653
2026,2026mnwi,Week 1,4663,69.533,,,,-3.208,0.898,69.533
2026,2026mnwi,Week 1,3061,69.508,,,,0.395,1.371,69.508
2026,2026mnwi,Week 1,2530,68.102,,,,3.159,1.865,68.102
2026,2026mnwi,Week 1,2220,59.427,,,,4.496,1.091,59.427
2026,2026mnwi,Week 1,9082,51.378,,,,-2.888,0.507,51.378
2026,2026mnwi,Week 1,967,51.018,,,,5.266,1.056,51.018
2026,2026mnwi,Week 1,7531,45.175,,,,2.072,0.867,45.175
2026,2026mnwi,Week 1,2987,40.739,,,,0.526,0.916,40.739
2026,2026mnwi,Week 1,4859,37.252,,,,3.079,0.971,37.252
2026,2026mnwi,Week 1,112,34.7,,,,-0.338,0.105,34.7
2026,2026mnwi,Week 1,5822,31.992,,,,2.412,-0.407,31.992
2026,2026mnwi,Week 1,2508,30.448,,,,-1.732,1.177,30.448
2026,2026mnwi,Week 1,2977,29.203,,,,0.259,0.377,29.203
2026,2026mnwi,Week 1,2358,28.382,,,,2.461,0.169,28.382
2026,2026mnwi,Week 1,3206,26.885,,,,-1.09,0.326,26.885
2026,2026mnwi,Week 1,3055,26.263,,,,-1.587,0.827,26.263
2026,2026mnwi,Week 1,11246,25.835,,,,-0.828,-0.088,25.835
2026,2026mnwi,Week 1,7850,24.411,,,,3.957,0.659,24.411
2026,2026mnwi,Week 1,2549,23.473,,,,-2.094,-0.134,23.473
2026,2026mnwi,Week 1,167,22.549,,,,3.546,1.078,22.549
2026,2026mnwi,Week 1,3090,20.008,,,,0.429,0.539,20.008
2026,2026mnwi,Week 1,2667,17.581,,,,0.574,-0.069,17.581
2026,2026mnwi,Week 1,5914,14.893,,,,8.197,0.685,14.893
2026,2026mnwi,Week 1,525,14.639,,,,-2.739,-0.233,14.639
2026,2026mnwi,Week 1,5541,12.445,,,,-0.794,0.019,12.445
2026,2026mnwi,Week 1,2531,7.759,,,,-0.735,-0.497,7.759
2026,2026mnwi,Week 1,3284,7.493,,,,3.393,0.245,7.493
2026,2026mnwi,Week 1,5339,7.153,,,,2.405,-0.498,7.153
2026,2026mnwi,Week 1,2290,6.494,,,,4.117,-0.446,6.494
2026,2026mnwi,Week 1,5576,-3.1,,,,2.266,-0.136,-3.1
2026,2026mnwi,Week 1,6420,-6.003,,,,1.518,0.19,-6.003
2026,2026okok,Week 1,4635,204.484,,,,7.194,3.279,204.484
2026,2026okok,Week 1,1706,197.861,,,,0.691,3.02,197.861
2026,2026okok,Week 1,3931,119.426,,,,2.453,2.031,119.426
2026,2026okok,Week 1,2718,109.686,,,,-0.013,1.854,109.686
2026,2026okok,Week 1,4256,107.846,,,,3.146,1.459,107.846
2026,2026okok,Week 1,4522,106.373,,,,-0.273,1.116,106.373
2026,2026okok,Week 1,1939,105.315,,,,6.176,1.982,105.315
2026,2026okok,Week 1,2373,105.269,,,,-3.752,1.035,105.269
2026,2026okok,Week 1,2383,102.107,,,,6.76,1.221,102.107
2026,2026okok,Week 1,4766,73.511,,,,3.407,1.36,73.511
2026,2026okok,Week 1,1561,63.368,,,,-1.968,0.891,63.368
2026,2026okok,Week 1,2773,60.167,,,,2.863,0.754,60.167
2026,2026okok,Week 1,2183,59.026,,,,0.429,0.509,59.026
2026,2026okok,Week 1,6391,55.87,,,,4.088,1.233,55.87
2026,2026okok,Week 1,6424,49.001,,,,5.087,0.898,49.001
2026,2026okok,Week 1,5889,48.999,,,,-1.836,0.732,48.999
2026,2026okok,Week 1,6809,48.758,,,,1.308,0.518,48.758
2026,2026okok,Week 1,4500,41.056,,,,3.817,0.356,41.056
2026,2026okok,Week 1,3526,40.616,,,,-2.698,0.581,40.616
2026,2026okok,Week 1,2457,38.125,,,,2.113,0.753,38.125
2026,2026okok,Week 1,3465,36.791,,,,-1.456,0.805,36.791
2026,2026okok,Week 1,5550,33.337,,,,3.805,0.553,33.337
2026,2026okok,Week 1,3179,31.98,,,,0.118,0.209,31.98
2026,2026okok,Week 1,2333,31.169,,,,0.088,0.204,31.169
2026,2026okok,Week 1,3160,28.074,,,,3.964,0.65,28.074
2026,2026okok,Week 1,5968,28.064,,,,-1.553,0.886,28.064
2026,2026okok,Week 1,2359,25.648,,,,1.209,1.363,25.648
2026,2026okok,Week 1,6026,25.064,,,,2.461,0.53,25.064
2026,2026okok,Week 1,3892,25.031,,,,2.38,0.118,25.031
2026,2026okok,Week 1,2165,24.769,,,,1.98,0.621,24.769
2026,2026okok,Week 1,4005,22.791,,,,-0.761,0.159,22.791
2026,2026okok,Week 1,4523,21.598,,,,-1.948,0.139,21.598
2026,2026okok,Week 1,10661,18.234,,,,-0.362,-0.086,18.234
2026,2026okok,Week 1,2341,17.395,,,,2.751,0.922,17.395
2026,2026okok,Week 1,9551,15.252,,,,4.013,-0.544,15.252
2026,2026okok,Week 1,34,11.495,,,,2.287,-0.531,11.495
2026,2026okok,Week 1,1209,6.109,,,,1.455,1.245,6.109
2026,2026okok,Week 1,4206,4.233,,,,3.081,-0.086,4.233
2026,2026okok,Week 1,1785,3.364,,,,0.223,0.022,3.364
2026,2026okok,Week 1,2352,2.442,,,,3.929,0.183,2.442
2026,2026okok,Week 1,8711,0.068,,,,-0.114,-0.239,0.068
2026,2026okok,Week 1,10377,-1.929,,,,2.231,-0.886,-1.929
2026,2026okok,Week 1,3247,-2.612,,,,3.848,0.147,-2.612
2026,2026okok,Week 1,31,-4.375,,,,-2.992,-0.355,-4.375
2026,2026okok,Week 1,9472,-6.215,,,,-3.271,-0.251,-6.215
2026,2026okok,Week 1,1806,-9.925,,,,-1.942,0.118,-9.925
2026,2026bcvi,Week 1,359,209.332,,,,6.07,2.507,209.332
2026,2026bcvi,Week 1,3683,174.578,,,,-0.134,2.655,174.578
2026,2026bcvi,Week 1,3990,153.087,,,,-0.339,1.835,153.087
2026,2026bcvi,Week 1,4421,148.005,,,,1.685,2.07,148.005
2026,2026bcvi,Week 1,6766,143.091,,,,14.015,2.095,143.091
2026,2026bcvi,Week 1,9406,114.676,,,,4.222,2.004,114.676
2026,2026bcvi,Week 1,4270,111.074,,,,0.391,2.116,111.074
2026,2026bcvi,Week 1,610,78.082,,,,-1.935,1.825,78.082
2026,2026bcvi,Week 1,10120,60.082,,,,2.433,1.29,60.082
2026,2026bcvi,Week 1,9449,57.554,,,,3.013,1.338,57.554
2026,2026bcvi,Week 1,10951,50.808,,,,4.003,0.722,50.808
2026,2026bcvi,Week 1,7688,48.644,,,,1.453,0.553,48.644
2026,2026bcvi,Week 1,5461,39.838,,,,8.025,0.025,39.838
2026,2026bcvi,Week 1,8331,39.277,,,,4.292,0.743,39.277
2026,2026bcvi,Week 1,4627,34.791,,,,4.091,0.501,34.791
2026,2026bcvi,Week 1,6188,33.125,,,,1.549,0.262,33.125
2026,2026bcvi,Week 1,8338,32.266,,,,-1.745,0.393,32.266
2026,2026bcvi,Week 1,9277,28.82,,,,-0.705,0.401,28.82
2026,2026bcvi,Week 1,9719,28.16,,,,0.295,0.644,28.16
2026,2026bcvi,Week 1,6390,26.006,,,,3.055,0.33,26.006
2026,2026bcvi,Week 1,10527,21.549,,,,0.034,-0.067,21.549
2026,2026bcvi,Week 1,7135,21.275,,,,0.493,-0.332,21.275
2026,2026bcvi,Week 1,9465,20.899,,,,-3.246,-0.06,20.899
2026,2026bcvi,Week 1,7287,20.735,,,,-0.864,0.697,20.735
2026,2026bcvi,Week 1,11149,18.726,,,,-0.557,0.041,18.726
2026,2026bcvi,Week 1,8790,17.777,,,,-1.574,-0.229,17.777
2026,2026bcvi,Week 1,8339,13.475,,,,0.539,0.288,13.475
2026,2026bcvi,Week 1,7334,13.344,,,,2.563,0.545,13.344
2026,2026bcvi,Week 1,2013,12.591,,,,-0.772,0.303,12.591
2026,2026bcvi,Week 1,11354,12.305,,,,-0.676,0.62,12.305
2026,2026bcvi,Week 1,7190,12.293,,,,3.601,0.71,12.293
2026,2026bcvi,Week 1,10427,12.199,,,,1.831,0.787,12.199
2026,2026bcvi,Week 1,10384,10.594,,,,14.432,0.398,10.594
2026,2026bcvi,Week 1,4862,10.27,,,,2.576,-0.138,10.27
2026,2026bcvi,Week 1,6364,10.194,,,,0.863,0.522,10.194
2026,2026bcvi,Week 1,9180,9.53,,,,-2.206,-0.119,9.53
2026,2026bcvi,Week 1,9474,8.95,,,,-1.344,0.546,8.95
2026,2026bcvi,Week 1,11302,8.589,,,,4.521,-0.475,8.589
2026,2026bcvi,Week 1,7796,8.033,,,,1.407,-0.371,8.033
2026,2026bcvi,Week 1,9649,7.853,,,,4.364,0.432,7.853
2026,2026bcvi,Week 1,7332,5.652,,,,-0.36,0.098,5.652
2026,2026bcvi,Week 1,11391,3.731,,,,-2.023,0.25,3.731
2026,2026bcvi,Week 1,11410,1.167,,,,1.824,0.875,1.167
2026,2026bcvi,Week 1,9550,-12.525,,,,-0.594,-0.069,-12.525
2026,2026gadal,Week 1,1002,115.117,,,,2.006,1.917,115.117
2026,2026gadal,Week 1,6919,109.702,,,,0.812,2.133,109.702
2026,2026gadal,Week 1,2974,87.537,,,,1.293,1.078,87.537
2026,2026gadal,Week 1,6829,78.049,,,,-1.65,1.579,78.049
2026,2026gadal,Week 1,9477,55.458,,,,0.061,1.86,55.458
2026,2026gadal,Week 1,6772,52.778,,,,3.548,0.989,52.778
2026,2026gadal,Week 1,7451,51.69,,,,3.723,1.592,51.69
2026,2026gadal,Week 1,3329,45.549,,,,6.062,0.613,45.549
2026,2026gadal,Week 1,4026,42.308,,,,-0.674,1.405,42.308
2026,2026gadal,Week 1,8736,35.63,,,,4.088,0.747,35.63
2026,2026gadal,Week 1,1746,32.539,,,,1.287,0.602,32.539
2026,2026gadal,Week 1,10376,25.777,,,,0.312,0.397,25.777
2026,2026gadal,Week 1,4730,25.717,,,,1.264,0.012,25.717
2026,2026gadal,Week 1,10338,23.547,,,,-1.357,0.547,23.547
2026,2026gadal,Week 1,5900,22.895,,,,1.013,0.287,22.895
2026,2026gadal,Week 1,6887,20.931,,,,1.534,1.194,20.931
2026,2026gadal,Week 1,8866,20.413,,,,1.063,0.373,20.413
2026,2026gadal,Week 1,4112,19.657,,,,0.513,0.488,19.657
2026,2026gadal,Week 1,832,18.314,,,,2.211,0.748,18.314
2026,2026gadal,Week 1,11214,14.238,,,,1.505,0.593,14.238
2026,2026gadal,Week 1,8849,12.188,,,,4.106,-0.506,12.188
2026,2026gadal,Week 1,5219,10.439,,,,1.555,0.947,10.439
2026,2026gadal,Week 1,7514,8.902,,,,-1.774,0.2,8.902
2026,2026gadal,Week 1,6023,7.657,,,,-2.347,-0.114,7.657
2026,2026gadal,Week 1,9480,7.162,,,,-0.092,0.616,7.162
2026,2026gadal,Week 1,9770,6.665,,,,3.6,-0.252,6.665
2026,2026gadal,Week 1,8761,6.044,,,,-1.961,-0.057,6.044
2026,2026gadal,Week 1,5608,4.796,,,,1.16,-0.299,4.796
2026,2026gadal,Week 1,6905,4.095,,,,-0.471,-0.177,4.095
2026,2026gadal,Week 1,7676,2.72,,,,-1.086,-0.351,2.72
2026,2026gadal,Week 1,6712,-2.931,,,,-2.554,-0.41,-2.931
2026,2026milak,Week 1,2767,179.295,,,,3.021,2.9,179.295
2026,2026milak,Week 1,6002,160.513,,,,2.382,2.229,160.513
2026,2026milak,Week 1,8608,149.478,,,,-0.651,2.465,149.478
2026,2026milak,Week 1,4237,113.401,,,,0.648,2.096,113.401
2026,2026milak,Week 1,245,61.724,,,,-0.448,1.339,61.724
2026,2026milak,Week 1,5675,60.832,,,,-0.668,0.851,60.832
2026,2026milak,Week 1,5676,60.344,,,,-0.893,1.932,60.344
2026,2026milak,Week 1,3875,54.234,,,,-0.912,1.181,54.234
2026,2026milak,Week 1,1188,52.938,,,,1.024,0.676,52.938
2026,2026milak,Week 1,5559,52.066,,,,0.516,1.284,52.066
2026,2026milak,Week 1,8126,47.922,,,,-1.097,1.438,47.922
2026,2026milak,Week 1,5152,46.801,,,,1.284,1.023,46.801
2026,2026milak,Week 1,858,39.912,,,,0.411,0.452,39.912
2026,2026milak,Week 1,11386,35.365,,,,-0.453,0.578,35.365
2026,2026milak,Week 1,9215,34.158,,,,1.227,0.54,34.158
2026,2026milak,Week 1,8397,29.604,,,,2.471,0.015,29.604
2026,2026milak,Week 1,3658,22.935,,,,1.884,0.678,22.935
2026,2026milak,Week 1,5623,20.82,,,,0.647,0.276,20.82
2026,2026milak,Week 1,10651,20.565,,,,-1.042,0.727,20.565
2026,2026milak,Week 1,5248,17.626,,,,-0.34,0.887,17.626
2026,2026milak,Week 1,9566,16.328,,,,1.187,0.701,16.328
2026,2026milak,Week 1,10473,15.563,,,,-0.413,0.082,15.563
2026,2026milak,Week 1,2959,14.45,,,,1.041,0.635,14.45
2026,2026milak,Week 1,5610,13.006,,,,0.71,0.513,13.006
2026,2026milak,Week 1,7911,12.936,,,,-1.303,0.101,12.936
2026,2026milak,Week 1,11407,12.684,,,,-0.428,0.112,12.684
2026,2026milak,Week 1,5980,11.637,,,,1.632,0.209,11.637
2026,2026milak,Week 1,7226,11.506,,,,-0.458,0.142,11.506
2026,2026milak,Week 1,9672,10.895,,,,0.265,0.806,10.895
2026,2026milak,Week 1,8041,8.382,,,,-1.06,-0.151,8.382
2026,2026milak,Week 1,4327,8.246,,,,1.904,0.137,8.246
2026,2026milak,Week 1,7256,7.783,,,,1.06,-0.277,7.783
2026,2026milak,Week 1,9239,5.133,,,,0.755,-0.594,5.133
2026,2026milak,Week 1,7658,3.669,,,,3.793,0.664,3.669
2026,2026milak,Week 1,9638,2.261,,,,0.81,-0.47,2.261
2026,2026milak,Week 1,9703,0.007,,,,-0.352,-0.491,0.007
2026,2026milak,Week 1,9203,-0.773,,,,-0.554,-0.851,-0.773
2026,2026milak,Week 1,4453,-6.414,,,,-0.517,0.081,-6.414
2026,2026sccha,Week 1,9496,211.618,,,,-0.441,2.645,211.618
2026,2026sccha,Week 1,1648,70.013,,,,0.797,2.092,70.013
2026,2026sccha,Week 1,4451,58.456,,,,3.933,2.065,58.456
2026,2026sccha,Week 1,342,56.649,,,,-3.478,1.393,56.649
2026,2026sccha,Week 1,11167,41.026,,,,2.007,0.904,41.026
2026,2026sccha,Week 1,6366,40.404,,,,0.04,1.031,40.404
2026,2026sccha,Week 1,7085,37.85,,,,5.108,0.371,37.85
2026,2026sccha,Week 1,8116,35.502,,,,-0.579,1.232,35.502
2026,2026sccha,Week 1,10367,29.078,,,,-0.893,0.826,29.078
2026,2026sccha,Week 1,3490,28.607,,,,2.91,0.443,28.607
2026,2026sccha,Week 1,6167,25.808,,,,-0.173,0.307,25.808
2026,2026sccha,Week 1,11254,25.442,,,,1.455,0.92,25.442
2026,2026sccha,Week 1,11398,24.878,,,,-0.586,0.123,24.878
2026,2026sccha,Week 1,4864,22.589,,,,0.702,0.443,22.589
2026,2026sccha,Week 1,10619,22.382,,,,-0.173,-0.05,22.382
2026,2026sccha,Week 1,11424,21.009,,,,-0.876,0.846,21.009
2026,2026sccha,Week 1,4083,20.901,,,,1.765,-0.13,20.901
2026,2026sccha,Week 1,8430,15.849,,,,7.158,0.786,15.849
2026,2026sccha,Week 1,3976,11.193,,,,2.398,0.017,11.193
2026,2026sccha,Week 1,4533,6.809,,,,5.462,0.053,6.809
2026,2026sccha,Week 1,8137,3.792,,,,-1.863,-0.298,3.792
2026,2026sccha,Week 1,10361,2.966,,,,-0.46,0.023,2.966
2026,2026sccha,Week 1,10231,2.132,,,,1.794,0.405,2.132
2026,2026sccha,Week 1,10388,1.511,,,,3.026,-0.09,1.511
2026,2026sccha,Week 1,10591,-0.19,,,,-0.421,0.323,-0.19
2026,2026sccha,Week 1,1293,-3.74,,,,2.524,-0.447,-3.74
2026,2026sccha,Week 1,3489,-9.618,,,,0.949,-0.4,-9.618
2026,2026txbel,Week 1,2468,170.154,,,,3.482,2.625,170.154
2026,2026txbel,Week 1,148,129.351,,,,5.809,2.321,129.351
2026,2026txbel,Week 1,1296,118.721,,,,4.115,1.712,118.721
2026,2026txbel,Week 1,2881,93.073,,,,2.261,1.568,93.073
2026,2026txbel,Week 1,2689,76.855,,,,-0.478,2.171,76.855
2026,2026txbel,Week 1,624,73.885,,,,1.687,1.405,73.885
2026,2026txbel,Week 1,418,59.025,,,,0.252,0.718,59.025
2026,2026txbel,Week 1,2687,55.891,,,,3.02,1.37,55.891
2026,2026txbel,Week 1,9506,41.26,,,,2.5,0.824,41.26
2026,2026txbel,Week 1,436,38.396,,,,0.596,1.252,38.396
2026,2026txbel,Week 1,11178,35.84,,,,7.544,1.489,35.84
2026,2026txbel,Week 1,2728,34.968,,,,-2.602,-0.135,34.968
2026,2026txbel,Week 1,9418,33.263,,,,4.13,1.076,33.263
2026,2026txbel,Week 1,8749,32.61,,,,1.519,1.066,32.61
2026,2026txbel,Week 1,10014,30.118,,,,2.713,0.089,30.118
2026,2026txbel,Week 1,6672,29.687,,,,3.861,-0.033,29.687
2026,2026txbel,Week 1,2789,28.173,,,,2.678,0.196,28.173
2026,2026txbel,Week 1,5103,21.988,,,,3.608,0.221,21.988
2026,2026txbel,Week 1,7271,21.927,,,,-0.44,0.221,21.927
2026,2026txbel,Week 1,2714,19.969,,,,-1.873,0.27,19.969
2026,2026txbel,Week 1,9080,19.584,,,,0.9,0.462,19.584
2026,2026txbel,Week 1,10518,16.18,,,,1.934,0.96,16.18
2026,2026txbel,Week 1,8769,15.236,,,,-2.253,0.149,15.236
2026,2026txbel,Week 1,4610,13.957,,,,1.23,0.419,13.957
2026,2026txbel,Week 1,6526,13.776,,,,0.875,0.184,13.776
2026,2026txbel,Week 1,6171,12.354,,,,0.193,-0.438,12.354
2026,2026txbel,Week 1,9786,11.941,,,,3.587,-0.185,11.941
2026,2026txbel,Week 1,9121,8.926,,,,1.398,0.113,8.926
2026,2026txbel,Week 1,5986,5.329,,,,-2.802,0.418,5.329
2026,2026txbel,Week 1,5503,4.626,,,,0.988,-0.317,4.626
2026,2026txbel,Week 1,7125,4.033,,,,-0.004,-0.221,4.033
2026,2026txbel,Week 1,4364,1.846,,,,-1.71,0.677,1.846
2026,2026txbel,Week 1,3240,-2.027,,,,6.28,-1.231,-2.027
2026,2026orsal,Week 1,5468,146.236,,,,6.699,2.094,146.236
2026,2026orsal,Week 1,1540,128.0,,,,-0.409,2.002,128.0
2026,2026orsal,Week 1,846,126.746,,,,4.935,1.748,126.746
2026,2026orsal,Week 1,955,106.053,,,,1.169,1.356,106.053
2026,2026orsal,Week 1,3674,101.985,,,,-0.086,1.832,101.985
2026,2026orsal,Week 1,9023,76.535,,,,1.166,1.948,76.535
2026,2026orsal,Week 1,2521,75.293,,,,2.363,1.151,75.293
2026,2026orsal,Week 1,8532,64.007,,,,3.09,0.939,64.007
2026,2026orsal,Week 1,997,63.365,,,,-1.796,1.209,63.365
2026,2026orsal,Week 1,9430,57.534,,,,0.616,1.272,57.534
2026,2026orsal,Week 1,2374,53.61,,,,1.288,0.871,53.61
2026,2026orsal,Week 1,2926,52.525,,,,-0.771,0.645,52.525
2026,2026orsal,Week 1,7034,51.794,,,,4.244,1.059,51.794
2026,2026orsal,Week 1,4125,45.806,,,,0.457,0.919,45.806
2026,2026orsal,Week 1,4061,41.965,,,,5.952,0.558,41.965
2026,2026orsal,Week 1,5920,35.687,,,,-1.003,0.605,35.687
2026,2026orsal,Week 1,9567,34.606,,,,4.992,0.454,34.606
2026,2026orsal,Week 1,749,32.556,,,,-0.069,0.383,32.556
2026,2026orsal,Week 1,4060,31.856,,,,-1.689,0.235,31.856
2026,2026orsal,Week 1,10991,31.474,,,,1.954,0.399,31.474
2026,2026orsal,Week 1,4043,29.871,,,,-1.611,0.558,29.871
2026,2026orsal,Week 1,753,29.585,,,,1.422,0.973,29.585
2026,2026orsal,Week 1,6343,29.585,,,,3.425,-0.093,29.585
2026,2026orsal,Week 1,847,29.193,,,,0.305,0.401,29.193
2026,2026orsal,Week 1,4692,28.899,,,,0.143,0.706,28.899
2026,2026orsal,Week 1,6443,19.673,,,,5.284,-0.204,19.673
2026,2026orsal,Week 1,3024,18.276,,,,0.297,-0.003,18.276
2026,2026orsal,Week 1,1359,16.525,,,,3.513,0.59,16.525
2026,2026orsal,Week 1,6465,16.294,,,,-1.103,0.01,16.294
2026,2026orsal,Week 1,9438,8.478,,,,2.087,0.232,8.478
2026,2026orsal,Week 1,3673,7.258,,,,1.025,-0.167,7.258
2026,2026orsal,Week 1,2811,7.191,,,,2.211,0.458,7.191
2026,2026orsal,Week 1,2733,1.779,,,,2.139,-0.11,1.779
2026,2026orsal,Week 1,6845,-1.733,,,,-0.25,-0.358,-1.733
2026,2026orsal,Week 1,3712,-3.924,,,,0.925,-0.172,-3.924
2026,2026brba,Week 1,1156,236.827,,,,2.321,2.901,236.827
2026,2026brba,Week 1,7563,113.595,,,,-0.16,2.637,113.595
2026,2026brba,Week 1,9175,91.181,,,,0.403,2.431,91.181
2026,2026brba,Week 1,7565,87.244,,,,0.179,2.508,87.244
2026,2026brba,Week 1,9047,81.388,,,,5.995,1.442,81.388
2026,2026brba,Week 1,9085,79.875,,,,-0.199,2.24,79.875
2026,2026brba,Week 1,9110,68.086,,,,2.018,0.625,68.086
2026,2026brba,Week 1,9199,59.543,,,,1.662,1.425,59.543
2026,2026brba,Week 1,9484,58.624,,,,-1.254,0.952,58.624
2026,2026brba,Week 1,7567,57.545,,,,1.467,0.719,57.545
2026,2026brba,Week 1,1860,54.871,,,,-0.731,1.623,54.871
2026,2026brba,Week 1,9169,54.448,,,,0.421,0.683,54.448
2026,2026brba,Week 1,9458,54.153,,,,0.577,0.642,54.153
2026,2026brba,Week 1,10291,52.136,,,,1.854,0.484,52.136
2026,2026brba,Week 1,9162,42.988,,,,-1.903,1.524,42.988
2026,2026brba,Week 1,9200,38.825,,,,1.598,1.558,38.825
2026,2026brba,Week 1,9164,37.558,,,,-0.296,0.373,37.558
2026,2026brba,Week 1,10917,36.624,,,,-2.873,1.133,36.624
2026,2026brba,Week 1,9050,31.533,,,,-3.013,0.91,31.533
2026,2026brba,Week 1,9066,29.126,,,,-0.69,0.669,29.126
2026,2026brba,Week 1,9486,25.353,,,,-0.089,0.262,25.353
2026,2026brba,Week 1,10263,19.392,,,,-3.554,0.456,19.392
2026,2026brba,Week 1,9045,19.174,,,,8.31,-0.617,19.174
2026,2026brba,Week 1,9166,18.484,,,,1.368,0.848,18.484
2026,2026brba,Week 1,9049,17.712,,,,-0.229,1.141,17.712
2026,2026brba,Week 1,9219,17.366,,,,4.536,-0.588,17.366
2026,2026brba,Week 1,7033,16.239,,,,4.101,-0.281,16.239
2026,2026brba,Week 1,9459,16.217,,,,4.991,0.16,16.217
2026,2026brba,Week 1,8066,15.233,,,,1.978,0.742,15.233
2026,2026brba,Week 1,7459,14.805,,,,2.119,0.478,14.805
2026,2026brba,Week 1,9461,12.631,,,,-2.957,0.862,12.631
2026,2026brba,Week 1,9611,12.028,,,,3.028,0.275,12.028
2026,2026brba,Week 1,10297,11.911,,,,0.226,-0.364,11.911
2026,2026brba,Week 1,9048,10.532,,,,-0.347,0.023,10.532
2026,2026brba,Week 1,9614,9.572,,,,2.317,0.496,9.572
2026,2026brba,Week 1,9617,9.336,,,,1.247,0.409,9.336
2026,2026brba,Week 1,9046,9.108,,,,0.139,-0.327,9.108
2026,2026brba,Week 1,9195,8.499,,,,2.098,0.404,8.499
2026,2026brba,Week 1,9163,7.496,,,,2.754,-0.025,7.496
2026,2026brba,Week 1,9460,6.041,,,,-0.387,-0.118,6.041
2026,2026brba,Week 1,10345,5.374,,,,1.039,0.224,5.374
2026,2026brba,Week 1,9302,4.321,,,,0.581,-0.648,4.321
2026,2026brba,Week 1,10295,2.629,,,,2.76,-0.354,2.629
2026,2026brba,Week 1,10356,1.965,,,,-2.755,-0.588,1.965
2026,2026brba,Week 1,9305,1.929,,,,0.585,0.021,1.929
2026,2026brba,Week 1,9485,-0.656,,,,0.746,-0.12,-0.656
2026,2026brba,Week 1,8882,-1.641,,,,1.125,0.195,-1.641
2026,2026brba,Week 1,11105,-9.44,,,,1.332,-0.337,-9.44
2026,2026cosp,Week 1,498,247.04,,,,5.241,3.029,247.04
2026,2026cosp,Week 1,9068,206.53,,,,6.43,2.958,206.53
2026,2026cosp,Week 1,8044,191.731,,,,3.333,2.165,191.731
2026,2026cosp,Week 1,4499,133.096,,,,2.792,2.413,133.096
2026,2026cosp,Week 1,2996,126.265,,,,1.518,2.072,126.265
2026,2026cosp,Week 1,2240,124.015,,,,4.737,1.075,124.015
2026,2026cosp,Week 1,1339,97.167,,,,3.75,1.661,97.167
2026,2026cosp,Week 1,1619,96.844,,,,1.389,1.017,96.844
2026,2026cosp,Week 1,4388,77.407,,,,2.962,1.737,77.407
2026,2026cosp,Week 1,4068,65.252,,,,1.572,1.774,65.252
2026,2026cosp,Week 1,4944,60.256,,,,1.471,1.172,60.256
2026,2026cosp,Week 1,9134,58.747,,,,0.734,1.055,58.747
2026,2026cosp,Week 1,9501,47.439,,,,1.92,0.249,47.439
2026,2026cosp,Week 1,4293,46.7,,,,3.343,0.502,46.7
2026,2026cosp,Week 1,10114,36.867,,,,0.028,0.085,36.867
2026,2026cosp,Week 1,8334,36.582,,,,2.31,-0.032,36.582
2026,2026cosp,Week 1,1977,34.83,,,,-1.813,0.229,34.83
2026,2026cosp,Week 1,159,34.686,,,,-1.228,0.554,34.686
2026,2026cosp,Week 1,662,28.018,,,,1.221,0.188,28.018
2026,2026cosp,Week 1,3288,24.353,,,,0.33,0.228,24.353
2026,2026cosp,Week 1,6358,23.539,,,,4.425,-0.1,23.539
2026,2026cosp,Week 1,7485,20.609,,,,3.036,-0.482,20.609
2026,2026cosp,Week 1,3648,19.253,,,,0.07,0.146,19.253
2026,2026cosp,Week 1,11220,17.043,,,,1.607,0.037,17.043
2026,2026cosp,Week 1,3807,16.601,,,,0.939,0.399,16.601
2026,2026cosp,Week 1,4550,16.576,,,,-1.351,0.574,16.576
2026,2026cosp,Week 1,5493,11.27,,,,-0.837,0.077,11.27
2026,2026cosp,Week 1,10333,11.042,,,,3.349,-0.351,11.042
2026,2026cosp,Week 1,9586,10.551,,,,0.613,-0.288,10.551
2026,2026cosp,Week 1,4183,9.313,,,,1.864,0.085,9.313
2026,2026cosp,Week 1,2083,5.189,,,,0.707,0.062,5.189
2026,2026cosp,Week 1,4418,4.183,,,,1.198,0.876,4.183
2026,2026cosp,Week 1,2945,-6.747,,,,-0.162,-0.415,-6.747
2026,2026tuis2,Week 1,8725,145.165,,,,7.479,2.286,145.165
2026,2026tuis2,Week 1,7632,141.287,,,,1.806,2.173,141.287
2026,2026tuis2,Week 1,6431,113.217,,,,8.088,1.692,113.217
2026,2026tuis2,Week 1,10213,103.914,,,,0.296,2.117,103.914
2026,2026tuis2,Week 1,6948,89.692,,,,-0.889,1.188,89.692
2026,2026tuis2,Week 1,5883,73.053,,,,6.327,0.894,73.053
2026,2026tuis2,Week 1,6417,72.2,,,,5.259,2.259,72.2
2026,2026tuis2,Week 1,9427,66.22,,,,8.471,1.626,66.22
2026,2026tuis2,Week 1,10428,64.805,,,,6.935,0.91,64.805
2026,2026tuis2,Week 1,5665,62.719,,,,1.642,1.62,62.719
2026,2026tuis2,Week 1,9001,54.637,,,,3.896,0.766,54.637
2026,2026tuis2,Week 1,8169,46.068,,,,-1.282,1.301,46.068
2026,2026tuis2,Week 1,11095,40.569,,,,18.725,0.559,40.569
2026,2026tuis2,Week 1,5773,36.251,,,,-1.903,0.438,36.251
2026,2026tuis2,Week 1,6838,33.971,,,,0.518,0.485,33.971
2026,2026tuis2,Week 1,9079,32.839,,,,6.178,-0.361,32.839
2026,2026tuis2,Week 1,11266,28.316,,,,1.45,0.514,28.316
2026,2026tuis2,Week 1,11255,27.777,,,,-1.45,0.298,27.777
2026,2026tuis2,Week 1,7672,26.742,,,,-3.941,0.665,26.742
2026,2026tuis2,Week 1,11401,24.747,,,,8.392,0.289,24.747
2026,2026tuis2,Week 1,11164,19.598,,,,-2.294,0.079,19.598
2026,2026tuis2,Week 1,11365,17.976,,,,-0.083,0.304,17.976
2026,2026tuis2,Week 1,9441,13.653,,,,2.914,0.225,13.653
2026,2026tuis2,Week 1,10914,12.826,,,,-2.534,-0.008,12.826
2026,2026tuis2,Week 1,10244,11.813,,,,4.546,-0.034,11.813
2026,2026tuis2,Week 1,9610,8.733,,,,7.996,0.541,8.733
2026,2026tuis2,Week 1,9468,7.739,,,,-2.933,0.361,7.739
2026,2026tuis2,Week 1,11166,7.429,,,,-2.928,0.057,7.429
2026,2026tuis2,Week 1,10920,6.578,,,,3.528,0.202,6.578
2026,2026tuis2,Week 1,7729,3.35,,,,-2.854,0.025,3.35
2026,2026tuis2,Week 1,6988,1.284,,,,-0.072,-0.08,1.284
2026,2026tuis2,Week 1,10261,-2.13,,,,2.194,-0.32,-2.13
2026,2026tuis2,Week 1,9583,-14.039,,,,0.687,-0.487,-14.039
2026,2026inmis,Week 1,1501,147.467,,,,3.483,2.804,147.467
2026,2026inmis,Week 1,3940,144.155,,,,-1.173,2.493,144.155
2026,2026inmis,Week 1,4272,101.838,,,,2.545,1.997,101.838
2026,2026inmis,Week 1,7457,98.209,,,,4.459,1.106,98.209
2026,2026inmis,Week 1,447,94.706,,,,2.178,1.366,94.706
2026,2026inmis,Week 1,829,79.669,,,,-0.713,1.538,79.669
2026,2026inmis,Week 1,3176,75.691,,,,1.572,2.043,75.691
2026,2026inmis,Week 1,1024,71.578,,,,4.605,1.413,71.578
2026,2026inmis,Week 1,5402,65.823,,,,4.232,1.67,65.823
2026,2026inmis,Week 1,461,63.902,,,,5.048,0.817,63.902
2026,2026inmis,Week 1,9431,57.065,,,,-0.034,0.861,57.065
2026,2026inmis,Week 1,3494,50.3,,,,5.239,1.142,50.3
2026,2026inmis,Week 1,1646,46.277,,,,9.781,0.613,46.277
2026,2026inmis,Week 1,45,42.993,,,,1.204,0.565,42.993
2026,2026inmis,Week 1,5010,42.354,,,,1.665,1.065,42.354
2026,2026inmis,Week 1,9119,40.907,,,,-0.068,0.992,40.907
2026,2026inmis,Week 1,5484,38.41,,,,-0.38,0.589,38.41
2026,2026inmis,Week 1,6721,36.36,,,,7.391,0.071,36.36
2026,2026inmis,Week 1,2867,30.067,,,,0.9,0.611,30.067
2026,2026inmis,Week 1,8431,29.389,,,,4.113,-0.193,29.389
2026,2026inmis,Week 1,1555,26.336,,,,-2.763,-0.164,26.336
2026,2026inmis,Week 1,3936,24.953,,,,-1.939,0.241,24.953
2026,2026inmis,Week 1,71,24.833,,,,2.073,0.501,24.833
2026,2026inmis,Week 1,328,24.752,,,,-1.121,0.966,24.752
2026,2026inmis,Week 1,8103,24.744,,,,-1.753,-0.022,24.744
2026,2026inmis,Week 1,9554,19.838,,,,3.279,0.121,19.838
2026,2026inmis,Week 1,10411,18.932,,,,1.921,-0.029,18.932
2026,2026inmis,Week 1,2197,18.8,,,,3.029,0.662,18.8
2026,2026inmis,Week 1,3865,16.708,,,,1.843,-0.122,16.708
2026,2026inmis,Week 1,3147,15.188,,,,1.805,0.387,15.188
2026,2026inmis,Week 1,135,13.938,,,,4.409,0.174,13.938
2026,2026inmis,Week 1,9530,13.881,,,,0.049,0.426,13.881
2026,2026inmis,Week 1,9453,10.935,,,,1.127,0.238,10.935
2026,2026inmis,Week 1,10332,9.512,,,,2.29,0.085,9.512
2026,2026inmis,Week 1,7477,6.534,,,,-1.721,0.261,6.534
2026,2026inmis,Week 1,8432,6.248,,,,-1.897,-0.005,6.248
2026,2026inmis,Week 1,10434,2.361,,,,4.013,0.025,2.361
2026,2026inmis,Week 1,9071,0.693,,,,2.441,-0.06,0.693
2026,2026inmis,Week 1,10029,-4.68,,,,2.284,-0.75,-4.68
2026,2026mabil,Week 1,3467,221.223,,,,4.529,3.201,221.223
2026,2026mabil,Week 1,6328,199.158,,,,3.422,2.321,199.158
2026,2026mabil,Week 1,1768,151.278,,,,5.131,2.324,151.278
2026,2026mabil,Week 1,4909,119.314,,,,-0.689,2.531,119.314
2026,2026mabil,Week 1,8013,72.522,,,,4.695,1.174,72.522
2026,2026mabil,Week 1,1119,70.971,,,,3.92,0.94,70.971
2026,2026mabil,Week 1,5422,66.054,,,,-3.001,1.105,66.054
2026,2026mabil,Week 1,5962,53.95,,,,-0.951,0.45,53.95
2026,2026mabil,Week 1,663,46.339,,,,-0.754,0.129,46.339
2026,2026mabil,Week 1,175,45.185,,,,5.569,1.126,45.185
2026,2026mabil,Week 1,157,44.776,,,,2.147,0.785,44.776
2026,2026mabil,Week 1,1071,37.393,,,,3.795,0.523,37.393
2026,2026mabil,Week 1,10063,35.413,,,,-1.379,0.442,35.413
2026,2026mabil,Week 1,4905,34.476,,,,4.168,0.632,34.476
2026,2026mabil,Week 1,3566,32.235,,,,1.272,0.374,32.235
2026,2026mabil,Week 1,9729,29.552,,,,1.521,0.481,29.552
2026,2026mabil,Week 1,3464,24.938,,,,1.704,0.531,24.938
2026,2026mabil,Week 1,5347,21.818,,,,-1.495,0.446,21.818
2026,2026mabil,Week 1,1735,20.042,,,,1.058,-0.515,20.042
2026,2026mabil,Week 1,6620,12.829,,,,0.42,0.356,12.829
2026,2026mabil,Week 1,3623,11.846,,,,2.12,0.109,11.846
2026,2026mabil,Week 1,2064,11.127,,,,0.463,-0.211,11.127
2026,2026mabil,Week 1,10393,8.267,,,,5.698,0.504,8.267
2026,2026mabil,Week 1,9644,3.806,,,,-1.742,-0.08,3.806
2026,2026mabil,Week 1,8708,2.475,,,,0.002,-0.378,2.475
2026,2026mabil,Week 1,3182,2.164,,,,-2.638,0.54,2.164
2026,2026mabil,Week 1,4169,-3.021,,,,4.928,0.33,-3.021
2026,2026mabil,Week 1,5902,-4.662,,,,2.707,0.167,-4.662
2026,2026mabil,Week 1,1099,-20.802,,,,0.047,-0.503,-20.802
2026,2026mefal,Week 1,5687,214.378,,,,3.481,2.671,214.378
2026,2026mefal,Week 1,6329,198.469,,,,5.832,2.568,198.469
2026,2026mefal,Week 1,190,181.112,,,,3.245,2.087,181.112
2026,2026mefal,Week 1,7407,148.338,,,,3.799,1.91,148.338
2026,2026mefal,Week 1,8046,100.643,,,,-1.836,0.854,100.643
2026,2026mefal,Week 1,172,41.429,,,,-1.202,0.731,41.429
2026,2026mefal,Week 1,8410,34.887,,,,-0.747,0.293,34.887
2026,2026mefal,Week 1,6153,27.139,,,,1.828,1.018,27.139
2026,2026mefal,Week 1,4564,25.57,,,,-2.007,-0.088,25.57
2026,2026mefal,Week 1,11131,25.115,,,,-1.863,0.277,25.115
2026,2026mefal,Week 1,4473,24.904,,,,3.542,0.245,24.904
2026,2026mefal,Week 1,1307,21.229,,,,-0.531,-0.046,21.229
2026,2026mefal,Week 1,6691,18.718,,,,-0.431,0.193,18.718
2026,2026mefal,Week 1,11336,17.975,,,,2.732,-0.391,17.975
2026,2026mefal,Week 1,4041,17.684,,,,2.603,1.094,17.684
2026,2026mefal,Week 1,7907,17.64,,,,4.858,-0.405,17.64
2026,2026mefal,Week 1,3597,16.411,,,,-2.343,0.028,16.411
2026,2026mefal,Week 1,8023,9.218,,,,0.384,0.628,9.218
2026,2026mefal,Week 1,2648,4.667,,,,-0.782,0.098,4.667
2026,2026mefal,Week 1,61,0.807,,,,4.022,0.734,0.807
2026,2026miche,Week 1,5460,182.221,,,,4.0,2.248,182.221
2026,2026miche,Week 1,27,179.842,,,,2.437,2.205,179.842
2026,2026miche,Week 1,2611,114.53,,,,2.543,1.875,114.53
2026,2026miche,Week 1,3656,105.474,,,,1.635,1.812,105.474
2026,2026miche,Week 1,3641,102.635,,,,4.314,1.503,102.635
2026,2026miche,Week 1,3668,94.993,,,,4.907,1.418,94.993
2026,2026miche,Week 1,5144,94.46,,,,5.452,0.98,94.46
2026,2026miche,Week 1,8373,79.829,,,,0.135,1.365,79.829
2026,2026miche,Week 1,9210,73.471,,,,1.253,1.53,73.471
2026,2026miche,Week 1,7197,67.299,,,,-1.544,1.562,67.299
2026,2026miche,Week 1,503,66.119,,,,-0.505,0.549,66.119
2026,2026miche,Week 1,7501,61.866,,,,0.274,0.762,61.866
2026,2026miche,Week 1,5046,58.873,,,,1.315,0.695,58.873
2026,2026miche,Week 1,302,56.339,,,,-0.815,1.281,56.339
2026,2026miche,Week 1,6081,51.0,,,,-0.125,0.837,51.0
2026,2026miche,Week 1,1076,46.154,,,,1.754,0.855,46.154
2026,2026miche,Week 1,6570,44.978,,,,-1.805,1.065,44.978
2026,2026miche,Week 1,7056,40.2,,,,2.972,0.307,40.2
2026,2026miche,Week 1,11437,33.585,,,,1.781,0.374,33.585
2026,2026miche,Week 1,9618,31.889,,,,2.873,0.54,31.889
2026,2026miche,Week 1,4216,31.296,,,,0.852,0.949,31.296
2026,2026miche,Week 1,5708,31.124,,,,-2.011,0.53,31.124
2026,2026miche,Week 1,5567,29.229,,,,1.261,0.79,29.229
2026,2026miche,Week 1,8124,28.582,,,,2.98,0.591,28.582
2026,2026miche,Week 1,8300,25.944,,,,3.648,-0.003,25.944
2026,2026miche,Week 1,240,21.976,,,,0.491,0.861,21.976
2026,2026miche,Week 1,5530,21.155,,,,0.598,-0.138,21.155
2026,2026miche,Week 1,11387,20.164,,,,1.346,1.006,20.164
2026,2026miche,Week 1,9204,19.774,,,,5.48,-0.122,19.774
2026,2026miche,Week 1,6591,19.462,,,,1.093,0.317,19.462
2026,2026miche,Week 1,8374,19.429,,,,-1.284,-0.228,19.429
2026,2026miche,Week 1,5314,19.401,,,,-1.096,0.266,19.401
2026,2026miche,Week 1,1502,18.871,,,,0.869,0.555,18.871
2026,2026miche,Week 1,10285,17.156,,,,-1.265,-0.138,17.156
2026,2026miche,Week 1,10607,8.622,,,,0.602,-0.008,8.622
2026,2026miche,Week 1,11505,7.69,,,,2.184,0.234,7.69
2026,2026miche,Week 1,5260,-0.882,,,,-0.679,-0.051,-0.882
2026,2026miche,Week 1,5205,-5.431,,,,-0.568,-0.24,-5.431
2026,2026miche,Week 1,8832,-24.655,,,,0.564,-0.767,-24.655
2026,2026mimtp,Week 1,7166,153.362,,,,-0.55,2.419,153.362
2026,2026mimtp,Week 1,2337,131.534,,,,2.096,2.3,131.534
2026,2026mimtp,Week 1,4381,69.369,,,,0.261,1.756,69.369
2026,2026mimtp,Week 1,5436,64.758,,,,5.021,1.388,64.758
2026,2026mimtp,Week 1,8873,64.211,,,,2.508,1.833,64.211
2026,2026mimtp,Week 1,573,61.788,,,,0.25,1.197,61.788
2026,2026mimtp,Week 1,7195,53.035,,,,0.959,0.826,53.035
2026,2026mimtp,Week 1,6033,51.593,,,,1.361,1.036,51.593
2026,2026mimtp,Week 1,3767,43.871,,,,5.395,0.688,43.871
2026,2026mimtp,Week 1,9661,43.686,,,,4.615,-0.179,43.686
2026,2026mimtp,Week 1,3688,41.459,,,,3.83,0.826,41.459
2026,2026mimtp,Week 1,4422,40.161,,,,-2.583,1.404,40.161
2026,2026mimtp,Week 1,10978,39.92,,,,4.028,0.797,39.92
2026,2026mimtp,Week 1,9773,37.508,,,,-0.348,1.333,37.508
2026,2026mimtp,Week 1,5110,37.327,,,,1.613,0.946,37.327
2026,2026mimtp,Week 1,5982,35.225,,,,0.407,1.214,35.225
2026,2026mimtp,Week 1,2405,32.402,,,,-0.395,0.742,32.402
2026,2026mimtp,Week 1,3655,30.731,,,,-0.155,0.404,30.731
2026,2026mimtp,Week 1,7109,30.042,,,,-1.418,0.57,30.042
2026,2026mimtp,Week 1,5697,27.871,,,,-2.814,1.268,27.871
2026,2026mimtp,Week 1,6100,27.44,,,,-0.287,0.465,27.44
2026,2026mimtp,Week 1,6642,23.973,,,,0.288,0.025,23.973
2026,2026mimtp,Week 1,9594,23.625,,,,-0.688,0.978,23.625
2026,2026mimtp,Week 1,1711,20.921,,,,-0.976,0.931,20.921
2026,2026mimtp,Week 1,8286,20.174,,,,-1.95,1.087,20.174
2026,2026mimtp,Week 1,6071,19.94,,,,-2.101,-0.457,19.94
2026,2026mimtp,Week 1,7210,17.659,,,,1.261,0.35,17.659
2026,2026mimtp,Week 1,10614,17.044,,,,-1.184,0.056,17.044
2026,2026mimtp,Week 1,9662,16.672,,,,0.067,0.417,16.672
2026,2026mimtp,Week 1,5084,15.745,,,,-2.789,0.446,15.745
2026,2026mimtp,Week 1,9755,15.063,,,,6.322,-0.412,15.063
2026,2026mimtp,Week 1,5234,13.019,,,,1.224,0.243,13.019
2026,2026mimtp,Week 1,9673,11.951,,,,0.606,-0.065,11.951
2026,2026mimtp,Week 1,10613,9.008,,,,1.719,-0.697,9.008
2026,2026mimtp,Week 1,9568,8.642,,,,-0.343,-0.318,8.642
2026,2026mimtp,Week 1,5162,7.972,,,,-1.039,-0.053,7.972
2026,2026mimtp,Week 1,6533,6.928,,,,-0.306,0.074,6.928
2026,2026mimtp,Week 1,5235,5.265,,,,0.789,-0.218,5.265
2026,2026mimtp,Week 1,5231,4.855,,,,-0.92,-0.253,4.855
2026,2026mimtp,Week 1,9650,-5.665,,,,-0.439,-0.282,-5.665
2026,2026nccab,Week 1,6500,92.013,,,,1.522,1.769,92.013
2026,2026nccab,Week 1,3506,85.522,,,,-0.489,2.218,85.522
2026,2026nccab,Week 1,4534,72.429,,,,1.547,2.297,72.429
2026,2026nccab,Week 1,2724,53.104,,,,0.119,1.397,53.104
2026,2026nccab,Week 1,10107,33.844,,,,7.59,0.947,33.844
2026,2026nccab,Week 1,6894,32.834,,,,0.004,1.23,32.834
2026,2026nccab,Week 1,10704,32.406,,,,0.33,0.544,32.406
2026,2026nccab,Week 1,4935,31.827,,,,-1.912,0.699,31.827
2026,2026nccab,Week 1,1225,26.51,,,,0.537,0.298,26.51
2026,2026nccab,Week 1,900,23.049,,,,1.793,0.83,23.049
2026,2026nccab,Week 1,11377,22.76,,,,-0.18,0.187,22.76
2026,2026nccab,Week 1,8727,22.655,,,,-1.069,1.066,22.655
2026,2026nccab,Week 1,9298,22.609,,,,7.386,0.089,22.609
2026,2026nccab,Week 1,9150,21.748,,,,3.25,0.802,21.748
2026,2026nccab,Week 1,2640,17.729,,,,3.693,0.406,17.729
2026,2026nccab,Week 1,10248,17.65,,,,1.948,0.417,17.65
2026,2026nccab,Week 1,3196,16.928,,,,-0.135,0.629,16.928
2026,2026nccab,Week 1,5727,14.09,,,,0.89,0.581,14.09
2026,2026nccab,Week 1,9605,11.969,,,,-1.257,0.097,11.969
2026,2026nccab,Week 1,8746,10.666,,,,-1.413,0.321,10.666
2026,2026nccab,Week 1,9005,8.229,,,,2.088,-0.322,8.229
2026,2026nccab,Week 1,9762,7.826,,,,1.826,-0.105,7.826
2026,2026nccab,Week 1,10412,7.027,,,,2.425,0.203,7.027
2026,2026nccab,Week 1,9198,6.827,,,,-0.458,-0.036,6.827
2026,2026nccab,Week 1,8757,4.856,,,,-0.672,0.305,4.856
2026,2026nccab,Week 1,3680,-4.007,,,,-1.547,-0.035,-4.007
2026,2026nccab,Week 1,5511,-4.369,,,,1.8,-0.391,-4.369
2026,2026nccab,Week 1,6932,-6.314,,,,-1.699,-0.278,-6.314
2026,2026ncwak,Week 1,4561,68.948,,,,5.45,2.133,68.948
2026,2026ncwak,Week 1,2059,67.625,,,,-0.13,1.964,67.625
2026,2026ncwak,Week 1,11179,44.01,,,,1.214,1.269,44.01
2026,2026ncwak,Week 1,4828,43.918,,,,1.796,0.672,43.918
2026,2026ncwak,Week 1,4795,41.319,,,,-0.4,1.054,41.319
2026,2026ncwak,Week 1,8429,36.723,,,,-0.875,1.679,36.723
2026,2026ncwak,Week 1,5160,32.94,,,,-1.339,1.625,32.94
2026,2026ncwak,Week 1,8738,27.864,,,,1.274,0.555,27.864
2026,2026ncwak,Week 1,6502,26.679,,,,-0.971,0.85,26.679
2026,2026ncwak,Week 1,4861,23.733,,,,-0.205,0.895,23.733
2026,2026ncwak,Week 1,9042,22.592,,,,-0.251,0.427,22.592
2026,2026ncwak,Week 1,9559,21.169,,,,4.515,0.333,21.169
2026,2026ncwak,Week 1,10302,21.016,,,,-0.111,0.002,21.016
2026,2026ncwak,Week 1,10121,19.65,,,,0.185,0.394,19.65
2026,2026ncwak,Week 1,587,19.444,,,,-0.356,0.215,19.444
2026,2026ncwak,Week 1,11285,18.617,,,,0.979,0.921,18.617
2026,2026ncwak,Week 1,10354,18.123,,,,1.646,-0.002,18.123
2026,2026ncwak,Week 1,9789,17.864,,,,0.076,0.137,17.864
2026,2026ncwak,Week 1,9788,15.955,,,,3.362,0.661,15.955
2026,2026ncwak,Week 1,3229,12.304,,,,0.59,0.267,12.304
2026,2026ncwak,Week 1,3336,11.303,,,,0.539,0.471,11.303
2026,2026ncwak,Week 1,11353,10.153,,,,-0.68,0.413,10.153
2026,2026ncwak,Week 1,11161,7.688,,,,1.109,0.43,7.688
2026,2026ncwak,Week 1,6240,6.611,,,,-0.954,-0.51,6.611
2026,2026ncwak,Week 1,4816,6.085,,,,-0.27,-0.201,6.085
2026,2026ncwak,Week 1,3459,1.396,,,,0.38,-0.199,1.396
2026,2026ncwak,Week 1,10072,1.165,,,,-1.029,-0.197,1.165
2026,2026ncwak,Week 1,5919,0.151,,,,0.018,-0.14,0.151
2026,2026ncwak,Week 1,435,-2.462,,,,1.52,-0.118,-2.462
2026,2026njwas,Week 1,316,209.906,,,,3.441,2.92,209.906
2026,2026njwas,Week 1,8513,150.292,,,,5.713,2.683,150.292
2026,2026njwas,Week 1,5895,140.434,,,,1.425,2.455,140.434
2026,2026njwas,Week 1,11,72.96,,,,-1.049,1.063,72.96
2026,2026njwas,Week 1,3637,69.154,,,,3.081,1.701,69.154
2026,2026njwas,Week 1,1676,60.036,,,,-2.071,0.865,60.036
2026,2026njwas,Week 1,219,42.58,,,,2.68,0.023,42.58
2026,2026njwas,Week 1,193,40.184,,,,-1.278,1.619,40.184
2026,2026njwas,Week 1,3142,39.133,,,,-1.065,0.439,39.133
2026,2026njwas,Week 1,5992,33.663,,,,0.413,-0.004,33.663
2026,2026njwas,Week 1,1279,32.858,,,,-0.329,-0.296,32.858
2026,2026njwas,Week 1,222,32.337,,,,0.673,1.137,32.337
2026,2026njwas,Week 1,8706,30.826,,,,3.969,0.229,30.826
2026,2026njwas,Week 1,8117,29.072,,,,0.354,0.218,29.072
2026,2026njwas,Week 1,555,22.365,,,,-0.297,0.096,22.365
2026,2026njwas,Week 1,9015,22.19,,,,1.413,0.702,22.19
2026,2026njwas,Week 1,4285,21.274,,,,0.777,0.615,21.274
2026,2026njwas,Week 1,41,18.643,,,,6.598,0.657,18.643
2026,2026njwas,Week 1,430,17.734,,,,1.095,0.045,17.734
2026,2026njwas,Week 1,9116,15.506,,,,2.043,0.051,15.506
2026,2026njwas,Week 1,223,14.01,,,,1.587,1.211,14.01
2026,2026njwas,Week 1,10995,12.221,,,,-1.725,-0.147,12.221
2026,2026njwas,Week 1,1672,9.075,,,,1.641,0.104,9.075
2026,2026njwas,Week 1,6016,4.882,,,,0.782,0.317,4.882
2026,2026njwas,Week 1,8771,2.923,,,,-1.394,-0.207,2.923
2026,2026njwas,Week 1,4361,-0.76,,,,0.128,0.654,-0.76
2026,2026njwas,Week 1,6945,-0.781,,,,3.031,0.014,-0.781
2026,2026njwas,Week 1,1811,-3.045,,,,-1.439,0.079,-3.045
2026,2026njwas,Week 1,8707,-6.756,,,,-1.312,0.106,-6.756
2026,2026njwas,Week 1,752,-6.833,,,,4.031,-0.099,-6.833
2026,2026pahat,Week 1,341,163.571,,,,3.823,2.485,163.571
2026,2026pahat,Week 1,5181,94.068,,,,-0.739,2.199,94.068
2026,2026pahat,Week 1,2607,92.78,,,,-0.397,2.166,92.78
2026,2026pahat,Week 1,2539,87.503,,,,-0.686,2.035,87.503
2026,2026pahat,Week 1,272,85.208,,,,1.777,2.632,85.208
2026,2026pahat,Week 1,4575,54.04,,,,5.633,0.979,54.04
2026,2026pahat,Week 1,862,50.3,,,,6.209,1.214,50.3
2026,2026pahat,Week 1,10584,39.659,,,,-1.86,1.432,39.659
2026,2026pahat,Week 1,10979,36.388,,,,4.121,0.532,36.388
2026,2026pahat,Week 1,1089,35.653,,,,0.087,0.394,35.653
2026,2026pahat,Week 1,10400,31.168,,,,1.286,0.711,31.168
2026,2026pahat,Week 1,10070,30.3,,,,8.85,0.421,30.3
2026,2026pahat,Week 1,427,29.697,,,,5.799,0.841,29.697
2026,2026pahat,Week 1,2559,29.633,,,,0.111,0.683,29.633
2026,2026pahat,Week 1,1168,20.761,,,,0.347,0.331,20.761
2026,2026pahat,Week 1,486,18.819,,,,-0.461,0.118,18.819
2026,2026pahat,Week 1,6808,18.792,,,,-1.443,0.567,18.792
2026,2026pahat,Week 1,708,17.225,,,,1.91,0.809,17.225
2026,2026pahat,Week 1,9014,16.974,,,,-2.267,-0.095,16.974
2026,2026pahat,Week 1,1626,16.509,,,,-0.542,0.349,16.509
2026,2026pahat,Week 1,5113,14.059,,,,1.988,0.221,14.059
2026,2026pahat,Week 1,5684,13.5,,,,0.905,-0.213,13.5
2026,2026pahat,Week 1,9027,13.144,,,,-0.643,0.551,13.144
2026,2026pahat,Week 1,2458,10.001,,,,-1.768,0.504,10.001
2026,2026pahat,Week 1,2234,8.086,,,,-0.413,0.289,8.086
2026,2026pahat,Week 1,709,8.016,,,,-0.491,-0.173,8.016
2026,2026pahat,Week 1,321,6.573,,,,0.17,0.03,6.573
2026,2026pahat,Week 1,11366,5.693,,,,5.529,-0.408,5.693
2026,2026pahat,Week 1,6226,3.314,,,,0.659,-0.107,3.314
2026,2026pahat,Week 1,2095,-0.358,,,,2.983,-0.84,-0.358
2026,2026pahat,Week 1,10993,-1.286,,,,1.346,-0.255,-1.286
2026,2026pahat,Week 1,816,-6.65,,,,-0.414,-0.098,-6.65
2026,2026pahat,Week 1,7110,-10.974,,,,0.673,-0.22,-10.974
2026,2026vaale,Week 1,9072,109.816,,,,4.138,2.961,109.816
2026,2026vaale,Week 1,1908,95.295,,,,3.615,1.645,95.295
2026,2026vaale,Week 1,4099,90.101,,,,1.106,1.248,90.101
2026,2026vaale,Week 1,1731,78.651,,,,6.155,1.521,78.651
2026,2026vaale,Week 1,5549,66.028,,,,2.316,1.538,66.028
2026,2026vaale,Week 1,4472,64.727,,,,2.289,1.701,64.727
2026,2026vaale,Week 1,5338,64.498,,,,-1.058,1.56,64.498
2026,2026vaale,Week 1,449,63.179,,,,1.744,1.43,63.179
2026,2026vaale,Week 1,2377,47.34,,,,1.243,2.0,47.34
2026,2026vaale,Week 1,5243,44.616,,,,-0.617,0.413,44.616
2026,2026vaale,Week 1,3373,40.936,,,,1.598,0.923,40.936
2026,2026vaale,Week 1,5353,40.855,,,,1.561,0.36,40.855
2026,2026vaale,Week 1,526,40.362,,,,2.066,1.275,40.362
2026,2026vaale,Week 1,6882,35.437,,,,1.378,0.849,35.437
2026,2026vaale,Week 1,1895,34.474,,,,0.415,0.46,34.474
2026,2026vaale,Week 1,3258,33.599,,,,-0.852,1.384,33.599
2026,2026vaale,Week 1,612,32.47,,,,5.511,0.874,32.47
2026,2026vaale,Week 1,2363,31.294,,,,0.922,0.323,31.294
2026,2026vaale,Week 1,3136,30.817,,,,0.007,0.233,30.817
2026,2026vaale,Week 1,539,29.601,,,,3.686,0.589,29.601
2026,2026vaale,Week 1,2028,29.09,,,,1.978,0.336,29.09
2026,2026vaale,Week 1,2068,23.67,,,,-2.193,0.134,23.67
2026,2026vaale,Week 1,4638,23.397,,,,6.616,0.921,23.397
2026,2026vaale,Week 1,611,22.464,,,,4.34,0.233,22.464
2026,2026vaale,Week 1,8230,20.528,,,,1.619,0.389,20.528
2026,2026vaale,Week 1,2890,20.287,,,,-0.294,0.165,20.287
2026,2026vaale,Week 1,2988,19.466,,,,-1.253,0.201,19.466
2026,2026vaale,Week 1,1885,18.585,,,,8.094,0.029,18.585
2026,2026vaale,Week 1,620,18.112,,,,0.224,1.087,18.112
2026,2026vaale,Week 1,2186,15.639,,,,-1.246,0.633,15.639
2026,2026vaale,Week 1,122,15.012,,,,2.038,-0.099,15.012
2026,2026vaale,Week 1,5587,11.014,,,,0.718,0.168,11.014
2026,2026vaale,Week 1,3359,9.563,,,,-0.708,-0.254,9.563
2026,2026vaale,Week 1,8326,6.518,,,,1.839,-0.491,6.518
2026,2026vaale,Week 1,9403,5.28,,,,-1.295,-0.212,5.28
2026,2026vaale,Week 1,1793,4.656,,,,-2.339,-0.206,4.656
2026,2026vaale,Week 1,10449,0.848,,,,0.38,-0.524,0.848
2026,2026vaale,Week 1,2534,-3.048,,,,1.363,-0.62,-3.048
2026,2026vaale,Week 1,2963,-3.839,,,,1.082,-0.046,-3.839
2026,2026vaale,Week 1,116,-4.506,,,,0.148,-0.299,-4.506
2026,2026wiply,Week 1,1306,176.817,,,,1.429,2.353,176.817
2026,2026wiply,Week 1,1732,165.584,,,,1.817,2.744,165.584
2026,2026wiply,Week 1,1714,104.558,,,,1.973,1.909,104.558
2026,2026wiply,Week 1,2062,97.312,,,,-0.325,1.873,97.312
2026,2026wiply,Week 1,930,92.292,,,,2.127,1.706,92.292
2026,2026wiply,Week 1,7915,68.844,,,,-0.774,1.41,68.844
2026,2026wiply,Week 1,6223,55.526,,,,1.604,0.966,55.526
2026,2026wiply,Week 1,4786,50.404,,,,3.691,1.302,50.404
2026,2026wiply,Week 1,3197,44.13,,,,-0.143,0.344,44.13
2026,2026wiply,Week 1,4021,34.457,,,,0.348,0.866,34.457
2026,2026wiply,Week 1,6381,33.316,,,,4.265,0.077,33.316
2026,2026wiply,Week 1,1675,32.588,,,,6.817,0.736,32.588
2026,2026wiply,Week 1,2506,32.492,,,,-0.112,0.431,32.492
2026,2026wiply,Week 1,2143,31.618,,,,0.239,0.456,31.618
2026,2026wiply,Week 1,2202,30.945,,,,1.638,0.71,30.945
2026,2026wiply,Week 1,6574,30.002,,,,2.106,0.245,30.002
2026,2026wiply,Week 1,6318,28.401,,,,-0.109,0.194,28.401
2026,2026wiply,Week 1,8847,21.561,,,,-0.341,0.169,21.561
2026,2026wiply,Week 1,3418,21.249,,,,-0.632,1.027,21.249
2026,2026wiply,Week 1,9149,20.293,,,,-1.046,0.711,20.293
2026,2026wiply,Week 1,7619,19.892,,,,-0.864,0.298,19.892
2026,2026wiply,Week 1,8531,19.586,,,,1.852,-0.109,19.586
2026,2026wiply,Week 1,6421,19.339,,,,-0.772,1.028,19.339
2026,2026wiply,Week 1,537,18.889,,,,0.535,0.1,18.889
2026,2026wiply,Week 1,1091,18.053,,,,-1.765,0.531,18.053
2026,2026wiply,Week 1,10522,16.271,,,,2.201,-0.29,16.271
2026,2026wiply,Week 1,8701,14.251,,,,1.462,-0.406,14.251
2026,2026wiply,Week 1,7900,11.703,,,,-1.441,-0.115,11.703
2026,2026wiply,Week 1,10430,11.324,,,,2.636,0.509,11.324
2026,2026wiply,Week 1,8024,10.654,,,,1.426,0.402,10.654
2026,2026wiply,Week 1,2077,5.444,,,,-1.32,0.241,5.444
2026,2026wiply,Week 1,1220,-5.727,,,,0.385,-0.332,-5.727
2026,2026wiply,Week 1,3596,-16.572,,,,-0.992,-0.585,-16.572
2026,2026cahal,Week 1,1678,345.712,,,,1.034,3.741,345.712
2026,2026cahal,Week 1,9470,266.562,,,,5.696,2.161,266.562
2026,2026cahal,Week 1,604,154.868,,,,4.285,2.466,154.868
2026,2026cahal,Week 1,7419,71.872,,,,-0.49,0.979,71.872
2026,2026cahal,Week 1,1857,63.645,,,,6.017,1.146,63.645
2026,2026cahal,Week 1,9584,57.001,,,,4.895,1.446,57.001
2026,2026cahal,Week 1,8793,53.991,,,,6.944,1.116,53.991
2026,2026cahal,Week 1,3045,51.875,,,,0.3,1.49,51.875
2026,2026cahal,Week 1,3598,47.838,,,,0.355,1.307,47.838
2026,2026cahal,Week 1,971,47.603,,,,-1.941,1.502,47.603
2026,2026cahal,Week 1,6305,41.931,,,,0.266,0.953,41.931
2026,2026cahal,Week 1,4171,37.773,,,,-0.042,1.081,37.773
2026,2026cahal,Week 1,3257,36.178,,,,5.422,0.488,36.178
2026,2026cahal,Week 1,5924,31.802,,,,6.318,-0.546,31.802
2026,2026cahal,Week 1,1458,27.112,,,,3.917,0.839,27.112
2026,2026cahal,Week 1,852,27.11,,,,1.235,-0.188,27.11
2026,2026cahal,Week 1,4990,26.552,,,,-0.102,0.542,26.552
2026,2026cahal,Week 1,10252,17.121,,,,2.877,0.092,17.121
2026,2026cahal,Week 1,1452,17.074,,,,4.215,-0.291,17.074
2026,2026cahal,Week 1,670,15.216,,,,-4.492,0.261,15.216
2026,2026cahal,Week 1,7413,9.934,,,,2.694,-0.205,9.934
2026,2026cahal,Week 1,5760,8.906,,,,-0.944,0.071,8.906
2026,2026cahal,Week 1,7607,8.037,,,,0.804,-0.46,8.037
2026,2026cahal,Week 1,10059,6.894,,,,6.13,-0.264,6.894
2026,2026cahal,Week 1,6981,4.476,,,,1.651,0.054,4.476
2026,2026cahal,Week 1,2473,-11.584,,,,0.038,-0.366,-11.584
2026,2026capoh,Week 1,3128,155.947,,,,0.101,1.945,155.947
2026,2026capoh,Week 1,3255,124.94,,,,3.565,2.028,124.94
2026,2026capoh,Week 1,2637,120.326,,,,-1.89,2.913,120.326
2026,2026capoh,Week 1,8,88.173,,,,9.71,2.252,88.173
2026,2026capoh,Week 1,5136,77.391,,,,0.178,0.844,77.391
2026,2026capoh,Week 1,5817,70.189,,,,0.615,1.853,70.189
2026,2026capoh,Week 1,2429,66.278,,,,-1.64,0.976,66.278
2026,2026capoh,Week 1,9452,59.982,,,,2.203,0.965,59.982
2026,2026capoh,Week 1,2584,59.701,,,,3.187,1.679,59.701
2026,2026capoh,Week 1,2710,53.959,,,,-1.621,1.59,53.959
2026,2026capoh,Week 1,1148,48.751,,,,-1.559,1.131,48.751
2026,2026capoh,Week 1,702,47.329,,,,5.457,0.326,47.329
2026,2026capoh,Week 1,9084,45.921,,,,-3.174,0.843,45.921
2026,2026capoh,Week 1,2485,43.921,,,,6.727,0.514,43.921
2026,2026capoh,Week 1,7157,40.195,,,,0.303,0.608,40.195
2026,2026capoh,Week 1,5025,28.519,,,,9.2,1.026,28.519
2026,2026capoh,Week 1,3647,28.278,,,,4.228,1.109,28.278
2026,2026capoh,Week 1,2984,25.488,,,,0.401,0.415,25.488
2026,2026capoh,Week 1,6515,22.592,,,,-4.745,1.132,22.592
2026,2026capoh,Week 1,1138,20.255,,,,0.319,0.061,20.255
2026,2026capoh,Week 1,4160,18.015,,,,-3.998,-0.087,18.015
2026,2026capoh,Week 1,968,16.72,,,,0.436,0.151,16.72
2026,2026capoh,Week 1,3020,15.531,,,,2.219,0.376,15.531
2026,2026capoh,Week 1,3759,15.369,,,,4.17,0.02,15.369
2026,2026capoh,Week 1,8060,14.957,,,,-0.312,0.124,14.957
2026,2026capoh,Week 1,3328,14.856,,,,14.297,0.473,14.856
2026,2026capoh,Week 1,399,14.404,,,,1.859,0.674,14.404
2026,2026capoh,Week 1,4019,14.062,,,,9.31,-0.074,14.062
2026,2026capoh,Week 1,9772,12.721,,,,-1.817,0.202,12.721
2026,2026capoh,Week 1,4079,10.986,,,,2.311,0.374,10.986
2026,2026capoh,Week 1,1972,9.924,,,,1.504,0.032,9.924
2026,2026capoh,Week 1,1159,9.613,,,,-0.378,-0.17,9.613
2026,2026capoh,Week 1,5805,8.543,,,,0.718,-0.071,8.543
2026,2026capoh,Week 1,6657,7.207,,,,-0.302,0.619,7.207
2026,2026capoh,Week 1,3863,6.469,,,,9.315,-0.673,6.469
2026,2026capoh,Week 1,4711,6.154,,,,3.289,-0.207,6.154
2026,2026capoh,Week 1,6764,4.151,,,,-0.708,0.363,4.151
2026,2026capoh,Week 1,10147,3.705,,,,7.628,-0.193,3.705
2026,2026capoh,Week 1,7327,2.929,,,,-0.06,0.173,2.929
2026,2026capoh,Week 1,10166,1.059,,,,-0.747,0.291,1.059
2026,2026capoh,Week 1,4276,0.313,,,,2.262,-0.093,0.313
2026,2026capoh,Week 1,3473,-0.913,,,,5.167,-0.516,-0.913
2026,2026wabon,Week 1,948,184.713,,,,6.824,2.314,184.713
2026,2026wabon,Week 1,2046,177.898,,,,6.423,2.642,177.898
2026,2026wabon,Week 1,360,134.431,,,,2.633,1.866,134.431
2026,2026wabon,Week 1,9450,95.692,,,,-0.414,1.875,95.692
2026,2026wabon,Week 1,492,90.369,,,,0.047,1.976,90.369
2026,2026wabon,Week 1,3218,84.121,,,,-0.2,1.764,84.121
2026,2026wabon,Week 1,2412,83.584,,,,-1.315,1.682,83.584
2026,2026wabon,Week 1,1318,71.301,,,,0.881,0.844,71.301
2026,2026wabon,Week 1,7461,52.555,,,,-0.057,0.685,52.555
2026,2026wabon,Week 1,8248,51.03,,,,-0.507,1.411,51.03
2026,2026wabon,Week 1,4980,48.909,,,,-1.598,0.719,48.909
2026,2026wabon,Week 1,4911,39.074,,,,0.142,0.426,39.074
2026,2026wabon,Week 1,10416,37.933,,,,3.786,0.141,37.933
2026,2026wabon,Week 1,4450,35.947,,,,-0.834,0.515,35.947
2026,2026wabon,Week 1,2147,34.082,,,,2.586,0.27,34.082
2026,2026wabon,Week 1,2976,29.896,,,,-1.432,0.179,29.896
2026,2026wabon,Week 1,2928,28.523,,,,1.952,0.901,28.523
2026,2026wabon,Week 1,3393,26.463,,,,-1.334,0.672,26.463
2026,2026wabon,Week 1,1983,23.154,,,,0.949,0.268,23.154
2026,2026wabon,Week 1,5683,20.74,,,,-0.588,-0.375,20.74
2026,2026wabon,Week 1,8302,17.036,,,,0.818,0.195,17.036
2026,2026wabon,Week 1,2557,15.403,,,,2.93,-0.675,15.403
2026,2026wabon,Week 1,9446,15.338,,,,-0.214,1.06,15.338
2026,2026wabon,Week 1,8896,13.981,,,,2.456,-0.244,13.981
2026,2026wabon,Week 1,2906,12.07,,,,3.047,0.255,12.07
2026,2026wabon,Week 1,10423,10.438,,,,0.439,0.311,10.438
2026,2026wabon,Week 1,5941,9.986,,,,-0.871,0.191,9.986
2026,2026wabon,Week 1,5588,7.901,,,,0.891,-0.033,7.901
2026,2026wabon,Week 1,8303,5.631,,,,-0.42,0.24,5.631
2026,2026wabon,Week 1,6350,3.362,,,,0.536,0.689,3.362
2026,2026wabon,Week 1,2927,2.42,,,,-2.007,-0.022,2.42
2026,2026wabon,Week 1,2929,-1.298,,,,1.97,0.022,-1.298
2026,2026wabon,Week 1,3049,-1.449,,,,-0.512,0.205,-1.449
2026,2026wabon,Week 1,10455,-1.815,,,,2.993,0.03,-1.815
2026,2026txcle,Week 1,9128,206.539,,,,3.952,2.6,206.539
2026,2026txcle,Week 1,6800,165.589,,,,0.007,2.508,165.589
2026,2026txcle,Week 1,10340,159.195,,,,-2.934,2.694,159.195
2026,2026txcle,Week 1,3847,106.955,,,,2.704,1.654,106.955
2026,2026txcle,Week 1,4639,100.205,,,,6.665,1.659,100.205
2026,2026txcle,Week 1,118,81.481,,,,2.535,1.914,81.481
2026,2026txcle,Week 1,6377,62.393,,,,5.932,1.491,62.393
2026,2026txcle,Week 1,7492,41.01,,,,9.056,0.598,41.01
2026,2026txcle,Week 1,5431,37.871,,,,4.642,-0.114,37.871
2026,2026txcle,Week 1,6645,37.288,,,,1.144,0.397,37.288
2026,2026txcle,Week 1,324,35.998,,,,2.38,0.648,35.998
2026,2026txcle,Week 1,5892,35.702,,,,-1.705,1.025,35.702
2026,2026txcle,Week 1,7312,34.149,,,,5.084,1.225,34.149
2026,2026txcle,Week 1,7616,33.553,,,,-1.827,0.263,33.553
2026,2026txcle,Week 1,10118,32.113,,,,0.962,0.685,32.113
2026,2026txcle,Week 1,8177,30.126,,,,0.014,0.264,30.126
2026,2026txcle,Week 1,127,27.979,,,,4.697,0.706,27.979
2026,2026txcle,Week 1,9181,26.56,,,,0.313,0.223,26.56
2026,2026txcle,Week 1,7115,25.064,,,,-2.61,0.373,25.064
2026,2026txcle,Week 1,5790,24.726,,,,3.745,0.947,24.726
2026,2026txcle,Week 1,5414,24.6,,,,1.473,0.691,24.6
2026,2026txcle,Week 1,5261,24.413,,,,1.887,-0.076,24.413
2026,2026txcle,Week 1,9289,20.213,,,,-0.981,-0.091,20.213
2026,2026txcle,Week 1,9307,14.583,,,,-1.494,-0.444,14.583
2026,2026txcle,Week 1,5417,13.897,,,,5.445,0.616,13.897
2026,2026txcle,Week 1,1477,8.073,,,,0.814,-0.139,8.073
2026,2026txcle,Week 1,6243,8.009,,,,-0.166,-0.399,8.009
2026,2026txcle,Week 1,5788,6.651,,,,-0.531,0.362,6.651
2026,2026txcle,Week 1,8370,-6.756,,,,6.089,-0.425,-6.756
2026,2026txcle,Week 1,11277,-10.536,,,,0.88,-0.484,-10.536
2026,2026txcle,Week 1,9478,-11.813,,,,-1.851,0.01,-11.813
2026,2026txcle,Week 1,5923,-12.165,,,,-0.49,-0.461,-12.165
2026,2026tuis4,Week 2,4481,213.021,,,,1.894,2.395,213.021
2026,2026tuis4,Week 2,2905,177.164,,,,5.29,2.036,177.164
2026,2026tuis4,Week 2,8725,152.25,,,,2.004,2.453,152.25
2026,2026tuis4,Week 2,7632,144.562,,,,3.102,1.74,144.562
2026,2026tuis4,Week 2,6417,107.418,,,,2.06,1.882,107.418
2026,2026tuis4,Week 2,9427,93.42,,,,-0.645,1.529,93.42
2026,2026tuis4,Week 2,6989,87.489,,,,2.691,0.845,87.489
2026,2026tuis4,Week 2,8079,66.713,,,,4.54,1.169,66.713
2026,2026tuis4,Week 2,9519,54.431,,,,-0.006,0.476,54.431
2026,2026tuis4,Week 2,8169,47.672,,,,0.424,0.534,47.672
2026,2026tuis4,Week 2,10396,45.263,,,,2.591,1.09,45.263
2026,2026tuis4,Week 2,6014,41.355,,,,-0.289,0.719,41.355
2026,2026tuis4,Week 2,6838,37.711,,,,10.774,0.363,37.711
2026,2026tuis4,Week 2,6988,26.787,,,,13.757,0.563,26.787
2026,2026tuis4,Week 2,11010,26.717,,,,2.67,0.432,26.717
2026,2026tuis4,Week 2,7576,24.632,,,,13.763,0.378,24.632
2026,2026tuis4,Week 2,9079,24.135,,,,2.779,0.165,24.135
2026,2026tuis4,Week 2,8151,20.044,,,,2.781,0.37,20.044
2026,2026tuis4,Week 2,10064,18.69,,,,0.179,0.028,18.69
2026,2026tuis4,Week 2,8084,17.81,,,,0.889,0.023,17.81
2026,2026tuis4,Week 2,8042,17.67,,,,0.831,-0.33,17.67
2026,2026tuis4,Week 2,9102,12.597,,,,4.913,0.099,12.597
2026,2026tuis4,Week 2,7742,10.93,,,,3.077,0.524,10.93
2026,2026tuis4,Week 2,5553,9.108,,,,-0.135,-0.244,9.108
2026,2026tuis4,Week 2,9601,8.903,,,,7.315,0.642,8.903
2026,2026tuis4,Week 2,6232,8.636,,,,2.966,0.182,8.636
2026,2026tuis4,Week 2,11300,8.469,,,,3.37,0.723,8.469
2026,2026tuis4,Week 2,8584,8.18,,,,0.712,0.041,8.18
2026,2026tuis4,Week 2,10907,1.806,,,,-3.142,-0.019,1.806
2026,2026nyro,Week 2,3015,179.012,,,,1.536,2.496,179.012
2026,2026nyro,Week 2,424,155.357,,,,6.065,2.159,155.357
2026,2026nyro,Week 2,694,145.015,,,,3.183,1.251,145.015
2026,2026nyro,Week 2,340,134.771,,,,6.823,1.174,134.771
2026,2026nyro,Week 2,3181,115.708,,,,3.937,1.817,115.708
2026,2026nyro,Week 2,1405,101.281,,,,0.213,1.722,101.281
2026,2026nyro,Week 2,5528,91.823,,,,-0.683,1.318,91.823
2026,2026nyro,Week 2,1787,88.585,,,,-2.702,2.288,88.585
2026,2026nyro,Week 2,2340,84.978,,,,6.128,1.364,84.978
2026,2026nyro,Week 2,48,77.015,,,,8.08,0.869,77.015
2026,2026nyro,Week 2,1507,70.283,,,,1.625,1.121,70.283
2026,2026nyro,Week 2,1559,67.238,,,,4.868,0.982,67.238
2026,2026nyro,Week 2,3173,66.668,,,,-4.128,0.551,66.668
2026,2026nyro,Week 2,10922,65.503,,,,1.75,0.349,65.503
2026,2026nyro,Week 2,1056,63.049,,,,1.521,1.156,63.049
2026,2026nyro,Week 2,1126,59.718,,,,-3.227,1.149,59.718
2026,2026nyro,Week 2,1591,58.221,,,,1.758,0.78,58.221
2026,2026nyro,Week 2,3044,56.955,,,,-1.626,1.529,56.955
2026,2026nyro,Week 2,3951,55.303,,,,2.138,1.159,55.303
2026,2026nyro,Week 2,1511,54.195,,,,-3.803,1.359,54.195
2026,2026nyro,Week 2,3838,53.001,,,,0.914,1.263,53.001
2026,2026nyro,Week 2,432,49.037,,,,7.781,0.978,49.037
2026,2026nyro,Week 2,6868,48.946,,,,-1.211,0.617,48.946
2026,2026nyro,Week 2,4253,46.555,,,,1.921,0.61,46.555
2026,2026nyro,Week 2,8503,46.331,,,,7.189,0.818,46.331
2026,2026nyro,Week 2,3799,44.791,,,,1.878,0.501,44.791
2026,2026nyro,Week 2,4930,37.421,,,,-0.975,0.706,37.421
2026,2026nyro,Week 2,10223,36.45,,,,3.933,0.758,36.45
2026,2026nyro,Week 2,4458,34.613,,,,6.159,0.182,34.613
2026,2026nyro,Week 2,639,34.577,,,,-0.03,0.206,34.577
2026,2026nyro,Week 2,1781,34.395,,,,-1.932,0.676,34.395
2026,2026nyro,Week 2,9767,33.766,,,,10.462,1.034,33.766
2026,2026nyro,Week 2,6423,31.197,,,,-0.337,0.988,31.197
2026,2026nyro,Week 2,810,31.1,,,,1.509,0.742,31.1
2026,2026nyro,Week 2,2228,30.851,,,,8.614,1.06,30.851
2026,2026nyro,Week 2,9016,24.936,,,,1.256,0.176,24.936
2026,2026nyro,Week 2,191,24.695,,,,6.935,0.174,24.695
2026,2026nyro,Week 2,1518,22.282,,,,1.069,0.351,22.282
2026,2026nyro,Week 2,271,22.243,,,,1.542,0.897,22.243
2026,2026nyro,Week 2,1450,21.303,,,,3.329,-0.732,21.303
2026,2026nyro,Week 2,564,19.68,,,,-4.212,0.213,19.68
2026,2026nyro,Week 2,1468,19.354,,,,1.784,0.114,19.354
2026,2026nyro,Week 2,378,19.104,,,,0.867,-0.632,19.104
2026,2026nyro,Week 2,20,18.806,,,,1.163,0.416,18.806
2026,2026nyro,Week 2,4093,18.319,,,,-0.442,-0.682,18.319
2026,2026nyro,Week 2,6947,17.449,,,,-3.889,0.838,17.449
2026,2026nyro,Week 2,144,17.267,,,,0.106,0.039,17.267
2026,2026nyro,Week 2,353,16.48,,,,2.571,1.072,16.48
2026,2026nyro,Week 2,5590,14.096,,,,2.751,-1.163,14.096
2026,2026nyro,Week 2,325,13.282,,,,0.412,-0.086,13.282
2026,2026nyro,Week 2,578,9.472,,,,1.199,0.475,9.472
2026,2026nyro,Week 2,1585,6.515,,,,2.105,0.61,6.515
2026,2026nyro,Week 2,3003,-3.846,,,,0.327,-0.445,-3.846
2026,2026nyro,Week 2,7030,-10.534,,,,1.118,0.693,-10.534
2026,2026nyro,Week 2,7903,-11.732,,,,2.397,-1.024,-11.732
2026,2026ndgf,Week 2,7257,134.931,,,,7.474,2.273,134.931
2026,2026ndgf,Week 2,1710,125.457,,,,3.53,1.887,125.457
2026,2026ndgf,Week 2,3276,115.102,,,,4.818,2.145,115.102
2026,2026ndgf,Week 2,4593,110.6,,,,-2.179,1.468,110.6
2026,2026ndgf,Week 2,6175,102.221,,,,0.756,1.666,102.221
2026,2026ndgf,Week 2,8255,94.758,,,,-1.24,1.845,94.758
2026,2026ndgf,Week 2,2654,93.619,,,,-1.272,1.824,93.619
2026,2026ndgf,Week 2,5653,91.989,,,,0.797,1.29,91.989
2026,2026ndgf,Week 2,11283,89.398,,,,-1.444,1.748,89.398
2026,2026ndgf,Week 2,5638,88.77,,,,4.311,1.432,88.77
2026,2026ndgf,Week 2,3277,87.519,,,,-0.662,1.355,87.519
2026,2026ndgf,Week 2,7028,86.985,,,,-1.335,1.11,86.985
2026,2026ndgf,Week 2,4607,85.941,,,,2.778,0.675,85.941
2026,2026ndgf,Week 2,876,78.564,,,,1.901,1.083,78.564
2026,2026ndgf,Week 2,2883,78.14,,,,2.255,1.17,78.14
2026,2026ndgf,Week 2,3293,76.372,,,,1.977,1.695,76.372
2026,2026ndgf,Week 2,6146,64.645,,,,0.005,1.01,64.645
2026,2026ndgf,Week 2,4226,61.917,,,,3.676,1.608,61.917
2026,2026ndgf,Week 2,4181,58.188,,,,1.808,0.907,58.188
2026,2026ndgf,Week 2,4539,52.237,,,,-1.165,1.228,52.237
2026,2026ndgf,Week 2,7578,51.124,,,,0.262,0.903,51.124
2026,2026ndgf,Week 2,4360,47.279,,,,2.044,1.039,47.279
2026,2026ndgf,Week 2,6709,45.128,,,,2.109,0.253,45.128
2026,2026ndgf,Week 2,3313,35.082,,,,6.303,1.254,35.082
2026,2026ndgf,Week 2,6749,34.819,,,,1.06,0.252,34.819
2026,2026ndgf,Week 2,7068,31.182,,,,-0.374,-0.071,31.182
2026,2026ndgf,Week 2,6453,29.54,,,,-2.062,0.47,29.54
2026,2026ndgf,Week 2,4239,26.325,,,,-0.796,0.557,26.325
2026,2026ndgf,Week 2,3275,25.908,,,,2.125,-0.001,25.908
2026,2026ndgf,Week 2,5658,24.235,,,,1.417,-0.134,24.235
2026,2026ndgf,Week 2,4480,23.793,,,,1.387,0.41,23.793
2026,2026ndgf,Week 2,3278,23.437,,,,-0.227,-0.007,23.437
2026,2026ndgf,Week 2,9745,22.154,,,,6.027,-0.221,22.154
2026,2026ndgf,Week 2,8586,21.498,,,,-0.182,0.101,21.498
2026,2026ndgf,Week 2,6628,21.085,,,,2.343,-0.143,21.085
2026,2026ndgf,Week 2,7235,19.625,,,,1.366,0.867,19.625
2026,2026ndgf,Week 2,8878,18.385,,,,2.431,0.27,18.385
2026,2026ndgf,Week 2,7048,17.884,,,,-2.817,0.805,17.884
2026,2026ndgf,Week 2,7530,17.321,,,,1.95,0.074,17.321
2026,2026ndgf,Week 2,7677,15.478,,,,-0.519,-0.675,15.478
2026,2026ndgf,Week 2,5929,15.286,,,,-0.494,0.637,15.286
2026,2026ndgf,Week 2,3134,10.47,,,,5.938,0.97,10.47
2026,2026ndgf,Week 2,3026,10.08,,,,-1.798,1.168,10.08
2026,2026ndgf,Week 2,3023,8.801,,,,-0.449,-0.076,8.801
2026,2026ndgf,Week 2,877,4.722,,,,0.76,-0.067,4.722
2026,2026ndgf,Week 2,3300,3.014,,,,2.23,-0.57,3.014
2026,2026ndgf,Week 2,4198,2.696,,,,-1.633,-0.552,2.696
2026,2026ndgf,Week 2,2450,-1.696,,,,2.371,-0.116,-1.696
2026,2026ndgf,Week 2,5464,-2.907,,,,2.493,-0.284,-2.907
2026,2026ndgf,Week 2,8188,-6.837,,,,1.183,-0.088,-6.837
2026,2026ndgf,Week 2,10173,-10.315,,,,2.898,-0.092,-10.315
2026,2026mxmo,Week 2,3478,184.968,,,,2.045,2.963,184.968
2026,2026mxmo,Week 2,4635,181.444,,,,3.544,2.889,181.444
2026,2026mxmo,Week 2,6017,119.12,,,,4.173,1.941,119.12
2026,2026mxmo,Week 2,3354,94.824,,,,7.736,1.669,94.824
2026,2026mxmo,Week 2,7421,81.625,,,,1.62,1.169,81.625
2026,2026mxmo,Week 2,5887,65.722,,,,2.333,1.366,65.722
2026,2026mxmo,Week 2,4584,62.512,,,,0.02,1.783,62.512
2026,2026mxmo,Week 2,7546,61.91,,,,1.436,1.529,61.91
2026,2026mxmo,Week 2,11065,56.024,,,,-0.927,1.295,56.024
2026,2026mxmo,Week 2,6106,51.091,,,,5.974,1.3,51.091
2026,2026mxmo,Week 2,4775,48.778,,,,-3.027,0.697,48.778
2026,2026mxmo,Week 2,6652,47.042,,,,-2.015,1.548,47.042
2026,2026mxmo,Week 2,6348,42.311,,,,5.885,0.479,42.311
2026,2026mxmo,Week 2,3933,38.446,,,,2.746,1.056,38.446
2026,2026mxmo,Week 2,6702,33.078,,,,2.501,0.884,33.078
2026,2026mxmo,Week 2,3480,33.008,,,,0.857,1.298,33.008
2026,2026mxmo,Week 2,9213,27.738,,,,-1.729,0.513,27.738
2026,2026mxmo,Week 2,5932,27.128,,,,-1.568,0.591,27.128
2026,2026mxmo,Week 2,3522,23.933,,,,0.78,0.418,23.933
2026,2026mxmo,Week 2,5133,22.795,,,,-0.997,0.214,22.795
2026,2026mxmo,Week 2,7102,22.376,,,,-1.901,0.328,22.376
2026,2026mxmo,Week 2,6676,20.875,,,,0.934,0.272,20.875
2026,2026mxmo,Week 2,4723,19.649,,,,2.134,0.379,19.649
2026,2026mxmo,Week 2,9280,17.222,,,,-0.124,-0.262,17.222
2026,2026mxmo,Week 2,10565,16.646,,,,1.189,0.614,16.646
2026,2026mxmo,Week 2,5959,15.61,,,,2.814,0.037,15.61
2026,2026mxmo,Week 2,4782,14.399,,,,1.126,0.083,14.399
2026,2026mxmo,Week 2,6170,13.017,,,,1.344,0.769,13.017
2026,2026mxmo,Week 2,6200,12.927,,,,0.427,0.212,12.927
2026,2026mxmo,Week 2,3472,12.675,,,,0.85,0.509,12.675
2026,2026mxmo,Week 2,10225,11.531,,,,3.51,-0.069,11.531
2026,2026mxmo,Week 2,8740,10.401,,,,2.262,-0.239,10.401
2026,2026mxmo,Week 2,4371,10.362,,,,-0.54,-0.132,10.362
2026,2026mxmo,Week 2,3794,9.376,,,,-0.768,-0.13,9.376
2026,2026mxmo,Week 2,4010,8.218,,,,8.444,0.149,8.218
2026,2026mxmo,Week 2,6832,8.105,,,,4.396,-0.098,8.105
2026,2026mxmo,Week 2,9282,6.191,,,,3.436,0.459,6.191
2026,2026mxmo,Week 2,10529,5.846,,,,1.597,-0.228,5.846
2026,2026mxmo,Week 2,9060,3.352,,,,-0.309,-0.416,3.352
2026,2026mxmo,Week 2,8741,0.346,,,,1.535,-0.362,0.346
2026,2026mxmo,Week 2,9053,-1.707,,,,1.474,-0.049,-1.707
2026,2026mxmo,Week 2,10931,-3.954,,,,1.617,-0.21,-3.954
2026,2026mxmo,Week 2,6606,-4.909,,,,-0.084,-0.34,-4.909
2026,2026azfg,Week 2,2122,194.546,,,,6.569,2.453,194.546
2026,2026azfg,Week 2,7426,182.304,,,,1.395,3.02,182.304
2026,2026azfg,Week 2,3216,81.921,,,,-1.362,1.339,81.921
2026,2026azfg,Week 2,7425,70.221,,,,-0.74,1.729,70.221
2026,2026azfg,Week 2,3245,65.856,,,,1.739,1.756,65.856
2026,2026azfg,Week 2,1410,64.941,,,,1.35,0.988,64.941
2026,2026azfg,Week 2,9501,63.827,,,,3.56,1.505,63.827
2026,2026azfg,Week 2,6479,63.413,,,,-4.559,1.844,63.413
2026,2026azfg,Week 2,991,58.431,,,,-0.295,1.747,58.431
2026,2026azfg,Week 2,6413,57.546,,,,0.395,0.884,57.546
2026,2026azfg,Week 2,3243,54.192,,,,1.964,0.78,54.192
2026,2026azfg,Week 2,987,52.795,,,,-1.858,0.909,52.795
2026,2026azfg,Week 2,10183,48.089,,,,-3.985,1.195,48.089
2026,2026azfg,Week 2,2486,47.762,,,,9.025,1.357,47.762
2026,2026azfg,Week 2,1212,46.933,,,,2.88,1.273,46.933
2026,2026azfg,Week 2,1828,46.507,,,,1.66,0.574,46.507
2026,2026azfg,Week 2,11479,42.483,,,,2.465,1.443,42.483
2026,2026azfg,Week 2,7755,40.161,,,,4.805,0.453,40.161
2026,2026azfg,Week 2,60,39.78,,,,-0.898,0.986,39.78
2026,2026azfg,Week 2,2403,38.995,,,,-0.506,0.823,38.995
2026,2026azfg,Week 2,6352,38.64,,,,7.528,0.484,38.64
2026,2026azfg,Week 2,6833,37.419,,,,2.231,1.222,37.419
2026,2026azfg,Week 2,10980,34.427,,,,0.949,1.463,34.427
2026,2026azfg,Week 2,2840,33.908,,,,0.583,1.274,33.908
2026,2026azfg,Week 2,3019,32.796,,,,-0.344,1.346,32.796
2026,2026azfg,Week 2,3424,31.544,,,,-1.103,0.197,31.544
2026,2026azfg,Week 2,7333,31.54,,,,-3.338,0.634,31.54
2026,2026azfg,Week 2,10114,30.958,,,,0.444,1.021,30.958
2026,2026azfg,Week 2,4731,29.985,,,,-1.587,1.201,29.985
2026,2026azfg,Week 2,8717,27.546,,,,7.327,0.271,27.546
2026,2026azfg,Week 2,698,27.495,,,,-1.195,0.406,27.495
2026,2026azfg,Week 2,288,26.719,,,,-1.625,0.532,26.719
2026,2026azfg,Week 2,244,23.783,,,,-1.191,-0.292,23.783
2026,2026azfg,Week 2,11100,22.862,,,,-0.84,-0.052,22.862
2026,2026azfg,Week 2,2478,20.588,,,,7.667,0.089,20.588
2026,2026azfg,Week 2,10933,19.339,,,,0.469,0.489,19.339
2026,2026azfg,Week 2,8012,17.445,,,,6.359,0.533,17.445
2026,2026azfg,Week 2,5933,12.415,,,,6.126,0.651,12.415
2026,2026azfg,Week 2,996,9.33,,,,-2.959,0.942,9.33
2026,2026azfg,Week 2,10988,9.307,,,,4.3,-0.424,9.307
2026,2026azfg,Week 2,2662,9.137,,,,2.497,-0.464,9.137
2026,2026azfg,Week 2,9091,8.916,,,,-0.571,0.628,8.916
2026,2026azfg,Week 2,4146,7.744,,,,2.014,-0.38,7.744
2026,2026azfg,Week 2,9777,7.408,,,,-2.18,-0.472,7.408
2026,2026azfg,Week 2,10506,5.624,,,,1.106,-0.6,5.624
2026,2026azfg,Week 2,11176,4.712,,,,-1.6,0.189,4.712
2026,2026azfg,Week 2,9059,3.958,,,,3.284,0.383,3.958
2026,2026azfg,Week 2,3009,3.899,,,,-0.129,-0.245,3.899
2026,2026azfg,Week 2,9534,2.94,,,,0.105,-0.448,2.94
2026,2026azfg,Week 2,3944,1.64,,,,0.654,0.309,1.64
2026,2026azfg,Week 2,9704,-3.206,,,,1.909,-0.752,-3.206
2026,2026azfg,Week 2,10905,-4.985,,,,-0.206,-0.5,-4.985
2026,2026azfg,Week 2,10380,-8.809,,,,1.769,-0.282,-8.809
2026,2026azfg,Week 2,1165,-12.28,,,,5.061,-0.729,-12.28
2026,2026azfg,Week 2,2080,-18.566,,,,1.818,-0.272,-18.566
2026,2026midtr,Week 2,3175,111.044,,,,1.116,2.649,111.044
2026,2026midtr,Week 2,123,55.083,,,,0.166,1.532,55.083
2026,2026midtr,Week 2,7692,49.838,,,,0.821,1.037,49.838
2026,2026midtr,Week 2,8352,45.054,,,,1.482,2.119,45.054
2026,2026midtr,Week 2,9255,33.77,,,,-0.238,1.026,33.77
2026,2026midtr,Week 2,2224,29.67,,,,-0.293,1.075,29.67
2026,2026midtr,Week 2,5577,28.679,,,,0.707,0.835,28.679
2026,2026midtr,Week 2,11490,26.995,,,,1.336,0.748,26.995
2026,2026midtr,Week 2,7196,26.735,,,,0.786,1.095,26.735
2026,2026midtr,Week 2,10577,23.27,,,,1.137,0.838,23.27
2026,2026midtr,Week 2,6096,20.507,,,,0.544,0.289,20.507
2026,2026midtr,Week 2,3096,18.697,,,,-0.271,0.925,18.697
2026,2026midtr,Week 2,9651,18.321,,,,1.267,0.337,18.321
2026,2026midtr,Week 2,4838,18.065,,,,-0.391,1.741,18.065
2026,2026midtr,Week 2,4680,17.609,,,,2.654,0.432,17.609
2026,2026midtr,Week 2,2048,17.517,,,,-0.637,0.391,17.517
2026,2026midtr,Week 2,3619,16.196,,,,-0.329,0.294,16.196
2026,2026midtr,Week 2,2673,15.983,,,,2.153,0.98,15.983
2026,2026midtr,Week 2,11423,15.217,,,,-0.238,0.347,15.217
2026,2026midtr,Week 2,5065,14.823,,,,0.021,0.47,14.823
2026,2026midtr,Week 2,5756,11.242,,,,-0.372,0.305,11.242
2026,2026midtr,Week 2,2591,10.91,,,,1.274,0.122,10.91
2026,2026midtr,Week 2,4851,10.889,,,,0.642,0.751,10.889
2026,2026midtr,Week 2,6532,10.633,,,,-0.811,0.913,10.633
2026,2026midtr,Week 2,11461,10.405,,,,1.671,-0.456,10.405
2026,2026midtr,Week 2,5197,10.087,,,,-0.749,0.402,10.087
2026,2026midtr,Week 2,7145,7.982,,,,-0.037,-0.33,7.982
2026,2026midtr,Week 2,5478,7.89,,,,-0.719,-0.36,7.89
2026,2026midtr,Week 2,1,7.723,,,,-0.721,0.215,7.723
2026,2026midtr,Week 2,10607,7.61,,,,-0.567,0.293,7.61
2026,2026midtr,Week 2,3632,7.464,,,,-0.458,0.084,7.464
2026,2026midtr,Week 2,5532,6.091,,,,-0.615,-0.194,6.091
2026,2026midtr,Week 2,5642,5.851,,,,-0.972,0.362,5.851
2026,2026midtr,Week 2,8899,5.585,,,,-0.208,0.234,5.585
2026,2026midtr,Week 2,4854,4.411,,,,2.663,-0.24,4.411
2026,2026midtr,Week 2,4758,3.958,,,,1.541,-0.042,3.958
2026,2026midtr,Week 2,5225,2.596,,,,0.246,-0.095,2.596
2026,2026midtr,Week 2,7865,1.392,,,,-0.947,0.629,1.392
2026,2026midtr,Week 2,6616,-0.347,,,,1.309,-0.043,-0.347
2026,2026midtr,Week 2,6099,-0.86,,,,-0.213,-0.461,-0.86
2026,2026mimid,Week 2,5166,96.508,,,,0.03,2.115,96.508
2026,2026mimid,Week 2,5533,95.086,,,,0.243,1.881,95.086
2026,2026mimid,Week 2,201,83.574,,,,1.36,1.767,83.574
2026,2026mimid,Week 2,8517,83.128,,,,4.12,1.619,83.128
2026,2026mimid,Week 2,5216,82.268,,,,-2.076,1.419,82.268
2026,2026mimid,Week 2,5712,79.189,,,,0.534,1.531,79.189
2026,2026mimid,Week 2,8873,76.235,,,,1.357,2.104,76.235
2026,2026mimid,Week 2,6753,65.619,,,,-0.258,1.614,65.619
2026,2026mimid,Week 2,3357,60.215,,,,3.64,1.703,60.215
2026,2026mimid,Week 2,3770,59.263,,,,1.991,1.686,59.263
2026,2026mimid,Week 2,5229,56.255,,,,2.249,0.671,56.255
2026,2026mimid,Week 2,2619,55.39,,,,0.128,1.68,55.39
2026,2026mimid,Week 2,3425,46.245,,,,-1.42,0.652,46.245
2026,2026mimid,Week 2,6033,46.032,,,,0.318,1.166,46.032
2026,2026mimid,Week 2,9685,36.192,,,,2.691,0.878,36.192
2026,2026mimid,Week 2,9661,34.443,,,,0.071,0.487,34.443
2026,2026mimid,Week 2,11458,34.087,,,,-1.716,1.106,34.087
2026,2026mimid,Week 2,5561,31.854,,,,-0.371,0.661,31.854
2026,2026mimid,Week 2,9736,29.549,,,,2.264,0.083,29.549
2026,2026mimid,Week 2,1596,28.555,,,,0.334,0.7,28.555
2026,2026mimid,Week 2,5525,26.765,,,,-0.021,0.052,26.765
2026,2026mimid,Week 2,5424,25.467,,,,3.229,0.517,25.467
2026,2026mimid,Week 2,10547,21.509,,,,1.956,0.377,21.509
2026,2026mimid,Week 2,5603,21.253,,,,0.342,-0.132,21.253
2026,2026mimid,Week 2,7784,20.853,,,,0.926,0.427,20.853
2026,2026mimid,Week 2,10587,20.04,,,,-1.434,0.633,20.04
2026,2026mimid,Week 2,6073,19.23,,,,1.812,-0.192,19.23
2026,2026mimid,Week 2,5538,18.758,,,,2.915,0.317,18.758
2026,2026mimid,Week 2,9238,18.421,,,,-1.161,0.079,18.421
2026,2026mimid,Week 2,11527,15.656,,,,-1.482,0.114,15.656
2026,2026mimid,Week 2,6067,14.24,,,,-0.604,0.653,14.24
2026,2026mimid,Week 2,5509,13.134,,,,-0.174,0.655,13.134
2026,2026mimid,Week 2,9662,12.413,,,,0.262,0.045,12.413
2026,2026mimid,Week 2,9648,11.675,,,,3.023,0.407,11.675
2026,2026mimid,Week 2,6533,8.089,,,,1.184,-0.24,8.089
2026,2026mimid,Week 2,5504,1.584,,,,0.327,-1.128,1.584
2026,2026mimid,Week 2,5231,-1.19,,,,2.215,-0.48,-1.19
2026,2026mimid,Week 2,9731,-2.545,,,,1.377,-0.743,-2.545
2026,2026mimid,Week 2,10629,-2.624,,,,-0.597,-1.049,-2.624
2026,2026mimil,Week 2,4362,174.361,,,,3.543,2.623,174.361
2026,2026mimil,Week 2,67,148.409,,,,4.801,2.078,148.409
2026,2026mimil,Week 2,3538,138.249,,,,0.71,1.607,138.249
2026,2026mimil,Week 2,2137,138.19,,,,-2.262,2.489,138.19
2026,2026mimil,Week 2,1023,130.263,,,,5.065,1.811,130.263
2026,2026mimil,Week 2,6615,111.549,,,,3.564,2.34,111.549
2026,2026mimil,Week 2,5114,103.781,,,,-0.265,1.955,103.781
2026,2026mimil,Week 2,3707,85.225,,,,3.195,1.539,85.225
2026,2026mimil,Week 2,5674,48.449,,,,3.94,0.399,48.449
2026,2026mimil,Week 2,7553,46.933,,,,-0.247,0.615,46.933
2026,2026mimil,Week 2,548,46.113,,,,-0.776,0.924,46.113
2026,2026mimil,Week 2,8426,44.41,,,,3.779,0.724,44.41
2026,2026mimil,Week 2,8423,43.655,,,,2.963,0.29,43.655
2026,2026mimil,Week 2,5066,41.464,,,,-0.786,0.613,41.464
2026,2026mimil,Week 2,4384,38.473,,,,-1.245,0.714,38.473
2026,2026mimil,Week 2,6610,35.464,,,,-1.088,0.27,35.464
2026,2026mimil,Week 2,7762,35.431,,,,3.762,1.421,35.431
2026,2026mimil,Week 2,10652,35.245,,,,0.035,0.408,35.245
2026,2026mimil,Week 2,6566,32.562,,,,-1.269,0.845,32.562
2026,2026mimil,Week 2,11486,29.466,,,,-0.079,0.58,29.466
2026,2026mimil,Week 2,2145,28.189,,,,2.655,-0.098,28.189
2026,2026mimil,Week 2,308,27.468,,,,-0.469,0.12,27.468
2026,2026mimil,Week 2,6078,25.569,,,,4.597,0.472,25.569
2026,2026mimil,Week 2,4737,22.975,,,,-0.43,-0.241,22.975
2026,2026mimil,Week 2,7660,22.926,,,,2.921,0.534,22.926
2026,2026mimil,Week 2,314,20.344,,,,0.619,0.257,20.344
2026,2026mimil,Week 2,5067,18.597,,,,1.645,-0.275,18.597
2026,2026mimil,Week 2,8424,17.62,,,,3.757,0.046,17.62
2026,2026mimil,Week 2,5695,16.74,,,,-1.037,-0.125,16.74
2026,2026mimil,Week 2,11457,12.596,,,,1.086,0.514,12.596
2026,2026mimil,Week 2,7491,12.368,,,,-2.208,0.864,12.368
2026,2026mimil,Week 2,7225,11.519,,,,1.116,0.186,11.519
2026,2026mimil,Week 2,5053,11.294,,,,4.222,-0.594,11.294
2026,2026mimil,Week 2,7178,10.421,,,,1.61,0.382,10.421
2026,2026mimil,Week 2,11473,10.127,,,,-0.57,0.23,10.127
2026,2026mimil,Week 2,10285,7.647,,,,0.957,0.233,7.647
2026,2026mimil,Week 2,830,6.656,,,,-1.208,0.378,6.656
2026,2026mimil,Week 2,11462,5.193,,,,3.269,0.018,5.193
2026,2026mimil,Week 2,10612,1.613,,,,-1.08,0.481,1.613
2026,2026mimil,Week 2,3302,0.694,,,,1.213,-0.21,0.694
2026,2026ontor,Week 2,1325,188.135,,,,1.858,2.503,188.135
2026,2026ontor,Week 2,2935,162.291,,,,3.556,2.048,162.291
2026,2026ontor,Week 2,7520,144.854,,,,3.906,1.912,144.854
2026,2026ontor,Week 2,4039,136.049,,,,0.355,1.108,136.049
2026,2026ontor,Week 2,9785,122.442,,,,-1.346,2.159,122.442
2026,2026ontor,Week 2,7558,121.465,,,,2.588,1.509,121.465
2026,2026ontor,Week 2,3161,105.094,,,,2.564,1.566,105.094
2026,2026ontor,Week 2,11270,98.048,,,,0.396,1.19,98.048
2026,2026ontor,Week 2,4069,88.215,,,,1.668,1.729,88.215
2026,2026ontor,Week 2,1360,65.451,,,,3.447,0.867,65.451
2026,2026ontor,Week 2,9262,47.644,,,,3.818,0.532,47.644
2026,2026ontor,Week 2,1310,36.381,,,,-2.766,0.3,36.381
2026,2026ontor,Week 2,6397,32.411,,,,8.738,0.941,32.411
2026,2026ontor,Week 2,10554,30.99,,,,3.901,0.105,30.99
2026,2026ontor,Week 2,854,27.791,,,,3.311,-0.227,27.791
2026,2026ontor,Week 2,5719,22.506,,,,5.163,0.323,22.506
2026,2026ontor,Week 2,10167,19.508,,,,-1.634,-0.171,19.508
2026,2026ontor,Week 2,9562,17.233,,,,-0.624,-0.454,17.233
2026,2026ontor,Week 2,919,16.946,,,,-1.286,1.019,16.946
2026,2026ontor,Week 2,9575,13.614,,,,-0.781,0.094,13.614
2026,2026ontor,Week 2,8850,12.853,,,,3.819,0.363,12.853
2026,2026ontor,Week 2,3560,11.7,,,,2.904,0.027,11.7
2026,2026ontor,Week 2,5031,8.407,,,,-2.237,0.406,8.407
2026,2026ontor,Week 2,771,8.177,,,,-0.67,-0.525,8.177
2026,2026ontor,Week 2,4015,3.427,,,,-1.236,-0.007,3.427
2026,2026ontor,Week 2,2634,2.9,,,,0.163,0.462,2.9
2026,2026ontor,Week 2,9782,0.131,,,,-1.489,0.243,0.131
2026,2026ontor,Week 2,9659,-5.16,,,,1.142,0.625,-5.16
2026,2026ontor,Week 2,6632,-15.918,,,,-0.478,-0.064,-15.918
2026,2026schop,Week 2,4451,91.388,,,,-1.888,1.955,91.388
2026,2026schop,Week 2,8575,54.15,,,,3.55,1.619,54.15
2026,2026schop,Week 2,1287,51.762,,,,2.335,2.072,51.762
2026,2026schop,Week 2,343,43.92,,,,-0.322,0.963,43.92
2026,2026schop,Week 2,1758,43.361,,,,2.516,1.537,43.361
2026,2026schop,Week 2,5484,37.417,,,,0.102,1.498,37.417
2026,2026schop,Week 2,11308,31.092,,,,0.815,1.322,31.092
2026,2026schop,Week 2,1293,25.556,,,,0.695,0.22,25.556
2026,2026schop,Week 2,9315,22.241,,,,-0.919,0.244,22.241
2026,2026schop,Week 2,1319,21.122,,,,4.942,0.091,21.122
2026,2026schop,Week 2,10619,20.717,,,,-1.687,0.125,20.717
2026,2026schop,Week 2,281,20.524,,,,-0.064,0.462,20.524
2026,2026schop,Week 2,4864,19.769,,,,0.357,0.832,19.769
2026,2026schop,Week 2,1051,19.418,,,,2.778,0.553,19.418
2026,2026schop,Week 2,10599,13.033,,,,-0.897,0.472,13.033
2026,2026schop,Week 2,4083,12.007,,,,1.736,-0.057,12.007
2026,2026schop,Week 2,6004,10.679,,,,2.9,0.193,10.679
2026,2026schop,Week 2,6961,10.479,,,,1.447,0.817,10.479
2026,2026schop,Week 2,9477,9.298,,,,0.275,0.33,9.298
2026,2026schop,Week 2,11368,8.91,,,,0.436,-0.409,8.91
2026,2026schop,Week 2,9005,7.621,,,,1.931,-0.2,7.621
2026,2026schop,Week 2,3976,6.862,,,,0.821,-0.098,6.862
2026,2026schop,Week 2,10388,6.694,,,,0.215,0.407,6.694
2026,2026schop,Week 2,2815,4.917,,,,-1.613,-0.608,4.917
2026,2026schop,Week 2,1102,4.87,,,,0.151,0.021,4.87
2026,2026schop,Week 2,11475,3.691,,,,1.053,0.222,3.691
2026,2026txmca,Week 2,118,160.468,,,,3.199,3.001,160.468
2026,2026txmca,Week 2,2583,90.232,,,,1.338,2.226,90.232
2026,2026txmca,Week 2,5829,62.123,,,,-0.372,1.549,62.123
2026,2026txmca,Week 2,10385,47.464,,,,2.863,1.024,47.464
2026,2026txmca,Week 2,10118,42.913,,,,1.95,0.636,42.913
2026,2026txmca,Week 2,4063,38.071,,,,0.989,0.316,38.071
2026,2026txmca,Week 2,6180,31.926,,,,2.331,0.506,31.926
2026,2026txmca,Week 2,8818,24.059,,,,1.176,0.24,24.059
2026,2026txmca,Week 2,2158,21.701,,,,-0.274,0.876,21.701
2026,2026txmca,Week 2,7521,17.82,,,,1.563,-0.039,17.82
2026,2026txmca,Week 2,5894,17.433,,,,0.929,0.504,17.433
2026,2026txmca,Week 2,5427,16.395,,,,6.734,-0.285,16.395
2026,2026txmca,Week 2,4295,8.942,,,,1.022,0.345,8.942
2026,2026txmca,Week 2,8591,8.286,,,,-0.596,-0.117,8.286
2026,2026txmca,Week 2,8573,7.258,,,,-0.313,1.4,7.258
2026,2026txmca,Week 2,4332,1.743,,,,5.959,-0.711,1.743
2026,2026txmca,Week 2,8750,0.293,,,,-3.172,0.043,0.293
2026,2026txmca,Week 2,4597,-1.376,,,,-0.322,-0.346,-1.376
2026,2026txsan,Week 2,6369,200.843,,,,5.924,2.579,200.843
2026,2026txsan,Week 2,2582,110.815,,,,-1.935,2.454,110.815
2026,2026txsan,Week 2,3035,77.233,,,,0.782,1.823,77.233
2026,2026txsan,Week 2,5572,64.14,,,,1.807,1.739,64.14
2026,2026txsan,Week 2,3735,54.103,,,,5.677,1.97,54.103
2026,2026txsan,Week 2,457,50.202,,,,1.154,1.572,50.202
2026,2026txsan,Week 2,3679,47.597,,,,1.368,1.063,47.597
2026,2026txsan,Week 2,3561,45.828,,,,5.207,1.423,45.828
2026,2026txsan,Week 2,9140,34.872,,,,1.133,0.598,34.872
2026,2026txsan,Week 2,4734,29.664,,,,0.31,0.645,29.664
2026,2026txsan,Week 2,9444,28.382,,,,0.147,1.011,28.382
2026,2026txsan,Week 2,4219,24.258,,,,1.222,0.175,24.258
2026,2026txsan,Week 2,6357,23.212,,,,-1.488,-0.072,23.212
2026,2026txsan,Week 2,3545,22.02,,,,2.104,-0.301,22.02
2026,2026txsan,Week 2,3481,21.756,,,,-0.652,0.213,21.756
2026,2026txsan,Week 2,10312,19.785,,,,2.26,0.889,19.785
2026,2026txsan,Week 2,8088,19.761,,,,-0.798,0.265,19.761
2026,2026txsan,Week 2,8732,18.385,,,,6.032,0.809,18.385
2026,2026txsan,Week 2,6974,17.473,,,,-2.275,0.544,17.473
2026,2026txsan,Week 2,8114,16.789,,,,1.547,0.27,16.789
2026,2026txsan,Week 2,1745,16.247,,,,3.465,0.527,16.247
2026,2026txsan,Week 2,2969,15.31,,,,-1.709,0.165,15.31
2026,2026txsan,Week 2,6155,14.561,,,,-1.702,-0.455,14.561
2026,2026txsan,Week 2,8507,13.437,,,,-0.512,0.72,13.437
2026,2026txsan,Week 2,5726,11.794,,,,3.124,0.575,11.794
2026,2026txsan,Week 2,10518,10.24,,,,1.178,0.566,10.24
2026,2026txsan,Week 2,9034,10.066,,,,-1.015,0.338,10.066
2026,2026txsan,Week 2,2657,8.885,,,,3.201,-0.754,8.885
2026,2026txsan,Week 2,3240,8.523,,,,2.509,-0.332,8.523
2026,2026txsan,Week 2,4610,8.443,,,,3.885,0.468,8.443
2026,2026txsan,Week 2,11169,6.348,,,,0.087,0.313,6.348
2026,2026txsan,Week 2,9658,6.128,,,,1.047,0.304,6.128
2026,2026txsan,Week 2,9136,5.574,,,,-0.492,0.067,5.574
2026,2026txsan,Week 2,4717,3.989,,,,0.851,-0.237,3.989
2026,2026txsan,Week 2,9311,2.486,,,,1.171,-0.111,2.486
2026,2026txsan,Week 2,11309,0.29,,,,-1.914,0.088,0.29
2026,2026txsan,Week 2,9419,-1.189,,,,-0.202,-0.162,-1.189
2026,2026ausc,Week 2,5584,196.285,,,,8.806,3.154,196.285
2026,2026ausc,Week 2,3132,139.267,,,,1.988,2.379,139.267
2026,2026ausc,Week 2,7433,119.136,,,,1.926,2.037,119.136
2026,2026ausc,Week 2,6497,111.487,,,,4.603,1.654,111.487
2026,2026ausc,Week 2,8613,93.869,,,,8.063,1.861,93.869
2026,2026ausc,Week 2,10002,91.786,,,,8.539,1.283,91.786
2026,2026ausc,Week 2,6510,71.291,,,,4.954,1.268,71.291
2026,2026ausc,Week 2,6996,56.13,,,,-0.076,1.841,56.13
2026,2026ausc,Week 2,6083,46.686,,,,-1.814,1.57,46.686
2026,2026ausc,Week 2,10342,42.069,,,,1.213,-0.231,42.069
2026,2026ausc,Week 2,9574,41.012,,,,-0.717,0.333,41.012
2026,2026ausc,Week 2,10958,30.14,,,,11.51,0.742,30.14
2026,2026ausc,Week 2,6508,29.594,,,,3.31,0.768,29.594
2026,2026ausc,Week 2,10552,29.526,,,,-1.016,0.661,29.526
2026,2026ausc,Week 2,8844,28.986,,,,5.928,0.668,28.986
2026,2026ausc,Week 2,7583,28.957,,,,1.586,0.472,28.957
2026,2026ausc,Week 2,9146,27.193,,,,0.872,0.553,27.193
2026,2026ausc,Week 2,7113,25.623,,,,2.136,1.02,25.623
2026,2026ausc,Week 2,6434,24.378,,,,4.924,0.593,24.378
2026,2026ausc,Week 2,4774,24.292,,,,0.443,-0.566,24.292
2026,2026ausc,Week 2,11130,22.677,,,,-4.108,-0.39,22.677
2026,2026ausc,Week 2,4739,22.191,,,,3.479,1.18,22.191
2026,2026ausc,Week 2,10437,19.84,,,,2.395,0.411,19.84
2026,2026ausc,Week 2,5331,18.987,,,,-0.897,0.262,18.987
2026,2026ausc,Week 2,4788,15.611,,,,0.39,0.408,15.611
2026,2026ausc,Week 2,7163,14.589,,,,0.836,-0.213,14.589
2026,2026ausc,Week 2,4613,14.512,,,,-0.755,0.561,14.512
2026,2026ausc,Week 2,11379,14.158,,,,6.81,0.488,14.158
2026,2026ausc,Week 2,11429,13.587,,,,7.651,-0.19,13.587
2026,2026ausc,Week 2,9191,13.461,,,,0.621,0.182,13.461
2026,2026ausc,Week 2,6432,13.134,,,,1.289,0.418,13.134
2026,2026ausc,Week 2,9147,11.072,,,,5.784,-0.398,11.072
2026,2026ausc,Week 2,4729,10.884,,,,3.881,0.456,10.884
2026,2026ausc,Week 2,5648,9.862,,,,-3.368,-0.607,9.862
2026,2026ausc,Week 2,7128,8.787,,,,1.935,0.679,8.787
2026,2026ausc,Week 2,5985,7.433,,,,-2.202,0.713,7.433
2026,2026ausc,Week 2,5876,3.521,,,,0.693,-0.009,3.521
2026,2026ausc,Week 2,9189,2.981,,,,0.387,-0.178,2.981
2026,2026ausc,Week 2,9433,-2.41,,,,-1.552,0.597,-2.41
2026,2026ausc,Week 2,6476,-2.898,,,,5.26,-0.369,-2.898
2026,2026ausc,Week 2,10350,-6.889,,,,2.853,0.013,-6.889
2026,2026ausc,Week 2,5988,-13.597,,,,-5.062,0.128,-13.597
2026,2026cnsh,Week 2,8214,264.594,,,,10.34,2.957,264.594
2026,2026cnsh,Week 2,6941,198.006,,,,3.727,1.874,198.006
2026,2026cnsh,Week 2,6907,162.28,,,,-0.157,1.7,162.28
2026,2026cnsh,Week 2,6766,161.003,,,,2.186,2.1,161.003
2026,2026cnsh,Week 2,9597,139.62,,,,-0.602,1.778,139.62
2026,2026cnsh,Week 2,8810,131.555,,,,9.029,1.689,131.555
2026,2026cnsh,Week 2,10541,124.962,,,,6.985,1.57,124.962
2026,2026cnsh,Week 2,11019,124.668,,,,-1.928,1.032,124.668
2026,2026cnsh,Week 2,6706,120.829,,,,2.875,1.48,120.829
2026,2026cnsh,Week 2,6986,108.678,,,,-3.848,1.456,108.678
2026,2026cnsh,Week 2,8011,103.208,,,,-2.85,1.375,103.208
2026,2026cnsh,Week 2,9635,101.396,,,,2.326,0.705,101.396
2026,2026cnsh,Week 2,6304,99.436,,,,11.447,1.184,99.436
2026,2026cnsh,Week 2,5823,97.528,,,,-1.489,0.975,97.528
2026,2026cnsh,Week 2,6940,97.339,,,,2.285,1.176,97.339
2026,2026cnsh,Week 2,6487,88.61,,,,3.225,1.638,88.61
2026,2026cnsh,Week 2,11118,82.591,,,,3.752,1.352,82.591
2026,2026cnsh,Week 2,5449,74.25,,,,-0.853,1.558,74.25
2026,2026cnsh,Week 2,11328,67.303,,,,3.015,0.581,67.303
2026,2026cnsh,Week 2,10131,66.648,,,,-6.112,1.344,66.648
2026,2026cnsh,Week 2,10120,63.903,,,,-0.85,-0.017,63.903
2026,2026cnsh,Week 2,10711,61.296,,,,6.575,1.109,61.296
2026,2026cnsh,Week 2,10479,57.302,,,,8.433,0.849,57.302
2026,2026cnsh,Week 2,11319,52.803,,,,9.1,-0.154,52.803
2026,2026cnsh,Week 2,10526,49.714,,,,5.109,1.128,49.714
2026,2026cnsh,Week 2,6494,47.198,,,,-3.156,1.165,47.198
2026,2026cnsh,Week 2,6353,47.019,,,,1.292,0.9,47.019
2026,2026cnsh,Week 2,8806,44.064,,,,-0.131,0.047,44.064
2026,2026cnsh,Week 2,7594,42.565,,,,-1.401,0.415,42.565
2026,2026cnsh,Week 2,7002,41.987,,,,10.425,0.651,41.987
2026,2026cnsh,Week 2,9421,40.047,,,,0.287,0.334,40.047
2026,2026cnsh,Week 2,6394,34.274,,,,0.036,-0.305,34.274
2026,2026cnsh,Week 2,5516,30.483,,,,-4.628,0.559,30.483
2026,2026cnsh,Week 2,5522,26.434,,,,0.506,0.444,26.434
2026,2026cnsh,Week 2,5849,25.11,,,,4.411,-0.142,25.11
2026,2026cnsh,Week 2,5515,21.275,,,,-0.294,0.054,21.275
2026,2026cnsh,Week 2,6399,18.116,,,,-3.501,0.353,18.116
2026,2026cnsh,Week 2,6433,17.462,,,,-0.638,1.317,17.462
2026,2026cnsh,Week 2,6414,13.396,,,,-3.004,0.531,13.396
2026,2026cnsh,Week 2,8015,12.307,,,,-2.868,0.868,12.307
2026,2026cnsh,Week 2,10016,8.277,,,,-0.986,0.152,8.277
2026,2026cnsh,Week 2,11256,5.125,,,,2.29,0.649,5.125
2026,2026cnsh,Week 2,10214,3.968,,,,12.114,0.151,3.968
2026,2026cnsh,Week 2,11288,3.154,,,,7.581,-0.483,3.154
2026,2026cnsh,Week 2,10558,3.123,,,,6.078,0.03,3.123
2026,2026cnsh,Week 2,11485,1.128,,,,2.282,-0.477,1.128
2026,2026cnsh,Week 2,7601,-0.124,,,,2.676,-0.015,-0.124
2026,2026cnsh,Week 2,10000,-4.49,,,,3.002,0.307,-4.49
2026,2026cnsh,Week 2,11352,-15.007,,,,9.682,-0.517,-15.007
2026,2026cnsh,Week 2,7738,-20.582,,,,-7.988,-0.726,-20.582
2026,2026brsp,Week 2,1156,208.76,,,,0.813,2.461,208.76
2026,2026brsp,Week 2,9175,130.223,,,,3.802,2.293,130.223
2026,2026brsp,Week 2,9484,112.764,,,,6.356,1.385,112.764
2026,2026brsp,Week 2,9085,98.243,,,,1.713,1.492,98.243
2026,2026brsp,Week 2,7563,96.706,,,,1.398,1.684,96.706
2026,2026brsp,Week 2,7565,94.844,,,,-1.029,2.496,94.844
2026,2026brsp,Week 2,9047,92.281,,,,0.118,1.454,92.281
2026,2026brsp,Week 2,9110,87.078,,,,5.389,1.176,87.078
2026,2026brsp,Week 2,7567,76.509,,,,0.085,2.131,76.509
2026,2026brsp,Week 2,9487,75.807,,,,3.117,1.717,75.807
2026,2026brsp,Week 2,1860,73.774,,,,3.393,0.715,73.774
2026,2026brsp,Week 2,9162,68.975,,,,4.543,0.601,68.975
2026,2026brsp,Week 2,9169,68.303,,,,0.303,0.495,68.303
2026,2026brsp,Week 2,9458,59.327,,,,2.115,0.606,59.327
2026,2026brsp,Week 2,1772,48.57,,,,0.928,0.406,48.57
2026,2026brsp,Week 2,10298,46.934,,,,1.429,1.161,46.934
2026,2026brsp,Week 2,5800,44.586,,,,-0.796,0.134,44.586
2026,2026brsp,Week 2,9199,42.394,,,,-1.927,0.532,42.394
2026,2026brsp,Week 2,9460,41.596,,,,-0.298,0.823,41.596
2026,2026brsp,Week 2,11201,38.387,,,,4.293,0.606,38.387
2026,2026brsp,Week 2,9200,36.326,,,,0.532,1.114,36.326
2026,2026brsp,Week 2,9657,35.192,,,,1.496,0.145,35.192
2026,2026brsp,Week 2,10343,30.448,,,,3.13,0.645,30.448
2026,2026brsp,Week 2,10345,30.437,,,,0.304,0.321,30.437
2026,2026brsp,Week 2,9168,28.678,,,,-1.406,0.615,28.678
2026,2026brsp,Week 2,10019,27.711,,,,0.956,-0.011,27.711
2026,2026brsp,Week 2,7033,26.278,,,,1.221,1.071,26.278
2026,2026brsp,Week 2,10466,25.472,,,,-3.902,1.061,25.472
2026,2026brsp,Week 2,10190,24.173,,,,2.197,0.931,24.173
2026,2026brsp,Week 2,9461,24.153,,,,0.23,1.048,24.153
2026,2026brsp,Week 2,9603,21.572,,,,5.31,0.721,21.572
2026,2026brsp,Week 2,9218,19.506,,,,1.056,0.613,19.506
2026,2026brsp,Week 2,11105,18.755,,,,-1.472,-0.516,18.755
2026,2026brsp,Week 2,9486,18.35,,,,-1.059,0.553,18.35
2026,2026brsp,Week 2,9604,17.307,,,,-1.718,0.747,17.307
2026,2026brsp,Week 2,8882,15.652,,,,0.28,0.297,15.652
2026,2026brsp,Week 2,9611,9.594,,,,0.453,0.314,9.594
2026,2026brsp,Week 2,7459,8.011,,,,-1.181,-0.317,8.011
2026,2026brsp,Week 2,1884,7.268,,,,-1.217,-0.676,7.268
2026,2026brsp,Week 2,6404,5.483,,,,4.656,-0.62,5.483
2026,2026brsp,Week 2,9459,4.251,,,,0.638,0.858,4.251
2026,2026brsp,Week 2,11188,3.75,,,,-1.445,-0.589,3.75
2026,2026brsp,Week 2,9485,1.685,,,,2.086,0.309,1.685
2026,2026brsp,Week 2,9178,0.369,,,,4.543,0.412,0.369
2026,2026brsp,Week 2,9602,-2.671,,,,-2.097,-0.508,-2.671
2026,2026brsp,Week 2,9593,-3.773,,,,0.573,0.478,-3.773
2026,2026brsp,Week 2,9219,-8.442,,,,-1.215,-0.169,-8.442
2026,2026brsp,Week 2,6902,-10.478,,,,2.652,-0.179,-10.478
2026,2026brsp,Week 2,8276,-10.808,,,,0.058,-0.411,-10.808
2026,2026gagwi,Week 2,1833,243.554,,,,0.109,3.206,243.554
2026,2026gagwi,Week 2,1771,196.542,,,,0.301,2.638,196.542
2026,2026gagwi,Week 2,1648,68.38,,,,0.866,1.191,68.38
2026,2026gagwi,Week 2,1261,67.349,,,,0.667,1.343,67.349
2026,2026gagwi,Week 2,4189,50.432,,,,0.936,0.765,50.432
2026,2026gagwi,Week 2,1683,47.953,,,,-0.349,1.642,47.953
2026,2026gagwi,Week 2,6340,39.608,,,,4.233,1.001,39.608
2026,2026gagwi,Week 2,4468,35.552,,,,-0.453,0.264,35.552
2026,2026gagwi,Week 2,6705,32.398,,,,-0.544,0.276,32.398
2026,2026gagwi,Week 2,5109,30.665,,,,0.101,1.367,30.665
2026,2026gagwi,Week 2,9057,25.36,,,,2.033,-0.248,25.36
2026,2026gagwi,Week 2,3318,21.244,,,,0.94,0.149,21.244
2026,2026gagwi,Week 2,10482,19.864,,,,-0.366,0.211,19.864
2026,2026gagwi,Week 2,4509,17.183,,,,0.67,0.63,17.183
2026,2026gagwi,Week 2,6910,16.417,,,,0.378,0.598,16.417
2026,2026gagwi,Week 2,3091,15.162,,,,4.49,0.399,15.162
2026,2026gagwi,Week 2,8577,13.405,,,,-1.347,0.308,13.405
2026,2026gagwi,Week 2,5293,11.852,,,,-0.1,0.239,11.852
2026,2026gagwi,Week 2,4701,10.752,,,,-1.104,0.222,10.752
2026,2026gagwi,Week 2,5651,9.71,,,,0.249,-0.097,9.71
2026,2026gagwi,Week 2,5074,9.52,,,,-0.542,-0.067,9.52
2026,2026gagwi,Week 2,11174,7.827,,,,-0.71,0.238,7.827
2026,2026gagwi,Week 2,2415,5.129,,,,0.13,0.019,5.129
2026,2026gagwi,Week 2,9522,2.564,,,,4.778,0.751,2.564
2026,2026gagwi,Week 2,9561,2.245,,,,0.972,0.247,2.245
2026,2026gagwi,Week 2,8100,-1.172,,,,-1.688,0.055,-1.172
2026,2026gagwi,Week 2,8865,-2.596,,,,-1.249,0.131,-2.596
2026,2026gagwi,Week 2,1795,-2.697,,,,-1.503,-0.073,-2.697
2026,2026gagwi,Week 2,7538,-14.36,,,,1.547,-0.096,-14.36
2026,2026gagwi,Week 2,8815,-19.59,,,,-0.531,0.273,-19.59
2026,2026marea,Week 2,125,177.9,,,,0.509,2.495,177.9
2026,2026marea,Week 2,5813,176.9,,,,1.822,2.477,176.9
2026,2026marea,Week 2,133,131.066,,,,13.263,2.229,131.066
2026,2026marea,Week 2,238,114.637,,,,1.703,2.408,114.637
2026,2026marea,Week 2,2423,105.965,,,,3.127,1.979,105.965
2026,2026marea,Week 2,88,91.536,,,,1.55,1.05,91.536
2026,2026marea,Week 2,3566,87.858,,,,11.965,1.971,87.858
2026,2026marea,Week 2,2713,84.518,,,,-1.941,1.188,84.518
2026,2026marea,Week 2,1058,81.882,,,,3.963,1.268,81.882
2026,2026marea,Week 2,2877,78.594,,,,3.371,1.528,78.594
2026,2026marea,Week 2,1922,77.627,,,,-0.564,0.268,77.627
2026,2026marea,Week 2,4311,75.474,,,,12.548,1.001,75.474
2026,2026marea,Week 2,4761,67.113,,,,3.34,0.62,67.113
2026,2026marea,Week 2,78,61.96,,,,8.079,0.799,61.96
2026,2026marea,Week 2,151,56.653,,,,1.117,0.398,56.653
2026,2026marea,Week 2,69,46.816,,,,3.762,0.621,46.816
2026,2026marea,Week 2,5459,41.564,,,,14.627,0.989,41.564
2026,2026marea,Week 2,2876,36.096,,,,5.768,0.93,36.096
2026,2026marea,Week 2,6367,34.934,,,,11.963,-0.217,34.934
2026,2026marea,Week 2,11483,31.696,,,,20.097,0.988,31.696
2026,2026marea,Week 2,3958,28.508,,,,5.143,-0.796,28.508
2026,2026marea,Week 2,2084,27.942,,,,0.275,0.04,27.942
2026,2026marea,Week 2,8626,26.351,,,,1.483,0.897,26.351
2026,2026marea,Week 2,246,20.322,,,,3.865,0.645,20.322
2026,2026marea,Week 2,9443,19.695,,,,0.372,0.178,19.695
2026,2026marea,Week 2,5735,16.836,,,,-3.732,0.604,16.836
2026,2026marea,Week 2,4546,16.584,,,,-0.236,0.317,16.584
2026,2026marea,Week 2,6731,15.568,,,,-2.353,0.271,15.568
2026,2026marea,Week 2,1761,14.099,,,,-0.158,0.366,14.099
2026,2026marea,Week 2,97,13.634,,,,0.863,-0.573,13.634
2026,2026marea,Week 2,433,11.633,,,,-4.464,-0.033,11.633
2026,2026marea,Week 2,10156,9.005,,,,1.986,0.362,9.005
2026,2026marea,Week 2,6201,8.795,,,,2.814,-0.149,8.795
2026,2026marea,Week 2,5563,7.58,,,,0.677,0.113,7.58
2026,2026marea,Week 2,1721,6.061,,,,-4.469,0.246,6.061
2026,2026marea,Week 2,4169,0.781,,,,0.568,0.457,0.781
2026,2026marea,Week 2,10912,0.688,,,,-2.165,-0.239,0.688
2026,2026marea,Week 2,3205,-5.703,,,,-0.539,-0.611,-5.703
2026,2026mawne,Week 2,176,173.43,,,,0.606,2.884,173.43
2026,2026mawne,Week 2,195,165.834,,,,0.115,1.993,165.834
2026,2026mawne,Week 2,2067,144.521,,,,3.301,2.112,144.521
2026,2026mawne,Week 2,2370,128.874,,,,1.531,1.982,128.874
2026,2026mawne,Week 2,571,99.725,,,,-0.9,1.677,99.725
2026,2026mawne,Week 2,236,96.135,,,,1.19,2.097,96.135
2026,2026mawne,Week 2,230,91.59,,,,-2.15,1.819,91.59
2026,2026mawne,Week 2,177,69.135,,,,-1.168,0.963,69.135
2026,2026mawne,Week 2,839,59.169,,,,2.193,1.173,59.169
2026,2026mawne,Week 2,3146,56.615,,,,7.408,1.155,56.615
2026,2026mawne,Week 2,7127,49.546,,,,3.011,1.789,49.546
2026,2026mawne,Week 2,178,43.719,,,,11.004,0.966,43.719
2026,2026mawne,Week 2,1100,41.552,,,,1.465,0.843,41.552
2026,2026mawne,Week 2,429,40.705,,,,6.952,0.395,40.705
2026,2026mawne,Week 2,3654,39.116,,,,3.001,0.653,39.116
2026,2026mawne,Week 2,6346,38.312,,,,3.745,0.336,38.312
2026,2026mawne,Week 2,4176,37.54,,,,-1.463,0.891,37.54
2026,2026mawne,Week 2,181,36.075,,,,1.58,-0.185,36.075
2026,2026mawne,Week 2,8709,34.384,,,,0.383,0.784,34.384
2026,2026mawne,Week 2,8567,33.619,,,,7.577,0.705,33.619
2026,2026mawne,Week 2,237,33.616,,,,-2.782,0.753,33.616
2026,2026mawne,Week 2,1740,32.556,,,,0.875,-0.155,32.556
2026,2026mawne,Week 2,9710,31.866,,,,6.681,0.649,31.866
2026,2026mawne,Week 2,155,29.625,,,,-3.061,0.837,29.625
2026,2026mawne,Week 2,7153,27.035,,,,2.823,0.214,27.035
2026,2026mawne,Week 2,173,25.37,,,,-2.246,0.658,25.37
2026,2026mawne,Week 2,5142,23.486,,,,2.407,0.617,23.486
2026,2026mawne,Week 2,6895,22.414,,,,0.365,0.039,22.414
2026,2026mawne,Week 2,10592,22.355,,,,1.601,0.631,22.355
2026,2026mawne,Week 2,4034,18.998,,,,2.293,0.722,18.998
2026,2026mawne,Week 2,2170,15.163,,,,0.165,-0.013,15.163
2026,2026mawne,Week 2,10910,12.616,,,,3.415,-0.691,12.616
2026,2026mawne,Week 2,9101,9.553,,,,-1.46,0.035,9.553
2026,2026mawne,Week 2,3461,4.412,,,,7.192,-0.38,4.412
2026,2026mawne,Week 2,1991,1.201,,,,0.357,-0.284,1.201
2026,2026mawne,Week 2,7694,-3.548,,,,1.735,-0.729,-3.548
2026,2026mawne,Week 2,10945,-8.806,,,,0.615,-0.538,-8.806
2026,2026mawne,Week 2,1027,-14.757,,,,0.894,-0.48,-14.757
2026,2026mdpas,Week 2,9072,241.98,,,,6.289,2.855,241.98
2026,2026mdpas,Week 2,888,88.569,,,,-0.797,1.634,88.569
2026,2026mdpas,Week 2,614,86.981,,,,1.095,1.622,86.981
2026,2026mdpas,Week 2,2537,84.665,,,,3.267,2.273,84.665
2026,2026mdpas,Week 2,1629,81.329,,,,0.205,1.813,81.329
2026,2026mdpas,Week 2,2199,78.41,,,,-0.488,1.954,78.41
2026,2026mdpas,Week 2,836,72.375,,,,1.6,2.149,72.375
2026,2026mdpas,Week 2,686,55.359,,,,-0.422,1.604,55.359
2026,2026mdpas,Week 2,5115,50.646,,,,4.009,1.079,50.646
2026,2026mdpas,Week 2,4541,44.616,,,,-0.865,0.488,44.616
2026,2026mdpas,Week 2,10679,36.204,,,,0.536,0.916,36.204
2026,2026mdpas,Week 2,1418,35.534,,,,0.25,0.841,35.534
2026,2026mdpas,Week 2,9033,29.228,,,,-0.051,1.105,29.228
2026,2026mdpas,Week 2,6239,28.667,,,,-0.218,1.261,28.667
2026,2026mdpas,Week 2,6863,28.507,,,,0.85,0.069,28.507
2026,2026mdpas,Week 2,3748,27.074,,,,-1.339,0.216,27.074
2026,2026mdpas,Week 2,2849,26.196,,,,-0.463,0.423,26.196
2026,2026mdpas,Week 2,4464,24.114,,,,2.198,-0.18,24.114
2026,2026mdpas,Week 2,6326,23.579,,,,3.633,0.313,23.579
2026,2026mdpas,Week 2,8590,21.542,,,,-0.013,0.566,21.542
2026,2026mdpas,Week 2,2900,18.826,,,,2.896,0.003,18.826
2026,2026mdpas,Week 2,4821,17.986,,,,5.63,-0.273,17.986
2026,2026mdpas,Week 2,1719,17.769,,,,-1.099,0.035,17.769
2026,2026mdpas,Week 2,7886,17.069,,,,-1.159,0.86,17.069
2026,2026mdpas,Week 2,623,14.976,,,,0.036,0.277,14.976
2026,2026mdpas,Week 2,11350,11.439,,,,-0.858,0.291,11.439
2026,2026mdpas,Week 2,5841,10.568,,,,-0.004,-0.063,10.568
2026,2026mdpas,Week 2,2421,9.275,,,,-0.907,-0.618,9.275
2026,2026mdpas,Week 2,7770,7.578,,,,0.976,0.008,7.578
2026,2026mdpas,Week 2,1111,7.19,,,,-0.339,0.328,7.19
2026,2026mdpas,Week 2,8726,6.588,,,,-1.277,-0.144,6.588
2026,2026mdpas,Week 2,5830,4.364,,,,-0.093,-0.206,4.364
2026,2026mdpas,Week 2,4505,-1.183,,,,-1.528,0.225,-1.183
2026,2026mdpas,Week 2,8622,-11.686,,,,1.367,-0.972,-11.686
2026,2026mibro,Week 2,7769,266.067,,,,0.611,3.191,266.067
2026,2026mibro,Week 2,469,129.931,,,,2.888,2.377,129.931
2026,2026mibro,Week 2,3322,106.745,,,,7.776,1.239,106.745
2026,2026mibro,Week 2,9572,103.248,,,,-0.614,2.681,103.248
2026,2026mibro,Week 2,910,97.679,,,,3.447,1.782,97.679
2026,2026mibro,Week 2,217,77.322,,,,4.089,1.582,77.322
2026,2026mibro,Week 2,5907,76.575,,,,1.183,1.978,76.575
2026,2026mibro,Week 2,6152,70.524,,,,-2.342,1.361,70.524
2026,2026mibro,Week 2,247,70.033,,,,-0.734,1.197,70.033
2026,2026mibro,Week 2,6528,69.301,,,,2.148,1.694,69.301
2026,2026mibro,Week 2,1189,68.564,,,,-2.223,1.3,68.564
2026,2026mibro,Week 2,6570,56.209,,,,1.009,0.514,56.209
2026,2026mibro,Week 2,6861,54.646,,,,2.714,1.206,54.646
2026,2026mibro,Week 2,7174,48.181,,,,4.087,1.234,48.181
2026,2026mibro,Week 2,8179,45.651,,,,0.749,0.662,45.651
2026,2026mibro,Week 2,8124,41.945,,,,-0.91,0.057,41.945
2026,2026mibro,Week 2,3604,39.443,,,,2.112,0.093,39.443
2026,2026mibro,Week 2,2834,35.17,,,,-0.921,0.275,35.17
2026,2026mibro,Week 2,6029,33.409,,,,2.164,0.117,33.409
2026,2026mibro,Week 2,6914,32.791,,,,2.842,0.374,32.791
2026,2026mibro,Week 2,2832,32.233,,,,-1.699,-0.21,32.233
2026,2026mibro,Week 2,815,31.192,,,,3.031,0.304,31.192
2026,2026mibro,Week 2,8427,30.765,,,,3.546,0.522,30.765
2026,2026mibro,Week 2,5050,29.986,,,,1.531,0.28,29.986
2026,2026mibro,Week 2,2620,26.412,,,,1.715,0.523,26.412
2026,2026mibro,Week 2,5498,25.346,,,,-0.077,0.252,25.346
2026,2026mibro,Week 2,5263,22.253,,,,-0.767,0.354,22.253
2026,2026mibro,Week 2,9226,21.537,,,,-0.455,0.063,21.537
2026,2026mibro,Week 2,4390,18.866,,,,-0.506,0.851,18.866
2026,2026mibro,Week 2,10606,17.197,,,,-1.795,0.473,17.197
2026,2026mibro,Week 2,5901,11.624,,,,0.49,-0.537,11.624
2026,2026mibro,Week 2,6618,8.666,,,,3.179,0.43,8.666
2026,2026mibro,Week 2,6057,8.229,,,,0.414,-0.265,8.229
2026,2026mibro,Week 2,9148,7.19,,,,-1.395,0.109,7.19
2026,2026mibro,Week 2,240,7.153,,,,1.532,0.241,7.153
2026,2026mibro,Week 2,9182,7.086,,,,5.269,-0.598,7.086
2026,2026mibro,Week 2,8362,3.987,,,,3.466,-0.183,3.987
2026,2026mibro,Week 2,6101,1.648,,,,0.718,0.036,1.648
2026,2026mibro,Week 2,1528,0.374,,,,-1.558,0.144,0.374
2026,2026mibro,Week 2,5090,0.243,,,,1.619,0.464,0.243
2026,2026milac,Week 2,3603,120.156,,,,5.046,2.257,120.156
2026,2026milac,Week 2,2054,107.372,,,,-0.13,1.451,107.372
2026,2026milac,Week 2,226,82.265,,,,3.499,2.173,82.265
2026,2026milac,Week 2,141,58.947,,,,0.398,1.461,58.947
2026,2026milac,Week 2,2586,58.577,,,,0.526,1.015,58.577
2026,2026milac,Week 2,5534,56.441,,,,-0.017,1.159,56.441
2026,2026milac,Week 2,3536,52.94,,,,0.918,1.203,52.94
2026,2026milac,Week 2,1684,51.778,,,,1.229,2.123,51.778
2026,2026milac,Week 2,7202,46.651,,,,-1.019,1.086,46.651
2026,2026milac,Week 2,6121,43.662,,,,-0.27,0.975,43.662
2026,2026milac,Week 2,7250,42.388,,,,5.275,0.963,42.388
2026,2026milac,Week 2,6114,41.733,,,,-0.457,0.202,41.733
2026,2026milac,Week 2,9541,41.423,,,,-2.32,1.129,41.423
2026,2026milac,Week 2,4956,38.405,,,,-1.033,1.418,38.405
2026,2026milac,Week 2,11437,35.619,,,,-1.158,0.449,35.619
2026,2026milac,Week 2,9568,29.837,,,,-2.093,0.925,29.837
2026,2026milac,Week 2,7790,27.601,,,,-0.261,-0.11,27.601
2026,2026milac,Week 2,8041,27.249,,,,3.346,1.222,27.249
2026,2026milac,Week 2,3537,26.507,,,,1.915,0.394,26.507
2026,2026milac,Week 2,5547,26.434,,,,1.068,0.815,26.434
2026,2026milac,Week 2,6963,25.595,,,,-0.544,0.355,25.595
2026,2026milac,Week 2,10421,25.369,,,,2.283,-0.395,25.369
2026,2026milac,Week 2,4983,23.647,,,,3.292,0.108,23.647
2026,2026milac,Week 2,9106,18.782,,,,1.38,0.695,18.782
2026,2026milac,Week 2,7155,18.012,,,,2.796,-0.796,18.012
2026,2026milac,Week 2,7768,13.23,,,,-2.287,0.781,13.23
2026,2026milac,Week 2,9650,12.357,,,,-0.648,0.017,12.357
2026,2026milac,Week 2,5560,11.332,,,,-0.91,0.205,11.332
2026,2026milac,Week 2,6087,4.473,,,,1.256,0.51,4.473
2026,2026milac,Week 2,4776,2.823,,,,1.254,-0.718,2.823
2026,2026milac,Week 2,7855,-1.25,,,,1.32,-0.383,-1.25
2026,2026milac,Week 2,11435,-1.306,,,,-0.941,0.141,-1.306
2026,2026milac,Week 2,11440,-3.512,,,,3.0,-0.504,-3.512
2026,2026milac,Week 2,7794,-6.369,,,,1.785,-0.246,-6.369
2026,2026mimar,Week 2,3539,161.687,,,,1.381,1.322,161.687
2026,2026mimar,Week 2,33,158.551,,,,0.516,2.355,158.551
2026,2026mimar,Week 2,1498,135.902,,,,-0.53,1.81,135.902
2026,2026mimar,Week 2,2851,111.687,,,,1.124,2.083,111.687
2026,2026mimar,Week 2,9245,106.788,,,,-0.24,1.962,106.788
2026,2026mimar,Week 2,5843,100.681,,,,1.886,1.766,100.681
2026,2026mimar,Week 2,8280,97.469,,,,0.512,1.083,97.469
2026,2026mimar,Week 2,894,80.427,,,,-0.438,1.843,80.427
2026,2026mimar,Week 2,4779,76.257,,,,-1.411,1.63,76.257
2026,2026mimar,Week 2,10349,62.539,,,,2.202,1.067,62.539
2026,2026mimar,Week 2,5926,61.53,,,,-0.175,0.775,61.53
2026,2026mimar,Week 2,3667,51.194,,,,0.511,1.409,51.194
2026,2026mimar,Week 2,818,49.894,,,,4.085,0.942,49.894
2026,2026mimar,Week 2,51,49.511,,,,1.02,0.736,49.511
2026,2026mimar,Week 2,11493,46.327,,,,-0.675,0.852,46.327
2026,2026mimar,Week 2,7211,40.241,,,,-0.174,0.637,40.241
2026,2026mimar,Week 2,7597,36.406,,,,4.5,0.841,36.406
2026,2026mimar,Week 2,453,34.578,,,,6.56,0.728,34.578
2026,2026mimar,Week 2,1506,30.539,,,,-0.063,0.242,30.539
2026,2026mimar,Week 2,6120,29.86,,,,0.041,0.866,29.86
2026,2026mimar,Week 2,9747,28.552,,,,2.216,0.478,28.552
2026,2026mimar,Week 2,8728,27.611,,,,0.389,0.199,27.611
2026,2026mimar,Week 2,6091,21.401,,,,2.865,0.297,21.401
2026,2026mimar,Week 2,5214,20.853,,,,0.914,0.326,20.853
2026,2026mimar,Week 2,1718,19.489,,,,0.557,0.423,19.489
2026,2026mimar,Week 2,5167,19.201,,,,-0.484,-0.263,19.201
2026,2026mimar,Week 2,4130,19.127,,,,1.557,0.439,19.127
2026,2026mimar,Week 2,9183,18.419,,,,-0.877,1.063,18.419
2026,2026mimar,Week 2,9252,18.093,,,,0.434,-0.07,18.093
2026,2026mimar,Week 2,5612,16.974,,,,-1.311,0.617,16.974
2026,2026mimar,Week 2,9251,15.582,,,,0.988,0.284,15.582
2026,2026mimar,Week 2,6344,12.564,,,,0.083,-0.124,12.564
2026,2026mimar,Week 2,7247,10.45,,,,0.213,-0.031,10.45
2026,2026mimar,Week 2,5860,10.137,,,,0.973,0.336,10.137
2026,2026mimar,Week 2,4994,9.863,,,,-0.689,-0.095,9.863
2026,2026mimar,Week 2,9528,9.771,,,,-1.705,-0.944,9.771
2026,2026mimar,Week 2,9558,8.602,,,,-0.647,-0.009,8.602
2026,2026mimar,Week 2,4961,8.529,,,,-0.528,0.664,8.529
2026,2026mimar,Week 2,7813,-1.928,,,,-1.34,-0.349,-1.928
2026,2026mimar,Week 2,8364,-4.191,,,,-0.906,-0.443,-4.191
2026,2026ncash,Week 2,2724,145.889,,,,-0.614,2.841,145.889
2026,2026ncash,Week 2,1533,95.274,,,,1.166,1.552,95.274
2026,2026ncash,Week 2,8727,72.686,,,,1.909,2.082,72.686
2026,2026ncash,Week 2,7890,57.408,,,,-0.494,2.045,57.408
2026,2026ncash,Week 2,4828,50.763,,,,2.591,0.672,50.763
2026,2026ncash,Week 2,1225,46.331,,,,-1.472,0.898,46.331
2026,2026ncash,Week 2,7918,44.669,,,,0.621,0.964,44.669
2026,2026ncash,Week 2,3229,38.733,,,,0.804,1.204,38.733
2026,2026ncash,Week 2,10107,34.682,,,,1.357,0.217,34.682
2026,2026ncash,Week 2,9605,32.325,,,,7.085,0.613,32.325
2026,2026ncash,Week 2,6639,31.45,,,,0.207,0.88,31.45
2026,2026ncash,Week 2,2682,30.464,,,,3.295,0.872,30.464
2026,2026ncash,Week 2,5727,29.873,,,,1.343,0.436,29.873
2026,2026ncash,Week 2,11377,28.704,,,,-0.352,0.686,28.704
2026,2026ncash,Week 2,6888,25.947,,,,-0.062,0.019,25.947
2026,2026ncash,Week 2,10704,23.981,,,,-0.962,0.692,23.981
2026,2026ncash,Week 2,3680,20.898,,,,0.774,0.859,20.898
2026,2026ncash,Week 2,9298,20.625,,,,-0.314,0.301,20.625
2026,2026ncash,Week 2,9150,20.544,,,,-0.176,0.638,20.544
2026,2026ncash,Week 2,3196,20.356,,,,0.675,0.218,20.356
2026,2026ncash,Week 2,5518,14.71,,,,-0.194,-0.117,14.71
2026,2026ncash,Week 2,11417,14.653,,,,0.291,-0.15,14.653
2026,2026ncash,Week 2,9762,13.888,,,,1.912,0.082,13.888
2026,2026ncash,Week 2,6908,11.336,,,,1.005,-0.454,11.336
2026,2026ncash,Week 2,10304,10.746,,,,-0.95,0.795,10.746
2026,2026ncash,Week 2,10077,8.775,,,,-1.435,0.437,8.775
2026,2026ncash,Week 2,10583,7.442,,,,-0.284,-0.49,7.442
2026,2026ncash,Week 2,6932,4.624,,,,0.341,0.037,4.624
2026,2026ncash,Week 2,9607,2.828,,,,-0.276,0.3,2.828
2026,2026ncash,Week 2,7763,-0.937,,,,1.792,-0.797,-0.937
2026,2026nhbed,Week 2,3467,244.831,,,,2.9,3.314,244.831
2026,2026nhbed,Week 2,4909,135.41,,,,3.647,2.523,135.41
2026,2026nhbed,Week 2,95,128.427,,,,0.939,2.663,128.427
2026,2026nhbed,Week 2,1073,127.565,,,,3.096,1.666,127.565
2026,2026nhbed,Week 2,166,97.89,,,,-0.295,1.946,97.89
2026,2026nhbed,Week 2,131,79.871,,,,4.031,0.605,79.871
2026,2026nhbed,Week 2,467,73.413,,,,0.324,0.46,73.413
2026,2026nhbed,Week 2,8724,70.032,,,,-0.778,1.169,70.032
2026,2026nhbed,Week 2,1729,63.913,,,,-0.089,1.204,63.913
2026,2026nhbed,Week 2,319,55.776,,,,1.442,0.613,55.776
2026,2026nhbed,Week 2,4905,50.052,,,,0.496,1.399,50.052
2026,2026nhbed,Week 2,58,48.181,,,,0.878,1.012,48.181
2026,2026nhbed,Week 2,7674,47.615,,,,-0.721,0.715,47.615
2026,2026nhbed,Week 2,3323,42.436,,,,-1.947,0.877,42.436
2026,2026nhbed,Week 2,509,37.117,,,,-0.978,0.533,37.117
2026,2026nhbed,Week 2,7314,36.698,,,,0.969,0.222,36.698
2026,2026nhbed,Week 2,348,33.858,,,,0.909,0.254,33.858
2026,2026nhbed,Week 2,2342,33.572,,,,-0.204,0.278,33.572
2026,2026nhbed,Week 2,811,29.902,,,,-0.613,0.064,29.902
2026,2026nhbed,Week 2,126,28.216,,,,-0.777,-0.177,28.216
2026,2026nhbed,Week 2,138,27.569,,,,-0.125,0.215,27.569
2026,2026nhbed,Week 2,9096,26.701,,,,1.189,0.52,26.701
2026,2026nhbed,Week 2,8421,24.06,,,,4.252,0.15,24.06
2026,2026nhbed,Week 2,11157,17.341,,,,0.486,0.503,17.341
2026,2026nhbed,Week 2,501,15.111,,,,6.637,0.221,15.111
2026,2026nhbed,Week 2,9055,14.206,,,,0.721,0.842,14.206
2026,2026nhbed,Week 2,11175,10.526,,,,2.614,0.016,10.526
2026,2026nhbed,Week 2,11269,10.005,,,,1.724,0.532,10.005
2026,2026nhbed,Week 2,4925,9.878,,,,3.268,0.302,9.878
2026,2026nhbed,Week 2,1277,9.067,,,,0.867,-0.177,9.067
2026,2026nhbed,Week 2,10937,6.344,,,,1.294,0.227,6.344
2026,2026nhbed,Week 2,10138,3.367,,,,0.262,0.178,3.367
2026,2026nhbed,Week 2,1247,-6.09,,,,-1.11,-0.005,-6.09
2026,2026nhbed,Week 2,6690,-18.111,,,,1.361,-0.7,-18.111
2026,2026njtab,Week 2,190,177.626,,,,2.534,2.604,177.626
2026,2026njtab,Week 2,103,114.659,,,,3.751,2.767,114.659
2026,2026njtab,Week 2,9094,114.616,,,,-0.333,1.788,114.616
2026,2026njtab,Week 2,1218,102.709,,,,-0.314,1.942,102.709
2026,2026njtab,Week 2,7587,81.738,,,,0.932,1.103,81.738
2026,2026njtab,Week 2,1391,81.495,,,,1.04,1.772,81.495
2026,2026njtab,Week 2,1640,64.118,,,,-1.219,0.569,64.118
2026,2026njtab,Week 2,5401,33.641,,,,5.757,0.622,33.641
2026,2026njtab,Week 2,1807,32.089,,,,0.274,1.181,32.089
2026,2026njtab,Week 2,5789,31.493,,,,1.028,0.903,31.493
2026,2026njtab,Week 2,1257,29.807,,,,0.224,-0.107,29.807
2026,2026njtab,Week 2,4342,24.435,,,,-1.234,-0.053,24.435
2026,2026njtab,Week 2,10400,23.635,,,,-0.391,1.298,23.635
2026,2026njtab,Week 2,1923,23.488,,,,4.687,0.555,23.488
2026,2026njtab,Week 2,365,22.588,,,,2.379,-0.189,22.588
2026,2026njtab,Week 2,1647,22.244,,,,-0.804,0.43,22.244
2026,2026njtab,Week 2,5732,22.236,,,,0.909,0.297,22.236
2026,2026njtab,Week 2,10157,20.827,,,,0.377,0.892,20.827
2026,2026njtab,Week 2,11104,20.571,,,,3.149,0.153,20.571
2026,2026njtab,Week 2,2722,20.104,,,,0.882,0.169,20.104
2026,2026njtab,Week 2,1712,20.017,,,,-0.448,0.075,20.017
2026,2026njtab,Week 2,8130,18.398,,,,1.107,0.135,18.398
2026,2026njtab,Week 2,2720,15.16,,,,3.433,0.672,15.16
2026,2026njtab,Week 2,8714,14.013,,,,-0.417,0.474,14.013
2026,2026njtab,Week 2,8721,13.383,,,,-0.163,0.248,13.383
2026,2026njtab,Week 2,4652,11.021,,,,-0.452,0.632,11.021
2026,2026njtab,Week 2,834,6.279,,,,-0.362,-0.103,6.279
2026,2026njtab,Week 2,9416,3.949,,,,-0.356,0.331,3.949
2026,2026njtab,Week 2,7414,1.501,,,,0.9,-0.373,1.501
2026,2026njtab,Week 2,2554,0.584,,,,3.88,-0.155,0.584
2026,2026njtab,Week 2,8704,-2.62,,,,-0.335,0.247,-2.62
2026,2026njtab,Week 2,4637,-4.052,,,,-0.414,-0.215,-4.052
2026,2026onosh,Week 2,4946,280.042,,,,4.717,3.165,280.042
2026,2026onosh,Week 2,4476,220.535,,,,7.12,2.519,220.535
2026,2026onosh,Week 2,1241,165.185,,,,5.392,2.102,165.185
2026,2026onosh,Week 2,188,112.626,,,,-0.125,1.161,112.626
2026,2026onosh,Week 2,10015,99.817,,,,3.193,1.418,99.817
2026,2026onosh,Week 2,7902,88.58,,,,0.082,1.413,88.58
2026,2026onosh,Week 2,4976,86.767,,,,0.001,1.249,86.767
2026,2026onosh,Week 2,5409,62.959,,,,-2.262,1.261,62.959
2026,2026onosh,Week 2,7712,60.105,,,,0.229,0.673,60.105
2026,2026onosh,Week 2,5032,49.65,,,,-0.373,1.089,49.65
2026,2026onosh,Week 2,4152,45.179,,,,5.402,1.16,45.179
2026,2026onosh,Week 2,8089,42.584,,,,2.416,0.715,42.584
2026,2026onosh,Week 2,9569,40.813,,,,5.03,0.92,40.813
2026,2026onosh,Week 2,5870,34.421,,,,-0.755,0.593,34.421
2026,2026onosh,Week 2,5024,33.127,,,,-0.862,0.764,33.127
2026,2026onosh,Week 2,2708,24.901,,,,2.531,-0.396,24.901
2026,2026onosh,Week 2,11227,24.065,,,,0.085,0.101,24.065
2026,2026onosh,Week 2,7757,19.956,,,,3.667,0.193,19.956
2026,2026onosh,Week 2,5689,19.039,,,,3.678,0.498,19.039
2026,2026onosh,Week 2,5596,18.843,,,,1.34,0.439,18.843
2026,2026onosh,Week 2,9589,16.027,,,,3.796,0.424,16.027
2026,2026onosh,Week 2,781,14.576,,,,1.639,0.388,14.576
2026,2026onosh,Week 2,7480,14.451,,,,4.906,-0.473,14.451
2026,2026onosh,Week 2,7603,11.129,,,,0.722,-0.406,11.129
2026,2026onosh,Week 2,3543,7.411,,,,9.453,-0.577,7.411
2026,2026onosh,Week 2,5036,7.237,,,,-0.321,-0.119,7.237
2026,2026onosh,Week 2,6135,7.111,,,,9.947,0.304,7.111
2026,2026onosh,Week 2,8729,1.447,,,,2.686,-0.16,1.447
2026,2026vagle,Week 2,2106,122.882,,,,6.883,2.611,122.882
2026,2026vagle,Week 2,619,110.52,,,,3.175,2.737,110.52
2026,2026vagle,Week 2,346,73.102,,,,-2.304,2.157,73.102
2026,2026vagle,Week 2,401,69.738,,,,0.991,1.399,69.738
2026,2026vagle,Week 2,3939,58.327,,,,0.395,0.325,58.327
2026,2026vagle,Week 2,1086,51.944,,,,3.383,1.459,51.944
2026,2026vagle,Week 2,1262,50.854,,,,4.233,1.511,50.854
2026,2026vagle,Week 2,540,41.928,,,,1.346,0.331,41.928
2026,2026vagle,Week 2,3072,39.259,,,,3.844,0.316,39.259
2026,2026vagle,Week 2,1599,38.01,,,,-3.381,0.818,38.01
2026,2026vagle,Week 2,404,34.194,,,,-1.225,0.74,34.194
2026,2026vagle,Week 2,5804,31.824,,,,-0.632,0.694,31.824
2026,2026vagle,Week 2,3361,29.748,,,,3.179,0.623,29.748
2026,2026vagle,Week 2,10224,29.508,,,,3.503,1.172,29.508
2026,2026vagle,Week 2,8592,25.494,,,,-2.938,0.824,25.494
2026,2026vagle,Week 2,10004,23.746,,,,0.994,0.781,23.746
2026,2026vagle,Week 2,11425,23.016,,,,-1.46,-0.328,23.016
2026,2026vagle,Week 2,339,20.751,,,,8.782,0.748,20.751
2026,2026vagle,Week 2,6802,20.5,,,,1.029,0.542,20.5
2026,2026vagle,Week 2,5724,16.975,,,,0.265,0.535,16.975
2026,2026vagle,Week 2,977,13.109,,,,-0.526,0.121,13.109
2026,2026vagle,Week 2,8326,11.951,,,,2.428,0.074,11.951
2026,2026vagle,Week 2,1522,11.724,,,,4.185,0.098,11.724
2026,2026vagle,Week 2,1915,7.641,,,,-1.615,0.462,7.641
2026,2026vagle,Week 2,9709,7.02,,,,-0.736,-0.278,7.02
2026,2026vagle,Week 2,4286,5.671,,,,5.296,-0.622,5.671
2026,2026vagle,Week 2,10257,3.899,,,,0.667,0.415,3.899
2026,2026vagle,Week 2,2998,3.789,,,,3.565,-0.652,3.789
2026,2026vagle,Week 2,617,2.103,,,,-1.593,-0.86,2.103
2026,2026vagle,Week 2,9214,-2.309,,,,-2.15,-0.004,-2.309
2026,2026casnf,Week 2,1323,345.341,,,,2.418,3.637,345.341
2026,2026casnf,Week 2,5940,133.473,,,,0.691,2.304,133.473
2026,2026casnf,Week 2,5104,87.717,,,,0.248,1.781,87.717
2026,2026casnf,Week 2,840,75.77,,,,1.268,2.157,75.77
2026,2026casnf,Week 2,8033,75.374,,,,4.372,1.383,75.374
2026,2026casnf,Week 2,3970,75.011,,,,-0.344,1.477,75.011
2026,2026casnf,Week 2,841,71.248,,,,2.631,1.211,71.248
2026,2026casnf,Week 2,7667,65.966,,,,-0.434,1.47,65.966
2026,2026casnf,Week 2,5507,58.987,,,,1.635,0.959,58.987
2026,2026casnf,Week 2,114,57.226,,,,1.496,0.886,57.226
2026,2026casnf,Week 2,2551,48.201,,,,-0.341,1.148,48.201
2026,2026casnf,Week 2,10221,30.557,,,,2.475,0.255,30.557
2026,2026casnf,Week 2,8840,28.112,,,,1.763,0.587,28.112
2026,2026casnf,Week 2,4159,28.084,,,,2.251,0.151,28.084
2026,2026casnf,Week 2,649,27.763,,,,-0.654,0.136,27.763
2026,2026casnf,Week 2,4904,25.627,,,,4.589,0.131,25.627
2026,2026casnf,Week 2,5171,25.59,,,,0.144,0.776,25.59
2026,2026casnf,Week 2,8852,24.954,,,,-1.059,-0.077,24.954
2026,2026casnf,Week 2,2035,24.467,,,,2.563,0.184,24.467
2026,2026casnf,Week 2,253,23.566,,,,3.327,0.516,23.566
2026,2026casnf,Week 2,11243,23.174,,,,1.196,0.539,23.174
2026,2026casnf,Week 2,1280,19.801,,,,-1.022,0.332,19.801
2026,2026casnf,Week 2,5700,17.48,,,,-2.192,0.634,17.48
2026,2026casnf,Week 2,6506,15.919,,,,2.14,0.871,15.919
2026,2026casnf,Week 2,4765,13.426,,,,-0.584,0.486,13.426
2026,2026casnf,Week 2,11230,13.209,,,,3.055,0.065,13.209
2026,2026casnf,Week 2,10615,12.315,,,,-1.096,0.42,12.315
2026,2026casnf,Week 2,6918,10.578,,,,1.49,-0.129,10.578
2026,2026casnf,Week 2,8016,10.573,,,,4.191,0.247,10.573
2026,2026casnf,Week 2,8751,9.378,,,,1.547,-0.246,9.378
2026,2026casnf,Week 2,10281,8.972,,,,-0.569,1.123,8.972
2026,2026casnf,Week 2,9114,8.541,,,,-0.575,0.11,8.541
2026,2026casnf,Week 2,11463,5.431,,,,1.013,-0.326,5.431
2026,2026casnf,Week 2,7245,4.796,,,,-1.137,-0.331,4.796
2026,2026casnf,Week 2,4186,3.072,,,,2.103,0.304,3.072
2026,2026casnf,Week 2,4973,2.943,,,,-1.118,0.238,2.943
2026,2026casnf,Week 2,4669,0.005,,,,0.25,-0.123,0.005
2026,2026casnf,Week 2,8045,-0.649,,,,0.6,-0.038,-0.649
2026,2026casnv,Week 2,254,372.887,,,,5.345,3.404,372.887
2026,2026casnv,Week 2,9470,232.567,,,,3.893,2.696,232.567
2026,2026casnv,Week 2,972,154.669,,,,1.462,1.964,154.669
2026,2026casnv,Week 2,581,150.818,,,,1.264,1.797,150.818
2026,2026casnv,Week 2,3256,139.273,,,,0.21,1.621,139.273
2026,2026casnv,Week 2,5026,134.767,,,,3.409,1.625,134.767
2026,2026casnv,Week 2,1868,106.176,,,,1.336,0.768,106.176
2026,2026casnv,Week 2,6238,104.498,,,,-2.694,1.513,104.498
2026,2026casnv,Week 2,668,104.342,,,,-0.417,0.716,104.342
2026,2026casnv,Week 2,2813,84.018,,,,-1.853,1.354,84.018
2026,2026casnv,Week 2,8048,76.408,,,,5.174,0.381,76.408
2026,2026casnv,Week 2,6962,74.733,,,,8.877,1.184,74.733
2026,2026casnv,Week 2,2854,52.85,,,,-0.004,1.145,52.85
2026,2026casnv,Week 2,6418,49.148,,,,4.143,0.973,49.148
2026,2026casnv,Week 2,100,42.891,,,,2.047,0.314,42.891
2026,2026casnv,Week 2,1351,38.032,,,,8.061,0.477,38.032
2026,2026casnv,Week 2,115,36.294,,,,2.109,0.72,36.294
2026,2026casnv,Week 2,1671,34.43,,,,1.826,0.812,34.43
2026,2026casnv,Week 2,5419,29.37,,,,1.744,0.787,29.37
2026,2026casnv,Week 2,7607,28.662,,,,-1.202,0.121,28.662
2026,2026casnv,Week 2,7528,28.141,,,,3.636,-0.462,28.141
2026,2026casnv,Week 2,1967,27.59,,,,8.94,0.09,27.59
2026,2026casnv,Week 2,766,26.021,,,,1.571,0.509,26.021
2026,2026casnv,Week 2,4990,21.688,,,,8.036,0.933,21.688
2026,2026casnv,Week 2,10372,20.038,,,,3.778,0.18,20.038
2026,2026casnv,Week 2,1700,18.299,,,,2.728,1.019,18.299
2026,2026casnv,Week 2,6059,18.215,,,,0.354,0.473,18.215
2026,2026casnv,Week 2,11247,13.252,,,,1.766,-0.158,13.252
2026,2026casnv,Week 2,2643,13.178,,,,5.171,0.881,13.178
2026,2026casnv,Week 2,6665,10.186,,,,1.333,-0.449,10.186
2026,2026casnv,Week 2,1854,10.168,,,,-1.197,-0.165,10.168
2026,2026casnv,Week 2,5499,3.925,,,,-2.167,0.358,3.925
2026,2026casnv,Week 2,6822,2.719,,,,4.43,-0.145,2.719
2026,2026casnv,Week 2,10644,2.63,,,,-0.042,0.012,2.63
2026,2026casnv,Week 2,8404,2.348,,,,4.298,-0.415,2.348
2026,2026casnv,Week 2,6814,-1.884,,,,0.978,1.169,-1.884
2026,2026casnv,Week 2,2367,-4.097,,,,-1.258,-0.036,-4.097
2026,2026caven,Week 2,4414,317.9,,,,1.206,3.0,317.9
2026,2026caven,Week 2,6036,149.148,,,,5.115,1.56,149.148
2026,2026caven,Week 2,973,146.089,,,,-1.296,1.663,146.089
2026,2026caven,Week 2,599,129.037,,,,2.778,1.734,129.037
2026,2026caven,Week 2,7415,124.848,,,,0.309,1.818,124.848
2026,2026caven,Week 2,1538,100.943,,,,2.906,1.378,100.943
2026,2026caven,Week 2,3512,98.294,,,,-1.397,1.609,98.294
2026,2026caven,Week 2,5199,95.388,,,,-0.832,1.695,95.388
2026,2026caven,Week 2,3501,82.083,,,,4.132,1.34,82.083
2026,2026caven,Week 2,1160,78.208,,,,3.861,1.108,78.208
2026,2026caven,Week 2,5136,76.005,,,,1.771,1.141,76.005
2026,2026caven,Week 2,6560,54.586,,,,0.619,0.575,54.586
2026,2026caven,Week 2,1388,52.979,,,,5.272,0.988,52.979
2026,2026caven,Week 2,5012,41.683,,,,-0.416,-0.092,41.683
2026,2026caven,Week 2,4711,38.645,,,,1.714,0.949,38.645
2026,2026caven,Week 2,3925,33.744,,,,-0.157,0.989,33.744
2026,2026caven,Week 2,9271,28.962,,,,1.056,0.142,28.962
2026,2026caven,Week 2,6060,28.581,,,,1.663,0.44,28.581
2026,2026caven,Week 2,11024,28.233,,,,3.788,0.446,28.233
2026,2026caven,Week 2,691,23.252,,,,-1.878,-0.033,23.252
2026,2026caven,Week 2,589,21.869,,,,-0.412,0.319,21.869
2026,2026caven,Week 2,6934,21.71,,,,0.997,1.014,21.71
2026,2026caven,Week 2,8533,20.681,,,,1.499,0.668,20.681
2026,2026caven,Week 2,10936,19.403,,,,-0.139,0.26,19.403
2026,2026caven,Week 2,5285,18.545,,,,1.623,1.486,18.545
2026,2026caven,Week 2,3309,18.059,,,,-0.352,-0.007,18.059
2026,2026caven,Week 2,8521,17.675,,,,-0.159,-0.548,17.675
2026,2026caven,Week 2,1661,9.546,,,,2.352,-0.554,9.546
2026,2026caven,Week 2,6764,8.545,,,,1.475,0.025,8.545
2026,2026caven,Week 2,9520,8.47,,,,-2.979,0.713,8.47
2026,2026caven,Week 2,7323,6.644,,,,-1.039,0.513,6.644
2026,2026caven,Week 2,22,1.82,,,,1.206,0.074,1.82
2026,2026caven,Week 2,5500,1.741,,,,-1.018,-0.322,1.741
2026,2026caven,Week 2,192,-0.314,,,,0.211,-0.097,-0.314
2026,2026caven,Week 2,5869,-7.441,,,,2.439,-0.197,-7.441
2026,2026caven,Week 2,7327,-17.81,,,,1.163,-0.215,-17.81
2026,2026orwil,Week 2,1540,195.966,,,,2.409,2.931,195.966
2026,2026orwil,Week 2,1425,130.631,,,,2.434,1.909,130.631
2026,2026orwil,Week 2,6696,98.193,,,,9.358,1.592,98.193
2026,2026orwil,Week 2,957,85.022,,,,-0.903,1.396,85.022
2026,2026orwil,Week 2,2471,84.564,,,,2.147,1.419,84.564
2026,2026orwil,Week 2,5937,81.165,,,,1.602,1.372,81.165
2026,2026orwil,Week 2,7034,69.766,,,,-1.172,1.277,69.766
2026,2026orwil,Week 2,2374,69.279,,,,4.975,2.033,69.279
2026,2026orwil,Week 2,3663,63.675,,,,1.385,0.988,63.675
2026,2026orwil,Week 2,4513,60.86,,,,-1.096,1.997,60.86
2026,2026orwil,Week 2,1595,58.089,,,,3.273,1.663,58.089
2026,2026orwil,Week 2,2990,48.022,,,,2.069,0.22,48.022
2026,2026orwil,Week 2,4488,44.581,,,,0.974,0.183,44.581
2026,2026orwil,Week 2,2550,36.185,,,,2.098,-0.347,36.185
2026,2026orwil,Week 2,2898,35.23,,,,2.791,-0.044,35.23
2026,2026orwil,Week 2,6343,24.041,,,,0.008,-0.282,24.041
2026,2026orwil,Week 2,5975,23.928,,,,4.679,-0.163,23.928
2026,2026orwil,Week 2,6831,23.315,,,,5.751,0.257,23.315
2026,2026orwil,Week 2,4043,21.252,,,,-1.137,0.244,21.252
2026,2026orwil,Week 2,2635,20.367,,,,0.549,0.471,20.367
2026,2026orwil,Week 2,9438,17.375,,,,1.971,1.092,17.375
2026,2026orwil,Week 2,2915,14.208,,,,3.53,0.016,14.208
2026,2026orwil,Week 2,847,14.117,,,,1.122,0.067,14.117
2026,2026orwil,Week 2,3673,13.671,,,,0.239,0.263,13.671
2026,2026orwil,Week 2,3024,11.497,,,,0.431,0.214,11.497
2026,2026orwil,Week 2,5970,9.967,,,,1.518,0.191,9.967
2026,2026orwil,Week 2,3636,8.953,,,,0.635,0.404,8.953
2026,2026orwil,Week 2,3574,7.417,,,,6.682,0.236,7.417
2026,2026orwil,Week 2,4662,7.345,,,,-3.27,0.25,7.345
2026,2026orwil,Week 2,9600,6.714,,,,0.847,0.266,6.714
2026,2026orwil,Week 2,9613,4.178,,,,0.457,0.054,4.178
2026,2026orwil,Week 2,10444,-3.737,,,,-0.525,-0.251,-3.737
2026,2026wasno,Week 2,2910,116.101,,,,-0.19,1.342,116.101
2026,2026wasno,Week 2,4089,114.282,,,,1.316,2.339,114.282
2026,2026wasno,Week 2,4915,96.382,,,,-3.006,2.045,96.382
2026,2026wasno,Week 2,10079,92.186,,,,-1.059,2.148,92.186
2026,2026wasno,Week 2,2522,90.178,,,,3.455,1.131,90.178
2026,2026wasno,Week 2,9036,82.533,,,,9.686,0.822,82.533
2026,2026wasno,Week 2,4512,81.216,,,,1.912,1.251,81.216
2026,2026wasno,Week 2,2930,69.197,,,,2.553,0.665,69.197
2026,2026wasno,Week 2,4682,51.529,,,,-1.243,1.197,51.529
2026,2026wasno,Week 2,488,50.56,,,,1.359,1.278,50.56
2026,2026wasno,Week 2,1778,48.937,,,,-0.868,0.854,48.937
2026,2026wasno,Week 2,7627,48.589,,,,4.45,0.367,48.589
2026,2026wasno,Week 2,8051,36.149,,,,4.95,0.588,36.149
2026,2026wasno,Week 2,3070,35.118,,,,0.777,0.524,35.118
2026,2026wasno,Week 2,9442,34.405,,,,9.025,0.671,34.405
2026,2026wasno,Week 2,3786,33.675,,,,3.246,0.979,33.675
2026,2026wasno,Week 2,1899,31.97,,,,2.34,1.118,31.97
2026,2026wasno,Week 2,3268,27.788,,,,1.377,0.244,27.788
2026,2026wasno,Week 2,3681,20.322,,,,2.959,0.899,20.322
2026,2026wasno,Week 2,2903,18.488,,,,2.206,0.081,18.488
2026,2026wasno,Week 2,9317,14.352,,,,1.383,0.866,14.352
2026,2026wasno,Week 2,4131,14.149,,,,1.94,-0.06,14.149
2026,2026wasno,Week 2,3826,8.385,,,,-1.03,0.379,8.385
2026,2026wasno,Week 2,4180,8.334,,,,-0.141,0.118,8.334
2026,2026wasno,Week 2,1294,7.523,,,,5.175,-0.094,7.523
2026,2026wasno,Week 2,3219,1.5,,,,-1.445,-0.212,1.5
2026,2026wasno,Week 2,4579,-1.213,,,,2.959,-0.334,-1.213
2026,2026wasno,Week 2,5941,-1.391,,,,-1.943,-0.407,-1.391
2026,2026wasno,Week 2,2980,-4.978,,,,3.184,-0.622,-4.978
2026,2026wasno,Week 2,4173,-8.599,,,,-2.412,-0.26,-8.599
2026,2026flor,Week 3,180,251.502,,,,-0.54,3.297,251.502
2026,2026flor,Week 3,179,157.686,,,,0.687,2.304,157.686
2026,2026flor,Week 3,8159,128.091,,,,0.435,2.303,128.091
2026,2026flor,Week 3,8817,104.472,,,,-1.137,2.017,104.472
2026,2026flor,Week 3,3932,104.135,,,,-0.466,2.168,104.135
2026,2026flor,Week 3,8841,99.144,,,,0.676,1.904,99.144
2026,2026flor,Week 3,5993,96.044,,,,-0.393,2.066,96.044
2026,2026flor,Week 3,386,82.49,,,,1.077,1.574,82.49
2026,2026flor,Week 3,801,70.959,,,,-0.406,1.731,70.959
2026,2026flor,Week 3,233,65.955,,,,4.781,2.678,65.955
2026,2026flor,Week 3,5842,59.96,,,,0.075,0.961,59.96
2026,2026flor,Week 3,8324,57.733,,,,1.48,0.782,57.733
2026,2026flor,Week 3,86,55.404,,,,-0.126,1.067,55.404
2026,2026flor,Week 3,5410,50.245,,,,-0.378,0.26,50.245
2026,2026flor,Week 3,1902,44.744,,,,1.627,1.072,44.744
2026,2026flor,Week 3,1592,44.354,,,,-0.059,0.787,44.354
2026,2026flor,Week 3,10219,42.677,,,,-0.674,-0.161,42.677
2026,2026flor,Week 3,6722,38.784,,,,0.667,-0.045,38.784
2026,2026flor,Week 3,7072,36.963,,,,-0.36,0.577,36.963
2026,2026flor,Week 3,1744,34.917,,,,-0.369,0.794,34.917
2026,2026flor,Week 3,7717,32.646,,,,1.04,0.497,32.646
2026,2026flor,Week 3,431,32.257,,,,0.907,-0.153,32.257
2026,2026flor,Week 3,1557,31.632,,,,-0.819,0.28,31.632
2026,2026flor,Week 3,9670,29.713,,,,1.264,-0.184,29.713
2026,2026flor,Week 3,9160,29.532,,,,-0.677,0.396,29.532
2026,2026flor,Week 3,6527,28.646,,,,1.366,0.202,28.646
2026,2026flor,Week 3,744,27.734,,,,0.636,1.337,27.734
2026,2026flor,Week 3,3627,27.62,,,,1.591,0.122,27.62
2026,2026flor,Week 3,4622,26.648,,,,-0.376,0.265,26.648
2026,2026flor,Week 3,8057,23.99,,,,-1.405,0.007,23.99
2026,2026flor,Week 3,7500,23.746,,,,-0.335,0.284,23.746
2026,2026flor,Week 3,11222,22.212,,,,-0.981,0.579,22.212
2026,2026flor,Week 3,6473,20.322,,,,4.149,0.449,20.322
2026,2026flor,Week 3,10211,19.645,,,,-0.489,0.302,19.645
2026,2026flor,Week 3,2152,19.253,,,,-1.013,0.653,19.253
2026,2026flor,Week 3,10323,17.823,,,,0.521,0.259,17.823
2026,2026flor,Week 3,9404,16.139,,,,0.225,0.074,16.139
2026,2026flor,Week 3,3164,16.05,,,,2.19,0.565,16.05
2026,2026flor,Week 3,11363,13.839,,,,1.231,0.074,13.839
2026,2026flor,Week 3,10981,13.828,,,,-0.454,0.329,13.828
2026,2026flor,Week 3,11103,13.295,,,,0.405,1.165,13.295
2026,2026flor,Week 3,4024,12.037,,,,2.712,0.324,12.037
2026,2026flor,Week 3,10017,11.982,,,,0.955,-0.647,11.982
2026,2026flor,Week 3,9728,11.969,,,,0.744,0.707,11.969
2026,2026flor,Week 3,6322,9.406,,,,0.136,0.522,9.406
2026,2026flor,Week 3,5816,9.192,,,,0.139,1.094,9.192
2026,2026flor,Week 3,11282,6.192,,,,1.173,0.307,6.192
2026,2026flor,Week 3,79,4.799,,,,-0.092,-0.252,4.799
2026,2026flor,Week 3,21,4.392,,,,-1.309,-0.493,4.392
2026,2026flor,Week 3,9750,2.305,,,,1.179,0.478,2.305
2026,2026flor,Week 3,11097,-0.646,,,,1.656,0.509,-0.646
2026,2026flor,Week 3,1523,-1.363,,,,1.151,0.171,-1.363
2026,2026flor,Week 3,9300,-2.673,,,,-0.342,-0.501,-2.673
2026,2026flor,Week 3,2797,-6.461,,,,-0.17,0.005,-6.461
2026,2026flor,Week 3,10650,-8.934,,,,0.265,-0.085,-8.934
2026,2026flor,Week 3,7431,-11.826,,,,0.673,-0.299,-11.826
2026,2026flor,Week 3,5145,-18.667,,,,3.469,-0.748,-18.667
2026,2026flor,Week 3,10228,-19.079,,,,1.041,0.242,-19.079
2026,2026nyli2,Week 3,5736,273.649,,,,10.162,2.99,273.649
2026,2026nyli2,Week 3,8267,118.641,,,,2.361,1.301,118.641
2026,2026nyli2,Week 3,870,115.604,,,,1.477,2.113,115.604
2026,2026nyli2,Week 3,287,105.64,,,,5.044,1.943,105.64
2026,2026nyli2,Week 3,263,90.14,,,,3.87,1.118,90.14
2026,2026nyli2,Week 3,810,85.995,,,,-0.301,1.208,85.995
2026,2026nyli2,Week 3,2872,81.087,,,,2.111,1.739,81.087
2026,2026nyli2,Week 3,353,73.151,,,,8.276,1.576,73.151
2026,2026nyli2,Week 3,2638,64.207,,,,0.765,1.524,64.207
2026,2026nyli2,Week 3,1880,60.329,,,,4.327,1.401,60.329
2026,2026nyli2,Week 3,6423,55.855,,,,2.302,1.083,55.855
2026,2026nyli2,Week 3,496,55.627,,,,0.528,1.349,55.627
2026,2026nyli2,Week 3,1468,55.428,,,,5.24,1.4,55.428
2026,2026nyli2,Week 3,1554,50.306,,,,2.325,1.345,50.306
2026,2026nyli2,Week 3,1546,48.935,,,,2.393,1.207,48.935
2026,2026nyli2,Week 3,3624,45.333,,,,14.719,0.133,45.333
2026,2026nyli2,Week 3,9016,44.245,,,,-0.449,0.003,44.245
2026,2026nyli2,Week 3,11030,43.758,,,,-1.678,0.695,43.758
2026,2026nyli2,Week 3,4458,43.746,,,,-1.047,1.531,43.746
2026,2026nyli2,Week 3,3137,33.773,,,,-0.466,-0.131,33.773
2026,2026nyli2,Week 3,3950,32.765,,,,4.179,0.771,32.765
2026,2026nyli2,Week 3,358,30.998,,,,-2.591,0.737,30.998
2026,2026nyli2,Week 3,871,29.95,,,,3.676,0.691,29.95
2026,2026nyli2,Week 3,5016,29.063,,,,-1.211,-0.427,29.063
2026,2026nyli2,Week 3,533,28.867,,,,4.938,0.466,28.867
2026,2026nyli2,Week 3,884,27.35,,,,0.478,0.439,27.35
2026,2026nyli2,Week 3,28,25.136,,,,3.711,0.939,25.136
2026,2026nyli2,Week 3,2487,24.893,,,,-0.939,-0.145,24.893
2026,2026nyli2,Week 3,1803,23.472,,,,3.045,0.671,23.472
2026,2026nyli2,Week 3,2875,22.984,,,,-2.865,0.184,22.984
2026,2026nyli2,Week 3,2027,22.073,,,,12.288,0.017,22.073
2026,2026nyli2,Week 3,10621,21.841,,,,3.515,0.787,21.841
2026,2026nyli2,Week 3,2347,21.573,,,,12.897,0.579,21.573
2026,2026nyli2,Week 3,329,21.283,,,,2.605,1.023,21.283
2026,2026nyli2,Week 3,564,20.473,,,,0.212,0.394,20.473
2026,2026nyli2,Week 3,806,19.474,,,,-1.257,0.374,19.474
2026,2026nyli2,Week 3,545,19.356,,,,-0.103,0.66,19.356
2026,2026nyli2,Week 3,6806,18.05,,,,-1.049,-0.215,18.05
2026,2026nyli2,Week 3,4567,15.185,,,,3.66,-0.132,15.185
2026,2026nyli2,Week 3,527,14.847,,,,1.87,0.349,14.847
2026,2026nyli2,Week 3,2869,7.254,,,,-2.089,-0.283,7.254
2026,2026nyli2,Week 3,9646,6.808,,,,-1.133,0.389,6.808
2026,2026nyli2,Week 3,601,5.796,,,,0.74,-0.594,5.796
2026,2026nyli2,Week 3,2161,4.367,,,,0.733,0.337,4.367
2026,2026nyli2,Week 3,7673,-1.726,,,,4.899,-0.086,-1.726
2026,2026nyli2,Week 3,3171,-7.45,,,,2.244,-0.601,-7.45
2026,2026nyli2,Week 3,514,-12.992,,,,-3.409,-0.383,-12.992
2026,2026nyli2,Week 3,569,-19.25,,,,-1.006,-0.137,-19.25
2026,2026nysu,Week 3,1796,198.15,,,,10.357,2.565,198.15
2026,2026nysu,Week 3,10213,158.563,,,,6.868,2.477,158.563
2026,2026nysu,Week 3,2053,119.069,,,,3.493,2.254,119.069
2026,2026nysu,Week 3,10922,82.058,,,,1.127,2.242,82.058
2026,2026nysu,Week 3,9077,73.857,,,,3.594,1.803,73.857
2026,2026nysu,Week 3,10262,71.734,,,,0.643,1.318,71.734
2026,2026nysu,Week 3,1056,68.207,,,,-0.949,0.91,68.207
2026,2026nysu,Week 3,6593,64.857,,,,-0.67,1.031,64.857
2026,2026nysu,Week 3,7504,58.033,,,,2.884,1.083,58.033
2026,2026nysu,Week 3,3419,54.489,,,,3.247,0.704,54.489
2026,2026nysu,Week 3,6621,52.739,,,,-1.11,0.207,52.739
2026,2026nysu,Week 3,4122,51.983,,,,0.349,1.417,51.983
2026,2026nysu,Week 3,2601,50.915,,,,1.347,1.033,50.915
2026,2026nysu,Week 3,10413,48.818,,,,-0.346,0.661,48.818
2026,2026nysu,Week 3,6911,47.198,,,,6.087,0.632,47.198
2026,2026nysu,Week 3,7611,46.285,,,,1.913,1.261,46.285
2026,2026nysu,Week 3,369,43.314,,,,3.388,-0.22,43.314
2026,2026nysu,Week 3,333,39.256,,,,5.116,0.61,39.256
2026,2026nysu,Week 3,6300,35.619,,,,0.571,1.333,35.619
2026,2026nysu,Week 3,4091,34.869,,,,-3.123,0.949,34.869
2026,2026nysu,Week 3,2791,33.734,,,,-0.105,0.609,33.734
2026,2026nysu,Week 3,10152,33.058,,,,-1.452,0.643,33.058
2026,2026nysu,Week 3,7748,32.346,,,,0.607,0.382,32.346
2026,2026nysu,Week 3,7589,31.712,,,,-1.915,-0.195,31.712
2026,2026nysu,Week 3,10229,29.556,,,,10.599,0.411,29.556
2026,2026nysu,Week 3,2265,28.603,,,,2.854,0.71,28.603
2026,2026nysu,Week 3,5806,26.455,,,,5.091,1.002,26.455
2026,2026nysu,Week 3,11339,26.391,,,,5.453,0.478,26.391
2026,2026nysu,Week 3,1155,22.484,,,,8.344,0.473,22.484
2026,2026nysu,Week 3,6463,21.738,,,,-2.991,-0.018,21.738
2026,2026nysu,Week 3,7730,18.407,,,,1.199,-0.35,18.407
2026,2026nysu,Week 3,9636,18.332,,,,1.971,0.126,18.332
2026,2026nysu,Week 3,7318,18.033,,,,1.515,-0.019,18.033
2026,2026nysu,Week 3,639,17.483,,,,-0.934,0.802,17.483
2026,2026nysu,Week 3,3004,17.416,,,,0.529,-0.411,17.416
2026,2026nysu,Week 3,250,16.593,,,,5.719,0.508,16.593
2026,2026nysu,Week 3,6401,14.198,,,,2.044,0.311,14.198
2026,2026nysu,Week 3,5298,14.163,,,,0.455,0.079,14.163
2026,2026nysu,Week 3,5123,9.692,,,,3.221,0.067,9.692
2026,2026nysu,Week 3,395,7.897,,,,-1.849,-0.223,7.897
2026,2026nysu,Week 3,7759,2.311,,,,1.765,0.641,2.311
2026,2026nysu,Week 3,5881,1.635,,,,4.601,1.342,1.635
2026,2026nysu,Week 3,6969,-0.372,,,,1.304,-0.587,-0.372
2026,2026nysu,Week 3,7718,-0.69,,,,-2.699,0.054,-0.69
2026,2026nysu,Week 3,7668,-2.592,,,,-0.154,0.27,-2.592
2026,2026nysu,Week 3,10452,-3.467,,,,0.567,-0.365,-3.467
2026,2026nysu,Week 3,11331,-3.97,,,,-1.431,0.212,-3.97
2026,2026nysu,Week 3,3204,-10.864,,,,0.907,-0.324,-10.864
2026,2026ohcl,Week 3,27,303.312,,,,0.405,3.568,303.312
2026,2026ohcl,Week 3,695,238.237,,,,3.68,2.983,238.237
2026,2026ohcl,Week 3,4611,177.168,,,,4.163,2.685,177.168
2026,2026ohcl,Week 3,1507,151.937,,,,12.366,2.11,151.937
2026,2026ohcl,Week 3,2252,103.219,,,,7.059,1.77,103.219
2026,2026ohcl,Week 3,2399,102.975,,,,2.551,1.852,102.975
2026,2026ohcl,Week 3,4145,87.419,,,,4.153,1.394,87.419
2026,2026ohcl,Week 3,8393,66.008,,,,-1.578,0.317,66.008
2026,2026ohcl,Week 3,4121,57.08,,,,1.442,0.973,57.08
2026,2026ohcl,Week 3,3201,56.502,,,,2.128,1.819,56.502
2026,2026ohcl,Week 3,2172,45.413,,,,2.358,0.815,45.413
2026,2026ohcl,Week 3,291,44.777,,,,-2.97,1.654,44.777
2026,2026ohcl,Week 3,1014,42.053,,,,0.14,0.762,42.053
2026,2026ohcl,Week 3,2603,41.972,,,,8.971,0.25,41.972
2026,2026ohcl,Week 3,5413,33.853,,,,0.594,0.066,33.853
2026,2026ohcl,Week 3,120,33.55,,,,0.177,0.222,33.55
2026,2026ohcl,Week 3,9767,33.469,,,,3.846,0.832,33.469
2026,2026ohcl,Week 3,3777,31.036,,,,1.028,0.089,31.036
2026,2026ohcl,Week 3,9075,29.617,,,,-0.244,1.091,29.617
2026,2026ohcl,Week 3,8718,29.126,,,,12.46,0.523,29.126
2026,2026ohcl,Week 3,9194,28.556,,,,8.073,0.188,28.556
2026,2026ohcl,Week 3,1308,26.549,,,,1.089,0.327,26.549
2026,2026ohcl,Week 3,8222,26.258,,,,6.952,0.225,26.258
2026,2026ohcl,Week 3,10011,26.257,,,,-3.328,0.219,26.257
2026,2026ohcl,Week 3,6834,23.701,,,,-1.069,0.069,23.701
2026,2026ohcl,Week 3,10207,23.07,,,,1.769,-0.203,23.07
2026,2026ohcl,Week 3,10208,22.015,,,,0.813,0.624,22.015
2026,2026ohcl,Week 3,8713,21.154,,,,0.815,0.382,21.154
2026,2026ohcl,Week 3,4085,20.785,,,,1.704,0.299,20.785
2026,2026ohcl,Week 3,3193,18.602,,,,-0.725,0.016,18.602
2026,2026ohcl,Week 3,8145,18.232,,,,-1.982,0.344,18.232
2026,2026ohcl,Week 3,5811,15.56,,,,3.323,0.015,15.56
2026,2026ohcl,Week 3,7165,15.376,,,,-1.562,0.249,15.376
2026,2026ohcl,Week 3,9643,15.274,,,,6.747,0.388,15.274
2026,2026ohcl,Week 3,8243,14.798,,,,-0.963,0.041,14.798
2026,2026ohcl,Week 3,6916,11.202,,,,-0.755,0.187,11.202
2026,2026ohcl,Week 3,7885,5.95,,,,0.556,0.067,5.95
2026,2026ohcl,Week 3,9622,4.054,,,,5.514,0.275,4.054
2026,2026ohcl,Week 3,8140,-2.522,,,,0.722,-1.066,-2.522
2026,2026ohcl,Week 3,6936,-15.043,,,,-1.415,-0.162,-15.043
2026,2026ohcl,Week 3,6964,-18.505,,,,-3.152,0.029,-18.505
2026,2026paca,Week 3,3015,247.302,,,,-1.293,2.679,247.302
2026,2026paca,Week 3,4028,196.192,,,,0.681,2.206,196.192
2026,2026paca,Week 3,340,191.073,,,,1.777,2.486,191.073
2026,2026paca,Week 3,3990,145.4,,,,1.159,1.79,145.4
2026,2026paca,Week 3,9406,140.266,,,,5.549,2.114,140.266
2026,2026paca,Week 3,117,133.462,,,,4.211,0.84,133.462
2026,2026paca,Week 3,4027,115.592,,,,0.453,1.499,115.592
2026,2026paca,Week 3,3173,109.412,,,,2.156,1.655,109.412
2026,2026paca,Week 3,1511,97.373,,,,-0.019,1.942,97.373
2026,2026paca,Week 3,4467,88.697,,,,7.447,0.868,88.697
2026,2026paca,Week 3,5740,72.402,,,,-2.791,1.494,72.402
2026,2026paca,Week 3,9022,68.792,,,,-0.227,-0.01,68.792
2026,2026paca,Week 3,4269,62.552,,,,0.978,1.881,62.552
2026,2026paca,Week 3,3260,55.694,,,,-1.016,0.3,55.694
2026,2026paca,Week 3,9653,49.189,,,,-1.351,1.366,49.189
2026,2026paca,Week 3,2614,48.898,,,,4.825,0.042,48.898
2026,2026paca,Week 3,709,46.11,,,,-1.425,0.261,46.11
2026,2026paca,Week 3,1708,44.598,,,,1.962,1.185,44.598
2026,2026paca,Week 3,2010,41.708,,,,-0.679,0.533,41.708
2026,2026paca,Week 3,2656,41.047,,,,-0.797,1.557,41.047
2026,2026paca,Week 3,10513,39.799,,,,2.888,1.273,39.799
2026,2026paca,Week 3,3484,35.938,,,,0.935,0.734,35.938
2026,2026paca,Week 3,63,33.016,,,,-1.153,0.551,33.016
2026,2026paca,Week 3,451,31.484,,,,1.248,0.069,31.484
2026,2026paca,Week 3,1601,28.767,,,,-1.966,0.655,28.767
2026,2026paca,Week 3,8705,28.534,,,,-1.093,-0.307,28.534
2026,2026paca,Week 3,10516,27.691,,,,4.413,-0.032,27.691
2026,2026paca,Week 3,10512,27.598,,,,-1.562,0.492,27.598
2026,2026paca,Week 3,2234,26.321,,,,-1.803,0.427,26.321
2026,2026paca,Week 3,6032,25.007,,,,-1.789,0.172,25.007
2026,2026paca,Week 3,9415,24.747,,,,-0.788,0.582,24.747
2026,2026paca,Week 3,4991,23.464,,,,0.439,0.286,23.464
2026,2026paca,Week 3,9475,22.566,,,,2.93,0.135,22.566
2026,2026paca,Week 3,1317,21.284,,,,0.026,-0.579,21.284
2026,2026paca,Week 3,1816,21.276,,,,0.424,1.25,21.276
2026,2026paca,Week 3,4150,19.017,,,,1.256,0.128,19.017
2026,2026paca,Week 3,5667,15.049,,,,2.371,0.618,15.049
2026,2026paca,Week 3,9642,14.59,,,,2.066,0.879,14.59
2026,2026paca,Week 3,3504,13.532,,,,1.711,0.837,13.532
2026,2026paca,Week 3,7274,13.137,,,,0.082,0.16,13.137
2026,2026paca,Week 3,7515,12.507,,,,0.244,0.792,12.507
2026,2026paca,Week 3,10517,11.907,,,,3.346,0.55,11.907
2026,2026paca,Week 3,2095,9.502,,,,2.41,0.458,9.502
2026,2026paca,Week 3,10582,5.518,,,,1.018,-0.143,5.518
2026,2026paca,Week 3,2641,5.203,,,,-0.013,-0.024,5.203
2026,2026paca,Week 3,11456,4.47,,,,-0.283,0.111,4.47
2026,2026paca,Week 3,4050,1.982,,,,4.084,-1.11,1.982
2026,2026paca,Week 3,10300,-7.736,,,,-0.132,0.34,-7.736
2026,2026paca,Week 3,3324,-7.799,,,,-1.115,-0.42,-7.799
2026,2026paca,Week 3,10515,-23.689,,,,2.669,-0.799,-23.689
2026,2026tnkn,Week 3,4020,181.687,,,,-0.307,3.048,181.687
2026,2026tnkn,Week 3,4065,144.557,,,,1.251,2.497,144.557
2026,2026tnkn,Week 3,6517,143.743,,,,15.299,2.698,143.743
2026,2026tnkn,Week 3,2783,138.036,,,,-0.044,1.609,138.036
2026,2026tnkn,Week 3,2393,93.826,,,,-1.716,1.017,93.826
2026,2026tnkn,Week 3,4674,93.354,,,,-1.673,1.506,93.354
2026,2026tnkn,Week 3,3102,91.478,,,,2.154,1.507,91.478
2026,2026tnkn,Week 3,3492,81.857,,,,2.253,2.742,81.857
2026,2026tnkn,Week 3,3966,61.095,,,,0.115,1.613,61.095
2026,2026tnkn,Week 3,4013,58.329,,,,-2.866,1.736,58.329
2026,2026tnkn,Week 3,7525,54.172,,,,2.166,0.619,54.172
2026,2026tnkn,Week 3,379,49.717,,,,-1.066,0.82,49.717
2026,2026tnkn,Week 3,1038,49.007,,,,-1.285,0.207,49.007
2026,2026tnkn,Week 3,4504,44.987,,,,3.466,0.8,44.987
2026,2026tnkn,Week 3,4576,41.729,,,,0.992,0.996,41.729
2026,2026tnkn,Week 3,7111,36.244,,,,-2.852,0.733,36.244
2026,2026tnkn,Week 3,9668,35.716,,,,-2.131,0.708,35.716
2026,2026tnkn,Week 3,1466,31.759,,,,-1.581,1.117,31.759
2026,2026tnkn,Week 3,5492,27.544,,,,-3.077,0.336,27.544
2026,2026tnkn,Week 3,11337,27.148,,,,-0.642,0.71,27.148
2026,2026tnkn,Week 3,2856,26.932,,,,16.432,0.543,26.932
2026,2026tnkn,Week 3,3959,26.607,,,,-0.352,0.674,26.607
2026,2026tnkn,Week 3,7917,25.534,,,,7.042,0.723,25.534
2026,2026tnkn,Week 3,3140,24.153,,,,2.66,-0.28,24.153
2026,2026tnkn,Week 3,3824,23.996,,,,-1.01,0.518,23.996
2026,2026tnkn,Week 3,9097,23.597,,,,1.152,0.144,23.597
2026,2026tnkn,Week 3,3138,18.58,,,,-0.656,0.278,18.58
2026,2026tnkn,Week 3,3814,18.476,,,,1.285,0.519,18.476
2026,2026tnkn,Week 3,1445,18.179,,,,3.7,0.556,18.179
2026,2026tnkn,Week 3,7516,17.843,,,,-3.038,0.364,17.843
2026,2026tnkn,Week 3,8778,16.853,,,,4.386,0.204,16.853
2026,2026tnkn,Week 3,5276,16.584,,,,1.34,-0.784,16.584
2026,2026tnkn,Week 3,10137,16.117,,,,-0.118,0.41,16.117
2026,2026tnkn,Week 3,4265,14.862,,,,0.087,-0.011,14.862
2026,2026tnkn,Week 3,11275,13.323,,,,0.275,-0.137,13.323
2026,2026tnkn,Week 3,7428,12.405,,,,4.569,-0.297,12.405
2026,2026tnkn,Week 3,9152,11.664,,,,-0.464,0.24,11.664
2026,2026tnkn,Week 3,4630,8.389,,,,2.398,-0.148,8.389
2026,2026tnkn,Week 3,3984,8.034,,,,2.916,-0.174,8.034
2026,2026tnkn,Week 3,6774,7.844,,,,-3.135,0.105,7.844
2026,2026tnkn,Week 3,5744,6.087,,,,-3.052,-0.205,6.087
2026,2026tnkn,Week 3,3843,2.981,,,,-2.255,0.631,2.981
2026,2026tnkn,Week 3,6302,2.075,,,,16.27,0.489,2.075
2026,2026tnkn,Week 3,1369,0.156,,,,0.23,-0.345,0.156
2026,2026tnkn,Week 3,547,-5.104,,,,-4.001,-0.263,-5.104
2026,2026tnkn,Week 3,3821,-9.705,,,,-0.767,-0.432,-9.705
2026,2026arli,Week 3,4499,227.336,,,,3.255,3.129,227.336
2026,2026arli,Week 3,4522,216.596,,,,2.193,2.372,216.596
2026,2026arli,Week 3,3937,142.454,,,,0.636,2.108,142.454
2026,2026arli,Week 3,4766,122.693,,,,0.034,1.575,122.693
2026,2026arli,Week 3,6647,114.656,,,,0.191,0.573,114.656
2026,2026arli,Week 3,16,93.995,,,,0.025,1.4,93.995
2026,2026arli,Week 3,5472,88.919,,,,-0.564,1.253,88.919
2026,2026arli,Week 3,2036,55.141,,,,-0.772,0.172,55.141
2026,2026arli,Week 3,5454,53.992,,,,1.419,1.173,53.992
2026,2026arli,Week 3,9067,42.865,,,,0.367,0.672,42.865
2026,2026arli,Week 3,3184,38.483,,,,1.717,0.484,38.483
2026,2026arli,Week 3,8753,31.67,,,,1.108,0.809,31.67
2026,2026arli,Week 3,3468,29.082,,,,1.446,0.33,29.082
2026,2026arli,Week 3,6424,25.602,,,,1.203,1.314,25.602
2026,2026arli,Week 3,2341,20.903,,,,-1.222,0.361,20.903
2026,2026arli,Week 3,127,18.705,,,,-0.196,0.265,18.705
2026,2026arli,Week 3,7255,13.319,,,,0.919,0.096,13.319
2026,2026arli,Week 3,7483,12.201,,,,5.153,0.524,12.201
2026,2026arli,Week 3,4603,10.255,,,,-0.59,-0.184,10.255
2026,2026arli,Week 3,1209,9.401,,,,1.212,-0.31,9.401
2026,2026arli,Week 3,9073,6.313,,,,0.88,0.486,6.313
2026,2026arli,Week 3,4764,0.072,,,,-1.022,-0.381,0.072
2026,2026arli,Week 3,5437,-0.817,,,,-1.505,-0.53,-0.817
2026,2026arli,Week 3,6186,-4.202,,,,0.5,0.237,-4.202
2026,2026arli,Week 3,11102,-4.303,,,,1.112,0.322,-4.303
2026,2026ilpe,Week 3,2481,296.054,,,,0.951,3.522,296.054
2026,2026ilpe,Week 3,4143,180.946,,,,9.318,2.667,180.946
2026,2026ilpe,Week 3,1756,165.591,,,,-0.311,2.17,165.591
2026,2026ilpe,Week 3,2040,115.316,,,,-0.903,2.209,115.316
2026,2026ilpe,Week 3,1625,102.654,,,,1.107,1.336,102.654
2026,2026ilpe,Week 3,2861,91.086,,,,-0.897,1.271,91.086
2026,2026ilpe,Week 3,8020,88.189,,,,2.475,1.048,88.189
2026,2026ilpe,Week 3,6237,73.564,,,,0.184,0.316,73.564
2026,2026ilpe,Week 3,9082,71.714,,,,0.623,0.929,71.714
2026,2026ilpe,Week 3,4096,70.403,,,,0.696,0.831,70.403
2026,2026ilpe,Week 3,4655,65.68,,,,4.26,1.28,65.68
2026,2026ilpe,Week 3,4213,47.498,,,,3.437,0.619,47.498
2026,2026ilpe,Week 3,8096,44.551,,,,3.325,0.445,44.551
2026,2026ilpe,Week 3,3067,44.173,,,,0.155,1.121,44.173
2026,2026ilpe,Week 3,2022,40.936,,,,2.966,0.087,40.936
2026,2026ilpe,Week 3,7848,40.625,,,,4.449,0.544,40.625
2026,2026ilpe,Week 3,4423,40.595,,,,-3.49,0.598,40.595
2026,2026ilpe,Week 3,5442,36.568,,,,9.195,0.808,36.568
2026,2026ilpe,Week 3,1736,32.52,,,,6.9,0.214,32.52
2026,2026ilpe,Week 3,4645,30.858,,,,-3.029,-0.191,30.858
2026,2026ilpe,Week 3,4787,27.826,,,,2.292,-0.042,27.826
2026,2026ilpe,Week 3,648,27.126,,,,3.832,-0.264,27.126
2026,2026ilpe,Week 3,6651,26.993,,,,-2.314,0.558,26.993
2026,2026ilpe,Week 3,3284,26.633,,,,3.079,0.504,26.633
2026,2026ilpe,Week 3,3488,22.579,,,,-0.548,0.756,22.579
2026,2026ilpe,Week 3,8029,20.522,,,,1.077,0.344,20.522
2026,2026ilpe,Week 3,7417,19.125,,,,3.642,-0.021,19.125
2026,2026ilpe,Week 3,4156,11.828,,,,5.332,-0.255,11.828
2026,2026ilpe,Week 3,7472,8.247,,,,-2.114,0.504,8.247
2026,2026ilpe,Week 3,8719,6.157,,,,-2.829,0.08,6.157
2026,2026ilpe,Week 3,2039,-1.222,,,,5.473,-0.152,-1.222
2026,2026ksla,Week 3,1987,225.705,,,,7.845,2.872,225.705
2026,2026ksla,Week 3,1986,159.301,,,,5.469,2.682,159.301
2026,2026ksla,Week 3,9126,103.435,,,,2.262,1.761,103.435
2026,2026ksla,Week 3,1730,80.547,,,,2.226,1.876,80.547
2026,2026ksla,Week 3,9551,78.36,,,,-0.08,1.455,78.36
2026,2026ksla,Week 3,2357,76.678,,,,0.678,0.731,76.678
2026,2026ksla,Week 3,5268,75.534,,,,12.636,1.496,75.534
2026,2026ksla,Week 3,9410,73.398,,,,5.87,1.068,73.398
2026,2026ksla,Week 3,1810,69.531,,,,-0.729,1.154,69.531
2026,2026ksla,Week 3,5126,68.625,,,,4.811,1.126,68.625
2026,2026ksla,Week 3,5801,65.728,,,,4.092,1.54,65.728
2026,2026ksla,Week 3,2345,56.887,,,,-2.092,1.635,56.887
2026,2026ksla,Week 3,9316,47.76,,,,8.601,1.104,47.76
2026,2026ksla,Week 3,4959,47.402,,,,2.996,0.803,47.402
2026,2026ksla,Week 3,1802,46.742,,,,-0.373,1.262,46.742
2026,2026ksla,Week 3,4418,43.115,,,,0.191,0.717,43.115
2026,2026ksla,Week 3,5189,38.913,,,,-0.888,-0.305,38.913
2026,2026ksla,Week 3,1723,32.086,,,,6.237,0.694,32.086
2026,2026ksla,Week 3,757,31.087,,,,3.931,0.714,31.087
2026,2026ksla,Week 3,4809,28.31,,,,-1.259,0.785,28.31
2026,2026ksla,Week 3,935,26.478,,,,-1.75,0.41,26.478
2026,2026ksla,Week 3,1825,24.306,,,,1.559,-0.215,24.306
2026,2026ksla,Week 3,1769,22.028,,,,1.122,0.203,22.028
2026,2026ksla,Week 3,9445,21.817,,,,-1.49,-0.102,21.817
2026,2026ksla,Week 3,5098,20.47,,,,-0.5,-0.107,20.47
2026,2026ksla,Week 3,5119,19.902,,,,-1.086,0.586,19.902
2026,2026ksla,Week 3,2410,18.624,,,,2.476,-0.218,18.624
2026,2026ksla,Week 3,1775,17.616,,,,3.436,0.305,17.616
2026,2026ksla,Week 3,5147,17.615,,,,-4.913,0.625,17.615
2026,2026ksla,Week 3,5141,16.778,,,,3.528,1.058,16.778
2026,2026ksla,Week 3,1764,9.601,,,,1.696,0.411,9.601
2026,2026ksla,Week 3,10682,8.204,,,,0.261,-0.23,8.204
2026,2026ksla,Week 3,937,6.736,,,,-0.026,-0.155,6.736
2026,2026ksla,Week 3,1763,5.11,,,,-1.489,-0.181,5.11
2026,2026ksla,Week 3,10453,2.58,,,,1.323,0.343,2.58
2026,2026ksla,Week 3,6843,2.225,,,,-4.435,0.195,2.225
2026,2026ksla,Week 3,1847,1.922,,,,1.253,0.218,1.922
2026,2026ksla,Week 3,2457,0.271,,,,2.934,-0.885,0.271
2026,2026ksla,Week 3,8825,-2.141,,,,-2.863,0.26,-2.141
2026,2026ksla,Week 3,5013,-3.037,,,,-0.957,-0.101,-3.037
2026,2026ksla,Week 3,1994,-7.634,,,,0.13,0.037,-7.634
2026,2026mslr,Week 3,4400,189.411,,,,8.891,2.698,189.411
2026,2026mslr,Week 3,8044,165.936,,,,2.565,2.267,165.936
2026,2026mslr,Week 3,4087,124.649,,,,-1.38,2.133,124.649
2026,2026mslr,Week 3,6184,98.613,,,,2.406,1.47,98.613
2026,2026mslr,Week 3,2183,90.098,,,,3.647,2.108,90.098
2026,2026mslr,Week 3,2992,87.084,,,,0.154,1.523,87.084
2026,2026mslr,Week 3,10661,86.536,,,,1.339,1.259,86.536
2026,2026mslr,Week 3,3039,85.149,,,,0.138,1.46,85.149
2026,2026mslr,Week 3,2556,82.841,,,,0.794,1.622,82.841
2026,2026mslr,Week 3,8808,68.141,,,,6.116,0.581,68.141
2026,2026mslr,Week 3,1912,67.117,,,,-2.21,1.784,67.117
2026,2026mslr,Week 3,3753,60.566,,,,0.646,1.835,60.566
2026,2026mslr,Week 3,364,57.767,,,,1.949,1.219,57.767
2026,2026mslr,Week 3,456,57.231,,,,3.726,0.483,57.231
2026,2026mslr,Week 3,6998,52.984,,,,-0.495,1.011,52.984
2026,2026mslr,Week 3,3616,52.261,,,,3.755,0.544,52.261
2026,2026mslr,Week 3,4336,42.71,,,,0.999,1.559,42.71
2026,2026mslr,Week 3,9405,38.892,,,,4.188,-0.585,38.892
2026,2026mslr,Week 3,1927,26.654,,,,3.539,0.817,26.654
2026,2026mslr,Week 3,10961,26.629,,,,4.276,-0.013,26.629
2026,2026mslr,Week 3,7094,26.613,,,,0.844,0.515,26.613
2026,2026mslr,Week 3,590,26.207,,,,2.523,-0.366,26.207
2026,2026mslr,Week 3,2221,22.926,,,,0.429,0.638,22.926
2026,2026mslr,Week 3,5045,22.383,,,,9.128,1.046,22.383
2026,2026mslr,Week 3,10655,21.247,,,,-5.022,0.858,21.247
2026,2026mslr,Week 3,1421,19.519,,,,3.234,-0.312,19.519
2026,2026mslr,Week 3,9503,17.848,,,,4.606,0.352,17.848
2026,2026mslr,Week 3,11265,17.717,,,,6.86,0.003,17.717
2026,2026mslr,Week 3,10217,17.679,,,,1.673,0.568,17.679
2026,2026mslr,Week 3,10309,16.524,,,,4.74,0.215,16.524
2026,2026mslr,Week 3,9734,14.805,,,,1.526,-0.044,14.805
2026,2026mslr,Week 3,11343,14.43,,,,1.438,-0.39,14.43
2026,2026mslr,Week 3,10929,13.463,,,,-1.369,-0.036,13.463
2026,2026mslr,Week 3,538,12.376,,,,-1.211,-0.598,12.376
2026,2026mslr,Week 3,3606,10.312,,,,5.258,-0.043,10.312
2026,2026mslr,Week 3,11107,8.555,,,,1.93,-0.752,8.555
2026,2026mslr,Week 3,4107,6.309,,,,-1.365,0.574,6.309
2026,2026mslr,Week 3,10101,5.645,,,,2.043,0.587,5.645
2026,2026mslr,Week 3,10943,4.605,,,,-1.389,-0.047,4.605
2026,2026mslr,Week 3,9153,3.723,,,,-1.033,0.407,3.723
2026,2026mslr,Week 3,7474,2.013,,,,-2.584,0.128,2.013
2026,2026mslr,Week 3,11287,1.989,,,,0.507,-0.006,1.989
2026,2026mslr,Week 3,11345,1.033,,,,1.221,0.245,1.033
2026,2026mslr,Week 3,5863,0.584,,,,0.974,0.118,0.584
2026,2026mslr,Week 3,9717,-0.418,,,,6.761,0.057,-0.418
2026,2026mslr,Week 3,9309,-3.689,,,,2.678,0.954,-3.689
2026,2026gacol,Week 3,2974,183.662,,,,1.927,2.963,183.662
2026,2026gacol,Week 3,6829,101.051,,,,0.295,1.835,101.051
2026,2026gacol,Week 3,4026,96.908,,,,1.39,1.669,96.908
2026,2026gacol,Week 3,4188,93.424,,,,-0.473,2.297,93.424
2026,2026gacol,Week 3,6772,59.949,,,,5.31,0.236,59.949
2026,2026gacol,Week 3,6925,53.481,,,,-0.131,0.919,53.481
2026,2026gacol,Week 3,3635,42.916,,,,-1.849,0.817,42.916
2026,2026gacol,Week 3,832,41.701,,,,-0.125,1.982,41.701
2026,2026gacol,Week 3,1414,38.755,,,,-1.106,0.595,38.755
2026,2026gacol,Week 3,9480,33.877,,,,-1.224,0.967,33.877
2026,2026gacol,Week 3,6887,33.05,,,,0.34,0.052,33.05
2026,2026gacol,Week 3,3329,32.074,,,,-0.113,0.955,32.074
2026,2026gacol,Week 3,7451,30.721,,,,5.351,0.807,30.721
2026,2026gacol,Week 3,10376,25.503,,,,2.159,0.276,25.503
2026,2026gacol,Week 3,9770,25.494,,,,2.86,-0.269,25.494
2026,2026gacol,Week 3,5608,24.098,,,,4.11,0.48,24.098
2026,2026gacol,Week 3,5900,21.725,,,,-0.045,0.737,21.725
2026,2026gacol,Week 3,4112,17.907,,,,-0.192,0.446,17.907
2026,2026gacol,Week 3,3815,16.263,,,,3.13,-0.117,16.263
2026,2026gacol,Week 3,4240,12.733,,,,0.104,-0.48,12.733
2026,2026gacol,Week 3,4468,12.361,,,,-1.38,-0.235,12.361
2026,2026gacol,Week 3,9086,9.719,,,,1.325,0.485,9.719
2026,2026gacol,Week 3,7104,8.342,,,,1.228,0.977,8.342
2026,2026gacol,Week 3,9582,6.27,,,,-1.97,-0.279,6.27
2026,2026gacol,Week 3,4459,4.049,,,,-1.259,0.095,4.049
2026,2026gacol,Week 3,5828,3.495,,,,-1.169,0.391,3.495
2026,2026gacol,Week 3,3344,2.94,,,,0.719,0.189,2.94
2026,2026gacol,Week 3,7676,1.287,,,,1.833,-0.248,1.287
2026,2026gacol,Week 3,9057,-4.921,,,,5.203,-0.21,-4.921
2026,2026mibel,Week 3,3656,167.247,,,,0.528,2.805,167.247
2026,2026mibel,Week 3,3641,156.397,,,,1.85,2.663,156.397
2026,2026mibel,Week 3,4391,119.389,,,,-1.423,1.906,119.389
2026,2026mibel,Week 3,6615,105.305,,,,2.136,2.112,105.305
2026,2026mibel,Week 3,8373,102.915,,,,0.422,1.843,102.915
2026,2026mibel,Week 3,7220,99.745,,,,-0.348,1.747,99.745
2026,2026mibel,Week 3,1188,98.934,,,,2.278,2.43,98.934
2026,2026mibel,Week 3,1701,95.041,,,,3.804,1.524,95.041
2026,2026mibel,Week 3,5053,90.227,,,,3.078,0.695,90.227
2026,2026mibel,Week 3,5708,83.192,,,,-0.696,0.931,83.192
2026,2026mibel,Week 3,6528,65.184,,,,-1.049,0.749,65.184
2026,2026mibel,Week 3,245,62.246,,,,0.526,1.074,62.246
2026,2026mibel,Week 3,6120,53.865,,,,2.231,1.194,53.865
2026,2026mibel,Week 3,4737,50.207,,,,-0.852,0.652,50.207
2026,2026mibel,Week 3,6618,40.939,,,,1.692,-0.069,40.939
2026,2026mibel,Week 3,6538,29.747,,,,-0.605,0.343,29.747
2026,2026mibel,Week 3,4395,28.974,,,,-0.153,-0.546,28.974
2026,2026mibel,Week 3,3098,28.785,,,,3.147,0.497,28.785
2026,2026mibel,Week 3,7247,28.701,,,,0.477,0.141,28.701
2026,2026mibel,Week 3,6344,28.432,,,,-0.617,0.465,28.432
2026,2026mibel,Week 3,6029,27.829,,,,4.887,0.637,27.829
2026,2026mibel,Week 3,8832,27.218,,,,0.02,1.176,27.218
2026,2026mibel,Week 3,5067,26.92,,,,2.635,0.044,26.92
2026,2026mibel,Week 3,66,26.491,,,,0.137,0.609,26.491
2026,2026mibel,Week 3,5498,26.408,,,,2.004,0.112,26.408
2026,2026mibel,Week 3,9204,20.89,,,,1.018,1.175,20.89
2026,2026mibel,Week 3,9455,20.541,,,,1.922,0.546,20.541
2026,2026mibel,Week 3,8623,18.572,,,,1.653,0.446,18.572
2026,2026mibel,Week 3,4405,16.083,,,,2.686,-0.246,16.083
2026,2026mibel,Week 3,5263,11.403,,,,-1.196,-0.326,11.403
2026,2026mibel,Week 3,1250,11.092,,,,0.048,0.015,11.092
2026,2026mibel,Week 3,94,4.004,,,,2.496,0.07,4.004
2026,2026mibel,Week 3,10672,3.345,,,,1.898,0.102,3.345
2026,2026mibel,Week 3,11505,2.862,,,,-0.491,0.328,2.862
2026,2026mibel,Week 3,6190,0.714,,,,-2.04,-0.308,0.714
2026,2026mibel,Week 3,1528,0.51,,,,-0.396,0.31,0.51
2026,2026mibel,Week 3,9751,-3.859,,,,-0.047,0.38,-3.859
2026,2026mibel,Week 3,10656,-11.349,,,,0.495,-0.116,-11.349
2026,2026mibel,Week 3,9735,-13.393,,,,-0.822,-0.358,-13.393
2026,2026mimus,Week 3,6090,145.048,,,,1.728,2.045,145.048
2026,2026mimus,Week 3,2075,116.834,,,,0.907,2.711,116.834
2026,2026mimus,Week 3,8612,112.786,,,,1.979,1.867,112.786
2026,2026mimus,Week 3,3572,104.549,,,,1.895,1.837,104.549
2026,2026mimus,Week 3,4956,85.545,,,,0.464,1.999,85.545
2026,2026mimus,Week 3,85,76.536,,,,0.468,1.484,76.536
2026,2026mimus,Week 3,4967,75.576,,,,-0.579,0.995,75.576
2026,2026mimus,Week 3,7054,75.361,,,,-0.385,0.754,75.361
2026,2026mimus,Week 3,7160,74.201,,,,-0.349,1.475,74.201
2026,2026mimus,Week 3,2771,65.182,,,,4.15,1.28,65.182
2026,2026mimus,Week 3,5505,60.85,,,,1.476,1.207,60.85
2026,2026mimus,Week 3,4004,58.127,,,,-0.32,0.203,58.127
2026,2026mimus,Week 3,9743,51.512,,,,-1.158,1.117,51.512
2026,2026mimus,Week 3,6128,47.259,,,,0.237,1.423,47.259
2026,2026mimus,Week 3,9106,41.199,,,,1.256,0.186,41.199
2026,2026mimus,Week 3,2405,35.241,,,,0.026,0.585,35.241
2026,2026mimus,Week 3,6877,35.065,,,,-1.307,0.603,35.065
2026,2026mimus,Week 3,9541,34.772,,,,-1.438,1.286,34.772
2026,2026mimus,Week 3,9756,34.097,,,,0.502,-0.26,34.097
2026,2026mimus,Week 3,5470,23.583,,,,2.132,0.65,23.583
2026,2026mimus,Week 3,11503,21.107,,,,0.928,-0.042,21.107
2026,2026mimus,Week 3,6005,20.533,,,,-1.197,-0.11,20.533
2026,2026mimus,Week 3,6428,17.301,,,,6.077,0.125,17.301
2026,2026mimus,Week 3,9754,15.455,,,,-1.524,-0.064,15.455
2026,2026mimus,Week 3,3458,15.041,,,,-1.057,-0.286,15.041
2026,2026mimus,Week 3,7810,13.268,,,,-0.023,0.741,13.268
2026,2026mimus,Week 3,10654,13.005,,,,4.96,0.26,13.005
2026,2026mimus,Week 3,6094,12.66,,,,0.72,-0.18,12.66
2026,2026mimus,Week 3,10607,10.881,,,,0.829,0.322,10.881
2026,2026mimus,Week 3,7248,10.657,,,,-0.649,0.197,10.657
2026,2026mimus,Week 3,8285,10.603,,,,-0.347,0.812,10.603
2026,2026mimus,Week 3,107,8.953,,,,1.462,-0.481,8.953
2026,2026mimus,Week 3,4827,8.73,,,,3.526,-0.08,8.73
2026,2026mimus,Week 3,11522,-0.253,,,,1.541,-0.092,-0.253
2026,2026mimus,Week 3,6079,-2.767,,,,-1.098,0.261,-2.767
2026,2026mitvc,Week 3,5193,153.523,,,,1.389,2.513,153.523
2026,2026mitvc,Week 3,5086,126.986,,,,1.005,2.413,126.986
2026,2026mitvc,Week 3,5534,90.438,,,,0.811,2.126,90.438
2026,2026mitvc,Week 3,7790,81.361,,,,1.242,2.275,81.361
2026,2026mitvc,Week 3,3688,73.131,,,,-0.037,1.422,73.131
2026,2026mitvc,Week 3,4398,71.952,,,,1.008,1.49,71.952
2026,2026mitvc,Week 3,3767,70.767,,,,0.686,1.449,70.767
2026,2026mitvc,Week 3,1711,61.303,,,,0.314,1.293,61.303
2026,2026mitvc,Week 3,7782,56.169,,,,-0.859,0.245,56.169
2026,2026mitvc,Week 3,3602,45.921,,,,-0.472,1.751,45.921
2026,2026mitvc,Week 3,3618,44.725,,,,-0.469,1.551,44.725
2026,2026mitvc,Week 3,5110,42.117,,,,1.12,0.532,42.117
2026,2026mitvc,Week 3,6087,34.369,,,,2.887,0.546,34.369
2026,2026mitvc,Week 3,5509,33.281,,,,4.689,0.69,33.281
2026,2026mitvc,Week 3,10614,29.89,,,,-0.993,0.413,29.89
2026,2026mitvc,Week 3,5247,28.923,,,,0.245,0.504,28.923
2026,2026mitvc,Week 3,7808,28.877,,,,-0.361,0.467,28.877
2026,2026mitvc,Week 3,7155,26.315,,,,-1.511,0.826,26.315
2026,2026mitvc,Week 3,10613,26.036,,,,1.96,0.007,26.036
2026,2026mitvc,Week 3,9771,23.429,,,,1.88,0.257,23.429
2026,2026mitvc,Week 3,7855,21.702,,,,0.879,0.893,21.702
2026,2026mitvc,Week 3,4983,21.683,,,,-0.536,1.079,21.683
2026,2026mitvc,Week 3,11466,20.344,,,,1.215,0.111,20.344
2026,2026mitvc,Week 3,6569,17.064,,,,-1.045,-0.036,17.064
2026,2026mitvc,Week 3,4835,16.968,,,,-0.856,0.67,16.968
2026,2026mitvc,Week 3,7598,14.869,,,,-1.107,0.217,14.869
2026,2026mitvc,Week 3,9542,13.243,,,,-0.281,0.129,13.243
2026,2026mitvc,Week 3,5560,12.003,,,,1.86,0.395,12.003
2026,2026mitvc,Week 3,5183,11.564,,,,-1.054,-0.005,11.564
2026,2026mitvc,Week 3,9759,11.092,,,,0.365,-0.544,11.092
2026,2026mitvc,Week 3,8611,8.904,,,,-0.042,-0.259,8.904
2026,2026mitvc,Week 3,9176,7.33,,,,0.888,-0.228,7.33
2026,2026mitvc,Week 3,5504,5.655,,,,0.489,-0.275,5.655
2026,2026mitvc,Week 3,6122,5.609,,,,-0.347,-0.038,5.609
2026,2026mitvc,Week 3,3537,4.833,,,,-1.005,-0.284,4.833
2026,2026mitvc,Week 3,11440,4.455,,,,-0.906,0.133,4.455
2026,2026mitvc,Week 3,10181,4.42,,,,2.256,0.627,4.42
2026,2026mitvc,Week 3,904,-1.836,,,,-0.306,-0.856,-1.836
2026,2026rikin,Week 3,5687,260.121,,,,2.86,2.679,260.121
2026,2026rikin,Week 3,1768,244.402,,,,13.792,2.756,244.402
2026,2026rikin,Week 3,5000,156.153,,,,0.608,2.127,156.153
2026,2026rikin,Week 3,6324,131.545,,,,0.174,1.427,131.545
2026,2026rikin,Week 3,78,121.394,,,,-1.269,1.677,121.394
2026,2026rikin,Week 3,10254,108.505,,,,2.883,1.638,108.505
2026,2026rikin,Week 3,1119,85.339,,,,-0.972,0.866,85.339
2026,2026rikin,Week 3,1699,76.064,,,,3.457,1.207,76.064
2026,2026rikin,Week 3,1153,64.121,,,,-0.34,1.251,64.121
2026,2026rikin,Week 3,10066,55.203,,,,0.734,0.854,55.203
2026,2026rikin,Week 3,1735,55.094,,,,2.621,0.941,55.094
2026,2026rikin,Week 3,2079,49.656,,,,3.037,0.938,49.656
2026,2026rikin,Week 3,5112,47.12,,,,2.472,0.449,47.12
2026,2026rikin,Week 3,6620,41.103,,,,-0.625,0.258,41.103
2026,2026rikin,Week 3,61,37.676,,,,0.542,0.15,37.676
2026,2026rikin,Week 3,663,34.799,,,,4.808,0.743,34.799
2026,2026rikin,Week 3,6367,30.87,,,,1.461,0.865,30.87
2026,2026rikin,Week 3,2168,30.736,,,,3.475,0.248,30.736
2026,2026rikin,Week 3,348,30.572,,,,6.074,0.626,30.572
2026,2026rikin,Week 3,6333,30.163,,,,0.348,0.33,30.163
2026,2026rikin,Week 3,5494,28.793,,,,-0.564,0.086,28.793
2026,2026rikin,Week 3,2262,27.937,,,,2.096,0.216,27.937
2026,2026rikin,Week 3,10973,27.478,,,,4.239,0.395,27.478
2026,2026rikin,Week 3,3464,26.449,,,,-1.333,0.056,26.449
2026,2026rikin,Week 3,8544,25.033,,,,2.825,0.575,25.033
2026,2026rikin,Week 3,4176,24.584,,,,1.096,0.047,24.584
2026,2026rikin,Week 3,1757,24.493,,,,-0.368,0.583,24.493
2026,2026rikin,Week 3,3719,19.457,,,,-0.927,0.185,19.457
2026,2026rikin,Week 3,10063,18.221,,,,-1.554,-0.335,18.221
2026,2026rikin,Week 3,3623,15.749,,,,3.761,0.598,15.749
2026,2026rikin,Week 3,1350,10.41,,,,-0.723,-0.221,10.41
2026,2026rikin,Week 3,1474,-2.24,,,,-0.938,-0.714,-2.24
2026,2026txfor,Week 3,148,202.592,,,,2.21,2.877,202.592
2026,2026txfor,Week 3,3005,135.155,,,,1.046,2.313,135.155
2026,2026txfor,Week 3,2728,114.703,,,,3.385,1.756,114.703
2026,2026txfor,Week 3,8858,98.386,,,,1.167,1.905,98.386
2026,2026txfor,Week 3,2714,83.622,,,,-3.723,1.178,83.622
2026,2026txfor,Week 3,6672,73.875,,,,1.245,0.511,73.875
2026,2026txfor,Week 3,4206,52.497,,,,1.172,1.116,52.497
2026,2026txfor,Week 3,4192,37.585,,,,3.075,0.616,37.585
2026,2026txfor,Week 3,7503,31.563,,,,2.799,0.921,31.563
2026,2026txfor,Week 3,9786,29.804,,,,6.312,1.338,29.804
2026,2026txfor,Week 3,7540,22.871,,,,-2.473,0.212,22.871
2026,2026txfor,Week 3,7534,21.9,,,,2.384,0.041,21.9
2026,2026txfor,Week 3,3310,20.553,,,,-0.68,1.392,20.553
2026,2026txfor,Week 3,4153,19.696,,,,1.509,-0.271,19.696
2026,2026txfor,Week 3,7119,19.031,,,,1.402,0.053,19.031
2026,2026txfor,Week 3,5212,18.135,,,,3.408,-0.24,18.135
2026,2026txfor,Week 3,3676,14.507,,,,0.366,-0.123,14.507
2026,2026txfor,Week 3,1164,12.809,,,,0.685,0.103,12.809
2026,2026txfor,Week 3,6901,12.385,,,,1.123,-0.245,12.385
2026,2026txfor,Week 3,9137,9.432,,,,-1.243,0.255,9.432
2026,2026txfor,Week 3,4076,9.061,,,,1.313,-0.464,9.061
2026,2026txfor,Week 3,4641,8.769,,,,7.007,0.935,8.769
2026,2026txfor,Week 3,10032,4.627,,,,3.808,0.298,4.627
2026,2026txfor,Week 3,7121,-11.809,,,,0.203,-0.391,-11.809
2026,2026txhou,Week 3,118,145.978,,,,1.285,3.398,145.978
2026,2026txhou,Week 3,624,137.121,,,,-2.24,2.525,137.121
2026,2026txhou,Week 3,9512,78.587,,,,36.454,0.766,78.587
2026,2026txhou,Week 3,8515,63.714,,,,30.21,0.767,63.714
2026,2026txhou,Week 3,8177,60.979,,,,0.227,0.813,60.979
2026,2026txhou,Week 3,5414,54.969,,,,-1.142,1.538,54.969
2026,2026txhou,Week 3,5261,54.895,,,,-5.762,0.693,54.895
2026,2026txhou,Week 3,10118,54.781,,,,4.506,0.922,54.781
2026,2026txhou,Week 3,11132,45.821,,,,33.189,-0.167,45.821
2026,2026txhou,Week 3,231,43.264,,,,-4.532,1.994,43.264
2026,2026txhou,Week 3,4328,35.832,,,,5.106,0.715,35.832
2026,2026txhou,Week 3,11178,28.766,,,,-4.213,1.007,28.766
2026,2026txhou,Week 3,6645,27.431,,,,-1.483,0.007,27.431
2026,2026txhou,Week 3,11277,27.159,,,,2.468,-0.302,27.159
2026,2026txhou,Week 3,8576,26.565,,,,-3.029,1.097,26.565
2026,2026txhou,Week 3,7691,24.429,,,,0.444,0.426,24.429
2026,2026txhou,Week 3,11242,22.977,,,,0.422,0.044,22.977
2026,2026txhou,Week 3,1255,22.417,,,,0.684,0.807,22.417
2026,2026txhou,Week 3,2585,19.524,,,,-8.532,-0.285,19.524
2026,2026txhou,Week 3,10904,16.325,,,,-6.286,0.424,16.325
2026,2026txhou,Week 3,2882,16.229,,,,-4.049,0.135,16.229
2026,2026txhou,Week 3,5070,11.199,,,,-5.737,0.791,11.199
2026,2026txhou,Week 3,8818,10.661,,,,-2.092,-0.041,10.661
2026,2026txhou,Week 3,5726,8.868,,,,-0.677,0.859,8.868
2026,2026txhou,Week 3,5908,4.483,,,,-0.349,-0.025,4.483
2026,2026txhou,Week 3,9521,2.611,,,,-3.011,-0.308,2.611
2026,2026txhou,Week 3,4587,1.079,,,,-1.952,-0.003,1.079
2026,2026txhou,Week 3,5923,-0.12,,,,-2.299,0.203,-0.12
2026,2026txhou,Week 3,7115,-1.618,,,,-1.692,0.277,-1.618
2026,2026txhou,Week 3,6488,-3.508,,,,-1.334,-0.329,-3.508
2026,2026txwac,Week 3,6369,169.365,,,,-0.587,2.761,169.365
2026,2026txwac,Week 3,2848,128.549,,,,-1.193,2.802,128.549
2026,2026txwac,Week 3,2881,100.98,,,,1.716,2.147,100.98
2026,2026txwac,Week 3,7492,87.475,,,,3.482,1.197,87.475
2026,2026txwac,Week 3,10014,74.415,,,,-1.205,1.14,74.415
2026,2026txwac,Week 3,1477,69.585,,,,0.976,0.668,69.585
2026,2026txwac,Week 3,7506,59.752,,,,1.391,1.65,59.752
2026,2026txwac,Week 3,8769,57.967,,,,0.882,1.401,57.967
2026,2026txwac,Week 3,9418,56.229,,,,2.1,0.754,56.229
2026,2026txwac,Week 3,3679,47.467,,,,0.975,0.764,47.467
2026,2026txwac,Week 3,4295,46.519,,,,1.571,0.227,46.519
2026,2026txwac,Week 3,5682,33.33,,,,-0.15,0.27,33.33
2026,2026txwac,Week 3,8370,28.508,,,,1.278,0.899,28.508
2026,2026txwac,Week 3,5417,28.147,,,,4.019,0.592,28.147
2026,2026txwac,Week 3,5788,26.956,,,,-0.416,0.86,26.956
2026,2026txwac,Week 3,11469,17.421,,,,1.437,0.31,17.421
2026,2026txwac,Week 3,8528,16.132,,,,1.956,0.007,16.132
2026,2026txwac,Week 3,2969,15.744,,,,-1.285,0.208,15.744
2026,2026txwac,Week 3,5613,12.571,,,,-0.465,0.029,12.571
2026,2026txwac,Week 3,5866,9.97,,,,2.536,0.469,9.97
2026,2026txwac,Week 3,10994,8.448,,,,2.61,-0.355,8.448
2026,2026txwac,Week 3,9121,8.34,,,,-1.363,-0.817,8.34
2026,2026txwac,Week 3,2950,7.969,,,,2.263,-0.572,7.969
2026,2026txwac,Week 3,3282,-5.72,,,,-0.827,-0.363,-5.72
2026,2026txwac,Week 3,11200,-18.036,,,,1.631,-0.046,-18.036
2026,2026wayak,Week 3,9023,218.576,,,,1.388,2.127,218.576
2026,2026wayak,Week 3,5468,215.389,,,,2.851,2.309,215.389
2026,2026wayak,Week 3,753,103.464,,,,-0.042,1.436,103.464
2026,2026wayak,Week 3,3218,103.075,,,,1.717,1.329,103.075
2026,2026wayak,Week 3,9450,94.049,,,,0.617,1.25,94.049
2026,2026wayak,Week 3,2926,76.214,,,,-0.972,1.426,76.214
2026,2026wayak,Week 3,10416,73.526,,,,-0.094,1.355,73.526
2026,2026wayak,Week 3,4125,69.515,,,,4.13,0.825,69.515
2026,2026wayak,Week 3,2811,69.228,,,,3.68,0.541,69.228
2026,2026wayak,Week 3,2147,63.626,,,,0.931,1.345,63.626
2026,2026wayak,Week 3,10423,60.572,,,,0.142,1.228,60.572
2026,2026wayak,Week 3,4513,57.13,,,,2.905,0.831,57.13
2026,2026wayak,Week 3,4980,53.586,,,,-0.192,0.855,53.586
2026,2026wayak,Week 3,8532,52.55,,,,1.129,-0.199,52.55
2026,2026wayak,Week 3,5920,42.741,,,,-0.323,0.521,42.741
2026,2026wayak,Week 3,6443,39.276,,,,-1.423,0.915,39.276
2026,2026wayak,Week 3,4061,38.58,,,,1.424,0.459,38.58
2026,2026wayak,Week 3,4131,36.832,,,,0.521,1.036,36.832
2026,2026wayak,Week 3,4692,34.448,,,,3.445,0.429,34.448
2026,2026wayak,Week 3,1595,33.753,,,,-1.233,1.264,33.753
2026,2026wayak,Week 3,6845,28.446,,,,0.525,0.457,28.446
2026,2026wayak,Week 3,11347,19.118,,,,2.088,0.025,19.118
2026,2026wayak,Week 3,4060,16.146,,,,1.931,-0.3,16.146
2026,2026wayak,Week 3,9613,15.676,,,,3.334,-0.666,15.676
2026,2026wayak,Week 3,3712,11.992,,,,0.31,-0.079,11.992
2026,2026wayak,Week 3,5295,5.29,,,,1.632,0.463,5.29
2026,2026wayak,Week 3,3876,1.198,,,,0.413,-0.18,1.198
2026,2026hiho,Week 3,359,189.266,,,,-2.423,2.363,189.266
2026,2026hiho,Week 3,6497,147.452,,,,5.409,2.675,147.452
2026,2026hiho,Week 3,11019,132.615,,,,5.04,2.776,132.615
2026,2026hiho,Week 3,3882,71.34,,,,-1.551,1.309,71.34
2026,2026hiho,Week 3,8005,66.537,,,,0.405,1.523,66.537
2026,2026hiho,Week 3,2443,58.352,,,,12.404,1.096,58.352
2026,2026hiho,Week 3,2438,54.207,,,,3.614,1.086,54.207
2026,2026hiho,Week 3,4270,52.881,,,,1.408,1.989,52.881
2026,2026hiho,Week 3,11177,43.928,,,,-1.782,0.583,43.928
2026,2026hiho,Week 3,2853,42.089,,,,7.05,1.119,42.089
2026,2026hiho,Week 3,11229,35.239,,,,4.497,0.12,35.239
2026,2026hiho,Week 3,3881,34.691,,,,1.882,0.912,34.691
2026,2026hiho,Week 3,2445,32.259,,,,0.387,0.53,32.259
2026,2026hiho,Week 3,3008,30.084,,,,-2.183,0.592,30.084
2026,2026hiho,Week 3,7724,24.816,,,,0.798,-0.314,24.816
2026,2026hiho,Week 3,3721,24.354,,,,-0.133,0.383,24.354
2026,2026hiho,Week 3,6191,22.744,,,,0.785,0.168,22.744
2026,2026hiho,Week 3,9019,22.643,,,,7.527,-0.042,22.643
2026,2026hiho,Week 3,6704,20.176,,,,-0.662,0.095,20.176
2026,2026hiho,Week 3,2896,16.888,,,,4.442,0.252,16.888
2026,2026hiho,Week 3,2465,15.583,,,,-0.217,-0.331,15.583
2026,2026hiho,Week 3,3880,10.513,,,,0.041,-0.105,10.513
2026,2026hiho,Week 3,2441,10.046,,,,-1.463,0.298,10.046
2026,2026hiho,Week 3,8871,9.878,,,,0.801,-0.128,9.878
2026,2026hiho,Week 3,9715,7.377,,,,4.29,-0.042,7.377
2026,2026hiho,Week 3,2477,2.336,,,,-2.344,-0.243,2.336
2026,2026hiho,Week 3,8585,2.045,,,,-2.108,0.213,2.045
2026,2026hiho,Week 3,2348,1.018,,,,-1.837,0.177,1.018
2026,2026hiho,Week 3,8569,0.731,,,,2.389,0.064,0.731
2026,2026hiho,Week 3,9012,-7.673,,,,-0.213,0.298,-7.673
2026,2026ctwat,Week 3,6328,300.069,,,,1.067,3.181,300.069
2026,2026ctwat,Week 3,176,234.394,,,,2.357,2.726,234.394
2026,2026ctwat,Week 3,4909,118.749,,,,2.76,2.44,118.749
2026,2026ctwat,Week 3,7127,90.971,,,,9.424,1.332,90.971
2026,2026ctwat,Week 3,230,88.656,,,,3.362,2.168,88.656
2026,2026ctwat,Week 3,7694,74.357,,,,1.232,0.481,74.357
2026,2026ctwat,Week 3,228,67.413,,,,3.488,0.794,67.413
2026,2026ctwat,Week 3,173,61.248,,,,0.704,1.345,61.248
2026,2026ctwat,Week 3,8085,60.433,,,,1.035,1.409,60.433
2026,2026ctwat,Week 3,3654,48.836,,,,1.034,0.621,48.836
2026,2026ctwat,Week 3,558,34.736,,,,-0.81,1.159,34.736
2026,2026ctwat,Week 3,6933,30.295,,,,1.072,0.109,30.295
2026,2026ctwat,Week 3,8889,25.053,,,,1.452,0.842,25.053
2026,2026ctwat,Week 3,7153,24.026,,,,-0.588,0.629,24.026
2026,2026ctwat,Week 3,4572,22.619,,,,0.589,0.123,22.619
2026,2026ctwat,Week 3,1071,21.275,,,,0.81,0.017,21.275
2026,2026ctwat,Week 3,2785,20.866,,,,3.134,0.41,20.866
2026,2026ctwat,Week 3,1099,19.987,,,,0.569,0.647,19.987
2026,2026ctwat,Week 3,10592,18.501,,,,-1.592,1.218,18.501
2026,2026ctwat,Week 3,10245,17.25,,,,-0.956,0.531,17.25
2026,2026ctwat,Week 3,999,16.796,,,,4.401,0.577,16.796
2026,2026ctwat,Week 3,2064,12.853,,,,-0.606,0.134,12.853
2026,2026ctwat,Week 3,5746,12.266,,,,1.729,-0.578,12.266
2026,2026ctwat,Week 3,11464,11.149,,,,3.569,0.01,11.149
2026,2026ctwat,Week 3,5856,8.916,,,,1.672,0.402,8.916
2026,2026ctwat,Week 3,10266,8.816,,,,0.553,0.273,8.816
2026,2026ctwat,Week 3,716,4.188,,,,-0.258,-0.202,4.188
2026,2026ctwat,Week 3,2712,3.942,,,,0.125,-0.404,3.942
2026,2026ctwat,Week 3,10133,0.87,,,,-0.478,-0.156,0.87
2026,2026ctwat,Week 3,11409,0.506,,,,0.307,-0.212,0.506
2026,2026ctwat,Week 3,7907,-2.632,,,,-2.36,-0.409,-2.632
2026,2026ctwat,Week 3,9193,-9.238,,,,1.619,0.3,-9.238
2026,2026incol,Week 3,7457,188.672,,,,-0.841,2.806,188.672
2026,2026incol,Week 3,1024,118.934,,,,6.327,2.286,118.934
2026,2026incol,Week 3,234,106.484,,,,1.202,1.458,106.484
2026,2026incol,Week 3,5010,105.739,,,,-2.397,1.883,105.739
2026,2026incol,Week 3,10021,100.661,,,,1.108,1.992,100.661
2026,2026incol,Week 3,868,89.24,,,,0.916,2.102,89.24
2026,2026incol,Week 3,8116,64.41,,,,0.999,1.367,64.41
2026,2026incol,Week 3,1720,61.201,,,,3.62,1.024,61.201
2026,2026incol,Week 3,9431,61.062,,,,2.728,1.766,61.062
2026,2026incol,Week 3,9119,56.574,,,,-1.329,1.041,56.574
2026,2026incol,Week 3,761,52.586,,,,0.369,0.842,52.586
2026,2026incol,Week 3,6498,47.995,,,,3.389,0.913,47.995
2026,2026incol,Week 3,1747,47.55,,,,-2.347,0.16,47.55
2026,2026incol,Week 3,45,40.624,,,,-0.05,0.962,40.624
2026,2026incol,Week 3,2171,36.034,,,,8.856,-0.149,36.034
2026,2026incol,Week 3,1018,33.063,,,,-1.359,0.202,33.063
2026,2026incol,Week 3,6956,32.762,,,,1.999,0.68,32.762
2026,2026incol,Week 3,8103,31.153,,,,0.235,0.505,31.153
2026,2026incol,Week 3,4580,28.983,,,,3.043,0.813,28.983
2026,2026incol,Week 3,8430,24.965,,,,0.576,0.522,24.965
2026,2026incol,Week 3,3487,23.706,,,,5.423,0.581,23.706
2026,2026incol,Week 3,9491,21.665,,,,-0.53,-0.021,21.665
2026,2026incol,Week 3,3147,20.993,,,,-2.974,0.515,20.993
2026,2026incol,Week 3,5188,20.992,,,,-2.753,0.069,20.992
2026,2026incol,Week 3,292,20.829,,,,2.001,0.098,20.829
2026,2026incol,Week 3,10172,20.669,,,,3.262,0.3,20.669
2026,2026incol,Week 3,9071,13.64,,,,-0.103,-0.285,13.64
2026,2026incol,Week 3,9790,11.283,,,,0.638,0.517,11.283
2026,2026incol,Week 3,8431,11.036,,,,-1.212,0.461,11.036
2026,2026incol,Week 3,3559,8.353,,,,0.316,-0.314,8.353
2026,2026incol,Week 3,1741,8.065,,,,4.001,0.374,8.065
2026,2026incol,Week 3,10434,4.145,,,,1.013,0.143,4.145
2026,2026incol,Week 3,4982,1.516,,,,0.388,-0.015,1.516
2026,2026incol,Week 3,8432,-0.629,,,,1.705,-0.454,-0.629
2026,2026incol,Week 3,10411,-1.991,,,,1.125,-0.318,-1.991
2026,2026incol,Week 3,7657,-3.281,,,,1.947,-0.121,-3.281
2026,2026incol,Week 3,4926,-8.599,,,,1.209,0.293,-8.599
2026,2026mdbet,Week 3,449,148.313,,,,-0.309,1.743,148.313
2026,2026mdbet,Week 3,888,132.153,,,,3.753,2.403,132.153
2026,2026mdbet,Week 3,1731,126.829,,,,3.638,2.043,126.829
2026,2026mdbet,Week 3,5549,112.736,,,,3.646,2.302,112.736
2026,2026mdbet,Week 3,2537,100.613,,,,-0.435,0.922,100.613
2026,2026mdbet,Week 3,5338,99.363,,,,1.979,1.791,99.363
2026,2026mdbet,Week 3,1727,77.386,,,,-0.602,1.503,77.386
2026,2026mdbet,Week 3,4472,75.92,,,,9.48,1.087,75.92
2026,2026mdbet,Week 3,5243,67.703,,,,3.054,1.154,67.703
2026,2026mdbet,Week 3,1389,63.466,,,,-0.091,1.233,63.466
2026,2026mdbet,Week 3,3373,48.961,,,,-0.065,1.49,48.961
2026,2026mdbet,Week 3,116,47.756,,,,4.232,0.618,47.756
2026,2026mdbet,Week 3,5587,45.94,,,,-0.331,0.838,45.94
2026,2026mdbet,Week 3,5353,45.242,,,,-0.756,1.134,45.242
2026,2026mdbet,Week 3,6882,45.081,,,,4.114,0.21,45.081
2026,2026mdbet,Week 3,4456,44.472,,,,1.345,0.639,44.472
2026,2026mdbet,Week 3,11318,42.535,,,,4.972,0.828,42.535
2026,2026mdbet,Week 3,6239,39.279,,,,-2.551,0.504,39.279
2026,2026mdbet,Week 3,2914,33.786,,,,10.437,0.796,33.786
2026,2026mdbet,Week 3,2900,33.106,,,,-2.586,0.219,33.106
2026,2026mdbet,Week 3,2186,30.913,,,,6.678,0.339,30.913
2026,2026mdbet,Week 3,3714,26.389,,,,-1.695,1.04,26.389
2026,2026mdbet,Week 3,8590,26.148,,,,1.976,0.333,26.148
2026,2026mdbet,Week 3,2421,21.575,,,,0.25,0.407,21.575
2026,2026mdbet,Week 3,11211,19.984,,,,0.592,0.571,19.984
2026,2026mdbet,Week 3,4638,18.647,,,,-0.092,0.153,18.647
2026,2026mdbet,Week 3,4821,14.383,,,,1.375,-0.208,14.383
2026,2026mdbet,Week 3,4464,13.672,,,,-0.905,-0.173,13.672
2026,2026mdbet,Week 3,7886,5.968,,,,1.66,0.035,5.968
2026,2026mdbet,Week 3,5841,4.949,,,,2.545,-0.763,4.949
2026,2026mdbet,Week 3,2988,4.475,,,,-3.776,-0.343,4.475
2026,2026mdbet,Week 3,1446,-5.52,,,,-2.641,-0.571,-5.52
2026,2026mdbet,Week 3,2912,-14.058,,,,-3.473,-0.777,-14.058
2026,2026miber,Week 3,6002,191.245,,,,2.05,2.586,191.245
2026,2026miber,Week 3,4237,174.139,,,,1.479,1.993,174.139
2026,2026miber,Week 3,10633,110.732,,,,-0.965,2.161,110.732
2026,2026miber,Week 3,503,102.768,,,,3.785,1.553,102.768
2026,2026miber,Week 3,5462,89.201,,,,-0.662,1.857,89.201
2026,2026miber,Week 3,5535,71.085,,,,4.87,1.854,71.085
2026,2026miber,Week 3,2959,70.226,,,,3.4,0.913,70.226
2026,2026miber,Week 3,3620,66.547,,,,-1.453,1.465,66.547
2026,2026miber,Week 3,302,65.316,,,,1.907,0.623,65.316
2026,2026miber,Week 3,3452,59.044,,,,7.063,1.485,59.044
2026,2026miber,Week 3,4855,58.787,,,,-1.57,1.343,58.787
2026,2026miber,Week 3,9208,58.4,,,,-0.589,0.56,58.4
2026,2026miber,Week 3,2960,57.417,,,,1.73,1.285,57.417
2026,2026miber,Week 3,7814,49.399,,,,-0.669,0.357,49.399
2026,2026miber,Week 3,74,44.407,,,,1.033,0.508,44.407
2026,2026miber,Week 3,11431,40.896,,,,8.619,0.304,40.896
2026,2026miber,Week 3,7809,34.157,,,,1.483,0.815,34.157
2026,2026miber,Week 3,5927,33.369,,,,-0.423,0.153,33.369
2026,2026miber,Week 3,10473,31.344,,,,1.229,0.522,31.344
2026,2026miber,Week 3,6548,23.267,,,,-0.468,0.56,23.267
2026,2026miber,Week 3,1504,21.285,,,,0.814,-0.233,21.285
2026,2026miber,Week 3,9758,20.949,,,,2.551,0.624,20.949
2026,2026miber,Week 3,10666,18.353,,,,1.036,-0.134,18.353
2026,2026miber,Week 3,5227,17.193,,,,2.133,-0.623,17.193
2026,2026miber,Week 3,1940,15.365,,,,-0.744,0.338,15.365
2026,2026miber,Week 3,11399,15.239,,,,-2.534,0.698,15.239
2026,2026miber,Week 3,9549,13.364,,,,2.837,-0.109,13.364
2026,2026miber,Week 3,4325,11.294,,,,-0.783,-0.351,11.294
2026,2026miber,Week 3,11511,8.534,,,,2.511,-0.021,8.534
2026,2026miber,Week 3,6588,7.355,,,,-0.354,0.249,7.355
2026,2026miber,Week 3,11491,5.963,,,,3.34,0.335,5.963
2026,2026miber,Week 3,10642,3.803,,,,-0.618,0.454,3.803
2026,2026miber,Week 3,9182,2.24,,,,-0.776,-0.142,2.24
2026,2026miber,Week 3,2604,-0.074,,,,-1.895,-0.162,-0.074
2026,2026miber,Week 3,5182,-1.406,,,,0.54,0.713,-1.406
2026,2026miber,Week 3,7203,-12.701,,,,3.844,0.301,-12.701
2026,2026mibkn,Week 3,3414,163.134,,,,-1.426,2.203,163.134
2026,2026mibkn,Week 3,2611,136.847,,,,-1.685,1.362,136.847
2026,2026mibkn,Week 3,3668,132.313,,,,7.672,1.684,132.313
2026,2026mibkn,Week 3,9210,125.505,,,,4.312,2.211,125.505
2026,2026mibkn,Week 3,5144,113.869,,,,4.481,2.277,113.869
2026,2026mibkn,Week 3,1025,93.555,,,,-0.753,1.207,93.555
2026,2026mibkn,Week 3,4003,87.339,,,,7.363,1.413,87.339
2026,2026mibkn,Week 3,1481,86.142,,,,-1.44,0.992,86.142
2026,2026mibkn,Week 3,7656,85.541,,,,-1.111,0.217,85.541
2026,2026mibkn,Week 3,7197,81.206,,,,-0.962,2.051,81.206
2026,2026mibkn,Week 3,4422,78.812,,,,5.097,1.707,78.812
2026,2026mibkn,Week 3,11386,72.246,,,,1.212,1.349,72.246
2026,2026mibkn,Week 3,7501,67.423,,,,3.795,0.691,67.423
2026,2026mibkn,Week 3,5676,66.479,,,,-0.62,1.44,66.479
2026,2026mibkn,Week 3,862,52.717,,,,6.121,0.661,52.717
2026,2026mibkn,Week 3,4381,52.39,,,,-2.941,0.39,52.39
2026,2026mibkn,Week 3,9594,45.238,,,,4.858,0.119,45.238
2026,2026mibkn,Week 3,7225,41.642,,,,-0.832,0.361,41.642
2026,2026mibkn,Week 3,9312,38.532,,,,-1.814,1.011,38.532
2026,2026mibkn,Week 3,8300,38.272,,,,0.044,0.684,38.272
2026,2026mibkn,Week 3,4216,36.885,,,,-1.346,0.066,36.885
2026,2026mibkn,Week 3,5239,35.459,,,,-0.295,0.686,35.459
2026,2026mibkn,Week 3,5205,30.729,,,,-2.187,0.576,30.729
2026,2026mibkn,Week 3,11496,30.219,,,,-3.798,0.666,30.219
2026,2026mibkn,Week 3,6556,24.721,,,,-1.666,0.576,24.721
2026,2026mibkn,Week 3,11462,23.767,,,,0.605,0.974,23.767
2026,2026mibkn,Week 3,11460,23.04,,,,6.562,0.006,23.04
2026,2026mibkn,Week 3,5641,22.641,,,,-0.363,0.462,22.641
2026,2026mibkn,Week 3,7221,22.429,,,,3.346,-0.215,22.429
2026,2026mibkn,Week 3,11387,20.99,,,,0.406,0.151,20.99
2026,2026mibkn,Week 3,9183,16.853,,,,6.872,0.592,16.853
2026,2026mibkn,Week 3,11444,15.436,,,,3.785,0.07,15.436
2026,2026mibkn,Week 3,5530,10.367,,,,1.144,0.146,10.367
2026,2026mibkn,Week 3,3773,7.912,,,,-1.952,-0.181,7.912
2026,2026mibkn,Week 3,9753,3.362,,,,0.913,-0.26,3.362
2026,2026mibkn,Week 3,4568,-5.07,,,,-2.817,-0.791,-5.07
2026,2026mibkn,Week 3,9212,-10.775,,,,-3.08,-0.391,-10.775
2026,2026mifli,Week 3,2337,196.28,,,,5.594,2.411,196.28
2026,2026mifli,Week 3,68,146.235,,,,4.548,1.999,146.235
2026,2026mifli,Week 3,5046,130.627,,,,2.266,2.701,130.627
2026,2026mifli,Week 3,894,130.384,,,,4.307,1.658,130.384
2026,2026mifli,Week 3,5660,110.204,,,,6.11,1.826,110.204
2026,2026mifli,Week 3,1684,98.362,,,,0.557,1.667,98.362
2026,2026mifli,Week 3,9757,95.926,,,,2.857,2.462,95.926
2026,2026mifli,Week 3,5561,73.702,,,,0.867,1.808,73.702
2026,2026mifli,Week 3,494,71.419,,,,2.868,0.925,71.419
2026,2026mifli,Week 3,5612,70.46,,,,-0.86,1.453,70.46
2026,2026mifli,Week 3,1322,56.892,,,,0.045,1.004,56.892
2026,2026mifli,Week 3,70,55.401,,,,0.157,1.288,55.401
2026,2026mifli,Week 3,9242,40.241,,,,6.684,1.064,40.241
2026,2026mifli,Week 3,314,38.021,,,,-0.956,0.099,38.021
2026,2026mifli,Week 3,7772,36.772,,,,2.632,0.914,36.772
2026,2026mifli,Week 3,9648,36.543,,,,2.744,-0.144,36.543
2026,2026mifli,Week 3,10547,33.064,,,,-0.444,0.566,33.064
2026,2026mifli,Week 3,6610,28.536,,,,2.697,0.665,28.536
2026,2026mifli,Week 3,8385,27.928,,,,-2.345,0.925,27.928
2026,2026mifli,Week 3,5697,27.908,,,,3.134,0.124,27.908
2026,2026mifli,Week 3,10667,27.497,,,,0.74,0.443,27.497
2026,2026mifli,Week 3,7784,24.728,,,,2.703,0.786,24.728
2026,2026mifli,Week 3,5235,24.308,,,,-2.582,-0.121,24.308
2026,2026mifli,Week 3,8767,22.369,,,,-2.39,-0.175,22.369
2026,2026mifli,Week 3,4998,21.773,,,,4.297,0.214,21.773
2026,2026mifli,Week 3,6085,18.312,,,,-1.93,0.111,18.312
2026,2026mifli,Week 3,5150,17.407,,,,-0.973,0.309,17.407
2026,2026mifli,Week 3,11527,16.777,,,,0.848,0.019,16.777
2026,2026mifli,Week 3,5282,13.191,,,,5.329,0.039,13.191
2026,2026mifli,Week 3,5167,13.085,,,,-0.213,0.204,13.085
2026,2026mifli,Week 3,9207,13.08,,,,-0.59,0.618,13.08
2026,2026mifli,Week 3,11458,12.257,,,,1.891,-0.093,12.257
2026,2026mifli,Week 3,7597,11.208,,,,-0.135,-0.323,11.208
2026,2026mifli,Week 3,5527,11.186,,,,-0.255,0.354,11.186
2026,2026mifli,Week 3,5214,10.393,,,,-0.006,-0.173,10.393
2026,2026mifli,Week 3,9697,5.809,,,,-0.148,0.844,5.809
2026,2026mifli,Week 3,10587,4.513,,,,-0.416,-0.266,4.513
2026,2026mifli,Week 3,8193,0.631,,,,5.128,0.156,0.631
2026,2026mifli,Week 3,5517,-2.049,,,,-1.985,-0.135,-2.049
2026,2026mifli,Week 3,10665,-9.375,,,,-1.976,0.164,-9.375
2026,2026mifli,Week 3,10659,-24.173,,,,3.368,-0.721,-24.173
2026,2026ncelo,Week 3,4795,120.765,,,,0.645,2.498,120.765
2026,2026ncelo,Week 3,3506,116.456,,,,-1.08,2.048,116.456
2026,2026ncelo,Week 3,9297,83.387,,,,2.428,1.68,83.387
2026,2026ncelo,Week 3,7918,82.053,,,,0.85,1.584,82.053
2026,2026ncelo,Week 3,8429,76.137,,,,4.325,1.116,76.137
2026,2026ncelo,Week 3,4561,74.124,,,,-0.322,1.847,74.124
2026,2026ncelo,Week 3,1533,67.824,,,,2.07,0.774,67.824
2026,2026ncelo,Week 3,6502,66.798,,,,5.676,1.592,66.798
2026,2026ncelo,Week 3,900,48.862,,,,5.523,0.654,48.862
2026,2026ncelo,Week 3,4935,48.122,,,,-2.275,1.271,48.122
2026,2026ncelo,Week 3,2640,43.302,,,,0.26,0.971,43.302
2026,2026ncelo,Week 3,7890,42.51,,,,0.353,1.16,42.51
2026,2026ncelo,Week 3,7763,33.631,,,,3.738,0.629,33.631
2026,2026ncelo,Week 3,8757,30.258,,,,1.001,1.164,30.258
2026,2026ncelo,Week 3,587,29.095,,,,1.174,-0.068,29.095
2026,2026ncelo,Week 3,11297,27.388,,,,2.137,0.018,27.388
2026,2026ncelo,Week 3,3822,27.094,,,,2.245,0.119,27.094
2026,2026ncelo,Week 3,4829,25.252,,,,-0.355,0.357,25.252
2026,2026ncelo,Week 3,6729,24.987,,,,-0.047,0.094,24.987
2026,2026ncelo,Week 3,10354,21.261,,,,5.375,1.056,21.261
2026,2026ncelo,Week 3,5919,20.995,,,,1.735,-0.348,20.995
2026,2026ncelo,Week 3,4861,20.612,,,,-1.099,0.219,20.612
2026,2026ncelo,Week 3,9559,18.838,,,,-2.711,0.223,18.838
2026,2026ncelo,Week 3,10412,16.794,,,,-1.073,-0.126,16.794
2026,2026ncelo,Week 3,11146,15.335,,,,0.496,0.085,15.335
2026,2026ncelo,Week 3,10304,13.975,,,,3.29,0.289,13.975
2026,2026ncelo,Week 3,6240,11.829,,,,-0.92,-0.445,11.829
2026,2026ncelo,Week 3,9607,9.657,,,,1.355,-0.312,9.657
2026,2026ncelo,Week 3,11285,3.822,,,,-0.629,0.27,3.822
2026,2026ncwk2,Week 3,9496,248.273,,,,1.48,2.853,248.273
2026,2026ncwk2,Week 3,9032,196.41,,,,1.851,2.394,196.41
2026,2026ncwk2,Week 3,6500,65.08,,,,2.294,0.97,65.08
2026,2026ncwk2,Week 3,5160,62.897,,,,3.325,1.549,62.897
2026,2026ncwk2,Week 3,10302,44.014,,,,1.281,1.139,44.014
2026,2026ncwk2,Week 3,11179,33.096,,,,-0.244,0.599,33.096
2026,2026ncwk2,Week 3,6004,30.488,,,,1.379,1.054,30.488
2026,2026ncwk2,Week 3,5607,30.251,,,,5.058,0.356,30.251
2026,2026ncwk2,Week 3,5518,29.91,,,,0.264,1.118,29.91
2026,2026ncwk2,Week 3,6888,29.847,,,,0.077,0.37,29.847
2026,2026ncwk2,Week 3,2682,27.127,,,,0.238,0.383,27.127
2026,2026ncwk2,Week 3,10077,26.461,,,,-0.243,0.442,26.461
2026,2026ncwk2,Week 3,8205,24.032,,,,2.051,0.818,24.032
2026,2026ncwk2,Week 3,6242,22.363,,,,-0.059,-0.019,22.363
2026,2026ncwk2,Week 3,8738,21.477,,,,-0.888,0.823,21.477
2026,2026ncwk2,Week 3,11353,21.367,,,,-0.175,1.321,21.367
2026,2026ncwk2,Week 3,10121,21.079,,,,2.281,-0.361,21.079
2026,2026ncwk2,Week 3,8746,20.219,,,,-0.724,0.372,20.219
2026,2026ncwk2,Week 3,6908,16.803,,,,3.522,0.254,16.803
2026,2026ncwk2,Week 3,10072,16.668,,,,-0.297,0.561,16.668
2026,2026ncwk2,Week 3,11161,16.31,,,,0.127,0.092,16.31
2026,2026ncwk2,Week 3,5190,16.012,,,,0.228,0.646,16.012
2026,2026ncwk2,Week 3,9296,14.956,,,,1.77,-0.518,14.956
2026,2026ncwk2,Week 3,10248,11.778,,,,1.299,0.876,11.778
2026,2026ncwk2,Week 3,5511,11.667,,,,0.993,0.152,11.667
2026,2026ncwk2,Week 3,3893,9.018,,,,-0.023,-0.193,9.018
2026,2026ncwk2,Week 3,10260,6.291,,,,-0.011,0.122,6.291
2026,2026ncwk2,Week 3,8758,3.109,,,,-0.317,-0.137,3.109
2026,2026ncwk2,Week 3,7443,-23.339,,,,-1.122,-0.701,-23.339
2026,2026njrob,Week 3,1403,103.455,,,,-1.418,2.587,103.455
2026,2026njrob,Week 3,1923,73.355,,,,-4.697,2.516,73.355
2026,2026njrob,Week 3,2590,72.133,,,,1.484,1.715,72.133
2026,2026njrob,Week 3,8588,50.993,,,,30.503,0.427,50.993
2026,2026njrob,Week 3,5113,48.915,,,,0.227,1.007,48.915
2026,2026njrob,Week 3,56,34.518,,,,0.978,1.127,34.518
2026,2026njrob,Week 3,8075,33.364,,,,26.25,0.313,33.364
2026,2026njrob,Week 3,4573,32.969,,,,3.756,0.359,32.969
2026,2026njrob,Week 3,25,30.913,,,,-2.295,0.42,30.913
2026,2026njrob,Week 3,1647,29.506,,,,-3.674,1.201,29.506
2026,2026njrob,Week 3,1672,29.497,,,,-0.486,0.422,29.497
2026,2026njrob,Week 3,9015,26.817,,,,-3.196,0.816,26.817
2026,2026njrob,Week 3,303,25.338,,,,-5.656,0.631,25.338
2026,2026njrob,Week 3,9100,24.947,,,,3.934,0.427,24.947
2026,2026njrob,Week 3,486,24.807,,,,1.974,0.613,24.807
2026,2026njrob,Week 3,7110,24.691,,,,-0.464,0.367,24.691
2026,2026njrob,Week 3,5624,24.42,,,,19.519,0.177,24.42
2026,2026njrob,Week 3,752,23.723,,,,-1.424,0.857,23.723
2026,2026njrob,Week 3,2495,22.342,,,,-0.042,0.636,22.342
2026,2026njrob,Week 3,5684,22.257,,,,-2.866,0.015,22.257
2026,2026njrob,Week 3,293,21.816,,,,0.842,0.853,21.816
2026,2026njrob,Week 3,5438,20.932,,,,-4.041,0.889,20.932
2026,2026njrob,Week 3,204,19.292,,,,0.512,0.313,19.292
2026,2026njrob,Week 3,4653,15.564,,,,-3.711,-0.569,15.564
2026,2026njrob,Week 3,87,15.427,,,,-0.927,0.24,15.427
2026,2026njrob,Week 3,2191,14.542,,,,0.675,0.497,14.542
2026,2026njrob,Week 3,6897,11.854,,,,-0.414,-0.48,11.854
2026,2026njrob,Week 3,3340,-0.29,,,,-0.516,-0.401,-0.29
2026,2026njrob,Week 3,2180,-3.43,,,,-4.826,-0.476,-3.43
2026,2026onham,Week 3,2056,315.385,,,,6.556,3.151,315.385
2026,2026onham,Week 3,1114,237.673,,,,1.193,1.993,237.673
2026,2026onham,Week 3,1325,183.615,,,,-0.349,1.762,183.615
2026,2026onham,Week 3,2200,169.882,,,,4.825,1.793,169.882
2026,2026onham,Week 3,5406,160.415,,,,1.218,2.072,160.415
2026,2026onham,Week 3,4907,134.064,,,,6.309,1.275,134.064
2026,2026onham,Week 3,7902,125.74,,,,7.969,1.596,125.74
2026,2026onham,Week 3,9098,89.733,,,,4.158,1.032,89.733
2026,2026onham,Week 3,5032,79.653,,,,3.602,1.914,79.653
2026,2026onham,Week 3,2852,71.453,,,,3.009,0.23,71.453
2026,2026onham,Week 3,6978,64.199,,,,0.253,1.202,64.199
2026,2026onham,Week 3,1229,56.101,,,,5.557,0.301,56.101
2026,2026onham,Week 3,4917,55.617,,,,1.376,1.094,55.617
2026,2026onham,Week 3,10554,53.616,,,,-0.187,0.7,53.616
2026,2026onham,Week 3,6632,39.206,,,,3.071,-0.041,39.206
2026,2026onham,Week 3,7200,37.212,,,,-1.143,0.216,37.212
2026,2026onham,Week 3,9659,35.492,,,,2.762,0.489,35.492
2026,2026onham,Week 3,11428,35.29,,,,5.491,0.343,35.29
2026,2026onham,Week 3,9575,30.357,,,,-1.427,0.291,30.357
2026,2026onham,Week 3,10167,25.361,,,,-0.403,0.073,25.361
2026,2026onham,Week 3,8764,18.01,,,,3.907,0.1,18.01
2026,2026onham,Week 3,4308,15.718,,,,4.66,0.629,15.718
2026,2026onham,Week 3,4327,15.257,,,,-3.695,0.224,15.257
2026,2026onham,Week 3,9062,14.009,,,,1.395,0.028,14.009
2026,2026onham,Week 3,8850,3.796,,,,2.513,0.144,3.796
2026,2026onham,Week 3,6135,-1.176,,,,3.684,0.553,-1.176
2026,2026onham,Week 3,3560,-5.842,,,,-1.677,-0.421,-5.842
2026,2026onham,Week 3,11362,-6.07,,,,-0.516,-0.029,-6.07
2026,2026onham,Week 3,6162,-10.418,,,,5.386,-0.047,-10.418
2026,2026onham,Week 3,11002,-11.18,,,,1.337,0.414,-11.18
2026,2026onnob,Week 3,7520,171.03,,,,1.367,1.546,171.03
2026,2026onnob,Week 3,11270,166.603,,,,2.201,1.898,166.603
2026,2026onnob,Week 3,610,162.092,,,,0.608,2.66,162.092
2026,2026onnob,Week 3,10015,151.627,,,,5.304,1.942,151.627
2026,2026onnob,Week 3,4152,133.692,,,,-0.322,1.528,133.692
2026,2026onnob,Week 3,9785,132.71,,,,1.09,1.209,132.71
2026,2026onnob,Week 3,2935,127.281,,,,2.648,1.256,127.281
2026,2026onnob,Week 3,8884,108.339,,,,0.576,0.57,108.339
2026,2026onnob,Week 3,2609,83.854,,,,-0.047,1.663,83.854
2026,2026onnob,Week 3,1305,58.789,,,,0.952,0.528,58.789
2026,2026onnob,Week 3,7480,53.565,,,,2.943,1.095,53.565
2026,2026onnob,Week 3,2708,42.449,,,,-0.611,0.964,42.449
2026,2026onnob,Week 3,5036,41.975,,,,-1.297,1.027,41.975
2026,2026onnob,Week 3,8729,38.219,,,,-0.092,0.016,38.219
2026,2026onnob,Week 3,7476,38.114,,,,4.703,0.942,38.114
2026,2026onnob,Week 3,7712,31.931,,,,2.651,0.214,31.931
2026,2026onnob,Week 3,9589,25.781,,,,-0.053,-0.057,25.781
2026,2026onnob,Week 3,2013,19.447,,,,3.494,0.641,19.447
2026,2026onnob,Week 3,2706,16.12,,,,-0.639,-0.066,16.12
2026,2026onnob,Week 3,9580,14.369,,,,-0.249,0.79,14.369
2026,2026onnob,Week 3,3543,8.023,,,,2.986,0.226,8.023
2026,2026onnob,Week 3,6864,6.599,,,,-1.509,-0.663,6.599
2026,2026onnob,Week 3,1334,5.501,,,,-1.126,0.621,5.501
2026,2026onnob,Week 3,5596,1.755,,,,2.56,-0.316,1.755
2026,2026onnob,Week 3,6859,-4.948,,,,1.447,-0.484,-4.948
2026,2026pawar,Week 3,341,228.163,,,,3.252,3.219,228.163
2026,2026pawar,Week 3,2607,134.363,,,,0.16,2.751,134.363
2026,2026pawar,Week 3,272,128.472,,,,-1.412,2.166,128.472
2026,2026pawar,Week 3,484,108.438,,,,0.631,1.241,108.438
2026,2026pawar,Week 3,5181,97.204,,,,-1.143,2.222,97.204
2026,2026pawar,Week 3,708,82.031,,,,4.557,1.452,82.031
2026,2026pawar,Week 3,3314,71.654,,,,1.224,1.716,71.654
2026,2026pawar,Week 3,10993,50.359,,,,3.287,0.559,50.359
2026,2026pawar,Week 3,10070,46.705,,,,-0.283,0.305,46.705
2026,2026pawar,Week 3,10157,44.691,,,,2.325,0.972,44.691
2026,2026pawar,Week 3,2559,38.624,,,,-0.485,0.562,38.624
2026,2026pawar,Week 3,1168,37.205,,,,2.107,1.29,37.205
2026,2026pawar,Week 3,6921,34.807,,,,-1.127,0.478,34.807
2026,2026pawar,Week 3,433,30.238,,,,1.613,0.93,30.238
2026,2026pawar,Week 3,102,26.635,,,,0.7,0.842,26.635
2026,2026pawar,Week 3,5407,26.102,,,,-0.272,0.254,26.102
2026,2026pawar,Week 3,423,25.15,,,,0.862,0.432,25.15
2026,2026pawar,Week 3,75,24.245,,,,2.461,0.077,24.245
2026,2026pawar,Week 3,6226,24.037,,,,1.536,0.447,24.037
2026,2026pawar,Week 3,428,22.314,,,,4.212,0.807,22.314
2026,2026pawar,Week 3,9014,20.732,,,,2.242,0.098,20.732
2026,2026pawar,Week 3,11225,19.518,,,,1.776,0.118,19.518
2026,2026pawar,Week 3,203,16.185,,,,0.439,0.317,16.185
2026,2026pawar,Week 3,10989,14.017,,,,1.149,-0.446,14.017
2026,2026pawar,Week 3,10918,12.159,,,,-2.03,-0.605,12.159
2026,2026pawar,Week 3,6808,10.061,,,,2.566,0.086,10.061
2026,2026pawar,Week 3,10600,10.016,,,,-0.013,0.005,10.016
2026,2026pawar,Week 3,9416,9.998,,,,-1.569,0.153,9.998
2026,2026pawar,Week 3,10949,7.268,,,,1.033,-0.261,7.268
2026,2026pawar,Week 3,10997,7.227,,,,-1.188,-0.508,7.227
2026,2026pawar,Week 3,11366,6.225,,,,-0.636,0.49,6.225
2026,2026pawar,Week 3,5490,1.346,,,,1.766,0.074,1.346
2026,2026pawar,Week 3,10170,-0.856,,,,-0.157,0.258,-0.856
2026,2026vache,Week 3,422,114.146,,,,1.672,2.636,114.146
2026,2026vache,Week 3,122,109.03,,,,3.129,1.408,109.03
2026,2026vache,Week 3,4099,107.297,,,,1.014,2.132,107.297
2026,2026vache,Week 3,2028,86.194,,,,1.785,1.866,86.194
2026,2026vache,Week 3,10224,83.614,,,,1.774,0.874,83.614
2026,2026vache,Week 3,1086,80.974,,,,0.249,1.272,80.974
2026,2026vache,Week 3,1908,76.631,,,,3.173,0.696,76.631
2026,2026vache,Week 3,2363,70.277,,,,0.949,1.054,70.277
2026,2026vache,Week 3,526,69.259,,,,0.766,1.372,69.259
2026,2026vache,Week 3,404,67.586,,,,-0.177,1.141,67.586
2026,2026vache,Week 3,620,65.726,,,,1.344,0.979,65.726
2026,2026vache,Week 3,1895,63.011,,,,1.756,1.348,63.011
2026,2026vache,Week 3,2890,62.989,,,,0.367,1.374,62.989
2026,2026vache,Week 3,11415,58.746,,,,-1.386,0.922,58.746
2026,2026vache,Week 3,1599,54.158,,,,1.547,0.95,54.158
2026,2026vache,Week 3,2068,45.85,,,,1.541,1.273,45.85
2026,2026vache,Week 3,539,43.523,,,,1.021,0.577,43.523
2026,2026vache,Week 3,8230,41.13,,,,0.165,0.84,41.13
2026,2026vache,Week 3,11425,37.334,,,,4.369,0.644,37.334
2026,2026vache,Week 3,9003,36.37,,,,3.8,0.269,36.37
2026,2026vache,Week 3,611,20.754,,,,-0.995,-0.013,20.754
2026,2026vache,Week 3,612,16.841,,,,-0.8,-0.256,16.841
2026,2026vache,Week 3,9403,16.774,,,,0.069,-0.046,16.774
2026,2026vache,Week 3,11252,14.564,,,,-1.662,0.36,14.564
2026,2026vache,Week 3,1793,11.068,,,,-0.058,-0.066,11.068
2026,2026vache,Week 3,2998,9.993,,,,1.18,-0.735,9.993
2026,2026vache,Week 3,9214,5.806,,,,0.41,-0.376,5.806
2026,2026vache,Week 3,6326,3.104,,,,2.09,-0.301,3.104
2026,2026vache,Week 3,3359,2.267,,,,-0.404,0.039,2.267
2026,2026vache,Week 3,4286,-3.434,,,,2.562,-0.485,-3.434
2026,2026wiapp,Week 3,1306,222.775,,,,0.206,3.141,222.775
2026,2026wiapp,Week 3,2194,112.949,,,,3.782,1.722,112.949
2026,2026wiapp,Week 3,1259,112.4,,,,1.716,1.375,112.4
2026,2026wiapp,Week 3,3197,96.982,,,,-0.027,2.126,96.982
2026,2026wiapp,Week 3,1792,85.964,,,,1.494,1.429,85.964
2026,2026wiapp,Week 3,5826,80.169,,,,4.673,2.228,80.169
2026,2026wiapp,Week 3,6421,79.81,,,,2.38,1.588,79.81
2026,2026wiapp,Week 3,10264,68.132,,,,3.653,1.856,68.132
2026,2026wiapp,Week 3,6223,65.169,,,,5.895,1.633,65.169
2026,2026wiapp,Week 3,93,58.761,,,,-1.042,1.401,58.761
2026,2026wiapp,Week 3,171,50.361,,,,1.604,0.966,50.361
2026,2026wiapp,Week 3,8744,46.71,,,,-0.011,1.203,46.71
2026,2026wiapp,Week 3,5148,41.9,,,,0.834,0.461,41.9
2026,2026wiapp,Week 3,706,40.797,,,,1.54,1.126,40.797
2026,2026wiapp,Week 3,10553,34.18,,,,4.338,0.258,34.18
2026,2026wiapp,Week 3,6318,33.869,,,,-0.473,0.979,33.869
2026,2026wiapp,Week 3,1091,33.091,,,,2.102,0.736,33.091
2026,2026wiapp,Week 3,10909,29.117,,,,0.213,0.435,29.117
2026,2026wiapp,Week 3,2830,28.422,,,,-0.754,0.616,28.422
2026,2026wiapp,Week 3,8803,26.825,,,,-0.963,0.495,26.825
2026,2026wiapp,Week 3,5903,26.551,,,,-0.456,-0.254,26.551
2026,2026wiapp,Week 3,9760,26.194,,,,-1.146,0.363,26.194
2026,2026wiapp,Week 3,3381,22.777,,,,2.005,-0.102,22.777
2026,2026wiapp,Week 3,10287,19.394,,,,4.126,0.042,19.394
2026,2026wiapp,Week 3,7103,18.841,,,,0.253,0.381,18.841
2026,2026wiapp,Week 3,5019,18.125,,,,0.607,0.151,18.125
2026,2026wiapp,Week 3,6732,16.22,,,,1.348,-0.396,16.22
2026,2026wiapp,Week 3,4054,13.483,,,,-0.552,0.174,13.483
2026,2026wiapp,Week 3,11258,13.398,,,,-1.35,-0.05,13.398
2026,2026wiapp,Week 3,9425,12.589,,,,-0.094,-0.275,12.589
2026,2026wiapp,Week 3,8700,11.629,,,,1.799,-0.657,11.629
2026,2026wiapp,Week 3,6643,10.63,,,,0.111,0.615,10.63
2026,2026wiapp,Week 3,1716,7.205,,,,2.805,-0.626,7.205
2026,2026wiapp,Week 3,11139,6.735,,,,3.459,0.087,6.735
2026,2026wiapp,Week 3,5096,4.896,,,,0.581,-0.186,4.896
2026,2026wiapp,Week 3,8802,2.585,,,,0.278,0.104,2.585
2026,2026wiapp,Week 3,2826,-5.906,,,,-0.671,0.267,-5.906
2026,2026wiapp,Week 3,9578,-10.312,,,,1.155,-0.16,-10.312
2026,2026calas,Week 3,3476,268.701,,,,7.79,3.017,268.701
2026,2026calas,Week 3,9408,193.22,,,,9.715,2.933,193.22
2026,2026calas,Week 3,687,135.594,,,,-2.075,2.159,135.594
2026,2026calas,Week 3,4201,103.685,,,,2.578,2.857,103.685
2026,2026calas,Week 3,2584,87.326,,,,0.606,0.684,87.326
2026,2026calas,Week 3,4322,81.096,,,,1.671,2.146,81.096
2026,2026calas,Week 3,4123,80.134,,,,3.182,2.099,80.134
2026,2026calas,Week 3,294,74.814,,,,-1.11,1.211,74.814
2026,2026calas,Week 3,4,71.621,,,,-1.577,0.974,71.621
2026,2026calas,Week 3,5137,71.242,,,,12.327,1.214,71.242
2026,2026calas,Week 3,2710,67.352,,,,1.818,1.08,67.352
2026,2026calas,Week 3,3408,42.579,,,,-1.296,0.585,42.579
2026,2026calas,Week 3,5089,42.572,,,,-1.669,-0.045,42.572
2026,2026calas,Week 3,7230,41.288,,,,0.438,1.031,41.288
2026,2026calas,Week 3,1159,38.03,,,,4.172,0.351,38.03
2026,2026calas,Week 3,3759,34.981,,,,0.155,0.507,34.981
2026,2026calas,Week 3,980,33.549,,,,2.954,0.335,33.549
2026,2026calas,Week 3,1836,33.265,,,,-0.486,1.123,33.265
2026,2026calas,Week 3,1197,32.962,,,,0.57,0.32,32.962
2026,2026calas,Week 3,6220,29.521,,,,5.665,0.63,29.521
2026,2026calas,Week 3,6072,28.278,,,,4.598,0.788,28.278
2026,2026calas,Week 3,4470,27.893,,,,1.236,-0.312,27.893
2026,2026calas,Week 3,4415,27.59,,,,5.059,0.387,27.59
2026,2026calas,Week 3,5124,26.875,,,,6.731,0.305,26.875
2026,2026calas,Week 3,1759,26.793,,,,-2.216,0.599,26.793
2026,2026calas,Week 3,7042,26.642,,,,-0.827,0.005,26.642
2026,2026calas,Week 3,1661,26.074,,,,-0.258,0.664,26.074
2026,2026calas,Week 3,4501,23.786,,,,1.636,0.503,23.786
2026,2026calas,Week 3,9696,21.077,,,,-1.69,-0.224,21.077
2026,2026calas,Week 3,597,20.861,,,,-2.769,0.295,20.861
2026,2026calas,Week 3,4999,20.402,,,,2.52,0.908,20.402
2026,2026calas,Week 3,5835,17.611,,,,-0.323,0.112,17.611
2026,2026calas,Week 3,4964,15.711,,,,1.615,0.432,15.711
2026,2026calas,Week 3,6000,6.347,,,,1.376,0.05,6.347
2026,2026calas,Week 3,867,5.377,,,,-3.896,-0.411,5.377
2026,2026calas,Week 3,5669,4.889,,,,2.388,-0.317,4.889
2026,2026calas,Week 3,5857,1.867,,,,0.556,0.127,1.867
2026,2026calas,Week 3,11096,0.846,,,,-0.338,0.288,0.846
2026,2026calas,Week 3,6904,0.444,,,,-1.145,-0.554,0.444
2026,2026calas,Week 3,1515,-0.586,,,,-0.873,-0.248,-0.586
2026,2026calas,Week 3,8898,-10.765,,,,-1.43,-0.678,-10.765
2026,2026calas,Week 3,9505,-14.815,,,,0.346,0.072,-14.815
2026,2026casac,Week 3,1678,411.328,,,,-0.668,3.391,411.328
2026,2026casac,Week 3,5940,241.043,,,,7.545,2.022,241.043
2026,2026casac,Week 3,670,137.534,,,,4.522,2.394,137.534
2026,2026casac,Week 3,3257,127.137,,,,5.65,2.014,127.137
2026,2026casac,Week 3,846,123.15,,,,0.437,1.675,123.15
2026,2026casac,Week 3,2135,107.007,,,,6.646,0.95,107.007
2026,2026casac,Week 3,4698,103.664,,,,1.266,1.002,103.664
2026,2026casac,Week 3,1857,87.218,,,,9.908,1.041,87.218
2026,2026casac,Week 3,5458,72.84,,,,-2.142,0.944,72.84
2026,2026casac,Week 3,2073,68.815,,,,0.586,0.151,68.815
2026,2026casac,Week 3,9400,64.378,,,,5.642,1.494,64.378
2026,2026casac,Week 3,3598,61.833,,,,0.685,1.535,61.833
2026,2026casac,Week 3,1072,60.903,,,,2.905,1.295,60.903
2026,2026casac,Week 3,7137,51.953,,,,5.783,1.21,51.953
2026,2026casac,Week 3,6662,48.256,,,,-1.338,0.464,48.256
2026,2026casac,Week 3,2204,47.638,,,,3.775,0.261,47.638
2026,2026casac,Week 3,751,40.337,,,,1.015,0.523,40.337
2026,2026casac,Week 3,1138,38.423,,,,7.47,0.924,38.423
2026,2026casac,Week 3,199,37.939,,,,-3.777,0.864,37.939
2026,2026casac,Week 3,3189,37.132,,,,7.278,0.759,37.132
2026,2026casac,Week 3,9111,34.0,,,,1.806,0.981,34.0
2026,2026casac,Week 3,11274,33.87,,,,3.177,0.617,33.87
2026,2026casac,Week 3,5274,32.144,,,,0.793,0.457,32.144
2026,2026casac,Week 3,2141,26.405,,,,-2.583,0.364,26.405
2026,2026casac,Week 3,11296,26.293,,,,-2.856,0.528,26.293
2026,2026casac,Week 3,5728,26.208,,,,0.26,-0.829,26.208
2026,2026casac,Week 3,701,19.464,,,,11.798,0.185,19.464
2026,2026casac,Week 3,9125,18.162,,,,4.34,0.849,18.162
2026,2026casac,Week 3,9038,17.758,,,,4.518,0.22,17.758
2026,2026casac,Week 3,1280,12.47,,,,2.754,0.549,12.47
2026,2026casac,Week 3,10212,10.626,,,,3.331,-0.32,10.626
2026,2026casac,Week 3,6981,8.433,,,,-1.176,0.17,8.433
2026,2026casac,Week 3,2288,4.975,,,,3.443,-0.203,4.975
2026,2026casac,Week 3,6884,4.576,,,,0.597,-0.501,4.576
2026,2026casac,Week 3,4135,3.157,,,,-0.684,0.711,3.157
2026,2026casac,Week 3,6619,-1.207,,,,5.738,-0.355,-1.207
2026,2026casac,Week 3,5430,-1.634,,,,-2.244,-0.558,-1.634
2026,2026casac,Week 3,3482,-4.976,,,,0.048,0.052,-4.976
2026,2026casnd,Week 3,3128,283.878,,,,8.81,2.996,283.878
2026,2026casnd,Week 3,9452,143.172,,,,5.959,2.705,143.172
2026,2026casnd,Week 3,6995,135.009,,,,3.089,1.884,135.009
2026,2026casnd,Week 3,2102,122.071,,,,2.346,1.135,122.071
2026,2026casnd,Week 3,3647,108.31,,,,2.422,2.379,108.31
2026,2026casnd,Week 3,2485,94.504,,,,0.844,1.126,94.504
2026,2026casnd,Week 3,8119,85.711,,,,-3.104,1.405,85.711
2026,2026casnd,Week 3,5474,67.198,,,,7.394,0.878,67.198
2026,2026casnd,Week 3,2984,55.773,,,,7.036,1.212,55.773
2026,2026casnd,Week 3,812,55.76,,,,-0.252,1.271,55.76
2026,2026casnd,Week 3,4738,51.315,,,,3.249,0.845,51.315
2026,2026casnd,Week 3,4419,50.623,,,,-3.116,1.118,50.623
2026,2026casnd,Week 3,5025,46.376,,,,-1.644,0.346,46.376
2026,2026casnd,Week 3,2543,39.901,,,,-1.938,0.931,39.901
2026,2026casnd,Week 3,10586,31.382,,,,2.581,0.44,31.382
2026,2026casnd,Week 3,4160,30.605,,,,0.066,0.758,30.605
2026,2026casnd,Week 3,6515,25.042,,,,1.101,0.793,25.042
2026,2026casnd,Week 3,5514,24.882,,,,1.232,0.979,24.882
2026,2026casnd,Week 3,11459,24.258,,,,8.716,0.705,24.258
2026,2026casnd,Week 3,10392,19.967,,,,0.87,1.142,19.967
2026,2026casnd,Week 3,10625,19.938,,,,2.387,0.708,19.938
2026,2026casnd,Week 3,8891,19.648,,,,-2.429,0.105,19.648
2026,2026casnd,Week 3,9730,18.02,,,,-0.15,0.496,18.02
2026,2026casnd,Week 3,3965,17.003,,,,-3.641,0.605,17.003
2026,2026casnd,Week 3,1972,16.927,,,,2.334,-0.178,16.927
2026,2026casnd,Week 3,1622,14.863,,,,-0.23,0.309,14.863
2026,2026casnd,Week 3,2658,9.182,,,,-0.634,0.373,9.182
2026,2026casnd,Week 3,6695,8.951,,,,-1.05,-0.261,8.951
2026,2026casnd,Week 3,3341,8.944,,,,1.643,0.576,8.944
2026,2026casnd,Week 3,8870,7.956,,,,1.652,0.643,7.956
2026,2026casnd,Week 3,9615,7.418,,,,0.778,-0.189,7.418
2026,2026casnd,Week 3,4919,7.355,,,,-2.214,0.153,7.355
2026,2026casnd,Week 3,2827,6.195,,,,-1.071,-0.009,6.195
2026,2026casnd,Week 3,6885,5.645,,,,-1.172,0.2,5.645
2026,2026casnd,Week 3,8006,1.854,,,,3.983,0.128,1.854
2026,2026casnd,Week 3,3704,0.432,,,,6.266,-0.526,0.432
2026,2026casnd,Week 3,4984,0.13,,,,-3.621,-0.264,0.13
2026,2026casnd,Week 3,9573,-2.244,,,,-2.16,-0.637,-2.244
2026,2026casnd,Week 3,3749,-3.497,,,,0.366,0.317,-3.497
2026,2026casnd,Week 3,2839,-7.292,,,,-1.697,-0.598,-7.292
2026,2026wasam,Week 3,948,147.753,,,,4.806,1.545,147.753
2026,2026wasam,Week 3,2046,147.525,,,,2.412,2.534,147.525
2026,2026wasam,Week 3,2412,132.632,,,,4.301,1.527,132.632
2026,2026wasam,Week 3,5937,117.979,,,,4.625,1.102,117.979
2026,2026wasam,Week 3,2522,117.584,,,,3.55,1.94,117.584
2026,2026wasam,Week 3,492,95.008,,,,-1.451,1.975,95.008
2026,2026wasam,Week 3,2928,88.507,,,,-0.229,0.652,88.507
2026,2026wasam,Week 3,9036,85.004,,,,10.085,1.168,85.004
2026,2026wasam,Week 3,1318,84.04,,,,5.936,1.165,84.04
2026,2026wasam,Week 3,4911,83.214,,,,3.879,0.775,83.214
2026,2026wasam,Week 3,4469,77.49,,,,3.375,1.584,77.49
2026,2026wasam,Week 3,7461,77.21,,,,5.163,1.185,77.21
2026,2026wasam,Week 3,8248,76.58,,,,3.024,1.511,76.58
2026,2026wasam,Week 3,9317,68.734,,,,12.267,1.679,68.734
2026,2026wasam,Week 3,3681,68.068,,,,-0.151,0.713,68.068
2026,2026wasam,Week 3,8032,65.582,,,,-2.367,0.582,65.582
2026,2026wasam,Week 3,4180,51.684,,,,-1.227,0.112,51.684
2026,2026wasam,Week 3,488,49.939,,,,-1.955,0.205,49.939
2026,2026wasam,Week 3,5588,49.165,,,,-1.45,0.015,49.165
2026,2026wasam,Week 3,2903,40.672,,,,5.721,0.668,40.672
2026,2026wasam,Week 3,1899,34.608,,,,1.523,0.194,34.608
2026,2026wasam,Week 3,3268,28.947,,,,0.523,0.65,28.947
2026,2026wasam,Week 3,2976,28.071,,,,-1.656,0.234,28.071
2026,2026wasam,Week 3,1983,17.982,,,,2.459,-0.018,17.982
2026,2026wasam,Week 3,9442,12.869,,,,-2.092,-0.778,12.869
2026,2026wasam,Week 3,6350,8.354,,,,2.699,-0.462,8.354
2026,2026wasam,Week 3,1294,8.244,,,,1.922,0.296,8.244
2026,2026wasam,Week 3,949,7.094,,,,3.722,-0.283,7.094
2026,2026wasam,Week 3,3826,-8.04,,,,4.754,0.446,-8.04
2026,2026tuhc,Week 4,2905,259.246,,,,1.14,2.671,259.246
2026,2026tuhc,Week 4,6429,148.267,,,,2.972,1.665,148.267
2026,2026tuhc,Week 4,7840,131.879,,,,-2.243,2.214,131.879
2026,2026tuhc,Week 4,11216,118.128,,,,1.753,1.244,118.128
2026,2026tuhc,Week 4,8595,109.012,,,,3.012,2.167,109.012
2026,2026tuhc,Week 4,7444,105.157,,,,1.933,1.742,105.157
2026,2026tuhc,Week 4,6985,81.696,,,,-1.585,1.67,81.696
2026,2026tuhc,Week 4,8806,78.761,,,,4.672,0.829,78.761
2026,2026tuhc,Week 4,9232,73.996,,,,3.654,1.224,73.996
2026,2026tuhc,Week 4,8151,70.225,,,,4.351,1.385,70.225
2026,2026tuhc,Week 4,6014,68.894,,,,0.654,0.444,68.894
2026,2026tuhc,Week 4,9025,61.518,,,,0.225,0.492,61.518
2026,2026tuhc,Week 4,11442,53.276,,,,4.509,1.166,53.276
2026,2026tuhc,Week 4,9089,51.274,,,,-2.395,0.751,51.274
2026,2026tuhc,Week 4,6228,50.373,,,,-0.155,1.114,50.373
2026,2026tuhc,Week 4,8182,49.336,,,,-0.608,0.214,49.336
2026,2026tuhc,Week 4,10689,41.784,,,,1.29,0.361,41.784
2026,2026tuhc,Week 4,11453,38.623,,,,1.218,0.788,38.623
2026,2026tuhc,Week 4,11335,36.26,,,,-0.127,1.389,36.26
2026,2026tuhc,Week 4,10236,28.688,,,,-0.827,1.238,28.688
2026,2026tuhc,Week 4,9247,26.156,,,,-3.391,1.24,26.156
2026,2026tuhc,Week 4,11388,24.574,,,,10.681,0.742,24.574
2026,2026tuhc,Week 4,8859,22.328,,,,6.053,0.089,22.328
2026,2026tuhc,Week 4,7050,22.123,,,,-1.955,1.515,22.123
2026,2026tuhc,Week 4,10203,21.343,,,,0.135,0.207,21.343
2026,2026tuhc,Week 4,10202,20.69,,,,-1.709,0.176,20.69
2026,2026tuhc,Week 4,9497,20.088,,,,2.356,0.978,20.088
2026,2026tuhc,Week 4,9020,17.178,,,,-2.608,0.898,17.178
2026,2026tuhc,Week 4,11010,16.683,,,,7.573,0.064,16.683
2026,2026tuhc,Week 4,9555,11.818,,,,0.308,-0.633,11.818
2026,2026tuhc,Week 4,8308,11.305,,,,9.02,0.387,11.305
2026,2026tuhc,Week 4,9231,10.741,,,,1.645,1.168,10.741
2026,2026tuhc,Week 4,10521,8.402,,,,3.037,-0.186,8.402
2026,2026tuhc,Week 4,10383,4.931,,,,0.407,-0.33,4.931
2026,2026tuhc,Week 4,8759,0.601,,,,-0.672,-0.318,0.601
2026,2026tuhc,Week 4,11371,-0.783,,,,-3.349,0.605,-0.783
2026,2026tuhc,Week 4,10549,-1.494,,,,-1.117,-0.002,-1.494
2026,2026tuhc,Week 4,10598,-2.451,,,,6.386,0.69,-2.451
2026,2026tuhc,Week 4,10243,-4.844,,,,1.495,-0.516,-4.844
2026,2026tuhc,Week 4,10251,-6.859,,,,1.942,-0.373,-6.859
2026,2026tuhc,Week 4,9591,-10.074,,,,1.762,-0.626,-10.074
2026,2026tuhc,Week 4,11392,-15.91,,,,4.629,-0.017,-15.91
2026,2026tuhc,Week 4,10445,-29.747,,,,-1.131,-1.609,-29.747
2026,2026iacf,Week 4,2847,227.978,,,,1.062,3.176,227.978
2026,2026iacf,Week 4,4646,186.687,,,,5.702,2.731,186.687
2026,2026iacf,Week 4,5809,186.195,,,,13.72,2.102,186.195
2026,2026iacf,Week 4,4728,184.292,,,,-2.279,1.928,184.292
2026,2026iacf,Week 4,167,175.062,,,,-1.759,2.213,175.062
2026,2026iacf,Week 4,3928,156.095,,,,0.089,1.566,156.095
2026,2026iacf,Week 4,1108,137.963,,,,-3.72,0.989,137.963
2026,2026iacf,Week 4,7257,130.669,,,,5.093,0.945,130.669
2026,2026iacf,Week 4,6147,120.409,,,,2.908,1.996,120.409
2026,2026iacf,Week 4,6419,116.051,,,,0.913,1.625,116.051
2026,2026iacf,Week 4,7848,105.124,,,,6.284,0.877,105.124
2026,2026iacf,Week 4,2654,100.402,,,,0.607,1.471,100.402
2026,2026iacf,Week 4,967,89.587,,,,0.809,1.234,89.587
2026,2026iacf,Week 4,59,73.511,,,,6.895,1.651,73.511
2026,2026iacf,Week 4,3267,66.189,,,,3.897,1.564,66.189
2026,2026iacf,Week 4,3055,44.956,,,,5.385,0.49,44.956
2026,2026iacf,Week 4,9092,43.646,,,,13.377,0.466,43.646
2026,2026iacf,Week 4,5442,41.987,,,,-2.513,0.311,41.987
2026,2026iacf,Week 4,8737,41.547,,,,12.59,0.662,41.547
2026,2026iacf,Week 4,1997,40.303,,,,-2.219,0.241,40.303
2026,2026iacf,Week 4,6455,39.585,,,,-1.029,-0.101,39.585
2026,2026iacf,Week 4,5837,38.548,,,,1.811,0.498,38.548
2026,2026iacf,Week 4,7531,38.03,,,,-5.335,0.17,38.03
2026,2026iacf,Week 4,11210,37.693,,,,-5.983,0.367,37.693
2026,2026iacf,Week 4,648,37.319,,,,9.975,0.363,37.319
2026,2026iacf,Week 4,5557,35.646,,,,4.554,0.965,35.646
2026,2026iacf,Week 4,5141,34.773,,,,-3.902,0.621,34.773
2026,2026iacf,Week 4,8822,34.577,,,,0.884,-0.083,34.577
2026,2026iacf,Week 4,9570,33.025,,,,4.534,0.772,33.025
2026,2026iacf,Week 4,11312,30.028,,,,3.891,1.094,30.028
2026,2026iacf,Week 4,5041,29.586,,,,1.174,0.343,29.586
2026,2026iacf,Week 4,525,28.715,,,,-1.431,0.043,28.715
2026,2026iacf,Week 4,4260,27.338,,,,0.165,-0.158,27.338
2026,2026iacf,Week 4,3723,27.049,,,,-1.071,1.371,27.049
2026,2026iacf,Week 4,5275,24.91,,,,2.811,-0.026,24.91
2026,2026iacf,Week 4,11241,22.801,,,,4.884,-0.257,22.801
2026,2026iacf,Week 4,11219,19.911,,,,4.261,0.751,19.911
2026,2026iacf,Week 4,6805,19.219,,,,-0.691,0.695,19.219
2026,2026iacf,Week 4,8770,15.774,,,,-0.586,0.144,15.774
2026,2026iacf,Week 4,5914,14.85,,,,10.443,1.204,14.85
2026,2026iacf,Week 4,9543,14.339,,,,-1.715,0.068,14.339
2026,2026iacf,Week 4,3298,12.517,,,,-2.286,0.716,12.517
2026,2026iacf,Week 4,5935,10.764,,,,5.537,0.493,10.764
2026,2026iacf,Week 4,6420,10.757,,,,7.571,0.539,10.757
2026,2026iacf,Week 4,8766,7.586,,,,-5.506,-0.484,7.586
2026,2026iacf,Week 4,9579,4.415,,,,-3.351,-0.228,4.415
2026,2026iacf,Week 4,2227,2.375,,,,2.911,0.088,2.375
2026,2026iacf,Week 4,10476,2.363,,,,6.703,0.357,2.363
2026,2026iacf,Week 4,10439,1.219,,,,5.306,0.927,1.219
2026,2026iacf,Week 4,8821,-1.071,,,,-2.922,-0.706,-1.071
2026,2026iacf,Week 4,7038,-2.763,,,,0.007,-0.59,-2.763
2026,2026iacf,Week 4,9061,-12.259,,,,-0.47,0.013,-12.259
2026,2026iacf,Week 4,5576,-26.235,,,,-7.216,-0.65,-26.235
2026,2026ilch,Week 4,5847,226.997,,,,1.822,2.474,226.997
2026,2026ilch,Week 4,111,192.38,,,,4.345,2.511,192.38
2026,2026ilch,Week 4,5934,132.567,,,,4.101,1.691,132.567
2026,2026ilch,Week 4,10435,112.462,,,,-1.424,1.796,112.462
2026,2026ilch,Week 4,48,104.732,,,,1.528,0.761,104.732
2026,2026ilch,Week 4,2338,97.856,,,,-3.851,1.37,97.856
2026,2026ilch,Week 4,8096,85.989,,,,4.134,1.172,85.989
2026,2026ilch,Week 4,8020,81.739,,,,5.888,1.231,81.739
2026,2026ilch,Week 4,2290,80.249,,,,2.938,1.455,80.249
2026,2026ilch,Week 4,3061,74.844,,,,1.541,1.261,74.844
2026,2026ilch,Week 4,112,71.506,,,,-2.141,1.34,71.506
2026,2026ilch,Week 4,8880,68.481,,,,-0.377,1.423,68.481
2026,2026ilch,Week 4,2358,68.479,,,,3.079,1.707,68.479
2026,2026ilch,Week 4,1781,62.824,,,,3.455,1.238,62.824
2026,2026ilch,Week 4,4787,53.105,,,,0.71,-0.194,53.105
2026,2026ilch,Week 4,2704,50.697,,,,2.498,0.805,50.697
2026,2026ilch,Week 4,3472,49.506,,,,-1.669,0.544,49.506
2026,2026ilch,Week 4,4296,44.421,,,,1.578,1.017,44.421
2026,2026ilch,Week 4,3067,37.65,,,,5.443,-0.393,37.65
2026,2026ilch,Week 4,5822,37.157,,,,8.282,0.831,37.157
2026,2026ilch,Week 4,4645,31.02,,,,1.045,0.435,31.02
2026,2026ilch,Week 4,6651,28.703,,,,-0.808,0.54,28.703
2026,2026ilch,Week 4,7201,24.553,,,,4.42,-0.194,24.553
2026,2026ilch,Week 4,8029,22.694,,,,-1.017,0.582,22.694
2026,2026ilch,Week 4,7417,19.221,,,,2.275,0.452,19.221
2026,2026ilch,Week 4,9280,17.916,,,,1.565,0.642,17.916
2026,2026ilch,Week 4,3734,16.746,,,,2.944,0.348,16.746
2026,2026ilch,Week 4,4863,15.536,,,,0.269,0.351,15.536
2026,2026ilch,Week 4,11173,13.589,,,,1.932,0.114,13.589
2026,2026ilch,Week 4,2022,13.206,,,,3.299,0.396,13.206
2026,2026ilch,Week 4,1739,11.293,,,,3.323,-0.567,11.293
2026,2026ilch,Week 4,8122,11.127,,,,0.279,-0.464,11.127
2026,2026ilch,Week 4,4702,10.032,,,,0.784,-0.706,10.032
2026,2026ilch,Week 4,2151,6.581,,,,6.49,0.274,6.581
2026,2026ilch,Week 4,9669,0.416,,,,1.432,-0.358,0.416
2026,2026mnmi,Week 4,2491,181.641,,,,1.536,2.268,181.641
2026,2026mnmi,Week 4,4174,178.258,,,,9.585,2.119,178.258
2026,2026mnmi,Week 4,3297,131.128,,,,-1.366,2.228,131.128
2026,2026mnmi,Week 4,2823,111.455,,,,-0.415,2.264,111.455
2026,2026mnmi,Week 4,4778,110.391,,,,13.136,1.899,110.391
2026,2026mnmi,Week 4,2530,104.725,,,,-0.061,1.847,104.725
2026,2026mnmi,Week 4,2509,91.234,,,,2.428,1.681,91.234
2026,2026mnmi,Week 4,2846,83.357,,,,4.301,1.496,83.357
2026,2026mnmi,Week 4,3082,78.18,,,,-1.578,1.387,78.18
2026,2026mnmi,Week 4,2181,78.064,,,,1.349,1.507,78.064
2026,2026mnmi,Week 4,5690,76.334,,,,1.48,1.595,76.334
2026,2026mnmi,Week 4,2855,75.468,,,,3.053,1.838,75.468
2026,2026mnmi,Week 4,4539,74.818,,,,5.51,0.949,74.818
2026,2026mnmi,Week 4,4215,58.349,,,,-1.063,0.805,58.349
2026,2026mnmi,Week 4,4009,58.043,,,,3.183,1.336,58.043
2026,2026mnmi,Week 4,4663,54.611,,,,7.134,0.836,54.611
2026,2026mnmi,Week 4,8234,54.112,,,,-1.118,0.415,54.112
2026,2026mnmi,Week 4,3926,48.564,,,,-1.398,1.096,48.564
2026,2026mnmi,Week 4,4536,45.847,,,,6.059,0.558,45.847
2026,2026mnmi,Week 4,3880,42.519,,,,-3.252,0.43,42.519
2026,2026mnmi,Week 4,2480,40.745,,,,3.204,1.007,40.745
2026,2026mnmi,Week 4,7068,38.68,,,,-0.747,1.255,38.68
2026,2026mnmi,Week 4,7530,37.254,,,,-1.433,0.238,37.254
2026,2026mnmi,Week 4,8422,30.27,,,,1.404,0.235,30.27
2026,2026mnmi,Week 4,3454,29.227,,,,1.38,0.282,29.227
2026,2026mnmi,Week 4,3038,29.181,,,,-0.336,0.342,29.181
2026,2026mnmi,Week 4,2667,28.066,,,,-0.528,0.62,28.066
2026,2026mnmi,Week 4,2470,27.393,,,,0.873,0.796,27.393
2026,2026mnmi,Week 4,3407,27.21,,,,-3.642,0.239,27.21
2026,2026mnmi,Week 4,2508,26.585,,,,3.954,0.153,26.585
2026,2026mnmi,Week 4,7235,26.27,,,,5.662,-0.246,26.27
2026,2026mnmi,Week 4,4207,25.508,,,,0.287,-0.151,25.508
2026,2026mnmi,Week 4,2177,25.083,,,,8.068,0.517,25.083
2026,2026mnmi,Week 4,3871,23.999,,,,1.639,0.584,23.999
2026,2026mnmi,Week 4,5278,21.325,,,,-0.713,-0.37,21.325
2026,2026mnmi,Week 4,7849,20.925,,,,-1.404,0.505,20.925
2026,2026mnmi,Week 4,2531,16.492,,,,-2.987,-0.007,16.492
2026,2026mnmi,Week 4,7850,14.532,,,,4.775,0.704,14.532
2026,2026mnmi,Week 4,4277,14.26,,,,0.433,-0.446,14.26
2026,2026mnmi,Week 4,4230,12.948,,,,6.25,0.03,12.948
2026,2026mnmi,Week 4,5929,10.374,,,,12.521,0.655,10.374
2026,2026mnmi,Week 4,4859,10.191,,,,-1.788,-0.736,10.191
2026,2026mnmi,Week 4,4664,8.771,,,,1.754,0.353,8.771
2026,2026mnmi,Week 4,5143,7.223,,,,4.426,0.634,7.223
2026,2026mnmi,Week 4,2450,6.007,,,,-0.798,0.67,6.007
2026,2026mnmi,Week 4,4229,5.987,,,,-5.286,-0.625,5.987
2026,2026mnmi,Week 4,3745,5.835,,,,3.147,-0.265,5.835
2026,2026mnmi,Week 4,2239,4.778,,,,-0.439,0.073,4.778
2026,2026mnmi,Week 4,4225,-0.027,,,,-4.533,-0.107,-0.027
2026,2026mnmi,Week 4,4239,-1.177,,,,0.247,0.183,-1.177
2026,2026mnmi,Week 4,7019,-10.405,,,,-0.279,-0.484,-10.405
2026,2026mosl,Week 4,1706,246.721,,,,0.49,2.66,246.721
2026,2026mosl,Week 4,6391,131.838,,,,6.668,2.306,131.838
2026,2026mosl,Week 4,3931,130.454,,,,12.142,2.067,130.454
2026,2026mosl,Week 4,4500,119.314,,,,6.101,2.347,119.314
2026,2026mosl,Week 4,9401,114.805,,,,4.4,1.912,114.805
2026,2026mosl,Week 4,5823,97.963,,,,6.279,2.08,97.963
2026,2026mosl,Week 4,4256,83.51,,,,6.5,1.78,83.51
2026,2026mosl,Week 4,4330,60.308,,,,-1.227,0.855,60.308
2026,2026mosl,Week 4,11195,51.822,,,,-2.108,1.27,51.822
2026,2026mosl,Week 4,931,51.387,,,,-1.83,0.805,51.387
2026,2026mosl,Week 4,10317,40.23,,,,-0.671,0.592,40.23
2026,2026mosl,Week 4,6817,35.368,,,,1.667,0.757,35.368
2026,2026mosl,Week 4,1329,33.644,,,,-0.443,0.974,33.644
2026,2026mosl,Week 4,6744,33.374,,,,1.763,0.946,33.374
2026,2026mosl,Week 4,8069,31.845,,,,-2.573,0.312,31.845
2026,2026mosl,Week 4,1982,29.245,,,,2.883,0.615,29.245
2026,2026mosl,Week 4,7117,26.217,,,,3.425,0.52,26.217
2026,2026mosl,Week 4,4329,25.864,,,,0.092,0.019,25.864
2026,2026mosl,Week 4,7472,23.781,,,,-4.301,1.124,23.781
2026,2026mosl,Week 4,4314,21.721,,,,0.969,0.542,21.721
2026,2026mosl,Week 4,7452,20.7,,,,2.565,0.428,20.7
2026,2026mosl,Week 4,9031,19.461,,,,6.515,-0.139,19.461
2026,2026mosl,Week 4,1208,18.706,,,,-0.551,0.401,18.706
2026,2026mosl,Week 4,5060,18.585,,,,1.874,0.542,18.585
2026,2026mosl,Week 4,1288,18.068,,,,1.09,0.65,18.068
2026,2026mosl,Week 4,3397,17.52,,,,1.917,0.044,17.52
2026,2026mosl,Week 4,9428,17.483,,,,-0.428,0.369,17.483
2026,2026mosl,Week 4,7496,15.935,,,,-1.852,-0.441,15.935
2026,2026mosl,Week 4,5583,15.457,,,,1.122,-0.006,15.457
2026,2026mosl,Week 4,8077,14.658,,,,3.805,-0.057,14.658
2026,2026mosl,Week 4,10322,14.288,,,,-1.634,0.879,14.288
2026,2026mosl,Week 4,3792,14.119,,,,1.97,-0.102,14.119
2026,2026mosl,Week 4,2408,12.407,,,,0.42,0.302,12.407
2026,2026mosl,Week 4,8719,11.463,,,,0.605,1.039,11.463
2026,2026mosl,Week 4,1178,5.294,,,,2.982,-0.439,5.294
2026,2026mosl,Week 4,2978,3.742,,,,-2.017,-0.079,3.742
2026,2026mosl,Week 4,1785,3.034,,,,4.728,-0.016,3.034
2026,2026mosl,Week 4,5002,1.241,,,,-0.026,-0.434,1.241
2026,2026mosl,Week 4,5176,-4.249,,,,2.253,0.115,-4.249
2026,2026mosl,Week 4,3200,-4.845,,,,-2.749,-0.143,-4.845
2026,2026mosl,Week 4,4931,-4.922,,,,3.389,-0.605,-4.922
2026,2026mxto,Week 4,4400,190.379,,,,3.771,2.613,190.379
2026,2026mxto,Week 4,6647,186.221,,,,4.704,2.437,186.221
2026,2026mxto,Week 4,4403,144.688,,,,8.422,2.004,144.688
2026,2026mxto,Week 4,5948,144.248,,,,0.456,2.4,144.248
2026,2026mxto,Week 4,9301,135.094,,,,-0.097,2.172,135.094
2026,2026mxto,Week 4,3158,126.207,,,,1.826,1.907,126.207
2026,2026mxto,Week 4,9134,113.482,,,,6.812,1.587,113.482
2026,2026mxto,Week 4,5716,84.516,,,,0.258,1.527,84.516
2026,2026mxto,Week 4,3526,78.701,,,,-0.806,1.631,78.701
2026,2026mxto,Week 4,3527,74.95,,,,6.289,1.588,74.95
2026,2026mxto,Week 4,7725,74.764,,,,1.011,0.92,74.764
2026,2026mxto,Week 4,2283,70.671,,,,-1.857,1.519,70.671
2026,2026mxto,Week 4,9499,46.505,,,,1.162,0.835,46.505
2026,2026mxto,Week 4,4731,46.28,,,,1.996,1.001,46.28
2026,2026mxto,Week 4,5312,45.498,,,,0.766,0.532,45.498
2026,2026mxto,Week 4,4603,43.191,,,,0.196,1.141,43.191
2026,2026mxto,Week 4,8291,31.428,,,,10.469,0.858,31.428
2026,2026mxto,Week 4,4401,30.321,,,,0.741,0.54,30.321
2026,2026mxto,Week 4,6199,28.438,,,,7.184,0.943,28.438
2026,2026mxto,Week 4,9593,27.312,,,,-3.315,0.413,27.312
2026,2026mxto,Week 4,9513,25.56,,,,1.282,0.365,25.56
2026,2026mxto,Week 4,4977,23.215,,,,0.918,-0.345,23.215
2026,2026mxto,Week 4,9120,22.698,,,,0.237,0.276,22.698
2026,2026mxto,Week 4,4355,22.628,,,,4.277,1.067,22.628
2026,2026mxto,Week 4,8290,22.517,,,,6.522,0.043,22.517
2026,2026mxto,Week 4,6483,21.458,,,,2.874,-0.282,21.458
2026,2026mxto,Week 4,7577,19.239,,,,-2.546,0.042,19.239
2026,2026mxto,Week 4,5705,17.246,,,,1.73,0.326,17.246
2026,2026mxto,Week 4,4735,14.149,,,,4.542,-0.292,14.149
2026,2026mxto,Week 4,11040,13.971,,,,5.374,-0.381,13.971
2026,2026mxto,Week 4,11351,13.708,,,,-0.104,0.411,13.708
2026,2026mxto,Week 4,6896,13.454,,,,-0.984,0.118,13.454
2026,2026mxto,Week 4,11380,10.168,,,,3.345,1.134,10.168
2026,2026mxto,Week 4,8266,10.079,,,,0.474,0.857,10.079
2026,2026mxto,Week 4,10562,9.841,,,,-1.663,0.282,9.841
2026,2026mxto,Week 4,5526,9.178,,,,0.228,0.443,9.178
2026,2026mxto,Week 4,8105,7.17,,,,-0.996,-0.061,7.17
2026,2026mxto,Week 4,8293,6.334,,,,-1.191,-0.16,6.334
2026,2026mxto,Week 4,7653,4.819,,,,-2.61,-0.146,4.819
2026,2026mxto,Week 4,11031,2.167,,,,-0.114,0.18,2.167
2026,2026mxto,Week 4,11304,2.112,,,,3.959,-0.23,2.112
2026,2026mxto,Week 4,7037,1.618,,,,3.129,-0.46,1.618
2026,2026mxto,Week 4,6608,1.047,,,,3.139,-0.306,1.047
2026,2026mxto,Week 4,5874,0.435,,,,-2.344,-0.179,0.435
2026,2026mxto,Week 4,7687,0.089,,,,-4.307,-0.038,0.089
2026,2026mxto,Week 4,7018,-5.299,,,,-1.352,-0.344,-5.299
2026,2026gaalb,Week 4,1002,173.562,,,,1.057,2.242,173.562
2026,2026gaalb,Week 4,1771,129.811,,,,-2.093,1.964,129.811
2026,2026gaalb,Week 4,4188,125.576,,,,1.514,2.347,125.576
2026,2026gaalb,Week 4,6919,114.216,,,,3.488,1.677,114.216
2026,2026gaalb,Week 4,1261,96.29,,,,3.136,1.039,96.29
2026,2026gaalb,Week 4,3635,62.553,,,,3.54,0.65,62.553
2026,2026gaalb,Week 4,1648,60.021,,,,3.594,1.228,60.021
2026,2026gaalb,Week 4,6925,56.805,,,,1.301,0.915,56.805
2026,2026gaalb,Week 4,9477,54.327,,,,7.495,1.113,54.327
2026,2026gaalb,Week 4,8866,53.859,,,,3.135,0.145,53.859
2026,2026gaalb,Week 4,5109,51.868,,,,-2.473,1.092,51.868
2026,2026gaalb,Week 4,7514,51.815,,,,-3.745,0.761,51.815
2026,2026gaalb,Week 4,6910,35.337,,,,-2.104,0.472,35.337
2026,2026gaalb,Week 4,3091,34.377,,,,2.647,1.052,34.377
2026,2026gaalb,Week 4,6905,32.416,,,,5.464,0.275,32.416
2026,2026gaalb,Week 4,6023,32.352,,,,4.035,1.253,32.352
2026,2026gaalb,Week 4,5074,31.177,,,,3.68,0.404,31.177
2026,2026gaalb,Week 4,8080,21.59,,,,4.711,1.01,21.59
2026,2026gaalb,Week 4,7104,19.996,,,,-2.236,-0.685,19.996
2026,2026gaalb,Week 4,4240,19.842,,,,-0.49,-0.008,19.842
2026,2026gaalb,Week 4,8736,17.468,,,,0.823,0.567,17.468
2026,2026gaalb,Week 4,5828,14.666,,,,-0.595,0.427,14.666
2026,2026gaalb,Week 4,8100,13.942,,,,-0.347,0.088,13.942
2026,2026gaalb,Week 4,4730,13.028,,,,2.659,0.021,13.028
2026,2026gaalb,Week 4,11214,8.319,,,,0.002,-0.021,8.319
2026,2026gaalb,Week 4,7538,7.82,,,,1.105,-0.207,7.82
2026,2026gaalb,Week 4,10338,-3.834,,,,-3.176,-0.843,-3.834
2026,2026gaalb,Week 4,4701,-3.948,,,,-0.294,0.353,-3.948
2026,2026inlaf,Week 4,7457,248.332,,,,4.74,2.903,248.332
2026,2026inlaf,Week 4,4272,144.566,,,,1.197,1.649,144.566
2026,2026inlaf,Week 4,1501,141.621,,,,3.517,1.705,141.621
2026,2026inlaf,Week 4,461,139.867,,,,-1.05,1.391,139.867
2026,2026inlaf,Week 4,10021,131.999,,,,0.044,1.563,131.999
2026,2026inlaf,Week 4,3494,116.054,,,,0.814,1.83,116.054
2026,2026inlaf,Week 4,3176,87.731,,,,2.919,1.207,87.731
2026,2026inlaf,Week 4,1646,83.272,,,,2.769,1.021,83.272
2026,2026inlaf,Week 4,6721,82.204,,,,6.03,1.752,82.204
2026,2026inlaf,Week 4,5402,76.826,,,,-0.941,1.367,76.826
2026,2026inlaf,Week 4,829,70.326,,,,-0.991,1.332,70.326
2026,2026inlaf,Week 4,1741,68.847,,,,-0.075,1.135,68.847
2026,2026inlaf,Week 4,234,64.743,,,,-0.864,0.595,64.743
2026,2026inlaf,Week 4,292,56.601,,,,1.073,0.589,56.601
2026,2026inlaf,Week 4,2867,56.249,,,,-0.043,0.433,56.249
2026,2026inlaf,Week 4,1018,55.217,,,,2.644,1.52,55.217
2026,2026inlaf,Week 4,10332,46.422,,,,-0.015,0.279,46.422
2026,2026inlaf,Week 4,7617,44.944,,,,0.922,0.397,44.944
2026,2026inlaf,Week 4,1555,44.164,,,,1.831,1.414,44.164
2026,2026inlaf,Week 4,3487,41.842,,,,0.097,0.721,41.842
2026,2026inlaf,Week 4,7695,38.879,,,,3.285,0.241,38.879
2026,2026inlaf,Week 4,4982,36.08,,,,0.764,0.157,36.08
2026,2026inlaf,Week 4,6956,31.234,,,,-0.119,0.634,31.234
2026,2026inlaf,Week 4,4485,30.068,,,,0.323,0.744,30.068
2026,2026inlaf,Week 4,7198,26.698,,,,1.192,-0.479,26.698
2026,2026inlaf,Week 4,71,24.4,,,,0.699,0.583,24.4
2026,2026inlaf,Week 4,135,23.392,,,,-0.61,0.555,23.392
2026,2026inlaf,Week 4,4580,22.447,,,,-0.483,-0.304,22.447
2026,2026inlaf,Week 4,9530,21.507,,,,-1.263,0.636,21.507
2026,2026inlaf,Week 4,7477,17.791,,,,1.883,-0.437,17.791
2026,2026inlaf,Week 4,8742,17.682,,,,0.16,-0.004,17.682
2026,2026inlaf,Week 4,3865,15.448,,,,-0.87,0.416,15.448
2026,2026inlaf,Week 4,10172,11.264,,,,0.05,-0.446,11.264
2026,2026inlaf,Week 4,328,4.516,,,,0.337,0.126,4.516
2026,2026inlaf,Week 4,2171,-16.816,,,,3.367,-0.559,-16.816
2026,2026milsu,Week 4,5216,128.153,,,,1.848,2.289,128.153
2026,2026milsu,Week 4,8517,127.717,,,,1.154,1.97,127.717
2026,2026milsu,Week 4,4398,124.379,,,,0.076,2.299,124.379
2026,2026milsu,Week 4,3536,110.113,,,,-0.23,1.756,110.113
2026,2026milsu,Week 4,4967,89.603,,,,2.067,1.862,89.603
2026,2026milsu,Week 4,6077,85.496,,,,0.154,1.28,85.496
2026,2026milsu,Week 4,6121,80.799,,,,1.642,1.915,80.799
2026,2026milsu,Week 4,6637,80.354,,,,2.547,1.174,80.354
2026,2026milsu,Week 4,3452,79.034,,,,0.877,0.81,79.034
2026,2026milsu,Week 4,4779,77.237,,,,-0.928,1.377,77.237
2026,2026milsu,Week 4,9674,74.33,,,,0.914,1.164,74.33
2026,2026milsu,Week 4,4392,71.112,,,,2.282,0.805,71.112
2026,2026milsu,Week 4,7814,69.631,,,,2.594,1.527,69.631
2026,2026milsu,Week 4,1596,69.169,,,,-0.983,1.17,69.169
2026,2026milsu,Week 4,10666,61.64,,,,1.831,1.777,61.64
2026,2026milsu,Week 4,857,54.998,,,,-0.065,1.537,54.998
2026,2026milsu,Week 4,7713,49.764,,,,2.601,0.802,49.764
2026,2026milsu,Week 4,5424,45.894,,,,-0.65,0.436,45.894
2026,2026milsu,Week 4,5314,43.196,,,,-0.547,0.909,43.196
2026,2026milsu,Week 4,9548,38.872,,,,1.134,1.163,38.872
2026,2026milsu,Week 4,10589,38.215,,,,-1.296,0.561,38.215
2026,2026milsu,Week 4,7768,33.296,,,,0.687,0.668,33.296
2026,2026milsu,Week 4,6558,31.376,,,,1.527,0.44,31.376
2026,2026milsu,Week 4,10622,26.849,,,,-0.274,0.591,26.849
2026,2026milsu,Week 4,4377,25.631,,,,1.191,0.357,25.631
2026,2026milsu,Week 4,4375,24.989,,,,0.184,0.39,24.989
2026,2026milsu,Week 4,6112,24.846,,,,0.276,0.362,24.846
2026,2026milsu,Week 4,5486,24.102,,,,5.079,-0.003,24.102
2026,2026milsu,Week 4,10595,21.377,,,,5.57,-0.315,21.377
2026,2026milsu,Week 4,5706,21.058,,,,0.414,-0.207,21.058
2026,2026milsu,Week 4,10605,20.264,,,,2.272,0.106,20.264
2026,2026milsu,Week 4,5213,16.768,,,,1.271,-0.221,16.768
2026,2026milsu,Week 4,6098,12.891,,,,-0.547,-0.332,12.891
2026,2026milsu,Week 4,9249,12.062,,,,0.293,0.319,12.062
2026,2026milsu,Week 4,9722,8.075,,,,1.593,-0.449,8.075
2026,2026milsu,Week 4,5547,7.084,,,,0.941,0.041,7.084
2026,2026milsu,Week 4,5878,6.799,,,,-1.576,0.101,6.799
2026,2026milsu,Week 4,9682,5.316,,,,0.642,0.044,5.316
2026,2026milsu,Week 4,9733,-0.579,,,,-0.337,-0.123,-0.579
2026,2026milsu,Week 4,6088,-8.402,,,,-0.412,-0.023,-8.402
2026,2026milsu,Week 4,6113,-10.924,,,,1.27,-0.747,-10.924
2026,2026miwmi,Week 4,3539,197.189,,,,12.22,2.452,197.189
2026,2026miwmi,Week 4,6090,187.798,,,,2.225,3.11,187.798
2026,2026miwmi,Week 4,1918,164.266,,,,-1.731,2.219,164.266
2026,2026miwmi,Week 4,3572,141.583,,,,2.903,2.134,141.583
2026,2026miwmi,Week 4,2054,136.563,,,,0.374,2.039,136.563
2026,2026miwmi,Week 4,7054,120.372,,,,10.273,1.735,120.372
2026,2026miwmi,Week 4,74,117.008,,,,3.043,1.532,117.008
2026,2026miwmi,Week 4,4003,96.445,,,,1.509,1.109,96.445
2026,2026miwmi,Week 4,85,92.424,,,,1.492,0.814,92.424
2026,2026miwmi,Week 4,6753,91.848,,,,1.335,1.318,91.848
2026,2026miwmi,Week 4,6114,91.421,,,,-0.004,0.959,91.421
2026,2026miwmi,Week 4,7195,78.794,,,,-0.429,1.582,78.794
2026,2026miwmi,Week 4,6128,71.515,,,,2.817,1.121,71.515
2026,2026miwmi,Week 4,3357,70.611,,,,0.607,0.859,70.611
2026,2026miwmi,Week 4,6877,67.294,,,,-1.07,0.565,67.294
2026,2026miwmi,Week 4,141,61.484,,,,6.125,0.378,61.484
2026,2026miwmi,Week 4,2619,58.559,,,,13.214,1.293,58.559
2026,2026miwmi,Week 4,5927,55.788,,,,-1.505,0.669,55.788
2026,2026miwmi,Week 4,6094,49.071,,,,4.665,0.635,49.071
2026,2026miwmi,Week 4,8397,43.208,,,,-4.101,0.558,43.208
2026,2026miwmi,Week 4,4680,43.041,,,,-0.017,0.901,43.041
2026,2026miwmi,Week 4,11522,43.002,,,,12.823,0.258,43.002
2026,2026miwmi,Week 4,244,42.378,,,,2.019,0.779,42.378
2026,2026miwmi,Week 4,288,35.355,,,,-0.773,0.678,35.355
2026,2026miwmi,Week 4,3425,29.488,,,,2.236,-0.153,29.488
2026,2026miwmi,Week 4,9206,27.129,,,,0.45,-0.415,27.129
2026,2026miwmi,Week 4,107,27.031,,,,-2.64,0.328,27.031
2026,2026miwmi,Week 4,5623,25.619,,,,2.652,0.109,25.619
2026,2026miwmi,Week 4,5610,23.729,,,,0.644,0.249,23.729
2026,2026miwmi,Week 4,9671,23.294,,,,-2.89,0.37,23.294
2026,2026miwmi,Week 4,7248,22.582,,,,-0.953,0.18,22.582
2026,2026miwmi,Week 4,11491,16.923,,,,-0.917,0.064,16.923
2026,2026miwmi,Week 4,3458,14.144,,,,-0.727,-0.175,14.144
2026,2026miwmi,Week 4,9754,13.114,,,,0.787,-0.149,13.114
2026,2026miwmi,Week 4,9542,12.329,,,,-2.421,0.436,12.329
2026,2026miwmi,Week 4,5470,12.179,,,,-1.956,0.024,12.179
2026,2026miwmi,Week 4,6428,10.507,,,,1.352,0.089,10.507
2026,2026miwmi,Week 4,5256,9.87,,,,5.018,0.32,9.87
2026,2026miwmi,Week 4,9721,8.109,,,,1.072,0.027,8.109
2026,2026miwmi,Week 4,7210,1.688,,,,-2.638,-0.418,1.688
2026,2026onwat,Week 4,4946,281.915,,,,6.815,3.409,281.915
2026,2026onwat,Week 4,4678,244.286,,,,4.026,2.024,244.286
2026,2026onwat,Week 4,2200,212.441,,,,11.164,2.846,212.441
2026,2026onwat,Week 4,610,191.277,,,,6.053,1.626,191.277
2026,2026onwat,Week 4,9098,149.306,,,,6.756,2.238,149.306
2026,2026onwat,Week 4,3683,115.306,,,,1.277,1.295,115.306
2026,2026onwat,Week 4,2702,97.382,,,,0.202,1.04,97.382
2026,2026onwat,Week 4,5409,89.08,,,,0.159,1.289,89.08
2026,2026onwat,Week 4,4917,86.954,,,,1.033,0.671,86.954
2026,2026onwat,Week 4,4976,78.198,,,,-1.379,0.956,78.198
2026,2026onwat,Week 4,2609,76.641,,,,2.289,1.055,76.641
2026,2026onwat,Week 4,11227,73.415,,,,12.385,0.54,73.415
2026,2026onwat,Week 4,8089,62.051,,,,4.702,1.226,62.051
2026,2026onwat,Week 4,1334,54.569,,,,-2.122,0.611,54.569
2026,2026onwat,Week 4,772,45.886,,,,2.516,0.809,45.886
2026,2026onwat,Week 4,5870,41.963,,,,1.576,-0.099,41.963
2026,2026onwat,Week 4,3756,41.463,,,,4.336,0.658,41.463
2026,2026onwat,Week 4,4617,34.361,,,,-0.06,0.201,34.361
2026,2026onwat,Week 4,2386,33.061,,,,-2.342,0.449,33.061
2026,2026onwat,Week 4,6854,24.37,,,,1.085,0.233,24.37
2026,2026onwat,Week 4,6875,24.124,,,,0.872,0.027,24.124
2026,2026onwat,Week 4,9263,21.606,,,,-0.668,0.247,21.606
2026,2026onwat,Week 4,6975,19.515,,,,2.305,0.407,19.515
2026,2026onwat,Week 4,5408,17.237,,,,2.967,0.728,17.237
2026,2026onwat,Week 4,7058,13.995,,,,-2.228,0.543,13.995
2026,2026onwat,Week 4,4308,11.547,,,,0.157,-0.281,11.547
2026,2026onwat,Week 4,5912,11.168,,,,3.12,0.469,11.168
2026,2026onwat,Week 4,6725,7.329,,,,2.938,0.039,7.329
2026,2026onwat,Week 4,8764,6.313,,,,0.522,-0.018,6.313
2026,2026onwat,Week 4,4940,-6.624,,,,3.515,-0.219,-6.624
2026,2026onwat,Week 4,10514,-9.8,,,,5.196,-0.686,-9.8
2026,2026schar,Week 4,8575,97.196,,,,2.492,1.966,97.196
2026,2026schar,Week 4,6366,85.286,,,,2.803,2.124,85.286
2026,2026schar,Week 4,1287,78.718,,,,0.569,2.34,78.718
2026,2026schar,Week 4,342,65.966,,,,-2.089,1.792,65.966
2026,2026schar,Week 4,343,58.622,,,,2.721,1.907,58.622
2026,2026schar,Week 4,1319,56.44,,,,4.385,1.217,56.44
2026,2026schar,Week 4,1051,55.002,,,,5.616,0.264,55.002
2026,2026schar,Week 4,1758,51.544,,,,2.544,1.248,51.544
2026,2026schar,Week 4,11167,38.483,,,,0.678,0.727,38.483
2026,2026schar,Week 4,4533,38.204,,,,-1.543,0.415,38.204
2026,2026schar,Week 4,281,35.92,,,,2.686,0.802,35.92
2026,2026schar,Week 4,11308,35.529,,,,-2.049,0.684,35.529
2026,2026schar,Week 4,1102,34.89,,,,2.083,-0.343,34.89
2026,2026schar,Week 4,10367,32.803,,,,3.562,0.353,32.803
2026,2026schar,Week 4,11368,30.821,,,,6.486,0.335,30.821
2026,2026schar,Week 4,7085,28.53,,,,1.857,0.83,28.53
2026,2026schar,Week 4,10231,27.522,,,,-1.475,0.466,27.522
2026,2026schar,Week 4,11424,25.912,,,,0.699,0.947,25.912
2026,2026schar,Week 4,3489,24.795,,,,-0.871,-0.14,24.795
2026,2026schar,Week 4,2815,23.951,,,,2.151,0.615,23.951
2026,2026schar,Week 4,11254,23.128,,,,-1.127,-0.188,23.128
2026,2026schar,Week 4,10599,23.045,,,,3.706,0.436,23.045
2026,2026schar,Week 4,11398,21.889,,,,-1.628,0.647,21.889
2026,2026schar,Week 4,8137,21.627,,,,0.237,0.496,21.627
2026,2026schar,Week 4,3490,21.267,,,,-1.048,-0.04,21.267
2026,2026schar,Week 4,10361,20.538,,,,-1.103,0.699,20.538
2026,2026schar,Week 4,9315,20.483,,,,1.021,0.306,20.483
2026,2026schar,Week 4,6167,19.036,,,,-0.305,-0.053,19.036
2026,2026schar,Week 4,11475,15.492,,,,-1.096,0.138,15.492
2026,2026schar,Week 4,10591,9.217,,,,5.428,-0.239,9.217
2026,2026schar,Week 4,6961,6.559,,,,-0.722,-0.252,6.559
2026,2026idbo,Week 4,2122,235.039,,,,2.779,2.577,235.039
2026,2026idbo,Week 4,359,230.188,,,,1.928,2.875,230.188
2026,2026idbo,Week 4,3006,191.392,,,,4.206,2.518,191.392
2026,2026idbo,Week 4,3216,116.852,,,,4.327,1.24,116.852
2026,2026idbo,Week 4,8005,116.818,,,,4.064,1.685,116.818
2026,2026idbo,Week 4,8229,98.952,,,,-0.462,1.982,98.952
2026,2026idbo,Week 4,2486,82.885,,,,2.237,1.301,82.885
2026,2026idbo,Week 4,9449,77.083,,,,0.969,1.557,77.083
2026,2026idbo,Week 4,7334,65.164,,,,0.931,0.948,65.164
2026,2026idbo,Week 4,10903,63.478,,,,1.033,1.328,63.478
2026,2026idbo,Week 4,4183,62.048,,,,2.042,0.618,62.048
2026,2026idbo,Week 4,6358,56.64,,,,1.149,0.66,56.64
2026,2026idbo,Week 4,5461,50.988,,,,1.855,0.513,50.988
2026,2026idbo,Week 4,8551,44.803,,,,2.242,0.416,44.803
2026,2026idbo,Week 4,9726,43.275,,,,7.008,0.594,43.275
2026,2026idbo,Week 4,4175,40.104,,,,-1.858,1.304,40.104
2026,2026idbo,Week 4,2594,34.911,,,,-0.598,0.749,34.911
2026,2026idbo,Week 4,7497,32.621,,,,2.329,0.775,32.621
2026,2026idbo,Week 4,5515,31.006,,,,-0.442,0.684,31.006
2026,2026idbo,Week 4,1569,28.28,,,,0.595,0.327,28.28
2026,2026idbo,Week 4,3729,27.287,,,,1.852,-0.128,27.287
2026,2026idbo,Week 4,4585,25.176,,,,1.927,-0.101,25.176
2026,2026idbo,Week 4,2130,24.102,,,,-0.673,0.117,24.102
2026,2026idbo,Week 4,1891,20.906,,,,3.046,0.104,20.906
2026,2026idbo,Week 4,7436,18.786,,,,4.339,-0.205,18.786
2026,2026idbo,Week 4,1828,18.613,,,,2.856,0.218,18.613
2026,2026idbo,Week 4,8756,16.854,,,,4.285,0.765,16.854
2026,2026idbo,Week 4,2726,14.591,,,,0.989,0.107,14.591
2026,2026idbo,Week 4,8550,13.795,,,,0.546,-0.083,13.795
2026,2026idbo,Week 4,11025,13.315,,,,1.868,0.31,13.315
2026,2026idbo,Week 4,1566,6.863,,,,-1.771,0.204,6.863
2026,2026idbo,Week 4,5871,4.09,,,,-1.123,0.697,4.09
2026,2026idbo,Week 4,9438,3.256,,,,-1.539,0.424,3.256
2026,2026idbo,Week 4,7895,-3.827,,,,0.175,-0.23,-3.827
2026,2026idbo,Week 4,8885,-7.334,,,,-0.616,-1.014,-7.334
2026,2026orore,Week 4,1540,219.125,,,,5.136,1.97,219.125
2026,2026orore,Week 4,1425,178.929,,,,9.19,2.712,178.929
2026,2026orore,Week 4,955,171.866,,,,6.216,1.746,171.866
2026,2026orore,Week 4,6696,163.48,,,,-0.324,2.534,163.48
2026,2026orore,Week 4,2471,161.765,,,,-1.142,1.94,161.765
2026,2026orore,Week 4,4488,148.656,,,,8.965,1.933,148.656
2026,2026orore,Week 4,2990,140.059,,,,0.238,1.172,140.059
2026,2026orore,Week 4,9430,118.717,,,,0.705,1.296,118.717
2026,2026orore,Week 4,4915,114.224,,,,12.349,1.398,114.224
2026,2026orore,Week 4,3674,112.224,,,,5.927,1.071,112.224
2026,2026orore,Week 4,997,111.379,,,,6.383,1.316,111.379
2026,2026orore,Week 4,8032,103.929,,,,4.028,2.07,103.929
2026,2026orore,Week 4,957,102.037,,,,2.721,0.902,102.037
2026,2026orore,Week 4,2521,82.143,,,,-2.142,0.331,82.143
2026,2026orore,Week 4,2557,77.21,,,,4.508,0.89,77.21
2026,2026orore,Week 4,2811,75.882,,,,-2.925,1.197,75.882
2026,2026orore,Week 4,9600,73.267,,,,-0.803,0.678,73.267
2026,2026orore,Week 4,2635,50.514,,,,1.702,0.336,50.514
2026,2026orore,Week 4,749,46.731,,,,4.439,0.297,46.731
2026,2026orore,Week 4,2898,43.192,,,,3.01,0.576,43.192
2026,2026orore,Week 4,10991,43.041,,,,8.095,0.19,43.041
2026,2026orore,Week 4,2733,40.353,,,,4.868,0.364,40.353
2026,2026orore,Week 4,2915,32.876,,,,2.065,0.91,32.876
2026,2026orore,Week 4,6465,32.131,,,,0.363,0.379,32.131
2026,2026orore,Week 4,3669,20.339,,,,1.227,0.004,20.339
2026,2026orore,Week 4,3636,20.324,,,,10.06,0.37,20.324
2026,2026orore,Week 4,9567,18.405,,,,-2.513,0.028,18.405
2026,2026orore,Week 4,4662,17.247,,,,2.489,0.147,17.247
2026,2026orore,Week 4,6831,14.958,,,,-2.709,-0.076,14.958
2026,2026orore,Week 4,1359,13.027,,,,1.032,0.221,13.027
2026,2026orore,Week 4,5975,7.435,,,,2.443,-0.646,7.435
2026,2026orore,Week 4,2550,1.079,,,,-1.589,-0.559,1.079
2026,2026orore,Week 4,5970,0.815,,,,1.501,0.291,0.815
2026,2026orore,Week 4,2930,-0.092,,,,-1.168,0.293,-0.092
2026,2026orore,Week 4,10444,-5.513,,,,0.238,0.387,-5.513
2026,2026cthar,Week 4,571,194.321,,,,-2.85,2.542,194.321
2026,2026cthar,Week 4,2067,188.933,,,,1.073,2.26,188.933
2026,2026cthar,Week 4,7407,179.112,,,,2.758,1.976,179.112
2026,2026cthar,Week 4,236,143.526,,,,-0.58,2.085,143.526
2026,2026cthar,Week 4,1699,135.965,,,,2.325,1.72,135.965
2026,2026cthar,Week 4,177,127.191,,,,3.076,2.008,127.191
2026,2026cthar,Week 4,3146,90.807,,,,3.499,1.327,90.807
2026,2026cthar,Week 4,155,80.506,,,,2.557,0.972,80.506
2026,2026cthar,Week 4,8889,70.983,,,,4.368,1.11,70.983
2026,2026cthar,Week 4,228,65.206,,,,2.826,0.878,65.206
2026,2026cthar,Week 4,175,60.362,,,,2.696,0.436,60.362
2026,2026cthar,Week 4,126,59.358,,,,3.094,1.324,59.358
2026,2026cthar,Week 4,558,59.321,,,,0.08,1.05,59.321
2026,2026cthar,Week 4,429,54.291,,,,2.951,0.626,54.291
2026,2026cthar,Week 4,3461,53.45,,,,5.256,0.855,53.45
2026,2026cthar,Week 4,6346,51.757,,,,-2.424,0.985,51.757
2026,2026cthar,Week 4,5142,49.669,,,,3.531,0.346,49.669
2026,2026cthar,Week 4,10133,44.915,,,,-0.201,0.142,44.915
2026,2026cthar,Week 4,178,43.871,,,,0.273,0.885,43.871
2026,2026cthar,Week 4,11464,42.125,,,,0.022,0.49,42.125
2026,2026cthar,Week 4,181,41.576,,,,0.502,1.207,41.576
2026,2026cthar,Week 4,1991,38.95,,,,-1.086,0.413,38.95
2026,2026cthar,Week 4,11131,38.788,,,,0.453,0.997,38.788
2026,2026cthar,Week 4,4628,35.996,,,,3.654,0.425,35.996
2026,2026cthar,Week 4,2170,29.637,,,,1.855,0.991,29.637
2026,2026cthar,Week 4,7760,28.191,,,,-0.127,0.391,28.191
2026,2026cthar,Week 4,10245,24.312,,,,3.584,0.206,24.312
2026,2026cthar,Week 4,5746,22.139,,,,-1.662,0.156,22.139
2026,2026cthar,Week 4,9710,21.118,,,,-1.136,-0.248,21.118
2026,2026cthar,Week 4,3182,8.143,,,,0.675,0.671,8.143
2026,2026cthar,Week 4,11409,6.383,,,,1.473,0.264,6.383
2026,2026cthar,Week 4,3719,3.894,,,,2.753,0.021,3.894
2026,2026cthar,Week 4,9193,0.765,,,,-0.756,-0.291,0.765
2026,2026cthar,Week 4,2785,0.297,,,,-0.301,0.304,0.297
2026,2026cthar,Week 4,5856,-5.141,,,,1.285,-0.855,-5.141
2026,2026cthar,Week 4,3634,-7.509,,,,1.543,-0.768,-7.509
2026,2026cthar,Week 4,10266,-16.124,,,,-0.369,-0.401,-16.124
2026,2026mabos,Week 4,125,272.686,,,,1.937,3.256,272.686
2026,2026mabos,Week 4,2877,204.717,,,,0.794,2.319,204.717
2026,2026mabos,Week 4,190,168.455,,,,4.196,2.13,168.455
2026,2026mabos,Week 4,5813,158.922,,,,5.122,1.089,158.922
2026,2026mabos,Week 4,88,154.637,,,,-1.408,1.873,154.637
2026,2026mabos,Week 4,1153,137.434,,,,2.241,1.386,137.434
2026,2026mabos,Week 4,2713,130.758,,,,-2.368,1.268,130.758
2026,2026mabos,Week 4,4909,122.643,,,,5.237,1.376,122.643
2026,2026mabos,Week 4,8013,117.531,,,,7.674,1.183,117.531
2026,2026mabos,Week 4,4311,100.335,,,,0.841,1.235,100.335
2026,2026mabos,Week 4,3323,96.822,,,,0.663,0.565,96.822
2026,2026mabos,Week 4,131,92.198,,,,0.256,1.234,92.198
2026,2026mabos,Week 4,10973,75.381,,,,4.028,1.804,75.381
2026,2026mabos,Week 4,151,69.851,,,,-0.759,0.885,69.851
2026,2026mabos,Week 4,8709,66.064,,,,2.997,0.43,66.064
2026,2026mabos,Week 4,8626,62.061,,,,0.055,1.002,62.061
2026,2026mabos,Week 4,501,61.719,,,,1.129,1.224,61.719
2026,2026mabos,Week 4,246,56.346,,,,-0.588,0.901,56.346
2026,2026mabos,Week 4,1277,55.061,,,,1.412,0.056,55.061
2026,2026mabos,Week 4,2423,54.377,,,,5.526,0.681,54.377
2026,2026mabos,Week 4,2084,52.736,,,,4.036,0.754,52.736
2026,2026mabos,Week 4,6731,47.074,,,,-3.822,0.623,47.074
2026,2026mabos,Week 4,5563,44.817,,,,3.176,-0.043,44.817
2026,2026mabos,Week 4,5491,44.725,,,,2.972,-0.129,44.725
2026,2026mabos,Week 4,9729,43.319,,,,7.974,0.586,43.319
2026,2026mabos,Week 4,5962,43.032,,,,-0.478,0.272,43.032
2026,2026mabos,Week 4,2876,40.847,,,,-0.393,0.325,40.847
2026,2026mabos,Week 4,4572,38.873,,,,2.725,0.619,38.873
2026,2026mabos,Week 4,6201,37.65,,,,-1.769,0.466,37.65
2026,2026mabos,Week 4,5459,34.187,,,,-3.106,0.293,34.187
2026,2026mabos,Week 4,10912,33.64,,,,4.834,0.488,33.64
2026,2026mabos,Week 4,8023,32.392,,,,1.003,0.005,32.392
2026,2026mabos,Week 4,4048,28.079,,,,3.28,0.228,28.079
2026,2026mabos,Week 4,1761,20.061,,,,4.586,-0.036,20.061
2026,2026mabos,Week 4,3958,19.587,,,,4.191,-0.422,19.587
2026,2026mabos,Week 4,10156,13.614,,,,-0.741,0.084,13.614
2026,2026mabos,Week 4,5735,8.038,,,,1.713,0.405,8.038
2026,2026mdsev,Week 4,836,160.539,,,,2.767,2.142,160.539
2026,2026mdsev,Week 4,2199,156.618,,,,3.128,2.816,156.618
2026,2026mdsev,Week 4,1629,130.012,,,,-0.892,1.634,130.012
2026,2026mdsev,Week 4,8592,117.641,,,,-0.322,1.649,117.641
2026,2026mdsev,Week 4,1727,113.408,,,,-0.61,1.766,113.408
2026,2026mdsev,Week 4,3748,105.647,,,,1.419,2.089,105.647
2026,2026mdsev,Week 4,686,104.44,,,,4.469,1.38,104.44
2026,2026mdsev,Week 4,614,98.901,,,,6.248,1.272,98.901
2026,2026mdsev,Week 4,9033,65.968,,,,2.07,1.563,65.968
2026,2026mdsev,Week 4,4541,65.625,,,,3.986,1.568,65.625
2026,2026mdsev,Week 4,2377,62.46,,,,3.515,0.461,62.46
2026,2026mdsev,Week 4,11318,60.074,,,,-1.54,1.128,60.074
2026,2026mdsev,Week 4,1418,55.077,,,,2.55,0.899,55.077
2026,2026mdsev,Week 4,1389,54.167,,,,-1.053,0.617,54.167
2026,2026mdsev,Week 4,6863,42.081,,,,-0.489,0.168,42.081
2026,2026mdsev,Week 4,339,41.961,,,,5.122,0.724,41.961
2026,2026mdsev,Week 4,623,38.154,,,,0.547,0.821,38.154
2026,2026mdsev,Week 4,8622,31.696,,,,3.284,1.234,31.696
2026,2026mdsev,Week 4,3714,27.643,,,,5.142,0.557,27.643
2026,2026mdsev,Week 4,1446,27.341,,,,-0.719,-0.237,27.341
2026,2026mdsev,Week 4,11211,19.999,,,,-0.839,0.539,19.999
2026,2026mdsev,Week 4,1719,14.316,,,,-0.497,0.505,14.316
2026,2026mdsev,Week 4,4505,13.497,,,,-0.586,0.332,13.497
2026,2026mdsev,Week 4,10449,12.429,,,,-0.944,-0.629,12.429
2026,2026mdsev,Week 4,2963,10.42,,,,4.067,0.328,10.42
2026,2026mdsev,Week 4,2849,9.289,,,,-2.389,-0.028,9.289
2026,2026mdsev,Week 4,7770,8.826,,,,-0.292,-0.212,8.826
2026,2026mdsev,Week 4,2534,8.551,,,,-0.037,0.175,8.551
2026,2026mdsev,Week 4,8726,5.973,,,,0.826,0.135,5.973
2026,2026mdsev,Week 4,1915,5.068,,,,-2.047,-0.332,5.068
2026,2026mdsev,Week 4,2912,4.5,,,,-1.096,0.439,4.5
2026,2026mdsev,Week 4,11350,2.234,,,,3.543,0.416,2.234
2026,2026mdsev,Week 4,10679,0.305,,,,1.954,-0.074,0.305
2026,2026mdsev,Week 4,1111,-2.954,,,,4.239,-0.286,-2.954
2026,2026mdsev,Week 4,2914,-7.906,,,,-1.608,-0.227,-7.906
2026,2026mibat,Week 4,2767,254.14,,,,0.492,2.667,254.14
2026,2026mibat,Week 4,4237,231.215,,,,1.442,2.676,231.215
2026,2026mibat,Week 4,6002,223.586,,,,1.389,2.288,223.586
2026,2026mibat,Week 4,5675,168.62,,,,0.11,1.737,168.62
2026,2026mibat,Week 4,5152,114.273,,,,2.09,1.196,114.273
2026,2026mibat,Week 4,5462,114.079,,,,-0.264,2.024,114.079
2026,2026mibat,Week 4,9215,86.736,,,,2.055,1.209,86.736
2026,2026mibat,Week 4,7211,83.026,,,,-0.419,1.804,83.026
2026,2026mibat,Week 4,8126,81.869,,,,2.498,1.076,81.869
2026,2026mibat,Week 4,1502,80.571,,,,2.172,1.043,80.571
2026,2026mibat,Week 4,4855,66.547,,,,-1.523,1.16,66.547
2026,2026mibat,Week 4,9743,57.258,,,,-0.526,0.514,57.258
2026,2026mibat,Week 4,3658,55.987,,,,8.118,0.902,55.987
2026,2026mibat,Week 4,5227,45.442,,,,2.128,0.417,45.442
2026,2026mibat,Week 4,5150,44.865,,,,0.935,0.296,44.865
2026,2026mibat,Week 4,5248,44.432,,,,2.894,1.105,44.432
2026,2026mibat,Week 4,5577,39.065,,,,0.862,0.406,39.065
2026,2026mibat,Week 4,9776,32.616,,,,1.063,0.052,32.616
2026,2026mibat,Week 4,10654,31.404,,,,1.016,0.101,31.404
2026,2026mibat,Week 4,11431,31.095,,,,-0.897,0.354,31.095
2026,2026mibat,Week 4,6588,31.037,,,,-1.263,-0.141,31.037
2026,2026mibat,Week 4,9239,24.156,,,,4.376,0.416,24.156
2026,2026mibat,Week 4,11511,23.563,,,,-0.176,0.45,23.563
2026,2026mibat,Week 4,4453,21.99,,,,1.423,0.278,21.99
2026,2026mibat,Week 4,4810,21.934,,,,1.372,0.43,21.934
2026,2026mibat,Week 4,9672,21.758,,,,3.437,0.305,21.758
2026,2026mibat,Week 4,6556,21.045,,,,0.102,-0.124,21.045
2026,2026mibat,Week 4,7865,19.178,,,,0.101,0.287,19.178
2026,2026mibat,Week 4,11496,15.422,,,,0.666,0.983,15.422
2026,2026mibat,Week 4,9205,15.412,,,,0.719,1.121,15.412
2026,2026mibat,Week 4,9758,14.877,,,,-1.312,-0.349,14.877
2026,2026mibat,Week 4,9703,13.145,,,,0.589,0.209,13.145
2026,2026mibat,Week 4,11423,12.23,,,,2.276,0.392,12.23
2026,2026mibat,Week 4,11407,7.816,,,,-1.205,-0.05,7.816
2026,2026mibat,Week 4,3234,5.126,,,,-0.071,-0.272,5.126
2026,2026mibat,Week 4,5538,2.662,,,,-1.792,-0.506,2.662
2026,2026mibat,Week 4,4568,2.597,,,,-0.724,0.358,2.597
2026,2026mibat,Week 4,10651,1.672,,,,-0.249,0.735,1.672
2026,2026mibat,Week 4,11460,-4.03,,,,-0.155,0.705,-4.03
2026,2026mimas,Week 4,2137,216.087,,,,-0.287,2.615,216.087
2026,2026mimas,Week 4,7166,192.994,,,,5.124,2.955,192.994
2026,2026mimas,Week 4,5712,188.658,,,,-0.582,2.476,188.658
2026,2026mimas,Week 4,8608,148.651,,,,1.474,1.971,148.651
2026,2026mimas,Week 4,7056,113.094,,,,-0.43,1.689,113.094
2026,2026mimas,Week 4,3707,92.781,,,,0.283,1.565,92.781
2026,2026mimas,Week 4,910,87.089,,,,-0.855,1.455,87.089
2026,2026mimas,Week 4,4327,83.858,,,,0.85,1.559,83.858
2026,2026mimas,Week 4,6078,67.151,,,,0.574,0.898,67.151
2026,2026mimas,Week 4,7226,61.333,,,,1.427,0.775,61.333
2026,2026mimas,Week 4,8179,59.822,,,,0.522,0.569,59.822
2026,2026mimas,Week 4,5674,57.801,,,,2.749,1.53,57.801
2026,2026mimas,Week 4,9255,49.189,,,,1.237,1.419,49.189
2026,2026mimas,Week 4,5926,48.845,,,,0.758,1.152,48.845
2026,2026mimas,Week 4,9312,44.713,,,,0.404,0.956,44.713
2026,2026mimas,Week 4,6085,37.547,,,,0.283,-0.032,37.547
2026,2026mimas,Week 4,8424,37.341,,,,-1.213,1.151,37.341
2026,2026mimas,Week 4,3655,35.551,,,,2.22,0.397,35.551
2026,2026mimas,Week 4,11503,34.672,,,,5.475,0.869,34.672
2026,2026mimas,Week 4,10606,25.958,,,,2.934,-0.276,25.958
2026,2026mimas,Week 4,1940,23.692,,,,-1.746,-0.043,23.692
2026,2026mimas,Week 4,4776,23.018,,,,0.414,0.443,23.018
2026,2026mimas,Week 4,7289,21.007,,,,0.397,0.514,21.007
2026,2026mimas,Week 4,10577,20.175,,,,-0.999,0.395,20.175
2026,2026mimas,Week 4,9251,18.968,,,,2.695,0.581,18.968
2026,2026mimas,Week 4,1504,18.464,,,,-0.29,0.143,18.464
2026,2026mimas,Week 4,11490,17.06,,,,-1.17,0.576,17.06
2026,2026mimas,Week 4,7491,15.945,,,,-0.388,0.302,15.945
2026,2026mimas,Week 4,8362,15.927,,,,6.497,0.169,15.927
2026,2026mimas,Week 4,9237,15.625,,,,2.374,0.142,15.625
2026,2026mimas,Week 4,11444,15.128,,,,-1.565,0.625,15.128
2026,2026mimas,Week 4,9238,14.613,,,,0.65,0.176,14.613
2026,2026mimas,Week 4,5225,14.567,,,,-0.632,-0.465,14.567
2026,2026mimas,Week 4,5704,13.768,,,,-0.677,0.031,13.768
2026,2026mimas,Week 4,7818,13.189,,,,-0.319,-0.274,13.189
2026,2026mimas,Week 4,6591,11.278,,,,0.459,0.18,11.278
2026,2026mimas,Week 4,9753,10.99,,,,-1.733,0.163,10.99
2026,2026mimas,Week 4,8374,10.538,,,,-0.441,-0.141,10.538
2026,2026mimas,Week 4,10629,8.846,,,,-0.349,-0.688,8.846
2026,2026mimas,Week 4,9203,-0.599,,,,-1.54,-0.109,-0.599
2026,2026misal,Week 4,5460,237.482,,,,1.729,2.814,237.482
2026,2026misal,Week 4,67,191.806,,,,5.877,2.876,191.806
2026,2026misal,Week 4,1506,128.423,,,,1.778,1.459,128.423
2026,2026misal,Week 4,3322,115.726,,,,0.25,1.669,115.726
2026,2026misal,Week 4,5066,113.858,,,,-0.242,1.955,113.858
2026,2026misal,Week 4,548,102.192,,,,0.16,1.133,102.192
2026,2026misal,Week 4,3604,79.04,,,,1.8,1.646,79.04
2026,2026misal,Week 4,7692,72.363,,,,5.001,0.97,72.363
2026,2026misal,Week 4,1076,69.667,,,,2.728,1.398,69.667
2026,2026misal,Week 4,5567,66.658,,,,1.919,1.038,66.658
2026,2026misal,Week 4,2834,56.917,,,,3.07,1.106,56.917
2026,2026misal,Week 4,308,52.399,,,,-0.322,0.361,52.399
2026,2026misal,Week 4,9226,49.91,,,,0.451,0.115,49.91
2026,2026misal,Week 4,2620,49.906,,,,1.247,0.475,49.906
2026,2026misal,Week 4,7178,49.88,,,,0.637,1.28,49.88
2026,2026misal,Week 4,815,42.102,,,,3.085,0.729,42.102
2026,2026misal,Week 4,66,41.364,,,,-0.536,0.64,41.364
2026,2026misal,Week 4,4838,40.084,,,,-0.171,0.923,40.084
2026,2026misal,Week 4,3632,38.418,,,,1.245,0.56,38.418
2026,2026misal,Week 4,8297,38.417,,,,4.649,0.531,38.417
2026,2026misal,Week 4,9242,34.92,,,,4.326,0.905,34.92
2026,2026misal,Week 4,5090,33.373,,,,4.35,0.703,33.373
2026,2026misal,Week 4,9727,31.404,,,,1.574,0.05,31.404
2026,2026misal,Week 4,10656,24.032,,,,3.516,-0.107,24.032
2026,2026misal,Week 4,11455,22.17,,,,3.307,0.662,22.17
2026,2026misal,Week 4,7660,21.708,,,,1.104,0.918,21.708
2026,2026misal,Week 4,6532,19.946,,,,1.38,0.213,19.946
2026,2026misal,Week 4,8899,19.62,,,,1.323,0.344,19.62
2026,2026misal,Week 4,9148,19.465,,,,-2.231,0.267,19.465
2026,2026misal,Week 4,3773,18.473,,,,-0.032,0.182,18.473
2026,2026misal,Week 4,1,15.532,,,,-0.359,-0.01,15.532
2026,2026misal,Week 4,453,12.591,,,,-0.122,0.546,12.591
2026,2026misal,Week 4,4395,11.36,,,,-1.091,0.123,11.36
2026,2026misal,Week 4,3568,11.018,,,,-1.331,0.226,11.018
2026,2026misal,Week 4,6101,6.424,,,,1.649,-0.302,6.424
2026,2026misal,Week 4,6057,-1.302,,,,-2.613,0.308,-1.302
2026,2026misal,Week 4,10590,-5.565,,,,-1.237,0.05,-5.565
2026,2026misal,Week 4,7147,-10.58,,,,-2.202,-0.449,-10.58
2026,2026misal,Week 4,4994,-12.617,,,,-1.496,-0.223,-12.617
2026,2026mitry,Week 4,7769,320.713,,,,3.633,3.252,320.713
2026,2026mitry,Week 4,4362,199.617,,,,-1.796,2.255,199.617
2026,2026mitry,Week 4,2851,187.803,,,,7.318,2.179,187.803
2026,2026mitry,Week 4,33,182.757,,,,4.171,2.043,182.757
2026,2026mitry,Week 4,201,180.808,,,,3.553,1.884,180.808
2026,2026mitry,Week 4,9245,163.353,,,,1.638,1.782,163.353
2026,2026mitry,Week 4,1498,153.063,,,,0.972,2.196,153.063
2026,2026mitry,Week 4,469,113.448,,,,-1.055,1.726,113.448
2026,2026mitry,Week 4,226,106.357,,,,2.101,1.76,106.357
2026,2026mitry,Week 4,8728,104.59,,,,1.101,1.379,104.59
2026,2026mitry,Week 4,5860,83.909,,,,4.578,0.86,83.909
2026,2026mitry,Week 4,7188,71.849,,,,-0.2,0.857,71.849
2026,2026mitry,Week 4,573,67.254,,,,0.118,0.774,67.254
2026,2026mitry,Week 4,3175,64.993,,,,-2.222,1.495,64.993
2026,2026mitry,Week 4,5531,52.493,,,,0.821,1.168,52.493
2026,2026mitry,Week 4,5527,44.845,,,,-1.412,0.746,44.845
2026,2026mitry,Week 4,10612,43.234,,,,2.135,0.685,43.234
2026,2026mitry,Week 4,5436,43.21,,,,6.608,0.165,43.21
2026,2026mitry,Week 4,4961,40.212,,,,1.086,0.289,40.212
2026,2026mitry,Week 4,10652,36.149,,,,3.558,0.06,36.149
2026,2026mitry,Week 4,9747,33.653,,,,3.352,0.474,33.653
2026,2026mitry,Week 4,5065,33.299,,,,6.364,0.462,33.299
2026,2026mitry,Week 4,4384,30.713,,,,1.402,0.304,30.713
2026,2026mitry,Week 4,11493,26.566,,,,-1.547,0.925,26.566
2026,2026mitry,Week 4,9618,25.983,,,,-2.262,-0.128,25.983
2026,2026mitry,Week 4,9252,25.113,,,,0.719,0.343,25.113
2026,2026mitry,Week 4,3302,23.096,,,,-3.912,0.222,23.096
2026,2026mitry,Week 4,11361,22.41,,,,-0.954,0.179,22.41
2026,2026mitry,Week 4,7762,21.632,,,,4.256,0.092,21.632
2026,2026mitry,Week 4,10665,21.047,,,,2.993,0.67,21.047
2026,2026mitry,Week 4,9528,19.267,,,,3.002,0.461,19.267
2026,2026mitry,Week 4,8115,18.919,,,,2.762,0.112,18.919
2026,2026mitry,Week 4,9679,18.861,,,,2.942,0.531,18.861
2026,2026mitry,Week 4,11486,16.926,,,,-0.744,0.062,16.926
2026,2026mitry,Week 4,4998,14.399,,,,6.123,0.276,14.399
2026,2026mitry,Week 4,5478,12.252,,,,0.919,0.198,12.252
2026,2026mitry,Week 4,7813,12.064,,,,-1.833,0.374,12.064
2026,2026mitry,Week 4,5197,9.935,,,,-0.157,0.163,9.935
2026,2026mitry,Week 4,7716,2.344,,,,0.018,-0.453,2.344
2026,2026mitry,Week 4,9651,1.089,,,,-3.305,-0.299,1.089
2026,2026mitry,Week 4,4768,-0.608,,,,-2.547,-0.31,-0.608
2026,2026mitry,Week 4,5467,-1.325,,,,4.03,-0.203,-1.325
2026,2026mitry,Week 4,8364,-3.958,,,,0.425,0.405,-3.958
2026,2026ncpem,Week 4,9496,214.076,,,,-0.616,2.611,214.076
2026,2026ncpem,Week 4,9032,187.883,,,,1.455,2.742,187.883
2026,2026ncpem,Week 4,9297,91.614,,,,3.608,1.554,91.614
2026,2026ncpem,Week 4,2059,79.757,,,,-0.167,1.394,79.757
2026,2026ncpem,Week 4,4534,75.424,,,,4.266,1.205,75.424
2026,2026ncpem,Week 4,4829,75.041,,,,6.508,1.763,75.041
2026,2026ncpem,Week 4,5607,48.552,,,,3.129,0.892,48.552
2026,2026ncpem,Week 4,6729,46.535,,,,1.578,1.068,46.535
2026,2026ncpem,Week 4,6894,43.776,,,,-1.801,1.478,43.776
2026,2026ncpem,Week 4,9042,42.62,,,,-2.393,1.136,42.62
2026,2026ncpem,Week 4,6004,40.13,,,,2.99,1.222,40.13
2026,2026ncpem,Week 4,9198,31.283,,,,6.976,0.414,31.283
2026,2026ncpem,Week 4,10260,30.093,,,,0.183,0.223,30.093
2026,2026ncpem,Week 4,7443,28.76,,,,6.492,0.696,28.76
2026,2026ncpem,Week 4,11297,28.536,,,,4.33,0.304,28.536
2026,2026ncpem,Week 4,9789,27.207,,,,-0.521,0.198,27.207
2026,2026ncpem,Week 4,8205,26.53,,,,0.585,0.076,26.53
2026,2026ncpem,Week 4,3893,26.032,,,,-2.575,0.574,26.032
2026,2026ncpem,Week 4,9005,25.243,,,,-0.169,0.53,25.243
2026,2026ncpem,Week 4,11417,22.755,,,,-1.259,0.404,22.755
2026,2026ncpem,Week 4,435,22.178,,,,3.745,0.925,22.178
2026,2026ncpem,Week 4,5190,21.46,,,,-1.037,0.164,21.46
2026,2026ncpem,Week 4,9296,19.902,,,,3.325,0.281,19.902
2026,2026ncpem,Week 4,6639,15.478,,,,-1.267,0.296,15.478
2026,2026ncpem,Week 4,3459,15.106,,,,-2.247,0.044,15.106
2026,2026ncpem,Week 4,10583,14.73,,,,-1.872,-0.015,14.73
2026,2026ncpem,Week 4,3822,13.907,,,,3.212,-0.086,13.907
2026,2026ncpem,Week 4,9788,13.817,,,,-1.993,0.349,13.817
2026,2026ncpem,Week 4,6242,13.38,,,,2.103,0.027,13.38
2026,2026ncpem,Week 4,11146,7.456,,,,4.407,0.298,7.456
2026,2026ncpem,Week 4,4816,5.457,,,,-2.778,-0.478,5.457
2026,2026ncpem,Week 4,3336,5.314,,,,1.135,-0.004,5.314
2026,2026ncpem,Week 4,8758,-0.364,,,,-0.165,-0.868,-0.364
2026,2026nhdur,Week 4,238,220.703,,,,16.25,2.693,220.703
2026,2026nhdur,Week 4,133,168.227,,,,7.757,1.387,168.227
2026,2026nhdur,Week 4,6324,167.606,,,,3.623,2.513,167.606
2026,2026nhdur,Week 4,1058,155.489,,,,0.107,2.003,155.489
2026,2026nhdur,Week 4,8046,142.563,,,,4.753,2.288,142.563
2026,2026nhdur,Week 4,1922,117.12,,,,-3.443,1.21,117.12
2026,2026nhdur,Week 4,7674,96.534,,,,3.615,0.826,96.534
2026,2026nhdur,Week 4,2648,91.574,,,,6.453,1.182,91.574
2026,2026nhdur,Week 4,4761,86.873,,,,-0.973,1.418,86.873
2026,2026nhdur,Week 4,58,77.007,,,,1.251,1.007,77.007
2026,2026nhdur,Week 4,69,73.712,,,,-0.517,0.392,73.712
2026,2026nhdur,Week 4,4925,72.132,,,,1.705,0.9,72.132
2026,2026nhdur,Week 4,4564,70.379,,,,1.445,1.118,70.379
2026,2026nhdur,Week 4,4546,68.832,,,,5.702,0.876,68.832
2026,2026nhdur,Week 4,172,66.936,,,,-1.216,1.439,66.936
2026,2026nhdur,Week 4,811,59.421,,,,0.837,0.852,59.421
2026,2026nhdur,Week 4,11336,55.997,,,,-0.43,0.837,55.997
2026,2026nhdur,Week 4,4473,55.681,,,,-3.151,1.09,55.681
2026,2026nhdur,Week 4,9055,42.032,,,,3.967,0.755,42.032
2026,2026nhdur,Week 4,3597,35.844,,,,1.698,0.106,35.844
2026,2026nhdur,Week 4,8410,35.083,,,,-2.602,0.202,35.083
2026,2026nhdur,Week 4,1512,33.14,,,,4.636,-0.014,33.14
2026,2026nhdur,Week 4,2523,31.48,,,,6.308,0.603,31.48
2026,2026nhdur,Week 4,5902,29.57,,,,6.315,0.726,29.57
2026,2026nhdur,Week 4,4041,25.722,,,,4.838,0.483,25.722
2026,2026nhdur,Week 4,2712,25.349,,,,-1.126,0.131,25.349
2026,2026nhdur,Week 4,1307,24.271,,,,6.094,0.488,24.271
2026,2026nhdur,Week 4,1350,24.118,,,,-1.173,0.609,24.118
2026,2026nhdur,Week 4,11157,23.82,,,,2.845,0.412,23.82
2026,2026nhdur,Week 4,1721,17.891,,,,8.679,-0.038,17.891
2026,2026nhdur,Week 4,509,13.209,,,,2.937,-0.424,13.209
2026,2026nhdur,Week 4,4034,12.373,,,,2.119,-0.144,12.373
2026,2026nhdur,Week 4,9443,11.776,,,,4.057,0.475,11.776
2026,2026nhdur,Week 4,6895,6.326,,,,1.093,0.424,6.326
2026,2026nhdur,Week 4,9056,5.93,,,,10.273,0.61,5.93
2026,2026nhdur,Week 4,6762,5.41,,,,-1.641,-0.406,5.41
2026,2026nhdur,Week 4,7314,-13.549,,,,-1.419,-0.53,-13.549
2026,2026njfla,Week 4,8513,191.608,,,,1.335,2.869,191.608
2026,2026njfla,Week 4,8706,136.868,,,,0.455,2.288,136.868
2026,2026njfla,Week 4,11,134.857,,,,6.69,2.819,134.857
2026,2026njfla,Week 4,193,99.374,,,,3.463,2.16,99.374
2026,2026njfla,Week 4,1676,94.79,,,,9.391,1.87,94.79
2026,2026njfla,Week 4,222,62.524,,,,-0.332,0.828,62.524
2026,2026njfla,Week 4,219,58.107,,,,4.586,0.751,58.107
2026,2026njfla,Week 4,7045,52.183,,,,0.48,1.575,52.183
2026,2026njfla,Week 4,555,49.871,,,,1.498,0.321,49.871
2026,2026njfla,Week 4,1811,41.796,,,,4.33,0.569,41.796
2026,2026njfla,Week 4,223,40.268,,,,3.997,0.959,40.268
2026,2026njfla,Week 4,8771,32.924,,,,-3.105,0.658,32.924
2026,2026njfla,Week 4,1626,29.592,,,,0.993,-0.094,29.592
2026,2026njfla,Week 4,8707,29.448,,,,6.636,1.217,29.448
2026,2026njfla,Week 4,10997,21.915,,,,-0.375,-0.022,21.915
2026,2026njfla,Week 4,6860,19.361,,,,0.001,0.411,19.361
2026,2026njfla,Week 4,41,18.453,,,,0.286,0.761,18.453
2026,2026njfla,Week 4,6016,17.49,,,,-3.237,0.675,17.49
2026,2026njfla,Week 4,10995,16.722,,,,2.704,0.62,16.722
2026,2026njfla,Week 4,8075,16.319,,,,5.284,0.005,16.319
2026,2026njfla,Week 4,5624,15.389,,,,5.406,-0.014,15.389
2026,2026njfla,Week 4,8117,13.079,,,,0.917,0.644,13.079
2026,2026njfla,Week 4,4652,12.67,,,,0.048,0.269,12.67
2026,2026njfla,Week 4,430,9.737,,,,5.469,-0.027,9.737
2026,2026njfla,Week 4,5732,8.561,,,,3.279,-0.008,8.561
2026,2026njfla,Week 4,3142,7.834,,,,-0.041,0.111,7.834
2026,2026njfla,Week 4,10232,6.827,,,,-1.294,0.157,6.827
2026,2026njfla,Week 4,5992,5.982,,,,3.981,-0.359,5.982
2026,2026njfla,Week 4,9116,3.489,,,,-0.093,-0.195,3.489
2026,2026njfla,Week 4,6945,2.278,,,,-0.444,-0.198,2.278
2026,2026njfla,Week 4,4653,-0.258,,,,2.184,0.362,-0.258
2026,2026njfla,Week 4,10366,-3.405,,,,3.095,-0.301,-3.405
2026,2026njfla,Week 4,9424,-7.07,,,,-0.503,0.07,-7.07
2026,2026onbar,Week 4,7558,240.612,,,,3.019,2.241,240.612
2026,2026onbar,Week 4,188,167.234,,,,5.27,2.084,167.234
2026,2026onbar,Week 4,8884,152.191,,,,1.129,2.539,152.191
2026,2026onbar,Week 4,4069,143.527,,,,2.311,1.431,143.527
2026,2026onbar,Week 4,1305,124.522,,,,1.598,2.085,124.522
2026,2026onbar,Week 4,5885,103.395,,,,-1.111,1.308,103.395
2026,2026onbar,Week 4,2706,101.833,,,,3.028,1.264,101.833
2026,2026onbar,Week 4,865,101.395,,,,0.529,1.26,101.395
2026,2026onbar,Week 4,5031,82.319,,,,4.27,0.804,82.319
2026,2026onbar,Week 4,4920,81.22,,,,3.771,1.145,81.22
2026,2026onbar,Week 4,9569,72.671,,,,3.47,0.022,72.671
2026,2026onbar,Week 4,7200,61.938,,,,-0.338,1.844,61.938
2026,2026onbar,Week 4,4951,58.099,,,,3.459,1.281,58.099
2026,2026onbar,Week 4,7603,57.888,,,,2.896,0.724,57.888
2026,2026onbar,Week 4,1310,42.211,,,,3.185,0.699,42.211
2026,2026onbar,Week 4,6397,39.921,,,,1.515,0.523,39.921
2026,2026onbar,Week 4,854,30.23,,,,-1.596,-0.037,30.23
2026,2026onbar,Week 4,6110,30.122,,,,2.242,0.259,30.122
2026,2026onbar,Week 4,8349,29.937,,,,0.798,0.497,29.937
2026,2026onbar,Week 4,3739,26.175,,,,0.775,1.01,26.175
2026,2026onbar,Week 4,4015,25.688,,,,-1.43,0.16,25.688
2026,2026onbar,Week 4,10611,21.353,,,,-1.261,0.221,21.353
2026,2026onbar,Week 4,4688,20.52,,,,5.798,-0.268,20.52
2026,2026onbar,Week 4,9592,14.687,,,,5.063,0.334,14.687
2026,2026onbar,Week 4,8081,9.881,,,,-0.154,0.626,9.881
2026,2026onbar,Week 4,5672,6.837,,,,7.434,0.035,6.837
2026,2026onbar,Week 4,6859,6.574,,,,1.323,0.353,6.574
2026,2026onbar,Week 4,6864,0.957,,,,-2.319,-0.46,0.957
2026,2026onbar,Week 4,9782,-0.749,,,,6.434,-0.277,-0.749
2026,2026onbar,Week 4,9580,-5.424,,,,5.187,0.123,-5.424
2026,2026onbar,Week 4,7659,-7.412,,,,0.121,0.078,-7.412
2026,2026onbar,Week 4,6865,-28.77,,,,1.083,0.176,-28.77
2026,2026paben,Week 4,316,200.836,,,,1.93,2.566,200.836
2026,2026paben,Week 4,103,137.97,,,,2.941,1.46,137.97
2026,2026paben,Week 4,2539,120.884,,,,2.453,1.649,120.884
2026,2026paben,Week 4,4285,100.021,,,,4.282,1.852,100.021
2026,2026paben,Week 4,2590,99.185,,,,-0.792,1.882,99.185
2026,2026paben,Week 4,5401,92.298,,,,5.855,0.909,92.298
2026,2026paben,Week 4,1089,90.878,,,,3.671,1.41,90.878
2026,2026paben,Week 4,7587,85.3,,,,0.341,1.525,85.3
2026,2026paben,Week 4,834,78.299,,,,-0.123,0.783,78.299
2026,2026paben,Week 4,1640,68.908,,,,-1.753,1.483,68.908
2026,2026paben,Week 4,1257,60.353,,,,0.357,1.397,60.353
2026,2026paben,Week 4,9027,59.247,,,,-2.3,1.188,59.247
2026,2026paben,Week 4,2722,55.235,,,,-0.329,0.773,55.235
2026,2026paben,Week 4,9100,47.382,,,,-0.66,0.73,47.382
2026,2026paben,Week 4,87,43.641,,,,5.286,0.271,43.641
2026,2026paben,Week 4,1807,39.548,,,,7.24,0.569,39.548
2026,2026paben,Week 4,1712,34.62,,,,0.288,0.972,34.62
2026,2026paben,Week 4,10584,33.706,,,,2.192,0.328,33.706
2026,2026paben,Week 4,5789,32.076,,,,1.002,1.111,32.076
2026,2026paben,Week 4,7414,29.607,,,,0.389,0.6,29.607
2026,2026paben,Week 4,427,25.256,,,,1.996,0.403,25.256
2026,2026paben,Week 4,321,25.205,,,,1.692,0.333,25.205
2026,2026paben,Week 4,8721,24.814,,,,-1.842,0.272,24.814
2026,2026paben,Week 4,4342,24.33,,,,-0.226,0.044,24.33
2026,2026paben,Week 4,4750,20.632,,,,5.535,0.898,20.632
2026,2026paben,Week 4,4575,17.759,,,,-2.359,0.714,17.759
2026,2026paben,Week 4,2016,14.281,,,,3.904,0.329,14.281
2026,2026paben,Week 4,2554,13.035,,,,1.425,-0.276,13.035
2026,2026paben,Week 4,714,12.342,,,,1.528,0.456,12.342
2026,2026paben,Week 4,5490,8.372,,,,-2.571,0.314,8.372
2026,2026paben,Week 4,10143,6.688,,,,2.032,-0.586,6.688
2026,2026paben,Week 4,8630,2.953,,,,0.491,-0.685,2.953
2026,2026paben,Week 4,8704,-6.565,,,,3.096,-0.729,-6.565
2026,2026paben,Week 4,4637,-6.765,,,,-2.804,-0.525,-6.765
2026,2026vabla,Week 4,2106,209.869,,,,1.586,2.825,209.869
2026,2026vabla,Week 4,422,162.267,,,,6.74,1.476,162.267
2026,2026vabla,Week 4,11415,148.039,,,,6.495,2.117,148.039
2026,2026vabla,Week 4,619,119.195,,,,-0.138,0.592,119.195
2026,2026vabla,Week 4,401,115.585,,,,1.354,1.122,115.585
2026,2026vabla,Week 4,1262,111.545,,,,-0.11,1.798,111.545
2026,2026vabla,Week 4,977,96.032,,,,2.253,0.863,96.032
2026,2026vabla,Week 4,5115,89.567,,,,1.465,1.297,89.567
2026,2026vabla,Week 4,4456,86.839,,,,1.089,0.795,86.839
2026,2026vabla,Week 4,540,79.689,,,,4.381,1.836,79.689
2026,2026vabla,Week 4,346,79.16,,,,0.338,1.645,79.16
2026,2026vabla,Week 4,9003,76.892,,,,7.727,0.89,76.892
2026,2026vabla,Week 4,3136,71.301,,,,4.03,0.833,71.301
2026,2026vabla,Week 4,10257,62.868,,,,7.166,0.084,62.868
2026,2026vabla,Week 4,5804,56.727,,,,2.597,0.958,56.727
2026,2026vabla,Week 4,10004,42.53,,,,-1.355,0.583,42.53
2026,2026vabla,Week 4,5830,40.978,,,,-0.611,0.965,40.978
2026,2026vabla,Week 4,3072,40.325,,,,2.603,0.2,40.325
2026,2026vabla,Week 4,1885,38.706,,,,-0.618,0.257,38.706
2026,2026vabla,Week 4,3258,37.853,,,,2.117,0.905,37.853
2026,2026vabla,Week 4,3939,34.924,,,,2.751,0.537,34.924
2026,2026vabla,Week 4,5724,33.53,,,,-1.597,0.428,33.53
2026,2026vabla,Week 4,11443,30.688,,,,-1.749,0.799,30.688
2026,2026vabla,Week 4,10370,27.792,,,,-1.71,0.646,27.792
2026,2026vabla,Week 4,1522,12.744,,,,-0.069,-0.574,12.744
2026,2026vabla,Week 4,9709,11.833,,,,0.656,0.157,11.833
2026,2026vabla,Week 4,617,6.602,,,,9.247,0.621,6.602
2026,2026vabla,Week 4,11252,5.558,,,,0.359,-0.714,5.558
2026,2026vabla,Week 4,3361,-1.888,,,,-3.946,-0.278,-1.888
2026,2026vabla,Week 4,6802,-11.75,,,,-3.052,-0.416,-11.75
2026,2026txfar,Week 4,9128,241.999,,,,2.547,2.52,241.999
2026,2026txfar,Week 4,10340,234.472,,,,1.143,2.924,234.472
2026,2026txfar,Week 4,2848,183.76,,,,2.93,1.969,183.76
2026,2026txfar,Week 4,2582,172.305,,,,0.158,1.561,172.305
2026,2026txfar,Week 4,6773,155.052,,,,-0.323,1.925,155.052
2026,2026txfar,Week 4,1296,114.102,,,,0.094,2.067,114.102
2026,2026txfar,Week 4,3005,111.503,,,,3.367,0.665,111.503
2026,2026txfar,Week 4,7506,106.969,,,,2.407,1.727,106.969
2026,2026txfar,Week 4,7119,92.464,,,,2.461,1.28,92.464
2026,2026txfar,Week 4,7503,87.004,,,,1.397,0.598,87.004
2026,2026txfar,Week 4,8858,82.839,,,,3.989,1.428,82.839
2026,2026txfar,Week 4,1745,60.2,,,,3.483,-0.108,60.2
2026,2026txfar,Week 4,8749,47.198,,,,0.083,1.017,47.198
2026,2026txfar,Week 4,4641,35.921,,,,-0.93,0.461,35.921
2026,2026txfar,Week 4,5431,31.876,,,,3.015,0.267,31.876
2026,2026txfar,Week 4,6171,29.813,,,,2.988,-0.067,29.813
2026,2026txfar,Week 4,3282,27.853,,,,-0.325,0.008,27.853
2026,2026txfar,Week 4,8408,27.839,,,,-0.868,-0.04,27.839
2026,2026txfar,Week 4,5790,22.921,,,,2.806,1.14,22.921
2026,2026txfar,Week 4,7125,21.243,,,,1.482,-0.365,21.243
2026,2026txfar,Week 4,5682,20.557,,,,-1.41,0.958,20.557
2026,2026txfar,Week 4,6526,20.551,,,,-2.908,0.482,20.551
2026,2026txfar,Week 4,8816,17.157,,,,-0.404,0.316,17.157
2026,2026txfar,Week 4,9289,16.664,,,,-0.418,-0.149,16.664
2026,2026txfar,Week 4,9034,16.581,,,,1.51,0.515,16.581
2026,2026txfar,Week 4,5411,14.279,,,,0.889,0.557,14.279
2026,2026txfar,Week 4,9492,10.339,,,,6.562,0.205,10.339
2026,2026txfar,Week 4,4717,8.653,,,,-1.013,0.541,8.653
2026,2026txfar,Week 4,7091,8.652,,,,2.172,0.054,8.652
2026,2026txfar,Week 4,7121,-1.942,,,,1.679,-0.083,-1.942
2026,2026txfar,Week 4,9105,-7.992,,,,-0.647,-0.454,-7.992
2026,2026txman,Week 4,6800,195.509,,,,2.412,2.262,195.509
2026,2026txman,Week 4,2583,184.003,,,,0.343,2.16,184.003
2026,2026txman,Week 4,118,151.98,,,,3.198,2.349,151.98
2026,2026txman,Week 4,5572,111.659,,,,-0.273,2.304,111.659
2026,2026txman,Week 4,6377,87.4,,,,-0.836,1.658,87.4
2026,2026txman,Week 4,436,86.557,,,,1.366,1.438,86.557
2026,2026txman,Week 4,9140,71.827,,,,3.572,0.813,71.827
2026,2026txman,Week 4,418,60.245,,,,-0.891,1.101,60.245
2026,2026txman,Week 4,9506,60.006,,,,-0.201,0.834,60.006
2026,2026txman,Week 4,5892,54.907,,,,-1.664,0.895,54.907
2026,2026txman,Week 4,1255,50.667,,,,0.954,0.701,50.667
2026,2026txman,Week 4,2789,34.339,,,,4.139,0.236,34.339
2026,2026txman,Week 4,3545,33.599,,,,-0.573,-0.051,33.599
2026,2026txman,Week 4,2587,28.625,,,,-0.395,0.869,28.625
2026,2026txman,Week 4,5103,28.005,,,,0.112,0.255,28.005
2026,2026txman,Week 4,8750,25.245,,,,0.21,0.55,25.245
2026,2026txman,Week 4,6901,25.141,,,,2.063,0.075,25.141
2026,2026txman,Week 4,6243,24.759,,,,1.241,0.626,24.759
2026,2026txman,Week 4,6180,23.42,,,,0.126,0.067,23.42
2026,2026txman,Week 4,4076,20.096,,,,4.539,0.794,20.096
2026,2026txman,Week 4,11224,17.582,,,,-1.452,-0.153,17.582
2026,2026txman,Week 4,9577,17.185,,,,-0.211,0.498,17.185
2026,2026txman,Week 4,7138,13.706,,,,3.175,-0.258,13.706
2026,2026txman,Week 4,10913,11.781,,,,3.911,0.537,11.781
2026,2026txman,Week 4,7088,11.592,,,,-2.26,-0.467,11.592
2026,2026txman,Week 4,11309,11.538,,,,-0.44,0.11,11.538
2026,2026txman,Week 4,8573,1.129,,,,2.003,-0.37,1.129
2026,2026wimuk,Week 4,1732,163.2,,,,0.8,2.073,163.2
2026,2026wimuk,Week 4,1714,158.681,,,,5.245,2.414,158.681
2026,2026wimuk,Week 4,93,112.919,,,,-0.929,1.431,112.919
2026,2026wimuk,Week 4,4786,101.154,,,,0.853,1.554,101.154
2026,2026wimuk,Week 4,7915,100.259,,,,1.225,1.911,100.259
2026,2026wimuk,Week 4,2202,93.445,,,,2.689,2.248,93.445
2026,2026wimuk,Week 4,6381,86.726,,,,8.729,1.484,86.726
2026,2026wimuk,Week 4,2062,80.301,,,,0.152,1.16,80.301
2026,2026wimuk,Week 4,2506,79.071,,,,1.673,1.243,79.071
2026,2026wimuk,Week 4,1220,72.77,,,,4.554,1.012,72.77
2026,2026wimuk,Week 4,4531,70.449,,,,6.721,0.98,70.449
2026,2026wimuk,Week 4,6643,55.253,,,,1.72,0.506,55.253
2026,2026wimuk,Week 4,7103,55.171,,,,1.481,1.003,55.171
2026,2026wimuk,Week 4,1675,53.19,,,,-0.74,1.372,53.19
2026,2026wimuk,Week 4,5148,51.71,,,,6.296,1.199,51.71
2026,2026wimuk,Week 4,9760,46.354,,,,-0.625,0.259,46.354
2026,2026wimuk,Week 4,10553,41.18,,,,-1.81,1.414,41.18
2026,2026wimuk,Week 4,10909,38.187,,,,7.576,1.071,38.187
2026,2026wimuk,Week 4,8802,35.66,,,,-0.184,0.516,35.66
2026,2026wimuk,Week 4,2830,30.394,,,,1.136,0.751,30.394
2026,2026wimuk,Week 4,7900,27.652,,,,-0.688,0.598,27.652
2026,2026wimuk,Week 4,3596,27.558,,,,5.692,0.636,27.558
2026,2026wimuk,Week 4,2077,26.673,,,,2.237,0.053,26.673
2026,2026wimuk,Week 4,5096,26.222,,,,-2.366,0.587,26.222
2026,2026wimuk,Week 4,8701,21.167,,,,-2.018,0.567,21.167
2026,2026wimuk,Week 4,6166,19.766,,,,-3.399,0.461,19.766
2026,2026wimuk,Week 4,9425,18.796,,,,0.368,-0.1,18.796
2026,2026wimuk,Week 4,10522,17.805,,,,1.407,0.905,17.805
2026,2026wimuk,Week 4,5586,16.665,,,,0.312,0.04,16.665
2026,2026wimuk,Week 4,3692,16.651,,,,4.95,-0.532,16.651
2026,2026wimuk,Week 4,10287,15.905,,,,2.392,-0.547,15.905
2026,2026wimuk,Week 4,537,13.804,,,,3.515,-0.017,13.804
2026,2026wimuk,Week 4,8531,13.794,,,,0.501,-0.06,13.794
2026,2026wimuk,Week 4,8847,13.517,,,,-0.538,-0.668,13.517
2026,2026wimuk,Week 4,11158,3.263,,,,1.255,-0.041,3.263
2026,2026wimuk,Week 4,10430,-3.065,,,,1.067,-1.068,-3.065
2026,2026caclv,Week 4,254,338.532,,,,10.324,3.049,338.532
2026,2026caclv,Week 4,1323,320.855,,,,3.747,3.267,320.855
2026,2026caclv,Week 4,973,187.87,,,,13.854,1.835,187.87
2026,2026caclv,Week 4,1388,135.763,,,,1.331,1.552,135.763
2026,2026caclv,Week 4,5817,135.524,,,,-1.673,0.671,135.524
2026,2026caclv,Week 4,3970,129.412,,,,4.113,1.941,129.412
2026,2026caclv,Week 4,840,113.812,,,,-3.434,1.089,113.812
2026,2026caclv,Week 4,971,67.282,,,,2.613,0.81,67.282
2026,2026caclv,Week 4,8793,66.488,,,,-3.886,0.761,66.488
2026,2026caclv,Week 4,9584,65.074,,,,3.339,0.228,65.074
2026,2026caclv,Week 4,1671,62.615,,,,3.421,0.766,62.615
2026,2026caclv,Week 4,766,61.19,,,,6.902,1.419,61.19
2026,2026caclv,Week 4,114,57.834,,,,1.248,0.615,57.834
2026,2026caclv,Week 4,4765,46.992,,,,0.53,-0.065,46.992
2026,2026caclv,Week 4,1351,43.195,,,,0.373,-0.024,43.195
2026,2026caclv,Week 4,100,43.043,,,,3.391,0.259,43.043
2026,2026caclv,Week 4,3925,37.214,,,,10.826,0.339,37.214
2026,2026caclv,Week 4,6305,36.631,,,,2.134,0.656,36.631
2026,2026caclv,Week 4,5700,32.965,,,,-1.714,1.305,32.965
2026,2026caclv,Week 4,6657,31.84,,,,0.574,-0.066,31.84
2026,2026caclv,Week 4,11296,21.91,,,,0.703,1.028,21.91
2026,2026caclv,Week 4,6822,13.66,,,,1.937,-0.207,13.66
2026,2026caclv,Week 4,9706,9.981,,,,8.645,0.373,9.981
2026,2026caclv,Week 4,2367,3.786,,,,1.553,-0.248,3.786
2026,2026caclv,Week 4,8768,-4.321,,,,0.038,0.155,-4.321
2026,2026caclv,Week 4,4643,-23.229,,,,-0.472,-0.173,-23.229
2026,2026cagle,Week 4,5026,230.934,,,,3.035,1.853,230.934
2026,2026cagle,Week 4,6036,218.86,,,,0.107,2.871,218.86
2026,2026cagle,Week 4,3512,187.514,,,,0.67,2.233,187.514
2026,2026cagle,Week 4,6995,177.494,,,,7.414,1.962,177.494
2026,2026cagle,Week 4,7415,166.87,,,,3.259,2.124,166.87
2026,2026cagle,Week 4,3501,124.538,,,,1.92,1.239,124.538
2026,2026cagle,Week 4,2659,122.217,,,,-3.149,1.097,122.217
2026,2026cagle,Week 4,3255,113.098,,,,8.56,1.453,113.098
2026,2026cagle,Week 4,702,110.914,,,,1.222,1.668,110.914
2026,2026cagle,Week 4,6934,109.398,,,,5.263,0.919,109.398
2026,2026cagle,Week 4,696,102.517,,,,3.755,1.569,102.517
2026,2026cagle,Week 4,9084,102.253,,,,-1.734,1.081,102.253
2026,2026cagle,Week 4,8033,78.403,,,,0.215,1.063,78.403
2026,2026cagle,Week 4,5089,71.784,,,,9.398,0.408,71.784
2026,2026cagle,Week 4,2429,64.606,,,,-0.714,1.048,64.606
2026,2026cagle,Week 4,4,62.508,,,,0.023,1.199,62.508
2026,2026cagle,Week 4,6560,50.999,,,,5.025,0.9,50.999
2026,2026cagle,Week 4,3965,40.315,,,,5.297,0.153,40.315
2026,2026cagle,Week 4,3328,39.381,,,,-0.476,-0.176,39.381
2026,2026cagle,Week 4,597,37.962,,,,0.437,0.256,37.962
2026,2026cagle,Week 4,1148,37.347,,,,-1.367,0.822,37.347
2026,2026cagle,Week 4,11024,32.837,,,,2.688,0.8,32.837
2026,2026cagle,Week 4,4964,26.781,,,,-0.937,1.191,26.781
2026,2026cagle,Week 4,7323,23.23,,,,5.096,0.716,23.23
2026,2026cagle,Week 4,9772,20.41,,,,1.375,-0.368,20.41
2026,2026cagle,Week 4,2404,19.985,,,,0.643,0.434,19.985
2026,2026cagle,Week 4,8060,17.616,,,,-1.594,-0.594,17.616
2026,2026cagle,Week 4,9505,15.725,,,,-2.189,-0.041,15.725
2026,2026cagle,Week 4,9520,13.461,,,,-1.502,0.774,13.461
2026,2026cagle,Week 4,22,13.386,,,,-2.159,0.421,13.386
2026,2026cagle,Week 4,8533,13.185,,,,9.496,-0.146,13.185
2026,2026cagle,Week 4,9696,6.907,,,,1.369,0.921,6.907
2026,2026cagle,Week 4,10936,5.049,,,,-1.268,-0.329,5.049
2026,2026cagle,Week 4,6000,4.626,,,,3.809,-0.054,4.626
2026,2026cagle,Week 4,10166,1.181,,,,-0.165,-0.063,1.181
2026,2026cagle,Week 4,6658,-4.855,,,,-0.249,-0.34,-4.855
2026,2026cagle,Week 4,10147,-11.017,,,,-3.823,-0.315,-11.017
2026,2026capin,Week 4,604,274.636,,,,3.799,3.096,274.636
2026,2026capin,Week 4,581,213.325,,,,1.082,2.268,213.325
2026,2026capin,Week 4,2813,197.602,,,,4.31,2.076,197.602
2026,2026capin,Week 4,1868,175.681,,,,2.905,1.967,175.681
2026,2026capin,Week 4,3045,162.722,,,,0.029,1.938,162.722
2026,2026capin,Week 4,6238,106.437,,,,7.634,1.503,106.437
2026,2026capin,Week 4,5104,96.385,,,,-2.207,1.312,96.385
2026,2026capin,Week 4,2854,87.205,,,,2.904,0.756,87.205
2026,2026capin,Week 4,668,83.789,,,,0.551,0.598,83.789
2026,2026capin,Week 4,649,57.776,,,,6.973,1.046,57.776
2026,2026capin,Week 4,2643,51.208,,,,6.695,0.386,51.208
2026,2026capin,Week 4,6506,41.226,,,,0.78,0.429,41.226
2026,2026capin,Week 4,6884,34.583,,,,5.709,0.569,34.583
2026,2026capin,Week 4,2035,29.657,,,,3.244,0.777,29.657
2026,2026capin,Week 4,10059,29.355,,,,0.869,0.498,29.355
2026,2026capin,Week 4,7528,26.854,,,,6.671,0.286,26.854
2026,2026capin,Week 4,4135,22.815,,,,-1.402,0.091,22.815
2026,2026capin,Week 4,10252,18.115,,,,2.435,0.551,18.115
2026,2026capin,Week 4,6410,16.217,,,,0.595,-0.17,16.217
2026,2026capin,Week 4,6665,15.986,,,,7.335,0.556,15.986
2026,2026capin,Week 4,4255,9.837,,,,-0.253,0.19,9.837
2026,2026capin,Week 4,6059,9.67,,,,2.608,0.55,9.67
2026,2026capin,Week 4,5760,9.337,,,,-2.146,-0.231,9.337
2026,2026capin,Week 4,4171,6.695,,,,-0.276,0.392,6.695
2026,2026capin,Week 4,11247,6.15,,,,-2.301,-0.005,6.15
2026,2026capin,Week 4,7413,5.472,,,,-0.15,-0.536,5.472
2026,2026capin,Week 4,10339,3.928,,,,3.656,0.178,3.928
2026,2026capin,Week 4,7777,-10.91,,,,1.286,-0.073,-10.91
2026,2026casgv,Week 4,9408,217.028,,,,11.691,2.724,217.028
2026,2026casgv,Week 4,599,189.062,,,,-2.587,2.433,189.062
2026,2026casgv,Week 4,2102,173.81,,,,3.182,2.199,173.81
2026,2026casgv,Week 4,1538,135.148,,,,7.374,2.397,135.148
2026,2026casgv,Week 4,4415,100.81,,,,4.029,1.168,100.81
2026,2026casgv,Week 4,1160,87.459,,,,0.152,1.397,87.459
2026,2026casgv,Week 4,5669,70.39,,,,6.688,0.927,70.39
2026,2026casgv,Week 4,4123,64.363,,,,0.806,1.431,64.363
2026,2026casgv,Week 4,812,58.075,,,,1.079,1.408,58.075
2026,2026casgv,Week 4,4079,40.253,,,,0.108,0.346,40.253
2026,2026casgv,Week 4,4141,39.088,,,,3.605,0.07,39.088
2026,2026casgv,Week 4,5285,35.881,,,,-0.38,0.325,35.881
2026,2026casgv,Week 4,4999,34.251,,,,1.81,0.787,34.251
2026,2026casgv,Week 4,4501,30.585,,,,5.365,0.297,30.585
2026,2026casgv,Week 4,3952,28.861,,,,-1.632,0.555,28.861
2026,2026casgv,Week 4,7230,28.219,,,,4.459,0.347,28.219
2026,2026casgv,Week 4,5851,27.728,,,,0.335,0.445,27.728
2026,2026casgv,Week 4,9573,27.202,,,,8.791,-0.025,27.202
2026,2026casgv,Week 4,1197,26.533,,,,1.709,-0.058,26.533
2026,2026casgv,Week 4,4470,24.398,,,,1.427,0.483,24.398
2026,2026casgv,Week 4,5124,22.327,,,,-2.092,0.264,22.327
2026,2026casgv,Week 4,3473,18.811,,,,2.025,-0.147,18.811
2026,2026casgv,Week 4,8006,18.326,,,,-4.455,-0.179,18.326
2026,2026casgv,Week 4,6904,17.355,,,,3.846,0.94,17.355
2026,2026casgv,Week 4,1836,17.14,,,,-1.89,0.607,17.14
2026,2026casgv,Week 4,7447,16.0,,,,0.898,0.077,16.0
2026,2026casgv,Week 4,867,13.279,,,,5.353,0.076,13.279
2026,2026casgv,Week 4,8898,4.857,,,,4.806,-0.446,4.857
2026,2026casgv,Week 4,968,-2.99,,,,-1.084,-0.016,-2.99
2026,2026waahs,Week 4,2046,289.139,,,,1.386,2.991,289.139
2026,2026waahs,Week 4,9023,212.343,,,,10.073,2.31,212.343
2026,2026waahs,Week 4,4089,182.843,,,,-2.291,1.82,182.843
2026,2026waahs,Week 4,360,180.614,,,,-0.1,2.302,180.614
2026,2026waahs,Week 4,4469,176.683,,,,1.625,2.105,176.683
2026,2026waahs,Week 4,1778,141.91,,,,2.597,2.133,141.91
2026,2026waahs,Week 4,10079,128.939,,,,-5.285,1.275,128.939
2026,2026waahs,Week 4,4512,126.121,,,,10.126,1.139,126.121
2026,2026waahs,Week 4,3663,115.42,,,,-4.099,1.409,115.42
2026,2026waahs,Week 4,4450,99.587,,,,0.247,1.472,99.587
2026,2026waahs,Week 4,8051,69.433,,,,5.944,1.219,69.433
2026,2026waahs,Week 4,2910,67.418,,,,-2.548,0.297,67.418
2026,2026waahs,Week 4,7627,53.768,,,,6.916,0.246,53.768
2026,2026waahs,Week 4,949,50.466,,,,1.821,1.138,50.466
2026,2026waahs,Week 4,4173,44.964,,,,-0.739,0.324,44.964
2026,2026waahs,Week 4,3049,43.596,,,,-0.972,0.57,43.596
2026,2026waahs,Week 4,9446,40.652,,,,4.638,0.616,40.652
2026,2026waahs,Week 4,5295,37.859,,,,4.354,0.185,37.859
2026,2026waahs,Week 4,2980,36.765,,,,-3.212,0.305,36.765
2026,2026waahs,Week 4,10455,36.4,,,,0.246,0.52,36.4
2026,2026waahs,Week 4,8302,35.0,,,,2.26,0.883,35.0
2026,2026waahs,Week 4,3786,34.338,,,,-0.997,0.66,34.338
2026,2026waahs,Week 4,11347,31.273,,,,2.64,0.07,31.273
2026,2026waahs,Week 4,3876,29.224,,,,-1.375,0.033,29.224
2026,2026waahs,Week 4,4579,23.32,,,,1.12,0.179,23.32
2026,2026waahs,Week 4,2906,18.572,,,,3.521,0.579,18.572
2026,2026waahs,Week 4,3393,17.31,,,,3.747,0.056,17.31
2026,2026waahs,Week 4,4682,15.498,,,,-0.706,-0.126,15.498
2026,2026waahs,Week 4,8303,14.94,,,,1.773,0.566,14.94
2026,2026waahs,Week 4,3070,12.589,,,,-3.065,0.777,12.589
2026,2026waahs,Week 4,2927,12.241,,,,1.793,0.008,12.241
2026,2026waahs,Week 4,3219,9.195,,,,8.054,-0.017,9.195
2026,2026waahs,Week 4,3574,1.437,,,,5.051,-0.116,1.437
2026,2026waahs,Week 4,5683,-0.735,,,,-2.369,-0.391,-0.735
2026,2026waahs,Week 4,2929,-1.231,,,,2.528,0.488,-1.231
2026,2026waahs,Week 4,8896,-9.476,,,,8.631,-0.442,-9.476
2026,2026tuis3,Week 4,10131,229.817,,,,0.997,2.996,229.817
2026,2026tuis3,Week 4,6459,210.806,,,,5.387,2.86,210.806
2026,2026tuis3,Week 4,11216,191.127,,,,-2.121,1.692,191.127
2026,2026tuis3,Week 4,8159,167.734,,,,4.224,2.144,167.734
2026,2026tuis3,Week 4,8595,156.498,,,,-1.772,1.687,156.498
2026,2026tuis3,Week 4,6948,102.122,,,,2.25,1.269,102.122
2026,2026tuis3,Week 4,8806,96.98,,,,-2.573,1.138,96.98
2026,2026tuis3,Week 4,6941,86.483,,,,0.424,1.845,86.483
2026,2026tuis3,Week 4,9025,84.045,,,,-1.585,2.394,84.045
2026,2026tuis3,Week 4,7466,81.097,,,,6.034,0.758,81.097
2026,2026tuis3,Week 4,9692,67.023,,,,6.098,0.556,67.023
2026,2026tuis3,Week 4,5665,56.616,,,,6.223,0.65,56.616
2026,2026tuis3,Week 4,8153,42.754,,,,4.742,0.359,42.754
2026,2026tuis3,Week 4,9231,41.43,,,,4.073,-0.022,41.43
2026,2026tuis3,Week 4,10132,40.95,,,,-1.477,-0.213,40.95
2026,2026tuis3,Week 4,9451,37.052,,,,2.779,1.285,37.052
2026,2026tuis3,Week 4,10947,37.043,,,,-0.781,0.448,37.043
2026,2026tuis3,Week 4,9028,36.358,,,,5.608,-0.054,36.358
2026,2026tuis3,Week 4,5655,34.963,,,,2.218,0.142,34.963
2026,2026tuis3,Week 4,11120,34.392,,,,3.903,1.29,34.392
2026,2026tuis3,Week 4,7742,32.436,,,,0.751,0.845,32.436
2026,2026tuis3,Week 4,11240,31.952,,,,-0.865,0.294,31.952
2026,2026tuis3,Week 4,11000,31.714,,,,6.776,0.765,31.714
2026,2026tuis3,Week 4,8056,27.689,,,,-1.448,0.297,27.689
2026,2026tuis3,Week 4,10959,27.499,,,,8.3,1.083,27.499
2026,2026tuis3,Week 4,9026,26.25,,,,-1.647,0.209,26.25
2026,2026tuis3,Week 4,10598,21.838,,,,-0.652,0.134,21.838
2026,2026tuis3,Week 4,7086,20.596,,,,1.228,0.668,20.596
2026,2026tuis3,Week 4,9468,20.298,,,,1.876,0.408,20.298
2026,2026tuis3,Week 4,8795,19.964,,,,-1.663,0.254,19.964
2026,2026tuis3,Week 4,10999,19.384,,,,3.061,-0.04,19.384
2026,2026tuis3,Week 4,9043,18.679,,,,6.906,0.173,18.679
2026,2026tuis3,Week 4,10502,13.837,,,,3.635,-0.61,13.837
2026,2026tuis3,Week 4,8209,13.261,,,,-1.277,0.714,13.261
2026,2026tuis3,Week 4,9020,11.506,,,,1.674,-0.411,11.506
2026,2026tuis3,Week 4,10205,7.283,,,,-1.983,0.412,7.283
2026,2026tuis3,Week 4,10576,5.809,,,,-0.452,0.288,5.809
2026,2026tuis3,Week 4,10185,5.132,,,,-1.683,-0.101,5.132
2026,2026tuis3,Week 4,8747,4.777,,,,1.906,1.057,4.777
2026,2026tuis3,Week 4,10383,4.275,,,,-1.44,-0.13,4.275
2026,2026tuis3,Week 4,6038,-6.88,,,,3.385,0.504,-6.88
2026,2026tuis3,Week 4,10234,-11.954,,,,3.325,-0.226,-11.954
2026,2026tuis3,Week 4,10953,-17.418,,,,0.18,-0.041,-17.418
2026,2026tuis5,Week 5,9483,433.343,,,,11.993,3.998,433.343
2026,2026tuis5,Week 5,6459,327.152,,,,5.143,3.25,327.152
2026,2026tuis5,Week 5,10131,218.713,,,,7.798,3.149,218.713
2026,2026tuis5,Week 5,9692,108.637,,,,5.677,2.514,108.637
2026,2026tuis5,Week 5,10951,80.432,,,,2.419,0.429,80.432
2026,2026tuis5,Week 5,9545,73.07,,,,1.55,1.881,73.07
2026,2026tuis5,Week 5,7536,71.611,,,,10.715,0.064,71.611
2026,2026tuis5,Week 5,10234,50.246,,,,3.416,0.595,50.246
2026,2026tuis5,Week 5,10415,47.746,,,,2.993,0.756,47.746
2026,2026tuis5,Week 5,7748,40.384,,,,7.589,0.588,40.384
2026,2026tuis5,Week 5,7439,37.839,,,,6.641,1.153,37.839
2026,2026tuis5,Week 5,9024,32.045,,,,0.763,0.045,32.045
2026,2026tuis5,Week 5,8084,30.885,,,,-2.083,1.255,30.885
2026,2026tuis5,Week 5,10675,28.839,,,,-1.527,0.184,28.839
2026,2026tuis5,Week 5,10604,27.05,,,,-0.899,0.794,27.05
2026,2026tuis5,Week 5,10542,24.159,,,,0.226,-0.342,24.159
2026,2026tuis5,Week 5,10932,21.978,,,,-2.617,0.704,21.978
2026,2026tuis5,Week 5,10623,20.855,,,,-1.72,0.453,20.855
2026,2026tuis5,Week 5,8158,17.441,,,,-3.111,-0.057,17.441
2026,2026tuis5,Week 5,6232,16.275,,,,6.18,0.903,16.275
2026,2026tuis5,Week 5,11303,15.057,,,,1.808,0.485,15.057
2026,2026tuis5,Week 5,10425,13.063,,,,2.848,0.595,13.063
2026,2026tuis5,Week 5,9694,12.678,,,,2.606,0.251,12.678
2026,2026tuis5,Week 5,11382,12.284,,,,2.162,-0.301,12.284
2026,2026tuis5,Week 5,11389,10.03,,,,0.434,-0.082,10.03
2026,2026tuis5,Week 5,9264,9.512,,,,-0.571,1.318,9.512
2026,2026tuis5,Week 5,7576,6.322,,,,2.04,-0.089,6.322
2026,2026tuis5,Week 5,7298,4.845,,,,0.777,0.811,4.845
2026,2026tuis5,Week 5,8092,4.708,,,,-0.909,0.141,4.708
2026,2026tuis5,Week 5,11371,3.285,,,,0.396,-0.033,3.285
2026,2026tuis5,Week 5,7035,2.321,,,,-1.659,-0.018,2.321
2026,2026tuis5,Week 5,10692,2.179,,,,-0.538,-0.267,2.179
2026,2026tuis5,Week 5,8784,1.794,,,,2.209,0.228,1.794
2026,2026tuis5,Week 5,9043,0.453,,,,1.561,-0.099,0.453
2026,2026tuis5,Week 5,10906,-1.329,,,,5.929,0.101,-1.329
2026,2026tuis5,Week 5,8263,-1.795,,,,-1.508,0.312,-1.795
2026,2026tuis5,Week 5,8264,-2.337,,,,3.906,0.873,-2.337
2026,2026tuis5,Week 5,6415,-4.173,,,,9.986,-0.402,-4.173
2026,2026tuis5,Week 5,11404,-10.211,,,,3.134,-0.05,-10.211
2026,2026tuis5,Week 5,7758,-18.829,,,,-1.869,-0.091,-18.829
2026,2026ohmv,Week 5,4028,231.174,,,,-2.361,2.332,231.174
2026,2026ohmv,Week 5,2252,208.521,,,,3.04,2.075,208.521
2026,2026ohmv,Week 5,695,205.723,,,,2.026,2.106,205.723
2026,2026ohmv,Week 5,1787,175.856,,,,0.491,2.152,175.856
2026,2026ohmv,Week 5,4611,174.145,,,,2.008,1.837,174.145
2026,2026ohmv,Week 5,2338,168.39,,,,8.546,1.164,168.39
2026,2026ohmv,Week 5,4096,162.305,,,,6.837,2.186,162.305
2026,2026ohmv,Week 5,6237,157.195,,,,2.673,2.39,157.195
2026,2026ohmv,Week 5,1038,148.656,,,,0.28,2.039,148.656
2026,2026ohmv,Week 5,4467,135.065,,,,-3.553,1.39,135.065
2026,2026ohmv,Week 5,2399,132.573,,,,-1.607,1.489,132.573
2026,2026ohmv,Week 5,4145,129.79,,,,12.767,1.446,129.79
2026,2026ohmv,Week 5,117,129.401,,,,2.22,1.663,129.401
2026,2026ohmv,Week 5,5811,119.035,,,,3.47,1.325,119.035
2026,2026ohmv,Week 5,2614,105.487,,,,5.079,1.116,105.487
2026,2026ohmv,Week 5,2228,102.64,,,,-1.728,1.243,102.64
2026,2026ohmv,Week 5,1756,95.433,,,,3.496,1.039,95.433
2026,2026ohmv,Week 5,3504,86.395,,,,1.527,1.17,86.395
2026,2026ohmv,Week 5,379,84.734,,,,-2.404,1.05,84.734
2026,2026ohmv,Week 5,5667,77.921,,,,-0.262,0.337,77.921
2026,2026ohmv,Week 5,2603,74.091,,,,-1.244,0.769,74.091
2026,2026ohmv,Week 5,9075,72.005,,,,2.876,0.829,72.005
2026,2026ohmv,Week 5,10011,65.559,,,,0.157,0.868,65.559
2026,2026ohmv,Week 5,554,64.787,,,,3.751,0.826,64.787
2026,2026ohmv,Week 5,3138,63.217,,,,-2.101,1.583,63.217
2026,2026ohmv,Week 5,4601,63.157,,,,-1.788,1.153,63.157
2026,2026ohmv,Week 5,8243,61.832,,,,0.493,-0.163,61.832
2026,2026ohmv,Week 5,4085,52.805,,,,5.138,0.708,52.805
2026,2026ohmv,Week 5,2172,46.94,,,,-3.217,0.389,46.94
2026,2026ohmv,Week 5,325,45.207,,,,0.272,-0.136,45.207
2026,2026ohmv,Week 5,1014,44.482,,,,0.647,0.76,44.482
2026,2026ohmv,Week 5,10208,40.438,,,,10.828,0.59,40.438
2026,2026ohmv,Week 5,9097,38.552,,,,9.118,1.035,38.552
2026,2026ohmv,Week 5,3814,35.067,,,,-2.2,-0.283,35.067
2026,2026ohmv,Week 5,1736,30.78,,,,-2.413,1.089,30.78
2026,2026ohmv,Week 5,6302,27.696,,,,-4.15,-0.13,27.696
2026,2026ohmv,Week 5,578,24.845,,,,-1.737,0.59,24.845
2026,2026ohmv,Week 5,10987,21.772,,,,-3.592,-0.351,21.772
2026,2026ohmv,Week 5,10207,17.137,,,,-0.498,0.679,17.137
2026,2026ohmv,Week 5,451,15.921,,,,-3.95,-0.222,15.921
2026,2026ohmv,Week 5,144,14.149,,,,7.823,0.234,14.149
2026,2026ohmv,Week 5,2010,10.103,,,,1.319,-1.06,10.103
2026,2026ohmv,Week 5,3324,7.729,,,,-2.672,-0.06,7.729
2026,2026ohmv,Week 5,9139,6.591,,,,-0.289,-0.236,6.591
2026,2026ohmv,Week 5,3484,4.808,,,,-1.105,0.876,4.808
2026,2026ohmv,Week 5,9152,2.487,,,,4.537,0.122,2.487
2026,2026ohmv,Week 5,8145,-3.113,,,,-3.382,0.392,-3.113
2026,2026ohmv,Week 5,677,-5.683,,,,2.719,-0.435,-5.683
2026,2026ohmv,Week 5,432,-24.603,,,,4.659,-0.583,-24.603
2026,2026ohmv,Week 5,6964,-35.976,,,,2.455,-0.496,-35.976
2026,2026lake,Week 5,8044,261.444,,,,4.371,2.596,261.444
2026,2026lake,Week 5,4635,225.359,,,,4.264,2.196,225.359
2026,2026lake,Week 5,3937,157.797,,,,0.487,1.753,157.797
2026,2026lake,Week 5,4087,143.364,,,,1.516,1.528,143.364
2026,2026lake,Week 5,2992,142.698,,,,0.424,1.484,142.698
2026,2026lake,Week 5,8808,131.915,,,,8.613,2.033,131.915
2026,2026lake,Week 5,3039,123.742,,,,6.324,0.88,123.742
2026,2026lake,Week 5,3753,118.923,,,,-0.784,2.167,118.923
2026,2026lake,Week 5,16,118.489,,,,2.81,1.117,118.489
2026,2026lake,Week 5,2183,115.329,,,,8.95,0.808,115.329
2026,2026lake,Week 5,3616,114.129,,,,1.51,1.945,114.129
2026,2026lake,Week 5,3478,108.606,,,,5.07,0.96,108.606
2026,2026lake,Week 5,7072,98.108,,,,-2.91,2.182,98.108
2026,2026lake,Week 5,4336,78.995,,,,-0.484,2.366,78.995
2026,2026lake,Week 5,456,77.066,,,,11.043,0.896,77.066
2026,2026lake,Week 5,10217,75.863,,,,1.447,0.71,75.863
2026,2026lake,Week 5,364,73.081,,,,-1.833,1.101,73.081
2026,2026lake,Week 5,3284,72.374,,,,-0.9,0.706,72.374
2026,2026lake,Week 5,1421,54.99,,,,0.782,-0.146,54.99
2026,2026lake,Week 5,11276,54.105,,,,0.254,-0.062,54.105
2026,2026lake,Week 5,9717,52.398,,,,5.249,0.643,52.398
2026,2026lake,Week 5,7094,44.783,,,,2.338,1.196,44.783
2026,2026lake,Week 5,5887,41.821,,,,-1.705,0.513,41.821
2026,2026lake,Week 5,3824,41.351,,,,8.407,0.386,41.351
2026,2026lake,Week 5,9699,40.277,,,,-0.14,1.687,40.277
2026,2026lake,Week 5,10943,38.708,,,,-0.72,1.036,38.708
2026,2026lake,Week 5,2221,35.144,,,,6.311,-0.037,35.144
2026,2026lake,Week 5,11260,34.004,,,,-1.982,1.255,34.004
2026,2026lake,Week 5,10101,33.574,,,,-0.556,1.25,33.574
2026,2026lake,Week 5,1902,32.571,,,,9.486,0.233,32.571
2026,2026lake,Week 5,1818,27.426,,,,-0.487,0.927,27.426
2026,2026lake,Week 5,3468,25.461,,,,2.295,0.498,25.461
2026,2026lake,Week 5,9660,21.787,,,,-1.556,-0.5,21.787
2026,2026lake,Week 5,10446,21.603,,,,2.086,0.327,21.603
2026,2026lake,Week 5,6068,19.913,,,,3.298,0.978,19.913
2026,2026lake,Week 5,9761,16.835,,,,3.649,-0.447,16.835
2026,2026lake,Week 5,2080,16.342,,,,1.048,-0.611,16.342
2026,2026lake,Week 5,9313,15.783,,,,-1.269,0.999,15.783
2026,2026lake,Week 5,9708,14.688,,,,-1.73,0.864,14.688
2026,2026lake,Week 5,5863,11.561,,,,1.062,0.31,11.561
2026,2026lake,Week 5,6489,10.767,,,,3.483,-0.286,10.767
2026,2026lake,Week 5,5705,9.406,,,,1.579,-0.337,9.406
2026,2026lake,Week 5,7288,8.45,,,,1.527,0.395,8.45
2026,2026lake,Week 5,11342,7.63,,,,3.011,0.517,7.63
2026,2026lake,Week 5,5965,6.32,,,,-3.247,0.65,6.32
2026,2026lake,Week 5,9405,5.918,,,,0.84,0.347,5.918
2026,2026lake,Week 5,10497,5.736,,,,1.594,0.158,5.736
2026,2026lake,Week 5,10929,2.403,,,,3.028,0.979,2.403
2026,2026lake,Week 5,9787,2.148,,,,-4.155,-0.273,2.148
2026,2026lake,Week 5,9456,-1.157,,,,4.255,-0.33,-1.157
2026,2026lake,Week 5,10550,-3.401,,,,-0.479,-1.241,-3.401
2026,2026lake,Week 5,9309,-12.258,,,,4.423,0.167,-12.258
2026,2026lake,Week 5,9768,-12.422,,,,-1.585,-0.851,-12.422
2026,2026mnum,Week 5,4655,190.565,,,,1.598,2.36,190.565
2026,2026mnum,Week 5,2052,185.045,,,,-0.531,2.747,185.045
2026,2026mnum,Week 5,3293,150.636,,,,0.21,2.403,150.636
2026,2026mnum,Week 5,3100,145.398,,,,-1.006,2.22,145.398
2026,2026mnum,Week 5,2472,140.478,,,,3.684,1.829,140.478
2026,2026mnum,Week 5,3130,125.476,,,,-0.028,2.011,125.476
2026,2026mnum,Week 5,8234,104.901,,,,-1.047,1.795,104.901
2026,2026mnum,Week 5,6147,91.857,,,,-0.644,1.652,91.857
2026,2026mnum,Week 5,2549,89.073,,,,-0.626,1.326,89.073
2026,2026mnum,Week 5,4198,83.608,,,,2.036,0.663,83.608
2026,2026mnum,Week 5,2502,73.728,,,,1.836,0.977,73.728
2026,2026mnum,Week 5,2264,72.87,,,,-1.044,1.017,72.87
2026,2026mnum,Week 5,2175,65.793,,,,-1.225,1.374,65.793
2026,2026mnum,Week 5,3891,65.016,,,,5.303,0.398,65.016
2026,2026mnum,Week 5,10479,63.167,,,,0.444,1.369,63.167
2026,2026mnum,Week 5,5434,58.689,,,,2.701,0.8,58.689
2026,2026mnum,Week 5,3883,57.107,,,,-2.209,0.49,57.107
2026,2026mnum,Week 5,10490,55.037,,,,1.076,1.241,55.037
2026,2026mnum,Week 5,8878,51.12,,,,4.414,1.124,51.12
2026,2026mnum,Week 5,3206,48.863,,,,-0.441,1.019,48.863
2026,2026mnum,Week 5,2498,47.871,,,,-0.717,1.095,47.871
2026,2026mnum,Week 5,2526,47.34,,,,-0.78,0.872,47.34
2026,2026mnum,Week 5,2129,44.303,,,,1.566,0.597,44.303
2026,2026mnum,Week 5,3630,36.703,,,,0.607,0.345,36.703
2026,2026mnum,Week 5,3042,35.774,,,,0.05,0.837,35.774
2026,2026mnum,Week 5,5464,32.53,,,,0.182,0.179,32.53
2026,2026mnum,Week 5,10950,29.306,,,,2.121,0.704,29.306
2026,2026mnum,Week 5,2500,26.265,,,,-0.187,0.322,26.265
2026,2026mnum,Week 5,2207,23.726,,,,7.785,0.524,23.726
2026,2026mnum,Week 5,6909,19.939,,,,4.807,0.997,19.939
2026,2026mnum,Week 5,5271,18.763,,,,2.562,0.026,18.763
2026,2026mnum,Week 5,7273,17.287,,,,-1.888,0.315,17.287
2026,2026mnum,Week 5,5996,17.075,,,,1.266,0.378,17.075
2026,2026mnum,Week 5,2225,13.379,,,,-1.309,0.64,13.379
2026,2026mnum,Week 5,3691,13.114,,,,5.224,-0.216,13.114
2026,2026mnum,Week 5,9157,10.269,,,,-0.254,0.264,10.269
2026,2026mnum,Week 5,2574,4.915,,,,-2.033,-0.605,4.915
2026,2026mnum,Week 5,2518,2.692,,,,1.312,-0.494,2.692
2026,2026mnum,Week 5,6217,0.581,,,,0.937,0.035,0.581
2026,2026mnum,Week 5,4166,0.193,,,,-0.631,-0.619,0.193
2026,2026mnum,Week 5,8787,-1.862,,,,0.729,-0.334,-1.862
2026,2026mnum,Week 5,3291,-2.543,,,,3.032,-0.675,-2.543
2026,2026mnum,Week 5,2513,-2.548,,,,-1.886,-0.058,-2.548
2026,2026mnum,Week 5,2169,-2.624,,,,0.723,-0.119,-2.624
2026,2026mnum,Week 5,2606,-6.952,,,,-0.836,-0.101,-6.952
2026,2026mnum,Week 5,4693,-7.863,,,,-2.506,0.249,-7.863
2026,2026mnum,Week 5,3751,-8.932,,,,-1.116,-0.316,-8.932
2026,2026mose,Week 5,1987,246.144,,,,0.17,2.738,246.144
2026,2026mose,Week 5,1986,177.244,,,,2.254,2.207,177.244
2026,2026mose,Week 5,6017,157.54,,,,8.213,1.589,157.54
2026,2026mose,Week 5,10435,150.297,,,,1.465,1.446,150.297
2026,2026mose,Week 5,2357,130.739,,,,-0.327,1.674,130.739
2026,2026mose,Week 5,1810,123.704,,,,2.296,1.456,123.704
2026,2026mose,Week 5,1625,120.336,,,,-1.21,1.83,120.336
2026,2026mose,Week 5,5013,102.009,,,,2.058,1.497,102.009
2026,2026mose,Week 5,9410,99.618,,,,6.763,1.575,99.618
2026,2026mose,Week 5,2704,91.996,,,,1.256,0.72,91.996
2026,2026mose,Week 5,5126,86.703,,,,-0.031,0.922,86.703
2026,2026mose,Week 5,4624,79.465,,,,-1.268,0.626,79.465
2026,2026mose,Week 5,8880,72.319,,,,0.104,0.944,72.319
2026,2026mose,Week 5,757,67.866,,,,2.629,1.657,67.866
2026,2026mose,Week 5,2220,66.801,,,,-2.646,0.975,66.801
2026,2026mose,Week 5,1847,62.118,,,,-0.524,2.015,62.118
2026,2026mose,Week 5,4959,53.761,,,,-2.183,1.148,53.761
2026,2026mose,Week 5,7102,51.647,,,,1.063,0.168,51.647
2026,2026mose,Week 5,8740,51.214,,,,1.079,1.149,51.214
2026,2026mose,Week 5,6843,46.687,,,,-0.732,0.277,46.687
2026,2026mose,Week 5,9316,46.459,,,,0.795,0.279,46.459
2026,2026mose,Week 5,9626,36.872,,,,-1.335,0.008,36.872
2026,2026mose,Week 5,5041,35.414,,,,1.879,0.381,35.414
2026,2026mose,Week 5,7483,34.174,,,,5.306,0.321,34.174
2026,2026mose,Week 5,8825,32.445,,,,-1.919,0.397,32.445
2026,2026mose,Week 5,10225,30.824,,,,3.223,0.402,30.824
2026,2026mose,Week 5,935,30.252,,,,6.112,1.587,30.252
2026,2026mose,Week 5,7064,28.638,,,,-0.092,0.081,28.638
2026,2026mose,Week 5,937,26.476,,,,-0.082,0.735,26.476
2026,2026mose,Week 5,1763,23.895,,,,-0.061,-0.233,23.895
2026,2026mose,Week 5,5098,22.866,,,,-1.229,0.303,22.866
2026,2026mose,Week 5,4455,22.025,,,,3.927,0.209,22.025
2026,2026mose,Week 5,11171,21.527,,,,-0.13,-0.657,21.527
2026,2026mose,Week 5,2457,16.137,,,,3.133,0.176,16.137
2026,2026mose,Week 5,1769,9.465,,,,-1.72,-0.266,9.465
2026,2026mose,Week 5,10453,9.389,,,,-2.748,0.211,9.389
2026,2026mose,Week 5,8112,5.398,,,,1.651,-0.157,5.398
2026,2026mose,Week 5,1994,3.854,,,,-2.109,-0.006,3.854
2026,2026mose,Week 5,10333,2.778,,,,2.553,0.334,2.778
2026,2026mose,Week 5,1827,0.991,,,,0.673,0.089,0.991
2026,2026oktu,Week 5,498,292.056,,,,10.016,2.662,292.056
2026,2026oktu,Week 5,4403,213.781,,,,7.408,2.625,213.781
2026,2026oktu,Week 5,2403,118.587,,,,-2.698,2.05,118.587
2026,2026oktu,Week 5,6353,113.801,,,,2.439,1.178,113.801
2026,2026oktu,Week 5,6424,104.966,,,,4.897,2.002,104.966
2026,2026oktu,Week 5,5550,104.934,,,,3.404,1.727,104.934
2026,2026oktu,Week 5,2718,103.746,,,,-2.452,1.716,103.746
2026,2026oktu,Week 5,5653,100.584,,,,1.885,1.117,100.584
2026,2026oktu,Week 5,3277,100.215,,,,-1.535,1.776,100.215
2026,2026oktu,Week 5,5454,98.485,,,,2.401,1.233,98.485
2026,2026oktu,Week 5,2373,96.314,,,,-2.732,1.585,96.314
2026,2026oktu,Week 5,10980,85.79,,,,-1.727,1.279,85.79
2026,2026oktu,Week 5,1561,70.257,,,,-2.046,0.871,70.257
2026,2026oktu,Week 5,3179,67.083,,,,4.232,1.301,67.083
2026,2026oktu,Week 5,2345,65.085,,,,3.725,0.259,65.085
2026,2026oktu,Week 5,3313,64.927,,,,1.825,1.686,64.927
2026,2026oktu,Week 5,9462,57.792,,,,1.931,0.567,57.792
2026,2026oktu,Week 5,3465,53.213,,,,-3.699,0.153,53.213
2026,2026oktu,Week 5,10661,51.635,,,,4.915,1.274,51.635
2026,2026oktu,Week 5,6026,46.05,,,,6.05,1.489,46.05
2026,2026oktu,Week 5,3278,42.72,,,,0.836,0.33,42.72
2026,2026oktu,Week 5,3160,42.044,,,,3.676,0.086,42.044
2026,2026oktu,Week 5,4523,40.994,,,,1.738,0.273,40.994
2026,2026oktu,Week 5,2341,39.594,,,,8.81,0.702,39.594
2026,2026oktu,Week 5,9498,37.347,,,,-3.726,0.013,37.347
2026,2026oktu,Week 5,2333,36.816,,,,4.0,0.837,36.816
2026,2026oktu,Week 5,4005,35.302,,,,-5.809,1.214,35.302
2026,2026oktu,Week 5,2773,31.23,,,,-4.497,0.117,31.23
2026,2026oktu,Week 5,1832,29.616,,,,-1.867,0.413,29.616
2026,2026oktu,Week 5,3134,28.626,,,,0.411,-0.07,28.626
2026,2026oktu,Week 5,2359,27.774,,,,5.491,0.806,27.774
2026,2026oktu,Week 5,9472,21.869,,,,-2.34,0.357,21.869
2026,2026oktu,Week 5,9631,21.797,,,,3.839,-0.138,21.797
2026,2026oktu,Week 5,2352,21.35,,,,-0.234,0.261,21.35
2026,2026oktu,Week 5,9244,20.448,,,,-3.413,0.609,20.448
2026,2026oktu,Week 5,31,18.248,,,,7.953,0.136,18.248
2026,2026oktu,Week 5,1819,18.221,,,,2.179,0.21,18.221
2026,2026oktu,Week 5,3163,17.812,,,,3.548,-0.198,17.812
2026,2026oktu,Week 5,1775,17.166,,,,3.205,0.194,17.166
2026,2026oktu,Week 5,2165,16.047,,,,-0.798,-0.781,16.047
2026,2026oktu,Week 5,10377,15.135,,,,-1.527,0.558,15.135
2026,2026oktu,Week 5,9007,14.655,,,,3.996,0.342,14.655
2026,2026oktu,Week 5,3275,8.923,,,,2.611,-0.139,8.923
2026,2026oktu,Week 5,10626,8.329,,,,1.867,0.64,8.329
2026,2026oktu,Week 5,1209,8.302,,,,-1.472,0.423,8.302
2026,2026oktu,Week 5,8711,0.068,,,,-2.015,-0.134,0.068
2026,2026gagai,Week 5,1833,276.647,,,,2.752,3.335,276.647
2026,2026gagai,Week 5,4189,114.605,,,,-1.015,2.401,114.605
2026,2026gagai,Week 5,1683,97.785,,,,1.068,1.821,97.785
2026,2026gagai,Week 5,8080,68.531,,,,-1.829,1.401,68.531
2026,2026gagai,Week 5,10482,62.396,,,,-0.565,1.766,62.396
2026,2026gagai,Week 5,1746,62.065,,,,-0.131,1.058,62.065
2026,2026gagai,Week 5,1414,61.104,,,,-1.072,0.913,61.104
2026,2026gagai,Week 5,6340,60.315,,,,2.249,0.825,60.315
2026,2026gagai,Week 5,8577,39.624,,,,0.171,0.395,39.624
2026,2026gagai,Week 5,5219,31.86,,,,0.191,0.542,31.86
2026,2026gagai,Week 5,4509,29.954,,,,3.439,1.02,29.954
2026,2026gagai,Week 5,11174,27.489,,,,0.148,1.052,27.489
2026,2026gagai,Week 5,5293,26.27,,,,3.863,-0.192,26.27
2026,2026gagai,Week 5,3318,25.384,,,,-0.681,-0.513,25.384
2026,2026gagai,Week 5,3815,22.576,,,,0.402,0.742,22.576
2026,2026gagai,Week 5,8865,22.432,,,,0.995,0.035,22.432
2026,2026gagai,Week 5,8761,21.248,,,,3.468,-0.443,21.248
2026,2026gagai,Week 5,3344,20.375,,,,1.102,0.274,20.375
2026,2026gagai,Week 5,6705,18.84,,,,1.994,0.551,18.84
2026,2026gagai,Week 5,8815,18.151,,,,0.36,0.647,18.151
2026,2026gagai,Week 5,9522,17.677,,,,1.385,0.631,17.677
2026,2026gagai,Week 5,5651,15.836,,,,-0.53,0.579,15.836
2026,2026gagai,Week 5,9561,12.829,,,,-1.421,0.557,12.829
2026,2026gagai,Week 5,9086,11.753,,,,-1.325,0.145,11.753
2026,2026gagai,Week 5,6712,11.389,,,,0.385,0.319,11.389
2026,2026gagai,Week 5,2415,8.07,,,,-0.791,0.391,8.07
2026,2026gagai,Week 5,9582,6.799,,,,-0.435,-0.283,6.799
2026,2026gagai,Week 5,1795,0.629,,,,0.646,-0.169,0.629
2026,2026gagai,Week 5,4459,-7.507,,,,-0.561,0.651,-7.507
2026,2026gagai,Week 5,8849,-30.378,,,,1.991,-0.288,-30.378
2026,2026inwas,Week 5,234,118.87,,,,2.373,2.314,118.87
2026,2026inwas,Week 5,3940,117.971,,,,1.316,1.48,117.971
2026,2026inwas,Week 5,761,101.964,,,,2.058,1.227,101.964
2026,2026inwas,Week 5,8116,91.25,,,,-1.276,2.282,91.25
2026,2026inwas,Week 5,868,82.737,,,,3.357,1.902,82.737
2026,2026inwas,Week 5,447,81.486,,,,0.903,1.076,81.486
2026,2026inwas,Week 5,1720,81.465,,,,4.278,0.881,81.465
2026,2026inwas,Week 5,6498,79.61,,,,1.649,1.649,79.61
2026,2026inwas,Week 5,4926,58.882,,,,-1.818,0.917,58.882
2026,2026inwas,Week 5,7617,48.128,,,,-0.373,0.708,48.128
2026,2026inwas,Week 5,5484,47.823,,,,1.881,1.235,47.823
2026,2026inwas,Week 5,1747,37.905,,,,0.252,0.632,37.905
2026,2026inwas,Week 5,4485,36.562,,,,1.657,0.535,36.562
2026,2026inwas,Week 5,5188,35.367,,,,3.94,1.156,35.367
2026,2026inwas,Week 5,8430,31.968,,,,-0.149,-0.282,31.968
2026,2026inwas,Week 5,8742,28.534,,,,0.16,0.684,28.534
2026,2026inwas,Week 5,9491,25.113,,,,1.303,0.625,25.113
2026,2026inwas,Week 5,7657,18.687,,,,1.316,-0.594,18.687
2026,2026inwas,Week 5,9790,14.079,,,,5.386,-0.101,14.079
2026,2026inwas,Week 5,3559,9.43,,,,0.615,0.231,9.43
2026,2026inwas,Week 5,7198,9.105,,,,0.875,-0.029,9.105
2026,2026inwas,Week 5,9453,7.836,,,,-0.639,-0.635,7.836
2026,2026inwas,Week 5,9554,5.652,,,,-1.117,-0.037,5.652
2026,2026inwas,Week 5,2197,1.92,,,,0.763,0.063,1.92
2026,2026inwas,Week 5,10029,0.489,,,,-0.378,0.332,0.489
2026,2026miliv,Week 5,27,362.831,,,,-1.266,3.076,362.831
2026,2026miliv,Week 5,3538,209.976,,,,-0.602,2.08,209.976
2026,2026miliv,Week 5,3414,184.106,,,,-0.819,2.584,184.106
2026,2026miliv,Week 5,6152,162.841,,,,4.146,1.564,162.841
2026,2026miliv,Week 5,1189,159.771,,,,-0.738,2.36,159.771
2026,2026miliv,Week 5,5907,128.762,,,,-1.186,1.96,128.762
2026,2026miliv,Week 5,1481,121.042,,,,2.122,1.391,121.042
2026,2026miliv,Week 5,9572,116.577,,,,-0.009,1.245,116.577
2026,2026miliv,Week 5,5533,110.633,,,,-1.539,1.248,110.633
2026,2026miliv,Week 5,5843,100.52,,,,0.226,1.301,100.52
2026,2026miliv,Week 5,6861,89.733,,,,3.678,1.335,89.733
2026,2026miliv,Week 5,7174,88.566,,,,0.495,1.36,88.566
2026,2026miliv,Week 5,6914,82.542,,,,1.376,0.56,82.542
2026,2026miliv,Week 5,7553,82.37,,,,0.083,1.518,82.37
2026,2026miliv,Week 5,1250,77.376,,,,1.234,0.558,77.376
2026,2026miliv,Week 5,123,77.007,,,,0.812,0.69,77.007
2026,2026miliv,Week 5,2832,55.59,,,,2.464,0.22,55.59
2026,2026miliv,Week 5,4405,50.64,,,,0.538,0.822,50.64
2026,2026miliv,Week 5,4768,45.891,,,,1.035,0.718,45.891
2026,2026miliv,Week 5,5559,43.703,,,,-0.345,1.451,43.703
2026,2026miliv,Week 5,8115,39.012,,,,-0.824,0.377,39.012
2026,2026miliv,Week 5,10672,35.699,,,,4.306,0.516,35.699
2026,2026miliv,Week 5,6099,33.585,,,,0.378,0.128,33.585
2026,2026miliv,Week 5,8426,31.22,,,,2.963,0.741,31.22
2026,2026miliv,Week 5,8297,29.993,,,,2.93,0.862,29.993
2026,2026miliv,Week 5,10664,29.486,,,,-1.002,0.199,29.486
2026,2026miliv,Week 5,9751,29.455,,,,1.59,0.645,29.455
2026,2026miliv,Week 5,7145,23.537,,,,0.493,0.368,23.537
2026,2026miliv,Week 5,7147,23.493,,,,1.44,0.726,23.493
2026,2026miliv,Week 5,9735,21.508,,,,-1.212,-0.06,21.508
2026,2026miliv,Week 5,5467,15.645,,,,-1.211,0.412,15.645
2026,2026miliv,Week 5,5050,13.922,,,,2.871,0.562,13.922
2026,2026miliv,Week 5,2604,13.134,,,,-0.234,-0.188,13.134
2026,2026miliv,Week 5,11455,13.019,,,,-0.959,-0.013,13.019
2026,2026miliv,Week 5,8427,13.0,,,,1.586,0.496,13.0
2026,2026miliv,Week 5,830,7.607,,,,-0.274,0.064,7.607
2026,2026miliv,Week 5,9205,4.338,,,,0.479,-0.661,4.338
2026,2026miliv,Week 5,10659,4.201,,,,-1.483,0.212,4.201
2026,2026miliv,Week 5,10590,-4.357,,,,-0.765,-0.394,-4.357
2026,2026miliv,Week 5,8623,-10.611,,,,0.269,-0.594,-10.611
2026,2026miliv,Week 5,11361,-27.031,,,,-1.379,-0.106,-27.031
2026,2026mitr2,Week 5,1701,184.15,,,,-0.548,2.373,184.15
2026,2026mitr2,Week 5,51,140.516,,,,-1.87,1.703,140.516
2026,2026mitr2,Week 5,1025,137.865,,,,7.63,1.543,137.865
2026,2026mitr2,Week 5,8280,128.024,,,,3.383,2.672,128.024
2026,2026mitr2,Week 5,503,121.388,,,,-0.302,1.94,121.388
2026,2026mitr2,Week 5,2960,119.361,,,,1.007,1.541,119.361
2026,2026mitr2,Week 5,818,118.493,,,,9.145,2.104,118.493
2026,2026mitr2,Week 5,7188,116.713,,,,7.208,2.042,116.713
2026,2026mitr2,Week 5,10349,104.474,,,,3.029,1.651,104.474
2026,2026mitr2,Week 5,247,98.226,,,,-0.078,1.5,98.226
2026,2026mitr2,Week 5,8352,59.114,,,,0.631,1.096,59.114
2026,2026mitr2,Week 5,5695,55.381,,,,2.365,0.924,55.381
2026,2026mitr2,Week 5,7196,54.963,,,,-1.922,1.047,54.963
2026,2026mitr2,Week 5,2673,51.021,,,,2.393,0.465,51.021
2026,2026mitr2,Week 5,5531,48.316,,,,0.168,1.077,48.316
2026,2026mitr2,Week 5,9558,47.418,,,,5.913,0.341,47.418
2026,2026mitr2,Week 5,217,41.29,,,,-0.669,1.369,41.29
2026,2026mitr2,Week 5,5756,38.746,,,,6.712,0.708,38.746
2026,2026mitr2,Week 5,6616,36.816,,,,-3.519,0.28,36.816
2026,2026mitr2,Week 5,2591,31.363,,,,-0.176,0.797,31.363
2026,2026mitr2,Week 5,2048,30.219,,,,5.081,0.016,30.219
2026,2026mitr2,Week 5,3667,29.9,,,,2.306,0.106,29.9
2026,2026mitr2,Week 5,11473,28.555,,,,5.437,0.641,28.555
2026,2026mitr2,Week 5,9212,24.792,,,,0.398,0.925,24.792
2026,2026mitr2,Week 5,10690,22.349,,,,9.357,0.361,22.349
2026,2026mitr2,Week 5,4851,21.785,,,,2.853,0.256,21.785
2026,2026mitr2,Week 5,3619,20.072,,,,2.8,0.163,20.072
2026,2026mitr2,Week 5,6096,17.498,,,,-1.613,0.47,17.498
2026,2026mitr2,Week 5,6566,17.05,,,,2.512,0.229,17.05
2026,2026mitr2,Week 5,7716,16.237,,,,0.221,0.215,16.237
2026,2026mitr2,Week 5,4758,14.037,,,,-2.122,-0.134,14.037
2026,2026mitr2,Week 5,3096,12.427,,,,-0.493,-0.352,12.427
2026,2026mitr2,Week 5,2224,10.372,,,,-0.904,-0.771,10.372
2026,2026mitr2,Week 5,9679,8.982,,,,-0.237,-0.52,8.982
2026,2026mitr2,Week 5,11457,8.811,,,,-1.755,0.16,8.811
2026,2026mitr2,Week 5,5901,8.561,,,,0.644,-0.339,8.561
2026,2026mitr2,Week 5,5239,5.879,,,,2.386,-0.292,5.879
2026,2026mitr2,Week 5,11461,5.43,,,,-3.364,0.336,5.43
2026,2026mitr2,Week 5,5642,2.321,,,,-2.036,-0.479,2.321
2026,2026mitr2,Week 5,9727,-6.667,,,,-1.138,0.335,-6.667
2026,2026paphi,Week 5,1391,178.338,,,,-0.604,2.506,178.338
2026,2026paphi,Week 5,9094,132.021,,,,1.923,2.204,132.021
2026,2026paphi,Week 5,1218,131.563,,,,-0.023,2.068,131.563
2026,2026paphi,Week 5,9014,62.772,,,,-0.795,1.635,62.772
2026,2026paphi,Week 5,6921,62.5,,,,1.579,1.32,62.5
2026,2026paphi,Week 5,708,61.344,,,,0.895,1.004,61.344
2026,2026paphi,Week 5,5789,50.954,,,,0.788,0.699,50.954
2026,2026paphi,Week 5,365,47.413,,,,-1.854,1.138,47.413
2026,2026paphi,Week 5,10143,45.588,,,,5.887,0.894,45.588
2026,2026paphi,Week 5,2016,43.294,,,,-0.313,1.093,43.294
2026,2026paphi,Week 5,501,40.274,,,,2.988,0.564,40.274
2026,2026paphi,Week 5,10918,38.158,,,,1.351,0.409,38.158
2026,2026paphi,Week 5,321,37.276,,,,1.141,0.945,37.276
2026,2026paphi,Week 5,6808,35.728,,,,-0.991,0.645,35.728
2026,2026paphi,Week 5,2720,33.816,,,,0.721,0.527,33.816
2026,2026paphi,Week 5,423,31.381,,,,-0.866,0.858,31.381
2026,2026paphi,Week 5,10989,30.479,,,,0.25,0.277,30.479
2026,2026paphi,Week 5,204,27.978,,,,0.917,-0.353,27.978
2026,2026paphi,Week 5,4575,26.421,,,,1.582,0.321,26.421
2026,2026paphi,Week 5,4638,26.32,,,,0.076,0.181,26.32
2026,2026paphi,Week 5,8630,25.139,,,,2.487,0.185,25.139
2026,2026paphi,Week 5,1279,24.797,,,,-1.444,0.961,24.797
2026,2026paphi,Week 5,714,23.932,,,,2.116,0.601,23.932
2026,2026paphi,Week 5,10949,22.451,,,,2.19,0.794,22.451
2026,2026paphi,Week 5,2180,18.587,,,,0.824,0.005,18.587
2026,2026paphi,Week 5,1811,15.009,,,,-0.485,0.192,15.009
2026,2026paphi,Week 5,816,13.308,,,,0.739,-0.051,13.308
2026,2026paphi,Week 5,10979,13.039,,,,0.387,0.408,13.039
2026,2026paphi,Week 5,10170,4.918,,,,1.079,-0.572,4.918
2026,2026paphi,Week 5,203,3.815,,,,-0.537,-0.785,3.815
2026,2026paphi,Week 5,10600,-7.695,,,,0.91,0.159,-7.695
2026,2026vtbur,Week 5,6329,307.052,,,,0.572,2.912,307.052
2026,2026vtbur,Week 5,125,265.763,,,,-0.6,2.378,265.763
2026,2026vtbur,Week 5,195,245.896,,,,2.519,2.56,245.896
2026,2026vtbur,Week 5,5687,240.347,,,,0.23,2.503,240.347
2026,2026vtbur,Week 5,1073,160.828,,,,6.706,1.48,160.828
2026,2026vtbur,Week 5,95,154.322,,,,1.111,1.899,154.322
2026,2026vtbur,Week 5,319,125.768,,,,8.601,1.697,125.768
2026,2026vtbur,Week 5,166,115.31,,,,7.246,1.433,115.31
2026,2026vtbur,Week 5,8085,102.23,,,,-3.351,1.718,102.23
2026,2026vtbur,Week 5,839,93.543,,,,2.752,1.316,93.543
2026,2026vtbur,Week 5,4909,93.201,,,,-2.844,0.6,93.201
2026,2026vtbur,Week 5,1512,90.906,,,,3.812,0.686,90.906
2026,2026vtbur,Week 5,2342,72.441,,,,3.603,0.874,72.441
2026,2026vtbur,Week 5,2523,64.397,,,,2.262,0.983,64.397
2026,2026vtbur,Week 5,1729,57.721,,,,-0.688,0.164,57.721
2026,2026vtbur,Week 5,138,54.332,,,,6.24,1.227,54.332
2026,2026vtbur,Week 5,8421,52.735,,,,2.128,0.443,52.735
2026,2026vtbur,Week 5,11175,36.531,,,,3.523,0.758,36.531
2026,2026vtbur,Week 5,6690,35.623,,,,-2.31,0.571,35.623
2026,2026vtbur,Week 5,10066,34.526,,,,1.175,0.069,34.526
2026,2026vtbur,Week 5,10910,33.009,,,,3.281,0.775,33.009
2026,2026vtbur,Week 5,6153,30.06,,,,0.934,0.609,30.06
2026,2026vtbur,Week 5,9101,27.462,,,,1.258,0.604,27.462
2026,2026vtbur,Week 5,6933,26.255,,,,-2.015,-0.264,26.255
2026,2026vtbur,Week 5,9056,21.566,,,,2.691,0.67,21.566
2026,2026vtbur,Week 5,8708,17.705,,,,-0.217,0.183,17.705
2026,2026vtbur,Week 5,10138,9.549,,,,2.565,-0.862,9.549
2026,2026vtbur,Week 5,11468,8.717,,,,8.054,0.308,8.717
2026,2026vtbur,Week 5,11269,3.767,,,,-3.575,0.057,3.767
2026,2026vtbur,Week 5,10108,0.481,,,,0.459,-0.069,0.481
2026,2026vtbur,Week 5,10945,-2.028,,,,-1.015,-0.095,-2.028
2026,2026vtbur,Week 5,9096,-4.728,,,,-1.982,0.259,-4.728
2026,2026vtbur,Week 5,1247,-9.983,,,,-2.296,-0.274,-9.983
2026,2026vtbur,Week 5,10937,-32.722,,,,0.834,-0.671,-32.722
2026,2026txama,Week 5,6369,225.649,,,,-0.081,2.585,225.649
2026,2026txama,Week 5,6773,158.11,,,,5.06,2.437,158.11
2026,2026txama,Week 5,3310,124.621,,,,5.982,2.242,124.621
2026,2026txama,Week 5,4206,96.102,,,,-2.877,1.86,96.102
2026,2026txama,Week 5,4063,91.329,,,,0.238,1.237,91.329
2026,2026txama,Week 5,4192,57.397,,,,-0.177,0.906,57.397
2026,2026txama,Week 5,1164,48.516,,,,2.371,1.353,48.516
2026,2026txama,Week 5,9136,47.849,,,,-0.729,1.599,47.849
2026,2026txama,Week 5,7540,41.829,,,,5.74,0.486,41.829
2026,2026txama,Week 5,3561,41.731,,,,-1.457,0.797,41.731
2026,2026txama,Week 5,4734,40.779,,,,3.767,1.021,40.779
2026,2026txama,Week 5,6974,29.518,,,,0.238,0.153,29.518
2026,2026txama,Week 5,9457,29.205,,,,0.088,0.822,29.205
2026,2026txama,Week 5,11200,29.158,,,,0.925,0.273,29.158
2026,2026txama,Week 5,8528,28.863,,,,-0.74,0.125,28.863
2026,2026txama,Week 5,5411,24.363,,,,-0.06,-0.282,24.363
2026,2026txama,Week 5,9105,22.876,,,,1.155,0.464,22.876
2026,2026txama,Week 5,4153,22.446,,,,-2.817,0.519,22.446
2026,2026txama,Week 5,5866,21.929,,,,2.713,0.188,21.929
2026,2026txama,Week 5,10312,21.556,,,,-2.107,-0.16,21.556
2026,2026txama,Week 5,6526,21.14,,,,0.222,0.43,21.14
2026,2026txama,Week 5,2657,16.862,,,,-1.187,0.634,16.862
2026,2026txama,Week 5,11469,16.565,,,,-0.85,0.274,16.565
2026,2026txama,Week 5,7271,14.638,,,,-0.117,-0.152,14.638
2026,2026txama,Week 5,5613,13.443,,,,1.901,-0.326,13.443
2026,2026txama,Week 5,8512,13.364,,,,0.846,0.207,13.364
2026,2026txama,Week 5,9492,13.043,,,,0.324,0.807,13.043
2026,2026txama,Week 5,10994,10.2,,,,2.353,0.481,10.2
2026,2026txama,Week 5,8732,8.239,,,,1.198,-0.34,8.239
2026,2026txama,Week 5,9080,2.616,,,,0.587,-0.348,2.616
2026,2026txama,Week 5,6768,2.478,,,,9.991,0.377,2.478
2026,2026txcl2,Week 5,118,153.367,,,,1.776,2.682,153.367
2026,2026txcl2,Week 5,3847,139.32,,,,3.446,1.746,139.32
2026,2026txcl2,Week 5,8576,135.717,,,,-0.045,2.092,135.717
2026,2026txcl2,Week 5,9512,106.214,,,,0.959,1.205,106.214
2026,2026txcl2,Week 5,324,104.784,,,,5.33,1.777,104.784
2026,2026txcl2,Week 5,8515,95.92,,,,0.835,0.917,95.92
2026,2026txcl2,Week 5,231,93.275,,,,13.091,0.787,93.275
2026,2026txcl2,Week 5,5829,92.2,,,,1.464,1.932,92.2
2026,2026txcl2,Week 5,5427,87.083,,,,0.66,1.007,87.083
2026,2026txcl2,Week 5,2587,84.553,,,,2.17,1.672,84.553
2026,2026txcl2,Week 5,457,83.135,,,,0.721,0.316,83.135
2026,2026txcl2,Week 5,3735,74.766,,,,0.988,1.717,74.766
2026,2026txcl2,Week 5,127,68.596,,,,-0.664,0.84,68.596
2026,2026txcl2,Week 5,3481,54.853,,,,1.426,1.181,54.853
2026,2026txcl2,Week 5,2585,54.669,,,,1.514,0.744,54.669
2026,2026txcl2,Week 5,11242,54.039,,,,0.409,1.522,54.039
2026,2026txcl2,Week 5,9307,44.188,,,,1.358,0.862,44.188
2026,2026txcl2,Week 5,7312,43.554,,,,-1.348,0.336,43.554
2026,2026txcl2,Week 5,7691,31.91,,,,1.583,0.341,31.91
2026,2026txcl2,Week 5,11132,29.386,,,,4.255,0.364,29.386
2026,2026txcl2,Week 5,9658,26.851,,,,4.711,0.398,26.851
2026,2026txcl2,Week 5,3676,24.435,,,,1.39,0.897,24.435
2026,2026txcl2,Week 5,4587,23.986,,,,0.001,0.578,23.986
2026,2026txcl2,Week 5,2882,21.228,,,,4.234,0.449,21.228
2026,2026txcl2,Week 5,6488,19.494,,,,-1.341,-0.006,19.494
2026,2026txcl2,Week 5,3728,19.158,,,,5.498,0.128,19.158
2026,2026txcl2,Week 5,5070,16.337,,,,3.141,-0.005,16.337
2026,2026txcl2,Week 5,10904,14.255,,,,-2.383,0.042,14.255
2026,2026txcl2,Week 5,9181,13.82,,,,-0.119,-0.407,13.82
2026,2026txcl2,Week 5,5986,12.484,,,,2.174,0.075,12.484
2026,2026txcl2,Week 5,5908,9.629,,,,-3.406,0.493,9.629
2026,2026txcl2,Week 5,7616,9.001,,,,-1.315,-0.306,9.001
2026,2026txcl2,Week 5,7091,2.212,,,,-2.073,-0.19,2.212
2026,2026txcl2,Week 5,2969,1.331,,,,-3.358,-0.355,1.331
2026,2026txdri,Week 5,2468,168.831,,,,12.073,2.427,168.831
2026,2026txdri,Week 5,3035,111.127,,,,0.308,2.636,111.127
2026,2026txdri,Week 5,4639,90.088,,,,-0.071,1.921,90.088
2026,2026txdri,Week 5,6357,56.473,,,,0.948,0.717,56.473
2026,2026txdri,Week 5,2689,56.194,,,,2.117,1.489,56.194
2026,2026txdri,Week 5,2687,53.729,,,,2.747,1.123,53.729
2026,2026txdri,Week 5,10385,53.004,,,,1.507,0.885,53.004
2026,2026txdri,Week 5,4219,46.965,,,,2.046,1.085,46.965
2026,2026txdri,Week 5,2158,45.413,,,,-0.455,0.804,45.413
2026,2026txdri,Week 5,8088,43.947,,,,2.304,0.774,43.947
2026,2026txdri,Week 5,8507,42.393,,,,2.545,0.436,42.393
2026,2026txdri,Week 5,8114,39.754,,,,4.585,0.31,39.754
2026,2026txdri,Week 5,9577,30.134,,,,3.09,0.847,30.134
2026,2026txdri,Week 5,4328,29.307,,,,-1.413,0.917,29.307
2026,2026txdri,Week 5,10913,26.731,,,,3.994,0.522,26.731
2026,2026txdri,Week 5,9311,26.246,,,,-0.678,0.904,26.246
2026,2026txdri,Week 5,9478,26.038,,,,2.759,0.13,26.038
2026,2026txdri,Week 5,9137,23.085,,,,4.027,-0.369,23.085
2026,2026txdri,Week 5,11169,22.982,,,,0.618,0.896,22.982
2026,2026txdri,Week 5,4332,22.649,,,,-1.098,0.744,22.649
2026,2026txdri,Week 5,2950,21.729,,,,1.829,0.196,21.729
2026,2026txdri,Week 5,11224,21.661,,,,0.836,0.726,21.661
2026,2026txdri,Week 5,4597,20.757,,,,3.522,0.165,20.757
2026,2026txdri,Week 5,10032,20.062,,,,1.72,0.401,20.062
2026,2026txdri,Week 5,4364,18.012,,,,0.876,0.009,18.012
2026,2026txdri,Week 5,5503,9.371,,,,0.147,-0.187,9.371
2026,2026txdri,Week 5,7088,9.261,,,,-0.957,-0.216,9.261
2026,2026txdri,Week 5,7521,4.753,,,,-1.568,-0.209,4.753
2026,2026txdri,Week 5,9444,3.877,,,,2.003,-0.1,3.877
2026,2026txdri,Week 5,7138,3.317,,,,-0.694,-0.116,3.317
2026,2026txdri,Week 5,5894,-3.392,,,,-1.749,-0.117,-3.392
2026,2026wilax,Week 5,1259,149.173,,,,1.914,2.523,149.173
2026,2026wilax,Week 5,1792,121.244,,,,-1.175,1.907,121.244
2026,2026wilax,Week 5,2194,106.945,,,,3.766,1.481,106.945
2026,2026wilax,Week 5,706,92.656,,,,0.195,1.098,92.656
2026,2026wilax,Week 5,930,91.416,,,,0.68,1.077,91.416
2026,2026wilax,Week 5,8744,88.658,,,,-0.518,1.594,88.658
2026,2026wilax,Week 5,171,81.555,,,,1.281,0.779,81.555
2026,2026wilax,Week 5,5826,72.094,,,,-0.419,0.989,72.094
2026,2026wilax,Week 5,4531,69.372,,,,3.256,0.383,69.372
2026,2026wilax,Week 5,6574,68.052,,,,1.398,1.762,68.052
2026,2026wilax,Week 5,10264,61.999,,,,-0.624,0.718,61.999
2026,2026wilax,Week 5,135,50.901,,,,-0.464,0.502,50.901
2026,2026wilax,Week 5,2826,46.889,,,,0.179,0.825,46.889
2026,2026wilax,Week 5,9578,42.192,,,,1.867,0.778,42.192
2026,2026wilax,Week 5,9149,42.097,,,,-0.311,0.868,42.097
2026,2026wilax,Week 5,7619,40.181,,,,0.2,0.48,40.181
2026,2026wilax,Week 5,5903,39.691,,,,-0.549,0.685,39.691
2026,2026wilax,Week 5,6732,38.104,,,,-0.111,0.928,38.104
2026,2026wilax,Week 5,11139,37.885,,,,-0.137,0.74,37.885
2026,2026wilax,Week 5,8782,33.968,,,,0.309,0.229,33.968
2026,2026wilax,Week 5,1716,30.199,,,,0.186,0.814,30.199
2026,2026wilax,Week 5,6166,30.195,,,,0.432,0.602,30.195
2026,2026wilax,Week 5,4021,25.85,,,,-0.02,0.585,25.85
2026,2026wilax,Week 5,5586,23.491,,,,3.712,0.357,23.491
2026,2026wilax,Week 5,4054,23.086,,,,2.278,0.573,23.086
2026,2026wilax,Week 5,11158,22.994,,,,1.017,0.295,22.994
2026,2026wilax,Week 5,3381,21.56,,,,0.141,0.116,21.56
2026,2026wilax,Week 5,2143,20.937,,,,-1.059,0.61,20.937
2026,2026wilax,Week 5,8700,19.708,,,,-0.588,0.152,19.708
2026,2026wilax,Week 5,5019,17.452,,,,3.447,0.442,17.452
2026,2026wilax,Week 5,3692,12.868,,,,0.233,0.053,12.868
2026,2026wilax,Week 5,11258,12.227,,,,2.501,-0.266,12.227
2026,2026wilax,Week 5,3418,12.17,,,,-1.589,-0.1,12.17
2026,2026wilax,Week 5,8024,-0.977,,,,-0.177,0.005,-0.977
2026,2026caasv,Week 5,294,182.559,,,,0.792,2.775,182.559
2026,2026caasv,Week 5,2073,167.647,,,,4.361,2.241,167.647
2026,2026caasv,Week 5,687,166.028,,,,0.519,2.223,166.028
2026,2026caasv,Week 5,846,160.901,,,,3.827,2.178,160.901
2026,2026caasv,Week 5,2659,134.307,,,,1.224,1.752,134.307
2026,2026caasv,Week 5,2637,105.755,,,,4.712,0.935,105.755
2026,2026caasv,Week 5,8119,104.742,,,,-1.205,1.422,104.742
2026,2026caasv,Week 5,4738,102.287,,,,3.715,1.819,102.287
2026,2026caasv,Week 5,7419,97.454,,,,2.131,1.672,97.454
2026,2026caasv,Week 5,696,76.492,,,,-1.162,1.056,76.492
2026,2026caasv,Week 5,5012,74.42,,,,-1.109,0.539,74.42
2026,2026caasv,Week 5,980,66.263,,,,3.953,1.074,66.263
2026,2026caasv,Week 5,3863,65.19,,,,1.89,0.635,65.19
2026,2026caasv,Week 5,1622,53.609,,,,0.349,0.83,53.609
2026,2026caasv,Week 5,4419,53.059,,,,1.828,1.168,53.059
2026,2026caasv,Week 5,399,51.982,,,,-1.079,0.481,51.982
2026,2026caasv,Week 5,1515,44.526,,,,-0.102,0.162,44.526
2026,2026caasv,Week 5,2543,41.106,,,,0.661,0.257,41.106
2026,2026caasv,Week 5,3749,40.027,,,,0.61,0.167,40.027
2026,2026caasv,Week 5,1452,39.983,,,,0.257,-0.081,39.983
2026,2026caasv,Week 5,589,38.677,,,,1.193,0.336,38.677
2026,2026caasv,Week 5,5869,36.1,,,,-0.816,0.185,36.1
2026,2026caasv,Week 5,7607,34.262,,,,1.036,0.857,34.262
2026,2026caasv,Week 5,8768,33.491,,,,0.318,0.219,33.491
2026,2026caasv,Week 5,6060,21.647,,,,0.543,0.743,21.647
2026,2026caasv,Week 5,9615,19.437,,,,1.351,-0.236,19.437
2026,2026caasv,Week 5,691,17.448,,,,-0.419,0.526,17.448
2026,2026caasv,Week 5,9706,15.228,,,,-1.26,0.193,15.228
2026,2026caasv,Week 5,6658,14.378,,,,3.457,0.246,14.378
2026,2026caasv,Week 5,3341,12.065,,,,0.224,0.189,12.065
2026,2026caasv,Week 5,11096,8.845,,,,0.357,0.464,8.845
2026,2026caasv,Week 5,2404,3.504,,,,-1.048,-0.682,3.504
2026,2026caasv,Week 5,9471,-6.762,,,,1.336,-0.038,-6.762
2026,2026caasv,Week 5,2839,-14.909,,,,0.054,-0.309,-14.909
2026,2026cacac,Week 5,5507,192.536,,,,7.269,2.721,192.536
2026,2026cacac,Week 5,8048,134.652,,,,7.883,2.331,134.652
2026,2026cacac,Week 5,2135,124.287,,,,2.94,1.944,124.287
2026,2026cacac,Week 5,8,121.784,,,,-0.377,2.333,121.784
2026,2026cacac,Week 5,7667,112.951,,,,-1.675,1.377,112.951
2026,2026cacac,Week 5,4159,106.03,,,,3.222,1.199,106.03
2026,2026cacac,Week 5,6619,103.576,,,,2.339,1.375,103.576
2026,2026cacac,Week 5,7137,77.11,,,,9.553,1.516,77.11
2026,2026cacac,Week 5,1967,70.25,,,,1.321,1.386,70.25
2026,2026cacac,Week 5,253,61.673,,,,2.481,1.582,61.673
2026,2026cacac,Week 5,1072,54.981,,,,4.317,1.153,54.981
2026,2026cacac,Week 5,1458,51.456,,,,2.493,0.315,51.456
2026,2026cacac,Week 5,5458,43.25,,,,-4.255,0.609,43.25
2026,2026cacac,Week 5,8016,43.224,,,,-0.432,0.314,43.224
2026,2026cacac,Week 5,3669,39.216,,,,-1.106,1.448,39.216
2026,2026cacac,Week 5,3189,38.641,,,,-2.244,0.21,38.641
2026,2026cacac,Week 5,5274,36.784,,,,1.297,0.263,36.784
2026,2026cacac,Week 5,2141,29.326,,,,-0.335,0.4,29.326
2026,2026cacac,Week 5,701,26.563,,,,-1.519,0.619,26.563
2026,2026cacac,Week 5,8840,26.015,,,,0.454,-0.032,26.015
2026,2026cacac,Week 5,852,25.22,,,,-2.559,0.985,25.22
2026,2026cacac,Week 5,5728,21.642,,,,0.789,0.798,21.642
2026,2026cacac,Week 5,751,21.518,,,,4.488,0.1,21.518
2026,2026cacac,Week 5,9114,18.604,,,,-2.435,0.378,18.604
2026,2026cacac,Week 5,11463,18.435,,,,1.158,0.19,18.435
2026,2026cacac,Week 5,7777,17.217,,,,0.295,-0.038,17.217
2026,2026cacac,Week 5,2288,16.261,,,,0.174,0.054,16.261
2026,2026cacac,Week 5,8404,14.001,,,,0.913,0.203,14.001
2026,2026cacac,Week 5,6662,13.966,,,,1.715,0.194,13.966
2026,2026cacac,Week 5,3482,12.406,,,,4.453,0.038,12.406
2026,2026cacac,Week 5,5924,12.098,,,,-1.195,0.022,12.098
2026,2026cacac,Week 5,9125,4.254,,,,-0.683,-0.843,4.254
2026,2026cacac,Week 5,11243,2.605,,,,3.408,-0.263,2.605
2026,2026cacac,Week 5,10212,2.389,,,,-0.002,-0.517,2.389
2026,2026cacac,Week 5,5430,0.913,,,,-2.478,0.218,0.913
2026,2026caetb,Week 5,3256,215.498,,,,-3.426,2.4,215.498
2026,2026caetb,Week 5,841,208.561,,,,-0.37,2.432,208.561
2026,2026caetb,Week 5,6962,195.487,,,,-0.323,2.401,195.487
2026,2026caetb,Week 5,972,191.128,,,,0.316,2.386,191.128
2026,2026caetb,Week 5,4698,163.865,,,,9.894,2.042,163.865
2026,2026caetb,Week 5,8852,111.488,,,,4.437,1.52,111.488
2026,2026caetb,Week 5,6418,106.911,,,,0.679,1.362,106.911
2026,2026caetb,Week 5,9400,104.087,,,,2.644,1.276,104.087
2026,2026caetb,Week 5,5499,80.354,,,,-0.004,1.531,80.354
2026,2026caetb,Week 5,5419,77.911,,,,-1.918,1.535,77.911
2026,2026caetb,Week 5,5171,66.651,,,,2.051,1.104,66.651
2026,2026caetb,Week 5,199,59.671,,,,-1.643,0.486,59.671
2026,2026caetb,Week 5,192,58.038,,,,-1.833,1.619,58.038
2026,2026caetb,Week 5,9038,57.131,,,,-0.62,0.983,57.131
2026,2026caetb,Week 5,2204,56.907,,,,5.972,0.149,56.907
2026,2026caetb,Week 5,10281,46.282,,,,0.452,0.549,46.282
2026,2026caetb,Week 5,4186,45.141,,,,2.067,0.556,45.141
2026,2026caetb,Week 5,4904,44.232,,,,7.07,0.842,44.232
2026,2026caetb,Week 5,4669,39.8,,,,1.941,0.392,39.8
2026,2026caetb,Week 5,2473,39.03,,,,3.747,0.776,39.03
2026,2026caetb,Week 5,10644,37.841,,,,-1.947,0.866,37.841
2026,2026caetb,Week 5,6918,36.873,,,,0.367,0.525,36.873
2026,2026caetb,Week 5,9111,36.656,,,,3.073,0.138,36.656
2026,2026caetb,Week 5,1854,33.834,,,,-3.224,0.452,33.834
2026,2026caetb,Week 5,6814,27.988,,,,-0.902,0.737,27.988
2026,2026caetb,Week 5,7245,27.955,,,,0.596,0.345,27.955
2026,2026caetb,Week 5,1700,25.872,,,,6.384,0.403,25.872
2026,2026caetb,Week 5,10615,23.89,,,,-0.281,0.206,23.89
2026,2026caetb,Week 5,11274,23.109,,,,6.433,-0.303,23.109
2026,2026caetb,Week 5,2551,19.416,,,,-0.163,0.051,19.416
2026,2026caetb,Week 5,10339,18.965,,,,3.415,0.861,18.965
2026,2026caetb,Week 5,11230,14.548,,,,4.106,0.367,14.548
2026,2026caetb,Week 5,10500,8.622,,,,-2.252,-0.094,8.622
2026,2026caetb,Week 5,4255,8.152,,,,0.51,0.211,8.152
2026,2026caetb,Week 5,10221,4.134,,,,-3.225,-0.27,4.134
2026,2026caetb,Week 5,4973,0.321,,,,2.581,-0.493,0.321
2026,2026caetb,Week 5,8045,-0.909,,,,1.334,0.084,-0.909
2026,2026caetb,Week 5,10372,-10.837,,,,1.083,-0.765,-10.837
2026,2026caetb,Week 5,5027,-15.017,,,,0.148,-0.579,-15.017
2026,2026caoec,Week 5,4414,352.108,,,,6.065,3.097,352.108
2026,2026caoec,Week 5,3476,253.265,,,,3.74,2.995,253.265
2026,2026caoec,Week 5,4201,173.116,,,,8.638,1.966,173.116
2026,2026caoec,Week 5,4322,159.16,,,,0.891,1.801,159.16
2026,2026caoec,Week 5,115,119.229,,,,3.788,2.122,119.229
2026,2026caoec,Week 5,5199,102.9,,,,-1.165,2.165,102.9
2026,2026caoec,Week 5,5137,77.609,,,,2.163,0.852,77.609
2026,2026caoec,Week 5,5474,72.945,,,,-1.348,1.972,72.945
2026,2026caoec,Week 5,3952,68.304,,,,4.167,0.886,68.304
2026,2026caoec,Week 5,3408,65.518,,,,9.57,0.6,65.518
2026,2026caoec,Week 5,4276,61.41,,,,2.435,0.907,61.41
2026,2026caoec,Week 5,5805,54.281,,,,0.246,0.653,54.281
2026,2026caoec,Week 5,6695,52.726,,,,-3.872,1.271,52.726
2026,2026caoec,Week 5,9271,51.836,,,,1.271,0.688,51.836
2026,2026caoec,Week 5,6220,51.627,,,,-2.143,0.952,51.627
2026,2026caoec,Week 5,5857,39.566,,,,6.968,0.688,39.566
2026,2026caoec,Week 5,7157,37.448,,,,-3.185,1.009,37.448
2026,2026caoec,Week 5,9730,37.178,,,,10.25,-0.215,37.178
2026,2026caoec,Week 5,4141,36.527,,,,-1.258,0.333,36.527
2026,2026caoec,Week 5,4984,31.469,,,,-1.419,0.179,31.469
2026,2026caoec,Week 5,3309,30.983,,,,0.476,0.218,30.983
2026,2026caoec,Week 5,3295,30.653,,,,1.157,-0.061,30.653
2026,2026caoec,Week 5,2658,29.372,,,,0.974,-0.007,29.372
2026,2026caoec,Week 5,7447,28.76,,,,1.251,0.889,28.76
2026,2026caoec,Week 5,7042,23.66,,,,0.982,0.487,23.66
2026,2026caoec,Week 5,5500,16.113,,,,-1.622,0.289,16.113
2026,2026caoec,Week 5,5514,15.747,,,,3.909,0.255,15.747
2026,2026caoec,Week 5,10336,14.722,,,,1.521,0.358,14.722
2026,2026caoec,Week 5,6072,11.686,,,,-0.375,-0.521,11.686
2026,2026caoec,Week 5,4919,9.629,,,,-1.576,0.314,9.629
2026,2026caoec,Week 5,3020,9.43,,,,2.07,0.156,9.43
2026,2026caoec,Week 5,6885,9.088,,,,2.767,0.823,9.088
2026,2026caoec,Week 5,4619,7.487,,,,-3.466,-0.282,7.487
2026,2026caoec,Week 5,8891,5.917,,,,-0.24,0.292,5.917
2026,2026caoec,Week 5,8521,2.716,,,,-0.366,-0.445,2.716
2026,2026caoec,Week 5,10586,0.491,,,,-2.516,-0.284,0.491
2026,2026caoec,Week 5,5835,-1.592,,,,-1.161,0.012,-1.592
2026,2026mawor,Week 5,3467,335.453,,,,1.645,3.33,335.453
2026,2026mawor,Week 5,190,230.337,,,,6.317,2.755,230.337
2026,2026mawor,Week 5,5000,200.739,,,,2.1,1.774,200.739
2026,2026mawor,Week 5,10254,174.753,,,,-2.065,2.053,174.753
2026,2026mawor,Week 5,1768,171.445,,,,-2.699,1.902,171.445
2026,2026mawor,Week 5,2370,168.421,,,,3.872,2.408,168.421
2026,2026mawor,Week 5,2079,151.624,,,,2.455,1.522,151.624
2026,2026mawor,Week 5,5422,130.022,,,,-1.682,1.004,130.022
2026,2026mawor,Week 5,1100,117.133,,,,7.379,1.666,117.133
2026,2026mawor,Week 5,1740,103.739,,,,4.415,0.934,103.739
2026,2026mawor,Week 5,5112,103.518,,,,4.613,1.028,103.518
2026,2026mawor,Week 5,9644,94.699,,,,-1.748,0.932,94.699
2026,2026mawor,Week 5,467,91.516,,,,4.078,0.668,91.516
2026,2026mawor,Week 5,8724,81.111,,,,2.626,1.207,81.111
2026,2026mawor,Week 5,237,78.215,,,,0.519,0.292,78.215
2026,2026mawor,Week 5,1757,65.876,,,,1.54,0.208,65.876
2026,2026mawor,Week 5,3205,65.516,,,,0.525,1.104,65.516
2026,2026mawor,Week 5,6333,48.676,,,,-2.092,0.75,48.676
2026,2026mawor,Week 5,7760,42.129,,,,-0.086,-0.403,42.129
2026,2026mawor,Week 5,4048,41.581,,,,-0.749,0.093,41.581
2026,2026mawor,Week 5,4628,39.397,,,,1.313,0.198,39.397
2026,2026mawor,Week 5,3634,35.36,,,,5.779,0.641,35.36
2026,2026mawor,Week 5,5347,31.678,,,,-0.375,0.799,31.678
2026,2026mawor,Week 5,1474,31.178,,,,1.268,0.231,31.178
2026,2026mawor,Week 5,11483,28.668,,,,3.241,0.563,28.668
2026,2026mawor,Week 5,8544,28.246,,,,6.152,0.433,28.246
2026,2026mawor,Week 5,999,25.014,,,,5.952,0.808,25.014
2026,2026mawor,Week 5,348,24.915,,,,-1.712,1.281,24.915
2026,2026mawor,Week 5,1027,23.483,,,,-0.028,0.612,23.483
2026,2026mawor,Week 5,97,23.343,,,,0.003,0.222,23.343
2026,2026mawor,Week 5,5491,21.492,,,,0.296,0.211,21.492
2026,2026mawor,Week 5,6762,20.213,,,,-1.655,-0.298,20.213
2026,2026mawor,Week 5,2168,16.668,,,,-0.511,-0.009,16.668
2026,2026mawor,Week 5,2262,16.189,,,,-1.941,0.283,16.189
2026,2026mawor,Week 5,157,15.612,,,,0.169,0.09,15.612
2026,2026mawor,Week 5,716,13.276,,,,-0.75,0.029,13.276
2026,2026mawor,Week 5,8567,11.919,,,,-0.6,0.883,11.919
2026,2026mawor,Week 5,5494,8.922,,,,6.412,-0.038,8.922
2026,2026mawor,Week 5,10393,3.587,,,,-1.477,-0.17,3.587
2026,2026nyn2,Week 6,1156,246.436,,,,1.319,1.936,246.436
2026,2026nyn2,Week 6,1796,227.247,,,,3.513,2.929,227.247
2026,2026nyn2,Week 6,694,207.497,,,,-1.557,1.564,207.497
2026,2026nyn2,Week 6,4027,175.17,,,,4.252,1.794,175.17
2026,2026nyn2,Week 6,8393,160.694,,,,1.33,1.497,160.694
2026,2026nyn2,Week 6,8267,156.807,,,,6.279,2.083,156.807
2026,2026nyn2,Week 6,8011,141.887,,,,4.884,1.949,141.887
2026,2026nyn2,Week 6,3950,104.3,,,,4.653,1.032,104.3
2026,2026nyn2,Week 6,7840,101.893,,,,3.561,1.294,101.893
2026,2026nyn2,Week 6,3158,99.082,,,,0.97,1.142,99.082
2026,2026nyn2,Week 6,4122,89.211,,,,3.969,2.29,89.211
2026,2026nyn2,Week 6,6911,84.736,,,,3.174,0.72,84.736
2026,2026nyn2,Week 6,1880,70.08,,,,0.23,0.393,70.08
2026,2026nyn2,Week 6,10262,68.149,,,,5.029,1.279,68.149
2026,2026nyn2,Week 6,2875,61.943,,,,2.418,0.519,61.943
2026,2026nyn2,Week 6,358,60.064,,,,-0.194,1.281,60.064
2026,2026nyn2,Week 6,2265,53.558,,,,3.1,0.352,53.558
2026,2026nyn2,Week 6,1155,51.864,,,,2.274,0.214,51.864
2026,2026nyn2,Week 6,516,51.483,,,,4.602,0.199,51.483
2026,2026nyn2,Week 6,334,45.438,,,,1.147,0.758,45.438
2026,2026nyn2,Week 6,9030,41.824,,,,2.591,1.064,41.824
2026,2026nyn2,Week 6,3193,37.072,,,,2.462,0.391,37.072
2026,2026nyn2,Week 6,7551,28.078,,,,0.286,0.836,28.078
2026,2026nyn2,Week 6,10390,27.831,,,,2.484,-0.421,27.831
2026,2026nyn2,Week 6,6348,26.301,,,,-0.965,0.169,26.301
2026,2026nyn2,Week 6,9642,18.988,,,,1.451,-0.139,18.988
2026,2026nyn2,Week 6,3760,18.955,,,,10.455,0.597,18.955
2026,2026nyn2,Week 6,2869,18.544,,,,3.038,0.97,18.544
2026,2026nyn2,Week 6,4571,16.979,,,,-1.364,0.917,16.979
2026,2026nyn2,Week 6,6402,16.494,,,,-2.717,-0.144,16.494
2026,2026nyn2,Week 6,7636,11.752,,,,-2.963,-0.329,11.752
2026,2026nyn2,Week 6,3646,8.197,,,,0.528,-0.387,8.197
2026,2026nyn2,Week 6,6880,8.072,,,,2.311,0.286,8.072
2026,2026nyn2,Week 6,8739,7.938,,,,-2.781,0.559,7.938
2026,2026nyn2,Week 6,10045,0.17,,,,4.512,0.694,0.17
2026,2026nyn2,Week 6,7272,-7.358,,,,-1.14,0.15,-7.358
2026,2026nyn2,Week 6,11313,-8.709,,,,0.481,-0.201,-8.709
2026,2026nyn2,Week 6,6024,-11.621,,,,-0.973,-0.092,-11.621
2026,2026nyn2,Week 6,335,-27.946,,,,1.351,-0.447,-27.946
2026,2026tuak,Week 6,7539,219.573,,,,-1.328,3.191,219.573
2026,2026tuak,Week 6,6989,203.47,,,,1.324,2.982,203.47
2026,2026tuak,Week 6,9609,175.523,,,,3.963,2.314,175.523
2026,2026tuak,Week 6,9025,159.311,,,,6.431,1.646,159.311
2026,2026tuak,Week 6,9029,129.119,,,,12.523,2.124,129.119
2026,2026tuak,Week 6,9232,90.705,,,,0.404,1.66,90.705
2026,2026tuak,Week 6,11141,80.547,,,,2.773,1.165,80.547
2026,2026tuak,Week 6,7594,78.958,,,,-2.759,1.029,78.958
2026,2026tuak,Week 6,9021,56.212,,,,5.602,0.595,56.212
2026,2026tuak,Week 6,10502,43.397,,,,9.213,0.357,43.397
2026,2026tuak,Week 6,8220,43.055,,,,0.407,0.704,43.055
2026,2026tuak,Week 6,8783,42.966,,,,2.283,0.275,42.966
2026,2026tuak,Week 6,9074,39.647,,,,0.183,-0.146,39.647
2026,2026tuak,Week 6,9502,30.953,,,,1.673,0.921,30.953
2026,2026tuak,Week 6,11154,29.855,,,,-3.538,0.385,29.855
2026,2026tuak,Week 6,10353,27.979,,,,-3.878,0.065,27.979
2026,2026tuak,Week 6,9024,27.365,,,,-3.711,0.542,27.365
2026,2026tuak,Week 6,9523,24.427,,,,0.076,0.135,24.427
2026,2026tuak,Week 6,10244,23.176,,,,-0.03,0.187,23.176
2026,2026tuak,Week 6,10247,21.604,,,,5.909,-0.117,21.604
2026,2026tuak,Week 6,6025,20.768,,,,2.325,0.632,20.768
2026,2026tuak,Week 6,10470,17.036,,,,1.916,0.54,17.036
2026,2026tuak,Week 6,8777,15.214,,,,-3.027,-0.393,15.214
2026,2026tuak,Week 6,7672,12.283,,,,1.339,0.318,12.283
2026,2026tuak,Week 6,10142,11.017,,,,-0.155,0.175,11.017
2026,2026tuak,Week 6,9467,9.758,,,,-3.891,0.695,9.758
2026,2026tuak,Week 6,10216,7.766,,,,-1.396,-0.156,7.766
2026,2026tuak,Week 6,10043,4.431,,,,14.251,0.174,4.431
2026,2026tuak,Week 6,9473,3.225,,,,1.169,0.406,3.225
2026,2026tuak,Week 6,9479,1.234,,,,-1.271,-0.09,1.234
2026,2026tuak,Week 6,8500,-1.09,,,,7.699,0.502,-1.09
2026,2026tuak,Week 6,9583,-2.671,,,,-1.216,0.061,-2.671
2026,2026tuak,Week 6,10548,-17.896,,,,-3.573,0.084,-17.896
2026,2026flwp,Week 6,180,223.266,,,,4.818,2.397,223.266
2026,2026flwp,Week 6,59,181.881,,,,2.977,2.506,181.881
2026,2026flwp,Week 6,2383,177.481,,,,0.754,2.445,177.481
2026,2026flwp,Week 6,108,162.618,,,,1.368,1.917,162.618
2026,2026flwp,Week 6,3932,130.766,,,,8.848,1.692,130.766
2026,2026flwp,Week 6,8817,109.85,,,,11.858,1.667,109.85
2026,2026flwp,Week 6,179,100.89,,,,-0.745,1.752,100.89
2026,2026flwp,Week 6,1592,98.263,,,,2.828,0.587,98.263
2026,2026flwp,Week 6,48,94.632,,,,0.345,1.587,94.632
2026,2026flwp,Week 6,8859,90.962,,,,2.614,1.22,90.962
2026,2026flwp,Week 6,79,86.263,,,,1.579,1.655,86.263
2026,2026flwp,Week 6,11138,72.058,,,,1.633,1.097,72.058
2026,2026flwp,Week 6,5472,71.051,,,,2.515,1.177,71.051
2026,2026flwp,Week 6,9201,65.043,,,,0.11,0.895,65.043
2026,2026flwp,Week 6,8581,56.618,,,,1.956,0.848,56.618
2026,2026flwp,Week 6,3954,52.182,,,,-1.909,0.916,52.182
2026,2026flwp,Week 6,6743,51.021,,,,-0.845,1.048,51.021
2026,2026flwp,Week 6,5410,47.966,,,,4.44,0.304,47.966
2026,2026flwp,Week 6,4010,42.071,,,,1.449,0.725,42.071
2026,2026flwp,Week 6,9404,40.815,,,,1.112,0.662,40.815
2026,2026flwp,Week 6,1744,37.606,,,,0.942,0.08,37.606
2026,2026flwp,Week 6,9155,36.203,,,,-3.272,0.824,36.203
2026,2026flwp,Week 6,2641,35.872,,,,5.719,0.506,35.872
2026,2026flwp,Week 6,4707,34.474,,,,-3.106,0.229,34.474
2026,2026flwp,Week 6,1369,33.022,,,,-1.984,0.293,33.022
2026,2026flwp,Week 6,9779,31.909,,,,9.1,-0.046,31.909
2026,2026flwp,Week 6,2152,29.621,,,,-0.077,0.017,29.621
2026,2026flwp,Week 6,11267,27.764,,,,-0.266,0.185,27.764
2026,2026flwp,Week 6,5872,22.297,,,,3.102,0.353,22.297
2026,2026flwp,Week 6,3627,22.282,,,,2.475,0.31,22.282
2026,2026flwp,Week 6,5557,20.721,,,,-1.863,0.446,20.721
2026,2026flwp,Week 6,10635,20.645,,,,-0.068,0.016,20.645
2026,2026flwp,Week 6,7570,20.556,,,,6.651,-0.219,20.556
2026,2026flwp,Week 6,8791,19.103,,,,-3.417,0.779,19.103
2026,2026flwp,Week 6,1523,18.717,,,,-3.368,0.463,18.717
2026,2026flwp,Week 6,11474,17.826,,,,1.123,0.421,17.826
2026,2026flwp,Week 6,7652,16.268,,,,-1.402,0.428,16.268
2026,2026flwp,Week 6,9494,14.332,,,,-1.788,0.329,14.332
2026,2026flwp,Week 6,11436,14.05,,,,1.465,0.349,14.05
2026,2026flwp,Week 6,7403,13.111,,,,-1.854,0.965,13.111
2026,2026flwp,Week 6,6404,12.617,,,,3.105,0.757,12.617
2026,2026flwp,Week 6,10616,12.474,,,,-1.724,0.658,12.474
2026,2026flwp,Week 6,9040,12.352,,,,3.218,-0.497,12.352
2026,2026flwp,Week 6,10323,11.545,,,,-0.484,0.449,11.545
2026,2026flwp,Week 6,7833,8.618,,,,-0.606,-0.526,8.618
2026,2026flwp,Week 6,10424,0.13,,,,-5.362,0.063,0.13
2026,2026flwp,Week 6,6686,-39.512,,,,-1.976,-0.762,-39.512
2026,2026gacmp,Week 6,1833,239.096,,,,1.835,2.726,239.096
2026,2026gacmp,Week 6,1771,233.043,,,,1.614,2.69,233.043
2026,2026gacmp,Week 6,1002,213.323,,,,6.461,2.617,213.323
2026,2026gacmp,Week 6,4189,175.326,,,,4.136,2.418,175.326
2026,2026gacmp,Week 6,6919,159.409,,,,6.008,1.837,159.409
2026,2026gacmp,Week 6,2974,143.543,,,,-0.634,2.189,143.543
2026,2026gacmp,Week 6,1261,140.917,,,,8.231,1.242,140.917
2026,2026gacmp,Week 6,4188,111.264,,,,9.903,1.353,111.264
2026,2026gacmp,Week 6,1648,108.021,,,,-1.516,1.0,108.021
2026,2026gacmp,Week 6,8866,101.701,,,,-1.044,1.211,101.701
2026,2026gacmp,Week 6,6705,91.925,,,,3.109,1.419,91.925
2026,2026gacmp,Week 6,6829,90.706,,,,-3.422,0.952,90.706
2026,2026gacmp,Week 6,4026,90.394,,,,2.701,0.754,90.394
2026,2026gacmp,Week 6,6023,85.921,,,,2.776,1.138,85.921
2026,2026gacmp,Week 6,832,77.905,,,,1.607,0.395,77.905
2026,2026gacmp,Week 6,1746,75.893,,,,1.553,0.401,75.893
2026,2026gacmp,Week 6,3329,74.074,,,,3.099,0.34,74.074
2026,2026gacmp,Week 6,9477,68.441,,,,2.183,1.266,68.441
2026,2026gacmp,Week 6,8736,64.866,,,,1.339,0.579,64.866
2026,2026gacmp,Week 6,6925,61.566,,,,2.813,0.044,61.566
2026,2026gacmp,Week 6,8080,59.401,,,,1.954,1.171,59.401
2026,2026gacmp,Week 6,1683,56.657,,,,3.752,0.027,56.657
2026,2026gacmp,Week 6,1414,55.917,,,,-0.889,0.333,55.917
2026,2026gacmp,Week 6,4112,52.163,,,,-2.252,0.224,52.163
2026,2026gacmp,Week 6,9480,46.669,,,,-2.36,0.472,46.669
2026,2026gacmp,Week 6,6772,46.618,,,,2.232,-0.035,46.618
2026,2026gacmp,Week 6,5109,44.541,,,,3.095,0.244,44.541
2026,2026gacmp,Week 6,10482,42.605,,,,-0.688,0.32,42.605
2026,2026gacmp,Week 6,6887,41.952,,,,-1.881,0.822,41.952
2026,2026gacmp,Week 6,8577,35.445,,,,1.396,-0.063,35.445
2026,2026gacmp,Week 6,6340,34.211,,,,6.112,-0.145,34.211
2026,2026gacmp,Week 6,7451,33.062,,,,2.626,0.082,33.062
2026,2026gacmp,Week 6,4509,30.639,,,,-0.147,0.54,30.639
2026,2026gacmp,Week 6,5900,28.074,,,,1.401,-0.609,28.074
2026,2026gacmp,Week 6,3344,26.408,,,,-2.866,0.419,26.408
2026,2026gacmp,Week 6,5219,26.046,,,,3.914,-0.06,26.046
2026,2026gacmp,Week 6,5608,20.215,,,,0.361,0.109,20.215
2026,2026gacmp,Week 6,3091,20.078,,,,-1.318,-0.274,20.078
2026,2026gacmp,Week 6,3635,19.554,,,,-0.349,-0.173,19.554
2026,2026gacmp,Week 6,3815,15.086,,,,9.724,-0.508,15.086
2026,2026gacmp,Week 6,11174,10.371,,,,-1.122,-0.098,10.371
2026,2026gacmp,Week 6,9522,9.905,,,,3.324,-0.174,9.905
2026,2026gacmp,Week 6,6910,6.524,,,,0.449,-0.144,6.524
2026,2026gacmp,Week 6,11214,2.14,,,,0.942,-0.403,2.14
2026,2026gacmp,Week 6,6905,-0.947,,,,-2.663,0.102,-0.947
2026,2026qcmo,Week 6,3986,133.352,,,,0.555,1.462,133.352
2026,2026qcmo,Week 6,3360,109.045,,,,8.301,1.779,109.045
2026,2026qcmo,Week 6,8152,104.842,,,,7.311,1.537,104.842
2026,2026qcmo,Week 6,5528,102.445,,,,10.238,1.737,102.445
2026,2026qcmo,Week 6,4952,98.984,,,,2.883,1.282,98.984
2026,2026qcmo,Week 6,3544,98.462,,,,-3.346,1.752,98.462
2026,2026qcmo,Week 6,4947,95.002,,,,2.568,1.994,95.002
2026,2026qcmo,Week 6,6364,93.118,,,,0.865,1.747,93.118
2026,2026qcmo,Week 6,3996,64.572,,,,-0.979,0.891,64.572
2026,2026qcmo,Week 6,5439,62.623,,,,1.274,1.301,62.623
2026,2026qcmo,Week 6,8067,60.837,,,,0.625,0.965,60.837
2026,2026qcmo,Week 6,7605,57.706,,,,9.652,0.829,57.706
2026,2026qcmo,Week 6,5800,57.418,,,,-1.408,1.243,57.418
2026,2026qcmo,Week 6,6929,57.233,,,,1.478,0.398,57.233
2026,2026qcmo,Week 6,4627,55.531,,,,0.83,1.39,55.531
2026,2026qcmo,Week 6,9624,53.955,,,,4.261,0.638,53.955
2026,2026qcmo,Week 6,5618,50.009,,,,5.47,0.459,50.009
2026,2026qcmo,Week 6,8132,46.808,,,,1.322,0.444,46.808
2026,2026qcmo,Week 6,8224,45.044,,,,5.598,0.641,45.044
2026,2026qcmo,Week 6,3550,42.355,,,,2.536,1.15,42.355
2026,2026qcmo,Week 6,2626,41.62,,,,-0.9,1.169,41.62
2026,2026qcmo,Week 6,9234,40.149,,,,2.528,0.765,40.149
2026,2026qcmo,Week 6,6869,38.91,,,,2.962,0.557,38.91
2026,2026qcmo,Week 6,3975,36.406,,,,5.912,0.408,36.406
2026,2026qcmo,Week 6,9220,32.555,,,,8.012,-0.356,32.555
2026,2026qcmo,Week 6,3532,29.5,,,,-0.356,0.615,29.5
2026,2026qcmo,Week 6,7700,27.433,,,,1.602,0.134,27.433
2026,2026qcmo,Week 6,5443,21.434,,,,-2.616,0.787,21.434
2026,2026qcmo,Week 6,6622,19.205,,,,1.636,0.929,19.205
2026,2026qcmo,Week 6,3117,15.704,,,,-1.4,-0.002,15.704
2026,2026qcmo,Week 6,4955,8.83,,,,-0.499,0.026,8.83
2026,2026qcmo,Week 6,6872,8.742,,,,-2.809,-0.267,8.742
2026,2026qcmo,Week 6,3533,8.2,,,,2.253,-0.271,8.2
2026,2026qcmo,Week 6,7471,6.507,,,,-0.693,-0.279,6.507
2026,2026qcmo,Week 6,296,-6.316,,,,-0.157,-0.905,-6.316
2026,2026qcmo,Week 6,3985,-8.858,,,,-0.057,-0.313,-8.858
2026,2026alhu,Week 6,2481,337.749,,,,5.633,2.745,337.749
2026,2026alhu,Week 6,2783,193.308,,,,-1.185,2.349,193.308
2026,2026alhu,Week 6,9401,185.929,,,,-3.081,1.942,185.929
2026,2026alhu,Week 6,4020,178.293,,,,6.701,1.369,178.293
2026,2026alhu,Week 6,2638,168.393,,,,3.692,1.592,168.393
2026,2026alhu,Week 6,5740,156.735,,,,4.969,1.309,156.735
2026,2026alhu,Week 6,3959,119.275,,,,4.583,0.79,119.275
2026,2026alhu,Week 6,3966,116.144,,,,-2.439,1.581,116.144
2026,2026alhu,Week 6,2556,115.802,,,,3.699,1.544,115.802
2026,2026alhu,Week 6,6517,112.403,,,,10.834,1.013,112.403
2026,2026alhu,Week 6,4504,111.258,,,,9.982,1.749,111.258
2026,2026alhu,Week 6,2393,111.188,,,,6.069,1.354,111.188
2026,2026alhu,Week 6,744,101.629,,,,3.134,0.935,101.629
2026,2026alhu,Week 6,1912,98.19,,,,3.764,1.519,98.19
2026,2026alhu,Week 6,120,96.916,,,,-1.668,1.12,96.916
2026,2026alhu,Week 6,7111,85.07,,,,1.062,1.471,85.07
2026,2026alhu,Week 6,11173,74.484,,,,3.765,1.487,74.484
2026,2026alhu,Week 6,3492,73.132,,,,1.138,1.324,73.132
2026,2026alhu,Week 6,4107,65.914,,,,-3.006,0.86,65.914
2026,2026alhu,Week 6,34,53.819,,,,-1.971,0.122,53.819
2026,2026alhu,Week 6,7515,49.096,,,,2.505,0.71,49.096
2026,2026alhu,Week 6,1466,48.435,,,,-0.96,1.203,48.435
2026,2026alhu,Week 6,11037,42.766,,,,3.158,0.004,42.766
2026,2026alhu,Week 6,3201,42.495,,,,-2.924,0.673,42.495
2026,2026alhu,Week 6,5002,41.149,,,,3.865,1.1,41.149
2026,2026alhu,Week 6,3792,40.768,,,,2.484,0.848,40.768
2026,2026alhu,Week 6,7525,39.112,,,,0.048,0.27,39.112
2026,2026alhu,Week 6,7917,34.705,,,,-0.337,-0.133,34.705
2026,2026alhu,Week 6,5492,32.507,,,,4.2,0.001,32.507
2026,2026alhu,Week 6,4150,31.947,,,,0.891,0.463,31.947
2026,2026alhu,Week 6,5842,29.316,,,,3.124,0.169,29.316
2026,2026alhu,Week 6,3140,29.021,,,,2.29,0.75,29.021
2026,2026alhu,Week 6,5045,28.955,,,,1.657,0.53,28.955
2026,2026alhu,Week 6,9067,25.581,,,,2.587,0.573,25.581
2026,2026alhu,Week 6,10961,25.27,,,,2.297,0.223,25.27
2026,2026alhu,Week 6,538,23.94,,,,1.163,0.081,23.94
2026,2026alhu,Week 6,5125,23.373,,,,4.379,0.012,23.373
2026,2026alhu,Week 6,9153,21.308,,,,4.016,0.408,21.308
2026,2026alhu,Week 6,3984,19.357,,,,0.601,-0.148,19.357
2026,2026alhu,Week 6,7428,17.729,,,,-2.223,0.136,17.729
2026,2026alhu,Week 6,1308,16.017,,,,1.121,0.626,16.017
2026,2026alhu,Week 6,3260,14.584,,,,-2.495,0.299,14.584
2026,2026alhu,Week 6,8624,9.215,,,,0.921,-0.262,9.215
2026,2026alhu,Week 6,4306,5.361,,,,-3.703,-0.276,5.361
2026,2026alhu,Week 6,10137,-1.035,,,,0.835,0.555,-1.035
2026,2026alhu,Week 6,2973,-1.539,,,,0.335,-0.557,-1.539
2026,2026alhu,Week 6,6107,-8.372,,,,0.025,-0.1,-8.372
2026,2026alhu,Week 6,4265,-10.189,,,,2.963,0.668,-10.189
2026,2026mnmi2,Week 6,6045,192.843,,,,5.455,1.97,192.843
2026,2026mnmi2,Week 6,876,163.343,,,,2.919,1.09,163.343
2026,2026mnmi2,Week 6,2883,154.249,,,,0.556,1.933,154.249
2026,2026mnmi2,Week 6,7028,148.423,,,,3.097,2.193,148.423
2026,2026mnmi2,Week 6,3276,143.994,,,,3.151,1.573,143.994
2026,2026mnmi2,Week 6,8255,140.264,,,,3.165,1.82,140.264
2026,2026mnmi2,Week 6,4728,139.847,,,,6.796,1.812,139.847
2026,2026mnmi2,Week 6,5913,139.285,,,,3.616,2.418,139.285
2026,2026mnmi2,Week 6,3018,113.157,,,,-1.631,1.572,113.157
2026,2026mnmi2,Week 6,4607,110.193,,,,-1.088,1.619,110.193
2026,2026mnmi2,Week 6,6175,108.694,,,,2.298,1.041,108.694
2026,2026mnmi2,Week 6,2509,107.329,,,,3.352,2.047,107.329
2026,2026mnmi2,Week 6,2503,98.307,,,,-1.952,1.621,98.307
2026,2026mnmi2,Week 6,4687,89.949,,,,7.199,1.272,89.949
2026,2026mnmi2,Week 6,7578,83.834,,,,0.487,1.523,83.834
2026,2026mnmi2,Week 6,5837,73.591,,,,1.94,0.963,73.591
2026,2026mnmi2,Week 6,5348,68.417,,,,-2.394,1.579,68.417
2026,2026mnmi2,Week 6,6709,67.573,,,,2.313,-0.059,67.573
2026,2026mnmi2,Week 6,2470,51.876,,,,-0.314,0.973,51.876
2026,2026mnmi2,Week 6,7541,47.814,,,,-1.706,1.111,47.814
2026,2026mnmi2,Week 6,3026,44.833,,,,2.773,0.712,44.833
2026,2026mnmi2,Week 6,7677,42.512,,,,1.841,0.984,42.512
2026,2026mnmi2,Week 6,8821,41.878,,,,-3.967,0.47,41.878
2026,2026mnmi2,Week 6,2977,41.516,,,,1.765,0.56,41.516
2026,2026mnmi2,Week 6,8516,39.681,,,,-0.848,0.248,39.681
2026,2026mnmi2,Week 6,10173,39.015,,,,4.859,0.562,39.015
2026,2026mnmi2,Week 6,4511,37.573,,,,3.859,0.547,37.573
2026,2026mnmi2,Week 6,4360,37.55,,,,-2.133,1.043,37.55
2026,2026mnmi2,Week 6,7048,37.294,,,,-1.129,0.22,37.294
2026,2026mnmi2,Week 6,4238,36.267,,,,2.136,0.229,36.267
2026,2026mnmi2,Week 6,4226,35.957,,,,1.591,1.152,35.957
2026,2026mnmi2,Week 6,2987,34.281,,,,-1.467,1.544,34.281
2026,2026mnmi2,Week 6,1816,32.715,,,,-0.714,0.615,32.715
2026,2026mnmi2,Week 6,4632,32.432,,,,-2.109,1.125,32.432
2026,2026mnmi2,Week 6,2512,30.618,,,,4.788,-0.822,30.618
2026,2026mnmi2,Week 6,8887,28.03,,,,0.017,0.006,28.03
2026,2026mnmi2,Week 6,7038,25.198,,,,-0.161,0.231,25.198
2026,2026mnmi2,Week 6,6628,23.676,,,,-0.426,0.22,23.676
2026,2026mnmi2,Week 6,4182,19.468,,,,0.449,0.791,19.468
2026,2026mnmi2,Week 6,3610,11.143,,,,-0.521,-0.215,11.143
2026,2026mnmi2,Week 6,4480,9.973,,,,2.092,-0.509,9.973
2026,2026mnmi2,Week 6,3740,1.711,,,,-0.33,-0.151,1.711
2026,2026mnmi2,Week 6,5541,0.733,,,,1.402,0.245,0.733
2026,2026mnmi2,Week 6,3023,-3.545,,,,1.507,-0.247,-3.545
2026,2026mnmi2,Week 6,8188,-3.577,,,,4.264,-0.603,-3.577
2026,2026mnmi2,Week 6,2511,-4.127,,,,-0.556,-0.513,-4.127
2026,2026mnmi2,Week 6,2538,-6.965,,,,-0.631,-0.055,-6.965
2026,2026mnmi2,Week 6,6244,-7.896,,,,0.11,-0.043,-7.896
2026,2026mnmi2,Week 6,8372,-11.928,,,,-2.868,-0.349,-11.928
2026,2026mnmi2,Week 6,5232,-12.468,,,,-0.904,-0.776,-12.468
2026,2026mnmi2,Week 6,3848,-19.102,,,,-0.866,0.274,-19.102
2026,2026mokc,Week 6,4522,265.309,,,,1.479,3.164,265.309
2026,2026mokc,Week 6,1987,260.198,,,,3.871,2.597,260.198
2026,2026mokc,Week 6,1710,200.812,,,,2.182,1.723,200.812
2026,2026mokc,Week 6,1108,145.262,,,,-1.212,2.265,145.262
2026,2026mokc,Week 6,4766,142.877,,,,1.927,2.511,142.877
2026,2026mokc,Week 6,5809,131.345,,,,4.437,1.107,131.345
2026,2026mokc,Week 6,2040,128.156,,,,-1.104,1.552,128.156
2026,2026mokc,Week 6,1939,112.281,,,,6.611,2.023,112.281
2026,2026mokc,Week 6,3184,100.069,,,,0.276,1.536,100.069
2026,2026mokc,Week 6,1730,94.22,,,,5.066,1.619,94.22
2026,2026mokc,Week 6,1802,91.476,,,,1.013,0.98,91.476
2026,2026mokc,Week 6,1825,67.661,,,,-2.534,0.833,67.661
2026,2026mokc,Week 6,4329,67.364,,,,-0.611,0.913,67.364
2026,2026mokc,Week 6,5268,65.239,,,,1.2,1.323,65.239
2026,2026mokc,Week 6,1723,64.325,,,,1.847,1.327,64.325
2026,2026mokc,Week 6,1806,57.185,,,,-0.053,0.984,57.185
2026,2026mokc,Week 6,2333,54.69,,,,1.408,0.04,54.69
2026,2026mokc,Week 6,9570,50.041,,,,-0.793,0.845,50.041
2026,2026mokc,Week 6,4213,48.397,,,,0.82,0.477,48.397
2026,2026mokc,Week 6,11195,47.195,,,,1.342,-0.513,47.195
2026,2026mokc,Week 6,5801,40.7,,,,0.514,0.411,40.7
2026,2026mokc,Week 6,1827,33.366,,,,1.226,0.346,33.366
2026,2026mokc,Week 6,8112,30.856,,,,-2.053,0.775,30.856
2026,2026mokc,Week 6,1764,30.417,,,,0.421,0.393,30.417
2026,2026mokc,Week 6,5968,29.003,,,,-0.355,0.304,29.003
2026,2026mokc,Week 6,2560,25.987,,,,-0.126,-0.595,25.987
2026,2026mokc,Week 6,6817,25.001,,,,1.169,0.198,25.001
2026,2026mokc,Week 6,2001,23.013,,,,-0.697,-0.046,23.013
2026,2026mokc,Week 6,1997,22.529,,,,-1.362,0.396,22.529
2026,2026mokc,Week 6,1208,22.499,,,,2.434,0.189,22.499
2026,2026mokc,Week 6,11171,21.512,,,,-1.895,0.762,21.512
2026,2026mokc,Week 6,8770,21.235,,,,0.688,0.246,21.235
2026,2026mokc,Week 6,7064,18.828,,,,1.34,0.332,18.828
2026,2026mokc,Week 6,9445,15.935,,,,4.884,0.264,15.935
2026,2026mokc,Week 6,1785,11.636,,,,-0.933,0.153,11.636
2026,2026mokc,Week 6,9428,7.71,,,,-1.798,0.52,7.71
2026,2026mokc,Week 6,5098,6.85,,,,1.385,-0.109,6.85
2026,2026mokc,Week 6,9031,6.62,,,,0.972,0.157,6.62
2026,2026mokc,Week 6,1982,6.585,,,,0.34,-0.218,6.585
2026,2026mokc,Week 6,2410,-2.933,,,,1.603,0.263,-2.933
2026,2026mokc,Week 6,4455,-5.279,,,,1.207,0.016,-5.279
2026,2026code,Week 6,9068,232.006,,,,11.439,2.82,232.006
2026,2026code,Week 6,4499,212.005,,,,10.108,2.344,212.005
2026,2026code,Week 6,2996,205.054,,,,-7.048,2.1,205.054
2026,2026code,Week 6,118,191.302,,,,-0.692,3.129,191.302
2026,2026code,Week 6,2240,178.571,,,,-0.243,2.516,178.571
2026,2026code,Week 6,1619,176.783,,,,3.152,2.09,176.783
2026,2026code,Week 6,7421,153.874,,,,0.233,1.137,153.874
2026,2026code,Week 6,4593,137.815,,,,2.49,1.496,137.815
2026,2026code,Week 6,2486,119.704,,,,1.906,1.28,119.704
2026,2026code,Week 6,1339,119.395,,,,12.57,1.467,119.395
2026,2026code,Week 6,3354,109.738,,,,-2.291,1.411,109.738
2026,2026code,Week 6,9301,100.289,,,,-5.513,0.391,100.289
2026,2026code,Week 6,7725,98.839,,,,-4.442,1.185,98.839
2026,2026code,Week 6,4068,91.497,,,,3.815,1.261,91.497
2026,2026code,Week 6,4944,90.07,,,,-0.766,0.662,90.07
2026,2026code,Week 6,3648,78.475,,,,-0.575,0.159,78.475
2026,2026code,Week 6,9586,75.649,,,,1.717,1.232,75.649
2026,2026code,Week 6,662,74.448,,,,19.278,1.981,74.448
2026,2026code,Week 6,4293,71.297,,,,13.032,0.27,71.297
2026,2026code,Week 6,7546,61.904,,,,1.255,0.802,61.904
2026,2026code,Week 6,2443,61.212,,,,2.304,1.171,61.212
2026,2026code,Week 6,2945,58.193,,,,4.645,0.557,58.193
2026,2026code,Week 6,11220,57.354,,,,-6.584,1.367,57.354
2026,2026code,Week 6,4418,57.257,,,,-1.528,0.285,57.257
2026,2026code,Week 6,2972,56.113,,,,-1.103,-0.091,56.113
2026,2026code,Week 6,6702,55.679,,,,-1.606,0.507,55.679
2026,2026code,Week 6,2083,50.248,,,,-1.916,0.481,50.248
2026,2026code,Week 6,1410,48.769,,,,-1.45,0.784,48.769
2026,2026code,Week 6,2465,44.965,,,,10.435,0.813,44.965
2026,2026code,Week 6,7485,44.316,,,,2.658,0.082,44.316
2026,2026code,Week 6,6652,40.756,,,,-4.102,1.551,40.756
2026,2026code,Week 6,3200,37.352,,,,7.774,0.862,37.352
2026,2026code,Week 6,9585,36.464,,,,3.066,0.231,36.464
2026,2026code,Week 6,4388,34.253,,,,-4.517,0.178,34.253
2026,2026code,Week 6,2036,34.001,,,,-1.67,-0.105,34.001
2026,2026code,Week 6,5526,33.418,,,,0.783,0.347,33.418
2026,2026code,Week 6,3729,30.903,,,,0.808,0.363,30.903
2026,2026code,Week 6,9552,29.529,,,,-0.514,-0.263,29.529
2026,2026code,Week 6,2261,25.542,,,,1.052,1.079,25.542
2026,2026code,Week 6,10333,23.538,,,,-2.553,0.342,23.538
2026,2026code,Week 6,10686,21.582,,,,-4.578,-0.323,21.582
2026,2026code,Week 6,6704,20.458,,,,0.579,0.469,20.458
2026,2026code,Week 6,11025,17.098,,,,2.378,0.8,17.098
2026,2026code,Week 6,1822,12.156,,,,4.89,0.036,12.156
2026,2026code,Week 6,5493,11.056,,,,19.077,-0.172,11.056
2026,2026code,Week 6,1977,10.148,,,,-7.706,0.806,10.148
2026,2026code,Week 6,10682,8.952,,,,-2.973,-0.321,8.952
2026,2026code,Week 6,7479,7.82,,,,0.723,0.596,7.82
2026,2026code,Week 6,8334,6.654,,,,2.057,1.01,6.654
2026,2026code,Week 6,7737,4.297,,,,0.036,-0.051,4.297
2026,2026code,Week 6,1303,2.645,,,,-1.934,0.118,2.645
2026,2026code,Week 6,1799,-2.128,,,,6.776,0.155,-2.128
2026,2026code,Week 6,159,-4.481,,,,-1.45,-0.166,-4.481
2026,2026code,Week 6,3807,-11.919,,,,9.958,-0.051,-11.919
2026,2026code,Week 6,2259,-21.288,,,,1.753,-0.238,-21.288
2026,2026nvlv,Week 6,7426,205.528,,,,2.32,2.974,205.528
2026,2026nvlv,Week 6,9406,160.631,,,,7.842,1.573,160.631
2026,2026nvlv,Week 6,4421,151.076,,,,-3.254,1.64,151.076
2026,2026nvlv,Week 6,8005,135.191,,,,8.3,2.273,135.191
2026,2026nvlv,Week 6,987,134.393,,,,1.923,1.567,134.393
2026,2026nvlv,Week 6,3882,129.276,,,,6.542,1.625,129.276
2026,2026nvlv,Week 6,8503,114.695,,,,3.921,1.452,114.695
2026,2026nvlv,Week 6,7183,114.092,,,,7.992,1.759,114.092
2026,2026nvlv,Week 6,6413,103.582,,,,0.555,1.776,103.582
2026,2026nvlv,Week 6,7425,94.862,,,,-0.532,1.55,94.862
2026,2026nvlv,Week 6,4270,92.928,,,,-0.79,0.958,92.928
2026,2026nvlv,Week 6,2438,92.044,,,,0.886,1.176,92.044
2026,2026nvlv,Week 6,3990,89.067,,,,-2.908,1.57,89.067
2026,2026nvlv,Week 6,991,71.239,,,,5.459,1.908,71.239
2026,2026nvlv,Week 6,10903,68.38,,,,0.901,0.526,68.38
2026,2026nvlv,Week 6,6479,67.314,,,,1.794,0.7,67.314
2026,2026nvlv,Week 6,3009,61.523,,,,-1.013,0.765,61.523
2026,2026nvlv,Week 6,5851,57.928,,,,4.997,0.874,57.928
2026,2026nvlv,Week 6,2375,57.284,,,,-0.012,0.422,57.284
2026,2026nvlv,Week 6,6824,54.384,,,,-3.078,1.467,54.384
2026,2026nvlv,Week 6,8229,50.284,,,,5.683,0.882,50.284
2026,2026nvlv,Week 6,8717,42.921,,,,1.651,0.671,42.921
2026,2026nvlv,Week 6,4253,36.669,,,,1.922,0.213,36.669
2026,2026nvlv,Week 6,9233,35.674,,,,-2.35,0.948,35.674
2026,2026nvlv,Week 6,5049,34.974,,,,-0.714,0.313,34.974
2026,2026nvlv,Week 6,10186,33.381,,,,2.202,-0.092,33.381
2026,2026nvlv,Week 6,8387,32.258,,,,4.132,0.665,32.258
2026,2026nvlv,Week 6,10183,30.148,,,,-2.156,0.306,30.148
2026,2026nvlv,Week 6,9018,25.9,,,,-3.905,0.467,25.9
2026,2026nvlv,Week 6,9426,23.786,,,,2.531,-0.771,23.786
2026,2026nvlv,Week 6,9534,21.569,,,,4.734,-0.064,21.569
2026,2026nvlv,Week 6,8338,21.366,,,,-0.975,-0.112,21.366
2026,2026nvlv,Week 6,7654,20.039,,,,1.287,0.388,20.039
2026,2026nvlv,Week 6,9059,18.334,,,,4.628,0.599,18.334
2026,2026nvlv,Week 6,9151,17.616,,,,2.732,-0.074,17.616
2026,2026nvlv,Week 6,1011,15.359,,,,-5.331,-0.424,15.359
2026,2026nvlv,Week 6,11235,11.333,,,,7.145,0.758,11.333
2026,2026nvlv,Week 6,10905,10.402,,,,2.2,0.317,10.402
2026,2026nvlv,Week 6,3577,9.026,,,,6.887,0.866,9.026
2026,2026nvlv,Week 6,1165,6.759,,,,-2.793,0.208,6.759
2026,2026nvlv,Week 6,1726,4.078,,,,-5.205,-0.406,4.078
2026,2026nvlv,Week 6,9037,0.907,,,,-0.099,0.666,0.907
2026,2026nvlv,Week 6,9002,-6.211,,,,-2.942,-0.55,-6.211
2026,2026nvlv,Week 6,60,-10.88,,,,1.239,-0.427,-10.88
2026,2026nvlv,Week 6,988,-23.107,,,,2.155,-0.602,-23.107
2026,2026pncmp,Week 6,2046,338.761,,,,1.897,3.025,338.761
2026,2026pncmp,Week 6,2910,260.718,,,,-1.219,2.576,260.718
2026,2026pncmp,Week 6,5468,233.336,,,,2.932,2.329,233.336
2026,2026pncmp,Week 6,4469,218.628,,,,2.76,2.374,218.628
2026,2026pncmp,Week 6,955,216.904,,,,0.994,2.202,216.904
2026,2026pncmp,Week 6,1540,194.793,,,,2.149,2.248,194.793
2026,2026pncmp,Week 6,2522,174.469,,,,5.146,1.855,174.469
2026,2026pncmp,Week 6,4915,171.311,,,,-0.122,1.915,171.311
2026,2026pncmp,Week 6,5937,165.309,,,,0.959,0.989,165.309
2026,2026pncmp,Week 6,360,162.169,,,,0.699,1.603,162.169
2026,2026pncmp,Week 6,9023,156.265,,,,1.761,1.482,156.265
2026,2026pncmp,Week 6,6696,146.428,,,,-0.634,1.388,146.428
2026,2026pncmp,Week 6,948,146.197,,,,10.684,1.738,146.197
2026,2026pncmp,Week 6,3674,145.461,,,,-1.077,1.65,145.461
2026,2026pncmp,Week 6,2471,140.388,,,,25.895,1.233,140.388
2026,2026pncmp,Week 6,1778,139.704,,,,7.605,1.515,139.704
2026,2026pncmp,Week 6,4089,139.566,,,,1.798,1.242,139.566
2026,2026pncmp,Week 6,4512,136.04,,,,1.458,0.82,136.04
2026,2026pncmp,Week 6,9430,135.307,,,,-0.986,0.867,135.307
2026,2026pncmp,Week 6,4450,134.381,,,,18.809,1.186,134.381
2026,2026pncmp,Week 6,10416,122.85,,,,6.224,0.83,122.85
2026,2026pncmp,Week 6,1425,120.409,,,,-1.967,1.065,120.409
2026,2026pncmp,Week 6,4488,117.783,,,,-1.85,1.515,117.783
2026,2026pncmp,Week 6,8051,106.218,,,,2.395,0.938,106.218
2026,2026pncmp,Week 6,492,105.743,,,,6.352,0.483,105.743
2026,2026pncmp,Week 6,9450,104.027,,,,0.692,0.425,104.027
2026,2026pncmp,Week 6,753,101.112,,,,7.753,0.52,101.112
2026,2026pncmp,Week 6,10079,98.102,,,,-0.33,0.203,98.102
2026,2026pncmp,Week 6,957,92.909,,,,1.877,0.175,92.909
2026,2026pncmp,Week 6,3218,89.264,,,,2.806,0.598,89.264
2026,2026pncmp,Week 6,7034,88.75,,,,-2.52,1.001,88.75
2026,2026pncmp,Week 6,1318,86.976,,,,7.827,0.606,86.976
2026,2026pncmp,Week 6,2521,82.684,,,,3.692,0.61,82.684
2026,2026pncmp,Week 6,4131,75.017,,,,1.426,-0.23,75.017
2026,2026pncmp,Week 6,2976,74.373,,,,1.692,0.575,74.373
2026,2026pncmp,Week 6,2412,73.652,,,,6.118,0.352,73.652
2026,2026pncmp,Week 6,4125,72.081,,,,23.708,-0.238,72.081
2026,2026pncmp,Week 6,2374,69.79,,,,5.373,0.465,69.79
2026,2026pncmp,Week 6,2926,64.862,,,,4.429,0.616,64.862
2026,2026pncmp,Week 6,8248,60.516,,,,-1.632,-0.468,60.516
2026,2026pncmp,Week 6,488,56.007,,,,0.69,0.253,56.007
2026,2026pncmp,Week 6,4061,55.64,,,,0.124,0.027,55.64
2026,2026pncmp,Week 6,2811,51.087,,,,0.154,-0.031,51.087
2026,2026pncmp,Week 6,1294,41.477,,,,1.364,0.17,41.477
2026,2026pncmp,Week 6,3663,36.025,,,,-2.82,0.242,36.025
2026,2026pncmp,Week 6,1595,30.728,,,,-3.405,0.287,30.728
2026,2026pncmp,Week 6,1983,26.716,,,,4.252,-0.177,26.716
2026,2026pncmp,Week 6,10991,17.829,,,,-6.495,-0.781,17.829
2026,2026pncmp,Week 6,8896,15.613,,,,-5.003,-0.476,15.613
2026,2026pncmp,Week 6,997,5.709,,,,1.816,-0.122,5.709
2026,2026mibig,Week 6,1918,274.745,,,,1.568,3.067,274.745
2026,2026mibig,Week 6,7160,118.246,,,,-0.592,2.384,118.246
2026,2026mibig,Week 6,5535,99.897,,,,16.973,1.762,99.897
2026,2026mibig,Week 6,288,94.874,,,,-2.633,1.965,94.874
2026,2026mibig,Week 6,4004,85.591,,,,3.089,1.49,85.591
2026,2026mibig,Week 6,6077,78.962,,,,0.618,0.855,78.962
2026,2026mibig,Week 6,5982,72.264,,,,-0.839,1.208,72.264
2026,2026mibig,Week 6,244,70.84,,,,-0.658,1.502,70.84
2026,2026mibig,Week 6,1718,69.067,,,,0.748,2.051,69.067
2026,2026mibig,Week 6,3618,56.339,,,,3.64,1.79,56.339
2026,2026mibig,Week 6,9771,55.746,,,,-1.737,1.103,55.746
2026,2026mibig,Week 6,3603,54.877,,,,-2.327,1.434,54.877
2026,2026mibig,Week 6,9673,48.479,,,,1.836,0.768,48.479
2026,2026mibig,Week 6,8611,43.671,,,,0.039,0.662,43.671
2026,2026mibig,Week 6,6100,34.562,,,,-2.8,0.398,34.562
2026,2026mibig,Week 6,9176,33.769,,,,15.472,0.577,33.769
2026,2026mibig,Week 6,7109,31.915,,,,-2.387,0.649,31.915
2026,2026mibig,Week 6,7794,31.472,,,,3.697,0.653,31.472
2026,2026mibig,Week 6,6005,30.133,,,,-3.598,0.555,30.133
2026,2026mibig,Week 6,10421,27.009,,,,-1.358,0.395,27.009
2026,2026mibig,Week 6,6963,22.497,,,,2.111,0.818,22.497
2026,2026mibig,Week 6,6642,20.946,,,,-0.761,0.241,20.946
2026,2026mibig,Week 6,6122,18.134,,,,-0.788,0.088,18.134
2026,2026mibig,Week 6,7810,17.556,,,,-2.737,0.062,17.556
2026,2026mibig,Week 6,5878,15.76,,,,-1.426,0.33,15.76
2026,2026mibig,Week 6,7911,14.895,,,,17.221,-0.47,14.895
2026,2026mibig,Week 6,5525,14.086,,,,-1.04,0.201,14.086
2026,2026mibig,Week 6,5183,13.586,,,,-1.403,-0.106,13.586
2026,2026mibig,Week 6,5213,13.361,,,,-0.486,0.099,13.361
2026,2026mibig,Week 6,9736,13.266,,,,-1.456,-0.006,13.266
2026,2026mibig,Week 6,6091,12.712,,,,1.915,0.514,12.712
2026,2026mibig,Week 6,5247,12.089,,,,2.719,0.203,12.089
2026,2026mibig,Week 6,5182,8.745,,,,-1.219,0.3,8.745
2026,2026mibig,Week 6,8286,8.054,,,,-3.78,-0.155,8.054
2026,2026mibig,Week 6,5162,6.107,,,,-1.342,0.45,6.107
2026,2026mibig,Week 6,9721,5.105,,,,0.829,-0.145,5.105
2026,2026mibig,Week 6,11435,4.347,,,,-1.127,-0.365,4.347
2026,2026mibig,Week 6,9731,3.72,,,,-2.269,-0.097,3.72
2026,2026mibig,Week 6,6098,2.121,,,,-1.011,-0.229,2.121
2026,2026mibig,Week 6,5704,1.455,,,,6.417,0.364,1.455
2026,2026mibig,Week 6,7203,0.334,,,,0.462,-0.033,0.334
2026,2026miesc,Week 6,4391,205.036,,,,5.434,2.634,205.036
2026,2026miesc,Week 6,5193,202.601,,,,-0.457,2.741,202.601
2026,2026miesc,Week 6,8612,146.32,,,,1.224,1.586,146.32
2026,2026miesc,Week 6,6637,118.362,,,,3.943,2.256,118.362
2026,2026miesc,Week 6,4392,113.966,,,,0.612,2.07,113.966
2026,2026miesc,Week 6,3602,111.498,,,,2.756,1.726,111.498
2026,2026miesc,Week 6,2586,108.259,,,,0.316,1.79,108.259
2026,2026miesc,Week 6,5086,100.429,,,,-0.141,1.483,100.429
2026,2026miesc,Week 6,5505,92.02,,,,-0.41,1.129,92.02
2026,2026miesc,Week 6,9674,86.397,,,,1.592,1.014,86.397
2026,2026miesc,Week 6,857,75.863,,,,-0.399,0.903,75.863
2026,2026miesc,Week 6,3770,69.612,,,,0.025,0.888,69.612
2026,2026miesc,Week 6,10589,66.183,,,,0.107,0.721,66.183
2026,2026miesc,Week 6,7782,62.294,,,,-0.993,0.538,62.294
2026,2026miesc,Week 6,9548,57.789,,,,1.555,0.815,57.789
2026,2026miesc,Week 6,7250,54.737,,,,4.049,1.191,54.737
2026,2026miesc,Week 6,9773,48.338,,,,-0.192,0.9,48.338
2026,2026miesc,Week 6,6569,48.254,,,,-0.824,0.963,48.254
2026,2026miesc,Week 6,10595,46.221,,,,0.569,0.758,46.221
2026,2026miesc,Week 6,4375,46.212,,,,2.498,0.495,46.212
2026,2026miesc,Week 6,6088,38.862,,,,2.36,0.141,38.862
2026,2026miesc,Week 6,4827,36.733,,,,1.023,0.489,36.733
2026,2026miesc,Week 6,7713,34.908,,,,0.106,0.291,34.908
2026,2026miesc,Week 6,9249,33.62,,,,-1.395,0.299,33.62
2026,2026miesc,Week 6,10622,31.831,,,,-1.785,0.771,31.831
2026,2026miesc,Week 6,9722,29.051,,,,-1.313,0.502,29.051
2026,2026miesc,Week 6,9755,27.405,,,,-1.166,0.494,27.405
2026,2026miesc,Week 6,11466,27.111,,,,-0.579,1.014,27.111
2026,2026miesc,Week 6,5486,22.068,,,,-0.065,0.723,22.068
2026,2026miesc,Week 6,4835,20.81,,,,-1.249,-0.139,20.81
2026,2026miesc,Week 6,6113,17.369,,,,0.894,-0.378,17.369
2026,2026miesc,Week 6,6558,15.483,,,,0.295,0.117,15.483
2026,2026miesc,Week 6,4377,10.615,,,,2.842,0.185,10.615
2026,2026miesc,Week 6,6079,10.548,,,,-0.418,-0.24,10.548
2026,2026miesc,Week 6,9733,8.621,,,,2.159,0.083,8.621
2026,2026miesc,Week 6,9682,7.273,,,,-1.674,-0.276,7.273
2026,2026miesc,Week 6,10605,4.559,,,,-0.624,-0.288,4.559
2026,2026miesc,Week 6,5706,1.853,,,,-0.506,-0.106,1.853
2026,2026miesc,Week 6,5702,1.403,,,,1.071,-0.217,1.403
2026,2026miesc,Week 6,6112,-9.595,,,,-0.406,-0.317,-9.595
2026,2026miken,Week 6,10633,187.652,,,,3.793,2.332,187.652
2026,2026miken,Week 6,3620,174.094,,,,-0.239,2.583,174.094
2026,2026miken,Week 6,7220,169.29,,,,1.334,2.472,169.29
2026,2026miken,Week 6,1023,138.473,,,,-1.508,1.76,138.473
2026,2026miken,Week 6,2075,138.335,,,,1.711,2.073,138.335
2026,2026miken,Week 6,4967,127.922,,,,-0.254,2.03,127.922
2026,2026miken,Week 6,3875,117.552,,,,-0.965,1.783,117.552
2026,2026miken,Week 6,5166,107.058,,,,1.675,1.362,107.058
2026,2026miken,Week 6,858,106.131,,,,0.385,1.341,106.131
2026,2026miken,Week 6,7656,99.994,,,,0.063,1.768,99.994
2026,2026miken,Week 6,2771,90.75,,,,1.671,1.547,90.75
2026,2026miken,Week 6,6081,71.581,,,,0.267,0.897,71.581
2026,2026miken,Week 6,8423,69.015,,,,0.553,1.044,69.015
2026,2026miken,Week 6,9756,66.708,,,,0.002,1.277,66.708
2026,2026miken,Week 6,5980,56.513,,,,1.665,0.49,56.513
2026,2026miken,Week 6,4325,49.217,,,,0.449,-0.096,49.217
2026,2026miken,Week 6,9685,44.988,,,,3.311,0.391,44.988
2026,2026miken,Week 6,9638,36.49,,,,2.797,0.021,36.49
2026,2026miken,Week 6,8767,36.457,,,,0.739,0.719,36.457
2026,2026miken,Week 6,9208,36.41,,,,-0.576,1.227,36.41
2026,2026miken,Week 6,7809,32.492,,,,-0.451,-0.326,32.492
2026,2026miken,Week 6,7289,30.499,,,,1.815,0.662,30.499
2026,2026miken,Week 6,10181,20.403,,,,-0.684,0.034,20.403
2026,2026miken,Week 6,9206,19.353,,,,-0.584,0.708,19.353
2026,2026miken,Week 6,8285,17.414,,,,1.521,0.256,17.414
2026,2026miken,Week 6,11399,15.904,,,,-0.989,0.83,15.904
2026,2026miken,Week 6,7808,15.261,,,,1.074,0.455,15.261
2026,2026miken,Week 6,5256,14.238,,,,-1.736,0.425,14.238
2026,2026miken,Week 6,7221,13.173,,,,-0.309,0.077,13.173
2026,2026miken,Week 6,7658,12.945,,,,0.692,-0.229,12.945
2026,2026miken,Week 6,3234,12.428,,,,0.499,0.622,12.428
2026,2026miken,Week 6,9549,12.108,,,,1.081,-0.271,12.108
2026,2026miken,Week 6,9566,10.635,,,,1.071,0.095,10.635
2026,2026miken,Week 6,9671,8.769,,,,0.427,-0.183,8.769
2026,2026miken,Week 6,7256,2.394,,,,1.432,0.134,2.394
2026,2026miken,Week 6,7818,1.344,,,,1.958,-0.539,1.344
2026,2026miken,Week 6,10642,-5.069,,,,1.566,-0.092,-5.069
2026,2026miken,Week 6,904,-12.127,,,,0.315,-0.224,-12.127
2026,2026miken,Week 6,10664,-14.462,,,,-0.153,-0.622,-14.462
2026,2026onwin,Week 6,4678,273.555,,,,3.305,2.695,273.555
2026,2026onwin,Week 6,2702,239.026,,,,-0.083,2.474,239.026
2026,2026onwin,Week 6,4039,195.846,,,,1.203,2.92,195.846
2026,2026onwin,Week 6,5406,179.027,,,,0.271,2.4,179.027
2026,2026onwin,Week 6,4907,142.999,,,,1.545,1.336,142.999
2026,2026onwin,Week 6,4920,142.366,,,,1.813,2.135,142.366
2026,2026onwin,Week 6,865,127.321,,,,-0.686,1.236,127.321
2026,2026onwin,Week 6,3739,91.978,,,,3.586,2.102,91.978
2026,2026onwin,Week 6,5885,74.618,,,,-0.091,1.232,74.618
2026,2026onwin,Week 6,4688,74.2,,,,1.952,1.033,74.2
2026,2026onwin,Week 6,2386,69.872,,,,-1.854,1.522,69.872
2026,2026onwin,Week 6,5024,69.375,,,,0.166,0.686,69.375
2026,2026onwin,Week 6,1229,64.121,,,,2.727,0.482,64.121
2026,2026onwin,Week 6,772,46.929,,,,-2.014,0.895,46.929
2026,2026onwin,Week 6,4951,44.331,,,,1.376,0.412,44.331
2026,2026onwin,Week 6,781,43.585,,,,-0.546,1.168,43.585
2026,2026onwin,Week 6,9262,40.664,,,,4.792,-0.047,40.664
2026,2026onwin,Week 6,4940,36.264,,,,-1.343,-0.097,36.264
2026,2026onwin,Week 6,6875,35.888,,,,-0.639,0.473,35.888
2026,2026onwin,Week 6,5912,31.501,,,,2.285,0.178,31.501
2026,2026onwin,Week 6,5719,30.647,,,,2.242,0.584,30.647
2026,2026onwin,Week 6,8789,27.514,,,,3.633,-0.124,27.514
2026,2026onwin,Week 6,8081,25.137,,,,1.817,0.375,25.137
2026,2026onwin,Week 6,11362,23.209,,,,-0.996,-0.01,23.209
2026,2026onwin,Week 6,2634,22.53,,,,0.597,-0.157,22.53
2026,2026onwin,Week 6,5689,21.858,,,,1.636,-0.002,21.858
2026,2026onwin,Week 6,5408,16.592,,,,-1.105,-0.097,16.592
2026,2026onwin,Week 6,4617,15.864,,,,1.926,0.219,15.864
2026,2026onwin,Week 6,3756,15.646,,,,1.683,0.211,15.646
2026,2026onwin,Week 6,7058,13.986,,,,1.469,0.108,13.986
2026,2026onwin,Week 6,10611,9.614,,,,0.903,0.039,9.614
2026,2026onwin,Week 6,11215,8.478,,,,2.568,0.293,8.478
2026,2026onwin,Week 6,6725,8.104,,,,-0.584,0.315,8.104
2026,2026onwin,Week 6,771,3.082,,,,-0.492,0.103,3.082
2026,2026onwin,Week 6,6162,0.44,,,,2.773,-0.26,0.44
2026,2026sccmp,Week 6,4451,180.89,,,,4.734,2.454,180.89
2026,2026sccmp,Week 6,6366,122.245,,,,1.407,1.244,122.245
2026,2026sccmp,Week 6,8575,116.39,,,,-0.242,1.461,116.39
2026,2026sccmp,Week 6,4533,88.525,,,,4.194,1.267,88.525
2026,2026sccmp,Week 6,342,83.878,,,,1.804,0.834,83.878
2026,2026sccmp,Week 6,281,79.905,,,,-0.67,0.992,79.905
2026,2026sccmp,Week 6,1287,76.347,,,,7.107,1.676,76.347
2026,2026sccmp,Week 6,3490,69.199,,,,-0.893,1.246,69.199
2026,2026sccmp,Week 6,11254,64.045,,,,-1.12,0.856,64.045
2026,2026sccmp,Week 6,1758,62.741,,,,2.84,1.014,62.741
2026,2026sccmp,Week 6,1319,57.542,,,,0.187,0.649,57.542
2026,2026sccmp,Week 6,1102,56.13,,,,4.012,0.003,56.13
2026,2026sccmp,Week 6,343,55.529,,,,1.923,0.791,55.529
2026,2026sccmp,Week 6,10367,54.73,,,,-2.653,1.186,54.73
2026,2026sccmp,Week 6,11424,41.658,,,,4.241,-0.057,41.658
2026,2026sccmp,Week 6,8137,36.757,,,,3.72,1.129,36.757
2026,2026sccmp,Week 6,6167,33.917,,,,7.52,1.243,33.917
2026,2026sccmp,Week 6,10231,33.893,,,,-0.219,-0.465,33.893
2026,2026sccmp,Week 6,4864,33.701,,,,1.68,0.377,33.701
2026,2026sccmp,Week 6,3489,29.767,,,,-3.143,0.049,29.767
2026,2026sccmp,Week 6,11398,27.504,,,,-1.805,-0.141,27.504
2026,2026sccmp,Week 6,7085,26.989,,,,2.196,0.221,26.989
2026,2026sccmp,Week 6,4083,19.454,,,,3.616,0.293,19.454
2026,2026sccmp,Week 6,10591,16.441,,,,4.328,-0.237,16.441
2026,2026sccmp,Week 6,9315,16.15,,,,0.685,-0.056,16.15
2026,2026sccmp,Week 6,11167,14.984,,,,-0.897,1.017,14.984
2026,2026sccmp,Week 6,11308,14.716,,,,-2.657,0.177,14.716
2026,2026sccmp,Week 6,10388,13.322,,,,-0.806,-0.28,13.322
2026,2026sccmp,Week 6,1293,10.848,,,,-1.953,-1.039,10.848
2026,2026sccmp,Week 6,10619,4.047,,,,-0.918,-0.176,4.047
2026,2026sccmp,Week 6,2815,-15.245,,,,0.948,-0.976,-15.245
2026,2026chcmp,Week 6,449,229.858,,,,1.387,3.159,229.858
2026,2026chcmp,Week 6,2106,209.897,,,,-2.291,2.145,209.897
2026,2026chcmp,Week 6,1908,183.085,,,,4.901,2.658,183.085
2026,2026chcmp,Week 6,11415,181.607,,,,1.44,1.862,181.607
2026,2026chcmp,Week 6,5338,173.906,,,,2.474,1.769,173.906
2026,2026chcmp,Week 6,4099,171.576,,,,5.719,2.536,171.576
2026,2026chcmp,Week 6,346,160.705,,,,1.405,1.371,160.705
2026,2026chcmp,Week 6,836,158.616,,,,0.091,2.016,158.616
2026,2026chcmp,Week 6,1731,155.652,,,,-1.252,1.618,155.652
2026,2026chcmp,Week 6,686,154.426,,,,-2.139,2.92,154.426
2026,2026chcmp,Week 6,619,151.2,,,,2.14,1.702,151.2
2026,2026chcmp,Week 6,9072,145.513,,,,2.375,1.134,145.513
2026,2026chcmp,Week 6,1086,134.734,,,,0.697,1.52,134.734
2026,2026chcmp,Week 6,122,133.455,,,,4.393,1.064,133.455
2026,2026chcmp,Week 6,3136,130.858,,,,1.41,1.713,130.858
2026,2026chcmp,Week 6,5549,129.107,,,,6.966,0.268,129.107
2026,2026chcmp,Week 6,422,127.908,,,,2.874,1.38,127.908
2026,2026chcmp,Week 6,540,127.749,,,,-2.179,1.395,127.749
2026,2026chcmp,Week 6,1629,127.698,,,,1.631,0.847,127.698
2026,2026chcmp,Week 6,401,125.074,,,,5.048,1.158,125.074
2026,2026chcmp,Week 6,1727,124.457,,,,2.391,0.837,124.457
2026,2026chcmp,Week 6,8592,111.466,,,,-0.124,1.384,111.466
2026,2026chcmp,Week 6,888,107.646,,,,1.51,0.573,107.646
2026,2026chcmp,Week 6,614,106.944,,,,-0.122,0.754,106.944
2026,2026chcmp,Week 6,10224,103.533,,,,-0.081,1.21,103.533
2026,2026chcmp,Week 6,2199,102.416,,,,0.411,1.104,102.416
2026,2026chcmp,Week 6,4472,81.913,,,,2.253,0.406,81.913
2026,2026chcmp,Week 6,620,81.75,,,,3.645,0.471,81.75
2026,2026chcmp,Week 6,1262,80.257,,,,1.081,0.114,80.257
2026,2026chcmp,Week 6,3748,80.117,,,,-0.84,0.052,80.117
2026,2026chcmp,Week 6,5243,70.152,,,,4.154,0.538,70.152
2026,2026chcmp,Week 6,1389,65.16,,,,1.861,-0.031,65.16
2026,2026chcmp,Week 6,4541,61.458,,,,6.138,0.188,61.458
2026,2026chcmp,Week 6,3939,61.021,,,,4.368,0.131,61.021
2026,2026chcmp,Week 6,2377,59.532,,,,0.617,0.708,59.532
2026,2026chcmp,Week 6,10004,59.219,,,,-0.447,1.069,59.219
2026,2026chcmp,Week 6,2890,58.038,,,,-4.303,0.552,58.038
2026,2026chcmp,Week 6,2537,55.31,,,,0.1,0.44,55.31
2026,2026chcmp,Week 6,11318,54.378,,,,2.492,0.779,54.378
2026,2026chcmp,Week 6,5724,51.675,,,,0.518,-0.274,51.675
2026,2026chcmp,Week 6,339,50.228,,,,1.837,0.529,50.228
2026,2026chcmp,Week 6,5804,47.568,,,,1.12,0.073,47.568
2026,2026chcmp,Week 6,10679,43.196,,,,-1.736,0.125,43.196
2026,2026chcmp,Week 6,1895,40.913,,,,3.227,-0.475,40.913
2026,2026chcmp,Week 6,3361,37.274,,,,2.201,0.024,37.274
2026,2026chcmp,Week 6,1719,35.485,,,,-0.352,-0.259,35.485
2026,2026chcmp,Week 6,8590,31.055,,,,4.118,-0.382,31.055
2026,2026chcmp,Week 6,11425,30.024,,,,0.334,-0.268,30.024
2026,2026chcmp,Week 6,2068,25.747,,,,3.743,0.108,25.747
2026,2026chcmp,Week 6,1111,22.541,,,,0.705,0.341,22.541
2026,2026chcmp,Week 6,3258,21.845,,,,-1.101,-0.702,21.845
2026,2026chcmp,Week 6,2421,15.555,,,,4.476,-0.562,15.555
2026,2026chcmp,Week 6,5587,0.376,,,,-0.523,-0.493,0.376
2026,2026chcmp,Week 6,9033,-1.371,,,,-2.428,-0.714,-1.371
2026,2026nccmp,Week 6,9496,270.612,,,,2.357,3.046,270.612
2026,2026nccmp,Week 6,9032,199.404,,,,-2.152,2.98,199.404
2026,2026nccmp,Week 6,4561,151.472,,,,0.272,2.363,151.472
2026,2026nccmp,Week 6,4795,140.465,,,,0.713,2.014,140.465
2026,2026nccmp,Week 6,2724,131.252,,,,8.465,1.457,131.252
2026,2026nccmp,Week 6,1533,128.045,,,,4.707,1.215,128.045
2026,2026nccmp,Week 6,6500,123.075,,,,-1.938,1.504,123.075
2026,2026nccmp,Week 6,7890,120.986,,,,2.71,1.137,120.986
2026,2026nccmp,Week 6,8429,107.809,,,,-2.882,0.997,107.809
2026,2026nccmp,Week 6,6502,100.61,,,,1.231,0.723,100.61
2026,2026nccmp,Week 6,3506,99.768,,,,-0.442,1.389,99.768
2026,2026nccmp,Week 6,2059,93.095,,,,1.192,0.999,93.095
2026,2026nccmp,Week 6,4534,90.871,,,,7.794,0.617,90.871
2026,2026nccmp,Week 6,4935,86.312,,,,4.067,1.151,86.312
2026,2026nccmp,Week 6,7918,85.113,,,,8.975,1.054,85.113
2026,2026nccmp,Week 6,4828,81.184,,,,3.201,1.315,81.184
2026,2026nccmp,Week 6,3229,78.05,,,,-0.56,0.381,78.05
2026,2026nccmp,Week 6,6894,76.544,,,,3.182,-0.378,76.544
2026,2026nccmp,Week 6,2640,69.553,,,,0.232,0.506,69.553
2026,2026nccmp,Week 6,8738,64.099,,,,1.3,0.593,64.099
2026,2026nccmp,Week 6,1225,62.182,,,,4.0,0.23,62.182
2026,2026nccmp,Week 6,8727,61.738,,,,1.57,0.432,61.738
2026,2026nccmp,Week 6,6639,59.647,,,,4.158,0.656,59.647
2026,2026nccmp,Week 6,4829,49.603,,,,3.055,0.825,49.603
2026,2026nccmp,Week 6,9297,47.19,,,,2.084,-0.064,47.19
2026,2026nccmp,Week 6,3196,44.17,,,,0.978,0.379,44.17
2026,2026nccmp,Week 6,11179,44.013,,,,0.013,0.787,44.013
2026,2026nccmp,Week 6,5160,40.943,,,,-0.176,0.555,40.943
2026,2026nccmp,Week 6,6004,40.157,,,,-0.56,0.666,40.157
2026,2026nccmp,Week 6,9559,35.308,,,,0.863,0.015,35.308
2026,2026nccmp,Week 6,11417,32.204,,,,6.229,-0.166,32.204
2026,2026nccmp,Week 6,3336,31.943,,,,2.29,-0.201,31.943
2026,2026nccmp,Week 6,10077,31.396,,,,2.666,0.232,31.396
2026,2026nccmp,Week 6,8746,30.731,,,,0.128,0.071,30.731
2026,2026nccmp,Week 6,11353,29.222,,,,4.228,0.153,29.222
2026,2026nccmp,Week 6,10302,29.032,,,,1.165,0.05,29.032
2026,2026nccmp,Week 6,8205,27.921,,,,-1.39,-0.137,27.921
2026,2026nccmp,Week 6,5607,26.915,,,,2.732,0.067,26.915
2026,2026nccmp,Week 6,11377,26.155,,,,-2.591,-0.124,26.155
2026,2026nccmp,Week 6,7763,25.087,,,,0.369,0.236,25.087
2026,2026nccmp,Week 6,10248,23.522,,,,6.295,0.132,23.522
2026,2026nccmp,Week 6,11285,21.615,,,,-1.024,0.544,21.615
2026,2026nccmp,Week 6,6888,21.475,,,,-4.035,0.224,21.475
2026,2026nccmp,Week 6,8757,20.523,,,,-1.616,0.887,20.523
2026,2026nccmp,Week 6,9788,15.338,,,,2.015,-0.549,15.338
2026,2026nccmp,Week 6,10121,13.491,,,,3.971,-0.028,13.491
2026,2026nccmp,Week 6,9150,12.642,,,,3.065,0.134,12.642
2026,2026nccmp,Week 6,2682,11.208,,,,3.407,0.034,11.208
2026,2026nccmp,Week 6,3459,10.244,,,,0.246,-0.469,10.244
2026,2026nccmp,Week 6,11146,2.48,,,,-1.56,-0.299,2.48
2026,2026nyny,Week 6,694,317.851,,,,6.112,2.644,317.851
2026,2026nyny,Week 6,3015,195.395,,,,4.504,2.684,195.395
2026,2026nyny,Week 6,6985,175.814,,,,3.252,2.024,175.814
2026,2026nyny,Week 6,2872,166.349,,,,0.696,2.174,166.349
2026,2026nyny,Week 6,333,115.795,,,,7.684,1.134,115.795
2026,2026nyny,Week 6,4972,111.054,,,,-0.19,1.476,111.054
2026,2026nyny,Week 6,3419,109.902,,,,-1.121,2.28,109.902
2026,2026nyny,Week 6,10229,102.857,,,,1.443,1.135,102.857
2026,2026nyny,Week 6,334,100.753,,,,2.349,1.408,100.753
2026,2026nyny,Week 6,1601,99.089,,,,-3.623,2.31,99.089
2026,2026nyny,Week 6,369,97.514,,,,3.443,1.556,97.514
2026,2026nyny,Week 6,6593,71.297,,,,4.503,0.907,71.297
2026,2026nyny,Week 6,354,62.624,,,,2.884,1.369,62.624
2026,2026nyny,Week 6,2601,58.133,,,,-0.595,1.506,58.133
2026,2026nyny,Week 6,2344,49.375,,,,0.511,1.819,49.375
2026,2026nyny,Week 6,640,40.439,,,,-2.18,1.009,40.439
2026,2026nyny,Week 6,3004,39.266,,,,0.086,0.744,39.266
2026,2026nyny,Week 6,5298,34.71,,,,-2.12,0.071,34.71
2026,2026nyny,Week 6,9642,34.509,,,,3.297,0.264,34.509
2026,2026nyny,Week 6,6873,33.53,,,,5.218,-0.218,33.53
2026,2026nyny,Week 6,516,32.738,,,,1.932,0.133,32.738
2026,2026nyny,Week 6,1635,25.315,,,,-1.987,0.515,25.315
2026,2026nyny,Week 6,10454,24.352,,,,1.845,1.594,24.352
2026,2026nyny,Week 6,7730,22.316,,,,-2.026,0.507,22.316
2026,2026nyny,Week 6,5806,19.602,,,,0.775,0.812,19.602
2026,2026nyny,Week 6,4383,19.3,,,,2.491,0.031,19.3
2026,2026nyny,Week 6,9509,19.254,,,,0.37,-0.499,19.254
2026,2026nyny,Week 6,3204,18.977,,,,1.39,0.997,18.977
2026,2026nyny,Week 6,3053,18.197,,,,-0.312,0.133,18.197
2026,2026nyny,Week 6,4299,17.947,,,,-0.243,-0.316,17.947
2026,2026nyny,Week 6,9295,17.868,,,,1.467,0.584,17.868
2026,2026nyny,Week 6,743,17.713,,,,1.369,-0.195,17.713
2026,2026nyny,Week 6,11090,17.372,,,,4.495,0.636,17.372
2026,2026nyny,Week 6,6648,16.966,,,,1.273,0.398,16.966
2026,2026nyny,Week 6,5123,16.022,,,,3.557,0.083,16.022
2026,2026nyny,Week 6,3390,15.46,,,,-1.122,0.476,15.46
2026,2026nyny,Week 6,6590,14.709,,,,-0.659,0.795,14.709
2026,2026nyny,Week 6,7036,9.893,,,,2.275,-0.534,9.893
2026,2026nyny,Week 6,6024,8.281,,,,-1.348,-0.525,8.281
2026,2026nyny,Week 6,6969,7.856,,,,2.341,0.147,7.856
2026,2026nyny,Week 6,9030,7.74,,,,-1.079,0.098,7.74
2026,2026nyny,Week 6,8739,6.49,,,,-0.663,0.831,6.49
2026,2026nyny,Week 6,6401,6.185,,,,1.194,-0.148,6.185
2026,2026nyny,Week 6,5421,5.606,,,,2.448,0.017,5.606
2026,2026nyny,Week 6,4571,4.585,,,,-0.889,0.224,4.585
2026,2026nyny,Week 6,10452,2.378,,,,-0.968,-0.04,2.378
2026,2026nyny,Week 6,9636,1.107,,,,1.137,-0.409,1.107
2026,2026nyny,Week 6,4729,-0.226,,,,2.549,0.469,-0.226
2026,2026nyny,Week 6,7668,-4.133,,,,1.627,0.387,-4.133
2026,2026nyny,Week 6,395,-7.642,,,,1.983,-0.042,-7.642
2026,2026nyny,Week 6,3017,-14.109,,,,2.999,-0.332,-14.109
2026,2026cancmp,Week 6,254,396.01,,,,11.96,3.148,396.01
2026,2026cancmp,Week 6,1323,324.462,,,,1.484,2.687,324.462
2026,2026cancmp,Week 6,9470,263.189,,,,5.98,2.436,263.189
2026,2026cancmp,Week 6,3045,260.517,,,,1.003,2.088,260.517
2026,2026cancmp,Week 6,5940,234.688,,,,3.089,2.172,234.688
2026,2026cancmp,Week 6,4698,219.982,,,,8.713,2.124,219.982
2026,2026cancmp,Week 6,6036,210.702,,,,9.811,2.442,210.702
2026,2026cancmp,Week 6,8,207.709,,,,4.362,1.81,207.709
2026,2026cancmp,Week 6,841,205.783,,,,-2.169,1.271,205.783
2026,2026cancmp,Week 6,581,202.426,,,,3.193,1.83,202.426
2026,2026cancmp,Week 6,1678,199.72,,,,7.985,1.991,199.72
2026,2026cancmp,Week 6,1868,189.758,,,,2.076,1.43,189.758
2026,2026cancmp,Week 6,5026,183.421,,,,-1.307,1.129,183.421
2026,2026cancmp,Week 6,2813,182.402,,,,0.406,1.605,182.402
2026,2026cancmp,Week 6,2073,175.352,,,,-0.469,1.477,175.352
2026,2026cancmp,Week 6,604,169.905,,,,6.242,1.39,169.905
2026,2026cancmp,Week 6,3501,168.104,,,,1.592,1.45,168.104
2026,2026cancmp,Week 6,846,165.582,,,,-1.205,0.895,165.582
2026,2026cancmp,Week 6,972,158.969,,,,-3.414,2.045,158.969
2026,2026cancmp,Week 6,6238,151.065,,,,3.837,1.118,151.065
2026,2026cancmp,Week 6,8048,147.758,,,,-3.885,1.722,147.758
2026,2026cancmp,Week 6,7419,139.096,,,,1.717,1.202,139.096
2026,2026cancmp,Week 6,1671,138.439,,,,-3.629,0.528,138.439
2026,2026cancmp,Week 6,3257,137.949,,,,-2.022,1.436,137.949
2026,2026cancmp,Week 6,3256,134.297,,,,4.01,1.784,134.297
2026,2026cancmp,Week 6,971,133.712,,,,3.492,1.516,133.712
2026,2026cancmp,Week 6,3970,124.398,,,,1.397,0.724,124.398
2026,2026cancmp,Week 6,5507,122.381,,,,-1.958,0.694,122.381
2026,2026cancmp,Week 6,5104,118.581,,,,1.55,0.619,118.581
2026,2026cancmp,Week 6,9400,111.723,,,,8.188,1.162,111.723
2026,2026cancmp,Week 6,114,110.006,,,,-2.996,1.34,110.006
2026,2026cancmp,Week 6,2135,105.305,,,,0.064,0.906,105.305
2026,2026cancmp,Week 6,6418,101.861,,,,3.051,0.049,101.861
2026,2026cancmp,Week 6,840,96.342,,,,6.507,0.324,96.342
2026,2026cancmp,Week 6,7667,94.719,,,,-0.34,0.563,94.719
2026,2026cancmp,Week 6,670,92.891,,,,8.47,0.539,92.891
2026,2026cancmp,Week 6,8033,78.458,,,,5.554,0.485,78.458
2026,2026cancmp,Week 6,1072,75.794,,,,2.797,0.915,75.794
2026,2026cancmp,Week 6,192,72.145,,,,1.561,0.113,72.145
2026,2026cancmp,Week 6,1967,70.688,,,,-0.865,0.95,70.688
2026,2026cancmp,Week 6,6962,67.547,,,,-1.678,0.34,67.547
2026,2026cancmp,Week 6,115,66.707,,,,0.173,-0.287,66.707
2026,2026cancmp,Week 6,8793,63.895,,,,0.268,-0.097,63.895
2026,2026cancmp,Week 6,5817,59.162,,,,4.782,0.298,59.162
2026,2026cancmp,Week 6,701,57.176,,,,-3.102,0.24,57.176
2026,2026cancmp,Week 6,649,55.871,,,,3.045,0.235,55.871
2026,2026cancmp,Week 6,766,55.606,,,,2.261,-0.158,55.606
2026,2026cancmp,Week 6,6662,50.506,,,,-0.011,0.279,50.506
2026,2026cancmp,Week 6,4135,44.524,,,,3.762,-0.095,44.524
2026,2026cancmp,Week 6,2204,44.016,,,,-3.714,-0.057,44.016
2026,2026cancmp,Week 6,5700,40.793,,,,4.042,-0.455,40.793
2026,2026cancmp,Week 6,6305,39.552,,,,4.723,-0.109,39.552
2026,2026cancmp,Week 6,253,38.842,,,,-2.502,-0.273,38.842
2026,2026cancmp,Week 6,10339,38.344,,,,0.742,0.317,38.344
2026,2026cancmp,Week 6,6665,32.12,,,,5.218,0.366,32.12
2026,2026cancmp,Week 6,6814,25.044,,,,2.425,-0.242,25.044
2026,2026cancmp,Week 6,5419,23.523,,,,0.375,-0.142,23.523
2026,2026cancmp,Week 6,7137,22.019,,,,0.402,-0.05,22.019
2026,2026cancmp,Week 6,3598,18.328,,,,-4.224,0.541,18.328
2026,2026cancmp,Week 6,4990,-13.033,,,,-1.153,-0.511,-13.033
2026,2026cascmp,Week 6,4414,380.828,,,,2.949,3.683,380.828
2026,2026cascmp,Week 6,1538,260.806,,,,5.252,1.991,260.806
2026,2026cascmp,Week 6,3476,235.382,,,,2.896,2.79,235.382
2026,2026cascmp,Week 6,1388,211.007,,,,13.51,1.591,211.007
2026,2026cascmp,Week 6,3255,199.24,,,,8.873,1.952,199.24
2026,2026cascmp,Week 6,2102,197.852,,,,10.999,2.006,197.852
2026,2026cascmp,Week 6,973,188.599,,,,1.012,2.136,188.599
2026,2026cascmp,Week 6,599,180.62,,,,3.162,2.093,180.62
2026,2026cascmp,Week 6,2659,173.108,,,,2.853,1.596,173.108
2026,2026cascmp,Week 6,294,167.871,,,,0.564,2.096,167.871
2026,2026cascmp,Week 6,9084,159.136,,,,2.396,1.888,159.136
2026,2026cascmp,Week 6,5474,156.141,,,,-1.214,1.651,156.141
2026,2026cascmp,Week 6,7415,154.964,,,,12.162,2.236,154.964
2026,2026cascmp,Week 6,4322,153.711,,,,7.155,1.363,153.711
2026,2026cascmp,Week 6,6995,145.438,,,,2.041,1.491,145.438
2026,2026cascmp,Week 6,9408,139.043,,,,6.842,1.988,139.043
2026,2026cascmp,Week 6,4201,138.198,,,,5.761,1.302,138.198
2026,2026cascmp,Week 6,2429,133.298,,,,0.05,0.805,133.298
2026,2026cascmp,Week 6,696,128.43,,,,-0.482,0.936,128.43
2026,2026cascmp,Week 6,4123,127.478,,,,5.811,1.032,127.478
2026,2026cascmp,Week 6,8119,121.517,,,,1.309,0.649,121.517
2026,2026cascmp,Week 6,2584,120.93,,,,5.503,1.053,120.93
2026,2026cascmp,Week 6,4,119.283,,,,5.429,0.871,119.283
2026,2026cascmp,Week 6,5199,118.869,,,,1.851,1.433,118.869
2026,2026cascmp,Week 6,3128,116.434,,,,2.727,0.624,116.434
2026,2026cascmp,Week 6,9452,116.159,,,,-1.157,0.725,116.159
2026,2026cascmp,Week 6,3512,112.089,,,,0.71,0.893,112.089
2026,2026cascmp,Week 6,687,111.847,,,,3.87,0.957,111.847
2026,2026cascmp,Week 6,4415,111.085,,,,-1.31,1.106,111.085
2026,2026cascmp,Week 6,3647,103.787,,,,2.26,0.606,103.787
2026,2026cascmp,Week 6,2710,102.494,,,,2.53,0.075,102.494
2026,2026cascmp,Week 6,2637,100.824,,,,3.362,1.203,100.824
2026,2026cascmp,Week 6,5136,98.576,,,,-1.666,0.62,98.576
2026,2026cascmp,Week 6,1148,97.363,,,,3.337,0.437,97.363
2026,2026cascmp,Week 6,3408,97.074,,,,4.88,0.845,97.074
2026,2026cascmp,Week 6,5137,92.926,,,,-3.259,0.678,92.926
2026,2026cascmp,Week 6,6695,83.366,,,,-4.522,0.672,83.366
2026,2026cascmp,Week 6,1197,74.576,,,,18.017,-0.072,74.576
2026,2026cascmp,Week 6,4738,73.906,,,,-5.164,-0.045,73.906
2026,2026cascmp,Week 6,3749,70.651,,,,0.498,0.279,70.651
2026,2026cascmp,Week 6,2485,69.031,,,,-1.192,0.032,69.031
2026,2026cascmp,Week 6,4419,68.11,,,,5.678,0.456,68.11
2026,2026cascmp,Week 6,1160,65.91,,,,1.069,0.286,65.91
2026,2026cascmp,Week 6,7042,65.112,,,,1.424,0.248,65.112
2026,2026cascmp,Week 6,6220,64.307,,,,-2.634,0.285,64.307
2026,2026cascmp,Week 6,1138,61.469,,,,3.324,-0.114,61.469
2026,2026cascmp,Week 6,812,58.677,,,,4.942,0.376,58.677
2026,2026cascmp,Week 6,2404,51.619,,,,-1.078,-0.014,51.619
2026,2026cascmp,Week 6,5805,50.215,,,,9.598,0.297,50.215
2026,2026cascmp,Week 6,2984,45.149,,,,1.503,0.344,45.149
2026,2026cascmp,Week 6,4999,44.889,,,,0.397,0.145,44.889
2026,2026cascmp,Week 6,589,42.359,,,,2.944,0.064,42.359
2026,2026cascmp,Week 6,3925,41.221,,,,5.459,0.344,41.221
2026,2026cascmp,Week 6,11024,30.082,,,,0.638,-0.893,30.082
2026,2026cascmp,Week 6,968,28.201,,,,2.537,-0.886,28.201
2026,2026cascmp,Week 6,3309,22.843,,,,-0.714,0.101,22.843
2026,2026cascmp,Week 6,7157,22.108,,,,5.211,-0.085,22.108
2026,2026cascmp,Week 6,4079,15.964,,,,1.099,0.188,15.964
2026,2026cascmp,Week 6,2658,6.164,,,,1.173,-0.198,6.164
2026,2026cascmp,Week 6,10586,4.497,,,,-4.01,-0.625,4.497
2026,2026tuak2,Week 6,9609,220.916,,,,-2.849,2.967,220.916
2026,2026tuak2,Week 6,6431,182.878,,,,16.241,2.252,182.878
2026,2026tuak2,Week 6,7539,180.232,,,,-1.096,2.903,180.232
2026,2026tuak2,Week 6,11141,171.721,,,,-0.809,2.113,171.721
2026,2026tuak2,Week 6,8079,132.507,,,,3.399,2.405,132.507
2026,2026tuak2,Week 6,10396,87.772,,,,1.45,1.352,87.772
2026,2026tuak2,Week 6,7594,63.026,,,,1.607,0.743,63.026
2026,2026tuak2,Week 6,5665,52.265,,,,3.135,0.911,52.265
2026,2026tuak2,Week 6,8056,39.284,,,,0.7,1.033,39.284
2026,2026tuak2,Week 6,8863,35.775,,,,-3.288,0.041,35.775
2026,2026tuak2,Week 6,8557,35.727,,,,-3.881,0.434,35.727
2026,2026tuak2,Week 6,6874,34.099,,,,0.643,1.671,34.099
2026,2026tuak2,Week 6,6399,31.96,,,,1.176,0.637,31.96
2026,2026tuak2,Week 6,10542,30.568,,,,6.171,0.185,30.568
2026,2026tuak2,Week 6,8828,30.294,,,,7.434,0.362,30.294
2026,2026tuak2,Week 6,11022,25.773,,,,0.069,0.496,25.773
2026,2026tuak2,Week 6,9583,23.743,,,,0.455,0.535,23.743
2026,2026tuak2,Week 6,10998,21.867,,,,1.209,0.178,21.867
2026,2026tuak2,Week 6,11300,21.712,,,,1.336,0.206,21.712
2026,2026tuak2,Week 6,11099,21.522,,,,-2.334,0.059,21.522
2026,2026tuak2,Week 6,10246,19.69,,,,5.285,1.103,19.69
2026,2026tuak2,Week 6,6430,19.015,,,,0.495,-0.055,19.015
2026,2026tuak2,Week 6,11257,13.462,,,,1.933,-0.179,13.462
2026,2026tuak2,Week 6,4191,10.039,,,,-1.333,-0.59,10.039
2026,2026tuak2,Week 6,10472,8.808,,,,3.554,-0.075,8.808
2026,2026tuak2,Week 6,11098,8.668,,,,5.942,0.279,8.668
2026,2026tuak2,Week 6,8561,5.872,,,,2.051,0.203,5.872
2026,2026tuak2,Week 6,10478,5.624,,,,2.383,-0.144,5.624
2026,2026tuak2,Week 6,8780,5.58,,,,0.519,0.195,5.58
2026,2026tuak2,Week 6,10180,3.356,,,,-0.887,0.839,3.356
2026,2026tuak2,Week 6,11064,2.601,,,,1.566,-0.224,2.601
2026,2026tuak2,Week 6,9247,1.956,,,,-2.421,0.094,1.956
2026,2026tuak2,Week 6,10940,-4.232,,,,3.576,-0.36,-4.232
2026,2026mifen,Week 6,5114,181.811,,,,4.466,2.188,181.811
2026,2026mifen,Week 6,494,167.581,,,,0.289,2.682,167.581
2026,2026mifen,Week 6,5660,142.562,,,,5.426,2.031,142.562
2026,2026mifen,Week 6,70,142.558,,,,2.54,1.794,142.558
2026,2026mifen,Week 6,68,134.095,,,,0.23,1.441,134.095
2026,2026mifen,Week 6,9757,128.877,,,,-2.588,2.048,128.877
2026,2026mifen,Week 6,5229,99.759,,,,1.113,1.991,99.759
2026,2026mifen,Week 6,7202,87.453,,,,2.327,1.118,87.453
2026,2026mifen,Week 6,862,67.429,,,,-0.204,0.487,67.429
2026,2026mifen,Week 6,4810,64.662,,,,-1.51,1.241,64.662
2026,2026mifen,Week 6,10978,57.429,,,,0.018,1.492,57.429
2026,2026mifen,Week 6,9237,57.076,,,,1.273,0.165,57.076
2026,2026mifen,Week 6,7598,50.391,,,,-0.602,0.672,50.391
2026,2026mifen,Week 6,4130,44.989,,,,1.109,-0.297,44.989
2026,2026mifen,Week 6,5641,44.94,,,,2.577,0.378,44.94
2026,2026mifen,Week 6,6548,43.92,,,,4.12,1.236,43.92
2026,2026mifen,Week 6,10667,40.438,,,,-1.694,1.005,40.438
2026,2026mifen,Week 6,3098,38.003,,,,-1.311,0.531,38.003
2026,2026mifen,Week 6,9776,36.536,,,,2.104,0.668,36.536
2026,2026mifen,Week 6,1322,34.628,,,,-0.13,1.05,34.628
2026,2026mifen,Week 6,10690,34.435,,,,0.227,0.882,34.435
2026,2026mifen,Week 6,2145,33.433,,,,0.324,0.515,33.433
2026,2026mifen,Week 6,5084,31.753,,,,0.589,0.894,31.753
2026,2026mifen,Week 6,6538,31.477,,,,-1.218,0.339,31.477
2026,2026mifen,Week 6,5260,29.229,,,,-0.441,-0.022,29.229
2026,2026mifen,Week 6,9759,28.849,,,,-1.36,0.841,28.849
2026,2026mifen,Week 6,9207,27.468,,,,-0.927,0.343,27.468
2026,2026mifen,Week 6,3568,25.826,,,,-0.457,0.539,25.826
2026,2026mifen,Week 6,9455,23.889,,,,0.714,0.14,23.889
2026,2026mifen,Week 6,8385,19.236,,,,0.403,0.351,19.236
2026,2026mifen,Week 6,9697,16.845,,,,-0.945,0.168,16.845
2026,2026mifen,Week 6,7772,16.095,,,,1.273,-0.456,16.095
2026,2026mifen,Week 6,5234,15.283,,,,-0.428,0.21,15.283
2026,2026mifen,Week 6,6067,14.532,,,,2.991,0.266,14.532
2026,2026mifen,Week 6,8193,13.644,,,,0.098,0.434,13.644
2026,2026mifen,Week 6,5603,13.488,,,,-0.15,0.441,13.488
2026,2026mifen,Week 6,6071,11.558,,,,4.008,-0.272,11.558
2026,2026mifen,Week 6,5532,8.495,,,,2.041,-0.31,8.495
2026,2026mifen,Week 6,5282,5.21,,,,1.2,0.035,5.21
2026,2026mifen,Week 6,6190,0.78,,,,1.707,0.747,0.78
2026,2026mifen,Week 6,5517,-13.318,,,,-0.181,0.223,-13.318
2026,2026mifen,Week 6,6073,-16.013,,,,-1.937,-0.643,-16.013
2026,2026njski,Week 6,5895,234.456,,,,-2.345,2.981,234.456
2026,2026njski,Week 6,484,151.264,,,,-0.885,2.043,151.264
2026,2026njski,Week 6,3314,139.088,,,,8.65,1.954,139.088
2026,2026njski,Week 6,7045,92.686,,,,1.355,1.584,92.686
2026,2026njski,Week 6,293,90.744,,,,1.148,1.94,90.744
2026,2026njski,Week 6,5438,88.831,,,,2.922,0.99,88.831
2026,2026njski,Week 6,75,79.767,,,,9.294,1.21,79.767
2026,2026njski,Week 6,3637,76.507,,,,1.881,1.349,76.507
2026,2026njski,Week 6,1403,65.562,,,,-1.991,1.642,65.562
2026,2026njski,Week 6,102,56.567,,,,-1.311,0.171,56.567
2026,2026njski,Week 6,56,53.177,,,,2.463,1.173,53.177
2026,2026njski,Week 6,303,52.246,,,,-1.159,0.7,52.246
2026,2026njski,Week 6,25,51.738,,,,1.978,1.381,51.738
2026,2026njski,Week 6,2191,44.406,,,,4.994,0.712,44.406
2026,2026njski,Week 6,2495,43.458,,,,-1.062,0.221,43.458
2026,2026njski,Week 6,4361,42.9,,,,0.453,0.472,42.9
2026,2026njski,Week 6,10232,41.406,,,,3.383,-0.158,41.406
2026,2026njski,Week 6,5407,41.302,,,,5.422,0.701,41.302
2026,2026njski,Week 6,428,41.046,,,,4.359,1.017,41.046
2026,2026njski,Week 6,4573,37.599,,,,1.225,1.033,37.599
2026,2026njski,Week 6,1279,29.161,,,,3.864,0.657,29.161
2026,2026njski,Week 6,433,28.287,,,,1.047,0.091,28.287
2026,2026njski,Week 6,6860,26.192,,,,2.866,0.316,26.192
2026,2026njski,Week 6,2458,22.987,,,,1.864,0.644,22.987
2026,2026njski,Week 6,9439,18.005,,,,-1.333,0.608,18.005
2026,2026njski,Week 6,8130,17.814,,,,-0.305,0.189,17.814
2026,2026njski,Week 6,4750,15.503,,,,-0.112,-0.654,15.503
2026,2026njski,Week 6,6897,14.753,,,,0.814,-0.211,14.753
2026,2026njski,Week 6,11104,9.081,,,,-0.481,0.734,9.081
2026,2026njski,Week 6,10366,7.684,,,,-3.044,0.126,7.684
2026,2026njski,Week 6,8714,6.728,,,,-0.076,-0.264,6.728
2026,2026njski,Week 6,9424,4.808,,,,-1.155,0.153,4.808
2026,2026njski,Week 6,3340,3.271,,,,-2.11,-0.217,3.271
2026,2026njski,Week 6,8588,-4.359,,,,-0.532,-0.29,-4.359
2026,2026onwel,Week 6,1114,304.581,,,,1.835,2.626,304.581
2026,2026onwel,Week 6,2056,303.786,,,,0.458,2.184,303.786
2026,2026onwel,Week 6,1325,284.905,,,,6.675,1.828,284.905
2026,2026onwel,Week 6,4476,232.073,,,,3.685,2.286,232.073
2026,2026onwel,Week 6,1360,209.487,,,,6.291,2.208,209.487
2026,2026onwel,Week 6,3683,199.904,,,,-2.729,2.058,199.904
2026,2026onwel,Week 6,1241,154.88,,,,4.027,1.714,154.88
2026,2026onwel,Week 6,3161,153.935,,,,0.284,2.393,153.935
2026,2026onwel,Week 6,6978,129.118,,,,6.66,0.783,129.118
2026,2026onwel,Week 6,9562,67.277,,,,-4.103,0.908,67.277
2026,2026onwel,Week 6,9062,66.765,,,,5.368,1.003,66.765
2026,2026onwel,Week 6,2013,54.301,,,,1.378,1.115,54.301
2026,2026onwel,Week 6,6865,46.977,,,,4.792,0.192,46.977
2026,2026onwel,Week 6,5672,40.997,,,,1.391,0.779,40.997
2026,2026onwel,Week 6,7757,40.557,,,,4.323,0.03,40.557
2026,2026onwel,Week 6,7476,39.113,,,,1.382,0.486,39.113
2026,2026onwel,Week 6,919,31.701,,,,-1.948,0.006,31.701
2026,2026onwel,Week 6,7659,31.641,,,,3.23,0.647,31.641
2026,2026onwel,Week 6,2852,28.074,,,,5.367,-0.472,28.074
2026,2026onwel,Week 6,6110,24.911,,,,-2.559,0.48,24.911
2026,2026onwel,Week 6,10514,20.038,,,,0.008,0.648,20.038
2026,2026onwel,Week 6,9263,19.265,,,,-0.917,-0.366,19.265
2026,2026onwel,Week 6,8349,17.475,,,,-1.73,-0.038,17.475
2026,2026onwel,Week 6,11002,14.261,,,,7.44,-0.808,14.261
2026,2026onwel,Week 6,6975,12.307,,,,0.827,0.596,12.307
2026,2026onwel,Week 6,11428,11.695,,,,0.825,-0.087,11.695
2026,2026onwel,Week 6,6854,-28.69,,,,3.99,-0.199,-28.69
2026,2026flta,Week 7,2992,229.481,,,,5.115,2.206,229.481
2026,2026flta,Week 7,6647,196.499,,,,-1.953,2.568,196.499
2026,2026flta,Week 7,233,176.247,,,,-1.192,1.852,176.247
2026,2026flta,Week 7,108,158.194,,,,-0.022,2.107,158.194
2026,2026flta,Week 7,4065,144.08,,,,1.714,1.631,144.08
2026,2026flta,Week 7,386,143.57,,,,-1.461,1.639,143.57
2026,2026flta,Week 7,364,142.367,,,,-0.94,1.883,142.367
2026,2026flta,Week 7,744,122.043,,,,7.563,1.683,122.043
2026,2026flta,Week 7,8841,120.222,,,,0.701,1.583,120.222
2026,2026flta,Week 7,5410,107.072,,,,8.257,1.728,107.072
2026,2026flta,Week 7,86,95.663,,,,1.371,1.363,95.663
2026,2026flta,Week 7,4013,92.529,,,,2.196,1.863,92.529
2026,2026flta,Week 7,4576,86.121,,,,0.089,1.789,86.121
2026,2026flta,Week 7,6184,82.501,,,,3.733,0.894,82.501
2026,2026flta,Week 7,10219,78.857,,,,-0.718,0.872,78.857
2026,2026flta,Week 7,7130,78.619,,,,3.784,1.624,78.619
2026,2026flta,Week 7,6722,75.781,,,,-0.993,1.223,75.781
2026,2026flta,Week 7,8324,68.641,,,,2.372,0.361,68.641
2026,2026flta,Week 7,5276,55.976,,,,2.978,1.338,55.976
2026,2026flta,Week 7,801,47.822,,,,2.316,0.048,47.822
2026,2026flta,Week 7,4118,45.482,,,,0.304,0.649,45.482
2026,2026flta,Week 7,3242,45.079,,,,0.83,0.777,45.079
2026,2026flta,Week 7,9313,43.421,,,,2.309,0.288,43.421
2026,2026flta,Week 7,5472,34.427,,,,0.993,1.035,34.427
2026,2026flta,Week 7,21,31.169,,,,-0.152,0.59,31.169
2026,2026flta,Week 7,4622,30.532,,,,4.209,0.292,30.532
2026,2026flta,Week 7,9720,30.059,,,,9.595,-0.101,30.059
2026,2026flta,Week 7,10996,26.957,,,,-0.771,-0.546,26.957
2026,2026flta,Week 7,7431,24.486,,,,-2.154,-0.049,24.486
2026,2026flta,Week 7,4179,16.486,,,,-1.212,0.408,16.486
2026,2026flta,Week 7,6145,16.438,,,,-0.969,0.013,16.438
2026,2026flta,Week 7,9698,14.146,,,,3.779,0.444,14.146
2026,2026flta,Week 7,2797,13.845,,,,-1.473,-0.228,13.845
2026,2026flta,Week 7,9493,11.342,,,,2.654,-0.164,11.342
2026,2026flta,Week 7,3164,10.825,,,,0.342,-0.336,10.825
2026,2026flta,Week 7,10228,9.944,,,,1.125,0.141,9.944
2026,2026flta,Week 7,10159,9.248,,,,-0.022,0.153,9.248
2026,2026flta,Week 7,10471,7.121,,,,0.827,0.614,7.121
2026,2026flta,Week 7,6473,2.145,,,,-0.615,-0.103,2.145
2026,2026flta,Week 7,3502,1.778,,,,1.901,-0.2,1.778
2026,2026flta,Week 7,9627,-3.073,,,,-2.154,0.486,-3.073
2026,2026flta,Week 7,8753,-4.659,,,,-1.094,0.398,-4.659
2026,2026flta,Week 7,5816,-8.033,,,,-3.635,-0.44,-8.033
2026,2026flta,Week 7,10162,-12.857,,,,-1.11,0.407,-12.857
2026,2026flta,Week 7,10981,-19.043,,,,-2.634,-0.584,-19.043
2026,2026mrcmp,Week 7,316,264.957,,,,6.464,3.026,264.957
2026,2026mrcmp,Week 7,2539,218.558,,,,2.362,2.748,218.558
2026,2026mrcmp,Week 7,5895,184.147,,,,-0.323,2.284,184.147
2026,2026mrcmp,Week 7,484,182.619,,,,-0.504,2.442,182.619
2026,2026mrcmp,Week 7,1403,178.591,,,,-1.687,2.086,178.591
2026,2026mrcmp,Week 7,8513,177.35,,,,-0.384,1.817,177.35
2026,2026mrcmp,Week 7,341,173.496,,,,7.237,2.532,173.496
2026,2026mrcmp,Week 7,103,173.383,,,,7.995,1.43,173.383
2026,2026mrcmp,Week 7,272,159.841,,,,0.177,1.753,159.841
2026,2026mrcmp,Week 7,9094,147.7,,,,-0.404,1.875,147.7
2026,2026mrcmp,Week 7,1391,147.653,,,,1.128,1.381,147.653
2026,2026mrcmp,Week 7,193,146.485,,,,-1.295,1.09,146.485
2026,2026mrcmp,Week 7,1089,144.973,,,,2.657,1.633,144.973
2026,2026mrcmp,Week 7,1640,143.923,,,,1.453,1.293,143.923
2026,2026mrcmp,Week 7,1218,143.68,,,,-0.449,1.618,143.68
2026,2026mrcmp,Week 7,11,142.683,,,,7.807,1.798,142.683
2026,2026mrcmp,Week 7,1676,142.651,,,,4.98,1.689,142.651
2026,2026mrcmp,Week 7,2590,138.086,,,,0.943,1.085,138.086
2026,2026mrcmp,Week 7,4285,129.874,,,,-2.238,0.608,129.874
2026,2026mrcmp,Week 7,3637,122.702,,,,5.94,1.215,122.702
2026,2026mrcmp,Week 7,8706,112.215,,,,2.713,0.088,112.215
2026,2026mrcmp,Week 7,3314,104.494,,,,5.202,1.659,104.494
2026,2026mrcmp,Week 7,303,96.96,,,,1.241,0.577,96.96
2026,2026mrcmp,Week 7,6921,93.9,,,,0.036,0.687,93.9
2026,2026mrcmp,Week 7,5438,91.434,,,,3.019,1.1,91.434
2026,2026mrcmp,Week 7,5181,89.792,,,,-0.108,0.184,89.792
2026,2026mrcmp,Week 7,10070,89.529,,,,-0.59,0.58,89.529
2026,2026mrcmp,Week 7,5401,88.999,,,,1.862,1.058,88.999
2026,2026mrcmp,Week 7,2607,88.767,,,,2.074,0.694,88.767
2026,2026mrcmp,Week 7,293,86.919,,,,1.981,0.553,86.919
2026,2026mrcmp,Week 7,1807,84.865,,,,4.59,0.603,84.865
2026,2026mrcmp,Week 7,223,82.025,,,,1.175,0.289,82.025
2026,2026mrcmp,Week 7,365,81.225,,,,-2.151,0.427,81.225
2026,2026mrcmp,Week 7,2016,74.531,,,,-2.905,0.698,74.531
2026,2026mrcmp,Week 7,75,68.007,,,,-0.747,1.414,68.007
2026,2026mrcmp,Week 7,41,67.264,,,,2.442,0.289,67.264
2026,2026mrcmp,Week 7,433,66.641,,,,2.255,-0.03,66.641
2026,2026mrcmp,Week 7,7045,65.411,,,,1.736,0.466,65.411
2026,2026mrcmp,Week 7,25,64.446,,,,3.921,0.381,64.446
2026,2026mrcmp,Week 7,10993,62.447,,,,0.229,0.441,62.447
2026,2026mrcmp,Week 7,555,62.256,,,,-2.777,0.957,62.256
2026,2026mrcmp,Week 7,708,58.866,,,,0.775,-0.251,58.866
2026,2026mrcmp,Week 7,1923,53.609,,,,-0.829,-0.043,53.609
2026,2026mrcmp,Week 7,222,53.27,,,,2.588,-0.187,53.27
2026,2026mrcmp,Week 7,10979,50.962,,,,-0.145,0.435,50.962
2026,2026mrcmp,Week 7,56,48.143,,,,0.102,0.936,48.143
2026,2026mrcmp,Week 7,1672,47.546,,,,4.062,-0.402,47.546
2026,2026mrcmp,Week 7,9027,45.183,,,,0.248,0.452,45.183
2026,2026mrcmp,Week 7,10157,44.692,,,,2.339,0.543,44.692
2026,2026mrcmp,Week 7,1168,41.817,,,,-0.933,0.776,41.817
2026,2026mrcmp,Week 7,5113,39.739,,,,-0.734,0.001,39.739
2026,2026mrcmp,Week 7,423,38.958,,,,-0.301,0.017,38.958
2026,2026mrcmp,Week 7,486,38.802,,,,-0.1,0.83,38.802
2026,2026mrcmp,Week 7,4575,38.335,,,,2.123,-0.125,38.335
2026,2026mrcmp,Week 7,9416,36.157,,,,-0.459,-0.531,36.157
2026,2026mrcmp,Week 7,427,31.789,,,,-2.027,-0.247,31.789
2026,2026mrcmp,Week 7,10584,31.537,,,,0.472,-0.001,31.537
2026,2026mrcmp,Week 7,8075,31.391,,,,0.007,0.31,31.391
2026,2026mrcmp,Week 7,9015,26.768,,,,3.76,0.598,26.768
2026,2026mrcmp,Week 7,7587,26.044,,,,0.566,0.393,26.044
2026,2026mrcmp,Week 7,1712,23.717,,,,2.93,-0.111,23.717
2026,2026mrcmp,Week 7,10949,20.794,,,,2.928,-0.766,20.794
2026,2026mrcmp,Week 7,8117,13.999,,,,-1.783,-0.527,13.999
2026,2026mrcmp,Week 7,2554,9.92,,,,-1.861,-0.385,9.92
2026,2026mrcmp,Week 7,10918,0.993,,,,-0.604,-0.41,0.993
2026,2026mrcmp,Week 7,7110,-17.263,,,,4.4,-0.74,-17.263
2026,2026necmp1,Week 7,125,329.807,,,,1.865,3.048,329.807
2026,2026necmp1,Week 7,5687,313.359,,,,2.386,2.72,313.359
2026,2026necmp1,Week 7,1768,249.187,,,,6.533,3.048,249.187
2026,2026necmp1,Week 7,5000,221.695,,,,0.211,1.695,221.695
2026,2026necmp1,Week 7,195,212.032,,,,6.216,1.886,212.032
2026,2026necmp1,Week 7,2067,207.662,,,,-1.28,1.777,207.662
2026,2026necmp1,Week 7,5813,206.381,,,,0.98,2.223,206.381
2026,2026necmp1,Week 7,133,203.622,,,,3.405,2.423,203.622
2026,2026necmp1,Week 7,131,192.198,,,,1.914,2.217,192.198
2026,2026necmp1,Week 7,236,181.03,,,,3.271,1.513,181.03
2026,2026necmp1,Week 7,1073,176.8,,,,4.415,1.772,176.8
2026,2026necmp1,Week 7,10254,173.065,,,,0.246,1.946,173.065
2026,2026necmp1,Week 7,571,170.409,,,,3.062,1.329,170.409
2026,2026necmp1,Week 7,6324,162.312,,,,4.422,1.395,162.312
2026,2026necmp1,Week 7,2713,160.555,,,,-0.207,2.005,160.555
2026,2026necmp1,Week 7,78,158.041,,,,1.116,1.153,158.041
2026,2026necmp1,Week 7,1058,131.259,,,,-1.468,0.724,131.259
2026,2026necmp1,Week 7,2079,129.609,,,,4.343,1.049,129.609
2026,2026necmp1,Week 7,8724,126.612,,,,-2.592,1.103,126.612
2026,2026necmp1,Week 7,2370,123.371,,,,3.146,0.985,123.371
2026,2026necmp1,Week 7,230,100.034,,,,-1.56,0.791,100.034
2026,2026necmp1,Week 7,3146,99.575,,,,-1.391,0.487,99.575
2026,2026necmp1,Week 7,4311,96.662,,,,4.973,0.6,96.662
2026,2026necmp1,Week 7,1512,95.448,,,,3.018,0.669,95.448
2026,2026necmp1,Week 7,8709,92.021,,,,0.361,0.906,92.021
2026,2026necmp1,Week 7,348,90.944,,,,0.111,0.564,90.944
2026,2026necmp1,Week 7,173,88.426,,,,2.019,0.335,88.426
2026,2026necmp1,Week 7,172,83.33,,,,7.311,0.337,83.33
2026,2026necmp1,Week 7,1729,75.984,,,,2.375,0.145,75.984
2026,2026necmp1,Week 7,58,74.505,,,,1.058,-0.419,74.505
2026,2026necmp1,Week 7,175,70.575,,,,-3.328,0.822,70.575
2026,2026necmp1,Week 7,2876,70.324,,,,2.79,0.338,70.324
2026,2026necmp1,Week 7,10063,63.477,,,,-0.093,0.853,63.477
2026,2026necmp1,Week 7,7127,58.051,,,,1.114,0.018,58.051
2026,2026necmp1,Week 7,151,57.945,,,,3.373,-0.015,57.945
2026,2026necmp1,Week 7,5112,55.565,,,,1.325,0.737,55.565
2026,2026necmp1,Week 7,509,55.471,,,,6.612,0.634,55.471
2026,2026necmp1,Week 7,11175,55.254,,,,0.825,0.782,55.254
2026,2026necmp1,Week 7,4905,52.549,,,,2.671,-0.388,52.549
2026,2026necmp1,Week 7,9644,49.82,,,,0.194,0.785,49.82
2026,2026necmp1,Week 7,9710,49.081,,,,4.526,0.241,49.081
2026,2026necmp1,Week 7,10910,48.98,,,,1.042,0.362,48.98
2026,2026necmp1,Week 7,4925,45.966,,,,2.065,-0.285,45.966
2026,2026necmp1,Week 7,3623,44.259,,,,1.989,0.013,44.259
2026,2026necmp1,Week 7,2170,41.001,,,,-1.684,0.849,41.001
2026,2026necmp1,Week 7,3958,27.97,,,,0.539,0.162,27.97
2026,2026necmp1,Week 7,155,27.886,,,,2.011,-0.448,27.886
2026,2026necmp1,Week 7,8708,27.352,,,,1.989,-0.959,27.352
2026,2026necmp1,Week 7,3654,23.208,,,,-0.559,-0.312,23.208
2026,2026necmp1,Week 7,8567,4.167,,,,3.174,-0.612,4.167
2026,2026necmp2,Week 7,6329,288.739,,,,3.418,3.248,288.739
2026,2026necmp2,Week 7,3467,278.791,,,,0.275,2.677,278.791
2026,2026necmp2,Week 7,6328,225.012,,,,-2.826,2.301,225.012
2026,2026necmp2,Week 7,88,220.984,,,,-3.132,2.74,220.984
2026,2026necmp2,Week 7,7407,216.977,,,,14.122,2.284,216.977
2026,2026necmp2,Week 7,2877,196.139,,,,0.45,1.931,196.139
2026,2026necmp2,Week 7,238,188.91,,,,6.33,2.274,188.91
2026,2026necmp2,Week 7,1699,182.856,,,,4.903,1.66,182.856
2026,2026necmp2,Week 7,176,181.61,,,,-2.806,1.301,181.61
2026,2026necmp2,Week 7,166,176.538,,,,1.733,1.614,176.538
2026,2026necmp2,Week 7,1922,158.848,,,,0.781,1.954,158.848
2026,2026necmp2,Week 7,8046,157.312,,,,0.295,1.638,157.312
2026,2026necmp2,Week 7,4909,149.286,,,,1.394,1.136,149.286
2026,2026necmp2,Week 7,1153,133.559,,,,6.827,1.066,133.559
2026,2026necmp2,Week 7,190,127.139,,,,7.595,1.756,127.139
2026,2026necmp2,Week 7,319,122.715,,,,0.975,1.262,122.715
2026,2026necmp2,Week 7,228,118.003,,,,4.153,0.614,118.003
2026,2026necmp2,Week 7,8085,112.878,,,,-1.552,0.611,112.878
2026,2026necmp2,Week 7,178,109.7,,,,2.703,0.64,109.7
2026,2026necmp2,Week 7,8013,107.756,,,,3.332,1.24,107.756
2026,2026necmp2,Week 7,10973,104.654,,,,1.376,0.596,104.654
2026,2026necmp2,Week 7,2648,103.176,,,,3.355,0.681,103.176
2026,2026necmp2,Week 7,7674,99.667,,,,3.406,0.594,99.667
2026,2026necmp2,Week 7,839,92.145,,,,2.027,0.292,92.145
2026,2026necmp2,Week 7,5422,91.766,,,,-1.291,0.347,91.766
2026,2026necmp2,Week 7,5962,87.791,,,,6.852,1.331,87.791
2026,2026necmp2,Week 7,1100,84.233,,,,-1.667,0.646,84.233
2026,2026necmp2,Week 7,558,78.871,,,,-1.809,0.234,78.871
2026,2026necmp2,Week 7,95,78.187,,,,7.2,0.644,78.187
2026,2026necmp2,Week 7,467,72.243,,,,-0.209,-0.092,72.243
2026,2026necmp2,Week 7,177,71.034,,,,3.671,1.005,71.034
2026,2026necmp2,Week 7,2423,65.267,,,,2.486,0.301,65.267
2026,2026necmp2,Week 7,4041,58.237,,,,0.531,-0.036,58.237
2026,2026necmp2,Week 7,8544,51.847,,,,-1.142,-0.217,51.847
2026,2026necmp2,Week 7,8889,46.681,,,,0.109,-0.015,46.681
2026,2026necmp2,Week 7,61,46.636,,,,2.538,-0.292,46.636
2026,2026necmp2,Week 7,11483,43.472,,,,3.716,0.218,43.472
2026,2026necmp2,Week 7,3323,39.483,,,,10.111,0.301,39.483
2026,2026necmp2,Week 7,1071,38.707,,,,-1.922,-0.077,38.707
2026,2026necmp2,Week 7,1350,38.634,,,,-2.756,0.146,38.634
2026,2026necmp2,Week 7,1119,36.6,,,,6.701,-0.141,36.6
2026,2026necmp2,Week 7,4761,36.284,,,,0.652,0.232,36.284
2026,2026necmp2,Week 7,6201,34.342,,,,1.083,0.915,34.342
2026,2026necmp2,Week 7,11131,27.947,,,,3.217,0.024,27.947
2026,2026necmp2,Week 7,7153,26.026,,,,2.229,-0.022,26.026
2026,2026necmp2,Week 7,1735,25.876,,,,4.497,-0.09,25.876
2026,2026necmp2,Week 7,3182,24.867,,,,0.498,-0.295,24.867
2026,2026necmp2,Week 7,3566,8.782,,,,3.269,-0.254,8.782
2026,2026necmp2,Week 7,3597,0.178,,,,-1.232,-0.597,0.178
2026,2026necmp2,Week 7,1991,-1.3,,,,3.532,-0.243,-1.3
2026,2026nytr,Week 7,1796,297.593,,,,2.021,2.849,297.593
2026,2026nytr,Week 7,870,242.49,,,,1.93,1.842,242.49
2026,2026nytr,Week 7,5736,239.383,,,,10.75,2.166,239.383
2026,2026nytr,Week 7,287,179.423,,,,12.376,2.29,179.423
2026,2026nytr,Week 7,3181,169.862,,,,-4.049,0.962,169.862
2026,2026nytr,Week 7,3173,150.262,,,,5.128,2.255,150.262
2026,2026nytr,Week 7,1405,149.263,,,,1.87,2.211,149.263
2026,2026nytr,Week 7,4122,140.751,,,,1.434,1.115,140.751
2026,2026nytr,Week 7,2340,116.555,,,,0.121,0.736,116.555
2026,2026nytr,Week 7,1493,114.103,,,,-4.418,1.103,114.103
2026,2026nytr,Week 7,2053,111.585,,,,14.432,1.43,111.585
2026,2026nytr,Week 7,1591,109.463,,,,2.765,1.674,109.463
2026,2026nytr,Week 7,10413,105.679,,,,4.242,2.03,105.679
2026,2026nytr,Week 7,1126,97.99,,,,3.044,1.893,97.99
2026,2026nytr,Week 7,6436,92.241,,,,2.616,1.356,92.241
2026,2026nytr,Week 7,4121,88.235,,,,2.754,0.494,88.235
2026,2026nytr,Week 7,271,87.797,,,,12.144,1.518,87.797
2026,2026nytr,Week 7,3044,87.78,,,,-1.993,2.277,87.78
2026,2026nytr,Week 7,1880,86.889,,,,2.391,1.573,86.889
2026,2026nytr,Week 7,424,85.54,,,,-2.878,1.139,85.54
2026,2026nytr,Week 7,9545,84.339,,,,5.6,1.376,84.339
2026,2026nytr,Week 7,10582,83.346,,,,15.045,0.143,83.346
2026,2026nytr,Week 7,2791,83.222,,,,0.556,0.929,83.222
2026,2026nytr,Week 7,3003,75.955,,,,-0.24,0.926,75.955
2026,2026nytr,Week 7,263,75.945,,,,-2.997,0.219,75.945
2026,2026nytr,Week 7,6621,74.636,,,,-3.295,0.263,74.636
2026,2026nytr,Week 7,10202,72.972,,,,2.479,1.174,72.972
2026,2026nytr,Week 7,20,62.516,,,,0.648,0.539,62.516
2026,2026nytr,Week 7,1559,60.109,,,,3.446,0.61,60.109
2026,2026nytr,Week 7,7504,57.738,,,,2.658,1.777,57.738
2026,2026nytr,Week 7,3171,56.191,,,,4.758,0.229,56.191
2026,2026nytr,Week 7,4601,55.636,,,,8.167,0.759,55.636
2026,2026nytr,Week 7,9624,53.926,,,,-3.801,0.338,53.926
2026,2026nytr,Week 7,6300,49.614,,,,-1.568,-0.24,49.614
2026,2026nytr,Week 7,11010,48.305,,,,3.1,0.707,48.305
2026,2026nytr,Week 7,677,43.746,,,,13.291,1.527,43.746
2026,2026nytr,Week 7,5881,40.644,,,,-1.966,-0.255,40.644
2026,2026nytr,Week 7,578,39.732,,,,1.197,-0.691,39.732
2026,2026nytr,Week 7,7605,39.443,,,,-6.013,0.989,39.443
2026,2026nytr,Week 7,7031,36.215,,,,5.646,0.829,36.215
2026,2026nytr,Week 7,5149,34.064,,,,-0.192,0.405,34.064
2026,2026nytr,Week 7,5016,33.702,,,,-5.029,0.722,33.702
2026,2026nytr,Week 7,8222,23.177,,,,1.282,0.169,23.177
2026,2026nytr,Week 7,6648,21.807,,,,8.493,0.89,21.807
2026,2026nytr,Week 7,6806,20.361,,,,4.77,0.404,20.361
2026,2026nytr,Week 7,4930,19.811,,,,1.198,0.679,19.811
2026,2026nytr,Week 7,10604,18.537,,,,-6.75,0.39,18.537
2026,2026nytr,Week 7,9194,16.715,,,,2.849,-0.259,16.715
2026,2026nytr,Week 7,10714,16.581,,,,-3.587,0.159,16.581
2026,2026nytr,Week 7,7759,9.043,,,,5.41,0.674,9.043
2026,2026nytr,Week 7,3624,8.482,,,,1.714,-0.186,8.482
2026,2026nytr,Week 7,7718,7.245,,,,0.536,-0.005,7.245
2026,2026nytr,Week 7,5590,4.381,,,,-2.902,0.716,4.381
2026,2026nytr,Week 7,533,-3.097,,,,6.503,-0.281,-3.097
2026,2026nytr,Week 7,191,-4.845,,,,-2.821,0.716,-4.845
2026,2026nytr,Week 7,250,-14.244,,,,-3.321,-0.72,-14.244
2026,2026nytr,Week 7,6463,-20.538,,,,-0.202,-0.855,-20.538
2026,2026nytr,Week 7,229,-20.682,,,,-5.324,-0.334,-20.682
2026,2026nytr,Week 7,7903,-23.128,,,,-3.146,-1.281,-23.128
2026,2026nytr,Week 7,806,-26.861,,,,-2.248,-0.059,-26.861
2026,2026txcmp1,Week 7,10340,240.372,,,,1.888,2.611,240.372
2026,2026txcmp1,Week 7,6800,225.837,,,,2.746,2.793,225.837
2026,2026txcmp1,Week 7,118,193.064,,,,4.488,3.109,193.064
2026,2026txcmp1,Week 7,6672,179.157,,,,1.673,1.605,179.157
2026,2026txcmp1,Week 7,3847,167.988,,,,8.146,1.269,167.988
2026,2026txcmp1,Week 7,2468,167.739,,,,-1.3,1.852,167.739
2026,2026txcmp1,Week 7,2881,161.87,,,,1.841,1.508,161.87
2026,2026txcmp1,Week 7,1296,150.764,,,,-1.49,1.346,150.764
2026,2026txcmp1,Week 7,3005,144.289,,,,-0.614,1.712,144.289
2026,2026txcmp1,Week 7,2728,143.075,,,,-0.983,1.823,143.075
2026,2026txcmp1,Week 7,9418,139.794,,,,-0.537,0.953,139.794
2026,2026txcmp1,Week 7,2582,135.609,,,,2.895,1.085,135.609
2026,2026txcmp1,Week 7,1477,131.681,,,,-2.354,2.02,131.681
2026,2026txcmp1,Week 7,6377,130.779,,,,-1.236,1.127,130.779
2026,2026txcmp1,Week 7,324,120.81,,,,0.233,0.591,120.81
2026,2026txcmp1,Week 7,10014,112.153,,,,2.814,1.091,112.153
2026,2026txcmp1,Week 7,5829,110.402,,,,0.538,0.78,110.402
2026,2026txcmp1,Week 7,3481,87.393,,,,7.272,1.27,87.393
2026,2026txcmp1,Week 7,7503,84.275,,,,-0.213,0.25,84.275
2026,2026txcmp1,Week 7,7506,83.908,,,,0.066,1.026,83.908
2026,2026txcmp1,Week 7,3735,83.368,,,,8.156,0.732,83.368
2026,2026txcmp1,Week 7,2587,79.8,,,,0.048,0.691,79.8
2026,2026txcmp1,Week 7,5892,78.131,,,,-0.352,0.988,78.131
2026,2026txcmp1,Week 7,11242,77.695,,,,3.799,-0.061,77.695
2026,2026txcmp1,Week 7,624,73.646,,,,0.008,0.57,73.646
2026,2026txcmp1,Week 7,4734,67.38,,,,-1.368,-0.354,67.38
2026,2026txcmp1,Week 7,8088,59.635,,,,-0.861,0.24,59.635
2026,2026txcmp1,Week 7,5261,59.012,,,,-1.069,-0.26,59.012
2026,2026txcmp1,Week 7,4295,56.904,,,,3.493,0.347,56.904
2026,2026txcmp1,Week 7,3679,54.632,,,,4.898,0.662,54.632
2026,2026txcmp1,Week 7,6901,53.523,,,,1.073,0.788,53.523
2026,2026txcmp1,Week 7,1255,52.572,,,,2.361,-0.098,52.572
2026,2026txcmp1,Week 7,8507,52.046,,,,-1.42,0.542,52.046
2026,2026txcmp1,Week 7,5417,49.533,,,,5.589,0.988,49.533
2026,2026txcmp1,Week 7,10994,45.019,,,,1.79,-0.187,45.019
2026,2026txcmp1,Week 7,10032,39.737,,,,-0.049,0.001,39.737
2026,2026txcmp1,Week 7,9492,39.67,,,,1.066,-0.269,39.67
2026,2026txcmp1,Week 7,7691,32.138,,,,0.226,0.081,32.138
2026,2026txcmp1,Week 7,9577,25.825,,,,3.582,0.19,25.825
2026,2026txcmp1,Week 7,8370,24.005,,,,0.936,-0.197,24.005
2026,2026txcmp1,Week 7,9444,21.333,,,,0.592,0.16,21.333
2026,2026txcmp1,Week 7,11277,17.968,,,,-0.208,-0.106,17.968
2026,2026txcmp1,Week 7,11200,8.758,,,,1.393,-0.192,8.758
2026,2026txcmp1,Week 7,2687,7.963,,,,1.213,-0.781,7.963
2026,2026txcmp1,Week 7,3676,7.332,,,,1.314,-0.215,7.332
2026,2026txcmp2,Week 7,9128,295.676,,,,5.293,2.699,295.676
2026,2026txcmp2,Week 7,6369,291.521,,,,3.221,3.171,291.521
2026,2026txcmp2,Week 7,4206,183.841,,,,0.33,2.586,183.841
2026,2026txcmp2,Week 7,8749,179.998,,,,4.004,2.104,179.998
2026,2026txcmp2,Week 7,148,172.16,,,,1.227,2.645,172.16
2026,2026txcmp2,Week 7,6773,167.217,,,,5.861,1.076,167.217
2026,2026txcmp2,Week 7,2714,158.456,,,,-4.151,1.172,158.456
2026,2026txcmp2,Week 7,2848,150.93,,,,6.988,1.841,150.93
2026,2026txcmp2,Week 7,4063,130.681,,,,-0.557,1.938,130.681
2026,2026txcmp2,Week 7,5427,127.195,,,,5.168,0.998,127.195
2026,2026txcmp2,Week 7,457,126.441,,,,-0.904,0.972,126.441
2026,2026txcmp2,Week 7,3035,122.81,,,,-1.396,1.584,122.81
2026,2026txcmp2,Week 7,7312,121.881,,,,3.25,0.718,121.881
2026,2026txcmp2,Week 7,10385,121.061,,,,0.305,0.603,121.061
2026,2026txcmp2,Week 7,8858,118.462,,,,4.741,1.574,118.462
2026,2026txcmp2,Week 7,418,111.215,,,,-0.338,1.32,111.215
2026,2026txcmp2,Week 7,5572,108.436,,,,3.202,1.502,108.436
2026,2026txcmp2,Week 7,8576,104.499,,,,5.287,1.177,104.499
2026,2026txcmp2,Week 7,2158,103.889,,,,-0.442,1.241,103.889
2026,2026txcmp2,Week 7,127,101.548,,,,3.218,0.348,101.548
2026,2026txcmp2,Week 7,2583,96.824,,,,0.589,0.866,96.824
2026,2026txcmp2,Week 7,2689,94.891,,,,-1.016,0.298,94.891
2026,2026txcmp2,Week 7,4639,94.465,,,,1.597,0.345,94.465
2026,2026txcmp2,Week 7,7492,93.138,,,,1.814,0.533,93.138
2026,2026txcmp2,Week 7,9506,90.023,,,,2.94,0.277,90.023
2026,2026txcmp2,Week 7,6357,89.812,,,,-1.801,0.15,89.812
2026,2026txcmp2,Week 7,3561,87.25,,,,1.549,0.04,87.25
2026,2026txcmp2,Week 7,9140,80.594,,,,0.948,1.038,80.594
2026,2026txcmp2,Week 7,3310,77.22,,,,1.414,0.926,77.22
2026,2026txcmp2,Week 7,8114,75.386,,,,2.08,0.277,75.386
2026,2026txcmp2,Week 7,5414,72.231,,,,3.504,0.528,72.231
2026,2026txcmp2,Week 7,4192,71.766,,,,-1.081,0.577,71.766
2026,2026txcmp2,Week 7,7616,65.331,,,,4.726,0.131,65.331
2026,2026txcmp2,Week 7,11178,59.495,,,,3.849,0.394,59.495
2026,2026txcmp2,Week 7,8769,51.046,,,,9.329,-0.111,51.046
2026,2026txcmp2,Week 7,231,47.347,,,,-1.224,0.125,47.347
2026,2026txcmp2,Week 7,5411,41.587,,,,-1.788,0.438,41.587
2026,2026txcmp2,Week 7,9136,39.686,,,,0.705,-0.216,39.686
2026,2026txcmp2,Week 7,8177,33.307,,,,0.962,0.503,33.307
2026,2026txcmp2,Week 7,4153,25.951,,,,1.439,-1.072,25.951
2026,2026txcmp2,Week 7,10913,20.819,,,,-0.698,-0.37,20.819
2026,2026txcmp2,Week 7,10518,14.864,,,,-3.067,-0.246,14.864
2026,2026txcmp2,Week 7,11169,10.24,,,,2.491,-0.123,10.24
2026,2026txcmp2,Week 7,5503,9.313,,,,8.18,-0.326,9.313
2026,2026txcmp2,Week 7,8818,3.579,,,,-3.0,-0.333,3.579
2026,2026micmp1,Week 7,27,370.172,,,,1.429,3.659,370.172
2026,2026micmp1,Week 7,7769,295.404,,,,3.606,2.368,295.404
2026,2026micmp1,Week 7,5907,221.535,,,,-1.93,2.631,221.535
2026,2026micmp1,Week 7,5660,199.039,,,,-0.139,1.317,199.039
2026,2026micmp1,Week 7,6002,179.973,,,,-2.379,2.5,179.973
2026,2026micmp1,Week 7,7220,164.751,,,,2.382,0.972,164.751
2026,2026micmp1,Week 7,8517,158.342,,,,-2.295,2.118,158.342
2026,2026micmp1,Week 7,1189,155.727,,,,1.57,1.918,155.727
2026,2026micmp1,Week 7,67,154.646,,,,3.373,1.623,154.646
2026,2026micmp1,Week 7,2054,153.252,,,,-1.95,0.844,153.252
2026,2026micmp1,Week 7,3875,149.954,,,,4.201,1.324,149.954
2026,2026micmp1,Week 7,4362,143.818,,,,-2.595,0.323,143.818
2026,2026micmp1,Week 7,6121,138.456,,,,1.903,1.624,138.456
2026,2026micmp1,Week 7,51,134.353,,,,4.141,1.243,134.353
2026,2026micmp1,Week 7,3620,133.145,,,,0.749,1.781,133.145
2026,2026micmp1,Week 7,1506,131.148,,,,8.308,0.705,131.148
2026,2026micmp1,Week 7,7160,127.55,,,,1.553,0.834,127.55
2026,2026micmp1,Week 7,9572,119.607,,,,0.707,0.739,119.607
2026,2026micmp1,Week 7,10633,114.339,,,,1.238,1.5,114.339
2026,2026micmp1,Week 7,5505,113.005,,,,1.294,-0.285,113.005
2026,2026micmp1,Week 7,5144,111.806,,,,2.139,0.313,111.806
2026,2026micmp1,Week 7,1502,109.024,,,,3.57,1.191,109.024
2026,2026micmp1,Week 7,85,102.685,,,,-1.002,0.536,102.685
2026,2026micmp1,Week 7,2075,97.653,,,,0.636,1.556,97.653
2026,2026micmp1,Week 7,1025,92.903,,,,2.285,0.355,92.903
2026,2026micmp1,Week 7,3668,87.366,,,,-1.674,0.262,87.366
2026,2026micmp1,Week 7,245,77.721,,,,-2.242,0.703,77.721
2026,2026micmp1,Week 7,5567,73.254,,,,5.019,0.322,73.254
2026,2026micmp1,Week 7,3357,70.356,,,,-0.108,0.37,70.356
2026,2026micmp1,Week 7,10666,66.289,,,,1.53,0.196,66.289
2026,2026micmp1,Week 7,4381,62.357,,,,-0.595,0.04,62.357
2026,2026micmp1,Week 7,9771,58.35,,,,-1.831,0.403,58.35
2026,2026micmp1,Week 7,11493,55.01,,,,3.821,0.091,55.01
2026,2026micmp1,Week 7,217,44.841,,,,-1.518,0.438,44.841
2026,2026micmp1,Week 7,6088,43.442,,,,2.387,-0.311,43.442
2026,2026micmp1,Week 7,10978,38.898,,,,2.704,-0.102,38.898
2026,2026micmp1,Week 7,5676,38.266,,,,6.825,-0.469,38.266
2026,2026micmp1,Week 7,8352,32.893,,,,4.158,0.369,32.893
2026,2026micmp1,Week 7,8126,30.036,,,,1.132,-0.233,30.036
2026,2026micmp1,Week 7,4680,-3.449,,,,0.098,-0.271,-3.449
2026,2026micmp2,Week 7,6090,231.956,,,,0.327,3.046,231.956
2026,2026micmp2,Week 7,2767,208.693,,,,1.811,2.452,208.693
2026,2026micmp2,Week 7,3414,179.879,,,,0.313,2.469,179.879
2026,2026micmp2,Week 7,8608,170.664,,,,6.657,1.956,170.664
2026,2026micmp2,Week 7,5193,164.421,,,,1.769,1.775,164.421
2026,2026micmp2,Week 7,469,153.045,,,,2.686,1.706,153.045
2026,2026micmp2,Week 7,1498,152.692,,,,2.521,1.879,152.692
2026,2026micmp2,Week 7,201,152.53,,,,-0.202,0.636,152.53
2026,2026micmp2,Week 7,3656,150.891,,,,0.107,0.797,150.891
2026,2026micmp2,Week 7,5114,148.208,,,,4.684,1.836,148.208
2026,2026micmp2,Week 7,2611,144.536,,,,-0.458,1.455,144.536
2026,2026micmp2,Week 7,10349,140.952,,,,-0.412,1.21,140.952
2026,2026micmp2,Week 7,7250,133.604,,,,9.001,1.717,133.604
2026,2026micmp2,Week 7,4398,130.582,,,,2.311,0.642,130.582
2026,2026micmp2,Week 7,1684,125.445,,,,1.507,1.216,125.445
2026,2026micmp2,Week 7,5462,116.908,,,,1.066,1.424,116.908
2026,2026micmp2,Week 7,5046,114.118,,,,0.983,1.624,114.118
2026,2026micmp2,Week 7,247,113.484,,,,3.293,0.554,113.484
2026,2026micmp2,Week 7,9245,113.294,,,,-1.063,1.007,113.294
2026,2026micmp2,Week 7,5535,112.014,,,,1.293,1.1,112.014
2026,2026micmp2,Week 7,3572,109.877,,,,3.651,0.969,109.877
2026,2026micmp2,Week 7,1023,106.105,,,,-1.972,0.713,106.105
2026,2026micmp2,Week 7,3602,98.779,,,,-1.331,0.22,98.779
2026,2026micmp2,Week 7,226,92.236,,,,-1.382,0.39,92.236
2026,2026micmp2,Week 7,9215,90.535,,,,-2.542,0.902,90.535
2026,2026micmp2,Week 7,244,89.69,,,,-1.487,0.351,89.69
2026,2026micmp2,Week 7,6528,86.983,,,,6.34,0.697,86.983
2026,2026micmp2,Week 7,1076,84.207,,,,1.41,0.675,84.207
2026,2026micmp2,Week 7,5577,79.445,,,,6.216,0.397,79.445
2026,2026micmp2,Week 7,862,79.295,,,,-0.123,-0.153,79.295
2026,2026micmp2,Week 7,4855,78.347,,,,-2.811,-0.105,78.347
2026,2026micmp2,Week 7,9210,76.701,,,,-2.072,-0.275,76.701
2026,2026micmp2,Week 7,2586,72.464,,,,0.492,0.58,72.464
2026,2026micmp2,Week 7,8424,65.011,,,,-1.76,0.33,65.011
2026,2026micmp2,Week 7,5982,60.414,,,,0.101,-0.487,60.414
2026,2026micmp2,Week 7,3767,52.357,,,,2.329,-0.078,52.357
2026,2026micmp2,Week 7,302,49.994,,,,-0.414,-0.015,49.994
2026,2026micmp2,Week 7,9255,49.967,,,,3.287,0.09,49.967
2026,2026micmp2,Week 7,8767,31.104,,,,-0.144,-0.174,31.104
2026,2026micmp2,Week 7,7598,23.74,,,,-0.566,0.057,23.74
2026,2026micmp3,Week 7,2137,205.453,,,,-1.527,2.352,205.453
2026,2026micmp3,Week 7,7166,190.6,,,,2.218,2.18,190.6
2026,2026micmp3,Week 7,33,172.137,,,,1.975,1.329,172.137
2026,2026micmp3,Week 7,5086,170.862,,,,-0.667,2.402,170.862
2026,2026micmp3,Week 7,5066,169.049,,,,0.077,1.876,169.049
2026,2026micmp3,Week 7,4391,168.899,,,,-1.083,1.194,168.899
2026,2026micmp3,Week 7,8373,167.005,,,,1.495,1.611,167.005
2026,2026micmp3,Week 7,2851,163.923,,,,3.232,2.393,163.923
2026,2026micmp3,Week 7,5712,160.862,,,,0.832,1.421,160.862
2026,2026micmp3,Week 7,6152,155.781,,,,0.086,1.696,155.781
2026,2026micmp3,Week 7,70,153.95,,,,1.092,1.509,153.95
2026,2026micmp3,Week 7,2337,150.65,,,,1.325,1.856,150.65
2026,2026micmp3,Week 7,68,150.177,,,,0.656,0.885,150.177
2026,2026micmp3,Week 7,2960,147.167,,,,4.329,1.312,147.167
2026,2026micmp3,Week 7,548,143.502,,,,-1.602,1.661,143.502
2026,2026micmp3,Week 7,8612,141.433,,,,-1.221,0.996,141.433
2026,2026micmp3,Week 7,7056,127.72,,,,1.786,1.228,127.72
2026,2026micmp3,Week 7,1481,126.591,,,,-0.198,0.87,126.591
2026,2026micmp3,Week 7,5675,126.052,,,,-1.274,0.599,126.052
2026,2026micmp3,Week 7,4392,122.477,,,,3.362,0.678,122.477
2026,2026micmp3,Week 7,8280,114.676,,,,2.157,1.239,114.676
2026,2026micmp3,Week 7,4779,110.398,,,,3.413,0.742,110.398
2026,2026micmp3,Week 7,5229,109.822,,,,-2.295,0.822,109.822
2026,2026micmp3,Week 7,5843,101.356,,,,2.372,1.65,101.356
2026,2026micmp3,Week 7,818,100.726,,,,0.907,0.609,100.726
2026,2026micmp3,Week 7,123,100.037,,,,-0.488,-0.026,100.037
2026,2026micmp3,Week 7,8397,92.807,,,,6.569,0.915,92.807
2026,2026micmp3,Week 7,3452,90.899,,,,4.552,0.359,90.899
2026,2026micmp3,Week 7,3322,87.876,,,,0.41,-0.476,87.876
2026,2026micmp3,Week 7,910,85.214,,,,-0.22,1.007,85.214
2026,2026micmp3,Week 7,4967,82.195,,,,0.953,-0.096,82.195
2026,2026micmp3,Week 7,7054,80.913,,,,-0.791,0.645,80.913
2026,2026micmp3,Week 7,288,79.051,,,,1.651,0.014,79.051
2026,2026micmp3,Week 7,7188,72.89,,,,-0.783,0.549,72.89
2026,2026micmp3,Week 7,894,72.843,,,,2.32,-0.189,72.843
2026,2026micmp3,Week 7,4810,71.761,,,,0.264,0.668,71.761
2026,2026micmp3,Week 7,6637,63.152,,,,4.987,0.156,63.152
2026,2026micmp3,Week 7,3618,56.516,,,,5.062,-0.416,56.516
2026,2026micmp3,Week 7,4956,31.833,,,,0.42,0.22,31.833
2026,2026micmp3,Week 7,1711,25.292,,,,-0.64,0.534,25.292
2026,2026micmp3,Week 7,1718,23.452,,,,-1.547,-0.64,23.452
2026,2026micmp4,Week 7,5460,275.407,,,,2.377,2.63,275.407
2026,2026micmp4,Week 7,1918,217.768,,,,1.718,2.277,217.768
2026,2026micmp4,Week 7,3538,208.24,,,,1.064,1.974,208.24
2026,2026micmp4,Week 7,503,206.482,,,,3.578,2.637,206.482
2026,2026micmp4,Week 7,3539,203.386,,,,-1.248,1.905,203.386
2026,2026micmp4,Week 7,4237,187.977,,,,3.617,1.369,187.977
2026,2026micmp4,Week 7,494,177.798,,,,1.116,1.691,177.798
2026,2026micmp4,Week 7,1701,163.294,,,,1.585,2.444,163.294
2026,2026micmp4,Week 7,3641,150.636,,,,3.671,1.053,150.636
2026,2026micmp4,Week 7,9757,141.34,,,,0.396,1.692,141.34
2026,2026micmp4,Week 7,4327,125.109,,,,3.193,0.364,125.109
2026,2026micmp4,Week 7,3603,119.698,,,,-0.196,0.824,119.698
2026,2026micmp4,Week 7,1188,118.445,,,,-0.714,0.39,118.445
2026,2026micmp4,Week 7,3604,116.487,,,,-0.406,1.966,116.487
2026,2026micmp4,Week 7,5166,112.483,,,,1.964,0.769,112.483
2026,2026micmp4,Week 7,7197,108.384,,,,5.061,0.73,108.384
2026,2026micmp4,Week 7,3175,107.343,,,,3.54,0.487,107.343
2026,2026micmp4,Week 7,3770,106.588,,,,-0.484,0.711,106.588
2026,2026micmp4,Week 7,3707,100.194,,,,-0.219,1.205,100.194
2026,2026micmp4,Week 7,6615,99.007,,,,-1.863,1.096,99.007
2026,2026micmp4,Week 7,2619,92.918,,,,-2.323,1.224,92.918
2026,2026micmp4,Week 7,858,85.295,,,,0.566,0.649,85.295
2026,2026micmp4,Week 7,5216,81.958,,,,0.945,0.373,81.958
2026,2026micmp4,Week 7,5534,77.537,,,,-1.746,0.792,77.537
2026,2026micmp4,Week 7,5152,73.774,,,,-1.023,0.204,73.774
2026,2026micmp4,Week 7,8873,65.673,,,,1.808,0.353,65.673
2026,2026micmp4,Week 7,11386,62.168,,,,5.295,-0.279,62.168
2026,2026micmp4,Week 7,3536,61.033,,,,1.065,0.651,61.033
2026,2026micmp4,Week 7,9312,59.591,,,,0.057,0.673,59.591
2026,2026micmp4,Week 7,4422,58.728,,,,1.733,0.34,58.728
2026,2026micmp4,Week 7,573,56.831,,,,-1.51,0.112,56.831
2026,2026micmp4,Week 7,3688,56.319,,,,-1.58,-0.269,56.319
2026,2026micmp4,Week 7,6753,55.37,,,,1.925,-0.136,55.37
2026,2026micmp4,Week 7,5533,48.952,,,,-1.655,-0.393,48.952
2026,2026micmp4,Week 7,8179,46.476,,,,-0.8,-0.653,46.476
2026,2026micmp4,Week 7,6085,46.225,,,,0.575,0.031,46.225
2026,2026micmp4,Week 7,2224,44.011,,,,1.958,0.477,44.011
2026,2026micmp4,Week 7,11503,41.562,,,,0.714,0.597,41.562
2026,2026micmp4,Week 7,7768,36.308,,,,0.591,0.569,36.308
2026,2026micmp4,Week 7,3632,-0.128,,,,-0.18,-0.531,-0.128
2026,2026utwv,Week 7,359,245.913,,,,-0.906,2.122,245.913
2026,2026utwv,Week 7,7426,239.609,,,,0.429,2.457,239.609
2026,2026utwv,Week 7,3006,231.865,,,,1.306,2.129,231.865
2026,2026utwv,Week 7,7183,202.222,,,,4.001,2.322,202.222
2026,2026utwv,Week 7,2122,194.324,,,,4.342,1.955,194.324
2026,2026utwv,Week 7,9726,156.046,,,,3.731,1.168,156.046
2026,2026utwv,Week 7,8839,118.985,,,,-1.622,0.887,118.985
2026,2026utwv,Week 7,3243,112.718,,,,-0.627,1.999,112.718
2026,2026utwv,Week 7,3245,103.827,,,,3.285,1.916,103.827
2026,2026utwv,Week 7,10988,103.66,,,,-0.336,2.033,103.66
2026,2026utwv,Week 7,6487,101.003,,,,-0.967,0.95,101.003
2026,2026utwv,Week 7,4175,98.84,,,,0.704,1.056,98.84
2026,2026utwv,Week 7,1708,92.931,,,,-1.652,1.121,92.931
2026,2026utwv,Week 7,9277,90.452,,,,2.66,1.214,90.452
2026,2026utwv,Week 7,3424,61.207,,,,3.057,0.924,61.207
2026,2026utwv,Week 7,10256,58.233,,,,0.289,0.384,58.233
2026,2026utwv,Week 7,1891,51.119,,,,2.377,1.483,51.119
2026,2026utwv,Week 7,2726,47.441,,,,7.577,1.176,47.441
2026,2026utwv,Week 7,7906,45.409,,,,0.636,1.012,45.409
2026,2026utwv,Week 7,5071,43.194,,,,0.062,0.323,43.194
2026,2026utwv,Week 7,3166,31.974,,,,-1.604,0.771,31.974
2026,2026utwv,Week 7,7895,31.585,,,,-1.402,-0.357,31.585
2026,2026utwv,Week 7,4598,30.255,,,,-1.714,0.892,30.255
2026,2026utwv,Week 7,2594,29.985,,,,-0.462,0.512,29.985
2026,2026utwv,Week 7,3288,29.209,,,,-2.494,-0.068,29.209
2026,2026utwv,Week 7,10034,27.795,,,,-1.039,0.711,27.795
2026,2026utwv,Week 7,2972,26.119,,,,0.684,-0.079,26.119
2026,2026utwv,Week 7,11100,25.176,,,,0.917,-0.513,25.176
2026,2026utwv,Week 7,1569,22.074,,,,-1.13,0.446,22.074
2026,2026utwv,Week 7,9037,20.383,,,,6.93,0.479,20.383
2026,2026utwv,Week 7,7436,20.379,,,,3.061,-0.138,20.379
2026,2026utwv,Week 7,7755,14.595,,,,-0.724,0.327,14.595
2026,2026utwv,Week 7,1566,12.701,,,,5.486,0.854,12.701
2026,2026utwv,Week 7,5933,8.659,,,,0.852,0.15,8.659
2026,2026utwv,Week 7,4585,8.047,,,,1.696,-0.003,8.047
2026,2026utwv,Week 7,10384,7.413,,,,6.595,0.003,7.413
2026,2026utwv,Week 7,7634,7.208,,,,5.265,0.368,7.208
2026,2026utwv,Week 7,4550,4.799,,,,1.085,0.911,4.799
2026,2026utwv,Week 7,8805,-1.207,,,,1.634,-0.43,-1.207
2026,2026utwv,Week 7,9138,-2.228,,,,1.689,-0.37,-2.228
2026,2026utwv,Week 7,10933,-14.592,,,,-0.074,-0.608,-14.592
2026,2026utwv,Week 7,8885,-15.126,,,,0.4,-0.591,-15.126
2026,2026oncmp1,Week 7,1114,356.671,,,,1.947,2.718,356.671
2026,2026oncmp1,Week 7,2056,322.245,,,,-1.662,3.614,322.245
2026,2026oncmp1,Week 7,4476,231.348,,,,-2.904,2.648,231.348
2026,2026oncmp1,Week 7,4678,227.989,,,,8.46,2.696,227.989
2026,2026oncmp1,Week 7,1325,218.24,,,,-0.359,2.167,218.24
2026,2026oncmp1,Week 7,7520,209.588,,,,-0.342,1.769,209.588
2026,2026oncmp1,Week 7,5406,196.215,,,,1.362,2.273,196.215
2026,2026oncmp1,Week 7,2200,170.75,,,,3.666,1.424,170.75
2026,2026oncmp1,Week 7,865,163.543,,,,-2.167,1.239,163.543
2026,2026oncmp1,Week 7,3161,158.817,,,,9.494,1.842,158.817
2026,2026oncmp1,Week 7,1360,157.02,,,,3.33,1.714,157.02
2026,2026oncmp1,Week 7,4069,147.126,,,,2.598,1.294,147.126
2026,2026oncmp1,Week 7,9569,139.644,,,,-0.079,1.366,139.644
2026,2026oncmp1,Week 7,7200,130.22,,,,3.049,1.241,130.22
2026,2026oncmp1,Week 7,1305,127.4,,,,-0.845,0.832,127.4
2026,2026oncmp1,Week 7,4907,125.937,,,,4.298,1.375,125.937
2026,2026oncmp1,Week 7,5409,111.015,,,,2.172,0.708,111.015
2026,2026oncmp1,Week 7,11227,99.218,,,,4.093,0.557,99.218
2026,2026oncmp1,Week 7,10015,98.964,,,,-1.563,0.916,98.964
2026,2026oncmp1,Week 7,9562,94.712,,,,0.869,0.187,94.712
2026,2026oncmp1,Week 7,7902,90.933,,,,5.641,0.833,90.933
2026,2026oncmp1,Week 7,2386,69.423,,,,4.008,0.58,69.423
2026,2026oncmp1,Week 7,4976,68.05,,,,-2.433,0.372,68.05
2026,2026oncmp1,Week 7,5596,62.033,,,,6.183,0.319,62.033
2026,2026oncmp1,Week 7,9263,61.824,,,,1.295,0.1,61.824
2026,2026oncmp1,Week 7,7712,61.784,,,,0.414,0.922,61.784
2026,2026oncmp1,Week 7,1334,56.222,,,,0.494,0.699,56.222
2026,2026oncmp1,Week 7,7757,55.214,,,,-1.893,0.233,55.214
2026,2026oncmp1,Week 7,4920,53.789,,,,6.916,1.41,53.789
2026,2026oncmp1,Week 7,7476,47.363,,,,3.864,0.11,47.363
2026,2026oncmp1,Week 7,4308,41.81,,,,-3.35,0.259,41.81
2026,2026oncmp1,Week 7,5689,40.022,,,,-0.406,0.222,40.022
2026,2026oncmp1,Week 7,2706,37.96,,,,-2.615,-0.054,37.96
2026,2026oncmp1,Week 7,5036,35.69,,,,2.838,-0.11,35.69
2026,2026oncmp1,Week 7,11428,33.428,,,,0.771,-0.497,33.428
2026,2026oncmp1,Week 7,5870,33.308,,,,2.706,0.327,33.308
2026,2026oncmp1,Week 7,5672,31.915,,,,0.39,0.294,31.915
2026,2026oncmp1,Week 7,7659,29.707,,,,-1.086,-0.323,29.707
2026,2026oncmp1,Week 7,3560,24.805,,,,3.928,-0.528,24.805
2026,2026oncmp1,Week 7,9575,22.918,,,,0.548,0.141,22.918
2026,2026oncmp1,Week 7,2708,22.779,,,,3.427,0.306,22.779
2026,2026oncmp1,Week 7,9262,22.293,,,,2.901,-0.505,22.293
2026,2026oncmp1,Week 7,772,20.536,,,,-0.257,0.393,20.536
2026,2026oncmp1,Week 7,9659,20.416,,,,2.233,0.175,20.416
2026,2026oncmp1,Week 7,6875,19.824,,,,4.201,0.068,19.824
2026,2026oncmp1,Week 7,10514,15.152,,,,0.495,-0.485,15.152
2026,2026oncmp1,Week 7,9580,-2.776,,,,5.35,-0.243,-2.776
2026,2026oncmp1,Week 7,3756,-4.316,,,,-4.262,-0.08,-4.316
2026,2026oncmp1,Week 7,919,-4.851,,,,7.04,-0.105,-4.851
2026,2026oncmp1,Week 7,6975,-20.832,,,,-2.26,-0.495,-20.832
2026,2026oncmp2,Week 7,4946,313.406,,,,3.207,3.413,313.406
2026,2026oncmp2,Week 7,1241,265.501,,,,3.623,2.698,265.501
2026,2026oncmp2,Week 7,7558,257.259,,,,3.287,2.718,257.259
2026,2026oncmp2,Week 7,610,236.199,,,,4.396,2.401,236.199
2026,2026oncmp2,Week 7,9785,220.546,,,,1.243,2.461,220.546
2026,2026oncmp2,Week 7,2702,219.237,,,,-0.673,2.001,219.237
2026,2026oncmp2,Week 7,9098,182.367,,,,-3.137,1.483,182.367
2026,2026oncmp2,Week 7,3683,174.969,,,,0.127,2.054,174.969
2026,2026oncmp2,Week 7,2935,174.373,,,,4.891,1.364,174.373
2026,2026oncmp2,Week 7,10554,152.459,,,,-1.575,1.539,152.459
2026,2026oncmp2,Week 7,5024,136.729,,,,2.469,1.447,136.729
2026,2026oncmp2,Week 7,8884,120.761,,,,1.194,1.749,120.761
2026,2026oncmp2,Week 7,6978,119.948,,,,-0.726,0.498,119.948
2026,2026oncmp2,Week 7,4039,117.258,,,,1.672,1.547,117.258
2026,2026oncmp2,Week 7,8089,106.166,,,,7.154,0.82,106.166
2026,2026oncmp2,Week 7,4152,104.667,,,,4.552,1.193,104.667
2026,2026oncmp2,Week 7,1310,103.864,,,,-0.204,0.424,103.864
2026,2026oncmp2,Week 7,781,98.651,,,,0.625,0.565,98.651
2026,2026oncmp2,Week 7,7480,90.11,,,,-0.136,0.801,90.11
2026,2026oncmp2,Week 7,11270,85.595,,,,-0.224,0.159,85.595
2026,2026oncmp2,Week 7,5885,79.877,,,,2.525,1.361,79.877
2026,2026oncmp2,Week 7,188,74.563,,,,9.946,-0.067,74.563
2026,2026oncmp2,Week 7,2852,70.085,,,,-1.532,0.19,70.085
2026,2026oncmp2,Week 7,5032,66.424,,,,-2.153,0.55,66.424
2026,2026oncmp2,Week 7,4688,63.927,,,,-2.54,0.945,63.927
2026,2026oncmp2,Week 7,3739,61.79,,,,-1.197,0.359,61.79
2026,2026oncmp2,Week 7,5031,54.409,,,,1.737,0.986,54.409
2026,2026oncmp2,Week 7,4917,53.177,,,,2.427,0.264,53.177
2026,2026oncmp2,Week 7,1229,51.837,,,,9.652,0.608,51.837
2026,2026oncmp2,Week 7,9062,50.569,,,,6.134,0.718,50.569
2026,2026oncmp2,Week 7,8729,48.842,,,,4.974,-0.344,48.842
2026,2026oncmp2,Week 7,2609,48.749,,,,-0.902,-0.139,48.749
2026,2026oncmp2,Week 7,2013,37.781,,,,-1.473,-0.3,37.781
2026,2026oncmp2,Week 7,6632,34.138,,,,2.73,0.427,34.138
2026,2026oncmp2,Week 7,4951,33.656,,,,-0.877,0.56,33.656
2026,2026oncmp2,Week 7,8349,33.148,,,,2.153,-0.153,33.148
2026,2026oncmp2,Week 7,3543,31.673,,,,0.566,0.166,31.673
2026,2026oncmp2,Week 7,8789,29.453,,,,-1.672,0.211,29.453
2026,2026oncmp2,Week 7,2634,28.591,,,,-0.834,0.24,28.591
2026,2026oncmp2,Week 7,5408,28.223,,,,0.261,0.267,28.223
2026,2026oncmp2,Week 7,9589,24.863,,,,0.67,-0.37,24.863
2026,2026oncmp2,Week 7,771,22.525,,,,4.329,-0.069,22.525
2026,2026oncmp2,Week 7,10167,17.586,,,,-0.22,0.103,17.586
2026,2026oncmp2,Week 7,10611,17.397,,,,1.018,0.265,17.397
2026,2026oncmp2,Week 7,6865,16.88,,,,-0.261,-0.507,16.88
2026,2026oncmp2,Week 7,11002,14.241,,,,0.62,-0.037,14.241
2026,2026oncmp2,Week 7,9782,12.177,,,,-1.072,-0.383,12.177
2026,2026oncmp2,Week 7,5719,8.482,,,,2.156,-0.276,8.482
2026,2026oncmp2,Week 7,854,3.042,,,,1.071,-0.244,3.042
2026,2026incmp,Week 7,4272,185.371,,,,6.488,2.281,185.371
2026,2026incmp,Week 7,1720,165.993,,,,3.292,1.471,165.993
2026,2026incmp,Week 7,10021,165.296,,,,4.348,2.175,165.296
2026,2026incmp,Week 7,7457,163.868,,,,1.446,1.948,163.868
2026,2026incmp,Week 7,1024,157.1,,,,2.561,1.462,157.1
2026,2026incmp,Week 7,761,134.759,,,,2.664,1.949,134.759
2026,2026incmp,Week 7,45,134.152,,,,-2.488,1.655,134.152
2026,2026incmp,Week 7,3940,133.306,,,,0.11,1.539,133.306
2026,2026incmp,Week 7,6721,132.552,,,,2.293,0.93,132.552
2026,2026incmp,Week 7,461,132.159,,,,2.059,1.947,132.159
2026,2026incmp,Week 7,868,127.813,,,,3.632,1.44,127.813
2026,2026incmp,Week 7,829,127.43,,,,-1.628,0.832,127.43
2026,2026incmp,Week 7,234,120.418,,,,-0.976,0.865,120.418
2026,2026incmp,Week 7,5010,118.205,,,,-0.347,0.936,118.205
2026,2026incmp,Week 7,3494,115.466,,,,1.426,1.102,115.466
2026,2026incmp,Week 7,1501,107.938,,,,-0.144,1.688,107.938
2026,2026incmp,Week 7,4926,101.948,,,,2.406,0.53,101.948
2026,2026incmp,Week 7,3176,100.568,,,,0.125,0.673,100.568
2026,2026incmp,Week 7,8116,93.349,,,,0.028,0.344,93.349
2026,2026incmp,Week 7,5402,88.74,,,,0.977,0.874,88.74
2026,2026incmp,Week 7,6498,80.846,,,,5.646,0.715,80.846
2026,2026incmp,Week 7,9119,79.959,,,,1.207,0.172,79.959
2026,2026incmp,Week 7,4982,68.009,,,,-2.477,0.615,68.009
2026,2026incmp,Week 7,447,64.636,,,,6.23,0.728,64.636
2026,2026incmp,Week 7,1747,64.416,,,,1.726,0.16,64.416
2026,2026incmp,Week 7,4580,62.823,,,,-0.548,0.285,62.823
2026,2026incmp,Week 7,7617,56.771,,,,4.502,0.574,56.771
2026,2026incmp,Week 7,5484,56.726,,,,3.333,-0.496,56.726
2026,2026incmp,Week 7,1646,52.627,,,,2.868,0.381,52.627
2026,2026incmp,Week 7,7657,47.202,,,,-1.406,-0.14,47.202
2026,2026incmp,Week 7,9431,44.961,,,,-0.14,-0.251,44.961
2026,2026incmp,Week 7,9491,35.487,,,,2.545,0.518,35.487
2026,2026incmp,Week 7,1741,30.988,,,,-1.211,0.515,30.988
2026,2026incmp,Week 7,135,23.687,,,,0.945,-0.33,23.687
2026,2026incmp,Week 7,10434,23.393,,,,-3.574,-0.018,23.393
2026,2026incmp,Week 7,8430,21.346,,,,0.904,-1.091,21.346
2026,2026incmp,Week 7,6956,18.836,,,,1.598,0.449,18.836
2026,2026incmp,Week 7,2867,11.025,,,,-2.086,-0.842,11.025
2026,2026wicmp,Week 7,3197,179.752,,,,1.558,3.088,179.752
2026,2026wicmp,Week 7,1732,173.628,,,,3.643,1.488,173.628
2026,2026wicmp,Week 7,1259,160.634,,,,4.979,2.173,160.634
2026,2026wicmp,Week 7,2194,159.42,,,,-0.869,2.035,159.42
2026,2026wicmp,Week 7,7915,148.979,,,,0.166,2.329,148.979
2026,2026wicmp,Week 7,930,147.095,,,,1.641,1.529,147.095
2026,2026wicmp,Week 7,1792,145.288,,,,4.74,1.153,145.288
2026,2026wicmp,Week 7,6574,140.245,,,,1.651,1.423,140.245
2026,2026wicmp,Week 7,2506,136.583,,,,0.462,1.315,136.583
2026,2026wicmp,Week 7,8744,126.101,,,,0.436,1.016,126.101
2026,2026wicmp,Week 7,1714,115.302,,,,5.965,1.434,115.302
2026,2026wicmp,Week 7,2826,114.407,,,,2.89,0.885,114.407
2026,2026wicmp,Week 7,1306,108.449,,,,0.901,0.561,108.449
2026,2026wicmp,Week 7,4786,92.427,,,,1.212,1.339,92.427
2026,2026wicmp,Week 7,2062,89.272,,,,-0.101,1.181,89.272
2026,2026wicmp,Week 7,6381,85.928,,,,2.395,0.843,85.928
2026,2026wicmp,Week 7,2202,85.756,,,,2.398,0.723,85.756
2026,2026wicmp,Week 7,5826,85.656,,,,2.103,-0.023,85.656
2026,2026wicmp,Week 7,6223,83.793,,,,-0.844,1.024,83.793
2026,2026wicmp,Week 7,171,83.676,,,,0.065,0.096,83.676
2026,2026wicmp,Week 7,706,74.862,,,,-1.227,-0.016,74.862
2026,2026wicmp,Week 7,10553,70.808,,,,6.069,0.441,70.808
2026,2026wicmp,Week 7,6421,64.691,,,,4.516,0.229,64.691
2026,2026wicmp,Week 7,4531,64.347,,,,3.327,-0.02,64.347
2026,2026wicmp,Week 7,4021,62.132,,,,3.021,-0.007,62.132
2026,2026wicmp,Week 7,93,57.328,,,,-1.844,1.012,57.328
2026,2026wicmp,Week 7,7900,48.742,,,,-2.778,0.172,48.742
2026,2026wicmp,Week 7,8701,42.36,,,,-1.808,0.253,42.36
2026,2026wicmp,Week 7,10909,37.874,,,,1.02,0.125,37.874
2026,2026wicmp,Week 7,5586,33.479,,,,3.149,0.318,33.479
2026,2026wicmp,Week 7,9149,28.777,,,,1.743,-0.188,28.777
2026,2026wicmp,Week 7,2830,28.296,,,,0.242,-0.157,28.296
2026,2026wicmp,Week 7,537,24.344,,,,0.173,-0.8,24.344
2026,2026wicmp,Week 7,10264,21.359,,,,0.725,-0.442,21.359
2026,2026wicmp,Week 7,1675,17.056,,,,-1.351,0.178,17.056
2026,2026wicmp,Week 7,6732,14.157,,,,0.882,-0.708,14.157
2026,2026arc,FIRST Championship,9470,321.905,,,,-0.571,2.832,321.905
2026,2026arc,FIRST Championship,1114,281.946,,,,4.552,2.314,281.946
2026,2026arc,FIRST Championship,27,269.268,,,,3.107,2.361,269.268
2026,2026arc,FIRST Championship,10021,241.036,,,,-0.834,2.199,241.036
2026,2026arc,FIRST Championship,1868,240.241,,,,4.911,1.181,240.241
2026,2026arc,FIRST Championship,971,233.632,,,,-1.236,1.793,233.632
2026,2026arc,FIRST Championship,2539,224.689,,,,-2.105,1.691,224.689
2026,2026arc,FIRST Championship,7166,222.673,,,,-2.894,2.193,222.673
2026,2026arc,FIRST Championship,5940,222.612,,,,6.143,2.381,222.612
2026,2026arc,FIRST Championship,4646,221.981,,,,3.974,0.7,221.981
2026,2026arc,FIRST Championship,8608,220.197,,,,-0.998,2.004,220.197
2026,2026arc,FIRST Championship,1241,219.321,,,,3.561,1.894,219.321
2026,2026arc,FIRST Championship,2106,218.793,,,,11.568,2.346,218.793
2026,2026arc,FIRST Championship,1261,209.966,,,,2.2,1.58,209.966
2026,2026arc,FIRST Championship,3045,207.984,,,,-0.148,1.738,207.984
2026,2026arc,FIRST Championship,7407,203.757,,,,2.201,1.087,203.757
2026,2026arc,FIRST Championship,103,201.682,,,,9.799,1.913,201.682
2026,2026arc,FIRST Championship,3476,192.486,,,,4.026,1.254,192.486
2026,2026arc,FIRST Championship,2960,191.788,,,,2.64,1.516,191.788
2026,2026arc,FIRST Championship,1189,190.787,,,,-0.505,1.455,190.787
2026,2026arc,FIRST Championship,2767,181.363,,,,5.274,1.437,181.363
2026,2026arc,FIRST Championship,9401,170.978,,,,1.237,0.805,170.978
2026,2026arc,FIRST Championship,1619,169.613,,,,2.358,1.596,169.613
2026,2026arc,FIRST Championship,2137,169.238,,,,7.789,1.495,169.238
2026,2026arc,FIRST Championship,6459,169.157,,,,1.403,0.056,169.157
2026,2026arc,FIRST Championship,2075,168.649,,,,-0.354,1.184,168.649
2026,2026arc,FIRST Championship,9032,167.998,,,,2.426,1.029,167.998
2026,2026arc,FIRST Championship,3572,165.008,,,,3.404,1.043,165.008
2026,2026arc,FIRST Championship,2583,164.649,,,,-0.594,0.483,164.649
2026,2026arc,FIRST Championship,5468,163.047,,,,1.62,1.624,163.047
2026,2026arc,FIRST Championship,3494,162.993,,,,-0.714,0.875,162.993
2026,2026arc,FIRST Championship,4593,161.583,,,,9.653,0.624,161.583
2026,2026arc,FIRST Championship,3006,159.342,,,,5.119,0.706,159.342
2026,2026arc,FIRST Championship,4096,156.291,,,,0.986,0.837,156.291
2026,2026arc,FIRST Championship,9001,151.271,,,,3.747,1.135,151.271
2026,2026arc,FIRST Championship,167,150.137,,,,-2.864,-0.131,150.137
2026,2026arc,FIRST Championship,131,146.316,,,,1.844,0.655,146.316
2026,2026arc,FIRST Championship,548,144.422,,,,1.423,0.621,144.422
2026,2026arc,FIRST Championship,1501,139.152,,,,2.749,0.013,139.152
2026,2026arc,FIRST Championship,1218,138.819,,,,7.399,1.299,138.819
2026,2026arc,FIRST Championship,8884,138.329,,,,-1.214,1.041,138.329
2026,2026arc,FIRST Championship,3604,134.428,,,,6.982,0.443,134.428
2026,2026arc,FIRST Championship,9084,128.064,,,,1.565,0.836,128.064
2026,2026arc,FIRST Championship,4272,126.394,,,,4.062,1.319,126.394
2026,2026arc,FIRST Championship,4403,122.449,,,,4.104,0.338,122.449
2026,2026arc,FIRST Championship,5010,115.698,,,,5.912,0.443,115.698
2026,2026arc,FIRST Championship,2881,108.978,,,,-2.861,1.576,108.978
2026,2026arc,FIRST Championship,5066,108.848,,,,-1.026,-0.256,108.848
2026,2026arc,FIRST Championship,6907,108.042,,,,0.05,1.132,108.042
2026,2026arc,FIRST Championship,1511,105.035,,,,0.378,0.446,105.035
2026,2026arc,FIRST Championship,9126,102.874,,,,3.37,0.27,102.874
2026,2026arc,FIRST Championship,5665,98.285,,,,-3.025,0.556,98.285
2026,2026arc,FIRST Championship,5338,96.768,,,,0.573,0.044,96.768
2026,2026arc,FIRST Championship,1912,96.286,,,,5.394,0.673,96.286
2026,2026arc,FIRST Championship,5801,95.452,,,,5.954,0.423,95.452
2026,2026arc,FIRST Championship,5829,94.439,,,,0.7,-0.074,94.439
2026,2026arc,FIRST Championship,2851,93.415,,,,-0.174,-0.006,93.415
2026,2026arc,FIRST Championship,2847,91.861,,,,5.97,0.18,91.861
2026,2026arc,FIRST Championship,1731,85.861,,,,-1.011,0.168,85.861
2026,2026arc,FIRST Championship,11387,84.398,,,,1.027,0.636,84.398
2026,2026arc,FIRST Championship,10015,80.227,,,,1.575,-0.833,80.227
2026,2026arc,FIRST Championship,4728,78.887,,,,2.287,-0.569,78.887
2026,2026arc,FIRST Championship,9427,74.796,,,,0.369,0.441,74.796
2026,2026arc,FIRST Championship,2826,73.493,,,,-1.539,0.651,73.493
2026,2026arc,FIRST Championship,11019,65.496,,,,1.606,0.364,65.496
2026,2026arc,FIRST Championship,7525,65.454,,,,3.756,0.262,65.454
2026,2026arc,FIRST Championship,7598,59.79,,,,-2.968,0.095,59.79
2026,2026arc,FIRST Championship,1646,57.931,,,,-3.34,-0.293,57.931
2026,2026arc,FIRST Championship,3284,44.662,,,,-2.271,0.868,44.662
2026,2026arc,FIRST Championship,587,40.368,,,,0.802,0.132,40.368
2026,2026arc,FIRST Championship,1648,39.45,,,,0.755,-0.562,39.45
2026,2026arc,FIRST Championship,8817,36.094,,,,-1.705,-0.436,36.094
2026,2026arc,FIRST Championship,11297,27.593,,,,7.147,-0.676,27.593
2026,2026arc,FIRST Championship,9771,19.624,,,,-2.513,-1.223,19.624
2026,2026arc,FIRST Championship,10162,14.363,,,,-2.49,-0.926,14.363
2026,2026cur,FIRST Championship,254,321.712,,,,4.484,2.954,321.712
2026,2026cur,FIRST Championship,6800,313.949,,,,-1.59,2.897,313.949
2026,2026cur,FIRST Championship,125,310.318,,,,5.192,2.043,310.318
2026,2026cur,FIRST Championship,6369,292.815,,,,-1.382,2.639,292.815
2026,2026cur,FIRST Championship,5907,283.262,,,,2.439,2.427,283.262
2026,2026cur,FIRST Championship,5460,268.158,,,,-3.456,2.18,268.158
2026,2026cur,FIRST Championship,5193,262.794,,,,6.746,2.367,262.794
2026,2026cur,FIRST Championship,9023,257.342,,,,11.334,1.901,257.342
2026,2026cur,FIRST Championship,1987,241.54,,,,-3.352,2.318,241.54
2026,2026cur,FIRST Championship,5987,239.293,,,,10.543,2.114,239.293
2026,2026cur,FIRST Championship,870,226.913,,,,4.68,1.166,226.913
2026,2026cur,FIRST Championship,987,218.527,,,,5.488,0.921,218.527
2026,2026cur,FIRST Championship,10254,211.265,,,,1.504,1.821,211.265
2026,2026cur,FIRST Championship,5199,204.479,,,,-2.768,2.176,204.479
2026,2026cur,FIRST Championship,7028,202.336,,,,1.102,1.793,202.336
2026,2026cur,FIRST Championship,3197,195.046,,,,-1.617,1.066,195.046
2026,2026cur,FIRST Championship,2724,187.069,,,,4.644,1.661,187.069
2026,2026cur,FIRST Championship,3181,182.682,,,,8.258,0.862,182.682
2026,2026cur,FIRST Championship,3128,177.417,,,,1.554,1.437,177.417
2026,2026cur,FIRST Championship,3847,176.09,,,,7.63,1.12,176.09
2026,2026cur,FIRST Championship,4611,174.815,,,,3.766,1.535,174.815
2026,2026cur,FIRST Championship,2992,166.882,,,,0.952,1.005,166.882
2026,2026cur,FIRST Championship,1714,166.275,,,,12.687,0.814,166.275
2026,2026cur,FIRST Championship,1498,165.083,,,,-0.63,1.291,165.083
2026,2026cur,FIRST Championship,6615,162.556,,,,7.483,0.477,162.556
2026,2026cur,FIRST Championship,2412,160.888,,,,3.719,1.327,160.888
2026,2026cur,FIRST Championship,571,158.42,,,,0.91,1.244,158.42
2026,2026cur,FIRST Championship,8595,156.291,,,,1.775,1.607,156.291
2026,2026cur,FIRST Championship,7565,156.241,,,,4.561,0.915,156.241
2026,2026cur,FIRST Championship,9068,156.173,,,,9.033,0.669,156.173
2026,2026cur,FIRST Championship,8613,155.625,,,,6.459,0.844,155.625
2026,2026cur,FIRST Championship,6366,151.683,,,,-2.208,0.52,151.683
2026,2026cur,FIRST Championship,9609,148.207,,,,-0.825,0.881,148.207
2026,2026cur,FIRST Championship,1024,145.893,,,,5.229,0.495,145.893
2026,2026cur,FIRST Championship,5572,144.747,,,,-1.174,0.87,144.747
2026,2026cur,FIRST Championship,7421,143.137,,,,5.949,0.794,143.137
2026,2026cur,FIRST Championship,294,138.738,,,,3.281,1.053,138.738
2026,2026cur,FIRST Championship,6417,134.916,,,,0.894,1.065,134.916
2026,2026cur,FIRST Championship,6773,130.815,,,,-0.811,0.093,130.815
2026,2026cur,FIRST Championship,59,126.42,,,,-0.874,0.41,126.42
2026,2026cur,FIRST Championship,6497,124.966,,,,-4.19,0.396,124.966
2026,2026cur,FIRST Championship,6045,124.42,,,,9.117,1.295,124.42
2026,2026cur,FIRST Championship,5712,119.323,,,,6.508,0.622,119.323
2026,2026cur,FIRST Championship,6413,119.314,,,,6.169,-0.044,119.314
2026,2026cur,FIRST Championship,10349,118.49,,,,0.65,0.095,118.49
2026,2026cur,FIRST Championship,166,117.112,,,,2.377,0.463,117.112
2026,2026cur,FIRST Championship,1477,111.079,,,,0.932,0.532,111.079
2026,2026cur,FIRST Championship,5166,110.827,,,,3.434,1.34,110.827
2026,2026cur,FIRST Championship,6510,99.097,,,,3.79,0.193,99.097
2026,2026cur,FIRST Championship,4027,94.954,,,,5.142,0.09,94.954
2026,2026cur,FIRST Championship,3932,92.971,,,,9.327,0.044,92.971
2026,2026cur,FIRST Championship,2053,86.071,,,,-0.193,-0.144,86.071
2026,2026cur,FIRST Championship,7539,84.416,,,,-2.579,-0.284,84.416
2026,2026cur,FIRST Championship,8725,82.324,,,,9.802,0.362,82.324
2026,2026cur,FIRST Championship,302,80.195,,,,-3.576,0.939,80.195
2026,2026cur,FIRST Championship,7567,79.549,,,,5.043,-0.361,79.549
2026,2026cur,FIRST Championship,4786,75.071,,,,5.584,-0.001,75.071
2026,2026cur,FIRST Championship,2443,73.69,,,,9.624,0.735,73.69
2026,2026cur,FIRST Championship,2357,70.348,,,,-0.911,-0.054,70.348
2026,2026cur,FIRST Championship,9200,68.757,,,,2.522,-0.372,68.757
2026,2026cur,FIRST Championship,2637,65.916,,,,3.459,0.099,65.916
2026,2026cur,FIRST Championship,8575,65.358,,,,-6.141,0.227,65.358
2026,2026cur,FIRST Championship,589,56.19,,,,3.261,-0.34,56.19
2026,2026cur,FIRST Championship,1684,54.525,,,,-0.305,-0.209,54.525
2026,2026cur,FIRST Championship,10922,51.164,,,,4.113,0.274,51.164
2026,2026cur,FIRST Championship,9077,50.135,,,,-3.328,-0.253,50.135
2026,2026cur,FIRST Championship,8280,43.94,,,,2.696,0.796,43.94
2026,2026cur,FIRST Championship,4256,42.567,,,,5.052,-0.846,42.567
2026,2026cur,FIRST Championship,2682,39.635,,,,4.05,0.614,39.635
2026,2026cur,FIRST Championship,3792,35.439,,,,-0.906,-0.485,35.439
2026,2026cur,FIRST Championship,9066,35.124,,,,9.185,-0.298,35.124
2026,2026cur,FIRST Championship,11318,22.21,,,,4.22,-0.556,22.21
2026,2026cur,FIRST Championship,11167,7.0,,,,-1.331,-1.318,7.0
2026,2026cur,FIRST Championship,11304,-23.149,,,,4.391,-1.061,-23.149
2026,2026dal,FIRST Championship,4414,429.477,,,,5.844,2.931,429.477
2026,2026dal,FIRST Championship,1323,331.987,,,,-1.151,3.326,331.987
2026,2026dal,FIRST Championship,1325,251.784,,,,4.072,1.97,251.784
2026,2026dal,FIRST Championship,3538,249.802,,,,11.552,2.097,249.802
2026,2026dal,FIRST Championship,3478,239.147,,,,10.133,1.506,239.147
2026,2026dal,FIRST Championship,4678,231.619,,,,5.125,1.581,231.619
2026,2026dal,FIRST Championship,5813,213.418,,,,-2.557,1.987,213.418
2026,2026dal,FIRST Championship,272,211.731,,,,3.803,1.899,211.731
2026,2026dal,FIRST Championship,316,209.451,,,,7.906,2.129,209.451
2026,2026dal,FIRST Championship,469,190.059,,,,1.393,1.193,190.059
2026,2026dal,FIRST Championship,176,189.253,,,,-0.845,1.518,189.253
2026,2026dal,FIRST Championship,4028,189.156,,,,-0.076,2.579,189.156
2026,2026dal,FIRST Championship,2073,187.028,,,,3.628,1.91,187.028
2026,2026dal,FIRST Championship,340,186.477,,,,0.534,1.562,186.477
2026,2026dal,FIRST Championship,6941,184.187,,,,2.419,1.435,184.187
2026,2026dal,FIRST Championship,2472,183.307,,,,6.027,1.798,183.307
2026,2026dal,FIRST Championship,3656,181.83,,,,10.865,0.703,181.83
2026,2026dal,FIRST Championship,6017,174.365,,,,4.379,1.485,174.365
2026,2026dal,FIRST Championship,11,167.287,,,,7.587,1.166,167.287
2026,2026dal,FIRST Championship,1156,165.506,,,,-1.856,0.332,165.506
2026,2026dal,FIRST Championship,7520,155.266,,,,-0.801,0.82,155.266
2026,2026dal,FIRST Championship,2883,154.558,,,,2.416,1.174,154.558
2026,2026dal,FIRST Championship,10213,150.023,,,,6.997,1.576,150.023
2026,2026dal,FIRST Championship,3314,148.471,,,,3.017,1.201,148.471
2026,2026dal,FIRST Championship,3100,147.368,,,,10.944,0.35,147.368
2026,2026dal,FIRST Championship,6919,144.054,,,,0.823,0.7,144.054
2026,2026dal,FIRST Championship,5847,142.664,,,,-0.044,0.96,142.664
2026,2026dal,FIRST Championship,4674,142.587,,,,3.411,1.406,142.587
2026,2026dal,FIRST Championship,1676,141.431,,,,1.3,0.325,141.431
2026,2026dal,FIRST Championship,5937,140.745,,,,3.091,1.259,140.745
2026,2026dal,FIRST Championship,4188,136.088,,,,-0.32,1.235,136.088
2026,2026dal,FIRST Championship,1058,135.998,,,,-0.455,1.301,135.998
2026,2026dal,FIRST Championship,7712,135.438,,,,-1.218,0.936,135.438
2026,2026dal,FIRST Championship,7632,134.491,,,,0.045,0.178,134.491
2026,2026dal,FIRST Championship,3339,133.798,,,,-0.614,0.981,133.798
2026,2026dal,FIRST Championship,2338,131.948,,,,-4.793,0.706,131.948
2026,2026dal,FIRST Championship,11141,130.798,,,,0.947,0.194,130.798
2026,2026dal,FIRST Championship,9545,130.481,,,,13.234,0.394,130.481
2026,2026dal,FIRST Championship,972,128.973,,,,8.095,0.86,128.973
2026,2026dal,FIRST Championship,1939,128.581,,,,2.951,1.303,128.581
2026,2026dal,FIRST Championship,4065,128.36,,,,5.222,-0.356,128.36
2026,2026dal,FIRST Championship,9094,122.139,,,,-1.221,0.768,122.139
2026,2026dal,FIRST Championship,2399,114.703,,,,-4.87,0.559,114.703
2026,2026dal,FIRST Championship,8393,113.769,,,,4.234,0.204,113.769
2026,2026dal,FIRST Championship,1720,112.548,,,,1.4,1.16,112.548
2026,2026dal,FIRST Championship,5534,111.801,,,,-1.036,0.367,111.801
2026,2026dal,FIRST Championship,6696,111.467,,,,4.695,0.708,111.467
2026,2026dal,FIRST Championship,624,109.795,,,,-1.851,0.294,109.795
2026,2026dal,FIRST Championship,4189,103.335,,,,-0.803,0.085,103.335
2026,2026dal,FIRST Championship,2718,98.484,,,,0.276,0.403,98.484
2026,2026dal,FIRST Championship,1880,87.752,,,,7.115,0.229,87.752
2026,2026dal,FIRST Championship,6998,87.378,,,,0.218,0.331,87.378
2026,2026dal,FIRST Championship,8724,87.157,,,,1.201,0.731,87.157
2026,2026dal,FIRST Championship,1741,82.756,,,,6.4,0.084,82.756
2026,2026dal,FIRST Championship,1727,81.203,,,,-1.354,-0.489,81.203
2026,2026dal,FIRST Championship,1538,81.124,,,,6.082,-0.219,81.124
2026,2026dal,FIRST Championship,999,76.755,,,,12.382,0.153,76.755
2026,2026dal,FIRST Championship,2530,76.611,,,,-1.235,-0.074,76.611
2026,2026dal,FIRST Championship,3646,74.616,,,,11.543,-0.452,74.616
2026,2026dal,FIRST Championship,6391,74.47,,,,7.053,0.004,74.47
2026,2026dal,FIRST Championship,3990,73.031,,,,-6.651,-0.477,73.031
2026,2026dal,FIRST Championship,9175,70.983,,,,3.27,0.655,70.983
2026,2026dal,FIRST Championship,2429,68.02,,,,6.106,0.444,68.02
2026,2026dal,FIRST Championship,1629,55.766,,,,3.225,-0.532,55.766
2026,2026dal,FIRST Championship,3008,54.468,,,,8.166,-0.033,54.468
2026,2026dal,FIRST Championship,10002,51.021,,,,4.486,-0.576,51.021
2026,2026dal,FIRST Championship,11178,49.992,,,,-4.622,0.272,49.992
2026,2026dal,FIRST Championship,3880,49.975,,,,-0.931,0.679,49.975
2026,2026dal,FIRST Championship,303,48.721,,,,2.666,-0.458,48.721
2026,2026dal,FIRST Championship,5557,45.559,,,,-1.427,-0.215,45.559
2026,2026dal,FIRST Championship,6106,35.424,,,,-0.269,-0.048,35.424
2026,2026dal,FIRST Championship,1155,33.776,,,,-0.662,-0.248,33.776
2026,2026dal,FIRST Championship,5550,25.437,,,,-2.355,0.283,25.437
2026,2026dal,FIRST Championship,10229,16.914,,,,-1.251,-0.835,16.914
2026,2026dal,FIRST Championship,10619,-16.641,,,,4.49,-0.665,-16.641
2026,2026gal,FIRST Championship,1768,335.396,,,,4.411,2.634,335.396
2026,2026gal,FIRST Championship,7769,333.843,,,,0.463,2.676,333.843
2026,2026gal,FIRST Championship,1690,323.27,,,,-1.578,2.149,323.27
2026,2026gal,FIRST Championship,9496,307.151,,,,10.312,2.697,307.151
2026,2026gal,FIRST Championship,2468,257.197,,,,-7.423,2.508,257.197
2026,2026gal,FIRST Championship,4469,247.435,,,,5.093,2.335,247.435
2026,2026gal,FIRST Championship,2231,243.794,,,,-4.602,2.168,243.794
2026,2026gal,FIRST Championship,7415,232.797,,,,16.271,2.322,232.797
2026,2026gal,FIRST Championship,5913,227.312,,,,7.635,2.313,227.312
2026,2026gal,FIRST Championship,1506,227.009,,,,17.855,2.25,227.009
2026,2026gal,FIRST Championship,2491,219.854,,,,0.029,1.387,219.854
2026,2026gal,FIRST Championship,8159,216.304,,,,8.88,1.629,216.304
2026,2026gal,FIRST Championship,484,215.061,,,,-5.04,1.747,215.061
2026,2026gal,FIRST Championship,1023,207.667,,,,10.343,1.728,207.667
2026,2026gal,FIRST Championship,4322,202.926,,,,3.644,1.054,202.926
2026,2026gal,FIRST Championship,449,199.028,,,,2.552,2.14,199.028
2026,2026gal,FIRST Championship,111,198.73,,,,12.094,1.225,198.73
2026,2026gal,FIRST Championship,3937,197.491,,,,1.819,0.999,197.491
2026,2026gal,FIRST Championship,5895,189.965,,,,-0.464,0.953,189.965
2026,2026gal,FIRST Championship,9572,189.96,,,,5.912,1.124,189.96
2026,2026gal,FIRST Championship,2813,183.833,,,,5.382,0.716,183.833
2026,2026gal,FIRST Championship,8229,181.938,,,,-1.478,1.573,181.938
2026,2026gal,FIRST Championship,8119,180.599,,,,3.269,0.621,180.599
2026,2026gal,FIRST Championship,6528,173.759,,,,0.043,1.609,173.759
2026,2026gal,FIRST Championship,2054,173.58,,,,-5.967,1.284,173.58
2026,2026gal,FIRST Championship,3501,172.919,,,,0.776,1.298,172.919
2026,2026gal,FIRST Championship,1391,167.175,,,,-0.317,0.762,167.175
2026,2026gal,FIRST Championship,7183,166.856,,,,11.88,1.512,166.856
2026,2026gal,FIRST Championship,4020,166.683,,,,6.512,1.188,166.683
2026,2026gal,FIRST Championship,1756,163.927,,,,0.829,0.515,163.927
2026,2026gal,FIRST Championship,10980,163.917,,,,-2.721,1.436,163.917
2026,2026gal,FIRST Championship,2393,154.02,,,,1.634,0.911,154.02
2026,2026gal,FIRST Championship,3931,145.806,,,,2.481,1.366,145.806
2026,2026gal,FIRST Championship,51,141.506,,,,8.996,0.643,141.506
2026,2026gal,FIRST Championship,2556,140.173,,,,6.407,0.959,140.173
2026,2026gal,FIRST Championship,4655,140.072,,,,0.606,1.227,140.072
2026,2026gal,FIRST Championship,4450,138.438,,,,-1.406,0.231,138.438
2026,2026gal,FIRST Championship,16,138.407,,,,25.222,0.169,138.407
2026,2026gal,FIRST Championship,5653,131.151,,,,9.57,0.364,131.151
2026,2026gal,FIRST Championship,2582,127.246,,,,3.949,0.421,127.246
2026,2026gal,FIRST Championship,3243,126.906,,,,2.397,0.27,126.906
2026,2026gal,FIRST Championship,4766,125.883,,,,6.0,1.072,125.883
2026,2026gal,FIRST Championship,2590,120.867,,,,-3.379,-0.056,120.867
2026,2026gal,FIRST Championship,7915,118.001,,,,2.954,0.285,118.001
2026,2026gal,FIRST Championship,4607,115.611,,,,2.077,0.19,115.611
2026,2026gal,FIRST Championship,3753,115.464,,,,9.72,0.196,115.464
2026,2026gal,FIRST Championship,6985,107.497,,,,-0.643,-0.316,107.497
2026,2026gal,FIRST Championship,8858,106.057,,,,4.497,0.54,106.057
2026,2026gal,FIRST Championship,1403,98.344,,,,-1.16,0.159,98.344
2026,2026gal,FIRST Championship,6911,93.236,,,,2.893,0.575,93.236
2026,2026gal,FIRST Championship,4087,85.569,,,,-2.75,0.232,85.569
2026,2026gal,FIRST Championship,6665,83.686,,,,13.759,0.921,83.686
2026,2026gal,FIRST Championship,11242,79.166,,,,-1.259,0.642,79.166
2026,2026gal,FIRST Championship,1816,75.868,,,,9.18,-0.036,75.868
2026,2026gal,FIRST Championship,3544,73.424,,,,7.751,-0.609,73.424
2026,2026gal,FIRST Championship,5577,71.493,,,,4.992,0.423,71.493
2026,2026gal,FIRST Championship,6487,71.007,,,,-3.585,0.002,71.007
2026,2026gal,FIRST Championship,364,68.507,,,,0.134,-0.802,68.507
2026,2026gal,FIRST Championship,4125,63.385,,,,7.135,0.154,63.385
2026,2026gal,FIRST Championship,6201,63.344,,,,0.204,-0.182,63.344
2026,2026gal,FIRST Championship,8069,62.613,,,,0.438,-0.289,62.613
2026,2026gal,FIRST Championship,931,62.546,,,,-1.326,0.307,62.546
2026,2026gal,FIRST Championship,6429,58.668,,,,6.361,-0.384,58.668
2026,2026gal,FIRST Championship,7840,58.404,,,,0.631,-0.139,58.404
2026,2026gal,FIRST Championship,5181,57.52,,,,-2.636,-0.088,57.52
2026,2026gal,FIRST Championship,11417,47.255,,,,17.944,0.843,47.255
2026,2026gal,FIRST Championship,10034,47.064,,,,17.864,-0.451,47.064
2026,2026gal,FIRST Championship,5705,41.206,,,,-1.55,0.162,41.206
2026,2026gal,FIRST Championship,614,40.954,,,,-0.985,-0.336,40.954
2026,2026gal,FIRST Championship,10991,18.671,,,,-2.095,0.197,18.671
2026,2026gal,FIRST Championship,2635,10.412,,,,5.701,-0.556,10.412
2026,2026gal,FIRST Championship,1533,7.535,,,,4.916,-1.061,7.535
2026,2026gal,FIRST Championship,11244,-13.417,,,,3.497,-0.145,-13.417
2026,2026gal,FIRST Championship,11214,-31.259,,,,-8.637,-0.831,-31.259
2026,2026gal,FIRST Championship,3082,-32.281,,,,1.094,-0.33,-32.281
2026,2026hop,FIRST Championship,2056,338.998,,,,8.395,2.752,338.998
2026,2026hop,FIRST Championship,1706,314.963,,,,-0.082,3.067,314.963
2026,2026hop,FIRST Championship,9785,288.302,,,,6.826,3.158,288.302
2026,2026hop,FIRST Championship,8044,287.664,,,,2.453,2.489,287.664
2026,2026hop,FIRST Championship,6329,273.268,,,,3.326,1.999,273.268
2026,2026hop,FIRST Championship,581,265.422,,,,-4.024,1.354,265.422
2026,2026hop,FIRST Championship,3467,256.556,,,,2.374,1.824,256.556
2026,2026hop,FIRST Championship,1732,248.942,,,,4.086,2.249,248.942
2026,2026hop,FIRST Championship,5000,240.387,,,,-2.126,1.908,240.387
2026,2026hop,FIRST Championship,8749,229.251,,,,2.905,1.961,229.251
2026,2026hop,FIRST Championship,1701,227.771,,,,4.234,2.014,227.771
2026,2026hop,FIRST Championship,4698,224.384,,,,5.367,1.151,224.384
2026,2026hop,FIRST Championship,8214,219.616,,,,8.283,1.581,219.616
2026,2026hop,FIRST Championship,1296,219.508,,,,0.164,1.469,219.508
2026,2026hop,FIRST Championship,4174,215.026,,,,-0.086,1.447,215.026
2026,2026hop,FIRST Championship,3641,212.873,,,,-2.832,0.663,212.873
2026,2026hop,FIRST Championship,8513,211.705,,,,7.069,1.635,211.705
2026,2026hop,FIRST Championship,3015,199.821,,,,0.685,1.133,199.821
2026,2026hop,FIRST Championship,8267,198.89,,,,2.397,0.99,198.89
2026,2026hop,FIRST Championship,11270,193.701,,,,3.026,1.51,193.701
2026,2026hop,FIRST Championship,238,188.984,,,,11.333,2.015,188.984
2026,2026hop,FIRST Championship,503,185.123,,,,-0.895,1.263,185.123
2026,2026hop,FIRST Championship,5406,180.237,,,,2.356,1.027,180.237
2026,2026hop,FIRST Championship,9692,178.898,,,,0.22,0.549,178.898
2026,2026hop,FIRST Championship,10131,175.792,,,,-2.144,0.892,175.792
2026,2026hop,FIRST Championship,1710,174.964,,,,9.054,1.237,174.964
2026,2026hop,FIRST Championship,6328,172.748,,,,0.926,1.978,172.748
2026,2026hop,FIRST Championship,4143,168.605,,,,-1.305,0.994,168.605
2026,2026hop,FIRST Championship,494,164.473,,,,-3.218,1.453,164.473
2026,2026hop,FIRST Championship,6517,164.257,,,,5.724,0.836,164.257
2026,2026hop,FIRST Championship,1787,162.117,,,,1.855,1.46,162.117
2026,2026hop,FIRST Championship,3035,155.256,,,,-2.628,0.256,155.256
2026,2026hop,FIRST Championship,1986,155.144,,,,-0.47,1.128,155.144
2026,2026hop,FIRST Championship,401,154.434,,,,3.036,0.064,154.434
2026,2026hop,FIRST Championship,6152,151.139,,,,-0.061,-0.319,151.139
2026,2026hop,FIRST Championship,3512,149.049,,,,4.481,0.448,149.049
2026,2026hop,FIRST Championship,2659,147.518,,,,1.052,1.102,147.518
2026,2026hop,FIRST Championship,188,140.752,,,,-2.508,0.76,140.752
2026,2026hop,FIRST Championship,5454,137.251,,,,0.839,1.134,137.251
2026,2026hop,FIRST Championship,8005,136.114,,,,4.004,0.43,136.114
2026,2026hop,FIRST Championship,761,132.922,,,,13.861,0.702,132.922
2026,2026hop,FIRST Championship,4613,130.679,,,,-2.466,1.042,130.679
2026,2026hop,FIRST Championship,2220,128.976,,,,4.494,0.779,128.976
2026,2026hop,FIRST Championship,573,128.76,,,,3.976,1.229,128.76
2026,2026hop,FIRST Championship,5086,124.523,,,,1.894,0.143,124.523
2026,2026hop,FIRST Championship,3297,124.091,,,,2.561,0.392,124.091
2026,2026hop,FIRST Championship,910,117.132,,,,1.732,0.53,117.132
2026,2026hop,FIRST Championship,2486,114.502,,,,2.525,0.919,114.502
2026,2026hop,FIRST Championship,2383,113.025,,,,0.041,0.554,113.025
2026,2026hop,FIRST Championship,6121,112.436,,,,2.903,0.585,112.436
2026,2026hop,FIRST Championship,11118,110.691,,,,5.369,1.043,110.691
2026,2026hop,FIRST Championship,7287,107.86,,,,8.484,0.308,107.86
2026,2026hop,FIRST Championship,4201,107.23,,,,0.812,0.817,107.23
2026,2026hop,FIRST Championship,3506,105.377,,,,-2.021,0.495,105.377
2026,2026hop,FIRST Championship,1625,105.362,,,,-2.08,0.211,105.362
2026,2026hop,FIRST Championship,11493,92.021,,,,0.919,0.494,92.021
2026,2026hop,FIRST Championship,6639,88.537,,,,-3.601,-0.107,88.537
2026,2026hop,FIRST Championship,1259,85.113,,,,3.863,-0.01,85.113
2026,2026hop,FIRST Championship,1014,83.179,,,,5.05,0.641,83.179
2026,2026hop,FIRST Championship,2102,81.46,,,,-3.948,0.182,81.46
2026,2026hop,FIRST Championship,3175,78.08,,,,-1.732,-0.563,78.08
2026,2026hop,FIRST Championship,9449,72.883,,,,-3.535,0.529,72.883
2026,2026hop,FIRST Championship,2834,64.685,,,,0.338,-0.854,64.685
2026,2026hop,FIRST Championship,2607,64.598,,,,1.909,0.386,64.598
2026,2026hop,FIRST Championship,7451,59.081,,,,1.039,-0.095,59.081
2026,2026hop,FIRST Championship,2199,57.05,,,,-2.647,0.032,57.05
2026,2026hop,FIRST Championship,3539,55.05,,,,7.278,0.373,55.05
2026,2026hop,FIRST Championship,4191,45.16,,,,7.938,0.034,45.16
2026,2026hop,FIRST Championship,540,36.587,,,,0.069,-0.403,36.587
2026,2026hop,FIRST Championship,1287,34.575,,,,12.11,-0.391,34.575
2026,2026hop,FIRST Championship,11024,26.058,,,,-2.257,-0.971,26.058
2026,2026hop,FIRST Championship,5348,15.321,,,,2.5,0.124,15.321
2026,2026hop,FIRST Championship,10907,2.001,,,,1.508,-0.668,2.001
2026,2026hop,FIRST Championship,6200,-1.947,,,,0.998,-0.779,-1.947
2026,2026joh,FIRST Championship,7558,326.835,,,,16.972,2.536,326.835
2026,2026joh,FIRST Championship,117,274.675,,,,-1.766,2.269,274.675
2026,2026joh,FIRST Championship,67,265.688,,,,-1.684,1.971,265.688
2026,2026joh,FIRST Championship,4522,259.849,,,,2.718,2.556,259.849
2026,2026joh,FIRST Championship,3255,247.53,,,,4.894,1.357,247.53
2026,2026joh,FIRST Championship,498,225.217,,,,1.307,1.37,225.217
2026,2026joh,FIRST Championship,4391,224.176,,,,6.963,2.054,224.176
2026,2026joh,FIRST Championship,5026,212.837,,,,7.934,1.88,212.837
2026,2026joh,FIRST Championship,836,210.366,,,,10.345,1.692,210.366
2026,2026joh,FIRST Championship,3414,209.73,,,,-2.454,1.533,209.73
2026,2026joh,FIRST Championship,1002,199.793,,,,-2.444,1.166,199.793
2026,2026joh,FIRST Championship,2877,198.489,,,,3.867,1.4,198.489
2026,2026joh,FIRST Championship,3620,194.277,,,,6.891,1.11,194.277
2026,2026joh,FIRST Championship,360,193.505,,,,3.698,0.93,193.505
2026,2026joh,FIRST Championship,4946,190.224,,,,1.872,0.861,190.224
2026,2026joh,FIRST Championship,9072,188.524,,,,6.091,1.257,188.524
2026,2026joh,FIRST Championship,33,187.956,,,,-3.752,1.747,187.956
2026,2026joh,FIRST Championship,6324,184.666,,,,1.429,2.349,184.666
2026,2026joh,FIRST Championship,179,184.516,,,,6.486,1.082,184.516
2026,2026joh,FIRST Championship,9597,180.268,,,,3.899,1.117,180.268
2026,2026joh,FIRST Championship,2337,179.377,,,,-1.179,1.773,179.377
2026,2026joh,FIRST Championship,10340,177.254,,,,2.648,1.133,177.254
2026,2026joh,FIRST Championship,1792,176.851,,,,4.618,2.451,176.851
2026,2026joh,FIRST Championship,48,176.399,,,,2.506,0.673,176.399
2026,2026joh,FIRST Championship,190,171.4,,,,-1.434,1.466,171.4
2026,2026joh,FIRST Championship,9483,168.892,,,,-2.975,1.104,168.892
2026,2026joh,FIRST Championship,1306,164.718,,,,3.946,1.056,164.718
2026,2026joh,FIRST Championship,3536,162.974,,,,4.675,1.491,162.974
2026,2026joh,FIRST Championship,3061,160.093,,,,6.713,0.991,160.093
2026,2026joh,FIRST Championship,4451,157.656,,,,2.357,1.183,157.656
2026,2026joh,FIRST Championship,7220,155.744,,,,-4.472,1.197,155.744
2026,2026joh,FIRST Championship,4635,154.07,,,,-1.934,1.669,154.07
2026,2026joh,FIRST Championship,8612,151.175,,,,-0.19,1.468,151.175
2026,2026joh,FIRST Championship,118,150.011,,,,5.18,1.105,150.011
2026,2026joh,FIRST Championship,8,149.192,,,,0.075,1.026,149.192
2026,2026joh,FIRST Championship,2252,137.082,,,,12.162,0.125,137.082
2026,2026joh,FIRST Championship,2619,135.595,,,,-0.757,0.979,135.595
2026,2026joh,FIRST Championship,1908,133.082,,,,2.572,0.301,133.082
2026,2026joh,FIRST Championship,2848,129.608,,,,7.137,0.881,129.608
2026,2026joh,FIRST Championship,955,124.442,,,,4.309,1.422,124.442
2026,2026joh,FIRST Championship,1073,123.77,,,,5.219,0.257,123.77
2026,2026joh,FIRST Championship,422,120.869,,,,-1.534,0.665,120.869
2026,2026joh,FIRST Championship,2638,120.723,,,,9.294,0.734,120.723
2026,2026joh,FIRST Championship,9484,118.739,,,,2.892,0.469,118.739
2026,2026joh,FIRST Championship,7563,113.317,,,,2.084,0.532,113.317
2026,2026joh,FIRST Championship,2040,112.624,,,,-0.216,0.704,112.624
2026,2026joh,FIRST Championship,2522,105.858,,,,4.243,0.889,105.858
2026,2026joh,FIRST Championship,10014,100.191,,,,5.002,0.264,100.191
2026,2026joh,FIRST Championship,6829,99.052,,,,-2.828,0.16,99.052
2026,2026joh,FIRST Championship,3603,99.016,,,,1.465,0.376,99.016
2026,2026joh,FIRST Championship,245,94.084,,,,4.274,0.045,94.084
2026,2026joh,FIRST Championship,6766,92.963,,,,2.092,-0.613,92.963
2026,2026joh,FIRST Championship,619,92.599,,,,6.149,0.651,92.599
2026,2026joh,FIRST Championship,9277,89.759,,,,4.386,-0.689,89.759
2026,2026joh,FIRST Championship,1076,85.695,,,,3.017,0.131,85.695
2026,2026joh,FIRST Championship,9757,85.327,,,,2.627,-0.201,85.327
2026,2026joh,FIRST Championship,4967,85.053,,,,-0.037,0.531,85.053
2026,2026joh,FIRST Championship,3630,80.288,,,,7.724,0.822,80.288
2026,2026joh,FIRST Championship,7257,70.202,,,,7.362,-0.141,70.202
2026,2026joh,FIRST Championship,3770,69.855,,,,-1.71,-0.245,69.855
2026,2026joh,FIRST Championship,2704,66.63,,,,4.358,-0.361,66.63
2026,2026joh,FIRST Championship,5968,66.376,,,,9.639,0.741,66.376
2026,2026joh,FIRST Championship,9646,61.96,,,,7.482,0.3,61.96
2026,2026joh,FIRST Championship,334,57.789,,,,2.66,-0.061,57.789
2026,2026joh,FIRST Championship,7403,57.476,,,,7.097,-0.157,57.476
2026,2026joh,FIRST Championship,321,48.297,,,,1.916,-0.597,48.297
2026,2026joh,FIRST Championship,10396,47.77,,,,-0.799,-0.669,47.77
2026,2026joh,FIRST Championship,10217,46.185,,,,3.413,0.015,46.185
2026,2026joh,FIRST Championship,6940,41.068,,,,7.293,-0.201,41.068
2026,2026joh,FIRST Championship,11269,26.44,,,,3.47,-0.54,26.44
2026,2026joh,FIRST Championship,6652,19.556,,,,0.389,-0.49,19.556
2026,2026joh,FIRST Championship,7551,12.596,,,,5.246,-0.416,12.596
2026,2026joh,FIRST Championship,2096,0.212,,,,-1.947,-0.307,0.212
2026,2026joh,FIRST Championship,10114,-1.86,,,,-1.11,-1.087,-1.86
2026,2026joh,FIRST Championship,772,-38.01,,,,-1.332,-1.139,-38.01
2026,2026mil,FIRST Championship,2481,297.5,,,,6.672,1.68,297.5
2026,2026mil,FIRST Championship,1678,290.574,,,,7.574,2.171,290.574
2026,2026mil,FIRST Championship,2122,245.319,,,,5.654,2.026,245.319
2026,2026mil,FIRST Championship,7457,244.654,,,,5.95,2.447,244.654
2026,2026mil,FIRST Championship,4089,239.989,,,,0.863,1.935,239.989
2026,2026mil,FIRST Championship,4481,236.041,,,,-3.801,1.404,236.041
2026,2026mil,FIRST Championship,4499,233.426,,,,3.917,1.921,233.426
2026,2026mil,FIRST Championship,2200,224.109,,,,11.46,1.603,224.109
2026,2026mil,FIRST Championship,694,219.473,,,,7.984,2.944,219.473
2026,2026mil,FIRST Championship,359,213.896,,,,8.485,2.046,213.896
2026,2026mil,FIRST Championship,6090,213.442,,,,-0.722,1.392,213.442
2026,2026mil,FIRST Championship,3707,210.472,,,,1.699,1.474,210.472
2026,2026mil,FIRST Championship,7426,209.601,,,,3.141,1.396,209.601
2026,2026mil,FIRST Championship,4476,202.47,,,,2.018,1.366,202.47
2026,2026mil,FIRST Championship,6002,201.946,,,,1.891,0.991,201.946
2026,2026mil,FIRST Championship,287,195.702,,,,1.836,1.741,195.702
2026,2026mil,FIRST Championship,1640,193.275,,,,7.086,0.92,193.275
2026,2026mil,FIRST Championship,201,188.235,,,,-1.8,2.439,188.235
2026,2026mil,FIRST Championship,2630,185.075,,,,2.359,1.729,185.075
2026,2026mil,FIRST Championship,4915,182.582,,,,6.463,1.039,182.582
2026,2026mil,FIRST Championship,68,181.917,,,,2.321,1.1,181.917
2026,2026mil,FIRST Championship,686,179.086,,,,6.026,2.063,179.086
2026,2026mil,FIRST Championship,4421,176.333,,,,5.073,1.389,176.333
2026,2026mil,FIRST Championship,1771,173.278,,,,4.832,1.785,173.278
2026,2026mil,FIRST Championship,7039,171.069,,,,12.284,1.527,171.069
2026,2026mil,FIRST Championship,4362,157.51,,,,-1.525,0.861,157.51
2026,2026mil,FIRST Championship,2905,156.599,,,,0.926,1.173,156.599
2026,2026mil,FIRST Championship,2846,147.6,,,,1.795,0.39,147.6
2026,2026mil,FIRST Championship,6238,143.453,,,,19.048,1.916,143.453
2026,2026mil,FIRST Championship,2974,139.657,,,,8.094,1.043,139.657
2026,2026mil,FIRST Championship,4907,139.446,,,,6.655,0.427,139.446
2026,2026mil,FIRST Championship,3928,137.709,,,,5.054,0.266,137.709
2026,2026mil,FIRST Championship,9140,135.116,,,,1.131,1.174,135.116
2026,2026mil,FIRST Championship,4122,130.15,,,,2.675,0.393,130.15
2026,2026mil,FIRST Championship,5462,128.625,,,,2.795,0.777,128.625
2026,2026mil,FIRST Championship,2601,127.182,,,,0.535,0.147,127.182
2026,2026mil,FIRST Championship,4270,124.236,,,,3.335,0.862,124.236
2026,2026mil,FIRST Championship,1671,123.88,,,,10.094,0.944,123.88
2026,2026mil,FIRST Championship,7250,123.71,,,,4.921,0.426,123.71
2026,2026mil,FIRST Championship,4795,123.522,,,,0.554,1.42,123.522
2026,2026mil,FIRST Championship,4905,121.341,,,,0.986,1.419,121.341
2026,2026mil,FIRST Championship,9635,120.338,,,,1.937,0.7,120.338
2026,2026mil,FIRST Championship,10633,116.286,,,,2.734,0.629,116.286
2026,2026mil,FIRST Championship,70,114.301,,,,-0.032,0.033,114.301
2026,2026mil,FIRST Championship,263,112.143,,,,-2.38,0.849,112.143
2026,2026mil,FIRST Championship,3637,110.641,,,,-3.147,0.094,110.641
2026,2026mil,FIRST Championship,3075,110.49,,,,0.217,0.247,110.49
2026,2026mil,FIRST Championship,3277,106.906,,,,2.049,-0.019,106.906
2026,2026mil,FIRST Championship,7890,102.423,,,,0.766,0.477,102.423
2026,2026mil,FIRST Championship,8020,101.788,,,,2.121,0.417,101.788
2026,2026mil,FIRST Championship,8429,100.518,,,,-4.759,0.082,100.518
2026,2026mil,FIRST Championship,8808,98.313,,,,2.475,-0.09,98.313
2026,2026mil,FIRST Championship,353,94.756,,,,1.92,1.257,94.756
2026,2026mil,FIRST Championship,8873,85.276,,,,-1.618,0.633,85.276
2026,2026mil,FIRST Championship,6989,80.223,,,,-3.362,-0.269,80.223
2026,2026mil,FIRST Championship,6925,79.049,,,,2.018,0.087,79.049
2026,2026mil,FIRST Championship,3245,74.37,,,,7.375,0.279,74.37
2026,2026mil,FIRST Championship,3419,66.169,,,,1.717,-0.109,66.169
2026,2026mil,FIRST Championship,343,64.696,,,,-4.548,0.431,64.696
2026,2026mil,FIRST Championship,3492,55.939,,,,-1.431,-0.002,55.939
2026,2026mil,FIRST Championship,7594,55.011,,,,-0.009,-0.067,55.011
2026,2026mil,FIRST Championship,2169,50.992,,,,3.284,-0.265,50.992
2026,2026mil,FIRST Championship,2333,45.385,,,,-2.737,-0.201,45.385
2026,2026mil,FIRST Championship,2403,44.976,,,,1.51,-0.096,44.976
2026,2026mil,FIRST Championship,10101,39.219,,,,1.127,0.03,39.219
2026,2026mil,FIRST Championship,5985,38.275,,,,-2.701,-0.129,38.275
2026,2026mil,FIRST Championship,11065,31.737,,,,0.503,-0.414,31.737
2026,2026mil,FIRST Championship,2811,27.646,,,,3.2,-0.717,27.646
2026,2026mil,FIRST Championship,7763,24.703,,,,2.968,-0.482,24.703
2026,2026mil,FIRST Championship,9644,19.232,,,,5.927,-0.439,19.232
2026,2026mil,FIRST Championship,10604,18.091,,,,-1.611,-1.73,18.091
2026,2026mil,FIRST Championship,10950,-1.661,,,,11.509,-0.669,-1.661
2026,2026mil,FIRST Championship,7717,-3.544,,,,-1.36,-0.484,-3.544
2026,2026mil,FIRST Championship,8158,-7.292,,,,0.672,-0.757,-7.292
2026,2026new,FIRST Championship,2910,408.46,,,,5.785,3.1,408.46
2026,2026new,FIRST Championship,2046,287.912,,,,0.962,1.718,287.912
2026,2026new,FIRST Championship,973,287.623,,,,0.237,2.798,287.623
2026,2026new,FIRST Championship,1796,264.468,,,,-1.206,2.371,264.468
2026,2026new,FIRST Championship,9128,255.326,,,,4.508,2.413,255.326
2026,2026new,FIRST Championship,4400,243.408,,,,1.71,1.736,243.408
2026,2026new,FIRST Championship,1540,240.708,,,,2.735,1.77,240.708
2026,2026new,FIRST Championship,695,226.161,,,,7.033,2.081,226.161
2026,2026new,FIRST Championship,948,226.02,,,,-2.209,1.388,226.02
2026,2026new,FIRST Championship,6036,220.526,,,,5.027,2.04,220.526
2026,2026new,FIRST Championship,5216,211.904,,,,3.743,1.115,211.904
2026,2026new,FIRST Championship,1922,211.378,,,,1.275,1.99,211.378
2026,2026new,FIRST Championship,9408,209.288,,,,6.827,2.2,209.288
2026,2026new,FIRST Championship,5736,204.039,,,,-0.877,0.841,204.039
2026,2026new,FIRST Championship,1833,202.749,,,,8.044,2.197,202.749
2026,2026new,FIRST Championship,5549,198.254,,,,2.276,2.424,198.254
2026,2026new,FIRST Championship,604,194.384,,,,-2.577,1.052,194.384
2026,2026new,FIRST Championship,346,194.368,,,,7.589,1.364,194.368
2026,2026new,FIRST Championship,341,190.88,,,,2.612,1.514,190.88
2026,2026new,FIRST Championship,3966,186.349,,,,4.12,1.497,186.349
2026,2026new,FIRST Championship,6647,180.229,,,,2.112,0.678,180.229
2026,2026new,FIRST Championship,2052,179.002,,,,3.264,1.82,179.002
2026,2026new,FIRST Championship,3256,178.569,,,,-5.617,0.506,178.569
2026,2026new,FIRST Championship,8046,177.321,,,,1.493,0.473,177.321
2026,2026new,FIRST Championship,4206,174.859,,,,1.287,0.979,174.859
2026,2026new,FIRST Championship,2996,173.636,,,,8.714,1.535,173.636
2026,2026new,FIRST Championship,599,172.979,,,,-1.477,1.423,172.979
2026,2026new,FIRST Championship,687,172.686,,,,-0.774,1.569,172.686
2026,2026new,FIRST Championship,195,167.378,,,,5.206,1.01,167.378
2026,2026new,FIRST Championship,148,165.352,,,,2.241,1.276,165.352
2026,2026new,FIRST Championship,8373,165.219,,,,1.358,1.134,165.219
2026,2026new,FIRST Championship,868,163.342,,,,0.359,1.329,163.342
2026,2026new,FIRST Championship,6436,162.439,,,,-1.136,1.003,162.439
2026,2026new,FIRST Championship,3276,162.048,,,,3.947,0.729,162.048
2026,2026new,FIRST Championship,4561,159.696,,,,0.326,1.15,159.696
2026,2026new,FIRST Championship,930,159.149,,,,-1.972,1.152,159.149
2026,2026new,FIRST Championship,180,149.745,,,,-0.41,0.324,149.745
2026,2026new,FIRST Championship,2194,147.248,,,,-1.16,0.542,147.248
2026,2026new,FIRST Championship,3044,144.213,,,,2.683,0.923,144.213
2026,2026new,FIRST Championship,5951,141.884,,,,4.417,0.557,141.884
2026,2026new,FIRST Championship,3354,140.893,,,,0.256,1.097,140.893
2026,2026new,FIRST Championship,9245,140.289,,,,-2.125,0.223,140.289
2026,2026new,FIRST Championship,7160,132.482,,,,6.291,0.802,132.482
2026,2026new,FIRST Championship,4590,131.662,,,,4.267,1.212,131.662
2026,2026new,FIRST Championship,2370,131.561,,,,-0.104,0.488,131.561
2026,2026new,FIRST Championship,9067,130.993,,,,7.272,0.331,130.993
2026,2026new,FIRST Championship,2713,130.397,,,,-0.293,0.877,130.397
2026,2026new,FIRST Championship,424,128.701,,,,4.646,-0.043,128.701
2026,2026new,FIRST Championship,2067,125.184,,,,-2.785,0.669,125.184
2026,2026new,FIRST Championship,6352,122.365,,,,5.36,-0.402,122.365
2026,2026new,FIRST Championship,5948,121.818,,,,9.008,1.498,121.818
2026,2026new,FIRST Championship,4099,119.867,,,,9.913,1.195,119.867
2026,2026new,FIRST Championship,1108,117.515,,,,3.521,0.496,117.515
2026,2026new,FIRST Championship,818,114.089,,,,-3.502,-0.307,114.089
2026,2026new,FIRST Championship,10903,113.174,,,,6.545,0.503,113.174
2026,2026new,FIRST Championship,10291,110.115,,,,-2.601,0.824,110.115
2026,2026new,FIRST Championship,3005,108.558,,,,3.985,1.011,108.558
2026,2026new,FIRST Championship,88,107.795,,,,0.811,0.212,107.795
2026,2026new,FIRST Championship,2783,104.57,,,,1.63,0.877,104.57
2026,2026new,FIRST Championship,10553,102.146,,,,1.717,0.119,102.146
2026,2026new,FIRST Championship,2586,97.62,,,,0.344,0.348,97.62
2026,2026new,FIRST Championship,386,97.245,,,,0.572,-0.643,97.245
2026,2026new,FIRST Championship,9029,95.72,,,,0.197,-0.467,95.72
2026,2026new,FIRST Championship,4253,90.228,,,,-2.221,-0.092,90.228
2026,2026new,FIRST Championship,1577,89.965,,,,4.368,0.552,89.965
2026,2026new,FIRST Championship,10935,87.131,,,,6.678,-0.095,87.131
2026,2026new,FIRST Championship,11463,72.946,,,,-2.024,-0.295,72.946
2026,2026new,FIRST Championship,6988,65.517,,,,7.254,0.13,65.517
2026,2026new,FIRST Championship,1902,62.245,,,,3.508,0.142,62.245
2026,2026new,FIRST Championship,233,62.167,,,,1.715,-0.057,62.167
2026,2026new,FIRST Championship,1807,60.552,,,,2.292,0.306,60.552
2026,2026new,FIRST Championship,9450,59.934,,,,-0.3,-0.72,59.934
2026,2026new,FIRST Championship,1884,48.042,,,,1.804,-1.175,48.042
2026,2026new,FIRST Championship,5414,46.619,,,,-2.453,-0.614,46.619
2026,2026new,FIRST Championship,10979,41.899,,,,7.98,-0.726,41.899
2026,2026isde1,Week 17,1690,470.697,,,,-1.439,3.554,470.697
2026,2026isde1,Week 17,2231,298.995,,,,0.656,2.439,298.995
2026,2026isde1,Week 17,4590,261.392,,,,3.866,2.265,261.392
2026,2026isde1,Week 17,1577,207.167,,,,5.48,1.849,207.167
2026,2026isde1,Week 17,3339,175.207,,,,3.966,1.787,175.207
2026,2026isde1,Week 17,7039,161.495,,,,1.636,1.733,161.495
2026,2026isde1,Week 17,1574,152.807,,,,5.995,1.151,152.807
2026,2026isde1,Week 17,8223,106.116,,,,-0.58,0.968,106.116
2026,2026isde1,Week 17,3083,80.538,,,,2.657,0.879,80.538
2026,2026isde1,Week 17,4416,76.154,,,,2.419,0.641,76.154
2026,2026isde1,Week 17,3065,66.488,,,,2.176,0.502,66.488
2026,2026isde1,Week 17,9303,59.978,,,,4.217,0.422,59.978
2026,2026isde1,Week 17,4586,56.793,,,,1.117,1.499,56.793
2026,2026isde1,Week 17,7067,43.993,,,,-0.123,-0.065,43.993
2026,2026isde1,Week 17,10935,33.456,,,,-2.981,0.198,33.456
2026,2026isde1,Week 17,6738,33.367,,,,-2.878,-0.239,33.367
2026,2026isde1,Week 17,2679,32.362,,,,7.882,0.769,32.362
2026,2026isde1,Week 17,9740,30.186,,,,3.238,0.176,30.186
2026,2026isde1,Week 17,3835,29.878,,,,4.088,0.934,29.878
2026,2026isde1,Week 17,9738,28.804,,,,-0.042,0.707,28.804
2026,2026isde1,Week 17,5635,25.982,,,,-1.317,0.121,25.982
2026,2026isde1,Week 17,11480,21.876,,,,-0.894,0.239,21.876
2026,2026isde1,Week 17,1580,19.09,,,,-0.998,0.602,19.09
2026,2026isde1,Week 17,3211,-2.403,,,,5.221,-0.052,-2.403
2026,2026isde1,Week 17,9739,-7.425,,,,1.737,-0.091,-7.425
2026,2026isde1,Week 17,5135,-15.96,,,,3.865,0.189,-15.96
2026,2026isde1,Week 17,10986,-34.45,,,,1.453,-0.427,-34.45
2026,2026isde2,Week 18,3075,245.84,,,,-1.111,2.877,245.84
2026,2026isde2,Week 18,4744,204.698,,,,-3.642,2.471,204.698
2026,2026isde2,Week 18,3316,146.331,,,,-1.19,2.4,146.331
2026,2026isde2,Week 18,1942,142.839,,,,-0.314,2.279,142.839
2026,2026isde2,Week 18,5614,133.676,,,,7.152,1.188,133.676
2026,2026isde2,Week 18,8175,118.858,,,,6.388,1.392,118.858
2026,2026isde2,Week 18,5715,93.722,,,,4.863,0.896,93.722
2026,2026isde2,Week 18,2230,89.315,,,,1.486,0.909,89.315
2026,2026isde2,Week 18,7845,72.787,,,,10.595,1.644,72.787
2026,2026isde2,Week 18,1943,57.463,,,,2.536,0.418,57.463
2026,2026isde2,Week 18,6740,48.654,,,,-2.197,0.735,48.654
2026,2026isde2,Week 18,11070,36.196,,,,5.35,0.684,36.196
2026,2026isde2,Week 18,7177,32.725,,,,16.505,-0.025,32.725
2026,2026isde2,Week 18,1937,28.343,,,,-2.212,0.071,28.343
2026,2026isde2,Week 18,6230,27.621,,,,-2.299,-0.12,27.621
2026,2026isde2,Week 18,5928,21.016,,,,-0.39,-0.581,21.016
2026,2026isde2,Week 18,4320,16.065,,,,3.861,0.095,16.065
2026,2026isde2,Week 18,5990,14.745,,,,3.905,0.017,14.745
2026,2026isde2,Week 18,2212,11.826,,,,3.365,-0.069,11.826
2026,2026isde2,Week 18,11329,9.302,,,,4.5,0.13,9.302
2026,2026isde2,Week 18,11471,8.734,,,,-1.4,-0.238,8.734
2026,2026isde2,Week 18,11390,-10.125,,,,2.979,0.621,-10.125
2026,2026isde2,Week 18,11332,-10.847,,,,-1.732,0.191,-10.847
2026,2026isde2,Week 18,11478,-39.118,,,,4.252,0.18,-39.118
2026,2026iscmp,Week 19,1690,387.014,,,,-0.928,2.729,387.014
2026,2026iscmp,Week 19,2231,302.732,,,,-6.462,2.641,302.732
2026,2026iscmp,Week 19,4590,245.718,,,,-0.845,2.074,245.718
2026,2026iscmp,Week 19,5614,228.372,,,,14.347,1.707,228.372
2026,2026iscmp,Week 19,3075,227.237,,,,-0.56,2.277,227.237
2026,2026iscmp,Week 19,7039,217.502,,,,7.5,1.38,217.502
2026,2026iscmp,Week 19,1577,215.179,,,,14.767,1.614,215.179
2026,2026iscmp,Week 19,4744,207.356,,,,7.29,2.042,207.356
2026,2026iscmp,Week 19,1574,189.455,,,,13.257,1.725,189.455
2026,2026iscmp,Week 19,3316,187.359,,,,-3.183,1.985,187.359
2026,2026iscmp,Week 19,3339,156.207,,,,2.941,0.786,156.207
2026,2026iscmp,Week 19,5715,149.682,,,,2.943,0.99,149.682
2026,2026iscmp,Week 19,7845,137.162,,,,-2.352,0.566,137.162
2026,2026iscmp,Week 19,1942,127.6,,,,5.184,1.35,127.6
2026,2026iscmp,Week 19,2230,121.067,,,,5.374,1.455,121.067
2026,2026iscmp,Week 19,4416,106.127,,,,7.045,0.691,106.127
2026,2026iscmp,Week 19,3065,102.894,,,,-3.34,1.126,102.894
2026,2026iscmp,Week 19,5990,95.09,,,,13.61,1.241,95.09
2026,2026iscmp,Week 19,3083,82.475,,,,3.542,0.777,82.475
2026,2026iscmp,Week 19,11070,80.106,,,,-0.013,0.651,80.106
2026,2026iscmp,Week 19,8175,74.795,,,,1.744,0.596,74.795
2026,2026iscmp,Week 19,9303,51.92,,,,8.727,0.409,51.92
2026,2026iscmp,Week 19,11480,51.059,,,,3.462,0.717,51.059
2026,2026iscmp,Week 19,6740,51.0,,,,-2.261,0.846,51.0
2026,2026iscmp,Week 19,8223,48.195,,,,7.397,-0.318,48.195
2026,2026iscmp,Week 19,11329,47.385,,,,2.676,0.093,47.385
2026,2026iscmp,Week 19,11471,38.516,,,,8.055,0.466,38.516
2026,2026iscmp,Week 19,2212,37.124,,,,-1.209,0.104,37.124
2026,2026iscmp,Week 19,11478,30.264,,,,0.279,0.166,30.264
2026,2026iscmp,Week 19,3835,28.227,,,,4.718,-0.492,28.227
2026,2026iscmp,Week 19,4586,22.477,,,,-1.582,-0.419,22.477
2026,2026iscmp,Week 19,11332,15.96,,,,6.033,-0.078,15.96
2026,2026iscmp,Week 19,2679,7.912,,,,-0.441,0.219,7.912
2026,2026iscmp,Week 19,4320,3.784,,,,4.608,-0.572,3.784
2026,2026iscmp,Week 19,11390,-1.943,,,,-3.062,-0.703,-1.943
2026,2026iscmp,Week 19,1937,-13.207,,,,1.24,-0.342,-13.207
