year,event,week,alliance,slot,team,qual_rank,n_teams,rank_pct,won_event
2023,2023isde1,Week 1,1,captain,1577,1,25,4.0,1
2023,2023isde1,Week 1,1,pick1,1690,2,25,8.0,1
2023,2023isde1,Week 1,1,pick2,1576,16,25,64.0,1
2023,2023isde1,Week 1,1,backup,6741,18,25,72.0,1
2023,2023isde1,Week 1,2,captain,5654,3,25,12.0,0
2023,2023isde1,Week 1,2,pick1,1574,11,25,44.0,0
2023,2023isde1,Week 1,2,pick2,9304,24,25,96.0,0
2023,2023isde1,Week 1,3,captain,2630,4,25,16.0,0
2023,2023isde1,Week 1,3,pick1,5990,5,25,20.0,0
2023,2023isde1,Week 1,3,pick2,1943,23,25,92.0,0
2023,2023isde1,Week 1,4,captain,2096,6,25,24.0,0
2023,2023isde1,Week 1,4,pick1,6168,12,25,48.0,0
2023,2023isde1,Week 1,4,pick2,5554,25,25,100.0,0
2023,2023isde1,Week 1,5,captain,5135,7,25,28.0,0
2023,2023isde1,Week 1,5,pick1,2230,10,25,40.0,0
2023,2023isde1,Week 1,5,pick2,4661,21,25,84.0,0
2023,2023isde1,Week 1,6,captain,7067,8,25,32.0,0
2023,2023isde1,Week 1,6,pick1,3211,9,25,36.0,0
2023,2023isde1,Week 1,6,pick2,3083,20,25,80.0,0
2023,2023isde1,Week 1,7,captain,4319,13,25,52.0,0
2023,2023isde1,Week 1,7,pick1,4338,15,25,60.0,0
2023,2023isde1,Week 1,7,pick2,3388,17,25,68.0,0
2023,2023isde1,Week 1,8,captain,6740,14,25,56.0,0
2023,2023isde1,Week 1,8,pick1,3065,19,25,76.0,0
2023,2023isde1,Week 1,8,pick2,6738,22,25,88.0,0
2023,2023bcvi,Week 1,1,captain,4613,1,35,2.86,1
2023,2023bcvi,Week 1,1,pick1,359,2,35,5.71,1
2023,2023bcvi,Week 1,1,pick2,244,20,35,57.14,1
2023,2023bcvi,Week 1,2,captain,4253,3,35,8.57,0
2023,2023bcvi,Week 1,2,pick1,9180,5,35,14.29,0
2023,2023bcvi,Week 1,2,pick2,8338,27,35,77.14,0
2023,2023bcvi,Week 1,3,captain,4421,4,35,11.43,0
2023,2023bcvi,Week 1,3,pick1,1868,9,35,25.71,0
2023,2023bcvi,Week 1,3,pick2,288,33,35,94.29,0
2023,2023bcvi,Week 1,3,backup,7190,16,35,45.71,0
2023,2023bcvi,Week 1,4,captain,7287,6,35,17.14,0
2023,2023bcvi,Week 1,4,pick1,4627,8,35,22.86,0
2023,2023bcvi,Week 1,4,pick2,216,31,35,88.57,0
2023,2023bcvi,Week 1,5,captain,8871,7,35,20.0,0
2023,2023bcvi,Week 1,5,pick1,6390,13,35,37.14,0
2023,2023bcvi,Week 1,5,pick2,8339,19,35,54.29,0
2023,2023bcvi,Week 1,6,captain,5419,10,35,28.57,0
2023,2023bcvi,Week 1,6,pick1,3256,26,35,74.29,0
2023,2023bcvi,Week 1,6,pick2,7796,18,35,51.43,0
2023,2023bcvi,Week 1,7,captain,5997,11,35,31.43,0
2023,2023bcvi,Week 1,7,pick1,6351,14,35,40.0,0
2023,2023bcvi,Week 1,7,pick2,9277,24,35,68.57,0
2023,2023bcvi,Week 1,8,captain,8331,12,35,34.29,0
2023,2023bcvi,Week 1,8,pick1,6364,17,35,48.57,0
2023,2023bcvi,Week 1,8,pick2,7167,15,35,42.86,0
2023,2023isde2,Week 1,1,captain,3339,1,29,3.45,1
2023,2023isde2,Week 1,1,pick1,7039,8,29,27.59,1
2023,2023isde2,Week 1,1,pick2,7112,23,29,79.31,1
2023,2023isde2,Week 1,2,captain,5987,2,29,6.9,0
2023,2023isde2,Week 1,2,pick1,1942,10,29,34.48,0
2023,2023isde2,Week 1,2,pick2,4320,25,29,86.21,0
2023,2023isde2,Week 1,3,captain,2231,3,29,10.34,0
2023,2023isde2,Week 1,3,pick1,7845,5,29,17.24,0
2023,2023isde2,Week 1,3,pick2,5928,21,29,72.41,0
2023,2023isde2,Week 1,4,captain,3316,4,29,13.79,0
2023,2023isde2,Week 1,4,pick1,5614,9,29,31.03,0
2023,2023isde2,Week 1,4,pick2,1937,29,29,100.0,0
2023,2023isde2,Week 1,5,captain,2679,6,29,20.69,0
2023,2023isde2,Week 1,5,pick1,1657,11,29,37.93,0
2023,2023isde2,Week 1,5,pick2,5715,22,29,75.86,0
2023,2023isde2,Week 1,6,captain,2212,7,29,24.14,0
2023,2023isde2,Week 1,6,pick1,3075,15,29,51.72,0
2023,2023isde2,Week 1,6,pick2,5951,28,29,96.55,0
2023,2023isde2,Week 1,7,captain,8175,12,29,41.38,0
2023,2023isde2,Week 1,7,pick1,4590,16,29,55.17,0
2023,2023isde2,Week 1,7,pick2,4586,14,29,48.28,0
2023,2023isde2,Week 1,8,captain,9303,13,29,44.83,0
2023,2023isde2,Week 1,8,pick1,5635,18,29,62.07,0
2023,2023isde2,Week 1,8,pick2,4744,19,29,65.52,0
2023,2023flwp,Week 1,1,captain,695,1,34,2.94,1
2023,2023flwp,Week 1,1,pick1,179,2,34,5.88,1
2023,2023flwp,Week 1,1,pick2,3653,16,34,47.06,1
2023,2023flwp,Week 1,2,captain,5472,3,34,8.82,0
2023,2023flwp,Week 1,2,pick1,180,6,34,17.65,0
2023,2023flwp,Week 1,2,pick2,7652,20,34,58.82,0
2023,2023flwp,Week 1,3,captain,4065,4,34,11.76,0
2023,2023flwp,Week 1,3,pick1,108,12,34,35.29,0
2023,2023flwp,Week 1,3,pick2,4592,33,34,97.06,0
2023,2023flwp,Week 1,4,captain,3173,5,34,14.71,0
2023,2023flwp,Week 1,4,pick1,11,9,34,26.47,0
2023,2023flwp,Week 1,4,pick2,8817,23,34,67.65,0
2023,2023flwp,Week 1,5,captain,4206,7,34,20.59,0
2023,2023flwp,Week 1,5,pick1,3932,11,34,32.35,0
2023,2023flwp,Week 1,5,pick2,8104,18,34,52.94,0
2023,2023flwp,Week 1,5,backup,7833,22,34,64.71,0
2023,2023flwp,Week 1,6,captain,2383,8,34,23.53,0
2023,2023flwp,Week 1,6,pick1,7403,10,34,29.41,0
2023,2023flwp,Week 1,6,pick2,59,31,34,91.18,0
2023,2023flwp,Week 1,7,captain,79,13,34,38.24,0
2023,2023flwp,Week 1,7,pick1,1523,17,34,50.0,0
2023,2023flwp,Week 1,7,pick2,744,25,34,73.53,0
2023,2023flwp,Week 1,8,captain,5410,14,34,41.18,0
2023,2023flwp,Week 1,8,pick1,5557,15,34,44.12,0
2023,2023flwp,Week 1,8,pick2,2641,19,34,55.88,0
2023,2023arli,Week 1,1,captain,4522,1,29,3.45,0
2023,2023arli,Week 1,1,pick1,3937,2,29,6.9,0
2023,2023arli,Week 1,1,pick2,6055,20,29,68.97,0
2023,2023arli,Week 1,2,captain,4766,3,29,10.34,1
2023,2023arli,Week 1,2,pick1,16,4,29,13.79,1
2023,2023arli,Week 1,2,pick2,6586,27,29,93.1,1
2023,2023arli,Week 1,3,captain,7525,5,29,17.24,0
2023,2023arli,Week 1,3,pick1,4336,6,29,20.69,0
2023,2023arli,Week 1,3,pick2,5002,26,29,89.66,0
2023,2023arli,Week 1,4,captain,4265,7,29,24.14,0
2023,2023arli,Week 1,4,pick1,1939,8,29,27.59,0
2023,2023arli,Week 1,4,pick2,7106,23,29,79.31,0
2023,2023arli,Week 1,5,captain,3039,9,29,31.03,0
2023,2023arli,Week 1,5,pick1,5454,12,29,41.38,0
2023,2023arli,Week 1,5,pick2,5006,28,29,96.55,0
2023,2023arli,Week 1,6,captain,1561,10,29,34.48,0
2023,2023arli,Week 1,6,pick1,3931,17,29,58.62,0
2023,2023arli,Week 1,6,pick2,1997,21,29,72.41,0
2023,2023arli,Week 1,7,captain,3102,11,29,37.93,0
2023,2023arli,Week 1,7,pick1,1038,14,29,48.28,0
2023,2023arli,Week 1,7,pick2,9073,25,29,86.21,0
2023,2023arli,Week 1,8,captain,3284,13,29,44.83,0
2023,2023arli,Week 1,8,pick1,9067,15,29,51.72,0
2023,2023arli,Week 1,8,pick2,2393,16,29,55.17,0
2023,2023mndu,Week 1,1,captain,1714,1,60,1.67,1
2023,2023mndu,Week 1,1,pick1,6045,5,60,8.33,1
2023,2023mndu,Week 1,1,pick2,4011,31,60,51.67,1
2023,2023mndu,Week 1,2,captain,2847,2,60,3.33,0
2023,2023mndu,Week 1,2,pick1,5348,4,60,6.67,0
2023,2023mndu,Week 1,2,pick2,5826,14,60,23.33,0
2023,2023mndu,Week 1,2,backup,8836,20,60,33.33,0
2023,2023mndu,Week 1,3,captain,2264,3,60,5.0,0
2023,2023mndu,Week 1,3,pick1,4728,6,60,10.0,0
2023,2023mndu,Week 1,3,pick2,5653,33,60,55.0,0
2023,2023mndu,Week 1,4,captain,5690,7,60,11.67,0
2023,2023mndu,Week 1,4,pick1,93,18,60,30.0,0
2023,2023mndu,Week 1,4,pick2,2823,22,60,36.67,0
2023,2023mndu,Week 1,5,captain,7103,8,60,13.33,0
2023,2023mndu,Week 1,5,pick1,4511,15,60,25.0,0
2023,2023mndu,Week 1,5,pick2,1732,23,60,38.33,0
2023,2023mndu,Week 1,5,backup,3042,13,60,21.67,0
2023,2023mndu,Week 1,6,captain,1816,9,60,15.0,0
2023,2023mndu,Week 1,6,pick1,2530,19,60,31.67,0
2023,2023mndu,Week 1,6,pick2,4741,27,60,45.0,0
2023,2023mndu,Week 1,7,captain,7068,10,60,16.67,0
2023,2023mndu,Week 1,7,pick1,3297,26,60,43.33,0
2023,2023mndu,Week 1,7,pick2,3276,37,60,61.67,0
2023,2023mndu,Week 1,8,captain,6175,11,60,18.33,0
2023,2023mndu,Week 1,8,pick1,2531,17,60,28.33,0
2023,2023mndu,Week 1,8,pick2,4009,29,60,48.33,0
2023,2023mndu2,Week 1,1,captain,5913,1,59,1.69,1
2023,2023mndu2,Week 1,1,pick1,2052,2,59,3.39,1
2023,2023mndu2,Week 1,1,pick2,4624,29,59,49.15,1
2023,2023mndu2,Week 1,2,captain,5232,3,59,5.08,0
2023,2023mndu2,Week 1,2,pick1,2987,10,59,16.95,0
2023,2023mndu2,Week 1,2,pick2,3926,33,59,55.93,0
2023,2023mndu2,Week 1,3,captain,4786,4,59,6.78,0
2023,2023mndu2,Week 1,3,pick1,3883,9,59,15.25,0
2023,2023mndu2,Week 1,3,pick2,3100,41,59,69.49,0
2023,2023mndu2,Week 1,4,captain,6421,5,59,8.47,0
2023,2023mndu2,Week 1,4,pick1,6574,25,59,42.37,0
2023,2023mndu2,Week 1,4,pick2,1792,17,59,28.81,0
2023,2023mndu2,Week 1,5,captain,167,6,59,10.17,0
2023,2023mndu2,Week 1,5,pick1,4230,15,59,25.42,0
2023,2023mndu2,Week 1,5,pick2,5586,24,59,40.68,0
2023,2023mndu2,Week 1,6,captain,4239,7,59,11.86,0
2023,2023mndu2,Week 1,6,pick1,6758,20,59,33.9,0
2023,2023mndu2,Week 1,6,pick2,2491,21,59,35.59,0
2023,2023mndu2,Week 1,7,captain,7021,8,59,13.56,0
2023,2023mndu2,Week 1,7,pick1,525,11,59,18.64,0
2023,2023mndu2,Week 1,7,pick2,7530,34,59,57.63,0
2023,2023mndu2,Week 1,8,captain,7864,12,59,20.34,0
2023,2023mndu2,Week 1,8,pick1,2502,14,59,23.73,0
2023,2023mndu2,Week 1,8,pick2,3928,23,59,38.98,0
2023,2023mxmo,Week 1,1,captain,4635,1,40,2.5,1
2023,2023mxmo,Week 1,1,pick1,3478,2,40,5.0,1
2023,2023mxmo,Week 1,1,pick2,6702,29,40,72.5,1
2023,2023mxmo,Week 1,2,captain,7102,3,40,7.5,0
2023,2023mxmo,Week 1,2,pick1,4010,4,40,10.0,0
2023,2023mxmo,Week 1,2,pick2,6170,25,40,62.5,0
2023,2023mxmo,Week 1,3,captain,6017,5,40,12.5,0
2023,2023mxmo,Week 1,3,pick1,7421,15,40,37.5,0
2023,2023mxmo,Week 1,3,pick2,2283,31,40,77.5,0
2023,2023mxmo,Week 1,4,captain,4403,6,40,15.0,0
2023,2023mxmo,Week 1,4,pick1,6647,13,40,32.5,0
2023,2023mxmo,Week 1,4,pick2,3158,23,40,57.5,0
2023,2023mxmo,Week 1,5,captain,3933,7,40,17.5,0
2023,2023mxmo,Week 1,5,pick1,6694,21,40,52.5,0
2023,2023mxmo,Week 1,5,pick2,9280,14,40,35.0,0
2023,2023mxmo,Week 1,5,backup,9213,11,40,27.5,0
2023,2023mxmo,Week 1,6,captain,9282,8,40,20.0,0
2023,2023mxmo,Week 1,6,pick1,6348,16,40,40.0,0
2023,2023mxmo,Week 1,6,pick2,3472,35,40,87.5,0
2023,2023mxmo,Week 1,7,captain,5887,9,40,22.5,0
2023,2023mxmo,Week 1,7,pick1,5959,17,40,42.5,0
2023,2023mxmo,Week 1,7,pick2,6106,26,40,65.0,0
2023,2023mxmo,Week 1,8,captain,8734,10,40,25.0,0
2023,2023mxmo,Week 1,8,pick1,3794,12,40,30.0,0
2023,2023mxmo,Week 1,8,pick2,7546,18,40,45.0,0
2023,2023utwv,Week 1,1,captain,4499,1,44,2.27,1
2023,2023utwv,Week 1,1,pick1,2240,2,44,4.55,1
2023,2023utwv,Week 1,1,pick2,9138,22,44,50.0,1
2023,2023utwv,Week 1,2,captain,4550,3,44,6.82,0
2023,2023utwv,Week 1,2,pick1,2122,4,44,9.09,0
2023,2023utwv,Week 1,2,pick2,5933,30,44,68.18,0
2023,2023utwv,Week 1,3,captain,5851,5,44,11.36,0
2023,2023utwv,Week 1,3,pick1,192,8,44,18.18,0
2023,2023utwv,Week 1,3,pick2,9037,32,44,72.73,0
2023,2023utwv,Week 1,4,captain,4068,6,44,13.64,0
2023,2023utwv,Week 1,4,pick1,3374,9,44,20.45,0
2023,2023utwv,Week 1,4,pick2,4175,17,44,38.64,0
2023,2023utwv,Week 1,5,captain,8,7,44,15.91,0
2023,2023utwv,Week 1,5,pick1,2996,14,44,31.82,0
2023,2023utwv,Week 1,5,pick2,4593,19,44,43.18,0
2023,2023utwv,Week 1,5,backup,3648,18,44,40.91,0
2023,2023utwv,Week 1,6,captain,4585,10,44,22.73,0
2023,2023utwv,Week 1,6,pick1,4944,20,44,45.45,0
2023,2023utwv,Week 1,6,pick2,6400,21,44,47.73,0
2023,2023utwv,Week 1,6,backup,4598,16,44,36.36,0
2023,2023utwv,Week 1,7,captain,1332,11,44,25.0,0
2023,2023utwv,Week 1,7,pick1,6411,12,44,27.27,0
2023,2023utwv,Week 1,7,pick2,6844,15,44,34.09,0
2023,2023utwv,Week 1,8,captain,701,13,44,29.55,0
2023,2023utwv,Week 1,8,pick1,3200,25,44,56.82,0
2023,2023utwv,Week 1,8,pick2,1569,23,44,52.27,0
2023,2023gaalb,Week 1,1,captain,6919,1,21,4.76,1
2023,2023gaalb,Week 1,1,pick1,1683,2,21,9.52,1
2023,2023gaalb,Week 1,1,pick2,5828,14,21,66.67,1
2023,2023gaalb,Week 1,2,captain,4509,3,21,14.29,0
2023,2023gaalb,Week 1,2,pick1,4188,6,21,28.57,0
2023,2023gaalb,Week 1,2,pick2,3329,16,21,76.19,0
2023,2023gaalb,Week 1,2,backup,9086,20,21,95.24,0
2023,2023gaalb,Week 1,3,captain,4112,4,21,19.05,0
2023,2023gaalb,Week 1,3,pick1,9260,5,21,23.81,0
2023,2023gaalb,Week 1,3,pick2,7470,17,21,80.95,0
2023,2023gaalb,Week 1,4,captain,4701,7,21,33.33,0
2023,2023gaalb,Week 1,4,pick1,3344,9,21,42.86,0
2023,2023gaalb,Week 1,4,pick2,4459,19,21,90.48,0
2023,2023gaalb,Week 1,5,captain,7538,8,21,38.1,0
2023,2023gaalb,Week 1,5,pick1,8100,10,21,47.62,0
2023,2023gaalb,Week 1,5,pick2,3635,15,21,71.43,0
2023,2023gaalb,Week 1,5,backup,8815,18,21,85.71,0
2023,2023gaalb,Week 1,6,captain,8137,11,21,52.38,0
2023,2023gaalb,Week 1,6,pick1,4240,13,21,61.9,0
2023,2023gaalb,Week 1,6,pick2,5848,12,21,57.14,0
2023,2023gaalb,Week 1,7,captain,9980,,21,,0
2023,2023gaalb,Week 1,7,pick1,9981,,21,,0
2023,2023gaalb,Week 1,7,pick2,9985,,21,,0
2023,2023gaalb,Week 1,8,captain,9982,,21,,0
2023,2023gaalb,Week 1,8,pick1,9983,,21,,0
2023,2023gaalb,Week 1,8,pick2,9984,,21,,0
2023,2023miesc,Week 1,1,captain,857,1,38,2.63,1
2023,2023miesc,Week 1,1,pick1,3175,2,38,5.26,1
2023,2023miesc,Week 1,1,pick2,8382,29,38,76.32,1
2023,2023miesc,Week 1,2,captain,5505,3,38,7.89,0
2023,2023miesc,Week 1,2,pick1,4391,6,38,15.79,0
2023,2023miesc,Week 1,2,pick2,7244,33,38,86.84,0
2023,2023miesc,Week 1,3,captain,6637,4,38,10.53,0
2023,2023miesc,Week 1,3,pick1,6569,5,38,13.16,0
2023,2023miesc,Week 1,3,pick2,7154,19,38,50.0,0
2023,2023miesc,Week 1,4,captain,7782,7,38,18.42,0
2023,2023miesc,Week 1,4,pick1,573,10,38,26.32,0
2023,2023miesc,Week 1,4,pick2,6079,21,38,55.26,0
2023,2023miesc,Week 1,5,captain,7250,8,38,21.05,0
2023,2023miesc,Week 1,5,pick1,5314,11,38,28.95,0
2023,2023miesc,Week 1,5,pick2,4988,18,38,47.37,0
2023,2023miesc,Week 1,6,captain,4392,9,38,23.68,0
2023,2023miesc,Week 1,6,pick1,7768,26,38,68.42,0
2023,2023miesc,Week 1,6,pick2,2586,17,38,44.74,0
2023,2023miesc,Week 1,7,captain,9249,12,38,31.58,0
2023,2023miesc,Week 1,7,pick1,4375,13,38,34.21,0
2023,2023miesc,Week 1,7,pick2,6112,23,38,60.53,0
2023,2023miesc,Week 1,8,captain,4835,14,38,36.84,0
2023,2023miesc,Week 1,8,pick1,5534,15,38,39.47,0
2023,2023miesc,Week 1,8,pick2,6077,16,38,42.11,0
2023,2023mifor,Week 1,1,captain,3357,1,40,2.5,1
2023,2023mifor,Week 1,1,pick1,6081,3,40,7.5,1
2023,2023mifor,Week 1,1,pick2,2771,19,40,47.5,1
2023,2023mifor,Week 1,2,captain,3767,2,40,5.0,0
2023,2023mifor,Week 1,2,pick1,85,6,40,15.0,0
2023,2023mifor,Week 1,2,pick2,7054,14,40,35.0,0
2023,2023mifor,Week 1,3,captain,1918,4,40,10.0,0
2023,2023mifor,Week 1,3,pick1,2054,9,40,22.5,0
2023,2023mifor,Week 1,3,pick2,8612,20,40,50.0,0
2023,2023mifor,Week 1,4,captain,3603,5,40,12.5,0
2023,2023mifor,Week 1,4,pick1,3688,17,40,42.5,0
2023,2023mifor,Week 1,4,pick2,1711,15,40,37.5,0
2023,2023mifor,Week 1,5,captain,4377,7,40,17.5,0
2023,2023mifor,Week 1,5,pick1,6753,13,40,32.5,0
2023,2023mifor,Week 1,5,pick2,7226,23,40,57.5,0
2023,2023mifor,Week 1,5,backup,7155,16,40,40.0,0
2023,2023mifor,Week 1,6,captain,7794,8,40,20.0,0
2023,2023mifor,Week 1,6,pick1,7202,10,40,25.0,0
2023,2023mifor,Week 1,6,pick2,4237,22,40,55.0,0
2023,2023mifor,Week 1,7,captain,3234,11,40,27.5,0
2023,2023mifor,Week 1,7,pick1,4967,18,40,45.0,0
2023,2023mifor,Week 1,7,pick2,5424,27,40,67.5,0
2023,2023mifor,Week 1,8,captain,7289,12,40,30.0,0
2023,2023mifor,Week 1,8,pick1,7160,25,40,62.5,0
2023,2023mifor,Week 1,8,pick2,5086,28,40,70.0,0
2023,2023mijac,Week 1,1,captain,302,1,38,2.63,1
2023,2023mijac,Week 1,1,pick1,4381,3,38,7.89,1
2023,2023mijac,Week 1,1,pick2,4453,35,38,92.11,1
2023,2023mijac,Week 1,1,backup,9210,16,38,42.11,1
2023,2023mijac,Week 1,2,captain,4422,2,38,5.26,0
2023,2023mijac,Week 1,2,pick1,1023,10,38,26.32,0
2023,2023mijac,Week 1,2,pick2,8423,31,38,81.58,0
2023,2023mijac,Week 1,3,captain,3656,4,38,10.53,0
2023,2023mijac,Week 1,3,pick1,2832,6,38,15.79,0
2023,2023mijac,Week 1,3,pick2,5090,18,38,47.37,0
2023,2023mijac,Week 1,4,captain,4216,5,38,13.16,0
2023,2023mijac,Week 1,4,pick1,6861,8,38,21.05,0
2023,2023mijac,Week 1,4,pick2,5084,34,38,89.47,0
2023,2023mijac,Week 1,5,captain,5066,7,38,18.42,0
2023,2023mijac,Week 1,5,pick1,2611,13,38,34.21,0
2023,2023mijac,Week 1,5,pick2,7221,36,38,94.74,0
2023,2023mijac,Week 1,5,backup,8297,15,38,39.47,0
2023,2023mijac,Week 1,6,captain,7197,9,38,23.68,0
2023,2023mijac,Week 1,6,pick1,5676,11,38,28.95,0
2023,2023mijac,Week 1,6,pick2,5144,27,38,71.05,0
2023,2023mijac,Week 1,7,captain,7166,12,38,31.58,0
2023,2023mijac,Week 1,7,pick1,2834,21,38,55.26,0
2023,2023mijac,Week 1,7,pick2,7660,24,38,63.16,0
2023,2023mijac,Week 1,8,captain,7501,14,38,36.84,0
2023,2023mijac,Week 1,8,pick1,9312,19,38,50.0,0
2023,2023mijac,Week 1,8,pick2,3322,17,38,44.74,0
2023,2023miket,Week 1,1,captain,1506,1,39,2.56,1
2023,2023miket,Week 1,1,pick1,5460,2,39,5.13,1
2023,2023miket,Week 1,1,pick2,8728,35,39,89.74,1
2023,2023miket,Week 1,2,captain,70,3,39,7.69,0
2023,2023miket,Week 1,2,pick1,3668,6,39,15.38,0
2023,2023miket,Week 1,2,pick2,5282,22,39,56.41,0
2023,2023miket,Week 1,3,captain,33,4,39,10.26,0
2023,2023miket,Week 1,3,pick1,5660,16,39,41.03,0
2023,2023miket,Week 1,3,pick2,894,37,39,94.87,0
2023,2023miket,Week 1,4,captain,4130,5,39,12.82,0
2023,2023miket,Week 1,4,pick1,245,7,39,17.95,0
2023,2023miket,Week 1,4,pick2,9207,17,39,43.59,0
2023,2023miket,Week 1,5,captain,7491,8,39,20.51,0
2023,2023miket,Week 1,5,pick1,5641,10,39,25.64,0
2023,2023miket,Week 1,5,pick2,1701,29,39,74.36,0
2023,2023miket,Week 1,6,captain,9242,9,39,23.08,0
2023,2023miket,Week 1,6,pick1,7790,30,39,76.92,0
2023,2023miket,Week 1,6,pick2,5436,13,39,33.33,0
2023,2023miket,Week 1,7,captain,6067,11,39,28.21,0
2023,2023miket,Week 1,7,pick1,5538,20,39,51.28,0
2023,2023miket,Week 1,7,pick2,4998,14,39,35.9,0
2023,2023miket,Week 1,7,backup,322,15,39,38.46,0
2023,2023miket,Week 1,8,captain,6610,12,39,30.77,0
2023,2023miket,Week 1,8,pick1,2145,19,39,48.72,0
2023,2023miket,Week 1,8,pick2,4994,21,39,53.85,0
2023,2023mimil,Week 1,1,captain,3538,1,38,2.63,1
2023,2023mimil,Week 1,1,pick1,67,2,38,5.26,1
2023,2023mimil,Week 1,1,pick2,9204,18,38,47.37,1
2023,2023mimil,Week 1,2,captain,4362,3,38,7.89,0
2023,2023mimil,Week 1,2,pick1,27,11,38,28.95,0
2023,2023mimil,Week 1,2,pick2,4680,38,38,100.0,0
2023,2023mimil,Week 1,3,captain,548,4,38,10.53,0
2023,2023mimil,Week 1,3,pick1,503,5,38,13.16,0
2023,2023mimil,Week 1,3,pick2,6618,28,38,73.68,0
2023,2023mimil,Week 1,4,captain,1025,6,38,15.79,0
2023,2023mimil,Week 1,4,pick1,308,10,38,26.32,0
2023,2023mimil,Week 1,4,pick2,7225,35,38,92.11,0
2023,2023mimil,Week 1,5,captain,6344,7,38,18.42,0
2023,2023mimil,Week 1,5,pick1,5561,12,38,31.58,0
2023,2023mimil,Week 1,5,pick2,5053,15,38,39.47,0
2023,2023mimil,Week 1,6,captain,7598,8,38,21.05,0
2023,2023mimil,Week 1,6,pick1,7553,17,38,44.74,0
2023,2023mimil,Week 1,6,pick2,7178,19,38,50.0,0
2023,2023mimil,Week 1,7,captain,5167,9,38,23.68,0
2023,2023mimil,Week 1,7,pick1,7056,14,38,36.84,0
2023,2023mimil,Week 1,7,pick2,66,26,38,68.42,0
2023,2023mimil,Week 1,8,captain,3414,13,38,34.21,0
2023,2023mimil,Week 1,8,pick1,3707,32,38,84.21,0
2023,2023mimil,Week 1,8,pick2,7224,22,38,57.89,0
2023,2023nhgrs,Week 1,1,captain,3467,1,39,2.56,1
2023,2023nhgrs,Week 1,1,pick1,5687,7,39,17.95,1
2023,2023nhgrs,Week 1,1,pick2,8023,31,39,79.49,1
2023,2023nhgrs,Week 1,2,captain,4041,2,39,5.13,0
2023,2023nhgrs,Week 1,2,pick1,95,4,39,10.26,0
2023,2023nhgrs,Week 1,2,pick2,501,22,39,56.41,0
2023,2023nhgrs,Week 1,3,captain,4564,3,39,7.69,0
2023,2023nhgrs,Week 1,3,pick1,131,19,39,48.72,0
2023,2023nhgrs,Week 1,3,pick2,6763,21,39,53.85,0
2023,2023nhgrs,Week 1,4,captain,6933,5,39,12.82,0
2023,2023nhgrs,Week 1,4,pick1,138,6,39,15.38,0
2023,2023nhgrs,Week 1,4,pick2,467,18,39,46.15,0
2023,2023nhgrs,Week 1,5,captain,1922,8,39,20.51,0
2023,2023nhgrs,Week 1,5,pick1,1058,12,39,30.77,0
2023,2023nhgrs,Week 1,5,pick2,1512,17,39,43.59,0
2023,2023nhgrs,Week 1,6,captain,8708,9,39,23.08,0
2023,2023nhgrs,Week 1,6,pick1,2876,14,39,35.9,0
2023,2023nhgrs,Week 1,6,pick2,7913,26,39,66.67,0
2023,2023nhgrs,Week 1,7,captain,238,10,39,25.64,0
2023,2023nhgrs,Week 1,7,pick1,8724,11,39,28.21,0
2023,2023nhgrs,Week 1,7,pick2,1073,20,39,51.28,0
2023,2023nhgrs,Week 1,8,captain,1247,13,39,33.33,0
2023,2023nhgrs,Week 1,8,pick1,1277,23,39,58.97,0
2023,2023nhgrs,Week 1,8,pick2,6161,15,39,38.46,0
2023,2023nhgrs,Week 1,8,backup,1307,16,39,41.03,0
2023,2023txwac,Week 1,1,captain,6377,1,41,2.44,0
2023,2023txwac,Week 1,1,pick1,6800,4,41,9.76,0
2023,2023txwac,Week 1,1,pick2,9054,18,41,43.9,0
2023,2023txwac,Week 1,2,captain,1477,2,41,4.88,0
2023,2023txwac,Week 1,2,pick1,2714,11,41,26.83,0
2023,2023txwac,Week 1,2,pick2,4717,40,41,97.56,0
2023,2023txwac,Week 1,3,captain,6672,3,41,7.32,0
2023,2023txwac,Week 1,3,pick1,3847,5,41,12.2,0
2023,2023txwac,Week 1,3,pick2,5503,16,41,39.02,0
2023,2023txwac,Week 1,4,captain,3035,6,41,14.63,0
2023,2023txwac,Week 1,4,pick1,9128,8,41,19.51,0
2023,2023txwac,Week 1,4,pick2,5866,41,41,100.0,0
2023,2023txwac,Week 1,5,captain,624,7,41,17.07,1
2023,2023txwac,Week 1,5,pick1,2881,12,41,29.27,1
2023,2023txwac,Week 1,5,pick2,8088,19,41,46.34,1
2023,2023txwac,Week 1,6,captain,8556,9,41,21.95,0
2023,2023txwac,Week 1,6,pick1,8408,33,41,80.49,0
2023,2023txwac,Week 1,6,pick2,3545,27,41,65.85,0
2023,2023txwac,Week 1,7,captain,4610,10,41,24.39,0
2023,2023txwac,Week 1,7,pick1,2158,26,41,63.41,0
2023,2023txwac,Week 1,7,pick2,7540,15,41,36.59,0
2023,2023txwac,Week 1,8,captain,3735,13,41,31.71,0
2023,2023txwac,Week 1,8,pick1,1164,21,41,51.22,0
2023,2023txwac,Week 1,8,pick2,2848,20,41,48.78,0
2023,2023orore,Week 1,1,captain,3711,1,34,2.94,0
2023,2023orore,Week 1,1,pick1,955,3,34,8.82,0
2023,2023orore,Week 1,1,pick2,5468,23,34,67.65,0
2023,2023orore,Week 1,2,captain,7034,2,34,5.88,0
2023,2023orore,Week 1,2,pick1,2521,6,34,17.65,0
2023,2023orore,Week 1,2,pick2,4061,21,34,61.76,0
2023,2023orore,Week 1,3,captain,3218,4,34,11.76,1
2023,2023orore,Week 1,3,pick1,1540,9,34,26.47,1
2023,2023orore,Week 1,3,pick2,5920,22,34,64.71,1
2023,2023orore,Week 1,4,captain,4060,5,34,14.71,0
2023,2023orore,Week 1,4,pick1,4127,7,34,20.59,0
2023,2023orore,Week 1,4,pick2,4662,17,34,50.0,0
2023,2023orore,Week 1,5,captain,3674,8,34,23.53,0
2023,2023orore,Week 1,5,pick1,4488,32,34,94.12,0
2023,2023orore,Week 1,5,pick2,5295,27,34,79.41,0
2023,2023orore,Week 1,6,captain,6845,10,34,29.41,0
2023,2023orore,Week 1,6,pick1,997,20,34,58.82,0
2023,2023orore,Week 1,6,pick2,4513,18,34,52.94,0
2023,2023orore,Week 1,7,captain,2926,11,34,32.35,0
2023,2023orore,Week 1,7,pick1,1595,12,34,35.29,0
2023,2023orore,Week 1,7,pick2,6831,15,34,44.12,0
2023,2023orore,Week 1,7,backup,1432,19,34,55.88,0
2023,2023orore,Week 1,8,captain,6443,13,34,38.24,0
2023,2023orore,Week 1,8,pick1,2811,14,34,41.18,0
2023,2023orore,Week 1,8,pick2,360,16,34,47.06,0
2023,2023caph,Week 1,1,captain,1678,1,44,2.27,1
2023,2023caph,Week 1,1,pick1,4414,9,44,20.45,1
2023,2023caph,Week 1,1,pick2,696,28,44,63.64,1
2023,2023caph,Week 1,2,captain,3255,2,44,4.55,0
2023,2023caph,Week 1,2,pick1,973,11,44,25.0,0
2023,2023caph,Week 1,2,pick2,4,26,44,59.09,0
2023,2023caph,Week 1,3,captain,6036,3,44,6.82,0
2023,2023caph,Week 1,3,pick1,4481,4,44,9.09,0
2023,2023caph,Week 1,3,pick2,3859,25,44,56.82,0
2023,2023caph,Week 1,4,captain,972,5,44,11.36,0
2023,2023caph,Week 1,4,pick1,687,15,44,34.09,0
2023,2023caph,Week 1,4,pick2,2429,23,44,52.27,0
2023,2023caph,Week 1,5,captain,294,6,44,13.64,0
2023,2023caph,Week 1,5,pick1,4201,7,44,15.91,0
2023,2023caph,Week 1,5,pick2,2486,16,44,36.36,0
2023,2023caph,Week 1,6,captain,2102,8,44,18.18,0
2023,2023caph,Week 1,6,pick1,3128,21,44,47.73,0
2023,2023caph,Week 1,6,pick2,3881,32,44,72.73,0
2023,2023caph,Week 1,7,captain,3473,10,44,22.73,0
2023,2023caph,Week 1,7,pick1,2584,38,44,86.36,0
2023,2023caph,Week 1,7,pick2,5012,33,44,75.0,0
2023,2023caph,Week 1,8,captain,5089,12,44,27.27,0
2023,2023caph,Week 1,8,pick1,498,24,44,54.55,0
2023,2023caph,Week 1,8,pick2,3647,18,44,40.91,0
2023,2023inmis,Week 1,1,captain,3940,1,33,3.03,1
2023,2023inmis,Week 1,1,pick1,461,12,33,36.36,1
2023,2023inmis,Week 1,1,pick2,6721,22,33,66.67,1
2023,2023inmis,Week 1,2,captain,910,2,33,6.06,0
2023,2023inmis,Week 1,2,pick1,1024,7,33,21.21,0
2023,2023inmis,Week 1,2,pick2,2909,17,33,51.52,0
2023,2023inmis,Week 1,2,backup,1555,20,33,60.61,0
2023,2023inmis,Week 1,3,captain,1501,3,33,9.09,0
2023,2023inmis,Week 1,3,pick1,3176,6,33,18.18,0
2023,2023inmis,Week 1,3,pick2,6956,19,33,57.58,0
2023,2023inmis,Week 1,4,captain,3487,4,33,12.12,0
2023,2023inmis,Week 1,4,pick1,868,8,33,24.24,0
2023,2023inmis,Week 1,4,pick2,3936,23,33,69.7,0
2023,2023inmis,Week 1,5,captain,862,5,33,15.15,0
2023,2023inmis,Week 1,5,pick1,135,13,33,39.39,0
2023,2023inmis,Week 1,5,pick2,5402,16,33,48.48,0
2023,2023inmis,Week 1,6,captain,71,9,33,27.27,0
2023,2023inmis,Week 1,6,pick1,5484,24,33,72.73,0
2023,2023inmis,Week 1,6,pick2,328,18,33,54.55,0
2023,2023inmis,Week 1,7,captain,45,10,33,30.3,0
2023,2023inmis,Week 1,7,pick1,3147,11,33,33.33,0
2023,2023inmis,Week 1,7,pick2,1018,21,33,63.64,0
2023,2023inmis,Week 1,8,captain,9208,14,33,42.42,0
2023,2023inmis,Week 1,8,pick1,4926,27,33,81.82,0
2023,2023inmis,Week 1,8,pick2,2197,15,33,45.45,0
2023,2023mabri,Week 1,1,captain,1768,1,30,3.33,0
2023,2023mabri,Week 1,1,pick1,125,2,30,6.67,0
2023,2023mabri,Week 1,1,pick2,2262,20,30,66.67,0
2023,2023mabri,Week 1,2,captain,7407,3,30,10.0,0
2023,2023mabri,Week 1,2,pick1,78,5,30,16.67,0
2023,2023mabri,Week 1,2,pick2,9055,26,30,86.67,0
2023,2023mabri,Week 1,3,captain,3314,4,30,13.33,1
2023,2023mabri,Week 1,3,pick1,88,7,30,23.33,1
2023,2023mabri,Week 1,3,pick2,4473,23,30,76.67,1
2023,2023mabri,Week 1,4,captain,8013,6,30,20.0,0
2023,2023mabri,Week 1,4,pick1,2342,17,30,56.67,0
2023,2023mabri,Week 1,4,pick2,1474,19,30,63.33,0
2023,2023mabri,Week 1,5,captain,2713,8,30,26.67,0
2023,2023mabri,Week 1,5,pick1,6153,9,30,30.0,0
2023,2023mabri,Week 1,5,pick2,5962,21,30,70.0,0
2023,2023mabri,Week 1,6,captain,61,10,30,33.33,0
2023,2023mabri,Week 1,6,pick1,2648,11,30,36.67,0
2023,2023mabri,Week 1,6,pick2,4906,22,30,73.33,0
2023,2023mabri,Week 1,7,captain,175,12,30,40.0,0
2023,2023mabri,Week 1,7,pick1,126,25,30,83.33,0
2023,2023mabri,Week 1,7,pick2,6367,15,30,50.0,0
2023,2023mabri,Week 1,8,captain,157,13,30,43.33,0
2023,2023mabri,Week 1,8,pick1,69,14,30,46.67,0
2023,2023mabri,Week 1,8,pick2,5000,18,30,60.0,0
2023,2023ncash,Week 1,1,captain,4795,1,29,3.45,1
2023,2023ncash,Week 1,1,pick1,587,5,29,17.24,1
2023,2023ncash,Week 1,1,pick2,8833,24,29,82.76,1
2023,2023ncash,Week 1,1,backup,5679,18,29,62.07,1
2023,2023ncash,Week 1,2,captain,4561,2,29,6.9,0
2023,2023ncash,Week 1,2,pick1,5727,13,29,44.83,0
2023,2023ncash,Week 1,2,pick2,6639,29,29,100.0,0
2023,2023ncash,Week 1,2,backup,6729,19,29,65.52,0
2023,2023ncash,Week 1,3,captain,7890,3,29,10.34,0
2023,2023ncash,Week 1,3,pick1,3506,4,29,13.79,0
2023,2023ncash,Week 1,3,pick2,9005,23,29,79.31,0
2023,2023ncash,Week 1,4,captain,4935,6,29,20.69,0
2023,2023ncash,Week 1,4,pick1,4290,9,29,31.03,0
2023,2023ncash,Week 1,4,pick2,6932,20,29,68.97,0
2023,2023ncash,Week 1,5,captain,6004,7,29,24.14,0
2023,2023ncash,Week 1,5,pick1,9000,12,29,41.38,0
2023,2023ncash,Week 1,5,pick2,8727,25,29,86.21,0
2023,2023ncash,Week 1,6,captain,900,8,29,27.59,0
2023,2023ncash,Week 1,6,pick1,8429,10,29,34.48,0
2023,2023ncash,Week 1,6,pick2,5511,17,29,58.62,0
2023,2023ncash,Week 1,7,captain,3196,11,29,37.93,0
2023,2023ncash,Week 1,7,pick1,6888,16,29,55.17,0
2023,2023ncash,Week 1,7,pick2,6502,21,29,72.41,0
2023,2023ncash,Week 1,8,captain,2642,14,29,48.28,0
2023,2023ncash,Week 1,8,pick1,9150,15,29,51.72,0
2023,2023ncash,Week 1,8,pick2,1533,28,29,96.55,0
2023,2023onbar,Week 1,1,captain,4039,1,28,3.57,1
2023,2023onbar,Week 1,1,pick1,1114,3,28,10.71,1
2023,2023onbar,Week 1,1,pick2,7659,18,28,64.29,1
2023,2023onbar,Week 1,2,captain,4976,2,28,7.14,0
2023,2023onbar,Week 1,2,pick1,1241,7,28,25.0,0
2023,2023onbar,Week 1,2,pick2,2935,28,28,100.0,0
2023,2023onbar,Week 1,3,captain,1325,4,28,14.29,0
2023,2023onbar,Week 1,3,pick1,3161,12,28,42.86,0
2023,2023onbar,Week 1,3,pick2,8731,24,28,85.71,0
2023,2023onbar,Week 1,4,captain,4069,5,28,17.86,0
2023,2023onbar,Week 1,4,pick1,9098,6,28,21.43,0
2023,2023onbar,Week 1,4,pick2,7200,20,28,71.43,0
2023,2023onbar,Week 1,5,captain,1285,8,28,28.57,0
2023,2023onbar,Week 1,5,pick1,4920,14,28,50.0,0
2023,2023onbar,Week 1,5,pick2,865,21,28,75.0,0
2023,2023onbar,Week 1,6,captain,4152,9,28,32.14,0
2023,2023onbar,Week 1,6,pick1,5031,16,28,57.14,0
2023,2023onbar,Week 1,6,pick2,5672,22,28,78.57,0
2023,2023onbar,Week 1,7,captain,1360,10,28,35.71,0
2023,2023onbar,Week 1,7,pick1,4903,26,28,92.86,0
2023,2023onbar,Week 1,7,pick2,5885,15,28,53.57,0
2023,2023onbar,Week 1,8,captain,781,11,28,39.29,0
2023,2023onbar,Week 1,8,pick1,3739,13,28,46.43,0
2023,2023onbar,Week 1,8,pick2,7757,17,28,60.71,0
2023,2023onnew,Week 1,1,captain,2056,1,34,2.94,1
2023,2023onnew,Week 1,1,pick1,2200,2,34,5.88,1
2023,2023onnew,Week 1,1,pick2,4951,29,34,85.29,1
2023,2023onnew,Week 1,2,captain,1305,3,34,8.82,0
2023,2023onnew,Week 1,2,pick1,7558,6,34,17.65,0
2023,2023onnew,Week 1,2,pick2,6514,19,34,55.88,0
2023,2023onnew,Week 1,3,captain,610,4,34,11.76,0
2023,2023onnew,Week 1,3,pick1,4946,14,34,41.18,0
2023,2023onnew,Week 1,3,pick2,6987,23,34,67.65,0
2023,2023onnew,Week 1,4,captain,4476,5,34,14.71,0
2023,2023onnew,Week 1,4,pick1,5409,8,34,23.53,0
2023,2023onnew,Week 1,4,pick2,5719,21,34,61.76,0
2023,2023onnew,Week 1,5,captain,2702,7,34,20.59,0
2023,2023onnew,Week 1,5,pick1,7480,10,34,29.41,0
2023,2023onnew,Week 1,5,pick2,7603,26,34,76.47,0
2023,2023onnew,Week 1,6,captain,188,9,34,26.47,0
2023,2023onnew,Week 1,6,pick1,2386,15,34,44.12,0
2023,2023onnew,Week 1,6,pick2,7712,20,34,58.82,0
2023,2023onnew,Week 1,7,captain,6378,11,34,32.35,0
2023,2023onnew,Week 1,7,pick1,5834,12,34,35.29,0
2023,2023onnew,Week 1,7,pick2,7476,25,34,73.53,0
2023,2023onnew,Week 1,8,captain,8349,13,34,38.24,0
2023,2023onnew,Week 1,8,pick1,6140,16,34,47.06,0
2023,2023onnew,Week 1,8,pick2,5036,17,34,50.0,0
2023,2023pahat,Week 1,1,captain,2539,1,34,2.94,1
2023,2023pahat,Week 1,1,pick1,5895,2,34,5.88,1
2023,2023pahat,Week 1,1,pick2,433,16,34,47.06,1
2023,2023pahat,Week 1,2,captain,1218,3,34,8.82,0
2023,2023pahat,Week 1,2,pick1,103,5,34,14.71,0
2023,2023pahat,Week 1,2,pick2,2095,21,34,61.76,0
2023,2023pahat,Week 1,3,captain,1807,4,34,11.76,0
2023,2023pahat,Week 1,3,pick1,2607,13,34,38.24,0
2023,2023pahat,Week 1,3,pick2,2180,31,34,91.18,0
2023,2023pahat,Week 1,4,captain,1640,6,34,17.65,0
2023,2023pahat,Week 1,4,pick1,341,7,34,20.59,0
2023,2023pahat,Week 1,4,pick2,6808,24,34,70.59,0
2023,2023pahat,Week 1,4,backup,816,19,34,55.88,0
2023,2023pahat,Week 1,5,captain,25,8,34,23.53,0
2023,2023pahat,Week 1,5,pick1,1391,17,34,50.0,0
2023,2023pahat,Week 1,5,pick2,4653,20,34,58.82,0
2023,2023pahat,Week 1,6,captain,272,9,34,26.47,0
2023,2023pahat,Week 1,6,pick1,708,11,34,32.35,0
2023,2023pahat,Week 1,6,pick2,6226,27,34,79.41,0
2023,2023pahat,Week 1,7,captain,3637,10,34,29.41,0
2023,2023pahat,Week 1,7,pick1,5684,15,34,44.12,0
2023,2023pahat,Week 1,7,pick2,365,14,34,41.18,0
2023,2023pahat,Week 1,8,captain,423,12,34,35.29,0
2023,2023pahat,Week 1,8,pick1,5181,18,34,52.94,0
2023,2023pahat,Week 1,8,pick2,2590,28,34,82.35,0
2023,2023vabla,Week 1,1,captain,2363,1,34,2.94,1
2023,2023vabla,Week 1,1,pick1,401,3,34,8.82,1
2023,2023vabla,Week 1,1,pick2,1915,27,34,79.41,1
2023,2023vabla,Week 1,1,backup,3373,15,34,44.12,1
2023,2023vabla,Week 1,2,captain,1629,2,34,5.88,0
2023,2023vabla,Week 1,2,pick1,1731,4,34,11.76,0
2023,2023vabla,Week 1,2,pick2,1086,30,34,88.24,0
2023,2023vabla,Week 1,3,captain,6802,5,34,14.71,0
2023,2023vabla,Week 1,3,pick1,3136,6,34,17.65,0
2023,2023vabla,Week 1,3,pick2,1885,31,34,91.18,0
2023,2023vabla,Week 1,4,captain,623,7,34,20.59,0
2023,2023vabla,Week 1,4,pick1,2106,13,34,38.24,0
2023,2023vabla,Week 1,4,pick2,2028,22,34,64.71,0
2023,2023vabla,Week 1,5,captain,5724,8,34,23.53,0
2023,2023vabla,Week 1,5,pick1,422,12,34,35.29,0
2023,2023vabla,Week 1,5,pick2,3939,20,34,58.82,0
2023,2023vabla,Week 1,6,captain,346,9,34,26.47,0
2023,2023vabla,Week 1,6,pick1,8592,17,34,50.0,0
2023,2023vabla,Week 1,6,pick2,977,26,34,76.47,0
2023,2023vabla,Week 1,7,captain,122,10,34,29.41,0
2023,2023vabla,Week 1,7,pick1,8230,11,34,32.35,0
2023,2023vabla,Week 1,7,pick2,619,18,34,52.94,0
2023,2023vabla,Week 1,8,captain,4456,14,34,41.18,0
2023,2023vabla,Week 1,8,pick1,1262,16,34,47.06,0
2023,2023vabla,Week 1,8,pick2,6194,23,34,67.65,0
2023,2023txdal,Week 1,1,captain,3005,1,31,3.23,1
2023,2023txdal,Week 1,1,pick1,2468,2,31,6.45,1
2023,2023txdal,Week 1,1,pick2,5682,23,31,74.19,1
2023,2023txdal,Week 1,2,captain,2582,3,31,9.68,0
2023,2023txdal,Week 1,2,pick1,1745,4,31,12.9,0
2023,2023txdal,Week 1,2,pick2,9088,21,31,67.74,0
2023,2023txdal,Week 1,3,captain,3802,5,31,16.13,0
2023,2023txdal,Week 1,3,pick1,2687,7,31,22.58,0
2023,2023txdal,Week 1,3,pick2,9156,16,31,51.61,0
2023,2023txdal,Week 1,4,captain,4192,6,31,19.35,0
2023,2023txdal,Week 1,4,pick1,5572,9,31,29.03,0
2023,2023txdal,Week 1,4,pick2,8874,17,31,54.84,0
2023,2023txdal,Week 1,5,captain,4641,8,31,25.81,0
2023,2023txdal,Week 1,5,pick1,1296,11,31,35.48,0
2023,2023txdal,Week 1,5,pick2,5417,24,31,77.42,0
2023,2023txdal,Week 1,6,captain,2689,10,31,32.26,0
2023,2023txdal,Week 1,6,pick1,5431,19,31,61.29,0
2023,2023txdal,Week 1,6,pick2,8858,20,31,64.52,0
2023,2023txdal,Week 1,7,captain,6901,12,31,38.71,0
2023,2023txdal,Week 1,7,pick1,9034,15,31,48.39,0
2023,2023txdal,Week 1,7,pick2,7121,14,31,45.16,0
2023,2023txdal,Week 1,8,captain,7503,13,31,41.94,0
2023,2023txdal,Week 1,8,pick1,8749,25,31,80.65,0
2023,2023txdal,Week 1,8,pick2,7506,22,31,70.97,0
2023,2023wasno,Week 1,1,captain,2910,1,34,2.94,1
2023,2023wasno,Week 1,1,pick1,2930,2,34,5.88,1
2023,2023wasno,Week 1,1,pick2,1778,30,34,88.24,1
2023,2023wasno,Week 1,2,captain,7627,3,34,8.82,0
2023,2023wasno,Week 1,2,pick1,4131,13,34,38.24,0
2023,2023wasno,Week 1,2,pick2,4512,19,34,55.88,0
2023,2023wasno,Week 1,3,captain,488,4,34,11.76,0
2023,2023wasno,Week 1,3,pick1,1318,7,34,20.59,0
2023,2023wasno,Week 1,3,pick2,2928,29,34,85.29,0
2023,2023wasno,Week 1,4,captain,4911,5,34,14.71,0
2023,2023wasno,Week 1,4,pick1,2522,8,34,23.53,0
2023,2023wasno,Week 1,4,pick2,5941,18,34,52.94,0
2023,2023wasno,Week 1,4,backup,4089,22,34,64.71,0
2023,2023wasno,Week 1,5,captain,4915,6,34,17.65,0
2023,2023wasno,Week 1,5,pick1,2147,9,34,26.47,0
2023,2023wasno,Week 1,5,pick2,4682,23,34,67.65,0
2023,2023wasno,Week 1,6,captain,4681,10,34,29.41,0
2023,2023wasno,Week 1,6,pick1,2976,11,34,32.35,0
2023,2023wasno,Week 1,6,pick2,3049,21,34,61.76,0
2023,2023wasno,Week 1,7,captain,4173,12,34,35.29,0
2023,2023wasno,Week 1,7,pick1,2412,16,34,47.06,0
2023,2023wasno,Week 1,7,pick2,1899,20,34,58.82,0
2023,2023wasno,Week 1,8,captain,3826,14,34,41.18,0
2023,2023wasno,Week 1,8,pick1,2980,15,34,44.12,0
2023,2023wasno,Week 1,8,pick2,9036,17,34,50.0,0
2023,2023ilch,Week 2,1,captain,5934,1,46,2.17,0
2023,2023ilch,Week 2,1,pick1,2338,5,46,10.87,0
2023,2023ilch,Week 2,1,pick2,2506,33,46,71.74,0
2023,2023ilch,Week 2,2,captain,111,2,46,4.35,1
2023,2023ilch,Week 2,2,pick1,930,10,46,21.74,1
2023,2023ilch,Week 2,2,pick2,7460,18,46,39.13,1
2023,2023ilch,Week 2,3,captain,2451,3,46,6.52,0
2023,2023ilch,Week 2,3,pick1,112,19,46,41.3,0
2023,2023ilch,Week 2,3,pick2,2830,32,46,69.57,0
2023,2023ilch,Week 2,4,captain,694,4,46,8.7,0
2023,2023ilch,Week 2,4,pick1,8096,7,46,15.22,0
2023,2023ilch,Week 2,4,pick2,2022,29,46,63.04,0
2023,2023ilch,Week 2,5,captain,4327,6,46,13.04,0
2023,2023ilch,Week 2,5,pick1,8122,22,46,47.83,0
2023,2023ilch,Week 2,5,pick2,3067,14,46,30.43,0
2023,2023ilch,Week 2,6,captain,3488,8,46,17.39,0
2023,2023ilch,Week 2,6,pick1,3061,9,46,19.57,0
2023,2023ilch,Week 2,6,pick2,3734,17,46,36.96,0
2023,2023ilch,Week 2,7,captain,1625,11,46,23.91,0
2023,2023ilch,Week 2,7,pick1,1781,12,46,26.09,0
2023,2023ilch,Week 2,7,pick2,8802,27,46,58.7,0
2023,2023ilch,Week 2,8,captain,379,13,46,28.26,0
2023,2023ilch,Week 2,8,pick1,48,24,46,52.17,0
2023,2023ilch,Week 2,8,pick2,2013,31,46,67.39,0
2023,2023mosl,Week 2,1,captain,2202,1,43,2.33,0
2023,2023mosl,Week 2,1,pick1,1756,8,43,18.6,0
2023,2023mosl,Week 2,1,pick2,5176,15,43,34.88,0
2023,2023mosl,Week 2,2,captain,1706,2,43,4.65,1
2023,2023mosl,Week 2,2,pick1,4143,3,43,6.98,1
2023,2023mosl,Week 2,2,pick2,6420,19,43,44.19,1
2023,2023mosl,Week 2,2,backup,6823,17,43,39.53,1
2023,2023mosl,Week 2,3,captain,9031,4,43,9.3,0
2023,2023mosl,Week 2,3,pick1,1339,12,43,27.91,0
2023,2023mosl,Week 2,3,pick2,7472,23,43,53.49,0
2023,2023mosl,Week 2,4,captain,706,5,43,11.63,0
2023,2023mosl,Week 2,4,pick1,4500,9,43,20.93,0
2023,2023mosl,Week 2,4,pick2,1259,21,43,48.84,0
2023,2023mosl,Week 2,5,captain,4256,6,43,13.95,0
2023,2023mosl,Week 2,5,pick1,4329,16,43,37.21,0
2023,2023mosl,Week 2,5,pick2,2062,25,43,58.14,0
2023,2023mosl,Week 2,6,captain,7747,7,43,16.28,0
2023,2023mosl,Week 2,6,pick1,4330,18,43,41.86,0
2023,2023mosl,Week 2,6,pick2,6391,20,43,46.51,0
2023,2023mosl,Week 2,7,captain,967,10,43,23.26,0
2023,2023mosl,Week 2,7,pick1,1982,24,43,55.81,0
2023,2023mosl,Week 2,7,pick2,6744,14,43,32.56,0
2023,2023mosl,Week 2,7,backup,1208,22,43,51.16,0
2023,2023mosl,Week 2,8,captain,931,11,43,25.58,0
2023,2023mosl,Week 2,8,pick1,1288,27,43,62.79,0
2023,2023mosl,Week 2,8,pick2,1178,13,43,30.23,0
2023,2023ndgf,Week 2,1,captain,6045,1,53,1.89,0
2023,2023ndgf,Week 2,1,pick1,4607,2,53,3.77,0
2023,2023ndgf,Week 2,1,pick2,4226,18,53,33.96,0
2023,2023ndgf,Week 2,2,captain,7028,3,53,5.66,0
2023,2023ndgf,Week 2,2,pick1,876,11,53,20.75,0
2023,2023ndgf,Week 2,2,pick2,3630,34,53,64.15,0
2023,2023ndgf,Week 2,3,captain,7257,4,53,7.55,0
2023,2023ndgf,Week 2,3,pick1,5638,6,53,11.32,0
2023,2023ndgf,Week 2,3,pick2,3134,17,53,32.08,0
2023,2023ndgf,Week 2,4,captain,2509,5,53,9.43,0
2023,2023ndgf,Week 2,4,pick1,2470,15,53,28.3,0
2023,2023ndgf,Week 2,4,pick2,3058,26,53,49.06,0
2023,2023ndgf,Week 2,5,captain,3275,7,53,13.21,0
2023,2023ndgf,Week 2,5,pick1,4239,10,53,18.87,0
2023,2023ndgf,Week 2,5,pick2,3293,22,53,41.51,0
2023,2023ndgf,Week 2,6,captain,3216,8,53,15.09,0
2023,2023ndgf,Week 2,6,pick1,4539,13,53,24.53,0
2023,2023ndgf,Week 2,6,pick2,537,37,53,69.81,0
2023,2023ndgf,Week 2,7,captain,5172,9,53,16.98,1
2023,2023ndgf,Week 2,7,pick1,2883,16,53,30.19,1
2023,2023ndgf,Week 2,7,pick2,6146,14,53,26.42,1
2023,2023ndgf,Week 2,8,captain,4663,12,53,22.64,0
2023,2023ndgf,Week 2,8,pick1,3026,19,53,35.85,0
2023,2023ndgf,Week 2,8,pick2,4536,20,53,37.74,0
2023,2023okok,Week 2,1,captain,1619,1,34,2.94,1
2023,2023okok,Week 2,1,pick1,6424,2,34,5.88,1
2023,2023okok,Week 2,1,pick2,2333,20,34,58.82,1
2023,2023okok,Week 2,1,backup,2945,18,34,52.94,1
2023,2023okok,Week 2,2,captain,2352,3,34,8.82,0
2023,2023okok,Week 2,2,pick1,4005,11,34,32.35,0
2023,2023okok,Week 2,2,pick2,2359,25,34,73.53,0
2023,2023okok,Week 2,3,captain,3660,4,34,11.76,0
2023,2023okok,Week 2,3,pick1,1108,6,34,17.65,0
2023,2023okok,Week 2,3,pick2,6026,19,34,55.88,0
2023,2023okok,Week 2,4,captain,1209,5,34,14.71,0
2023,2023okok,Week 2,4,pick1,3931,9,34,26.47,0
2023,2023okok,Week 2,4,pick2,3247,22,34,64.71,0
2023,2023okok,Week 2,5,captain,5889,7,34,20.59,0
2023,2023okok,Week 2,5,pick1,1561,8,34,23.53,0
2023,2023okok,Week 2,5,pick2,2718,24,34,70.59,0
2023,2023okok,Week 2,6,captain,1410,10,34,29.41,0
2023,2023okok,Week 2,6,pick1,3160,13,34,38.24,0
2023,2023okok,Week 2,6,pick2,9007,21,34,61.76,0
2023,2023okok,Week 2,7,captain,2165,12,34,35.29,0
2023,2023okok,Week 2,7,pick1,8711,33,34,97.06,0
2023,2023okok,Week 2,7,pick2,2373,16,34,47.06,0
2023,2023okok,Week 2,8,captain,2773,14,34,41.18,0
2023,2023okok,Week 2,8,pick1,2341,15,34,44.12,0
2023,2023okok,Week 2,8,pick2,4293,26,34,76.47,0
2023,2023okok,Week 2,8,backup,4523,17,34,50.0,0
2023,2023gadal,Week 2,1,captain,2974,1,25,4.0,1
2023,2023gadal,Week 2,1,pick1,6340,2,25,8.0,1
2023,2023gadal,Week 2,1,pick2,8865,25,25,100.0,1
2023,2023gadal,Week 2,2,captain,6341,3,25,12.0,0
2023,2023gadal,Week 2,2,pick1,1758,4,25,16.0,0
2023,2023gadal,Week 2,2,pick2,3815,20,25,80.0,0
2023,2023gadal,Week 2,3,captain,5900,5,25,20.0,0
2023,2023gadal,Week 2,3,pick1,6023,7,25,28.0,0
2023,2023gadal,Week 2,3,pick2,7514,19,25,76.0,0
2023,2023gadal,Week 2,4,captain,8080,6,25,24.0,0
2023,2023gadal,Week 2,4,pick1,6712,8,25,32.0,0
2023,2023gadal,Week 2,4,pick2,8761,24,25,96.0,0
2023,2023gadal,Week 2,5,captain,6705,9,25,36.0,0
2023,2023gadal,Week 2,5,pick1,6887,11,25,44.0,0
2023,2023gadal,Week 2,5,pick2,5219,23,25,92.0,0
2023,2023gadal,Week 2,6,captain,6944,10,25,40.0,0
2023,2023gadal,Week 2,6,pick1,7451,17,25,68.0,0
2023,2023gadal,Week 2,6,pick2,1002,16,25,64.0,0
2023,2023gadal,Week 2,7,captain,4516,12,25,48.0,0
2023,2023gadal,Week 2,7,pick1,8866,21,25,84.0,0
2023,2023gadal,Week 2,7,pick2,832,22,25,88.0,0
2023,2023gadal,Week 2,8,captain,4026,13,25,52.0,0
2023,2023gadal,Week 2,8,pick1,1311,15,25,60.0,0
2023,2023gadal,Week 2,8,pick2,1648,18,25,72.0,0
2023,2023mike2,Week 2,1,captain,5603,1,39,2.56,0
2023,2023mike2,Week 2,1,pick1,3534,29,39,74.36,0
2023,2023mike2,Week 2,1,pick2,5150,28,39,71.79,0
2023,2023mike2,Week 2,2,captain,5166,2,39,5.13,0
2023,2023mike2,Week 2,2,pick1,5235,14,39,35.9,0
2023,2023mike2,Week 2,2,pick2,2604,15,39,38.46,0
2023,2023mike2,Week 2,3,captain,1718,3,39,7.69,0
2023,2023mike2,Week 2,3,pick1,4779,9,39,23.08,0
2023,2023mike2,Week 2,3,pick2,9242,24,39,61.54,0
2023,2023mike2,Week 2,4,captain,494,4,39,10.26,1
2023,2023mike2,Week 2,4,pick1,68,7,39,17.95,1
2023,2023mike2,Week 2,4,pick2,3098,27,39,69.23,1
2023,2023mike2,Week 2,5,captain,5612,5,39,12.82,0
2023,2023mike2,Week 2,5,pick1,5114,16,39,41.03,0
2023,2023mike2,Week 2,5,pick2,3568,20,39,51.28,0
2023,2023mike2,Week 2,6,captain,1684,6,39,15.38,0
2023,2023mike2,Week 2,6,pick1,3667,11,39,28.21,0
2023,2023mike2,Week 2,6,pick2,322,13,39,33.33,0
2023,2023mike2,Week 2,7,captain,5561,8,39,20.51,0
2023,2023mike2,Week 2,7,pick1,8426,19,39,48.72,0
2023,2023mike2,Week 2,7,pick2,5860,31,39,79.49,0
2023,2023mike2,Week 2,8,captain,314,10,39,25.64,0
2023,2023mike2,Week 2,8,pick1,6098,12,39,30.77,0
2023,2023mike2,Week 2,8,pick2,2137,22,39,56.41,0
2023,2023milan,Week 2,1,captain,51,1,36,2.78,0
2023,2023milan,Week 2,1,pick1,862,3,36,8.33,0
2023,2023milan,Week 2,1,pick2,5697,19,36,52.78,0
2023,2023milan,Week 2,1,backup,9241,24,36,66.67,0
2023,2023milan,Week 2,2,captain,3536,2,36,5.56,0
2023,2023milan,Week 2,2,pick1,7056,4,36,11.11,0
2023,2023milan,Week 2,2,pick2,5530,36,36,100.0,0
2023,2023milan,Week 2,3,captain,6570,5,36,13.89,0
2023,2023milan,Week 2,3,pick1,4983,7,36,19.44,0
2023,2023milan,Week 2,3,pick2,6150,21,36,58.33,0
2023,2023milan,Week 2,4,captain,5560,6,36,16.67,0
2023,2023milan,Week 2,4,pick1,5907,8,36,22.22,0
2023,2023milan,Week 2,4,pick2,7289,18,36,50.0,0
2023,2023milan,Week 2,5,captain,1481,9,36,25.0,1
2023,2023milan,Week 2,5,pick1,3655,11,36,30.56,1
2023,2023milan,Week 2,5,pick2,5674,26,36,72.22,1
2023,2023milan,Week 2,5,backup,6610,22,36,61.11,1
2023,2023milan,Week 2,6,captain,3618,10,36,27.78,0
2023,2023milan,Week 2,6,pick1,6078,17,36,47.22,0
2023,2023milan,Week 2,6,pick2,5567,20,36,55.56,0
2023,2023milan,Week 2,7,captain,1322,12,36,33.33,0
2023,2023milan,Week 2,7,pick1,8374,23,36,63.89,0
2023,2023milan,Week 2,7,pick2,2246,16,36,44.44,0
2023,2023milan,Week 2,8,captain,5702,13,36,36.11,0
2023,2023milan,Week 2,8,pick1,6591,14,36,38.89,0
2023,2023milan,Week 2,8,pick2,6548,15,36,41.67,0
2023,2023misjo,Week 2,1,captain,6002,1,39,2.56,0
2023,2023misjo,Week 2,1,pick1,2767,3,39,7.69,0
2023,2023misjo,Week 2,1,pick2,5247,37,39,94.87,0
2023,2023misjo,Week 2,2,captain,4237,2,39,5.13,0
2023,2023misjo,Week 2,2,pick1,5152,5,39,12.82,0
2023,2023misjo,Week 2,2,pick2,5227,24,39,61.54,0
2023,2023misjo,Week 2,3,captain,3620,4,39,10.26,1
2023,2023misjo,Week 2,3,pick1,5712,8,39,20.51,1
2023,2023misjo,Week 2,3,pick2,5843,18,39,46.15,1
2023,2023misjo,Week 2,4,captain,5675,6,39,15.38,0
2023,2023misjo,Week 2,4,pick1,4776,7,39,17.95,0
2023,2023misjo,Week 2,4,pick2,5982,26,39,66.67,0
2023,2023misjo,Week 2,5,captain,74,9,39,23.08,0
2023,2023misjo,Week 2,5,pick1,5462,10,39,25.64,0
2023,2023misjo,Week 2,5,pick2,5535,31,39,79.49,0
2023,2023misjo,Week 2,6,captain,5927,11,39,28.21,0
2023,2023misjo,Week 2,6,pick1,9208,34,39,87.18,0
2023,2023misjo,Week 2,6,pick2,6588,16,39,41.03,0
2023,2023misjo,Week 2,7,captain,1940,12,39,30.77,0
2023,2023misjo,Week 2,7,pick1,4325,15,39,38.46,0
2023,2023misjo,Week 2,7,pick2,5610,14,39,35.9,0
2023,2023misjo,Week 2,8,captain,3875,13,39,33.33,0
2023,2023misjo,Week 2,8,pick1,3604,25,39,64.1,0
2023,2023misjo,Week 2,8,pick2,8126,20,39,51.28,0
2023,2023txbel,Week 2,1,captain,3802,1,38,2.63,1
2023,2023txbel,Week 2,1,pick1,5414,5,38,13.16,1
2023,2023txbel,Week 2,1,pick2,6155,34,38,89.47,1
2023,2023txbel,Week 2,1,backup,3743,23,38,60.53,1
2023,2023txbel,Week 2,2,captain,3679,2,38,5.26,0
2023,2023txbel,Week 2,2,pick1,5892,4,38,10.53,0
2023,2023txbel,Week 2,2,pick2,8827,19,38,50.0,0
2023,2023txbel,Week 2,3,captain,6901,3,38,7.89,0
2023,2023txbel,Week 2,3,pick1,2583,13,38,34.21,0
2023,2023txbel,Week 2,3,pick2,4597,17,38,44.74,0
2023,2023txbel,Week 2,4,captain,9140,6,38,15.79,0
2023,2023txbel,Week 2,4,pick1,8088,12,38,31.58,0
2023,2023txbel,Week 2,4,pick2,5894,18,38,47.37,0
2023,2023txbel,Week 2,5,captain,5503,7,38,18.42,0
2023,2023txbel,Week 2,5,pick1,6357,9,38,23.68,0
2023,2023txbel,Week 2,5,pick2,5726,15,38,39.47,0
2023,2023txbel,Week 2,6,captain,9311,8,38,21.05,0
2023,2023txbel,Week 2,6,pick1,2789,35,38,92.11,0
2023,2023txbel,Week 2,6,pick2,8610,16,38,42.11,0
2023,2023txbel,Week 2,7,captain,3561,10,38,26.32,0
2023,2023txbel,Week 2,7,pick1,4364,11,38,28.95,0
2023,2023txbel,Week 2,7,pick2,8507,20,38,52.63,0
2023,2023txbel,Week 2,8,captain,418,14,38,36.84,0
2023,2023txbel,Week 2,8,pick1,9034,29,38,76.32,0
2023,2023txbel,Week 2,8,pick2,8114,36,38,94.74,0
2023,2023orwil,Week 2,1,captain,2046,1,28,3.57,0
2023,2023orwil,Week 2,1,pick1,3636,2,28,7.14,0
2023,2023orwil,Week 2,1,pick2,6696,23,28,82.14,0
2023,2023orwil,Week 2,2,captain,2471,3,28,10.71,0
2023,2023orwil,Week 2,2,pick1,1425,4,28,14.29,0
2023,2023orwil,Week 2,2,pick2,6465,20,28,71.43,0
2023,2023orwil,Week 2,3,captain,6343,5,28,17.86,0
2023,2023orwil,Week 2,3,pick1,4450,19,28,67.86,0
2023,2023orwil,Week 2,3,pick2,2915,12,28,42.86,0
2023,2023orwil,Week 2,4,captain,2990,6,28,21.43,0
2023,2023orwil,Week 2,4,pick1,4043,16,28,57.14,0
2023,2023orwil,Week 2,4,pick2,6845,26,28,92.86,0
2023,2023orwil,Week 2,5,captain,4488,7,28,25.0,1
2023,2023orwil,Week 2,5,pick1,753,27,28,96.43,1
2023,2023orwil,Week 2,5,pick2,5975,21,28,75.0,1
2023,2023orwil,Week 2,6,captain,1540,8,28,28.57,0
2023,2023orwil,Week 2,6,pick1,957,22,28,78.57,0
2023,2023orwil,Week 2,6,pick2,2374,17,28,60.71,0
2023,2023orwil,Week 2,7,captain,8532,9,28,32.14,0
2023,2023orwil,Week 2,7,pick1,4127,10,28,35.71,0
2023,2023orwil,Week 2,7,pick2,2635,15,28,53.57,0
2023,2023orwil,Week 2,8,captain,5970,11,28,39.29,0
2023,2023orwil,Week 2,8,pick1,4662,24,28,85.71,0
2023,2023orwil,Week 2,8,pick2,2898,18,28,64.29,0
2023,2023cafr,Week 2,1,captain,1323,1,38,2.63,1
2023,2023cafr,Week 2,1,pick1,973,2,38,5.26,1
2023,2023cafr,Week 2,1,pick2,6657,24,38,63.16,1
2023,2023cafr,Week 2,2,captain,8048,3,38,7.89,0
2023,2023cafr,Week 2,2,pick1,5940,7,38,18.42,0
2023,2023cafr,Week 2,2,pick2,2135,37,38,97.37,0
2023,2023cafr,Week 2,3,captain,8033,4,38,10.53,0
2023,2023cafr,Week 2,3,pick1,1671,5,38,13.16,0
2023,2023cafr,Week 2,3,pick2,5104,36,38,94.74,0
2023,2023cafr,Week 2,4,captain,670,6,38,15.79,0
2023,2023cafr,Week 2,4,pick1,4738,8,38,21.05,0
2023,2023cafr,Week 2,4,pick2,8546,32,38,84.21,0
2023,2023cafr,Week 2,5,captain,1148,9,38,23.68,0
2023,2023cafr,Week 2,5,pick1,5026,22,38,57.89,0
2023,2023cafr,Week 2,5,pick2,4400,19,38,50.0,0
2023,2023cafr,Week 2,5,backup,6305,15,38,39.47,0
2023,2023cafr,Week 2,6,captain,2551,10,38,26.32,0
2023,2023cafr,Week 2,6,pick1,3970,13,38,34.21,0
2023,2023cafr,Week 2,6,pick2,8768,14,38,36.84,0
2023,2023cafr,Week 2,7,captain,2288,11,38,28.95,0
2023,2023cafr,Week 2,7,pick1,1072,20,38,52.63,0
2023,2023cafr,Week 2,7,pick2,7419,28,38,73.68,0
2023,2023cafr,Week 2,8,captain,100,12,38,31.58,0
2023,2023cafr,Week 2,8,pick1,6238,33,38,86.84,0
2023,2023cafr,Week 2,8,pick2,5817,26,38,68.42,0
2023,2023caoc,Week 2,1,captain,4322,1,47,2.13,0
2023,2023caoc,Week 2,1,pick1,1538,6,47,12.77,0
2023,2023caoc,Week 2,1,pick2,4183,31,47,65.96,0
2023,2023caoc,Week 2,2,captain,7157,2,47,4.26,0
2023,2023caoc,Week 2,2,pick1,5199,10,47,21.28,0
2023,2023caoc,Week 2,2,pick2,6695,25,47,53.19,0
2023,2023caoc,Week 2,2,backup,5025,22,47,46.81,0
2023,2023caoc,Week 2,3,captain,987,3,47,6.38,1
2023,2023caoc,Week 2,3,pick1,4415,12,47,25.53,1
2023,2023caoc,Week 2,3,pick2,4276,27,47,57.45,1
2023,2023caoc,Week 2,4,captain,3476,4,47,8.51,0
2023,2023caoc,Week 2,4,pick1,6560,21,47,44.68,0
2023,2023caoc,Week 2,4,pick2,6220,19,47,40.43,0
2023,2023caoc,Week 2,5,captain,7137,5,47,10.64,0
2023,2023caoc,Week 2,5,pick1,1160,18,47,38.3,0
2023,2023caoc,Week 2,5,pick2,968,20,47,42.55,0
2023,2023caoc,Week 2,6,captain,4123,7,47,14.89,0
2023,2023caoc,Week 2,6,pick1,9271,15,47,31.91,0
2023,2023caoc,Week 2,6,pick2,5461,14,47,29.79,0
2023,2023caoc,Week 2,7,captain,2637,8,47,17.02,0
2023,2023caoc,Week 2,7,pick1,2839,13,47,27.66,0
2023,2023caoc,Week 2,7,pick2,3882,16,47,34.04,0
2023,2023caoc,Week 2,8,captain,4014,9,47,19.15,0
2023,2023caoc,Week 2,8,pick1,7447,11,47,23.4,0
2023,2023caoc,Week 2,8,pick2,1884,17,47,36.17,0
2023,2023cave,Week 2,1,captain,4414,1,46,2.17,1
2023,2023cave,Week 2,1,pick1,4481,2,46,4.35,1
2023,2023cave,Week 2,1,pick2,4,30,46,65.22,1
2023,2023cave,Week 2,2,captain,359,3,46,6.52,0
2023,2023cave,Week 2,2,pick1,9084,17,46,36.96,0
2023,2023cave,Week 2,2,pick2,5274,25,46,54.35,0
2023,2023cave,Week 2,2,backup,1836,21,46,45.65,0
2023,2023cave,Week 2,3,captain,2813,4,46,8.7,0
2023,2023cave,Week 2,3,pick1,3512,13,46,28.26,0
2023,2023cave,Week 2,3,pick2,2710,26,46,56.52,0
2023,2023cave,Week 2,4,captain,1622,5,46,10.87,0
2023,2023cave,Week 2,4,pick1,6995,22,46,47.83,0
2023,2023cave,Week 2,4,pick2,599,33,46,71.74,0
2023,2023cave,Week 2,4,backup,5869,16,46,34.78,0
2023,2023cave,Week 2,5,captain,3328,6,46,13.04,0
2023,2023cave,Week 2,5,pick1,1572,7,46,15.22,0
2023,2023cave,Week 2,5,pick2,7323,18,46,39.13,0
2023,2023cave,Week 2,5,backup,8005,14,46,30.43,0
2023,2023cave,Week 2,6,captain,2485,8,46,17.39,0
2023,2023cave,Week 2,6,pick1,1891,11,46,23.91,0
2023,2023cave,Week 2,6,pick2,4698,40,46,86.96,0
2023,2023cave,Week 2,7,captain,1388,9,46,19.57,0
2023,2023cave,Week 2,7,pick1,399,10,46,21.74,0
2023,2023cave,Week 2,7,pick2,2102,15,46,32.61,0
2023,2023cave,Week 2,8,captain,3880,12,46,26.09,0
2023,2023cave,Week 2,8,pick1,4270,31,46,67.39,0
2023,2023cave,Week 2,8,pick2,1138,34,46,73.91,0
2023,2023ausc,Week 2,1,captain,4613,1,37,2.7,1
2023,2023ausc,Week 2,1,pick1,6510,2,37,5.41,1
2023,2023ausc,Week 2,1,pick2,5988,27,37,72.97,1
2023,2023ausc,Week 2,2,captain,3132,3,37,8.11,0
2023,2023ausc,Week 2,2,pick1,5584,5,37,13.51,0
2023,2023ausc,Week 2,2,pick2,4537,21,37,56.76,0
2023,2023ausc,Week 2,3,captain,7433,4,37,10.81,0
2023,2023ausc,Week 2,3,pick1,6508,7,37,18.92,0
2023,2023ausc,Week 2,3,pick2,9146,22,37,59.46,0
2023,2023ausc,Week 2,4,captain,6996,6,37,16.22,0
2023,2023ausc,Week 2,4,pick1,4774,8,37,21.62,0
2023,2023ausc,Week 2,4,pick2,7583,29,37,78.38,0
2023,2023ausc,Week 2,5,captain,4817,9,37,24.32,0
2023,2023ausc,Week 2,5,pick1,4729,11,37,29.73,0
2023,2023ausc,Week 2,5,pick2,6432,17,37,45.95,0
2023,2023ausc,Week 2,6,captain,9144,10,37,27.03,0
2023,2023ausc,Week 2,6,pick1,7128,16,37,43.24,0
2023,2023ausc,Week 2,6,pick2,4788,24,37,64.86,0
2023,2023ausc,Week 2,6,backup,9147,15,37,40.54,0
2023,2023ausc,Week 2,7,captain,9191,12,37,32.43,0
2023,2023ausc,Week 2,7,pick1,5331,19,37,51.35,0
2023,2023ausc,Week 2,7,pick2,7163,20,37,54.05,0
2023,2023ausc,Week 2,8,captain,9145,13,37,35.14,0
2023,2023ausc,Week 2,8,pick1,6434,14,37,37.84,0
2023,2023ausc,Week 2,8,pick2,5985,18,37,48.65,0
2023,2023ctwat,Week 2,1,captain,176,1,38,2.63,0
2023,2023ctwat,Week 2,1,pick1,177,2,38,5.26,0
2023,2023ctwat,Week 2,1,pick2,7869,37,38,97.37,0
2023,2023ctwat,Week 2,2,captain,8085,3,38,7.89,1
2023,2023ctwat,Week 2,2,pick1,230,5,38,13.16,1
2023,2023ctwat,Week 2,2,pick2,1071,16,38,42.11,1
2023,2023ctwat,Week 2,3,captain,716,4,38,10.53,0
2023,2023ctwat,Week 2,3,pick1,2067,6,38,15.79,0
2023,2023ctwat,Week 2,3,pick2,2064,24,38,63.16,0
2023,2023ctwat,Week 2,3,backup,7694,20,38,52.63,0
2023,2023ctwat,Week 2,4,captain,237,7,38,18.42,0
2023,2023ctwat,Week 2,4,pick1,999,11,38,28.95,0
2023,2023ctwat,Week 2,4,pick2,228,38,38,100.0,0
2023,2023ctwat,Week 2,5,captain,5746,8,38,21.05,0
2023,2023ctwat,Week 2,5,pick1,839,10,38,26.32,0
2023,2023ctwat,Week 2,5,pick2,5494,17,38,44.74,0
2023,2023ctwat,Week 2,5,backup,5142,19,38,50.0,0
2023,2023ctwat,Week 2,6,captain,8889,9,38,23.68,0
2023,2023ctwat,Week 2,6,pick1,236,22,38,57.89,0
2023,2023ctwat,Week 2,6,pick2,155,30,38,78.95,0
2023,2023ctwat,Week 2,7,captain,3654,12,38,31.58,0
2023,2023ctwat,Week 2,7,pick1,2170,29,38,76.32,0
2023,2023ctwat,Week 2,7,pick2,3461,14,38,36.84,0
2023,2023ctwat,Week 2,8,captain,1099,13,38,34.21,0
2023,2023ctwat,Week 2,8,pick1,3464,18,38,47.37,0
2023,2023ctwat,Week 2,8,pick2,8167,15,38,39.47,0
2023,2023mdbet,Week 2,1,captain,1731,1,36,2.78,1
2023,2023mdbet,Week 2,1,pick1,4099,9,36,25.0,1
2023,2023mdbet,Week 2,1,pick2,2900,14,36,38.89,1
2023,2023mdbet,Week 2,2,captain,2199,2,36,5.56,0
2023,2023mdbet,Week 2,2,pick1,836,6,36,16.67,0
2023,2023mdbet,Week 2,2,pick2,2537,22,36,61.11,0
2023,2023mdbet,Week 2,3,captain,1908,3,36,8.33,0
2023,2023mdbet,Week 2,3,pick1,1123,5,36,13.89,0
2023,2023mdbet,Week 2,3,pick2,5549,26,36,72.22,0
2023,2023mdbet,Week 2,4,captain,888,4,36,11.11,0
2023,2023mdbet,Week 2,4,pick1,614,15,36,41.67,0
2023,2023mdbet,Week 2,4,pick2,4638,30,36,83.33,0
2023,2023mdbet,Week 2,5,captain,1895,7,36,19.44,0
2023,2023mdbet,Week 2,5,pick1,5338,13,36,36.11,0
2023,2023mdbet,Week 2,5,pick2,1111,29,36,80.56,0
2023,2023mdbet,Week 2,6,captain,4456,8,36,22.22,0
2023,2023mdbet,Week 2,6,pick1,6863,17,36,47.22,0
2023,2023mdbet,Week 2,6,pick2,449,16,36,44.44,0
2023,2023mdbet,Week 2,7,captain,2914,10,36,27.78,0
2023,2023mdbet,Week 2,7,pick1,1446,11,36,30.56,0
2023,2023mdbet,Week 2,7,pick2,620,25,36,69.44,0
2023,2023mdbet,Week 2,8,captain,1389,12,36,33.33,0
2023,2023mdbet,Week 2,8,pick1,6326,19,36,52.78,0
2023,2023mdbet,Week 2,8,pick2,2377,32,36,88.89,0
2023,2023midtr,Week 2,1,captain,1189,1,39,2.56,1
2023,2023midtr,Week 2,1,pick1,7769,3,39,7.69,1
2023,2023midtr,Week 2,1,pick2,6029,19,39,48.72,1
2023,2023midtr,Week 2,2,captain,469,2,39,5.13,0
2023,2023midtr,Week 2,2,pick1,217,4,39,10.26,0
2023,2023midtr,Week 2,2,pick2,5555,22,39,56.41,0
2023,2023midtr,Week 2,3,captain,226,5,39,12.82,0
2023,2023midtr,Week 2,3,pick1,3539,8,39,20.51,0
2023,2023midtr,Week 2,3,pick2,9207,24,39,61.54,0
2023,2023midtr,Week 2,4,captain,8728,6,39,15.38,0
2023,2023midtr,Week 2,4,pick1,3572,10,39,25.64,0
2023,2023midtr,Week 2,4,pick2,2673,32,39,82.05,0
2023,2023midtr,Week 2,5,captain,7174,7,39,17.95,0
2023,2023midtr,Week 2,5,pick1,201,9,39,23.08,0
2023,2023midtr,Week 2,5,pick2,9182,31,39,79.49,0
2023,2023midtr,Week 2,6,captain,8427,11,39,28.21,0
2023,2023midtr,Week 2,6,pick1,6567,13,39,33.33,0
2023,2023midtr,Week 2,6,pick2,8280,18,39,46.15,0
2023,2023midtr,Week 2,7,captain,5577,12,39,30.77,0
2023,2023midtr,Week 2,7,pick1,3096,14,39,35.9,0
2023,2023midtr,Week 2,7,pick2,5498,21,39,53.85,0
2023,2023midtr,Week 2,8,captain,5065,15,39,38.46,0
2023,2023midtr,Week 2,8,pick1,7145,16,39,41.03,0
2023,2023midtr,Week 2,8,pick2,5467,17,39,43.59,0
2023,2023ncjoh,Week 2,1,captain,2059,1,30,3.33,0
2023,2023ncjoh,Week 2,1,pick1,9008,2,30,6.67,0
2023,2023ncjoh,Week 2,1,pick2,9259,16,30,53.33,0
2023,2023ncjoh,Week 2,2,captain,7443,3,30,10.0,0
2023,2023ncjoh,Week 2,2,pick1,8738,5,30,16.67,0
2023,2023ncjoh,Week 2,2,pick2,2655,23,30,76.67,0
2023,2023ncjoh,Week 2,3,captain,3336,4,30,13.33,0
2023,2023ncjoh,Week 2,3,pick1,6004,15,30,50.0,0
2023,2023ncjoh,Week 2,3,pick2,9042,25,30,83.33,0
2023,2023ncjoh,Week 2,4,captain,4816,6,30,20.0,0
2023,2023ncjoh,Week 2,4,pick1,5518,8,30,26.67,0
2023,2023ncjoh,Week 2,4,pick2,4828,29,30,96.67,0
2023,2023ncjoh,Week 2,5,captain,7671,7,30,23.33,1
2023,2023ncjoh,Week 2,5,pick1,4829,11,30,36.67,1
2023,2023ncjoh,Week 2,5,pick2,435,21,30,70.0,1
2023,2023ncjoh,Week 2,6,captain,5160,9,30,30.0,0
2023,2023ncjoh,Week 2,6,pick1,5190,14,30,46.67,0
2023,2023ncjoh,Week 2,6,pick2,8304,18,30,60.0,0
2023,2023ncjoh,Week 2,7,captain,8758,10,30,33.33,0
2023,2023ncjoh,Week 2,7,pick1,3459,24,30,80.0,0
2023,2023ncjoh,Week 2,7,pick2,6500,17,30,56.67,0
2023,2023ncjoh,Week 2,8,captain,3229,12,30,40.0,0
2023,2023ncjoh,Week 2,8,pick1,2640,13,30,43.33,0
2023,2023ncjoh,Week 2,8,pick2,3737,26,30,86.67,0
2023,2023njfla,Week 2,1,captain,11,1,37,2.7,0
2023,2023njfla,Week 2,1,pick1,1676,2,37,5.41,0
2023,2023njfla,Week 2,1,pick2,4573,32,37,86.49,0
2023,2023njfla,Week 2,2,captain,1923,3,37,8.11,1
2023,2023njfla,Week 2,2,pick1,125,4,37,10.81,1
2023,2023njfla,Week 2,2,pick2,484,31,37,83.78,1
2023,2023njfla,Week 2,3,captain,193,5,37,13.51,0
2023,2023njfla,Week 2,3,pick1,222,25,37,67.57,0
2023,2023njfla,Week 2,3,pick2,102,26,37,70.27,0
2023,2023njfla,Week 2,4,captain,3142,6,37,16.22,0
2023,2023njfla,Week 2,4,pick1,1279,8,37,21.62,0
2023,2023njfla,Week 2,4,pick2,1672,20,37,54.05,0
2023,2023njfla,Week 2,4,backup,5732,18,37,48.65,0
2023,2023njfla,Week 2,5,captain,752,7,37,18.92,0
2023,2023njfla,Week 2,5,pick1,2577,14,37,37.84,0
2023,2023njfla,Week 2,5,pick2,9116,30,37,81.08,0
2023,2023njfla,Week 2,6,captain,8117,9,37,24.32,0
2023,2023njfla,Week 2,6,pick1,219,13,37,35.14,0
2023,2023njfla,Week 2,6,pick2,56,23,37,62.16,0
2023,2023njfla,Week 2,7,captain,7045,10,37,27.03,0
2023,2023njfla,Week 2,7,pick1,223,12,37,32.43,0
2023,2023njfla,Week 2,7,pick2,6945,17,37,45.95,0
2023,2023njfla,Week 2,8,captain,1811,11,37,29.73,0
2023,2023njfla,Week 2,8,pick1,4361,15,37,40.54,0
2023,2023njfla,Week 2,8,pick2,75,16,37,43.24,0
2023,2023rinsc,Week 2,1,captain,6329,1,30,3.33,1
2023,2023rinsc,Week 2,1,pick1,6328,2,30,6.67,1
2023,2023rinsc,Week 2,1,pick2,509,17,30,56.67,1
2023,2023rinsc,Week 2,2,captain,78,3,30,10.0,0
2023,2023rinsc,Week 2,2,pick1,319,6,30,20.0,0
2023,2023rinsc,Week 2,2,pick2,8626,18,30,60.0,0
2023,2023rinsc,Week 2,3,captain,5813,4,30,13.33,0
2023,2023rinsc,Week 2,3,pick1,2877,19,30,63.33,0
2023,2023rinsc,Week 2,3,pick2,4908,23,30,76.67,0
2023,2023rinsc,Week 2,4,captain,4909,5,30,16.67,0
2023,2023rinsc,Week 2,4,pick1,166,9,30,30.0,0
2023,2023rinsc,Week 2,4,pick2,8544,26,30,86.67,0
2023,2023rinsc,Week 2,5,captain,8046,7,30,23.33,0
2023,2023rinsc,Week 2,5,pick1,1740,10,30,33.33,0
2023,2023rinsc,Week 2,5,pick2,9286,15,30,50.0,0
2023,2023rinsc,Week 2,6,captain,246,8,30,26.67,0
2023,2023rinsc,Week 2,6,pick1,1153,14,30,46.67,0
2023,2023rinsc,Week 2,6,pick2,1350,28,30,93.33,0
2023,2023rinsc,Week 2,7,captain,1100,11,30,36.67,0
2023,2023rinsc,Week 2,7,pick1,2423,12,30,40.0,0
2023,2023rinsc,Week 2,7,pick2,5112,22,30,73.33,0
2023,2023rinsc,Week 2,8,captain,4925,13,30,43.33,0
2023,2023rinsc,Week 2,8,pick1,4048,16,30,53.33,0
2023,2023rinsc,Week 2,8,pick2,8410,21,30,70.0,0
2023,2023scand,Week 2,1,captain,4451,1,27,3.7,1
2023,2023scand,Week 2,1,pick1,1102,5,27,18.52,1
2023,2023scand,Week 2,1,pick2,6961,25,27,92.59,1
2023,2023scand,Week 2,2,captain,4189,2,27,7.41,0
2023,2023scand,Week 2,2,pick1,4533,6,27,22.22,0
2023,2023scand,Week 2,2,pick2,9315,22,27,81.48,0
2023,2023scand,Week 2,3,captain,2815,3,27,11.11,0
2023,2023scand,Week 2,3,pick1,343,12,27,44.44,0
2023,2023scand,Week 2,3,pick2,4073,23,27,85.19,0
2023,2023scand,Week 2,4,captain,3489,4,27,14.81,0
2023,2023scand,Week 2,4,pick1,1287,9,27,33.33,0
2023,2023scand,Week 2,4,pick2,6167,21,27,77.78,0
2023,2023scand,Week 2,5,captain,1319,7,27,25.93,0
2023,2023scand,Week 2,5,pick1,342,11,27,40.74,0
2023,2023scand,Week 2,5,pick2,6910,20,27,74.07,0
2023,2023scand,Week 2,6,captain,1293,8,27,29.63,0
2023,2023scand,Week 2,6,pick1,6366,16,27,59.26,0
2023,2023scand,Week 2,6,pick2,5130,19,27,70.37,0
2023,2023scand,Week 2,7,captain,3490,10,27,37.04,0
2023,2023scand,Week 2,7,pick1,1051,13,27,48.15,0
2023,2023scand,Week 2,7,pick2,3091,17,27,62.96,0
2023,2023scand,Week 2,8,captain,8575,14,27,51.85,0
2023,2023scand,Week 2,8,pick1,4823,15,27,55.56,0
2023,2023scand,Week 2,8,pick2,281,18,27,66.67,0
2023,2023inpri,Week 2,1,captain,868,1,28,3.57,0
2023,2023inpri,Week 2,1,pick1,7457,2,28,7.14,0
2023,2023inpri,Week 2,1,pick2,1720,24,28,85.71,0
2023,2023inpri,Week 2,2,captain,7617,3,28,10.71,1
2023,2023inpri,Week 2,2,pick1,4272,7,28,25.0,1
2023,2023inpri,Week 2,2,pick2,8116,21,28,75.0,1
2023,2023inpri,Week 2,3,captain,3487,4,28,14.29,0
2023,2023inpri,Week 2,3,pick1,5010,12,28,42.86,0
2023,2023inpri,Week 2,3,pick2,4580,26,28,92.86,0
2023,2023inpri,Week 2,4,captain,234,5,28,17.86,0
2023,2023inpri,Week 2,4,pick1,3494,8,28,28.57,0
2023,2023inpri,Week 2,4,pick2,8564,22,28,78.57,0
2023,2023inpri,Week 2,5,captain,829,6,28,21.43,0
2023,2023inpri,Week 2,5,pick1,292,13,28,46.43,0
2023,2023inpri,Week 2,5,pick2,1646,25,28,89.29,0
2023,2023inpri,Week 2,6,captain,6498,9,28,32.14,0
2023,2023inpri,Week 2,6,pick1,5188,10,28,35.71,0
2023,2023inpri,Week 2,6,pick2,2171,17,28,60.71,0
2023,2023inpri,Week 2,7,captain,7657,11,28,39.29,0
2023,2023inpri,Week 2,7,pick1,7454,16,28,57.14,0
2023,2023inpri,Week 2,7,pick2,3559,15,28,53.57,0
2023,2023inpri,Week 2,8,captain,3947,14,28,50.0,0
2023,2023inpri,Week 2,8,pick1,1741,19,28,67.86,0
2023,2023inpri,Week 2,8,pick2,45,20,28,71.43,0
2023,2023txcha,Week 2,1,captain,118,1,36,2.78,1
2023,2023txcha,Week 2,1,pick1,5427,3,36,8.33,1
2023,2023txcha,Week 2,1,pick2,5923,16,36,44.44,1
2023,2023txcha,Week 2,1,backup,7115,15,36,41.67,1
2023,2023txcha,Week 2,2,captain,324,2,36,5.56,0
2023,2023txcha,Week 2,2,pick1,3035,6,36,16.67,0
2023,2023txcha,Week 2,2,pick2,8591,35,36,97.22,0
2023,2023txcha,Week 2,3,captain,8576,4,36,11.11,0
2023,2023txcha,Week 2,3,pick1,8177,13,36,36.11,0
2023,2023txcha,Week 2,3,pick2,8370,26,36,72.22,0
2023,2023txcha,Week 2,4,captain,231,5,36,13.89,0
2023,2023txcha,Week 2,4,pick1,5829,7,36,19.44,0
2023,2023txcha,Week 2,4,pick2,3834,20,36,55.56,0
2023,2023txcha,Week 2,5,captain,4295,8,36,22.22,0
2023,2023txcha,Week 2,5,pick1,5052,23,36,63.89,0
2023,2023txcha,Week 2,5,pick2,7492,31,36,86.11,0
2023,2023txcha,Week 2,6,captain,7616,9,36,25.0,0
2023,2023txcha,Week 2,6,pick1,2882,11,36,30.56,0
2023,2023txcha,Week 2,6,pick2,4639,22,36,61.11,0
2023,2023txcha,Week 2,7,captain,9136,10,36,27.78,0
2023,2023txcha,Week 2,7,pick1,1255,19,36,52.78,0
2023,2023txcha,Week 2,7,pick2,8573,21,36,58.33,0
2023,2023txcha,Week 2,8,captain,6645,12,36,33.33,0
2023,2023txcha,Week 2,8,pick1,4328,17,36,47.22,0
2023,2023txcha,Week 2,8,pick2,4587,14,36,38.89,0
2023,2023isde3,Week 2,1,captain,3339,1,30,3.33,0
2023,2023isde3,Week 2,1,pick1,1577,3,30,10.0,0
2023,2023isde3,Week 2,1,pick2,7177,29,30,96.67,0
2023,2023isde3,Week 2,1,backup,4661,21,30,70.0,0
2023,2023isde3,Week 2,2,captain,5654,2,30,6.67,0
2023,2023isde3,Week 2,2,pick1,1690,7,30,23.33,0
2023,2023isde3,Week 2,2,pick2,3083,27,30,90.0,0
2023,2023isde3,Week 2,3,captain,5987,4,30,13.33,0
2023,2023isde3,Week 2,3,pick1,3075,6,30,20.0,0
2023,2023isde3,Week 2,3,pick2,8175,22,30,73.33,0
2023,2023isde3,Week 2,4,captain,1657,5,30,16.67,0
2023,2023isde3,Week 2,4,pick1,3211,12,30,40.0,0
2023,2023isde3,Week 2,4,pick2,4319,18,30,60.0,0
2023,2023isde3,Week 2,5,captain,3388,8,30,26.67,0
2023,2023isde3,Week 2,5,pick1,5135,13,30,43.33,0
2023,2023isde3,Week 2,5,pick2,1943,23,30,76.67,0
2023,2023isde3,Week 2,6,captain,5554,9,30,30.0,0
2023,2023isde3,Week 2,6,pick1,3316,10,30,33.33,0
2023,2023isde3,Week 2,6,pick2,5635,16,30,53.33,0
2023,2023isde3,Week 2,7,captain,6738,11,30,36.67,1
2023,2023isde3,Week 2,7,pick1,4590,14,30,46.67,1
2023,2023isde3,Week 2,7,pick2,3065,19,30,63.33,1
2023,2023isde3,Week 2,8,captain,4586,15,30,50.0,0
2023,2023isde3,Week 2,8,pick1,7845,17,30,56.67,0
2023,2023isde3,Week 2,8,pick2,5951,20,30,66.67,0
2023,2023isde4,Week 3,1,captain,5715,1,32,3.12,0
2023,2023isde4,Week 3,1,pick1,6168,11,32,34.38,0
2023,2023isde4,Week 3,1,pick2,1937,17,32,53.12,0
2023,2023isde4,Week 3,2,captain,2230,2,32,6.25,1
2023,2023isde4,Week 3,2,pick1,2630,4,32,12.5,1
2023,2023isde4,Week 3,2,pick2,4320,30,32,93.75,1
2023,2023isde4,Week 3,3,captain,7039,3,32,9.38,0
2023,2023isde4,Week 3,3,pick1,1574,8,32,25.0,0
2023,2023isde4,Week 3,3,pick2,7112,20,32,62.5,0
2023,2023isde4,Week 3,4,captain,5614,5,32,15.62,0
2023,2023isde4,Week 3,4,pick1,2231,7,32,21.88,0
2023,2023isde4,Week 3,4,pick2,4744,19,32,59.38,0
2023,2023isde4,Week 3,5,captain,7067,6,32,18.75,0
2023,2023isde4,Week 3,5,pick1,2096,10,32,31.25,0
2023,2023isde4,Week 3,5,pick2,4338,32,32,100.0,0
2023,2023isde4,Week 3,6,captain,5990,9,32,28.12,0
2023,2023isde4,Week 3,6,pick1,1942,15,32,46.88,0
2023,2023isde4,Week 3,6,pick2,3835,25,32,78.12,0
2023,2023isde4,Week 3,7,captain,1576,12,32,37.5,0
2023,2023isde4,Week 3,7,pick1,2212,18,32,56.25,0
2023,2023isde4,Week 3,7,pick2,5928,22,32,68.75,0
2023,2023isde4,Week 3,8,captain,6104,13,32,40.62,0
2023,2023isde4,Week 3,8,pick1,1580,14,32,43.75,0
2023,2023isde4,Week 3,8,pick2,8223,21,32,65.62,0
2023,2023flor,Week 3,1,captain,179,1,54,1.85,1
2023,2023flor,Week 3,1,pick1,180,3,54,5.56,1
2023,2023flor,Week 3,1,pick2,1902,14,54,25.93,1
2023,2023flor,Week 3,2,captain,8841,2,54,3.7,0
2023,2023flor,Week 3,2,pick1,3932,5,54,9.26,0
2023,2023flor,Week 3,2,pick2,7431,36,54,66.67,0
2023,2023flor,Week 3,3,captain,5472,4,54,7.41,0
2023,2023flor,Week 3,3,pick1,59,19,54,35.19,0
2023,2023flor,Week 3,3,pick2,6743,18,54,33.33,0
2023,2023flor,Week 3,4,captain,6722,6,54,11.11,0
2023,2023flor,Week 3,4,pick1,5557,9,54,16.67,0
2023,2023flor,Week 3,4,pick2,6823,15,54,27.78,0
2023,2023flor,Week 3,5,captain,8817,7,54,12.96,0
2023,2023flor,Week 3,5,pick1,386,13,54,24.07,0
2023,2023flor,Week 3,5,pick2,1622,39,54,72.22,0
2023,2023flor,Week 3,6,captain,86,8,54,14.81,0
2023,2023flor,Week 3,6,pick1,4118,10,54,18.52,0
2023,2023flor,Week 3,6,pick2,1592,33,54,61.11,0
2023,2023flor,Week 3,7,captain,9284,11,54,20.37,0
2023,2023flor,Week 3,7,pick1,233,21,54,38.89,0
2023,2023flor,Week 3,7,pick2,1523,30,54,55.56,0
2023,2023flor,Week 3,8,captain,5842,12,54,22.22,0
2023,2023flor,Week 3,8,pick1,744,35,54,64.81,0
2023,2023flor,Week 3,8,pick2,2383,20,54,37.04,0
2023,2023nyro,Week 3,1,captain,1591,1,55,1.82,1
2023,2023nyro,Week 3,1,pick1,3015,4,55,7.27,1
2023,2023nyro,Week 3,1,pick2,3003,26,55,47.27,1
2023,2023nyro,Week 3,1,backup,6868,16,55,29.09,1
2023,2023nyro,Week 3,2,captain,2791,2,55,3.64,0
2023,2023nyro,Week 3,2,pick1,20,8,55,14.55,0
2023,2023nyro,Week 3,2,pick2,2228,19,55,34.55,0
2023,2023nyro,Week 3,3,captain,1405,3,55,5.45,0
2023,2023nyro,Week 3,3,pick1,8393,29,55,52.73,0
2023,2023nyro,Week 3,3,pick2,7636,13,55,23.64,0
2023,2023nyro,Week 3,4,captain,4027,5,55,9.09,0
2023,2023nyro,Week 3,4,pick1,1493,14,55,25.45,0
2023,2023nyro,Week 3,4,pick2,271,28,55,50.91,0
2023,2023nyro,Week 3,5,captain,3990,6,55,10.91,0
2023,2023nyro,Week 3,5,pick1,3550,10,55,18.18,0
2023,2023nyro,Week 3,5,pick2,3360,31,55,56.36,0
2023,2023nyro,Week 3,6,captain,3173,7,55,12.73,0
2023,2023nyro,Week 3,6,pick1,1559,15,55,27.27,0
2023,2023nyro,Week 3,6,pick2,5740,23,55,41.82,0
2023,2023nyro,Week 3,7,captain,1507,9,55,16.36,0
2023,2023nyro,Week 3,7,pick1,340,18,55,32.73,0
2023,2023nyro,Week 3,7,pick2,250,21,55,38.18,0
2023,2023nyro,Week 3,8,captain,2053,11,55,20.0,0
2023,2023nyro,Week 3,8,pick1,6806,12,55,21.82,0
2023,2023nyro,Week 3,8,pick2,578,43,55,78.18,0
2023,2023ohmv,Week 3,1,captain,695,1,50,2.0,1
2023,2023ohmv,Week 3,1,pick1,1732,2,50,4.0,1
2023,2023ohmv,Week 3,1,pick2,1708,30,50,60.0,1
2023,2023ohmv,Week 3,2,captain,4020,3,50,6.0,0
2023,2023ohmv,Week 3,2,pick1,4028,12,50,24.0,0
2023,2023ohmv,Week 3,2,pick2,3504,16,50,32.0,0
2023,2023ohmv,Week 3,3,captain,2252,4,50,8.0,0
2023,2023ohmv,Week 3,3,pick1,2614,6,50,12.0,0
2023,2023ohmv,Week 3,3,pick2,1317,19,50,38.0,0
2023,2023ohmv,Week 3,4,captain,1787,5,50,10.0,0
2023,2023ohmv,Week 3,4,pick1,325,10,50,20.0,0
2023,2023ohmv,Week 3,4,pick2,3984,32,50,64.0,0
2023,2023ohmv,Week 3,5,captain,2603,7,50,14.0,0
2023,2023ohmv,Week 3,5,pick1,4467,15,50,30.0,0
2023,2023ohmv,Week 3,5,pick2,554,13,50,26.0,0
2023,2023ohmv,Week 3,5,backup,4121,18,50,36.0,0
2023,2023ohmv,Week 3,6,captain,4611,8,50,16.0,0
2023,2023ohmv,Week 3,6,pick1,2399,17,50,34.0,0
2023,2023ohmv,Week 3,6,pick2,144,41,50,82.0,0
2023,2023ohmv,Week 3,7,captain,5413,9,50,18.0,0
2023,2023ohmv,Week 3,7,pick1,4145,20,50,40.0,0
2023,2023ohmv,Week 3,7,pick2,3814,21,50,42.0,0
2023,2023ohmv,Week 3,8,captain,3201,11,50,22.0,0
2023,2023ohmv,Week 3,8,pick1,1038,14,50,28.0,0
2023,2023ohmv,Week 3,8,pick2,7165,29,50,58.0,0
2023,2023ilpe,Week 3,1,captain,1756,1,32,3.12,1
2023,2023ilpe,Week 3,1,pick1,4143,4,32,12.5,1
2023,2023ilpe,Week 3,1,pick2,4096,16,32,50.0,1
2023,2023ilpe,Week 3,2,captain,27,2,32,6.25,0
2023,2023ilpe,Week 3,2,pick1,2481,9,32,28.12,0
2023,2023ilpe,Week 3,2,pick2,2704,14,32,43.75,0
2023,2023ilpe,Week 3,2,backup,2022,22,32,68.75,0
2023,2023ilpe,Week 3,3,captain,5484,3,32,9.38,0
2023,2023ilpe,Week 3,3,pick1,1736,6,32,18.75,0
2023,2023ilpe,Week 3,3,pick2,5653,25,32,78.12,0
2023,2023ilpe,Week 3,4,captain,3539,5,32,15.62,0
2023,2023ilpe,Week 3,4,pick1,234,8,32,25.0,0
2023,2023ilpe,Week 3,4,pick2,1208,31,32,96.88,0
2023,2023ilpe,Week 3,5,captain,4213,7,32,21.88,0
2023,2023ilpe,Week 3,5,pick1,5442,24,32,75.0,0
2023,2023ilpe,Week 3,5,pick2,2039,21,32,65.62,0
2023,2023ilpe,Week 3,6,captain,4645,10,32,31.25,0
2023,2023ilpe,Week 3,6,pick1,2040,23,32,71.88,0
2023,2023ilpe,Week 3,6,pick2,5847,26,32,81.25,0
2023,2023ilpe,Week 3,6,backup,6317,20,32,62.5,0
2023,2023ilpe,Week 3,7,captain,2169,11,32,34.38,0
2023,2023ilpe,Week 3,7,pick1,5801,13,32,40.62,0
2023,2023ilpe,Week 3,7,pick2,4655,17,32,53.12,0
2023,2023ilpe,Week 3,8,captain,6237,12,32,37.5,0
2023,2023ilpe,Week 3,8,pick1,3695,18,32,56.25,0
2023,2023ilpe,Week 3,8,pick2,4187,15,32,46.88,0
2023,2023ksla,Week 3,1,captain,1987,1,36,2.78,1
2023,2023ksla,Week 3,1,pick1,3184,2,36,5.56,1
2023,2023ksla,Week 3,1,pick2,2457,25,36,69.44,1
2023,2023ksla,Week 3,2,captain,1710,3,36,8.33,0
2023,2023ksla,Week 3,2,pick1,1730,4,36,11.11,0
2023,2023ksla,Week 3,2,pick2,1806,28,36,77.78,0
2023,2023ksla,Week 3,3,captain,5013,5,36,13.89,0
2023,2023ksla,Week 3,3,pick1,5119,16,36,44.44,0
2023,2023ksla,Week 3,3,pick2,1769,20,36,55.56,0
2023,2023ksla,Week 3,4,captain,3729,6,36,16.67,0
2023,2023ksla,Week 3,4,pick1,2357,17,36,47.22,0
2023,2023ksla,Week 3,4,pick2,2197,23,36,63.89,0
2023,2023ksla,Week 3,5,captain,2410,7,36,19.44,0
2023,2023ksla,Week 3,5,pick1,5126,11,36,30.56,0
2023,2023ksla,Week 3,5,pick2,4809,22,36,61.11,0
2023,2023ksla,Week 3,6,captain,2220,8,36,22.22,0
2023,2023ksla,Week 3,6,pick1,5837,14,36,38.89,0
2023,2023ksla,Week 3,6,pick2,935,34,36,94.44,0
2023,2023ksla,Week 3,6,backup,1775,19,36,52.78,0
2023,2023ksla,Week 3,7,captain,1827,9,36,25.0,0
2023,2023ksla,Week 3,7,pick1,8825,13,36,36.11,0
2023,2023ksla,Week 3,7,pick2,5147,15,36,41.67,0
2023,2023ksla,Week 3,8,captain,9269,10,36,27.78,0
2023,2023ksla,Week 3,8,pick1,5098,12,36,33.33,0
2023,2023ksla,Week 3,8,pick2,4959,18,36,50.0,0
2023,2023mslr,Week 3,1,captain,3039,1,29,3.45,1
2023,2023mslr,Week 3,1,pick1,4336,3,29,10.34,1
2023,2023mslr,Week 3,1,pick2,5045,28,29,96.55,1
2023,2023mslr,Week 3,1,backup,3753,21,29,72.41,1
2023,2023mslr,Week 3,2,captain,2992,2,29,6.9,0
2023,2023mslr,Week 3,2,pick1,118,4,29,13.79,0
2023,2023mslr,Week 3,2,pick2,8044,26,29,89.66,0
2023,2023mslr,Week 3,2,backup,7094,20,29,68.97,0
2023,2023mslr,Week 3,3,captain,8808,5,29,17.24,0
2023,2023mslr,Week 3,3,pick1,1421,6,29,20.69,0
2023,2023mslr,Week 3,3,pick2,4107,24,29,82.76,0
2023,2023mslr,Week 3,4,captain,4087,7,29,24.14,0
2023,2023mslr,Week 3,4,pick1,3616,12,29,41.38,0
2023,2023mslr,Week 3,4,pick2,8732,27,29,93.1,0
2023,2023mslr,Week 3,5,captain,2183,8,29,27.59,0
2023,2023mslr,Week 3,5,pick1,456,16,29,55.17,0
2023,2023mslr,Week 3,5,pick2,3824,19,29,65.52,0
2023,2023mslr,Week 3,6,captain,7428,9,29,31.03,0
2023,2023mslr,Week 3,6,pick1,3468,10,29,34.48,0
2023,2023mslr,Week 3,6,pick2,1927,15,29,51.72,0
2023,2023mslr,Week 3,7,captain,7255,11,29,37.93,0
2023,2023mslr,Week 3,7,pick1,538,17,29,58.62,0
2023,2023mslr,Week 3,7,pick2,2221,18,29,62.07,0
2023,2023mslr,Week 3,8,captain,3959,13,29,44.83,0
2023,2023mslr,Week 3,8,pick1,364,23,29,79.31,0
2023,2023mslr,Week 3,8,pick2,1912,14,29,48.28,0
2023,2023mxpu,Week 3,1,captain,3478,1,33,3.03,0
2023,2023mxpu,Week 3,1,pick1,4010,2,33,6.06,0
2023,2023mxpu,Week 3,1,pick2,6106,30,33,90.91,0
2023,2023mxpu,Week 3,2,captain,6348,3,33,9.09,0
2023,2023mxpu,Week 3,2,pick1,6647,4,33,12.12,0
2023,2023mxpu,Week 3,2,pick2,3527,24,33,72.73,0
2023,2023mxpu,Week 3,3,captain,3158,5,33,15.15,0
2023,2023mxpu,Week 3,3,pick1,2283,7,33,21.21,0
2023,2023mxpu,Week 3,3,pick2,5716,31,33,93.94,0
2023,2023mxpu,Week 3,4,captain,7102,6,33,18.18,1
2023,2023mxpu,Week 3,4,pick1,6017,11,33,33.33,1
2023,2023mxpu,Week 3,4,pick2,9118,29,33,87.88,1
2023,2023mxpu,Week 3,5,captain,5887,8,33,24.24,0
2023,2023mxpu,Week 3,5,pick1,4775,17,33,51.52,0
2023,2023mxpu,Week 3,5,pick2,8291,14,33,42.42,0
2023,2023mxpu,Week 3,6,captain,5696,9,33,27.27,0
2023,2023mxpu,Week 3,6,pick1,6170,15,33,45.45,0
2023,2023mxpu,Week 3,6,pick2,4371,23,33,69.7,0
2023,2023mxpu,Week 3,7,captain,4731,10,33,30.3,0
2023,2023mxpu,Week 3,7,pick1,3472,26,33,78.79,0
2023,2023mxpu,Week 3,7,pick2,5948,19,33,57.58,0
2023,2023mxpu,Week 3,8,captain,9282,12,33,36.36,0
2023,2023mxpu,Week 3,8,pick1,3794,18,33,54.55,0
2023,2023mxpu,Week 3,8,pick2,3933,16,33,48.48,0
2023,2023azva,Week 3,1,captain,2659,1,37,2.7,1
2023,2023azva,Week 3,1,pick1,6036,4,37,10.81,1
2023,2023azva,Week 3,1,pick2,668,26,37,70.27,1
2023,2023azva,Week 3,2,captain,498,2,37,5.41,0
2023,2023azva,Week 3,2,pick1,2122,6,37,16.22,0
2023,2023azva,Week 3,2,pick2,4565,21,37,56.76,0
2023,2023azva,Week 3,3,captain,4415,3,37,8.11,0
2023,2023azva,Week 3,3,pick1,2443,7,37,18.92,0
2023,2023azva,Week 3,3,pick2,9059,24,37,64.86,0
2023,2023azva,Week 3,4,captain,7426,5,37,13.51,0
2023,2023azva,Week 3,4,pick1,6968,25,37,67.57,0
2023,2023azva,Week 3,4,pick2,4135,19,37,51.35,0
2023,2023azva,Week 3,5,captain,6413,8,37,21.62,0
2023,2023azva,Week 3,5,pick1,2486,9,37,24.32,0
2023,2023azva,Week 3,5,pick2,7130,22,37,59.46,0
2023,2023azva,Week 3,5,backup,9091,15,37,40.54,0
2023,2023azva,Week 3,6,captain,1212,10,37,27.03,0
2023,2023azva,Week 3,6,pick1,7645,12,37,32.43,0
2023,2023azva,Week 3,6,pick2,60,16,37,43.24,0
2023,2023azva,Week 3,7,captain,2073,11,37,29.73,0
2023,2023azva,Week 3,7,pick1,4146,14,37,37.84,0
2023,2023azva,Week 3,7,pick2,991,27,37,72.97,0
2023,2023azva,Week 3,8,captain,1165,13,37,35.14,0
2023,2023azva,Week 3,8,pick1,2478,17,37,45.95,0
2023,2023azva,Week 3,8,pick2,2403,18,37,48.65,0
2023,2023brbr,Week 3,1,captain,7563,1,42,2.38,1
2023,2023brbr,Week 3,1,pick1,1156,3,42,7.14,1
2023,2023brbr,Week 3,1,pick2,9168,20,42,47.62,1
2023,2023brbr,Week 3,2,captain,1860,2,42,4.76,0
2023,2023brbr,Week 3,2,pick1,7567,4,42,9.52,0
2023,2023brbr,Week 3,2,pick2,9085,28,42,66.67,0
2023,2023brbr,Week 3,3,captain,9047,5,42,11.9,0
2023,2023brbr,Week 3,3,pick1,9164,6,42,14.29,0
2023,2023brbr,Week 3,3,pick2,9046,37,42,88.1,0
2023,2023brbr,Week 3,4,captain,9200,7,42,16.67,0
2023,2023brbr,Week 3,4,pick1,7565,12,42,28.57,0
2023,2023brbr,Week 3,4,pick2,9175,25,42,59.52,0
2023,2023brbr,Week 3,5,captain,9305,8,42,19.05,0
2023,2023brbr,Week 3,5,pick1,9219,9,42,21.43,0
2023,2023brbr,Week 3,5,pick2,9166,29,42,69.05,0
2023,2023brbr,Week 3,5,backup,9218,16,42,38.1,0
2023,2023brbr,Week 3,6,captain,9199,10,42,23.81,0
2023,2023brbr,Week 3,6,pick1,5800,13,42,30.95,0
2023,2023brbr,Week 3,6,pick2,8882,42,42,100.0,0
2023,2023brbr,Week 3,7,captain,7033,11,42,26.19,0
2023,2023brbr,Week 3,7,pick1,7459,14,42,33.33,0
2023,2023brbr,Week 3,7,pick2,9165,19,42,45.24,0
2023,2023brbr,Week 3,8,captain,9169,15,42,35.71,0
2023,2023brbr,Week 3,8,pick1,1772,22,42,52.38,0
2023,2023brbr,Week 3,8,pick2,8066,40,42,95.24,0
2023,2023mawne,Week 3,1,captain,176,1,36,2.78,1
2023,2023mawne,Week 3,1,pick1,195,2,36,5.56,1
2023,2023mawne,Week 3,1,pick2,8604,30,36,83.33,1
2023,2023mawne,Week 3,2,captain,177,3,36,8.33,0
2023,2023mawne,Week 3,2,pick1,1740,4,36,11.11,0
2023,2023mawne,Week 3,2,pick2,571,26,36,72.22,0
2023,2023mawne,Week 3,3,captain,1699,5,36,13.89,0
2023,2023mawne,Week 3,3,pick1,467,16,36,44.44,0
2023,2023mawne,Week 3,3,pick2,228,22,36,61.11,0
2023,2023mawne,Week 3,4,captain,175,6,36,16.67,0
2023,2023mawne,Week 3,4,pick1,2370,8,36,22.22,0
2023,2023mawne,Week 3,4,pick2,8709,20,36,55.56,0
2023,2023mawne,Week 3,5,captain,663,7,36,19.44,0
2023,2023mawne,Week 3,5,pick1,178,11,36,30.56,0
2023,2023mawne,Week 3,5,pick2,7674,15,36,41.67,0
2023,2023mawne,Week 3,6,captain,5112,9,36,25.0,0
2023,2023mawne,Week 3,6,pick1,3146,19,36,52.78,0
2023,2023mawne,Week 3,6,pick2,7153,14,36,38.89,0
2023,2023mawne,Week 3,7,captain,1735,10,36,27.78,0
2023,2023mawne,Week 3,7,pick1,181,25,36,69.44,0
2023,2023mawne,Week 3,7,pick2,3654,13,36,36.11,0
2023,2023mawne,Week 3,8,captain,2168,12,36,33.33,0
2023,2023mawne,Week 3,8,pick1,1071,17,36,47.22,0
2023,2023mawne,Week 3,8,pick2,61,18,36,50.0,0
2023,2023mibel,Week 3,1,captain,3668,1,40,2.5,1
2023,2023mibel,Week 3,1,pick1,4362,2,40,5.0,1
2023,2023mibel,Week 3,1,pick2,9182,37,40,92.5,1
2023,2023mibel,Week 3,2,captain,33,3,40,7.5,0
2023,2023mibel,Week 3,2,pick1,1023,4,40,10.0,0
2023,2023mibel,Week 3,2,pick2,8519,15,40,37.5,0
2023,2023mibel,Week 3,3,captain,3604,5,40,12.5,0
2023,2023mibel,Week 3,3,pick1,5050,9,40,22.5,0
2023,2023mibel,Week 3,3,pick2,6538,27,40,67.5,0
2023,2023mibel,Week 3,4,captain,7174,6,40,15.0,0
2023,2023mibel,Week 3,4,pick1,3656,10,40,25.0,0
2023,2023mibel,Week 3,4,pick2,3667,31,40,77.5,0
2023,2023mibel,Week 3,5,captain,66,7,40,17.5,0
2023,2023mibel,Week 3,5,pick1,5090,8,40,20.0,0
2023,2023mibel,Week 3,5,pick2,94,21,40,52.5,0
2023,2023mibel,Week 3,6,captain,4737,11,40,27.5,0
2023,2023mibel,Week 3,6,pick1,4405,17,40,42.5,0
2023,2023mibel,Week 3,6,pick2,8423,33,40,82.5,0
2023,2023mibel,Week 3,7,captain,6528,12,40,30.0,0
2023,2023mibel,Week 3,7,pick1,6618,13,40,32.5,0
2023,2023mibel,Week 3,7,pick2,8179,23,40,57.5,0
2023,2023mibel,Week 3,8,captain,5144,14,40,35.0,0
2023,2023mibel,Week 3,8,pick1,7220,19,40,47.5,0
2023,2023mibel,Week 3,8,pick2,7660,28,40,70.0,0
2023,2023midet,Week 3,1,captain,2337,1,39,2.56,1
2023,2023midet,Week 3,1,pick1,1701,3,39,7.69,1
2023,2023midet,Week 3,1,pick2,7856,30,39,76.92,1
2023,2023midet,Week 3,1,backup,5756,24,39,61.54,1
2023,2023midet,Week 3,2,captain,3414,2,39,5.13,0
2023,2023midet,Week 3,2,pick1,503,4,39,10.26,0
2023,2023midet,Week 3,2,pick2,6914,17,39,43.59,0
2023,2023midet,Week 3,3,captain,5901,5,39,12.82,0
2023,2023midet,Week 3,3,pick1,123,8,39,20.51,0
2023,2023midet,Week 3,3,pick2,6532,16,39,41.03,0
2023,2023midet,Week 3,3,backup,6099,34,39,87.18,0
2023,2023midet,Week 3,4,captain,2620,6,39,15.38,0
2023,2023midet,Week 3,4,pick1,815,18,39,46.15,0
2023,2023midet,Week 3,4,pick2,2048,32,39,82.05,0
2023,2023midet,Week 3,5,captain,3096,7,39,17.95,0
2023,2023midet,Week 3,5,pick1,2224,12,39,30.77,0
2023,2023midet,Week 3,5,pick2,5577,21,39,53.85,0
2023,2023midet,Week 3,6,captain,8774,9,39,23.08,0
2023,2023midet,Week 3,6,pick1,2673,19,39,48.72,0
2023,2023midet,Week 3,6,pick2,4680,25,39,64.1,0
2023,2023midet,Week 3,7,captain,7145,10,39,25.64,0
2023,2023midet,Week 3,7,pick1,1,13,39,33.33,0
2023,2023midet,Week 3,7,pick2,7188,26,39,66.67,0
2023,2023midet,Week 3,7,backup,6096,29,39,74.36,0
2023,2023midet,Week 3,8,captain,9255,11,39,28.21,0
2023,2023midet,Week 3,8,pick1,8280,14,39,35.9,0
2023,2023midet,Week 3,8,pick2,7692,23,39,58.97,0
2023,2023mimus,Week 3,1,captain,4381,1,38,2.63,1
2023,2023mimus,Week 3,1,pick1,3538,2,38,5.26,1
2023,2023mimus,Week 3,1,pick2,6005,32,38,84.21,1
2023,2023mimus,Week 3,2,captain,3572,3,38,7.89,0
2023,2023mimus,Week 3,2,pick1,2075,4,38,10.53,0
2023,2023mimus,Week 3,2,pick2,904,28,38,73.68,0
2023,2023mimus,Week 3,3,captain,2960,5,38,13.16,0
2023,2023mimus,Week 3,3,pick1,7054,14,38,36.84,0
2023,2023mimus,Week 3,3,pick2,8285,30,38,78.95,0
2023,2023mimus,Week 3,4,captain,3357,6,38,15.79,0
2023,2023mimus,Week 3,4,pick1,4422,8,38,21.05,0
2023,2023mimus,Week 3,4,pick2,2405,29,38,76.32,0
2023,2023mimus,Week 3,5,captain,3546,7,38,18.42,0
2023,2023mimus,Week 3,5,pick1,5167,13,38,34.21,0
2023,2023mimus,Week 3,5,pick2,7195,23,38,60.53,0
2023,2023mimus,Week 3,6,captain,6100,9,38,23.68,0
2023,2023mimus,Week 3,6,pick1,7501,10,38,26.32,0
2023,2023mimus,Week 3,6,pick2,4004,26,38,68.42,0
2023,2023mimus,Week 3,7,captain,5926,11,38,28.95,0
2023,2023mimus,Week 3,7,pick1,7202,22,38,57.89,0
2023,2023mimus,Week 3,7,pick2,4956,16,38,42.11,0
2023,2023mimus,Week 3,7,backup,6128,15,38,39.47,0
2023,2023mimus,Week 3,8,captain,141,12,38,31.58,0
2023,2023mimus,Week 3,8,pick1,858,19,38,50.0,0
2023,2023mimus,Week 3,8,pick2,5162,27,38,71.05,0
2023,2023mista,Week 3,1,captain,302,1,39,2.56,1
2023,2023mista,Week 3,1,pick1,1506,8,39,20.51,1
2023,2023mista,Week 3,1,pick2,6533,32,39,82.05,1
2023,2023mista,Week 3,2,captain,548,2,39,5.13,0
2023,2023mista,Week 3,2,pick1,4391,3,39,7.69,0
2023,2023mista,Week 3,2,pick2,8286,21,39,53.85,0
2023,2023mista,Week 3,3,captain,5216,4,39,10.26,0
2023,2023mista,Week 3,3,pick1,5505,9,39,23.08,0
2023,2023mista,Week 3,3,pick2,9245,22,39,56.41,0
2023,2023mista,Week 3,4,captain,7166,5,39,12.82,0
2023,2023mista,Week 3,4,pick1,3641,10,39,25.64,0
2023,2023mista,Week 3,4,pick2,5229,20,39,51.28,0
2023,2023mista,Week 3,5,captain,245,6,39,15.38,0
2023,2023mista,Week 3,5,pick1,2619,16,39,41.03,0
2023,2023mista,Week 3,5,pick2,3770,18,39,46.15,0
2023,2023mista,Week 3,6,captain,7211,7,39,17.95,0
2023,2023mista,Week 3,6,pick1,4003,13,39,33.33,0
2023,2023mista,Week 3,6,pick2,6631,19,39,48.72,0
2023,2023mista,Week 3,7,captain,4994,11,39,28.21,0
2023,2023mista,Week 3,7,pick1,9227,12,39,30.77,0
2023,2023mista,Week 3,7,pick2,894,24,39,61.54,0
2023,2023mista,Week 3,8,captain,8385,14,39,35.9,0
2023,2023mista,Week 3,8,pick1,5538,17,39,43.59,0
2023,2023mista,Week 3,8,pick2,7823,27,39,69.23,0
2023,2023mitvc,Week 3,1,captain,7160,1,38,2.63,0
2023,2023mitvc,Week 3,1,pick1,3688,3,38,7.89,0
2023,2023mitvc,Week 3,1,pick2,5501,37,38,97.37,0
2023,2023mitvc,Week 3,2,captain,2834,2,38,5.26,1
2023,2023mitvc,Week 3,2,pick1,3767,5,38,13.16,1
2023,2023mitvc,Week 3,2,pick2,7155,23,38,60.53,1
2023,2023mitvc,Week 3,2,backup,5110,17,38,44.74,1
2023,2023mitvc,Week 3,3,captain,1711,4,38,10.53,0
2023,2023mitvc,Week 3,3,pick1,910,9,38,23.68,0
2023,2023mitvc,Week 3,3,pick2,5247,18,38,47.37,0
2023,2023mitvc,Week 3,4,captain,6098,6,38,15.79,0
2023,2023mitvc,Week 3,4,pick1,5560,11,38,28.95,0
2023,2023mitvc,Week 3,4,pick2,2246,20,38,52.63,0
2023,2023mitvc,Week 3,5,captain,3603,7,38,18.42,0
2023,2023mitvc,Week 3,5,pick1,4377,28,38,73.68,0
2023,2023mitvc,Week 3,5,pick2,5534,16,38,42.11,0
2023,2023mitvc,Week 3,6,captain,4983,8,38,21.05,0
2023,2023mitvc,Week 3,6,pick1,3618,13,38,34.21,0
2023,2023mitvc,Week 3,6,pick2,5086,19,38,50.0,0
2023,2023mitvc,Week 3,7,captain,4398,10,38,26.32,0
2023,2023mitvc,Week 3,7,pick1,7790,15,38,39.47,0
2023,2023mitvc,Week 3,7,pick2,9176,30,38,78.95,0
2023,2023mitvc,Week 3,8,captain,7794,12,38,31.58,0
2023,2023mitvc,Week 3,8,pick1,7244,14,38,36.84,0
2023,2023mitvc,Week 3,8,pick2,3537,29,38,76.32,0
2023,2023txfor,Week 3,1,captain,3005,1,34,2.94,1
2023,2023txfor,Week 3,1,pick1,6672,2,34,5.88,1
2023,2023txfor,Week 3,1,pick2,5613,30,34,88.24,1
2023,2023txfor,Week 3,2,captain,2714,3,34,8.82,0
2023,2023txfor,Week 3,2,pick1,3310,9,34,26.47,0
2023,2023txfor,Week 3,2,pick2,9156,23,34,67.65,0
2023,2023txfor,Week 3,3,captain,8749,4,34,11.76,0
2023,2023txfor,Week 3,3,pick1,4206,6,34,17.65,0
2023,2023txfor,Week 3,3,pick2,7534,13,34,38.24,0
2023,2023txfor,Week 3,3,backup,9080,19,34,55.88,0
2023,2023txfor,Week 3,4,captain,148,5,34,14.71,0
2023,2023txfor,Week 3,4,pick1,9128,28,34,82.35,0
2023,2023txfor,Week 3,4,pick2,9105,21,34,61.76,0
2023,2023txfor,Week 3,5,captain,7506,7,34,20.59,0
2023,2023txfor,Week 3,5,pick1,5431,15,34,44.12,0
2023,2023txfor,Week 3,5,pick2,9088,20,34,58.82,0
2023,2023txfor,Week 3,5,backup,7535,12,34,35.29,0
2023,2023txfor,Week 3,6,captain,4153,8,34,23.53,0
2023,2023txfor,Week 3,6,pick1,7540,24,34,70.59,0
2023,2023txfor,Week 3,6,pick2,4641,17,34,50.0,0
2023,2023txfor,Week 3,7,captain,8858,10,34,29.41,0
2023,2023txfor,Week 3,7,pick1,4192,16,34,47.06,0
2023,2023txfor,Week 3,7,pick2,6369,18,34,52.94,0
2023,2023txfor,Week 3,8,captain,7321,11,34,32.35,0
2023,2023txfor,Week 3,8,pick1,7503,14,34,41.18,0
2023,2023txfor,Week 3,8,pick2,5411,22,34,64.71,0
2023,2023txsan,Week 3,1,captain,2468,1,43,2.33,1
2023,2023txsan,Week 3,1,pick1,2687,4,43,9.3,1
2023,2023txsan,Week 3,1,pick2,8573,22,43,51.16,1
2023,2023txsan,Week 3,2,captain,6800,2,43,4.65,0
2023,2023txsan,Week 3,2,pick1,2582,7,43,16.28,0
2023,2023txsan,Week 3,2,pick2,9051,43,43,100.0,0
2023,2023txsan,Week 3,3,captain,6377,3,43,6.98,0
2023,2023txsan,Week 3,3,pick1,2881,6,43,13.95,0
2023,2023txsan,Week 3,3,pick2,9054,36,43,83.72,0
2023,2023txsan,Week 3,4,captain,4063,5,43,11.63,0
2023,2023txsan,Week 3,4,pick1,3679,10,43,23.26,0
2023,2023txsan,Week 3,4,pick2,8114,31,43,72.09,0
2023,2023txsan,Week 3,5,captain,5829,8,43,18.6,0
2023,2023txsan,Week 3,5,pick1,4610,21,43,48.84,0
2023,2023txsan,Week 3,5,pick2,8769,24,43,55.81,0
2023,2023txsan,Week 3,6,captain,6180,9,43,20.93,0
2023,2023txsan,Week 3,6,pick1,9140,25,43,58.14,0
2023,2023txsan,Week 3,6,pick2,3481,15,43,34.88,0
2023,2023txsan,Week 3,7,captain,2689,11,43,25.58,0
2023,2023txsan,Week 3,7,pick1,5572,19,43,44.19,0
2023,2023txsan,Week 3,7,pick2,8019,17,43,39.53,0
2023,2023txsan,Week 3,8,captain,1296,12,43,27.91,0
2023,2023txsan,Week 3,8,pick1,1255,13,43,30.23,0
2023,2023txsan,Week 3,8,pick2,4219,23,43,53.49,0
2023,2023wayak,Week 3,1,captain,2910,1,27,3.7,1
2023,2023wayak,Week 3,1,pick1,2147,2,27,7.41,1
2023,2023wayak,Week 3,1,pick2,4125,26,27,96.3,1
2023,2023wayak,Week 3,2,captain,4131,3,27,11.11,0
2023,2023wayak,Week 3,2,pick1,1318,8,27,29.63,0
2023,2023wayak,Week 3,2,pick2,3712,21,27,77.78,0
2023,2023wayak,Week 3,2,backup,4104,20,27,74.07,0
2023,2023wayak,Week 3,3,captain,6443,4,27,14.81,0
2023,2023wayak,Week 3,3,pick1,955,5,27,18.52,0
2023,2023wayak,Week 3,3,pick2,6831,25,27,92.59,0
2023,2023wayak,Week 3,4,captain,1595,6,27,22.22,0
2023,2023wayak,Week 3,4,pick1,3711,7,27,25.93,0
2023,2023wayak,Week 3,4,pick2,4692,22,27,81.48,0
2023,2023wayak,Week 3,5,captain,2811,9,27,33.33,0
2023,2023wayak,Week 3,5,pick1,7461,14,27,51.85,0
2023,2023wayak,Week 3,5,pick2,4060,19,27,70.37,0
2023,2023wayak,Week 3,6,captain,5920,10,27,37.04,0
2023,2023wayak,Week 3,6,pick1,4061,12,27,44.44,0
2023,2023wayak,Week 3,6,pick2,2926,15,27,55.56,0
2023,2023wayak,Week 3,7,captain,5468,11,27,40.74,0
2023,2023wayak,Week 3,7,pick1,4980,18,27,66.67,0
2023,2023wayak,Week 3,7,pick2,3826,17,27,62.96,0
2023,2023wayak,Week 3,8,captain,492,13,27,48.15,0
2023,2023wayak,Week 3,8,pick1,8532,24,27,88.89,0
2023,2023wayak,Week 3,8,pick2,4513,16,27,59.26,0
2023,2023cala,Week 3,1,captain,687,1,44,2.27,1
2023,2023cala,Week 3,1,pick1,5199,5,44,11.36,1
2023,2023cala,Week 3,1,pick2,702,27,44,61.36,1
2023,2023cala,Week 3,1,backup,6833,13,44,29.55,1
2023,2023cala,Week 3,2,captain,4123,2,44,4.55,0
2023,2023cala,Week 3,2,pick1,294,17,44,38.64,0
2023,2023cala,Week 3,2,pick2,1452,23,44,52.27,0
2023,2023cala,Week 3,3,captain,1148,3,44,6.82,0
2023,2023cala,Week 3,3,pick1,3473,19,44,43.18,0
2023,2023cala,Week 3,3,pick2,6904,20,44,45.45,0
2023,2023cala,Week 3,4,captain,4201,4,44,9.09,0
2023,2023cala,Week 3,4,pick1,2584,8,44,18.18,0
2023,2023cala,Week 3,4,pick2,5089,22,44,50.0,0
2023,2023cala,Week 3,5,captain,6658,6,44,13.64,0
2023,2023cala,Week 3,5,pick1,3863,14,44,31.82,0
2023,2023cala,Week 3,5,pick2,3952,21,44,47.73,0
2023,2023cala,Week 3,5,backup,7230,24,44,54.55,0
2023,2023cala,Week 3,6,captain,8020,7,44,15.91,0
2023,2023cala,Week 3,6,pick1,846,9,44,20.45,0
2023,2023cala,Week 3,6,pick2,5857,32,44,72.73,0
2023,2023cala,Week 3,7,captain,1661,10,44,22.73,0
2023,2023cala,Week 3,7,pick1,4501,12,44,27.27,0
2023,2023cala,Week 3,7,pick2,1515,15,44,34.09,0
2023,2023cala,Week 3,8,captain,6000,11,44,25.0,0
2023,2023cala,Week 3,8,pick1,2710,16,44,36.36,0
2023,2023cala,Week 3,8,pick2,597,18,44,40.91,0
2023,2023casf,Week 3,1,captain,5507,1,42,2.38,0
2023,2023casf,Week 3,1,pick1,114,7,42,16.67,0
2023,2023casf,Week 3,1,pick2,8169,15,42,35.71,0
2023,2023casf,Week 3,2,captain,971,2,42,4.76,1
2023,2023casf,Week 3,2,pick1,972,17,42,40.48,1
2023,2023casf,Week 3,2,pick2,8016,26,42,61.9,1
2023,2023casf,Week 3,3,captain,5419,3,42,7.14,0
2023,2023casf,Week 3,3,pick1,604,8,42,19.05,0
2023,2023casf,Week 3,3,pick2,9125,32,42,76.19,0
2023,2023casf,Week 3,4,captain,1351,4,42,9.52,0
2023,2023casf,Week 3,4,pick1,115,6,42,14.29,0
2023,2023casf,Week 3,4,pick2,9143,40,42,95.24,0
2023,2023casf,Week 3,5,captain,581,5,42,11.9,0
2023,2023casf,Week 3,5,pick1,8404,13,42,30.95,0
2023,2023casf,Week 3,5,pick2,841,21,42,50.0,0
2023,2023casf,Week 3,6,captain,649,9,42,21.43,0
2023,2023casf,Week 3,6,pick1,9038,14,42,33.33,0
2023,2023casf,Week 3,6,pick2,8793,18,42,42.86,0
2023,2023casf,Week 3,7,captain,2854,10,42,23.81,0
2023,2023casf,Week 3,7,pick1,6962,11,42,26.19,0
2023,2023casf,Week 3,7,pick2,4159,37,42,88.1,0
2023,2023casf,Week 3,8,captain,8852,12,42,28.57,0
2023,2023casf,Week 3,8,pick1,1967,19,42,45.24,0
2023,2023casf,Week 3,8,pick2,5924,20,42,47.62,0
2023,2023gagwi,Week 3,1,captain,4509,1,27,3.7,0
2023,2023gagwi,Week 3,1,pick1,1683,3,27,11.11,0
2023,2023gagwi,Week 3,1,pick2,8577,20,27,74.07,0
2023,2023gagwi,Week 3,2,captain,1771,2,27,7.41,1
2023,2023gagwi,Week 3,2,pick1,4188,5,27,18.52,1
2023,2023gagwi,Week 3,2,pick2,2415,17,27,62.96,1
2023,2023gagwi,Week 3,3,captain,8865,4,27,14.81,0
2023,2023gagwi,Week 3,3,pick1,1261,9,27,33.33,0
2023,2023gagwi,Week 3,3,pick2,8849,22,27,81.48,0
2023,2023gagwi,Week 3,4,captain,1414,6,27,22.22,0
2023,2023gagwi,Week 3,4,pick1,6829,12,27,44.44,0
2023,2023gagwi,Week 3,4,pick2,9086,26,27,96.3,0
2023,2023gagwi,Week 3,5,captain,5109,7,27,25.93,0
2023,2023gagwi,Week 3,5,pick1,8736,15,27,55.56,0
2023,2023gagwi,Week 3,5,pick2,9293,24,27,88.89,0
2023,2023gagwi,Week 3,6,captain,8815,8,27,29.63,0
2023,2023gagwi,Week 3,6,pick1,1746,10,27,37.04,0
2023,2023gagwi,Week 3,6,pick2,7538,19,27,70.37,0
2023,2023gagwi,Week 3,7,captain,5293,11,27,40.74,0
2023,2023gagwi,Week 3,7,pick1,6925,18,27,66.67,0
2023,2023gagwi,Week 3,7,pick2,6910,23,27,85.19,0
2023,2023gagwi,Week 3,8,captain,8100,13,27,48.15,0
2023,2023gagwi,Week 3,8,pick1,1795,14,27,51.85,0
2023,2023gagwi,Week 3,8,pick2,5651,16,27,59.26,0
2023,2023marea,Week 3,1,captain,133,1,40,2.5,0
2023,2023marea,Week 3,1,pick1,3467,2,40,5.0,0
2023,2023marea,Week 3,1,pick2,1721,40,40,100.0,0
2023,2023marea,Week 3,2,captain,88,3,40,7.5,1
2023,2023marea,Week 3,2,pick1,1768,7,40,17.5,1
2023,2023marea,Week 3,2,pick2,6201,36,40,90.0,1
2023,2023marea,Week 3,2,backup,4311,18,40,45.0,1
2023,2023marea,Week 3,3,captain,1073,4,40,10.0,0
2023,2023marea,Week 3,3,pick1,1153,5,40,12.5,0
2023,2023marea,Week 3,3,pick2,1729,15,40,37.5,0
2023,2023marea,Week 3,4,captain,5813,6,40,15.0,0
2023,2023marea,Week 3,4,pick1,138,8,40,20.0,0
2023,2023marea,Week 3,4,pick2,5735,23,40,57.5,0
2023,2023marea,Week 3,5,captain,8724,9,40,22.5,0
2023,2023marea,Week 3,5,pick1,5459,25,40,62.5,0
2023,2023marea,Week 3,5,pick2,2876,22,40,55.0,0
2023,2023marea,Week 3,6,captain,2262,10,40,25.0,0
2023,2023marea,Week 3,6,pick1,172,12,40,30.0,0
2023,2023marea,Week 3,6,pick2,97,16,40,40.0,0
2023,2023marea,Week 3,7,captain,58,11,40,27.5,0
2023,2023marea,Week 3,7,pick1,4905,29,40,72.5,0
2023,2023marea,Week 3,7,pick2,5563,21,40,52.5,0
2023,2023marea,Week 3,8,captain,1965,13,40,32.5,0
2023,2023marea,Week 3,8,pick1,4546,14,40,35.0,0
2023,2023marea,Week 3,8,pick2,4761,17,40,42.5,0
2023,2023ncmec,Week 3,1,captain,5727,1,27,3.7,0
2023,2023ncmec,Week 3,1,pick1,3506,3,27,11.11,0
2023,2023ncmec,Week 3,1,pick2,7270,27,27,100.0,0
2023,2023ncmec,Week 3,1,backup,9198,14,27,51.85,0
2023,2023ncmec,Week 3,2,captain,1533,2,27,7.41,1
2023,2023ncmec,Week 3,2,pick1,4290,4,27,14.81,1
2023,2023ncmec,Week 3,2,pick2,6512,25,27,92.59,1
2023,2023ncmec,Week 3,2,backup,6214,23,27,85.19,1
2023,2023ncmec,Week 3,3,captain,8727,5,27,18.52,0
2023,2023ncmec,Week 3,3,pick1,4829,10,27,37.04,0
2023,2023ncmec,Week 3,3,pick2,9297,20,27,74.07,0
2023,2023ncmec,Week 3,4,captain,3196,6,27,22.22,0
2023,2023ncmec,Week 3,4,pick1,4935,7,27,25.93,0
2023,2023ncmec,Week 3,4,pick2,9298,15,27,55.56,0
2023,2023ncmec,Week 3,5,captain,3459,8,27,29.63,0
2023,2023ncmec,Week 3,5,pick1,6639,24,27,88.89,0
2023,2023ncmec,Week 3,5,pick2,8030,16,27,59.26,0
2023,2023ncmec,Week 3,6,captain,6932,9,27,33.33,0
2023,2023ncmec,Week 3,6,pick1,9005,18,27,66.67,0
2023,2023ncmec,Week 3,6,pick2,1225,19,27,70.37,0
2023,2023ncmec,Week 3,7,captain,6888,11,27,40.74,0
2023,2023ncmec,Week 3,7,pick1,6894,21,27,77.78,0
2023,2023ncmec,Week 3,7,pick2,8833,22,27,81.48,0
2023,2023ncmec,Week 3,8,captain,8304,12,27,44.44,0
2023,2023ncmec,Week 3,8,pick1,9150,13,27,48.15,0
2023,2023ncmec,Week 3,8,pick2,5679,17,27,62.96,0
2023,2023ncwak,Week 3,1,captain,7890,1,27,3.7,1
2023,2023ncwak,Week 3,1,pick1,4795,3,27,11.11,1
2023,2023ncwak,Week 3,1,pick2,8757,24,27,88.89,1
2023,2023ncwak,Week 3,2,captain,4561,2,27,7.41,0
2023,2023ncwak,Week 3,2,pick1,587,10,27,37.04,0
2023,2023ncwak,Week 3,2,pick2,8758,22,27,81.48,0
2023,2023ncwak,Week 3,3,captain,900,4,27,14.81,0
2023,2023ncwak,Week 3,3,pick1,8429,8,27,29.63,0
2023,2023ncwak,Week 3,3,pick2,4534,25,27,92.59,0
2023,2023ncwak,Week 3,4,captain,2059,5,27,18.52,0
2023,2023ncwak,Week 3,4,pick1,5160,11,27,40.74,0
2023,2023ncwak,Week 3,4,pick2,8090,20,27,74.07,0
2023,2023ncwak,Week 3,5,captain,9008,6,27,22.22,0
2023,2023ncwak,Week 3,5,pick1,6500,13,27,48.15,0
2023,2023ncwak,Week 3,5,pick2,5607,27,27,100.0,0
2023,2023ncwak,Week 3,6,captain,9000,7,27,25.93,0
2023,2023ncwak,Week 3,6,pick1,2655,15,27,55.56,0
2023,2023ncwak,Week 3,6,pick2,9032,19,27,70.37,0
2023,2023ncwak,Week 3,7,captain,8804,9,27,33.33,0
2023,2023ncwak,Week 3,7,pick1,7763,14,27,51.85,0
2023,2023ncwak,Week 3,7,pick2,5511,16,27,59.26,0
2023,2023ncwak,Week 3,8,captain,8746,12,27,44.44,0
2023,2023ncwak,Week 3,8,pick1,7671,18,27,66.67,0
2023,2023ncwak,Week 3,8,pick2,9259,17,27,62.96,0
2023,2023njrob,Week 3,1,captain,1807,1,31,3.23,0
2023,2023njrob,Week 3,1,pick1,316,4,31,12.9,0
2023,2023njrob,Week 3,1,pick2,5666,23,31,74.19,0
2023,2023njrob,Week 3,2,captain,1403,2,31,6.45,0
2023,2023njrob,Week 3,2,pick1,2590,7,31,22.58,0
2023,2023njrob,Week 3,2,pick2,8714,22,31,70.97,0
2023,2023njrob,Week 3,3,captain,3314,3,31,9.68,1
2023,2023njrob,Week 3,3,pick1,2495,8,31,25.81,1
2023,2023njrob,Week 3,3,pick2,9015,16,31,51.61,1
2023,2023njrob,Week 3,4,captain,6897,5,31,16.13,0
2023,2023njrob,Week 3,4,pick1,5684,12,31,38.71,0
2023,2023njrob,Week 3,4,pick2,87,19,31,61.29,0
2023,2023njrob,Week 3,5,captain,4653,6,31,19.35,0
2023,2023njrob,Week 3,5,pick1,293,10,31,32.26,0
2023,2023njrob,Week 3,5,pick2,4652,18,31,58.06,0
2023,2023njrob,Week 3,6,captain,2554,9,31,29.03,0
2023,2023njrob,Week 3,6,pick1,1812,11,31,35.48,0
2023,2023njrob,Week 3,6,pick2,1626,27,31,87.1,0
2023,2023njrob,Week 3,7,captain,2191,13,31,41.94,0
2023,2023njrob,Week 3,7,pick1,2016,24,31,77.42,0
2023,2023njrob,Week 3,7,pick2,303,26,31,83.87,0
2023,2023njrob,Week 3,8,captain,714,14,31,45.16,0
2023,2023njrob,Week 3,8,pick1,1089,20,31,64.52,0
2023,2023njrob,Week 3,8,pick2,9116,21,31,67.74,0
2023,2023onlon,Week 3,1,captain,3683,1,33,3.03,0
2023,2023onlon,Week 3,1,pick1,4039,5,33,15.15,0
2023,2023onlon,Week 3,1,pick2,6854,28,33,84.85,0
2023,2023onlon,Week 3,1,backup,288,16,33,48.48,0
2023,2023onlon,Week 3,2,captain,4907,2,33,6.06,1
2023,2023onlon,Week 3,2,pick1,1325,9,33,27.27,1
2023,2023onlon,Week 3,2,pick2,5870,18,33,54.55,1
2023,2023onlon,Week 3,3,captain,1241,3,33,9.09,0
2023,2023onlon,Week 3,3,pick1,5460,10,33,30.3,0
2023,2023onlon,Week 3,3,pick2,216,14,33,42.42,0
2023,2023onlon,Week 3,4,captain,5406,4,33,12.12,0
2023,2023onlon,Week 3,4,pick1,1285,7,33,21.21,0
2023,2023onlon,Week 3,4,pick2,6070,20,33,60.61,0
2023,2023onlon,Week 3,5,captain,5024,6,33,18.18,0
2023,2023onlon,Week 3,5,pick1,2013,13,33,39.39,0
2023,2023onlon,Week 3,5,pick2,9263,26,33,78.79,0
2023,2023onlon,Week 3,6,captain,244,8,33,24.24,0
2023,2023onlon,Week 3,6,pick1,7480,21,33,63.64,0
2023,2023onlon,Week 3,6,pick2,781,22,33,66.67,0
2023,2023onlon,Week 3,7,captain,4917,11,33,33.33,0
2023,2023onlon,Week 3,7,pick1,8089,17,33,51.52,0
2023,2023onlon,Week 3,7,pick2,7902,29,33,87.88,0
2023,2023onlon,Week 3,8,captain,3739,12,33,36.36,0
2023,2023onlon,Week 3,8,pick1,8884,23,33,69.7,0
2023,2023onlon,Week 3,8,pick2,2708,19,33,57.58,0
2023,2023ontor,Week 3,1,captain,4476,1,28,3.57,1
2023,2023ontor,Week 3,1,pick1,7558,2,28,7.14,1
2023,2023ontor,Week 3,1,pick2,5596,28,28,100.0,1
2023,2023ontor,Week 3,2,captain,7690,3,28,10.71,0
2023,2023ontor,Week 3,2,pick1,1310,4,28,14.29,0
2023,2023ontor,Week 3,2,pick2,2852,19,28,67.86,0
2023,2023ontor,Week 3,3,captain,6978,5,28,17.86,0
2023,2023ontor,Week 3,3,pick1,7712,9,28,32.14,0
2023,2023ontor,Week 3,3,pick2,4308,26,28,92.86,0
2023,2023ontor,Week 3,4,captain,6141,6,28,21.43,0
2023,2023ontor,Week 3,4,pick1,2706,13,28,46.43,0
2023,2023ontor,Week 3,4,pick2,7603,20,28,71.43,0
2023,2023ontor,Week 3,5,captain,2935,7,28,25.0,0
2023,2023ontor,Week 3,5,pick1,5032,14,28,50.0,0
2023,2023ontor,Week 3,5,pick2,2198,25,28,89.29,0
2023,2023ontor,Week 3,6,captain,6977,8,28,28.57,0
2023,2023ontor,Week 3,6,pick1,7136,15,28,53.57,0
2023,2023ontor,Week 3,6,pick2,6397,12,28,42.86,0
2023,2023ontor,Week 3,7,captain,5031,10,28,35.71,0
2023,2023ontor,Week 3,7,pick1,5719,16,28,57.14,0
2023,2023ontor,Week 3,7,pick2,8729,27,28,96.43,0
2023,2023ontor,Week 3,8,captain,5036,11,28,39.29,0
2023,2023ontor,Week 3,8,pick1,4343,17,28,60.71,0
2023,2023ontor,Week 3,8,pick2,8349,18,28,64.29,0
2023,2023paphi,Week 3,1,captain,2539,1,31,3.23,1
2023,2023paphi,Week 3,1,pick1,341,2,31,6.45,1
2023,2023paphi,Week 3,1,pick2,9027,28,31,90.32,1
2023,2023paphi,Week 3,2,captain,1218,3,31,9.68,0
2023,2023paphi,Week 3,2,pick1,103,7,31,22.58,0
2023,2023paphi,Week 3,2,pick2,9094,24,31,77.42,0
2023,2023paphi,Week 3,3,captain,4373,4,31,12.9,0
2023,2023paphi,Week 3,3,pick1,1640,5,31,16.13,0
2023,2023paphi,Week 3,3,pick2,9014,23,31,74.19,0
2023,2023paphi,Week 3,4,captain,102,6,31,19.35,0
2023,2023paphi,Week 3,4,pick1,708,9,31,29.03,0
2023,2023paphi,Week 3,4,pick2,486,21,31,67.74,0
2023,2023paphi,Week 3,5,captain,5401,8,31,25.81,0
2023,2023paphi,Week 3,5,pick1,834,11,31,35.48,0
2023,2023paphi,Week 3,5,pick2,2720,30,31,96.77,0
2023,2023paphi,Week 3,6,captain,5181,10,31,32.26,0
2023,2023paphi,Week 3,6,pick1,2722,12,31,38.71,0
2023,2023paphi,Week 3,6,pick2,433,22,31,70.97,0
2023,2023paphi,Week 3,7,captain,321,13,31,41.94,0
2023,2023paphi,Week 3,7,pick1,1712,16,31,51.61,0
2023,2023paphi,Week 3,7,pick2,6808,29,31,93.55,0
2023,2023paphi,Week 3,8,captain,4575,14,31,45.16,0
2023,2023paphi,Week 3,8,pick1,203,17,31,54.84,0
2023,2023paphi,Week 3,8,pick2,4342,19,31,61.29,0
2023,2023vaale,Week 3,1,captain,8592,1,40,2.5,1
2023,2023vaale,Week 3,1,pick1,1727,2,40,5.0,1
2023,2023vaale,Week 3,1,pick2,2421,20,40,50.0,1
2023,2023vaale,Week 3,2,captain,623,3,40,7.5,0
2023,2023vaale,Week 3,2,pick1,4099,13,40,32.5,0
2023,2023vaale,Week 3,2,pick2,612,18,40,45.0,0
2023,2023vaale,Week 3,3,captain,686,4,40,10.0,0
2023,2023vaale,Week 3,3,pick1,4472,9,40,22.5,0
2023,2023vaale,Week 3,3,pick2,3748,34,40,85.0,0
2023,2023vaale,Week 3,4,captain,7770,5,40,12.5,0
2023,2023vaale,Week 3,4,pick1,1389,10,40,25.0,0
2023,2023vaale,Week 3,4,pick2,9033,19,40,47.5,0
2023,2023vaale,Week 3,5,captain,620,6,40,15.0,0
2023,2023vaale,Week 3,5,pick1,4541,12,40,30.0,0
2023,2023vaale,Week 3,5,pick2,1418,30,40,75.0,0
2023,2023vaale,Week 3,6,captain,8230,7,40,17.5,0
2023,2023vaale,Week 3,6,pick1,5115,22,40,55.0,0
2023,2023vaale,Week 3,6,pick2,8726,26,40,65.0,0
2023,2023vaale,Week 3,6,backup,339,21,40,52.5,0
2023,2023vaale,Week 3,7,captain,2186,8,40,20.0,0
2023,2023vaale,Week 3,7,pick1,3373,11,40,27.5,0
2023,2023vaale,Week 3,7,pick2,116,28,40,70.0,0
2023,2023vaale,Week 3,7,backup,1915,17,40,42.5,0
2023,2023vaale,Week 3,8,captain,6504,14,40,35.0,0
2023,2023vaale,Week 3,8,pick1,1885,15,40,37.5,0
2023,2023vaale,Week 3,8,pick2,1719,16,40,40.0,0
2023,2023vapor,Week 3,1,captain,2363,1,29,3.45,1
2023,2023vapor,Week 3,1,pick1,5804,2,29,6.9,1
2023,2023vapor,Week 3,1,pick2,539,27,29,93.1,1
2023,2023vapor,Week 3,2,captain,3136,3,29,10.34,0
2023,2023vapor,Week 3,2,pick1,1599,4,29,13.79,0
2023,2023vapor,Week 3,2,pick2,1793,23,29,79.31,0
2023,2023vapor,Week 3,2,backup,2068,22,29,75.86,0
2023,2023vapor,Week 3,3,captain,384,5,29,17.24,0
2023,2023vapor,Week 3,3,pick1,1908,7,29,24.14,0
2023,2023vapor,Week 3,3,pick2,5954,24,29,82.76,0
2023,2023vapor,Week 3,4,captain,2028,6,29,20.69,0
2023,2023vapor,Week 3,4,pick1,1610,14,29,48.28,0
2023,2023vapor,Week 3,4,pick2,8622,13,29,44.83,0
2023,2023vapor,Week 3,5,captain,122,8,29,27.59,0
2023,2023vapor,Week 3,5,pick1,4505,17,29,58.62,0
2023,2023vapor,Week 3,5,pick2,4286,20,29,68.97,0
2023,2023vapor,Week 3,6,captain,617,9,29,31.03,0
2023,2023vapor,Week 3,6,pick1,6189,10,29,34.48,0
2023,2023vapor,Week 3,6,pick2,404,21,29,72.41,0
2023,2023vapor,Week 3,7,captain,8326,11,29,37.93,0
2023,2023vapor,Week 3,7,pick1,6194,19,29,65.52,0
2023,2023vapor,Week 3,7,pick2,3359,25,29,86.21,0
2023,2023vapor,Week 3,8,captain,1522,12,29,41.38,0
2023,2023vapor,Week 3,8,pick1,9214,15,29,51.72,0
2023,2023vapor,Week 3,8,pick2,7429,18,29,62.07,0
2023,2023wabon,Week 3,1,captain,2930,1,31,3.23,0
2023,2023wabon,Week 3,1,pick1,2046,4,31,12.9,0
2023,2023wabon,Week 3,1,pick2,4681,22,31,70.97,0
2023,2023wabon,Week 3,1,backup,8896,26,31,83.87,0
2023,2023wabon,Week 3,2,captain,3218,2,31,6.45,0
2023,2023wabon,Week 3,2,pick1,3663,3,31,9.68,0
2023,2023wabon,Week 3,2,pick2,1294,24,31,77.42,0
2023,2023wabon,Week 3,2,backup,5683,16,31,51.61,0
2023,2023wabon,Week 3,3,captain,1778,5,31,16.13,1
2023,2023wabon,Week 3,3,pick1,2522,7,31,22.58,1
2023,2023wabon,Week 3,3,pick2,3393,30,31,96.77,1
2023,2023wabon,Week 3,4,captain,1983,6,31,19.35,0
2023,2023wabon,Week 3,4,pick1,5937,18,31,58.06,0
2023,2023wabon,Week 3,4,pick2,948,21,31,67.74,0
2023,2023wabon,Week 3,4,backup,8303,23,31,74.19,0
2023,2023wabon,Week 3,5,captain,2907,8,31,25.81,0
2023,2023wabon,Week 3,5,pick1,2557,11,31,35.48,0
2023,2023wabon,Week 3,5,pick2,6350,14,31,45.16,0
2023,2023wabon,Week 3,6,captain,3588,9,31,29.03,0
2023,2023wabon,Week 3,6,pick1,5588,20,31,64.52,0
2023,2023wabon,Week 3,6,pick2,9023,17,31,54.84,0
2023,2023wabon,Week 3,7,captain,4918,10,31,32.26,0
2023,2023wabon,Week 3,7,pick1,4469,19,31,61.29,0
2023,2023wabon,Week 3,7,pick2,568,25,31,80.65,0
2023,2023wabon,Week 3,8,captain,8386,12,31,38.71,0
2023,2023wabon,Week 3,8,pick1,4579,13,31,41.94,0
2023,2023wabon,Week 3,8,pick2,3049,15,31,48.39,0
2023,2023nyli,Week 3,1,captain,2872,1,45,2.22,0
2023,2023nyli,Week 3,1,pick1,870,2,45,4.44,0
2023,2023nyli,Week 3,1,pick2,334,28,45,62.22,0
2023,2023nyli,Week 3,2,captain,3015,3,45,6.67,1
2023,2023nyli,Week 3,2,pick1,1468,9,45,20.0,1
2023,2023nyli,Week 3,2,pick2,2875,18,45,40.0,1
2023,2023nyli,Week 3,3,captain,3171,4,45,8.89,0
2023,2023nyli,Week 3,3,pick1,3950,6,45,13.33,0
2023,2023nyli,Week 3,3,pick2,369,20,45,44.44,0
2023,2023nyli,Week 3,4,captain,5736,5,45,11.11,0
2023,2023nyli,Week 3,4,pick1,7539,7,45,15.56,0
2023,2023nyli,Week 3,4,pick2,2869,36,45,80.0,0
2023,2023nyli,Week 3,5,captain,333,8,45,17.78,0
2023,2023nyli,Week 3,5,pick1,8267,16,45,35.56,0
2023,2023nyli,Week 3,5,pick2,6401,44,45,97.78,0
2023,2023nyli,Week 3,6,captain,7636,10,45,22.22,0
2023,2023nyli,Week 3,6,pick1,6423,27,45,60.0,0
2023,2023nyli,Week 3,6,pick2,2638,29,45,64.44,0
2023,2023nyli,Week 3,7,captain,4458,11,45,24.44,0
2023,2023nyli,Week 3,7,pick1,4122,12,45,26.67,0
2023,2023nyli,Week 3,7,pick2,496,26,45,57.78,0
2023,2023nyli,Week 3,8,captain,8595,13,45,28.89,0
2023,2023nyli,Week 3,8,pick1,329,21,45,46.67,0
2023,2023nyli,Week 3,8,pick2,810,15,45,33.33,0
2023,2023iscmp,Week 4,1,captain,1577,1,45,2.22,1
2023,2023iscmp,Week 4,1,pick1,1690,3,45,6.67,1
2023,2023iscmp,Week 4,1,pick2,5135,12,45,26.67,1
2023,2023iscmp,Week 4,2,captain,2630,2,45,4.44,0
2023,2023iscmp,Week 4,2,pick1,3339,15,45,33.33,0
2023,2023iscmp,Week 4,2,pick2,6738,26,45,57.78,0
2023,2023iscmp,Week 4,3,captain,1574,4,45,8.89,0
2023,2023iscmp,Week 4,3,pick1,3075,23,45,51.11,0
2023,2023iscmp,Week 4,3,pick2,5635,28,45,62.22,0
2023,2023iscmp,Week 4,4,captain,5990,5,45,11.11,0
2023,2023iscmp,Week 4,4,pick1,5987,9,45,20.0,0
2023,2023iscmp,Week 4,4,pick2,3316,34,45,75.56,0
2023,2023iscmp,Week 4,5,captain,2231,6,45,13.33,0
2023,2023iscmp,Week 4,5,pick1,7039,16,45,35.56,0
2023,2023iscmp,Week 4,5,pick2,3065,20,45,44.44,0
2023,2023iscmp,Week 4,6,captain,5654,7,45,15.56,0
2023,2023iscmp,Week 4,6,pick1,2230,21,45,46.67,0
2023,2023iscmp,Week 4,6,pick2,3211,18,45,40.0,0
2023,2023iscmp,Week 4,7,captain,5715,8,45,17.78,0
2023,2023iscmp,Week 4,7,pick1,5614,13,45,28.89,0
2023,2023iscmp,Week 4,7,pick2,1942,19,45,42.22,0
2023,2023iscmp,Week 4,8,captain,7845,10,45,22.22,0
2023,2023iscmp,Week 4,8,pick1,2096,22,45,48.89,0
2023,2023iscmp,Week 4,8,pick2,4590,14,45,31.11,0
2023,2023iscmp,Week 4,8,backup,2212,11,45,24.44,0
2023,2023iacf,Week 4,1,captain,2264,1,56,1.79,0
2023,2023iacf,Week 4,1,pick1,1625,3,56,5.36,0
2023,2023iacf,Week 4,1,pick2,2667,36,56,64.29,0
2023,2023iacf,Week 4,1,backup,5837,16,56,28.57,0
2023,2023iacf,Week 4,2,captain,6424,2,56,3.57,1
2023,2023iacf,Week 4,2,pick1,4329,4,56,7.14,1
2023,2023iacf,Week 4,2,pick2,1785,29,56,51.79,1
2023,2023iacf,Week 4,3,captain,7541,5,56,8.93,0
2023,2023iacf,Week 4,3,pick1,2847,9,56,16.07,0
2023,2023iacf,Week 4,3,pick2,3102,28,56,50.0,0
2023,2023iacf,Week 4,4,captain,9092,6,56,10.71,0
2023,2023iacf,Week 4,4,pick1,525,15,56,26.79,0
2023,2023iacf,Week 4,4,pick2,2846,17,56,30.36,0
2023,2023iacf,Week 4,5,captain,6420,7,56,12.5,0
2023,2023iacf,Week 4,5,pick1,3928,14,56,25.0,0
2023,2023iacf,Week 4,5,pick2,2040,31,56,55.36,0
2023,2023iacf,Week 4,6,captain,5125,8,56,14.29,0
2023,2023iacf,Week 4,6,pick1,4096,13,56,23.21,0
2023,2023iacf,Week 4,6,pick2,167,12,56,21.43,0
2023,2023iacf,Week 4,7,captain,4624,10,56,17.86,0
2023,2023iacf,Week 4,7,pick1,5006,18,56,32.14,0
2023,2023iacf,Week 4,7,pick2,2526,30,56,53.57,0
2023,2023iacf,Week 4,8,captain,7848,11,56,19.64,0
2023,2023iacf,Week 4,8,pick1,7048,20,56,35.71,0
2023,2023iacf,Week 4,8,pick2,4646,19,56,33.93,0
2023,2023mose,Week 4,1,captain,1706,1,27,3.7,0
2023,2023mose,Week 4,1,pick1,4522,2,27,7.41,0
2023,2023mose,Week 4,1,pick2,6817,24,27,88.89,0
2023,2023mose,Week 4,2,captain,3184,3,27,11.11,1
2023,2023mose,Week 4,2,pick1,4766,7,27,25.93,1
2023,2023mose,Week 4,2,pick2,5809,14,27,51.85,1
2023,2023mose,Week 4,3,captain,1939,4,27,14.81,0
2023,2023mose,Week 4,3,pick1,3061,5,27,18.52,0
2023,2023mose,Week 4,3,pick2,1997,21,27,77.78,0
2023,2023mose,Week 4,4,captain,3313,6,27,22.22,0
2023,2023mose,Week 4,4,pick1,8825,10,27,37.04,0
2023,2023mose,Week 4,4,pick2,4187,15,27,55.56,0
2023,2023mose,Week 4,5,captain,5098,8,27,29.63,0
2023,2023mose,Week 4,5,pick1,6391,13,27,48.15,0
2023,2023mose,Week 4,5,pick2,4480,22,27,81.48,0
2023,2023mose,Week 4,6,captain,1986,9,27,33.33,0
2023,2023mose,Week 4,6,pick1,9031,17,27,62.96,0
2023,2023mose,Week 4,6,pick2,4455,18,27,66.67,0
2023,2023mose,Week 4,7,captain,5454,11,27,40.74,0
2023,2023mose,Week 4,7,pick1,1810,19,27,70.37,0
2023,2023mose,Week 4,7,pick2,1723,25,27,92.59,0
2023,2023mose,Week 4,8,captain,7662,12,27,44.44,0
2023,2023mose,Week 4,8,pick1,3284,20,27,74.07,0
2023,2023mose,Week 4,8,pick2,8112,16,27,59.26,0
2023,2023wimi,Week 4,1,captain,930,1,47,2.13,0
2023,2023wimi,Week 4,1,pick1,8096,9,47,19.15,0
2023,2023wimi,Week 4,1,pick2,8029,24,47,51.06,0
2023,2023wimi,Week 4,2,captain,537,2,47,4.26,0
2023,2023wimi,Week 4,2,pick1,4786,6,47,12.77,0
2023,2023wimi,Week 4,2,pick2,2506,20,47,42.55,0
2023,2023wimi,Week 4,3,captain,1732,3,47,6.38,1
2023,2023wimi,Week 4,3,pick1,1714,31,47,65.96,1
2023,2023wimi,Week 4,3,pick2,8847,16,47,34.04,1
2023,2023wimi,Week 4,4,captain,2202,4,47,8.51,0
2023,2023wimi,Week 4,4,pick1,1792,26,47,55.32,0
2023,2023wimi,Week 4,4,pick2,2830,22,47,46.81,0
2023,2023wimi,Week 4,5,captain,6421,5,47,10.64,0
2023,2023wimi,Week 4,5,pick1,3197,17,47,36.17,0
2023,2023wimi,Week 4,5,pick2,3418,36,47,76.6,0
2023,2023wimi,Week 4,6,captain,6017,7,47,14.89,0
2023,2023wimi,Week 4,6,pick1,93,18,47,38.3,0
2023,2023wimi,Week 4,6,pick2,8802,13,47,27.66,0
2023,2023wimi,Week 4,6,backup,6160,11,47,23.4,0
2023,2023wimi,Week 4,7,captain,706,8,47,17.02,0
2023,2023wimi,Week 4,7,pick1,8122,12,47,25.53,0
2023,2023wimi,Week 4,7,pick2,3067,39,47,82.98,0
2023,2023wimi,Week 4,8,captain,6574,10,47,21.28,0
2023,2023wimi,Week 4,8,pick1,6381,15,47,31.91,0
2023,2023wimi,Week 4,8,pick2,8701,34,47,72.34,0
2023,2023code,Week 4,1,captain,1339,1,43,2.33,1
2023,2023code,Week 4,1,pick1,4499,4,43,9.3,1
2023,2023code,Week 4,1,pick2,1799,27,43,62.79,1
2023,2023code,Week 4,2,captain,1410,2,43,4.65,0
2023,2023code,Week 4,2,pick1,1619,3,43,6.98,0
2023,2023code,Week 4,2,pick2,3298,31,43,72.09,0
2023,2023code,Week 4,3,captain,4293,5,43,11.63,0
2023,2023code,Week 4,3,pick1,4068,8,43,18.6,0
2023,2023code,Week 4,3,pick2,4418,22,43,51.16,0
2023,2023code,Week 4,4,captain,2240,6,43,13.95,0
2023,2023code,Week 4,4,pick1,2996,15,43,34.88,0
2023,2023code,Week 4,4,pick2,4388,30,43,69.77,0
2023,2023code,Week 4,5,captain,4550,7,43,16.28,0
2023,2023code,Week 4,5,pick1,4944,9,43,20.93,0
2023,2023code,Week 4,5,pick2,159,26,43,60.47,0
2023,2023code,Week 4,6,captain,4593,10,43,23.26,0
2023,2023code,Week 4,6,pick1,3648,16,43,37.21,0
2023,2023code,Week 4,6,pick2,2083,36,43,83.72,0
2023,2023code,Week 4,7,captain,6920,11,43,25.58,0
2023,2023code,Week 4,7,pick1,3374,12,43,27.91,0
2023,2023code,Week 4,7,pick2,2036,19,43,44.19,0
2023,2023code,Week 4,8,captain,1138,13,43,30.23,0
2023,2023code,Week 4,8,pick1,3200,17,43,39.53,0
2023,2023code,Week 4,8,pick2,3729,21,43,48.84,0
2023,2023mxto,Week 4,1,captain,4400,1,41,2.44,1
2023,2023mxto,Week 4,1,pick1,4635,3,41,7.32,1
2023,2023mxto,Week 4,1,pick2,3526,32,41,78.05,1
2023,2023mxto,Week 4,2,captain,5526,2,41,4.88,0
2023,2023mxto,Week 4,2,pick1,4403,20,41,48.78,0
2023,2023mxto,Week 4,2,pick2,6200,40,41,97.56,0
2023,2023mxto,Week 4,3,captain,7421,4,41,9.76,0
2023,2023mxto,Week 4,3,pick1,9118,6,41,14.63,0
2023,2023mxto,Week 4,3,pick2,9301,23,41,56.1,0
2023,2023mxto,Week 4,4,captain,7577,5,41,12.2,0
2023,2023mxto,Week 4,4,pick1,4775,14,41,34.15,0
2023,2023mxto,Week 4,4,pick2,5312,35,41,85.37,0
2023,2023mxto,Week 4,5,captain,5959,7,41,17.07,0
2023,2023mxto,Week 4,5,pick1,7725,11,41,26.83,0
2023,2023mxto,Week 4,5,pick2,5705,21,41,51.22,0
2023,2023mxto,Week 4,6,captain,7669,8,41,19.51,0
2023,2023mxto,Week 4,6,pick1,8105,37,41,90.24,0
2023,2023mxto,Week 4,6,pick2,6605,16,41,39.02,0
2023,2023mxto,Week 4,7,captain,4401,9,41,21.95,0
2023,2023mxto,Week 4,7,pick1,9134,18,41,43.9,0
2023,2023mxto,Week 4,7,pick2,8748,12,41,29.27,0
2023,2023mxto,Week 4,8,captain,4735,10,41,24.39,0
2023,2023mxto,Week 4,8,pick1,3522,15,41,36.59,0
2023,2023mxto,Week 4,8,pick2,8291,19,41,46.34,0
2023,2023azgl,Week 4,1,captain,5199,1,42,2.38,1
2023,2023azgl,Week 4,1,pick1,498,4,42,9.52,1
2023,2023azgl,Week 4,1,pick2,1165,31,42,73.81,1
2023,2023azgl,Week 4,2,captain,2403,2,42,4.76,0
2023,2023azgl,Week 4,2,pick1,1868,5,42,11.9,0
2023,2023azgl,Week 4,2,pick2,3019,37,42,88.1,0
2023,2023azgl,Week 4,3,captain,6413,3,42,7.14,0
2023,2023azgl,Week 4,3,pick1,6968,7,42,16.67,0
2023,2023azgl,Week 4,3,pick2,4565,21,42,50.0,0
2023,2023azgl,Week 4,4,captain,7426,6,42,14.29,0
2023,2023azgl,Week 4,4,pick1,7447,12,42,28.57,0
2023,2023azgl,Week 4,4,pick2,6833,18,42,42.86,0
2023,2023azgl,Week 4,4,backup,8087,15,42,35.71,0
2023,2023azgl,Week 4,5,captain,6479,8,42,19.05,0
2023,2023azgl,Week 4,5,pick1,8848,20,42,47.62,0
2023,2023azgl,Week 4,5,pick2,6656,30,42,71.43,0
2023,2023azgl,Week 4,6,captain,7645,9,42,21.43,0
2023,2023azgl,Week 4,6,pick1,2478,19,42,45.24,0
2023,2023azgl,Week 4,6,pick2,3944,13,42,30.95,0
2023,2023azgl,Week 4,7,captain,5137,10,42,23.81,0
2023,2023azgl,Week 4,7,pick1,4146,17,42,40.48,0
2023,2023azgl,Week 4,7,pick2,8021,23,42,54.76,0
2023,2023azgl,Week 4,8,captain,6947,11,42,26.19,0
2023,2023azgl,Week 4,8,pick1,4183,14,42,33.33,0
2023,2023azgl,Week 4,8,pick2,6352,16,42,38.1,0
2023,2023hiho,Week 4,1,captain,4270,1,37,2.7,0
2023,2023hiho,Week 4,1,pick1,4613,2,37,5.41,0
2023,2023hiho,Week 4,1,pick2,8871,16,37,43.24,0
2023,2023hiho,Week 4,1,backup,9012,15,37,40.54,0
2023,2023hiho,Week 4,2,captain,4253,3,37,8.11,1
2023,2023hiho,Week 4,2,pick1,359,7,37,18.92,1
2023,2023hiho,Week 4,2,pick2,2445,32,37,86.49,1
2023,2023hiho,Week 4,3,captain,5851,4,37,10.81,0
2023,2023hiho,Week 4,3,pick1,7632,13,37,35.14,0
2023,2023hiho,Week 4,3,pick2,3880,22,37,59.46,0
2023,2023hiho,Week 4,4,captain,368,5,37,13.51,0
2023,2023hiho,Week 4,4,pick1,3882,6,37,16.22,0
2023,2023hiho,Week 4,4,pick2,8725,17,37,45.95,0
2023,2023hiho,Week 4,5,captain,2443,8,37,21.62,0
2023,2023hiho,Week 4,5,pick1,2438,11,37,29.73,0
2023,2023hiho,Week 4,5,pick2,7724,24,37,64.86,0
2023,2023hiho,Week 4,6,captain,2465,9,37,24.32,0
2023,2023hiho,Week 4,6,pick1,2522,12,37,32.43,0
2023,2023hiho,Week 4,6,pick2,8503,19,37,51.35,0
2023,2023hiho,Week 4,7,captain,2853,10,37,27.03,0
2023,2023hiho,Week 4,7,pick1,3881,25,37,67.57,0
2023,2023hiho,Week 4,7,pick2,4817,27,37,72.97,0
2023,2023hiho,Week 4,8,captain,3008,14,37,37.84,0
2023,2023hiho,Week 4,8,pick1,3721,18,37,48.65,0
2023,2023hiho,Week 4,8,pick2,8806,26,37,70.27,0
2023,2023gacar,Week 4,1,captain,2974,1,28,3.57,1
2023,2023gacar,Week 4,1,pick1,6340,2,28,7.14,1
2023,2023gacar,Week 4,1,pick2,1311,24,28,85.71,1
2023,2023gacar,Week 4,2,captain,4026,3,28,10.71,0
2023,2023gacar,Week 4,2,pick1,7451,4,28,14.29,0
2023,2023gacar,Week 4,2,pick2,8761,23,28,82.14,0
2023,2023gacar,Week 4,3,captain,8080,5,28,17.86,0
2023,2023gacar,Week 4,3,pick1,832,9,28,32.14,0
2023,2023gacar,Week 4,3,pick2,1648,27,28,96.43,0
2023,2023gacar,Week 4,4,captain,5109,6,28,21.43,0
2023,2023gacar,Week 4,4,pick1,4189,7,28,25.0,0
2023,2023gacar,Week 4,4,pick2,5293,18,28,64.29,0
2023,2023gacar,Week 4,5,captain,6712,8,28,28.57,0
2023,2023gacar,Week 4,5,pick1,3815,10,28,35.71,0
2023,2023gacar,Week 4,5,pick2,9293,21,28,75.0,0
2023,2023gacar,Week 4,6,captain,6023,11,28,39.29,0
2023,2023gacar,Week 4,6,pick1,6341,13,28,46.43,0
2023,2023gacar,Week 4,6,pick2,8577,16,28,57.14,0
2023,2023gacar,Week 4,7,captain,8866,12,28,42.86,0
2023,2023gacar,Week 4,7,pick1,4516,26,28,92.86,0
2023,2023gacar,Week 4,7,pick2,1795,19,28,67.86,0
2023,2023gacar,Week 4,8,captain,6705,14,28,50.0,0
2023,2023gacar,Week 4,8,pick1,6887,17,28,60.71,0
2023,2023gacar,Week 4,8,pick2,5900,15,28,53.57,0
2023,2023milak,Week 4,1,captain,9312,1,39,2.56,1
2023,2023milak,Week 4,1,pick1,5675,2,39,5.13,1
2023,2023milak,Week 4,1,pick2,4810,30,39,76.92,1
2023,2023milak,Week 4,2,captain,8608,3,39,7.69,0
2023,2023milak,Week 4,2,pick1,7197,7,39,17.95,0
2023,2023milak,Week 4,2,pick2,1504,28,39,71.79,0
2023,2023milak,Week 4,3,captain,2611,4,39,10.26,0
2023,2023milak,Week 4,3,pick1,1684,6,39,15.38,0
2023,2023milak,Week 4,3,pick2,7226,19,39,48.72,0
2023,2023milak,Week 4,3,backup,5501,22,39,56.41,0
2023,2023milak,Week 4,4,captain,5152,5,39,12.82,0
2023,2023milak,Week 4,4,pick1,6002,11,39,28.21,0
2023,2023milak,Week 4,4,pick2,5235,23,39,58.97,0
2023,2023milak,Week 4,5,captain,4453,8,39,20.51,0
2023,2023milak,Week 4,5,pick1,7491,16,39,41.03,0
2023,2023milak,Week 4,5,pick2,4998,14,39,35.9,0
2023,2023milak,Week 4,6,captain,3658,9,39,23.08,0
2023,2023milak,Week 4,6,pick1,1481,21,39,53.85,0
2023,2023milak,Week 4,6,pick2,4327,36,39,92.31,0
2023,2023milak,Week 4,7,captain,9227,10,39,25.64,0
2023,2023milak,Week 4,7,pick1,216,12,39,30.77,0
2023,2023milak,Week 4,7,pick2,9208,17,39,43.59,0
2023,2023milak,Week 4,8,captain,5676,13,39,33.33,0
2023,2023milak,Week 4,8,pick1,288,24,39,61.54,0
2023,2023milak,Week 4,8,pick2,244,15,39,38.46,0
2023,2023milsu,Week 4,1,captain,3655,1,40,2.5,1
2023,2023milsu,Week 4,1,pick1,4392,3,40,7.5,1
2023,2023milsu,Week 4,1,pick2,7768,34,40,85.0,1
2023,2023milsu,Week 4,1,backup,3602,17,40,42.5,1
2023,2023milsu,Week 4,2,captain,857,2,40,5.0,0
2023,2023milsu,Week 4,2,pick1,9176,12,40,30.0,0
2023,2023milsu,Week 4,2,pick2,4835,39,40,97.5,0
2023,2023milsu,Week 4,3,captain,7250,4,40,10.0,0
2023,2023milsu,Week 4,3,pick1,6569,9,40,22.5,0
2023,2023milsu,Week 4,3,pick2,6112,14,40,35.0,0
2023,2023milsu,Week 4,4,captain,6637,5,40,12.5,0
2023,2023milsu,Week 4,4,pick1,2586,8,40,20.0,0
2023,2023milsu,Week 4,4,pick2,4398,27,40,67.5,0
2023,2023milsu,Week 4,5,captain,7782,6,40,15.0,0
2023,2023milsu,Week 4,5,pick1,6121,16,40,40.0,0
2023,2023milsu,Week 4,5,pick2,8041,20,40,50.0,0
2023,2023milsu,Week 4,6,captain,5314,7,40,17.5,0
2023,2023milsu,Week 4,6,pick1,3537,23,40,57.5,0
2023,2023milsu,Week 4,6,pick2,6079,21,40,52.5,0
2023,2023milsu,Week 4,7,captain,5547,10,40,25.0,0
2023,2023milsu,Week 4,7,pick1,4988,28,40,70.0,0
2023,2023milsu,Week 4,7,pick2,4375,30,40,75.0,0
2023,2023milsu,Week 4,8,captain,7154,11,40,27.5,0
2023,2023milsu,Week 4,8,pick1,5084,13,40,32.5,0
2023,2023milsu,Week 4,8,pick2,8382,15,40,37.5,0
2023,2023mimid,Week 4,1,captain,5166,1,39,2.56,0
2023,2023mimid,Week 4,1,pick1,5712,2,39,5.13,0
2023,2023mimid,Week 4,1,pick2,6642,29,39,74.36,0
2023,2023mimid,Week 4,2,captain,5216,3,39,7.69,1
2023,2023mimid,Week 4,2,pick1,5114,4,39,10.26,1
2023,2023mimid,Week 4,2,pick2,5231,22,39,56.41,1
2023,2023mimid,Week 4,3,captain,3536,5,39,12.82,0
2023,2023mimid,Week 4,3,pick1,314,10,39,25.64,0
2023,2023mimid,Week 4,3,pick2,9225,19,39,48.72,0
2023,2023mimid,Week 4,4,captain,5424,6,39,15.38,0
2023,2023mimid,Week 4,4,pick1,3770,9,39,23.08,0
2023,2023mimid,Week 4,4,pick2,6753,27,39,69.23,0
2023,2023mimid,Week 4,5,captain,6963,7,39,17.95,0
2023,2023mimid,Week 4,5,pick1,2619,11,39,28.21,0
2023,2023mimid,Week 4,5,pick2,8517,21,39,53.85,0
2023,2023mimid,Week 4,6,captain,5517,8,39,20.51,0
2023,2023mimid,Week 4,6,pick1,6071,16,39,41.03,0
2023,2023mimid,Week 4,6,pick2,5603,20,39,51.28,0
2023,2023mimid,Week 4,7,captain,5203,12,39,30.77,0
2023,2023mimid,Week 4,7,pick1,1322,13,39,33.33,0
2023,2023mimid,Week 4,7,pick2,8873,17,39,43.59,0
2023,2023mimid,Week 4,8,captain,5982,14,39,35.9,0
2023,2023mimid,Week 4,8,pick1,6073,18,39,46.15,0
2023,2023mimid,Week 4,8,pick2,5229,15,39,38.46,0
2023,2023miwmi,Week 4,1,captain,3357,1,39,2.56,1
2023,2023miwmi,Week 4,1,pick1,27,4,39,10.26,1
2023,2023miwmi,Week 4,1,pick2,4855,24,39,61.54,1
2023,2023miwmi,Week 4,2,captain,494,2,39,5.13,0
2023,2023miwmi,Week 4,2,pick1,70,10,39,25.64,0
2023,2023miwmi,Week 4,2,pick2,6094,15,39,38.46,0
2023,2023miwmi,Week 4,3,captain,4003,3,39,7.69,0
2023,2023miwmi,Week 4,3,pick1,2054,5,39,12.82,0
2023,2023miwmi,Week 4,3,pick2,8612,22,39,56.41,0
2023,2023miwmi,Week 4,4,captain,6090,6,39,15.38,0
2023,2023miwmi,Week 4,4,pick1,74,7,39,17.95,0
2023,2023miwmi,Week 4,4,pick2,6128,14,39,35.9,0
2023,2023miwmi,Week 4,5,captain,4967,8,39,20.51,0
2023,2023miwmi,Week 4,5,pick1,85,16,39,41.03,0
2023,2023miwmi,Week 4,5,pick2,2959,19,39,48.72,0
2023,2023miwmi,Week 4,6,captain,107,9,39,23.08,0
2023,2023miwmi,Week 4,6,pick1,5462,11,39,28.21,0
2023,2023miwmi,Week 4,6,pick2,3234,18,39,46.15,0
2023,2023miwmi,Week 4,7,captain,6877,12,39,30.77,0
2023,2023miwmi,Week 4,7,pick1,1918,27,39,69.23,0
2023,2023miwmi,Week 4,7,pick2,5567,34,39,87.18,0
2023,2023miwmi,Week 4,8,captain,5927,13,39,33.33,0
2023,2023miwmi,Week 4,8,pick1,1025,21,39,53.85,0
2023,2023miwmi,Week 4,8,pick2,141,17,39,43.59,0
2023,2023nyli2,Week 4,1,captain,694,1,47,2.13,1
2023,2023nyli2,Week 4,1,pick1,870,2,47,4.26,1
2023,2023nyli2,Week 4,1,pick2,533,35,47,74.47,1
2023,2023nyli2,Week 4,2,captain,1468,3,47,6.38,0
2023,2023nyli2,Week 4,2,pick1,2872,17,47,36.17,0
2023,2023nyli2,Week 4,2,pick2,2869,19,47,40.43,0
2023,2023nyli2,Week 4,2,backup,564,25,47,53.19,0
2023,2023nyli2,Week 4,3,captain,329,4,47,8.51,0
2023,2023nyli2,Week 4,3,pick1,5736,5,47,10.64,0
2023,2023nyli2,Week 4,3,pick2,5099,37,47,78.72,0
2023,2023nyli2,Week 4,4,captain,3419,6,47,12.77,0
2023,2023nyli2,Week 4,4,pick1,2638,14,47,29.79,0
2023,2023nyli2,Week 4,4,pick2,527,22,47,46.81,0
2023,2023nyli2,Week 4,5,captain,2601,7,47,14.89,0
2023,2023nyli2,Week 4,5,pick1,7539,8,47,17.02,0
2023,2023nyli2,Week 4,5,pick2,353,15,47,31.91,0
2023,2023nyli2,Week 4,6,captain,8595,9,47,19.15,0
2023,2023nyli2,Week 4,6,pick1,6911,10,47,21.28,0
2023,2023nyli2,Week 4,6,pick2,263,21,47,44.68,0
2023,2023nyli2,Week 4,7,captain,5298,11,47,23.4,0
2023,2023nyli2,Week 4,7,pick1,1796,18,47,38.3,0
2023,2023nyli2,Week 4,7,pick2,271,13,47,27.66,0
2023,2023nyli2,Week 4,7,backup,9016,20,47,42.55,0
2023,2023nyli2,Week 4,8,captain,806,12,47,25.53,0
2023,2023nyli2,Week 4,8,pick1,2875,24,47,51.06,0
2023,2023nyli2,Week 4,8,pick2,871,16,47,34.04,0
2023,2023onwat,Week 4,1,captain,1114,1,30,3.33,1
2023,2023onwat,Week 4,1,pick1,3683,2,30,6.67,1
2023,2023onwat,Week 4,1,pick2,8764,23,30,76.67,1
2023,2023onwat,Week 4,2,captain,4678,3,30,10.0,0
2023,2023onwat,Week 4,2,pick1,2609,7,30,23.33,0
2023,2023onwat,Week 4,2,pick2,6992,28,30,93.33,0
2023,2023onwat,Week 4,3,captain,9098,4,30,13.33,0
2023,2023onwat,Week 4,3,pick1,5409,8,30,26.67,0
2023,2023onwat,Week 4,3,pick2,7022,21,30,70.0,0
2023,2023onwat,Week 4,4,captain,4917,5,30,16.67,0
2023,2023onwat,Week 4,4,pick1,3161,9,30,30.0,0
2023,2023onwat,Week 4,4,pick2,7520,29,30,96.67,0
2023,2023onwat,Week 4,4,backup,8765,24,30,80.0,0
2023,2023onwat,Week 4,5,captain,4976,6,30,20.0,0
2023,2023onwat,Week 4,5,pick1,2702,14,30,46.67,0
2023,2023onwat,Week 4,5,pick2,4940,30,30,100.0,0
2023,2023onwat,Week 4,6,captain,7475,10,30,33.33,0
2023,2023onwat,Week 4,6,pick1,8081,12,30,40.0,0
2023,2023onwat,Week 4,6,pick2,9062,25,30,83.33,0
2023,2023onwat,Week 4,7,captain,7722,11,30,36.67,0
2023,2023onwat,Week 4,7,pick1,5032,15,30,50.0,0
2023,2023onwat,Week 4,7,pick2,3756,16,30,53.33,0
2023,2023onwat,Week 4,8,captain,5912,13,30,43.33,0
2023,2023onwat,Week 4,8,pick1,772,17,30,56.67,0
2023,2023onwat,Week 4,8,pick2,8089,19,30,63.33,0
2023,2023schar,Week 4,1,captain,4451,1,27,3.7,1
2023,2023schar,Week 4,1,pick1,1102,2,27,7.41,1
2023,2023schar,Week 4,1,pick2,4748,23,27,85.19,1
2023,2023schar,Week 4,2,captain,281,3,27,11.11,0
2023,2023schar,Week 4,2,pick1,3490,10,27,37.04,0
2023,2023schar,Week 4,2,pick2,3976,24,27,88.89,0
2023,2023schar,Week 4,3,captain,343,4,27,14.81,0
2023,2023schar,Week 4,3,pick1,342,7,27,25.93,0
2023,2023schar,Week 4,3,pick2,8137,22,27,81.48,0
2023,2023schar,Week 4,4,captain,4533,5,27,18.52,0
2023,2023schar,Week 4,4,pick1,1051,6,27,22.22,0
2023,2023schar,Week 4,4,pick2,6961,26,27,96.3,0
2023,2023schar,Week 4,5,captain,7085,8,27,29.63,0
2023,2023schar,Week 4,5,pick1,1758,11,27,40.74,0
2023,2023schar,Week 4,5,pick2,1539,17,27,62.96,0
2023,2023schar,Week 4,6,captain,1319,9,27,33.33,0
2023,2023schar,Week 4,6,pick1,6366,14,27,51.85,0
2023,2023schar,Week 4,6,pick2,1293,27,27,100.0,0
2023,2023schar,Week 4,7,captain,2815,12,27,44.44,0
2023,2023schar,Week 4,7,pick1,3489,15,27,55.56,0
2023,2023schar,Week 4,7,pick2,8575,16,27,59.26,0
2023,2023schar,Week 4,8,captain,1287,13,27,48.15,0
2023,2023schar,Week 4,8,pick1,4935,18,27,66.67,0
2023,2023schar,Week 4,8,pick2,4073,19,27,70.37,0
2023,2023txhou,Week 4,1,captain,118,1,33,3.03,1
2023,2023txhou,Week 4,1,pick1,3847,3,33,9.09,1
2023,2023txhou,Week 4,1,pick2,2585,31,33,93.94,1
2023,2023txhou,Week 4,1,backup,9121,12,33,36.36,1
2023,2023txhou,Week 4,2,captain,5892,2,33,6.06,0
2023,2023txhou,Week 4,2,pick1,1477,10,33,30.3,0
2023,2023txhou,Week 4,2,pick2,8819,25,33,75.76,0
2023,2023txhou,Week 4,3,captain,8177,4,33,12.12,0
2023,2023txhou,Week 4,3,pick1,624,17,33,51.52,0
2023,2023txhou,Week 4,3,pick2,4597,15,33,45.45,0
2023,2023txhou,Week 4,4,captain,2158,5,33,15.15,0
2023,2023txhou,Week 4,4,pick1,5414,11,33,33.33,0
2023,2023txhou,Week 4,4,pick2,4332,26,33,78.79,0
2023,2023txhou,Week 4,4,backup,7312,27,33,81.82,0
2023,2023txhou,Week 4,5,captain,2587,6,33,18.18,0
2023,2023txhou,Week 4,5,pick1,8515,21,33,63.64,0
2023,2023txhou,Week 4,5,pick2,7691,16,33,48.48,0
2023,2023txhou,Week 4,6,captain,8019,7,33,21.21,0
2023,2023txhou,Week 4,6,pick1,2583,13,33,39.39,0
2023,2023txhou,Week 4,6,pick2,8827,23,33,69.7,0
2023,2023txhou,Week 4,7,captain,8370,8,33,24.24,0
2023,2023txhou,Week 4,7,pick1,8576,14,33,42.42,0
2023,2023txhou,Week 4,7,pick2,5894,19,33,57.58,0
2023,2023txhou,Week 4,8,captain,5261,9,33,27.27,0
2023,2023txhou,Week 4,8,pick1,7418,22,33,66.67,0
2023,2023txhou,Week 4,8,pick2,6645,20,33,60.61,0
2023,2023orsal,Week 4,1,captain,2521,1,31,3.23,1
2023,2023orsal,Week 4,1,pick1,2990,2,31,6.45,1
2023,2023orsal,Week 4,1,pick2,1359,14,31,45.16,1
2023,2023orsal,Week 4,2,captain,3674,3,31,9.68,0
2023,2023orsal,Week 4,2,pick1,955,18,31,58.06,0
2023,2023orsal,Week 4,2,pick2,2898,25,31,80.65,0
2023,2023orsal,Week 4,3,captain,1540,4,31,12.9,0
2023,2023orsal,Week 4,3,pick1,2811,9,31,29.03,0
2023,2023orsal,Week 4,3,pick2,5468,20,31,64.52,0
2023,2023orsal,Week 4,4,captain,1425,5,31,16.13,0
2023,2023orsal,Week 4,4,pick1,3636,16,31,51.61,0
2023,2023orsal,Week 4,4,pick2,4089,23,31,74.19,0
2023,2023orsal,Week 4,5,captain,7034,6,31,19.35,0
2023,2023orsal,Week 4,5,pick1,2733,24,31,77.42,0
2023,2023orsal,Week 4,5,pick2,4692,15,31,48.39,0
2023,2023orsal,Week 4,6,captain,1432,7,31,22.58,0
2023,2023orsal,Week 4,6,pick1,753,21,31,67.74,0
2023,2023orsal,Week 4,6,pick2,2635,22,31,70.97,0
2023,2023orsal,Week 4,7,captain,997,8,31,25.81,0
2023,2023orsal,Week 4,7,pick1,2471,19,31,61.29,0
2023,2023orsal,Week 4,7,pick2,4060,17,31,54.84,0
2023,2023orsal,Week 4,8,captain,2374,10,31,32.26,0
2023,2023orsal,Week 4,8,pick1,4043,12,31,38.71,0
2023,2023orsal,Week 4,8,pick2,957,11,31,35.48,0
2023,2023flta,Week 4,1,captain,6722,1,38,2.63,1
2023,2023flta,Week 4,1,pick1,180,3,38,7.89,1
2023,2023flta,Week 4,1,pick2,4592,31,38,81.58,1
2023,2023flta,Week 4,1,backup,4707,17,38,44.74,1
2023,2023flta,Week 4,2,captain,6510,2,38,5.26,0
2023,2023flta,Week 4,2,pick1,4065,4,38,10.53,0
2023,2023flta,Week 4,2,pick2,7459,13,38,34.21,0
2023,2023flta,Week 4,3,captain,86,5,38,13.16,0
2023,2023flta,Week 4,3,pick1,386,6,38,15.79,0
2023,2023flta,Week 4,3,pick2,1056,20,38,52.63,0
2023,2023flta,Week 4,4,captain,5557,7,38,18.42,0
2023,2023flta,Week 4,4,pick1,233,9,38,23.68,0
2023,2023flta,Week 4,4,pick2,9284,18,38,47.37,0
2023,2023flta,Week 4,5,captain,1902,8,38,21.05,0
2023,2023flta,Week 4,5,pick1,2556,14,38,36.84,0
2023,2023flta,Week 4,5,pick2,2973,28,38,73.68,0
2023,2023flta,Week 4,6,captain,6473,10,38,26.32,0
2023,2023flta,Week 4,6,pick1,8324,34,38,89.47,0
2023,2023flta,Week 4,6,pick2,5816,35,38,92.11,0
2023,2023flta,Week 4,7,captain,7500,11,38,28.95,0
2023,2023flta,Week 4,7,pick1,5145,15,38,39.47,0
2023,2023flta,Week 4,7,pick2,6647,21,38,55.26,0
2023,2023flta,Week 4,8,captain,8788,12,38,31.58,0
2023,2023flta,Week 4,8,pick1,21,27,38,71.05,0
2023,2023flta,Week 4,8,pick2,7431,19,38,50.0,0
2023,2023flta,Week 4,8,backup,2152,16,38,42.11,0
2023,2023mnmi2,Week 4,1,captain,4728,1,39,2.56,1
2023,2023mnmi2,Week 4,1,pick1,2451,5,39,12.82,1
2023,2023mnmi2,Week 4,1,pick2,4238,20,39,51.28,1
2023,2023mnmi2,Week 4,1,backup,3042,26,39,66.67,1
2023,2023mnmi2,Week 4,2,captain,3883,2,39,5.13,0
2023,2023mnmi2,Week 4,2,pick1,7021,9,39,23.08,0
2023,2023mnmi2,Week 4,2,pick2,2239,25,39,64.1,0
2023,2023mnmi2,Week 4,3,captain,2883,3,39,7.69,0
2023,2023mnmi2,Week 4,3,pick1,2987,8,39,20.51,0
2023,2023mnmi2,Week 4,3,pick2,2654,22,39,56.41,0
2023,2023mnmi2,Week 4,4,captain,876,4,39,10.26,0
2023,2023mnmi2,Week 4,4,pick1,5232,6,39,15.38,0
2023,2023mnmi2,Week 4,4,pick2,4693,35,39,89.74,0
2023,2023mnmi2,Week 4,5,captain,3100,7,39,17.95,0
2023,2023mnmi2,Week 4,5,pick1,2129,11,39,28.21,0
2023,2023mnmi2,Week 4,5,pick2,2227,29,39,74.36,0
2023,2023mnmi2,Week 4,6,captain,5464,10,39,25.64,0
2023,2023mnmi2,Week 4,6,pick1,4009,14,39,35.9,0
2023,2023mnmi2,Week 4,6,pick2,2530,21,39,53.85,0
2023,2023mnmi2,Week 4,7,captain,3082,12,39,30.77,0
2023,2023mnmi2,Week 4,7,pick1,7028,16,39,41.03,0
2023,2023mnmi2,Week 4,7,pick2,4198,15,39,38.46,0
2023,2023mnmi2,Week 4,8,captain,2143,13,39,33.33,0
2023,2023mnmi2,Week 4,8,pick1,3926,19,39,48.72,0
2023,2023mnmi2,Week 4,8,pick2,3130,18,39,46.15,0
2023,2023cada,Week 4,1,captain,254,1,46,2.17,1
2023,2023cada,Week 4,1,pick1,1678,2,46,4.35,1
2023,2023cada,Week 4,1,pick2,3189,20,46,43.48,1
2023,2023cada,Week 4,2,captain,5419,3,46,6.52,0
2023,2023cada,Week 4,2,pick1,2551,4,46,8.7,0
2023,2023cada,Week 4,2,pick2,5458,25,46,54.35,0
2023,2023cada,Week 4,3,captain,5026,5,46,10.87,0
2023,2023cada,Week 4,3,pick1,8793,10,46,21.74,0
2023,2023cada,Week 4,3,pick2,5700,27,46,58.7,0
2023,2023cada,Week 4,3,backup,7667,15,46,32.61,0
2023,2023cada,Week 4,4,captain,766,6,46,13.04,0
2023,2023cada,Week 4,4,pick1,1072,11,46,23.91,0
2023,2023cada,Week 4,4,pick2,6619,28,46,60.87,0
2023,2023cada,Week 4,5,captain,2637,7,46,15.22,0
2023,2023cada,Week 4,5,pick1,4159,12,46,26.09,0
2023,2023cada,Week 4,5,pick2,6941,31,46,67.39,0
2023,2023cada,Week 4,6,captain,5274,8,46,17.39,0
2023,2023cada,Week 4,6,pick1,8768,17,46,36.96,0
2023,2023cada,Week 4,6,pick2,4135,19,46,41.3,0
2023,2023cada,Week 4,7,captain,2489,9,46,19.57,0
2023,2023cada,Week 4,7,pick1,6662,22,46,47.83,0
2023,2023cada,Week 4,7,pick2,7137,14,46,30.43,0
2023,2023cada,Week 4,8,captain,2288,13,46,28.26,0
2023,2023cada,Week 4,8,pick1,3257,18,46,39.13,0
2023,2023cada,Week 4,8,pick2,3501,16,46,34.78,0
2023,2023casd,Week 4,1,captain,973,1,50,2.0,1
2023,2023casd,Week 4,1,pick1,1538,3,50,6.0,1
2023,2023casd,Week 4,1,pick2,4419,24,50,48.0,1
2023,2023casd,Week 4,2,captain,599,2,50,4.0,0
2023,2023casd,Week 4,2,pick1,4738,4,50,8.0,0
2023,2023casd,Week 4,2,pick2,3749,29,50,58.0,0
2023,2023casd,Week 4,2,backup,4141,18,50,36.0,0
2023,2023casd,Week 4,3,captain,8020,5,50,10.0,0
2023,2023casd,Week 4,3,pick1,6995,26,50,52.0,0
2023,2023casd,Week 4,3,pick2,8006,33,50,66.0,0
2023,2023casd,Week 4,4,captain,3255,6,50,12.0,0
2023,2023casd,Week 4,4,pick1,3647,13,50,26.0,0
2023,2023casd,Week 4,4,pick2,1572,27,50,54.0,0
2023,2023casd,Week 4,5,captain,2839,7,50,14.0,0
2023,2023casd,Week 4,5,pick1,2485,10,50,20.0,0
2023,2023casd,Week 4,5,pick2,5285,35,50,70.0,0
2023,2023casd,Week 4,5,backup,5025,15,50,30.0,0
2023,2023casd,Week 4,6,captain,1622,8,50,16.0,0
2023,2023casd,Week 4,6,pick1,6560,17,50,34.0,0
2023,2023casd,Week 4,6,pick2,4160,16,50,32.0,0
2023,2023casd,Week 4,7,captain,3473,9,50,18.0,0
2023,2023casd,Week 4,7,pick1,3128,14,50,28.0,0
2023,2023casd,Week 4,7,pick2,2543,20,50,40.0,0
2023,2023casd,Week 4,8,captain,6417,11,50,22.0,0
2023,2023casd,Week 4,8,pick1,6695,12,50,24.0,0
2023,2023casd,Week 4,8,pick2,4322,22,50,44.0,0
2023,2023tuis,Week 4,1,captain,7285,1,48,2.08,0
2023,2023tuis,Week 4,1,pick1,6436,6,48,12.5,0
2023,2023tuis,Week 4,1,pick2,8240,30,48,62.5,0
2023,2023tuis,Week 4,2,captain,9124,2,48,4.17,0
2023,2023tuis,Week 4,2,pick1,7292,45,48,93.75,0
2023,2023tuis,Week 4,2,pick2,6431,41,48,85.42,0
2023,2023tuis,Week 4,3,captain,7576,3,48,6.25,0
2023,2023tuis,Week 4,3,pick1,6014,4,48,8.33,0
2023,2023tuis,Week 4,3,pick2,8159,19,48,39.58,0
2023,2023tuis,Week 4,4,captain,8079,5,48,10.42,0
2023,2023tuis,Week 4,4,pick1,5655,8,48,16.67,0
2023,2023tuis,Week 4,4,pick2,6415,16,48,33.33,0
2023,2023tuis,Week 4,5,captain,9077,7,48,14.58,1
2023,2023tuis,Week 4,5,pick1,7748,13,48,27.08,1
2023,2023tuis,Week 4,5,pick2,8015,24,48,50.0,1
2023,2023tuis,Week 4,6,captain,6940,9,48,18.75,0
2023,2023tuis,Week 4,6,pick1,8796,11,48,22.92,0
2023,2023tuis,Week 4,6,pick2,9231,23,48,47.92,0
2023,2023tuis,Week 4,7,captain,6353,10,48,20.83,0
2023,2023tuis,Week 4,7,pick1,6459,12,48,25.0,0
2023,2023tuis,Week 4,7,pick2,6024,18,48,37.5,0
2023,2023tuis,Week 4,8,captain,8862,14,48,29.17,0
2023,2023tuis,Week 4,8,pick1,8173,15,48,31.25,0
2023,2023tuis,Week 4,8,pick2,9232,17,48,35.42,0
2023,2023inwla,Week 4,1,captain,7457,1,32,3.12,1
2023,2023inwla,Week 4,1,pick1,461,3,32,9.38,1
2023,2023inwla,Week 4,1,pick2,328,25,32,78.12,1
2023,2023inwla,Week 4,2,captain,5010,2,32,6.25,0
2023,2023inwla,Week 4,2,pick1,4272,14,32,43.75,0
2023,2023inwla,Week 4,2,pick2,3936,32,32,100.0,0
2023,2023inwla,Week 4,2,backup,2197,15,32,46.88,0
2023,2023inwla,Week 4,3,captain,1024,4,32,12.5,0
2023,2023inwla,Week 4,3,pick1,3176,5,32,15.62,0
2023,2023inwla,Week 4,3,pick2,1720,16,32,50.0,0
2023,2023inwla,Week 4,4,captain,2867,6,32,18.75,0
2023,2023inwla,Week 4,4,pick1,829,19,32,59.38,0
2023,2023inwla,Week 4,4,pick2,8742,13,32,40.62,0
2023,2023inwla,Week 4,5,captain,4926,7,32,21.88,0
2023,2023inwla,Week 4,5,pick1,135,10,32,31.25,0
2023,2023inwla,Week 4,5,pick2,4982,24,32,75.0,0
2023,2023inwla,Week 4,6,captain,292,8,32,25.0,0
2023,2023inwla,Week 4,6,pick1,3147,18,32,56.25,0
2023,2023inwla,Week 4,6,pick2,6956,27,32,84.38,0
2023,2023inwla,Week 4,7,captain,1741,9,32,28.12,0
2023,2023inwla,Week 4,7,pick1,1018,11,32,34.38,0
2023,2023inwla,Week 4,7,pick2,1747,17,32,53.12,0
2023,2023inwla,Week 4,8,captain,1646,12,32,37.5,0
2023,2023inwla,Week 4,8,pick1,6498,30,32,93.75,0
2023,2023inwla,Week 4,8,pick2,5402,23,32,71.88,0
2023,2023mabos,Week 4,1,captain,3467,1,39,2.56,1
2023,2023mabos,Week 4,1,pick1,125,16,39,41.03,1
2023,2023mabos,Week 4,1,pick2,8626,37,39,94.87,1
2023,2023mabos,Week 4,2,captain,2713,2,39,5.13,0
2023,2023mabos,Week 4,2,pick1,230,5,39,12.82,0
2023,2023mabos,Week 4,2,pick2,8708,33,39,84.62,0
2023,2023mabos,Week 4,3,captain,5687,3,39,7.69,0
2023,2023mabos,Week 4,3,pick1,8013,4,39,10.26,0
2023,2023mabos,Week 4,3,pick2,237,27,39,69.23,0
2023,2023mabos,Week 4,4,captain,4041,6,39,15.38,0
2023,2023mabos,Week 4,4,pick1,4909,10,39,25.64,0
2023,2023mabos,Week 4,4,pick2,5735,18,39,46.15,0
2023,2023mabos,Week 4,5,captain,8023,7,39,17.95,0
2023,2023mabos,Week 4,5,pick1,2067,15,39,38.46,0
2023,2023mabos,Week 4,5,pick2,5494,34,39,87.18,0
2023,2023mabos,Week 4,6,captain,5459,8,39,20.51,0
2023,2023mabos,Week 4,6,pick1,1757,12,39,30.77,0
2023,2023mabos,Week 4,6,pick2,6933,14,39,35.9,0
2023,2023mabos,Week 4,7,captain,2877,9,39,23.08,0
2023,2023mabos,Week 4,7,pick1,246,11,39,28.21,0
2023,2023mabos,Week 4,7,pick2,238,21,39,53.85,0
2023,2023mabos,Week 4,8,captain,1922,13,39,33.33,0
2023,2023mabos,Week 4,8,pick1,5563,32,39,82.05,0
2023,2023mabos,Week 4,8,pick2,5000,19,39,48.72,0
2023,2023mdtim,Week 4,1,captain,1727,1,36,2.78,0
2023,2023mdtim,Week 4,1,pick1,614,2,36,5.56,0
2023,2023mdtim,Week 4,1,pick2,7770,32,36,88.89,0
2023,2023mdtim,Week 4,2,captain,1629,3,36,8.33,1
2023,2023mdtim,Week 4,2,pick1,836,11,36,30.56,1
2023,2023mdtim,Week 4,2,pick2,6863,30,36,83.33,1
2023,2023mdtim,Week 4,2,backup,9072,21,36,58.33,1
2023,2023mdtim,Week 4,3,captain,2377,4,36,11.11,0
2023,2023mdtim,Week 4,3,pick1,2199,5,36,13.89,0
2023,2023mdtim,Week 4,3,pick2,2537,24,36,66.67,0
2023,2023mdtim,Week 4,4,captain,116,6,36,16.67,0
2023,2023mdtim,Week 4,4,pick1,5338,7,36,19.44,0
2023,2023mdtim,Week 4,4,pick2,3748,17,36,47.22,0
2023,2023mdtim,Week 4,5,captain,888,8,36,22.22,0
2023,2023mdtim,Week 4,5,pick1,1111,9,36,25.0,0
2023,2023mdtim,Week 4,5,pick2,5549,15,36,41.67,0
2023,2023mdtim,Week 4,6,captain,686,10,36,27.78,0
2023,2023mdtim,Week 4,6,pick1,2421,19,36,52.78,0
2023,2023mdtim,Week 4,6,pick2,2849,16,36,44.44,0
2023,2023mdtim,Week 4,7,captain,8726,12,36,33.33,0
2023,2023mdtim,Week 4,7,pick1,1418,18,36,50.0,0
2023,2023mdtim,Week 4,7,pick2,1895,14,36,38.89,0
2023,2023mdtim,Week 4,8,captain,5115,13,36,36.11,0
2023,2023mdtim,Week 4,8,pick1,6326,20,36,55.56,0
2023,2023mdtim,Week 4,8,pick2,4541,26,36,72.22,0
2023,2023mitry,Week 4,1,captain,67,1,42,2.38,1
2023,2023mitry,Week 4,1,pick1,1718,2,42,4.76,1
2023,2023mitry,Week 4,1,pick2,8115,37,42,88.1,1
2023,2023mitry,Week 4,2,captain,5436,3,42,7.14,0
2023,2023mitry,Week 4,2,pick1,217,13,42,30.95,0
2023,2023mitry,Week 4,2,pick2,6152,26,42,61.9,0
2023,2023mitry,Week 4,3,captain,226,4,42,9.52,0
2023,2023mitry,Week 4,3,pick1,2960,9,42,21.43,0
2023,2023mitry,Week 4,3,pick2,9226,19,42,45.24,0
2023,2023mitry,Week 4,4,captain,68,5,42,11.9,0
2023,2023mitry,Week 4,4,pick1,818,12,42,28.57,0
2023,2023mitry,Week 4,4,pick2,201,24,42,57.14,0
2023,2023mitry,Week 4,5,captain,573,6,42,14.29,0
2023,2023mitry,Week 4,5,pick1,469,7,42,16.67,0
2023,2023mitry,Week 4,5,pick2,247,18,42,42.86,0
2023,2023mitry,Week 4,5,backup,6089,22,42,52.38,0
2023,2023mitry,Week 4,6,captain,1,8,42,19.05,0
2023,2023mitry,Week 4,6,pick1,4130,14,42,33.33,0
2023,2023mitry,Week 4,6,pick2,7188,28,42,66.67,0
2023,2023mitry,Week 4,7,captain,4776,10,42,23.81,0
2023,2023mitry,Week 4,7,pick1,1250,11,42,26.19,0
2023,2023mitry,Week 4,7,pick2,5498,20,42,47.62,0
2023,2023mitry,Week 4,8,captain,1188,15,42,35.71,0
2023,2023mitry,Week 4,8,pick1,2851,16,42,38.1,0
2023,2023mitry,Week 4,8,pick2,6344,17,42,40.48,0
2023,2023ncpem,Week 4,1,captain,5518,1,32,3.12,0
2023,2023ncpem,Week 4,1,pick1,6502,7,32,21.88,0
2023,2023ncpem,Week 4,1,pick2,8757,30,32,93.75,0
2023,2023ncpem,Week 4,2,captain,2642,2,32,6.25,1
2023,2023ncpem,Week 4,2,pick1,7763,3,32,9.38,1
2023,2023ncpem,Week 4,2,pick2,4828,26,32,81.25,1
2023,2023ncpem,Week 4,3,captain,5190,4,32,12.5,0
2023,2023ncpem,Week 4,3,pick1,3229,23,32,71.88,0
2023,2023ncpem,Week 4,3,pick2,9198,17,32,53.12,0
2023,2023ncpem,Week 4,4,captain,6729,5,32,15.62,0
2023,2023ncpem,Week 4,4,pick1,4534,12,32,37.5,0
2023,2023ncpem,Week 4,4,pick2,9297,15,32,46.88,0
2023,2023ncpem,Week 4,5,captain,7443,6,32,18.75,0
2023,2023ncpem,Week 4,5,pick1,3737,11,32,34.38,0
2023,2023ncpem,Week 4,5,pick2,9032,16,32,50.0,0
2023,2023ncpem,Week 4,6,captain,5607,8,32,25.0,0
2023,2023ncpem,Week 4,6,pick1,8738,21,32,65.62,0
2023,2023ncpem,Week 4,6,pick2,2640,18,32,56.25,0
2023,2023ncpem,Week 4,7,captain,8205,9,32,28.12,0
2023,2023ncpem,Week 4,7,pick1,6894,10,32,31.25,0
2023,2023ncpem,Week 4,7,pick2,6512,29,32,90.62,0
2023,2023ncpem,Week 4,8,captain,4816,13,32,40.62,0
2023,2023ncpem,Week 4,8,pick1,7715,14,32,43.75,0
2023,2023ncpem,Week 4,8,pick2,435,19,32,59.38,0
2023,2023nhdur,Week 4,1,captain,6329,1,41,2.44,1
2023,2023nhdur,Week 4,1,pick1,133,2,41,4.88,1
2023,2023nhdur,Week 4,1,pick2,7913,26,41,63.41,1
2023,2023nhdur,Week 4,2,captain,8046,3,41,7.32,0
2023,2023nhdur,Week 4,2,pick1,319,5,41,12.2,0
2023,2023nhdur,Week 4,2,pick2,4906,33,41,80.49,0
2023,2023nhdur,Week 4,3,captain,2342,4,41,9.76,0
2023,2023nhdur,Week 4,3,pick1,4564,7,41,17.07,0
2023,2023nhdur,Week 4,3,pick2,9055,14,41,34.15,0
2023,2023nhdur,Week 4,4,captain,58,6,41,14.63,0
2023,2023nhdur,Week 4,4,pick1,131,11,41,26.83,0
2023,2023nhdur,Week 4,4,pick2,501,34,41,82.93,0
2023,2023nhdur,Week 4,5,captain,8410,8,41,19.51,0
2023,2023nhdur,Week 4,5,pick1,6153,9,41,21.95,0
2023,2023nhdur,Week 4,5,pick2,4473,22,41,53.66,0
2023,2023nhdur,Week 4,6,captain,1247,10,41,24.39,0
2023,2023nhdur,Week 4,6,pick1,172,18,41,43.9,0
2023,2023nhdur,Week 4,6,pick2,2648,17,41,41.46,0
2023,2023nhdur,Week 4,7,captain,6324,12,41,29.27,0
2023,2023nhdur,Week 4,7,pick1,1729,20,41,48.78,0
2023,2023nhdur,Week 4,7,pick2,9101,15,41,36.59,0
2023,2023nhdur,Week 4,7,backup,3597,16,41,39.02,0
2023,2023nhdur,Week 4,8,captain,811,13,41,31.71,0
2023,2023nhdur,Week 4,8,pick1,7674,23,41,56.1,0
2023,2023nhdur,Week 4,8,pick2,509,36,41,87.8,0
2023,2023njtab,Week 4,1,captain,5895,1,31,3.23,1
2023,2023njtab,Week 4,1,pick1,1807,3,31,9.68,1
2023,2023njtab,Week 4,1,pick2,5457,20,31,64.52,1
2023,2023njtab,Week 4,2,captain,2720,2,31,6.45,0
2023,2023njtab,Week 4,2,pick1,272,4,31,12.9,0
2023,2023njtab,Week 4,2,pick2,2559,19,31,61.29,0
2023,2023njtab,Week 4,2,backup,8630,21,31,67.74,0
2023,2023njtab,Week 4,3,captain,1712,5,31,16.13,0
2023,2023njtab,Week 4,3,pick1,1812,6,31,19.35,0
2023,2023njtab,Week 4,3,pick2,6921,26,31,83.87,0
2023,2023njtab,Week 4,4,captain,4342,7,31,22.58,0
2023,2023njtab,Week 4,4,pick1,25,10,31,32.26,0
2023,2023njtab,Week 4,4,pick2,9100,31,31,100.0,0
2023,2023njtab,Week 4,5,captain,6226,8,31,25.81,0
2023,2023njtab,Week 4,5,pick1,203,11,31,35.48,0
2023,2023njtab,Week 4,5,pick2,204,23,31,74.19,0
2023,2023njtab,Week 4,6,captain,87,9,31,29.03,0
2023,2023njtab,Week 4,6,pick1,2180,14,31,45.16,0
2023,2023njtab,Week 4,6,pick2,2191,18,31,58.06,0
2023,2023njtab,Week 4,7,captain,7110,12,31,38.71,0
2023,2023njtab,Week 4,7,pick1,365,17,31,54.84,0
2023,2023njtab,Week 4,7,pick2,816,16,31,51.61,0
2023,2023njtab,Week 4,8,captain,1168,13,31,41.94,0
2023,2023njtab,Week 4,8,pick1,2722,15,31,48.39,0
2023,2023njtab,Week 4,8,pick2,5732,25,31,80.65,0
2023,2023njwas,Week 4,1,captain,11,1,31,3.23,0
2023,2023njwas,Week 4,1,pick1,1676,2,31,6.45,0
2023,2023njwas,Week 4,1,pick2,8588,22,31,70.97,0
2023,2023njwas,Week 4,1,backup,6943,20,31,64.52,0
2023,2023njwas,Week 4,2,captain,834,3,31,9.68,0
2023,2023njwas,Week 4,2,pick1,222,15,31,48.39,0
2023,2023njwas,Week 4,2,pick2,714,30,31,96.77,0
2023,2023njwas,Week 4,3,captain,3142,4,31,12.9,0
2023,2023njwas,Week 4,3,pick1,7045,6,31,19.35,0
2023,2023njwas,Week 4,3,pick2,555,25,31,80.65,0
2023,2023njwas,Week 4,4,captain,193,5,31,16.13,0
2023,2023njwas,Week 4,4,pick1,4361,13,31,41.94,0
2023,2023njwas,Week 4,4,pick2,1811,19,31,61.29,0
2023,2023njwas,Week 4,5,captain,4285,7,31,22.58,1
2023,2023njwas,Week 4,5,pick1,223,21,31,67.74,1
2023,2023njwas,Week 4,5,pick2,9015,17,31,54.84,1
2023,2023njwas,Week 4,6,captain,303,8,31,25.81,0
2023,2023njwas,Week 4,6,pick1,8117,10,31,32.26,0
2023,2023njwas,Week 4,6,pick2,219,18,31,58.06,0
2023,2023njwas,Week 4,7,captain,1672,9,31,29.03,0
2023,2023njwas,Week 4,7,pick1,6945,11,31,35.48,0
2023,2023njwas,Week 4,7,pick2,2070,23,31,74.19,0
2023,2023njwas,Week 4,8,captain,4573,12,31,38.71,0
2023,2023njwas,Week 4,8,pick1,4652,16,31,51.61,0
2023,2023njwas,Week 4,8,pick2,56,14,31,45.16,0
2023,2023onnob,Week 4,1,captain,610,1,28,3.57,0
2023,2023onnob,Week 4,1,pick1,2013,2,28,7.14,0
2023,2023onnob,Week 4,1,pick2,771,23,28,82.14,0
2023,2023onnob,Week 4,2,captain,2708,3,28,10.71,0
2023,2023onnob,Week 4,2,pick1,865,10,28,35.71,0
2023,2023onnob,Week 4,2,pick2,9127,26,28,92.86,0
2023,2023onnob,Week 4,3,captain,4152,4,28,14.29,1
2023,2023onnob,Week 4,3,pick1,1305,6,28,21.43,1
2023,2023onnob,Week 4,3,pick2,6864,20,28,71.43,1
2023,2023onnob,Week 4,4,captain,4069,5,28,17.86,0
2023,2023onnob,Week 4,4,pick1,2706,12,28,42.86,0
2023,2023onnob,Week 4,4,pick2,1246,22,28,78.57,0
2023,2023onnob,Week 4,5,captain,8729,7,28,25.0,0
2023,2023onnob,Week 4,5,pick1,5834,16,28,57.14,0
2023,2023onnob,Week 4,5,pick2,6987,19,28,67.86,0
2023,2023onnob,Week 4,6,captain,1374,8,28,28.57,0
2023,2023onnob,Week 4,6,pick1,5870,11,28,39.29,0
2023,2023onnob,Week 4,6,pick2,7476,24,28,85.71,0
2023,2023onnob,Week 4,7,captain,6859,9,28,32.14,0
2023,2023onnob,Week 4,7,pick1,6514,13,28,46.43,0
2023,2023onnob,Week 4,7,pick2,1334,17,28,60.71,0
2023,2023onnob,Week 4,8,captain,3543,14,28,50.0,0
2023,2023onnob,Week 4,8,pick1,7757,15,28,53.57,0
2023,2023onnob,Week 4,8,pick2,6865,18,28,64.29,0
2023,2023vagle,Week 4,1,captain,1123,1,39,2.56,0
2023,2023vagle,Week 4,1,pick1,422,4,39,10.26,0
2023,2023vagle,Week 4,1,pick2,540,21,39,53.85,0
2023,2023vagle,Week 4,1,backup,2988,18,39,46.15,0
2023,2023vagle,Week 4,2,captain,2106,2,39,5.13,0
2023,2023vagle,Week 4,2,pick1,5804,7,39,17.95,0
2023,2023vagle,Week 4,2,pick2,1522,37,39,94.87,0
2023,2023vagle,Week 4,3,captain,384,3,39,7.69,0
2023,2023vagle,Week 4,3,pick1,401,8,39,20.51,0
2023,2023vagle,Week 4,3,pick2,611,29,39,74.36,0
2023,2023vagle,Week 4,4,captain,1599,5,39,12.82,0
2023,2023vagle,Week 4,4,pick1,4472,15,39,38.46,0
2023,2023vagle,Week 4,4,pick2,6189,32,39,82.05,0
2023,2023vagle,Week 4,5,captain,346,6,39,15.38,1
2023,2023vagle,Week 4,5,pick1,449,9,39,23.08,1
2023,2023vagle,Week 4,5,pick2,1086,19,39,48.72,1
2023,2023vagle,Week 4,6,captain,977,10,39,25.64,0
2023,2023vagle,Week 4,6,pick1,6802,12,39,30.77,0
2023,2023vagle,Week 4,6,pick2,2998,25,39,64.1,0
2023,2023vagle,Week 4,7,captain,5724,11,39,28.21,0
2023,2023vagle,Week 4,7,pick1,1610,17,39,43.59,0
2023,2023vagle,Week 4,7,pick2,619,30,39,76.92,0
2023,2023vagle,Week 4,8,captain,3939,13,39,33.33,0
2023,2023vagle,Week 4,8,pick1,1262,24,39,61.54,0
2023,2023vagle,Week 4,8,pick2,612,14,39,35.9,0
2023,2023wasam,Week 4,1,captain,2910,1,32,3.12,1
2023,2023wasam,Week 4,1,pick1,7461,3,32,9.38,1
2023,2023wasam,Week 4,1,pick2,5827,17,32,53.12,1
2023,2023wasam,Week 4,2,captain,360,2,32,6.25,0
2023,2023wasam,Week 4,2,pick1,488,7,32,21.88,0
2023,2023wasam,Week 4,2,pick2,4450,31,32,96.88,0
2023,2023wasam,Week 4,3,captain,4911,4,32,12.5,0
2023,2023wasam,Week 4,3,pick1,2412,9,32,28.12,0
2023,2023wasam,Week 4,3,pick2,4512,28,32,87.5,0
2023,2023wasam,Week 4,4,captain,1983,5,32,15.62,0
2023,2023wasam,Week 4,4,pick1,5937,25,32,78.12,0
2023,2023wasam,Week 4,4,pick2,3070,22,32,68.75,0
2023,2023wasam,Week 4,5,captain,1899,6,32,18.75,0
2023,2023wasam,Week 4,5,pick1,2976,8,32,25.0,0
2023,2023wasam,Week 4,5,pick2,9023,13,32,40.62,0
2023,2023wasam,Week 4,6,captain,492,10,32,31.25,0
2023,2023wasam,Week 4,6,pick1,4682,14,32,43.75,0
2023,2023wasam,Week 4,6,pick2,3681,16,32,50.0,0
2023,2023wasam,Week 4,7,captain,948,11,32,34.38,0
2023,2023wasam,Week 4,7,pick1,1294,15,32,46.88,0
2023,2023wasam,Week 4,7,pick2,8248,24,32,75.0,0
2023,2023wasam,Week 4,8,captain,949,12,32,37.5,0
2023,2023wasam,Week 4,8,pick1,9036,20,32,62.5,0
2023,2023wasam,Week 4,8,pick2,2928,23,32,71.88,0
2023,2023mila2,Week 4,1,captain,2767,1,40,2.5,1
2023,2023mila2,Week 4,1,pick1,4381,2,40,5.0,1
2023,2023mila2,Week 4,1,pick2,5559,35,40,87.5,1
2023,2023mila2,Week 4,2,captain,6002,3,40,7.5,0
2023,2023mila2,Week 4,2,pick1,6078,6,40,15.0,0
2023,2023mila2,Week 4,2,pick2,7203,39,40,97.5,0
2023,2023mila2,Week 4,3,captain,4422,4,40,10.0,0
2023,2023mila2,Week 4,3,pick1,503,7,40,17.5,0
2023,2023mila2,Week 4,3,pick2,5256,17,40,42.5,0
2023,2023mila2,Week 4,4,captain,3620,5,40,12.5,0
2023,2023mila2,Week 4,4,pick1,4325,22,40,55.0,0
2023,2023mila2,Week 4,4,pick2,7809,25,40,62.5,0
2023,2023mila2,Week 4,5,captain,1940,8,40,20.0,0
2023,2023mila2,Week 4,5,pick1,5535,10,40,25.0,0
2023,2023mila2,Week 4,5,pick2,5843,19,40,47.5,0
2023,2023mila2,Week 4,6,captain,4327,9,40,22.5,0
2023,2023mila2,Week 4,6,pick1,3875,12,40,30.0,0
2023,2023mila2,Week 4,6,pick2,7656,24,40,60.0,0
2023,2023mila2,Week 4,7,captain,4216,11,40,27.5,0
2023,2023mila2,Week 4,7,pick1,3452,18,40,45.0,0
2023,2023mila2,Week 4,7,pick2,2145,23,40,57.5,0
2023,2023mila2,Week 4,8,captain,4956,13,40,32.5,0
2023,2023mila2,Week 4,8,pick1,5182,29,40,72.5,0
2023,2023mila2,Week 4,8,pick2,4384,31,40,77.5,0
2023,2023tuis2,Week 5,1,captain,6838,1,45,2.22,1
2023,2023tuis2,Week 5,1,pick1,7444,3,45,6.67,1
2023,2023tuis2,Week 5,1,pick2,9264,20,45,44.44,1
2023,2023tuis2,Week 5,2,captain,6985,2,45,4.44,0
2023,2023tuis2,Week 5,2,pick1,7758,7,45,15.56,0
2023,2023tuis2,Week 5,2,pick2,7672,16,45,35.56,0
2023,2023tuis2,Week 5,3,captain,9233,4,45,8.89,0
2023,2023tuis2,Week 5,3,pick1,9024,6,45,13.33,0
2023,2023tuis2,Week 5,3,pick2,8754,37,45,82.22,0
2023,2023tuis2,Week 5,4,captain,6989,5,45,11.11,0
2023,2023tuis2,Week 5,4,pick1,6014,8,45,17.78,0
2023,2023tuis2,Week 5,4,pick2,8151,31,45,68.89,0
2023,2023tuis2,Week 5,4,backup,6228,18,45,40.0,0
2023,2023tuis2,Week 5,5,captain,8743,9,45,20.0,0
2023,2023tuis2,Week 5,5,pick1,8084,11,45,24.44,0
2023,2023tuis2,Week 5,5,pick2,8261,21,45,46.67,0
2023,2023tuis2,Week 5,6,captain,9001,10,45,22.22,0
2023,2023tuis2,Week 5,6,pick1,9132,12,45,26.67,0
2023,2023tuis2,Week 5,6,pick2,7035,15,45,33.33,0
2023,2023tuis2,Week 5,7,captain,7201,13,45,28.89,0
2023,2023tuis2,Week 5,7,pick1,6232,29,45,64.44,0
2023,2023tuis2,Week 5,7,pick2,7439,27,45,60.0,0
2023,2023tuis2,Week 5,8,captain,7086,14,45,31.11,0
2023,2023tuis2,Week 5,8,pick1,8856,33,45,73.33,0
2023,2023tuis2,Week 5,8,pick2,6415,34,45,75.56,0
2023,2023tuis2,Week 5,8,backup,8780,17,45,37.78,0
2023,2023nytr,Week 5,1,captain,3015,1,48,2.08,1
2023,2023nytr,Week 5,1,pick1,1796,2,48,4.17,1
2023,2023nytr,Week 5,1,pick2,4930,39,48,81.25,1
2023,2023nytr,Week 5,2,captain,2601,3,48,6.25,0
2023,2023nytr,Week 5,2,pick1,20,5,48,10.42,0
2023,2023nytr,Week 5,2,pick2,263,26,48,54.17,0
2023,2023nytr,Week 5,2,backup,287,15,48,31.25,0
2023,2023nytr,Week 5,3,captain,144,4,48,8.33,0
2023,2023nytr,Week 5,3,pick1,3950,13,48,27.08,0
2023,2023nytr,Week 5,3,pick2,810,21,48,43.75,0
2023,2023nytr,Week 5,4,captain,333,6,48,12.5,0
2023,2023nytr,Week 5,4,pick1,250,10,48,20.83,0
2023,2023nytr,Week 5,4,pick2,6401,14,48,29.17,0
2023,2023nytr,Week 5,5,captain,340,7,48,14.58,0
2023,2023nytr,Week 5,5,pick1,1493,9,48,18.75,0
2023,2023nytr,Week 5,5,pick2,424,22,48,45.83,0
2023,2023nytr,Week 5,6,captain,4122,8,48,16.67,0
2023,2023nytr,Week 5,6,pick1,2791,30,48,62.5,0
2023,2023nytr,Week 5,6,pick2,4571,28,48,58.33,0
2023,2023nytr,Week 5,7,captain,7522,11,48,22.92,0
2023,2023nytr,Week 5,7,pick1,1860,20,48,41.67,0
2023,2023nytr,Week 5,7,pick2,4860,24,48,50.0,0
2023,2023nytr,Week 5,8,captain,639,12,48,25.0,0
2023,2023nytr,Week 5,8,pick1,3003,17,48,35.42,0
2023,2023nytr,Week 5,8,pick2,578,23,48,47.92,0
2023,2023ohcl,Week 5,1,captain,4028,1,52,1.92,1
2023,2023ohcl,Week 5,1,pick1,695,3,52,5.77,1
2023,2023ohcl,Week 5,1,pick2,5667,24,52,46.15,1
2023,2023ohcl,Week 5,2,captain,2252,2,52,3.85,0
2023,2023ohcl,Week 5,2,pick1,3173,13,52,25.0,0
2023,2023ohcl,Week 5,2,pick2,120,20,52,38.46,0
2023,2023ohcl,Week 5,3,captain,4611,4,52,7.69,0
2023,2023ohcl,Week 5,3,pick1,48,8,52,15.38,0
2023,2023ohcl,Week 5,3,pick2,3201,18,52,34.62,0
2023,2023ohcl,Week 5,3,backup,5413,19,52,36.54,0
2023,2023ohcl,Week 5,4,captain,6421,5,52,9.62,0
2023,2023ohcl,Week 5,4,pick1,7460,10,52,19.23,0
2023,2023ohcl,Week 5,4,pick2,5740,21,52,40.38,0
2023,2023ohcl,Week 5,5,captain,6181,6,52,11.54,0
2023,2023ohcl,Week 5,5,pick1,2783,7,52,13.46,0
2023,2023ohcl,Week 5,5,pick2,2399,22,52,42.31,0
2023,2023ohcl,Week 5,6,captain,6964,9,52,17.31,0
2023,2023ohcl,Week 5,6,pick1,1405,17,52,32.69,0
2023,2023ohcl,Week 5,6,pick2,1507,15,52,28.85,0
2023,2023ohcl,Week 5,7,captain,1551,11,52,21.15,0
2023,2023ohcl,Week 5,7,pick1,2603,16,52,30.77,0
2023,2023ohcl,Week 5,7,pick2,5847,14,52,26.92,0
2023,2023ohcl,Week 5,8,captain,8222,12,52,23.08,0
2023,2023ohcl,Week 5,8,pick1,2228,26,52,50.0,0
2023,2023ohcl,Week 5,8,pick2,8096,23,52,44.23,0
2023,2023qcmo,Week 5,1,captain,3990,1,46,2.17,1
2023,2023qcmo,Week 5,1,pick1,3996,2,46,4.35,1
2023,2023qcmo,Week 5,1,pick2,5618,15,46,32.61,1
2023,2023qcmo,Week 5,2,captain,3550,3,46,6.52,0
2023,2023qcmo,Week 5,2,pick1,3986,24,46,52.17,0
2023,2023qcmo,Week 5,2,pick2,6907,20,46,43.48,0
2023,2023qcmo,Week 5,3,captain,5439,4,46,8.7,0
2023,2023qcmo,Week 5,3,pick1,7605,6,46,13.04,0
2023,2023qcmo,Week 5,3,pick2,3544,28,46,60.87,0
2023,2023qcmo,Week 5,3,backup,9076,13,46,28.26,0
2023,2023qcmo,Week 5,4,captain,3117,5,46,10.87,0
2023,2023qcmo,Week 5,4,pick1,5528,19,46,41.3,0
2023,2023qcmo,Week 5,4,pick2,8152,16,46,34.78,0
2023,2023qcmo,Week 5,5,captain,4955,7,46,15.22,0
2023,2023qcmo,Week 5,5,pick1,2220,11,46,23.91,0
2023,2023qcmo,Week 5,5,pick2,3985,31,46,67.39,0
2023,2023qcmo,Week 5,6,captain,9102,8,46,17.39,0
2023,2023qcmo,Week 5,6,pick1,5553,12,46,26.09,0
2023,2023qcmo,Week 5,6,pick2,9220,22,46,47.83,0
2023,2023qcmo,Week 5,7,captain,5910,9,46,19.57,0
2023,2023qcmo,Week 5,7,pick1,4947,26,46,56.52,0
2023,2023qcmo,Week 5,7,pick2,5443,33,46,71.74,0
2023,2023qcmo,Week 5,8,captain,6929,10,46,21.74,0
2023,2023qcmo,Week 5,8,pick1,8067,17,46,36.96,0
2023,2023qcmo,Week 5,8,pick2,3360,14,46,30.43,0
2023,2023tnkn,Week 5,1,captain,2451,1,38,2.63,1
2023,2023tnkn,Week 5,1,pick1,1730,7,38,18.42,1
2023,2023tnkn,Week 5,1,pick2,6517,24,38,63.16,1
2023,2023tnkn,Week 5,2,captain,4020,2,38,5.26,0
2023,2023tnkn,Week 5,2,pick1,325,4,38,10.53,0
2023,2023tnkn,Week 5,2,pick2,3821,33,38,86.84,0
2023,2023tnkn,Week 5,3,captain,1466,3,38,7.89,0
2023,2023tnkn,Week 5,3,pick1,2614,16,38,42.11,0
2023,2023tnkn,Week 5,3,pick2,4504,22,38,57.89,0
2023,2023tnkn,Week 5,4,captain,3140,5,38,13.16,0
2023,2023tnkn,Week 5,4,pick1,4265,8,38,21.05,0
2023,2023tnkn,Week 5,4,pick2,3984,14,38,36.84,0
2023,2023tnkn,Week 5,5,captain,108,6,38,15.79,0
2023,2023tnkn,Week 5,5,pick1,8214,19,38,50.0,0
2023,2023tnkn,Week 5,5,pick2,63,21,38,55.26,0
2023,2023tnkn,Week 5,6,captain,3492,9,38,23.68,0
2023,2023tnkn,Week 5,6,pick1,8841,11,38,28.95,0
2023,2023tnkn,Week 5,6,pick2,4462,18,38,47.37,0
2023,2023tnkn,Week 5,7,captain,2383,10,38,26.32,0
2023,2023tnkn,Week 5,7,pick1,7525,13,38,34.21,0
2023,2023tnkn,Week 5,7,pick2,801,15,38,39.47,0
2023,2023tnkn,Week 5,8,captain,4576,12,38,31.58,0
2023,2023tnkn,Week 5,8,pick1,5492,20,38,52.63,0
2023,2023tnkn,Week 5,8,pick2,2393,17,38,44.74,0
2023,2023lake,Week 5,1,captain,4522,1,39,2.56,1
2023,2023lake,Week 5,1,pick1,4635,5,39,12.82,1
2023,2023lake,Week 5,1,pick2,2080,18,39,46.15,1
2023,2023lake,Week 5,2,captain,16,2,39,5.13,0
2023,2023lake,Week 5,2,pick1,3039,3,39,7.69,0
2023,2023lake,Week 5,2,pick2,4107,37,39,94.87,0
2023,2023lake,Week 5,3,captain,3478,4,39,10.26,0
2023,2023lake,Week 5,3,pick1,2992,6,39,15.38,0
2023,2023lake,Week 5,3,pick2,8808,19,39,48.72,0
2023,2023lake,Week 5,4,captain,456,7,39,17.95,0
2023,2023lake,Week 5,4,pick1,4087,9,39,23.08,0
2023,2023lake,Week 5,4,pick2,3468,33,39,84.62,0
2023,2023lake,Week 5,5,captain,1622,8,39,20.51,0
2023,2023lake,Week 5,5,pick1,3937,17,39,43.59,0
2023,2023lake,Week 5,5,pick2,5997,29,39,74.36,0
2023,2023lake,Week 5,6,captain,2183,10,39,25.64,0
2023,2023lake,Week 5,6,pick1,8044,14,39,35.9,0
2023,2023lake,Week 5,6,pick2,1421,24,39,61.54,0
2023,2023lake,Week 5,7,captain,1592,11,39,28.21,0
2023,2023lake,Week 5,7,pick1,364,13,39,33.33,0
2023,2023lake,Week 5,7,pick2,8118,21,39,53.85,0
2023,2023lake,Week 5,8,captain,8732,12,39,30.77,0
2023,2023lake,Week 5,8,pick1,3616,15,39,38.46,0
2023,2023lake,Week 5,8,pick2,1912,28,39,71.79,0
2023,2023mnmi,Week 5,1,captain,2052,1,61,1.64,1
2023,2023mnmi,Week 5,1,pick1,5913,2,61,3.28,1
2023,2023mnmi,Week 5,1,pick2,7258,23,61,37.7,1
2023,2023mnmi,Week 5,2,captain,1816,3,61,4.92,0
2023,2023mnmi,Week 5,2,pick1,2470,14,61,22.95,0
2023,2023mnmi,Week 5,2,pick2,2549,42,61,68.85,0
2023,2023mnmi,Week 5,3,captain,2823,4,61,6.56,0
2023,2023mnmi,Week 5,3,pick1,3630,12,61,19.67,0
2023,2023mnmi,Week 5,3,pick2,2450,37,61,60.66,0
2023,2023mnmi,Week 5,4,captain,7068,5,61,8.2,0
2023,2023mnmi,Week 5,4,pick1,2502,9,61,14.75,0
2023,2023mnmi,Week 5,4,pick2,2491,28,61,45.9,0
2023,2023mnmi,Week 5,5,captain,7850,6,61,9.84,0
2023,2023mnmi,Week 5,5,pick1,4664,10,61,16.39,0
2023,2023mnmi,Week 5,5,pick2,6709,18,61,29.51,0
2023,2023mnmi,Week 5,6,captain,2181,7,61,11.48,0
2023,2023mnmi,Week 5,6,pick1,2846,8,61,13.11,0
2023,2023mnmi,Week 5,6,pick2,4536,48,61,78.69,0
2023,2023mnmi,Week 5,7,captain,5434,11,61,18.03,0
2023,2023mnmi,Week 5,7,pick1,3082,16,61,26.23,0
2023,2023mnmi,Week 5,7,pick2,4198,15,61,24.59,0
2023,2023mnmi,Week 5,7,backup,8234,19,61,31.15,0
2023,2023mnmi,Week 5,8,captain,4663,13,61,21.31,0
2023,2023mnmi,Week 5,8,pick1,3026,20,61,32.79,0
2023,2023mnmi,Week 5,8,pick2,2509,22,61,36.07,0
2023,2023mokc,Week 5,1,captain,1987,1,36,2.78,1
2023,2023mokc,Week 5,1,pick1,4213,3,36,8.33,1
2023,2023mokc,Week 5,1,pick2,2359,12,36,33.33,1
2023,2023mokc,Week 5,2,captain,4256,2,36,5.56,0
2023,2023mokc,Week 5,2,pick1,1710,4,36,11.11,0
2023,2023mokc,Week 5,2,pick2,1847,34,36,94.44,0
2023,2023mokc,Week 5,3,captain,1785,5,36,13.89,0
2023,2023mokc,Week 5,3,pick1,1108,16,36,44.44,0
2023,2023mokc,Week 5,3,pick2,1763,21,36,58.33,0
2023,2023mokc,Week 5,4,captain,5889,6,36,16.67,0
2023,2023mokc,Week 5,4,pick1,1810,14,36,38.89,0
2023,2023mokc,Week 5,4,pick2,5098,25,36,69.44,0
2023,2023mokc,Week 5,5,captain,5801,7,36,19.44,0
2023,2023mokc,Week 5,5,pick1,1802,13,36,36.11,0
2023,2023mokc,Week 5,5,pick2,2457,22,36,61.11,0
2023,2023mokc,Week 5,6,captain,7563,8,36,22.22,0
2023,2023mokc,Week 5,6,pick1,1982,9,36,25.0,0
2023,2023mokc,Week 5,6,pick2,9085,26,36,72.22,0
2023,2023mokc,Week 5,7,captain,1825,10,36,27.78,0
2023,2023mokc,Week 5,7,pick1,1769,15,36,41.67,0
2023,2023mokc,Week 5,7,pick2,5809,20,36,55.56,0
2023,2023mokc,Week 5,8,captain,9316,11,36,30.56,0
2023,2023mokc,Week 5,8,pick1,5126,17,36,47.22,0
2023,2023mokc,Week 5,8,pick2,1764,30,36,83.33,0
2023,2023wila,Week 5,1,captain,111,1,54,1.85,1
2023,2023wila,Week 5,1,pick1,2338,3,54,5.56,1
2023,2023wila,Week 5,1,pick2,5586,19,54,35.19,1
2023,2023wila,Week 5,2,captain,7021,2,54,3.7,0
2023,2023wila,Week 5,2,pick1,2481,4,54,7.41,0
2023,2023wila,Week 5,2,pick2,2194,17,54,31.48,0
2023,2023wila,Week 5,3,captain,1736,5,54,9.26,0
2023,2023wila,Week 5,3,pick1,4607,13,54,24.07,0
2023,2023wila,Week 5,3,pick2,3130,26,54,48.15,0
2023,2023wila,Week 5,3,backup,5442,20,54,37.04,0
2023,2023wila,Week 5,4,captain,7619,6,54,11.11,0
2023,2023wila,Week 5,4,pick1,5826,8,54,14.81,0
2023,2023wila,Week 5,4,pick2,5903,22,54,40.74,0
2023,2023wila,Week 5,5,captain,2704,7,54,12.96,0
2023,2023wila,Week 5,5,pick1,7103,11,54,20.37,0
2023,2023wila,Week 5,5,pick2,171,15,54,27.78,0
2023,2023wila,Week 5,6,captain,8744,9,54,16.67,0
2023,2023wila,Week 5,6,pick1,2039,18,54,33.33,0
2023,2023wila,Week 5,6,pick2,2169,16,54,29.63,0
2023,2023wila,Week 5,7,captain,6381,10,54,18.52,0
2023,2023wila,Week 5,7,pick1,112,21,54,38.89,0
2023,2023wila,Week 5,7,pick2,4539,31,54,57.41,0
2023,2023wila,Week 5,8,captain,8516,12,54,22.22,0
2023,2023wila,Week 5,8,pick1,3276,14,54,25.93,0
2023,2023wila,Week 5,8,pick2,4655,30,54,55.56,0
2023,2023idbo,Week 5,1,captain,6036,1,48,2.08,1
2023,2023idbo,Week 5,1,pick1,3647,4,48,8.33,1
2023,2023idbo,Week 5,1,pick2,4175,38,48,79.17,1
2023,2023idbo,Week 5,2,captain,2122,2,48,4.17,0
2023,2023idbo,Week 5,2,pick1,114,3,48,6.25,0
2023,2023idbo,Week 5,2,pick2,1891,23,48,47.92,0
2023,2023idbo,Week 5,3,captain,8885,5,48,10.42,0
2023,2023idbo,Week 5,3,pick1,6364,9,48,18.75,0
2023,2023idbo,Week 5,3,pick2,5933,37,48,77.08,0
2023,2023idbo,Week 5,4,captain,8814,6,48,12.5,0
2023,2023idbo,Week 5,4,pick1,8011,8,48,16.67,0
2023,2023idbo,Week 5,4,pick2,2130,30,48,62.5,0
2023,2023idbo,Week 5,5,captain,115,7,48,14.58,0
2023,2023idbo,Week 5,5,pick1,3216,13,48,27.08,0
2023,2023idbo,Week 5,5,pick2,4598,27,48,56.25,0
2023,2023idbo,Week 5,6,captain,8546,10,48,20.83,0
2023,2023idbo,Week 5,6,pick1,3859,16,48,33.33,0
2023,2023idbo,Week 5,6,pick2,7419,22,48,45.83,0
2023,2023idbo,Week 5,7,captain,8,11,48,22.92,0
2023,2023idbo,Week 5,7,pick1,1700,12,48,25.0,0
2023,2023idbo,Week 5,7,pick2,3256,39,48,81.25,0
2023,2023idbo,Week 5,8,captain,5461,14,48,29.17,0
2023,2023idbo,Week 5,8,pick1,3134,29,48,60.42,0
2023,2023idbo,Week 5,8,pick2,1569,17,48,35.42,0
2023,2023caav,Week 5,1,captain,7157,1,36,2.78,1
2023,2023caav,Week 5,1,pick1,4414,2,36,5.56,1
2023,2023caav,Week 5,1,pick2,7042,28,36,77.78,1
2023,2023caav,Week 5,2,captain,3476,3,36,8.33,0
2023,2023caav,Week 5,2,pick1,9084,4,36,11.11,0
2023,2023caav,Week 5,2,pick2,2375,25,36,69.44,0
2023,2023caav,Week 5,3,captain,2073,5,36,13.89,0
2023,2023caav,Week 5,3,pick1,4415,6,36,16.67,0
2023,2023caav,Week 5,3,pick2,6657,22,36,61.11,0
2023,2023caav,Week 5,4,captain,2659,7,36,19.44,0
2023,2023caav,Week 5,4,pick1,3512,10,36,27.78,0
2023,2023caav,Week 5,4,pick2,1197,20,36,55.56,0
2023,2023caav,Week 5,4,backup,980,18,36,50.0,0
2023,2023caav,Week 5,5,captain,4698,8,36,22.22,0
2023,2023caav,Week 5,5,pick1,687,9,36,25.0,0
2023,2023caav,Week 5,5,pick2,399,26,36,72.22,0
2023,2023caav,Week 5,6,captain,3669,11,36,30.56,0
2023,2023caav,Week 5,6,pick1,8768,14,36,38.89,0
2023,2023caav,Week 5,6,pick2,6417,17,36,47.22,0
2023,2023caav,Week 5,6,backup,6305,16,36,44.44,0
2023,2023caav,Week 5,7,captain,8888,12,36,33.33,0
2023,2023caav,Week 5,7,pick1,4014,13,36,36.11,0
2023,2023caav,Week 5,7,pick2,5124,21,36,58.33,0
2023,2023caav,Week 5,8,captain,3749,15,36,41.67,0
2023,2023caav,Week 5,8,pick1,4419,19,36,52.78,0
2023,2023caav,Week 5,8,pick2,5012,30,36,83.33,0
2023,2023camb,Week 5,1,captain,1323,1,36,2.78,1
2023,2023camb,Week 5,1,pick1,5940,2,36,5.56,1
2023,2023camb,Week 5,1,pick2,6998,33,36,91.67,1
2023,2023camb,Week 5,2,captain,971,3,36,8.33,0
2023,2023camb,Week 5,2,pick1,8033,5,36,13.89,0
2023,2023camb,Week 5,2,pick2,668,13,36,36.11,0
2023,2023camb,Week 5,3,captain,3970,4,36,11.11,0
2023,2023camb,Week 5,3,pick1,4255,12,36,33.33,0
2023,2023camb,Week 5,3,pick2,852,26,36,72.22,0
2023,2023camb,Week 5,3,backup,6814,18,36,50.0,0
2023,2023camb,Week 5,4,captain,5104,6,36,16.67,0
2023,2023camb,Week 5,4,pick1,1671,7,36,19.44,0
2023,2023camb,Week 5,4,pick2,8262,14,36,38.89,0
2023,2023camb,Week 5,5,captain,2486,8,36,22.22,0
2023,2023camb,Week 5,5,pick1,192,22,36,61.11,0
2023,2023camb,Week 5,5,pick2,6884,29,36,80.56,0
2023,2023camb,Week 5,6,captain,5026,9,36,25.0,0
2023,2023camb,Week 5,6,pick1,670,16,36,44.44,0
2023,2023camb,Week 5,6,pick2,2135,23,36,63.89,0
2023,2023camb,Week 5,7,captain,8048,10,36,27.78,0
2023,2023camb,Week 5,7,pick1,5817,17,36,47.22,0
2023,2023camb,Week 5,7,pick2,5171,27,36,75.0,0
2023,2023camb,Week 5,8,captain,2813,11,36,30.56,0
2023,2023camb,Week 5,8,pick1,8404,15,36,41.67,0
2023,2023camb,Week 5,8,pick2,9125,28,36,77.78,0
2023,2023nvlv,Week 5,1,captain,4270,1,44,2.27,1
2023,2023nvlv,Week 5,1,pick1,359,2,44,4.55,1
2023,2023nvlv,Week 5,1,pick2,9287,22,44,50.0,1
2023,2023nvlv,Week 5,2,captain,987,3,44,6.82,0
2023,2023nvlv,Week 5,2,pick1,6995,6,44,13.64,0
2023,2023nvlv,Week 5,2,pick2,968,24,44,54.55,0
2023,2023nvlv,Week 5,3,captain,6560,4,44,9.09,0
2023,2023nvlv,Week 5,3,pick1,4421,26,44,59.09,0
2023,2023nvlv,Week 5,3,pick2,6918,20,44,45.45,0
2023,2023nvlv,Week 5,4,captain,5924,5,44,11.36,0
2023,2023nvlv,Week 5,4,pick1,2429,11,44,25.0,0
2023,2023nvlv,Week 5,4,pick2,4,16,44,36.36,0
2023,2023nvlv,Week 5,5,captain,597,7,44,15.91,0
2023,2023nvlv,Week 5,5,pick1,60,14,44,31.82,0
2023,2023nvlv,Week 5,5,pick2,991,15,44,34.09,0
2023,2023nvlv,Week 5,6,captain,1388,8,44,18.18,0
2023,2023nvlv,Week 5,6,pick1,7426,10,44,22.73,0
2023,2023nvlv,Week 5,6,pick2,2658,31,44,70.45,0
2023,2023nvlv,Week 5,7,captain,3009,9,44,20.45,0
2023,2023nvlv,Week 5,7,pick1,4627,12,44,27.27,0
2023,2023nvlv,Week 5,7,pick2,7423,27,44,61.36,0
2023,2023nvlv,Week 5,8,captain,7415,13,44,29.55,0
2023,2023nvlv,Week 5,8,pick1,4501,19,44,43.18,0
2023,2023nvlv,Week 5,8,pick2,8005,17,44,38.64,0
2023,2023gamac,Week 5,1,captain,1261,1,29,3.45,0
2023,2023gamac,Week 5,1,pick1,1771,4,29,13.79,0
2023,2023gamac,Week 5,1,pick2,5219,23,29,79.31,0
2023,2023gamac,Week 5,2,captain,6829,2,29,6.9,1
2023,2023gamac,Week 5,2,pick1,6919,3,29,10.34,1
2023,2023gamac,Week 5,2,pick2,4730,20,29,68.97,1
2023,2023gamac,Week 5,3,captain,8736,5,29,17.24,0
2023,2023gamac,Week 5,3,pick1,1414,8,29,27.59,0
2023,2023gamac,Week 5,3,pick2,6944,19,29,65.52,0
2023,2023gamac,Week 5,4,captain,1746,6,29,20.69,0
2023,2023gamac,Week 5,4,pick1,6925,9,29,31.03,0
2023,2023gamac,Week 5,4,pick2,1002,28,29,96.55,0
2023,2023gamac,Week 5,5,captain,3635,7,29,24.14,0
2023,2023gamac,Week 5,5,pick1,4701,11,29,37.93,0
2023,2023gamac,Week 5,5,pick2,8849,25,29,86.21,0
2023,2023gamac,Week 5,6,captain,3344,10,29,34.48,0
2023,2023gamac,Week 5,6,pick1,9260,14,29,48.28,0
2023,2023gamac,Week 5,6,pick2,3329,26,29,89.66,0
2023,2023gamac,Week 5,7,captain,5130,12,29,41.38,0
2023,2023gamac,Week 5,7,pick1,4112,21,29,72.41,0
2023,2023gamac,Week 5,7,pick2,5848,29,29,100.0,0
2023,2023gamac,Week 5,8,captain,7470,13,29,44.83,0
2023,2023gamac,Week 5,8,pick1,4240,15,29,51.72,0
2023,2023gamac,Week 5,8,pick2,2415,18,29,62.07,0
2023,2023ingre,Week 5,1,captain,3940,1,28,3.57,0
2023,2023ingre,Week 5,1,pick1,234,4,28,14.29,0
2023,2023ingre,Week 5,1,pick2,3890,18,28,64.29,0
2023,2023ingre,Week 5,2,captain,1501,2,28,7.14,1
2023,2023ingre,Week 5,2,pick1,5188,7,28,25.0,1
2023,2023ingre,Week 5,2,pick2,1555,24,28,85.71,1
2023,2023ingre,Week 5,3,captain,71,3,28,10.71,0
2023,2023ingre,Week 5,3,pick1,829,15,28,53.57,0
2023,2023ingre,Week 5,3,pick2,447,17,28,60.71,0
2023,2023ingre,Week 5,4,captain,7657,5,28,17.86,0
2023,2023ingre,Week 5,4,pick1,5484,6,28,21.43,0
2023,2023ingre,Week 5,4,pick2,4580,23,28,82.14,0
2023,2023ingre,Week 5,5,captain,7454,8,28,28.57,0
2023,2023ingre,Week 5,5,pick1,3494,10,28,35.71,0
2023,2023ingre,Week 5,5,pick2,8564,26,28,92.86,0
2023,2023ingre,Week 5,6,captain,1741,9,28,32.14,0
2023,2023ingre,Week 5,6,pick1,3176,11,28,39.29,0
2023,2023ingre,Week 5,6,pick2,3947,20,28,71.43,0
2023,2023ingre,Week 5,7,captain,45,12,28,42.86,0
2023,2023ingre,Week 5,7,pick1,7617,21,28,75.0,0
2023,2023ingre,Week 5,7,pick2,6721,22,28,78.57,0
2023,2023ingre,Week 5,8,captain,1720,13,28,46.43,0
2023,2023ingre,Week 5,8,pick1,135,19,28,67.86,0
2023,2023ingre,Week 5,8,pick2,4485,14,28,50.0,0
2023,2023miken,Week 5,1,captain,4391,1,39,2.56,1
2023,2023miken,Week 5,1,pick1,2075,2,39,5.13,1
2023,2023miken,Week 5,1,pick2,9215,18,39,46.15,1
2023,2023miken,Week 5,2,captain,6090,3,39,7.69,0
2023,2023miken,Week 5,2,pick1,4967,6,39,15.38,0
2023,2023miken,Week 5,2,pick2,6114,19,39,48.72,0
2023,2023miken,Week 5,3,captain,3546,4,39,10.26,0
2023,2023miken,Week 5,3,pick1,8608,5,39,12.82,0
2023,2023miken,Week 5,3,pick2,3458,27,39,69.23,0
2023,2023miken,Week 5,4,captain,4004,7,39,17.95,0
2023,2023miken,Week 5,4,pick1,2771,9,39,23.08,0
2023,2023miken,Week 5,4,pick2,858,15,39,38.46,0
2023,2023miken,Week 5,5,captain,8126,8,39,20.51,0
2023,2023miken,Week 5,5,pick1,9106,21,39,53.85,0
2023,2023miken,Week 5,5,pick2,7810,22,39,56.41,0
2023,2023miken,Week 5,6,captain,5623,10,39,25.64,0
2023,2023miken,Week 5,6,pick1,288,26,39,66.67,0
2023,2023miken,Week 5,6,pick2,244,17,39,43.59,0
2023,2023miken,Week 5,7,captain,6005,11,39,28.21,0
2023,2023miken,Week 5,7,pick1,5056,16,39,41.03,0
2023,2023miken,Week 5,7,pick2,7658,14,39,35.9,0
2023,2023miken,Week 5,8,captain,216,12,39,30.77,0
2023,2023miken,Week 5,8,pick1,2405,24,39,61.54,0
2023,2023miken,Week 5,8,pick2,3875,20,39,51.28,0
2023,2023miliv,Week 5,1,captain,5907,1,40,2.5,1
2023,2023miliv,Week 5,1,pick1,3641,6,40,15.0,1
2023,2023miliv,Week 5,1,pick2,6532,29,40,72.5,1
2023,2023miliv,Week 5,2,captain,7220,2,40,5.0,0
2023,2023miliv,Week 5,2,pick1,51,4,40,10.0,0
2023,2023miliv,Week 5,2,pick2,5695,39,40,97.5,0
2023,2023miliv,Week 5,3,captain,2832,3,40,7.5,0
2023,2023miliv,Week 5,3,pick1,8179,7,40,17.5,0
2023,2023miliv,Week 5,3,pick2,6057,17,40,42.5,0
2023,2023miliv,Week 5,4,captain,6861,5,40,12.5,0
2023,2023miliv,Week 5,4,pick1,1250,8,40,20.0,0
2023,2023miliv,Week 5,4,pick2,6914,22,40,55.0,0
2023,2023miliv,Week 5,5,captain,6152,9,40,22.5,0
2023,2023miliv,Week 5,5,pick1,8426,11,40,27.5,0
2023,2023miliv,Week 5,5,pick2,7196,14,40,35.0,0
2023,2023miliv,Week 5,6,captain,5197,10,40,25.0,0
2023,2023miliv,Week 5,6,pick1,280,25,40,62.5,0
2023,2023miliv,Week 5,6,pick2,3098,26,40,65.0,0
2023,2023miliv,Week 5,7,captain,7692,12,40,30.0,0
2023,2023miliv,Week 5,7,pick1,308,21,40,52.5,0
2023,2023miliv,Week 5,7,pick2,2620,18,40,45.0,0
2023,2023miliv,Week 5,8,captain,7178,13,40,32.5,0
2023,2023miliv,Week 5,8,pick1,7553,16,40,40.0,0
2023,2023miliv,Week 5,8,pick2,7716,15,40,37.5,0
2023,2023miliv,Week 5,8,backup,6190,19,40,47.5,0
2023,2023mimcc,Week 5,1,captain,3175,1,40,2.5,1
2023,2023mimcc,Week 5,1,pick1,5460,3,40,7.5,1
2023,2023mimcc,Week 5,1,pick2,2604,33,40,82.5,1
2023,2023mimcc,Week 5,1,backup,6085,21,40,52.5,1
2023,2023mimcc,Week 5,2,captain,818,2,40,5.0,0
2023,2023mimcc,Week 5,2,pick1,3539,4,40,10.0,0
2023,2023mimcc,Week 5,2,pick2,5046,19,40,47.5,0
2023,2023mimcc,Week 5,3,captain,1701,5,40,12.5,0
2023,2023mimcc,Week 5,3,pick1,1189,7,40,17.5,0
2023,2023mimcc,Week 5,3,pick2,5860,22,40,55.0,0
2023,2023mimcc,Week 5,4,captain,5901,6,40,15.0,0
2023,2023mimcc,Week 5,4,pick1,5926,14,40,35.0,0
2023,2023mimcc,Week 5,4,pick2,4810,24,40,60.0,0
2023,2023mimcc,Week 5,5,captain,5555,8,40,20.0,0
2023,2023mimcc,Week 5,5,pick1,2137,12,40,30.0,0
2023,2023mimcc,Week 5,5,pick2,8385,20,40,50.0,0
2023,2023mimcc,Week 5,6,captain,9255,9,40,22.5,0
2023,2023mimcc,Week 5,6,pick1,123,23,40,57.5,0
2023,2023mimcc,Week 5,6,pick2,8115,16,40,40.0,0
2023,2023mimcc,Week 5,7,captain,7224,10,40,25.0,0
2023,2023mimcc,Week 5,7,pick1,4130,11,40,27.5,0
2023,2023mimcc,Week 5,7,pick2,6120,15,40,37.5,0
2023,2023mimcc,Week 5,8,captain,453,13,40,32.5,0
2023,2023mimcc,Week 5,8,pick1,4779,18,40,45.0,0
2023,2023mimcc,Week 5,8,pick2,9245,17,40,42.5,0
2023,2023misal,Week 5,1,captain,5050,1,36,2.78,0
2023,2023misal,Week 5,1,pick1,862,4,36,11.11,0
2023,2023misal,Week 5,1,pick2,9211,32,36,88.89,0
2023,2023misal,Week 5,2,captain,4405,2,36,5.56,0
2023,2023misal,Week 5,2,pick1,107,5,36,13.89,0
2023,2023misal,Week 5,2,pick2,7221,18,36,50.0,0
2023,2023misal,Week 5,2,backup,8832,22,36,61.11,0
2023,2023misal,Week 5,3,captain,6081,3,36,8.33,1
2023,2023misal,Week 5,3,pick1,3322,6,36,16.67,1
2023,2023misal,Week 5,3,pick2,8895,30,36,83.33,1
2023,2023misal,Week 5,4,captain,5674,7,36,19.44,0
2023,2023misal,Week 5,4,pick1,5067,8,36,22.22,0
2023,2023misal,Week 5,4,pick2,5066,24,36,66.67,0
2023,2023misal,Week 5,5,captain,904,9,36,25.0,0
2023,2023misal,Week 5,5,pick1,815,10,36,27.78,0
2023,2023misal,Week 5,5,pick2,3568,35,36,97.22,0
2023,2023misal,Week 5,5,backup,8424,19,36,52.78,0
2023,2023misal,Week 5,6,captain,8374,11,36,30.56,0
2023,2023misal,Week 5,6,pick1,1076,12,36,33.33,0
2023,2023misal,Week 5,6,pick2,1502,28,36,77.78,0
2023,2023misal,Week 5,7,captain,9241,13,36,36.11,0
2023,2023misal,Week 5,7,pick1,9209,14,36,38.89,0
2023,2023misal,Week 5,7,pick2,5641,17,36,47.22,0
2023,2023misal,Week 5,8,captain,6556,15,36,41.67,0
2023,2023misal,Week 5,8,pick1,1504,16,36,44.44,0
2023,2023misal,Week 5,8,pick2,3707,27,36,75.0,0
2023,2023mitr2,Week 5,1,captain,3538,1,38,2.63,1
2023,2023mitr2,Week 5,1,pick1,2337,3,38,7.89,1
2023,2023mitr2,Week 5,1,pick2,7856,36,38,94.74,1
2023,2023mitr2,Week 5,2,captain,245,2,38,5.26,0
2023,2023mitr2,Week 5,2,pick1,7769,4,38,10.53,0
2023,2023mitr2,Week 5,2,pick2,5525,27,38,71.05,0
2023,2023mitr2,Week 5,3,captain,217,5,38,13.16,0
2023,2023mitr2,Week 5,3,pick1,469,8,38,21.05,0
2023,2023mitr2,Week 5,3,pick2,7192,29,38,76.32,0
2023,2023mitr2,Week 5,4,captain,1684,6,38,15.79,0
2023,2023mitr2,Week 5,4,pick1,7211,7,38,18.42,0
2023,2023mitr2,Week 5,4,pick2,5612,20,38,52.63,0
2023,2023mitr2,Week 5,5,captain,5660,9,38,23.68,0
2023,2023mitr2,Week 5,5,pick1,3534,11,38,28.95,0
2023,2023mitr2,Week 5,5,pick2,5053,23,38,60.53,0
2023,2023mitr2,Week 5,6,captain,6548,10,38,26.32,0
2023,2023mitr2,Week 5,6,pick1,1188,12,38,31.58,0
2023,2023mitr2,Week 5,6,pick2,4384,33,38,86.84,0
2023,2023mitr2,Week 5,7,captain,5530,13,38,34.21,0
2023,2023mitr2,Week 5,7,pick1,910,17,38,44.74,0
2023,2023mitr2,Week 5,7,pick2,9237,25,38,65.79,0
2023,2023mitr2,Week 5,8,captain,4851,14,38,36.84,0
2023,2023mitr2,Week 5,8,pick1,6566,15,38,39.47,0
2023,2023mitr2,Week 5,8,pick2,2851,18,38,47.37,0
2023,2023onwin,Week 5,1,captain,4678,1,28,3.57,1
2023,2023onwin,Week 5,1,pick1,4907,2,28,7.14,1
2023,2023onwin,Week 5,1,pick2,5596,26,28,92.86,1
2023,2023onwin,Week 5,2,captain,4903,3,28,10.71,0
2023,2023onwin,Week 5,2,pick1,4946,5,28,17.86,0
2023,2023onwin,Week 5,2,pick2,3560,25,28,89.29,0
2023,2023onwin,Week 5,2,backup,6725,28,28,100.0,0
2023,2023onwin,Week 5,3,captain,8081,4,28,14.29,0
2023,2023onwin,Week 5,3,pick1,4920,6,28,21.43,0
2023,2023onwin,Week 5,3,pick2,4951,27,28,96.43,0
2023,2023onwin,Week 5,4,captain,5024,7,28,25.0,0
2023,2023onwin,Week 5,4,pick1,4688,10,28,35.71,0
2023,2023onwin,Week 5,4,pick2,5885,18,28,64.29,0
2023,2023onwin,Week 5,5,captain,772,8,28,28.57,0
2023,2023onwin,Week 5,5,pick1,6110,12,28,42.86,0
2023,2023onwin,Week 5,5,pick2,6070,22,28,78.57,0
2023,2023onwin,Week 5,6,captain,7136,9,28,32.14,0
2023,2023onwin,Week 5,6,pick1,6875,11,28,39.29,0
2023,2023onwin,Week 5,6,pick2,4940,19,28,67.86,0
2023,2023onwin,Week 5,7,captain,2852,13,28,46.43,0
2023,2023onwin,Week 5,7,pick1,2634,14,28,50.0,0
2023,2023onwin,Week 5,7,pick2,4308,21,28,75.0,0
2023,2023onwin,Week 5,8,captain,8789,15,28,53.57,0
2023,2023onwin,Week 5,8,pick1,4617,16,28,57.14,0
2023,2023onwin,Week 5,8,pick2,5912,17,28,60.71,0
2023,2023txama,Week 5,1,captain,3310,1,39,2.56,0
2023,2023txama,Week 5,1,pick1,148,2,39,5.13,0
2023,2023txama,Week 5,1,pick2,6768,18,39,46.15,0
2023,2023txama,Week 5,1,backup,9136,20,39,51.28,0
2023,2023txama,Week 5,2,captain,1745,3,39,7.69,1
2023,2023txama,Week 5,2,pick1,4206,4,39,10.26,1
2023,2023txama,Week 5,2,pick2,3676,33,39,84.62,1
2023,2023txama,Week 5,3,captain,5411,5,39,12.82,0
2023,2023txama,Week 5,3,pick1,5417,12,39,30.77,0
2023,2023txama,Week 5,3,pick2,5613,16,39,41.03,0
2023,2023txama,Week 5,4,captain,6369,6,39,15.38,0
2023,2023txama,Week 5,4,pick1,2848,8,39,20.51,0
2023,2023txama,Week 5,4,pick2,5866,26,39,66.67,0
2023,2023txama,Week 5,5,captain,4153,7,39,17.95,0
2023,2023txama,Week 5,5,pick1,4063,15,39,38.46,0
2023,2023txama,Week 5,5,pick2,8874,14,39,35.9,0
2023,2023txama,Week 5,6,captain,9105,9,39,23.08,0
2023,2023txama,Week 5,6,pick1,5212,19,39,48.72,0
2023,2023txama,Week 5,6,pick2,4734,21,39,53.85,0
2023,2023txama,Week 5,7,captain,6171,10,39,25.64,0
2023,2023txama,Week 5,7,pick1,7492,25,39,64.1,0
2023,2023txama,Week 5,7,pick2,3481,17,39,43.59,0
2023,2023txama,Week 5,8,captain,1164,11,39,28.21,0
2023,2023txama,Week 5,8,pick1,4364,31,39,79.49,0
2023,2023txama,Week 5,8,pick2,8528,13,39,33.33,0
2023,2023tuhc,Week 5,1,captain,7285,1,50,2.0,1
2023,2023tuhc,Week 5,1,pick1,6838,4,50,8.0,1
2023,2023tuhc,Week 5,1,pick2,8220,35,50,70.0,1
2023,2023tuhc,Week 5,2,captain,6429,2,50,4.0,0
2023,2023tuhc,Week 5,2,pick1,7536,3,50,6.0,0
2023,2023tuhc,Week 5,2,pick2,8762,33,50,66.0,0
2023,2023tuhc,Week 5,2,backup,7682,21,50,42.0,0
2023,2023tuhc,Week 5,3,captain,5665,5,50,10.0,0
2023,2023tuhc,Week 5,3,pick1,6948,12,50,24.0,0
2023,2023tuhc,Week 5,3,pick2,8557,27,50,54.0,0
2023,2023tuhc,Week 5,3,backup,9221,20,50,40.0,0
2023,2023tuhc,Week 5,4,captain,5883,6,50,12.0,0
2023,2023tuhc,Week 5,4,pick1,8042,7,50,14.0,0
2023,2023tuhc,Week 5,4,pick2,8166,15,50,30.0,0
2023,2023tuhc,Week 5,5,captain,8054,8,50,16.0,0
2023,2023tuhc,Week 5,5,pick1,6988,23,50,46.0,0
2023,2023tuhc,Week 5,5,pick2,7298,43,50,86.0,0
2023,2023tuhc,Week 5,6,captain,7086,9,50,18.0,0
2023,2023tuhc,Week 5,6,pick1,4972,30,50,60.0,0
2023,2023tuhc,Week 5,6,pick2,7575,48,50,96.0,0
2023,2023tuhc,Week 5,6,backup,8828,16,50,32.0,0
2023,2023tuhc,Week 5,7,captain,8079,10,50,20.0,0
2023,2023tuhc,Week 5,7,pick1,7576,13,50,26.0,0
2023,2023tuhc,Week 5,7,pick2,8058,22,50,44.0,0
2023,2023tuhc,Week 5,7,backup,9021,18,50,36.0,0
2023,2023tuhc,Week 5,8,captain,8561,11,50,22.0,0
2023,2023tuhc,Week 5,8,pick1,9247,26,50,52.0,0
2023,2023tuhc,Week 5,8,pick2,8151,17,50,34.0,0
2023,2023cthar,Week 5,1,captain,230,1,40,2.5,1
2023,2023cthar,Week 5,1,pick1,195,2,40,5.0,1
2023,2023cthar,Week 5,1,pick2,7694,21,40,52.5,1
2023,2023cthar,Week 5,2,captain,999,3,40,7.5,0
2023,2023cthar,Week 5,2,pick1,7407,13,40,32.5,0
2023,2023cthar,Week 5,2,pick2,1991,33,40,82.5,0
2023,2023cthar,Week 5,3,captain,8085,4,40,10.0,0
2023,2023cthar,Week 5,3,pick1,95,5,40,12.5,0
2023,2023cthar,Week 5,3,pick2,3182,24,40,60.0,0
2023,2023cthar,Week 5,4,captain,1058,6,40,15.0,0
2023,2023cthar,Week 5,4,pick1,2170,7,40,17.5,0
2023,2023cthar,Week 5,4,pick2,558,25,40,62.5,0
2023,2023cthar,Week 5,5,captain,1699,8,40,20.0,0
2023,2023cthar,Week 5,5,pick1,8889,14,40,35.0,0
2023,2023cthar,Week 5,5,pick2,571,20,40,50.0,0
2023,2023cthar,Week 5,6,captain,155,9,40,22.5,0
2023,2023cthar,Week 5,6,pick1,3464,10,40,25.0,0
2023,2023cthar,Week 5,6,pick2,178,22,40,55.0,0
2023,2023cthar,Week 5,7,captain,1071,11,40,27.5,0
2023,2023cthar,Week 5,7,pick1,5746,12,40,30.0,0
2023,2023cthar,Week 5,7,pick2,236,18,40,45.0,0
2023,2023cthar,Week 5,8,captain,6346,15,40,37.5,0
2023,2023cthar,Week 5,8,pick1,8167,17,40,42.5,0
2023,2023cthar,Week 5,8,pick2,3146,23,40,57.5,0
2023,2023mawor,Week 5,1,captain,1768,1,40,2.5,0
2023,2023mawor,Week 5,1,pick1,6328,3,40,7.5,0
2023,2023mawor,Week 5,1,pick2,126,26,40,65.0,0
2023,2023mawor,Week 5,2,captain,1757,2,40,5.0,1
2023,2023mawor,Week 5,2,pick1,2370,5,40,12.5,1
2023,2023mawor,Week 5,2,pick2,6763,22,40,55.0,1
2023,2023mawor,Week 5,3,captain,1100,4,40,10.0,0
2023,2023mawor,Week 5,3,pick1,166,6,40,15.0,0
2023,2023mawor,Week 5,3,pick2,173,27,40,67.5,0
2023,2023mawor,Week 5,4,captain,9101,7,40,17.5,0
2023,2023mawor,Week 5,4,pick1,8567,17,40,42.5,0
2023,2023mawor,Week 5,4,pick2,8544,25,40,62.5,0
2023,2023mawor,Week 5,5,captain,3205,8,40,20.0,0
2023,2023mawor,Week 5,5,pick1,4905,12,40,30.0,0
2023,2023mawor,Week 5,5,pick2,348,19,40,47.5,0
2023,2023mawor,Week 5,6,captain,716,9,40,22.5,0
2023,2023mawor,Week 5,6,pick1,7153,14,40,35.0,0
2023,2023mawor,Week 5,6,pick2,190,36,40,90.0,0
2023,2023mawor,Week 5,7,captain,6324,10,40,25.0,0
2023,2023mawor,Week 5,7,pick1,1735,15,40,37.5,0
2023,2023mawor,Week 5,7,pick2,2423,21,40,52.5,0
2023,2023mawor,Week 5,8,captain,1277,11,40,27.5,0
2023,2023mawor,Week 5,8,pick1,157,20,40,50.0,0
2023,2023mawor,Week 5,8,pick2,4048,16,40,40.0,0
2023,2023nccmp,Week 5,1,captain,7890,1,40,2.5,1
2023,2023nccmp,Week 5,1,pick1,587,19,40,47.5,1
2023,2023nccmp,Week 5,1,pick2,3229,21,40,52.5,1
2023,2023nccmp,Week 5,2,captain,3506,2,40,5.0,0
2023,2023nccmp,Week 5,2,pick1,4795,7,40,17.5,0
2023,2023nccmp,Week 5,2,pick2,6004,28,40,70.0,0
2023,2023nccmp,Week 5,3,captain,4561,3,40,7.5,0
2023,2023nccmp,Week 5,3,pick1,5727,8,40,20.0,0
2023,2023nccmp,Week 5,3,pick2,6894,15,40,37.5,0
2023,2023nccmp,Week 5,4,captain,2642,4,40,10.0,0
2023,2023nccmp,Week 5,4,pick1,1533,20,40,50.0,0
2023,2023nccmp,Week 5,4,pick2,5160,25,40,62.5,0
2023,2023nccmp,Week 5,4,backup,4935,17,40,42.5,0
2023,2023nccmp,Week 5,5,captain,900,5,40,12.5,0
2023,2023nccmp,Week 5,5,pick1,2059,13,40,32.5,0
2023,2023nccmp,Week 5,5,pick2,5518,32,40,80.0,0
2023,2023nccmp,Week 5,6,captain,5607,6,40,15.0,0
2023,2023nccmp,Week 5,6,pick1,8738,14,40,35.0,0
2023,2023nccmp,Week 5,6,pick2,4829,24,40,60.0,0
2023,2023nccmp,Week 5,7,captain,5190,9,40,22.5,0
2023,2023nccmp,Week 5,7,pick1,8429,16,40,40.0,0
2023,2023nccmp,Week 5,7,pick2,9000,35,40,87.5,0
2023,2023nccmp,Week 5,8,captain,6502,10,40,25.0,0
2023,2023nccmp,Week 5,8,pick1,4290,11,40,27.5,0
2023,2023nccmp,Week 5,8,pick2,8727,12,40,30.0,0
2023,2023njski,Week 5,1,captain,1923,1,35,2.86,1
2023,2023njski,Week 5,1,pick1,1403,3,35,8.57,1
2023,2023njski,Week 5,1,pick2,8714,21,35,60.0,1
2023,2023njski,Week 5,2,captain,25,2,35,5.71,0
2023,2023njski,Week 5,2,pick1,2495,4,35,11.43,0
2023,2023njski,Week 5,2,pick2,1257,33,35,94.29,0
2023,2023njski,Week 5,3,captain,1089,5,35,14.29,0
2023,2023njski,Week 5,3,pick1,6897,16,35,45.71,0
2023,2023njski,Week 5,3,pick2,4750,29,35,82.86,0
2023,2023njski,Week 5,4,captain,293,6,35,17.14,0
2023,2023njski,Week 5,4,pick1,75,10,35,28.57,0
2023,2023njski,Week 5,4,pick2,2577,26,35,74.29,0
2023,2023njski,Week 5,5,captain,1279,7,35,20.0,0
2023,2023njski,Week 5,5,pick1,4361,9,35,25.71,0
2023,2023njski,Week 5,5,pick2,1626,22,35,62.86,0
2023,2023njski,Week 5,6,captain,204,8,35,22.86,0
2023,2023njski,Week 5,6,pick1,3637,14,35,40.0,0
2023,2023njski,Week 5,6,pick2,5992,15,35,42.86,0
2023,2023njski,Week 5,7,captain,2070,11,35,31.43,0
2023,2023njski,Week 5,7,pick1,7587,17,35,48.57,0
2023,2023njski,Week 5,7,pick2,8513,18,35,51.43,0
2023,2023njski,Week 5,8,captain,3340,12,35,34.29,0
2023,2023njski,Week 5,8,pick1,1672,27,35,77.14,0
2023,2023njski,Week 5,8,pick2,5438,13,35,37.14,0
2023,2023onham,Week 5,1,captain,2056,1,36,2.78,1
2023,2023onham,Week 5,1,pick1,1325,2,36,5.56,1
2023,2023onham,Week 5,1,pick2,4992,21,36,58.33,1
2023,2023onham,Week 5,2,captain,2609,3,36,8.33,0
2023,2023onham,Week 5,2,pick1,1241,5,36,13.89,0
2023,2023onham,Week 5,2,pick2,6854,31,36,86.11,0
2023,2023onham,Week 5,3,captain,5406,4,36,11.11,0
2023,2023onham,Week 5,3,pick1,2200,7,36,19.44,0
2023,2023onham,Week 5,3,pick2,7722,34,36,94.44,0
2023,2023onham,Week 5,4,captain,8884,6,36,16.67,0
2023,2023onham,Week 5,4,pick1,1310,8,36,22.22,0
2023,2023onham,Week 5,4,pick2,6140,24,36,66.67,0
2023,2023onham,Week 5,5,captain,7058,9,36,25.0,0
2023,2023onham,Week 5,5,pick1,6978,10,36,27.78,0
2023,2023onham,Week 5,5,pick2,8765,23,36,63.89,0
2023,2023onham,Week 5,6,captain,4343,11,36,30.56,0
2023,2023onham,Week 5,6,pick1,2386,19,36,52.78,0
2023,2023onham,Week 5,6,pick2,188,35,36,97.22,0
2023,2023onham,Week 5,7,captain,7509,12,36,33.33,0
2023,2023onham,Week 5,7,pick1,6378,13,36,36.11,0
2023,2023onham,Week 5,7,pick2,7200,17,36,47.22,0
2023,2023onham,Week 5,8,captain,1374,14,36,38.89,0
2023,2023onham,Week 5,8,pick1,1360,15,36,41.67,0
2023,2023onham,Week 5,8,pick2,7022,16,36,44.44,0
2023,2023paben,Week 5,1,captain,272,1,29,3.45,1
2023,2023paben,Week 5,1,pick1,1391,6,29,20.69,1
2023,2023paben,Week 5,1,pick2,5624,15,29,51.72,1
2023,2023paben,Week 5,2,captain,3314,2,29,6.9,0
2023,2023paben,Week 5,2,pick1,316,3,29,10.34,0
2023,2023paben,Week 5,2,pick2,5490,29,29,100.0,0
2023,2023paben,Week 5,3,captain,4373,4,29,13.79,0
2023,2023paben,Week 5,3,pick1,2607,5,29,17.24,0
2023,2023paben,Week 5,3,pick2,9100,26,29,89.66,0
2023,2023paben,Week 5,4,captain,484,7,29,24.14,0
2023,2023paben,Week 5,4,pick1,321,9,29,31.03,0
2023,2023paben,Week 5,4,pick2,9014,22,29,75.86,0
2023,2023paben,Week 5,5,captain,7414,8,29,27.59,0
2023,2023paben,Week 5,5,pick1,5401,11,29,37.93,0
2023,2023paben,Week 5,5,pick2,2458,25,29,86.21,0
2023,2023paben,Week 5,5,backup,8630,19,29,65.52,0
2023,2023paben,Week 5,6,captain,5666,10,29,34.48,0
2023,2023paben,Week 5,6,pick1,6921,18,29,62.07,0
2023,2023paben,Week 5,6,pick2,4575,21,29,72.41,0
2023,2023paben,Week 5,7,captain,486,12,29,41.38,0
2023,2023paben,Week 5,7,pick1,1647,17,29,58.62,0
2023,2023paben,Week 5,7,pick2,4285,14,29,48.28,0
2023,2023paben,Week 5,8,captain,9094,13,29,44.83,0
2023,2023paben,Week 5,8,pick1,2016,24,29,82.76,0
2023,2023paben,Week 5,8,pick2,9027,16,29,55.17,0
2023,2023txcle,Week 5,1,captain,118,1,34,2.94,0
2023,2023txcle,Week 5,1,pick1,324,2,34,5.88,0
2023,2023txcle,Week 5,1,pick2,2966,28,34,82.35,0
2023,2023txcle,Week 5,1,backup,2969,16,34,47.06,0
2023,2023txcle,Week 5,2,captain,6357,3,34,8.82,1
2023,2023txcle,Week 5,2,pick1,231,6,34,17.65,1
2023,2023txcle,Week 5,2,pick2,8144,32,34,94.12,1
2023,2023txcle,Week 5,3,captain,8879,4,34,11.76,0
2023,2023txcle,Week 5,3,pick1,4639,9,34,26.47,0
2023,2023txcle,Week 5,3,pick2,5682,29,34,85.29,0
2023,2023txcle,Week 5,4,captain,4219,5,34,14.71,0
2023,2023txcle,Week 5,4,pick1,5923,7,34,20.59,0
2023,2023txcle,Week 5,4,pick2,9051,20,34,58.82,0
2023,2023txcle,Week 5,5,captain,7691,8,34,23.53,0
2023,2023txcle,Week 5,5,pick1,5427,25,34,73.53,0
2023,2023txcle,Week 5,5,pick2,3834,18,34,52.94,0
2023,2023txcle,Week 5,6,captain,5261,10,34,29.41,0
2023,2023txcle,Week 5,6,pick1,7616,13,34,38.24,0
2023,2023txcle,Week 5,6,pick2,7312,17,34,50.0,0
2023,2023txcle,Week 5,7,captain,418,11,34,32.35,0
2023,2023txcle,Week 5,7,pick1,4587,14,34,41.18,0
2023,2023txcle,Week 5,7,pick2,8598,31,34,91.18,0
2023,2023txcle,Week 5,8,captain,9181,12,34,35.29,0
2023,2023txcle,Week 5,8,pick1,2882,15,34,44.12,0
2023,2023txcle,Week 5,8,pick2,3735,26,34,76.47,0
2023,2023waahs,Week 5,1,captain,2046,1,31,3.23,1
2023,2023waahs,Week 5,1,pick1,3663,3,31,9.68,1
2023,2023waahs,Week 5,1,pick2,5683,22,31,70.97,1
2023,2023waahs,Week 5,2,captain,1318,2,31,6.45,0
2023,2023waahs,Week 5,2,pick1,7627,5,31,16.13,0
2023,2023waahs,Week 5,2,pick2,3786,19,31,61.29,0
2023,2023waahs,Week 5,2,backup,8302,23,31,74.19,0
2023,2023waahs,Week 5,3,captain,4469,4,31,12.9,0
2023,2023waahs,Week 5,3,pick1,4915,6,31,19.35,0
2023,2023waahs,Week 5,3,pick2,8032,21,31,67.74,0
2023,2023waahs,Week 5,4,captain,3070,7,31,22.58,0
2023,2023waahs,Week 5,4,pick1,4131,11,31,35.48,0
2023,2023waahs,Week 5,4,pick2,5295,25,31,80.65,0
2023,2023waahs,Week 5,5,captain,2557,8,31,25.81,0
2023,2023waahs,Week 5,5,pick1,2980,9,31,29.03,0
2023,2023waahs,Week 5,5,pick2,3393,29,31,93.55,0
2023,2023waahs,Week 5,6,captain,4918,10,31,32.26,0
2023,2023waahs,Week 5,6,pick1,5827,27,31,87.1,0
2023,2023waahs,Week 5,6,pick2,3588,17,31,54.84,0
2023,2023waahs,Week 5,7,captain,3219,12,31,38.71,0
2023,2023waahs,Week 5,7,pick1,2907,13,31,41.94,0
2023,2023waahs,Week 5,7,pick2,8051,20,31,64.52,0
2023,2023waahs,Week 5,8,captain,6076,14,31,45.16,0
2023,2023waahs,Week 5,8,pick1,3268,15,31,48.39,0
2023,2023waahs,Week 5,8,pick2,8303,16,31,51.61,0
2023,2023chcmp,Week 6,1,captain,1727,1,60,1.67,0
2023,2023chcmp,Week 6,1,pick1,8592,8,60,13.33,0
2023,2023chcmp,Week 6,1,pick2,2106,20,60,33.33,0
2023,2023chcmp,Week 6,2,captain,2363,2,60,3.33,1
2023,2023chcmp,Week 6,2,pick1,1731,5,60,8.33,1
2023,2023chcmp,Week 6,2,pick2,2199,24,60,40.0,1
2023,2023chcmp,Week 6,3,captain,6802,3,60,5.0,0
2023,2023chcmp,Week 6,3,pick1,422,11,60,18.33,0
2023,2023chcmp,Week 6,3,pick2,1111,15,60,25.0,0
2023,2023chcmp,Week 6,4,captain,5804,4,60,6.67,0
2023,2023chcmp,Week 6,4,pick1,836,31,60,51.67,0
2023,2023chcmp,Week 6,4,pick2,5724,18,60,30.0,0
2023,2023chcmp,Week 6,5,captain,401,6,60,10.0,0
2023,2023chcmp,Week 6,5,pick1,4099,23,60,38.33,0
2023,2023chcmp,Week 6,5,pick2,614,26,60,43.33,0
2023,2023chcmp,Week 6,5,backup,1610,14,60,23.33,0
2023,2023chcmp,Week 6,6,captain,1123,7,60,11.67,0
2023,2023chcmp,Week 6,6,pick1,1599,10,60,16.67,0
2023,2023chcmp,Week 6,6,pick2,1418,13,60,21.67,0
2023,2023chcmp,Week 6,7,captain,384,9,60,15.0,0
2023,2023chcmp,Week 6,7,pick1,449,16,60,26.67,0
2023,2023chcmp,Week 6,7,pick2,346,34,60,56.67,0
2023,2023chcmp,Week 6,8,captain,1629,12,60,20.0,0
2023,2023chcmp,Week 6,8,pick1,4472,19,60,31.67,0
2023,2023chcmp,Week 6,8,pick2,623,22,60,36.67,0
2023,2023gacmp,Week 6,1,captain,1771,1,50,2.0,0
2023,2023gacmp,Week 6,1,pick1,2974,2,50,4.0,0
2023,2023gacmp,Week 6,1,pick2,5109,32,50,64.0,0
2023,2023gacmp,Week 6,2,captain,4189,3,50,6.0,0
2023,2023gacmp,Week 6,2,pick1,4451,10,50,20.0,0
2023,2023gacmp,Week 6,2,pick2,4533,24,50,48.0,0
2023,2023gacmp,Week 6,3,captain,6919,4,50,8.0,0
2023,2023gacmp,Week 6,3,pick1,1414,12,50,24.0,0
2023,2023gacmp,Week 6,3,pick2,4112,14,50,28.0,0
2023,2023gacmp,Week 6,4,captain,9293,5,50,10.0,0
2023,2023gacmp,Week 6,4,pick1,6829,15,50,30.0,0
2023,2023gacmp,Week 6,4,pick2,6341,23,50,46.0,0
2023,2023gacmp,Week 6,5,captain,343,6,50,12.0,0
2023,2023gacmp,Week 6,5,pick1,1102,34,50,68.0,0
2023,2023gacmp,Week 6,5,pick2,342,29,50,58.0,0
2023,2023gacmp,Week 6,6,captain,281,7,50,14.0,1
2023,2023gacmp,Week 6,6,pick1,1746,25,50,50.0,1
2023,2023gacmp,Week 6,6,pick2,8736,16,50,32.0,1
2023,2023gacmp,Week 6,7,captain,1683,8,50,16.0,0
2023,2023gacmp,Week 6,7,pick1,1261,13,50,26.0,0
2023,2023gacmp,Week 6,7,pick2,3489,33,50,66.0,0
2023,2023gacmp,Week 6,8,captain,4509,9,50,18.0,0
2023,2023gacmp,Week 6,8,pick1,4188,26,50,52.0,0
2023,2023gacmp,Week 6,8,pick2,6340,37,50,74.0,0
2023,2023mrcmp,Week 6,1,captain,103,1,60,1.67,0
2023,2023mrcmp,Week 6,1,pick1,341,4,60,6.67,0
2023,2023mrcmp,Week 6,1,pick2,2720,30,60,50.0,0
2023,2023mrcmp,Week 6,1,backup,1812,17,60,28.33,0
2023,2023mrcmp,Week 6,2,captain,3314,2,60,3.33,1
2023,2023mrcmp,Week 6,2,pick1,5895,10,60,16.67,1
2023,2023mrcmp,Week 6,2,pick2,3142,22,60,36.67,1
2023,2023mrcmp,Week 6,3,captain,2539,3,60,5.0,0
2023,2023mrcmp,Week 6,3,pick1,1923,19,60,31.67,0
2023,2023mrcmp,Week 6,3,pick2,484,24,60,40.0,0
2023,2023mrcmp,Week 6,4,captain,834,5,60,8.33,0
2023,2023mrcmp,Week 6,4,pick1,1807,16,60,26.67,0
2023,2023mrcmp,Week 6,4,pick2,708,33,60,55.0,0
2023,2023mrcmp,Week 6,5,captain,2590,6,60,10.0,0
2023,2023mrcmp,Week 6,5,pick1,316,12,60,20.0,0
2023,2023mrcmp,Week 6,5,pick2,222,15,60,25.0,0
2023,2023mrcmp,Week 6,6,captain,1391,7,60,11.67,0
2023,2023mrcmp,Week 6,6,pick1,25,8,60,13.33,0
2023,2023mrcmp,Week 6,6,pick2,4373,23,60,38.33,0
2023,2023mrcmp,Week 6,7,captain,4342,9,60,15.0,0
2023,2023mrcmp,Week 6,7,pick1,1218,13,60,21.67,0
2023,2023mrcmp,Week 6,7,pick2,1640,41,60,68.33,0
2023,2023mrcmp,Week 6,8,captain,1403,11,60,18.33,0
2023,2023mrcmp,Week 6,8,pick1,1676,25,60,41.67,0
2023,2023mrcmp,Week 6,8,pick2,11,14,60,23.33,0
2023,2023necmp1,Week 6,1,captain,5687,1,45,2.22,0
2023,2023necmp1,Week 6,1,pick1,6329,17,45,37.78,0
2023,2023necmp1,Week 6,1,pick2,9101,38,45,84.44,0
2023,2023necmp1,Week 6,2,captain,133,2,45,4.44,1
2023,2023necmp1,Week 6,2,pick1,7407,6,45,13.33,1
2023,2023necmp1,Week 6,2,pick2,238,11,45,24.44,1
2023,2023necmp1,Week 6,3,captain,125,3,45,6.67,0
2023,2023necmp1,Week 6,3,pick1,319,9,45,20.0,0
2023,2023necmp1,Week 6,3,pick2,6763,29,45,64.44,0
2023,2023necmp1,Week 6,4,captain,195,4,45,8.89,0
2023,2023necmp1,Week 6,4,pick1,8085,26,45,57.78,0
2023,2023necmp1,Week 6,4,pick2,4564,15,45,33.33,0
2023,2023necmp1,Week 6,5,captain,1100,5,45,11.11,0
2023,2023necmp1,Week 6,5,pick1,2370,24,45,53.33,0
2023,2023necmp1,Week 6,5,pick2,8013,27,45,60.0,0
2023,2023necmp1,Week 6,6,captain,3205,7,45,15.56,0
2023,2023necmp1,Week 6,6,pick1,6324,12,45,26.67,0
2023,2023necmp1,Week 6,6,pick2,5813,19,45,42.22,0
2023,2023necmp1,Week 6,7,captain,7153,8,45,17.78,0
2023,2023necmp1,Week 6,7,pick1,4905,22,45,48.89,0
2023,2023necmp1,Week 6,7,pick2,172,32,45,71.11,0
2023,2023necmp1,Week 6,8,captain,8724,10,45,22.22,0
2023,2023necmp1,Week 6,8,pick1,2877,18,45,40.0,0
2023,2023necmp1,Week 6,8,pick2,78,16,45,35.56,0
2023,2023necmp2,Week 6,1,captain,1757,1,45,2.22,1
2023,2023necmp2,Week 6,1,pick1,176,10,45,22.22,1
2023,2023necmp2,Week 6,1,pick2,1699,22,45,48.89,1
2023,2023necmp2,Week 6,2,captain,177,2,45,4.44,0
2023,2023necmp2,Week 6,2,pick1,6328,9,45,20.0,0
2023,2023necmp2,Week 6,2,pick2,467,15,45,33.33,0
2023,2023necmp2,Week 6,3,captain,8046,3,45,6.67,0
2023,2023necmp2,Week 6,3,pick1,88,26,45,57.78,0
2023,2023necmp2,Week 6,3,pick2,1058,38,45,84.44,0
2023,2023necmp2,Week 6,4,captain,3467,4,45,8.89,0
2023,2023necmp2,Week 6,4,pick1,1768,17,45,37.78,0
2023,2023necmp2,Week 6,4,pick2,166,30,45,66.67,0
2023,2023necmp2,Week 6,5,captain,230,5,45,11.11,0
2023,2023necmp2,Week 6,5,pick1,95,23,45,51.11,0
2023,2023necmp2,Week 6,5,pick2,2067,29,45,64.44,0
2023,2023necmp2,Week 6,6,captain,4909,6,45,13.33,0
2023,2023necmp2,Week 6,6,pick1,2713,16,45,35.56,0
2023,2023necmp2,Week 6,6,pick2,131,41,45,91.11,0
2023,2023necmp2,Week 6,7,captain,1922,7,45,15.56,0
2023,2023necmp2,Week 6,7,pick1,1073,18,45,40.0,0
2023,2023necmp2,Week 6,7,pick2,1740,11,45,24.44,0
2023,2023necmp2,Week 6,8,captain,4048,8,45,17.78,0
2023,2023necmp2,Week 6,8,pick1,138,13,45,28.89,0
2023,2023necmp2,Week 6,8,pick2,1153,25,45,55.56,0
2023,2023nyny,Week 6,1,captain,694,1,50,2.0,1
2023,2023nyny,Week 6,1,pick1,1796,2,50,4.0,1
2023,2023nyny,Week 6,1,pick2,8159,23,50,46.0,1
2023,2023nyny,Week 6,1,backup,5123,14,50,28.0,1
2023,2023nyny,Week 6,2,captain,353,3,50,6.0,0
2023,2023nyny,Week 6,2,pick1,2601,5,50,10.0,0
2023,2023nyny,Week 6,2,pick2,334,37,50,74.0,0
2023,2023nyny,Week 6,3,captain,333,4,50,8.0,0
2023,2023nyny,Week 6,3,pick1,3950,11,50,22.0,0
2023,2023nyny,Week 6,3,pick2,640,40,50,80.0,0
2023,2023nyny,Week 6,4,captain,369,6,50,12.0,0
2023,2023nyny,Week 6,4,pick1,3419,8,50,16.0,0
2023,2023nyny,Week 6,4,pick2,2265,36,50,72.0,0
2023,2023nyny,Week 6,5,captain,6911,7,50,14.0,0
2023,2023nyny,Week 6,5,pick1,354,18,50,36.0,0
2023,2023nyny,Week 6,5,pick2,7718,21,50,42.0,0
2023,2023nyny,Week 6,6,captain,2344,9,50,18.0,0
2023,2023nyny,Week 6,6,pick1,8739,30,50,60.0,0
2023,2023nyny,Week 6,6,pick2,1601,17,50,34.0,0
2023,2023nyny,Week 6,7,captain,3017,10,50,20.0,0
2023,2023nyny,Week 6,7,pick1,4571,15,50,30.0,0
2023,2023nyny,Week 6,7,pick2,5665,13,50,26.0,0
2023,2023nyny,Week 6,8,captain,8570,12,50,24.0,0
2023,2023nyny,Week 6,8,pick1,2869,35,50,70.0,0
2023,2023nyny,Week 6,8,pick2,6806,27,50,54.0,0
2023,2023oncmp1,Week 6,1,captain,4476,1,40,2.5,0
2023,2023oncmp1,Week 6,1,pick1,3683,5,40,12.5,0
2023,2023oncmp1,Week 6,1,pick2,1360,35,40,87.5,0
2023,2023oncmp1,Week 6,2,captain,2056,2,40,5.0,1
2023,2023oncmp1,Week 6,2,pick1,2200,9,40,22.5,1
2023,2023oncmp1,Week 6,2,pick2,4992,16,40,40.0,1
2023,2023oncmp1,Week 6,3,captain,4976,3,40,7.5,0
2023,2023oncmp1,Week 6,3,pick1,5406,7,40,17.5,0
2023,2023oncmp1,Week 6,3,pick2,8884,28,40,70.0,0
2023,2023oncmp1,Week 6,4,captain,7558,4,40,10.0,0
2023,2023oncmp1,Week 6,4,pick1,1241,6,40,15.0,0
2023,2023oncmp1,Week 6,4,pick2,5719,23,40,57.5,0
2023,2023oncmp1,Week 6,5,captain,6978,8,40,20.0,0
2023,2023oncmp1,Week 6,5,pick1,5409,11,40,27.5,0
2023,2023oncmp1,Week 6,5,pick2,1305,21,40,52.5,0
2023,2023oncmp1,Week 6,6,captain,781,10,40,25.0,0
2023,2023oncmp1,Week 6,6,pick1,7480,17,40,42.5,0
2023,2023oncmp1,Week 6,6,pick2,4152,18,40,45.0,0
2023,2023oncmp1,Week 6,7,captain,9098,12,40,30.0,0
2023,2023oncmp1,Week 6,7,pick1,3161,30,40,75.0,0
2023,2023oncmp1,Week 6,7,pick2,2702,20,40,50.0,0
2023,2023oncmp1,Week 6,8,captain,7712,13,40,32.5,0
2023,2023oncmp1,Week 6,8,pick1,2634,14,40,35.0,0
2023,2023oncmp1,Week 6,8,pick2,8081,19,40,47.5,0
2023,2023oncmp2,Week 6,1,captain,4946,1,40,2.5,1
2023,2023oncmp2,Week 6,1,pick1,4678,3,40,7.5,1
2023,2023oncmp2,Week 6,1,pick2,8729,25,40,62.5,1
2023,2023oncmp2,Week 6,2,captain,4069,2,40,5.0,0
2023,2023oncmp2,Week 6,2,pick1,4907,6,40,15.0,0
2023,2023oncmp2,Week 6,2,pick2,1334,20,40,50.0,0
2023,2023oncmp2,Week 6,3,captain,5024,4,40,10.0,0
2023,2023oncmp2,Week 6,3,pick1,1114,17,40,42.5,0
2023,2023oncmp2,Week 6,3,pick2,2708,29,40,72.5,0
2023,2023oncmp2,Week 6,4,captain,4039,5,40,12.5,0
2023,2023oncmp2,Week 6,4,pick1,2609,14,40,35.0,0
2023,2023oncmp2,Week 6,4,pick2,4917,23,40,57.5,0
2023,2023oncmp2,Week 6,5,captain,4688,7,40,17.5,0
2023,2023oncmp2,Week 6,5,pick1,4920,10,40,25.0,0
2023,2023oncmp2,Week 6,5,pick2,865,15,40,37.5,0
2023,2023oncmp2,Week 6,6,captain,1325,8,40,20.0,0
2023,2023oncmp2,Week 6,6,pick1,4903,9,40,22.5,0
2023,2023oncmp2,Week 6,6,pick2,3739,38,40,95.0,0
2023,2023oncmp2,Week 6,7,captain,1310,11,40,27.5,0
2023,2023oncmp2,Week 6,7,pick1,610,13,40,32.5,0
2023,2023oncmp2,Week 6,7,pick2,1285,36,40,90.0,0
2023,2023oncmp2,Week 6,8,captain,4343,12,40,30.0,0
2023,2023oncmp2,Week 6,8,pick1,2706,22,40,55.0,0
2023,2023oncmp2,Week 6,8,pick2,2013,21,40,52.5,0
2023,2023paca,Week 6,1,captain,930,1,48,2.08,1
2023,2023paca,Week 6,1,pick1,1591,2,48,4.17,1
2023,2023paca,Week 6,1,pick2,2656,39,48,81.25,1
2023,2023paca,Week 6,2,captain,1787,3,48,6.25,0
2023,2023paca,Week 6,2,pick1,59,10,48,20.83,0
2023,2023paca,Week 6,2,pick2,379,24,48,50.0,0
2023,2023paca,Week 6,3,captain,3171,4,48,8.33,0
2023,2023paca,Week 6,3,pick1,48,7,48,14.58,0
2023,2023paca,Week 6,3,pick2,2872,29,48,60.42,0
2023,2023paca,Week 6,4,captain,4145,5,48,10.42,0
2023,2023paca,Week 6,4,pick1,4467,18,48,37.5,0
2023,2023paca,Week 6,4,pick2,120,30,48,62.5,0
2023,2023paca,Week 6,5,captain,7165,6,48,12.5,0
2023,2023paca,Week 6,5,pick1,4085,11,48,22.92,0
2023,2023paca,Week 6,5,pick2,378,14,48,29.17,0
2023,2023paca,Week 6,6,captain,4991,8,48,16.67,0
2023,2023paca,Week 6,6,pick1,4027,28,48,58.33,0
2023,2023paca,Week 6,6,pick2,3181,16,48,33.33,0
2023,2023paca,Week 6,6,backup,2053,15,48,31.25,0
2023,2023paca,Week 6,7,captain,8393,9,48,18.75,0
2023,2023paca,Week 6,7,pick1,1781,17,48,35.42,0
2023,2023paca,Week 6,7,pick2,2638,21,48,43.75,0
2023,2023paca,Week 6,8,captain,1559,12,48,25.0,0
2023,2023paca,Week 6,8,pick1,3193,13,48,27.08,0
2023,2023paca,Week 6,8,pick2,1708,27,48,56.25,0
2023,2023alhu,Week 6,1,captain,3937,1,50,2.0,1
2023,2023alhu,Week 6,1,pick1,4499,5,50,10.0,1
2023,2023alhu,Week 6,1,pick2,7072,22,50,44.0,1
2023,2023alhu,Week 6,2,captain,1466,2,50,4.0,0
2023,2023alhu,Week 6,2,pick1,179,10,50,20.0,0
2023,2023alhu,Week 6,2,pick2,2556,39,50,78.0,0
2023,2023alhu,Week 6,3,captain,3630,3,50,6.0,0
2023,2023alhu,Week 6,3,pick1,2992,7,50,14.0,0
2023,2023alhu,Week 6,3,pick2,6517,30,50,60.0,0
2023,2023alhu,Week 6,4,captain,1038,4,50,8.0,0
2023,2023alhu,Week 6,4,pick1,8044,12,50,24.0,0
2023,2023alhu,Week 6,4,pick2,1747,21,50,42.0,0
2023,2023alhu,Week 6,4,backup,5276,15,50,30.0,0
2023,2023alhu,Week 6,5,captain,6823,6,50,12.0,0
2023,2023alhu,Week 6,5,pick1,5472,14,50,28.0,0
2023,2023alhu,Week 6,5,pick2,5410,31,50,62.0,0
2023,2023alhu,Week 6,6,captain,2438,8,50,16.0,0
2023,2023alhu,Week 6,6,pick1,7565,18,50,36.0,0
2023,2023alhu,Week 6,6,pick2,4576,24,50,48.0,0
2023,2023alhu,Week 6,7,captain,3959,9,50,18.0,0
2023,2023alhu,Week 6,7,pick1,3284,13,50,26.0,0
2023,2023alhu,Week 6,7,pick2,5002,28,50,56.0,0
2023,2023alhu,Week 6,8,captain,1622,11,50,22.0,0
2023,2023alhu,Week 6,8,pick1,233,45,50,90.0,0
2023,2023alhu,Week 6,8,pick2,3616,16,50,32.0,0
2023,2023oktu,Week 6,1,captain,5013,1,47,2.13,0
2023,2023oktu,Week 6,1,pick1,1339,4,47,8.51,0
2023,2023oktu,Week 6,1,pick2,2373,25,47,53.19,0
2023,2023oktu,Week 6,1,backup,4523,14,47,29.79,0
2023,2023oktu,Week 6,2,captain,1561,2,47,4.26,1
2023,2023oktu,Week 6,2,pick1,6424,3,47,6.38,1
2023,2023oktu,Week 6,2,pick2,2333,34,47,72.34,1
2023,2023oktu,Week 6,3,captain,4613,5,47,10.64,0
2023,2023oktu,Week 6,3,pick1,1986,15,47,31.91,0
2023,2023oktu,Week 6,3,pick2,2165,23,47,48.94,0
2023,2023oktu,Week 6,4,captain,5006,6,47,12.77,0
2023,2023oktu,Week 6,4,pick1,4646,17,47,36.17,0
2023,2023oktu,Week 6,4,pick2,3160,29,47,61.7,0
2023,2023oktu,Week 6,5,captain,2410,7,47,14.89,0
2023,2023oktu,Week 6,5,pick1,2357,22,47,46.81,0
2023,2023oktu,Week 6,5,pick2,2359,20,47,42.55,0
2023,2023oktu,Week 6,6,captain,2352,8,47,17.02,0
2023,2023oktu,Week 6,6,pick1,3931,13,47,27.66,0
2023,2023oktu,Week 6,6,pick2,6026,35,47,74.47,0
2023,2023oktu,Week 6,7,captain,2972,9,47,19.15,0
2023,2023oktu,Week 6,7,pick1,2083,16,47,34.04,0
2023,2023oktu,Week 6,7,pick2,1806,12,47,25.53,0
2023,2023oktu,Week 6,8,captain,4005,10,47,21.28,0
2023,2023oktu,Week 6,8,pick1,3465,37,47,78.72,0
2023,2023oktu,Week 6,8,pick2,3179,11,47,23.4,0
2023,2023txcmp1,Week 6,1,captain,6672,1,40,2.5,1
2023,2023txcmp1,Week 6,1,pick1,2468,4,40,10.0,1
2023,2023txcmp1,Week 6,1,pick2,3679,22,40,55.0,1
2023,2023txcmp1,Week 6,2,captain,1296,2,40,5.0,0
2023,2023txcmp1,Week 6,2,pick1,6377,14,40,35.0,0
2023,2023txcmp1,Week 6,2,pick2,5892,11,40,27.5,0
2023,2023txcmp1,Week 6,3,captain,6369,3,40,7.5,0
2023,2023txcmp1,Week 6,3,pick1,1477,18,40,45.0,0
2023,2023txcmp1,Week 6,3,pick2,9136,15,40,37.5,0
2023,2023txcmp1,Week 6,4,captain,8177,5,40,12.5,0
2023,2023txcmp1,Week 6,4,pick1,6800,24,40,60.0,0
2023,2023txcmp1,Week 6,4,pick2,2689,21,40,52.5,0
2023,2023txcmp1,Week 6,5,captain,5431,6,40,15.0,0
2023,2023txcmp1,Week 6,5,pick1,5414,27,40,67.5,0
2023,2023txcmp1,Week 6,5,pick2,9140,10,40,25.0,0
2023,2023txcmp1,Week 6,6,captain,9128,7,40,17.5,0
2023,2023txcmp1,Week 6,6,pick1,324,19,40,47.5,0
2023,2023txcmp1,Week 6,6,pick2,8019,12,40,30.0,0
2023,2023txcmp1,Week 6,6,backup,4219,20,40,50.0,0
2023,2023txcmp1,Week 6,7,captain,2848,8,40,20.0,0
2023,2023txcmp1,Week 6,7,pick1,3035,16,40,40.0,0
2023,2023txcmp1,Week 6,7,pick2,4063,29,40,72.5,0
2023,2023txcmp1,Week 6,8,captain,3847,9,40,22.5,0
2023,2023txcmp1,Week 6,8,pick1,5427,13,40,32.5,0
2023,2023txcmp1,Week 6,8,pick2,2582,17,40,42.5,0
2023,2023txcmp2,Week 6,1,captain,118,1,40,2.5,1
2023,2023txcmp2,Week 6,1,pick1,3005,12,40,30.0,1
2023,2023txcmp2,Week 6,1,pick2,8576,15,40,37.5,1
2023,2023txcmp2,Week 6,2,captain,624,2,40,5.0,0
2023,2023txcmp2,Week 6,2,pick1,148,11,40,27.5,0
2023,2023txcmp2,Week 6,2,pick2,4192,35,40,87.5,0
2023,2023txcmp2,Week 6,3,captain,2687,3,40,7.5,0
2023,2023txcmp2,Week 6,3,pick1,3310,7,40,17.5,0
2023,2023txcmp2,Week 6,3,pick2,8370,28,40,70.0,0
2023,2023txcmp2,Week 6,3,backup,9088,17,40,42.5,0
2023,2023txcmp2,Week 6,4,captain,4206,4,40,10.0,0
2023,2023txcmp2,Week 6,4,pick1,2714,9,40,22.5,0
2023,2023txcmp2,Week 6,4,pick2,8858,29,40,72.5,0
2023,2023txcmp2,Week 6,5,captain,9105,5,40,12.5,0
2023,2023txcmp2,Week 6,5,pick1,5411,10,40,25.0,0
2023,2023txcmp2,Week 6,5,pick2,5572,19,40,47.5,0
2023,2023txcmp2,Week 6,6,captain,1745,6,40,15.0,0
2023,2023txcmp2,Week 6,6,pick1,2881,24,40,60.0,0
2023,2023txcmp2,Week 6,6,pick2,8874,38,40,95.0,0
2023,2023txcmp2,Week 6,7,captain,2158,8,40,20.0,0
2023,2023txcmp2,Week 6,7,pick1,6357,13,40,32.5,0
2023,2023txcmp2,Week 6,7,pick2,7616,16,40,40.0,0
2023,2023txcmp2,Week 6,8,captain,5417,14,40,35.0,0
2023,2023txcmp2,Week 6,8,pick1,231,26,40,65.0,0
2023,2023txcmp2,Week 6,8,pick2,8749,21,40,52.5,0
2023,2023casj,Week 6,1,captain,254,1,59,1.69,1
2023,2023casj,Week 6,1,pick1,1678,2,59,3.39,1
2023,2023casj,Week 6,1,pick2,100,31,59,52.54,1
2023,2023casj,Week 6,1,backup,2489,19,59,32.2,1
2023,2023casj,Week 6,2,captain,4255,3,59,5.08,0
2023,2023casj,Week 6,2,pick1,581,5,59,8.47,0
2023,2023casj,Week 6,2,pick2,2854,44,59,74.58,0
2023,2023casj,Week 6,3,captain,604,4,59,6.78,0
2023,2023casj,Week 6,3,pick1,972,9,59,15.25,0
2023,2023casj,Week 6,3,pick2,5171,15,59,25.42,0
2023,2023casj,Week 6,4,captain,5507,6,59,10.17,0
2023,2023casj,Week 6,4,pick1,1351,8,59,13.56,0
2023,2023casj,Week 6,4,pick2,1967,43,59,72.88,0
2023,2023casj,Week 6,4,backup,8840,17,59,28.81,0
2023,2023casj,Week 6,5,captain,5458,7,59,11.86,0
2023,2023casj,Week 6,5,pick1,599,14,59,23.73,0
2023,2023casj,Week 6,5,pick2,9143,13,59,22.03,0
2023,2023casj,Week 6,5,backup,751,16,59,27.12,0
2023,2023casj,Week 6,6,captain,1868,10,59,16.95,0
2023,2023casj,Week 6,6,pick1,649,26,59,44.07,0
2023,2023casj,Week 6,6,pick2,6390,32,59,54.24,0
2023,2023casj,Week 6,7,captain,1160,11,59,18.64,0
2023,2023casj,Week 6,7,pick1,846,18,59,30.51,0
2023,2023casj,Week 6,7,pick2,766,28,59,47.46,0
2023,2023casj,Week 6,8,captain,2473,12,59,20.34,0
2023,2023casj,Week 6,8,pick1,3669,37,59,62.71,0
2023,2023casj,Week 6,8,pick2,4010,40,59,67.8,0
2023,2023pncmp,Week 6,1,captain,2910,1,50,2.0,1
2023,2023pncmp,Week 6,1,pick1,2046,27,50,54.0,1
2023,2023pncmp,Week 6,1,pick2,948,13,50,26.0,1
2023,2023pncmp,Week 6,1,backup,1983,10,50,20.0,1
2023,2023pncmp,Week 6,2,captain,3663,2,50,4.0,0
2023,2023pncmp,Week 6,2,pick1,7461,19,50,38.0,0
2023,2023pncmp,Week 6,2,pick2,4915,38,50,76.0,0
2023,2023pncmp,Week 6,3,captain,1318,3,50,6.0,0
2023,2023pncmp,Week 6,3,pick1,2930,16,50,32.0,0
2023,2023pncmp,Week 6,3,pick2,5920,45,50,90.0,0
2023,2023pncmp,Week 6,3,backup,1899,14,50,28.0,0
2023,2023pncmp,Week 6,4,captain,2521,4,50,8.0,0
2023,2023pncmp,Week 6,4,pick1,4131,31,50,62.0,0
2023,2023pncmp,Week 6,4,pick2,2522,36,50,72.0,0
2023,2023pncmp,Week 6,5,captain,955,5,50,10.0,0
2023,2023pncmp,Week 6,5,pick1,3636,21,50,42.0,0
2023,2023pncmp,Week 6,5,pick2,2412,11,50,22.0,0
2023,2023pncmp,Week 6,6,captain,4682,6,50,12.0,0
2023,2023pncmp,Week 6,6,pick1,1540,23,50,46.0,0
2023,2023pncmp,Week 6,6,pick2,1425,22,50,44.0,0
2023,2023pncmp,Week 6,6,backup,4061,17,50,34.0,0
2023,2023pncmp,Week 6,7,captain,488,7,50,14.0,0
2023,2023pncmp,Week 6,7,pick1,2147,26,50,52.0,0
2023,2023pncmp,Week 6,7,pick2,2990,18,50,36.0,0
2023,2023pncmp,Week 6,8,captain,360,8,50,16.0,0
2023,2023pncmp,Week 6,8,pick1,3218,9,50,18.0,0
2023,2023pncmp,Week 6,8,pick2,1778,12,50,24.0,0
2023,2023incmp,Week 6,1,captain,7457,1,32,3.12,0
2023,2023incmp,Week 6,1,pick1,461,10,32,31.25,0
2023,2023incmp,Week 6,1,pick2,328,20,32,62.5,0
2023,2023incmp,Week 6,2,captain,4272,2,32,6.25,0
2023,2023incmp,Week 6,2,pick1,1501,4,32,12.5,0
2023,2023incmp,Week 6,2,pick2,3147,24,32,75.0,0
2023,2023incmp,Week 6,3,captain,7617,3,32,9.38,1
2023,2023incmp,Week 6,3,pick1,5010,6,32,18.75,1
2023,2023incmp,Week 6,3,pick2,7657,26,32,81.25,1
2023,2023incmp,Week 6,4,captain,5484,5,32,15.62,0
2023,2023incmp,Week 6,4,pick1,829,12,32,37.5,0
2023,2023incmp,Week 6,4,pick2,135,18,32,56.25,0
2023,2023incmp,Week 6,5,captain,3487,7,32,21.88,0
2023,2023incmp,Week 6,5,pick1,3176,19,32,59.38,0
2023,2023incmp,Week 6,5,pick2,1741,16,32,50.0,0
2023,2023incmp,Week 6,6,captain,71,8,32,25.0,0
2023,2023incmp,Week 6,6,pick1,1024,21,32,65.62,0
2023,2023incmp,Week 6,6,pick2,234,22,32,68.75,0
2023,2023incmp,Week 6,6,backup,6956,17,32,53.12,0
2023,2023incmp,Week 6,7,captain,292,9,32,28.12,0
2023,2023incmp,Week 6,7,pick1,3494,11,32,34.38,0
2023,2023incmp,Week 6,7,pick2,5188,23,32,71.88,0
2023,2023incmp,Week 6,8,captain,6498,13,32,40.62,0
2023,2023incmp,Week 6,8,pick1,3940,14,32,43.75,0
2023,2023incmp,Week 6,8,pick2,868,15,32,46.88,0
2023,2023micmp1,Week 6,1,captain,862,1,40,2.5,0
2023,2023micmp1,Week 6,1,pick1,4362,12,40,30.0,0
2023,2023micmp1,Week 6,1,pick2,1025,25,40,62.5,0
2023,2023micmp1,Week 6,2,captain,7211,2,40,5.0,0
2023,2023micmp1,Week 6,2,pick1,3620,7,40,17.5,0
2023,2023micmp1,Week 6,2,pick2,3767,22,40,55.0,0
2023,2023micmp1,Week 6,3,captain,245,3,40,7.5,0
2023,2023micmp1,Week 6,3,pick1,302,10,40,25.0,0
2023,2023micmp1,Week 6,3,pick2,2832,26,40,65.0,0
2023,2023micmp1,Week 6,4,captain,1718,4,40,10.0,0
2023,2023micmp1,Week 6,4,pick1,5460,14,40,35.0,0
2023,2023micmp1,Week 6,4,pick2,8179,30,40,75.0,0
2023,2023micmp1,Week 6,5,captain,5907,5,40,12.5,1
2023,2023micmp1,Week 6,5,pick1,503,9,40,22.5,1
2023,2023micmp1,Week 6,5,pick2,1189,24,40,60.0,1
2023,2023micmp1,Week 6,6,captain,2075,6,40,15.0,0
2023,2023micmp1,Week 6,6,pick1,2960,16,40,40.0,0
2023,2023micmp1,Week 6,6,pick2,3546,29,40,72.5,0
2023,2023micmp1,Week 6,7,captain,2611,8,40,20.0,0
2023,2023micmp1,Week 6,7,pick1,548,20,40,50.0,0
2023,2023micmp1,Week 6,7,pick2,5660,19,40,47.5,0
2023,2023micmp1,Week 6,7,backup,2771,13,40,32.5,0
2023,2023micmp1,Week 6,8,captain,5561,11,40,27.5,0
2023,2023micmp1,Week 6,8,pick1,1023,23,40,57.5,0
2023,2023micmp1,Week 6,8,pick2,6078,32,40,80.0,0
2023,2023micmp2,Week 6,1,captain,4381,1,40,2.5,0
2023,2023micmp2,Week 6,1,pick1,3538,3,40,7.5,0
2023,2023micmp2,Week 6,1,pick2,3536,20,40,50.0,0
2023,2023micmp2,Week 6,2,captain,3668,2,40,5.0,0
2023,2023micmp2,Week 6,2,pick1,6081,16,40,40.0,0
2023,2023micmp2,Week 6,2,pick2,4776,22,40,55.0,0
2023,2023micmp2,Week 6,3,captain,6090,4,40,10.0,1
2023,2023micmp2,Week 6,3,pick1,1506,7,40,17.5,1
2023,2023micmp2,Week 6,3,pick2,217,37,40,92.5,1
2023,2023micmp2,Week 6,4,captain,3534,5,40,12.5,0
2023,2023micmp2,Week 6,4,pick1,3539,8,40,20.0,0
2023,2023micmp2,Week 6,4,pick2,5436,28,40,70.0,0
2023,2023micmp2,Week 6,5,captain,4391,6,40,15.0,0
2023,2023micmp2,Week 6,5,pick1,85,15,40,37.5,0
2023,2023micmp2,Week 6,5,pick2,5114,25,40,62.5,0
2023,2023micmp2,Week 6,6,captain,27,9,40,22.5,0
2023,2023micmp2,Week 6,6,pick1,4392,31,40,77.5,0
2023,2023micmp2,Week 6,6,pick2,68,30,40,75.0,0
2023,2023micmp2,Week 6,7,captain,3414,10,40,25.0,0
2023,2023micmp2,Week 6,7,pick1,857,13,40,32.5,0
2023,2023micmp2,Week 6,7,pick2,7220,18,40,45.0,0
2023,2023micmp2,Week 6,8,captain,2054,11,40,27.5,0
2023,2023micmp2,Week 6,8,pick1,4779,17,40,42.5,0
2023,2023micmp2,Week 6,8,pick2,5675,14,40,35.0,0
2023,2023micmp3,Week 6,1,captain,3357,1,40,2.5,0
2023,2023micmp3,Week 6,1,pick1,2767,3,40,7.5,0
2023,2023micmp3,Week 6,1,pick2,201,24,40,60.0,0
2023,2023micmp3,Week 6,2,captain,2337,2,40,5.0,0
2023,2023micmp3,Week 6,2,pick1,33,5,40,12.5,0
2023,2023micmp3,Week 6,2,pick2,123,18,40,45.0,0
2023,2023micmp3,Week 6,2,backup,9227,15,40,37.5,0
2023,2023micmp3,Week 6,3,captain,5050,4,40,10.0,0
2023,2023micmp3,Week 6,3,pick1,67,16,40,40.0,0
2023,2023micmp3,Week 6,3,pick2,7174,30,40,75.0,0
2023,2023micmp3,Week 6,4,captain,6002,6,40,15.0,0
2023,2023micmp3,Week 6,4,pick1,3641,7,40,17.5,0
2023,2023micmp3,Week 6,4,pick2,9176,34,40,85.0,0
2023,2023micmp3,Week 6,5,captain,7769,8,40,20.0,1
2023,2023micmp3,Week 6,5,pick1,5166,17,40,42.5,1
2023,2023micmp3,Week 6,5,pick2,5901,19,40,47.5,1
2023,2023micmp3,Week 6,6,captain,5462,9,40,22.5,0
2023,2023micmp3,Week 6,6,pick1,3604,12,40,30.0,0
2023,2023micmp3,Week 6,6,pick2,1918,20,40,50.0,0
2023,2023micmp3,Week 6,7,captain,8608,10,40,25.0,0
2023,2023micmp3,Week 6,7,pick1,9312,13,40,32.5,0
2023,2023micmp3,Week 6,7,pick2,3603,14,40,35.0,0
2023,2023micmp3,Week 6,8,captain,3572,11,40,27.5,0
2023,2023micmp3,Week 6,8,pick1,2834,31,40,77.5,0
2023,2023micmp3,Week 6,8,pick2,573,23,40,57.5,0
2023,2023micmp4,Week 6,1,captain,51,1,40,2.5,1
2023,2023micmp4,Week 6,1,pick1,818,14,40,35.0,1
2023,2023micmp4,Week 6,1,pick2,226,25,40,62.5,1
2023,2023micmp4,Week 6,2,captain,3175,2,40,5.0,0
2023,2023micmp4,Week 6,2,pick1,494,20,40,50.0,0
2023,2023micmp4,Week 6,2,pick2,8426,11,40,27.5,0
2023,2023micmp4,Week 6,3,captain,4422,3,40,7.5,0
2023,2023micmp4,Week 6,3,pick1,3655,13,40,32.5,0
2023,2023micmp4,Week 6,3,pick2,1481,26,40,65.0,0
2023,2023micmp4,Week 6,4,captain,4003,4,40,10.0,0
2023,2023micmp4,Week 6,4,pick1,1701,18,40,45.0,0
2023,2023micmp4,Week 6,4,pick2,107,24,40,60.0,0
2023,2023micmp4,Week 6,5,captain,469,5,40,12.5,0
2023,2023micmp4,Week 6,5,pick1,5505,21,40,52.5,0
2023,2023micmp4,Week 6,5,pick2,910,23,40,57.5,0
2023,2023micmp4,Week 6,6,captain,5712,6,40,15.0,0
2023,2023micmp4,Week 6,6,pick1,70,27,40,67.5,0
2023,2023micmp4,Week 6,6,pick2,5216,10,40,25.0,0
2023,2023micmp4,Week 6,7,captain,7197,7,40,17.5,0
2023,2023micmp4,Week 6,7,pick1,1684,12,40,30.0,0
2023,2023micmp4,Week 6,7,pick2,3688,9,40,22.5,0
2023,2023micmp4,Week 6,8,captain,9182,8,40,20.0,0
2023,2023micmp4,Week 6,8,pick1,3322,17,40,42.5,0
2023,2023micmp4,Week 6,8,pick2,5152,16,40,40.0,0
2023,2023arc,FIRST Championship,1,captain,2056,1,77,1.3,0
2023,2023arc,FIRST Championship,1,pick1,254,4,77,5.19,0
2023,2023arc,FIRST Championship,1,pick2,27,37,77,48.05,0
2023,2023arc,FIRST Championship,1,backup,4903,14,77,18.18,0
2023,2023arc,FIRST Championship,2,captain,118,2,77,2.6,0
2023,2023arc,FIRST Championship,2,pick1,6036,16,77,20.78,0
2023,2023arc,FIRST Championship,2,pick2,78,22,77,28.57,0
2023,2023arc,FIRST Championship,2,backup,3142,32,77,41.56,0
2023,2023arc,FIRST Championship,3,captain,2607,3,77,3.9,0
2023,2023arc,FIRST Championship,3,pick1,4028,17,77,22.08,0
2023,2023arc,FIRST Championship,3,pick2,33,15,77,19.48,0
2023,2023arc,FIRST Championship,3,backup,120,41,77,53.25,0
2023,2023arc,FIRST Championship,4,captain,111,5,77,6.49,0
2023,2023arc,FIRST Championship,4,pick1,1561,13,77,16.88,0
2023,2023arc,FIRST Championship,4,pick2,3663,33,77,42.86,0
2023,2023arc,FIRST Championship,4,backup,4476,38,77,49.35,0
2023,2023arc,FIRST Championship,5,captain,624,6,77,7.79,0
2023,2023arc,FIRST Championship,5,pick1,1577,11,77,14.29,0
2023,2023arc,FIRST Championship,5,pick2,1768,28,77,36.36,0
2023,2023arc,FIRST Championship,5,backup,1574,27,77,35.06,0
2023,2023arc,FIRST Championship,6,captain,8085,7,77,9.09,1
2023,2023arc,FIRST Championship,6,pick1,6328,57,77,74.03,1
2023,2023arc,FIRST Championship,6,pick2,972,26,77,33.77,1
2023,2023arc,FIRST Championship,6,backup,687,10,77,12.99,1
2023,2023arc,FIRST Championship,7,captain,2468,8,77,10.39,0
2023,2023arc,FIRST Championship,7,pick1,2687,12,77,15.58,0
2023,2023arc,FIRST Championship,7,pick2,3015,48,77,62.34,0
2023,2023arc,FIRST Championship,7,backup,3061,24,77,31.17,0
2023,2023arc,FIRST Championship,8,captain,1102,9,77,11.69,0
2023,2023arc,FIRST Championship,8,pick1,1619,20,77,25.97,0
2023,2023arc,FIRST Championship,8,pick2,4362,35,77,45.45,0
2023,2023arc,FIRST Championship,8,backup,7211,47,77,61.04,0
2023,2023cur,FIRST Championship,1,captain,5940,1,78,1.28,1
2023,2023cur,FIRST Championship,1,pick1,1756,2,78,2.56,1
2023,2023cur,FIRST Championship,1,pick2,649,17,78,21.79,1
2023,2023cur,FIRST Championship,1,backup,4131,31,78,39.74,1
2023,2023cur,FIRST Championship,2,captain,6329,3,78,3.85,0
2023,2023cur,FIRST Championship,2,pick1,148,7,78,8.97,0
2023,2023cur,FIRST Championship,2,pick2,818,21,78,26.92,0
2023,2023cur,FIRST Championship,2,backup,302,14,78,17.95,0
2023,2023cur,FIRST Championship,3,captain,4738,4,78,5.13,0
2023,2023cur,FIRST Championship,3,pick1,4270,23,78,29.49,0
2023,2023cur,FIRST Championship,3,pick2,4010,27,78,34.62,0
2023,2023cur,FIRST Championship,3,backup,7890,44,78,56.41,0
2023,2023cur,FIRST Championship,4,captain,8046,5,78,6.41,0
2023,2023cur,FIRST Championship,4,pick1,5727,11,78,14.1,0
2023,2023cur,FIRST Championship,4,pick2,5687,20,78,25.64,0
2023,2023cur,FIRST Championship,4,backup,4766,45,78,57.69,0
2023,2023cur,FIRST Championship,5,captain,3310,6,78,7.69,0
2023,2023cur,FIRST Championship,5,pick1,4253,22,78,28.21,0
2023,2023cur,FIRST Championship,5,pick2,2451,54,78,69.23,0
2023,2023cur,FIRST Championship,5,backup,1771,16,78,20.51,0
2023,2023cur,FIRST Championship,6,captain,3847,8,78,10.26,0
2023,2023cur,FIRST Championship,6,pick1,325,19,78,24.36,0
2023,2023cur,FIRST Championship,6,pick2,449,18,78,23.08,0
2023,2023cur,FIRST Championship,6,backup,7021,38,78,48.72,0
2023,2023cur,FIRST Championship,7,captain,7220,9,78,11.54,0
2023,2023cur,FIRST Championship,7,pick1,4003,41,78,52.56,0
2023,2023cur,FIRST Championship,7,pick2,180,28,78,35.9,0
2023,2023cur,FIRST Championship,7,backup,3990,12,78,15.38,0
2023,2023cur,FIRST Championship,8,captain,5414,10,78,12.82,0
2023,2023cur,FIRST Championship,8,pick1,1868,60,78,76.92,0
2023,2023cur,FIRST Championship,8,pick2,8177,49,78,62.82,0
2023,2023cur,FIRST Championship,8,backup,115,13,78,16.67,0
2023,2023dal,FIRST Championship,1,captain,5472,1,78,1.28,0
2023,2023dal,FIRST Championship,1,pick1,4613,31,78,39.74,0
2023,2023dal,FIRST Championship,1,pick2,4946,13,78,16.67,0
2023,2023dal,FIRST Championship,1,backup,3641,29,78,37.18,0
2023,2023dal,FIRST Championship,2,captain,2767,2,78,2.56,0
2023,2023dal,FIRST Championship,2,pick1,1731,5,78,6.41,0
2023,2023dal,FIRST Championship,2,pick2,7769,34,78,43.59,0
2023,2023dal,FIRST Championship,2,backup,2713,11,78,14.1,0
2023,2023dal,FIRST Championship,3,captain,3314,3,78,3.85,0
2023,2023dal,FIRST Championship,3,pick1,1325,26,78,33.33,0
2023,2023dal,FIRST Championship,3,pick2,4272,42,78,53.85,0
2023,2023dal,FIRST Championship,3,backup,4907,35,78,44.87,0
2023,2023dal,FIRST Championship,4,captain,2054,4,78,5.13,0
2023,2023dal,FIRST Championship,4,pick1,695,16,78,20.51,0
2023,2023dal,FIRST Championship,4,pick2,5712,50,78,64.1,0
2023,2023dal,FIRST Championship,4,backup,5406,40,78,51.28,0
2023,2023dal,FIRST Championship,5,captain,5460,6,78,7.69,1
2023,2023dal,FIRST Championship,5,pick1,125,25,78,32.05,1
2023,2023dal,FIRST Championship,5,pick2,870,24,78,30.77,1
2023,2023dal,FIRST Championship,5,backup,2590,48,78,61.54,1
2023,2023dal,FIRST Championship,6,captain,4201,7,78,8.97,0
2023,2023dal,FIRST Championship,6,pick1,3647,21,78,26.92,0
2023,2023dal,FIRST Championship,6,pick2,1710,70,78,89.74,0
2023,2023dal,FIRST Championship,6,backup,2073,28,78,35.9,0
2023,2023dal,FIRST Championship,7,captain,2659,8,78,10.26,0
2023,2023dal,FIRST Championship,7,pick1,4206,9,78,11.54,0
2023,2023dal,FIRST Championship,7,pick2,4795,15,78,19.23,0
2023,2023dal,FIRST Championship,7,backup,230,22,78,28.21,0
2023,2023dal,FIRST Championship,8,captain,6081,10,78,12.82,0
2023,2023dal,FIRST Championship,8,pick1,1477,41,78,52.56,0
2023,2023dal,FIRST Championship,8,pick2,2363,17,78,21.79,0
2023,2023dal,FIRST Championship,8,backup,3035,62,78,79.49,0
2023,2023gal,FIRST Championship,1,captain,1678,1,77,1.3,1
2023,2023gal,FIRST Championship,1,pick1,3476,5,77,6.49,1
2023,2023gal,FIRST Championship,1,pick2,461,45,77,58.44,1
2023,2023gal,FIRST Championship,1,backup,59,13,77,16.88,1
2023,2023gal,FIRST Championship,2,captain,1114,2,77,2.6,0
2023,2023gal,FIRST Championship,2,pick1,3005,17,77,22.08,0
2023,2023gal,FIRST Championship,2,pick2,836,39,77,50.65,0
2023,2023gal,FIRST Championship,2,backup,2337,41,77,53.25,0
2023,2023gal,FIRST Championship,3,captain,103,3,77,3.9,0
2023,2023gal,FIRST Championship,3,pick1,2910,51,77,66.23,0
2023,2023gal,FIRST Championship,3,pick2,7461,22,77,28.57,0
2023,2023gal,FIRST Championship,3,backup,948,20,77,25.97,0
2023,2023gal,FIRST Championship,4,captain,8013,4,77,5.19,0
2023,2023gal,FIRST Championship,4,pick1,3467,10,77,12.99,0
2023,2023gal,FIRST Championship,4,pick2,2614,61,77,79.22,0
2023,2023gal,FIRST Championship,4,backup,1318,31,77,40.26,0
2023,2023gal,FIRST Championship,5,captain,6800,6,77,7.79,0
2023,2023gal,FIRST Championship,5,pick1,67,11,77,14.29,0
2023,2023gal,FIRST Championship,5,pick2,6722,25,77,32.47,0
2023,2023gal,FIRST Championship,5,backup,5166,16,77,20.78,0
2023,2023gal,FIRST Championship,6,captain,4451,7,77,9.09,0
2023,2023gal,FIRST Championship,6,pick1,4381,18,77,23.38,0
2023,2023gal,FIRST Championship,6,pick2,401,67,77,87.01,0
2023,2023gal,FIRST Championship,6,backup,5987,33,77,42.86,0
2023,2023gal,FIRST Championship,7,captain,3539,8,77,10.39,0
2023,2023gal,FIRST Championship,7,pick1,1591,28,77,36.36,0
2023,2023gal,FIRST Championship,7,pick2,4481,34,77,44.16,0
2023,2023gal,FIRST Championship,7,backup,2714,60,77,77.92,0
2023,2023gal,FIRST Championship,8,captain,7197,9,77,11.69,0
2023,2023gal,FIRST Championship,8,pick1,8033,19,77,24.68,0
2023,2023gal,FIRST Championship,8,pick2,1690,12,77,15.58,0
2023,2023gal,FIRST Championship,8,backup,2630,14,77,18.18,0
2023,2023hop,FIRST Championship,1,captain,1323,1,77,1.3,1
2023,2023hop,FIRST Championship,1,pick1,4414,17,77,22.08,1
2023,2023hop,FIRST Championship,1,pick2,4096,23,77,29.87,1
2023,2023hop,FIRST Championship,1,backup,2609,26,77,33.77,1
2023,2023hop,FIRST Championship,2,captain,4265,2,77,2.6,0
2023,2023hop,FIRST Championship,2,pick1,696,8,77,10.39,0
2023,2023hop,FIRST Championship,2,pick2,876,14,77,18.18,0
2023,2023hop,FIRST Championship,2,backup,2052,47,77,61.04,0
2023,2023hop,FIRST Championship,3,captain,2338,3,77,3.9,0
2023,2023hop,FIRST Championship,3,pick1,1727,18,77,23.38,0
2023,2023hop,FIRST Championship,3,pick2,498,40,77,51.95,0
2023,2023hop,FIRST Championship,3,backup,610,30,77,38.96,0
2023,2023hop,FIRST Championship,4,captain,2046,4,77,5.19,0
2023,2023hop,FIRST Championship,4,pick1,7407,31,77,40.26,0
2023,2023hop,FIRST Championship,4,pick2,1986,10,77,12.99,0
2023,2023hop,FIRST Championship,4,backup,488,15,77,19.48,0
2023,2023hop,FIRST Championship,5,captain,3357,5,77,6.49,0
2023,2023hop,FIRST Championship,5,pick1,2930,13,77,16.88,0
2023,2023hop,FIRST Championship,5,pick2,1796,35,77,45.45,0
2023,2023hop,FIRST Championship,5,backup,4682,64,77,83.12,0
2023,2023hop,FIRST Championship,6,captain,573,6,77,7.79,0
2023,2023hop,FIRST Championship,6,pick1,1987,12,77,15.58,0
2023,2023hop,FIRST Championship,6,pick2,4391,11,77,14.29,0
2023,2023hop,FIRST Championship,6,backup,6517,72,77,93.51,0
2023,2023hop,FIRST Championship,7,captain,3636,7,77,9.09,0
2023,2023hop,FIRST Championship,7,pick1,1706,21,77,27.27,0
2023,2023hop,FIRST Championship,7,pick2,4336,22,77,28.57,0
2023,2023hop,FIRST Championship,7,backup,1807,19,77,24.68,0
2023,2023hop,FIRST Championship,8,captain,2481,9,77,11.69,0
2023,2023hop,FIRST Championship,8,pick1,341,28,77,36.36,0
2023,2023hop,FIRST Championship,8,pick2,7457,20,77,25.97,0
2023,2023hop,FIRST Championship,8,backup,226,25,77,32.47,0
2023,2023joh,FIRST Championship,1,captain,2075,1,78,1.28,1
2023,2023joh,FIRST Championship,1,pick1,973,5,78,6.41,1
2023,2023joh,FIRST Championship,1,pick2,9312,17,78,21.79,1
2023,2023joh,FIRST Championship,1,backup,4607,45,78,57.69,1
2023,2023joh,FIRST Championship,2,captain,1730,2,78,2.56,0
2023,2023joh,FIRST Championship,2,pick1,7157,41,78,52.56,0
2023,2023joh,FIRST Championship,2,pick2,1540,48,78,61.54,0
2023,2023joh,FIRST Championship,2,backup,1425,16,78,20.51,0
2023,2023joh,FIRST Championship,3,captain,3175,3,78,3.85,0
2023,2023joh,FIRST Championship,3,pick1,4499,7,78,8.97,0
2023,2023joh,FIRST Championship,3,pick2,4635,42,78,53.85,0
2023,2023joh,FIRST Championship,3,backup,217,69,78,88.46,0
2023,2023joh,FIRST Championship,4,captain,51,4,78,5.13,0
2023,2023joh,FIRST Championship,4,pick1,88,12,78,15.38,0
2023,2023joh,FIRST Championship,4,pick2,16,21,78,26.92,0
2023,2023joh,FIRST Championship,4,backup,6919,34,78,43.59,0
2023,2023joh,FIRST Championship,5,captain,3339,6,78,7.69,0
2023,2023joh,FIRST Championship,5,pick1,359,15,78,19.23,0
2023,2023joh,FIRST Championship,5,pick2,2521,33,78,42.31,0
2023,2023joh,FIRST Championship,5,backup,1714,56,78,71.79,0
2023,2023joh,FIRST Championship,6,captain,1718,8,78,10.26,0
2023,2023joh,FIRST Championship,6,pick1,6377,10,78,12.82,0
2023,2023joh,FIRST Championship,6,pick2,422,55,78,70.51,0
2023,2023joh,FIRST Championship,6,backup,1676,29,78,37.18,0
2023,2023joh,FIRST Championship,7,captain,7558,9,78,11.54,0
2023,2023joh,FIRST Championship,7,pick1,1339,37,78,47.44,0
2023,2023joh,FIRST Championship,7,pick2,6045,32,78,41.03,0
2023,2023joh,FIRST Championship,7,backup,1684,24,78,30.77,0
2023,2023joh,FIRST Championship,8,captain,4011,11,78,14.1,0
2023,2023joh,FIRST Championship,8,pick1,3506,30,78,38.46,0
2023,2023joh,FIRST Championship,8,pick2,971,57,78,73.08,0
2023,2023joh,FIRST Championship,8,backup,1391,27,78,34.62,0
2023,2023mil,FIRST Championship,1,captain,2539,1,77,1.3,0
2023,2023mil,FIRST Championship,1,pick1,176,16,77,20.78,0
2023,2023mil,FIRST Championship,1,pick2,1414,11,77,14.29,0
2023,2023mil,FIRST Championship,1,backup,316,13,77,16.88,0
2023,2023mil,FIRST Championship,2,captain,3655,2,77,2.6,1
2023,2023mil,FIRST Championship,2,pick1,6672,24,77,31.17,1
2023,2023mil,FIRST Championship,2,pick2,5895,12,77,15.58,1
2023,2023mil,FIRST Championship,2,backup,5419,43,77,55.84,1
2023,2023mil,FIRST Championship,3,captain,3937,3,77,3.9,0
2023,2023mil,FIRST Championship,3,pick1,930,9,77,11.69,0
2023,2023mil,FIRST Championship,3,pick2,2399,14,77,18.18,0
2023,2023mil,FIRST Championship,3,backup,2230,39,77,50.65,0
2023,2023mil,FIRST Championship,4,captain,319,4,77,5.19,0
2023,2023mil,FIRST Championship,4,pick1,3683,34,77,44.16,0
2023,2023mil,FIRST Championship,4,pick2,3620,59,77,76.62,0
2023,2023mil,FIRST Championship,4,backup,5653,63,77,81.82,0
2023,2023mil,FIRST Championship,5,captain,3604,5,77,6.49,0
2023,2023mil,FIRST Championship,5,pick1,604,19,77,24.68,0
2023,2023mil,FIRST Championship,5,pick2,694,25,77,32.47,0
2023,2023mil,FIRST Championship,5,backup,5913,50,77,64.94,0
2023,2023mil,FIRST Championship,6,captain,384,6,77,7.79,0
2023,2023mil,FIRST Championship,6,pick1,4039,18,77,23.38,0
2023,2023mil,FIRST Championship,6,pick2,6090,28,77,36.36,0
2023,2023mil,FIRST Championship,6,backup,5409,33,77,42.86,0
2023,2023mil,FIRST Championship,7,captain,469,7,77,9.09,0
2023,2023mil,FIRST Championship,7,pick1,987,30,77,38.96,0
2023,2023mil,FIRST Championship,7,pick2,1923,17,77,22.08,0
2023,2023mil,FIRST Championship,7,backup,1241,47,77,61.04,0
2023,2023mil,FIRST Championship,8,captain,587,8,77,10.39,0
2023,2023mil,FIRST Championship,8,pick1,1506,31,77,40.26,0
2023,2023mil,FIRST Championship,8,pick2,2974,44,77,57.14,0
2023,2023mil,FIRST Championship,8,backup,1683,10,77,12.99,0
2023,2023new,FIRST Championship,1,captain,4143,1,77,1.3,1
2023,2023new,FIRST Championship,1,pick1,1538,13,77,16.88,1
2023,2023new,FIRST Championship,1,pick2,4909,27,77,35.06,1
2023,2023new,FIRST Championship,1,backup,4419,34,77,44.16,1
2023,2023new,FIRST Championship,2,captain,3940,2,77,2.6,0
2023,2023new,FIRST Championship,2,pick1,3538,17,77,22.08,0
2023,2023new,FIRST Championship,2,pick2,4099,11,77,14.29,0
2023,2023new,FIRST Championship,2,backup,857,35,77,45.45,0
2023,2023new,FIRST Championship,3,captain,4329,3,77,3.9,0
2023,2023new,FIRST Championship,3,pick1,1746,14,77,18.18,0
2023,2023new,FIRST Championship,3,pick2,3184,24,77,31.17,0
2023,2023new,FIRST Championship,3,backup,5804,26,77,33.77,0
2023,2023new,FIRST Championship,4,captain,3039,4,77,5.19,0
2023,2023new,FIRST Championship,4,pick1,195,18,77,23.38,0
2023,2023new,FIRST Championship,4,pick2,7285,45,77,58.44,0
2023,2023new,FIRST Championship,4,backup,11,30,77,38.96,0
2023,2023new,FIRST Championship,5,captain,900,5,77,6.49,0
2023,2023new,FIRST Championship,5,pick1,179,12,77,15.58,0
2023,2023new,FIRST Championship,5,pick2,8592,23,77,29.87,0
2023,2023new,FIRST Championship,5,backup,2642,31,77,40.26,0
2023,2023new,FIRST Championship,6,captain,1156,6,77,7.79,0
2023,2023new,FIRST Championship,6,pick1,494,9,77,11.69,0
2023,2023new,FIRST Championship,6,pick2,1123,59,77,76.62,0
2023,2023new,FIRST Championship,6,backup,1757,32,77,41.56,0
2023,2023new,FIRST Championship,7,captain,2992,7,77,9.09,0
2023,2023new,FIRST Championship,7,pick1,1023,19,77,24.68,0
2023,2023new,FIRST Championship,7,pick2,3478,43,77,55.84,0
2023,2023new,FIRST Championship,7,backup,3218,44,77,57.14,0
2023,2023new,FIRST Championship,8,captain,4522,8,77,10.39,0
2023,2023new,FIRST Championship,8,pick1,177,28,77,36.36,0
2023,2023new,FIRST Championship,8,pick2,9084,20,77,25.97,0
2023,2023new,FIRST Championship,8,backup,4069,48,77,62.34,0
