year,event,week,alliance,slot,team,qual_rank,n_teams,rank_pct,won_event
2025,2025isde1,Week 1,1,captain,5614,1,29,3.45,1
2025,2025isde1,Week 1,1,pick1,1690,2,29,6.9,1
2025,2025isde1,Week 1,1,pick2,5928,26,29,89.66,1
2025,2025isde1,Week 1,2,captain,2630,3,29,10.34,0
2025,2025isde1,Week 1,2,pick1,5951,4,29,13.79,0
2025,2025isde1,Week 1,2,pick2,1943,24,29,82.76,0
2025,2025isde1,Week 1,2,backup,6230,20,29,68.97,0
2025,2025isde1,Week 1,3,captain,1942,5,29,17.24,0
2025,2025isde1,Week 1,3,pick1,1577,7,29,24.14,0
2025,2025isde1,Week 1,3,pick2,6104,27,29,93.1,0
2025,2025isde1,Week 1,4,captain,5635,6,29,20.69,0
2025,2025isde1,Week 1,4,pick1,2096,13,29,44.83,0
2025,2025isde1,Week 1,4,pick2,7067,22,29,75.86,0
2025,2025isde1,Week 1,5,captain,8223,8,29,27.59,0
2025,2025isde1,Week 1,5,pick1,8175,15,29,51.72,0
2025,2025isde1,Week 1,5,pick2,9304,19,29,65.52,0
2025,2025isde1,Week 1,6,captain,4661,9,29,31.03,0
2025,2025isde1,Week 1,6,pick1,5654,18,29,62.07,0
2025,2025isde1,Week 1,6,pick2,3835,23,29,79.31,0
2025,2025isde1,Week 1,7,captain,4416,10,29,34.48,0
2025,2025isde1,Week 1,7,pick1,9738,17,29,58.62,0
2025,2025isde1,Week 1,7,pick2,6738,12,29,41.38,0
2025,2025isde1,Week 1,8,captain,3083,11,29,37.93,0
2025,2025isde1,Week 1,8,pick1,4338,14,29,48.28,0
2025,2025isde1,Week 1,8,pick2,3065,16,29,55.17,0
2025,2025isde2,Week 1,1,captain,5614,1,33,3.03,1
2025,2025isde2,Week 1,1,pick1,2231,4,33,12.12,1
2025,2025isde2,Week 1,1,pick2,4586,33,33,100.0,1
2025,2025isde2,Week 1,1,backup,1576,14,33,42.42,1
2025,2025isde2,Week 1,2,captain,5990,2,33,6.06,0
2025,2025isde2,Week 1,2,pick1,3339,6,33,18.18,0
2025,2025isde2,Week 1,2,pick2,1937,24,33,72.73,0
2025,2025isde2,Week 1,3,captain,1574,3,33,9.09,0
2025,2025isde2,Week 1,3,pick1,2230,5,33,15.15,0
2025,2025isde2,Week 1,3,pick2,2679,26,33,78.79,0
2025,2025isde2,Week 1,4,captain,4590,7,33,21.21,0
2025,2025isde2,Week 1,4,pick1,7039,17,33,51.52,0
2025,2025isde2,Week 1,4,pick2,3316,23,33,69.7,0
2025,2025isde2,Week 1,5,captain,4744,8,33,24.24,0
2025,2025isde2,Week 1,5,pick1,5987,12,33,36.36,0
2025,2025isde2,Week 1,5,pick2,4320,16,33,48.48,0
2025,2025isde2,Week 1,6,captain,3388,9,33,27.27,0
2025,2025isde2,Week 1,6,pick1,3075,11,33,33.33,0
2025,2025isde2,Week 1,6,pick2,5554,25,33,75.76,0
2025,2025isde2,Week 1,7,captain,3211,10,33,30.3,0
2025,2025isde2,Week 1,7,pick1,6740,21,33,63.64,0
2025,2025isde2,Week 1,7,pick2,7112,22,33,66.67,0
2025,2025isde2,Week 1,8,captain,2212,13,33,39.39,0
2025,2025isde2,Week 1,8,pick1,7845,18,33,54.55,0
2025,2025isde2,Week 1,8,pick2,1657,15,33,45.45,0
2025,2025mndu,Week 1,1,captain,876,1,54,1.85,0
2025,2025mndu,Week 1,1,pick1,3197,9,54,16.67,0
2025,2025mndu,Week 1,1,pick2,2654,30,54,55.56,0
2025,2025mndu,Week 1,2,captain,2847,2,54,3.7,1
2025,2025mndu,Week 1,2,pick1,6147,5,54,9.26,1
2025,2025mndu,Week 1,2,pick2,6574,13,54,24.07,1
2025,2025mndu,Week 1,3,captain,1732,3,54,5.56,0
2025,2025mndu,Week 1,3,pick1,7028,20,54,37.04,0
2025,2025mndu,Week 1,3,pick2,8122,34,54,62.96,0
2025,2025mndu,Week 1,4,captain,1619,4,54,7.41,0
2025,2025mndu,Week 1,4,pick1,3100,10,54,18.52,0
2025,2025mndu,Week 1,4,pick2,5903,33,54,61.11,0
2025,2025mndu,Week 1,5,captain,8422,6,54,11.11,0
2025,2025mndu,Week 1,5,pick1,1714,22,54,40.74,0
2025,2025mndu,Week 1,5,pick2,3293,12,54,22.22,0
2025,2025mndu,Week 1,6,captain,4607,7,54,12.96,0
2025,2025mndu,Week 1,6,pick1,2526,42,54,77.78,0
2025,2025mndu,Week 1,6,pick2,1306,19,54,35.19,0
2025,2025mndu,Week 1,6,backup,3206,15,54,27.78,0
2025,2025mndu,Week 1,7,captain,4656,8,54,14.81,0
2025,2025mndu,Week 1,7,pick1,2861,14,54,25.93,0
2025,2025mndu,Week 1,7,pick2,4674,18,54,33.33,0
2025,2025mndu,Week 1,8,captain,2143,11,54,20.37,0
2025,2025mndu,Week 1,8,pick1,5653,17,54,31.48,0
2025,2025mndu,Week 1,8,pick2,6709,23,54,42.59,0
2025,2025mndu2,Week 1,1,captain,2052,1,54,1.85,0
2025,2025mndu2,Week 1,1,pick1,3061,3,54,5.56,0
2025,2025mndu2,Week 1,1,pick2,4230,17,54,31.48,0
2025,2025mndu2,Week 1,2,captain,111,2,54,3.7,1
2025,2025mndu2,Week 1,2,pick1,2240,7,54,12.96,1
2025,2025mndu2,Week 1,2,pick2,5253,33,54,61.11,1
2025,2025mndu2,Week 1,2,backup,4360,16,54,29.63,1
2025,2025mndu2,Week 1,3,captain,5913,4,54,7.41,0
2025,2025mndu2,Week 1,3,pick1,2383,6,54,11.11,0
2025,2025mndu2,Week 1,3,pick2,6132,18,54,33.33,0
2025,2025mndu2,Week 1,4,captain,2472,5,54,9.26,0
2025,2025mndu2,Week 1,4,pick1,2491,10,54,18.52,0
2025,2025mndu2,Week 1,4,pick2,5232,15,54,27.78,0
2025,2025mndu2,Week 1,5,captain,4593,8,54,14.81,0
2025,2025mndu2,Week 1,5,pick1,4009,38,54,70.37,0
2025,2025mndu2,Week 1,5,pick2,6758,28,54,51.85,0
2025,2025mndu2,Week 1,5,backup,6420,14,54,25.93,0
2025,2025mndu2,Week 1,6,captain,2290,9,54,16.67,0
2025,2025mndu2,Week 1,6,pick1,525,11,54,20.37,0
2025,2025mndu2,Week 1,6,pick2,2501,22,54,40.74,0
2025,2025mndu2,Week 1,7,captain,1816,12,54,22.22,0
2025,2025mndu2,Week 1,7,pick1,7021,23,54,42.59,0
2025,2025mndu2,Week 1,7,pick2,112,46,54,85.19,0
2025,2025mndu2,Week 1,8,captain,4531,13,54,24.07,0
2025,2025mndu2,Week 1,8,pick1,2531,24,54,44.44,0
2025,2025mndu2,Week 1,8,pick2,3883,19,54,35.19,0
2025,2025mxmo,Week 1,1,captain,4635,1,43,2.33,1
2025,2025mxmo,Week 1,1,pick1,4403,3,43,6.98,1
2025,2025mxmo,Week 1,1,pick2,9301,24,43,55.81,1
2025,2025mxmo,Week 1,2,captain,6348,2,43,4.65,0
2025,2025mxmo,Week 1,2,pick1,6017,14,43,32.56,0
2025,2025mxmo,Week 1,2,pick2,4731,34,43,79.07,0
2025,2025mxmo,Week 1,3,captain,6106,4,43,9.3,0
2025,2025mxmo,Week 1,3,pick1,6647,15,43,34.88,0
2025,2025mxmo,Week 1,3,pick2,3522,28,43,65.12,0
2025,2025mxmo,Week 1,4,captain,8290,5,43,11.63,0
2025,2025mxmo,Week 1,4,pick1,3158,22,43,51.16,0
2025,2025mxmo,Week 1,4,pick2,4584,26,43,60.47,0
2025,2025mxmo,Week 1,5,captain,7421,6,43,13.95,0
2025,2025mxmo,Week 1,5,pick1,3480,13,43,30.23,0
2025,2025mxmo,Week 1,5,pick2,4010,12,43,27.91,0
2025,2025mxmo,Week 1,6,captain,3526,7,43,16.28,0
2025,2025mxmo,Week 1,6,pick1,5959,23,43,53.49,0
2025,2025mxmo,Week 1,6,pick2,3933,19,43,44.19,0
2025,2025mxmo,Week 1,7,captain,3472,8,43,18.6,0
2025,2025mxmo,Week 1,7,pick1,7546,11,43,25.58,0
2025,2025mxmo,Week 1,7,pick2,5705,18,43,41.86,0
2025,2025mxmo,Week 1,7,backup,5887,10,43,23.26,0
2025,2025mxmo,Week 1,8,captain,7102,9,43,20.93,0
2025,2025mxmo,Week 1,8,pick1,2283,16,43,37.21,0
2025,2025mxmo,Week 1,8,pick2,6170,21,43,48.84,0
2025,2025bcvi,Week 1,1,captain,359,1,48,2.08,1
2025,2025bcvi,Week 1,1,pick1,4270,6,48,12.5,1
2025,2025bcvi,Week 1,1,pick2,8339,38,48,79.17,1
2025,2025bcvi,Week 1,2,captain,3128,2,48,4.17,0
2025,2025bcvi,Week 1,2,pick1,5468,7,48,14.58,0
2025,2025bcvi,Week 1,2,pick2,9449,27,48,56.25,0
2025,2025bcvi,Week 1,2,backup,9044,15,48,31.25,0
2025,2025bcvi,Week 1,3,captain,3990,3,48,6.25,0
2025,2025bcvi,Week 1,3,pick1,5516,9,48,18.75,0
2025,2025bcvi,Week 1,3,pick2,7287,17,48,35.42,0
2025,2025bcvi,Week 1,3,backup,9465,18,48,37.5,0
2025,2025bcvi,Week 1,4,captain,8503,4,48,8.33,0
2025,2025bcvi,Week 1,4,pick1,6036,8,48,16.67,0
2025,2025bcvi,Week 1,4,pick2,7688,14,48,29.17,0
2025,2025bcvi,Week 1,5,captain,2122,5,48,10.42,0
2025,2025bcvi,Week 1,5,pick1,2438,21,48,43.75,0
2025,2025bcvi,Week 1,5,pick2,6390,33,48,68.75,0
2025,2025bcvi,Week 1,6,captain,6364,10,48,20.83,0
2025,2025bcvi,Week 1,6,pick1,4253,13,48,27.08,0
2025,2025bcvi,Week 1,6,pick2,4327,48,48,100.0,0
2025,2025bcvi,Week 1,7,captain,7551,11,48,22.92,0
2025,2025bcvi,Week 1,7,pick1,4627,19,48,39.58,0
2025,2025bcvi,Week 1,7,pick2,4862,42,48,87.5,0
2025,2025bcvi,Week 1,8,captain,4421,12,48,25.0,0
2025,2025bcvi,Week 1,8,pick1,846,36,48,75.0,0
2025,2025bcvi,Week 1,8,pick2,9277,16,48,33.33,0
2025,2025caoc,Week 1,1,captain,4738,1,47,2.13,0
2025,2025caoc,Week 1,1,pick1,8033,3,47,6.38,0
2025,2025caoc,Week 1,1,pick2,3501,34,47,72.34,0
2025,2025caoc,Week 1,2,captain,4415,2,47,4.26,1
2025,2025caoc,Week 1,2,pick1,6995,4,47,8.51,1
2025,2025caoc,Week 1,2,pick2,8871,44,47,93.62,1
2025,2025caoc,Week 1,3,captain,2443,5,47,10.64,0
2025,2025caoc,Week 1,3,pick1,1538,10,47,21.28,0
2025,2025caoc,Week 1,3,pick2,9271,33,47,70.21,0
2025,2025caoc,Week 1,3,backup,3952,18,47,38.3,0
2025,2025caoc,Week 1,4,captain,5199,6,47,12.77,0
2025,2025caoc,Week 1,4,pick1,9408,12,47,25.53,0
2025,2025caoc,Week 1,4,pick2,3009,30,47,63.83,0
2025,2025caoc,Week 1,5,captain,973,7,47,14.89,0
2025,2025caoc,Week 1,5,pick1,8,28,47,59.57,0
2025,2025caoc,Week 1,5,pick2,3020,17,47,36.17,0
2025,2025caoc,Week 1,6,captain,7230,8,47,17.02,0
2025,2025caoc,Week 1,6,pick1,3476,14,47,29.79,0
2025,2025caoc,Week 1,6,pick2,2486,20,47,42.55,0
2025,2025caoc,Week 1,7,captain,7157,9,47,19.15,0
2025,2025caoc,Week 1,7,pick1,4141,11,47,23.4,0
2025,2025caoc,Week 1,7,pick2,3473,38,47,80.85,0
2025,2025caoc,Week 1,8,captain,5835,13,47,27.66,0
2025,2025caoc,Week 1,8,pick1,5805,15,47,31.91,0
2025,2025caoc,Week 1,8,pick2,2710,16,47,34.04,0
2025,2025miket,Week 1,1,captain,5460,1,40,2.5,1
2025,2025miket,Week 1,1,pick1,2137,3,40,7.5,1
2025,2025miket,Week 1,1,pick2,4998,22,40,55.0,1
2025,2025miket,Week 1,2,captain,494,2,40,5.0,0
2025,2025miket,Week 1,2,pick1,27,5,40,12.5,0
2025,2025miket,Week 1,2,pick2,5150,27,40,67.5,0
2025,2025miket,Week 1,3,captain,1498,4,40,10.0,0
2025,2025miket,Week 1,3,pick1,910,9,40,22.5,0
2025,2025miket,Week 1,3,pick2,9757,13,40,32.5,0
2025,2025miket,Week 1,4,captain,9776,6,40,15.0,0
2025,2025miket,Week 1,4,pick1,2145,12,40,30.0,0
2025,2025miket,Week 1,4,pick2,7195,16,40,40.0,0
2025,2025miket,Week 1,5,captain,573,7,40,17.5,0
2025,2025miket,Week 1,5,pick1,245,24,40,60.0,0
2025,2025miket,Week 1,5,pick2,7491,32,40,80.0,0
2025,2025miket,Week 1,6,captain,70,8,40,20.0,0
2025,2025miket,Week 1,6,pick1,9648,14,40,35.0,0
2025,2025miket,Week 1,6,pick2,5084,19,40,47.5,0
2025,2025miket,Week 1,7,captain,7784,10,40,25.0,0
2025,2025miket,Week 1,7,pick1,3534,29,40,72.5,0
2025,2025miket,Week 1,7,pick2,894,23,40,57.5,0
2025,2025miket,Week 1,8,captain,9245,11,40,27.5,0
2025,2025miket,Week 1,8,pick1,1,15,40,37.5,0
2025,2025miket,Week 1,8,pick2,1504,26,40,65.0,0
2025,2025mimil,Week 1,1,captain,3656,1,39,2.56,1
2025,2025mimil,Week 1,1,pick1,67,3,39,7.69,1
2025,2025mimil,Week 1,1,pick2,6344,30,39,76.92,1
2025,2025mimil,Week 1,2,captain,1023,2,39,5.13,0
2025,2025mimil,Week 1,2,pick1,7166,4,39,10.26,0
2025,2025mimil,Week 1,2,pick2,7660,24,39,61.54,0
2025,2025mimil,Week 1,3,captain,3322,5,39,12.82,0
2025,2025mimil,Week 1,3,pick1,548,13,39,33.33,0
2025,2025mimil,Week 1,3,pick2,4779,17,39,43.59,0
2025,2025mimil,Week 1,4,captain,6120,6,39,15.38,0
2025,2025mimil,Week 1,4,pick1,503,33,39,84.62,0
2025,2025mimil,Week 1,4,pick2,9182,19,39,48.72,0
2025,2025mimil,Week 1,5,captain,2834,7,39,17.95,0
2025,2025mimil,Week 1,5,pick1,3668,20,39,51.28,0
2025,2025mimil,Week 1,5,pick2,7202,36,39,92.31,0
2025,2025mimil,Week 1,6,captain,5561,8,39,20.51,0
2025,2025mimil,Week 1,6,pick1,8423,9,39,23.08,0
2025,2025mimil,Week 1,6,pick2,9771,27,39,69.23,0
2025,2025mimil,Week 1,7,captain,66,10,39,25.64,0
2025,2025mimil,Week 1,7,pick1,7056,22,39,56.41,0
2025,2025mimil,Week 1,7,pick2,7553,18,39,46.15,0
2025,2025mimil,Week 1,8,captain,5066,11,39,28.21,0
2025,2025mimil,Week 1,8,pick1,4362,29,39,74.36,0
2025,2025mimil,Week 1,8,pick2,4392,21,39,53.85,0
2025,2025txwac,Week 1,1,captain,148,1,41,2.44,1
2025,2025txwac,Week 1,1,pick1,3005,2,41,4.88,1
2025,2025txwac,Week 1,1,pick2,8732,38,41,92.68,1
2025,2025txwac,Week 1,2,captain,2582,3,41,7.32,0
2025,2025txwac,Week 1,2,pick1,418,9,41,21.95,0
2025,2025txwac,Week 1,2,pick2,8769,41,41,100.0,0
2025,2025txwac,Week 1,2,backup,2969,14,41,34.15,0
2025,2025txwac,Week 1,3,captain,6377,4,41,9.76,0
2025,2025txwac,Week 1,3,pick1,2468,23,41,56.1,0
2025,2025txwac,Week 1,3,pick2,8858,28,41,68.29,0
2025,2025txwac,Week 1,4,captain,2881,5,41,12.2,0
2025,2025txwac,Week 1,4,pick1,3310,27,41,65.85,0
2025,2025txwac,Week 1,4,pick2,5212,33,41,80.49,0
2025,2025txwac,Week 1,4,backup,2950,13,41,31.71,0
2025,2025txwac,Week 1,5,captain,1296,6,41,14.63,0
2025,2025txwac,Week 1,5,pick1,2714,10,41,24.39,0
2025,2025txwac,Week 1,5,pick2,4610,30,41,73.17,0
2025,2025txwac,Week 1,6,captain,2689,7,41,17.07,0
2025,2025txwac,Week 1,6,pick1,6672,15,41,36.59,0
2025,2025txwac,Week 1,6,pick2,2158,35,41,85.37,0
2025,2025txwac,Week 1,7,captain,8749,8,41,19.51,0
2025,2025txwac,Week 1,7,pick1,2687,24,41,58.54,0
2025,2025txwac,Week 1,7,pick2,8515,17,41,41.46,0
2025,2025txwac,Week 1,8,captain,2583,11,41,26.83,0
2025,2025txwac,Week 1,8,pick1,7121,12,41,29.27,0
2025,2025txwac,Week 1,8,pick2,8088,18,41,43.9,0
2025,2025orsal,Week 1,1,captain,955,1,36,2.78,1
2025,2025orsal,Week 1,1,pick1,3674,3,36,8.33,1
2025,2025orsal,Week 1,1,pick2,2550,20,36,55.56,1
2025,2025orsal,Week 1,2,captain,4513,2,36,5.56,0
2025,2025orsal,Week 1,2,pick1,997,5,36,13.89,0
2025,2025orsal,Week 1,2,pick2,2811,29,36,80.56,0
2025,2025orsal,Week 1,3,captain,4061,4,36,11.11,0
2025,2025orsal,Week 1,3,pick1,2147,7,36,19.44,0
2025,2025orsal,Week 1,3,pick2,4692,32,36,88.89,0
2025,2025orsal,Week 1,4,captain,6343,6,36,16.67,0
2025,2025orsal,Week 1,4,pick1,7034,27,36,75.0,0
2025,2025orsal,Week 1,4,pick2,9567,19,36,52.78,0
2025,2025orsal,Week 1,5,captain,4060,8,36,22.22,0
2025,2025orsal,Week 1,5,pick1,2374,14,36,38.89,0
2025,2025orsal,Week 1,5,pick2,3786,22,36,61.11,0
2025,2025orsal,Week 1,6,captain,5920,9,36,25.0,0
2025,2025orsal,Week 1,6,pick1,2926,23,36,63.89,0
2025,2025orsal,Week 1,6,pick2,9600,21,36,58.33,0
2025,2025orsal,Week 1,7,captain,2521,10,36,27.78,0
2025,2025orsal,Week 1,7,pick1,5937,31,36,86.11,0
2025,2025orsal,Week 1,7,pick2,6465,15,36,41.67,0
2025,2025orsal,Week 1,8,captain,5683,11,36,30.56,0
2025,2025orsal,Week 1,8,pick1,2990,12,36,33.33,0
2025,2025orsal,Week 1,8,pick2,753,16,36,44.44,0
2025,2025camb,Week 1,1,captain,1678,1,35,2.86,1
2025,2025camb,Week 1,1,pick1,604,3,35,8.57,1
2025,2025camb,Week 1,1,pick2,3257,28,35,80.0,1
2025,2025camb,Week 1,2,captain,581,2,35,5.71,0
2025,2025camb,Week 1,2,pick1,4481,5,35,14.29,0
2025,2025camb,Week 1,2,pick2,5924,26,35,74.29,0
2025,2025camb,Week 1,3,captain,3045,4,35,11.43,0
2025,2025camb,Week 1,3,pick1,9470,15,35,42.86,0
2025,2025camb,Week 1,3,pick2,6962,32,35,91.43,0
2025,2025camb,Week 1,4,captain,5419,6,35,17.14,0
2025,2025camb,Week 1,4,pick1,2813,7,35,20.0,0
2025,2025camb,Week 1,4,pick2,5480,24,35,68.57,0
2025,2025camb,Week 1,5,captain,9584,8,35,22.86,0
2025,2025camb,Week 1,5,pick1,972,16,35,45.71,0
2025,2025camb,Week 1,5,pick2,1458,13,35,37.14,0
2025,2025camb,Week 1,6,captain,2473,9,35,25.71,0
2025,2025camb,Week 1,6,pick1,1671,10,35,28.57,0
2025,2025camb,Week 1,6,pick2,2035,23,35,65.71,0
2025,2025camb,Week 1,7,captain,3189,11,35,31.43,0
2025,2025camb,Week 1,7,pick1,3970,33,35,94.29,0
2025,2025camb,Week 1,7,pick2,2073,22,35,62.86,0
2025,2025camb,Week 1,7,backup,9114,14,35,40.0,0
2025,2025camb,Week 1,8,captain,5104,12,35,34.29,0
2025,2025camb,Week 1,8,pick1,8048,29,35,82.86,0
2025,2025camb,Week 1,8,pick2,115,31,35,88.57,0
2025,2025caph,Week 1,1,captain,4414,1,46,2.17,1
2025,2025caph,Week 1,1,pick1,3255,2,46,4.35,1
2025,2025caph,Week 1,1,pick2,9599,35,46,76.09,1
2025,2025caph,Week 1,2,captain,1388,3,46,6.52,0
2025,2025caph,Week 1,2,pick1,4400,6,46,13.04,0
2025,2025caph,Week 1,2,pick2,3647,41,46,89.13,0
2025,2025caph,Week 1,3,captain,3863,4,46,8.7,0
2025,2025caph,Week 1,3,pick1,3598,5,46,10.87,0
2025,2025caph,Week 1,3,pick2,2102,28,46,60.87,0
2025,2025caph,Week 1,4,captain,2584,7,46,15.22,0
2025,2025caph,Week 1,4,pick1,498,10,46,21.74,0
2025,2025caph,Week 1,4,pick2,399,31,46,67.39,0
2025,2025caph,Week 1,5,captain,6657,8,46,17.39,0
2025,2025caph,Week 1,5,pick1,5817,13,46,28.26,0
2025,2025caph,Week 1,5,pick2,8015,23,46,50.0,0
2025,2025caph,Week 1,6,captain,2543,9,46,19.57,0
2025,2025caph,Week 1,6,pick1,4201,11,46,23.91,0
2025,2025caph,Week 1,6,pick2,10120,18,46,39.13,0
2025,2025caph,Week 1,7,captain,3759,12,46,26.09,0
2025,2025caph,Week 1,7,pick1,702,40,46,86.96,0
2025,2025caph,Week 1,7,pick2,5137,16,46,34.78,0
2025,2025caph,Week 1,8,captain,2485,14,46,30.43,0
2025,2025caph,Week 1,8,pick1,610,15,46,32.61,0
2025,2025caph,Week 1,8,pick2,6766,30,46,65.22,0
2025,2025gagai,Week 1,1,captain,9496,1,32,3.12,1
2025,2025gagai,Week 1,1,pick1,8866,8,32,25.0,1
2025,2025gagai,Week 1,1,pick2,4240,28,32,87.5,1
2025,2025gagai,Week 1,1,backup,9522,13,32,40.62,1
2025,2025gagai,Week 1,2,captain,1833,2,32,6.25,0
2025,2025gagai,Week 1,2,pick1,1683,6,32,18.75,0
2025,2025gagai,Week 1,2,pick2,832,26,32,81.25,0
2025,2025gagai,Week 1,3,captain,6340,3,32,9.38,0
2025,2025gagai,Week 1,3,pick1,3318,4,32,12.5,0
2025,2025gagai,Week 1,3,pick2,7538,30,32,93.75,0
2025,2025gagai,Week 1,4,captain,5293,5,32,15.62,0
2025,2025gagai,Week 1,4,pick1,8736,16,32,50.0,0
2025,2025gagai,Week 1,4,pick2,4730,15,32,46.88,0
2025,2025gagai,Week 1,5,captain,1414,7,32,21.88,0
2025,2025gagai,Week 1,5,pick1,7451,14,32,43.75,0
2025,2025gagai,Week 1,5,pick2,1746,19,32,59.38,0
2025,2025gagai,Week 1,6,captain,5608,9,32,28.12,0
2025,2025gagai,Week 1,6,pick1,9260,10,32,31.25,0
2025,2025gagai,Week 1,6,pick2,9480,21,32,65.62,0
2025,2025gagai,Week 1,7,captain,8865,11,32,34.38,0
2025,2025gagai,Week 1,7,pick1,4188,18,32,56.25,0
2025,2025gagai,Week 1,7,pick2,5109,20,32,62.5,0
2025,2025gagai,Week 1,8,captain,4189,12,32,37.5,0
2025,2025gagai,Week 1,8,pick1,6712,17,32,53.12,0
2025,2025gagai,Week 1,8,pick2,9477,23,32,71.88,0
2025,2025inmis,Week 1,1,captain,7457,1,36,2.78,1
2025,2025inmis,Week 1,1,pick1,1501,2,36,5.56,1
2025,2025inmis,Week 1,1,pick2,10332,12,36,33.33,1
2025,2025inmis,Week 1,2,captain,135,3,36,8.33,0
2025,2025inmis,Week 1,2,pick1,461,4,36,11.11,0
2025,2025inmis,Week 1,2,pick2,1555,25,36,69.44,0
2025,2025inmis,Week 1,3,captain,829,5,36,13.89,0
2025,2025inmis,Week 1,3,pick1,1024,11,36,30.56,0
2025,2025inmis,Week 1,3,pick2,3147,29,36,80.56,0
2025,2025inmis,Week 1,4,captain,5010,6,36,16.67,0
2025,2025inmis,Week 1,4,pick1,5484,23,36,63.89,0
2025,2025inmis,Week 1,4,pick2,1646,36,36,100.0,0
2025,2025inmis,Week 1,5,captain,6721,7,36,19.44,0
2025,2025inmis,Week 1,5,pick1,4926,22,36,61.11,0
2025,2025inmis,Week 1,5,pick2,2867,26,36,72.22,0
2025,2025inmis,Week 1,6,captain,45,8,36,22.22,0
2025,2025inmis,Week 1,6,pick1,2197,15,36,41.67,0
2025,2025inmis,Week 1,6,pick2,9071,28,36,77.78,0
2025,2025inmis,Week 1,7,captain,3865,9,36,25.0,0
2025,2025inmis,Week 1,7,pick1,3936,16,36,44.44,0
2025,2025inmis,Week 1,7,pick2,447,18,36,50.0,0
2025,2025inmis,Week 1,8,captain,3176,10,36,27.78,0
2025,2025inmis,Week 1,8,pick1,328,13,36,36.11,0
2025,2025inmis,Week 1,8,pick2,2171,17,36,47.22,0
2025,2025mefal,Week 1,1,captain,6329,1,30,3.33,1
2025,2025mefal,Week 1,1,pick1,190,2,30,6.67,1
2025,2025mefal,Week 1,1,pick2,4564,29,30,96.67,1
2025,2025mefal,Week 1,2,captain,467,3,30,10.0,0
2025,2025mefal,Week 1,2,pick1,95,6,30,20.0,0
2025,2025mefal,Week 1,2,pick2,9055,26,30,86.67,0
2025,2025mefal,Week 1,3,captain,131,4,30,13.33,0
2025,2025mefal,Week 1,3,pick1,5687,14,30,46.67,0
2025,2025mefal,Week 1,3,pick2,238,25,30,83.33,0
2025,2025mefal,Week 1,4,captain,6691,5,30,16.67,0
2025,2025mefal,Week 1,4,pick1,2648,19,30,63.33,0
2025,2025mefal,Week 1,4,pick2,1071,21,30,70.0,0
2025,2025mefal,Week 1,5,captain,166,7,30,23.33,0
2025,2025mefal,Week 1,5,pick1,58,8,30,26.67,0
2025,2025mefal,Week 1,5,pick2,6153,15,30,50.0,0
2025,2025mefal,Week 1,6,captain,3314,9,30,30.0,0
2025,2025mefal,Week 1,6,pick1,126,11,30,36.67,0
2025,2025mefal,Week 1,6,pick2,8023,24,30,80.0,0
2025,2025mefal,Week 1,7,captain,5422,10,30,33.33,0
2025,2025mefal,Week 1,7,pick1,4041,22,30,73.33,0
2025,2025mefal,Week 1,7,pick2,1729,23,30,76.67,0
2025,2025mefal,Week 1,8,captain,4473,12,30,40.0,0
2025,2025mefal,Week 1,8,pick1,4176,13,30,43.33,0
2025,2025mefal,Week 1,8,pick2,172,18,30,60.0,0
2025,2025mefal,Week 1,8,backup,9732,17,30,56.67,0
2025,2025mibat,Week 1,1,captain,8608,1,38,2.63,1
2025,2025mibat,Week 1,1,pick1,6002,2,38,5.26,1
2025,2025mibat,Week 1,1,pick2,4453,22,38,57.89,1
2025,2025mibat,Week 1,2,captain,7197,3,38,7.89,0
2025,2025mibat,Week 1,2,pick1,3655,4,38,10.53,0
2025,2025mibat,Week 1,2,pick2,9566,36,38,94.74,0
2025,2025mibat,Week 1,3,captain,7811,5,38,13.16,0
2025,2025mibat,Week 1,3,pick1,5144,12,38,31.58,0
2025,2025mibat,Week 1,3,pick2,5623,21,38,55.26,0
2025,2025mibat,Week 1,4,captain,5674,6,38,15.79,0
2025,2025mibat,Week 1,4,pick1,5501,13,38,34.21,0
2025,2025mibat,Week 1,4,pick2,5248,16,38,42.11,0
2025,2025mibat,Week 1,5,captain,9215,7,38,18.42,0
2025,2025mibat,Week 1,5,pick1,4381,9,38,23.68,0
2025,2025mibat,Week 1,5,pick2,7226,30,38,78.95,0
2025,2025mibat,Week 1,6,captain,4422,8,38,21.05,0
2025,2025mibat,Week 1,6,pick1,6081,10,38,26.32,0
2025,2025mibat,Week 1,6,pick2,5676,25,38,65.79,0
2025,2025mibat,Week 1,7,captain,9671,11,38,28.95,0
2025,2025mibat,Week 1,7,pick1,5980,15,38,39.47,0
2025,2025mibat,Week 1,7,pick2,3875,24,38,63.16,0
2025,2025mibat,Week 1,8,captain,858,14,38,36.84,0
2025,2025mibat,Week 1,8,pick1,5152,27,38,71.05,0
2025,2025mibat,Week 1,8,pick2,8126,19,38,50.0,0
2025,2025mifer,Week 1,1,captain,33,1,40,2.5,1
2025,2025mifer,Week 1,1,pick1,3538,3,40,7.5,1
2025,2025mifer,Week 1,1,pick2,1250,25,40,62.5,1
2025,2025mifer,Week 1,2,captain,1701,2,40,5.0,0
2025,2025mifer,Week 1,2,pick1,7769,7,40,17.5,0
2025,2025mifer,Week 1,2,pick2,4384,22,40,55.0,0
2025,2025mifer,Week 1,3,captain,5577,4,40,10.0,0
2025,2025mifer,Week 1,3,pick1,68,6,40,15.0,0
2025,2025mifer,Week 1,3,pick2,5708,34,40,85.0,0
2025,2025mifer,Week 1,4,captain,1025,5,40,12.5,0
2025,2025mifer,Week 1,4,pick1,5530,11,40,27.5,0
2025,2025mifer,Week 1,4,pick2,4680,29,40,72.5,0
2025,2025mifer,Week 1,5,captain,3175,8,40,20.0,0
2025,2025mifer,Week 1,5,pick1,1188,12,40,30.0,0
2025,2025mifer,Week 1,5,pick2,2851,24,40,60.0,0
2025,2025mifer,Week 1,6,captain,3414,9,40,22.5,0
2025,2025mifer,Week 1,6,pick1,5436,13,40,32.5,0
2025,2025mifer,Week 1,6,pick2,8280,20,40,50.0,0
2025,2025mifer,Week 1,7,captain,6570,10,40,25.0,0
2025,2025mifer,Week 1,7,pick1,302,14,40,35.0,0
2025,2025mifer,Week 1,7,pick2,6618,21,40,52.5,0
2025,2025mifer,Week 1,8,captain,5090,15,40,37.5,0
2025,2025mifer,Week 1,8,pick1,3604,23,40,57.5,0
2025,2025mifer,Week 1,8,pick2,247,17,40,42.5,0
2025,2025milac,Week 1,1,captain,226,1,37,2.7,0
2025,2025milac,Week 1,1,pick1,3767,3,37,8.11,0
2025,2025milac,Week 1,1,pick2,8041,23,37,62.16,0
2025,2025milac,Week 1,2,captain,3572,2,37,5.41,1
2025,2025milac,Week 1,2,pick1,1481,4,37,10.81,1
2025,2025milac,Week 1,2,pick2,3537,20,37,54.05,1
2025,2025milac,Week 1,3,captain,5505,5,37,13.51,0
2025,2025milac,Week 1,3,pick1,3546,17,37,45.95,0
2025,2025milac,Week 1,3,pick2,4377,36,37,97.3,0
2025,2025milac,Week 1,4,captain,7501,6,37,16.22,0
2025,2025milac,Week 1,4,pick1,3357,8,37,21.62,0
2025,2025milac,Week 1,4,pick2,3688,27,37,72.97,0
2025,2025milac,Week 1,5,captain,1718,7,37,18.92,0
2025,2025milac,Week 1,5,pick1,7790,15,37,40.54,0
2025,2025milac,Week 1,5,pick2,5603,32,37,86.49,0
2025,2025milac,Week 1,6,captain,7250,9,37,24.32,0
2025,2025milac,Week 1,6,pick1,1502,10,37,27.03,0
2025,2025milac,Week 1,6,pick2,3452,22,37,59.46,0
2025,2025milac,Week 1,7,captain,3603,11,37,29.73,0
2025,2025milac,Week 1,7,pick1,5086,18,37,48.65,0
2025,2025milac,Week 1,7,pick2,6087,21,37,56.76,0
2025,2025milac,Week 1,8,captain,6005,12,37,32.43,0
2025,2025milac,Week 1,8,pick1,9759,16,37,43.24,0
2025,2025milac,Week 1,8,pick2,5110,19,37,51.35,0
2025,2025nhsal,Week 1,1,captain,3467,1,36,2.78,1
2025,2025nhsal,Week 1,1,pick1,6328,3,36,8.33,1
2025,2025nhsal,Week 1,1,pick2,9443,27,36,75.0,1
2025,2025nhsal,Week 1,2,captain,4909,2,36,5.56,0
2025,2025nhsal,Week 1,2,pick1,2877,4,36,11.11,0
2025,2025nhsal,Week 1,2,pick2,1512,24,36,66.67,0
2025,2025nhsal,Week 1,3,captain,9644,5,36,13.89,0
2025,2025nhsal,Week 1,3,pick1,1768,10,36,27.78,0
2025,2025nhsal,Week 1,3,pick2,1721,19,36,52.78,0
2025,2025nhsal,Week 1,4,captain,138,6,36,16.67,0
2025,2025nhsal,Week 1,4,pick1,2342,11,36,30.56,0
2025,2025nhsal,Week 1,4,pick2,6690,31,36,86.11,0
2025,2025nhsal,Week 1,5,captain,8013,7,36,19.44,0
2025,2025nhsal,Week 1,5,pick1,1058,9,36,25.0,0
2025,2025nhsal,Week 1,5,pick2,1277,17,36,47.22,0
2025,2025nhsal,Week 1,6,captain,6201,8,36,22.22,0
2025,2025nhsal,Week 1,6,pick1,663,12,36,33.33,0
2025,2025nhsal,Week 1,6,pick2,3623,28,36,77.78,0
2025,2025nhsal,Week 1,7,captain,4925,13,36,36.11,0
2025,2025nhsal,Week 1,7,pick1,5962,14,36,38.89,0
2025,2025nhsal,Week 1,7,pick2,319,25,36,69.44,0
2025,2025nhsal,Week 1,8,captain,8708,15,36,41.67,0
2025,2025nhsal,Week 1,8,pick1,8410,16,36,44.44,0
2025,2025nhsal,Week 1,8,pick2,501,22,36,61.11,0
2025,2025onnew,Week 1,1,captain,4946,1,29,3.45,1
2025,2025onnew,Week 1,1,pick1,5409,2,29,6.9,1
2025,2025onnew,Week 1,1,pick2,10015,13,29,44.83,1
2025,2025onnew,Week 1,2,captain,4152,3,29,10.34,0
2025,2025onnew,Week 1,2,pick1,4476,5,29,17.24,0
2025,2025onnew,Week 1,2,pick2,9580,16,29,55.17,0
2025,2025onnew,Week 1,3,captain,9098,4,29,13.79,0
2025,2025onnew,Week 1,3,pick1,1241,7,29,24.14,0
2025,2025onnew,Week 1,3,pick2,5885,24,29,82.76,0
2025,2025onnew,Week 1,4,captain,7480,6,29,20.69,0
2025,2025onnew,Week 1,4,pick1,3739,17,29,58.62,0
2025,2025onnew,Week 1,4,pick2,9569,19,29,65.52,0
2025,2025onnew,Week 1,5,captain,1229,8,29,27.59,0
2025,2025onnew,Week 1,5,pick1,4976,18,29,62.07,0
2025,2025onnew,Week 1,5,pick2,2386,21,29,72.41,0
2025,2025onnew,Week 1,6,captain,1285,9,29,31.03,0
2025,2025onnew,Week 1,6,pick1,1305,22,29,75.86,0
2025,2025onnew,Week 1,6,pick2,4951,26,29,89.66,0
2025,2025onnew,Week 1,7,captain,8349,10,29,34.48,0
2025,2025onnew,Week 1,7,pick1,1325,27,29,93.1,0
2025,2025onnew,Week 1,7,pick2,7902,20,29,68.97,0
2025,2025onnew,Week 1,8,captain,9263,11,29,37.93,0
2025,2025onnew,Week 1,8,pick1,6110,15,29,51.72,0
2025,2025onnew,Week 1,8,pick2,7200,14,29,48.28,0
2025,2025pahat,Week 1,1,captain,2539,1,32,3.12,1
2025,2025pahat,Week 1,1,pick1,341,2,32,6.25,1
2025,2025pahat,Week 1,1,pick2,2559,30,32,93.75,1
2025,2025pahat,Week 1,2,captain,862,3,32,9.38,0
2025,2025pahat,Week 1,2,pick1,1923,12,32,37.5,0
2025,2025pahat,Week 1,2,pick2,5684,19,32,59.38,0
2025,2025pahat,Week 1,3,captain,708,4,32,12.5,0
2025,2025pahat,Week 1,3,pick1,316,18,32,56.25,0
2025,2025pahat,Week 1,3,pick2,10584,24,32,75.0,0
2025,2025pahat,Week 1,4,captain,2607,5,32,15.62,0
2025,2025pahat,Week 1,4,pick1,2590,10,32,31.25,0
2025,2025pahat,Week 1,4,pick2,427,29,32,90.62,0
2025,2025pahat,Week 1,5,captain,1218,6,32,18.75,0
2025,2025pahat,Week 1,5,pick1,321,14,32,43.75,0
2025,2025pahat,Week 1,5,pick2,10070,15,32,46.88,0
2025,2025pahat,Week 1,6,captain,6808,7,32,21.88,0
2025,2025pahat,Week 1,6,pick1,5181,11,32,34.38,0
2025,2025pahat,Week 1,6,pick2,5407,22,32,68.75,0
2025,2025pahat,Week 1,7,captain,6226,8,32,25.0,0
2025,2025pahat,Week 1,7,pick1,1168,25,32,78.12,0
2025,2025pahat,Week 1,7,pick2,5401,13,32,40.62,0
2025,2025pahat,Week 1,8,captain,1089,9,32,28.12,0
2025,2025pahat,Week 1,8,pick1,1403,26,32,81.25,0
2025,2025pahat,Week 1,8,pick2,4285,21,32,65.62,0
2025,2025vagle,Week 1,1,captain,1731,1,34,2.94,1
2025,2025vagle,Week 1,1,pick1,449,3,34,8.82,1
2025,2025vagle,Week 1,1,pick2,4505,30,34,88.24,1
2025,2025vagle,Week 1,1,backup,10370,15,34,44.12,1
2025,2025vagle,Week 1,2,captain,2106,2,34,5.88,0
2025,2025vagle,Week 1,2,pick1,8592,4,34,11.76,0
2025,2025vagle,Week 1,2,pick2,339,22,34,64.71,0
2025,2025vagle,Week 1,3,captain,1086,5,34,14.71,0
2025,2025vagle,Week 1,3,pick1,5804,12,34,35.29,0
2025,2025vagle,Week 1,3,pick2,539,21,34,61.76,0
2025,2025vagle,Week 1,4,captain,9003,6,34,17.65,0
2025,2025vagle,Week 1,4,pick1,346,9,34,26.47,0
2025,2025vagle,Week 1,4,pick2,404,23,34,67.65,0
2025,2025vagle,Week 1,5,captain,1895,7,34,20.59,0
2025,2025vagle,Week 1,5,pick1,6802,13,34,38.24,0
2025,2025vagle,Week 1,5,pick2,5724,24,34,70.59,0
2025,2025vagle,Week 1,6,captain,10224,8,34,23.53,0
2025,2025vagle,Week 1,6,pick1,3373,10,34,29.41,0
2025,2025vagle,Week 1,6,pick2,4472,26,34,76.47,0
2025,2025vagle,Week 1,7,captain,540,11,34,32.35,0
2025,2025vagle,Week 1,7,pick1,614,17,34,50.0,0
2025,2025vagle,Week 1,7,pick2,6326,31,34,91.18,0
2025,2025vagle,Week 1,8,captain,1599,14,34,41.18,0
2025,2025vagle,Week 1,8,pick1,1522,28,34,82.35,0
2025,2025vagle,Week 1,8,pick2,1262,29,34,85.29,0
2025,2025txtom,Week 1,1,captain,118,1,34,2.94,1
2025,2025txtom,Week 1,1,pick1,6800,3,34,8.82,1
2025,2025txtom,Week 1,1,pick2,5417,27,34,79.41,1
2025,2025txtom,Week 1,1,backup,8392,14,34,41.18,1
2025,2025txtom,Week 1,2,captain,1477,2,34,5.88,0
2025,2025txtom,Week 1,2,pick1,624,8,34,23.53,0
2025,2025txtom,Week 1,2,pick2,9289,28,34,82.35,0
2025,2025txtom,Week 1,3,captain,10118,4,34,11.76,0
2025,2025txtom,Week 1,3,pick1,4639,16,34,47.06,0
2025,2025txtom,Week 1,3,pick2,9478,21,34,61.76,0
2025,2025txtom,Week 1,4,captain,8576,5,34,14.71,0
2025,2025txtom,Week 1,4,pick1,5788,22,34,64.71,0
2025,2025txtom,Week 1,4,pick2,5261,32,34,94.12,0
2025,2025txtom,Week 1,5,captain,7312,6,34,17.65,0
2025,2025txtom,Week 1,5,pick1,231,11,34,32.35,0
2025,2025txtom,Week 1,5,pick2,9307,20,34,58.82,0
2025,2025txtom,Week 1,6,captain,8177,7,34,20.59,0
2025,2025txtom,Week 1,6,pick1,6488,9,34,26.47,0
2025,2025txtom,Week 1,6,pick2,4295,31,34,91.18,0
2025,2025txtom,Week 1,6,backup,8591,17,34,50.0,0
2025,2025txtom,Week 1,7,captain,8370,10,34,29.41,0
2025,2025txtom,Week 1,7,pick1,9512,12,34,35.29,0
2025,2025txtom,Week 1,7,pick2,9181,23,34,67.65,0
2025,2025txtom,Week 1,8,captain,8144,13,34,38.24,0
2025,2025txtom,Week 1,8,pick1,3735,15,34,44.12,0
2025,2025txtom,Week 1,8,pick2,4219,25,34,73.53,0
2025,2025txtom,Week 1,8,backup,4587,18,34,52.94,0
2025,2025wasno,Week 1,1,captain,1778,1,33,3.03,1
2025,2025wasno,Week 1,1,pick1,2046,6,33,18.18,1
2025,2025wasno,Week 1,1,pick2,3826,19,33,57.58,1
2025,2025wasno,Week 1,2,captain,9450,2,33,6.06,0
2025,2025wasno,Week 1,2,pick1,2930,3,33,9.09,0
2025,2025wasno,Week 1,2,pick2,4918,18,33,54.55,0
2025,2025wasno,Week 1,3,captain,1318,4,33,12.12,0
2025,2025wasno,Week 1,3,pick1,9442,12,33,36.36,0
2025,2025wasno,Week 1,3,pick2,2929,33,33,100.0,0
2025,2025wasno,Week 1,4,captain,2522,5,33,15.15,0
2025,2025wasno,Week 1,4,pick1,360,7,33,21.21,0
2025,2025wasno,Week 1,4,pick2,4512,31,33,93.94,0
2025,2025wasno,Week 1,5,captain,3218,8,33,24.24,0
2025,2025wasno,Week 1,5,pick1,4469,9,33,27.27,0
2025,2025wasno,Week 1,5,pick2,2903,17,33,51.52,0
2025,2025wasno,Week 1,6,captain,10416,10,33,30.3,0
2025,2025wasno,Week 1,6,pick1,5827,16,33,48.48,0
2025,2025wasno,Week 1,6,pick2,5941,32,33,96.97,0
2025,2025wasno,Week 1,7,captain,4131,11,33,33.33,0
2025,2025wasno,Week 1,7,pick1,7627,23,33,69.7,0
2025,2025wasno,Week 1,7,pick2,4911,25,33,75.76,0
2025,2025wasno,Week 1,8,captain,4450,13,33,39.39,0
2025,2025wasno,Week 1,8,pick1,4089,14,33,42.42,0
2025,2025wasno,Week 1,8,pick2,10079,15,33,45.45,0
2025,2025tuis,Week 2,1,captain,7539,1,48,2.08,1
2025,2025tuis,Week 2,1,pick1,9609,2,48,4.17,1
2025,2025tuis,Week 2,1,pick2,10337,28,48,58.33,1
2025,2025tuis,Week 2,2,captain,7536,3,48,6.25,0
2025,2025tuis,Week 2,2,pick1,8214,9,48,18.75,0
2025,2025tuis,Week 2,2,pick2,7748,32,48,66.67,0
2025,2025tuis,Week 2,3,captain,10541,4,48,8.33,0
2025,2025tuis,Week 2,3,pick1,6948,11,48,22.92,0
2025,2025tuis,Week 2,3,pick2,9523,17,48,35.42,0
2025,2025tuis,Week 2,4,captain,10234,5,48,10.42,0
2025,2025tuis,Week 2,4,pick1,7576,16,48,33.33,0
2025,2025tuis,Week 2,4,pick2,2905,27,48,56.25,0
2025,2025tuis,Week 2,5,captain,9020,6,48,12.5,0
2025,2025tuis,Week 2,5,pick1,5773,34,48,70.83,0
2025,2025tuis,Week 2,5,pick2,9089,21,48,43.75,0
2025,2025tuis,Week 2,6,captain,9519,7,48,14.58,0
2025,2025tuis,Week 2,6,pick1,6985,15,48,31.25,0
2025,2025tuis,Week 2,6,pick2,6402,14,48,29.17,0
2025,2025tuis,Week 2,7,captain,5665,8,48,16.67,0
2025,2025tuis,Week 2,7,pick1,6014,10,48,20.83,0
2025,2025tuis,Week 2,7,pick2,10396,26,48,54.17,0
2025,2025tuis,Week 2,8,captain,9231,12,48,25.0,0
2025,2025tuis,Week 2,8,pick1,8084,19,48,39.58,0
2025,2025tuis,Week 2,8,pick2,6874,25,48,52.08,0
2025,2025tuis2,Week 2,1,captain,9483,1,48,2.08,1
2025,2025tuis2,Week 2,1,pick1,8159,6,48,12.5,1
2025,2025tuis2,Week 2,1,pick2,10598,26,48,54.17,1
2025,2025tuis2,Week 2,2,captain,9635,2,48,4.17,0
2025,2025tuis2,Week 2,2,pick1,6459,9,48,18.75,0
2025,2025tuis2,Week 2,2,pick2,9591,28,48,58.33,0
2025,2025tuis2,Week 2,3,captain,6838,3,48,6.25,0
2025,2025tuis2,Week 2,3,pick1,10604,8,48,16.67,0
2025,2025tuis2,Week 2,3,pick2,9265,38,48,79.17,0
2025,2025tuis2,Week 2,4,captain,6431,4,48,8.33,0
2025,2025tuis2,Week 2,4,pick1,10428,7,48,14.58,0
2025,2025tuis2,Week 2,4,pick2,7611,44,48,91.67,0
2025,2025tuis2,Week 2,5,captain,6025,5,48,10.42,0
2025,2025tuis2,Week 2,5,pick1,6417,10,48,20.83,0
2025,2025tuis2,Week 2,5,pick2,9694,27,48,56.25,0
2025,2025tuis2,Week 2,6,captain,10465,11,48,22.92,0
2025,2025tuis2,Week 2,6,pick1,8011,14,48,29.17,0
2025,2025tuis2,Week 2,6,pick2,8151,22,48,45.83,0
2025,2025tuis2,Week 2,6,backup,9583,15,48,31.25,0
2025,2025tuis2,Week 2,7,captain,9232,12,48,25.0,0
2025,2025tuis2,Week 2,7,pick1,8557,21,48,43.75,0
2025,2025tuis2,Week 2,7,pick2,10528,29,48,60.42,0
2025,2025tuis2,Week 2,8,captain,9025,13,48,27.08,0
2025,2025tuis2,Week 2,8,pick1,8058,32,48,66.67,0
2025,2025tuis2,Week 2,8,pick2,9510,25,48,52.08,0
2025,2025nysu,Week 2,1,captain,694,1,49,2.04,1
2025,2025nysu,Week 2,1,pick1,1796,3,49,6.12,1
2025,2025nysu,Week 2,1,pick2,5298,36,49,73.47,1
2025,2025nysu,Week 2,2,captain,5736,2,49,4.08,0
2025,2025nysu,Week 2,2,pick1,353,4,49,8.16,0
2025,2025nysu,Week 2,2,pick2,5016,20,49,40.82,0
2025,2025nysu,Week 2,3,captain,9295,5,49,10.2,0
2025,2025nysu,Week 2,3,pick1,4122,15,49,30.61,0
2025,2025nysu,Week 2,3,pick2,1884,31,49,63.27,0
2025,2025nysu,Week 2,4,captain,2053,6,49,12.24,0
2025,2025nysu,Week 2,4,pick1,2872,9,49,18.37,0
2025,2025nysu,Week 2,4,pick2,379,21,49,42.86,0
2025,2025nysu,Week 2,4,backup,3624,12,49,24.49,0
2025,2025nysu,Week 2,5,captain,1493,7,49,14.29,0
2025,2025nysu,Week 2,5,pick1,9016,13,49,26.53,0
2025,2025nysu,Week 2,5,pick2,1880,14,49,28.57,0
2025,2025nysu,Week 2,6,captain,6423,8,49,16.33,0
2025,2025nysu,Week 2,6,pick1,6911,18,49,36.73,0
2025,2025nysu,Week 2,6,pick2,1155,35,49,71.43,0
2025,2025nysu,Week 2,7,captain,287,10,49,20.41,0
2025,2025nysu,Week 2,7,pick1,3419,19,49,38.78,0
2025,2025nysu,Week 2,7,pick2,4467,17,49,34.69,0
2025,2025nysu,Week 2,8,captain,6593,11,49,22.45,0
2025,2025nysu,Week 2,8,pick1,2601,25,49,51.02,0
2025,2025nysu,Week 2,8,pick2,9642,49,49,100.0,0
2025,2025qcmo,Week 2,1,captain,3015,1,37,2.7,1
2025,2025qcmo,Week 2,1,pick1,3990,3,37,8.11,1
2025,2025qcmo,Week 2,1,pick2,3544,26,37,70.27,1
2025,2025qcmo,Week 2,2,captain,4947,2,37,5.41,0
2025,2025qcmo,Week 2,2,pick1,3986,4,37,10.81,0
2025,2025qcmo,Week 2,2,pick2,5618,16,37,43.24,0
2025,2025qcmo,Week 2,3,captain,9234,5,37,13.51,0
2025,2025qcmo,Week 2,3,pick1,5439,9,37,24.32,0
2025,2025qcmo,Week 2,3,pick2,3996,34,37,91.89,0
2025,2025qcmo,Week 2,4,captain,8132,6,37,16.22,0
2025,2025qcmo,Week 2,4,pick1,5528,7,37,18.92,0
2025,2025qcmo,Week 2,4,pick2,5440,13,37,35.14,0
2025,2025qcmo,Week 2,5,captain,9406,8,37,21.62,0
2025,2025qcmo,Week 2,5,pick1,3117,22,37,59.46,0
2025,2025qcmo,Week 2,5,pick2,6929,25,37,67.57,0
2025,2025qcmo,Week 2,6,captain,3550,10,37,27.03,0
2025,2025qcmo,Week 2,6,pick1,9624,14,37,37.84,0
2025,2025qcmo,Week 2,6,pick2,7605,20,37,54.05,0
2025,2025qcmo,Week 2,7,captain,244,11,37,29.73,0
2025,2025qcmo,Week 2,7,pick1,3360,15,37,40.54,0
2025,2025qcmo,Week 2,7,pick2,6622,23,37,62.16,0
2025,2025qcmo,Week 2,8,captain,2626,12,37,32.43,0
2025,2025qcmo,Week 2,8,pick1,4952,17,37,45.95,0
2025,2025qcmo,Week 2,8,pick2,8067,35,37,94.59,0
2025,2025arli,Week 2,1,captain,2481,1,30,3.33,1
2025,2025arli,Week 2,1,pick1,118,4,30,13.33,1
2025,2025arli,Week 2,1,pick2,7483,26,30,86.67,1
2025,2025arli,Week 2,2,captain,8044,2,30,6.67,0
2025,2025arli,Week 2,2,pick1,4499,3,30,10.0,0
2025,2025arli,Week 2,2,pick2,7917,25,30,83.33,0
2025,2025arli,Week 2,3,captain,6424,5,30,16.67,0
2025,2025arli,Week 2,3,pick1,3937,7,30,23.33,0
2025,2025arli,Week 2,3,pick2,5437,24,30,80.0,0
2025,2025arli,Week 2,4,captain,4500,6,30,20.0,0
2025,2025arli,Week 2,4,pick1,179,11,30,36.67,0
2025,2025arli,Week 2,4,pick2,6586,28,30,93.33,0
2025,2025arli,Week 2,5,captain,16,8,30,26.67,0
2025,2025arli,Week 2,5,pick1,1108,9,30,30.0,0
2025,2025arli,Week 2,5,pick2,7525,16,30,53.33,0
2025,2025arli,Week 2,6,captain,2036,10,30,33.33,0
2025,2025arli,Week 2,6,pick1,1781,22,30,73.33,0
2025,2025arli,Week 2,6,pick2,9067,18,30,60.0,0
2025,2025arli,Week 2,7,captain,3201,12,30,40.0,0
2025,2025arli,Week 2,7,pick1,323,21,30,70.0,0
2025,2025arli,Week 2,7,pick2,2341,20,30,66.67,0
2025,2025arli,Week 2,8,captain,10101,13,30,43.33,0
2025,2025arli,Week 2,8,pick1,5002,14,30,46.67,0
2025,2025arli,Week 2,8,pick2,2399,23,30,76.67,0
2025,2025mose,Week 2,1,captain,1756,1,36,2.78,1
2025,2025mose,Week 2,1,pick1,4522,8,36,22.22,1
2025,2025mose,Week 2,1,pick2,5968,16,36,44.44,1
2025,2025mose,Week 2,2,captain,1710,2,36,5.56,0
2025,2025mose,Week 2,2,pick1,4646,6,36,16.67,0
2025,2025mose,Week 2,2,pick2,1939,24,36,66.67,0
2025,2025mose,Week 2,2,backup,1785,15,36,41.67,0
2025,2025mose,Week 2,3,captain,5801,3,36,8.33,0
2025,2025mose,Week 2,3,pick1,3928,25,36,69.44,0
2025,2025mose,Week 2,3,pick2,6419,27,36,75.0,0
2025,2025mose,Week 2,4,captain,2996,4,36,11.11,0
2025,2025mose,Week 2,4,pick1,2357,14,36,38.89,0
2025,2025mose,Week 2,4,pick2,5126,22,36,61.11,0
2025,2025mose,Week 2,5,captain,167,5,36,13.89,0
2025,2025mose,Week 2,5,pick1,5809,11,36,30.56,0
2025,2025mose,Week 2,5,pick2,1806,20,36,55.56,0
2025,2025mose,Week 2,6,captain,1736,7,36,19.44,0
2025,2025mose,Week 2,6,pick1,4213,13,36,36.11,0
2025,2025mose,Week 2,6,pick2,3184,17,36,47.22,0
2025,2025mose,Week 2,7,captain,1987,9,36,25.0,0
2025,2025mose,Week 2,7,pick1,2718,10,36,27.78,0
2025,2025mose,Week 2,7,pick2,8825,23,36,63.89,0
2025,2025mose,Week 2,8,captain,4766,12,36,33.33,0
2025,2025mose,Week 2,8,pick1,1810,29,36,80.56,0
2025,2025mose,Week 2,8,pick2,3284,19,36,52.78,0
2025,2025gadal,Week 2,1,captain,6919,1,31,3.23,1
2025,2025gadal,Week 2,1,pick1,2974,3,31,9.68,1
2025,2025gadal,Week 2,1,pick2,10376,25,31,80.65,1
2025,2025gadal,Week 2,2,captain,6829,2,31,6.45,0
2025,2025gadal,Week 2,2,pick1,1648,6,31,19.35,0
2025,2025gadal,Week 2,2,pick2,7676,31,31,100.0,0
2025,2025gadal,Week 2,3,captain,4112,4,31,12.9,0
2025,2025gadal,Week 2,3,pick1,6023,5,31,16.13,0
2025,2025gadal,Week 2,3,pick2,6905,17,31,54.84,0
2025,2025gadal,Week 2,4,captain,3635,7,31,22.58,0
2025,2025gadal,Week 2,4,pick1,5608,8,31,25.81,0
2025,2025gadal,Week 2,4,pick2,3329,24,31,77.42,0
2025,2025gadal,Week 2,5,captain,5900,9,31,29.03,0
2025,2025gadal,Week 2,5,pick1,6705,10,31,32.26,0
2025,2025gadal,Week 2,5,pick2,4468,23,31,74.19,0
2025,2025gadal,Week 2,6,captain,8849,11,31,35.48,0
2025,2025gadal,Week 2,6,pick1,1002,13,31,41.94,0
2025,2025gadal,Week 2,6,pick2,6944,21,31,67.74,0
2025,2025gadal,Week 2,7,captain,4026,12,31,38.71,0
2025,2025gadal,Week 2,7,pick1,3815,15,31,48.39,0
2025,2025gadal,Week 2,7,pick2,3344,18,31,58.06,0
2025,2025gadal,Week 2,8,captain,5219,14,31,45.16,0
2025,2025gadal,Week 2,8,pick1,6712,16,31,51.61,0
2025,2025gadal,Week 2,8,pick2,4701,19,31,61.29,0
2025,2025mike2,Week 2,1,captain,2337,1,39,2.56,1
2025,2025mike2,Week 2,1,pick1,2832,5,39,12.82,1
2025,2025mike2,Week 2,1,pick2,9251,34,39,87.18,1
2025,2025mike2,Week 2,2,captain,5660,2,39,5.13,0
2025,2025mike2,Week 2,2,pick1,1506,3,39,7.69,0
2025,2025mike2,Week 2,2,pick2,9237,38,39,97.44,0
2025,2025mike2,Week 2,3,captain,7211,4,39,10.26,0
2025,2025mike2,Week 2,3,pick1,1684,24,39,61.54,0
2025,2025mike2,Week 2,3,pick2,3098,27,39,69.23,0
2025,2025mike2,Week 2,4,captain,5114,6,39,15.38,0
2025,2025mike2,Week 2,4,pick1,5907,18,39,46.15,0
2025,2025mike2,Week 2,4,pick2,5612,30,39,76.92,0
2025,2025mike2,Week 2,5,captain,5538,7,39,17.95,0
2025,2025mike2,Week 2,5,pick1,6078,10,39,25.64,0
2025,2025mike2,Week 2,5,pick2,7784,14,39,35.9,0
2025,2025mike2,Week 2,6,captain,6861,8,39,20.51,0
2025,2025mike2,Week 2,6,pick1,5533,9,39,23.08,0
2025,2025mike2,Week 2,6,pick2,5878,20,39,51.28,0
2025,2025mike2,Week 2,7,captain,5046,11,39,28.21,0
2025,2025mike2,Week 2,7,pick1,6085,25,39,64.1,0
2025,2025mike2,Week 2,7,pick2,5561,15,39,38.46,0
2025,2025mike2,Week 2,8,captain,3667,12,39,30.77,0
2025,2025mike2,Week 2,8,pick1,9572,33,39,84.62,0
2025,2025mike2,Week 2,8,pick2,8426,35,39,89.74,0
2025,2025misjo,Week 2,1,captain,2767,1,40,2.5,1
2025,2025misjo,Week 2,1,pick1,3620,2,40,5.0,1
2025,2025misjo,Week 2,1,pick2,7210,37,40,92.5,1
2025,2025misjo,Week 2,1,backup,6588,15,40,37.5,1
2025,2025misjo,Week 2,2,captain,5675,3,40,7.5,0
2025,2025misjo,Week 2,2,pick1,6548,10,40,25.0,0
2025,2025misjo,Week 2,2,pick2,5559,23,40,57.5,0
2025,2025misjo,Week 2,3,captain,2054,4,40,10.0,0
2025,2025misjo,Week 2,3,pick1,1076,8,40,20.0,0
2025,2025misjo,Week 2,3,pick2,4237,19,40,47.5,0
2025,2025misjo,Week 2,4,captain,5843,5,40,12.5,0
2025,2025misjo,Week 2,4,pick1,2611,17,40,42.5,0
2025,2025misjo,Week 2,4,pick2,9758,25,40,62.5,0
2025,2025misjo,Week 2,5,captain,2620,6,40,15.0,0
2025,2025misjo,Week 2,5,pick1,6570,7,40,17.5,0
2025,2025misjo,Week 2,5,pick2,10666,21,40,52.5,0
2025,2025misjo,Week 2,6,captain,5927,9,40,22.5,0
2025,2025misjo,Week 2,6,pick1,3658,16,40,40.0,0
2025,2025misjo,Week 2,6,pick2,5056,18,40,45.0,0
2025,2025misjo,Week 2,7,captain,6528,11,40,27.5,0
2025,2025misjo,Week 2,7,pick1,2959,26,40,65.0,0
2025,2025misjo,Week 2,7,pick2,6114,14,40,35.0,0
2025,2025misjo,Week 2,8,captain,10473,12,40,30.0,0
2025,2025misjo,Week 2,8,pick1,6877,22,40,55.0,0
2025,2025misjo,Week 2,8,pick2,74,20,40,50.0,0
2025,2025onsca,Week 2,1,captain,7558,1,29,3.45,1
2025,2025onsca,Week 2,1,pick1,188,5,29,17.24,1
2025,2025onsca,Week 2,1,pick2,6135,21,29,72.41,1
2025,2025onsca,Week 2,2,captain,610,2,29,6.9,0
2025,2025onsca,Week 2,2,pick1,781,6,29,20.69,0
2025,2025onsca,Week 2,2,pick2,771,28,29,96.55,0
2025,2025onsca,Week 2,3,captain,7520,3,29,10.34,0
2025,2025onsca,Week 2,3,pick1,8884,11,29,37.93,0
2025,2025onsca,Week 2,3,pick2,919,20,29,68.97,0
2025,2025onsca,Week 2,4,captain,5036,4,29,13.79,0
2025,2025onsca,Week 2,4,pick1,865,9,29,31.03,0
2025,2025onsca,Week 2,4,pick2,9262,14,29,48.28,0
2025,2025onsca,Week 2,5,captain,7712,7,29,24.14,0
2025,2025onsca,Week 2,5,pick1,1310,12,29,41.38,0
2025,2025onsca,Week 2,5,pick2,9525,15,29,51.72,0
2025,2025onsca,Week 2,6,captain,4069,8,29,27.59,0
2025,2025onsca,Week 2,6,pick1,9062,19,29,65.52,0
2025,2025onsca,Week 2,6,pick2,854,22,29,75.86,0
2025,2025onsca,Week 2,7,captain,2198,10,29,34.48,0
2025,2025onsca,Week 2,7,pick1,5032,16,29,55.17,0
2025,2025onsca,Week 2,7,pick2,9659,24,29,82.76,0
2025,2025onsca,Week 2,8,captain,5031,13,29,44.83,0
2025,2025onsca,Week 2,8,pick1,7659,17,29,58.62,0
2025,2025onsca,Week 2,8,pick2,9785,25,29,86.21,0
2025,2025schar,Week 2,1,captain,343,1,35,2.86,1
2025,2025schar,Week 2,1,pick1,4451,2,35,5.71,1
2025,2025schar,Week 2,1,pick2,8137,15,35,42.86,1
2025,2025schar,Week 2,2,captain,8575,3,35,8.57,0
2025,2025schar,Week 2,2,pick1,1287,7,35,20.0,0
2025,2025schar,Week 2,2,pick2,4083,28,35,80.0,0
2025,2025schar,Week 2,2,backup,10619,14,35,40.0,0
2025,2025schar,Week 2,3,captain,4967,4,35,11.43,0
2025,2025schar,Week 2,3,pick1,281,5,35,14.29,0
2025,2025schar,Week 2,3,pick2,3489,35,35,100.0,0
2025,2025schar,Week 2,4,captain,4864,6,35,17.14,0
2025,2025schar,Week 2,4,pick1,1102,12,35,34.29,0
2025,2025schar,Week 2,4,pick2,10591,30,35,85.71,0
2025,2025schar,Week 2,5,captain,10367,8,35,22.86,0
2025,2025schar,Week 2,5,pick1,5130,21,35,60.0,0
2025,2025schar,Week 2,5,pick2,1319,29,35,82.86,0
2025,2025schar,Week 2,6,captain,9571,9,35,25.71,0
2025,2025schar,Week 2,6,pick1,2815,17,35,48.57,0
2025,2025schar,Week 2,6,pick2,1051,16,35,45.71,0
2025,2025schar,Week 2,7,captain,342,10,35,28.57,0
2025,2025schar,Week 2,7,pick1,3490,13,35,37.14,0
2025,2025schar,Week 2,7,pick2,6167,19,35,54.29,0
2025,2025schar,Week 2,8,captain,1758,11,35,31.43,0
2025,2025schar,Week 2,8,pick1,4533,25,35,71.43,0
2025,2025schar,Week 2,8,pick2,6366,22,35,62.86,0
2025,2025txbel,Week 2,1,captain,6369,1,41,2.44,1
2025,2025txbel,Week 2,1,pick1,3847,2,41,4.88,1
2025,2025txbel,Week 2,1,pick2,10518,28,41,68.29,1
2025,2025txbel,Week 2,2,captain,5572,3,41,7.32,0
2025,2025txbel,Week 2,2,pick1,457,4,41,9.76,0
2025,2025txbel,Week 2,2,pick2,4717,32,41,78.05,0
2025,2025txbel,Week 2,2,backup,9311,13,41,31.71,0
2025,2025txbel,Week 2,3,captain,8874,5,41,12.2,0
2025,2025txbel,Week 2,3,pick1,5414,36,41,87.8,0
2025,2025txbel,Week 2,3,pick2,9448,41,41,100.0,0
2025,2025txbel,Week 2,4,captain,1745,6,41,14.63,0
2025,2025txbel,Week 2,4,pick1,9121,19,41,46.34,0
2025,2025txbel,Week 2,4,pick2,9034,17,41,41.46,0
2025,2025txbel,Week 2,5,captain,8019,7,41,17.07,0
2025,2025txbel,Week 2,5,pick1,3679,9,41,21.95,0
2025,2025txbel,Week 2,5,pick2,5829,33,41,80.49,0
2025,2025txbel,Week 2,6,captain,9418,8,41,19.51,0
2025,2025txbel,Week 2,6,pick1,9140,10,41,24.39,0
2025,2025txbel,Week 2,6,pick2,4364,40,41,97.56,0
2025,2025txbel,Week 2,7,captain,6243,11,41,26.83,0
2025,2025txbel,Week 2,7,pick1,5892,20,41,48.78,0
2025,2025txbel,Week 2,7,pick2,9080,30,41,73.17,0
2025,2025txbel,Week 2,8,captain,7540,12,41,29.27,0
2025,2025txbel,Week 2,8,pick1,5103,16,41,39.02,0
2025,2025txbel,Week 2,8,pick2,6357,23,41,56.1,0
2025,2025orore,Week 2,1,captain,3636,1,30,3.33,1
2025,2025orore,Week 2,1,pick1,3663,2,30,6.67,1
2025,2025orore,Week 2,1,pick2,3574,24,30,80.0,1
2025,2025orore,Week 2,2,captain,957,3,30,10.0,0
2025,2025orore,Week 2,2,pick1,4043,5,30,16.67,0
2025,2025orore,Week 2,2,pick2,2898,28,30,93.33,0
2025,2025orore,Week 2,3,captain,6696,4,30,13.33,0
2025,2025orore,Week 2,3,pick1,1540,6,30,20.0,0
2025,2025orore,Week 2,3,pick2,2915,21,30,70.0,0
2025,2025orore,Week 2,4,captain,1425,7,30,23.33,0
2025,2025orore,Week 2,4,pick1,3673,14,30,46.67,0
2025,2025orore,Week 2,4,pick2,6831,16,30,53.33,0
2025,2025orore,Week 2,5,captain,7034,8,30,26.67,0
2025,2025orore,Week 2,5,pick1,6443,9,30,30.0,0
2025,2025orore,Week 2,5,pick2,9446,23,30,76.67,0
2025,2025orore,Week 2,6,captain,4488,10,30,33.33,0
2025,2025orore,Week 2,6,pick1,2471,12,30,40.0,0
2025,2025orore,Week 2,6,pick2,2733,26,30,86.67,0
2025,2025orore,Week 2,7,captain,847,11,30,36.67,0
2025,2025orore,Week 2,7,pick1,4662,13,30,43.33,0
2025,2025orore,Week 2,7,pick2,5970,19,30,63.33,0
2025,2025orore,Week 2,8,captain,2635,15,30,50.0,0
2025,2025orore,Week 2,8,pick1,9430,18,30,60.0,0
2025,2025orore,Week 2,8,pick2,2557,22,30,73.33,0
2025,2025ausc,Week 2,1,captain,4613,1,41,2.44,1
2025,2025ausc,Week 2,1,pick1,5584,2,41,4.88,1
2025,2025ausc,Week 2,1,pick2,6083,16,41,39.02,1
2025,2025ausc,Week 2,2,captain,6996,3,41,7.32,0
2025,2025ausc,Week 2,2,pick1,7433,8,41,19.51,0
2025,2025ausc,Week 2,2,pick2,4729,28,41,68.29,0
2025,2025ausc,Week 2,3,captain,6510,4,41,9.76,0
2025,2025ausc,Week 2,3,pick1,4788,6,41,14.63,0
2025,2025ausc,Week 2,3,pick2,9616,41,41,100.0,0
2025,2025ausc,Week 2,4,captain,6497,5,41,12.2,0
2025,2025ausc,Week 2,4,pick1,4537,31,41,75.61,0
2025,2025ausc,Week 2,4,pick2,6434,24,41,58.54,0
2025,2025ausc,Week 2,5,captain,3132,7,41,17.07,0
2025,2025ausc,Week 2,5,pick1,4774,13,41,31.71,0
2025,2025ausc,Week 2,5,pick2,5876,17,41,41.46,0
2025,2025ausc,Week 2,5,backup,9587,12,41,29.27,0
2025,2025ausc,Week 2,6,captain,4739,9,41,21.95,0
2025,2025ausc,Week 2,6,pick1,10002,14,41,34.15,0
2025,2025ausc,Week 2,6,pick2,6432,32,41,78.05,0
2025,2025ausc,Week 2,7,captain,7128,10,41,24.39,0
2025,2025ausc,Week 2,7,pick1,10131,19,41,46.34,0
2025,2025ausc,Week 2,7,pick2,5331,25,41,60.98,0
2025,2025ausc,Week 2,8,captain,6508,11,41,26.83,0
2025,2025ausc,Week 2,8,pick1,5985,27,41,65.85,0
2025,2025ausc,Week 2,8,pick2,9147,21,41,51.22,0
2025,2025ntwc,Week 2,1,captain,8503,1,37,2.7,0
2025,2025ntwc,Week 2,1,pick1,7709,3,37,8.11,0
2025,2025ntwc,Week 2,1,pick2,8805,32,37,86.49,0
2025,2025ntwc,Week 2,2,captain,4253,2,37,5.41,0
2025,2025ntwc,Week 2,2,pick1,7632,4,37,10.81,0
2025,2025ntwc,Week 2,2,pick2,10114,12,37,32.43,0
2025,2025ntwc,Week 2,3,captain,9126,5,37,13.51,1
2025,2025ntwc,Week 2,3,pick1,8613,11,37,29.73,1
2025,2025ntwc,Week 2,3,pick2,8169,23,37,62.16,1
2025,2025ntwc,Week 2,4,captain,8725,6,37,16.22,0
2025,2025ntwc,Week 2,4,pick1,6947,13,37,35.14,0
2025,2025ntwc,Week 2,4,pick2,3008,29,37,78.38,0
2025,2025ntwc,Week 2,5,captain,8020,7,37,18.92,0
2025,2025ntwc,Week 2,5,pick1,6998,16,37,43.24,0
2025,2025ntwc,Week 2,5,pick2,7526,27,37,72.97,0
2025,2025ntwc,Week 2,6,captain,8595,8,37,21.62,0
2025,2025ntwc,Week 2,6,pick1,9427,19,37,51.35,0
2025,2025ntwc,Week 2,6,pick2,9715,34,37,91.89,0
2025,2025ntwc,Week 2,6,backup,6245,17,37,45.95,0
2025,2025ntwc,Week 2,7,captain,9079,9,37,24.32,0
2025,2025ntwc,Week 2,7,pick1,9501,14,37,37.84,0
2025,2025ntwc,Week 2,7,pick2,8723,37,37,100.0,0
2025,2025ntwc,Week 2,8,captain,7589,10,37,27.03,0
2025,2025ntwc,Week 2,8,pick1,8806,15,37,40.54,0
2025,2025ntwc,Week 2,8,pick2,7645,33,37,89.19,0
2025,2025cave,Week 2,1,captain,4481,1,52,1.92,1
2025,2025cave,Week 2,1,pick1,4414,2,52,3.85,1
2025,2025cave,Week 2,1,pick2,5805,49,52,94.23,1
2025,2025cave,Week 2,2,captain,3863,3,52,5.77,0
2025,2025cave,Week 2,2,pick1,5026,6,52,11.54,0
2025,2025cave,Week 2,2,pick2,6060,40,52,76.92,0
2025,2025cave,Week 2,3,captain,10698,4,52,7.69,0
2025,2025cave,Week 2,3,pick1,1138,15,52,28.85,0
2025,2025cave,Week 2,3,pick2,3256,19,52,36.54,0
2025,2025cave,Week 2,4,captain,7426,5,52,9.62,0
2025,2025cave,Week 2,4,pick1,9084,13,52,25.0,0
2025,2025cave,Week 2,4,pick2,1661,20,52,38.46,0
2025,2025cave,Week 2,5,captain,5012,7,52,13.46,0
2025,2025cave,Week 2,5,pick1,9772,11,52,21.15,0
2025,2025cave,Week 2,5,pick2,5514,12,52,23.08,0
2025,2025cave,Week 2,6,captain,3512,8,52,15.38,0
2025,2025cave,Week 2,6,pick1,4123,21,52,40.38,0
2025,2025cave,Week 2,6,pick2,7419,25,52,48.08,0
2025,2025cave,Week 2,7,captain,971,9,52,17.31,0
2025,2025cave,Week 2,7,pick1,4079,22,52,42.31,0
2025,2025cave,Week 2,7,pick2,589,26,52,50.0,0
2025,2025cave,Week 2,8,captain,9421,10,52,19.23,0
2025,2025cave,Week 2,8,pick1,2637,24,52,46.15,0
2025,2025cave,Week 2,8,pick2,2429,16,52,30.77,0
2025,2025tuhc,Week 2,1,captain,7539,1,50,2.0,1
2025,2025tuhc,Week 2,1,pick1,10541,3,50,6.0,1
2025,2025tuhc,Week 2,1,pick2,7050,29,50,58.0,1
2025,2025tuhc,Week 2,2,captain,6417,2,50,4.0,0
2025,2025tuhc,Week 2,2,pick1,6431,5,50,10.0,0
2025,2025tuhc,Week 2,2,pick2,9070,16,50,32.0,0
2025,2025tuhc,Week 2,3,captain,7444,4,50,8.0,0
2025,2025tuhc,Week 2,3,pick1,6838,9,50,18.0,0
2025,2025tuhc,Week 2,3,pick2,9523,25,50,50.0,0
2025,2025tuhc,Week 2,4,captain,8308,6,50,12.0,0
2025,2025tuhc,Week 2,4,pick1,10396,17,50,34.0,0
2025,2025tuhc,Week 2,4,pick2,9694,37,50,74.0,0
2025,2025tuhc,Week 2,5,captain,8011,7,50,14.0,0
2025,2025tuhc,Week 2,5,pick1,9231,13,50,26.0,0
2025,2025tuhc,Week 2,5,pick2,8151,31,50,62.0,0
2025,2025tuhc,Week 2,6,captain,9021,8,50,16.0,0
2025,2025tuhc,Week 2,6,pick1,6989,18,50,36.0,0
2025,2025tuhc,Week 2,6,pick2,9468,23,50,46.0,0
2025,2025tuhc,Week 2,7,captain,9025,10,50,20.0,0
2025,2025tuhc,Week 2,7,pick1,8056,43,50,86.0,0
2025,2025tuhc,Week 2,7,pick2,10234,28,50,56.0,0
2025,2025tuhc,Week 2,8,captain,9247,11,50,22.0,0
2025,2025tuhc,Week 2,8,pick1,6429,12,50,24.0,0
2025,2025tuhc,Week 2,8,pick2,10202,14,50,28.0,0
2025,2025tuhc,Week 2,8,backup,8182,15,50,30.0,0
2025,2025tuis3,Week 2,1,captain,9609,1,50,2.0,1
2025,2025tuis3,Week 2,1,pick1,8159,5,50,10.0,1
2025,2025tuis3,Week 2,1,pick2,6038,20,50,40.0,1
2025,2025tuis3,Week 2,1,backup,10502,15,50,30.0,1
2025,2025tuis3,Week 2,2,captain,9483,2,50,4.0,0
2025,2025tuis3,Week 2,2,pick1,6459,3,50,6.0,0
2025,2025tuis3,Week 2,2,pick2,10043,48,50,96.0,0
2025,2025tuis3,Week 2,3,captain,10428,4,50,8.0,0
2025,2025tuis3,Week 2,3,pick1,6025,6,50,12.0,0
2025,2025tuis3,Week 2,3,pick2,9264,22,50,44.0,0
2025,2025tuis3,Week 2,4,captain,5655,7,50,14.0,0
2025,2025tuis3,Week 2,4,pick1,7576,25,50,50.0,0
2025,2025tuis3,Week 2,4,pick2,8153,21,50,42.0,0
2025,2025tuis3,Week 2,5,captain,7086,8,50,16.0,0
2025,2025tuis3,Week 2,5,pick1,7570,23,50,46.0,0
2025,2025tuis3,Week 2,5,pick2,10609,18,50,36.0,0
2025,2025tuis3,Week 2,6,captain,9441,9,50,18.0,0
2025,2025tuis3,Week 2,6,pick1,9155,12,50,24.0,0
2025,2025tuis3,Week 2,6,pick2,4972,27,50,54.0,0
2025,2025tuis3,Week 2,7,captain,10598,10,50,20.0,0
2025,2025tuis3,Week 2,7,pick1,8264,11,50,22.0,0
2025,2025tuis3,Week 2,7,pick2,9232,16,50,32.0,0
2025,2025tuis3,Week 2,8,captain,10180,13,50,26.0,0
2025,2025tuis3,Week 2,8,pick1,9473,14,50,28.0,0
2025,2025tuis3,Week 2,8,pick2,9545,39,50,78.0,0
2025,2025ctwat,Week 2,1,captain,7407,1,37,2.7,1
2025,2025ctwat,Week 2,1,pick1,176,8,37,21.62,1
2025,2025ctwat,Week 2,1,pick2,1991,26,37,70.27,1
2025,2025ctwat,Week 2,2,captain,2064,2,37,5.41,0
2025,2025ctwat,Week 2,2,pick1,230,11,37,29.73,0
2025,2025ctwat,Week 2,2,pick2,4572,31,37,83.78,0
2025,2025ctwat,Week 2,3,captain,1073,3,37,8.11,0
2025,2025ctwat,Week 2,3,pick1,5142,14,37,37.84,0
2025,2025ctwat,Week 2,3,pick2,8889,23,37,62.16,0
2025,2025ctwat,Week 2,4,captain,999,4,37,10.81,0
2025,2025ctwat,Week 2,4,pick1,839,9,37,24.32,0
2025,2025ctwat,Week 2,4,pick2,10245,18,37,48.65,0
2025,2025ctwat,Week 2,5,captain,237,5,37,13.51,0
2025,2025ctwat,Week 2,5,pick1,155,7,37,18.92,0
2025,2025ctwat,Week 2,5,pick2,8709,28,37,75.68,0
2025,2025ctwat,Week 2,6,captain,228,6,37,16.22,0
2025,2025ctwat,Week 2,6,pick1,8085,15,37,40.54,0
2025,2025ctwat,Week 2,6,pick2,3182,21,37,56.76,0
2025,2025ctwat,Week 2,7,captain,3634,10,37,27.03,0
2025,2025ctwat,Week 2,7,pick1,3566,20,37,54.05,0
2025,2025ctwat,Week 2,7,pick2,177,16,37,43.24,0
2025,2025ctwat,Week 2,8,captain,429,12,37,32.43,0
2025,2025ctwat,Week 2,8,pick1,7869,33,37,89.19,0
2025,2025ctwat,Week 2,8,pick2,2168,19,37,51.35,0
2025,2025mabos,Week 2,1,captain,125,1,38,2.63,1
2025,2025mabos,Week 2,1,pick1,5813,3,38,7.89,1
2025,2025mabos,Week 2,1,pick2,175,19,38,50.0,1
2025,2025mabos,Week 2,2,captain,6201,2,38,5.26,0
2025,2025mabos,Week 2,2,pick1,6324,7,38,18.42,0
2025,2025mabos,Week 2,2,pick2,8626,24,38,63.16,0
2025,2025mabos,Week 2,3,captain,2713,4,38,10.53,0
2025,2025mabos,Week 2,3,pick1,78,14,38,36.84,0
2025,2025mabos,Week 2,3,pick2,10254,22,38,57.89,0
2025,2025mabos,Week 2,4,captain,4311,5,38,13.16,0
2025,2025mabos,Week 2,4,pick1,2423,6,38,15.79,0
2025,2025mabos,Week 2,4,pick2,8724,20,38,52.63,0
2025,2025mabos,Week 2,5,captain,9729,8,38,21.05,0
2025,2025mabos,Week 2,5,pick1,5459,9,38,23.68,0
2025,2025mabos,Week 2,5,pick2,151,13,38,34.21,0
2025,2025mabos,Week 2,5,backup,246,17,38,44.74,0
2025,2025mabos,Week 2,6,captain,5347,10,38,26.32,0
2025,2025mabos,Week 2,6,pick1,509,31,38,81.58,0
2025,2025mabos,Week 2,6,pick2,5735,35,38,92.11,0
2025,2025mabos,Week 2,7,captain,6731,11,38,28.95,0
2025,2025mabos,Week 2,7,pick1,4048,21,38,55.26,0
2025,2025mabos,Week 2,7,pick2,2876,15,38,39.47,0
2025,2025mabos,Week 2,8,captain,3205,12,38,31.58,0
2025,2025mabos,Week 2,8,pick1,69,25,38,65.79,0
2025,2025mabos,Week 2,8,pick2,5112,16,38,42.11,0
2025,2025mdpas,Week 2,1,captain,9072,1,37,2.7,1
2025,2025mdpas,Week 2,1,pick1,1629,3,37,8.11,1
2025,2025mdpas,Week 2,1,pick2,8326,34,37,91.89,1
2025,2025mdpas,Week 2,1,backup,7770,15,37,40.54,1
2025,2025mdpas,Week 2,2,captain,1727,2,37,5.41,0
2025,2025mdpas,Week 2,2,pick1,888,4,37,10.81,0
2025,2025mdpas,Week 2,2,pick2,1111,29,37,78.38,0
2025,2025mdpas,Week 2,3,captain,620,5,37,13.51,0
2025,2025mdpas,Week 2,3,pick1,1418,7,37,18.92,0
2025,2025mdpas,Week 2,3,pick2,5830,25,37,67.57,0
2025,2025mdpas,Week 2,4,captain,5338,6,37,16.22,0
2025,2025mdpas,Week 2,4,pick1,686,10,37,27.03,0
2025,2025mdpas,Week 2,4,pick2,2377,35,37,94.59,0
2025,2025mdpas,Week 2,5,captain,8590,8,37,21.62,0
2025,2025mdpas,Week 2,5,pick1,5115,12,37,32.43,0
2025,2025mdpas,Week 2,5,pick2,611,28,37,75.68,0
2025,2025mdpas,Week 2,6,captain,8726,9,37,24.32,0
2025,2025mdpas,Week 2,6,pick1,1719,24,37,64.86,0
2025,2025mdpas,Week 2,6,pick2,6863,33,37,89.19,0
2025,2025mdpas,Week 2,7,captain,4821,11,37,29.73,0
2025,2025mdpas,Week 2,7,pick1,4638,13,37,35.14,0
2025,2025mdpas,Week 2,7,pick2,116,16,37,43.24,0
2025,2025mdpas,Week 2,8,captain,4541,14,37,37.84,0
2025,2025mdpas,Week 2,8,pick1,8622,19,37,51.35,0
2025,2025mdpas,Week 2,8,pick2,5549,23,37,62.16,0
2025,2025miesc,Week 2,1,captain,4391,1,38,2.63,1
2025,2025miesc,Week 2,1,pick1,10589,4,38,10.53,1
2025,2025miesc,Week 2,1,pick2,1322,29,38,76.32,1
2025,2025miesc,Week 2,2,captain,857,2,38,5.26,0
2025,2025miesc,Week 2,2,pick1,141,3,38,7.89,0
2025,2025miesc,Week 2,2,pick2,9755,19,38,50.0,0
2025,2025miesc,Week 2,3,captain,2586,5,38,13.16,0
2025,2025miesc,Week 2,3,pick1,6637,8,38,21.05,0
2025,2025miesc,Week 2,3,pick2,9722,28,38,73.68,0
2025,2025miesc,Week 2,4,captain,4375,6,38,15.79,0
2025,2025miesc,Week 2,4,pick1,6088,10,38,26.32,0
2025,2025miesc,Week 2,4,pick2,5547,24,38,63.16,0
2025,2025miesc,Week 2,5,captain,9249,7,38,18.42,0
2025,2025miesc,Week 2,5,pick1,7782,13,38,34.21,0
2025,2025miesc,Week 2,5,pick2,6079,26,38,68.42,0
2025,2025miesc,Week 2,6,captain,7768,9,38,23.68,0
2025,2025miesc,Week 2,6,pick1,9773,14,38,36.84,0
2025,2025miesc,Week 2,6,pick2,10505,27,38,71.05,0
2025,2025miesc,Week 2,7,captain,3602,11,38,28.95,0
2025,2025miesc,Week 2,7,pick1,6569,33,38,86.84,0
2025,2025miesc,Week 2,7,pick2,6112,15,38,39.47,0
2025,2025miesc,Week 2,8,captain,9548,12,38,31.58,0
2025,2025miesc,Week 2,8,pick1,4827,17,38,44.74,0
2025,2025miesc,Week 2,8,pick2,5486,16,38,42.11,0
2025,2025mimtp,Week 2,1,captain,3536,1,40,2.5,1
2025,2025mimtp,Week 2,1,pick1,5216,3,40,7.5,1
2025,2025mimtp,Week 2,1,pick2,6033,22,40,55.0,1
2025,2025mimtp,Week 2,2,captain,5352,2,40,5.0,0
2025,2025mimtp,Week 2,2,pick1,4003,4,40,10.0,0
2025,2025mimtp,Week 2,2,pick2,9685,37,40,92.5,0
2025,2025mimtp,Week 2,3,captain,9672,5,40,12.5,0
2025,2025mimtp,Week 2,3,pick1,6121,9,40,22.5,0
2025,2025mimtp,Week 2,3,pick2,5229,21,40,52.5,0
2025,2025mimtp,Week 2,4,captain,2405,6,40,15.0,0
2025,2025mimtp,Week 2,4,pick1,5712,13,40,32.5,0
2025,2025mimtp,Week 2,4,pick2,3707,27,40,67.5,0
2025,2025mimtp,Week 2,5,captain,201,7,40,17.5,0
2025,2025mimtp,Week 2,5,pick1,1596,23,40,57.5,0
2025,2025mimtp,Week 2,5,pick2,3618,30,40,75.0,0
2025,2025mimtp,Week 2,6,captain,5534,8,40,20.0,0
2025,2025mimtp,Week 2,6,pick1,1711,14,40,35.0,0
2025,2025mimtp,Week 2,6,pick2,6100,25,40,62.5,0
2025,2025mimtp,Week 2,7,captain,9650,10,40,25.0,0
2025,2025mimtp,Week 2,7,pick1,8873,15,40,37.5,0
2025,2025mimtp,Week 2,7,pick2,8517,18,40,45.0,0
2025,2025mimtp,Week 2,8,captain,9673,11,40,27.5,0
2025,2025mimtp,Week 2,8,pick1,5314,16,40,40.0,0
2025,2025mimtp,Week 2,8,pick2,2619,12,40,30.0,0
2025,2025nccat,Week 2,1,captain,4795,1,30,3.33,1
2025,2025nccat,Week 2,1,pick1,587,11,30,36.67,1
2025,2025nccat,Week 2,1,pick2,9298,29,30,96.67,1
2025,2025nccat,Week 2,2,captain,4561,2,30,6.67,0
2025,2025nccat,Week 2,2,pick1,8727,12,30,40.0,0
2025,2025nccat,Week 2,2,pick2,10107,24,30,80.0,0
2025,2025nccat,Week 2,3,captain,4829,3,30,10.0,0
2025,2025nccat,Week 2,3,pick1,8429,8,30,26.67,0
2025,2025nccat,Week 2,3,pick2,6888,30,30,100.0,0
2025,2025nccat,Week 2,4,captain,6500,4,30,13.33,0
2025,2025nccat,Week 2,4,pick1,1533,7,30,23.33,0
2025,2025nccat,Week 2,4,pick2,8757,23,30,76.67,0
2025,2025nccat,Week 2,5,captain,7763,5,30,16.67,0
2025,2025nccat,Week 2,5,pick1,4828,6,30,20.0,0
2025,2025nccat,Week 2,5,pick2,6639,18,30,60.0,0
2025,2025nccat,Week 2,5,backup,9605,15,30,50.0,0
2025,2025nccat,Week 2,6,captain,9762,9,30,30.0,0
2025,2025nccat,Week 2,6,pick1,6004,14,30,46.67,0
2025,2025nccat,Week 2,6,pick2,6242,22,30,73.33,0
2025,2025nccat,Week 2,7,captain,2640,10,30,33.33,0
2025,2025nccat,Week 2,7,pick1,6502,17,30,56.67,0
2025,2025nccat,Week 2,7,pick2,4861,16,30,53.33,0
2025,2025nccat,Week 2,8,captain,1225,13,30,43.33,0
2025,2025nccat,Week 2,8,pick1,9150,19,30,63.33,0
2025,2025nccat,Week 2,8,pick2,7890,20,30,66.67,0
2025,2025njfla,Week 2,1,captain,11,1,35,2.86,1
2025,2025njfla,Week 2,1,pick1,8513,2,35,5.71,1
2025,2025njfla,Week 2,1,pick2,430,29,35,82.86,1
2025,2025njfla,Week 2,2,captain,9015,3,35,8.57,0
2025,2025njfla,Week 2,2,pick1,103,4,35,11.43,0
2025,2025njfla,Week 2,2,pick2,3340,20,35,57.14,0
2025,2025njfla,Week 2,3,captain,1672,5,35,14.29,0
2025,2025njfla,Week 2,3,pick1,555,9,35,25.71,0
2025,2025njfla,Week 2,3,pick2,4573,26,35,74.29,0
2025,2025njfla,Week 2,4,captain,3142,6,35,17.14,0
2025,2025njfla,Week 2,4,pick1,222,18,35,51.43,0
2025,2025njfla,Week 2,4,pick2,8588,25,35,71.43,0
2025,2025njfla,Week 2,5,captain,4361,7,35,20.0,0
2025,2025njfla,Week 2,5,pick1,3637,12,35,34.29,0
2025,2025njfla,Week 2,5,pick2,5992,21,35,60.0,0
2025,2025njfla,Week 2,6,captain,4653,8,35,22.86,0
2025,2025njfla,Week 2,6,pick1,223,11,35,31.43,0
2025,2025njfla,Week 2,6,pick2,193,27,35,77.14,0
2025,2025njfla,Week 2,7,captain,1279,10,35,28.57,0
2025,2025njfla,Week 2,7,pick1,56,14,35,40.0,0
2025,2025njfla,Week 2,7,pick2,4652,28,35,80.0,0
2025,2025njfla,Week 2,8,captain,8117,13,35,37.14,0
2025,2025njfla,Week 2,8,pick1,1626,32,35,91.43,0
2025,2025njfla,Week 2,8,pick2,219,16,35,45.71,0
2025,2025njtab,Week 2,1,captain,5895,1,33,3.03,1
2025,2025njtab,Week 2,1,pick1,1807,6,33,18.18,1
2025,2025njtab,Week 2,1,pick2,9416,24,33,72.73,1
2025,2025njtab,Week 2,2,captain,75,2,33,6.06,0
2025,2025njtab,Week 2,2,pick1,1640,7,33,21.21,0
2025,2025njtab,Week 2,2,pick2,204,27,33,81.82,0
2025,2025njtab,Week 2,3,captain,2554,3,33,9.09,0
2025,2025njtab,Week 2,3,pick1,365,4,33,12.12,0
2025,2025njtab,Week 2,3,pick2,10157,20,33,60.61,0
2025,2025njtab,Week 2,4,captain,1257,5,33,15.15,0
2025,2025njtab,Week 2,4,pick1,4342,11,33,33.33,0
2025,2025njtab,Week 2,4,pick2,7110,17,33,51.52,0
2025,2025njtab,Week 2,5,captain,1647,8,33,24.24,0
2025,2025njtab,Week 2,5,pick1,484,12,33,36.36,0
2025,2025njtab,Week 2,5,pick2,203,19,33,57.58,0
2025,2025njtab,Week 2,6,captain,7414,9,33,27.27,0
2025,2025njtab,Week 2,6,pick1,6921,18,33,54.55,0
2025,2025njtab,Week 2,6,pick2,2016,28,33,84.85,0
2025,2025njtab,Week 2,7,captain,1712,10,33,30.3,0
2025,2025njtab,Week 2,7,pick1,2720,13,33,39.39,0
2025,2025njtab,Week 2,7,pick2,2722,29,33,87.88,0
2025,2025njtab,Week 2,8,captain,714,14,33,42.42,0
2025,2025njtab,Week 2,8,pick1,1811,15,33,45.45,0
2025,2025njtab,Week 2,8,pick2,428,23,33,69.7,0
2025,2025onwel,Week 2,1,captain,2056,1,27,3.7,1
2025,2025onwel,Week 2,1,pick1,3683,2,27,7.41,1
2025,2025onwel,Week 2,1,pick2,7623,17,27,62.96,1
2025,2025onwel,Week 2,2,captain,2200,3,27,11.11,0
2025,2025onwel,Week 2,2,pick1,1114,4,27,14.81,0
2025,2025onwel,Week 2,2,pick2,7757,26,27,96.3,0
2025,2025onwel,Week 2,3,captain,4039,5,27,18.52,0
2025,2025onwel,Week 2,3,pick1,1241,7,27,25.93,0
2025,2025onwel,Week 2,3,pick2,2852,24,27,88.89,0
2025,2025onwel,Week 2,4,captain,10554,6,27,22.22,0
2025,2025onwel,Week 2,4,pick1,1360,13,27,48.15,0
2025,2025onwel,Week 2,4,pick2,5870,22,27,81.48,0
2025,2025onwel,Week 2,5,captain,2706,8,27,29.63,0
2025,2025onwel,Week 2,5,pick1,7476,9,27,33.33,0
2025,2025onwel,Week 2,5,pick2,9127,21,27,77.78,0
2025,2025onwel,Week 2,6,captain,8089,10,27,37.04,0
2025,2025onwel,Week 2,6,pick1,6978,11,27,40.74,0
2025,2025onwel,Week 2,6,pick2,5719,16,27,59.26,0
2025,2025onwel,Week 2,7,captain,5689,12,27,44.44,0
2025,2025onwel,Week 2,7,pick1,5024,14,27,51.85,0
2025,2025onwel,Week 2,7,pick2,2702,27,27,100.0,0
2025,2025onwel,Week 2,8,captain,6098,15,27,55.56,0
2025,2025onwel,Week 2,8,pick1,1646,18,27,66.67,0
2025,2025onwel,Week 2,8,pick2,2609,19,27,70.37,0
2025,2025vapor,Week 2,1,captain,422,1,27,3.7,1
2025,2025vapor,Week 2,1,pick1,346,3,27,11.11,1
2025,2025vapor,Week 2,1,pick2,3072,25,27,92.59,1
2025,2025vapor,Week 2,1,backup,6882,21,27,77.78,1
2025,2025vapor,Week 2,2,captain,9214,2,27,7.41,0
2025,2025vapor,Week 2,2,pick1,977,8,27,29.63,0
2025,2025vapor,Week 2,2,pick2,10004,20,27,74.07,0
2025,2025vapor,Week 2,3,captain,3136,4,27,14.81,0
2025,2025vapor,Week 2,3,pick1,401,5,27,18.52,0
2025,2025vapor,Week 2,3,pick2,2068,27,27,100.0,0
2025,2025vapor,Week 2,4,captain,1086,6,27,22.22,0
2025,2025vapor,Week 2,4,pick1,2534,10,27,37.04,0
2025,2025vapor,Week 2,4,pick2,3359,26,27,96.3,0
2025,2025vapor,Week 2,5,captain,836,7,27,25.93,0
2025,2025vapor,Week 2,5,pick1,4099,9,27,33.33,0
2025,2025vapor,Week 2,5,pick2,2998,18,27,66.67,0
2025,2025vapor,Week 2,6,captain,4575,11,27,40.74,0
2025,2025vapor,Week 2,6,pick1,2363,14,27,51.85,0
2025,2025vapor,Week 2,6,pick2,3939,24,27,88.89,0
2025,2025vapor,Week 2,7,captain,1908,12,27,44.44,0
2025,2025vapor,Week 2,7,pick1,122,19,27,70.37,0
2025,2025vapor,Week 2,7,pick2,2028,16,27,59.26,0
2025,2025vapor,Week 2,8,captain,4286,13,27,48.15,0
2025,2025vapor,Week 2,8,pick1,619,17,27,62.96,0
2025,2025vapor,Week 2,8,pick2,2890,15,27,55.56,0
2025,2025txpla,Week 2,1,captain,148,1,31,3.23,0
2025,2025txpla,Week 2,1,pick1,3310,2,31,6.45,0
2025,2025txpla,Week 2,1,pick2,6768,29,31,93.55,0
2025,2025txpla,Week 2,2,captain,1296,3,31,9.68,0
2025,2025txpla,Week 2,2,pick1,9128,8,31,25.81,0
2025,2025txpla,Week 2,2,pick2,6171,16,31,51.61,0
2025,2025txpla,Week 2,3,captain,5411,4,31,12.9,1
2025,2025txpla,Week 2,3,pick1,9105,5,31,16.13,1
2025,2025txpla,Week 2,3,pick2,8816,20,31,64.52,1
2025,2025txpla,Week 2,3,backup,6526,21,31,67.74,1
2025,2025txpla,Week 2,4,captain,2848,6,31,19.35,0
2025,2025txpla,Week 2,4,pick1,9492,9,31,29.03,0
2025,2025txpla,Week 2,4,pick2,5682,15,31,48.39,0
2025,2025txpla,Week 2,5,captain,4153,7,31,22.58,0
2025,2025txpla,Week 2,5,pick1,10340,12,31,38.71,0
2025,2025txpla,Week 2,5,pick2,5431,17,31,54.84,0
2025,2025txpla,Week 2,6,captain,7119,10,31,32.26,0
2025,2025txpla,Week 2,6,pick1,8732,13,31,41.94,0
2025,2025txpla,Week 2,6,pick2,7506,19,31,61.29,0
2025,2025txpla,Week 2,7,captain,10312,11,31,35.48,0
2025,2025txpla,Week 2,7,pick1,4192,24,31,77.42,0
2025,2025txpla,Week 2,7,pick2,10014,23,31,74.19,0
2025,2025txpla,Week 2,8,captain,4641,14,31,45.16,0
2025,2025txpla,Week 2,8,pick1,8818,18,31,58.06,0
2025,2025txpla,Week 2,8,pick2,4206,25,31,80.65,0
2025,2025wasam,Week 2,1,captain,2910,1,31,3.23,1
2025,2025wasam,Week 2,1,pick1,9442,2,31,6.45,1
2025,2025wasam,Week 2,1,pick2,2906,14,31,45.16,1
2025,2025wasam,Week 2,1,backup,6350,18,31,58.06,1
2025,2025wasam,Week 2,2,captain,2412,3,31,9.68,0
2025,2025wasam,Week 2,2,pick1,488,4,31,12.9,0
2025,2025wasam,Week 2,2,pick2,949,31,31,100.0,0
2025,2025wasam,Week 2,3,captain,5827,5,31,16.13,0
2025,2025wasam,Week 2,3,pick1,4915,7,31,22.58,0
2025,2025wasam,Week 2,3,pick2,4180,22,31,70.97,0
2025,2025wasam,Week 2,4,captain,492,6,31,19.35,0
2025,2025wasam,Week 2,4,pick1,948,10,31,32.26,0
2025,2025wasam,Week 2,4,pick2,4918,26,31,83.87,0
2025,2025wasam,Week 2,5,captain,3681,8,31,25.81,0
2025,2025wasam,Week 2,5,pick1,9023,9,31,29.03,0
2025,2025wasam,Week 2,5,pick2,1983,24,31,77.42,0
2025,2025wasam,Week 2,6,captain,1899,11,31,35.48,0
2025,2025wasam,Week 2,6,pick1,3070,16,31,51.61,0
2025,2025wasam,Week 2,6,pick2,1294,19,31,61.29,0
2025,2025wasam,Week 2,7,captain,3219,12,31,38.71,0
2025,2025wasam,Week 2,7,pick1,4980,20,31,64.52,0
2025,2025wasam,Week 2,7,pick2,2976,21,31,67.74,0
2025,2025wasam,Week 2,8,captain,8248,13,31,41.94,0
2025,2025wasam,Week 2,8,pick1,9036,17,31,54.84,0
2025,2025wasam,Week 2,8,pick2,8032,15,31,48.39,0
2025,2025isde3,Week 2,1,captain,1690,1,29,3.45,1
2025,2025isde3,Week 2,1,pick1,5990,7,29,24.14,1
2025,2025isde3,Week 2,1,pick2,5135,25,29,86.21,1
2025,2025isde3,Week 2,2,captain,4590,2,29,6.9,0
2025,2025isde3,Week 2,2,pick1,3339,3,29,10.34,0
2025,2025isde3,Week 2,2,pick2,4416,17,29,58.62,0
2025,2025isde3,Week 2,3,captain,1574,4,29,13.79,0
2025,2025isde3,Week 2,3,pick1,4744,5,29,17.24,0
2025,2025isde3,Week 2,3,pick2,3316,22,29,75.86,0
2025,2025isde3,Week 2,4,captain,3075,6,29,20.69,0
2025,2025isde3,Week 2,4,pick1,5987,10,29,34.48,0
2025,2025isde3,Week 2,4,pick2,7067,19,29,65.52,0
2025,2025isde3,Week 2,5,captain,6740,8,29,27.59,0
2025,2025isde3,Week 2,5,pick1,2096,9,29,31.03,0
2025,2025isde3,Week 2,5,pick2,1943,24,29,82.76,0
2025,2025isde3,Week 2,6,captain,9738,11,29,37.93,0
2025,2025isde3,Week 2,6,pick1,3065,14,29,48.28,0
2025,2025isde3,Week 2,6,pick2,3211,23,29,79.31,0
2025,2025isde3,Week 2,7,captain,1576,12,29,41.38,0
2025,2025isde3,Week 2,7,pick1,5928,21,29,72.41,0
2025,2025isde3,Week 2,7,pick2,2679,15,29,51.72,0
2025,2025isde3,Week 2,8,captain,7845,13,29,44.83,0
2025,2025isde3,Week 2,8,pick1,3083,18,29,62.07,0
2025,2025isde3,Week 2,8,pick2,5654,16,29,55.17,0
2025,2025isde4,Week 3,1,captain,2231,1,33,3.03,1
2025,2025isde4,Week 3,1,pick1,2630,3,33,9.09,1
2025,2025isde4,Week 3,1,pick2,9740,16,33,48.48,1
2025,2025isde4,Week 3,2,captain,2230,2,33,6.06,0
2025,2025isde4,Week 3,2,pick1,7039,8,33,24.24,0
2025,2025isde4,Week 3,2,pick2,1577,29,33,87.88,0
2025,2025isde4,Week 3,3,captain,5715,4,33,12.12,0
2025,2025isde4,Week 3,3,pick1,1942,9,33,27.27,0
2025,2025isde4,Week 3,3,pick2,6104,22,33,66.67,0
2025,2025isde4,Week 3,3,backup,9304,17,33,51.52,0
2025,2025isde4,Week 3,4,captain,5635,5,33,15.15,0
2025,2025isde4,Week 3,4,pick1,5951,13,33,39.39,0
2025,2025isde4,Week 3,4,pick2,4586,12,33,36.36,0
2025,2025isde4,Week 3,5,captain,7112,6,33,18.18,0
2025,2025isde4,Week 3,5,pick1,8223,19,33,57.58,0
2025,2025isde4,Week 3,5,pick2,3835,31,33,93.94,0
2025,2025isde4,Week 3,6,captain,1937,7,33,21.21,0
2025,2025isde4,Week 3,6,pick1,5554,14,33,42.42,0
2025,2025isde4,Week 3,6,pick2,5291,15,33,45.45,0
2025,2025isde4,Week 3,7,captain,3388,10,33,30.3,0
2025,2025isde4,Week 3,7,pick1,4338,21,33,63.64,0
2025,2025isde4,Week 3,7,pick2,6738,27,33,81.82,0
2025,2025isde4,Week 3,8,captain,4320,11,33,33.33,0
2025,2025isde4,Week 3,8,pick1,8175,18,33,54.55,0
2025,2025isde4,Week 3,8,pick2,1954,32,33,96.97,0
2025,2025brba,Week 3,1,captain,7563,1,59,1.69,1
2025,2025brba,Week 3,1,pick1,9199,7,59,11.86,1
2025,2025brba,Week 3,1,pick2,5800,20,59,33.9,1
2025,2025brba,Week 3,2,captain,1860,2,59,3.39,0
2025,2025brba,Week 3,2,pick1,1156,19,59,32.2,0
2025,2025brba,Week 3,2,pick2,9169,48,59,81.36,0
2025,2025brba,Week 3,3,captain,10466,3,59,5.08,0
2025,2025brba,Week 3,3,pick1,9487,15,59,25.42,0
2025,2025brba,Week 3,3,pick2,9110,24,59,40.68,0
2025,2025brba,Week 3,4,captain,8882,4,59,6.78,0
2025,2025brba,Week 3,4,pick1,7565,9,59,15.25,0
2025,2025brba,Week 3,4,pick2,9611,46,59,77.97,0
2025,2025brba,Week 3,5,captain,9484,5,59,8.47,0
2025,2025brba,Week 3,5,pick1,9458,6,59,10.17,0
2025,2025brba,Week 3,5,pick2,9485,27,59,45.76,0
2025,2025brba,Week 3,6,captain,7567,8,59,13.56,0
2025,2025brba,Week 3,6,pick1,9459,10,59,16.95,0
2025,2025brba,Week 3,6,pick2,9085,43,59,72.88,0
2025,2025brba,Week 3,7,captain,9047,11,59,18.64,0
2025,2025brba,Week 3,7,pick1,7033,12,59,20.34,0
2025,2025brba,Week 3,7,pick2,9305,53,59,89.83,0
2025,2025brba,Week 3,8,captain,9050,13,59,22.03,0
2025,2025brba,Week 3,8,pick1,9219,18,59,30.51,0
2025,2025brba,Week 3,8,pick2,10019,21,59,35.59,0
2025,2025nyro,Week 3,1,captain,3173,1,54,1.85,0
2025,2025nyro,Week 3,1,pick1,3015,4,54,7.41,0
2025,2025nyro,Week 3,1,pick2,1518,34,54,62.96,0
2025,2025nyro,Week 3,2,captain,340,2,54,3.7,1
2025,2025nyro,Week 3,2,pick1,4611,3,54,5.56,1
2025,2025nyro,Week 3,2,pick2,6911,51,54,94.44,1
2025,2025nyro,Week 3,3,captain,424,5,54,9.26,0
2025,2025nyro,Week 3,3,pick1,695,10,54,18.52,0
2025,2025nyro,Week 3,3,pick2,2010,16,54,29.63,0
2025,2025nyro,Week 3,4,captain,191,6,54,11.11,0
2025,2025nyro,Week 3,4,pick1,1591,32,54,59.26,0
2025,2025nyro,Week 3,4,pick2,1511,37,54,68.52,0
2025,2025nyro,Week 3,5,captain,2228,7,54,12.96,0
2025,2025nyro,Week 3,5,pick1,3044,11,54,20.37,0
2025,2025nyro,Week 3,5,pick2,639,18,54,33.33,0
2025,2025nyro,Week 3,6,captain,1405,8,54,14.81,0
2025,2025nyro,Week 3,6,pick1,1507,19,54,35.19,0
2025,2025nyro,Week 3,6,pick2,6621,15,54,27.78,0
2025,2025nyro,Week 3,7,captain,20,9,54,16.67,0
2025,2025nyro,Week 3,7,pick1,1787,28,54,51.85,0
2025,2025nyro,Week 3,7,pick2,3003,14,54,25.93,0
2025,2025nyro,Week 3,8,captain,2614,12,54,22.22,0
2025,2025nyro,Week 3,8,pick1,2252,33,54,61.11,0
2025,2025nyro,Week 3,8,pick2,6868,20,54,37.04,0
2025,2025alhu,Week 3,1,captain,2338,1,44,2.27,1
2025,2025alhu,Week 3,1,pick1,4020,4,44,9.09,1
2025,2025alhu,Week 3,1,pick2,10011,19,44,43.18,1
2025,2025alhu,Week 3,2,captain,4028,2,44,4.55,0
2025,2025alhu,Week 3,2,pick1,2783,3,44,6.82,0
2025,2025alhu,Week 3,2,pick2,7111,36,44,81.82,0
2025,2025alhu,Week 3,3,captain,3630,5,44,11.36,0
2025,2025alhu,Week 3,3,pick1,2220,11,44,25.0,0
2025,2025alhu,Week 3,3,pick2,3959,41,44,93.18,0
2025,2025alhu,Week 3,4,captain,7428,6,44,13.64,0
2025,2025alhu,Week 3,4,pick1,325,9,44,20.45,0
2025,2025alhu,Week 3,4,pick2,744,28,44,63.64,0
2025,2025alhu,Week 3,5,captain,1038,7,44,15.91,0
2025,2025alhu,Week 3,5,pick1,7072,16,44,36.36,0
2025,2025alhu,Week 3,5,pick2,2502,17,44,38.64,0
2025,2025alhu,Week 3,6,captain,3058,8,44,18.18,0
2025,2025alhu,Week 3,6,pick1,3140,22,44,50.0,0
2025,2025alhu,Week 3,6,pick2,48,24,44,54.55,0
2025,2025alhu,Week 3,7,captain,3966,10,44,22.73,0
2025,2025alhu,Week 3,7,pick1,6517,26,44,59.09,0
2025,2025alhu,Week 3,7,pick2,3824,15,44,34.09,0
2025,2025alhu,Week 3,8,captain,5045,12,44,27.27,0
2025,2025alhu,Week 3,8,pick1,144,20,44,45.45,0
2025,2025alhu,Week 3,8,pick2,4265,37,44,84.09,0
2025,2025alhu,Week 3,8,backup,3468,21,44,47.73,0
2025,2025mosl,Week 3,1,captain,27,1,45,2.22,1
2025,2025mosl,Week 3,1,pick1,1706,2,45,4.44,1
2025,2025mosl,Week 3,1,pick2,1329,14,45,31.11,1
2025,2025mosl,Week 3,2,captain,4500,3,45,6.67,0
2025,2025mosl,Week 3,2,pick1,9401,4,45,8.89,0
2025,2025mosl,Week 3,2,pick2,3067,35,45,77.78,0
2025,2025mosl,Week 3,3,captain,4256,5,45,11.11,0
2025,2025mosl,Week 3,3,pick1,6391,9,45,20.0,0
2025,2025mosl,Week 3,3,pick2,931,37,45,82.22,0
2025,2025mosl,Week 3,4,captain,967,6,45,13.33,0
2025,2025mosl,Week 3,4,pick1,554,13,45,28.89,0
2025,2025mosl,Week 3,4,pick2,4931,17,45,37.78,0
2025,2025mosl,Week 3,5,captain,3397,7,45,15.56,0
2025,2025mosl,Week 3,5,pick1,9428,32,45,71.11,0
2025,2025mosl,Week 3,5,pick2,4330,27,45,60.0,0
2025,2025mosl,Week 3,5,backup,8077,18,45,40.0,0
2025,2025mosl,Week 3,6,captain,5934,8,45,17.78,0
2025,2025mosl,Week 3,6,pick1,2506,24,45,53.33,0
2025,2025mosl,Week 3,6,pick2,6817,26,45,57.78,0
2025,2025mosl,Week 3,7,captain,5060,10,45,22.22,0
2025,2025mosl,Week 3,7,pick1,8069,20,45,44.44,0
2025,2025mosl,Week 3,7,pick2,4329,31,45,68.89,0
2025,2025mosl,Week 3,8,captain,1775,11,45,24.44,0
2025,2025mosl,Week 3,8,pick1,5492,16,45,35.56,0
2025,2025mosl,Week 3,8,pick2,3792,12,45,26.67,0
2025,2025mslr,Week 3,1,captain,8808,1,37,2.7,0
2025,2025mslr,Week 3,1,pick1,8044,3,37,8.11,0
2025,2025mslr,Week 3,1,pick2,7094,23,37,62.16,0
2025,2025mslr,Week 3,2,captain,456,2,37,5.41,1
2025,2025mslr,Week 3,2,pick1,2992,4,37,10.81,1
2025,2025mslr,Week 3,2,pick2,3753,27,37,72.97,1
2025,2025mslr,Week 3,3,captain,4336,5,37,13.51,0
2025,2025mslr,Week 3,3,pick1,2183,13,37,35.14,0
2025,2025mslr,Week 3,3,pick2,5410,29,37,78.38,0
2025,2025mslr,Week 3,4,captain,4087,6,37,16.22,0
2025,2025mslr,Week 3,4,pick1,6017,8,37,21.62,0
2025,2025mslr,Week 3,4,pick2,4107,22,37,59.46,0
2025,2025mslr,Week 3,5,captain,9717,7,37,18.92,0
2025,2025mslr,Week 3,5,pick1,364,9,37,24.32,0
2025,2025mslr,Week 3,5,pick2,3039,28,37,75.68,0
2025,2025mslr,Week 3,6,captain,1466,10,37,27.03,0
2025,2025mslr,Week 3,6,pick1,9153,12,37,32.43,0
2025,2025mslr,Week 3,6,pick2,10309,21,37,56.76,0
2025,2025mslr,Week 3,7,captain,1912,11,37,29.73,0
2025,2025mslr,Week 3,7,pick1,3616,16,37,43.24,0
2025,2025mslr,Week 3,7,pick2,1421,36,37,97.3,0
2025,2025mslr,Week 3,8,captain,2221,14,37,37.84,0
2025,2025mslr,Week 3,8,pick1,1622,18,37,48.65,0
2025,2025mslr,Week 3,8,pick2,4013,15,37,40.54,0
2025,2025ndgf,Week 3,1,captain,3276,1,52,1.92,1
2025,2025ndgf,Week 3,1,pick1,876,3,52,5.77,1
2025,2025ndgf,Week 3,1,pick2,7530,29,52,55.77,1
2025,2025ndgf,Week 3,2,captain,5348,2,52,3.85,0
2025,2025ndgf,Week 3,2,pick1,2129,13,52,25.0,0
2025,2025ndgf,Week 3,2,pick2,3313,20,52,38.46,0
2025,2025ndgf,Week 3,2,backup,4181,11,52,21.15,0
2025,2025ndgf,Week 3,3,captain,4539,4,52,7.69,0
2025,2025ndgf,Week 3,3,pick1,3102,22,52,42.31,0
2025,2025ndgf,Week 3,3,pick2,7048,41,52,78.85,0
2025,2025ndgf,Week 3,4,captain,6146,5,52,9.62,0
2025,2025ndgf,Week 3,4,pick1,9576,16,52,30.77,0
2025,2025ndgf,Week 3,4,pick2,2654,39,52,75.0,0
2025,2025ndgf,Week 3,5,captain,3297,6,52,11.54,0
2025,2025ndgf,Week 3,5,pick1,4230,36,52,69.23,0
2025,2025ndgf,Week 3,5,pick2,5464,17,52,32.69,0
2025,2025ndgf,Week 3,6,captain,4632,7,52,13.46,0
2025,2025ndgf,Week 3,6,pick1,3277,12,52,23.08,0
2025,2025ndgf,Week 3,6,pick2,3134,15,52,28.85,0
2025,2025ndgf,Week 3,7,captain,3293,8,52,15.38,0
2025,2025ndgf,Week 3,7,pick1,7257,34,52,65.38,0
2025,2025ndgf,Week 3,7,pick2,9092,10,52,19.23,0
2025,2025ndgf,Week 3,8,captain,2883,9,52,17.31,0
2025,2025ndgf,Week 3,8,pick1,4674,18,52,34.62,0
2025,2025ndgf,Week 3,8,pick2,2987,21,52,40.38,0
2025,2025mxle,Week 3,1,captain,3478,1,31,3.23,1
2025,2025mxle,Week 3,1,pick1,4400,3,31,9.68,1
2025,2025mxle,Week 3,1,pick2,4782,27,31,87.1,1
2025,2025mxle,Week 3,2,captain,4635,2,31,6.45,0
2025,2025mxle,Week 3,2,pick1,9280,4,31,12.9,0
2025,2025mxle,Week 3,2,pick2,8105,15,31,48.39,0
2025,2025mxle,Week 3,2,backup,5133,13,31,41.94,0
2025,2025mxle,Week 3,3,captain,2283,5,31,16.13,0
2025,2025mxle,Week 3,3,pick1,6647,6,31,19.35,0
2025,2025mxle,Week 3,3,pick2,9513,30,31,96.77,0
2025,2025mxle,Week 3,4,captain,4775,7,31,22.58,0
2025,2025mxle,Week 3,4,pick1,7102,16,31,51.61,0
2025,2025mxle,Week 3,4,pick2,6606,28,31,90.32,0
2025,2025mxle,Week 3,5,captain,3472,8,31,25.81,0
2025,2025mxle,Week 3,5,pick1,5716,22,31,70.97,0
2025,2025mxle,Week 3,5,pick2,3933,31,31,100.0,0
2025,2025mxle,Week 3,6,captain,5887,9,31,29.03,0
2025,2025mxle,Week 3,6,pick1,6348,12,31,38.71,0
2025,2025mxle,Week 3,6,pick2,3480,18,31,58.06,0
2025,2025mxle,Week 3,7,captain,6702,10,31,32.26,0
2025,2025mxle,Week 3,7,pick1,5948,20,31,64.52,0
2025,2025mxle,Week 3,7,pick2,4731,19,31,61.29,0
2025,2025mxle,Week 3,8,captain,4735,11,31,35.48,0
2025,2025mxle,Week 3,8,pick1,4355,14,31,45.16,0
2025,2025mxle,Week 3,8,pick2,3354,23,31,74.19,0
2025,2025utwv,Week 3,1,captain,987,1,39,2.56,1
2025,2025utwv,Week 3,1,pick1,7426,3,39,7.69,1
2025,2025utwv,Week 3,1,pick2,3166,17,39,43.59,1
2025,2025utwv,Week 3,2,captain,498,2,39,5.13,0
2025,2025utwv,Week 3,2,pick1,2122,4,39,10.26,0
2025,2025utwv,Week 3,2,pick2,8005,20,39,51.28,0
2025,2025utwv,Week 3,3,captain,2102,5,39,12.82,0
2025,2025utwv,Week 3,3,pick1,3245,6,39,15.38,0
2025,2025utwv,Week 3,3,pick2,3288,27,39,69.23,0
2025,2025utwv,Week 3,3,backup,7436,16,39,41.03,0
2025,2025utwv,Week 3,4,captain,3216,7,39,17.95,0
2025,2025utwv,Week 3,4,pick1,3006,8,39,20.51,0
2025,2025utwv,Week 3,4,pick2,1891,31,39,79.49,0
2025,2025utwv,Week 3,5,captain,4944,9,39,23.08,0
2025,2025utwv,Week 3,5,pick1,4388,12,39,30.77,0
2025,2025utwv,Week 3,5,pick2,3200,35,39,89.74,0
2025,2025utwv,Week 3,6,captain,4293,10,39,25.64,0
2025,2025utwv,Week 3,6,pick1,5851,15,39,38.46,0
2025,2025utwv,Week 3,6,pick2,4550,26,39,66.67,0
2025,2025utwv,Week 3,7,captain,3859,11,39,28.21,0
2025,2025utwv,Week 3,7,pick1,3648,14,39,35.9,0
2025,2025utwv,Week 3,7,pick2,3243,22,39,56.41,0
2025,2025utwv,Week 3,8,captain,5480,13,39,33.33,0
2025,2025utwv,Week 3,8,pick1,4175,18,39,46.15,0
2025,2025utwv,Week 3,8,pick2,9037,28,39,71.79,0
2025,2025azfg,Week 3,1,captain,359,1,40,2.5,1
2025,2025azfg,Week 3,1,pick1,9432,2,40,5.0,1
2025,2025azfg,Week 3,1,pick2,7645,28,40,70.0,1
2025,2025azfg,Week 3,2,captain,6560,3,40,7.5,0
2025,2025azfg,Week 3,2,pick1,6995,4,40,10.0,0
2025,2025azfg,Week 3,2,pick2,9059,24,40,60.0,0
2025,2025azfg,Week 3,3,captain,8229,5,40,12.5,0
2025,2025azfg,Week 3,3,pick1,2486,8,40,20.0,0
2025,2025azfg,Week 3,3,pick2,3019,38,40,95.0,0
2025,2025azfg,Week 3,4,captain,3309,6,40,15.0,0
2025,2025azfg,Week 3,4,pick1,9501,7,40,17.5,0
2025,2025azfg,Week 3,4,pick2,1165,25,40,62.5,0
2025,2025azfg,Week 3,5,captain,9134,9,40,22.5,0
2025,2025azfg,Week 3,5,pick1,6413,15,40,37.5,0
2025,2025azfg,Week 3,5,pick2,9704,32,40,80.0,0
2025,2025azfg,Week 3,6,captain,1160,10,40,25.0,0
2025,2025azfg,Week 3,6,pick1,2478,12,40,30.0,0
2025,2025azfg,Week 3,6,pick2,991,20,40,50.0,0
2025,2025azfg,Week 3,7,captain,10114,11,40,27.5,0
2025,2025azfg,Week 3,7,pick1,7425,14,40,35.0,0
2025,2025azfg,Week 3,7,pick2,2403,22,40,55.0,0
2025,2025azfg,Week 3,8,captain,1212,13,40,32.5,0
2025,2025azfg,Week 3,8,pick1,3009,16,40,40.0,0
2025,2025azfg,Week 3,8,pick2,7333,23,40,57.5,0
2025,2025mibel,Week 3,1,captain,862,1,40,2.5,1
2025,2025mibel,Week 3,1,pick1,7769,2,40,5.0,1
2025,2025mibel,Week 3,1,pick2,66,18,40,45.0,1
2025,2025mibel,Week 3,2,captain,4405,3,40,7.5,0
2025,2025mibel,Week 3,2,pick1,51,7,40,17.5,0
2025,2025mibel,Week 3,2,pick2,9182,34,40,85.0,0
2025,2025mibel,Week 3,3,captain,247,4,40,10.0,0
2025,2025mibel,Week 3,3,pick1,6615,17,40,42.5,0
2025,2025mibel,Week 3,3,pick2,6566,26,40,65.0,0
2025,2025mibel,Week 3,4,captain,10349,5,40,12.5,0
2025,2025mibel,Week 3,4,pick1,6618,12,40,30.0,0
2025,2025mibel,Week 3,4,pick2,8179,27,40,67.5,0
2025,2025mibel,Week 3,5,captain,6528,6,40,15.0,0
2025,2025mibel,Week 3,5,pick1,5695,9,40,22.5,0
2025,2025mibel,Week 3,5,pick2,6344,13,40,32.5,0
2025,2025mibel,Week 3,6,captain,7220,8,40,20.0,0
2025,2025mibel,Week 3,6,pick1,5567,15,40,37.5,0
2025,2025mibel,Week 3,6,pick2,7660,33,40,82.5,0
2025,2025mibel,Week 3,7,captain,3641,10,40,25.0,0
2025,2025mibel,Week 3,7,pick1,5498,20,40,50.0,0
2025,2025mibel,Week 3,7,pick2,8373,28,40,70.0,0
2025,2025mibel,Week 3,8,captain,5167,11,40,27.5,0
2025,2025mibel,Week 3,8,pick1,8728,14,40,35.0,0
2025,2025mibel,Week 3,8,pick2,4779,23,40,57.5,0
2025,2025midtr,Week 3,1,captain,469,1,40,2.5,1
2025,2025midtr,Week 3,1,pick1,7196,4,40,10.0,1
2025,2025midtr,Week 3,1,pick2,9651,16,40,40.0,1
2025,2025midtr,Week 3,2,captain,123,2,40,5.0,0
2025,2025midtr,Week 3,2,pick1,815,12,40,30.0,0
2025,2025midtr,Week 3,2,pick2,5532,10,40,25.0,0
2025,2025midtr,Week 3,3,captain,8193,3,40,7.5,0
2025,2025midtr,Week 3,3,pick1,5901,11,40,27.5,0
2025,2025midtr,Week 3,3,pick2,10590,14,40,35.0,0
2025,2025midtr,Week 3,4,captain,8352,5,40,12.5,0
2025,2025midtr,Week 3,4,pick1,4680,21,40,52.5,0
2025,2025midtr,Week 3,4,pick2,3632,31,40,77.5,0
2025,2025midtr,Week 3,5,captain,6029,6,40,15.0,0
2025,2025midtr,Week 3,5,pick1,2673,13,40,32.5,0
2025,2025midtr,Week 3,5,pick2,7865,17,40,42.5,0
2025,2025midtr,Week 3,6,captain,6532,7,40,17.5,0
2025,2025midtr,Week 3,6,pick1,5756,22,40,55.0,0
2025,2025midtr,Week 3,6,pick2,6616,20,40,50.0,0
2025,2025midtr,Week 3,7,captain,6099,8,40,20.0,0
2025,2025midtr,Week 3,7,pick1,6914,15,40,37.5,0
2025,2025midtr,Week 3,7,pick2,9618,25,40,62.5,0
2025,2025midtr,Week 3,8,captain,5878,9,40,22.5,0
2025,2025midtr,Week 3,8,pick1,9255,23,40,57.5,0
2025,2025midtr,Week 3,8,pick2,4851,18,40,45.0,0
2025,2025mimus,Week 3,1,captain,3572,1,39,2.56,1
2025,2025mimus,Week 3,1,pick1,3538,2,39,5.13,1
2025,2025mimus,Week 3,1,pick2,10654,23,39,58.97,1
2025,2025mimus,Week 3,2,captain,2075,3,39,7.69,0
2025,2025mimus,Week 3,2,pick1,1918,4,39,10.26,0
2025,2025mimus,Week 3,2,pick2,10181,38,39,97.44,0
2025,2025mimus,Week 3,3,captain,10606,5,39,12.82,0
2025,2025mimus,Week 3,3,pick1,2834,10,39,25.64,0
2025,2025mimus,Week 3,3,pick2,6128,37,39,94.87,0
2025,2025mimus,Week 3,4,captain,4776,6,39,15.38,0
2025,2025mimus,Week 3,4,pick1,5152,7,39,17.95,0
2025,2025mimus,Week 3,4,pick2,7810,32,39,82.05,0
2025,2025mimus,Week 3,5,captain,7054,8,39,20.51,0
2025,2025mimus,Week 3,5,pick1,85,11,39,28.21,0
2025,2025mimus,Week 3,5,pick2,8612,24,39,61.54,0
2025,2025mimus,Week 3,6,captain,9743,9,39,23.08,0
2025,2025mimus,Week 3,6,pick1,2405,15,39,38.46,0
2025,2025mimus,Week 3,6,pick2,3458,33,39,84.62,0
2025,2025mimus,Week 3,7,captain,5509,12,39,30.77,0
2025,2025mimus,Week 3,7,pick1,6090,16,39,41.03,0
2025,2025mimus,Week 3,7,pick2,8126,19,39,48.72,0
2025,2025mimus,Week 3,8,captain,4004,13,39,33.33,0
2025,2025mimus,Week 3,8,pick1,2771,26,39,66.67,0
2025,2025mimus,Week 3,8,pick2,8041,14,39,35.9,0
2025,2025mitvc,Week 3,1,captain,7790,1,40,2.5,1
2025,2025mitvc,Week 3,1,pick1,3767,2,40,5.0,1
2025,2025mitvc,Week 3,1,pick2,7598,33,40,82.5,1
2025,2025mitvc,Week 3,1,backup,5560,21,40,52.5,1
2025,2025mitvc,Week 3,2,captain,8873,3,40,7.5,0
2025,2025mitvc,Week 3,2,pick1,1711,11,40,27.5,0
2025,2025mitvc,Week 3,2,pick2,7160,32,40,80.0,0
2025,2025mitvc,Week 3,3,captain,3688,4,40,10.0,0
2025,2025mitvc,Week 3,3,pick1,3770,9,40,22.5,0
2025,2025mitvc,Week 3,3,pick2,3537,31,40,77.5,0
2025,2025mitvc,Week 3,4,captain,5086,5,40,12.5,0
2025,2025mitvc,Week 3,4,pick1,7195,10,40,25.0,0
2025,2025mitvc,Week 3,4,pick2,9176,25,40,62.5,0
2025,2025mitvc,Week 3,5,captain,5110,6,40,15.0,0
2025,2025mitvc,Week 3,5,pick1,5534,8,40,20.0,0
2025,2025mitvc,Week 3,5,pick2,6077,16,40,40.0,0
2025,2025mitvc,Week 3,6,captain,3618,7,40,17.5,0
2025,2025mitvc,Week 3,6,pick1,4398,19,40,47.5,0
2025,2025mitvc,Week 3,6,pick2,9771,18,40,45.0,0
2025,2025mitvc,Week 3,7,captain,9673,12,40,30.0,0
2025,2025mitvc,Week 3,7,pick1,6087,14,40,35.0,0
2025,2025mitvc,Week 3,7,pick2,5424,17,40,42.5,0
2025,2025mitvc,Week 3,7,backup,5193,20,40,50.0,0
2025,2025mitvc,Week 3,8,captain,7782,13,40,32.5,0
2025,2025mitvc,Week 3,8,pick1,4983,15,40,37.5,0
2025,2025mitvc,Week 3,8,pick2,8611,24,40,60.0,0
2025,2025rikin,Week 3,1,captain,190,1,37,2.7,1
2025,2025rikin,Week 3,1,pick1,1768,3,37,8.11,1
2025,2025rikin,Week 3,1,pick2,5962,37,37,100.0,1
2025,2025rikin,Week 3,2,captain,88,2,37,5.41,0
2025,2025rikin,Week 3,2,pick1,78,7,37,18.92,0
2025,2025rikin,Week 3,2,pick2,97,19,37,51.35,0
2025,2025rikin,Week 3,2,backup,348,18,37,48.65,0
2025,2025rikin,Week 3,3,captain,1153,4,37,10.81,0
2025,2025rikin,Week 3,3,pick1,1699,9,37,24.32,0
2025,2025rikin,Week 3,3,pick2,5735,20,37,54.05,0
2025,2025rikin,Week 3,4,captain,2064,5,37,13.51,0
2025,2025rikin,Week 3,4,pick1,246,8,37,21.62,0
2025,2025rikin,Week 3,4,pick2,5112,30,37,81.08,0
2025,2025rikin,Week 3,5,captain,10254,6,37,16.22,0
2025,2025rikin,Week 3,5,pick1,1740,17,37,45.95,0
2025,2025rikin,Week 3,5,pick2,2067,23,37,62.16,0
2025,2025rikin,Week 3,6,captain,1757,10,37,27.03,0
2025,2025rikin,Week 3,6,pick1,5000,16,37,43.24,0
2025,2025rikin,Week 3,6,pick2,3464,21,37,56.76,0
2025,2025rikin,Week 3,7,captain,8085,11,37,29.73,0
2025,2025rikin,Week 3,7,pick1,663,14,37,37.84,0
2025,2025rikin,Week 3,7,pick2,9443,13,37,35.14,0
2025,2025rikin,Week 3,8,captain,2876,12,37,32.43,0
2025,2025rikin,Week 3,8,pick1,1119,34,37,91.89,0
2025,2025rikin,Week 3,8,pick2,151,15,37,40.54,0
2025,2025txsan,Week 3,1,captain,2582,1,42,2.38,1
2025,2025txsan,Week 3,1,pick1,5572,2,42,4.76,1
2025,2025txsan,Week 3,1,pick2,6974,17,42,40.48,1
2025,2025txsan,Week 3,2,captain,7492,3,42,7.14,0
2025,2025txsan,Week 3,2,pick1,3735,5,42,11.9,0
2025,2025txsan,Week 3,2,pick2,8598,19,42,45.24,0
2025,2025txsan,Week 3,3,captain,7521,4,42,9.52,0
2025,2025txsan,Week 3,3,pick1,1164,13,42,30.95,0
2025,2025txsan,Week 3,3,pick2,2969,23,42,54.76,0
2025,2025txsan,Week 3,4,captain,3679,6,42,14.29,0
2025,2025txsan,Week 3,4,pick1,231,7,42,16.67,0
2025,2025txsan,Week 3,4,pick2,5503,22,42,52.38,0
2025,2025txsan,Week 3,5,captain,8088,8,42,19.05,0
2025,2025txsan,Week 3,5,pick1,4734,10,42,23.81,0
2025,2025txsan,Week 3,5,pick2,6155,26,42,61.9,0
2025,2025txsan,Week 3,6,captain,3545,9,42,21.43,0
2025,2025txsan,Week 3,6,pick1,4610,18,42,42.86,0
2025,2025txsan,Week 3,6,pick2,5726,21,42,50.0,0
2025,2025txsan,Week 3,7,captain,3561,11,42,26.19,0
2025,2025txsan,Week 3,7,pick1,5103,12,42,28.57,0
2025,2025txsan,Week 3,7,pick2,5427,38,42,90.48,0
2025,2025txsan,Week 3,8,captain,2657,14,42,33.33,0
2025,2025txsan,Week 3,8,pick1,2950,15,42,35.71,0
2025,2025txsan,Week 3,8,pick2,4219,30,42,71.43,0
2025,2025txsan,Week 3,8,backup,5986,16,42,38.1,0
2025,2025wayak,Week 3,1,captain,9450,1,34,2.94,1
2025,2025wayak,Week 3,1,pick1,2930,5,34,14.71,1
2025,2025wayak,Week 3,1,pick2,4125,28,34,82.35,1
2025,2025wayak,Week 3,1,backup,749,14,34,41.18,1
2025,2025wayak,Week 3,2,captain,5468,2,34,5.88,0
2025,2025wayak,Week 3,2,pick1,1318,3,34,8.82,0
2025,2025wayak,Week 3,2,pick2,1595,33,34,97.06,0
2025,2025wayak,Week 3,3,captain,4513,4,34,11.76,0
2025,2025wayak,Week 3,3,pick1,2147,19,34,55.88,0
2025,2025wayak,Week 3,3,pick2,8532,17,34,50.0,0
2025,2025wayak,Week 3,4,captain,2811,6,34,17.65,0
2025,2025wayak,Week 3,4,pick1,955,10,34,29.41,0
2025,2025wayak,Week 3,4,pick2,3826,21,34,61.76,0
2025,2025wayak,Week 3,5,captain,4131,7,34,20.59,0
2025,2025wayak,Week 3,5,pick1,7627,8,34,23.53,0
2025,2025wayak,Week 3,5,pick2,4692,30,34,88.24,0
2025,2025wayak,Week 3,6,captain,5920,9,34,26.47,0
2025,2025wayak,Week 3,6,pick1,4061,12,34,35.29,0
2025,2025wayak,Week 3,6,pick2,2926,18,34,52.94,0
2025,2025wayak,Week 3,7,captain,10416,11,34,32.35,0
2025,2025wayak,Week 3,7,pick1,492,25,34,73.53,0
2025,2025wayak,Week 3,7,pick2,4980,22,34,64.71,0
2025,2025wayak,Week 3,8,captain,6343,13,34,38.24,0
2025,2025wayak,Week 3,8,pick1,6465,15,34,44.12,0
2025,2025wayak,Week 3,8,pick2,2990,16,34,47.06,0
2025,2025cnsh,Week 3,1,captain,6941,1,43,2.33,1
2025,2025cnsh,Week 3,1,pick1,5449,4,43,9.3,1
2025,2025cnsh,Week 3,1,pick2,10120,18,43,41.86,1
2025,2025cnsh,Week 3,2,captain,6940,2,43,4.65,0
2025,2025cnsh,Week 3,2,pick1,8214,21,43,48.84,0
2025,2025cnsh,Week 3,2,pick2,6304,23,43,53.49,0
2025,2025cnsh,Week 3,3,captain,5823,3,43,6.98,0
2025,2025cnsh,Week 3,3,pick1,5516,16,43,37.21,0
2025,2025cnsh,Week 3,3,pick2,10214,31,43,72.09,0
2025,2025cnsh,Week 3,4,captain,10541,5,43,11.63,0
2025,2025cnsh,Week 3,4,pick1,8613,11,43,25.58,0
2025,2025cnsh,Week 3,4,pick2,10131,29,43,67.44,0
2025,2025cnsh,Week 3,5,captain,4613,6,43,13.95,0
2025,2025cnsh,Week 3,5,pick1,7522,9,43,20.93,0
2025,2025cnsh,Week 3,5,pick2,9597,17,43,39.53,0
2025,2025cnsh,Week 3,6,captain,6487,7,43,16.28,0
2025,2025cnsh,Week 3,6,pick1,9635,14,43,32.56,0
2025,2025cnsh,Week 3,6,pick2,10526,28,43,65.12,0
2025,2025cnsh,Week 3,7,captain,9599,8,43,18.6,0
2025,2025cnsh,Week 3,7,pick1,6907,20,43,46.51,0
2025,2025cnsh,Week 3,7,pick2,6766,22,43,51.16,0
2025,2025cnsh,Week 3,8,captain,6706,10,43,23.26,0
2025,2025cnsh,Week 3,8,pick1,8011,24,43,55.81,0
2025,2025cnsh,Week 3,8,pick2,10438,27,43,62.79,0
2025,2025flta,Week 3,1,captain,386,1,42,2.38,1
2025,2025flta,Week 3,1,pick1,1902,2,42,4.76,1
2025,2025flta,Week 3,1,pick2,5276,39,42,92.86,1
2025,2025flta,Week 3,1,backup,6184,15,42,35.71,1
2025,2025flta,Week 3,2,captain,233,3,42,7.14,0
2025,2025flta,Week 3,2,pick1,108,4,42,9.52,0
2025,2025flta,Week 3,2,pick2,8788,23,42,54.76,0
2025,2025flta,Week 3,3,captain,5472,5,42,11.9,0
2025,2025flta,Week 3,3,pick1,9642,8,42,19.05,0
2025,2025flta,Week 3,3,pick2,3164,32,42,76.19,0
2025,2025flta,Week 3,4,captain,4065,6,42,14.29,0
2025,2025flta,Week 3,4,pick1,86,7,42,16.67,0
2025,2025flta,Week 3,4,pick2,5872,28,42,66.67,0
2025,2025flta,Week 3,4,backup,3502,16,42,38.1,0
2025,2025flta,Week 3,5,captain,7500,9,42,21.43,0
2025,2025flta,Week 3,5,pick1,8324,14,42,33.33,0
2025,2025flta,Week 3,5,pick2,4576,34,42,80.95,0
2025,2025flta,Week 3,6,captain,8778,10,42,23.81,0
2025,2025flta,Week 3,6,pick1,1369,11,42,26.19,0
2025,2025flta,Week 3,6,pick2,5842,25,42,59.52,0
2025,2025flta,Week 3,7,captain,10323,12,42,28.57,0
2025,2025flta,Week 3,7,pick1,5557,19,42,45.24,0
2025,2025flta,Week 3,7,pick2,9404,30,42,71.43,0
2025,2025flta,Week 3,8,captain,10219,13,42,30.95,0
2025,2025flta,Week 3,8,pick1,2556,38,42,90.48,0
2025,2025flta,Week 3,8,pick2,79,21,42,50.0,0
2025,2025cala,Week 3,1,captain,9408,1,43,2.33,1
2025,2025cala,Week 3,1,pick1,1197,2,43,4.65,1
2025,2025cala,Week 3,1,pick2,5124,24,43,55.81,1
2025,2025cala,Week 3,2,captain,7840,3,43,6.98,0
2025,2025cala,Week 3,2,pick1,4322,10,43,23.26,0
2025,2025cala,Week 3,2,pick2,968,26,43,60.47,0
2025,2025cala,Week 3,3,captain,696,4,43,9.3,0
2025,2025cala,Week 3,3,pick1,1148,25,43,58.14,0
2025,2025cala,Week 3,3,pick2,6658,21,43,48.84,0
2025,2025cala,Week 3,4,captain,294,5,43,11.63,0
2025,2025cala,Week 3,4,pick1,702,13,43,30.23,0
2025,2025cala,Week 3,4,pick2,3759,32,43,74.42,0
2025,2025cala,Week 3,5,captain,1661,6,43,13.95,0
2025,2025cala,Week 3,5,pick1,4201,15,43,34.88,0
2025,2025cala,Week 3,5,pick2,2659,22,43,51.16,0
2025,2025cala,Week 3,6,captain,4470,7,43,16.28,0
2025,2025cala,Week 3,6,pick1,599,9,43,20.93,0
2025,2025cala,Week 3,6,pick2,980,17,43,39.53,0
2025,2025cala,Week 3,7,captain,3882,8,43,18.6,0
2025,2025cala,Week 3,7,pick1,1836,23,43,53.49,0
2025,2025cala,Week 3,7,pick2,4999,20,43,46.51,0
2025,2025cala,Week 3,8,captain,5857,11,43,25.58,0
2025,2025cala,Week 3,8,pick1,597,18,43,41.86,0
2025,2025cala,Week 3,8,pick2,2584,19,43,44.19,0
2025,2025casj,Week 3,1,captain,1323,1,37,2.7,1
2025,2025casj,Week 3,1,pick1,5940,2,37,5.41,1
2025,2025casj,Week 3,1,pick2,649,26,37,70.27,1
2025,2025casj,Week 3,2,captain,581,3,37,8.11,0
2025,2025casj,Week 3,2,pick1,3045,4,37,10.81,0
2025,2025casj,Week 3,2,pick2,668,30,37,81.08,0
2025,2025casj,Week 3,3,captain,670,5,37,13.51,0
2025,2025casj,Week 3,3,pick1,1351,8,37,21.62,0
2025,2025casj,Week 3,3,pick2,10252,29,37,78.38,0
2025,2025casj,Week 3,3,backup,1700,19,37,51.35,0
2025,2025casj,Week 3,4,captain,8793,6,37,16.22,0
2025,2025casj,Week 3,4,pick1,1967,17,37,45.95,0
2025,2025casj,Week 3,4,pick2,3880,18,37,48.65,0
2025,2025casj,Week 3,5,captain,6238,7,37,18.92,0
2025,2025casj,Week 3,5,pick1,766,25,37,67.57,0
2025,2025casj,Week 3,5,pick2,9143,14,37,37.84,0
2025,2025casj,Week 3,6,captain,8048,9,37,24.32,0
2025,2025casj,Week 3,6,pick1,6619,13,37,35.14,0
2025,2025casj,Week 3,6,pick2,2643,24,37,64.86,0
2025,2025casj,Week 3,7,captain,100,10,37,27.03,0
2025,2025casj,Week 3,7,pick1,2854,12,37,32.43,0
2025,2025casj,Week 3,7,pick2,4904,28,37,75.68,0
2025,2025casj,Week 3,8,captain,6418,11,37,29.73,0
2025,2025casj,Week 3,8,pick1,4159,15,37,40.54,0
2025,2025casj,Week 3,8,pick2,6814,27,37,72.97,0
2025,2025tuak,Week 3,1,captain,9029,1,35,2.86,1
2025,2025tuak,Week 3,1,pick1,6436,2,35,5.71,1
2025,2025tuak,Week 3,1,pick2,8777,17,35,48.57,1
2025,2025tuak,Week 3,2,captain,6989,3,35,8.57,0
2025,2025tuak,Week 3,2,pick1,9024,9,35,25.71,0
2025,2025tuak,Week 3,2,pick2,8173,27,35,77.14,0
2025,2025tuak,Week 3,3,captain,8054,4,35,11.43,0
2025,2025tuak,Week 3,3,pick1,8557,7,35,20.0,0
2025,2025tuak,Week 3,3,pick2,10042,19,35,54.29,0
2025,2025tuak,Week 3,4,captain,9233,5,35,14.29,0
2025,2025tuak,Week 3,4,pick1,10216,6,35,17.14,0
2025,2025tuak,Week 3,4,pick2,10470,28,35,80.0,0
2025,2025tuak,Week 3,5,captain,10142,8,35,22.86,0
2025,2025tuak,Week 3,5,pick1,8058,18,35,51.43,0
2025,2025tuak,Week 3,5,pick2,9583,21,35,60.0,0
2025,2025tuak,Week 3,6,captain,8561,10,35,28.57,0
2025,2025tuak,Week 3,6,pick1,8220,16,35,45.71,0
2025,2025tuak,Week 3,6,pick2,9159,15,35,42.86,0
2025,2025tuak,Week 3,7,captain,10247,11,35,31.43,0
2025,2025tuak,Week 3,7,pick1,9028,30,35,85.71,0
2025,2025tuak,Week 3,7,pick2,8828,22,35,62.86,0
2025,2025tuak,Week 3,8,captain,8042,12,35,34.29,0
2025,2025tuak,Week 3,8,pick1,6430,26,35,74.29,0
2025,2025tuak,Week 3,8,pick2,9479,13,35,37.14,0
2025,2025gagwi,Week 3,1,captain,1771,1,34,2.94,1
2025,2025gagwi,Week 3,1,pick1,1833,2,34,5.88,1
2025,2025gagwi,Week 3,1,pick2,4468,21,34,61.76,1
2025,2025gagwi,Week 3,2,captain,7538,3,34,8.82,0
2025,2025gagwi,Week 3,2,pick1,1261,13,34,38.24,0
2025,2025gagwi,Week 3,2,pick2,5074,11,34,32.35,0
2025,2025gagwi,Week 3,3,captain,1683,4,34,11.76,0
2025,2025gagwi,Week 3,3,pick1,5109,7,34,20.59,0
2025,2025gagwi,Week 3,3,pick2,8865,27,34,79.41,0
2025,2025gagwi,Week 3,4,captain,7451,5,34,14.71,0
2025,2025gagwi,Week 3,4,pick1,1414,14,34,41.18,0
2025,2025gagwi,Week 3,4,pick2,8872,12,34,35.29,0
2025,2025gagwi,Week 3,4,backup,3091,18,34,52.94,0
2025,2025gagwi,Week 3,5,captain,3318,6,34,17.65,0
2025,2025gagwi,Week 3,5,pick1,5293,24,34,70.59,0
2025,2025gagwi,Week 3,5,pick2,8100,22,34,64.71,0
2025,2025gagwi,Week 3,5,backup,10006,17,34,50.0,0
2025,2025gagwi,Week 3,6,captain,10482,8,34,23.53,0
2025,2025gagwi,Week 3,6,pick1,2415,20,34,58.82,0
2025,2025gagwi,Week 3,6,pick2,8080,28,34,82.35,0
2025,2025gagwi,Week 3,7,captain,6705,9,34,26.47,0
2025,2025gagwi,Week 3,7,pick1,8736,23,34,67.65,0
2025,2025gagwi,Week 3,7,pick2,4189,16,34,47.06,0
2025,2025gagwi,Week 3,8,captain,9522,10,34,29.41,0
2025,2025gagwi,Week 3,8,pick1,4509,15,34,44.12,0
2025,2025gagwi,Week 3,8,pick2,832,30,34,88.24,0
2025,2025inkok,Week 3,1,captain,1501,1,40,2.5,1
2025,2025inkok,Week 3,1,pick1,868,5,40,12.5,1
2025,2025inkok,Week 3,1,pick2,8103,23,40,57.5,1
2025,2025inkok,Week 3,2,captain,3940,2,40,5.0,0
2025,2025inkok,Week 3,2,pick1,4272,3,40,7.5,0
2025,2025inkok,Week 3,2,pick2,6956,25,40,62.5,0
2025,2025inkok,Week 3,3,captain,45,4,40,10.0,0
2025,2025inkok,Week 3,3,pick1,1741,6,40,15.0,0
2025,2025inkok,Week 3,3,pick2,9453,31,40,77.5,0
2025,2025inkok,Week 3,4,captain,5484,7,40,17.5,0
2025,2025inkok,Week 3,4,pick1,5010,18,40,45.0,0
2025,2025inkok,Week 3,4,pick2,10332,15,40,37.5,0
2025,2025inkok,Week 3,5,captain,3494,8,40,20.0,0
2025,2025inkok,Week 3,5,pick1,10021,16,40,40.0,0
2025,2025inkok,Week 3,5,pick2,2171,26,40,65.0,0
2025,2025inkok,Week 3,6,captain,8430,9,40,22.5,0
2025,2025inkok,Week 3,6,pick1,1747,13,40,32.5,0
2025,2025inkok,Week 3,6,pick2,1720,27,40,67.5,0
2025,2025inkok,Week 3,7,captain,234,10,40,25.0,0
2025,2025inkok,Week 3,7,pick1,4485,21,40,52.5,0
2025,2025inkok,Week 3,7,pick2,1018,17,40,42.5,0
2025,2025inkok,Week 3,8,captain,7454,11,40,27.5,0
2025,2025inkok,Week 3,8,pick1,292,19,40,47.5,0
2025,2025inkok,Week 3,8,pick2,5188,33,40,82.5,0
2025,2025mawne,Week 3,1,captain,195,1,35,2.86,1
2025,2025mawne,Week 3,1,pick1,176,2,35,5.71,1
2025,2025mawne,Week 3,1,pick2,9710,30,35,85.71,1
2025,2025mawne,Week 3,2,captain,571,3,35,8.57,0
2025,2025mawne,Week 3,2,pick1,8013,8,35,22.86,0
2025,2025mawne,Week 3,2,pick2,8567,21,35,60.0,0
2025,2025mawne,Week 3,3,captain,467,4,35,11.43,0
2025,2025mawne,Week 3,3,pick1,8046,13,35,37.14,0
2025,2025mawne,Week 3,3,pick2,178,31,35,88.57,0
2025,2025mawne,Week 3,4,captain,6731,5,35,14.29,0
2025,2025mawne,Week 3,4,pick1,2370,11,35,31.43,0
2025,2025mawne,Week 3,4,pick2,5563,23,35,65.71,0
2025,2025mawne,Week 3,5,captain,1100,6,35,17.14,0
2025,2025mawne,Week 3,5,pick1,3146,9,35,25.71,0
2025,2025mawne,Week 3,5,pick2,2170,22,35,62.86,0
2025,2025mawne,Week 3,6,captain,177,7,35,20.0,0
2025,2025mawne,Week 3,6,pick1,7127,24,35,68.57,0
2025,2025mawne,Week 3,6,pick2,4905,27,35,77.14,0
2025,2025mawne,Week 3,7,captain,429,10,35,28.57,0
2025,2025mawne,Week 3,7,pick1,173,14,35,40.0,0
2025,2025mawne,Week 3,7,pick2,1922,29,35,82.86,0
2025,2025mawne,Week 3,8,captain,61,12,35,34.29,0
2025,2025mawne,Week 3,8,pick1,236,15,35,42.86,0
2025,2025mawne,Week 3,8,pick2,999,19,35,54.29,0
2025,2025mdbet,Week 3,1,captain,4821,1,29,3.45,0
2025,2025mdbet,Week 3,1,pick1,4638,13,29,44.83,0
2025,2025mdbet,Week 3,1,pick2,6863,18,29,62.07,0
2025,2025mdbet,Week 3,2,captain,5115,2,29,6.9,0
2025,2025mdbet,Week 3,2,pick1,3373,5,29,17.24,0
2025,2025mdbet,Week 3,2,pick2,2914,23,29,79.31,0
2025,2025mdbet,Week 3,3,captain,1731,3,29,10.34,1
2025,2025mdbet,Week 3,3,pick1,8590,9,29,31.03,1
2025,2025mdbet,Week 3,3,pick2,2867,22,29,75.86,1
2025,2025mdbet,Week 3,4,captain,116,4,29,13.79,0
2025,2025mdbet,Week 3,4,pick1,1895,12,29,41.38,0
2025,2025mdbet,Week 3,4,pick2,9033,15,29,51.72,0
2025,2025mdbet,Week 3,5,captain,4456,6,29,20.69,0
2025,2025mdbet,Week 3,5,pick1,6239,8,29,27.59,0
2025,2025mdbet,Week 3,5,pick2,2186,17,29,58.62,0
2025,2025mdbet,Week 3,6,captain,6213,7,29,24.14,0
2025,2025mdbet,Week 3,6,pick1,5243,24,29,82.76,0
2025,2025mdbet,Week 3,6,pick2,5841,27,29,93.1,0
2025,2025mdbet,Week 3,7,captain,8726,10,29,34.48,0
2025,2025mdbet,Week 3,7,pick1,4505,11,29,37.93,0
2025,2025mdbet,Week 3,7,pick2,8230,28,29,96.55,0
2025,2025mdbet,Week 3,8,captain,614,14,29,48.28,0
2025,2025mdbet,Week 3,8,pick1,1389,19,29,65.52,0
2025,2025mdbet,Week 3,8,pick2,8326,26,29,89.66,0
2025,2025mdsev,Week 3,1,captain,449,1,28,3.57,1
2025,2025mdsev,Week 3,1,pick1,2106,2,28,7.14,1
2025,2025mdsev,Week 3,1,pick2,3793,12,28,42.86,1
2025,2025mdsev,Week 3,2,captain,1727,3,28,10.71,0
2025,2025mdsev,Week 3,2,pick1,888,4,28,14.29,0
2025,2025mdsev,Week 3,2,pick2,623,28,28,100.0,0
2025,2025mdsev,Week 3,3,captain,1885,5,28,17.86,0
2025,2025mdsev,Week 3,3,pick1,4541,15,28,53.57,0
2025,2025mdsev,Week 3,3,pick2,2377,24,28,85.71,0
2025,2025mdsev,Week 3,4,captain,2199,6,28,21.43,0
2025,2025mdsev,Week 3,4,pick1,1111,10,28,35.71,0
2025,2025mdsev,Week 3,4,pick2,8622,16,28,57.14,0
2025,2025mdsev,Week 3,5,captain,10224,7,28,25.0,0
2025,2025mdsev,Week 3,5,pick1,404,14,28,50.0,0
2025,2025mdsev,Week 3,5,pick2,9403,21,28,75.0,0
2025,2025mdsev,Week 3,6,captain,3748,8,28,28.57,0
2025,2025mdsev,Week 3,6,pick1,339,18,28,64.29,0
2025,2025mdsev,Week 3,6,pick2,5587,13,28,46.43,0
2025,2025mdsev,Week 3,7,captain,7886,9,28,32.14,0
2025,2025mdsev,Week 3,7,pick1,7770,17,28,60.71,0
2025,2025mdsev,Week 3,7,pick2,2421,20,28,71.43,0
2025,2025mdsev,Week 3,8,captain,1811,11,28,39.29,0
2025,2025mdsev,Week 3,8,pick1,2537,23,28,82.14,0
2025,2025mdsev,Week 3,8,pick2,10679,19,28,67.86,0
2025,2025melew,Week 3,1,captain,6329,1,30,3.33,1
2025,2025melew,Week 3,1,pick1,5687,3,30,10.0,1
2025,2025melew,Week 3,1,pick2,501,28,30,93.33,1
2025,2025melew,Week 3,2,captain,5813,2,30,6.67,0
2025,2025melew,Week 3,2,pick1,4909,4,30,13.33,0
2025,2025melew,Week 3,2,pick2,8023,20,30,66.67,0
2025,2025melew,Week 3,3,captain,4564,5,30,16.67,0
2025,2025melew,Week 3,3,pick1,133,6,30,20.0,0
2025,2025melew,Week 3,3,pick2,7674,15,30,50.0,0
2025,2025melew,Week 3,4,captain,58,7,30,23.33,0
2025,2025melew,Week 3,4,pick1,2648,16,30,53.33,0
2025,2025melew,Week 3,4,pick2,2523,29,30,96.67,0
2025,2025melew,Week 3,5,captain,172,8,30,26.67,0
2025,2025melew,Week 3,5,pick1,2713,12,30,40.0,0
2025,2025melew,Week 3,5,pick2,9101,21,30,70.0,0
2025,2025melew,Week 3,6,captain,166,9,30,30.0,0
2025,2025melew,Week 3,6,pick1,4546,14,30,46.67,0
2025,2025melew,Week 3,6,pick2,6153,23,30,76.67,0
2025,2025melew,Week 3,7,captain,9732,10,30,33.33,0
2025,2025melew,Week 3,7,pick1,4041,11,30,36.67,0
2025,2025melew,Week 3,7,pick2,9055,24,30,80.0,0
2025,2025melew,Week 3,8,captain,10066,13,30,43.33,0
2025,2025melew,Week 3,8,pick1,7907,17,30,56.67,0
2025,2025melew,Week 3,8,pick2,4473,19,30,63.33,0
2025,2025melew,Week 3,8,backup,4925,25,30,83.33,0
2025,2025miber,Week 3,1,captain,6002,1,35,2.86,1
2025,2025miber,Week 3,1,pick1,4237,5,35,14.29,1
2025,2025miber,Week 3,1,pick2,288,30,35,85.71,1
2025,2025miber,Week 3,2,captain,4422,2,35,5.71,0
2025,2025miber,Week 3,2,pick1,4381,3,35,8.57,0
2025,2025miber,Week 3,2,pick2,9566,26,35,74.29,0
2025,2025miber,Week 3,3,captain,3539,4,35,11.43,0
2025,2025miber,Week 3,3,pick1,217,12,35,34.29,0
2025,2025miber,Week 3,3,pick2,9208,25,35,71.43,0
2025,2025miber,Week 3,4,captain,10666,6,35,17.14,0
2025,2025miber,Week 3,4,pick1,3875,10,35,28.57,0
2025,2025miber,Week 3,4,pick2,10633,17,35,48.57,0
2025,2025miber,Week 3,5,captain,244,7,35,20.0,0
2025,2025miber,Week 3,5,pick1,4855,8,35,22.86,0
2025,2025miber,Week 3,5,pick2,10473,34,35,97.14,0
2025,2025miber,Week 3,5,backup,5227,16,35,45.71,0
2025,2025miber,Week 3,6,captain,6588,9,35,25.71,0
2025,2025miber,Week 3,6,pick1,9758,15,35,42.86,0
2025,2025miber,Week 3,6,pick2,4325,19,35,54.29,0
2025,2025miber,Week 3,7,captain,9227,11,35,31.43,0
2025,2025miber,Week 3,7,pick1,7174,23,35,65.71,0
2025,2025miber,Week 3,7,pick2,7762,21,35,60.0,0
2025,2025miber,Week 3,8,captain,5535,13,35,37.14,0
2025,2025miber,Week 3,8,pick1,3452,18,35,51.43,0
2025,2025miber,Week 3,8,pick2,3936,14,35,40.0,0
2025,2025mibkn,Week 3,1,captain,3656,1,40,2.5,0
2025,2025mibkn,Week 3,1,pick1,1025,5,40,12.5,0
2025,2025mibkn,Week 3,1,pick2,830,23,40,57.5,0
2025,2025mibkn,Week 3,2,captain,1023,2,40,5.0,0
2025,2025mibkn,Week 3,2,pick1,302,17,40,42.5,0
2025,2025mibkn,Week 3,2,pick2,5234,29,40,72.5,0
2025,2025mibkn,Week 3,3,captain,548,3,40,7.5,0
2025,2025mibkn,Week 3,3,pick1,2611,6,40,15.0,0
2025,2025mibkn,Week 3,3,pick2,9183,32,40,80.0,0
2025,2025mibkn,Week 3,4,captain,3668,4,40,10.0,1
2025,2025mibkn,Week 3,4,pick1,7197,8,40,20.0,1
2025,2025mibkn,Week 3,4,pick2,5559,21,40,52.5,1
2025,2025mibkn,Week 3,5,captain,8895,7,40,17.5,0
2025,2025mibkn,Week 3,5,pick1,7501,11,40,27.5,0
2025,2025mibkn,Week 3,5,pick2,8423,22,40,55.0,0
2025,2025mibkn,Week 3,6,captain,5676,9,40,22.5,0
2025,2025mibkn,Week 3,6,pick1,2960,13,40,32.5,0
2025,2025mibkn,Week 3,6,pick2,7289,27,40,67.5,0
2025,2025mibkn,Week 3,7,captain,7656,10,40,25.0,0
2025,2025mibkn,Week 3,7,pick1,503,12,40,30.0,0
2025,2025mibkn,Week 3,7,pick2,5144,18,40,45.0,0
2025,2025mibkn,Week 3,8,captain,8300,14,40,35.0,0
2025,2025mibkn,Week 3,8,pick1,8522,19,40,47.5,0
2025,2025mibkn,Week 3,8,pick2,9312,25,40,62.5,0
2025,2025ncash,Week 3,1,captain,9496,1,22,4.55,1
2025,2025ncash,Week 3,1,pick1,8866,6,22,27.27,1
2025,2025ncash,Week 3,1,pick2,10248,19,22,86.36,1
2025,2025ncash,Week 3,2,captain,8429,2,22,9.09,0
2025,2025ncash,Week 3,2,pick1,8727,3,22,13.64,0
2025,2025ncash,Week 3,2,pick2,4935,16,22,72.73,0
2025,2025ncash,Week 3,3,captain,1533,4,22,18.18,0
2025,2025ncash,Week 3,3,pick1,5727,12,22,54.55,0
2025,2025ncash,Week 3,3,pick2,10583,11,22,50.0,0
2025,2025ncash,Week 3,4,captain,2724,5,22,22.73,0
2025,2025ncash,Week 3,4,pick1,3506,13,22,59.09,0
2025,2025ncash,Week 3,4,pick2,9762,10,22,45.45,0
2025,2025ncash,Week 3,5,captain,6639,7,22,31.82,0
2025,2025ncash,Week 3,5,pick1,9008,14,22,63.64,0
2025,2025ncash,Week 3,5,pick2,3196,17,22,77.27,0
2025,2025ncash,Week 3,5,backup,10304,18,22,81.82,0
2025,2025ncash,Week 3,6,captain,3737,8,22,36.36,0
2025,2025ncash,Week 3,6,pick1,9150,22,22,100.0,0
2025,2025ncash,Week 3,6,pick2,9605,21,22,95.45,0
2025,2025ncash,Week 3,7,captain,1225,9,22,40.91,0
2025,2025ncash,Week 3,7,pick1,6932,15,22,68.18,0
2025,2025ncash,Week 3,7,pick2,6729,20,22,90.91,0
2025,2025ncash,Week 3,8,captain,9991,,22,,0
2025,2025ncash,Week 3,8,pick1,9992,,22,,0
2025,2025ncash,Week 3,8,pick2,9993,,22,,0
2025,2025ncwak,Week 3,1,captain,8738,1,32,3.12,0
2025,2025ncwak,Week 3,1,pick1,4795,5,32,15.62,0
2025,2025ncwak,Week 3,1,pick2,5518,13,32,40.62,0
2025,2025ncwak,Week 3,2,captain,900,2,32,6.25,0
2025,2025ncwak,Week 3,2,pick1,4861,3,32,9.38,0
2025,2025ncwak,Week 3,2,pick2,7443,27,32,84.38,0
2025,2025ncwak,Week 3,3,captain,10260,4,32,12.5,0
2025,2025ncwak,Week 3,3,pick1,5160,20,32,62.5,0
2025,2025ncwak,Week 3,3,pick2,5919,17,32,53.12,0
2025,2025ncwak,Week 3,4,captain,2059,6,32,18.75,1
2025,2025ncwak,Week 3,4,pick1,9032,8,32,25.0,1
2025,2025ncwak,Week 3,4,pick2,5190,30,32,93.75,1
2025,2025ncwak,Week 3,5,captain,10121,7,32,21.88,0
2025,2025ncwak,Week 3,5,pick1,3229,11,32,34.38,0
2025,2025ncwak,Week 3,5,pick2,6908,21,32,65.62,0
2025,2025ncwak,Week 3,6,captain,9789,9,32,28.12,0
2025,2025ncwak,Week 3,6,pick1,8758,14,32,43.75,0
2025,2025ncwak,Week 3,6,pick2,3459,16,32,50.0,0
2025,2025ncwak,Week 3,7,captain,8746,10,32,31.25,0
2025,2025ncwak,Week 3,7,pick1,2642,23,32,71.88,0
2025,2025ncwak,Week 3,7,pick2,5607,29,32,90.62,0
2025,2025ncwak,Week 3,8,captain,8090,12,32,37.5,0
2025,2025ncwak,Week 3,8,pick1,5511,15,32,46.88,0
2025,2025ncwak,Week 3,8,pick2,10302,19,32,59.38,0
2025,2025njrob,Week 3,1,captain,2590,1,28,3.57,1
2025,2025njrob,Week 3,1,pick1,1923,2,28,7.14,1
2025,2025njrob,Week 3,1,pick2,5624,17,28,60.71,1
2025,2025njrob,Week 3,2,captain,3314,3,28,10.71,0
2025,2025njrob,Week 3,2,pick1,1676,5,28,17.86,0
2025,2025njrob,Week 3,2,pick2,87,22,28,78.57,0
2025,2025njrob,Week 3,3,captain,834,4,28,14.29,0
2025,2025njrob,Week 3,3,pick1,223,6,28,21.43,0
2025,2025njrob,Week 3,3,pick2,9100,25,28,89.29,0
2025,2025njrob,Week 3,4,captain,293,7,28,25.0,0
2025,2025njrob,Week 3,4,pick1,2495,14,28,50.0,0
2025,2025njrob,Week 3,4,pick2,486,23,28,82.14,0
2025,2025njrob,Week 3,5,captain,204,8,28,28.57,0
2025,2025njrob,Week 3,5,pick1,102,13,28,46.43,0
2025,2025njrob,Week 3,5,pick2,8714,20,28,71.43,0
2025,2025njrob,Week 3,6,captain,3340,9,28,32.14,0
2025,2025njrob,Week 3,6,pick1,5666,11,28,39.29,0
2025,2025njrob,Week 3,6,pick2,2191,24,28,85.71,0
2025,2025njrob,Week 3,7,captain,5684,10,28,35.71,0
2025,2025njrob,Week 3,7,pick1,25,15,28,53.57,0
2025,2025njrob,Week 3,7,pick2,9116,21,28,75.0,0
2025,2025njrob,Week 3,8,captain,10170,12,28,42.86,0
2025,2025njrob,Week 3,8,pick1,752,16,28,57.14,0
2025,2025njrob,Week 3,8,pick2,6897,19,28,67.86,0
2025,2025onosh,Week 3,1,captain,4476,1,31,3.23,1
2025,2025onosh,Week 3,1,pick1,8884,2,31,6.45,1
2025,2025onosh,Week 3,1,pick2,8731,26,31,83.87,1
2025,2025onosh,Week 3,2,captain,5406,3,31,9.68,0
2025,2025onosh,Week 3,2,pick1,4907,4,31,12.9,0
2025,2025onosh,Week 3,2,pick2,2852,31,31,100.0,0
2025,2025onosh,Week 3,3,captain,7902,5,31,16.13,0
2025,2025onosh,Week 3,3,pick1,7480,7,31,22.58,0
2025,2025onosh,Week 3,3,pick2,2198,19,31,61.29,0
2025,2025onosh,Week 3,4,captain,2708,6,31,19.35,0
2025,2025onosh,Week 3,4,pick1,7200,15,31,48.39,0
2025,2025onosh,Week 3,4,pick2,6864,24,31,77.42,0
2025,2025onosh,Week 3,4,backup,9592,18,31,58.06,0
2025,2025onosh,Week 3,5,captain,8764,8,31,25.81,0
2025,2025onosh,Week 3,5,pick1,9062,13,31,41.94,0
2025,2025onosh,Week 3,5,pick2,9580,21,31,67.74,0
2025,2025onosh,Week 3,6,captain,4917,9,31,29.03,0
2025,2025onosh,Week 3,6,pick1,5031,14,31,45.16,0
2025,2025onosh,Week 3,6,pick2,10015,25,31,80.65,0
2025,2025onosh,Week 3,7,captain,7712,10,31,32.26,0
2025,2025onosh,Week 3,7,pick1,5870,12,31,38.71,0
2025,2025onosh,Week 3,7,pick2,5036,17,31,54.84,0
2025,2025onosh,Week 3,8,captain,8729,11,31,35.48,0
2025,2025onosh,Week 3,8,pick1,9569,22,31,70.97,0
2025,2025onosh,Week 3,8,pick2,8349,16,31,51.61,0
2025,2025paphi,Week 3,1,captain,2539,1,26,3.85,1
2025,2025paphi,Week 3,1,pick1,341,2,26,7.69,1
2025,2025paphi,Week 3,1,pick2,10143,25,26,96.15,1
2025,2025paphi,Week 3,2,captain,1218,3,26,11.54,0
2025,2025paphi,Week 3,2,pick1,1168,6,26,23.08,0
2025,2025paphi,Week 3,2,pick2,2234,26,26,100.0,0
2025,2025paphi,Week 3,3,captain,1391,4,26,15.38,0
2025,2025paphi,Week 3,3,pick1,5181,5,26,19.23,0
2025,2025paphi,Week 3,3,pick2,9014,17,26,65.38,0
2025,2025paphi,Week 3,4,captain,4373,7,26,26.92,0
2025,2025paphi,Week 3,4,pick1,4342,10,26,38.46,0
2025,2025paphi,Week 3,4,pick2,10001,23,26,88.46,0
2025,2025paphi,Week 3,5,captain,9094,8,26,30.77,0
2025,2025paphi,Week 3,5,pick1,272,18,26,69.23,0
2025,2025paphi,Week 3,5,pick2,10584,19,26,73.08,0
2025,2025paphi,Week 3,6,captain,423,9,26,34.62,0
2025,2025paphi,Week 3,6,pick1,2458,13,26,50.0,0
2025,2025paphi,Week 3,6,pick2,4637,21,26,80.77,0
2025,2025paphi,Week 3,7,captain,2095,11,26,42.31,0
2025,2025paphi,Week 3,7,pick1,5407,14,26,53.85,0
2025,2025paphi,Week 3,7,pick2,10070,16,26,61.54,0
2025,2025paphi,Week 3,8,captain,5113,12,26,46.15,0
2025,2025paphi,Week 3,8,pick1,10653,15,26,57.69,0
2025,2025paphi,Week 3,8,pick2,8117,20,26,76.92,0
2025,2025txman,Week 3,1,captain,118,1,25,4.0,1
2025,2025txman,Week 3,1,pick1,6800,2,25,8.0,1
2025,2025txman,Week 3,1,pick2,9137,22,25,88.0,1
2025,2025txman,Week 3,2,captain,2881,3,25,12.0,0
2025,2025txman,Week 3,2,pick1,418,4,25,16.0,0
2025,2025txman,Week 3,2,pick2,4251,21,25,84.0,0
2025,2025txman,Week 3,3,captain,624,5,25,20.0,0
2025,2025txman,Week 3,3,pick1,2468,10,25,40.0,0
2025,2025txman,Week 3,3,pick2,6180,23,25,92.0,0
2025,2025txman,Week 3,4,captain,2689,6,25,24.0,0
2025,2025txman,Week 3,4,pick1,6377,7,25,28.0,0
2025,2025txman,Week 3,4,pick2,10032,19,25,76.0,0
2025,2025txman,Week 3,5,captain,10118,8,25,32.0,0
2025,2025txman,Week 3,5,pick1,2687,13,25,52.0,0
2025,2025txman,Week 3,5,pick2,9577,24,25,96.0,0
2025,2025txman,Week 3,6,captain,2789,9,25,36.0,0
2025,2025txman,Week 3,6,pick1,9506,14,25,56.0,0
2025,2025txman,Week 3,6,pick2,9311,18,25,72.0,0
2025,2025txman,Week 3,7,captain,2158,11,25,44.0,0
2025,2025txman,Week 3,7,pick1,8576,15,25,60.0,0
2025,2025txman,Week 3,7,pick2,5052,25,25,100.0,0
2025,2025txman,Week 3,8,captain,9054,12,25,48.0,0
2025,2025txman,Week 3,8,pick1,8879,16,25,64.0,0
2025,2025txman,Week 3,8,pick2,8370,17,25,68.0,0
2025,2025wabon,Week 3,1,captain,2046,1,34,2.94,1
2025,2025wabon,Week 3,1,pick1,1778,3,34,8.82,1
2025,2025wabon,Week 3,1,pick2,9446,30,34,88.24,1
2025,2025wabon,Week 3,2,captain,2522,2,34,5.88,0
2025,2025wabon,Week 3,2,pick1,4682,6,34,17.65,0
2025,2025wabon,Week 3,2,pick2,5588,24,34,70.59,0
2025,2025wabon,Week 3,3,captain,4512,4,34,11.76,0
2025,2025wabon,Week 3,3,pick1,4469,7,34,20.59,0
2025,2025wabon,Week 3,3,pick2,8051,20,34,58.82,0
2025,2025wabon,Week 3,4,captain,4089,5,34,14.71,0
2025,2025wabon,Week 3,4,pick1,3218,10,34,29.41,0
2025,2025wabon,Week 3,4,pick2,2976,23,34,67.65,0
2025,2025wabon,Week 3,5,captain,7461,8,34,23.53,0
2025,2025wabon,Week 3,5,pick1,10079,17,34,50.0,0
2025,2025wabon,Week 3,5,pick2,5941,19,34,55.88,0
2025,2025wabon,Week 3,6,captain,948,9,34,26.47,0
2025,2025wabon,Week 3,6,pick1,8032,22,34,64.71,0
2025,2025wabon,Week 3,6,pick2,1983,31,34,91.18,0
2025,2025wabon,Week 3,6,backup,6350,14,34,41.18,0
2025,2025wabon,Week 3,7,captain,10455,11,34,32.35,0
2025,2025wabon,Week 3,7,pick1,2929,13,34,38.24,0
2025,2025wabon,Week 3,7,pick2,2903,27,34,79.41,0
2025,2025wabon,Week 3,8,captain,5937,12,34,35.29,0
2025,2025wabon,Week 3,8,pick1,9036,15,34,44.12,0
2025,2025wabon,Week 3,8,pick2,4911,16,34,47.06,0
2025,2025cada,Week 3,1,captain,1678,1,34,2.94,1
2025,2025cada,Week 3,1,pick1,254,2,34,5.88,1
2025,2025cada,Week 3,1,pick2,7137,28,34,82.35,1
2025,2025cada,Week 3,2,captain,6665,3,34,8.82,0
2025,2025cada,Week 3,2,pick1,5419,15,34,44.12,0
2025,2025cada,Week 3,2,pick2,701,26,34,76.47,0
2025,2025cada,Week 3,3,captain,4698,4,34,11.76,0
2025,2025cada,Week 3,3,pick1,7157,17,34,50.0,0
2025,2025cada,Week 3,3,pick2,9400,25,34,73.53,0
2025,2025cada,Week 3,4,captain,2135,5,34,14.71,0
2025,2025cada,Week 3,4,pick1,2073,11,34,32.35,0
2025,2025cada,Week 3,4,pick2,5458,20,34,58.82,0
2025,2025cada,Week 3,5,captain,4522,6,34,17.65,0
2025,2025cada,Week 3,5,pick1,1671,10,34,29.41,0
2025,2025cada,Week 3,5,pick2,2204,16,34,47.06,0
2025,2025cada,Week 3,6,captain,5499,7,34,20.59,0
2025,2025cada,Week 3,6,pick1,2288,8,34,23.53,0
2025,2025cada,Week 3,6,pick2,3257,22,34,64.71,0
2025,2025cada,Week 3,7,captain,3189,9,34,26.47,0
2025,2025cada,Week 3,7,pick1,3598,18,34,52.94,0
2025,2025cada,Week 3,7,pick2,3482,24,34,70.59,0
2025,2025cada,Week 3,8,captain,8768,12,34,35.29,0
2025,2025cada,Week 3,8,pick1,5171,14,34,41.18,0
2025,2025cada,Week 3,8,pick2,972,21,34,61.76,0
2025,2025txvic,Week 3,1,captain,1477,1,25,4.0,1
2025,2025txvic,Week 3,1,pick1,9128,2,25,8.0,1
2025,2025txvic,Week 3,1,pick2,9515,14,25,56.0,1
2025,2025txvic,Week 3,2,captain,2583,3,25,12.0,0
2025,2025txvic,Week 3,2,pick1,4639,8,25,32.0,0
2025,2025txvic,Week 3,2,pick2,9121,21,25,84.0,0
2025,2025txvic,Week 3,3,captain,324,4,25,16.0,0
2025,2025txvic,Week 3,3,pick1,5829,12,25,48.0,0
2025,2025txvic,Week 3,3,pick2,5908,17,25,68.0,0
2025,2025txvic,Week 3,4,captain,10340,5,25,20.0,0
2025,2025txvic,Week 3,4,pick1,4063,6,25,24.0,0
2025,2025txvic,Week 3,4,pick2,9517,20,25,80.0,0
2025,2025txvic,Week 3,5,captain,3035,7,25,28.0,0
2025,2025txvic,Week 3,5,pick1,2587,11,25,44.0,0
2025,2025txvic,Week 3,5,pick2,9478,24,25,96.0,0
2025,2025txvic,Week 3,6,captain,9289,9,25,36.0,0
2025,2025txvic,Week 3,6,pick1,10385,18,25,72.0,0
2025,2025txvic,Week 3,6,pick2,7616,22,25,88.0,0
2025,2025txvic,Week 3,7,captain,9051,10,25,40.0,0
2025,2025txvic,Week 3,7,pick1,8591,15,25,60.0,0
2025,2025txvic,Week 3,7,pick2,9448,25,25,100.0,0
2025,2025txvic,Week 3,8,captain,8818,13,25,52.0,0
2025,2025txvic,Week 3,8,pick1,8019,16,25,64.0,0
2025,2025txvic,Week 3,8,pick2,8573,19,25,76.0,0
2025,2025ontor,Week 4,1,captain,7558,1,28,3.57,1
2025,2025ontor,Week 4,1,pick1,4976,3,28,10.71,1
2025,2025ontor,Week 4,1,pick2,10279,23,28,82.14,1
2025,2025ontor,Week 4,2,captain,7520,2,28,7.14,0
2025,2025ontor,Week 4,2,pick1,9785,5,28,17.86,0
2025,2025ontor,Week 4,2,pick2,9562,21,28,75.0,0
2025,2025ontor,Week 4,3,captain,5032,4,28,14.29,0
2025,2025ontor,Week 4,3,pick1,2935,8,28,28.57,0
2025,2025ontor,Week 4,3,pick2,7136,26,28,92.86,0
2025,2025ontor,Week 4,4,captain,854,6,28,21.43,0
2025,2025ontor,Week 4,4,pick1,3161,15,28,53.57,0
2025,2025ontor,Week 4,4,pick2,8850,14,28,50.0,0
2025,2025ontor,Week 4,5,captain,10634,7,28,25.0,0
2025,2025ontor,Week 4,5,pick1,4920,11,28,39.29,0
2025,2025ontor,Week 4,5,pick2,5719,20,28,71.43,0
2025,2025ontor,Week 4,6,captain,6725,9,28,32.14,0
2025,2025ontor,Week 4,6,pick1,9262,10,28,35.71,0
2025,2025ontor,Week 4,6,pick2,9659,16,28,57.14,0
2025,2025ontor,Week 4,7,captain,9782,12,28,42.86,0
2025,2025ontor,Week 4,7,pick1,4308,19,28,67.86,0
2025,2025ontor,Week 4,7,pick2,6632,25,28,89.29,0
2025,2025ontor,Week 4,8,captain,10027,13,28,46.43,0
2025,2025ontor,Week 4,8,pick1,2634,18,28,64.29,0
2025,2025ontor,Week 4,8,pick2,6397,17,28,60.71,0
2025,2025flor,Week 4,1,captain,180,1,50,2.0,1
2025,2025flor,Week 4,1,pick1,179,4,50,8.0,1
2025,2025flor,Week 4,1,pick2,2152,47,50,94.0,1
2025,2025flor,Week 4,2,captain,233,2,50,4.0,0
2025,2025flor,Week 4,2,pick1,1902,6,50,12.0,0
2025,2025flor,Week 4,2,pick2,9670,28,50,56.0,0
2025,2025flor,Week 4,3,captain,5472,3,50,6.0,0
2025,2025flor,Week 4,3,pick1,59,5,50,10.0,0
2025,2025flor,Week 4,3,pick2,744,29,50,58.0,0
2025,2025flor,Week 4,4,captain,79,7,50,14.0,0
2025,2025flor,Week 4,4,pick1,8841,14,50,28.0,0
2025,2025flor,Week 4,4,pick2,1523,27,50,54.0,0
2025,2025flor,Week 4,5,captain,801,8,50,16.0,0
2025,2025flor,Week 4,5,pick1,86,16,50,32.0,0
2025,2025flor,Week 4,5,pick2,6722,21,50,42.0,0
2025,2025flor,Week 4,6,captain,386,9,50,18.0,0
2025,2025flor,Week 4,6,pick1,3932,12,50,24.0,0
2025,2025flor,Week 4,6,pick2,1557,22,50,44.0,0
2025,2025flor,Week 4,7,captain,1592,10,50,20.0,0
2025,2025flor,Week 4,7,pick1,10323,36,50,72.0,0
2025,2025flor,Week 4,7,pick2,21,18,50,36.0,0
2025,2025flor,Week 4,8,captain,5842,11,50,22.0,0
2025,2025flor,Week 4,8,pick1,8324,15,50,30.0,0
2025,2025flor,Week 4,8,pick2,8817,25,50,50.0,0
2025,2025nyli2,Week 4,1,captain,5736,1,48,2.08,1
2025,2025nyli2,Week 4,1,pick1,353,5,48,10.42,1
2025,2025nyli2,Week 4,1,pick2,564,22,48,45.83,1
2025,2025nyli2,Week 4,2,captain,329,2,48,4.17,0
2025,2025nyli2,Week 4,2,pick1,2872,7,48,14.58,0
2025,2025nyli2,Week 4,2,pick2,527,38,48,79.17,0
2025,2025nyli2,Week 4,3,captain,870,3,48,6.25,0
2025,2025nyli2,Week 4,3,pick1,1468,17,48,35.42,0
2025,2025nyli2,Week 4,3,pick2,263,19,48,39.58,0
2025,2025nyli2,Week 4,4,captain,287,4,48,8.33,0
2025,2025nyli2,Week 4,4,pick1,9016,13,48,27.08,0
2025,2025nyli2,Week 4,4,pick2,6423,21,48,43.75,0
2025,2025nyli2,Week 4,5,captain,4458,6,48,12.5,0
2025,2025nyli2,Week 4,5,pick1,9692,11,48,22.92,0
2025,2025nyli2,Week 4,5,pick2,271,33,48,68.75,0
2025,2025nyli2,Week 4,5,backup,2161,15,48,31.25,0
2025,2025nyli2,Week 4,6,captain,3950,8,48,16.67,0
2025,2025nyli2,Week 4,6,pick1,2869,10,48,20.83,0
2025,2025nyli2,Week 4,6,pick2,3137,28,48,58.33,0
2025,2025nyli2,Week 4,7,captain,8267,9,48,18.75,0
2025,2025nyli2,Week 4,7,pick1,871,35,48,72.92,0
2025,2025nyli2,Week 4,7,pick2,1554,41,48,85.42,0
2025,2025nyli2,Week 4,8,captain,2875,12,48,25.0,0
2025,2025nyli2,Week 4,8,pick1,810,18,48,37.5,0
2025,2025nyli2,Week 4,8,pick2,5016,23,48,47.92,0
2025,2025paca,Week 4,1,captain,694,1,53,1.89,1
2025,2025paca,Week 4,1,pick1,3539,5,53,9.43,1
2025,2025paca,Week 4,1,pick2,3492,22,53,41.51,1
2025,2025paca,Week 4,2,captain,4122,2,53,3.77,0
2025,2025paca,Week 4,2,pick1,4145,11,53,20.75,0
2025,2025paca,Week 4,2,pick2,10515,38,53,71.7,0
2025,2025paca,Week 4,3,captain,5740,3,53,5.66,0
2025,2025paca,Week 4,3,pick1,379,4,53,7.55,0
2025,2025paca,Week 4,3,pick2,3504,21,53,39.62,0
2025,2025paca,Week 4,4,captain,2399,6,53,11.32,0
2025,2025paca,Week 4,4,pick1,4467,23,53,43.4,0
2025,2025paca,Week 4,4,pick2,2172,33,53,62.26,0
2025,2025paca,Week 4,4,backup,9475,13,53,24.53,0
2025,2025paca,Week 4,5,captain,117,7,53,13.21,0
2025,2025paca,Week 4,5,pick1,1708,19,53,35.85,0
2025,2025paca,Week 4,5,pick2,63,14,53,26.42,0
2025,2025paca,Week 4,6,captain,4027,8,53,15.09,0
2025,2025paca,Week 4,6,pick1,4121,9,53,16.98,0
2025,2025paca,Week 4,6,pick2,2641,52,53,98.11,0
2025,2025paca,Week 4,7,captain,2638,10,53,18.87,0
2025,2025paca,Week 4,7,pick1,2603,16,53,30.19,0
2025,2025paca,Week 4,7,pick2,4269,28,53,52.83,0
2025,2025paca,Week 4,8,captain,4991,12,53,22.64,0
2025,2025paca,Week 4,8,pick1,2656,41,53,77.36,0
2025,2025paca,Week 4,8,pick2,7515,36,53,67.92,0
2025,2025ilpe,Week 4,1,captain,2481,1,35,2.86,1
2025,2025ilpe,Week 4,1,pick1,1756,2,35,5.71,1
2025,2025ilpe,Week 4,1,pick2,2358,23,35,65.71,1
2025,2025ilpe,Week 4,2,captain,4655,3,35,8.57,0
2025,2025ilpe,Week 4,2,pick1,1138,5,35,14.29,0
2025,2025ilpe,Week 4,2,pick2,1259,24,35,68.57,0
2025,2025ilpe,Week 4,3,captain,4143,4,35,11.43,0
2025,2025ilpe,Week 4,3,pick1,5847,14,35,40.0,0
2025,2025ilpe,Week 4,3,pick2,1208,25,35,71.43,0
2025,2025ilpe,Week 4,4,captain,1736,6,35,17.14,0
2025,2025ilpe,Week 4,4,pick1,4423,7,35,20.0,0
2025,2025ilpe,Week 4,4,pick2,6651,18,35,51.43,0
2025,2025ilpe,Week 4,5,captain,3488,8,35,22.86,0
2025,2025ilpe,Week 4,5,pick1,4213,13,35,37.14,0
2025,2025ilpe,Week 4,5,pick2,10435,26,35,74.29,0
2025,2025ilpe,Week 4,6,captain,6237,9,35,25.71,0
2025,2025ilpe,Week 4,6,pick1,2022,10,35,28.57,0
2025,2025ilpe,Week 4,6,pick2,8880,30,35,85.71,0
2025,2025ilpe,Week 4,7,captain,2861,11,35,31.43,0
2025,2025ilpe,Week 4,7,pick1,6421,12,35,34.29,0
2025,2025ilpe,Week 4,7,pick2,4096,19,35,54.29,0
2025,2025ilpe,Week 4,8,captain,9082,15,35,42.86,0
2025,2025ilpe,Week 4,8,pick1,2040,16,35,45.71,0
2025,2025ilpe,Week 4,8,pick2,7848,17,35,48.57,0
2025,2025ksla,Week 4,1,captain,1730,1,36,2.78,0
2025,2025ksla,Week 4,1,pick1,1986,4,36,11.11,0
2025,2025ksla,Week 4,1,pick2,10453,36,36,100.0,0
2025,2025ksla,Week 4,2,captain,1108,2,36,5.56,0
2025,2025ksla,Week 4,2,pick1,1847,5,36,13.89,0
2025,2025ksla,Week 4,2,pick2,9316,29,36,80.56,0
2025,2025ksla,Week 4,3,captain,7421,3,36,8.33,1
2025,2025ksla,Week 4,3,pick1,1825,6,36,16.67,1
2025,2025ksla,Week 4,3,pick2,5013,16,36,44.44,1
2025,2025ksla,Week 4,4,captain,5268,7,36,19.44,0
2025,2025ksla,Week 4,4,pick1,1723,10,36,27.78,0
2025,2025ksla,Week 4,4,pick2,2410,30,36,83.33,0
2025,2025ksla,Week 4,5,captain,4959,8,36,22.22,0
2025,2025ksla,Week 4,5,pick1,5098,15,36,41.67,0
2025,2025ksla,Week 4,5,pick2,5119,34,36,94.44,0
2025,2025ksla,Week 4,6,captain,757,9,36,25.0,0
2025,2025ksla,Week 4,6,pick1,1764,20,36,55.56,0
2025,2025ksla,Week 4,6,pick2,935,19,36,52.78,0
2025,2025ksla,Week 4,7,captain,2457,11,36,30.56,0
2025,2025ksla,Week 4,7,pick1,9551,23,36,63.89,0
2025,2025ksla,Week 4,7,pick2,1810,13,36,36.11,0
2025,2025ksla,Week 4,8,captain,6843,12,36,33.33,0
2025,2025ksla,Week 4,8,pick1,1769,17,36,47.22,0
2025,2025ksla,Week 4,8,pick2,9445,22,36,61.11,0
2025,2025oktu,Week 4,1,captain,3937,1,41,2.44,1
2025,2025oktu,Week 4,1,pick1,6424,4,41,9.76,1
2025,2025oktu,Week 4,1,pick2,2341,22,41,53.66,1
2025,2025oktu,Week 4,2,captain,2383,2,41,4.88,0
2025,2025oktu,Week 4,2,pick1,1561,6,41,14.63,0
2025,2025oktu,Week 4,2,pick2,9472,31,41,75.61,0
2025,2025oktu,Week 4,2,backup,8112,20,41,48.78,0
2025,2025oktu,Week 4,3,captain,4005,3,41,7.32,0
2025,2025oktu,Week 4,3,pick1,3130,5,41,12.2,0
2025,2025oktu,Week 4,3,pick2,9462,14,41,34.15,0
2025,2025oktu,Week 4,4,captain,5690,7,41,17.07,0
2025,2025oktu,Week 4,4,pick1,3179,8,41,19.51,0
2025,2025oktu,Week 4,4,pick2,3247,17,41,41.46,0
2025,2025oktu,Week 4,5,captain,2352,9,41,21.95,0
2025,2025oktu,Week 4,5,pick1,5454,18,41,43.9,0
2025,2025oktu,Week 4,5,pick2,3931,25,41,60.98,0
2025,2025oktu,Week 4,6,captain,2395,10,41,24.39,0
2025,2025oktu,Week 4,6,pick1,10219,16,41,39.02,0
2025,2025oktu,Week 4,6,pick2,2165,23,41,56.1,0
2025,2025oktu,Week 4,7,captain,3660,11,41,26.83,0
2025,2025oktu,Week 4,7,pick1,1209,12,41,29.27,0
2025,2025oktu,Week 4,7,pick2,10661,32,41,78.05,0
2025,2025oktu,Week 4,8,captain,8711,13,41,31.71,0
2025,2025oktu,Week 4,8,pick1,4523,21,41,51.22,0
2025,2025oktu,Week 4,8,pick2,6026,19,41,46.34,0
2025,2025wila,Week 4,1,captain,4728,1,51,1.96,1
2025,2025wila,Week 4,1,pick1,3197,4,51,7.84,1
2025,2025wila,Week 4,1,pick2,8024,30,51,58.82,1
2025,2025wila,Week 4,2,captain,4009,2,51,3.92,0
2025,2025wila,Week 4,2,pick1,7021,3,51,5.88,0
2025,2025wila,Week 4,2,pick2,2225,17,51,33.33,0
2025,2025wila,Week 4,3,captain,2509,5,51,9.8,0
2025,2025wila,Week 4,3,pick1,2526,18,51,35.29,0
2025,2025wila,Week 4,3,pick2,8821,26,51,50.98,0
2025,2025wila,Week 4,4,captain,5826,6,51,11.76,0
2025,2025wila,Week 4,4,pick1,537,9,51,17.65,0
2025,2025wila,Week 4,4,pick2,4207,15,51,29.41,0
2025,2025wila,Week 4,4,backup,8700,13,51,25.49,0
2025,2025wila,Week 4,5,captain,93,7,51,13.73,0
2025,2025wila,Week 4,5,pick1,2194,12,51,23.53,0
2025,2025wila,Week 4,5,pick2,8701,20,51,39.22,0
2025,2025wila,Week 4,6,captain,4531,8,51,15.69,0
2025,2025wila,Week 4,6,pick1,7619,34,51,66.67,0
2025,2025wila,Week 4,6,pick2,9578,35,51,68.63,0
2025,2025wila,Week 4,7,captain,2169,10,51,19.61,0
2025,2025wila,Week 4,7,pick1,5903,23,51,45.1,0
2025,2025wila,Week 4,7,pick2,2830,33,51,64.71,0
2025,2025wila,Week 4,8,captain,8744,11,51,21.57,0
2025,2025wila,Week 4,8,pick1,2531,16,51,31.37,0
2025,2025wila,Week 4,8,pick2,6381,24,51,47.06,0
2025,2025code,Week 4,1,captain,4499,1,50,2.0,1
2025,2025code,Week 4,1,pick1,1619,4,50,8.0,1
2025,2025code,Week 4,1,pick2,4501,45,50,90.0,1
2025,2025code,Week 4,2,captain,6706,2,50,4.0,0
2025,2025code,Week 4,2,pick1,1339,11,50,22.0,0
2025,2025code,Week 4,2,pick2,10333,38,50,76.0,0
2025,2025code,Week 4,3,captain,2996,3,50,6.0,0
2025,2025code,Week 4,3,pick1,4068,10,50,20.0,0
2025,2025code,Week 4,3,pick2,1410,23,50,46.0,0
2025,2025code,Week 4,4,captain,6510,5,50,10.0,0
2025,2025code,Week 4,4,pick1,4593,16,50,32.0,0
2025,2025code,Week 4,4,pick2,6348,35,50,70.0,0
2025,2025code,Week 4,5,captain,3648,6,50,12.0,0
2025,2025code,Week 4,5,pick1,2240,22,50,44.0,0
2025,2025code,Week 4,5,pick2,4624,19,50,38.0,0
2025,2025code,Week 4,6,captain,3284,7,50,14.0,0
2025,2025code,Week 4,6,pick1,2036,15,50,30.0,0
2025,2025code,Week 4,6,pick2,2220,18,50,36.0,0
2025,2025code,Week 4,7,captain,6907,8,50,16.0,0
2025,2025code,Week 4,7,pick1,4388,26,50,52.0,0
2025,2025code,Week 4,7,pick2,159,34,50,68.0,0
2025,2025code,Week 4,8,captain,9068,9,50,18.0,0
2025,2025code,Week 4,8,pick1,9427,13,50,26.0,0
2025,2025code,Week 4,8,pick2,4418,12,50,24.0,0
2025,2025mxto,Week 4,1,captain,4400,1,42,2.38,1
2025,2025mxto,Week 4,1,pick1,9134,2,42,4.76,1
2025,2025mxto,Week 4,1,pick2,6483,23,42,54.76,1
2025,2025mxto,Week 4,2,captain,8105,3,42,7.14,0
2025,2025mxto,Week 4,2,pick1,4355,11,42,26.19,0
2025,2025mxto,Week 4,2,pick2,8293,32,42,76.19,0
2025,2025mxto,Week 4,3,captain,4403,4,42,9.52,0
2025,2025mxto,Week 4,3,pick1,9301,5,42,11.9,0
2025,2025mxto,Week 4,3,pick2,4735,24,42,57.14,0
2025,2025mxto,Week 4,4,captain,5526,6,42,14.29,0
2025,2025mxto,Week 4,4,pick1,7546,14,42,33.33,0
2025,2025mxto,Week 4,4,pick2,5312,27,42,64.29,0
2025,2025mxto,Week 4,5,captain,9513,7,42,16.67,0
2025,2025mxto,Week 4,5,pick1,4775,21,42,50.0,0
2025,2025mxto,Week 4,5,pick2,8266,20,42,47.62,0
2025,2025mxto,Week 4,6,captain,5716,8,42,19.05,0
2025,2025mxto,Week 4,6,pick1,4401,28,42,66.67,0
2025,2025mxto,Week 4,6,pick2,8290,31,42,73.81,0
2025,2025mxto,Week 4,7,captain,6702,9,42,21.43,0
2025,2025mxto,Week 4,7,pick1,4603,10,42,23.81,0
2025,2025mxto,Week 4,7,pick2,10565,39,42,92.86,0
2025,2025mxto,Week 4,8,captain,9593,12,42,28.57,0
2025,2025mxto,Week 4,8,pick1,5705,29,42,69.05,0
2025,2025mxto,Week 4,8,pick2,7577,16,42,38.1,0
2025,2025azgl,Week 4,1,captain,5026,1,42,2.38,0
2025,2025azgl,Week 4,1,pick1,498,4,42,9.52,0
2025,2025azgl,Week 4,1,pick2,3944,32,42,76.19,0
2025,2025azgl,Week 4,2,captain,4415,2,42,4.76,1
2025,2025azgl,Week 4,2,pick1,9432,3,42,7.14,1
2025,2025azgl,Week 4,2,pick2,9704,33,42,78.57,1
2025,2025azgl,Week 4,3,captain,5199,5,42,11.9,0
2025,2025azgl,Week 4,3,pick1,2403,14,42,33.33,0
2025,2025azgl,Week 4,3,pick2,10256,34,42,80.95,0
2025,2025azgl,Week 4,4,captain,3577,6,42,14.29,0
2025,2025azgl,Week 4,4,pick1,8806,13,42,30.95,0
2025,2025azgl,Week 4,4,pick2,698,30,42,71.43,0
2025,2025azgl,Week 4,5,captain,1726,7,42,16.67,0
2025,2025azgl,Week 4,5,pick1,2375,16,42,38.1,0
2025,2025azgl,Week 4,5,pick2,1212,17,42,40.48,0
2025,2025azgl,Week 4,6,captain,6413,8,42,19.05,0
2025,2025azgl,Week 4,6,pick1,2478,25,42,59.52,0
2025,2025azgl,Week 4,6,pick2,3019,29,42,69.05,0
2025,2025azgl,Week 4,7,captain,1165,9,42,21.43,0
2025,2025azgl,Week 4,7,pick1,6352,12,42,28.57,0
2025,2025azgl,Week 4,7,pick2,4146,18,42,42.86,0
2025,2025azgl,Week 4,8,captain,6479,10,42,23.81,0
2025,2025azgl,Week 4,8,pick1,8848,28,42,66.67,0
2025,2025azgl,Week 4,8,pick2,9059,27,42,64.29,0
2025,2025gasta,Week 4,1,captain,2974,1,26,3.85,1
2025,2025gasta,Week 4,1,pick1,8866,6,26,23.08,1
2025,2025gasta,Week 4,1,pick2,4701,23,26,88.46,1
2025,2025gasta,Week 4,1,backup,5219,18,26,69.23,1
2025,2025gasta,Week 4,2,captain,1648,2,26,7.69,0
2025,2025gasta,Week 4,2,pick1,6340,5,26,19.23,0
2025,2025gasta,Week 4,2,pick2,9057,22,26,84.62,0
2025,2025gasta,Week 4,3,captain,4026,3,26,11.54,0
2025,2025gasta,Week 4,3,pick1,9480,7,26,26.92,0
2025,2025gasta,Week 4,3,pick2,8100,24,26,92.31,0
2025,2025gasta,Week 4,4,captain,6829,4,26,15.38,0
2025,2025gasta,Week 4,4,pick1,9477,10,26,38.46,0
2025,2025gasta,Week 4,4,pick2,10376,16,26,61.54,0
2025,2025gasta,Week 4,5,captain,9086,8,26,30.77,0
2025,2025gasta,Week 4,5,pick1,8815,11,26,42.31,0
2025,2025gasta,Week 4,5,pick2,7104,19,26,73.08,0
2025,2025gasta,Week 4,6,captain,8577,9,26,34.62,0
2025,2025gasta,Week 4,6,pick1,4112,14,26,53.85,0
2025,2025gasta,Week 4,6,pick2,5900,17,26,65.38,0
2025,2025gasta,Week 4,7,captain,3635,12,26,46.15,0
2025,2025gasta,Week 4,7,pick1,6944,13,26,50.0,0
2025,2025gasta,Week 4,7,pick2,4188,25,26,96.15,0
2025,2025gasta,Week 4,8,captain,7470,15,26,57.69,0
2025,2025gasta,Week 4,8,pick1,1746,20,26,76.92,0
2025,2025gasta,Week 4,8,pick2,6925,21,26,80.77,0
2025,2025milsu,Week 4,1,captain,4391,1,39,2.56,1
2025,2025milsu,Week 4,1,pick1,4398,4,39,10.26,1
2025,2025milsu,Week 4,1,pick2,4377,36,39,92.31,1
2025,2025milsu,Week 4,2,captain,5314,2,39,5.13,0
2025,2025milsu,Week 4,2,pick1,4967,14,39,35.9,0
2025,2025milsu,Week 4,2,pick2,5213,34,39,87.18,0
2025,2025milsu,Week 4,3,captain,7202,3,39,7.69,0
2025,2025milsu,Week 4,3,pick1,5547,6,39,15.38,0
2025,2025milsu,Week 4,3,pick2,9227,20,39,51.28,0
2025,2025milsu,Week 4,4,captain,857,5,39,12.82,0
2025,2025milsu,Week 4,4,pick1,2586,10,39,25.64,0
2025,2025milsu,Week 4,4,pick2,3602,32,39,82.05,0
2025,2025milsu,Week 4,5,captain,10505,7,39,17.95,0
2025,2025milsu,Week 4,5,pick1,7768,8,39,20.51,0
2025,2025milsu,Week 4,5,pick2,4375,35,39,89.74,0
2025,2025milsu,Week 4,6,captain,1596,9,39,23.08,0
2025,2025milsu,Week 4,6,pick1,6077,17,39,43.59,0
2025,2025milsu,Week 4,6,pick2,4392,13,39,33.33,0
2025,2025milsu,Week 4,7,captain,5980,11,39,28.21,0
2025,2025milsu,Week 4,7,pick1,6121,18,39,46.15,0
2025,2025milsu,Week 4,7,pick2,6112,28,39,71.79,0
2025,2025milsu,Week 4,7,backup,10605,19,39,48.72,0
2025,2025milsu,Week 4,8,captain,9722,12,39,30.77,0
2025,2025milsu,Week 4,8,pick1,9755,24,39,61.54,0
2025,2025milsu,Week 4,8,pick2,7250,31,39,79.49,0
2025,2025miwmi,Week 4,1,captain,2767,1,40,2.5,1
2025,2025miwmi,Week 4,1,pick1,862,2,40,5.0,1
2025,2025miwmi,Week 4,1,pick2,8397,20,40,50.0,1
2025,2025miwmi,Week 4,2,captain,5675,3,40,7.5,0
2025,2025miwmi,Week 4,2,pick1,2054,5,40,12.5,0
2025,2025miwmi,Week 4,2,pick2,7210,25,40,62.5,0
2025,2025miwmi,Week 4,2,backup,7248,16,40,40.0,0
2025,2025miwmi,Week 4,3,captain,3546,4,40,10.0,0
2025,2025miwmi,Week 4,3,pick1,6002,6,40,15.0,0
2025,2025miwmi,Week 4,3,pick2,6114,24,40,60.0,0
2025,2025miwmi,Week 4,4,captain,3458,7,40,17.5,0
2025,2025miwmi,Week 4,4,pick1,5712,11,40,27.5,0
2025,2025miwmi,Week 4,4,pick2,5927,15,40,37.5,0
2025,2025miwmi,Week 4,5,captain,5084,8,40,20.0,0
2025,2025miwmi,Week 4,5,pick1,3357,10,40,25.0,0
2025,2025miwmi,Week 4,5,pick2,5610,17,40,42.5,0
2025,2025miwmi,Week 4,6,captain,74,9,40,22.5,0
2025,2025miwmi,Week 4,6,pick1,141,13,40,32.5,0
2025,2025miwmi,Week 4,6,pick2,2959,19,40,47.5,0
2025,2025miwmi,Week 4,7,captain,9742,12,40,30.0,0
2025,2025miwmi,Week 4,7,pick1,107,30,40,75.0,0
2025,2025miwmi,Week 4,7,pick2,4003,23,40,57.5,0
2025,2025miwmi,Week 4,8,captain,85,14,40,35.0,0
2025,2025miwmi,Week 4,8,pick1,6128,18,40,45.0,0
2025,2025miwmi,Week 4,8,pick2,6548,22,40,55.0,0
2025,2025onwat,Week 4,1,captain,4678,1,30,3.33,1
2025,2025onwat,Week 4,1,pick1,3683,2,30,6.67,1
2025,2025onwat,Week 4,1,pick2,9263,21,30,70.0,1
2025,2025onwat,Week 4,2,captain,4039,3,30,10.0,0
2025,2025onwat,Week 4,2,pick1,9098,4,30,13.33,0
2025,2025onwat,Week 4,2,pick2,4617,24,30,80.0,0
2025,2025onwat,Week 4,3,captain,4917,5,30,16.67,0
2025,2025onwat,Week 4,3,pick1,2702,7,30,23.33,0
2025,2025onwat,Week 4,3,pick2,10167,23,30,76.67,0
2025,2025onwat,Week 4,4,captain,5024,6,30,20.0,0
2025,2025onwat,Week 4,4,pick1,5912,9,30,30.0,0
2025,2025onwat,Week 4,4,pick2,772,28,30,93.33,0
2025,2025onwat,Week 4,5,captain,2609,8,30,26.67,0
2025,2025onwat,Week 4,5,pick1,1360,12,30,40.0,0
2025,2025onwat,Week 4,5,pick2,4940,18,30,60.0,0
2025,2025onwat,Week 4,6,captain,10218,10,30,33.33,0
2025,2025onwat,Week 4,6,pick1,7475,26,30,86.67,0
2025,2025onwat,Week 4,6,pick2,6162,19,30,63.33,0
2025,2025onwat,Week 4,7,captain,9525,11,30,36.67,0
2025,2025onwat,Week 4,7,pick1,5672,15,30,50.0,0
2025,2025onwat,Week 4,7,pick2,7058,17,30,56.67,0
2025,2025onwat,Week 4,8,captain,8089,13,30,43.33,0
2025,2025onwat,Week 4,8,pick1,8764,20,30,66.67,0
2025,2025onwat,Week 4,8,pick2,6135,16,30,53.33,0
2025,2025sccha,Week 4,1,captain,343,1,34,2.94,0
2025,2025sccha,Week 4,1,pick1,1287,3,34,8.82,0
2025,2025sccha,Week 4,1,pick2,8137,33,34,97.06,0
2025,2025sccha,Week 4,2,captain,2815,2,34,5.88,1
2025,2025sccha,Week 4,2,pick1,4451,11,34,32.35,1
2025,2025sccha,Week 4,2,pick2,7085,15,34,44.12,1
2025,2025sccha,Week 4,3,captain,3490,4,34,11.76,0
2025,2025sccha,Week 4,3,pick1,342,12,34,35.29,0
2025,2025sccha,Week 4,3,pick2,4533,26,34,76.47,0
2025,2025sccha,Week 4,4,captain,6167,5,34,14.71,0
2025,2025sccha,Week 4,4,pick1,1319,14,34,41.18,0
2025,2025sccha,Week 4,4,pick2,10367,30,34,88.24,0
2025,2025sccha,Week 4,5,captain,8575,6,34,17.65,0
2025,2025sccha,Week 4,5,pick1,1102,19,34,55.88,0
2025,2025sccha,Week 4,5,pick2,3489,16,34,47.06,0
2025,2025sccha,Week 4,6,captain,281,7,34,20.59,0
2025,2025sccha,Week 4,6,pick1,4864,9,34,26.47,0
2025,2025sccha,Week 4,6,pick2,10591,20,34,58.82,0
2025,2025sccha,Week 4,7,captain,1051,8,34,23.53,0
2025,2025sccha,Week 4,7,pick1,1758,13,34,38.24,0
2025,2025sccha,Week 4,7,pick2,5130,17,34,50.0,0
2025,2025sccha,Week 4,8,captain,6961,10,34,29.41,0
2025,2025sccha,Week 4,8,pick1,9571,23,34,67.65,0
2025,2025sccha,Week 4,8,pick2,6366,22,34,64.71,0
2025,2025txfor,Week 4,1,captain,3005,1,35,2.86,1
2025,2025txfor,Week 4,1,pick1,2714,2,35,5.71,1
2025,2025txfor,Week 4,1,pick2,4717,23,35,65.71,1
2025,2025txfor,Week 4,2,captain,7119,3,35,8.57,0
2025,2025txfor,Week 4,2,pick1,2848,6,35,17.14,0
2025,2025txfor,Week 4,2,pick2,9136,27,35,77.14,0
2025,2025txfor,Week 4,3,captain,457,4,35,11.43,0
2025,2025txfor,Week 4,3,pick1,7121,14,35,40.0,0
2025,2025txfor,Week 4,3,pick2,8769,31,35,88.57,0
2025,2025txfor,Week 4,4,captain,6672,5,35,14.29,0
2025,2025txfor,Week 4,4,pick1,9140,17,35,48.57,0
2025,2025txfor,Week 4,4,pick2,3676,15,35,42.86,0
2025,2025txfor,Week 4,5,captain,5788,7,35,20.0,0
2025,2025txfor,Week 4,5,pick1,9418,13,35,37.14,0
2025,2025txfor,Week 4,5,pick2,4364,16,35,45.71,0
2025,2025txfor,Week 4,6,captain,4641,8,35,22.86,0
2025,2025txfor,Week 4,6,pick1,5431,11,35,31.43,0
2025,2025txfor,Week 4,6,pick2,9156,20,35,57.14,0
2025,2025txfor,Week 4,7,captain,8874,9,35,25.71,0
2025,2025txfor,Week 4,7,pick1,9034,26,35,74.29,0
2025,2025txfor,Week 4,7,pick2,4192,32,35,91.43,0
2025,2025txfor,Week 4,8,captain,6901,10,35,28.57,0
2025,2025txfor,Week 4,8,pick1,4206,18,35,51.43,0
2025,2025txfor,Week 4,8,pick2,5417,12,35,34.29,0
2025,2025txhou,Week 4,1,captain,118,1,31,3.23,1
2025,2025txhou,Week 4,1,pick1,3847,3,31,9.68,1
2025,2025txhou,Week 4,1,pick2,7691,24,31,77.42,1
2025,2025txhou,Week 4,2,captain,5414,2,31,6.45,0
2025,2025txhou,Week 4,2,pick1,10014,9,31,29.03,0
2025,2025txhou,Week 4,2,pick2,9515,20,31,64.52,0
2025,2025txhou,Week 4,2,backup,8144,19,31,61.29,0
2025,2025txhou,Week 4,3,captain,2585,4,31,12.9,0
2025,2025txhou,Week 4,3,pick1,8177,23,31,74.19,0
2025,2025txhou,Week 4,3,pick2,5070,28,31,90.32,0
2025,2025txhou,Week 4,4,captain,9658,5,31,16.13,0
2025,2025txhou,Week 4,4,pick1,8515,17,31,54.84,0
2025,2025txhou,Week 4,4,pick2,2882,12,31,38.71,0
2025,2025txhou,Week 4,5,captain,5261,6,31,19.35,0
2025,2025txhou,Week 4,5,pick1,9137,8,31,25.81,0
2025,2025txhou,Week 4,5,pick2,4587,22,31,70.97,0
2025,2025txhou,Week 4,6,captain,10118,7,31,22.58,0
2025,2025txhou,Week 4,6,pick1,5894,15,31,48.39,0
2025,2025txhou,Week 4,6,pick2,8392,18,31,58.06,0
2025,2025txhou,Week 4,7,captain,9517,10,31,32.26,0
2025,2025txhou,Week 4,7,pick1,3481,13,31,41.94,0
2025,2025txhou,Week 4,7,pick2,9181,16,31,51.61,0
2025,2025txhou,Week 4,8,captain,6488,11,31,35.48,0
2025,2025txhou,Week 4,8,pick1,8827,26,31,83.87,0
2025,2025txhou,Week 4,8,pick2,4328,14,31,45.16,0
2025,2025brsp,Week 4,1,captain,1156,1,33,3.03,1
2025,2025brsp,Week 4,1,pick1,7563,3,33,9.09,1
2025,2025brsp,Week 4,1,pick2,9175,27,33,81.82,1
2025,2025brsp,Week 4,2,captain,9199,2,33,6.06,0
2025,2025brsp,Week 4,2,pick1,7567,9,33,27.27,0
2025,2025brsp,Week 4,2,pick2,10291,20,33,60.61,0
2025,2025brsp,Week 4,3,captain,7565,4,33,12.12,0
2025,2025brsp,Week 4,3,pick1,9484,7,33,21.21,0
2025,2025brsp,Week 4,3,pick2,9602,25,33,75.76,0
2025,2025brsp,Week 4,4,captain,1860,5,33,15.15,0
2025,2025brsp,Week 4,4,pick1,9459,6,33,18.18,0
2025,2025brsp,Week 4,4,pick2,10295,17,33,51.52,0
2025,2025brsp,Week 4,5,captain,9460,8,33,24.24,0
2025,2025brsp,Week 4,5,pick1,8882,29,33,87.88,0
2025,2025brsp,Week 4,5,pick2,9200,18,33,54.55,0
2025,2025brsp,Week 4,6,captain,9110,10,33,30.3,0
2025,2025brsp,Week 4,6,pick1,7033,14,33,42.42,0
2025,2025brsp,Week 4,6,pick2,9168,15,33,45.45,0
2025,2025brsp,Week 4,7,captain,10263,11,33,33.33,0
2025,2025brsp,Week 4,7,pick1,9219,23,33,69.7,0
2025,2025brsp,Week 4,7,pick2,9169,13,33,39.39,0
2025,2025brsp,Week 4,8,captain,9085,12,33,36.36,0
2025,2025brsp,Week 4,8,pick1,9461,16,33,48.48,0
2025,2025brsp,Week 4,8,pick2,9458,21,33,63.64,0
2025,2025casd,Week 4,1,captain,1538,1,51,1.96,1
2025,2025casd,Week 4,1,pick1,3255,3,51,5.88,1
2025,2025casd,Week 4,1,pick2,8119,18,51,35.29,1
2025,2025casd,Week 4,2,captain,3128,2,51,3.92,0
2025,2025casd,Week 4,2,pick1,4738,5,51,9.8,0
2025,2025casd,Week 4,2,pick2,4984,39,51,76.47,0
2025,2025casd,Week 4,3,captain,6995,4,51,7.84,0
2025,2025casd,Week 4,3,pick1,9084,6,51,11.76,0
2025,2025casd,Week 4,3,pick2,7419,40,51,78.43,0
2025,2025casd,Week 4,4,captain,3749,7,51,13.73,0
2025,2025casd,Week 4,4,pick1,2102,24,51,47.06,0
2025,2025casd,Week 4,4,pick2,5514,17,51,33.33,0
2025,2025casd,Week 4,5,captain,8020,8,51,15.69,0
2025,2025casd,Week 4,5,pick1,766,15,51,29.41,0
2025,2025casd,Week 4,5,pick2,4419,12,51,23.53,0
2025,2025casd,Week 4,6,captain,4160,9,51,17.65,0
2025,2025casd,Week 4,6,pick1,2543,25,51,49.02,0
2025,2025casd,Week 4,6,pick2,9452,19,51,37.25,0
2025,2025casd,Week 4,7,captain,2485,10,51,19.61,0
2025,2025casd,Week 4,7,pick1,8891,22,51,43.14,0
2025,2025casd,Week 4,7,pick2,2710,13,51,25.49,0
2025,2025casd,Week 4,8,captain,5137,11,51,21.57,0
2025,2025casd,Week 4,8,pick1,3647,23,51,45.1,0
2025,2025casd,Week 4,8,pick2,4276,14,51,27.45,0
2025,2025hiho,Week 4,1,captain,4270,1,33,3.03,1
2025,2025hiho,Week 4,1,pick1,359,3,33,9.09,1
2025,2025hiho,Week 4,1,pick2,4817,24,33,72.73,1
2025,2025hiho,Week 4,2,captain,4253,2,33,6.06,0
2025,2025hiho,Week 4,2,pick1,3501,10,33,30.3,0
2025,2025hiho,Week 4,2,pick2,10384,30,33,90.91,0
2025,2025hiho,Week 4,3,captain,3882,4,33,12.12,0
2025,2025hiho,Week 4,3,pick1,2438,7,33,21.21,0
2025,2025hiho,Week 4,3,pick2,2477,31,33,93.94,0
2025,2025hiho,Week 4,4,captain,2443,5,33,15.15,0
2025,2025hiho,Week 4,4,pick1,6317,8,33,24.24,0
2025,2025hiho,Week 4,4,pick2,6704,19,33,57.58,0
2025,2025hiho,Week 4,4,backup,7724,16,33,48.48,0
2025,2025hiho,Week 4,5,captain,7632,6,33,18.18,0
2025,2025hiho,Week 4,5,pick1,8871,33,33,100.0,0
2025,2025hiho,Week 4,5,pick2,3880,15,33,45.45,0
2025,2025hiho,Week 4,6,captain,3008,9,33,27.27,0
2025,2025hiho,Week 4,6,pick1,2465,12,33,36.36,0
2025,2025hiho,Week 4,6,pick2,3881,21,33,63.64,0
2025,2025hiho,Week 4,7,captain,9277,11,33,33.33,0
2025,2025hiho,Week 4,7,pick1,368,17,33,51.52,0
2025,2025hiho,Week 4,7,pick2,3721,18,33,54.55,0
2025,2025hiho,Week 4,8,captain,2853,13,33,39.39,0
2025,2025hiho,Week 4,8,pick1,2445,14,33,42.42,0
2025,2025hiho,Week 4,8,pick2,9012,26,33,78.79,0
2025,2025inlaf,Week 4,1,captain,7457,1,42,2.38,1
2025,2025inlaf,Week 4,1,pick1,4272,3,42,7.14,1
2025,2025inlaf,Week 4,1,pick2,3487,17,42,40.48,1
2025,2025inlaf,Week 4,2,captain,3494,2,42,4.76,0
2025,2025inlaf,Week 4,2,pick1,4926,5,42,11.9,0
2025,2025inlaf,Week 4,2,pick2,1646,28,42,66.67,0
2025,2025inlaf,Week 4,3,captain,1024,4,42,9.52,0
2025,2025inlaf,Week 4,3,pick1,1741,10,42,23.81,0
2025,2025inlaf,Week 4,3,pick2,9119,15,42,35.71,0
2025,2025inlaf,Week 4,4,captain,829,6,42,14.29,0
2025,2025inlaf,Week 4,4,pick1,10021,8,42,19.05,0
2025,2025inlaf,Week 4,4,pick2,6721,16,42,38.1,0
2025,2025inlaf,Week 4,5,captain,461,7,42,16.67,0
2025,2025inlaf,Week 4,5,pick1,3176,9,42,21.43,0
2025,2025inlaf,Week 4,5,pick2,447,33,42,78.57,0
2025,2025inlaf,Week 4,6,captain,5402,11,42,26.19,0
2025,2025inlaf,Week 4,6,pick1,6956,12,42,28.57,0
2025,2025inlaf,Week 4,6,pick2,135,23,42,54.76,0
2025,2025inlaf,Week 4,7,captain,4485,13,42,30.95,0
2025,2025inlaf,Week 4,7,pick1,7617,30,42,71.43,0
2025,2025inlaf,Week 4,7,pick2,292,19,42,45.24,0
2025,2025inlaf,Week 4,8,captain,328,14,42,33.33,0
2025,2025inlaf,Week 4,8,pick1,1747,20,42,47.62,0
2025,2025inlaf,Week 4,8,pick2,3865,27,42,64.29,0
2025,2025mawor,Week 4,1,captain,190,1,38,2.63,1
2025,2025mawor,Week 4,1,pick1,1768,3,38,7.89,1
2025,2025mawor,Week 4,1,pick2,3182,33,38,86.84,1
2025,2025mawor,Week 4,2,captain,125,2,38,5.26,0
2025,2025mawor,Week 4,2,pick1,88,10,38,26.32,0
2025,2025mawor,Week 4,2,pick2,8626,29,38,76.32,0
2025,2025mawor,Week 4,3,captain,1153,4,38,10.53,0
2025,2025mawor,Week 4,3,pick1,230,5,38,13.16,0
2025,2025mawor,Week 4,3,pick2,2079,37,38,97.37,0
2025,2025mawor,Week 4,4,captain,2370,6,38,15.79,0
2025,2025mawor,Week 4,4,pick1,1100,7,38,18.42,0
2025,2025mawor,Week 4,4,pick2,1757,15,38,39.47,0
2025,2025mawor,Week 4,5,captain,1277,8,38,21.05,0
2025,2025mawor,Week 4,5,pick1,2067,12,38,31.58,0
2025,2025mawor,Week 4,5,pick2,126,22,38,57.89,0
2025,2025mawor,Week 4,6,captain,5459,9,38,23.68,0
2025,2025mawor,Week 4,6,pick1,1699,21,38,55.26,0
2025,2025mawor,Week 4,6,pick2,1740,19,38,50.0,0
2025,2025mawor,Week 4,7,captain,5000,11,38,28.95,0
2025,2025mawor,Week 4,7,pick1,1735,17,38,44.74,0
2025,2025mawor,Week 4,7,pick2,1119,18,38,47.37,0
2025,2025mawor,Week 4,8,captain,7153,13,38,34.21,0
2025,2025mawor,Week 4,8,pick1,5422,14,38,36.84,0
2025,2025mawor,Week 4,8,pick2,9644,16,38,42.11,0
2025,2025mawor,Week 4,8,backup,10393,20,38,52.63,0
2025,2025mibro,Week 4,1,captain,245,1,39,2.56,1
2025,2025mibro,Week 4,1,pick1,3620,4,39,10.26,1
2025,2025mibro,Week 4,1,pick2,6029,24,39,61.54,1
2025,2025mibro,Week 4,2,captain,3604,2,39,5.13,0
2025,2025mibro,Week 4,2,pick1,1189,9,39,23.08,0
2025,2025mibro,Week 4,2,pick2,5641,17,39,43.59,0
2025,2025mibro,Week 4,2,backup,240,14,39,35.9,0
2025,2025mibro,Week 4,3,captain,815,3,39,7.69,0
2025,2025mibro,Week 4,3,pick1,9312,8,39,20.51,0
2025,2025mibro,Week 4,3,pick2,5046,27,39,69.23,0
2025,2025mibro,Week 4,4,captain,3414,5,39,12.82,0
2025,2025mibro,Week 4,4,pick1,5166,7,39,17.95,0
2025,2025mibro,Week 4,4,pick2,7188,39,39,100.0,0
2025,2025mibro,Week 4,5,captain,3667,6,39,15.38,0
2025,2025mibro,Week 4,5,pick1,8280,12,39,30.77,0
2025,2025mibro,Week 4,5,pick2,6914,19,39,48.72,0
2025,2025mibro,Week 4,6,captain,9251,10,39,25.64,0
2025,2025mibro,Week 4,6,pick1,2620,16,39,41.03,0
2025,2025mibro,Week 4,6,pick2,8522,31,39,79.49,0
2025,2025mibro,Week 4,7,captain,2851,11,39,28.21,0
2025,2025mibro,Week 4,7,pick1,6637,22,39,56.41,0
2025,2025mibro,Week 4,7,pick2,6081,29,39,74.36,0
2025,2025mibro,Week 4,8,captain,5050,13,39,33.33,0
2025,2025mibro,Week 4,8,pick1,1250,25,39,64.1,0
2025,2025mibro,Week 4,8,pick2,123,20,39,51.28,0
2025,2025mimas,Week 4,1,captain,7056,1,40,2.5,0
2025,2025mimas,Week 4,1,pick1,3655,8,40,20.0,0
2025,2025mimas,Week 4,1,pick2,4956,22,40,55.0,0
2025,2025mimas,Week 4,2,captain,910,2,40,5.0,1
2025,2025mimas,Week 4,2,pick1,4776,10,40,25.0,1
2025,2025mimas,Week 4,2,pick2,4453,13,40,32.5,1
2025,2025mimas,Week 4,3,captain,3536,3,40,7.5,0
2025,2025mimas,Week 4,3,pick1,1481,19,40,47.5,0
2025,2025mimas,Week 4,3,pick2,5674,21,40,52.5,0
2025,2025mimas,Week 4,4,captain,8608,4,40,10.0,0
2025,2025mimas,Week 4,4,pick1,7226,5,40,12.5,0
2025,2025mimas,Week 4,4,pick2,9215,28,40,70.0,0
2025,2025mimas,Week 4,5,captain,7166,6,40,15.0,0
2025,2025mimas,Week 4,5,pick1,1684,18,40,45.0,0
2025,2025mimas,Week 4,5,pick2,6085,31,40,77.5,0
2025,2025mimas,Week 4,6,captain,68,7,40,17.5,0
2025,2025mimas,Week 4,6,pick1,51,15,40,37.5,0
2025,2025mimas,Week 4,6,pick2,7195,32,40,80.0,0
2025,2025mimas,Week 4,6,backup,5517,30,40,75.0,0
2025,2025mimas,Week 4,7,captain,9241,9,40,22.5,0
2025,2025mimas,Week 4,7,pick1,5352,12,40,30.0,0
2025,2025mimas,Week 4,7,pick2,1504,17,40,42.5,0
2025,2025mimas,Week 4,7,backup,8424,14,40,35.0,0
2025,2025mimas,Week 4,8,captain,10349,11,40,27.5,0
2025,2025mimas,Week 4,8,pick1,3707,23,40,57.5,0
2025,2025mimas,Week 4,8,pick2,6078,20,40,50.0,0
2025,2025misal,Week 4,1,captain,67,1,38,2.63,1
2025,2025misal,Week 4,1,pick1,5460,5,38,13.16,1
2025,2025misal,Week 4,1,pick2,5150,29,38,76.32,1
2025,2025misal,Week 4,2,captain,27,2,38,5.26,0
2025,2025misal,Week 4,2,pick1,2137,3,38,7.89,0
2025,2025misal,Week 4,2,pick2,6101,21,38,55.26,0
2025,2025misal,Week 4,3,captain,1188,4,38,10.53,0
2025,2025misal,Week 4,3,pick1,1076,6,38,15.79,0
2025,2025misal,Week 4,3,pick2,830,26,38,68.42,0
2025,2025misal,Week 4,3,backup,4994,20,38,52.63,0
2025,2025misal,Week 4,4,captain,894,7,38,18.42,0
2025,2025misal,Week 4,4,pick1,5114,16,38,42.11,0
2025,2025misal,Week 4,4,pick2,6152,23,38,60.53,0
2025,2025misal,Week 4,5,captain,5843,8,38,21.05,0
2025,2025misal,Week 4,5,pick1,5660,13,38,34.21,0
2025,2025misal,Week 4,5,pick2,9210,17,38,44.74,0
2025,2025misal,Week 4,6,captain,5066,9,38,23.68,0
2025,2025misal,Week 4,6,pick1,3322,15,38,39.47,0
2025,2025misal,Week 4,6,pick2,8373,18,38,47.37,0
2025,2025misal,Week 4,7,captain,5567,10,38,26.32,0
2025,2025misal,Week 4,7,pick1,1502,14,38,36.84,0
2025,2025misal,Week 4,7,pick2,4395,24,38,63.16,0
2025,2025misal,Week 4,7,backup,7692,19,38,50.0,0
2025,2025misal,Week 4,8,captain,10656,11,38,28.95,0
2025,2025misal,Week 4,8,pick1,1,12,38,31.58,0
2025,2025misal,Week 4,8,pick2,5533,22,38,57.89,0
2025,2025mitry,Week 4,1,captain,33,1,41,2.44,1
2025,2025mitry,Week 4,1,pick1,9245,4,41,9.76,1
2025,2025mitry,Week 4,1,pick2,4998,39,41,95.12,1
2025,2025mitry,Week 4,1,backup,10652,17,41,41.46,1
2025,2025mitry,Week 4,2,captain,226,2,41,4.88,0
2025,2025mitry,Week 4,2,pick1,4362,14,41,34.15,0
2025,2025mitry,Week 4,2,pick2,5527,19,41,46.34,0
2025,2025mitry,Week 4,3,captain,2145,3,41,7.32,0
2025,2025mitry,Week 4,3,pick1,1506,5,41,12.2,0
2025,2025mitry,Week 4,3,pick2,5053,30,41,73.17,0
2025,2025mitry,Week 4,4,captain,3534,6,41,14.63,0
2025,2025mitry,Week 4,4,pick1,469,15,41,36.59,0
2025,2025mitry,Week 4,4,pick2,5555,24,41,58.54,0
2025,2025mitry,Week 4,5,captain,9776,7,41,17.07,0
2025,2025mitry,Week 4,5,pick1,5436,11,41,26.83,0
2025,2025mitry,Week 4,5,pick2,5235,25,41,60.98,0
2025,2025mitry,Week 4,6,captain,9237,8,41,19.51,0
2025,2025mitry,Week 4,6,pick1,573,13,41,31.71,0
2025,2025mitry,Week 4,6,pick2,5282,16,41,39.02,0
2025,2025mitry,Week 4,7,captain,8728,9,41,21.95,0
2025,2025mitry,Week 4,7,pick1,1498,10,41,24.39,0
2025,2025mitry,Week 4,7,pick2,9558,20,41,48.78,0
2025,2025mitry,Week 4,8,captain,818,12,41,29.27,0
2025,2025mitry,Week 4,8,pick1,4961,18,41,43.9,0
2025,2025mitry,Week 4,8,pick2,201,31,41,75.61,0
2025,2025ncgre,Week 4,1,captain,4561,1,29,3.45,1
2025,2025ncgre,Week 4,1,pick1,4534,2,29,6.9,1
2025,2025ncgre,Week 4,1,pick2,8205,27,29,93.1,1
2025,2025ncgre,Week 4,2,captain,9008,3,29,10.34,0
2025,2025ncgre,Week 4,2,pick1,6500,4,29,13.79,0
2025,2025ncgre,Week 4,2,pick2,8304,25,29,86.21,0
2025,2025ncgre,Week 4,3,captain,3822,5,29,17.24,0
2025,2025ncgre,Week 4,3,pick1,3737,7,29,24.14,0
2025,2025ncgre,Week 4,3,pick2,6512,19,29,65.52,0
2025,2025ncgre,Week 4,4,captain,5511,6,29,20.69,0
2025,2025ncgre,Week 4,4,pick1,2059,17,29,58.62,0
2025,2025ncgre,Week 4,4,pick2,3336,28,29,96.55,0
2025,2025ncgre,Week 4,5,captain,2642,8,29,27.59,0
2025,2025ncgre,Week 4,5,pick1,4828,15,29,51.72,0
2025,2025ncgre,Week 4,5,pick2,7671,29,29,100.0,0
2025,2025ncgre,Week 4,6,captain,6242,9,29,31.03,0
2025,2025ncgre,Week 4,6,pick1,6004,10,29,34.48,0
2025,2025ncgre,Week 4,6,pick2,8758,21,29,72.41,0
2025,2025ncgre,Week 4,7,captain,8746,11,29,37.93,0
2025,2025ncgre,Week 4,7,pick1,9297,14,29,48.28,0
2025,2025ncgre,Week 4,7,pick2,4829,16,29,55.17,0
2025,2025ncgre,Week 4,8,captain,10072,12,29,41.38,0
2025,2025ncgre,Week 4,8,pick1,5190,13,29,44.83,0
2025,2025ncgre,Week 4,8,pick2,5160,22,29,75.86,0
2025,2025ncmec,Week 4,1,captain,9496,1,28,3.57,1
2025,2025ncmec,Week 4,1,pick1,8738,2,28,7.14,1
2025,2025ncmec,Week 4,1,pick2,9198,22,28,78.57,1
2025,2025ncmec,Week 4,2,captain,587,3,28,10.71,0
2025,2025ncmec,Week 4,2,pick1,6502,5,28,17.86,0
2025,2025ncmec,Week 4,2,pick2,9298,18,28,64.29,0
2025,2025ncmec,Week 4,3,captain,6894,4,28,14.29,0
2025,2025ncmec,Week 4,3,pick1,5727,10,28,35.71,0
2025,2025ncmec,Week 4,3,pick2,9005,23,28,82.14,0
2025,2025ncmec,Week 4,4,captain,3229,6,28,21.43,0
2025,2025ncmec,Week 4,4,pick1,2724,13,28,46.43,0
2025,2025ncmec,Week 4,4,pick2,10412,25,28,89.29,0
2025,2025ncmec,Week 4,5,captain,10077,7,28,25.0,0
2025,2025ncmec,Week 4,5,pick1,3506,12,28,42.86,0
2025,2025ncmec,Week 4,5,pick2,6908,26,28,92.86,0
2025,2025ncmec,Week 4,6,captain,3196,8,28,28.57,0
2025,2025ncmec,Week 4,6,pick1,7763,24,28,85.71,0
2025,2025ncmec,Week 4,6,pick2,9607,15,28,53.57,0
2025,2025ncmec,Week 4,7,captain,6888,9,28,32.14,0
2025,2025ncmec,Week 4,7,pick1,4935,11,28,39.29,0
2025,2025ncmec,Week 4,7,pick2,3459,20,28,71.43,0
2025,2025ncmec,Week 4,8,captain,7890,14,28,50.0,0
2025,2025ncmec,Week 4,8,pick1,6932,17,28,60.71,0
2025,2025ncmec,Week 4,8,pick2,10107,16,28,57.14,0
2025,2025nhdur,Week 4,1,captain,6328,1,40,2.5,0
2025,2025nhdur,Week 4,1,pick1,3467,2,40,5.0,0
2025,2025nhdur,Week 4,1,pick2,3597,23,40,57.5,0
2025,2025nhdur,Week 4,1,backup,4761,16,40,40.0,0
2025,2025nhdur,Week 4,2,captain,133,3,40,7.5,1
2025,2025nhdur,Week 4,2,pick1,2877,4,40,10.0,1
2025,2025nhdur,Week 4,2,pick2,5902,20,40,50.0,1
2025,2025nhdur,Week 4,3,captain,4909,5,40,12.5,0
2025,2025nhdur,Week 4,3,pick1,6324,12,40,30.0,0
2025,2025nhdur,Week 4,3,pick2,1922,22,40,55.0,0
2025,2025nhdur,Week 4,4,captain,2342,6,40,15.0,0
2025,2025nhdur,Week 4,4,pick1,138,11,40,27.5,0
2025,2025nhdur,Week 4,4,pick2,1721,19,40,47.5,0
2025,2025nhdur,Week 4,5,captain,8046,7,40,17.5,0
2025,2025nhdur,Week 4,5,pick1,319,10,40,25.0,0
2025,2025nhdur,Week 4,5,pick2,6367,15,40,37.5,0
2025,2025nhdur,Week 4,6,captain,509,8,40,20.0,0
2025,2025nhdur,Week 4,6,pick1,1729,9,40,22.5,0
2025,2025nhdur,Week 4,6,pick2,1071,37,40,92.5,0
2025,2025nhdur,Week 4,7,captain,8708,13,40,32.5,0
2025,2025nhdur,Week 4,7,pick1,131,35,40,87.5,0
2025,2025nhdur,Week 4,7,pick2,8724,18,40,45.0,0
2025,2025nhdur,Week 4,8,captain,4546,14,40,35.0,0
2025,2025nhdur,Week 4,8,pick1,8410,21,40,52.5,0
2025,2025nhdur,Week 4,8,pick2,238,28,40,70.0,0
2025,2025njwas,Week 4,1,captain,3142,1,32,3.12,1
2025,2025njwas,Week 4,1,pick1,8513,3,32,9.38,1
2025,2025njwas,Week 4,1,pick2,2180,22,32,68.75,1
2025,2025njwas,Week 4,1,backup,8707,25,32,78.12,1
2025,2025njwas,Week 4,2,captain,222,2,32,6.25,0
2025,2025njwas,Week 4,2,pick1,834,4,32,12.5,0
2025,2025njwas,Week 4,2,pick2,8075,20,32,62.5,0
2025,2025njwas,Week 4,3,captain,1640,5,32,15.62,0
2025,2025njwas,Week 4,3,pick1,1676,11,32,34.38,0
2025,2025njwas,Week 4,3,pick2,9424,19,32,59.38,0
2025,2025njwas,Week 4,4,captain,555,6,32,18.75,0
2025,2025njwas,Week 4,4,pick1,1811,10,32,31.25,0
2025,2025njwas,Week 4,4,pick2,7045,14,32,43.75,0
2025,2025njwas,Week 4,5,captain,8706,7,32,21.88,0
2025,2025njwas,Week 4,5,pick1,8630,18,32,56.25,0
2025,2025njwas,Week 4,5,pick2,8588,15,32,46.88,0
2025,2025njwas,Week 4,6,captain,1279,8,32,25.0,0
2025,2025njwas,Week 4,6,pick1,714,21,32,65.62,0
2025,2025njwas,Week 4,6,pick2,1672,28,32,87.5,0
2025,2025njwas,Week 4,7,captain,752,9,32,28.12,0
2025,2025njwas,Week 4,7,pick1,303,26,32,81.25,0
2025,2025njwas,Week 4,7,pick2,219,24,32,75.0,0
2025,2025njwas,Week 4,8,captain,56,12,32,37.5,0
2025,2025njwas,Week 4,8,pick1,10600,23,32,71.88,0
2025,2025njwas,Week 4,8,pick2,4285,16,32,50.0,0
2025,2025onnob,Week 4,1,captain,610,1,32,3.12,0
2025,2025onnob,Week 4,1,pick1,4946,4,32,12.5,0
2025,2025onnob,Week 4,1,pick2,6987,19,32,59.38,0
2025,2025onnob,Week 4,2,captain,5409,2,32,6.25,1
2025,2025onnob,Week 4,2,pick1,4152,3,32,9.38,1
2025,2025onnob,Week 4,2,pick2,3756,26,32,81.25,1
2025,2025onnob,Week 4,3,captain,2935,5,32,15.62,0
2025,2025onnob,Week 4,3,pick1,865,7,32,21.88,0
2025,2025onnob,Week 4,3,pick2,8731,22,32,68.75,0
2025,2025onnob,Week 4,4,captain,4069,6,32,18.75,0
2025,2025onnob,Week 4,4,pick1,1310,9,32,28.12,0
2025,2025onnob,Week 4,4,pick2,771,30,32,93.75,0
2025,2025onnob,Week 4,4,backup,10464,20,32,62.5,0
2025,2025onnob,Week 4,5,captain,6859,8,32,25.0,0
2025,2025onnob,Week 4,5,pick1,3543,18,32,56.25,0
2025,2025onnob,Week 4,5,pick2,2706,28,32,87.5,0
2025,2025onnob,Week 4,6,captain,1305,10,32,31.25,0
2025,2025onnob,Week 4,6,pick1,7476,11,32,34.38,0
2025,2025onnob,Week 4,6,pick2,8729,23,32,71.88,0
2025,2025onnob,Week 4,7,captain,9127,12,32,37.5,0
2025,2025onnob,Week 4,7,pick1,244,15,32,46.88,0
2025,2025onnob,Week 4,7,pick2,8081,16,32,50.0,0
2025,2025onnob,Week 4,8,captain,288,13,32,40.62,0
2025,2025onnob,Week 4,8,pick1,6865,14,32,43.75,0
2025,2025onnob,Week 4,8,pick2,2708,17,32,53.12,0
2025,2025paben,Week 4,1,captain,365,1,33,3.03,1
2025,2025paben,Week 4,1,pick1,103,2,33,6.06,1
2025,2025paben,Week 4,1,pick2,8721,24,33,72.73,1
2025,2025paben,Week 4,2,captain,1257,3,33,9.09,0
2025,2025paben,Week 4,2,pick1,272,6,33,18.18,0
2025,2025paben,Week 4,2,pick2,1647,21,33,63.64,0
2025,2025paben,Week 4,3,captain,4653,4,33,12.12,0
2025,2025paben,Week 4,3,pick1,9015,12,33,36.36,0
2025,2025paben,Week 4,3,pick2,6226,20,33,60.61,0
2025,2025paben,Week 4,4,captain,9094,5,33,15.15,0
2025,2025paben,Week 4,4,pick1,708,8,33,24.24,0
2025,2025paben,Week 4,4,pick2,5113,19,33,57.58,0
2025,2025paben,Week 4,5,captain,1089,7,33,21.21,0
2025,2025paben,Week 4,5,pick1,5401,9,33,27.27,0
2025,2025paben,Week 4,5,pick2,2720,16,33,48.48,0
2025,2025paben,Week 4,6,captain,316,10,33,30.3,0
2025,2025paben,Week 4,6,pick1,7414,13,33,39.39,0
2025,2025paben,Week 4,6,pick2,2559,23,33,69.7,0
2025,2025paben,Week 4,6,backup,4575,25,33,75.76,0
2025,2025paben,Week 4,7,captain,1712,11,33,33.33,0
2025,2025paben,Week 4,7,pick1,2722,15,33,45.45,0
2025,2025paben,Week 4,7,pick2,7587,17,33,51.52,0
2025,2025paben,Week 4,8,captain,484,14,33,42.42,0
2025,2025paben,Week 4,8,pick1,321,26,33,78.79,0
2025,2025paben,Week 4,8,pick2,2016,18,33,54.55,0
2025,2025vaale,Week 4,1,captain,2199,1,38,2.63,0
2025,2025vaale,Week 4,1,pick1,9072,15,38,39.47,0
2025,2025vaale,Week 4,1,pick2,2421,31,38,81.58,0
2025,2025vaale,Week 4,2,captain,620,2,38,5.26,1
2025,2025vaale,Week 4,2,pick1,836,5,38,13.16,1
2025,2025vaale,Week 4,2,pick2,6326,36,38,94.74,1
2025,2025vaale,Week 4,3,captain,3748,3,38,7.89,0
2025,2025vaale,Week 4,3,pick1,2534,10,38,26.32,0
2025,2025vaale,Week 4,3,pick2,5587,33,38,86.84,0
2025,2025vaale,Week 4,4,captain,1418,4,38,10.53,0
2025,2025vaale,Week 4,4,pick1,122,6,38,15.79,0
2025,2025vaale,Week 4,4,pick2,2068,29,38,76.32,0
2025,2025vaale,Week 4,5,captain,8230,7,38,18.42,0
2025,2025vaale,Week 4,5,pick1,5338,19,38,50.0,0
2025,2025vaale,Week 4,5,pick2,9033,12,38,31.58,0
2025,2025vaale,Week 4,6,captain,2363,8,38,21.05,0
2025,2025vaale,Week 4,6,pick1,686,14,38,36.84,0
2025,2025vaale,Week 4,6,pick2,2186,17,38,44.74,0
2025,2025vaale,Week 4,7,captain,611,9,38,23.68,0
2025,2025vaale,Week 4,7,pick1,1908,20,38,52.63,0
2025,2025vaale,Week 4,7,pick2,1885,34,38,89.47,0
2025,2025vaale,Week 4,8,captain,612,11,38,28.95,0
2025,2025vaale,Week 4,8,pick1,1389,23,38,60.53,0
2025,2025vaale,Week 4,8,pick2,4472,16,38,42.11,0
2025,2025vabla,Week 4,1,captain,422,1,31,3.23,1
2025,2025vabla,Week 4,1,pick1,1629,3,31,9.68,1
2025,2025vabla,Week 4,1,pick2,2890,19,31,61.29,1
2025,2025vabla,Week 4,1,backup,3361,16,31,51.61,1
2025,2025vabla,Week 4,2,captain,8592,2,31,6.45,0
2025,2025vabla,Week 4,2,pick1,977,4,31,12.9,0
2025,2025vabla,Week 4,2,pick2,3359,22,31,70.97,0
2025,2025vabla,Week 4,3,captain,3136,5,31,16.13,0
2025,2025vabla,Week 4,3,pick1,1522,18,31,58.06,0
2025,2025vabla,Week 4,3,pick2,10257,14,31,45.16,0
2025,2025vabla,Week 4,4,captain,6802,6,31,19.35,0
2025,2025vabla,Week 4,4,pick1,5804,10,31,32.26,0
2025,2025vabla,Week 4,4,pick2,619,26,31,83.87,0
2025,2025vabla,Week 4,5,captain,539,7,31,22.58,0
2025,2025vabla,Week 4,5,pick1,1262,9,31,29.03,0
2025,2025vabla,Week 4,5,pick2,3939,21,31,67.74,0
2025,2025vabla,Week 4,6,captain,1599,8,31,25.81,0
2025,2025vabla,Week 4,6,pick1,4099,24,31,77.42,0
2025,2025vabla,Week 4,6,pick2,9003,15,31,48.39,0
2025,2025vabla,Week 4,7,captain,5724,11,31,35.48,0
2025,2025vabla,Week 4,7,pick1,401,17,31,54.84,0
2025,2025vabla,Week 4,7,pick2,2028,20,31,64.52,0
2025,2025vabla,Week 4,8,captain,5830,12,31,38.71,0
2025,2025vabla,Week 4,8,pick1,540,23,31,74.19,0
2025,2025vabla,Week 4,8,pick2,1915,13,31,41.94,0
2025,2025casf,Week 4,1,captain,5940,1,41,2.44,1
2025,2025casf,Week 4,1,pick1,10523,18,41,43.9,1
2025,2025casf,Week 4,1,pick2,4255,35,41,85.37,1
2025,2025casf,Week 4,2,captain,8033,2,41,4.88,0
2025,2025casf,Week 4,2,pick1,3970,4,41,9.76,0
2025,2025casf,Week 4,2,pick2,4186,29,41,70.73,0
2025,2025casf,Week 4,3,captain,840,3,41,7.32,0
2025,2025casf,Week 4,3,pick1,5817,22,41,53.66,0
2025,2025casf,Week 4,3,pick2,4765,21,41,51.22,0
2025,2025casf,Week 4,4,captain,6036,5,41,12.2,0
2025,2025casf,Week 4,4,pick1,114,11,41,26.83,0
2025,2025casf,Week 4,4,pick2,8016,28,41,68.29,0
2025,2025casf,Week 4,5,captain,4159,6,41,14.63,0
2025,2025casf,Week 4,5,pick1,846,10,41,24.39,0
2025,2025casf,Week 4,5,pick2,1868,20,41,48.78,0
2025,2025casf,Week 4,6,captain,8852,7,41,17.07,0
2025,2025casf,Week 4,6,pick1,3256,8,41,19.51,0
2025,2025casf,Week 4,6,pick2,841,24,41,58.54,0
2025,2025casf,Week 4,6,backup,7667,15,41,36.59,0
2025,2025casf,Week 4,7,captain,7636,9,41,21.95,0
2025,2025casf,Week 4,7,pick1,5507,13,41,31.71,0
2025,2025casf,Week 4,7,pick2,4904,14,41,34.15,0
2025,2025casf,Week 4,8,captain,5104,12,41,29.27,0
2025,2025casf,Week 4,8,pick1,9038,16,41,39.02,0
2025,2025casf,Week 4,8,pick2,5700,26,41,63.41,0
2025,2025orwil,Week 4,1,captain,957,1,34,2.94,1
2025,2025orwil,Week 4,1,pick1,5468,2,34,5.88,1
2025,2025orwil,Week 4,1,pick2,9567,13,34,38.24,1
2025,2025orwil,Week 4,2,captain,1425,3,34,8.82,0
2025,2025orwil,Week 4,2,pick1,1540,8,34,23.53,0
2025,2025orwil,Week 4,2,pick2,997,28,34,82.35,0
2025,2025orwil,Week 4,3,captain,3674,4,34,11.76,0
2025,2025orwil,Week 4,3,pick1,2811,6,34,17.65,0
2025,2025orwil,Week 4,3,pick2,2550,19,34,55.88,0
2025,2025orwil,Week 4,4,captain,2471,5,34,14.71,0
2025,2025orwil,Week 4,4,pick1,3636,7,34,20.59,0
2025,2025orwil,Week 4,4,pick2,9600,18,34,52.94,0
2025,2025orwil,Week 4,5,captain,4488,9,34,26.47,0
2025,2025orwil,Week 4,5,pick1,4043,30,34,88.24,0
2025,2025orwil,Week 4,5,pick2,3024,34,34,100.0,0
2025,2025orwil,Week 4,6,captain,2521,10,34,29.41,0
2025,2025orwil,Week 4,6,pick1,6696,14,34,41.18,0
2025,2025orwil,Week 4,6,pick2,1595,21,34,61.76,0
2025,2025orwil,Week 4,7,captain,2374,11,34,32.35,0
2025,2025orwil,Week 4,7,pick1,6343,17,34,50.0,0
2025,2025orwil,Week 4,7,pick2,2733,33,34,97.06,0
2025,2025orwil,Week 4,8,captain,753,12,34,35.29,0
2025,2025orwil,Week 4,8,pick1,6443,22,34,64.71,0
2025,2025orwil,Week 4,8,pick2,9430,15,34,44.12,0
2025,2025waahs,Week 4,1,captain,2910,1,36,2.78,1
2025,2025waahs,Week 4,1,pick1,3663,2,36,5.56,1
2025,2025waahs,Week 4,1,pick2,8896,29,36,80.56,1
2025,2025waahs,Week 4,2,captain,360,3,36,8.33,0
2025,2025waahs,Week 4,2,pick1,2046,14,36,38.89,0
2025,2025waahs,Week 4,2,pick2,3049,35,36,97.22,0
2025,2025waahs,Week 4,3,captain,4915,4,36,11.11,0
2025,2025waahs,Week 4,3,pick1,1318,5,36,13.89,0
2025,2025waahs,Week 4,3,pick2,5683,22,36,61.11,0
2025,2025waahs,Week 4,4,captain,9023,6,36,16.67,0
2025,2025waahs,Week 4,4,pick1,488,17,36,47.22,0
2025,2025waahs,Week 4,4,pick2,3574,24,36,66.67,0
2025,2025waahs,Week 4,4,backup,4180,13,36,36.11,0
2025,2025waahs,Week 4,5,captain,8302,7,36,19.44,0
2025,2025waahs,Week 4,5,pick1,1899,18,36,50.0,0
2025,2025waahs,Week 4,5,pick2,2928,30,36,83.33,0
2025,2025waahs,Week 4,5,backup,8248,16,36,44.44,0
2025,2025waahs,Week 4,6,captain,4450,8,36,22.22,0
2025,2025waahs,Week 4,6,pick1,2412,19,36,52.78,0
2025,2025waahs,Week 4,6,pick2,3786,25,36,69.44,0
2025,2025waahs,Week 4,7,captain,8051,9,36,25.0,0
2025,2025waahs,Week 4,7,pick1,3681,10,36,27.78,0
2025,2025waahs,Week 4,7,pick2,3219,12,36,33.33,0
2025,2025waahs,Week 4,8,captain,1294,11,36,30.56,0
2025,2025waahs,Week 4,8,pick1,2557,15,36,41.67,0
2025,2025waahs,Week 4,8,pick2,3070,21,36,58.33,0
2025,2025iscmp,Week 5,1,captain,1690,1,45,2.22,1
2025,2025iscmp,Week 5,1,pick1,5990,7,45,15.56,1
2025,2025iscmp,Week 5,1,pick2,5654,40,45,88.89,1
2025,2025iscmp,Week 5,2,captain,2230,2,45,4.44,0
2025,2025iscmp,Week 5,2,pick1,2630,22,45,48.89,0
2025,2025iscmp,Week 5,2,pick2,7112,34,45,75.56,0
2025,2025iscmp,Week 5,3,captain,5951,3,45,6.67,0
2025,2025iscmp,Week 5,3,pick1,3339,8,45,17.78,0
2025,2025iscmp,Week 5,3,pick2,4320,29,45,64.44,0
2025,2025iscmp,Week 5,4,captain,2231,4,45,8.89,0
2025,2025iscmp,Week 5,4,pick1,7039,11,45,24.44,0
2025,2025iscmp,Week 5,4,pick2,4338,17,45,37.78,0
2025,2025iscmp,Week 5,5,captain,5635,5,45,11.11,0
2025,2025iscmp,Week 5,5,pick1,5614,12,45,26.67,0
2025,2025iscmp,Week 5,5,pick2,6740,14,45,31.11,0
2025,2025iscmp,Week 5,5,backup,3211,16,45,35.56,0
2025,2025iscmp,Week 5,6,captain,4590,6,45,13.33,0
2025,2025iscmp,Week 5,6,pick1,3075,28,45,62.22,0
2025,2025iscmp,Week 5,6,pick2,8223,20,45,44.44,0
2025,2025iscmp,Week 5,7,captain,5987,9,45,20.0,0
2025,2025iscmp,Week 5,7,pick1,1942,13,45,28.89,0
2025,2025iscmp,Week 5,7,pick2,1577,15,45,33.33,0
2025,2025iscmp,Week 5,8,captain,4744,10,45,22.22,0
2025,2025iscmp,Week 5,8,pick1,1574,30,45,66.67,0
2025,2025iscmp,Week 5,8,pick2,2096,19,45,42.22,0
2025,2025nytr,Week 5,1,captain,1796,1,56,1.79,1
2025,2025nytr,Week 5,1,pick1,6621,2,56,3.57,1
2025,2025nytr,Week 5,1,pick2,5528,29,56,51.79,1
2025,2025nytr,Week 5,2,captain,2875,3,56,5.36,0
2025,2025nytr,Week 5,2,pick1,3044,7,56,12.5,0
2025,2025nytr,Week 5,2,pick2,2869,13,56,23.21,0
2025,2025nytr,Week 5,3,captain,4122,4,56,7.14,0
2025,2025nytr,Week 5,3,pick1,191,10,56,17.86,0
2025,2025nytr,Week 5,3,pick2,424,31,56,55.36,0
2025,2025nytr,Week 5,4,captain,4458,5,56,8.93,0
2025,2025nytr,Week 5,4,pick1,3173,15,56,26.79,0
2025,2025nytr,Week 5,4,pick2,2053,27,56,48.21,0
2025,2025nytr,Week 5,5,captain,20,6,56,10.71,0
2025,2025nytr,Week 5,5,pick1,1468,19,56,33.93,0
2025,2025nytr,Week 5,5,pick2,810,26,56,46.43,0
2025,2025nytr,Week 5,6,captain,870,8,56,14.29,0
2025,2025nytr,Week 5,6,pick1,1591,11,56,19.64,0
2025,2025nytr,Week 5,6,pick2,6911,34,56,60.71,0
2025,2025nytr,Week 5,7,captain,2791,9,56,16.07,0
2025,2025nytr,Week 5,7,pick1,1493,21,56,37.5,0
2025,2025nytr,Week 5,7,pick2,3950,14,56,25.0,0
2025,2025nytr,Week 5,8,captain,7605,12,56,21.43,0
2025,2025nytr,Week 5,8,pick1,3003,16,56,28.57,0
2025,2025nytr,Week 5,8,pick2,3360,20,56,35.71,0
2025,2025ohmv,Week 5,1,captain,4028,1,47,2.13,1
2025,2025ohmv,Week 5,1,pick1,340,4,47,8.51,1
2025,2025ohmv,Week 5,1,pick2,432,34,47,72.34,1
2025,2025ohmv,Week 5,2,captain,3201,2,47,4.26,0
2025,2025ohmv,Week 5,2,pick1,4145,9,47,19.15,0
2025,2025ohmv,Week 5,2,pick2,10011,23,47,48.94,0
2025,2025ohmv,Week 5,2,backup,9668,19,47,40.43,0
2025,2025ohmv,Week 5,3,captain,1507,3,47,6.38,0
2025,2025ohmv,Week 5,3,pick1,2783,12,47,25.53,0
2025,2025ohmv,Week 5,3,pick2,7917,33,47,70.21,0
2025,2025ohmv,Week 5,4,captain,325,5,47,10.64,0
2025,2025ohmv,Week 5,4,pick1,2252,39,47,82.98,0
2025,2025ohmv,Week 5,4,pick2,6032,15,47,31.91,0
2025,2025ohmv,Week 5,4,backup,3814,17,47,36.17,0
2025,2025ohmv,Week 5,5,captain,5492,6,47,12.77,0
2025,2025ohmv,Week 5,5,pick1,144,18,47,38.3,0
2025,2025ohmv,Week 5,5,pick2,2556,26,47,55.32,0
2025,2025ohmv,Week 5,6,captain,5811,7,47,14.89,0
2025,2025ohmv,Week 5,6,pick1,2010,8,47,17.02,0
2025,2025ohmv,Week 5,6,pick2,4930,27,47,57.45,0
2025,2025ohmv,Week 5,7,captain,4329,10,47,21.28,0
2025,2025ohmv,Week 5,7,pick1,9597,11,47,23.4,0
2025,2025ohmv,Week 5,7,pick2,5667,25,47,53.19,0
2025,2025ohmv,Week 5,8,captain,9097,13,47,27.66,0
2025,2025ohmv,Week 5,8,pick1,7515,14,47,29.79,0
2025,2025ohmv,Week 5,8,pick2,6964,16,47,34.04,0
2025,2025iacf,Week 5,1,captain,1706,1,51,1.96,1
2025,2025iacf,Week 5,1,pick1,4646,5,51,9.8,1
2025,2025iacf,Week 5,1,pick2,5914,48,51,94.12,1
2025,2025iacf,Week 5,2,captain,167,2,51,3.92,0
2025,2025iacf,Week 5,2,pick1,3313,4,51,7.84,0
2025,2025iacf,Week 5,2,pick2,171,31,51,60.78,0
2025,2025iacf,Week 5,2,backup,8024,19,51,37.25,0
2025,2025iacf,Week 5,3,captain,7541,3,51,5.88,0
2025,2025iacf,Week 5,3,pick1,525,7,51,13.73,0
2025,2025iacf,Week 5,3,pick2,5837,21,51,41.18,0
2025,2025iacf,Week 5,3,backup,5041,17,51,33.33,0
2025,2025iacf,Week 5,4,captain,6391,6,51,11.76,0
2025,2025iacf,Week 5,4,pick1,1625,12,51,23.53,0
2025,2025iacf,Week 5,4,pick2,7531,36,51,70.59,0
2025,2025iacf,Week 5,5,captain,9092,8,51,15.69,0
2025,2025iacf,Week 5,5,pick1,5442,15,51,29.41,0
2025,2025iacf,Week 5,5,pick2,9551,29,51,56.86,0
2025,2025iacf,Week 5,6,captain,9576,9,51,17.65,0
2025,2025iacf,Week 5,6,pick1,3928,11,51,21.57,0
2025,2025iacf,Week 5,6,pick2,1785,24,51,47.06,0
2025,2025iacf,Week 5,7,captain,6420,10,51,19.61,0
2025,2025iacf,Week 5,7,pick1,2839,14,51,27.45,0
2025,2025iacf,Week 5,7,pick2,4624,18,51,35.29,0
2025,2025iacf,Week 5,8,captain,9082,13,51,25.49,0
2025,2025iacf,Week 5,8,pick1,7848,23,51,45.1,0
2025,2025iacf,Week 5,8,pick2,967,20,51,39.22,0
2025,2025iacf,Week 5,8,backup,9543,16,51,31.37,0
2025,2025ilch,Week 5,1,captain,111,1,38,2.63,1
2025,2025ilch,Week 5,1,pick1,2338,4,38,10.53,1
2025,2025ilch,Week 5,1,pick2,8029,34,38,89.47,1
2025,2025ilch,Week 5,2,captain,3061,2,38,5.26,0
2025,2025ilch,Week 5,2,pick1,4143,9,38,23.68,0
2025,2025ilch,Week 5,2,pick2,3067,14,38,36.84,0
2025,2025ilch,Week 5,2,backup,2151,15,38,39.47,0
2025,2025ilch,Week 5,3,captain,323,3,38,7.89,0
2025,2025ilch,Week 5,3,pick1,9692,10,38,26.32,0
2025,2025ilch,Week 5,3,pick2,5125,32,38,84.21,0
2025,2025ilch,Week 5,4,captain,2638,5,38,13.16,0
2025,2025ilch,Week 5,4,pick1,4096,7,38,18.42,0
2025,2025ilch,Week 5,4,pick2,4645,25,38,65.79,0
2025,2025ilch,Week 5,5,captain,4787,6,38,15.79,0
2025,2025ilch,Week 5,5,pick1,1781,13,38,34.21,0
2025,2025ilch,Week 5,5,pick2,5822,27,38,71.05,0
2025,2025ilch,Week 5,6,captain,2022,8,38,21.05,0
2025,2025ilch,Week 5,6,pick1,112,18,38,47.37,0
2025,2025ilch,Week 5,6,pick2,9280,31,38,81.58,0
2025,2025ilch,Week 5,7,captain,8880,11,38,28.95,0
2025,2025ilch,Week 5,7,pick1,10435,19,38,50.0,0
2025,2025ilch,Week 5,7,pick2,3023,20,38,52.63,0
2025,2025ilch,Week 5,8,captain,10438,12,38,31.58,0
2025,2025ilch,Week 5,8,pick1,48,26,38,68.42,0
2025,2025ilch,Week 5,8,pick2,8122,22,38,57.89,0
2025,2025mnmi,Week 5,1,captain,3297,1,51,1.96,0
2025,2025mnmi,Week 5,1,pick1,2220,18,51,35.29,0
2025,2025mnmi,Week 5,1,pick2,2846,36,51,70.59,0
2025,2025mnmi,Week 5,2,captain,8570,2,51,3.92,1
2025,2025mnmi,Week 5,2,pick1,2491,6,51,11.76,1
2025,2025mnmi,Week 5,2,pick2,3891,24,51,47.06,1
2025,2025mnmi,Week 5,3,captain,2847,3,51,5.88,0
2025,2025mnmi,Week 5,3,pick1,6045,26,51,50.98,0
2025,2025mnmi,Week 5,3,pick2,5464,38,51,74.51,0
2025,2025mnmi,Week 5,3,backup,6909,13,51,25.49,0
2025,2025mnmi,Week 5,4,captain,6217,4,51,7.84,0
2025,2025mnmi,Week 5,4,pick1,2502,12,51,23.53,0
2025,2025mnmi,Week 5,4,pick2,4663,19,51,37.25,0
2025,2025mnmi,Week 5,5,captain,3082,5,51,9.8,0
2025,2025mnmi,Week 5,5,pick1,4778,27,51,52.94,0
2025,2025mnmi,Week 5,5,pick2,3018,30,51,58.82,0
2025,2025mnmi,Week 5,6,captain,2823,7,51,13.73,0
2025,2025mnmi,Week 5,6,pick1,2264,25,51,49.02,0
2025,2025mnmi,Week 5,6,pick2,3630,28,51,54.9,0
2025,2025mnmi,Week 5,7,captain,3792,8,51,15.69,0
2025,2025mnmi,Week 5,7,pick1,3883,11,51,21.57,0
2025,2025mnmi,Week 5,7,pick2,2472,35,51,68.63,0
2025,2025mnmi,Week 5,8,captain,2181,9,51,17.65,0
2025,2025mnmi,Week 5,8,pick1,2450,10,51,19.61,0
2025,2025mnmi,Week 5,8,pick2,4174,20,51,39.22,0
2025,2025mokc,Week 5,1,captain,1987,1,36,2.78,1
2025,2025mokc,Week 5,1,pick1,5801,3,36,8.33,1
2025,2025mokc,Week 5,1,pick2,3160,21,36,58.33,1
2025,2025mokc,Week 5,2,captain,1730,2,36,5.56,0
2025,2025mokc,Week 5,2,pick1,1710,4,36,11.11,0
2025,2025mokc,Week 5,2,pick2,1769,20,36,55.56,0
2025,2025mokc,Week 5,3,captain,8825,5,36,13.89,0
2025,2025mokc,Week 5,3,pick1,9410,14,36,38.89,0
2025,2025mokc,Week 5,3,pick2,935,33,36,91.67,0
2025,2025mokc,Week 5,3,backup,7064,11,36,30.56,0
2025,2025mokc,Week 5,4,captain,4256,6,36,16.67,0
2025,2025mokc,Week 5,4,pick1,1847,13,36,36.11,0
2025,2025mokc,Week 5,4,pick2,6647,29,36,80.56,0
2025,2025mokc,Week 5,5,captain,5968,7,36,19.44,0
2025,2025mokc,Week 5,5,pick1,5550,17,36,47.22,0
2025,2025mokc,Week 5,5,pick2,4455,32,36,88.89,0
2025,2025mokc,Week 5,6,captain,2457,8,36,22.22,0
2025,2025mokc,Week 5,6,pick1,3284,12,36,33.33,0
2025,2025mokc,Week 5,6,pick2,1825,16,36,44.44,0
2025,2025mokc,Week 5,7,captain,5809,9,36,25.0,0
2025,2025mokc,Week 5,7,pick1,5268,24,36,66.67,0
2025,2025mokc,Week 5,7,pick2,9428,19,36,52.78,0
2025,2025mokc,Week 5,8,captain,2357,10,36,27.78,0
2025,2025mokc,Week 5,8,pick1,5126,18,36,50.0,0
2025,2025mokc,Week 5,8,pick2,1997,23,36,63.89,0
2025,2025idbo,Week 5,1,captain,359,1,51,1.96,1
2025,2025idbo,Week 5,1,pick1,2122,7,51,13.73,1
2025,2025idbo,Week 5,1,pick2,3859,16,51,31.37,1
2025,2025idbo,Week 5,2,captain,3045,2,51,3.92,0
2025,2025idbo,Week 5,2,pick1,2813,3,51,5.88,0
2025,2025idbo,Week 5,2,pick2,3245,38,51,74.51,0
2025,2025idbo,Week 5,3,captain,1148,4,51,7.84,0
2025,2025idbo,Week 5,3,pick1,3006,8,51,15.69,0
2025,2025idbo,Week 5,3,pick2,6358,32,51,62.75,0
2025,2025idbo,Week 5,4,captain,3309,5,51,9.8,0
2025,2025idbo,Week 5,4,pick1,8,10,51,19.61,0
2025,2025idbo,Week 5,4,pick2,4175,17,51,33.33,0
2025,2025idbo,Week 5,5,captain,696,6,51,11.76,0
2025,2025idbo,Week 5,5,pick1,115,19,51,37.25,0
2025,2025idbo,Week 5,5,pick2,192,15,51,29.41,0
2025,2025idbo,Week 5,6,captain,9044,9,51,17.65,0
2025,2025idbo,Week 5,6,pick1,3216,28,51,54.9,0
2025,2025idbo,Week 5,6,pick2,399,35,51,68.63,0
2025,2025idbo,Week 5,7,captain,5461,11,51,21.57,0
2025,2025idbo,Week 5,7,pick1,6487,13,51,25.49,0
2025,2025idbo,Week 5,7,pick2,6364,24,51,47.06,0
2025,2025idbo,Week 5,8,captain,2594,12,51,23.53,0
2025,2025idbo,Week 5,8,pick1,4944,14,51,27.45,0
2025,2025idbo,Week 5,8,pick2,5933,30,51,58.82,0
2025,2025nvlv,Week 5,1,captain,987,1,45,2.22,1
2025,2025nvlv,Week 5,1,pick1,4414,3,45,6.67,1
2025,2025nvlv,Week 5,1,pick2,60,29,45,64.44,1
2025,2025nvlv,Week 5,2,captain,3990,2,45,4.44,0
2025,2025nvlv,Week 5,2,pick1,7426,5,45,11.11,0
2025,2025nvlv,Week 5,2,pick2,3009,18,45,40.0,0
2025,2025nvlv,Week 5,3,captain,2429,4,45,8.89,0
2025,2025nvlv,Week 5,3,pick1,1388,8,45,17.78,0
2025,2025nvlv,Week 5,3,pick2,991,23,45,51.11,0
2025,2025nvlv,Week 5,4,captain,8229,6,45,13.33,0
2025,2025nvlv,Week 5,4,pick1,4421,7,45,15.56,0
2025,2025nvlv,Week 5,4,pick2,4,24,45,53.33,0
2025,2025nvlv,Week 5,5,captain,2403,9,45,20.0,0
2025,2025nvlv,Week 5,5,pick1,1056,12,45,26.67,0
2025,2025nvlv,Week 5,5,pick2,8717,22,45,48.89,0
2025,2025nvlv,Week 5,6,captain,8005,10,45,22.22,0
2025,2025nvlv,Week 5,6,pick1,5851,13,45,28.89,0
2025,2025nvlv,Week 5,6,pick2,9406,16,45,35.56,0
2025,2025nvlv,Week 5,7,captain,4183,11,45,24.44,0
2025,2025nvlv,Week 5,7,pick1,7425,21,45,46.67,0
2025,2025nvlv,Week 5,7,pick2,10368,27,45,60.0,0
2025,2025nvlv,Week 5,8,captain,7183,14,45,31.11,0
2025,2025nvlv,Week 5,8,pick1,9400,15,45,33.33,0
2025,2025nvlv,Week 5,8,pick2,4501,34,45,75.56,0
2025,2025gaalb,Week 5,1,captain,1771,1,26,3.85,1
2025,2025gaalb,Week 5,1,pick1,6919,2,26,7.69,1
2025,2025gaalb,Week 5,1,pick2,4459,22,26,84.62,1
2025,2025gaalb,Week 5,2,captain,6023,3,26,11.54,0
2025,2025gaalb,Week 5,2,pick1,1261,4,26,15.38,0
2025,2025gaalb,Week 5,2,pick2,1795,21,26,80.77,0
2025,2025gaalb,Week 5,3,captain,9260,5,26,19.23,0
2025,2025gaalb,Week 5,3,pick1,8080,6,26,23.08,0
2025,2025gaalb,Week 5,3,pick2,6910,16,26,61.54,0
2025,2025gaalb,Week 5,4,captain,1002,7,26,26.92,0
2025,2025gaalb,Week 5,4,pick1,6925,15,26,57.69,0
2025,2025gaalb,Week 5,4,pick2,8849,23,26,88.46,0
2025,2025gaalb,Week 5,5,captain,3329,8,26,30.77,0
2025,2025gaalb,Week 5,5,pick1,3344,12,26,46.15,0
2025,2025gaalb,Week 5,5,pick2,4509,24,26,92.31,0
2025,2025gaalb,Week 5,5,backup,7676,25,26,96.15,0
2025,2025gaalb,Week 5,6,captain,10482,9,26,34.62,0
2025,2025gaalb,Week 5,6,pick1,4730,11,26,42.31,0
2025,2025gaalb,Week 5,6,pick2,7514,19,26,73.08,0
2025,2025gaalb,Week 5,7,captain,4240,10,26,38.46,0
2025,2025gaalb,Week 5,7,pick1,5828,14,26,53.85,0
2025,2025gaalb,Week 5,7,pick2,6905,20,26,76.92,0
2025,2025gaalb,Week 5,8,captain,5074,13,26,50.0,0
2025,2025gaalb,Week 5,8,pick1,7470,17,26,65.38,0
2025,2025gaalb,Week 5,8,pick2,2415,18,26,69.23,0
2025,2025inwas,Week 5,1,captain,868,1,26,3.85,1
2025,2025inwas,Week 5,1,pick1,1501,5,26,19.23,1
2025,2025inwas,Week 5,1,pick2,10492,25,26,96.15,1
2025,2025inwas,Week 5,2,captain,3940,2,26,7.69,0
2025,2025inwas,Week 5,2,pick1,7617,6,26,23.08,0
2025,2025inwas,Week 5,2,pick2,8430,24,26,92.31,0
2025,2025inwas,Week 5,3,captain,7454,3,26,11.54,0
2025,2025inwas,Week 5,3,pick1,234,7,26,26.92,0
2025,2025inwas,Week 5,3,pick2,8564,26,26,100.0,0
2025,2025inwas,Week 5,4,captain,5402,4,26,15.38,0
2025,2025inwas,Week 5,4,pick1,8742,9,26,34.62,0
2025,2025inwas,Week 5,4,pick2,9790,15,26,57.69,0
2025,2025inwas,Week 5,5,captain,3452,8,26,30.77,0
2025,2025inwas,Week 5,5,pick1,2867,14,26,53.85,0
2025,2025inwas,Week 5,5,pick2,2197,22,26,84.62,0
2025,2025inwas,Week 5,6,captain,3559,10,26,38.46,0
2025,2025inwas,Week 5,6,pick1,5188,18,26,69.23,0
2025,2025inwas,Week 5,6,pick2,8116,23,26,88.46,0
2025,2025inwas,Week 5,7,captain,9554,11,26,42.31,0
2025,2025inwas,Week 5,7,pick1,1018,19,26,73.08,0
2025,2025inwas,Week 5,7,pick2,6498,16,26,61.54,0
2025,2025inwas,Week 5,8,captain,7657,12,26,46.15,0
2025,2025inwas,Week 5,8,pick1,9491,17,26,65.38,0
2025,2025inwas,Week 5,8,pick2,1720,21,26,80.77,0
2025,2025mibig,Week 5,1,captain,494,1,41,2.44,1
2025,2025mibig,Week 5,1,pick1,70,2,41,4.88,1
2025,2025mibig,Week 5,1,pick2,9242,29,41,70.73,1
2025,2025mibig,Week 5,2,captain,7211,3,41,7.32,0
2025,2025mibig,Week 5,2,pick1,1918,6,41,14.63,0
2025,2025mibig,Week 5,2,pick2,7911,40,41,97.56,0
2025,2025mibig,Week 5,3,captain,5505,4,41,9.76,0
2025,2025mibig,Week 5,3,pick1,10589,14,41,34.15,0
2025,2025mibig,Week 5,3,pick2,10421,27,41,65.85,0
2025,2025mibig,Week 5,4,captain,5535,5,41,12.2,0
2025,2025mibig,Week 5,4,pick1,4004,7,41,17.07,0
2025,2025mibig,Week 5,4,pick2,8612,34,41,82.93,0
2025,2025mibig,Week 5,5,captain,9548,8,41,19.51,0
2025,2025mibig,Week 5,5,pick1,9176,11,41,26.83,0
2025,2025mibig,Week 5,5,pick2,8611,21,41,51.22,0
2025,2025mibig,Week 5,6,captain,6877,9,41,21.95,0
2025,2025mibig,Week 5,6,pick1,7054,15,41,36.59,0
2025,2025mibig,Week 5,6,pick2,6098,16,41,39.02,0
2025,2025mibig,Week 5,6,backup,8286,18,41,43.9,0
2025,2025mibig,Week 5,7,captain,6642,10,41,24.39,0
2025,2025mibig,Week 5,7,pick1,5462,12,41,29.27,0
2025,2025mibig,Week 5,7,pick2,6100,30,41,73.17,0
2025,2025mibig,Week 5,8,captain,107,13,41,31.71,0
2025,2025mibig,Week 5,8,pick1,3603,26,41,63.41,0
2025,2025mibig,Week 5,8,pick2,7160,19,41,46.34,0
2025,2025midet,Week 5,1,captain,2960,1,39,2.56,1
2025,2025midet,Week 5,1,pick1,6615,7,39,17.95,1
2025,2025midet,Week 5,1,pick2,9252,27,39,69.23,1
2025,2025midet,Week 5,2,captain,1701,2,39,5.13,0
2025,2025midet,Week 5,2,pick1,7656,4,39,10.26,0
2025,2025midet,Week 5,2,pick2,4851,35,39,89.74,0
2025,2025midet,Week 5,3,captain,7196,3,39,7.69,0
2025,2025midet,Week 5,3,pick1,5530,11,39,28.21,0
2025,2025midet,Week 5,3,pick2,7865,30,39,76.92,0
2025,2025midet,Week 5,4,captain,5577,5,39,12.82,0
2025,2025midet,Week 5,4,pick1,4405,6,39,15.38,0
2025,2025midet,Week 5,4,pick2,7145,22,39,56.41,0
2025,2025midet,Week 5,5,captain,5695,8,39,20.51,0
2025,2025midet,Week 5,5,pick1,8352,14,39,35.9,0
2025,2025midet,Week 5,5,pick2,10577,29,39,74.36,0
2025,2025midet,Week 5,6,captain,5756,9,39,23.08,0
2025,2025midet,Week 5,6,pick1,6616,17,39,43.59,0
2025,2025midet,Week 5,6,pick2,3096,25,39,64.1,0
2025,2025midet,Week 5,7,captain,5532,10,39,25.64,0
2025,2025midet,Week 5,7,pick1,2673,15,39,38.46,0
2025,2025midet,Week 5,7,pick2,5901,24,39,61.54,0
2025,2025midet,Week 5,8,captain,2224,12,39,30.77,0
2025,2025midet,Week 5,8,pick1,8179,21,39,53.85,0
2025,2025midet,Week 5,8,pick2,3632,31,39,79.49,0
2025,2025miliv,Week 5,1,captain,2337,1,39,2.56,1
2025,2025miliv,Week 5,1,pick1,2832,2,39,5.13,1
2025,2025miliv,Week 5,1,pick2,9618,21,39,53.85,1
2025,2025miliv,Week 5,2,captain,503,3,39,7.69,0
2025,2025miliv,Week 5,2,pick1,5907,7,39,17.95,0
2025,2025miliv,Week 5,2,pick2,8426,24,39,61.54,0
2025,2025miliv,Week 5,3,captain,6861,4,39,10.26,0
2025,2025miliv,Week 5,3,pick1,7174,5,39,12.82,0
2025,2025miliv,Week 5,3,pick2,9226,19,39,48.72,0
2025,2025miliv,Week 5,4,captain,6532,6,39,15.38,0
2025,2025miliv,Week 5,4,pick1,5612,10,39,25.64,0
2025,2025miliv,Week 5,4,pick2,4737,26,39,66.67,0
2025,2025miliv,Week 5,5,captain,9572,8,39,20.51,0
2025,2025miliv,Week 5,5,pick1,7553,9,39,23.08,0
2025,2025miliv,Week 5,5,pick2,5205,16,39,41.03,0
2025,2025miliv,Week 5,6,captain,8424,11,39,28.21,0
2025,2025miliv,Week 5,6,pick1,7220,15,39,38.46,0
2025,2025miliv,Week 5,6,pick2,280,35,39,89.74,0
2025,2025miliv,Week 5,7,captain,8427,12,39,30.77,0
2025,2025miliv,Week 5,7,pick1,5067,14,39,35.9,0
2025,2025miliv,Week 5,7,pick2,6152,20,39,51.28,0
2025,2025miliv,Week 5,8,captain,6101,13,39,33.33,0
2025,2025miliv,Week 5,8,pick1,3641,17,39,43.59,0
2025,2025miliv,Week 5,8,pick2,308,23,39,58.97,0
2025,2025mimcc,Week 5,1,captain,3539,1,39,2.56,0
2025,2025mimcc,Week 5,1,pick1,217,8,39,20.51,0
2025,2025mimcc,Week 5,1,pick2,10652,13,39,33.33,0
2025,2025mimcc,Week 5,2,captain,1718,2,39,5.13,1
2025,2025mimcc,Week 5,2,pick1,818,10,39,25.64,1
2025,2025mimcc,Week 5,2,pick2,7762,32,39,82.05,1
2025,2025mimcc,Week 5,3,captain,1189,3,39,7.69,0
2025,2025mimcc,Week 5,3,pick1,4779,5,39,12.82,0
2025,2025mimcc,Week 5,3,pick2,10665,19,39,48.72,0
2025,2025mimcc,Week 5,4,captain,4810,4,39,10.26,0
2025,2025mimcc,Week 5,4,pick1,5053,26,39,66.67,0
2025,2025mimcc,Week 5,4,pick2,6099,34,39,87.18,0
2025,2025mimcc,Week 5,5,captain,9558,6,39,15.38,0
2025,2025mimcc,Week 5,5,pick1,6120,17,39,43.59,0
2025,2025mimcc,Week 5,5,pick2,5860,25,39,64.1,0
2025,2025mimcc,Week 5,6,captain,5239,7,39,17.95,0
2025,2025mimcc,Week 5,6,pick1,7188,30,39,76.92,0
2025,2025mimcc,Week 5,6,pick2,8115,36,39,92.31,0
2025,2025mimcc,Week 5,7,captain,9757,9,39,23.08,0
2025,2025mimcc,Week 5,7,pick1,4130,18,39,46.15,0
2025,2025mimcc,Week 5,7,pick2,10606,16,39,41.03,0
2025,2025mimcc,Week 5,8,captain,3098,11,39,28.21,0
2025,2025mimcc,Week 5,8,pick1,3302,14,39,35.9,0
2025,2025mimcc,Week 5,8,pick2,5926,23,39,58.97,0
2025,2025mimcc,Week 5,8,backup,10668,20,39,51.28,0
2025,2025mimid,Week 5,1,captain,3770,1,40,2.5,0
2025,2025mimid,Week 5,1,pick1,5216,2,40,5.0,0
2025,2025mimid,Week 5,1,pick2,9685,17,40,42.5,0
2025,2025mimid,Week 5,2,captain,3175,3,40,7.5,1
2025,2025mimid,Week 5,2,pick1,5166,4,40,10.0,1
2025,2025mimid,Week 5,2,pick2,5538,27,40,67.5,1
2025,2025mimid,Week 5,3,captain,2619,5,40,12.5,0
2025,2025mimid,Week 5,3,pick1,5509,6,40,15.0,0
2025,2025mimid,Week 5,3,pick2,5525,24,40,60.0,0
2025,2025mimid,Week 5,4,captain,5193,7,40,17.5,0
2025,2025mimid,Week 5,4,pick1,8517,10,40,25.0,0
2025,2025mimid,Week 5,4,pick2,10690,31,40,77.5,0
2025,2025mimid,Week 5,5,captain,5229,8,40,20.0,0
2025,2025mimid,Week 5,5,pick1,5603,9,40,22.5,0
2025,2025mimid,Week 5,5,pick2,9674,34,40,85.0,0
2025,2025mimid,Week 5,6,captain,9661,11,40,27.5,0
2025,2025mimid,Week 5,6,pick1,7772,39,40,97.5,0
2025,2025mimid,Week 5,6,pick2,5982,33,40,82.5,0
2025,2025mimid,Week 5,7,captain,6088,12,40,30.0,0
2025,2025mimid,Week 5,7,pick1,6753,16,40,40.0,0
2025,2025mimid,Week 5,7,pick2,9594,22,40,55.0,0
2025,2025mimid,Week 5,8,captain,6033,13,40,32.5,0
2025,2025mimid,Week 5,8,pick1,5704,14,40,35.0,0
2025,2025mimid,Week 5,8,pick2,5424,21,40,52.5,0
2025,2025mimid,Week 5,8,backup,6073,15,40,37.5,0
2025,2025onwin,Week 5,1,captain,4678,1,29,3.45,1
2025,2025onwin,Week 5,1,pick1,4907,2,29,6.9,1
2025,2025onwin,Week 5,1,pick2,10611,21,29,72.41,1
2025,2025onwin,Week 5,2,captain,4920,3,29,10.34,0
2025,2025onwin,Week 5,2,pick1,5885,18,29,62.07,0
2025,2025onwin,Week 5,2,pick2,6854,20,29,68.97,0
2025,2025onwin,Week 5,3,captain,5912,4,29,13.79,0
2025,2025onwin,Week 5,3,pick1,781,7,29,24.14,0
2025,2025onwin,Week 5,3,pick2,7136,24,29,82.76,0
2025,2025onwin,Week 5,4,captain,8081,5,29,17.24,0
2025,2025onwin,Week 5,4,pick1,6725,13,29,44.83,0
2025,2025onwin,Week 5,4,pick2,3756,16,29,55.17,0
2025,2025onwin,Week 5,5,captain,4940,6,29,20.69,0
2025,2025onwin,Week 5,5,pick1,3739,10,29,34.48,0
2025,2025onwin,Week 5,5,pick2,5408,17,29,58.62,0
2025,2025onwin,Week 5,6,captain,4951,8,29,27.59,0
2025,2025onwin,Week 5,6,pick1,5596,11,29,37.93,0
2025,2025onwin,Week 5,6,pick2,8789,14,29,48.28,0
2025,2025onwin,Week 5,7,captain,6632,9,29,31.03,0
2025,2025onwin,Week 5,7,pick1,4688,22,29,75.86,0
2025,2025onwin,Week 5,7,pick2,5689,15,29,51.72,0
2025,2025onwin,Week 5,8,captain,1229,12,29,41.38,0
2025,2025onwin,Week 5,8,pick1,2634,23,29,79.31,0
2025,2025onwin,Week 5,8,pick2,772,28,29,96.55,0
2025,2025txama,Week 5,1,captain,5411,1,36,2.78,0
2025,2025txama,Week 5,1,pick1,9492,4,36,11.11,0
2025,2025txama,Week 5,1,pick2,4251,25,36,69.44,0
2025,2025txama,Week 5,2,captain,6369,2,36,5.56,0
2025,2025txama,Week 5,2,pick1,9105,3,36,8.33,0
2025,2025txama,Week 5,2,pick2,9786,30,36,83.33,0
2025,2025txama,Week 5,3,captain,3035,5,36,13.89,0
2025,2025txama,Week 5,3,pick1,8749,8,36,22.22,0
2025,2025txama,Week 5,3,pick2,9506,22,36,61.11,0
2025,2025txama,Week 5,4,captain,4063,6,36,16.67,0
2025,2025txama,Week 5,4,pick1,4734,18,36,50.0,0
2025,2025txama,Week 5,4,pick2,7506,19,36,52.78,0
2025,2025txama,Week 5,5,captain,2468,7,36,19.44,1
2025,2025txama,Week 5,5,pick1,3310,12,36,33.33,1
2025,2025txama,Week 5,5,pick2,7540,34,36,94.44,1
2025,2025txama,Week 5,6,captain,4153,9,36,25.0,0
2025,2025txama,Week 5,6,pick1,9128,17,36,47.22,0
2025,2025txama,Week 5,6,pick2,6768,31,36,86.11,0
2025,2025txama,Week 5,7,captain,1164,10,36,27.78,0
2025,2025txama,Week 5,7,pick1,10340,13,36,36.11,0
2025,2025txama,Week 5,7,pick2,6974,14,36,38.89,0
2025,2025txama,Week 5,8,captain,9136,11,36,30.56,0
2025,2025txama,Week 5,8,pick1,9620,23,36,63.89,0
2025,2025txama,Week 5,8,pick2,5212,16,36,44.44,0
2025,2025wimu,Week 5,1,captain,4635,1,39,2.56,1
2025,2025wimu,Week 5,1,pick1,2530,4,39,10.26,1
2025,2025wimu,Week 5,1,pick2,1220,25,39,64.1,1
2025,2025wimu,Week 5,2,captain,4607,2,39,5.13,0
2025,2025wimu,Week 5,2,pick1,1732,8,39,20.51,0
2025,2025wimu,Week 5,2,pick2,3184,18,39,46.15,0
2025,2025wimu,Week 5,3,captain,9401,3,39,7.69,0
2025,2025wimu,Week 5,3,pick1,6421,24,39,61.54,0
2025,2025wimu,Week 5,3,pick2,6947,21,39,53.85,0
2025,2025wimu,Week 5,4,captain,6574,5,39,12.82,0
2025,2025wimu,Week 5,4,pick1,6223,7,39,17.95,0
2025,2025wimu,Week 5,4,pick2,2202,14,39,35.9,0
2025,2025wimu,Week 5,5,captain,5934,6,39,15.38,0
2025,2025wimu,Week 5,5,pick1,1714,10,39,25.64,0
2025,2025wimu,Week 5,5,pick2,6318,23,39,58.97,0
2025,2025wimu,Week 5,6,captain,1792,9,39,23.08,0
2025,2025wimu,Week 5,6,pick1,4786,11,39,28.21,0
2025,2025wimu,Week 5,6,pick2,930,22,39,56.41,0
2025,2025wimu,Week 5,7,captain,2290,12,39,30.77,0
2025,2025wimu,Week 5,7,pick1,6317,15,39,38.46,0
2025,2025wimu,Week 5,7,pick2,3354,20,39,51.28,0
2025,2025wimu,Week 5,8,captain,8701,13,39,33.33,0
2025,2025wimu,Week 5,8,pick1,6381,16,39,41.03,0
2025,2025wimu,Week 5,8,pick2,1306,29,39,74.36,0
2025,2025capt,Week 5,1,captain,1678,1,40,2.5,1
2025,2025capt,Week 5,1,pick1,1323,2,40,5.0,1
2025,2025capt,Week 5,1,pick2,649,38,40,95.0,1
2025,2025capt,Week 5,1,backup,6619,13,40,32.5,1
2025,2025capt,Week 5,2,captain,604,3,40,7.5,0
2025,2025capt,Week 5,2,pick1,3478,4,40,10.0,0
2025,2025capt,Week 5,2,pick2,9143,28,40,70.0,0
2025,2025capt,Week 5,3,captain,2489,5,40,12.5,0
2025,2025capt,Week 5,3,pick1,5104,12,40,30.0,0
2025,2025capt,Week 5,3,pick2,3598,23,40,57.5,0
2025,2025capt,Week 5,4,captain,1967,6,40,15.0,0
2025,2025capt,Week 5,4,pick1,670,8,40,20.0,0
2025,2025capt,Week 5,4,pick2,2473,15,40,37.5,0
2025,2025capt,Week 5,5,captain,1072,7,40,17.5,0
2025,2025capt,Week 5,5,pick1,841,19,40,47.5,0
2025,2025capt,Week 5,5,pick2,7137,24,40,60.0,0
2025,2025capt,Week 5,6,captain,3256,9,40,22.5,0
2025,2025capt,Week 5,6,pick1,7419,29,40,72.5,0
2025,2025capt,Week 5,6,pick2,5274,14,40,35.0,0
2025,2025capt,Week 5,7,captain,840,10,40,25.0,0
2025,2025capt,Week 5,7,pick1,4698,22,40,55.0,0
2025,2025capt,Week 5,7,pick2,1836,17,40,42.5,0
2025,2025capt,Week 5,7,backup,852,16,40,40.0,0
2025,2025capt,Week 5,8,captain,6665,11,40,27.5,0
2025,2025capt,Week 5,8,pick1,6962,21,40,52.5,0
2025,2025capt,Week 5,8,pick2,2659,25,40,62.5,0
2025,2025cthar,Week 5,1,captain,7407,1,39,2.56,1
2025,2025cthar,Week 5,1,pick1,195,2,39,5.13,1
2025,2025cthar,Week 5,1,pick2,181,35,39,89.74,1
2025,2025cthar,Week 5,2,captain,4048,3,39,7.69,0
2025,2025cthar,Week 5,2,pick1,7127,6,39,15.38,0
2025,2025cthar,Week 5,2,pick2,2170,16,39,41.03,0
2025,2025cthar,Week 5,3,captain,5142,4,39,10.26,0
2025,2025cthar,Week 5,3,pick1,7153,10,39,25.64,0
2025,2025cthar,Week 5,3,pick2,175,31,39,79.49,0
2025,2025cthar,Week 5,4,captain,558,5,39,12.82,0
2025,2025cthar,Week 5,4,pick1,236,8,39,20.51,0
2025,2025cthar,Week 5,4,pick2,1991,27,39,69.23,0
2025,2025cthar,Week 5,5,captain,228,7,39,17.95,0
2025,2025cthar,Week 5,5,pick1,173,24,39,61.54,0
2025,2025cthar,Week 5,5,pick2,2168,17,39,43.59,0
2025,2025cthar,Week 5,6,captain,6346,9,39,23.08,0
2025,2025cthar,Week 5,6,pick1,8889,13,39,33.33,0
2025,2025cthar,Week 5,6,pick2,6333,19,39,48.72,0
2025,2025cthar,Week 5,7,captain,7869,11,39,28.21,0
2025,2025cthar,Week 5,7,pick1,3146,14,39,35.9,0
2025,2025cthar,Week 5,7,pick2,3461,20,39,51.28,0
2025,2025cthar,Week 5,8,captain,571,12,39,30.77,0
2025,2025cthar,Week 5,8,pick1,3464,15,39,38.46,0
2025,2025cthar,Week 5,8,pick2,155,18,39,46.15,0
2025,2025miken,Week 5,1,captain,2075,1,40,2.5,1
2025,2025miken,Week 5,1,pick1,2054,2,40,5.0,1
2025,2025miken,Week 5,1,pick2,10654,30,40,75.0,1
2025,2025miken,Week 5,2,captain,4422,3,40,7.5,0
2025,2025miken,Week 5,2,pick1,4967,4,40,10.0,0
2025,2025miken,Week 5,2,pick2,7810,36,40,90.0,0
2025,2025miken,Week 5,3,captain,2771,5,40,12.5,0
2025,2025miken,Week 5,3,pick1,6090,20,40,50.0,0
2025,2025miken,Week 5,3,pick2,288,28,40,70.0,0
2025,2025miken,Week 5,4,captain,8397,6,40,15.0,0
2025,2025miken,Week 5,4,pick1,10633,7,40,17.5,0
2025,2025miken,Week 5,4,pick2,216,21,40,52.5,0
2025,2025miken,Week 5,5,captain,244,8,40,20.0,0
2025,2025miken,Week 5,5,pick1,3658,12,40,30.0,0
2025,2025miken,Week 5,5,pick2,904,18,40,45.0,0
2025,2025miken,Week 5,6,captain,3875,9,40,22.5,0
2025,2025miken,Week 5,6,pick1,4381,10,40,25.0,0
2025,2025miken,Week 5,6,pick2,858,22,40,55.0,0
2025,2025miken,Week 5,7,captain,9566,11,40,27.5,0
2025,2025miken,Week 5,7,pick1,4855,16,40,40.0,0
2025,2025miken,Week 5,7,pick2,9671,26,40,65.0,0
2025,2025miken,Week 5,8,captain,7818,13,40,32.5,0
2025,2025miken,Week 5,8,pick1,8285,14,40,35.0,0
2025,2025miken,Week 5,8,pick2,9208,19,40,47.5,0
2025,2025ncpem,Week 5,1,captain,2059,1,31,3.23,1
2025,2025ncpem,Week 5,1,pick1,900,3,31,9.68,1
2025,2025ncpem,Week 5,1,pick2,7443,26,31,83.87,1
2025,2025ncpem,Week 5,2,captain,4534,2,31,6.45,0
2025,2025ncpem,Week 5,2,pick1,9032,17,31,54.84,0
2025,2025ncpem,Week 5,2,pick2,3822,22,31,70.97,0
2025,2025ncpem,Week 5,3,captain,6894,4,31,12.9,0
2025,2025ncpem,Week 5,3,pick1,2640,11,31,35.48,0
2025,2025ncpem,Week 5,3,pick2,9042,20,31,64.52,0
2025,2025ncpem,Week 5,4,captain,6512,5,31,16.13,0
2025,2025ncpem,Week 5,4,pick1,9297,7,31,22.58,0
2025,2025ncpem,Week 5,4,pick2,10077,13,31,41.94,0
2025,2025ncpem,Week 5,5,captain,10302,6,31,19.35,0
2025,2025ncpem,Week 5,5,pick1,3349,14,31,45.16,0
2025,2025ncpem,Week 5,5,pick2,3336,18,31,58.06,0
2025,2025ncpem,Week 5,5,backup,10121,24,31,77.42,0
2025,2025ncpem,Week 5,6,captain,4816,8,31,25.81,0
2025,2025ncpem,Week 5,6,pick1,8304,15,31,48.39,0
2025,2025ncpem,Week 5,6,pick2,10583,21,31,67.74,0
2025,2025ncpem,Week 5,7,captain,9724,9,31,29.03,0
2025,2025ncpem,Week 5,7,pick1,435,16,31,51.61,0
2025,2025ncpem,Week 5,7,pick2,6729,23,31,74.19,0
2025,2025ncpem,Week 5,8,captain,9198,10,31,32.26,0
2025,2025ncpem,Week 5,8,pick1,8205,29,31,93.55,0
2025,2025ncpem,Week 5,8,pick2,5607,25,31,80.65,0
2025,2025njski,Week 5,1,captain,5895,1,32,3.12,1
2025,2025njski,Week 5,1,pick1,75,2,32,6.25,1
2025,2025njski,Week 5,1,pick2,2458,19,32,59.38,1
2025,2025njski,Week 5,2,captain,5992,3,32,9.38,0
2025,2025njski,Week 5,2,pick1,1403,4,32,12.5,0
2025,2025njski,Week 5,2,pick2,8075,29,32,90.62,0
2025,2025njski,Week 5,3,captain,293,5,32,15.62,0
2025,2025njski,Week 5,3,pick1,3637,8,32,25.0,0
2025,2025njski,Week 5,3,pick2,2191,32,32,100.0,0
2025,2025njski,Week 5,4,captain,8588,6,32,18.75,0
2025,2025njski,Week 5,4,pick1,25,12,32,37.5,0
2025,2025njski,Week 5,4,pick2,5490,16,32,50.0,0
2025,2025njski,Week 5,5,captain,7045,7,32,21.88,0
2025,2025njski,Week 5,5,pick1,1626,30,32,93.75,0
2025,2025njski,Week 5,5,pick2,4573,18,32,56.25,0
2025,2025njski,Week 5,6,captain,102,9,32,28.12,0
2025,2025njski,Week 5,6,pick1,9424,17,32,53.12,0
2025,2025njski,Week 5,6,pick2,6897,26,32,81.25,0
2025,2025njski,Week 5,7,captain,428,10,32,31.25,0
2025,2025njski,Week 5,7,pick1,4361,13,32,40.62,0
2025,2025njski,Week 5,7,pick2,5438,22,32,68.75,0
2025,2025njski,Week 5,8,captain,8130,11,32,34.38,0
2025,2025njski,Week 5,8,pick1,2577,14,32,43.75,0
2025,2025njski,Week 5,8,pick2,41,15,32,46.88,0
2025,2025onham,Week 5,1,captain,2056,1,31,3.23,1
2025,2025onham,Week 5,1,pick1,2200,3,31,9.68,1
2025,2025onham,Week 5,1,pick2,10167,24,31,77.42,1
2025,2025onham,Week 5,2,captain,1241,2,31,6.45,0
2025,2025onham,Week 5,2,pick1,1114,4,31,12.9,0
2025,2025onham,Week 5,2,pick2,6865,23,31,74.19,0
2025,2025onham,Week 5,3,captain,1325,5,31,16.13,0
2025,2025onham,Week 5,3,pick1,5406,6,31,19.35,0
2025,2025onham,Week 5,3,pick2,1334,20,31,64.52,0
2025,2025onham,Week 5,4,captain,3161,7,31,22.58,0
2025,2025onham,Week 5,4,pick1,188,19,31,61.29,0
2025,2025onham,Week 5,4,pick2,9562,26,31,83.87,0
2025,2025onham,Week 5,5,captain,1285,8,31,25.81,0
2025,2025onham,Week 5,5,pick1,10554,11,31,35.48,0
2025,2025onham,Week 5,5,pick2,5672,15,31,48.39,0
2025,2025onham,Week 5,6,captain,4308,9,31,29.03,0
2025,2025onham,Week 5,6,pick1,6978,13,31,41.94,0
2025,2025onham,Week 5,6,pick2,2386,22,31,70.97,0
2025,2025onham,Week 5,7,captain,7659,10,31,32.26,0
2025,2025onham,Week 5,7,pick1,7475,27,31,87.1,0
2025,2025onham,Week 5,7,pick2,6110,21,31,67.74,0
2025,2025onham,Week 5,8,captain,919,12,31,38.71,0
2025,2025onham,Week 5,8,pick1,7603,17,31,54.84,0
2025,2025onham,Week 5,8,pick2,6975,29,31,93.55,0
2025,2025pawar,Week 5,1,captain,2607,1,30,3.33,1
2025,2025pawar,Week 5,1,pick1,3314,2,30,6.67,1
2025,2025pawar,Week 5,1,pick2,9416,22,30,73.33,1
2025,2025pawar,Week 5,2,captain,1807,3,30,10.0,0
2025,2025pawar,Week 5,2,pick1,1391,4,30,13.33,0
2025,2025pawar,Week 5,2,pick2,816,27,30,90.0,0
2025,2025pawar,Week 5,2,backup,430,15,30,50.0,0
2025,2025pawar,Week 5,3,captain,5181,5,30,16.67,0
2025,2025pawar,Week 5,3,pick1,6921,16,30,53.33,0
2025,2025pawar,Week 5,3,pick2,8706,23,30,76.67,0
2025,2025pawar,Week 5,4,captain,4373,6,30,20.0,0
2025,2025pawar,Week 5,4,pick1,11,10,30,33.33,0
2025,2025pawar,Week 5,4,pick2,10157,26,30,86.67,0
2025,2025pawar,Week 5,5,captain,10400,7,30,23.33,0
2025,2025pawar,Week 5,5,pick1,2554,11,30,36.67,0
2025,2025pawar,Week 5,5,pick2,4575,20,30,66.67,0
2025,2025pawar,Week 5,6,captain,193,8,30,26.67,0
2025,2025pawar,Week 5,6,pick1,714,21,30,70.0,0
2025,2025pawar,Week 5,6,pick2,9116,25,30,83.33,0
2025,2025pawar,Week 5,7,captain,433,9,30,30.0,0
2025,2025pawar,Week 5,7,pick1,2495,13,30,43.33,0
2025,2025pawar,Week 5,7,pick2,4637,17,30,56.67,0
2025,2025pawar,Week 5,8,captain,303,12,30,40.0,0
2025,2025pawar,Week 5,8,pick1,6808,14,30,46.67,0
2025,2025pawar,Week 5,8,pick2,8630,18,30,60.0,0
2025,2025vtbur,Week 5,1,captain,5687,1,32,3.12,1
2025,2025vtbur,Week 5,1,pick1,4909,2,32,6.25,1
2025,2025vtbur,Week 5,1,pick2,8544,18,32,56.25,1
2025,2025vtbur,Week 5,2,captain,839,3,32,9.38,0
2025,2025vtbur,Week 5,2,pick1,166,4,32,12.5,0
2025,2025vtbur,Week 5,2,pick2,3323,25,32,78.12,0
2025,2025vtbur,Week 5,3,captain,6933,5,32,15.62,0
2025,2025vtbur,Week 5,3,pick1,2370,11,32,34.38,0
2025,2025vtbur,Week 5,3,pick2,9096,21,32,65.62,0
2025,2025vtbur,Week 5,4,captain,69,6,32,18.75,0
2025,2025vtbur,Week 5,4,pick1,2423,10,32,31.25,0
2025,2025vtbur,Week 5,4,pick2,2523,19,32,59.38,0
2025,2025vtbur,Week 5,5,captain,1073,7,32,21.88,0
2025,2025vtbur,Week 5,5,pick1,1729,13,32,40.62,0
2025,2025vtbur,Week 5,5,pick2,5494,30,32,93.75,0
2025,2025vtbur,Week 5,6,captain,95,8,32,25.0,0
2025,2025vtbur,Week 5,6,pick1,1058,9,32,28.12,0
2025,2025vtbur,Week 5,6,pick2,1512,22,32,68.75,0
2025,2025vtbur,Week 5,7,captain,157,12,32,37.5,0
2025,2025vtbur,Week 5,7,pick1,4572,15,32,46.88,0
2025,2025vtbur,Week 5,7,pick2,348,26,32,81.25,0
2025,2025vtbur,Week 5,8,captain,237,14,32,43.75,0
2025,2025vtbur,Week 5,8,pick1,9101,20,32,62.5,0
2025,2025vtbur,Week 5,8,pick2,4311,16,32,50.0,0
2025,2025txcle,Week 5,1,captain,118,1,34,2.94,1
2025,2025txcle,Week 5,1,pick1,324,4,34,11.76,1
2025,2025txcle,Week 5,1,pick2,10385,18,34,52.94,1
2025,2025txcle,Week 5,2,captain,5892,2,34,5.88,0
2025,2025txcle,Week 5,2,pick1,231,8,34,23.53,0
2025,2025txcle,Week 5,2,pick2,6645,33,34,97.06,0
2025,2025txcle,Week 5,3,captain,5427,3,34,8.82,0
2025,2025txcle,Week 5,3,pick1,7492,9,34,26.47,0
2025,2025txcle,Week 5,3,pick2,8114,32,34,94.12,0
2025,2025txcle,Week 5,4,captain,2585,5,34,14.71,0
2025,2025txcle,Week 5,4,pick1,8858,10,34,29.41,0
2025,2025txcle,Week 5,4,pick2,7616,17,34,50.0,0
2025,2025txcle,Week 5,5,captain,6357,6,34,17.65,0
2025,2025txcle,Week 5,5,pick1,7312,13,34,38.24,0
2025,2025txcle,Week 5,5,pick2,5923,25,34,73.53,0
2025,2025txcle,Week 5,6,captain,3545,7,34,20.59,0
2025,2025txcle,Week 5,6,pick1,2587,26,34,76.47,0
2025,2025txcle,Week 5,6,pick2,9512,31,34,91.18,0
2025,2025txcle,Week 5,7,captain,6243,11,34,32.35,0
2025,2025txcle,Week 5,7,pick1,7691,24,34,70.59,0
2025,2025txcle,Week 5,7,pick2,9307,16,34,47.06,0
2025,2025txcle,Week 5,8,captain,10118,12,34,35.29,0
2025,2025txcle,Week 5,8,pick1,5908,14,34,41.18,0
2025,2025txcle,Week 5,8,pick2,127,15,34,44.12,0
2025,2025flwp,Week 6,1,captain,180,1,44,2.27,1
2025,2025flwp,Week 6,1,pick1,179,2,44,4.55,1
2025,2025flwp,Week 6,1,pick2,5410,20,44,45.45,1
2025,2025flwp,Week 6,2,captain,2383,3,44,6.82,0
2025,2025flwp,Week 6,2,pick1,59,8,44,18.18,0
2025,2025flwp,Week 6,2,pick2,10154,30,44,68.18,0
2025,2025flwp,Week 6,3,captain,3164,4,44,9.09,0
2025,2025flwp,Week 6,3,pick1,5472,11,44,25.0,0
2025,2025flwp,Week 6,3,pick2,8581,18,44,40.91,0
2025,2025flwp,Week 6,4,captain,6743,5,44,11.36,0
2025,2025flwp,Week 6,4,pick1,5557,13,44,29.55,0
2025,2025flwp,Week 6,4,pick2,9404,26,44,59.09,0
2025,2025flwp,Week 6,5,captain,5526,6,44,13.64,0
2025,2025flwp,Week 6,5,pick1,2486,12,44,27.27,0
2025,2025flwp,Week 6,5,pick2,3646,28,44,63.64,0
2025,2025flwp,Week 6,6,captain,108,7,44,15.91,0
2025,2025flwp,Week 6,6,pick1,3932,16,44,36.36,0
2025,2025flwp,Week 6,6,pick2,10323,22,44,50.0,0
2025,2025flwp,Week 6,6,backup,9077,14,44,31.82,0
2025,2025flwp,Week 6,7,captain,8841,9,44,20.45,0
2025,2025flwp,Week 6,7,pick1,6722,29,44,65.91,0
2025,2025flwp,Week 6,7,pick2,744,36,44,81.82,0
2025,2025flwp,Week 6,8,captain,2872,10,44,22.73,0
2025,2025flwp,Week 6,8,pick1,1523,15,44,34.09,0
2025,2025flwp,Week 6,8,pick2,8817,23,44,52.27,0
2025,2025gacmp,Week 6,1,captain,1833,1,45,2.22,1
2025,2025gacmp,Week 6,1,pick1,1771,2,45,4.44,1
2025,2025gacmp,Week 6,1,pick2,3318,19,45,42.22,1
2025,2025gacmp,Week 6,2,captain,1261,3,45,6.67,0
2025,2025gacmp,Week 6,2,pick1,2974,10,45,22.22,0
2025,2025gacmp,Week 6,2,pick2,7538,40,45,88.89,0
2025,2025gacmp,Week 6,3,captain,1683,4,45,8.89,0
2025,2025gacmp,Week 6,3,pick1,6919,7,45,15.56,0
2025,2025gacmp,Week 6,3,pick2,8736,26,45,57.78,0
2025,2025gacmp,Week 6,4,captain,6340,5,45,11.11,0
2025,2025gacmp,Week 6,4,pick1,7451,6,45,13.33,0
2025,2025gacmp,Week 6,4,pick2,9260,16,45,35.56,0
2025,2025gacmp,Week 6,5,captain,1648,8,45,17.78,0
2025,2025gacmp,Week 6,5,pick1,4026,11,45,24.44,0
2025,2025gacmp,Week 6,5,pick2,4112,45,45,100.0,0
2025,2025gacmp,Week 6,6,captain,10376,9,45,20.0,0
2025,2025gacmp,Week 6,6,pick1,8866,23,45,51.11,0
2025,2025gacmp,Week 6,6,pick2,6023,32,45,71.11,0
2025,2025gacmp,Week 6,7,captain,9477,12,45,26.67,0
2025,2025gacmp,Week 6,7,pick1,9480,21,45,46.67,0
2025,2025gacmp,Week 6,7,pick2,5109,14,45,31.11,0
2025,2025gacmp,Week 6,8,captain,10482,13,45,28.89,0
2025,2025gacmp,Week 6,8,pick1,6944,15,45,33.33,0
2025,2025gacmp,Week 6,8,pick2,6829,27,45,60.0,0
2025,2025mrcmp,Week 6,1,captain,341,1,60,1.67,0
2025,2025mrcmp,Week 6,1,pick1,5895,3,60,5.0,0
2025,2025mrcmp,Week 6,1,pick2,3142,24,60,40.0,0
2025,2025mrcmp,Week 6,2,captain,2607,2,60,3.33,1
2025,2025mrcmp,Week 6,2,pick1,3314,15,60,25.0,1
2025,2025mrcmp,Week 6,2,pick2,11,26,60,43.33,1
2025,2025mrcmp,Week 6,3,captain,365,4,60,6.67,0
2025,2025mrcmp,Week 6,3,pick1,103,13,60,21.67,0
2025,2025mrcmp,Week 6,3,pick2,1391,19,60,31.67,0
2025,2025mrcmp,Week 6,3,backup,1257,12,60,20.0,0
2025,2025mrcmp,Week 6,4,captain,1923,5,60,8.33,0
2025,2025mrcmp,Week 6,4,pick1,2539,10,60,16.67,0
2025,2025mrcmp,Week 6,4,pick2,316,20,60,33.33,0
2025,2025mrcmp,Week 6,5,captain,1218,6,60,10.0,0
2025,2025mrcmp,Week 6,5,pick1,1089,58,60,96.67,0
2025,2025mrcmp,Week 6,5,pick2,9094,30,60,50.0,0
2025,2025mrcmp,Week 6,6,captain,8513,7,60,11.67,0
2025,2025mrcmp,Week 6,6,pick1,834,9,60,15.0,0
2025,2025mrcmp,Week 6,6,pick2,2590,27,60,45.0,0
2025,2025mrcmp,Week 6,7,captain,5181,8,60,13.33,0
2025,2025mrcmp,Week 6,7,pick1,1807,39,60,65.0,0
2025,2025mrcmp,Week 6,7,pick2,5401,25,60,41.67,0
2025,2025mrcmp,Week 6,8,captain,1640,11,60,18.33,0
2025,2025mrcmp,Week 6,8,pick1,1676,16,60,26.67,0
2025,2025mrcmp,Week 6,8,pick2,272,14,60,23.33,0
2025,2025necmp1,Week 6,1,captain,6328,1,48,2.08,0
2025,2025necmp1,Week 6,1,pick1,6329,4,48,8.33,0
2025,2025necmp1,Week 6,1,pick2,3182,31,48,64.58,0
2025,2025necmp1,Week 6,2,captain,3467,2,48,4.17,1
2025,2025necmp1,Week 6,2,pick1,190,8,48,16.67,1
2025,2025necmp1,Week 6,2,pick2,7153,33,48,68.75,1
2025,2025necmp1,Week 6,3,captain,5687,3,48,6.25,0
2025,2025necmp1,Week 6,3,pick1,125,6,48,12.5,0
2025,2025necmp1,Week 6,3,pick2,1729,48,48,100.0,0
2025,2025necmp1,Week 6,4,captain,2370,5,48,10.42,0
2025,2025necmp1,Week 6,4,pick1,133,9,48,18.75,0
2025,2025necmp1,Week 6,4,pick2,1073,16,48,33.33,0
2025,2025necmp1,Week 6,5,captain,8708,7,48,14.58,0
2025,2025necmp1,Week 6,5,pick1,4909,23,48,47.92,0
2025,2025necmp1,Week 6,5,pick2,95,29,48,60.42,0
2025,2025necmp1,Week 6,6,captain,2342,10,48,20.83,0
2025,2025necmp1,Week 6,6,pick1,9644,11,48,22.92,0
2025,2025necmp1,Week 6,6,pick2,1058,34,48,70.83,0
2025,2025necmp1,Week 6,7,captain,2648,12,48,25.0,0
2025,2025necmp1,Week 6,7,pick1,230,17,48,35.42,0
2025,2025necmp1,Week 6,7,pick2,509,40,48,83.33,0
2025,2025necmp1,Week 6,8,captain,7127,13,48,27.08,0
2025,2025necmp1,Week 6,8,pick1,8013,14,48,29.17,0
2025,2025necmp1,Week 6,8,pick2,166,24,48,50.0,0
2025,2025necmp2,Week 6,1,captain,5813,1,48,2.08,0
2025,2025necmp2,Week 6,1,pick1,1768,3,48,6.25,0
2025,2025necmp2,Week 6,1,pick2,8085,21,48,43.75,0
2025,2025necmp2,Week 6,2,captain,1153,2,48,4.17,0
2025,2025necmp2,Week 6,2,pick1,88,8,48,16.67,0
2025,2025necmp2,Week 6,2,pick2,5142,18,48,37.5,0
2025,2025necmp2,Week 6,3,captain,1100,4,48,8.33,0
2025,2025necmp2,Week 6,3,pick1,78,13,48,27.08,0
2025,2025necmp2,Week 6,3,pick2,228,28,48,58.33,0
2025,2025necmp2,Week 6,4,captain,6324,5,48,10.42,1
2025,2025necmp2,Week 6,4,pick1,7407,25,48,52.08,1
2025,2025necmp2,Week 6,4,pick2,839,38,48,79.17,1
2025,2025necmp2,Week 6,5,captain,195,6,48,12.5,0
2025,2025necmp2,Week 6,5,pick1,2877,9,48,18.75,0
2025,2025necmp2,Week 6,5,pick2,2713,23,48,47.92,0
2025,2025necmp2,Week 6,6,captain,176,7,48,14.58,0
2025,2025necmp2,Week 6,6,pick1,177,36,48,75.0,0
2025,2025necmp2,Week 6,6,pick2,5000,24,48,50.0,0
2025,2025necmp2,Week 6,7,captain,9443,10,48,20.83,0
2025,2025necmp2,Week 6,7,pick1,138,17,48,35.42,0
2025,2025necmp2,Week 6,7,pick2,131,26,48,54.17,0
2025,2025necmp2,Week 6,8,captain,1699,11,48,22.92,0
2025,2025necmp2,Week 6,8,pick1,467,30,48,62.5,0
2025,2025necmp2,Week 6,8,pick2,58,14,48,29.17,0
2025,2025ohcl,Week 6,1,captain,4611,1,56,1.79,0
2025,2025ohcl,Week 6,1,pick1,3173,8,56,14.29,0
2025,2025ohcl,Week 6,1,pick2,9545,48,56,85.71,0
2025,2025ohcl,Week 6,1,backup,8222,18,56,32.14,0
2025,2025ohcl,Week 6,2,captain,4145,2,56,3.57,0
2025,2025ohcl,Week 6,2,pick1,3015,22,56,39.29,0
2025,2025ohcl,Week 6,2,pick2,7165,26,56,46.43,0
2025,2025ohcl,Week 6,3,captain,1787,3,56,5.36,1
2025,2025ohcl,Week 6,3,pick1,695,15,56,26.79,1
2025,2025ohcl,Week 6,3,pick2,1559,19,56,33.93,1
2025,2025ohcl,Week 6,4,captain,2228,4,56,7.14,0
2025,2025ohcl,Week 6,4,pick1,5740,9,56,16.07,0
2025,2025ohcl,Week 6,4,pick2,4991,12,56,21.43,0
2025,2025ohcl,Week 6,5,captain,1511,5,56,8.93,0
2025,2025ohcl,Week 6,5,pick1,2399,11,56,19.64,0
2025,2025ohcl,Week 6,5,pick2,2603,16,56,28.57,0
2025,2025ohcl,Week 6,6,captain,4121,6,56,10.71,0
2025,2025ohcl,Week 6,6,pick1,2252,14,56,25.0,0
2025,2025ohcl,Week 6,6,pick2,1405,25,56,44.64,0
2025,2025ohcl,Week 6,7,captain,6964,7,56,12.5,0
2025,2025ohcl,Week 6,7,pick1,1308,17,56,30.36,0
2025,2025ohcl,Week 6,7,pick2,2172,23,56,41.07,0
2025,2025ohcl,Week 6,8,captain,6181,10,56,17.86,0
2025,2025ohcl,Week 6,8,pick1,8713,13,56,23.21,0
2025,2025ohcl,Week 6,8,pick2,48,24,56,42.86,0
2025,2025oncmp1,Week 6,1,captain,4039,1,50,2.0,0
2025,2025oncmp1,Week 6,1,pick1,4907,10,50,20.0,0
2025,2025oncmp1,Week 6,1,pick2,5036,22,50,44.0,0
2025,2025oncmp1,Week 6,2,captain,1241,2,50,4.0,0
2025,2025oncmp1,Week 6,2,pick1,8884,4,50,8.0,0
2025,2025oncmp1,Week 6,2,pick2,5032,30,50,60.0,0
2025,2025oncmp1,Week 6,3,captain,3683,3,50,6.0,1
2025,2025oncmp1,Week 6,3,pick1,4476,8,50,16.0,1
2025,2025oncmp1,Week 6,3,pick2,1285,31,50,62.0,1
2025,2025oncmp1,Week 6,4,captain,9785,5,50,10.0,0
2025,2025oncmp1,Week 6,4,pick1,4152,12,50,24.0,0
2025,2025oncmp1,Week 6,4,pick2,6110,35,50,70.0,0
2025,2025oncmp1,Week 6,5,captain,1325,6,50,12.0,0
2025,2025oncmp1,Week 6,5,pick1,7558,7,50,14.0,0
2025,2025oncmp1,Week 6,5,pick2,3739,21,50,42.0,0
2025,2025oncmp1,Week 6,6,captain,4940,9,50,18.0,0
2025,2025oncmp1,Week 6,6,pick1,1360,18,50,36.0,0
2025,2025oncmp1,Week 6,6,pick2,10554,28,50,56.0,0
2025,2025oncmp1,Week 6,7,captain,9525,11,50,22.0,0
2025,2025oncmp1,Week 6,7,pick1,7520,20,50,40.0,0
2025,2025oncmp1,Week 6,7,pick2,5024,14,50,28.0,0
2025,2025oncmp1,Week 6,8,captain,865,13,50,26.0,0
2025,2025oncmp1,Week 6,8,pick1,2935,26,50,52.0,0
2025,2025oncmp1,Week 6,8,pick2,8089,19,50,38.0,0
2025,2025oncmp2,Week 6,1,captain,4678,1,50,2.0,1
2025,2025oncmp2,Week 6,1,pick1,2056,3,50,6.0,1
2025,2025oncmp2,Week 6,1,pick2,7902,31,50,62.0,1
2025,2025oncmp2,Week 6,2,captain,4946,2,50,4.0,0
2025,2025oncmp2,Week 6,2,pick1,5409,7,50,14.0,0
2025,2025oncmp2,Week 6,2,pick2,7476,19,50,38.0,0
2025,2025oncmp2,Week 6,3,captain,5406,4,50,8.0,0
2025,2025oncmp2,Week 6,3,pick1,2200,5,50,10.0,0
2025,2025oncmp2,Week 6,3,pick2,7480,16,50,32.0,0
2025,2025oncmp2,Week 6,4,captain,1114,6,50,12.0,0
2025,2025oncmp2,Week 6,4,pick1,610,8,50,16.0,0
2025,2025oncmp2,Week 6,4,pick2,772,45,50,90.0,0
2025,2025oncmp2,Week 6,5,captain,9098,9,50,18.0,0
2025,2025oncmp2,Week 6,5,pick1,5885,30,50,60.0,0
2025,2025oncmp2,Week 6,5,pick2,1310,27,50,54.0,0
2025,2025oncmp2,Week 6,6,captain,4917,10,50,20.0,0
2025,2025oncmp2,Week 6,6,pick1,188,21,50,42.0,0
2025,2025oncmp2,Week 6,6,pick2,3161,23,50,46.0,0
2025,2025oncmp2,Week 6,7,captain,4069,11,50,22.0,0
2025,2025oncmp2,Week 6,7,pick1,781,17,50,34.0,0
2025,2025oncmp2,Week 6,7,pick2,4920,44,50,88.0,0
2025,2025oncmp2,Week 6,8,captain,2702,12,50,24.0,0
2025,2025oncmp2,Week 6,8,pick1,4976,20,50,40.0,0
2025,2025oncmp2,Week 6,8,pick2,7200,14,50,28.0,0
2025,2025tnkn,Week 6,1,captain,10479,1,47,2.13,1
2025,2025tnkn,Week 6,1,pick1,4467,4,47,8.51,1
2025,2025tnkn,Week 6,1,pick2,3843,14,47,29.79,1
2025,2025tnkn,Week 6,2,captain,4020,2,47,4.26,0
2025,2025tnkn,Week 6,2,pick1,8570,10,47,21.28,0
2025,2025tnkn,Week 6,2,pick2,3492,23,47,48.94,0
2025,2025tnkn,Week 6,3,captain,6517,3,47,6.38,0
2025,2025tnkn,Week 6,3,pick1,4265,5,47,10.64,0
2025,2025tnkn,Week 6,3,pick2,1014,19,47,40.43,0
2025,2025tnkn,Week 6,4,captain,5847,6,47,12.77,0
2025,2025tnkn,Week 6,4,pick1,233,7,47,14.89,0
2025,2025tnkn,Week 6,4,pick2,10101,47,47,100.0,0
2025,2025tnkn,Week 6,5,captain,3504,8,47,17.02,0
2025,2025tnkn,Week 6,5,pick1,4065,13,47,27.66,0
2025,2025tnkn,Week 6,5,pick2,21,16,47,34.04,0
2025,2025tnkn,Week 6,6,captain,7072,9,47,19.15,0
2025,2025tnkn,Week 6,6,pick1,801,26,47,55.32,0
2025,2025tnkn,Week 6,6,pick2,7428,24,47,51.06,0
2025,2025tnkn,Week 6,7,captain,3966,11,47,23.4,0
2025,2025tnkn,Week 6,7,pick1,3937,18,47,38.3,0
2025,2025tnkn,Week 6,7,pick2,2614,20,47,42.55,0
2025,2025tnkn,Week 6,8,captain,1592,12,47,25.53,0
2025,2025tnkn,Week 6,8,pick1,1708,39,47,82.98,0
2025,2025tnkn,Week 6,8,pick2,3824,21,47,44.68,0
2025,2025lake,Week 6,1,captain,8044,1,55,1.82,1
2025,2025lake,Week 6,1,pick1,16,4,55,7.27,1
2025,2025lake,Week 6,1,pick2,9787,23,55,41.82,1
2025,2025lake,Week 6,2,captain,5653,2,55,3.64,0
2025,2025lake,Week 6,2,pick1,2992,10,55,18.18,0
2025,2025lake,Week 6,2,pick2,34,19,55,34.55,0
2025,2025lake,Week 6,3,captain,4087,3,55,5.45,0
2025,2025lake,Week 6,3,pick1,9717,17,55,30.91,0
2025,2025lake,Week 6,3,pick2,7111,36,55,65.45,0
2025,2025lake,Week 6,4,captain,456,5,55,9.09,0
2025,2025lake,Week 6,4,pick1,3102,14,55,25.45,0
2025,2025lake,Week 6,4,pick2,3753,42,55,76.36,0
2025,2025lake,Week 6,5,captain,2036,6,55,10.91,0
2025,2025lake,Week 6,5,pick1,1912,16,55,29.09,0
2025,2025lake,Week 6,5,pick2,2152,52,55,94.55,0
2025,2025lake,Week 6,6,captain,3526,7,55,12.73,0
2025,2025lake,Week 6,6,pick1,3468,11,55,20.0,0
2025,2025lake,Week 6,6,pick2,9067,31,55,56.36,0
2025,2025lake,Week 6,7,captain,8808,8,55,14.55,0
2025,2025lake,Week 6,7,pick1,3616,26,55,47.27,0
2025,2025lake,Week 6,7,pick2,5013,18,55,32.73,0
2025,2025lake,Week 6,8,captain,1421,9,55,16.36,0
2025,2025lake,Week 6,8,pick1,364,24,55,43.64,0
2025,2025lake,Week 6,8,pick2,4336,38,55,69.09,0
2025,2025mnmi2,Week 6,1,captain,3276,1,48,2.08,1
2025,2025mnmi2,Week 6,1,pick1,4728,5,48,10.42,1
2025,2025mnmi2,Week 6,1,pick2,6749,16,48,33.33,1
2025,2025mnmi2,Week 6,2,captain,3058,2,48,4.17,0
2025,2025mnmi2,Week 6,2,pick1,4607,3,48,6.25,0
2025,2025mnmi2,Week 6,2,pick2,2503,35,48,72.92,0
2025,2025mnmi2,Week 6,3,captain,7028,4,48,8.33,0
2025,2025mnmi2,Week 6,3,pick1,7257,12,48,25.0,0
2025,2025mnmi2,Week 6,3,pick2,7530,28,48,58.33,0
2025,2025mnmi2,Week 6,4,captain,5348,6,48,12.5,0
2025,2025mnmi2,Week 6,4,pick1,6045,20,48,41.67,0
2025,2025mnmi2,Week 6,4,pick2,8188,34,48,70.83,0
2025,2025mnmi2,Week 6,4,backup,7578,15,48,31.25,0
2025,2025mnmi2,Week 6,5,captain,2883,7,48,14.58,0
2025,2025mnmi2,Week 6,5,pick1,7103,18,48,37.5,0
2025,2025mnmi2,Week 6,5,pick2,6244,47,48,97.92,0
2025,2025mnmi2,Week 6,6,captain,5658,8,48,16.67,0
2025,2025mnmi2,Week 6,6,pick1,8255,11,48,22.92,0
2025,2025mnmi2,Week 6,6,pick2,2509,32,48,66.67,0
2025,2025mnmi2,Week 6,7,captain,4656,9,48,18.75,0
2025,2025mnmi2,Week 6,7,pick1,6175,14,48,29.17,0
2025,2025mnmi2,Week 6,7,pick2,6709,19,48,39.58,0
2025,2025mnmi2,Week 6,8,captain,8422,10,48,20.83,0
2025,2025mnmi2,Week 6,8,pick1,7858,17,48,35.42,0
2025,2025mnmi2,Week 6,8,pick2,3026,13,48,27.08,0
2025,2025mnum,Week 6,1,captain,2052,1,47,2.13,1
2025,2025mnum,Week 6,1,pick1,3197,2,47,4.26,1
2025,2025mnum,Week 6,1,pick2,4198,27,47,57.45,1
2025,2025mnum,Week 6,2,captain,6147,3,47,6.38,0
2025,2025mnum,Week 6,2,pick1,2530,8,47,17.02,0
2025,2025mnum,Week 6,2,pick2,2480,18,47,38.3,0
2025,2025mnum,Week 6,3,captain,4174,4,47,8.51,0
2025,2025mnum,Week 6,3,pick1,2129,20,47,42.55,0
2025,2025mnum,Week 6,3,pick2,2169,31,47,65.96,0
2025,2025mnum,Week 6,4,captain,3130,5,47,10.64,0
2025,2025mnum,Week 6,4,pick1,5913,13,47,27.66,0
2025,2025mnum,Week 6,4,pick2,3206,16,47,34.04,0
2025,2025mnum,Week 6,5,captain,2470,6,47,12.77,0
2025,2025mnum,Week 6,5,pick1,3100,9,47,19.15,0
2025,2025mnum,Week 6,5,pick2,1816,23,47,48.94,0
2025,2025mnum,Week 6,6,captain,4624,7,47,14.89,0
2025,2025mnum,Week 6,6,pick1,2508,10,47,21.28,0
2025,2025mnum,Week 6,6,pick2,4693,37,47,78.72,0
2025,2025mnum,Week 6,7,captain,7019,11,47,23.4,0
2025,2025mnum,Week 6,7,pick1,2987,14,47,29.79,0
2025,2025mnum,Week 6,7,pick2,2143,21,47,44.68,0
2025,2025mnum,Week 6,8,captain,2500,12,47,25.53,0
2025,2025mnum,Week 6,8,pick1,4536,28,47,59.57,0
2025,2025mnum,Week 6,8,pick2,5232,33,47,70.21,0
2025,2025okok,Week 6,1,captain,4522,1,48,2.08,1
2025,2025okok,Week 6,1,pick1,4068,6,48,12.5,1
2025,2025okok,Week 6,1,pick2,2341,36,48,75.0,1
2025,2025okok,Week 6,2,captain,1561,2,48,4.17,0
2025,2025okok,Week 6,2,pick1,1986,9,48,18.75,0
2025,2025okok,Week 6,2,pick2,1764,18,48,37.5,0
2025,2025okok,Week 6,3,captain,2718,3,48,6.25,0
2025,2025okok,Week 6,3,pick1,6424,4,48,8.33,0
2025,2025okok,Week 6,3,pick2,9462,23,48,47.92,0
2025,2025okok,Week 6,4,captain,4766,5,48,10.42,0
2025,2025okok,Week 6,4,pick1,2352,37,48,77.08,0
2025,2025okok,Week 6,4,pick2,3247,29,48,60.42,0
2025,2025okok,Week 6,5,captain,2373,7,48,14.58,0
2025,2025okok,Week 6,5,pick1,5454,8,48,16.67,0
2025,2025okok,Week 6,5,pick2,1939,41,48,85.42,0
2025,2025okok,Week 6,6,captain,4005,10,48,20.83,0
2025,2025okok,Week 6,6,pick1,3931,14,48,29.17,0
2025,2025okok,Week 6,6,pick2,2165,38,48,79.17,0
2025,2025okok,Week 6,7,captain,4603,11,48,22.92,0
2025,2025okok,Week 6,7,pick1,3465,27,48,56.25,0
2025,2025okok,Week 6,7,pick2,3179,24,48,50.0,0
2025,2025okok,Week 6,8,captain,5550,12,48,25.0,0
2025,2025okok,Week 6,8,pick1,10661,16,48,33.33,0
2025,2025okok,Week 6,8,pick2,2083,39,48,81.25,0
2025,2025okok,Week 6,8,backup,6809,13,48,27.08,0
2025,2025txcmp1,Week 6,1,captain,118,1,45,2.22,1
2025,2025txcmp1,Week 6,1,pick1,148,2,45,4.44,1
2025,2025txcmp1,Week 6,1,pick2,8177,11,45,24.44,1
2025,2025txcmp1,Week 6,2,captain,3847,3,45,6.67,0
2025,2025txcmp1,Week 6,2,pick1,6369,4,45,8.89,0
2025,2025txcmp1,Week 6,2,pick2,8088,30,45,66.67,0
2025,2025txcmp1,Week 6,3,captain,2881,5,45,11.11,0
2025,2025txcmp1,Week 6,3,pick1,624,17,45,37.78,0
2025,2025txcmp1,Week 6,3,pick2,3035,12,45,26.67,0
2025,2025txcmp1,Week 6,4,captain,231,6,45,13.33,0
2025,2025txcmp1,Week 6,4,pick1,1296,13,45,28.89,0
2025,2025txcmp1,Week 6,4,pick2,5414,15,45,33.33,0
2025,2025txcmp1,Week 6,5,captain,9105,7,45,15.56,0
2025,2025txcmp1,Week 6,5,pick1,9492,16,45,35.56,0
2025,2025txcmp1,Week 6,5,pick2,6974,37,45,82.22,0
2025,2025txcmp1,Week 6,6,captain,2714,8,45,17.78,0
2025,2025txcmp1,Week 6,6,pick1,6672,14,45,31.11,0
2025,2025txcmp1,Week 6,6,pick2,5427,23,45,51.11,0
2025,2025txcmp1,Week 6,7,captain,8749,9,45,20.0,0
2025,2025txcmp1,Week 6,7,pick1,418,22,45,48.89,0
2025,2025txcmp1,Week 6,7,pick2,8576,20,45,44.44,0
2025,2025txcmp1,Week 6,8,captain,2689,10,45,22.22,0
2025,2025txcmp1,Week 6,8,pick1,4641,27,45,60.0,0
2025,2025txcmp1,Week 6,8,pick2,2582,19,45,42.22,0
2025,2025txcmp2,Week 6,1,captain,6800,1,45,2.22,1
2025,2025txcmp2,Week 6,1,pick1,3005,2,45,4.44,1
2025,2025txcmp2,Week 6,1,pick2,6357,14,45,31.11,1
2025,2025txcmp2,Week 6,2,captain,10014,3,45,6.67,0
2025,2025txcmp2,Week 6,2,pick1,1477,12,45,26.67,0
2025,2025txcmp2,Week 6,2,pick2,2585,20,45,44.44,0
2025,2025txcmp2,Week 6,2,backup,4639,22,45,48.89,0
2025,2025txcmp2,Week 6,3,captain,5572,4,45,8.89,0
2025,2025txcmp2,Week 6,3,pick1,2468,6,45,13.33,0
2025,2025txcmp2,Week 6,3,pick2,6377,27,45,60.0,0
2025,2025txcmp2,Week 6,4,captain,3310,5,45,11.11,0
2025,2025txcmp2,Week 6,4,pick1,9140,9,45,20.0,0
2025,2025txcmp2,Week 6,4,pick2,2687,29,45,64.44,0
2025,2025txcmp2,Week 6,5,captain,324,7,45,15.56,0
2025,2025txcmp2,Week 6,5,pick1,7121,13,45,28.89,0
2025,2025txcmp2,Week 6,5,pick2,2848,16,45,35.56,0
2025,2025txcmp2,Week 6,6,captain,457,8,45,17.78,0
2025,2025txcmp2,Week 6,6,pick1,5892,17,45,37.78,0
2025,2025txcmp2,Week 6,6,pick2,2583,23,45,51.11,0
2025,2025txcmp2,Week 6,7,captain,5411,10,45,22.22,0
2025,2025txcmp2,Week 6,7,pick1,7492,15,45,33.33,0
2025,2025txcmp2,Week 6,7,pick2,4717,32,45,71.11,0
2025,2025txcmp2,Week 6,8,captain,9418,11,45,24.44,0
2025,2025txcmp2,Week 6,8,pick1,9128,18,45,40.0,0
2025,2025txcmp2,Week 6,8,pick2,10340,21,45,46.67,0
2025,2025caav,Week 6,1,captain,4415,1,40,2.5,1
2025,2025caav,Week 6,1,pick1,5199,19,40,47.5,1
2025,2025caav,Week 6,1,pick2,687,28,40,70.0,1
2025,2025caav,Week 6,2,captain,6560,2,40,5.0,0
2025,2025caav,Week 6,2,pick1,3476,4,40,10.0,0
2025,2025caav,Week 6,2,pick2,5012,21,40,52.5,0
2025,2025caav,Week 6,3,captain,399,3,40,7.5,0
2025,2025caav,Week 6,3,pick1,294,8,40,20.0,0
2025,2025caav,Week 6,3,pick2,599,30,40,75.0,0
2025,2025caav,Week 6,4,captain,846,5,40,12.5,0
2025,2025caav,Week 6,4,pick1,4123,16,40,40.0,0
2025,2025caav,Week 6,4,pick2,1160,25,40,62.5,0
2025,2025caav,Week 6,5,captain,10213,6,40,15.0,0
2025,2025caav,Week 6,5,pick1,7709,13,40,32.5,0
2025,2025caav,Week 6,5,pick2,6060,33,40,82.5,0
2025,2025caav,Week 6,5,backup,1700,14,40,35.0,0
2025,2025caav,Week 6,6,captain,2543,7,40,17.5,0
2025,2025caav,Week 6,6,pick1,5285,17,40,42.5,0
2025,2025caav,Week 6,6,pick2,691,35,40,87.5,0
2025,2025caav,Week 6,7,captain,2637,9,40,22.5,0
2025,2025caav,Week 6,7,pick1,7157,10,40,25.0,0
2025,2025caav,Week 6,7,pick2,3669,15,40,37.5,0
2025,2025caav,Week 6,8,captain,7042,11,40,27.5,0
2025,2025caav,Week 6,8,pick1,2584,32,40,80.0,0
2025,2025caav,Week 6,8,pick2,4419,12,40,30.0,0
2025,2025pncmp,Week 6,1,captain,3663,1,50,2.0,0
2025,2025pncmp,Week 6,1,pick1,2046,5,50,10.0,0
2025,2025pncmp,Week 6,1,pick2,4513,22,50,44.0,0
2025,2025pncmp,Week 6,2,captain,1778,2,50,4.0,0
2025,2025pncmp,Week 6,2,pick1,9450,15,50,30.0,0
2025,2025pncmp,Week 6,2,pick2,948,44,50,88.0,0
2025,2025pncmp,Week 6,3,captain,2910,3,50,6.0,1
2025,2025pncmp,Week 6,3,pick1,2930,20,50,40.0,1
2025,2025pncmp,Week 6,3,pick2,7034,18,50,36.0,1
2025,2025pncmp,Week 6,4,captain,1318,4,50,8.0,0
2025,2025pncmp,Week 6,4,pick1,5468,19,50,38.0,0
2025,2025pncmp,Week 6,4,pick2,957,17,50,34.0,0
2025,2025pncmp,Week 6,5,captain,1540,6,50,12.0,0
2025,2025pncmp,Week 6,5,pick1,9442,29,50,58.0,0
2025,2025pncmp,Week 6,5,pick2,360,46,50,92.0,0
2025,2025pncmp,Week 6,6,captain,3674,7,50,14.0,0
2025,2025pncmp,Week 6,6,pick1,1425,11,50,22.0,0
2025,2025pncmp,Week 6,6,pick2,2557,30,50,60.0,0
2025,2025pncmp,Week 6,7,captain,9023,8,50,16.0,0
2025,2025pncmp,Week 6,7,pick1,2522,9,50,18.0,0
2025,2025pncmp,Week 6,7,pick2,5937,25,50,50.0,0
2025,2025pncmp,Week 6,8,captain,4043,10,50,20.0,0
2025,2025pncmp,Week 6,8,pick1,2412,24,50,48.0,0
2025,2025pncmp,Week 6,8,pick2,2471,16,50,32.0,0
2025,2025incmp,Week 6,1,captain,7457,1,38,2.63,1
2025,2025incmp,Week 6,1,pick1,868,2,38,5.26,1
2025,2025incmp,Week 6,1,pick2,3487,33,38,86.84,1
2025,2025incmp,Week 6,1,backup,1747,16,38,42.11,1
2025,2025incmp,Week 6,2,captain,4272,3,38,7.89,0
2025,2025incmp,Week 6,2,pick1,3940,4,38,10.53,0
2025,2025incmp,Week 6,2,pick2,6721,23,38,60.53,0
2025,2025incmp,Week 6,3,captain,461,5,38,13.16,0
2025,2025incmp,Week 6,3,pick1,1501,19,38,50.0,0
2025,2025incmp,Week 6,3,pick2,447,34,38,89.47,0
2025,2025incmp,Week 6,4,captain,1741,6,38,15.79,0
2025,2025incmp,Week 6,4,pick1,3494,10,38,26.32,0
2025,2025incmp,Week 6,4,pick2,10021,32,38,84.21,0
2025,2025incmp,Week 6,5,captain,45,7,38,18.42,0
2025,2025incmp,Week 6,5,pick1,7617,9,38,23.68,0
2025,2025incmp,Week 6,5,pick2,1024,18,38,47.37,0
2025,2025incmp,Week 6,6,captain,234,8,38,21.05,0
2025,2025incmp,Week 6,6,pick1,4926,14,38,36.84,0
2025,2025incmp,Week 6,6,pick2,3176,22,38,57.89,0
2025,2025incmp,Week 6,7,captain,5010,11,38,28.95,0
2025,2025incmp,Week 6,7,pick1,829,15,38,39.47,0
2025,2025incmp,Week 6,7,pick2,4485,31,38,81.58,0
2025,2025incmp,Week 6,8,captain,5402,12,38,31.58,0
2025,2025incmp,Week 6,8,pick1,292,17,38,44.74,0
2025,2025incmp,Week 6,8,pick2,135,13,38,34.21,0
2025,2025micmp1,Week 6,1,captain,2054,1,40,2.5,0
2025,2025micmp1,Week 6,1,pick1,33,7,40,17.5,0
2025,2025micmp1,Week 6,1,pick2,66,40,40,100.0,0
2025,2025micmp1,Week 6,1,backup,2771,11,40,27.5,0
2025,2025micmp1,Week 6,2,captain,9312,2,40,5.0,0
2025,2025micmp1,Week 6,2,pick1,8608,6,40,15.0,0
2025,2025micmp1,Week 6,2,pick2,4422,17,40,42.5,0
2025,2025micmp1,Week 6,3,captain,27,3,40,7.5,1
2025,2025micmp1,Week 6,3,pick1,3539,13,40,32.5,1
2025,2025micmp1,Week 6,3,pick2,7211,18,40,45.0,1
2025,2025micmp1,Week 6,4,captain,1718,4,40,10.0,0
2025,2025micmp1,Week 6,4,pick1,2832,12,40,30.0,0
2025,2025micmp1,Week 6,4,pick2,818,37,40,92.5,0
2025,2025micmp1,Week 6,5,captain,1918,5,40,12.5,0
2025,2025micmp1,Week 6,5,pick1,70,16,40,40.0,0
2025,2025micmp1,Week 6,5,pick2,2145,22,40,55.0,0
2025,2025micmp1,Week 6,6,captain,3538,8,40,20.0,0
2025,2025micmp1,Week 6,6,pick1,3414,19,40,47.5,0
2025,2025micmp1,Week 6,6,pick2,2611,27,40,67.5,0
2025,2025micmp1,Week 6,7,captain,4680,9,40,22.5,0
2025,2025micmp1,Week 6,7,pick1,6618,20,40,50.0,0
2025,2025micmp1,Week 6,7,pick2,5530,32,40,80.0,0
2025,2025micmp1,Week 6,8,captain,5907,10,40,25.0,0
2025,2025micmp1,Week 6,8,pick1,68,24,40,60.0,0
2025,2025micmp1,Week 6,8,pick2,3655,15,40,37.5,0
2025,2025micmp2,Week 6,1,captain,67,1,40,2.5,1
2025,2025micmp2,Week 6,1,pick1,2767,4,40,10.0,1
2025,2025micmp2,Week 6,1,pick2,5843,34,40,85.0,1
2025,2025micmp2,Week 6,2,captain,2834,2,40,5.0,0
2025,2025micmp2,Week 6,2,pick1,5712,3,40,7.5,0
2025,2025micmp2,Week 6,2,pick2,3357,22,40,55.0,0
2025,2025micmp2,Week 6,3,captain,7166,5,40,12.5,0
2025,2025micmp2,Week 6,3,pick1,4391,11,40,27.5,0
2025,2025micmp2,Week 6,3,pick2,3322,14,40,35.0,0
2025,2025micmp2,Week 6,4,captain,4398,6,40,15.0,0
2025,2025micmp2,Week 6,4,pick1,7769,13,40,32.5,0
2025,2025micmp2,Week 6,4,pick2,1684,29,40,72.5,0
2025,2025micmp2,Week 6,5,captain,5535,7,40,17.5,0
2025,2025micmp2,Week 6,5,pick1,7174,12,40,30.0,0
2025,2025micmp2,Week 6,5,pick2,3668,19,40,47.5,0
2025,2025micmp2,Week 6,6,captain,217,8,40,20.0,0
2025,2025micmp2,Week 6,6,pick1,5114,15,40,37.5,0
2025,2025micmp2,Week 6,6,pick2,2851,20,40,50.0,0
2025,2025micmp2,Week 6,7,captain,5675,9,40,22.5,0
2025,2025micmp2,Week 6,7,pick1,5505,16,40,40.0,0
2025,2025micmp2,Week 6,7,pick2,3546,24,40,60.0,0
2025,2025micmp2,Week 6,8,captain,548,10,40,25.0,0
2025,2025micmp2,Week 6,8,pick1,10589,25,40,62.5,0
2025,2025micmp2,Week 6,8,pick2,1506,17,40,42.5,0
2025,2025micmp3,Week 6,1,captain,7056,1,40,2.5,0
2025,2025micmp3,Week 6,1,pick1,3536,13,40,32.5,0
2025,2025micmp3,Week 6,1,pick2,2619,20,40,50.0,0
2025,2025micmp3,Week 6,2,captain,5460,2,40,5.0,1
2025,2025micmp3,Week 6,2,pick1,3620,8,40,20.0,1
2025,2025micmp3,Week 6,2,pick2,2960,15,40,37.5,1
2025,2025micmp3,Week 6,3,captain,9245,3,40,7.5,0
2025,2025micmp3,Week 6,3,pick1,4776,6,40,15.0,0
2025,2025micmp3,Week 6,3,pick2,201,18,40,45.0,0
2025,2025micmp3,Week 6,4,captain,6548,4,40,10.0,0
2025,2025micmp3,Week 6,4,pick1,1025,14,40,35.0,0
2025,2025micmp3,Week 6,4,pick2,7501,23,40,57.5,0
2025,2025micmp3,Week 6,5,captain,5166,5,40,12.5,0
2025,2025micmp3,Week 6,5,pick1,3572,17,40,42.5,0
2025,2025micmp3,Week 6,5,pick2,2586,27,40,67.5,0
2025,2025micmp3,Week 6,6,captain,3767,7,40,17.5,0
2025,2025micmp3,Week 6,6,pick1,1023,10,40,25.0,0
2025,2025micmp3,Week 6,6,pick2,9558,28,40,70.0,0
2025,2025micmp3,Week 6,7,captain,4381,9,40,22.5,0
2025,2025micmp3,Week 6,7,pick1,4967,16,40,40.0,0
2025,2025micmp3,Week 6,7,pick2,469,22,40,55.0,0
2025,2025micmp3,Week 6,8,captain,5352,11,40,27.5,0
2025,2025micmp3,Week 6,8,pick1,1189,19,40,47.5,0
2025,2025micmp3,Week 6,8,pick2,10666,25,40,62.5,0
2025,2025micmp4,Week 6,1,captain,2075,1,40,2.5,1
2025,2025micmp4,Week 6,1,pick1,2337,8,40,20.0,1
2025,2025micmp4,Week 6,1,pick2,858,20,40,50.0,1
2025,2025micmp4,Week 6,2,captain,226,2,40,5.0,0
2025,2025micmp4,Week 6,2,pick1,5216,25,40,62.5,0
2025,2025micmp4,Week 6,2,pick2,5193,29,40,72.5,0
2025,2025micmp4,Week 6,3,captain,2137,3,40,7.5,0
2025,2025micmp4,Week 6,3,pick1,3604,12,40,30.0,0
2025,2025micmp4,Week 6,3,pick2,7790,16,40,40.0,0
2025,2025micmp4,Week 6,4,captain,494,4,40,10.0,0
2025,2025micmp4,Week 6,4,pick1,3175,22,40,55.0,0
2025,2025micmp4,Week 6,4,pick2,51,14,40,35.0,0
2025,2025micmp4,Week 6,5,captain,3656,5,40,12.5,0
2025,2025micmp4,Week 6,5,pick1,302,7,40,17.5,0
2025,2025micmp4,Week 6,5,pick2,1076,19,40,47.5,0
2025,2025micmp4,Week 6,6,captain,1701,6,40,15.0,0
2025,2025micmp4,Week 6,6,pick1,862,10,40,25.0,0
2025,2025micmp4,Week 6,6,pick2,4405,18,40,45.0,0
2025,2025micmp4,Week 6,7,captain,910,9,40,22.5,0
2025,2025micmp4,Week 6,7,pick1,4237,13,40,32.5,0
2025,2025micmp4,Week 6,7,pick2,5660,17,40,42.5,0
2025,2025micmp4,Week 6,8,captain,1498,11,40,27.5,0
2025,2025micmp4,Week 6,8,pick1,6615,15,40,37.5,0
2025,2025micmp4,Week 6,8,pick2,245,21,40,52.5,0
2025,2025sccmp,Week 6,1,captain,4451,1,28,3.57,1
2025,2025sccmp,Week 6,1,pick1,343,3,28,10.71,1
2025,2025sccmp,Week 6,1,pick2,10231,23,28,82.14,1
2025,2025sccmp,Week 6,2,captain,3490,2,28,7.14,0
2025,2025sccmp,Week 6,2,pick1,2815,5,28,17.86,0
2025,2025sccmp,Week 6,2,pick2,10367,20,28,71.43,0
2025,2025sccmp,Week 6,3,captain,1102,4,28,14.29,0
2025,2025sccmp,Week 6,3,pick1,1287,19,28,67.86,0
2025,2025sccmp,Week 6,3,pick2,10591,25,28,89.29,0
2025,2025sccmp,Week 6,4,captain,6366,6,28,21.43,0
2025,2025sccmp,Week 6,4,pick1,281,10,28,35.71,0
2025,2025sccmp,Week 6,4,pick2,7085,24,28,85.71,0
2025,2025sccmp,Week 6,5,captain,342,7,28,25.0,0
2025,2025sccmp,Week 6,5,pick1,8575,13,28,46.43,0
2025,2025sccmp,Week 6,5,pick2,8137,26,28,92.86,0
2025,2025sccmp,Week 6,6,captain,6167,8,28,28.57,0
2025,2025sccmp,Week 6,6,pick1,4533,14,28,50.0,0
2025,2025sccmp,Week 6,6,pick2,9571,21,28,75.0,0
2025,2025sccmp,Week 6,7,captain,1051,9,28,32.14,0
2025,2025sccmp,Week 6,7,pick1,5130,15,28,53.57,0
2025,2025sccmp,Week 6,7,pick2,3489,18,28,64.29,0
2025,2025sccmp,Week 6,8,captain,1319,11,28,39.29,0
2025,2025sccmp,Week 6,8,pick1,1758,17,28,60.71,0
2025,2025sccmp,Week 6,8,pick2,4864,12,28,42.86,0
2025,2025chcmp,Week 6,1,captain,422,1,54,1.85,1
2025,2025chcmp,Week 6,1,pick1,449,4,54,7.41,1
2025,2025chcmp,Week 6,1,pick2,8590,47,54,87.04,1
2025,2025chcmp,Week 6,2,captain,8592,2,54,3.7,0
2025,2025chcmp,Week 6,2,pick1,836,14,54,25.93,0
2025,2025chcmp,Week 6,2,pick2,1908,23,54,42.59,0
2025,2025chcmp,Week 6,3,captain,1727,3,54,5.56,0
2025,2025chcmp,Week 6,3,pick1,9072,7,54,12.96,0
2025,2025chcmp,Week 6,3,pick2,2363,21,54,38.89,0
2025,2025chcmp,Week 6,4,captain,3748,5,54,9.26,0
2025,2025chcmp,Week 6,4,pick1,2106,32,54,59.26,0
2025,2025chcmp,Week 6,4,pick2,2199,26,54,48.15,0
2025,2025chcmp,Week 6,5,captain,5804,6,54,11.11,0
2025,2025chcmp,Week 6,5,pick1,401,9,54,16.67,0
2025,2025chcmp,Week 6,5,pick2,540,37,54,68.52,0
2025,2025chcmp,Week 6,6,captain,122,8,54,14.81,0
2025,2025chcmp,Week 6,6,pick1,3136,10,54,18.52,0
2025,2025chcmp,Week 6,6,pick2,1885,20,54,37.04,0
2025,2025chcmp,Week 6,7,captain,686,11,54,20.37,0
2025,2025chcmp,Week 6,7,pick1,620,19,54,35.19,0
2025,2025chcmp,Week 6,7,pick2,1731,17,54,31.48,0
2025,2025chcmp,Week 6,8,captain,116,12,54,22.22,0
2025,2025chcmp,Week 6,8,pick1,1629,13,54,24.07,0
2025,2025chcmp,Week 6,8,pick2,888,15,54,27.78,0
2025,2025nyny,Week 6,1,captain,1796,1,53,1.89,1
2025,2025nyny,Week 6,1,pick1,694,2,53,3.77,1
2025,2025nyny,Week 6,1,pick2,6873,47,53,88.68,1
2025,2025nyny,Week 6,2,captain,9642,3,53,5.66,0
2025,2025nyny,Week 6,2,pick1,1155,14,53,26.42,0
2025,2025nyny,Week 6,2,pick2,10229,37,53,69.81,0
2025,2025nyny,Week 6,3,captain,4571,4,53,7.55,0
2025,2025nyny,Week 6,3,pick1,4027,8,53,15.09,0
2025,2025nyny,Week 6,3,pick2,2265,23,53,43.4,0
2025,2025nyny,Week 6,4,captain,6593,5,53,9.43,0
2025,2025nyny,Week 6,4,pick1,3419,6,53,11.32,0
2025,2025nyny,Week 6,4,pick2,7730,22,53,41.51,0
2025,2025nyny,Week 6,4,backup,1601,17,53,32.08,0
2025,2025nyny,Week 6,5,captain,9220,7,53,13.21,0
2025,2025nyny,Week 6,5,pick1,5298,18,53,33.96,0
2025,2025nyny,Week 6,5,pick2,2344,40,53,75.47,0
2025,2025nyny,Week 6,6,captain,6969,9,53,16.98,0
2025,2025nyny,Week 6,6,pick1,9636,13,53,24.53,0
2025,2025nyny,Week 6,6,pick2,354,26,53,49.06,0
2025,2025nyny,Week 6,7,captain,10471,10,53,18.87,0
2025,2025nyny,Week 6,7,pick1,334,12,53,22.64,0
2025,2025nyny,Week 6,7,pick2,1880,30,53,56.6,0
2025,2025nyny,Week 6,8,captain,6590,11,53,20.75,0
2025,2025nyny,Week 6,8,pick1,8739,15,53,28.3,0
2025,2025nyny,Week 6,8,pick2,333,34,53,64.15,0
2025,2025wimi,Week 6,1,captain,1732,1,47,2.13,1
2025,2025wimi,Week 6,1,pick1,4786,4,47,8.51,1
2025,2025wimi,Week 6,1,pick2,2830,24,47,51.06,1
2025,2025wimi,Week 6,2,captain,2826,2,47,4.26,0
2025,2025wimi,Week 6,2,pick1,4655,15,47,31.91,0
2025,2025wimi,Week 6,2,pick2,706,18,47,38.3,0
2025,2025wimi,Week 6,3,captain,2202,3,47,6.38,0
2025,2025wimi,Week 6,3,pick1,1259,12,47,25.53,0
2025,2025wimi,Week 6,3,pick2,6237,17,47,36.17,0
2025,2025wimi,Week 6,4,captain,93,5,47,10.64,0
2025,2025wimi,Week 6,4,pick1,8744,11,47,23.4,0
2025,2025wimi,Week 6,4,pick2,1675,35,47,74.47,0
2025,2025wimi,Week 6,5,captain,2358,6,47,12.77,0
2025,2025wimi,Week 6,5,pick1,6223,13,47,27.66,0
2025,2025wimi,Week 6,5,pick2,7915,23,47,48.94,0
2025,2025wimi,Week 6,6,captain,1625,7,47,14.89,0
2025,2025wimi,Week 6,6,pick1,1792,16,47,34.04,0
2025,2025wimi,Week 6,6,pick2,2704,29,47,61.7,0
2025,2025wimi,Week 6,7,captain,2506,8,47,17.02,0
2025,2025wimi,Week 6,7,pick1,6574,21,47,44.68,0
2025,2025wimi,Week 6,7,pick2,2194,22,47,46.81,0
2025,2025wimi,Week 6,8,captain,2040,9,47,19.15,0
2025,2025wimi,Week 6,8,pick1,1306,10,47,21.28,0
2025,2025wimi,Week 6,8,pick2,930,20,47,42.55,0
2025,2025cabe,Week 6,1,captain,254,1,55,1.82,1
2025,2025cabe,Week 6,1,pick1,4270,3,55,5.45,1
2025,2025cabe,Week 6,1,pick2,2204,36,55,65.45,1
2025,2025cabe,Week 6,2,captain,8033,2,55,3.64,0
2025,2025cabe,Week 6,2,pick1,972,4,55,7.27,0
2025,2025cabe,Week 6,2,pick2,8793,26,55,47.27,0
2025,2025cabe,Week 6,2,backup,5924,15,55,27.27,0
2025,2025cabe,Week 6,3,captain,5507,5,55,9.09,0
2025,2025cabe,Week 6,3,pick1,5419,6,55,10.91,0
2025,2025cabe,Week 6,3,pick2,10202,23,55,41.82,0
2025,2025cabe,Week 6,4,captain,6238,7,55,12.73,0
2025,2025cabe,Week 6,4,pick1,766,22,55,40.0,0
2025,2025cabe,Week 6,4,pick2,5171,13,55,23.64,0
2025,2025cabe,Week 6,5,captain,199,8,55,14.55,0
2025,2025cabe,Week 6,5,pick1,1351,18,55,32.73,0
2025,2025cabe,Week 6,5,pick2,649,31,55,56.36,0
2025,2025cabe,Week 6,5,backup,668,17,55,30.91,0
2025,2025cabe,Week 6,6,captain,4669,9,55,16.36,0
2025,2025cabe,Week 6,6,pick1,9470,16,55,29.09,0
2025,2025cabe,Week 6,6,pick2,3482,14,55,25.45,0
2025,2025cabe,Week 6,7,captain,6059,10,55,18.18,0
2025,2025cabe,Week 6,7,pick1,8852,33,55,60.0,0
2025,2025cabe,Week 6,7,pick2,9038,29,55,52.73,0
2025,2025cabe,Week 6,8,captain,1868,11,55,20.0,0
2025,2025cabe,Week 6,8,pick1,6418,12,55,21.82,0
2025,2025cabe,Week 6,8,pick2,841,20,55,36.36,0
2025,2025cafr,Week 6,1,captain,3970,1,42,2.38,1
2025,2025cafr,Week 6,1,pick1,973,2,42,4.76,1
2025,2025cafr,Week 6,1,pick2,2035,29,42,69.05,1
2025,2025cafr,Week 6,2,captain,1072,3,42,7.14,0
2025,2025cafr,Week 6,2,pick1,1197,6,42,14.29,0
2025,2025cafr,Week 6,2,pick2,968,35,42,83.33,0
2025,2025cafr,Week 6,3,captain,3512,4,42,9.52,0
2025,2025cafr,Week 6,3,pick1,6036,13,42,30.95,0
2025,2025cafr,Week 6,3,pick2,4141,19,42,45.24,0
2025,2025cafr,Week 6,4,captain,1671,5,42,11.9,0
2025,2025cafr,Week 6,4,pick1,971,7,42,16.67,0
2025,2025cafr,Week 6,4,pick2,9584,25,42,59.52,0
2025,2025cafr,Week 6,5,captain,5137,8,42,19.05,0
2025,2025cafr,Week 6,5,pick1,9084,10,42,23.81,0
2025,2025cafr,Week 6,5,pick2,5665,21,42,50.0,0
2025,2025cafr,Week 6,6,captain,6657,9,42,21.43,0
2025,2025cafr,Week 6,6,pick1,4322,12,42,28.57,0
2025,2025cafr,Week 6,6,pick2,5458,20,42,47.62,0
2025,2025cafr,Week 6,7,captain,2288,11,42,26.19,0
2025,2025cafr,Week 6,7,pick1,5817,18,42,42.86,0
2025,2025cafr,Week 6,7,pick2,2135,17,42,40.48,0
2025,2025cafr,Week 6,8,captain,2465,14,42,33.33,0
2025,2025cafr,Week 6,8,pick1,2073,16,42,38.1,0
2025,2025cafr,Week 6,8,pick2,100,15,42,35.71,0
2025,2025nccmp,Week 6,1,captain,9496,1,40,2.5,1
2025,2025nccmp,Week 6,1,pick1,900,3,40,7.5,1
2025,2025nccmp,Week 6,1,pick2,2724,17,40,42.5,1
2025,2025nccmp,Week 6,2,captain,9032,2,40,5.0,0
2025,2025nccmp,Week 6,2,pick1,587,4,40,10.0,0
2025,2025nccmp,Week 6,2,pick2,2640,34,40,85.0,0
2025,2025nccmp,Week 6,3,captain,8429,5,40,12.5,0
2025,2025nccmp,Week 6,3,pick1,4795,26,40,65.0,0
2025,2025nccmp,Week 6,3,pick2,4561,11,40,27.5,0
2025,2025nccmp,Week 6,4,captain,8746,6,40,15.0,0
2025,2025nccmp,Week 6,4,pick1,8738,16,40,40.0,0
2025,2025nccmp,Week 6,4,pick2,6894,19,40,47.5,0
2025,2025nccmp,Week 6,5,captain,3737,7,40,17.5,0
2025,2025nccmp,Week 6,5,pick1,6500,18,40,45.0,0
2025,2025nccmp,Week 6,5,pick2,8727,23,40,57.5,0
2025,2025nccmp,Week 6,6,captain,3506,8,40,20.0,0
2025,2025nccmp,Week 6,6,pick1,7763,13,40,32.5,0
2025,2025nccmp,Week 6,6,pick2,9297,12,40,30.0,0
2025,2025nccmp,Week 6,7,captain,2059,9,40,22.5,0
2025,2025nccmp,Week 6,7,pick1,9008,20,40,50.0,0
2025,2025nccmp,Week 6,7,pick2,5727,15,40,37.5,0
2025,2025nccmp,Week 6,8,captain,1533,10,40,25.0,0
2025,2025nccmp,Week 6,8,pick1,4534,31,40,77.5,0
2025,2025nccmp,Week 6,8,pick2,6502,22,40,55.0,0
2025,2025arc,FIRST Championship,1,captain,8044,1,75,1.33,1
2025,2025arc,FIRST Championship,1,pick1,2481,8,75,10.67,1
2025,2025arc,FIRST Championship,1,pick2,3940,30,75,40.0,1
2025,2025arc,FIRST Championship,1,backup,4788,27,75,36.0,1
2025,2025arc,FIRST Championship,2,captain,1987,2,75,2.67,0
2025,2025arc,FIRST Championship,2,pick1,987,14,75,18.67,0
2025,2025arc,FIRST Championship,2,pick2,3767,31,75,41.33,0
2025,2025arc,FIRST Championship,2,backup,4028,11,75,14.67,0
2025,2025arc,FIRST Championship,3,captain,1197,3,75,4.0,0
2025,2025arc,FIRST Championship,3,pick1,6369,16,75,21.33,0
2025,2025arc,FIRST Championship,3,pick2,1511,44,75,58.67,0
2025,2025arc,FIRST Championship,3,backup,5801,51,75,68.0,0
2025,2025arc,FIRST Championship,4,captain,1756,4,75,5.33,0
2025,2025arc,FIRST Championship,4,pick1,1732,23,75,30.67,0
2025,2025arc,FIRST Championship,4,pick2,5951,17,75,22.67,0
2025,2025arc,FIRST Championship,4,backup,4143,26,75,34.67,0
2025,2025arc,FIRST Championship,5,captain,4391,5,75,6.67,0
2025,2025arc,FIRST Championship,5,pick1,2231,46,75,61.33,0
2025,2025arc,FIRST Championship,5,pick2,2338,13,75,17.33,0
2025,2025arc,FIRST Championship,5,backup,2106,10,75,13.33,0
2025,2025arc,FIRST Championship,6,captain,1114,6,75,8.0,0
2025,2025arc,FIRST Championship,6,pick1,2052,38,75,50.67,0
2025,2025arc,FIRST Championship,6,pick2,1701,35,75,46.67,0
2025,2025arc,FIRST Championship,6,backup,839,29,75,38.67,0
2025,2025arc,FIRST Championship,7,captain,341,7,75,9.33,0
2025,2025arc,FIRST Championship,7,pick1,4270,52,75,69.33,0
2025,2025arc,FIRST Championship,7,pick2,9408,37,75,49.33,0
2025,2025arc,FIRST Championship,7,backup,3620,49,75,65.33,0
2025,2025arc,FIRST Championship,8,captain,604,9,75,12.0,0
2025,2025arc,FIRST Championship,8,pick1,4400,12,75,16.0,0
2025,2025arc,FIRST Championship,8,pick2,836,20,75,26.67,0
2025,2025arc,FIRST Championship,8,backup,11,39,75,52.0,0
2025,2025cur,FIRST Championship,1,captain,7457,1,76,1.32,0
2025,2025cur,FIRST Championship,1,pick1,3005,26,76,34.21,0
2025,2025cur,FIRST Championship,1,pick2,4020,17,76,22.37,0
2025,2025cur,FIRST Championship,1,backup,8884,9,76,11.84,0
2025,2025cur,FIRST Championship,2,captain,3663,2,76,2.63,0
2025,2025cur,FIRST Championship,2,pick1,1706,36,76,47.37,0
2025,2025cur,FIRST Championship,2,pick2,862,37,76,48.68,0
2025,2025cur,FIRST Championship,2,backup,3539,27,76,35.53,0
2025,2025cur,FIRST Championship,3,captain,7028,3,76,3.95,0
2025,2025cur,FIRST Championship,3,pick1,27,18,76,23.68,0
2025,2025cur,FIRST Championship,3,pick2,3061,63,76,82.89,0
2025,2025cur,FIRST Championship,3,backup,2847,23,76,30.26,0
2025,2025cur,FIRST Championship,4,captain,4646,4,76,5.26,0
2025,2025cur,FIRST Championship,4,pick1,67,12,76,15.79,0
2025,2025cur,FIRST Championship,4,pick2,3467,24,76,31.58,0
2025,2025cur,FIRST Championship,4,backup,7166,19,76,25.0,0
2025,2025cur,FIRST Championship,5,captain,1771,5,76,6.58,1
2025,2025cur,FIRST Championship,5,pick1,3276,42,76,55.26,1
2025,2025cur,FIRST Championship,5,pick2,3478,29,76,38.16,1
2025,2025cur,FIRST Championship,5,backup,166,25,76,32.89,1
2025,2025cur,FIRST Championship,6,captain,4611,6,76,7.89,0
2025,2025cur,FIRST Championship,6,pick1,359,10,76,13.16,0
2025,2025cur,FIRST Championship,6,pick2,88,20,76,26.32,0
2025,2025cur,FIRST Championship,6,backup,3100,40,76,52.63,0
2025,2025cur,FIRST Championship,7,captain,340,7,76,9.21,0
2025,2025cur,FIRST Championship,7,pick1,5460,11,76,14.47,0
2025,2025cur,FIRST Championship,7,pick2,2046,15,76,19.74,0
2025,2025cur,FIRST Championship,7,backup,3175,32,76,42.11,0
2025,2025cur,FIRST Championship,8,captain,6329,8,76,10.53,0
2025,2025cur,FIRST Championship,8,pick1,5813,14,76,18.42,0
2025,2025cur,FIRST Championship,8,pick2,4481,16,76,21.05,0
2025,2025cur,FIRST Championship,8,backup,103,30,76,39.47,0
2025,2025dal,FIRST Championship,1,captain,4415,1,75,1.33,0
2025,2025dal,FIRST Championship,1,pick1,694,9,75,12.0,0
2025,2025dal,FIRST Championship,1,pick2,302,35,75,46.67,0
2025,2025dal,FIRST Championship,1,backup,1425,12,75,16.0,0
2025,2025dal,FIRST Championship,2,captain,1796,2,75,2.67,0
2025,2025dal,FIRST Championship,2,pick1,2630,8,75,10.67,0
2025,2025dal,FIRST Championship,2,pick2,4451,34,75,45.33,0
2025,2025dal,FIRST Championship,2,backup,4786,15,75,20.0,0
2025,2025dal,FIRST Championship,3,captain,1678,3,75,4.0,0
2025,2025dal,FIRST Championship,3,pick1,9432,23,75,30.67,0
2025,2025dal,FIRST Championship,3,pick2,5660,28,75,37.33,0
2025,2025dal,FIRST Championship,3,backup,226,17,75,22.67,0
2025,2025dal,FIRST Championship,4,captain,6424,4,75,5.33,0
2025,2025dal,FIRST Championship,4,pick1,4607,31,75,41.33,0
2025,2025dal,FIRST Championship,4,pick2,1731,37,75,49.33,0
2025,2025dal,FIRST Championship,4,backup,4068,14,75,18.67,0
2025,2025dal,FIRST Championship,5,captain,179,5,75,6.67,0
2025,2025dal,FIRST Championship,5,pick1,4655,7,75,9.33,0
2025,2025dal,FIRST Championship,5,pick2,3173,45,75,60.0,0
2025,2025dal,FIRST Championship,5,backup,78,18,75,24.0,0
2025,2025dal,FIRST Championship,6,captain,2056,6,75,8.0,1
2025,2025dal,FIRST Championship,6,pick1,4613,42,75,56.0,1
2025,2025dal,FIRST Championship,6,pick2,6995,13,75,17.33,1
2025,2025dal,FIRST Championship,6,backup,494,47,75,62.67,1
2025,2025dal,FIRST Championship,7,captain,3792,10,75,13.33,0
2025,2025dal,FIRST Championship,7,pick1,3255,39,75,52.0,0
2025,2025dal,FIRST Championship,7,pick2,7034,38,75,50.67,0
2025,2025dal,FIRST Championship,7,backup,7257,33,75,44.0,0
2025,2025dal,FIRST Championship,8,captain,3297,11,75,14.67,0
2025,2025dal,FIRST Championship,8,pick1,4500,56,75,74.67,0
2025,2025dal,FIRST Championship,8,pick2,1833,22,75,29.33,0
2025,2025dal,FIRST Championship,8,backup,2648,59,75,78.67,0
2025,2025gal,FIRST Championship,1,captain,4946,1,75,1.33,1
2025,2025gal,FIRST Championship,1,pick1,180,8,75,10.67,1
2025,2025gal,FIRST Championship,1,pick2,16,51,75,68.0,1
2025,2025gal,FIRST Championship,1,backup,498,15,75,20.0,1
2025,2025gal,FIRST Championship,2,captain,9483,2,75,2.67,0
2025,2025gal,FIRST Championship,2,pick1,190,4,75,5.33,0
2025,2025gal,FIRST Championship,2,pick2,1625,41,75,54.67,0
2025,2025gal,FIRST Championship,2,backup,1986,26,75,34.67,0
2025,2025gal,FIRST Championship,3,captain,4522,3,75,4.0,0
2025,2025gal,FIRST Championship,3,pick1,7558,10,75,13.33,0
2025,2025gal,FIRST Championship,3,pick2,2813,20,75,26.67,0
2025,2025gal,FIRST Championship,3,backup,4039,57,75,76.0,0
2025,2025gal,FIRST Championship,4,captain,59,5,75,6.67,0
2025,2025gal,FIRST Championship,4,pick1,7769,32,75,42.67,0
2025,2025gal,FIRST Championship,4,pick2,3128,18,75,24.0,0
2025,2025gal,FIRST Championship,4,backup,5411,25,75,33.33,0
2025,2025gal,FIRST Championship,5,captain,3035,6,75,8.0,0
2025,2025gal,FIRST Championship,5,pick1,176,19,75,25.33,0
2025,2025gal,FIRST Championship,5,pick2,1501,13,75,17.33,0
2025,2025gal,FIRST Championship,5,backup,1538,64,75,85.33,0
2025,2025gal,FIRST Championship,6,captain,8214,7,75,9.33,0
2025,2025gal,FIRST Championship,6,pick1,971,17,75,22.67,0
2025,2025gal,FIRST Championship,6,pick2,4476,14,75,18.67,0
2025,2025gal,FIRST Championship,6,backup,9785,34,75,45.33,0
2025,2025gal,FIRST Championship,7,captain,5847,9,75,12.0,0
2025,2025gal,FIRST Championship,7,pick1,2230,28,75,37.33,0
2025,2025gal,FIRST Championship,7,pick2,2530,42,75,56.0,0
2025,2025gal,FIRST Championship,7,backup,1218,16,75,21.33,0
2025,2025gal,FIRST Championship,8,captain,620,11,75,14.67,0
2025,2025gal,FIRST Championship,8,pick1,3990,29,75,38.67,0
2025,2025gal,FIRST Championship,8,pick2,7539,24,75,32.0,0
2025,2025gal,FIRST Championship,8,backup,5712,36,75,48.0,0
2025,2025hop,FIRST Championship,1,captain,1768,1,75,1.33,1
2025,2025hop,FIRST Championship,1,pick1,2767,33,75,44.0,1
2025,2025hop,FIRST Championship,1,pick2,2877,32,75,42.67,1
2025,2025hop,FIRST Championship,1,backup,4145,12,75,16.0,1
2025,2025hop,FIRST Championship,2,captain,2200,2,75,2.67,0
2025,2025hop,FIRST Championship,2,pick1,3339,4,75,5.33,0
2025,2025hop,FIRST Championship,2,pick2,1153,57,75,76.0,0
2025,2025hop,FIRST Championship,2,backup,2491,25,75,33.33,0
2025,2025hop,FIRST Championship,3,captain,4728,3,75,4.0,0
2025,2025hop,FIRST Championship,3,pick1,3970,43,75,57.33,0
2025,2025hop,FIRST Championship,3,pick2,3045,45,75,60.0,0
2025,2025hop,FIRST Championship,3,backup,8570,53,75,70.67,0
2025,2025hop,FIRST Championship,4,captain,6621,5,75,6.67,0
2025,2025hop,FIRST Championship,4,pick1,9450,17,75,22.67,0
2025,2025hop,FIRST Championship,4,pick2,2539,19,75,25.33,0
2025,2025hop,FIRST Championship,4,backup,230,21,75,28.0,0
2025,2025hop,FIRST Championship,5,captain,9245,6,75,8.0,0
2025,2025hop,FIRST Championship,5,pick1,33,23,75,30.67,0
2025,2025hop,FIRST Championship,5,pick2,195,39,75,52.0,0
2025,2025hop,FIRST Championship,5,backup,1506,24,75,32.0,0
2025,2025hop,FIRST Championship,6,captain,4907,7,75,9.33,0
2025,2025hop,FIRST Championship,6,pick1,9496,8,75,10.67,0
2025,2025hop,FIRST Championship,6,pick2,6324,31,75,41.33,0
2025,2025hop,FIRST Championship,6,backup,3656,11,75,14.67,0
2025,2025hop,FIRST Championship,7,captain,7632,9,75,12.0,0
2025,2025hop,FIRST Championship,7,pick1,1241,61,75,81.33,0
2025,2025hop,FIRST Championship,7,pick2,3197,44,75,58.67,0
2025,2025hop,FIRST Championship,7,backup,51,29,75,38.67,0
2025,2025hop,FIRST Championship,8,captain,2075,10,75,13.33,0
2025,2025hop,FIRST Championship,8,pick1,973,26,75,34.67,0
2025,2025hop,FIRST Championship,8,pick2,2522,38,75,50.67,0
2025,2025hop,FIRST Championship,8,backup,1902,30,75,40.0,0
2025,2025joh,FIRST Championship,1,captain,1690,1,75,1.33,1
2025,2025joh,FIRST Championship,1,pick1,4414,6,75,8.0,1
2025,2025joh,FIRST Championship,1,pick2,2073,57,75,76.0,1
2025,2025joh,FIRST Championship,1,backup,5166,18,75,24.0,1
2025,2025joh,FIRST Championship,2,captain,1619,2,75,2.67,0
2025,2025joh,FIRST Championship,2,pick1,581,23,75,30.67,0
2025,2025joh,FIRST Championship,2,pick2,316,55,75,73.33,0
2025,2025joh,FIRST Championship,2,backup,5449,31,75,41.33,0
2025,2025joh,FIRST Championship,3,captain,6800,3,75,4.0,0
2025,2025joh,FIRST Championship,3,pick1,2930,9,75,12.0,0
2025,2025joh,FIRST Championship,3,pick2,2054,50,75,66.67,0
2025,2025joh,FIRST Championship,3,backup,686,37,75,49.33,0
2025,2025joh,FIRST Championship,4,captain,111,4,75,5.33,0
2025,2025joh,FIRST Championship,4,pick1,1156,24,75,32.0,0
2025,2025joh,FIRST Championship,4,pick2,4635,14,75,18.67,0
2025,2025joh,FIRST Championship,4,backup,6919,35,75,46.67,0
2025,2025joh,FIRST Championship,5,captain,2607,5,75,6.67,0
2025,2025joh,FIRST Championship,5,pick1,4738,11,75,14.67,0
2025,2025joh,FIRST Championship,5,pick2,8033,43,75,57.33,0
2025,2025joh,FIRST Championship,5,backup,5913,15,75,20.0,0
2025,2025joh,FIRST Championship,6,captain,1325,7,75,9.33,0
2025,2025joh,FIRST Championship,6,pick1,2122,22,75,29.33,0
2025,2025joh,FIRST Championship,6,pick2,5199,29,75,38.67,0
2025,2025joh,FIRST Championship,6,backup,2826,41,75,54.67,0
2025,2025joh,FIRST Championship,7,captain,2714,8,75,10.67,0
2025,2025joh,FIRST Championship,7,pick1,8159,19,75,25.33,0
2025,2025joh,FIRST Championship,7,pick2,3314,13,75,17.33,0
2025,2025joh,FIRST Championship,7,backup,1296,36,75,48.0,0
2025,2025joh,FIRST Championship,8,captain,45,10,75,13.33,0
2025,2025joh,FIRST Championship,8,pick1,695,16,75,21.33,0
2025,2025joh,FIRST Championship,8,pick2,1648,39,75,52.0,0
2025,2025joh,FIRST Championship,8,backup,365,40,75,53.33,0
2025,2025mil,FIRST Championship,1,captain,5940,1,75,1.33,1
2025,2025mil,FIRST Championship,1,pick1,254,4,75,5.33,1
2025,2025mil,FIRST Championship,1,pick2,1318,38,75,50.67,1
2025,2025mil,FIRST Championship,1,backup,1477,31,75,41.33,1
2025,2025mil,FIRST Championship,2,captain,118,2,75,2.67,0
2025,2025mil,FIRST Championship,2,pick1,5895,9,75,12.0,0
2025,2025mil,FIRST Championship,2,pick2,324,56,75,74.67,0
2025,2025mil,FIRST Championship,2,backup,957,16,75,21.33,0
2025,2025mil,FIRST Championship,3,captain,7407,3,75,4.0,0
2025,2025mil,FIRST Championship,3,pick1,2137,10,75,13.33,0
2025,2025mil,FIRST Championship,3,pick2,8592,53,75,70.67,0
2025,2025mil,FIRST Championship,3,backup,2145,21,75,28.0,0
2025,2025mil,FIRST Championship,4,captain,910,5,75,6.67,0
2025,2025mil,FIRST Championship,4,pick1,4152,52,75,69.33,0
2025,2025mil,FIRST Championship,4,pick2,6002,46,75,61.33,0
2025,2025mil,FIRST Championship,4,backup,3322,44,75,58.67,0
2025,2025mil,FIRST Championship,5,captain,3006,6,75,8.0,0
2025,2025mil,FIRST Championship,5,pick1,2337,51,75,68.0,0
2025,2025mil,FIRST Championship,5,pick2,4122,37,75,49.33,0
2025,2025mil,FIRST Championship,5,backup,8393,35,75,46.67,0
2025,2025mil,FIRST Championship,6,captain,503,7,75,9.33,0
2025,2025mil,FIRST Championship,6,pick1,1683,18,75,24.0,0
2025,2025mil,FIRST Championship,6,pick2,3604,39,75,52.0,0
2025,2025mil,FIRST Championship,6,backup,8749,15,75,20.0,0
2025,2025mil,FIRST Championship,7,captain,3674,8,75,10.67,0
2025,2025mil,FIRST Championship,7,pick1,3015,14,75,18.67,0
2025,2025mil,FIRST Championship,7,pick2,3310,47,75,62.67,0
2025,2025mil,FIRST Championship,7,backup,167,66,75,88.0,0
2025,2025mil,FIRST Championship,8,captain,1942,11,75,14.67,0
2025,2025mil,FIRST Championship,8,pick1,5614,17,75,22.67,0
2025,2025mil,FIRST Championship,8,pick2,3414,40,75,53.33,0
2025,2025mil,FIRST Championship,8,backup,217,28,75,37.33,0
2025,2025new,FIRST Championship,1,captain,1323,1,75,1.33,1
2025,2025new,FIRST Championship,1,pick1,2910,3,75,4.0,1
2025,2025new,FIRST Championship,1,pick2,4272,23,75,30.67,1
2025,2025new,FIRST Championship,1,backup,5026,24,75,32.0,1
2025,2025new,FIRST Championship,2,captain,2832,2,75,2.67,0
2025,2025new,FIRST Championship,2,pick1,1778,12,75,16.0,0
2025,2025new,FIRST Championship,2,pick2,2468,38,75,50.67,0
2025,2025new,FIRST Championship,2,backup,2412,21,75,28.0,0
2025,2025new,FIRST Championship,3,captain,422,4,75,5.33,0
2025,2025new,FIRST Championship,3,pick1,868,11,75,14.67,0
2025,2025new,FIRST Championship,3,pick2,3847,20,75,26.67,0
2025,2025new,FIRST Championship,3,backup,5535,27,75,36.0,0
2025,2025new,FIRST Championship,4,captain,148,5,75,6.67,0
2025,2025new,FIRST Championship,4,pick1,125,55,75,73.33,0
2025,2025new,FIRST Championship,4,pick2,6147,16,75,21.33,0
2025,2025new,FIRST Championship,4,backup,1807,35,75,46.67,0
2025,2025new,FIRST Championship,5,captain,9072,6,75,8.0,0
2025,2025new,FIRST Championship,5,pick1,4499,29,75,38.67,0
2025,2025new,FIRST Championship,5,pick2,624,36,75,48.0,0
2025,2025new,FIRST Championship,5,backup,6459,22,75,29.33,0
2025,2025new,FIRST Championship,6,captain,3538,7,75,9.33,0
2025,2025new,FIRST Championship,6,pick1,5406,25,75,33.33,0
2025,2025new,FIRST Championship,6,pick2,6328,47,75,62.67,0
2025,2025new,FIRST Championship,6,backup,1388,26,75,34.67,0
2025,2025new,FIRST Championship,7,captain,7426,8,75,10.67,0
2025,2025new,FIRST Championship,7,pick1,5468,13,75,17.33,0
2025,2025new,FIRST Championship,7,pick2,188,14,75,18.67,0
2025,2025new,FIRST Championship,7,backup,2974,49,75,65.33,0
2025,2025new,FIRST Championship,8,captain,3937,9,75,12.0,0
2025,2025new,FIRST Championship,8,pick1,294,37,75,49.33,0
2025,2025new,FIRST Championship,8,pick2,449,10,75,13.33,0
2025,2025new,FIRST Championship,8,backup,4909,57,75,76.0,0
