year,event,week,red1,red2,red3,blue1,blue2,blue3,red_score,blue_score
2023,2023isde1,Week 1,1574,3211,4661,6738,3388,7067,80,34
2023,2023isde1,Week 1,1943,5135,9304,4319,5654,1576,37,70
2023,2023isde1,Week 1,2096,1690,6168,5554,2230,2630,90,87
2023,2023isde1,Week 1,3065,6741,5990,4338,1577,6740,41,51
2023,2023isde1,Week 1,4661,5654,6738,3083,4319,1574,77,85
2023,2023isde1,Week 1,3388,1576,5135,2630,1690,1943,53,88
2023,2023isde1,Week 1,7067,6740,2096,6741,6168,4338,71,66
2023,2023isde1,Week 1,9304,3211,2230,1577,3083,3065,36,115
2023,2023isde1,Week 1,4319,6738,5554,5990,3388,1943,48,50
2023,2023isde1,Week 1,2630,4661,6168,5654,2096,4338,79,95
2023,2023isde1,Week 1,1577,2230,5135,1690,7067,9304,141,77
2023,2023isde1,Week 1,1576,1574,5554,3211,3065,6741,34,53
2023,2023isde1,Week 1,6740,3083,4661,5990,2096,2630,74,79
2023,2023isde1,Week 1,2230,4319,1690,5654,1943,7067,85,57
2023,2023isde1,Week 1,5135,5554,6741,3211,1577,3388,25,95
2023,2023isde1,Week 1,3083,5990,1574,1576,3065,6740,60,46
2023,2023isde1,Week 1,4338,6168,1690,9304,6738,2630,83,72
2023,2023isde1,Week 1,1943,5554,6741,3388,7067,5654,36,76
2023,2023isde1,Week 1,1574,6740,1577,4661,4319,5135,105,47
2023,2023isde1,Week 1,1576,2096,3083,9304,3065,6168,66,75
2023,2023isde1,Week 1,6738,4338,2230,3211,5990,5554,77,43
2023,2023isde1,Week 1,6741,1574,5654,1577,4661,1690,61,135
2023,2023isde1,Week 1,3065,1943,3388,4319,9304,6168,83,78
2023,2023isde1,Week 1,4338,2630,3211,6740,2230,1576,77,47
2023,2023isde1,Week 1,7067,5135,5990,3083,6738,2096,79,69
2023,2023isde1,Week 1,3388,4661,9304,6168,1577,5554,38,91
2023,2023isde1,Week 1,5654,3065,2630,6741,6740,3211,92,47
2023,2023isde1,Week 1,2096,7067,4319,1690,6738,1576,63,106
2023,2023isde1,Week 1,2230,3083,1943,5135,4338,1574,58,81
2023,2023isde1,Week 1,5990,5654,1577,6740,5554,3388,123,60
2023,2023isde1,Week 1,2630,6741,7067,3211,6168,4319,73,72
2023,2023isde1,Week 1,6738,5135,3065,2230,4661,2096,87,49
2023,2023isde1,Week 1,9304,4338,5990,1574,1576,1943,57,76
2023,2023isde1,Week 1,6168,3388,3083,1690,6741,3211,59,89
2023,2023isde1,Week 1,2630,6740,4319,4661,2230,3065,96,82
2023,2023isde1,Week 1,2096,1577,9304,1943,1574,6738,99,51
2023,2023isde1,Week 1,1690,5654,3083,5554,4338,5135,125,47
2023,2023isde1,Week 1,7067,6168,2230,5990,1576,4661,94,54
2023,2023isde1,Week 1,6738,9304,6740,3388,2096,6741,37,60
2023,2023isde1,Week 1,3065,4319,4338,5135,1690,1574,68,116
2023,2023isde1,Week 1,1576,2630,1577,5554,3083,7067,115,61
2023,2023isde1,Week 1,1943,3211,2096,5654,5990,2230,56,96
2023,2023isde1,Week 1,1574,3388,4319,6168,5135,6740,89,96
2023,2023isde1,Week 1,1577,6741,6738,3065,2630,3083,132,61
2023,2023isde1,Week 1,7067,1576,3211,4338,1943,4661,53,46
2023,2023isde1,Week 1,5554,9304,5654,6740,1690,5990,55,103
2023,2023isde1,Week 1,2230,2630,3388,2096,1574,3065,124,83
2023,2023isde1,Week 1,4319,1943,1577,3083,7067,4338,107,36
2023,2023isde1,Week 1,6168,5990,6738,5135,3211,5654,85,98
2023,2023isde1,Week 1,4661,5554,1690,6741,9304,1576,104,56
2023,2023bcvi,Week 1,7287,8338,1622,9079,4421,9277,43,49
2023,2023bcvi,Week 1,4613,7332,216,8871,7781,8331,48,33
2023,2023bcvi,Week 1,6390,9292,5118,3256,4627,7135,46,64
2023,2023bcvi,Week 1,4253,7167,1868,5997,6351,7173,106,18
2023,2023bcvi,Week 1,359,7796,7787,7688,8339,5419,48,41
2023,2023bcvi,Week 1,4613,244,7190,6364,9180,288,75,63
2023,2023bcvi,Week 1,9292,5997,7167,8871,1622,5118,51,28
2023,2023bcvi,Week 1,7796,8338,8339,7787,4627,7332,49,49
2023,2023bcvi,Week 1,5419,7173,4421,7135,216,7190,73,31
2023,2023bcvi,Week 1,1868,3256,9079,7688,359,9277,67,93
2023,2023bcvi,Week 1,4253,6364,6351,288,8331,244,111,7
2023,2023bcvi,Week 1,7167,6390,9180,4627,7287,7781,75,62
2023,2023bcvi,Week 1,5419,5997,3256,7332,4421,7135,81,61
2023,2023bcvi,Week 1,4613,8331,6351,7688,9292,9079,96,32
2023,2023bcvi,Week 1,216,6390,8871,7796,1622,6364,70,38
2023,2023bcvi,Week 1,7781,8338,288,9277,244,9180,19,78
2023,2023bcvi,Week 1,7190,359,7173,4253,7787,5118,90,74
2023,2023bcvi,Week 1,9292,7287,1868,8339,216,3256,104,67
2023,2023bcvi,Week 1,5419,6364,8331,6351,7781,1622,61,17
2023,2023bcvi,Week 1,8338,4253,244,7796,9079,5997,87,48
2023,2023bcvi,Week 1,9180,7688,8871,7173,5118,8339,105,38
2023,2023bcvi,Week 1,7167,9277,7332,359,4421,6390,17,130
2023,2023bcvi,Week 1,288,7190,4627,7787,1868,4613,65,86
2023,2023bcvi,Week 1,8338,8871,7135,7287,6351,7688,31,86
2023,2023bcvi,Week 1,1622,7173,3256,244,8339,359,46,111
2023,2023bcvi,Week 1,7787,9277,216,9180,5997,4253,33,49
2023,2023bcvi,Week 1,4627,9079,6364,9292,288,7332,69,38
2023,2023bcvi,Week 1,4421,5118,7287,1868,6390,7781,69,53
2023,2023bcvi,Week 1,8331,7167,7796,4613,7135,5419,40,93
2023,2023bcvi,Week 1,9079,7190,1622,4253,4627,7688,33,95
2023,2023bcvi,Week 1,4421,9292,8338,8871,288,359,76,80
2023,2023bcvi,Week 1,7135,9277,8331,216,7287,7173,46,32
2023,2023bcvi,Week 1,5997,8339,4613,7190,5419,6390,104,50
2023,2023bcvi,Week 1,6364,7781,7787,3256,6351,7167,25,60
2023,2023bcvi,Week 1,7332,244,7796,5118,1868,9180,53,62
2023,2023bcvi,Week 1,7173,4253,4613,1622,5419,9292,108,74
2023,2023bcvi,Week 1,359,3256,7287,7167,216,8338,114,39
2023,2023bcvi,Week 1,9277,5118,5997,7190,7796,6351,31,40
2023,2023bcvi,Week 1,7787,9180,4421,6390,8331,7688,85,68
2023,2023bcvi,Week 1,7781,244,7135,7332,6364,8339,29,47
2023,2023bcvi,Week 1,1868,8871,4627,288,9079,5419,81,62
2023,2023bcvi,Week 1,7287,9180,7796,7173,7787,9292,87,32
2023,2023bcvi,Week 1,5118,7167,7781,9277,4253,6390,43,89
2023,2023bcvi,Week 1,6351,8339,4421,7688,216,6364,101,54
2023,2023bcvi,Week 1,1868,7135,359,8338,4613,4627,103,109
2023,2023bcvi,Week 1,288,1622,5997,3256,8871,7332,66,55
2023,2023bcvi,Week 1,8331,7190,9292,9079,7167,244,49,38
2023,2023bcvi,Week 1,8339,7135,4253,9277,1868,6351,84,68
2023,2023bcvi,Week 1,1622,4613,9180,6364,5118,8338,97,64
2023,2023bcvi,Week 1,6390,3256,244,8871,7787,7190,55,59
2023,2023bcvi,Week 1,7796,7688,288,5997,8331,7287,49,94
2023,2023bcvi,Week 1,5419,7332,359,9079,7781,216,112,32
2023,2023bcvi,Week 1,4627,7173,9277,4421,8871,4613,40,110
2023,2023bcvi,Week 1,8339,7787,288,1622,7135,7167,39,49
2023,2023bcvi,Week 1,6390,9079,7287,5997,6364,1868,93,79
2023,2023bcvi,Week 1,5118,7688,7190,7173,7332,8338,48,22
2023,2023bcvi,Week 1,9180,3256,9292,8331,359,4253,53,101
2023,2023bcvi,Week 1,216,5419,7796,244,4627,4421,93,69
2023,2023bcvi,Week 1,7781,7173,7688,6351,288,6390,48,72
2023,2023bcvi,Week 1,7332,4253,1622,7287,4613,7167,64,110
2023,2023bcvi,Week 1,244,5997,7787,5118,359,9079,74,95
2023,2023bcvi,Week 1,6364,9292,8871,8338,9277,5419,80,68
2023,2023bcvi,Week 1,4627,6351,216,7781,7796,3256,58,36
2023,2023bcvi,Week 1,4421,1868,8331,9180,7190,8339,80,55
2023,2023bcvi,Week 1,7135,6390,6364,359,8338,5997,82,102
2023,2023bcvi,Week 1,216,288,5118,7167,5419,7787,30,48
2023,2023bcvi,Week 1,244,7688,1868,8331,1622,4627,74,62
2023,2023bcvi,Week 1,7190,4421,7781,9292,7796,4253,97,115
2023,2023bcvi,Week 1,6351,7332,9079,7135,9180,7173,35,38
2023,2023bcvi,Week 1,8339,7287,8871,3256,4613,9277,84,97
2023,2023isde2,Week 1,1954,5635,4320,8175,2231,1657,51,63
2023,2023isde2,Week 1,2212,3075,5987,4590,5928,5715,91,25
2023,2023isde2,Week 1,5614,3835,7039,3316,1942,1937,80,75
2023,2023isde2,Week 1,6104,9303,4416,5951,4744,7112,55,37
2023,2023isde2,Week 1,3339,2679,1580,7845,4586,5928,56,62
2023,2023isde2,Week 1,5635,3075,1942,5614,3316,5987,86,91
2023,2023isde2,Week 1,1937,8175,1954,9303,2212,4744,42,313
2023,2023isde2,Week 1,4590,7112,4320,1580,3835,4416,53,42
2023,2023isde2,Week 1,2231,5715,3339,5951,6104,2679,105,39
2023,2023isde2,Week 1,5614,1657,7845,4586,7039,1937,105,56
2023,2023isde2,Week 1,4416,1954,4744,5928,4320,2212,43,47
2023,2023isde2,Week 1,8175,5951,3075,3835,3316,7112,64,69
2023,2023isde2,Week 1,1580,1657,2679,7845,4590,6104,113,62
2023,2023isde2,Week 1,7039,5987,1942,9303,5715,4586,123,30
2023,2023isde2,Week 1,5635,3339,5614,2231,7112,4416,108,61
2023,2023isde2,Week 1,4744,7845,2679,3075,1580,4320,71,52
2023,2023isde2,Week 1,3835,2212,5951,7039,4590,8175,36,77
2023,2023isde2,Week 1,4586,5635,1657,6104,1942,1954,74,64
2023,2023isde2,Week 1,9303,2231,3316,1937,5928,5987,80,75
2023,2023isde2,Week 1,5715,5614,3075,4320,3339,8175,81,103
2023,2023isde2,Week 1,4590,4586,4744,7112,7845,5635,95,71
2023,2023isde2,Week 1,1657,3316,1954,1580,4416,2231,92,76
2023,2023isde2,Week 1,6104,7039,5928,5987,1937,3339,42,92
2023,2023isde2,Week 1,2212,1942,5715,3835,5951,9303,84,32
2023,2023isde2,Week 1,3316,4590,4416,8175,2679,4586,69,75
2023,2023isde2,Week 1,7112,7039,3339,2231,5928,1954,71,87
2023,2023isde2,Week 1,1942,4744,4320,5951,5987,7845,40,100
2023,2023isde2,Week 1,9303,1580,5614,1657,5715,3835,68,44
2023,2023isde2,Week 1,1937,6104,3075,2679,5635,2212,37,70
2023,2023isde2,Week 1,8175,7112,5987,4416,4320,7039,85,63
2023,2023isde2,Week 1,1657,3339,5928,4744,2231,5614,99,89
2023,2023isde2,Week 1,3835,2679,1937,1580,5635,5715,69,62
2023,2023isde2,Week 1,4590,1954,5951,7845,3075,3316,72,102
2023,2023isde2,Week 1,4586,2212,6104,1942,9303,3339,52,98
2023,2023isde2,Week 1,5715,5987,2679,1657,4416,8175,93,67
2023,2023isde2,Week 1,2231,5951,1580,5635,1937,4590,84,72
2023,2023isde2,Week 1,2212,3316,7039,3075,3835,4744,108,65
2023,2023isde2,Week 1,7112,1954,9303,4320,5614,4586,48,64
2023,2023isde2,Week 1,7845,6104,2231,5928,1942,5951,73,70
2023,2023isde2,Week 1,3075,2679,4590,5715,7039,1657,78,48
2023,2023isde2,Week 1,4416,1937,2212,1954,3339,3835,43,46
2023,2023isde2,Week 1,5928,1580,7112,1942,8175,5614,29,48
2023,2023isde2,Week 1,4320,7845,9303,3316,6104,5635,67,83
2023,2023isde2,Week 1,5987,4416,4586,4744,1937,5715,89,47
2023,2023isde2,Week 1,5614,4590,1580,3339,3075,1942,62,124
2023,2023isde2,Week 1,5928,8175,3316,2212,1657,7845,74,99
2023,2023isde2,Week 1,4586,7112,3835,4744,5987,6104,51,73
2023,2023isde2,Week 1,2679,4320,2231,7039,9303,5635,79,92
2023,2023isde2,Week 1,5951,5614,1937,1954,2212,3075,67,82
2023,2023isde2,Week 1,6104,1580,8175,3316,5715,7112,26,61
2023,2023isde2,Week 1,1942,7845,3835,3339,4416,5635,108,82
2023,2023isde2,Week 1,5987,4586,2231,4320,5951,1657,85,67
2023,2023isde2,Week 1,7039,4744,4590,2679,5928,9303,95,57
2023,2023isde2,Week 1,5715,8175,7845,1954,5614,6104,75,62
2023,2023isde2,Week 1,7112,1657,1942,1937,4320,1580,72,41
2023,2023isde2,Week 1,4416,4586,5951,3075,2231,2212,26,142
2023,2023isde2,Week 1,5635,3835,5928,2679,1954,7039,56,66
2023,2023isde2,Week 1,3339,4744,3316,5987,9303,4590,98,84
2023,2023flwp,Week 1,4065,348,7833,1744,7500,8581,57,24
2023,2023flwp,Week 1,3627,744,4206,7652,1523,79,20,39
2023,2023flwp,Week 1,8104,2641,3653,5472,8791,180,30,85
2023,2023flwp,Week 1,3932,3173,6686,4592,8817,9040,87,54
2023,2023flwp,Week 1,179,108,5410,59,11,2152,119,50
2023,2023flwp,Week 1,7403,7500,695,2383,5557,7652,105,62
2023,2023flwp,Week 1,8791,9040,8581,3173,3653,1744,30,56
2023,2023flwp,Week 1,4592,6686,2641,5410,2152,3627,30,14
2023,2023flwp,Week 1,7833,11,3932,5557,59,1523,81,25
2023,2023flwp,Week 1,108,79,744,8104,5472,4206,30,87
2023,2023flwp,Week 1,8817,180,2383,695,4065,179,60,136
2023,2023flwp,Week 1,4592,1744,348,7403,6686,7833,29,46
2023,2023flwp,Week 1,3627,5472,3173,744,8581,3932,75,29
2023,2023flwp,Week 1,180,1523,695,8817,5410,3653,113,50
2023,2023flwp,Week 1,8104,108,5557,7500,9040,2383,67,66
2023,2023flwp,Week 1,348,2641,7652,79,179,59,49,78
2023,2023flwp,Week 1,11,4206,8791,2152,7403,4065,74,87
2023,2023flwp,Week 1,1744,5557,6686,108,5472,1523,29,85
2023,2023flwp,Week 1,3173,8581,4592,5410,7500,180,73,95
2023,2023flwp,Week 1,9040,744,179,2641,2383,4206,57,69
2023,2023flwp,Week 1,79,3932,8104,348,7403,8817,58,56
2023,2023flwp,Week 1,11,4065,7652,7833,3627,3653,100,25
2023,2023flwp,Week 1,1744,59,8791,2152,695,4206,26,114
2023,2023flwp,Week 1,5472,8817,744,180,4592,7403,87,106
2023,2023flwp,Week 1,5557,179,2641,4065,8104,3173,89,64
2023,2023flwp,Week 1,7500,79,3627,59,108,3653,26,42
2023,2023flwp,Week 1,8581,2152,1523,9040,695,7833,47,75
2023,2023flwp,Week 1,2383,6686,5410,348,8791,3932,41,26
2023,2023flwp,Week 1,11,8817,2641,7652,1744,744,96,13
2023,2023flwp,Week 1,3653,180,8581,4206,7403,5557,66,75
2023,2023flwp,Week 1,4065,7500,59,3173,108,2152,66,67
2023,2023flwp,Week 1,11,3627,2383,9040,5410,348,67,38
2023,2023flwp,Week 1,5472,7833,79,6686,8791,179,53,49
2023,2023flwp,Week 1,7652,8104,695,1523,3932,4592,107,66
2023,2023flwp,Week 1,180,59,348,2641,1744,9040,77,45
2023,2023flwp,Week 1,3653,2383,5472,4206,6686,108,134,65
2023,2023flwp,Week 1,8791,7833,1523,4592,79,4065,38,65
2023,2023flwp,Week 1,8581,7403,8104,744,5410,11,56,74
2023,2023flwp,Week 1,179,3173,8817,3932,7652,3627,107,36
2023,2023flwp,Week 1,7500,348,2152,695,5557,5472,35,126
2023,2023flwp,Week 1,5410,4592,7833,3653,4206,9040,18,73
2023,2023flwp,Week 1,1523,3173,7403,8104,3627,8791,161,27
2023,2023flwp,Week 1,79,11,1744,5557,3932,180,67,113
2023,2023flwp,Week 1,8581,2383,4065,179,7652,2152,93,100
2023,2023flwp,Week 1,6686,8817,7500,744,2641,59,16,55
2023,2023flwp,Week 1,695,3653,348,108,11,4592,104,77
2023,2023flwp,Week 1,7833,2152,1744,2383,3173,79,20,108
2023,2023flwp,Week 1,179,4206,7500,1523,8104,6686,121,34
2023,2023flwp,Week 1,3627,695,108,3932,2641,7403,83,53
2023,2023flwp,Week 1,5557,8791,5410,744,180,4065,35,98
2023,2023flwp,Week 1,5472,7652,9040,8817,8581,59,94,58
2023,2023flwp,Week 1,7403,3653,11,2641,1523,7500,75,65
2023,2023flwp,Week 1,2152,5557,744,348,2383,108,54,75
2023,2023flwp,Week 1,5410,3932,5472,7833,179,8104,107,97
2023,2023flwp,Week 1,6686,9040,180,8791,695,3173,61,164
2023,2023flwp,Week 1,59,4592,7652,1744,4065,3627,19,68
2023,2023flwp,Week 1,4206,8581,5410,8817,79,5557,79,87
2023,2023flwp,Week 1,695,744,2383,7500,7833,3173,104,57
2023,2023flwp,Week 1,59,3627,6686,180,8104,11,27,91
2023,2023flwp,Week 1,4065,4206,3932,8581,5472,2641,101,93
2023,2023flwp,Week 1,108,1744,7403,8791,7652,8817,72,28
2023,2023flwp,Week 1,2152,3653,4592,1523,348,179,47,99
2023,2023flwp,Week 1,9040,59,8104,79,5410,695,43,103
2023,2023flwp,Week 1,2641,180,108,7652,7833,8581,88,41
2023,2023flwp,Week 1,3932,179,1744,3653,744,7500,65,37
2023,2023flwp,Week 1,7403,9040,79,6686,4065,5472,32,121
2023,2023flwp,Week 1,2383,2152,8791,3627,4592,5557,63,35
2023,2023flwp,Week 1,4206,1523,8817,3173,348,11,82,47
2023,2023arli,Week 1,16,3284,3102,5006,3931,6586,110,49
2023,2023arli,Week 1,7525,1939,9073,5454,2393,7106,105,75
2023,2023arli,Week 1,1561,3039,3179,3937,1038,7430,93,68
2023,2023arli,Week 1,4336,5437,9067,4522,6055,5002,66,106
2023,2023arli,Week 1,7483,4265,4959,7525,1997,4766,53,108
2023,2023arli,Week 1,3937,3039,1939,3179,3931,5454,90,46
2023,2023arli,Week 1,1038,4522,5006,6586,6055,16,102,62
2023,2023arli,Week 1,5002,9067,4265,7106,1561,5437,65,39
2023,2023arli,Week 1,7430,2393,9073,3102,4336,1997,68,81
2023,2023arli,Week 1,7483,4766,3179,4959,3284,4522,76,86
2023,2023arli,Week 1,6586,5002,5437,1038,16,3039,39,121
2023,2023arli,Week 1,7106,7525,3931,3937,9073,4336,62,122
2023,2023arli,Week 1,5006,2393,7483,4265,7430,4766,38,73
2023,2023arli,Week 1,1939,1997,1561,3284,3102,9067,81,61
2023,2023arli,Week 1,6055,4959,5437,5454,4336,1038,40,102
2023,2023arli,Week 1,7106,6586,7525,4265,3179,16,69,123
2023,2023arli,Week 1,5006,7483,1997,4522,9067,2393,44,97
2023,2023arli,Week 1,3039,5002,7430,4959,3937,1561,64,78
2023,2023arli,Week 1,9073,3931,3102,4766,6055,3284,65,82
2023,2023arli,Week 1,5454,16,1997,1939,4265,4336,81,135
2023,2023arli,Week 1,7430,7106,5006,5437,3937,4522,41,115
2023,2023arli,Week 1,1561,7483,3931,9073,3179,6055,66,49
2023,2023arli,Week 1,1038,3284,6586,4959,7525,1939,63,95
2023,2023arli,Week 1,3039,5454,3102,5002,4766,2393,83,82
2023,2023arli,Week 1,9067,16,5437,3179,3937,5006,108,105
2023,2023arli,Week 1,9073,4522,1997,3931,1939,3284,60,40
2023,2023arli,Week 1,4265,3039,6055,5002,4959,3102,102,83
2023,2023arli,Week 1,2393,1561,4336,1038,4766,7106,109,88
2023,2023arli,Week 1,7483,6586,7430,9067,7525,5454,39,104
2023,2023arli,Week 1,3102,1939,3179,9073,5006,4265,117,100
2023,2023arli,Week 1,4766,1561,1038,3931,5437,4959,97,53
2023,2023arli,Week 1,7430,4522,7525,3039,6586,9067,125,105
2023,2023arli,Week 1,7106,5002,3937,2393,1997,3284,96,73
2023,2023arli,Week 1,16,4336,6055,7483,5454,9073,110,52
2023,2023arli,Week 1,4766,4959,4522,7525,4265,1561,118,84
2023,2023arli,Week 1,2393,6586,3937,9067,5006,1939,121,78
2023,2023arli,Week 1,4336,7106,3284,16,7483,3039,134,81
2023,2023arli,Week 1,1997,1038,5002,3179,7430,5454,57,73
2023,2023arli,Week 1,3931,7525,6055,5437,3102,2393,93,79
2023,2023arli,Week 1,4522,1561,16,1939,7106,7483,134,68
2023,2023arli,Week 1,5006,5454,4766,5002,9073,1038,84,65
2023,2023arli,Week 1,5437,3102,4265,7430,1997,4959,65,38
2023,2023arli,Week 1,9067,3937,3931,6586,3179,4336,121,71
2023,2023arli,Week 1,3284,3039,7525,6055,5006,1038,87,54
2023,2023arli,Week 1,5454,5437,1939,3102,7430,7483,94,53
2023,2023arli,Week 1,2393,4959,3179,1561,9073,6586,80,50
2023,2023arli,Week 1,3284,4265,3937,3039,4336,4522,115,110
2023,2023arli,Week 1,6055,9067,7106,3931,16,4766,64,131
2023,2023arli,Week 1,7525,3179,5002,1997,5437,7483,78,30
2023,2023arli,Week 1,3102,3284,5454,6586,4522,4265,76,131
2023,2023arli,Week 1,4959,9067,9073,16,7106,3039,50,73
2023,2023arli,Week 1,4336,3931,7430,1561,5002,5006,86,59
2023,2023arli,Week 1,1939,6055,2393,1997,4766,3937,81,123
2023,2023arli,Week 1,3179,1038,9067,4522,3102,7106,91,123
2023,2023arli,Week 1,4336,5006,4959,3284,7483,5002,78,74
2023,2023arli,Week 1,4766,5454,6586,6055,7430,1561,82,50
2023,2023arli,Week 1,1997,9073,3039,5437,1038,7525,65,76
2023,2023arli,Week 1,3937,1939,16,4265,2393,3931,128,87
2023,2023mndu,Week 1,4511,2847,2531,5826,8516,3291,79,62
2023,2023mndu,Week 1,7797,4229,7041,8744,7893,4656,50,33
2023,2023mndu,Week 1,2823,6160,7103,8878,5143,6318,99,23
2023,2023mndu,Week 1,4011,3692,1716,6045,8836,4693,43,136
2023,2023mndu,Week 1,7068,2227,2264,5653,3276,4009,123,62
2023,2023mndu,Week 1,2177,5464,3297,3197,3122,2503,68,69
2023,2023mndu,Week 1,3267,2574,5690,93,8372,3294,70,58
2023,2023mndu,Week 1,2526,2511,5253,1714,1816,6175,65,83
2023,2023mndu,Week 1,4741,2530,2861,1732,3042,7619,81,93
2023,2023mndu,Week 1,6047,2538,5348,6217,2239,4728,50,66
2023,2023mndu,Week 1,7103,6318,7893,4656,5826,6045,37,97
2023,2023mndu,Week 1,6160,3291,7797,3692,7041,4009,45,58
2023,2023mndu,Week 1,2531,8878,2503,8836,5653,3197,42,72
2023,2023mndu,Week 1,8744,3297,93,4011,3294,2227,113,59
2023,2023mndu,Week 1,2526,7068,6175,5690,5464,2823,67,83
2023,2023mndu,Week 1,8372,2511,1732,1716,2264,3042,78,86
2023,2023mndu,Week 1,4229,2847,4693,1816,2530,5348,64,119
2023,2023mndu,Week 1,2861,5253,4511,6217,2574,6047,46,58
2023,2023mndu,Week 1,4741,7619,2177,3267,8516,2538,47,54
2023,2023mndu,Week 1,5143,3276,2239,3122,1714,4728,52,139
2023,2023mndu,Week 1,3294,3197,7893,93,3291,3692,115,95
2023,2023mndu,Week 1,4011,7041,6318,4009,2526,2503,41,83
2023,2023mndu,Week 1,2227,1732,5464,2511,6045,8878,43,101
2023,2023mndu,Week 1,5348,4656,3297,8372,1816,2531,99,47
2023,2023mndu,Week 1,7103,5826,2847,2264,2861,6175,106,62
2023,2023mndu,Week 1,6047,2823,5653,2530,1716,2538,56,53
2023,2023mndu,Week 1,3122,6217,8744,1714,6160,3267,47,62
2023,2023mndu,Week 1,5690,5253,4229,7619,4728,4511,62,83
2023,2023mndu,Week 1,2574,4693,2177,7797,4741,3276,89,79
2023,2023mndu,Week 1,3042,8836,5143,8516,2239,7068,37,95
2023,2023mndu,Week 1,4656,2526,2531,93,2503,1732,60,66
2023,2023mndu,Week 1,4009,7893,8372,2847,2861,1816,54,97
2023,2023mndu,Week 1,8878,2538,2823,2264,7041,6045,55,81
2023,2023mndu,Week 1,2530,6217,2227,6175,3294,3122,75,79
2023,2023mndu,Week 1,1716,3297,6160,4728,5253,7103,70,103
2023,2023mndu,Week 1,1714,4011,5464,2177,4511,5653,89,51
2023,2023mndu,Week 1,3291,5348,2239,7068,4741,2511,100,82
2023,2023mndu,Week 1,3197,5143,2574,4229,3042,6318,75,31
2023,2023mndu,Week 1,7619,3267,7797,5826,3276,8836,57,101
2023,2023mndu,Week 1,3692,4693,8516,5690,8744,6047,51,75
2023,2023mndu,Week 1,7893,3122,1816,2538,2503,2264,49,59
2023,2023mndu,Week 1,2530,8372,4728,6045,2526,6217,69,99
2023,2023mndu,Week 1,2531,2823,93,7041,1714,2861,95,67
2023,2023mndu,Week 1,5253,2847,3294,2177,8878,7068,69,30
2023,2023mndu,Week 1,3042,4511,4741,2227,4656,6160,85,65
2023,2023mndu,Week 1,8836,7103,3291,4229,5464,3276,65,64
2023,2023mndu,Week 1,3692,7797,2511,3297,5143,8516,57,77
2023,2023mndu,Week 1,5653,6175,3267,2239,6318,4693,72,39
2023,2023mndu,Week 1,8744,4009,3197,6047,1716,7619,104,39
2023,2023mndu,Week 1,5348,5690,5826,2574,4011,1732,128,74
2023,2023mndu,Week 1,3294,2823,6045,5253,2531,3122,70,73
2023,2023mndu,Week 1,2503,1816,7041,7068,4511,2530,56,95
2023,2023mndu,Week 1,2264,4229,8836,6160,2177,93,95,67
2023,2023mndu,Week 1,2227,8516,7893,8372,7103,2526,41,44
2023,2023mndu,Week 1,2847,2239,1714,6318,7797,3297,102,73
2023,2023mndu,Week 1,4728,3267,8744,4009,2861,2511,91,59
2023,2023mndu,Week 1,3197,5826,8878,4693,5348,3276,82,108
2023,2023mndu,Week 1,3291,3042,6047,7619,6175,4011,47,85
2023,2023mndu,Week 1,6217,1716,5653,4741,5690,5143,51,65
2023,2023mndu,Week 1,1732,2538,4656,5464,3692,2574,55,90
2023,2023mndu,Week 1,2503,4229,8516,2823,2227,5253,27,111
2023,2023mndu,Week 1,4511,2264,3294,2239,7797,2526,88,23
2023,2023mndu,Week 1,2861,6318,8744,8836,2530,2177,56,72
2023,2023mndu,Week 1,4693,4009,3122,7103,93,1714,37,115
2023,2023mndu,Week 1,7893,6047,3267,3042,2531,5348,38,96
2023,2023mndu,Week 1,7041,4741,1716,6175,3297,5826,60,96
2023,2023mndu,Week 1,6160,8372,5690,2538,3197,5464,79,86
2023,2023mndu,Week 1,1732,6045,1816,3291,5653,5143,102,61
2023,2023mndu,Week 1,2574,7068,7619,4728,8878,3692,102,74
2023,2023mndu,Week 1,2511,6217,4656,3276,4011,2847,66,110
2023,2023mndu,Week 1,2503,4693,1714,2861,3294,4229,70,32
2023,2023mndu,Week 1,5348,2227,2526,5253,8836,7797,89,46
2023,2023mndu,Week 1,8516,6047,4741,6318,3122,2264,71,101
2023,2023mndu,Week 1,1716,4009,5690,2531,2177,2239,78,58
2023,2023mndu,Week 1,5464,93,5826,1816,8744,3042,60,76
2023,2023mndu,Week 1,2538,6045,7068,3297,3267,4511,89,52
2023,2023mndu,Week 1,5653,7619,3692,7041,7103,6217,93,100
2023,2023mndu,Week 1,5143,2511,4011,7893,2574,2530,65,92
2023,2023mndu,Week 1,6175,4728,3291,8878,4656,8372,78,38
2023,2023mndu,Week 1,3276,6160,3197,2823,1732,2847,80,107
2023,2023mndu,Week 1,3294,1714,4009,8516,5348,8836,90,76
2023,2023mndu,Week 1,2239,2264,4741,5464,8744,5253,108,43
2023,2023mndu,Week 1,3122,93,2861,7797,7068,1716,98,54
2023,2023mndu,Week 1,5826,5653,3042,2526,3692,4229,78,58
2023,2023mndu,Week 1,6318,7619,2538,2511,2531,2227,43,66
2023,2023mndu,Week 1,5143,2177,8372,4656,6047,7041,48,47
2023,2023mndu,Week 1,3276,3291,8878,3297,5690,2530,58,76
2023,2023mndu,Week 1,4511,1732,6217,4693,7893,2823,90,46
2023,2023mndu,Week 1,6045,2503,2574,2847,6175,6160,74,82
2023,2023mndu,Week 1,1816,4728,4011,3267,3197,7103,106,96
2023,2023mndu2,Week 1,2472,6758,3755,4230,4531,3928,107,92
2023,2023mndu2,Week 1,6574,5720,8700,2491,3381,5913,59,105
2023,2023mndu2,Week 1,2826,7578,6421,2129,4778,525,60,47
2023,2023mndu2,Week 1,2502,7530,4786,5271,5576,6044,94,52
2023,2023mndu2,Week 1,5339,1675,7311,6147,4182,2501,19,56
2023,2023mndu2,Week 1,3926,7273,4226,3883,5586,4623,76,97
2023,2023mndu2,Week 1,3023,4624,3212,4239,3298,4703,52,56
2023,2023mndu2,Week 1,167,7677,7021,1792,2987,5232,57,136
2023,2023mndu2,Week 1,8803,2052,7864,5541,3100,3418,101,50
2023,2023mndu2,Week 1,6132,2512,4166,2667,4181,6758,68,67
2023,2023mndu2,Week 1,6574,2491,5271,4531,2129,1675,68,57
2023,2023mndu2,Week 1,2826,5586,5720,8700,2472,5576,83,60
2023,2023mndu2,Week 1,2502,5913,4778,3023,4182,7530,115,99
2023,2023mndu2,Week 1,7273,7677,6147,7578,4624,167,32,61
2023,2023mndu2,Week 1,6421,3928,4239,8803,4786,3926,90,62
2023,2023mndu2,Week 1,6044,4703,4181,2052,2667,2987,45,119
2023,2023mndu2,Week 1,4623,3381,7021,525,7864,4230,87,88
2023,2023mndu2,Week 1,3298,2512,1792,3883,3418,2501,18,69
2023,2023mndu2,Week 1,4226,5541,6132,3212,3100,7311,49,22
2023,2023mndu2,Week 1,5232,5339,167,3755,2502,4166,105,71
2023,2023mndu2,Week 1,5720,3928,2491,4624,8803,4778,85,60
2023,2023mndu2,Week 1,5271,8700,7578,3023,3926,4181,38,75
2023,2023mndu2,Week 1,7864,1675,6147,2129,4230,4703,67,91
2023,2023mndu2,Week 1,6758,2987,7273,525,3298,6574,120,68
2023,2023mndu2,Week 1,3212,4182,4623,3100,2472,7530,26,60
2023,2023mndu2,Week 1,4239,5541,2512,3755,7677,5586,57,32
2023,2023mndu2,Week 1,3883,6132,3381,6044,5339,2826,91,38
2023,2023mndu2,Week 1,2501,2667,4226,6421,5232,4531,29,111
2023,2023mndu2,Week 1,7311,1792,2052,4166,5913,4786,94,107
2023,2023mndu2,Week 1,5576,3418,4624,7021,2129,3926,75,118
2023,2023mndu2,Week 1,4182,167,6758,7864,3023,8700,92,54
2023,2023mndu2,Week 1,2987,4703,5720,2512,7273,2502,67,89
2023,2023mndu2,Week 1,525,3212,1675,7677,8803,6044,62,41
2023,2023mndu2,Week 1,5232,3883,4230,3928,6574,7578,114,87
2023,2023mndu2,Week 1,4181,4166,2501,5586,4239,7530,44,84
2023,2023mndu2,Week 1,6132,4778,5576,3381,2052,4531,56,104
2023,2023mndu2,Week 1,1792,2826,5913,4226,6147,3298,110,17
2023,2023mndu2,Week 1,4623,3418,2667,5271,3755,7311,18,10
2023,2023mndu2,Week 1,2472,5339,2491,7021,6421,5541,64,80
2023,2023mndu2,Week 1,4786,3883,4624,1675,2502,3100,107,76
2023,2023mndu2,Week 1,2512,3928,4181,7273,3212,7864,85,33
2023,2023mndu2,Week 1,4166,7578,3381,8803,4531,2987,40,92
2023,2023mndu2,Week 1,6044,2501,2129,5913,5720,6758,48,102
2023,2023mndu2,Week 1,3418,6132,5232,4239,8700,6147,89,51
2023,2023mndu2,Week 1,4778,6574,2667,5586,7021,5339,63,111
2023,2023mndu2,Week 1,3100,6421,4230,5576,7311,3298,105,34
2023,2023mndu2,Week 1,2052,5271,3023,2472,4226,7677,99,26
2023,2023mndu2,Week 1,3926,525,1792,7530,3755,2491,98,63
2023,2023mndu2,Week 1,4182,4703,2826,4623,167,5541,48,60
2023,2023mndu2,Week 1,4786,6758,3418,5913,7578,7273,119,103
2023,2023mndu2,Week 1,4531,4166,3212,7021,5720,3883,44,104
2023,2023mndu2,Week 1,3928,2129,3381,7311,5586,2502,89,76
2023,2023mndu2,Week 1,6132,3023,3100,2501,6574,6421,54,83
2023,2023mndu2,Week 1,6147,5576,3755,4778,2987,2472,57,78
2023,2023mndu2,Week 1,4703,8700,8803,5339,1792,5271,41,56
2023,2023mndu2,Week 1,3298,7530,7677,2667,2826,7864,45,55
2023,2023mndu2,Week 1,4624,2512,3926,2052,525,4182,76,107
2023,2023mndu2,Week 1,5232,4181,4623,5541,4786,1675,72,100
2023,2023mndu2,Week 1,167,4239,6044,4230,4226,2491,76,61
2023,2023mndu2,Week 1,7578,3212,3755,3381,2501,5576,35,82
2023,2023mndu2,Week 1,5913,7021,4703,3928,8803,6132,103,85
2023,2023mndu2,Week 1,2667,3100,2129,1792,3023,7273,61,82
2023,2023mndu2,Week 1,4778,2826,3298,3926,5271,4166,42,57
2023,2023mndu2,Week 1,7530,6147,5541,6574,4531,2512,55,69
2023,2023mndu2,Week 1,6758,1675,5586,3418,6421,2052,57,101
2023,2023mndu2,Week 1,5720,4786,5339,4226,525,167,55,68
2023,2023mndu2,Week 1,4624,7864,5232,7311,6044,2472,114,24
2023,2023mndu2,Week 1,4182,4230,2502,4181,2491,7677,91,56
2023,2023mndu2,Week 1,2987,4239,3883,8700,4623,2129,135,57
2023,2023mndu2,Week 1,3298,5541,3928,7578,1792,6132,47,82
2023,2023mndu2,Week 1,5586,6147,2052,3212,6758,8803,114,51
2023,2023mndu2,Week 1,4786,7021,6574,2826,2501,2512,112,45
2023,2023mndu2,Week 1,6421,3755,3023,4166,7864,5720,66,67
2023,2023mndu2,Week 1,7273,3381,5271,2491,5232,4182,38,115
2023,2023mndu2,Week 1,167,5913,2472,1675,3926,2667,114,68
2023,2023mndu2,Week 1,8700,4226,2987,7530,4230,4624,93,137
2023,2023mndu2,Week 1,3100,6044,4531,5339,4181,3418,54,68
2023,2023mndu2,Week 1,7677,3883,525,4703,7311,4778,132,49
2023,2023mndu2,Week 1,2502,5576,1792,6758,4623,4239,98,82
2023,2023mndu2,Week 1,2491,2052,7021,3023,3298,7578,141,32
2023,2023mndu2,Week 1,3755,8803,4182,2129,6132,4786,57,96
2023,2023mndu2,Week 1,7864,5271,5913,2987,4624,5586,115,99
2023,2023mndu2,Week 1,4230,3926,5339,5720,5232,3212,79,101
2023,2023mndu2,Week 1,3418,2472,6574,4703,4166,4226,112,52
2023,2023mndu2,Week 1,2501,2502,525,5541,2667,8700,122,44
2023,2023mndu2,Week 1,4531,4778,4239,1675,7273,2826,67,50
2023,2023mndu2,Week 1,7677,4623,3100,6147,6044,3928,74,52
2023,2023mndu2,Week 1,4181,7530,3883,3381,167,6421,88,92
2023,2023mndu2,Week 1,2512,7311,8803,5576,2491,3023,32,86
2023,2023mxmo,Week 1,6647,4782,6170,7421,3933,7546,45,58
2023,2023mxmo,Week 1,6676,3794,3478,3472,6608,4584,71,50
2023,2023mxmo,Week 1,4010,5932,6832,6017,6106,9280,47,56
2023,2023mxmo,Week 1,8740,6694,8741,9060,3526,7725,17,7
2023,2023mxmo,Week 1,9282,4635,2283,6348,6702,5959,102,57
2023,2023mxmo,Week 1,7102,3158,5887,9213,5133,8256,52,24
2023,2023mxmo,Week 1,4775,4403,6647,6170,8734,8293,34,20
2023,2023mxmo,Week 1,6608,6832,6106,9060,6676,4584,21,31
2023,2023mxmo,Week 1,6348,8741,3933,3794,8740,6702,30,37
2023,2023mxmo,Week 1,5932,2283,6017,3478,3158,4635,59,62
2023,2023mxmo,Week 1,7421,9282,9213,3472,4775,3526,33,43
2023,2023mxmo,Week 1,8256,8293,4403,6694,4010,4782,89,69
2023,2023mxmo,Week 1,8734,7546,5959,9280,5133,5887,71,50
2023,2023mxmo,Week 1,6106,7102,3478,7725,6647,6608,79,26
2023,2023mxmo,Week 1,6017,4584,7421,6348,2283,4775,75,71
2023,2023mxmo,Week 1,3158,6676,6702,8740,4403,4010,29,93
2023,2023mxmo,Week 1,4782,8741,5133,5932,3472,6694,35,53
2023,2023mxmo,Week 1,5959,8256,9060,3933,9282,7102,45,91
2023,2023mxmo,Week 1,6170,3526,5887,7725,3794,6832,49,30
2023,2023mxmo,Week 1,7546,9280,8293,8734,9213,4635,65,88
2023,2023mxmo,Week 1,4403,6694,2283,4775,6106,8740,54,42
2023,2023mxmo,Week 1,4010,3478,3933,6608,7421,8741,114,37
2023,2023mxmo,Week 1,6676,5959,6647,6017,9060,4782,105,44
2023,2023mxmo,Week 1,7725,9213,7546,4584,8256,9282,54,52
2023,2023mxmo,Week 1,6170,6348,9280,7102,3472,8734,73,43
2023,2023mxmo,Week 1,3794,5932,5133,8293,6702,6832,37,26
2023,2023mxmo,Week 1,4635,5887,6608,3158,3526,6647,87,44
2023,2023mxmo,Week 1,6017,8256,7546,8741,5959,4403,64,56
2023,2023mxmo,Week 1,6694,3478,6348,9280,2283,9213,80,62
2023,2023mxmo,Week 1,9060,6702,3472,4775,4010,7725,21,64
2023,2023mxmo,Week 1,7102,8740,6170,5887,8293,4584,70,33
2023,2023mxmo,Week 1,3933,3526,6106,4782,8734,3158,90,20
2023,2023mxmo,Week 1,9282,6676,5133,7421,4635,3794,22,86
2023,2023mxmo,Week 1,6832,9213,3472,6647,5932,8256,52,59
2023,2023mxmo,Week 1,6702,6017,6170,8740,9280,6608,60,36
2023,2023mxmo,Week 1,8293,4782,3526,4403,3478,9060,48,45
2023,2023mxmo,Week 1,6106,7546,6694,6348,3794,3158,36,48
2023,2023mxmo,Week 1,5133,4584,4775,9282,5887,4010,51,68
2023,2023mxmo,Week 1,6676,7421,7725,5959,3933,5932,36,66
2023,2023mxmo,Week 1,2283,6832,8734,8741,7102,4635,42,101
2023,2023mxmo,Week 1,9060,6647,3794,3158,9213,6017,66,99
2023,2023mxmo,Week 1,8256,6348,6106,3478,6702,5133,24,92
2023,2023mxmo,Week 1,9280,3472,7725,3526,4403,6676,35,59
2023,2023mxmo,Week 1,4584,4635,4010,6832,7102,4782,104,46
2023,2023mxmo,Week 1,8740,7421,8293,7546,6608,2283,66,52
2023,2023mxmo,Week 1,3933,8734,4775,5887,8741,5932,67,26
2023,2023mxmo,Week 1,5959,9282,3478,6694,6170,3158,101,53
2023,2023mxmo,Week 1,4010,8256,3526,6647,6017,6348,21,126
2023,2023mxmo,Week 1,2283,8740,9060,5133,7546,3472,33,40
2023,2023mxmo,Week 1,9213,6608,5932,4403,6832,3933,30,87
2023,2023mxmo,Week 1,4775,3794,4782,7102,5959,9280,40,70
2023,2023mxmo,Week 1,6702,7725,6694,7421,5887,8734,68,82
2023,2023mxmo,Week 1,8293,8741,9282,6170,6106,6676,44,44
2023,2023mxmo,Week 1,4635,5133,4403,4584,6647,3933,110,66
2023,2023mxmo,Week 1,2283,4782,5959,3794,4010,9213,51,73
2023,2023mxmo,Week 1,6832,4775,8256,8734,3478,8740,30,69
2023,2023mxmo,Week 1,3526,6694,7102,7546,5932,6676,65,42
2023,2023mxmo,Week 1,6608,6017,8293,9282,7725,6348,68,75
2023,2023mxmo,Week 1,3472,6170,4635,6106,9060,5887,32,33
2023,2023mxmo,Week 1,3158,4584,8741,6702,9280,7421,36,55
2023,2023mxmo,Week 1,6676,4010,8734,3478,4775,7546,92,60
2023,2023mxmo,Week 1,5932,6348,8740,4782,4403,9282,46,71
2023,2023mxmo,Week 1,5887,7725,6017,2283,8293,3794,91,36
2023,2023mxmo,Week 1,4635,9060,9280,8256,6170,7421,75,71
2023,2023mxmo,Week 1,9213,6647,7102,8741,6106,6702,84,41
2023,2023mxmo,Week 1,3472,3158,5959,3526,6832,4584,73,44
2023,2023mxmo,Week 1,5133,3933,6017,6608,6694,4775,34,46
2023,2023utwv,Week 1,7895,9044,3243,2972,3648,4593,28,51
2023,2023utwv,Week 1,4499,8,4068,6400,192,1332,89,34
2023,2023utwv,Week 1,1569,8885,4944,4175,5933,4598,57,78
2023,2023utwv,Week 1,7906,3200,9037,7634,1828,3405,54,27
2023,2023utwv,Week 1,5851,6358,7436,3288,3374,2993,66,32
2023,2023utwv,Week 1,3245,8174,8087,2122,2240,701,10,85
2023,2023utwv,Week 1,4550,6844,9138,4585,6411,2996,55,70
2023,2023utwv,Week 1,4348,8,3648,5071,8885,4068,37,48
2023,2023utwv,Week 1,4499,9037,5933,4598,3200,3243,59,28
2023,2023utwv,Week 1,1569,1332,3405,192,7634,2993,56,52
2023,2023utwv,Week 1,2240,3288,7436,7906,4944,4593,91,52
2023,2023utwv,Week 1,3245,7895,3374,8174,4550,4585,68,74
2023,2023utwv,Week 1,2972,9044,9138,5071,701,2996,40,44
2023,2023utwv,Week 1,1828,4348,2122,6844,6400,6411,51,40
2023,2023utwv,Week 1,8885,8087,5851,4175,6358,9037,87,25
2023,2023utwv,Week 1,7634,4598,7906,192,3243,8,48,49
2023,2023utwv,Week 1,4499,2993,3200,4585,2240,4944,88,92
2023,2023utwv,Week 1,3374,1332,2996,5933,5071,1569,62,52
2023,2023utwv,Week 1,4550,4348,3405,8174,2972,1828,94,47
2023,2023utwv,Week 1,9138,6358,3288,2122,9044,6844,48,58
2023,2023utwv,Week 1,7436,4175,6411,701,4068,7895,32,74
2023,2023utwv,Week 1,8087,6400,4593,3648,5851,3245,64,70
2023,2023utwv,Week 1,3374,4585,5071,4944,8,3200,76,80
2023,2023utwv,Week 1,8885,1828,2993,3243,2996,1569,25,89
2023,2023utwv,Week 1,5933,7906,6358,4348,9138,1332,45,51
2023,2023utwv,Week 1,6411,4499,9044,7634,7436,8174,93,54
2023,2023utwv,Week 1,4593,6844,2240,3648,3405,8087,111,39
2023,2023utwv,Week 1,3288,3245,6400,701,4598,2972,55,58
2023,2023utwv,Week 1,7895,5851,4550,9037,2122,4068,85,69
2023,2023utwv,Week 1,4175,3200,2996,192,7906,4348,74,68
2023,2023utwv,Week 1,3243,1332,7436,8885,3374,8,44,104
2023,2023utwv,Week 1,3648,1569,1828,9138,8174,4499,38,124
2023,2023utwv,Week 1,701,4593,4585,6358,6844,7634,57,42
2023,2023utwv,Week 1,4598,4944,2122,4068,8087,9044,82,63
2023,2023utwv,Week 1,3405,192,5071,3288,5933,5851,57,89
2023,2023utwv,Week 1,2972,4550,6400,2993,9037,7895,80,37
2023,2023utwv,Week 1,1569,6411,2240,3245,4175,1828,93,51
2023,2023utwv,Week 1,4585,3648,4499,7906,701,8885,90,19
2023,2023utwv,Week 1,8174,4348,3243,7436,8087,3200,52,53
2023,2023utwv,Week 1,192,4944,9138,9044,5851,1332,67,65
2023,2023utwv,Week 1,2993,4598,6844,4593,7895,5071,70,64
2023,2023utwv,Week 1,5933,4068,7634,4550,6358,2240,72,102
2023,2023utwv,Week 1,3374,2972,3405,2122,4175,6400,65,79
2023,2023utwv,Week 1,9037,2996,3245,3288,6411,8,78,77
2023,2023utwv,Week 1,1828,3243,701,4585,7436,192,39,52
2023,2023utwv,Week 1,5071,4499,7906,7895,8087,6844,92,67
2023,2023utwv,Week 1,4068,2993,4348,4598,9138,8885,61,51
2023,2023utwv,Week 1,3200,2240,3374,9044,1569,4550,85,71
2023,2023utwv,Week 1,4944,9037,6411,6358,3405,8,43,67
2023,2023utwv,Week 1,5851,2122,8174,2996,4593,7634,84,77
2023,2023utwv,Week 1,1332,3648,5933,2972,3288,4175,71,65
2023,2023utwv,Week 1,6400,3243,4068,6844,4585,3245,95,35
2023,2023utwv,Week 1,9044,7436,4348,4499,4550,192,24,151
2023,2023utwv,Week 1,701,8,9037,2993,1569,7906,81,55
2023,2023utwv,Week 1,3405,4593,4598,9138,3374,5851,59,69
2023,2023utwv,Week 1,6411,5933,1828,1332,3288,8087,53,56
2023,2023utwv,Week 1,6400,7634,3648,4944,3245,5071,82,55
2023,2023utwv,Week 1,4175,8885,8174,6358,3200,2972,73,50
2023,2023utwv,Week 1,2122,192,7895,2996,2240,4348,99,86
2023,2023utwv,Week 1,9037,9138,1569,7436,4068,4593,70,88
2023,2023utwv,Week 1,8087,701,4550,3243,3405,3288,70,49
2023,2023utwv,Week 1,7634,3245,9044,6844,5933,3374,53,97
2023,2023utwv,Week 1,8,5071,4175,1828,4499,4598,87,114
2023,2023utwv,Week 1,1332,2972,2122,5851,4585,3200,81,52
2023,2023utwv,Week 1,2996,8885,6358,2240,7895,6400,70,105
2023,2023utwv,Week 1,8174,4944,2993,6411,7906,3648,40,64
2023,2023utwv,Week 1,1569,4068,3288,3374,4348,701,105,48
2023,2023utwv,Week 1,9138,5071,8087,3243,7634,4175,47,60
2023,2023utwv,Week 1,4598,9037,4585,6844,1332,4499,30,107
2023,2023utwv,Week 1,8,2972,5851,9044,1828,2240,95,84
2023,2023utwv,Week 1,3405,2996,2122,7436,3648,4944,63,67
2023,2023utwv,Week 1,7906,7895,8174,5933,2993,3245,59,71
2023,2023utwv,Week 1,4593,192,6411,3200,6400,8885,93,69
2023,2023utwv,Week 1,6358,701,1569,4550,5071,4598,44,77
2023,2023utwv,Week 1,2240,4175,9138,9037,3374,3243,108,59
2023,2023utwv,Week 1,8087,4499,7634,4068,2996,2972,105,80
2023,2023utwv,Week 1,1828,4585,7895,3405,7906,9044,71,52
2023,2023utwv,Week 1,8,7436,6844,4944,6400,5933,93,82
2023,2023utwv,Week 1,3648,3288,192,6411,8174,6358,34,53
2023,2023utwv,Week 1,8885,4593,1332,2993,2122,4550,58,128
2023,2023utwv,Week 1,3200,3245,701,4348,5851,9037,38,75
2023,2023utwv,Week 1,4068,4598,3374,2996,1828,7906,104,64
2023,2023utwv,Week 1,6400,9044,4585,8087,1569,4175,70,79
2023,2023utwv,Week 1,5071,6844,2972,2240,8174,192,53,127
2023,2023utwv,Week 1,8,4550,5933,4593,2122,4499,61,112
2023,2023utwv,Week 1,3200,7634,3288,7895,9138,3648,74,70
2023,2023utwv,Week 1,5851,3243,4944,4348,6411,8885,104,68
2023,2023utwv,Week 1,1332,2993,6358,3245,3405,7436,61,49
2023,2023gaalb,Week 1,8815,4730,4701,7538,8100,3344,26,33
2023,2023gaalb,Week 1,4459,3329,7470,1683,4240,3635,20,77
2023,2023gaalb,Week 1,5848,6919,4188,4509,9260,8137,41,30
2023,2023gaalb,Week 1,5828,4112,4459,1683,9086,8100,48,40
2023,2023gaalb,Week 1,3635,8815,4509,4240,7538,9260,54,26
2023,2023gaalb,Week 1,5828,3344,7470,3329,6919,8137,28,66
2023,2023gaalb,Week 1,4701,4730,5848,4188,9086,4112,32,46
2023,2023gaalb,Week 1,8815,8137,4240,1683,7470,8100,12,68
2023,2023gaalb,Week 1,5848,3635,5828,9086,6919,4730,47,60
2023,2023gaalb,Week 1,4459,4509,3344,4701,3329,9260,66,80
2023,2023gaalb,Week 1,7538,4112,1683,8137,4188,9086,52,23
2023,2023gaalb,Week 1,6919,4459,7538,3329,3344,5848,79,45
2023,2023gaalb,Week 1,8815,9260,4112,4730,7470,3635,66,15
2023,2023gaalb,Week 1,5828,4240,4509,4188,4701,8100,50,27
2023,2023gaalb,Week 1,7470,7538,8815,8137,1683,6919,54,113
2023,2023gaalb,Week 1,4240,5848,4701,8100,3635,5828,39,24
2023,2023gaalb,Week 1,9086,4459,3329,4112,4188,9260,26,83
2023,2023gaalb,Week 1,4509,1683,5848,3344,4730,4240,92,33
2023,2023gaalb,Week 1,7470,4701,4188,3635,9260,4459,71,66
2023,2023gaalb,Week 1,7538,8815,4730,5828,4112,6919,13,79
2023,2023gaalb,Week 1,4509,3329,9086,8137,8100,3344,66,93
2023,2023gaalb,Week 1,1683,4240,6919,4730,4459,4188,85,32
2023,2023gaalb,Week 1,8100,5848,4509,4112,3344,7470,63,59
2023,2023gaalb,Week 1,9086,5828,9260,4701,8137,7538,41,48
2023,2023gaalb,Week 1,8100,8815,3329,3635,4188,1683,38,46
2023,2023gaalb,Week 1,6919,4240,4701,4112,8137,4730,86,55
2023,2023gaalb,Week 1,7470,7538,4509,3344,4459,3635,82,63
2023,2023gaalb,Week 1,5848,9260,9086,8815,3329,5828,56,33
2023,2023gaalb,Week 1,6919,4509,4112,4459,4701,1683,109,45
2023,2023gaalb,Week 1,8137,5828,5848,3329,8100,3635,19,48
2023,2023gaalb,Week 1,7470,9086,4240,3344,8815,4188,40,91
2023,2023gaalb,Week 1,5848,7538,4459,9260,4730,8100,49,31
2023,2023gaalb,Week 1,6919,3635,8815,3344,4701,9086,72,51
2023,2023gaalb,Week 1,4188,4509,4240,3329,4112,7538,62,64
2023,2023gaalb,Week 1,9260,7470,8137,4730,5828,1683,46,47
2023,2023gaalb,Week 1,8100,3344,6919,4112,3635,4701,69,51
2023,2023gaalb,Week 1,4188,7470,3329,4509,5828,4730,44,70
2023,2023gaalb,Week 1,9086,5848,8815,4240,8137,4459,33,34
2023,2023gaalb,Week 1,9260,1683,3344,7538,4188,5828,91,80
2023,2023gaalb,Week 1,4459,5848,8815,4701,4509,8137,18,70
2023,2023gaalb,Week 1,4730,1683,3329,3635,9086,7538,71,49
2023,2023gaalb,Week 1,9260,6919,7470,4240,8100,4112,89,43
2023,2023miesc,Week 1,7768,2586,5213,5505,6079,6112,37,75
2023,2023miesc,Week 1,8382,6558,4835,7250,5534,4375,46,63
2023,2023miesc,Week 1,3175,4376,7244,857,5314,6569,54,90
2023,2023miesc,Week 1,9188,5486,573,7713,4391,6077,62,43
2023,2023miesc,Week 1,4827,5714,1596,7782,4988,3602,29,40
2023,2023miesc,Week 1,7154,7826,6088,9249,6345,5706,23,37
2023,2023miesc,Week 1,4376,7250,4392,857,5213,6637,42,77
2023,2023miesc,Week 1,6569,8382,6112,5534,573,3175,45,104
2023,2023miesc,Week 1,5714,4391,4835,7768,6077,5314,74,67
2023,2023miesc,Week 1,6558,7826,5505,6088,1596,7782,50,60
2023,2023miesc,Week 1,9249,5486,2586,4392,4988,7244,40,57
2023,2023miesc,Week 1,6345,4375,7713,6637,7154,4827,50,42
2023,2023miesc,Week 1,5706,3602,5314,6079,9188,7768,37,40
2023,2023miesc,Week 1,6558,6077,6088,6569,5213,7250,43,60
2023,2023miesc,Week 1,5714,857,7826,5486,6112,4835,68,33
2023,2023miesc,Week 1,4375,4392,7782,573,6345,4376,96,38
2023,2023miesc,Week 1,5534,6637,4988,9188,7244,3602,72,54
2023,2023miesc,Week 1,9249,1596,7713,3175,5505,5706,36,101
2023,2023miesc,Week 1,2586,7154,6079,4827,8382,4391,23,79
2023,2023miesc,Week 1,573,7250,7768,6569,7826,4375,61,34
2023,2023miesc,Week 1,5213,4988,6345,6112,5314,9188,34,57
2023,2023miesc,Week 1,6558,9249,6637,5714,7244,5486,85,49
2023,2023miesc,Week 1,6079,7713,5706,6077,4392,5534,37,75
2023,2023miesc,Week 1,5505,7782,8382,3175,4835,1596,43,91
2023,2023miesc,Week 1,6088,4827,2586,7154,857,4376,28,77
2023,2023miesc,Week 1,4391,6558,573,3602,7250,6637,52,62
2023,2023miesc,Week 1,4375,7768,7244,6112,7713,5213,65,38
2023,2023miesc,Week 1,5314,4835,4392,9249,3175,7826,73,75
2023,2023miesc,Week 1,6569,4827,5534,7782,5706,5714,100,58
2023,2023miesc,Week 1,9188,6345,6077,1596,2586,857,33,90
2023,2023miesc,Week 1,6088,3602,4376,8382,6079,4988,38,50
2023,2023miesc,Week 1,4391,5505,5213,7154,5486,4392,62,37
2023,2023miesc,Week 1,7782,3175,4827,7244,4835,573,103,79
2023,2023miesc,Week 1,857,7768,6345,5706,7250,7826,101,33
2023,2023miesc,Week 1,6079,6077,9249,4376,6112,6637,70,56
2023,2023miesc,Week 1,4375,2586,5505,5714,8382,3602,62,46
2023,2023miesc,Week 1,5486,1596,5314,6088,7713,5534,88,47
2023,2023miesc,Week 1,6558,6569,7154,4988,4391,9188,69,50
2023,2023miesc,Week 1,7244,4827,857,7250,7782,9249,67,69
2023,2023miesc,Week 1,6077,3175,3602,5213,7826,6079,80,30
2023,2023miesc,Week 1,6637,5505,5486,2586,5706,4376,83,41
2023,2023miesc,Week 1,573,6569,6088,5314,4375,6558,70,33
2023,2023miesc,Week 1,4392,9188,1596,7768,7154,8382,57,59
2023,2023miesc,Week 1,4835,7713,4988,6345,5714,6112,45,28
2023,2023miesc,Week 1,5213,5534,7782,4391,9249,857,81,104
2023,2023miesc,Week 1,3602,4375,4827,6077,5486,6569,64,73
2023,2023miesc,Week 1,4376,1596,7826,2586,573,8382,36,67
2023,2023miesc,Week 1,4988,5505,7154,5314,6637,7244,93,79
2023,2023miesc,Week 1,6112,5706,4392,4835,9188,7250,66,63
2023,2023miesc,Week 1,5534,5714,7768,6345,6088,4391,49,71
2023,2023miesc,Week 1,6079,6569,3175,7713,6558,2586,53,33
2023,2023miesc,Week 1,7826,8382,6077,5213,7244,7154,56,40
2023,2023miesc,Week 1,5314,573,5505,4988,4827,9249,84,38
2023,2023miesc,Week 1,5706,857,9188,4375,6088,5714,71,41
2023,2023miesc,Week 1,4392,6637,7713,5534,3602,4835,72,36
2023,2023miesc,Week 1,5486,3175,7250,6345,6079,1596,90,49
2023,2023miesc,Week 1,7782,4376,4391,6112,7768,6558,88,75
2023,2023miesc,Week 1,8382,9249,5213,2586,6569,4988,69,72
2023,2023miesc,Week 1,3602,573,7713,5505,6088,857,89,125
2023,2023miesc,Week 1,6077,5714,7250,3175,5314,7154,52,96
2023,2023miesc,Week 1,4835,6345,7782,5486,6558,6079,81,60
2023,2023miesc,Week 1,7826,5534,9188,4827,4376,7768,68,57
2023,2023miesc,Week 1,7244,4391,6112,1596,5706,4375,92,55
2023,2023miesc,Week 1,4392,857,3175,6637,6088,8382,130,68
2023,2023miesc,Week 1,7250,2586,5314,7713,7782,5486,87,73
2023,2023miesc,Week 1,573,6079,5714,4376,5534,5505,53,98
2023,2023miesc,Week 1,7768,4988,5706,4835,6077,4375,42,77
2023,2023miesc,Week 1,4391,6637,6569,7826,7244,6345,110,34
2023,2023miesc,Week 1,7154,6112,9249,1596,3602,6558,59,39
2023,2023miesc,Week 1,9188,5213,5714,4827,4392,573,38,90
2023,2023miesc,Week 1,4988,4376,5486,7713,7768,3175,56,90
2023,2023miesc,Week 1,8382,5314,6345,6637,7782,6077,60,84
2023,2023miesc,Week 1,1596,7154,5534,857,4375,6079,30,108
2023,2023miesc,Week 1,7244,9249,6088,3602,4392,4391,63,101
2023,2023miesc,Week 1,7826,4835,2586,5706,5213,6558,72,58
2023,2023miesc,Week 1,7250,6112,4827,5505,9188,6569,72,99
2023,2023mifor,Week 1,7289,6122,6081,4237,7256,9106,77,20
2023,2023mifor,Week 1,6100,2771,8397,8611,7160,7155,44,27
2023,2023mifor,Week 1,6561,5878,5227,7794,3767,4377,23,73
2023,2023mifor,Week 1,85,7226,5424,5086,6753,2054,66,74
2023,2023mifor,Week 1,7855,3688,7818,7911,1711,3603,33,47
2023,2023mifor,Week 1,1918,6033,3234,5162,6877,7054,56,36
2023,2023mifor,Week 1,3357,7202,7794,7256,8612,4967,72,47
2023,2023mifor,Week 1,3767,6081,2771,7289,7160,6561,75,68
2023,2023mifor,Week 1,3603,3688,6100,4237,5086,5878,82,53
2023,2023mifor,Week 1,5162,8397,85,3234,5227,1711,63,48
2023,2023mifor,Week 1,7155,4967,7226,7855,9106,7911,28,20
2023,2023mifor,Week 1,7202,6122,8612,6877,7818,5424,54,52
2023,2023mifor,Week 1,4377,2054,8611,1918,7054,3357,72,103
2023,2023mifor,Week 1,6753,7794,2771,3688,8397,6033,74,65
2023,2023mifor,Week 1,7911,6561,5086,7160,5162,3234,62,43
2023,2023mifor,Week 1,6122,7256,5227,4967,5878,7855,64,41
2023,2023mifor,Week 1,3603,5424,8612,7155,7289,1918,57,66
2023,2023mifor,Week 1,6033,8611,6877,6753,4377,85,67,94
2023,2023mifor,Week 1,2054,9106,6100,7202,3767,4237,51,75
2023,2023mifor,Week 1,7818,7054,6081,7226,1711,3357,74,78
2023,2023mifor,Week 1,2771,4967,7160,5162,7256,5878,69,30
2023,2023mifor,Week 1,8612,7289,5227,3688,6122,8611,52,45
2023,2023mifor,Week 1,5424,7855,2054,4237,6033,4377,83,69
2023,2023mifor,Week 1,1711,6561,1918,8397,7226,7818,69,53
2023,2023mifor,Week 1,7911,85,7054,6100,3357,3767,74,132
2023,2023mifor,Week 1,9106,7155,6753,7202,3234,3603,45,94
2023,2023mifor,Week 1,6081,5086,8611,7794,6877,5878,77,48
2023,2023mifor,Week 1,4377,1711,4967,5424,2771,1918,84,72
2023,2023mifor,Week 1,7256,6100,7911,2054,7289,6033,29,75
2023,2023mifor,Week 1,3767,3688,5162,8612,7226,3234,73,43
2023,2023mifor,Week 1,7855,7155,3357,7160,6877,5086,95,93
2023,2023mifor,Week 1,4237,6753,7818,7054,7794,9106,53,56
2023,2023mifor,Week 1,85,6081,3603,5227,8397,7202,118,35
2023,2023mifor,Week 1,6100,3234,6122,6561,3688,4377,52,69
2023,2023mifor,Week 1,5424,1711,7256,6877,7155,3767,62,78
2023,2023mifor,Week 1,4967,5162,4237,8611,6753,8612,43,54
2023,2023mifor,Week 1,1918,7202,7226,6081,5227,7855,97,54
2023,2023mifor,Week 1,6122,3603,6033,85,3357,7160,50,119
2023,2023mifor,Week 1,6561,8397,7794,5086,9106,7289,31,78
2023,2023mifor,Week 1,5878,7054,2054,2771,7818,7911,77,50
2023,2023mifor,Week 1,3234,6081,6753,5227,6100,6877,93,59
2023,2023mifor,Week 1,3767,8611,7226,6033,5424,4967,86,98
2023,2023mifor,Week 1,5086,7794,7256,9106,3603,1918,60,75
2023,2023mifor,Week 1,5878,4377,3357,8397,7155,1711,100,28
2023,2023mifor,Week 1,2054,7911,4237,7160,7818,6122,81,87
2023,2023mifor,Week 1,7289,7855,7054,3688,8612,85,63,95
2023,2023mifor,Week 1,5162,6561,6753,2771,7202,7256,59,27
2023,2023mifor,Week 1,4967,3357,6877,8397,5878,3767,118,90
2023,2023mifor,Week 1,7818,1918,5227,8611,4237,3234,72,72
2023,2023mifor,Week 1,7794,6033,7155,1711,2054,85,28,101
2023,2023mifor,Week 1,7289,7226,2771,6561,7855,6100,64,49
2023,2023mifor,Week 1,7054,3603,7160,7202,5424,3688,87,110
2023,2023mifor,Week 1,6081,4377,9106,7911,8612,5162,101,53
2023,2023mifor,Week 1,5086,1918,8397,6122,2054,3767,70,113
2023,2023mifor,Week 1,6877,7855,1711,6100,7794,7289,27,52
2023,2023mifor,Week 1,85,8611,4967,7226,6561,3603,77,78
2023,2023mifor,Week 1,7256,7160,6753,3234,7054,4377,70,94
2023,2023mifor,Week 1,8612,7818,5086,6033,7911,6081,47,81
2023,2023mifor,Week 1,9106,5162,7202,5878,5424,6122,41,62
2023,2023mifor,Week 1,5227,3357,4237,7155,2771,3688,78,92
2023,2023mifor,Week 1,7054,3767,6561,7855,6753,8397,60,47
2023,2023mifor,Week 1,7160,7911,7226,8611,1918,7794,61,64
2023,2023mifor,Week 1,4377,5086,5424,4967,3234,7289,87,110
2023,2023mifor,Week 1,6033,5227,2771,3357,9106,8612,50,85
2023,2023mifor,Week 1,2054,7256,3688,7818,6100,5162,81,52
2023,2023mifor,Week 1,5878,85,7202,1711,4237,6081,92,112
2023,2023mifor,Week 1,4377,3603,7155,6122,6877,6561,69,67
2023,2023mifor,Week 1,7794,3234,7855,3357,2771,8611,64,55
2023,2023mifor,Week 1,8612,7160,6100,5227,4967,9106,80,71
2023,2023mifor,Week 1,3688,5878,7911,6753,6033,7202,64,69
2023,2023mifor,Week 1,3767,7289,5424,7818,85,7155,109,77
2023,2023mifor,Week 1,7054,6122,1711,3603,5086,5162,64,70
2023,2023mifor,Week 1,7226,4237,6877,8397,6081,7256,70,91
2023,2023mifor,Week 1,3234,2054,6561,1918,8612,5878,85,95
2023,2023mifor,Week 1,9106,3767,7818,2771,85,7855,79,96
2023,2023mifor,Week 1,3357,5162,6033,7155,6100,5086,85,66
2023,2023mifor,Week 1,6877,7911,8397,5424,5227,7054,53,100
2023,2023mifor,Week 1,6753,4967,3688,6081,1918,2054,97,133
2023,2023mifor,Week 1,1711,7202,7160,7256,8611,7289,121,62
2023,2023mifor,Week 1,3603,4237,7794,7226,4377,6122,94,71
2023,2023mijac,Week 1,8300,9312,3322,7221,5676,6570,26,58
2023,2023mijac,Week 1,7501,3656,4453,8423,6861,5559,65,38
2023,2023mijac,Week 1,2834,5090,7197,6556,1023,302,61,104
2023,2023mijac,Week 1,9209,7166,4422,5144,9183,4216,100,52
2023,2023mijac,Week 1,2832,7656,8373,8522,7660,5084,58,46
2023,2023mijac,Week 1,4381,1502,5205,8297,9210,5066,65,93
2023,2023mijac,Week 1,3322,7501,2611,2834,8300,6150,87,31
2023,2023mijac,Week 1,7197,3656,7221,9209,6570,5144,89,61
2023,2023mijac,Week 1,5084,302,7166,6556,9312,7656,103,69
2023,2023mijac,Week 1,4422,5559,4381,5090,2832,9183,105,91
2023,2023mijac,Week 1,1023,8373,5205,8522,6861,1502,52,65
2023,2023mijac,Week 1,9210,6150,4216,5676,8423,8297,61,58
2023,2023mijac,Week 1,7660,5066,3322,2611,4453,9209,79,36
2023,2023mijac,Week 1,7501,7166,2834,5084,7656,4381,69,69
2023,2023mijac,Week 1,8300,5205,5090,5144,3656,4422,18,97
2023,2023mijac,Week 1,8522,7221,9183,4216,7197,8423,19,85
2023,2023mijac,Week 1,8297,1023,5559,2611,9312,5066,47,89
2023,2023mijac,Week 1,2832,6150,5676,302,1502,4453,86,88
2023,2023mijac,Week 1,6861,6556,6570,9210,8373,7660,47,44
2023,2023mijac,Week 1,8423,5205,3656,4381,3322,2834,62,100
2023,2023mijac,Week 1,2611,9183,7656,5144,7501,5090,42,30
2023,2023mijac,Week 1,9312,5559,302,7221,1502,6150,104,34
2023,2023mijac,Week 1,8373,5676,4453,9209,2832,7197,55,79
2023,2023mijac,Week 1,8522,6556,5066,8297,8300,4422,66,70
2023,2023mijac,Week 1,7660,4216,7166,5084,9210,6861,88,43
2023,2023mijac,Week 1,1502,6570,7656,1023,9183,8423,50,50
2023,2023mijac,Week 1,8373,9209,9312,5205,3322,5559,52,33
2023,2023mijac,Week 1,4453,2832,8522,7501,4381,5676,79,89
2023,2023mijac,Week 1,9210,5144,2611,7221,5084,6556,86,37
2023,2023mijac,Week 1,7166,7197,8297,6150,5090,3656,69,85
2023,2023mijac,Week 1,2834,6570,1023,4216,4422,302,82,84
2023,2023mijac,Week 1,6861,7660,9183,5066,8300,2832,85,97
2023,2023mijac,Week 1,6556,2611,4381,4453,7221,5205,103,56
2023,2023mijac,Week 1,6150,8522,9209,7166,7656,9210,42,43
2023,2023mijac,Week 1,4422,5084,2834,5676,5559,1502,99,52
2023,2023mijac,Week 1,1023,7197,5066,8423,5144,8300,85,64
2023,2023mijac,Week 1,7660,3656,302,6570,9312,8297,114,66
2023,2023mijac,Week 1,5090,3322,4216,7501,8373,6861,71,54
2023,2023mijac,Week 1,5676,5205,6556,5559,7166,9183,50,32
2023,2023mijac,Week 1,4381,8423,9210,1023,9209,8300,89,57
2023,2023mijac,Week 1,5144,2834,7221,7660,8297,2832,55,91
2023,2023mijac,Week 1,9312,5084,7501,5066,1502,5090,59,46
2023,2023mijac,Week 1,8373,4422,6570,7656,4453,6150,67,55
2023,2023mijac,Week 1,4216,6861,3656,2611,8522,7197,118,79
2023,2023mijac,Week 1,3322,9209,8423,302,5205,2832,83,87
2023,2023mijac,Week 1,1502,8297,5144,5559,8300,7501,81,39
2023,2023mijac,Week 1,4453,7660,6570,5090,7166,1023,70,111
2023,2023mijac,Week 1,9210,4422,9312,6861,7656,2834,63,79
2023,2023mijac,Week 1,9183,5066,5676,3656,8373,6556,116,65
2023,2023mijac,Week 1,302,4381,8522,7197,3322,5084,114,72
2023,2023mijac,Week 1,6150,2611,7166,4216,7221,1023,65,70
2023,2023mijac,Week 1,5090,6861,8297,9209,2834,9210,80,58
2023,2023mijac,Week 1,9312,8423,7660,9183,7501,4422,70,87
2023,2023mijac,Week 1,6570,5559,5084,5205,8522,5144,55,61
2023,2023mijac,Week 1,7656,5066,7221,3656,5676,2611,40,116
2023,2023mijac,Week 1,8300,302,8373,4453,4381,4216,91,97
2023,2023mijac,Week 1,3322,2832,1502,7197,6150,6556,88,75
2023,2023mijac,Week 1,9312,5144,6861,2834,8522,8423,90,79
2023,2023mijac,Week 1,4422,5090,5676,5205,8297,2611,122,72
2023,2023mijac,Week 1,302,9210,7221,7166,5066,8373,94,94
2023,2023mijac,Week 1,4381,7197,8300,5559,7660,7656,73,48
2023,2023mijac,Week 1,9183,4453,5084,6150,1023,3322,59,71
2023,2023mijac,Week 1,6556,4216,7501,3656,9209,1502,67,94
2023,2023mijac,Week 1,2832,7221,6861,6570,5090,8522,97,74
2023,2023mijac,Week 1,7656,5676,7197,5205,2834,7660,81,66
2023,2023mijac,Week 1,5084,6150,5144,8297,4381,8373,65,94
2023,2023mijac,Week 1,9183,6556,9209,8423,302,7501,39,112
2023,2023mijac,Week 1,1502,2611,8300,7166,4453,9312,66,95
2023,2023mijac,Week 1,4422,1023,2832,3322,9210,3656,134,91
2023,2023mijac,Week 1,5559,4216,8522,5066,6570,4381,56,117
2023,2023mijac,Week 1,6861,302,6150,5676,5144,7660,110,88
2023,2023mijac,Week 1,1502,8423,7166,8373,2611,5090,51,58
2023,2023mijac,Week 1,3656,5084,1023,8300,6556,4453,101,48
2023,2023mijac,Week 1,7656,8297,3322,2832,4216,9312,37,88
2023,2023mijac,Week 1,7221,7501,9209,7197,4422,5205,93,97
2023,2023mijac,Week 1,5066,2834,5559,6570,9183,9210,64,62
2023,2023miket,Week 1,9251,5193,5697,5436,6610,4994,12,79
2023,2023miket,Week 1,5282,6091,1701,7247,8728,70,37,51
2023,2023miket,Week 1,9207,7790,5527,5260,6067,8767,7,47
2023,2023miket,Week 1,5660,6631,1506,322,8385,3668,109,64
2023,2023miket,Week 1,5538,6102,5460,4130,6073,7491,63,68
2023,2023miket,Week 1,8193,9242,245,7784,4998,894,34,23
2023,2023miket,Week 1,6091,33,2145,7790,5641,5697,67,61
2023,2023miket,Week 1,5436,5260,1701,70,5660,5193,43,70
2023,2023miket,Week 1,5527,322,4130,8728,9251,5282,50,18
2023,2023miket,Week 1,5538,8385,6073,9242,9207,894,24,47
2023,2023miket,Week 1,8767,33,5641,7784,7247,8193,95,12
2023,2023miket,Week 1,1506,4998,3668,4994,245,6102,96,51
2023,2023miket,Week 1,5460,6610,6631,7491,2145,6067,96,47
2023,2023miket,Week 1,6073,9242,7790,5660,5282,5436,31,98
2023,2023miket,Week 1,5641,70,9251,5527,5538,33,80,63
2023,2023miket,Week 1,9207,322,8193,1506,6091,5193,62,58
2023,2023miket,Week 1,894,7491,5697,4998,8767,8728,36,57
2023,2023miket,Week 1,3668,2145,245,6067,7247,4130,84,65
2023,2023miket,Week 1,4994,8385,7784,1701,6102,6631,41,55
2023,2023miket,Week 1,6091,5460,5260,6610,9242,1506,78,89
2023,2023miket,Week 1,7491,5436,9207,894,5641,8193,90,45
2023,2023miket,Week 1,6067,6073,70,7790,322,8767,65,46
2023,2023miket,Week 1,7247,9251,4998,6631,2145,8385,28,43
2023,2023miket,Week 1,5260,5660,4994,33,5460,4130,67,96
2023,2023miket,Week 1,3668,5697,5282,6610,1701,7784,64,62
2023,2023miket,Week 1,245,5193,5538,6102,5527,8728,63,25
2023,2023miket,Week 1,2145,1506,7790,9251,8767,5436,149,40
2023,2023miket,Week 1,6631,4998,33,8193,6073,5260,80,48
2023,2023miket,Week 1,894,5282,322,1701,7247,5460,57,83
2023,2023miket,Week 1,5538,6067,8728,8385,6610,5697,77,25
2023,2023miket,Week 1,4994,4130,5193,6091,9242,5641,77,59
2023,2023miket,Week 1,5660,7784,9207,70,7491,6102,62,76
2023,2023miket,Week 1,245,894,33,5527,3668,6631,69,56
2023,2023miket,Week 1,7247,1506,6073,8385,5260,8728,101,38
2023,2023miket,Week 1,9242,5538,322,5697,2145,1701,53,49
2023,2023miket,Week 1,5641,4994,7491,6102,5282,7790,80,80
2023,2023miket,Week 1,9207,5193,8767,6610,4130,4998,33,75
2023,2023miket,Week 1,70,5436,7784,6067,245,5460,88,101
2023,2023miket,Week 1,3668,6091,8193,5527,9251,5660,84,84
2023,2023miket,Week 1,6631,4994,9242,2145,8728,6073,45,31
2023,2023miket,Week 1,5538,1506,1701,5641,9207,7247,141,39
2023,2023miket,Week 1,322,7491,6610,894,7790,5260,77,68
2023,2023miket,Week 1,8767,5697,6091,245,7784,9251,62,74
2023,2023miket,Week 1,6067,33,5660,5282,5193,4998,106,66
2023,2023miket,Week 1,6102,8193,5436,5460,8385,5527,63,77
2023,2023miket,Week 1,4130,5260,5641,70,3668,894,68,118
2023,2023miket,Week 1,2145,5538,6610,7784,6091,6073,59,39
2023,2023miket,Week 1,9242,8728,33,1506,4994,8767,56,91
2023,2023miket,Week 1,7491,7247,5527,5660,5697,6102,31,71
2023,2023miket,Week 1,1701,7790,3668,5460,4998,5436,117,155
2023,2023miket,Week 1,322,6631,9251,9207,4130,245,22,119
2023,2023miket,Week 1,5193,8193,6067,5282,70,8385,71,90
2023,2023miket,Week 1,6610,8728,894,9242,5660,2145,32,70
2023,2023miket,Week 1,5460,5641,1506,4998,5697,5538,121,74
2023,2023miket,Week 1,4130,7784,6102,6073,33,322,64,85
2023,2023miket,Week 1,245,5527,70,1701,4994,9207,113,77
2023,2023miket,Week 1,8767,5282,7247,5193,5436,6631,54,52
2023,2023miket,Week 1,8385,9251,6091,7491,3668,5260,35,104
2023,2023miket,Week 1,7790,6067,6610,1506,8193,4130,81,124
2023,2023miket,Week 1,322,70,2145,8728,5660,5641,84,77
2023,2023miket,Week 1,5697,5527,7784,6073,9207,4998,86,52
2023,2023miket,Week 1,33,5260,5282,8385,245,7491,67,61
2023,2023miket,Week 1,5436,894,6067,4994,5538,6091,79,52
2023,2023miket,Week 1,6102,8767,3668,8193,1701,9251,85,31
2023,2023miket,Week 1,7247,6631,7790,5193,5460,9242,53,72
2023,2023miket,Week 1,5282,7784,2145,5260,5527,1506,17,60
2023,2023miket,Week 1,8728,5436,245,33,9207,6610,53,114
2023,2023miket,Week 1,5641,1701,8385,6091,322,6067,73,43
2023,2023miket,Week 1,3668,4130,5660,6631,8767,5538,76,40
2023,2023miket,Week 1,8193,7491,5460,5697,70,9242,102,80
2023,2023miket,Week 1,9251,6073,4994,5193,894,7247,69,79
2023,2023miket,Week 1,4998,6102,8385,7790,245,6091,38,85
2023,2023miket,Week 1,8767,6610,5527,5436,5641,322,39,85
2023,2023miket,Week 1,5697,5460,9207,4130,6631,5282,103,67
2023,2023miket,Week 1,6073,1701,5660,9251,1506,7491,77,85
2023,2023miket,Week 1,2145,894,4994,33,8193,70,40,119
2023,2023miket,Week 1,8728,7790,5193,7784,3668,5538,77,86
2023,2023miket,Week 1,4998,6067,9242,5260,6102,7247,86,34
2023,2023mimil,Week 1,66,308,5531,6591,4362,5561,17,77
2023,2023mimil,Week 1,5065,548,8314,3538,6344,6029,39,96
2023,2023mimil,Week 1,5053,1025,6538,4680,7224,7178,46,37
2023,2023mimil,Week 1,503,7553,9204,9239,3707,7225,64,41
2023,2023mimil,Week 1,67,2224,7598,4737,7056,8519,83,68
2023,2023mimil,Week 1,5167,5695,8899,6618,3414,6120,30,81
2023,2023mimil,Week 1,27,5065,6538,308,6528,6591,29,38
2023,2023mimil,Week 1,5053,5561,7224,503,3538,4680,67,63
2023,2023mimil,Week 1,4362,9239,2224,6344,7178,67,61,88
2023,2023mimil,Week 1,7056,5531,6120,3707,7553,8899,48,51
2023,2023mimil,Week 1,6618,8519,7225,5695,27,1025,53,88
2023,2023mimil,Week 1,6029,7598,3414,9204,6528,66,66,30
2023,2023mimil,Week 1,5167,548,6344,4737,8314,4680,76,27
2023,2023mimil,Week 1,7224,503,6538,67,7056,8899,57,115
2023,2023mimil,Week 1,3538,7553,1025,308,3707,5695,107,45
2023,2023mimil,Week 1,6528,7225,2224,6618,5531,7598,26,63
2023,2023mimil,Week 1,27,66,6029,9204,5053,4362,80,93
2023,2023mimil,Week 1,4737,7178,9239,6591,548,3414,34,43
2023,2023mimil,Week 1,8519,8314,5561,5065,6120,5167,40,45
2023,2023mimil,Week 1,3707,7224,6618,308,7225,6344,50,93
2023,2023mimil,Week 1,3538,67,66,4680,6528,5695,128,21
2023,2023mimil,Week 1,7598,4737,27,7553,6029,7178,80,57
2023,2023mimil,Week 1,2224,6538,7056,3414,1025,4362,58,106
2023,2023mimil,Week 1,8899,8519,5531,548,9239,5561,33,69
2023,2023mimil,Week 1,503,6591,5053,9204,5167,8314,82,52
2023,2023mimil,Week 1,5065,4737,7224,7598,3538,6120,29,96
2023,2023mimil,Week 1,4362,6029,308,1025,6618,2224,99,61
2023,2023mimil,Week 1,3414,6344,6528,5561,7553,7225,79,61
2023,2023mimil,Week 1,5531,9204,3707,27,5167,8519,43,111
2023,2023mimil,Week 1,9239,8899,503,6538,4680,6591,62,21
2023,2023mimil,Week 1,5695,6120,8314,7178,5065,7056,54,56
2023,2023mimil,Week 1,548,67,7224,66,5053,3414,106,63
2023,2023mimil,Week 1,6029,7225,9204,6528,5167,1025,64,102
2023,2023mimil,Week 1,8899,4362,4680,7598,5561,308,83,96
2023,2023mimil,Week 1,5695,5065,7553,2224,5531,503,28,55
2023,2023mimil,Week 1,6538,3707,7178,548,8519,66,73,72
2023,2023mimil,Week 1,6120,4737,6591,67,27,8314,25,118
2023,2023mimil,Week 1,5053,7056,3538,9239,6344,6618,122,69
2023,2023mimil,Week 1,5531,4680,3414,6029,503,5065,63,66
2023,2023mimil,Week 1,2224,5561,5167,7225,7598,548,50,102
2023,2023mimil,Week 1,6120,66,7553,1025,308,67,51,84
2023,2023mimil,Week 1,7178,5695,6618,7224,9204,9239,61,46
2023,2023mimil,Week 1,6528,8899,3538,8519,3707,5053,95,78
2023,2023mimil,Week 1,6344,4737,4362,27,6591,7056,107,71
2023,2023mimil,Week 1,7225,8314,5531,6120,6538,67,31,63
2023,2023mimil,Week 1,9204,7598,5065,1025,66,9239,32,72
2023,2023mimil,Week 1,7553,5053,6528,7178,8899,548,29,87
2023,2023mimil,Week 1,3707,4680,2224,6591,7224,5695,53,56
2023,2023mimil,Week 1,6029,8314,6618,5561,503,7056,41,108
2023,2023mimil,Week 1,3414,308,4737,6344,8519,6538,107,73
2023,2023mimil,Week 1,4362,27,6528,5167,3538,9239,86,95
2023,2023mimil,Week 1,1025,7178,7225,67,5053,5065,96,102
2023,2023mimil,Week 1,5561,6120,4680,2224,9204,548,59,117
2023,2023mimil,Week 1,8899,308,7224,5531,6029,4737,85,39
2023,2023mimil,Week 1,8314,6538,7598,3707,6344,27,41,65
2023,2023mimil,Week 1,6618,3538,6591,7056,3414,7553,108,100
2023,2023mimil,Week 1,4362,66,5167,8519,5695,503,95,70
2023,2023mimil,Week 1,308,9239,5053,5065,5531,1025,58,72
2023,2023mimil,Week 1,4680,67,9204,8899,7225,4737,98,58
2023,2023mimil,Week 1,6591,6029,3707,6538,5561,3538,57,125
2023,2023mimil,Week 1,7224,3414,8519,8314,4362,7553,67,86
2023,2023mimil,Week 1,6120,6528,548,7056,5695,7598,69,45
2023,2023mimil,Week 1,66,2224,6344,503,6618,27,66,84
2023,2023mimil,Week 1,7178,9204,3538,5531,6538,5167,133,45
2023,2023mimil,Week 1,8314,6591,8899,7225,4362,67,41,148
2023,2023mimil,Week 1,7553,7598,8519,5053,4680,6029,67,47
2023,2023mimil,Week 1,3414,5065,3707,7224,2224,27,71,81
2023,2023mimil,Week 1,548,1025,503,6528,6618,4737,99,51
2023,2023mimil,Week 1,7056,5167,308,66,7178,5561,102,77
2023,2023mimil,Week 1,5695,9239,6029,6344,6120,5053,56,71
2023,2023mimil,Week 1,8519,6591,9204,7553,7224,5531,45,45
2023,2023mimil,Week 1,4737,67,3707,4680,6618,5065,85,33
2023,2023mimil,Week 1,5167,503,7178,7598,8899,66,81,63
2023,2023mimil,Week 1,9239,7056,6528,8314,2224,308,48,87
2023,2023mimil,Week 1,7225,27,6120,3538,548,4362,102,130
2023,2023mimil,Week 1,5561,1025,6344,6538,3414,5695,118,47
2023,2023nhgrs,Week 1,5902,663,7913,1831,4761,1058,35,48
2023,2023nhgrs,Week 1,1307,8023,501,6690,2876,1277,54,30
2023,2023nhgrs,Week 1,3467,4925,467,1073,8708,6161,115,59
2023,2023nhgrs,Week 1,238,5491,151,3597,3566,811,44,24
2023,2023nhgrs,Week 1,1247,95,5687,1512,6762,6933,91,29
2023,2023nhgrs,Week 1,4564,7314,3451,8724,6763,4041,72,98
2023,2023nhgrs,Week 1,501,1922,8708,1831,138,131,47,55
2023,2023nhgrs,Week 1,2876,4761,8023,811,238,1073,48,68
2023,2023nhgrs,Week 1,663,1058,4925,3467,5491,6690,53,62
2023,2023nhgrs,Week 1,3451,151,7913,1307,6933,4564,26,59
2023,2023nhgrs,Week 1,1277,5687,6161,7314,3597,6762,65,17
2023,2023nhgrs,Week 1,138,1512,6763,5902,95,467,83,89
2023,2023nhgrs,Week 1,3566,8724,131,1922,1247,4041,45,53
2023,2023nhgrs,Week 1,8708,4761,3467,1058,8023,5491,88,83
2023,2023nhgrs,Week 1,6933,5687,3597,4564,811,2876,104,93
2023,2023nhgrs,Week 1,6161,238,4925,1512,3451,501,60,77
2023,2023nhgrs,Week 1,6763,663,7314,138,1247,5902,76,61
2023,2023nhgrs,Week 1,6762,1831,1073,467,4041,1307,51,83
2023,2023nhgrs,Week 1,131,1922,151,8724,7913,1277,44,66
2023,2023nhgrs,Week 1,3566,3451,4761,95,6690,1512,39,64
2023,2023nhgrs,Week 1,4564,8708,1247,3597,2876,663,64,41
2023,2023nhgrs,Week 1,4925,5687,8023,238,1307,1058,75,79
2023,2023nhgrs,Week 1,6161,131,6763,7314,5902,8724,39,70
2023,2023nhgrs,Week 1,4041,95,5491,151,1073,6690,87,54
2023,2023nhgrs,Week 1,467,501,6762,1922,811,7913,53,68
2023,2023nhgrs,Week 1,138,6933,3467,3566,1831,1277,120,46
2023,2023nhgrs,Week 1,8023,3597,1512,3451,1307,8724,68,67
2023,2023nhgrs,Week 1,2876,131,238,4761,151,663,78,59
2023,2023nhgrs,Week 1,7913,1058,8708,7314,6161,95,62,86
2023,2023nhgrs,Week 1,811,1831,6763,1247,4925,1277,50,38
2023,2023nhgrs,Week 1,5902,6690,4564,5491,467,1922,76,51
2023,2023nhgrs,Week 1,3566,6762,3467,5687,501,138,93,93
2023,2023nhgrs,Week 1,1073,663,4041,6933,6161,8724,69,86
2023,2023nhgrs,Week 1,8708,95,3451,1831,8023,151,90,44
2023,2023nhgrs,Week 1,1247,6763,238,7913,467,4761,83,64
2023,2023nhgrs,Week 1,1922,1277,3597,6690,1307,4925,67,16
2023,2023nhgrs,Week 1,6762,811,138,3467,1058,4041,70,106
2023,2023nhgrs,Week 1,4564,1512,5491,131,7314,501,81,60
2023,2023nhgrs,Week 1,1073,6933,2876,5687,3566,5902,83,77
2023,2023nhgrs,Week 1,6161,7913,1831,3597,4761,6690,63,50
2023,2023nhgrs,Week 1,4925,151,95,663,6762,8724,74,61
2023,2023nhgrs,Week 1,1512,811,1058,1277,131,4564,83,104
2023,2023nhgrs,Week 1,1073,138,1922,238,7314,5687,112,78
2023,2023nhgrs,Week 1,1247,3467,2876,6933,5491,3451,96,41
2023,2023nhgrs,Week 1,8023,467,6763,501,4041,3566,67,78
2023,2023nhgrs,Week 1,1307,5902,811,8724,8708,3597,35,94
2023,2023nhgrs,Week 1,663,238,6690,5687,1512,7913,70,105
2023,2023nhgrs,Week 1,4761,1073,7314,1922,4564,3467,71,136
2023,2023nhgrs,Week 1,131,1058,467,501,4925,6933,79,61
2023,2023nhgrs,Week 1,5491,5902,1831,8023,3451,6762,26,57
2023,2023nhgrs,Week 1,138,3566,1307,151,6161,1247,69,62
2023,2023nhgrs,Week 1,8708,4041,2876,6763,1277,95,85,66
2023,2023nhgrs,Week 1,7913,3597,131,3467,1073,1512,1073,1512
2023,2023nhgrs,Week 1,5491,8724,4925,1831,4564,5687,4564,5687
2023,2023nhgrs,Week 1,6161,1922,1307,663,8023,811,8023,811
2023,2023nhgrs,Week 1,4761,4041,138,2876,3451,467,3451,467
2023,2023nhgrs,Week 1,6690,3566,7314,6762,1247,1058,1247,1058
2023,2023nhgrs,Week 1,5902,1277,6933,95,501,238,501,238
2023,2023nhgrs,Week 1,151,8708,811,6763,1073,3597,1073,3597
2023,2023nhgrs,Week 1,5687,5491,663,467,138,6161,138,6161
2023,2023nhgrs,Week 1,4041,7913,7314,4925,2876,3566,2876,3566
2023,2023nhgrs,Week 1,1277,3467,8023,131,5902,3451,5902,3451
2023,2023nhgrs,Week 1,1058,151,501,4761,1512,1922,1512,1922
2023,2023nhgrs,Week 1,95,1307,1831,6762,6763,4564,6763,4564
2023,2023nhgrs,Week 1,6690,8724,1247,6933,238,8708,238,8708
2023,2023nhgrs,Week 1,3451,3597,138,4925,7913,1073,7913,1073
2023,2023nhgrs,Week 1,501,3467,5902,4041,5687,151,5687,151
2023,2023nhgrs,Week 1,1307,1277,6762,5491,131,4761,131,4761
2023,2023nhgrs,Week 1,238,4564,3566,8708,1831,663,1831,663
2023,2023nhgrs,Week 1,7314,1247,6933,95,1922,8023,1922,8023
2023,2023nhgrs,Week 1,8724,467,1512,1058,2876,6161,2876,6161
2023,2023nhgrs,Week 1,6763,6690,5687,811,3467,131,3467,131
2023,2023nhgrs,Week 1,4041,6762,5902,7913,138,238,138,238
2023,2023nhgrs,Week 1,1277,501,1073,3451,663,1247,663,1247
2023,2023nhgrs,Week 1,3597,4564,95,8023,6161,3566,6161,3566
2023,2023nhgrs,Week 1,1058,8724,1922,2876,6763,5491,6763,5491
2023,2023nhgrs,Week 1,467,6690,1831,151,7314,1307,7314,1307
2023,2023nhgrs,Week 1,811,6933,4761,1512,4925,8708,4925,8708
2023,2023txwac,Week 1,3029,624,4328,1164,5866,3545,36,25
2023,2023txwac,Week 1,3847,7088,6672,2848,6180,9289,128,28
2023,2023txwac,Week 1,2881,7119,8556,1477,4610,9054,46,109
2023,2023txwac,Week 1,7125,2789,3035,3676,7091,8088,42,19
2023,2023txwac,Week 1,5052,5503,4717,6800,9311,8408,36,57
2023,2023txwac,Week 1,3735,3743,2714,4734,8769,6377,34,42
2023,2023txwac,Week 1,2158,2950,9128,7540,4295,9054,83,45
2023,2023txwac,Week 1,3029,4610,7119,3545,3847,7091,22,60
2023,2023txwac,Week 1,8088,5052,2848,4328,2789,9311,51,12
2023,2023txwac,Week 1,7088,1164,6180,3735,8408,8769,38,13
2023,2023txwac,Week 1,6377,7125,2950,9289,5503,6800,49,64
2023,2023txwac,Week 1,2158,4717,7540,4734,8556,624,68,69
2023,2023txwac,Week 1,3743,4295,1477,2881,3035,2714,65,95
2023,2023txwac,Week 1,9128,5866,7119,3676,3735,6672,18,59
2023,2023txwac,Week 1,6800,3545,5052,4610,9289,1164,82,41
2023,2023txwac,Week 1,6377,624,4717,2789,7540,8088,81,68
2023,2023txwac,Week 1,5503,3743,4734,3029,8556,1477,34,82
2023,2023txwac,Week 1,9054,9128,2881,2848,7088,7125,81,13
2023,2023txwac,Week 1,5866,7091,3035,2158,2714,6180,57,73
2023,2023txwac,Week 1,3676,8408,4328,3847,2950,9311,24,75
2023,2023txwac,Week 1,6377,6672,4295,7540,8769,6800,88,84
2023,2023txwac,Week 1,624,3735,8088,2881,3029,4734,85,65
2023,2023txwac,Week 1,7091,2158,2789,1477,9128,7088,18,92
2023,2023txwac,Week 1,6180,3743,8556,2950,3676,2848,45,27
2023,2023txwac,Week 1,4328,9289,3545,4717,3035,8408,31,26
2023,2023txwac,Week 1,8769,2714,7119,5052,9311,7125,62,21
2023,2023txwac,Week 1,6672,1164,9054,4295,5503,3847,89,55
2023,2023txwac,Week 1,4610,624,2950,5866,2848,1477,65,62
2023,2023txwac,Week 1,6800,4734,7091,8408,7540,7088,80,55
2023,2023txwac,Week 1,7125,8769,2881,3035,3029,2158,54,72
2023,2023txwac,Week 1,6180,4295,3545,9054,4717,3735,30,30
2023,2023txwac,Week 1,8556,1164,4328,3743,8088,9128,49,71
2023,2023txwac,Week 1,6672,2789,9289,9311,2714,4610,71,78
2023,2023txwac,Week 1,3847,7119,5052,5866,6377,5503,34,82
2023,2023txwac,Week 1,3676,7540,7125,4295,2848,2881,51,79
2023,2023txwac,Week 1,3035,9128,3735,8556,6800,2950,70,54
2023,2023txwac,Week 1,7091,2714,9289,6672,4328,2158,69,77
2023,2023txwac,Week 1,8088,8408,3847,624,7119,3743,64,50
2023,2023txwac,Week 1,3029,9054,7088,5052,4734,2789,37,33
2023,2023txwac,Week 1,1477,8769,1164,4717,5866,3676,98,51
2023,2023txwac,Week 1,5503,6180,9311,6377,4610,3545,53,81
2023,2023txwac,Week 1,7119,3735,6800,7091,2881,6672,87,65
2023,2023txwac,Week 1,2950,8088,3029,2714,7088,4295,33,77
2023,2023txwac,Week 1,9289,5052,3676,7540,1477,624,34,106
2023,2023txwac,Week 1,3743,8408,6377,5866,2158,7125,73,47
2023,2023txwac,Week 1,9128,2789,5503,4328,4717,6180,90,49
2023,2023txwac,Week 1,8556,4610,3847,9054,9311,8769,99,36
2023,2023txwac,Week 1,1164,3035,2848,7119,3545,4734,61,58
2023,2023txwac,Week 1,6672,7125,3743,7088,2158,5052,61,41
2023,2023txwac,Week 1,8088,6180,5866,2881,1477,9289,54,89
2023,2023txwac,Week 1,2714,9054,5503,624,6800,3676,75,106
2023,2023txwac,Week 1,4734,3735,7540,4295,4328,8769,40,23
2023,2023txwac,Week 1,8408,2848,4610,4717,3029,2789,66,38
2023,2023txwac,Week 1,3035,3847,6377,3545,9128,8556,102,66
2023,2023txwac,Week 1,7091,1477,9311,1164,2950,3743,84,29
2023,2023txwac,Week 1,2158,9289,4295,7119,5503,3676,47,56
2023,2023txwac,Week 1,8088,7125,4610,3735,5052,6180,81,43
2023,2023txwac,Week 1,2848,3029,2714,8556,6672,7540,82,99
2023,2023txwac,Week 1,9311,2881,4717,8408,2950,7091,78,28
2023,2023txwac,Week 1,9054,4734,5866,9128,6377,4328,40,102
2023,2023txwac,Week 1,7088,6800,3035,624,1164,3847,99,89
2023,2023txwac,Week 1,8769,3545,2158,3743,2848,2789,81,52
2023,2023txwac,Week 1,8408,5052,8556,4610,7091,4295,40,33
2023,2023txwac,Week 1,2950,4717,4734,7125,9054,7119,71,43
2023,2023txwac,Week 1,6800,4328,1477,6180,6672,624,124,115
2023,2023txwac,Week 1,7088,9311,5866,5503,7540,3035,51,78
2023,2023txwac,Week 1,8769,3676,9128,9289,6377,3029,48,80
2023,2023txwac,Week 1,2789,3847,2714,3735,2881,1164,58,74
2023,2023txwac,Week 1,1477,8088,6672,3545,7125,8408,150,27
2023,2023txwac,Week 1,7119,4328,7540,4610,7088,3743,46,39
2023,2023txwac,Week 1,9311,9289,624,4295,4734,9128,63,90
2023,2023txwac,Week 1,2848,8556,2158,1164,6800,3029,83,79
2023,2023txwac,Week 1,6180,9054,7091,8769,8088,5503,57,35
2023,2023txwac,Week 1,2789,6377,3735,2950,3035,5052,75,31
2023,2023txwac,Week 1,3847,3676,2881,2714,3545,4717,95,66
2023,2023txwac,Week 1,7125,4295,6800,4328,3743,5866,92,43
2023,2023txwac,Week 1,7540,6180,3029,9311,7119,1164,54,41
2023,2023txwac,Week 1,3035,6672,4610,4734,2158,8088,101,94
2023,2023txwac,Week 1,3545,2881,2950,5052,624,8769,50,60
2023,2023txwac,Week 1,5503,1477,3735,9128,3847,2848,91,107
2023,2023txwac,Week 1,9289,5866,8408,2789,8556,9054,41,51
2023,2023txwac,Week 1,4717,7091,7088,2714,3676,6377,45,98
2023,2023orore,Week 1,5920,3712,3674,955,997,2521,55,106
2023,2023orore,Week 1,2915,7034,6845,4060,1359,2550,41,38
2023,2023orore,Week 1,1595,847,5970,6443,4662,360,9,94
2023,2023orore,Week 1,5295,6831,2811,4061,5468,1432,92,43
2023,2023orore,Week 1,6696,3218,4104,4488,2926,3711,46,70
2023,2023orore,Week 1,847,2733,4513,5970,1540,4127,28,61
2023,2023orore,Week 1,2550,360,7034,6443,5920,1432,81,72
2023,2023orore,Week 1,4061,3674,5295,6845,1359,3218,52,66
2023,2023orore,Week 1,2521,4104,1540,6831,3712,4127,69,92
2023,2023orore,Week 1,1595,5468,955,2915,2926,4513,81,50
2023,2023orore,Week 1,6696,4488,4662,997,2811,4060,37,75
2023,2023orore,Week 1,1540,1432,2733,3711,3218,7034,48,112
2023,2023orore,Week 1,2926,2521,5920,3674,2550,4513,87,51
2023,2023orore,Week 1,3712,4662,4104,5295,6845,4060,31,64
2023,2023orore,Week 1,6696,955,5970,2733,4127,2811,71,60
2023,2023orore,Week 1,1359,1595,2915,360,847,6831,46,74
2023,2023orore,Week 1,5468,997,3711,6443,4061,4488,58,71
2023,2023orore,Week 1,1540,6696,5295,2521,4060,3674,39,92
2023,2023orore,Week 1,4513,955,360,2811,847,2550,109,65
2023,2023orore,Week 1,5468,6831,5920,6443,4104,2926,60,76
2023,2023orore,Week 1,3711,1595,1432,5970,3712,6845,77,39
2023,2023orore,Week 1,7034,4488,1359,997,4127,3218,41,63
2023,2023orore,Week 1,2915,6443,2733,1540,4662,4061,48,93
2023,2023orore,Week 1,4513,5920,5295,1595,6831,6696,61,73
2023,2023orore,Week 1,1432,2550,4127,3218,5468,2811,45,79
2023,2023orore,Week 1,3712,4488,2915,847,2926,7034,43,51
2023,2023orore,Week 1,955,3711,4060,2733,1359,2521,113,90
2023,2023orore,Week 1,5970,360,997,6845,4104,3674,78,69
2023,2023orore,Week 1,4061,3218,1595,4513,4662,7034,66,77
2023,2023orore,Week 1,1432,2926,955,1359,1540,3712,99,70
2023,2023orore,Week 1,847,4488,4060,5920,5970,2733,37,66
2023,2023orore,Week 1,5468,2521,6443,4662,5295,997,100,48
2023,2023orore,Week 1,6831,2550,2915,4104,2811,3711,50,81
2023,2023orore,Week 1,6845,4061,4127,3674,6696,360,67,58
2023,2023orore,Week 1,4662,1432,1359,1595,2733,4488,59,21
2023,2023orore,Week 1,4104,5295,5970,997,2550,1540,62,82
2023,2023orore,Week 1,5920,3711,847,5468,2915,3674,63,81
2023,2023orore,Week 1,3218,4513,6831,4127,955,6443,79,92
2023,2023orore,Week 1,2926,6845,360,7034,2521,6696,60,87
2023,2023orore,Week 1,3712,4060,5468,1359,4061,2811,51,45
2023,2023orore,Week 1,4488,3674,1540,2550,1595,4104,126,27
2023,2023orore,Week 1,6845,5920,997,955,3218,847,64,120
2023,2023orore,Week 1,2926,2811,4662,3711,5295,2915,82,92
2023,2023orore,Week 1,7034,4061,6831,360,2733,3712,79,29
2023,2023orore,Week 1,4060,5970,6443,4513,1432,6696,54,63
2023,2023orore,Week 1,2521,2811,4488,4127,3674,1595,66,83
2023,2023orore,Week 1,2550,5295,2926,955,7034,3712,59,58
2023,2023orore,Week 1,2915,847,1540,5920,6696,4061,64,55
2023,2023orore,Week 1,997,6443,1359,4127,4513,3711,58,87
2023,2023orore,Week 1,4104,2733,5468,1432,6845,2521,36,95
2023,2023orore,Week 1,4060,360,3218,6831,5970,4662,86,63
2023,2023orore,Week 1,3711,6696,2550,3712,1595,4513,45,56
2023,2023orore,Week 1,3674,7034,2733,5295,5468,847,93,37
2023,2023orore,Week 1,1359,4127,2926,2811,6443,6845,45,87
2023,2023orore,Week 1,3218,5970,4488,4061,2915,2521,98,100
2023,2023orore,Week 1,1432,6831,997,4060,1540,5920,53,83
2023,2023orore,Week 1,360,4104,1359,4662,955,2550,26,83
2023,2023orore,Week 1,2521,3711,3712,847,6443,6696,125,36
2023,2023orore,Week 1,2733,997,4061,2926,4060,1595,52,54
2023,2023orore,Week 1,3218,3674,4662,360,2915,1432,90,66
2023,2023orore,Week 1,6831,1540,955,4488,6845,5468,105,70
2023,2023orore,Week 1,2811,4513,5970,7034,5920,4104,58,68
2023,2023orore,Week 1,4127,2521,847,5295,1432,3218,93,98
2023,2023orore,Week 1,3674,3711,6443,2733,4060,6831,96,70
2023,2023orore,Week 1,6696,997,2926,5970,1359,5468,63,60
2023,2023orore,Week 1,4662,4127,5920,2550,3712,4061,55,50
2023,2023orore,Week 1,2811,7034,1595,4104,2915,955,98,77
2023,2023orore,Week 1,1540,4513,6845,4488,360,5295,83,70
2023,2023caph,Week 1,8891,2543,4,4481,1159,3128,19,69
2023,2023caph,Week 1,5012,3863,1515,5089,3859,972,49,66
2023,2023caph,Week 1,7424,2465,6479,3008,6036,1266,41,90
2023,2023caph,Week 1,4414,1678,3647,3328,2486,691,164,26
2023,2023caph,Week 1,2102,294,3473,589,4711,3354,63,18
2023,2023caph,Week 1,1572,1452,4201,6658,687,2584,81,62
2023,2023caph,Week 1,696,498,2429,3881,4731,1661,66,46
2023,2023caph,Week 1,4,972,973,3255,8891,3008,131,134
2023,2023caph,Week 1,4481,4414,1515,3863,1159,3647,151,53
2023,2023caph,Week 1,6036,6479,691,3128,5012,4711,93,59
2023,2023caph,Week 1,1266,3473,687,1678,589,2543,76,104
2023,2023caph,Week 1,498,1452,3859,294,7424,6658,18,77
2023,2023caph,Week 1,5089,2102,2465,1661,4201,2429,76,71
2023,2023caph,Week 1,3354,3881,696,3328,1572,3255,62,92
2023,2023caph,Week 1,2486,973,6036,4731,2584,4414,129,101
2023,2023caph,Week 1,8891,5012,3647,1678,4,3008,54,88
2023,2023caph,Week 1,1159,6658,1452,972,589,3473,43,87
2023,2023caph,Week 1,2429,687,4711,6479,498,3863,69,63
2023,2023caph,Week 1,3255,4481,294,1266,5089,1572,140,75
2023,2023caph,Week 1,3128,3354,4731,2102,4201,2486,37,90
2023,2023caph,Week 1,1515,691,3859,973,3328,696,34,92
2023,2023caph,Week 1,2584,2465,1661,2543,3881,7424,69,52
2023,2023caph,Week 1,6658,589,4,4711,3863,1678,67,95
2023,2023caph,Week 1,2429,972,3008,3473,1572,8891,58,29
2023,2023caph,Week 1,4731,3255,5089,4414,2486,6479,74,57
2023,2023caph,Week 1,294,691,1266,3328,6036,4201,69,92
2023,2023caph,Week 1,3859,2543,2465,3647,1452,4481,76,74
2023,2023caph,Week 1,3354,1159,973,1661,7424,3128,53,45
2023,2023caph,Week 1,687,498,5012,2584,696,2102,103,61
2023,2023caph,Week 1,3881,3255,589,3008,1515,6658,110,40
2023,2023caph,Week 1,8891,294,6479,4201,691,3473,65,83
2023,2023caph,Week 1,2543,1572,2429,3859,4414,6036,84,117
2023,2023caph,Week 1,3863,4481,972,7424,3354,2486,107,50
2023,2023caph,Week 1,1159,696,5089,687,1678,2465,78,141
2023,2023caph,Week 1,1266,4711,2102,973,3647,3881,87,133
2023,2023caph,Week 1,1452,3328,4731,5012,1661,4,34,34
2023,2023caph,Week 1,3128,2584,6036,498,1515,8891,128,37
2023,2023caph,Week 1,3863,589,7424,4201,2543,4414,101,82
2023,2023caph,Week 1,691,972,3255,2465,2429,4481,92,100
2023,2023caph,Week 1,6479,2102,3647,3881,3859,1159,95,51
2023,2023caph,Week 1,3473,1661,6658,2486,5012,1572,36,90
2023,2023caph,Week 1,1515,1266,1678,498,3354,2584,104,45
2023,2023caph,Week 1,4711,4731,3008,3328,3128,687,25,73
2023,2023caph,Week 1,4,696,1452,5089,294,973,47,141
2023,2023caph,Week 1,589,3647,691,6036,3881,972,95,112
2023,2023caph,Week 1,5012,3255,1159,2486,3863,2543,91,33
2023,2023caph,Week 1,2465,6658,498,8891,4414,3354,56,83
2023,2023caph,Week 1,3008,3328,1661,687,4481,2102,48,75
2023,2023caph,Week 1,1678,7424,1452,6479,4731,2429,91,60
2023,2023caph,Week 1,973,1266,4201,4,5089,1515,127,67
2023,2023caph,Week 1,3859,2584,1572,696,4711,3473,68,92
2023,2023caph,Week 1,3128,6658,4414,2465,5012,294,115,69
2023,2023caph,Week 1,2486,3008,4481,589,6036,1159,87,50
2023,2023caph,Week 1,691,8891,3881,1452,687,3863,43,51
2023,2023caph,Week 1,972,6479,4201,2543,973,498,100,79
2023,2023caph,Week 1,3354,4,3328,2429,5089,2584,20,85
2023,2023caph,Week 1,2102,1678,4731,294,1515,1572,102,70
2023,2023caph,Week 1,3647,3859,7424,3255,3473,3128,79,111
2023,2023caph,Week 1,4711,1661,8891,696,1266,589,41,51
2023,2023caph,Week 1,3008,3881,5012,4201,1159,498,65,95
2023,2023caph,Week 1,2584,2543,3328,4481,6479,6658,71,96
2023,2023caph,Week 1,2429,2102,3354,691,973,4731,158,88
2023,2023caph,Week 1,7424,1572,687,4,3647,294,69,88
2023,2023caph,Week 1,6036,1661,5089,3473,1678,3859,102,132
2023,2023caph,Week 1,4414,696,3863,972,3128,1266,116,70
2023,2023caph,Week 1,1515,4711,2486,3255,2465,1452,57,80
2023,2023caph,Week 1,4731,6658,2543,3354,3008,691,10,32
2023,2023caph,Week 1,2584,4201,3881,8891,3328,1159,112,32
2023,2023caph,Week 1,5089,6479,589,1572,3647,498,67,92
2023,2023caph,Week 1,1678,973,4481,696,972,5012,159,79
2023,2023caph,Week 1,4414,294,4711,1661,687,1515,130,82
2023,2023caph,Week 1,1452,2486,3128,1266,2429,7424,62,31
2023,2023caph,Week 1,2465,3473,6036,2102,4,3255,96,101
2023,2023caph,Week 1,3863,8891,2584,3859,4731,589,80,69
2023,2023caph,Week 1,3881,4481,3328,972,498,1678,47,163
2023,2023caph,Week 1,1159,3008,2543,691,5089,4711,38,54
2023,2023caph,Week 1,3647,1266,3354,6658,2429,5012,66,61
2023,2023caph,Week 1,7424,3473,4414,1452,1515,2102,89,77
2023,2023caph,Week 1,687,2486,4,6479,3859,696,92,76
2023,2023caph,Week 1,1572,2465,973,294,6036,3863,110,120
2023,2023caph,Week 1,4201,3128,8891,1661,3255,1678,60,137
2023,2023inmis,Week 1,5402,2909,135,3147,868,3940,49,91
2023,2023inmis,Week 1,3176,6956,1555,3487,6721,5484,59,79
2023,2023inmis,Week 1,9208,2867,2197,8103,3865,328,72,31
2023,2023inmis,Week 1,1018,1747,9071,910,45,1024,25,102
2023,2023inmis,Week 1,4982,3936,4926,9119,862,71,34,70
2023,2023inmis,Week 1,461,868,7477,328,1501,5484,73,66
2023,2023inmis,Week 1,135,9208,9071,1018,3176,5402,72,109
2023,2023inmis,Week 1,910,4926,9119,2197,4982,6956,58,41
2023,2023inmis,Week 1,2867,461,3936,7477,3940,2909,77,90
2023,2023inmis,Week 1,1555,3865,1747,1024,6721,862,45,84
2023,2023inmis,Week 1,71,45,8103,3147,1501,3487,55,79
2023,2023inmis,Week 1,6956,2909,9119,328,2867,5402,19,65
2023,2023inmis,Week 1,135,4982,1018,3865,7477,9071,57,11
2023,2023inmis,Week 1,71,9208,3940,45,868,1555,109,57
2023,2023inmis,Week 1,3176,3487,1024,4926,8103,3147,117,62
2023,2023inmis,Week 1,2197,461,1501,5484,3936,1747,98,43
2023,2023inmis,Week 1,862,910,2867,868,5402,6721,85,64
2023,2023inmis,Week 1,3487,7477,45,3940,9071,6956,79,82
2023,2023inmis,Week 1,5484,1555,1018,2909,328,4982,61,65
2023,2023inmis,Week 1,71,3176,4926,3865,910,461,94,101
2023,2023inmis,Week 1,1024,1501,8103,6721,135,9119,88,33
2023,2023inmis,Week 1,9208,3147,1747,3936,2197,862,75,89
2023,2023inmis,Week 1,5484,868,3176,1018,2867,45,103,94
2023,2023inmis,Week 1,1501,6956,5402,4982,3865,71,107,41
2023,2023inmis,Week 1,2909,1024,9071,3147,9119,2197,78,56
2023,2023inmis,Week 1,8103,3940,1747,4926,135,7477,97,34
2023,2023inmis,Week 1,862,328,3487,910,3936,6721,107,49
2023,2023inmis,Week 1,9119,9208,461,1555,1024,4982,70,81
2023,2023inmis,Week 1,3147,5484,6956,9071,5402,8103,83,50
2023,2023inmis,Week 1,3865,2867,135,71,3487,3936,33,92
2023,2023inmis,Week 1,7477,862,9208,3176,2197,2909,90,114
2023,2023inmis,Week 1,45,328,6721,1747,4926,868,72,65
2023,2023inmis,Week 1,910,1018,1501,1555,3940,461,112,108
2023,2023inmis,Week 1,1024,5484,7477,3487,6956,9208,90,92
2023,2023inmis,Week 1,868,5402,9119,6721,1747,71,67,27
2023,2023inmis,Week 1,862,461,4982,135,45,3176,83,117
2023,2023inmis,Week 1,1555,8103,910,3936,2909,1018,82,76
2023,2023inmis,Week 1,3940,3865,2197,9071,328,3147,77,46
2023,2023inmis,Week 1,2867,4926,3487,1501,6721,9208,94,113
2023,2023inmis,Week 1,868,3936,135,6956,1747,1024,107,71
2023,2023inmis,Week 1,2909,1555,862,7477,71,2197,71,65
2023,2023inmis,Week 1,5402,461,3147,2867,5484,8103,110,59
2023,2023inmis,Week 1,3176,3940,328,9119,1018,3865,116,37
2023,2023inmis,Week 1,4982,9071,910,45,4926,1501,61,97
2023,2023inmis,Week 1,1747,2197,5402,461,3487,135,31,134
2023,2023inmis,Week 1,6721,7477,2867,1018,3147,1024,25,87
2023,2023inmis,Week 1,3936,9119,328,9071,1555,71,51,57
2023,2023inmis,Week 1,45,6956,3865,868,9208,910,58,124
2023,2023inmis,Week 1,3940,4982,5484,862,8103,3176,107,112
2023,2023inmis,Week 1,4926,2909,6721,1501,135,1555,50,77
2023,2023inmis,Week 1,3865,3147,45,1747,9119,7477,69,28
2023,2023inmis,Week 1,328,71,868,4982,3176,9208,104,112
2023,2023inmis,Week 1,9071,1501,3936,2867,1024,3940,75,96
2023,2023inmis,Week 1,2197,3487,1018,5402,910,5484,101,106
2023,2023inmis,Week 1,4926,862,6956,461,8103,2909,59,57
2023,2023inmis,Week 1,7477,3147,3176,9119,1555,2867,104,44
2023,2023inmis,Week 1,135,71,910,2197,5484,45,106,92
2023,2023inmis,Week 1,8103,6721,4982,3487,1747,2909,33,39
2023,2023inmis,Week 1,9208,1024,3865,3940,862,1501,76,117
2023,2023inmis,Week 1,461,9071,4926,6956,1018,868,98,85
2023,2023inmis,Week 1,5402,45,3936,328,7477,1555,75,47
2023,2023inmis,Week 1,2909,910,3147,1747,4982,2867,66,47
2023,2023inmis,Week 1,6721,1018,3940,6956,71,461,89,94
2023,2023inmis,Week 1,1501,9119,3487,5484,9071,862,105,67
2023,2023inmis,Week 1,8103,2197,868,3936,3176,3865,82,89
2023,2023inmis,Week 1,1024,135,328,9208,5402,4926,108,52
2023,2023mabri,Week 1,61,6731,5000,4908,1768,2342,47,106
2023,2023mabri,Week 1,5962,6367,9055,8013,4473,2262,24,49
2023,2023mabri,Week 1,8604,4906,157,2713,69,78,60,87
2023,2023mabri,Week 1,9286,3314,1474,175,3719,125,37,77
2023,2023mabri,Week 1,6153,2648,88,7407,126,1965,128,67
2023,2023mabri,Week 1,6367,5000,69,9055,4473,8604,47,42
2023,2023mabri,Week 1,4906,61,4908,125,3314,8013,64,124
2023,2023mabri,Week 1,175,78,2262,1965,1768,88,77,98
2023,2023mabri,Week 1,6153,2713,6731,3719,157,126,62,37
2023,2023mabri,Week 1,1474,7407,5962,2342,2648,9286,96,95
2023,2023mabri,Week 1,1965,61,8604,69,9055,125,47,71
2023,2023mabri,Week 1,4473,175,6367,4908,2262,126,45,42
2023,2023mabri,Week 1,2342,8013,157,1768,78,2648,86,129
2023,2023mabri,Week 1,1474,6153,3314,7407,5000,9286,85,75
2023,2023mabri,Week 1,6731,4906,3719,88,2713,5962,43,85
2023,2023mabri,Week 1,126,125,2648,69,157,175,106,45
2023,2023mabri,Week 1,8013,1768,4908,8604,6153,7407,112,112
2023,2023mabri,Week 1,2262,88,1474,2713,9055,2342,90,78
2023,2023mabri,Week 1,4473,5962,6731,6367,78,61,41,98
2023,2023mabri,Week 1,5000,1965,3314,9286,4906,3719,77,39
2023,2023mabri,Week 1,157,125,1474,1768,6153,69,88,88
2023,2023mabri,Week 1,7407,78,8013,6367,126,61,128,39
2023,2023mabri,Week 1,5962,5000,2342,2713,1965,4473,80,73
2023,2023mabri,Week 1,8604,6731,9286,4906,2648,175,37,85
2023,2023mabri,Week 1,3719,4908,88,2262,3314,9055,84,54
2023,2023mabri,Week 1,6153,125,61,8013,5962,126,99,81
2023,2023mabri,Week 1,9286,157,1965,5000,6731,1474,64,53
2023,2023mabri,Week 1,9055,175,1768,2713,4908,8604,89,63
2023,2023mabri,Week 1,3314,7407,69,88,2342,4473,120,98
2023,2023mabri,Week 1,78,6367,4906,2648,3719,2262,83,65
2023,2023mabri,Week 1,5962,9286,125,6731,126,9055,82,45
2023,2023mabri,Week 1,69,4473,5000,175,88,8013,67,131
2023,2023mabri,Week 1,61,7407,1768,4906,3719,6153,135,55
2023,2023mabri,Week 1,78,4908,1965,2648,1474,2713,73,80
2023,2023mabri,Week 1,2342,8604,2262,157,6367,3314,71,84
2023,2023mabri,Week 1,9055,8013,61,6731,9286,175,96,39
2023,2023mabri,Week 1,126,4473,1768,1965,1474,4906,107,28
2023,2023mabri,Week 1,69,8604,2648,2342,6153,6367,48,67
2023,2023mabri,Week 1,88,4908,3314,157,5962,78,82,79
2023,2023mabri,Week 1,3719,7407,2713,5000,2262,125,101,80
2023,2023mabri,Week 1,126,4906,2342,4473,1474,6153,69,73
2023,2023mabri,Week 1,2648,1965,9055,3314,1768,5962,25,83
2023,2023mabri,Week 1,2262,157,2713,3719,8013,5000,105,61
2023,2023mabri,Week 1,78,9286,6367,61,88,69,78,115
2023,2023mabri,Week 1,125,8604,175,7407,6731,4908,85,85
2023,2023mabri,Week 1,4473,2262,4906,6153,5962,1965,85,62
2023,2023mabri,Week 1,9055,3719,88,2648,61,157,39,74
2023,2023mabri,Week 1,1474,175,126,1768,8604,5000,49,123
2023,2023mabri,Week 1,8013,69,6731,3314,2342,78,70,128
2023,2023mabri,Week 1,4908,2713,9286,6367,125,7407,78,114
2023,2023mabri,Week 1,175,5000,6153,61,2262,5962,67,62
2023,2023mabri,Week 1,1965,2342,3719,8604,1474,8013,71,93
2023,2023mabri,Week 1,4908,9055,157,4906,69,7407,56,85
2023,2023mabri,Week 1,125,88,78,1768,9286,4473,101,50
2023,2023mabri,Week 1,126,3314,2713,6731,2648,6367,111,63
2023,2023mabri,Week 1,1474,69,3719,5962,175,4908,35,46
2023,2023mabri,Week 1,157,2342,7407,5000,9055,4906,113,57
2023,2023mabri,Week 1,78,126,6153,125,1965,6731,103,90
2023,2023mabri,Week 1,9286,8013,2648,88,6367,8604,98,61
2023,2023mabri,Week 1,2262,2713,1768,3314,61,4473,132,90
2023,2023ncash,Week 1,4795,9005,6004,6639,1225,6932,71,21
2023,2023ncash,Week 1,2642,4561,587,6888,6729,4935,55,45
2023,2023ncash,Week 1,8090,6502,1533,8833,7890,9000,36,63
2023,2023ncash,Week 1,5679,9150,5511,3506,3196,9298,53,56
2023,2023ncash,Week 1,4290,900,8429,8727,5727,6639,88,50
2023,2023ncash,Week 1,6729,4795,6502,4935,587,8090,69,53
2023,2023ncash,Week 1,5511,4561,9000,9005,1225,2642,56,46
2023,2023ncash,Week 1,900,5727,5679,1533,9150,7890,94,81
2023,2023ncash,Week 1,6888,4290,3506,6004,8727,8833,75,42
2023,2023ncash,Week 1,6502,9298,8429,3196,6932,4795,54,78
2023,2023ncash,Week 1,5679,2642,7890,1225,8090,900,84,48
2023,2023ncash,Week 1,8833,4561,4290,9150,6729,9000,76,44
2023,2023ncash,Week 1,6888,5727,6004,3196,9298,9005,104,28
2023,2023ncash,Week 1,6932,4935,8429,3506,5511,6639,72,62
2023,2023ncash,Week 1,8727,9000,1533,5679,587,6502,51,71
2023,2023ncash,Week 1,1225,3196,9150,4561,6004,900,29,86
2023,2023ncash,Week 1,7890,9298,6729,5511,4795,6888,56,56
2023,2023ncash,Week 1,9005,6639,8727,1533,4935,3506,16,83
2023,2023ncash,Week 1,2642,4290,6932,8833,587,5727,73,95
2023,2023ncash,Week 1,8429,9000,1225,6888,5679,8090,82,49
2023,2023ncash,Week 1,900,9005,5511,6502,9150,3506,45,82
2023,2023ncash,Week 1,4935,8833,8727,9298,6004,587,31,89
2023,2023ncash,Week 1,6639,1533,3196,4795,4290,4561,57,91
2023,2023ncash,Week 1,8090,2642,6729,5727,8429,7890,31,84
2023,2023ncash,Week 1,5679,1225,8833,6932,9000,5511,25,75
2023,2023ncash,Week 1,8727,6888,6639,900,9150,4935,39,65
2023,2023ncash,Week 1,6004,3196,4290,2642,1533,6502,87,71
2023,2023ncash,Week 1,5727,6932,9298,587,8429,6729,9,34
2023,2023ncash,Week 1,7890,4795,8090,4561,3506,9005,111,81
2023,2023ncash,Week 1,2642,6888,9150,6639,8833,6502,84,42
2023,2023ncash,Week 1,9000,3196,4935,4290,5727,1225,70,56
2023,2023ncash,Week 1,9298,900,4795,9005,1533,8429,89,63
2023,2023ncash,Week 1,8090,3506,6932,4561,5679,6729,59,63
2023,2023ncash,Week 1,587,6004,1225,5511,7890,8727,47,79
2023,2023ncash,Week 1,4935,9005,4290,9298,2642,8833,71,49
2023,2023ncash,Week 1,3506,5679,900,3196,4561,6888,77,80
2023,2023ncash,Week 1,9000,8090,6639,6729,6932,6004,21,94
2023,2023ncash,Week 1,1533,5511,5727,587,8727,9150,52,63
2023,2023ncash,Week 1,6502,7890,1225,4795,8429,3506,68,114
2023,2023ncash,Week 1,6729,6639,2642,9000,6888,5679,65,50
2023,2023ncash,Week 1,9150,9298,4561,8090,8727,4290,70,54
2023,2023ncash,Week 1,6932,8833,1533,4935,7890,3196,27,83
2023,2023ncash,Week 1,8429,5511,6004,5727,6502,9005,65,40
2023,2023ncash,Week 1,900,6888,587,4795,9000,2642,70,73
2023,2023ncash,Week 1,3506,6729,8727,1533,1225,9298,60,30
2023,2023ncash,Week 1,4561,4935,5727,9005,5679,6932,122,24
2023,2023ncash,Week 1,9150,6004,8833,8429,900,8090,70,80
2023,2023ncash,Week 1,587,6639,4795,6502,5511,3196,96,57
2023,2023ncash,Week 1,7890,9005,6888,4290,1533,5679,106,75
2023,2023ncash,Week 1,1225,8727,4561,8833,8090,900,16,65
2023,2023ncash,Week 1,3196,4935,4795,5511,6729,5727,72,58
2023,2023ncash,Week 1,7890,6932,587,6639,4290,9150,106,37
2023,2023ncash,Week 1,9000,6502,9298,6004,3506,2642,55,111
2023,2023ncash,Week 1,8429,8833,6888,1225,4795,4935,70,103
2023,2023ncash,Week 1,6729,900,1533,4290,587,5511,89,101
2023,2023ncash,Week 1,9150,8090,9005,8727,2642,3196,50,73
2023,2023ncash,Week 1,5727,3506,9000,6004,6639,7890,114,59
2023,2023ncash,Week 1,9298,8429,5679,6932,6502,4561,53,103
2023,2023onbar,Week 1,4920,6859,5031,1360,2935,4039,39,91
2023,2023onbar,Week 1,6864,781,5885,3161,1285,4069,43,97
2023,2023onbar,Week 1,5672,1114,4152,4976,1325,7757,96,98
2023,2023onbar,Week 1,7659,3543,865,3739,9098,1241,50,88
2023,2023onbar,Week 1,4920,8731,7200,7690,4903,6864,63,32
2023,2023onbar,Week 1,4069,5885,1114,6859,2935,4976,102,60
2023,2023onbar,Week 1,781,5672,3543,7757,7659,4152,57,89
2023,2023onbar,Week 1,3161,5031,7690,8731,9098,1285,60,72
2023,2023onbar,Week 1,3739,865,4039,4903,1325,1360,82,93
2023,2023onbar,Week 1,7200,6859,5885,1241,1114,3543,21,115
2023,2023onbar,Week 1,4152,7690,2935,7659,4976,1285,70,113
2023,2023onbar,Week 1,1360,7757,781,8731,4903,9098,57,45
2023,2023onbar,Week 1,3739,5672,1325,6864,1241,5031,87,65
2023,2023onbar,Week 1,4039,4069,865,7200,3161,4920,105,66
2023,2023onbar,Week 1,7690,4152,781,2935,5885,7659,70,38
2023,2023onbar,Week 1,7757,6864,9098,6859,4976,4903,74,69
2023,2023onbar,Week 1,1360,3739,1285,7200,4069,1241,57,75
2023,2023onbar,Week 1,3161,4920,5672,5031,1114,865,79,95
2023,2023onbar,Week 1,4976,8731,4039,1325,3543,9098,111,71
2023,2023onbar,Week 1,6864,7200,1360,781,7659,6859,39,46
2023,2023onbar,Week 1,865,4920,4903,5031,4152,3739,90,92
2023,2023onbar,Week 1,1241,7690,1325,2935,3161,3543,86,67
2023,2023onbar,Week 1,1285,4039,5885,7757,8731,5672,108,52
2023,2023onbar,Week 1,1114,4903,3739,4152,9098,4069,105,108
2023,2023onbar,Week 1,781,4976,1241,2935,1360,6864,107,59
2023,2023onbar,Week 1,5031,3543,1285,7200,4039,7659,53,96
2023,2023onbar,Week 1,1114,4920,7757,1325,3161,5885,93,110
2023,2023onbar,Week 1,5672,4069,6859,7690,865,8731,50,39
2023,2023onbar,Week 1,4903,2935,3543,4976,7200,3739,74,96
2023,2023onbar,Week 1,4152,1241,6864,1114,5031,1360,79,87
2023,2023onbar,Week 1,8731,7659,4069,4039,781,4920,57,103
2023,2023onbar,Week 1,865,3161,9098,5885,7757,7690,92,32
2023,2023onbar,Week 1,6864,6859,1325,5672,1285,4903,84,59
2023,2023onbar,Week 1,8731,1114,2935,4069,1360,4920,44,81
2023,2023onbar,Week 1,7659,3739,3161,9098,5885,4976,85,104
2023,2023onbar,Week 1,5672,1285,4152,4039,3543,7690,92,97
2023,2023onbar,Week 1,781,7200,5031,6859,865,7757,56,35
2023,2023onbar,Week 1,4903,1241,7659,1325,6864,1114,54,118
2023,2023onbar,Week 1,1360,5885,5672,4920,7690,3739,84,65
2023,2023onbar,Week 1,4976,4152,865,6859,8731,3161,77,37
2023,2023onbar,Week 1,1285,1325,7200,3543,4069,7757,95,52
2023,2023onbar,Week 1,9098,5031,4039,1241,2935,781,103,50
2023,2023onbar,Week 1,3161,1360,4976,7659,5672,6864,131,20
2023,2023onbar,Week 1,5885,1325,8731,3543,4152,6859,94,75
2023,2023onbar,Week 1,7757,4039,4903,1114,1285,1241,118,127
2023,2023onbar,Week 1,5031,3739,2935,4069,7690,781,47,90
2023,2023onbar,Week 1,4920,9098,7659,865,7200,1360,91,60
2023,2023onbar,Week 1,4039,1241,6859,5885,4903,4152,114,72
2023,2023onbar,Week 1,1285,7757,3161,3739,6864,8731,112,41
2023,2023onbar,Week 1,4069,4920,2935,9098,5672,7200,85,69
2023,2023onbar,Week 1,7690,4976,1114,865,781,1325,123,59
2023,2023onbar,Week 1,3543,1360,8731,4903,7659,5031,54,97
2023,2023onbar,Week 1,2935,7757,7200,4152,4039,3161,44,150
2023,2023onbar,Week 1,1325,3739,4069,1285,6859,7690,95,75
2023,2023onbar,Week 1,3543,6864,4976,5885,865,4920,99,75
2023,2023onbar,Week 1,9098,781,1114,1241,5031,5672,101,80
2023,2023onnew,Week 1,4946,6397,6866,8349,1246,9127,45,24
2023,2023onnew,Week 1,2200,188,6141,6514,5409,7480,87,64
2023,2023onnew,Week 1,5834,2702,1305,6975,6987,5719,61,27
2023,2023onnew,Week 1,7712,610,5036,6378,4951,8850,79,42
2023,2023onnew,Week 1,6140,9113,7476,7558,771,7603,35,44
2023,2023onnew,Week 1,2386,7902,4946,2056,4476,2200,52,159
2023,2023onnew,Week 1,5409,5834,1246,4951,9127,6866,74,9
2023,2023onnew,Week 1,6141,6975,8349,1305,7476,7712,27,56
2023,2023onnew,Week 1,6987,2056,2702,7480,2386,610,119,77
2023,2023onnew,Week 1,5036,6378,6140,188,9113,7603,40,38
2023,2023onnew,Week 1,6514,4476,7558,5719,8850,7902,77,27
2023,2023onnew,Week 1,771,1246,4951,6397,2702,7480,29,65
2023,2023onnew,Week 1,6866,6141,6140,2200,5409,6975,26,93
2023,2023onnew,Week 1,5834,2386,5036,9113,6514,7902,64,27
2023,2023onnew,Week 1,7476,771,8850,4946,5719,6378,20,46
2023,2023onnew,Week 1,6397,8349,2056,610,7558,188,143,88
2023,2023onnew,Week 1,9127,1305,7603,6987,4476,7712,44,52
2023,2023onnew,Week 1,5409,8850,2702,6140,4951,4946,78,47
2023,2023onnew,Week 1,771,6514,2200,7558,7480,6975,85,65
2023,2023onnew,Week 1,9113,7712,6141,610,6866,4476,42,53
2023,2023onnew,Week 1,6378,7902,7603,5719,6397,9127,39,48
2023,2023onnew,Week 1,188,1305,2056,6987,5834,7476,134,25
2023,2023onnew,Week 1,5036,8349,6866,1246,2386,6975,74,45
2023,2023onnew,Week 1,7902,9127,7712,6140,2702,7558,34,54
2023,2023onnew,Week 1,9113,5409,4951,6397,6987,6378,70,58
2023,2023onnew,Week 1,771,4946,188,1305,6141,2386,52,72
2023,2023onnew,Week 1,8349,7603,4476,2200,7480,8850,56,90
2023,2023onnew,Week 1,5719,610,6514,1246,5036,7476,70,56
2023,2023onnew,Week 1,2056,7558,4946,188,5834,6397,140,48
2023,2023onnew,Week 1,2200,4951,2702,9113,8349,1305,61,69
2023,2023onnew,Week 1,6975,5036,771,6987,7902,610,37,84
2023,2023onnew,Week 1,4476,5409,6378,6514,2056,1246,113,103
2023,2023onnew,Week 1,5834,6866,7712,7480,6140,5719,10,58
2023,2023onnew,Week 1,9127,8850,2386,7603,7476,6141,52,39
2023,2023onnew,Week 1,6975,6378,9113,4476,4946,1305,52,130
2023,2023onnew,Week 1,6140,6514,6397,8349,771,6987,43,30
2023,2023onnew,Week 1,7558,9127,5834,610,6141,8850,45,56
2023,2023onnew,Week 1,5409,6866,7476,7902,2702,5036,57,60
2023,2023onnew,Week 1,4951,2056,7480,7603,5719,1246,118,33
2023,2023onnew,Week 1,2386,2200,7558,7712,6975,188,93,46
2023,2023onnew,Week 1,4476,6140,7902,6514,1305,5036,54,79
2023,2023onnew,Week 1,6141,6397,5409,2702,8349,5719,61,78
2023,2023onnew,Week 1,7480,4946,9113,7476,9127,2056,51,103
2023,2023onnew,Week 1,6866,188,2386,7603,7712,4951,63,45
2023,2023onnew,Week 1,8850,1246,6987,6378,2200,5834,31,124
2023,2023onnew,Week 1,771,5719,4476,2056,610,6140,5,153
2023,2023onnew,Week 1,7476,6975,6514,2702,188,9127,40,67
2023,2023onnew,Week 1,8850,7712,7558,1246,9113,6397,96,38
2023,2023onnew,Week 1,7902,2200,8349,4951,6141,5834,50,33
2023,2023onnew,Week 1,4946,5036,6987,7480,6866,771,84,63
2023,2023onnew,Week 1,1305,6378,610,2386,7603,5409,100,73
2023,2023onnew,Week 1,8349,6514,4951,5834,4476,9113,45,81
2023,2023onnew,Week 1,7712,1246,4946,6141,5036,9127,77,57
2023,2023onnew,Week 1,188,5719,5409,2386,771,6140,80,51
2023,2023onnew,Week 1,6397,1305,7902,610,7476,2200,71,92
2023,2023onnew,Week 1,8850,7603,2056,6866,6975,2702,124,34
2023,2023onnew,Week 1,6378,7480,6141,7558,6987,5409,77,92
2023,2023onnew,Week 1,5719,9113,2386,4946,5834,8349,43,59
2023,2023onnew,Week 1,4951,7476,4476,7712,6397,771,62,54
2023,2023onnew,Week 1,2702,6378,1246,1305,6140,2200,37,119
2023,2023onnew,Week 1,7603,6987,7480,7902,7558,6866,76,112
2023,2023onnew,Week 1,9127,610,6975,8850,188,6514,105,69
2023,2023onnew,Week 1,5036,2200,5719,2056,7712,6378,82,114
2023,2023onnew,Week 1,1246,7558,1305,5409,7902,771,89,51
2023,2023onnew,Week 1,2702,7603,610,6141,4946,6514,105,66
2023,2023onnew,Week 1,4476,7480,188,6866,8850,9113,89,30
2023,2023onnew,Week 1,6975,2056,5834,5036,4951,6397,134,55
2023,2023onnew,Week 1,9127,6140,6987,7476,2386,8349,46,61
2023,2023pahat,Week 1,1640,365,2559,5490,1807,2539,87,81
2023,2023pahat,Week 1,3637,25,709,5895,4653,2095,69,74
2023,2023pahat,Week 1,6226,5407,1218,5310,1391,7110,99,59
2023,2023pahat,Week 1,341,2607,5113,272,433,7414,83,73
2023,2023pahat,Week 1,6808,708,2180,5684,423,816,40,52
2023,2023pahat,Week 1,4653,103,5181,2590,2234,2095,98,35
2023,2023pahat,Week 1,1391,5895,709,5490,2559,341,117,49
2023,2023pahat,Week 1,2180,433,7110,816,6226,1807,18,85
2023,2023pahat,Week 1,5407,2234,1640,423,272,365,75,53
2023,2023pahat,Week 1,2607,6808,3637,7414,1218,5181,84,94
2023,2023pahat,Week 1,708,25,5310,5113,2539,103,87,115
2023,2023pahat,Week 1,2180,816,2590,5684,433,341,48,78
2023,2023pahat,Week 1,4653,423,5490,5181,5407,7110,55,47
2023,2023pahat,Week 1,1807,103,2095,2559,2234,5113,100,17
2023,2023pahat,Week 1,6808,1391,7414,5895,365,708,65,116
2023,2023pahat,Week 1,1218,25,2539,709,2590,5684,147,65
2023,2023pahat,Week 1,1640,2607,272,5310,6226,3637,135,35
2023,2023pahat,Week 1,6808,5895,5181,2559,7110,1807,91,73
2023,2023pahat,Week 1,2234,341,1218,5407,2590,708,118,75
2023,2023pahat,Week 1,423,5113,1391,103,5684,1640,74,87
2023,2023pahat,Week 1,4653,5310,365,709,2180,2607,73,64
2023,2023pahat,Week 1,25,5490,816,2095,272,3637,72,73
2023,2023pahat,Week 1,6226,7414,2590,433,2539,5895,41,137
2023,2023pahat,Week 1,708,5181,2607,2180,5113,1640,112,51
2023,2023pahat,Week 1,25,1807,423,365,3637,1391,94,68
2023,2023pahat,Week 1,433,709,6226,5407,5490,5310,60,14
2023,2023pahat,Week 1,2234,2539,7414,7110,6808,341,90,86
2023,2023pahat,Week 1,4653,1218,2559,103,816,272,79,107
2023,2023pahat,Week 1,1640,2095,5490,5684,2607,5407,54,111
2023,2023pahat,Week 1,7110,423,709,5113,5895,1807,32,103
2023,2023pahat,Week 1,3637,2559,103,7414,365,816,85,67
2023,2023pahat,Week 1,2095,1391,708,2590,5310,433,106,83
2023,2023pahat,Week 1,272,1218,6808,2180,341,6226,84,47
2023,2023pahat,Week 1,2539,5684,5181,25,4653,2234,111,59
2023,2023pahat,Week 1,365,1807,5407,708,7414,5113,112,71
2023,2023pahat,Week 1,816,2559,6808,5895,5310,1218,47,146
2023,2023pahat,Week 1,341,1391,103,2607,7110,25,108,108
2023,2023pahat,Week 1,3637,2590,2539,5181,2095,2180,105,59
2023,2023pahat,Week 1,2234,433,423,709,1640,4653,62,61
2023,2023pahat,Week 1,5490,5684,5895,6226,272,25,105,113
2023,2023pahat,Week 1,5407,7414,2180,2559,5181,5310,22,48
2023,2023pahat,Week 1,365,7110,2234,1218,1640,433,53,98
2023,2023pahat,Week 1,341,2590,4653,5113,5490,6808,128,33
2023,2023pahat,Week 1,272,709,1807,1391,2539,816,78,121
2023,2023pahat,Week 1,2095,5684,6226,423,708,3637,41,102
2023,2023pahat,Week 1,2607,5895,2234,103,5407,25,115,122
2023,2023pahat,Week 1,5181,365,433,272,709,2539,64,115
2023,2023pahat,Week 1,5113,2095,5310,6808,423,6226,49,72
2023,2023pahat,Week 1,5684,2180,1218,103,7414,5490,114,82
2023,2023pahat,Week 1,1807,1640,2590,816,3637,341,116,106
2023,2023pahat,Week 1,708,4653,7110,1391,2559,2607,103,91
2023,2023pahat,Week 1,5181,272,5490,433,103,6808,71,93
2023,2023pahat,Week 1,7414,3637,5684,5310,2234,709,55,42
2023,2023pahat,Week 1,2539,708,2559,423,1218,2590,125,71
2023,2023pahat,Week 1,5895,816,5407,365,341,2095,90,121
2023,2023pahat,Week 1,1807,2180,1391,6226,2607,4653,128,92
2023,2023pahat,Week 1,25,5113,433,7110,3637,1640,71,81
2023,2023pahat,Week 1,5310,341,272,2234,708,5684,123,61
2023,2023pahat,Week 1,1218,103,365,2539,4653,2180,115,89
2023,2023pahat,Week 1,5490,6226,1391,816,5181,5113,68,74
2023,2023pahat,Week 1,2607,2095,423,7414,7110,5895,89,79
2023,2023pahat,Week 1,709,5407,2559,1640,6808,25,32,123
2023,2023pahat,Week 1,1807,5310,5684,2590,5490,365,110,60
2023,2023pahat,Week 1,3637,2180,5895,1391,5181,2234,124,80
2023,2023pahat,Week 1,7110,6226,103,341,709,708,92,105
2023,2023pahat,Week 1,433,816,4653,2559,25,7414,48,68
2023,2023pahat,Week 1,2539,1640,423,2095,6808,5407,130,47
2023,2023pahat,Week 1,2590,5113,272,1218,1807,2607,77,148
2023,2023vabla,Week 1,8230,9235,3359,2106,3373,1731,22,135
2023,2023vabla,Week 1,8592,2028,1885,9003,1262,401,59,77
2023,2023vabla,Week 1,3361,4505,619,4456,2363,6504,17,119
2023,2023vabla,Week 1,1629,540,1086,3136,6802,977,33,98
2023,2023vabla,Week 1,404,3939,623,9033,122,422,77,85
2023,2023vabla,Week 1,5724,8230,6194,346,1915,2106,65,65
2023,2023vabla,Week 1,8592,977,9235,6504,3359,1086,77,39
2023,2023vabla,Week 1,619,9003,422,1629,401,1731,59,99
2023,2023vabla,Week 1,540,404,3373,6194,4456,1262,35,35
2023,2023vabla,Week 1,3136,4505,1885,5724,623,1915,31,39
2023,2023vabla,Week 1,6802,122,2028,9033,3361,346,61,57
2023,2023vabla,Week 1,3373,2363,6194,8230,977,3939,116,62
2023,2023vabla,Week 1,422,540,1885,623,2106,619,45,62
2023,2023vabla,Week 1,401,9235,5724,404,1731,3361,110,111
2023,2023vabla,Week 1,122,6504,3136,8592,6802,4456,48,64
2023,2023vabla,Week 1,2028,1262,1629,4505,1086,1915,56,47
2023,2023vabla,Week 1,346,3359,9003,2363,9033,3939,56,98
2023,2023vabla,Week 1,401,422,6802,8230,6504,404,122,59
2023,2023vabla,Week 1,3361,2106,8592,3373,122,1629,49,85
2023,2023vabla,Week 1,1915,3359,3939,4456,1731,2028,18,85
2023,2023vabla,Week 1,619,2363,5724,623,6194,977,122,56
2023,2023vabla,Week 1,9235,1885,9033,540,1262,3136,52,77
2023,2023vabla,Week 1,1086,346,122,9003,4505,3373,56,36
2023,2023vabla,Week 1,404,401,2363,422,2106,6504,130,94
2023,2023vabla,Week 1,6194,9033,1629,9235,619,2028,89,37
2023,2023vabla,Week 1,623,6802,540,1731,3136,8592,74,104
2023,2023vabla,Week 1,4456,5724,4505,1885,9003,8230,27,45
2023,2023vabla,Week 1,977,346,1262,3939,3361,1086,59,55
2023,2023vabla,Week 1,1915,8592,122,3359,619,401,65,50
2023,2023vabla,Week 1,2106,9003,6802,9033,5724,540,88,51
2023,2023vabla,Week 1,422,4456,3373,4505,1629,977,77,79
2023,2023vabla,Week 1,8230,3361,2363,2028,1915,6504,110,43
2023,2023vabla,Week 1,1262,1086,404,3359,1885,1731,38,67
2023,2023vabla,Week 1,346,3939,6194,9235,3136,623,74,79
2023,2023vabla,Week 1,5724,6504,1629,122,619,8230,89,88
2023,2023vabla,Week 1,6802,2363,4505,9003,404,9033,103,36
2023,2023vabla,Week 1,623,3361,1262,6194,8592,3359,67,56
2023,2023vabla,Week 1,401,3373,3136,9235,2106,4456,101,78
2023,2023vabla,Week 1,540,1915,977,2028,422,346,39,70
2023,2023vabla,Week 1,3939,1731,619,1885,1086,6802,82,65
2023,2023vabla,Week 1,2363,3136,2106,1262,5724,3373,145,40
2023,2023vabla,Week 1,9003,4456,1915,3359,623,422,47,46
2023,2023vabla,Week 1,1731,6194,1086,6504,4505,9033,84,47
2023,2023vabla,Week 1,1629,8230,8592,1885,401,3939,96,88
2023,2023vabla,Week 1,346,404,9235,2028,540,3361,96,64
2023,2023vabla,Week 1,977,9033,3359,6194,122,4505,57,67
2023,2023vabla,Week 1,619,4456,3136,422,8230,1262,106,109
2023,2023vabla,Week 1,2106,2028,401,540,8592,9003,92,47
2023,2023vabla,Week 1,6504,1885,623,122,977,404,77,66
2023,2023vabla,Week 1,1731,5724,346,1086,9235,2363,129,88
2023,2023vabla,Week 1,3373,3939,6802,3361,1629,1915,81,55
2023,2023vabla,Week 1,4505,623,8230,2106,3359,540,71,36
2023,2023vabla,Week 1,1262,1731,122,977,2028,5724,72,77
2023,2023vabla,Week 1,3136,6194,3361,401,346,4456,76,109
2023,2023vabla,Week 1,9033,1086,8592,1629,422,2363,58,174
2023,2023vabla,Week 1,3939,6504,9003,3373,1915,9235,65,62
2023,2023vabla,Week 1,404,1885,2106,6802,619,346,83,120
2023,2023vabla,Week 1,3359,1629,4456,2363,540,1731,100,57
2023,2023vabla,Week 1,977,422,3361,5724,3136,9003,54,74
2023,2023vabla,Week 1,1915,9033,8230,8592,404,4505,76,72
2023,2023vabla,Week 1,1086,3373,2028,1885,6194,619,75,47
2023,2023vabla,Week 1,122,401,623,6802,1262,9235,121,55
2023,2023vabla,Week 1,6504,346,540,3939,8592,5724,60,96
2023,2023vabla,Week 1,3136,2028,3359,619,1629,404,62,89
2023,2023vabla,Week 1,4505,9235,422,3361,3373,1885,73,56
2023,2023vabla,Week 1,1731,977,6504,1262,3939,2106,75,79
2023,2023vabla,Week 1,1915,6802,6194,2363,9003,122,95,128
2023,2023vabla,Week 1,4456,623,9033,1086,8230,401,103,87
2023,2023txdal,Week 1,9034,1296,7506,8816,2582,5417,56,41
2023,2023txdal,Week 1,4192,3282,3802,3005,7121,5572,56,96
2023,2023txdal,Week 1,8858,6171,5431,2468,6901,5682,64,75
2023,2023txdal,Week 1,2687,6526,4641,2689,6768,9088,68,37
2023,2023txdal,Week 1,7503,7321,8749,9156,1745,8874,18,50
2023,2023txdal,Week 1,5212,5682,8858,7506,5572,1296,25,64
2023,2023txdal,Week 1,4192,5431,2582,6171,2687,3282,71,39
2023,2023txdal,Week 1,7503,2689,1745,6768,6526,7121,67,24
2023,2023txdal,Week 1,7321,5417,9156,3802,8816,3005,63,107
2023,2023txdal,Week 1,5212,9034,8749,6901,8874,4641,39,45
2023,2023txdal,Week 1,1745,2687,9088,2468,3282,5431,62,63
2023,2023txdal,Week 1,5572,9156,6526,1296,7321,8858,48,60
2023,2023txdal,Week 1,6768,8816,7503,7121,4192,9034,28,59
2023,2023txdal,Week 1,8874,7506,5682,2689,6901,2582,28,66
2023,2023txdal,Week 1,6171,4641,5212,9088,5417,3005,25,108
2023,2023txdal,Week 1,8858,8749,2468,3802,7121,7321,91,43
2023,2023txdal,Week 1,7506,5431,6768,2689,1745,8816,47,61
2023,2023txdal,Week 1,6526,3282,5212,9156,9034,6171,12,62
2023,2023txdal,Week 1,5417,5682,7503,2468,4641,4192,55,113
2023,2023txdal,Week 1,8749,2687,6901,3802,2582,1296,89,91
2023,2023txdal,Week 1,8874,3005,6768,9088,5572,8858,115,101
2023,2023txdal,Week 1,4641,8816,9034,7506,5212,4192,29,27
2023,2023txdal,Week 1,2582,7121,3282,2687,2689,7321,73,75
2023,2023txdal,Week 1,5431,8749,9156,8874,2468,7503,72,81
2023,2023txdal,Week 1,5572,3802,6901,6171,6526,5417,71,55
2023,2023txdal,Week 1,1296,9088,5682,3005,7321,1745,55,98
2023,2023txdal,Week 1,8874,8858,7121,8816,5212,2687,35,56
2023,2023txdal,Week 1,3282,9034,2689,7503,5431,6901,39,77
2023,2023txdal,Week 1,9156,1296,9088,5417,4641,7506,93,75
2023,2023txdal,Week 1,1745,5572,6171,8749,3005,4192,70,116
2023,2023txdal,Week 1,6768,2468,3802,5682,2582,6526,78,78
2023,2023txdal,Week 1,2687,7503,9156,6901,7506,9088,73,38
2023,2023txdal,Week 1,7121,5431,1745,9034,8874,5572,69,56
2023,2023txdal,Week 1,5682,3005,6171,7321,8816,3282,106,11
2023,2023txdal,Week 1,3802,2689,4641,1296,8749,6768,91,51
2023,2023txdal,Week 1,5212,5417,2468,8858,6526,4192,73,79
2023,2023txdal,Week 1,2582,7503,3005,5431,5682,8816,124,68
2023,2023txdal,Week 1,5572,6171,7321,1745,6901,3802,48,96
2023,2023txdal,Week 1,8749,7506,6526,1296,3282,5417,34,90
2023,2023txdal,Week 1,2582,8874,5212,8858,9156,6768,66,57
2023,2023txdal,Week 1,2689,2468,7121,9088,4192,2687,97,61
2023,2023txdal,Week 1,4641,3005,8749,6526,9034,5431,103,62
2023,2023txdal,Week 1,3282,6768,6171,5212,7503,1296,28,49
2023,2023txdal,Week 1,8816,4192,5572,7321,9088,6901,73,46
2023,2023txdal,Week 1,7506,5417,7121,5682,3802,2687,75,84
2023,2023txdal,Week 1,4641,8858,2689,9156,2468,2582,71,124
2023,2023txdal,Week 1,1745,4192,1296,8749,8874,9034,112,34
2023,2023txdal,Week 1,8816,9088,6526,7321,5212,5431,35,28
2023,2023txdal,Week 1,5572,2687,2468,3005,9156,7506,112,102
2023,2023txdal,Week 1,5417,2689,8874,7121,6171,7503,83,68
2023,2023txdal,Week 1,9034,3802,8858,3282,4641,5682,71,33
2023,2023txdal,Week 1,6901,2582,3005,6768,1745,5212,119,47
2023,2023txdal,Week 1,5431,1296,2687,4192,6171,8874,73,80
2023,2023txdal,Week 1,2468,7321,7506,6526,7503,3802,122,54
2023,2023txdal,Week 1,5682,9156,2689,2582,5572,4641,50,109
2023,2023txdal,Week 1,7121,8858,8816,3282,9088,8749,47,41
2023,2023txdal,Week 1,6901,6768,5417,9034,1745,2468,33,133
2023,2023txdal,Week 1,5431,3802,8874,3005,5212,2689,84,119
2023,2023txdal,Week 1,6171,1296,8816,4641,7121,9156,48,62
2023,2023txdal,Week 1,9088,7506,2582,7503,8749,5572,94,74
2023,2023txdal,Week 1,4192,5682,7321,2687,6768,9034,53,91
2023,2023txdal,Week 1,6526,6901,3282,5417,8858,1745,31,117
2023,2023wasno,Week 1,5941,3268,2910,4089,4915,4682,100,44
2023,2023wasno,Week 1,5588,1899,2412,9036,3049,3826,79,32
2023,2023wasno,Week 1,4980,949,1778,8248,2980,1318,45,69
2023,2023wasno,Week 1,2903,2930,4131,4681,2097,4911,110,28
2023,2023wasno,Week 1,3681,2976,488,4173,2522,6350,74,54
2023,2023wasno,Week 1,7627,2928,1899,2147,4512,2910,55,126
2023,2023wasno,Week 1,4131,8248,4980,4915,5941,3826,56,57
2023,2023wasno,Week 1,488,1318,1778,3049,2976,2930,86,115
2023,2023wasno,Week 1,2522,2980,4681,2097,9036,3268,65,7
2023,2023wasno,Week 1,4089,4911,949,3681,2928,6350,59,25
2023,2023wasno,Week 1,4512,2903,5588,2412,7627,2147,40,79
2023,2023wasno,Week 1,4980,9036,4682,4131,4173,488,60,69
2023,2023wasno,Week 1,2976,4911,2910,3681,1318,3049,107,65
2023,2023wasno,Week 1,2930,2522,8248,4512,4089,2928,101,49
2023,2023wasno,Week 1,5941,7627,2980,1899,3826,4682,69,57
2023,2023wasno,Week 1,2147,4915,2903,3268,2412,6350,59,50
2023,2023wasno,Week 1,1778,2097,5588,4681,949,4173,16,48
2023,2023wasno,Week 1,2910,7627,4980,2980,4131,2976,122,60
2023,2023wasno,Week 1,2522,4682,2412,3268,4911,2930,66,88
2023,2023wasno,Week 1,4512,3681,9036,4915,1318,949,16,99
2023,2023wasno,Week 1,488,8248,2928,2903,1899,2097,62,49
2023,2023wasno,Week 1,3049,2147,4173,3826,5588,4089,101,59
2023,2023wasno,Week 1,4681,5941,2930,6350,1778,2980,80,25
2023,2023wasno,Week 1,2928,4980,2412,488,2910,2903,87,116
2023,2023wasno,Week 1,1318,2522,4512,3826,4131,7627,80,97
2023,2023wasno,Week 1,3049,4089,3268,5588,4681,2147,31,53
2023,2023wasno,Week 1,4173,3681,4915,9036,1778,8248,59,21
2023,2023wasno,Week 1,2976,6350,2097,4682,4911,5941,22,86
2023,2023wasno,Week 1,949,4131,3268,1899,2930,4980,54,85
2023,2023wasno,Week 1,2147,9036,2522,1778,4089,7627,83,81
2023,2023wasno,Week 1,4911,2412,488,8248,4512,5941,91,31
2023,2023wasno,Week 1,2980,1899,3681,1318,5588,6350,29,90
2023,2023wasno,Week 1,949,4682,2097,2910,4915,3049,15,126
2023,2023wasno,Week 1,4173,3826,2976,2928,2903,4681,59,49
2023,2023wasno,Week 1,4911,1778,1899,3268,488,2522,75,89
2023,2023wasno,Week 1,6350,2147,4089,4131,2097,4512,51,57
2023,2023wasno,Week 1,5588,8248,3681,2930,2910,9036,41,129
2023,2023wasno,Week 1,2903,5941,2976,3049,2980,949,37,33
2023,2023wasno,Week 1,4682,2928,4173,2412,1318,4681,68,111
2023,2023wasno,Week 1,3826,2930,7627,4915,4980,4911,132,87
2023,2023wasno,Week 1,8248,6350,3049,2097,2522,2910,33,102
2023,2023wasno,Week 1,4089,1899,1318,1778,5941,2412,117,87
2023,2023wasno,Week 1,4512,7627,4915,2980,5588,4173,85,45
2023,2023wasno,Week 1,4980,2147,3268,9036,2976,2928,54,89
2023,2023wasno,Week 1,4681,4131,4682,949,3681,2903,102,26
2023,2023wasno,Week 1,2910,3826,1318,488,2097,4089,128,39
2023,2023wasno,Week 1,5941,5588,9036,4911,4173,4512,51,59
2023,2023wasno,Week 1,2930,1778,4915,4131,2928,2147,68,126
2023,2023wasno,Week 1,2903,2412,3049,2522,4980,3681,45,100
2023,2023wasno,Week 1,6350,949,3826,4682,3268,2980,53,65
2023,2023wasno,Week 1,1899,4681,488,7627,2976,8248,84,88
2023,2023wasno,Week 1,4911,3049,4131,2412,2910,3681,94,128
2023,2023wasno,Week 1,5941,4089,2522,2928,2930,5588,85,107
2023,2023wasno,Week 1,1318,4173,2097,8248,3268,1899,101,60
2023,2023wasno,Week 1,949,488,7627,6350,4681,4915,120,71
2023,2023wasno,Week 1,1778,4512,2976,3826,2903,4980,88,27
2023,2023wasno,Week 1,9036,2980,4911,2147,4682,8248,104,98
2023,2023wasno,Week 1,4915,3268,2928,7627,3049,2522,50,97
2023,2023wasno,Week 1,2910,4681,1778,1899,4512,949,118,48
2023,2023wasno,Week 1,4682,6350,2903,1318,9036,4131,69,108
2023,2023wasno,Week 1,3681,2147,3826,2097,4980,5941,73,28
2023,2023wasno,Week 1,2930,488,2980,2412,4173,4089,130,80
2023,2023wasno,Week 1,5588,4915,4131,2976,4682,1318,94,90
2023,2023wasno,Week 1,2928,3049,5941,7627,6350,9036,84,89
2023,2023wasno,Week 1,4173,2910,1899,2522,2903,4911,135,109
2023,2023wasno,Week 1,4089,8248,4681,4980,488,5588,93,56
2023,2023wasno,Week 1,2097,2412,2930,2976,949,2147,108,47
2023,2023wasno,Week 1,2980,3826,4512,3268,3681,1778,61,49
2023,2023ilch,Week 2,111,3110,2151,8122,5934,694,82,92
2023,2023ilch,Week 2,8096,3061,3488,48,3067,4702,100,88
2023,2023ilch,Week 2,4327,2830,2451,2013,5148,1781,118,63
2023,2023ilch,Week 2,3734,3390,7460,6651,4645,5125,94,44
2023,2023ilch,Week 2,8880,5822,2022,7237,2077,3695,39,25
2023,2023ilch,Week 2,2338,2358,379,112,4787,677,81,43
2023,2023ilch,Week 2,1625,8802,806,3352,930,8029,46,112
2023,2023ilch,Week 2,1739,2506,8096,9082,7560,4327,25,28
2023,2023ilch,Week 2,48,3110,5934,3734,2013,4702,93,66
2023,2023ilch,Week 2,7460,2451,2022,2830,3488,8122,108,69
2023,2023ilch,Week 2,1781,2077,5822,2338,111,3061,55,129
2023,2023ilch,Week 2,3390,112,930,379,2151,8029,69,70
2023,2023ilch,Week 2,4787,3695,8802,1739,9082,3352,41,66
2023,2023ilch,Week 2,2506,7560,7237,806,5125,3067,23,25
2023,2023ilch,Week 2,4645,2358,694,8880,5148,1625,87,74
2023,2023ilch,Week 2,6651,48,7460,677,111,4327,50,108
2023,2023ilch,Week 2,8122,3734,2077,2013,930,8096,69,110
2023,2023ilch,Week 2,8029,4787,2022,5822,5934,3061,40,97
2023,2023ilch,Week 2,806,3352,2451,3110,3390,9082,82,55
2023,2023ilch,Week 2,4645,7237,5148,4702,379,1739,67,50
2023,2023ilch,Week 2,7560,2338,5125,1625,3488,677,84,121
2023,2023ilch,Week 2,3067,2151,8802,2506,2358,2830,53,54
2023,2023ilch,Week 2,112,6651,3695,8880,1781,694,39,115
2023,2023ilch,Week 2,3110,8029,2451,3352,2022,111,82,93
2023,2023ilch,Week 2,806,9082,5822,5934,2013,379,35,122
2023,2023ilch,Week 2,7460,8122,8096,7560,1625,3061,120,54
2023,2023ilch,Week 2,3067,4787,2338,8802,4327,3390,98,75
2023,2023ilch,Week 2,4702,7237,2358,5125,2151,694,45,80
2023,2023ilch,Week 2,677,1781,1739,48,2830,8880,70,103
2023,2023ilch,Week 2,6651,3488,3734,5148,2077,112,104,63
2023,2023ilch,Week 2,2451,3695,930,2506,4645,7460,133,52
2023,2023ilch,Week 2,3061,8029,3390,2013,3110,4327,88,64
2023,2023ilch,Week 2,2338,5934,2151,8802,694,8096,94,72
2023,2023ilch,Week 2,379,8880,3352,5125,8122,48,69,63
2023,2023ilch,Week 2,9082,4702,6651,7237,112,1625,53,86
2023,2023ilch,Week 2,2506,3067,677,5822,3695,5148,96,74
2023,2023ilch,Week 2,2358,7560,930,1781,2022,3734,85,88
2023,2023ilch,Week 2,2830,806,4645,111,2077,4787,35,79
2023,2023ilch,Week 2,3488,5125,3390,1739,3061,8122,94,77
2023,2023ilch,Week 2,2151,48,2013,2451,1625,6651,87,106
2023,2023ilch,Week 2,5148,4702,3110,7460,8802,2338,61,104
2023,2023ilch,Week 2,379,2506,1781,2022,9082,2358,85,52
2023,2023ilch,Week 2,8029,8096,111,4787,8880,7237,115,44
2023,2023ilch,Week 2,5934,930,4327,3695,677,7560,115,59
2023,2023ilch,Week 2,2830,3352,2077,3488,112,4645,59,104
2023,2023ilch,Week 2,694,3067,5822,3734,806,1739,102,48
2023,2023ilch,Week 2,3061,379,9082,5148,6651,2151,76,42
2023,2023ilch,Week 2,4702,1781,4787,5125,2506,8029,45,41
2023,2023ilch,Week 2,8122,3390,2013,3695,111,2358,89,90
2023,2023ilch,Week 2,4645,2338,3352,8096,2830,5934,108,117
2023,2023ilch,Week 2,2077,930,677,3067,2451,3734,98,132
2023,2023ilch,Week 2,7560,694,3110,5822,48,7237,113,68
2023,2023ilch,Week 2,1739,4327,1625,2022,112,806,80,63
2023,2023ilch,Week 2,8802,8880,2506,3488,7460,2013,50,76
2023,2023ilch,Week 2,4787,9082,2830,4702,5125,3061,58,69
2023,2023ilch,Week 2,111,5934,3390,930,5148,3067,142,113
2023,2023ilch,Week 2,3110,5822,6651,2358,8096,2451,36,111
2023,2023ilch,Week 2,2022,379,2077,694,1739,8029,68,88
2023,2023ilch,Week 2,3488,806,7560,8880,2151,3695,53,42
2023,2023ilch,Week 2,2338,4327,3734,3352,7237,7460,106,67
2023,2023ilch,Week 2,8122,8802,112,4645,677,48,119,96
2023,2023ilch,Week 2,8096,1625,4787,1781,2451,5934,88,133
2023,2023ilch,Week 2,5148,5125,9082,930,2022,3110,55,73
2023,2023ilch,Week 2,3390,8880,7560,5822,2830,4702,52,56
2023,2023ilch,Week 2,2013,1739,3695,8029,2338,6651,41,106
2023,2023ilch,Week 2,2358,48,112,2077,7460,806,100,53
2023,2023ilch,Week 2,2151,8122,4645,4327,1781,3067,93,113
2023,2023ilch,Week 2,3061,677,7237,694,3352,2506,73,97
2023,2023ilch,Week 2,1625,3734,111,8802,379,3488,138,96
2023,2023ilch,Week 2,2022,2013,5125,3390,8096,2338,75,140
2023,2023ilch,Week 2,8029,5148,2358,4787,7560,48,49,52
2023,2023ilch,Week 2,4327,7460,8880,9082,3067,5934,94,72
2023,2023ilch,Week 2,677,5822,8122,806,4702,2151,88,28
2023,2023ilch,Week 2,111,1739,112,2451,3061,2506,144,122
2023,2023ilch,Week 2,3695,1625,379,3110,3734,2830,105,94
2023,2023ilch,Week 2,7237,694,3488,1781,4645,930,116,134
2023,2023ilch,Week 2,2077,6651,2013,3352,8802,7560,60,69
2023,2023ilch,Week 2,677,2338,5148,8122,8029,9082,87,113
2023,2023ilch,Week 2,4327,8096,5125,2451,5822,111,82,123
2023,2023ilch,Week 2,7460,1739,3067,379,4787,3110,101,53
2023,2023ilch,Week 2,48,694,1625,3390,3695,2506,138,52
2023,2023ilch,Week 2,2151,3352,1781,2077,4645,8880,83,55
2023,2023ilch,Week 2,5934,4702,3488,6651,2358,806,109,27
2023,2023ilch,Week 2,3061,2022,2830,3734,7237,8802,80,87
2023,2023ilch,Week 2,930,8122,4787,112,2013,5822,99,107
2023,2023mosl,Week 2,4232,2978,1706,7496,6823,6420,87,43
2023,2023mosl,Week 2,2062,7452,1339,2202,5583,967,78,80
2023,2023mosl,Week 2,2408,1259,3397,4931,6391,4329,36,58
2023,2023mosl,Week 2,5176,3792,1288,9031,1178,8719,31,66
2023,2023mosl,Week 2,1329,1756,5060,706,1982,7117,76,83
2023,2023mosl,Week 2,4418,8069,4256,7747,7472,1208,46,67
2023,2023mosl,Week 2,8077,931,4143,34,6744,4500,107,55
2023,2023mosl,Week 2,7496,4330,2062,1339,4931,967,69,74
2023,2023mosl,Week 2,1178,5176,2202,6391,2978,9031,116,83
2023,2023mosl,Week 2,706,1329,8719,6420,1288,7452,62,48
2023,2023mosl,Week 2,4256,5583,1706,8069,2408,6823,93,56
2023,2023mosl,Week 2,1756,4500,4232,5060,1259,8077,118,63
2023,2023mosl,Week 2,6744,3397,4418,3792,1982,931,24,62
2023,2023mosl,Week 2,7117,4143,7747,4330,4329,1208,97,66
2023,2023mosl,Week 2,34,4931,9031,7472,2978,1339,32,80
2023,2023mosl,Week 2,6391,4256,6823,5583,706,1178,82,71
2023,2023mosl,Week 2,4500,7452,8077,1706,5176,8069,53,80
2023,2023mosl,Week 2,967,6744,1259,5060,3397,8719,82,35
2023,2023mosl,Week 2,7747,7496,1329,4418,4143,2202,18,117
2023,2023mosl,Week 2,2408,1208,1756,2062,1982,34,46,67
2023,2023mosl,Week 2,7472,1288,4330,6420,4232,931,70,63
2023,2023mosl,Week 2,6823,4329,1706,7117,3792,7452,79,27
2023,2023mosl,Week 2,8077,6744,4931,967,706,3397,56,79
2023,2023mosl,Week 2,5060,4500,1178,7747,4418,1259,88,42
2023,2023mosl,Week 2,8719,2202,7496,8069,1756,34,67,83
2023,2023mosl,Week 2,4256,9031,2408,4143,4232,1329,81,75
2023,2023mosl,Week 2,1982,7472,4329,5583,4330,3792,71,70
2023,2023mosl,Week 2,1288,7117,6391,2062,1208,2978,63,56
2023,2023mosl,Week 2,1706,6420,1339,5176,931,3397,128,39
2023,2023mosl,Week 2,706,1756,4931,4500,7747,2202,104,111
2023,2023mosl,Week 2,2408,34,7452,4256,1178,4143,33,101
2023,2023mosl,Week 2,4232,7472,1259,967,8719,4329,57,89
2023,2023mosl,Week 2,6823,4330,9031,7496,1288,1982,104,67
2023,2023mosl,Week 2,2978,8069,5583,1339,931,6391,46,128
2023,2023mosl,Week 2,7117,2062,4418,1329,6420,8077,57,57
2023,2023mosl,Week 2,3792,5060,6744,1208,5176,4256,69,74
2023,2023mosl,Week 2,8719,4500,7472,1756,4329,1178,66,118
2023,2023mosl,Week 2,7747,6823,1982,1259,34,1288,81,74
2023,2023mosl,Week 2,2408,967,1706,9031,1339,706,77,110
2023,2023mosl,Week 2,5583,6391,2062,4418,8077,4330,52,68
2023,2023mosl,Week 2,1208,5060,7496,6420,2202,8069,33,104
2023,2023mosl,Week 2,3792,1329,2978,3397,7452,4232,28,19
2023,2023mosl,Week 2,931,7117,4931,4143,6744,5176,49,113
2023,2023mosl,Week 2,1756,4256,1982,1288,1706,4500,112,123
2023,2023mosl,Week 2,1178,7747,1339,8719,2062,8077,85,32
2023,2023mosl,Week 2,4329,5583,6420,9031,5060,2202,84,88
2023,2023mosl,Week 2,6391,34,3792,7452,967,1329,64,51
2023,2023mosl,Week 2,5176,1259,706,2978,4330,4143,96,87
2023,2023mosl,Week 2,4931,4232,1208,931,4418,6823,47,70
2023,2023mosl,Week 2,8069,7496,7472,6744,2408,7117,35,59
2023,2023mosl,Week 2,3397,9031,5583,4500,2062,4256,62,107
2023,2023mosl,Week 2,1982,6420,6391,1756,3792,7747,101,112
2023,2023mosl,Week 2,34,8719,2978,4330,1706,5060,22,108
2023,2023mosl,Week 2,4329,1329,4418,5176,967,6823,63,73
2023,2023mosl,Week 2,1288,1339,2408,2202,7452,6744,82,88
2023,2023mosl,Week 2,1259,1208,931,8077,7496,706,94,24
2023,2023mosl,Week 2,4931,3397,8069,4232,7117,1178,49,40
2023,2023mosl,Week 2,4143,2062,5060,1706,3792,7472,107,73
2023,2023mosl,Week 2,2978,1982,5176,967,4256,7747,65,109
2023,2023mosl,Week 2,6420,8719,6744,4418,6391,2408,81,41
2023,2023mosl,Week 2,7452,931,4330,1259,9031,1756,84,127
2023,2023mosl,Week 2,1329,1178,1288,4931,5583,7496,38,33
2023,2023mosl,Week 2,2202,1208,34,3397,7117,4500,85,56
2023,2023mosl,Week 2,706,4329,4143,4232,1339,8069,153,94
2023,2023mosl,Week 2,7472,8077,2408,6823,2978,5060,61,78
2023,2023mosl,Week 2,1706,9031,931,7452,6391,7747,121,89
2023,2023mosl,Week 2,4256,6420,4330,1178,4931,3792,101,53
2023,2023mosl,Week 2,5583,4418,5176,7496,3397,1756,54,101
2023,2023mosl,Week 2,4329,34,4232,6744,706,2062,74,113
2023,2023mosl,Week 2,8069,8077,1208,1329,1339,1982,54,50
2023,2023mosl,Week 2,4143,4500,967,8719,6823,1288,114,42
2023,2023mosl,Week 2,2202,1259,6391,7117,7472,4256,112,75
2023,2023mosl,Week 2,7452,7496,9031,5060,4418,4931,58,51
2023,2023mosl,Week 2,34,7747,5176,5583,2408,4232,64,22
2023,2023mosl,Week 2,4330,1178,6744,1208,1706,1329,121,124
2023,2023mosl,Week 2,931,1288,706,4329,8077,3792,110,88
2023,2023mosl,Week 2,2062,967,6420,1259,8069,4500,99,49
2023,2023mosl,Week 2,1339,4143,3397,7472,6823,1756,121,126
2023,2023mosl,Week 2,2978,2202,7117,1982,8719,5583,80,48
2023,2023ndgf,Week 2,2509,6146,5929,4239,2531,4207,75,70
2023,2023ndgf,Week 2,8188,2654,3313,4536,7038,3691,21,42
2023,2023ndgf,Week 2,7235,3630,4226,6045,8878,7858,50,98
2023,2023ndgf,Week 2,4360,3134,2470,3300,7257,5658,86,102
2023,2023ndgf,Week 2,2175,876,3058,8887,877,6453,75,15
2023,2023ndgf,Week 2,3277,4238,8422,5172,537,7677,63,75
2023,2023ndgf,Week 2,2883,7048,6628,3216,7028,4607,58,144
2023,2023ndgf,Week 2,5638,4539,8255,3026,4663,3293,99,64
2023,2023ndgf,Week 2,4198,2508,8586,3275,3740,6045,64,90
2023,2023ndgf,Week 2,3630,3691,8878,876,3300,3134,64,108
2023,2023ndgf,Week 2,2531,7235,7257,2654,2175,3277,73,93
2023,2023ndgf,Week 2,6628,7677,7858,2509,2883,877,66,80
2023,2023ndgf,Week 2,5172,4226,8188,4207,7048,4663,76,62
2023,2023ndgf,Week 2,6146,3216,3026,3740,7038,4360,95,24
2023,2023ndgf,Week 2,4198,8422,4607,4536,5658,2508,118,32
2023,2023ndgf,Week 2,3275,537,6453,4239,2470,4539,52,114
2023,2023ndgf,Week 2,5929,3313,3293,4238,8586,8887,62,9
2023,2023ndgf,Week 2,7028,8255,6045,5638,3058,2531,104,90
2023,2023ndgf,Week 2,877,6146,2654,3630,5172,3300,104,88
2023,2023ndgf,Week 2,8188,4536,4663,3740,6628,3216,82,54
2023,2023ndgf,Week 2,2508,7048,3691,7235,4239,3026,17,66
2023,2023ndgf,Week 2,537,2509,7257,8878,6453,3313,121,33
2023,2023ndgf,Week 2,4238,4539,7858,7038,4207,3134,70,75
2023,2023ndgf,Week 2,8255,2470,2883,8887,8422,876,101,83
2023,2023ndgf,Week 2,5658,5929,7677,5638,3275,7028,47,117
2023,2023ndgf,Week 2,8586,4360,2175,4607,3293,3058,46,122
2023,2023ndgf,Week 2,4226,4198,7048,3277,3313,3630,66,57
2023,2023ndgf,Week 2,7235,877,4663,4536,7257,4239,67,117
2023,2023ndgf,Week 2,2883,8887,4539,3691,2531,6146,66,63
2023,2023ndgf,Week 2,3740,6453,2509,3300,8255,4238,62,35
2023,2023ndgf,Week 2,7028,2175,8878,8422,4207,8586,79,63
2023,2023ndgf,Week 2,3058,5658,7038,2508,6628,4226,64,71
2023,2023ndgf,Week 2,5638,8188,3216,4607,3277,3275,79,101
2023,2023ndgf,Week 2,5172,6045,3134,3026,537,876,131,81
2023,2023ndgf,Week 2,3293,7858,2470,5929,2654,4198,87,49
2023,2023ndgf,Week 2,3630,4360,4536,7677,2509,8586,43,62
2023,2023ndgf,Week 2,7038,2883,7028,3740,2175,3300,110,32
2023,2023ndgf,Week 2,7257,4539,3691,6628,5638,8422,109,86
2023,2023ndgf,Week 2,3275,6146,5172,4226,8887,8255,81,37
2023,2023ndgf,Week 2,3134,4238,6453,8188,4198,7235,56,81
2023,2023ndgf,Week 2,7677,3026,8878,3058,3313,2470,75,109
2023,2023ndgf,Week 2,2531,876,3277,5658,4360,7858,105,45
2023,2023ndgf,Week 2,2508,5929,877,7048,3216,537,58,38
2023,2023ndgf,Week 2,4663,6045,4607,4207,3293,2654,131,106
2023,2023ndgf,Week 2,7038,4239,5638,3630,2883,8586,93,76
2023,2023ndgf,Week 2,6628,3058,5172,6146,7235,3740,93,113
2023,2023ndgf,Week 2,4360,7028,4226,2470,3691,6453,83,66
2023,2023ndgf,Week 2,3313,5658,4198,8255,5929,2175,66,34
2023,2023ndgf,Week 2,3134,8422,7257,6045,2654,3216,84,136
2023,2023ndgf,Week 2,4607,4239,4238,7858,4663,876,87,107
2023,2023ndgf,Week 2,877,3300,537,3293,8188,2531,85,33
2023,2023ndgf,Week 2,8887,7677,3277,2508,2509,4539,41,109
2023,2023ndgf,Week 2,8878,4536,4207,3275,3026,7048,98,50
2023,2023ndgf,Week 2,3313,5638,3740,7235,8422,4360,87,55
2023,2023ndgf,Week 2,5929,4239,3134,4226,4607,2883,31,93
2023,2023ndgf,Week 2,8586,7257,7028,8188,7858,6146,91,65
2023,2023ndgf,Week 2,8887,3058,537,3300,3216,4198,63,78
2023,2023ndgf,Week 2,3293,876,3630,2531,6628,3275,100,64
2023,2023ndgf,Week 2,2654,7038,3026,6453,3277,7048,74,29
2023,2023ndgf,Week 2,2175,4238,4536,6045,2508,2470,46,127
2023,2023ndgf,Week 2,5658,8878,2509,4539,4663,5172,60,117
2023,2023ndgf,Week 2,7677,4207,877,3691,8255,7235,115,47
2023,2023ndgf,Week 2,7257,3275,3293,3058,3134,2883,115,107
2023,2023ndgf,Week 2,6453,3026,8188,8422,7858,5929,67,54
2023,2023ndgf,Week 2,876,2654,2508,3313,7028,6146,87,108
2023,2023ndgf,Week 2,3630,4198,4539,7048,5172,4360,52,55
2023,2023ndgf,Week 2,5658,6628,4238,4239,8878,8887,69,82
2023,2023ndgf,Week 2,2509,4607,7038,537,3691,6045,107,85
2023,2023ndgf,Week 2,2470,3740,4207,3277,5638,877,91,93
2023,2023ndgf,Week 2,3216,4226,4536,2531,8586,8255,78,41
2023,2023ndgf,Week 2,6146,3300,4663,2175,7677,4198,94,69
2023,2023ndgf,Week 2,2883,8188,4239,8878,4360,2654,109,59
2023,2023ndgf,Week 2,6045,3630,8887,6453,7028,5658,100,91
2023,2023ndgf,Week 2,8422,2470,3275,877,3293,7038,80,53
2023,2023ndgf,Week 2,7858,3216,3058,3691,3313,5172,64,52
2023,2023ndgf,Week 2,3026,2175,5638,876,4226,2509,113,132
2023,2023ndgf,Week 2,7048,3740,2531,7257,7677,4238,45,104
2023,2023ndgf,Week 2,4207,2508,8255,3134,8586,6628,77,83
2023,2023ndgf,Week 2,4539,3277,3300,5929,4607,4536,77,109
2023,2023ndgf,Week 2,537,7235,3313,4663,3275,2883,84,110
2023,2023ndgf,Week 2,3216,5172,4239,2470,8188,2175,90,76
2023,2023ndgf,Week 2,2654,3058,8422,4238,2509,3630,80,89
2023,2023ndgf,Week 2,3691,876,4207,4198,7257,3740,85,87
2023,2023ndgf,Week 2,877,6045,6628,4360,3277,5929,108,80
2023,2023ndgf,Week 2,3293,537,4226,7028,4536,7677,76,157
2023,2023ndgf,Week 2,8586,3300,7235,4539,3026,5658,36,127
2023,2023ndgf,Week 2,4663,2531,8878,7038,6453,2508,94,40
2023,2023ndgf,Week 2,7048,8887,6146,7858,3134,5638,83,109
2023,2023ndgf,Week 2,8255,877,3740,4607,3630,8188,68,103
2023,2023okok,Week 2,5889,6424,3660,6809,5578,3247,112,52
2023,2023okok,Week 2,2718,2333,9007,2395,2352,8711,26,39
2023,2023okok,Week 2,1750,2773,1410,5550,4005,2341,36,57
2023,2023okok,Week 2,1209,2373,2986,4603,3160,2945,63,29
2023,2023okok,Week 2,3465,4293,3931,1108,2165,6026,28,67
2023,2023okok,Week 2,1619,4523,5889,1561,2359,2773,81,57
2023,2023okok,Week 2,1410,2341,2718,4603,2333,1209,77,34
2023,2023okok,Week 2,2352,2165,4293,8711,1750,5578,91,22
2023,2023okok,Week 2,3465,1561,2395,2945,1619,2373,12,117
2023,2023okok,Week 2,6809,5550,2986,3660,3931,4005,16,84
2023,2023okok,Week 2,3160,6026,2359,9007,1108,3247,40,63
2023,2023okok,Week 2,6424,1750,2165,1209,2718,4523,105,69
2023,2023okok,Week 2,5578,1410,1561,8711,5550,2773,71,38
2023,2023okok,Week 2,3931,2359,6809,3160,2395,9007,41,52
2023,2023okok,Week 2,6026,2352,1619,5889,1108,2373,132,96
2023,2023okok,Week 2,2333,4005,6424,2986,3465,4603,90,12
2023,2023okok,Week 2,4293,3247,3660,2341,2945,4523,73,30
2023,2023okok,Week 2,2395,1108,3931,1209,5889,5578,71,74
2023,2023okok,Week 2,1561,2373,2165,6809,6026,1410,83,68
2023,2023okok,Week 2,4523,4603,8711,3160,2333,2341,34,46
2023,2023okok,Week 2,4293,5550,2945,6424,1619,2718,44,96
2023,2023okok,Week 2,3465,9007,2359,1750,3660,2986,53,41
2023,2023okok,Week 2,2352,2773,1209,4005,2165,3247,84,65
2023,2023okok,Week 2,2945,6026,2395,1410,4523,5550,46,63
2023,2023okok,Week 2,2986,8711,5889,9007,3660,2373,84,67
2023,2023okok,Week 2,4603,2718,1750,3160,1561,3931,50,86
2023,2023okok,Week 2,2359,2341,1619,4005,2352,5578,83,68
2023,2023okok,Week 2,1108,4293,6809,2333,3465,2773,67,80
2023,2023okok,Week 2,6424,1410,4603,3247,6026,1561,91,85
2023,2023okok,Week 2,2352,2986,4523,3660,1619,5578,96,96
2023,2023okok,Week 2,2718,4005,3160,4293,2373,8711,66,39
2023,2023okok,Week 2,2165,3931,9007,6424,2341,3465,51,58
2023,2023okok,Week 2,5550,2395,3247,2359,1108,2333,57,72
2023,2023okok,Week 2,2773,2945,5889,1209,6809,1750,101,33
2023,2023okok,Week 2,8711,1410,3465,4523,5578,6424,47,80
2023,2023okok,Week 2,3160,3660,2352,4603,3931,5550,95,58
2023,2023okok,Week 2,4005,1209,1561,2395,4293,2359,115,63
2023,2023okok,Week 2,9007,6809,2945,2773,2718,1108,66,60
2023,2023okok,Week 2,1750,5889,2333,2341,2373,6026,70,91
2023,2023okok,Week 2,3247,1619,3160,2165,2986,2395,93,26
2023,2023okok,Week 2,1410,1209,1108,3660,4523,1561,91,72
2023,2023okok,Week 2,2718,5578,6026,2773,6809,4005,35,39
2023,2023okok,Week 2,3931,3247,2373,4293,9007,4603,84,46
2023,2023okok,Week 2,1619,5550,3465,2341,5889,2352,93,104
2023,2023okok,Week 2,2165,8711,2333,2359,6424,2945,75,91
2023,2023okok,Week 2,1750,4523,1108,2986,9007,4005,58,51
2023,2023okok,Week 2,2373,5578,3465,5550,3160,1209,43,63
2023,2023okok,Week 2,2341,6809,8711,1619,2395,4603,33,80
2023,2023okok,Week 2,2986,2945,2718,5889,1410,4293,56,83
2023,2023okok,Week 2,2165,3660,2773,2352,1561,2333,72,116
2023,2023okok,Week 2,3931,6424,6026,3247,1750,2359,141,48
2023,2023okok,Week 2,4523,4005,4293,5889,3465,3160,76,39
2023,2023okok,Week 2,5578,2333,5550,9007,1209,1619,33,130
2023,2023okok,Week 2,3247,2986,2341,1561,2718,6809,66,88
2023,2023okok,Week 2,3660,4603,1108,1410,2359,2165,70,63
2023,2023okok,Week 2,2373,1750,2352,2773,6424,2395,82,92
2023,2023okok,Week 2,3931,2945,1209,6026,8711,4005,82,63
2023,2023okok,Week 2,1561,9007,5550,4523,3160,2165,92,123
2023,2023okok,Week 2,5578,2341,2773,1108,2986,6424,10,98
2023,2023okok,Week 2,8711,3931,1619,2945,3247,1410,104,80
2023,2023okok,Week 2,6809,2395,3660,6026,4293,1750,70,12
2023,2023okok,Week 2,2359,4603,5889,3465,2352,2718,56,94
2023,2023okok,Week 2,2373,2773,3160,2333,1410,3931,90,84
2023,2023gadal,Week 2,5219,5900,1648,8865,7514,6705,20,13
2023,2023gadal,Week 2,8080,6712,6887,832,6340,7104,24,49
2023,2023gadal,Week 2,1758,6944,4026,8866,8761,3815,34,33
2023,2023gadal,Week 2,1311,6023,1002,4516,6341,7451,23,23
2023,2023gadal,Week 2,8865,2974,6705,6712,6340,5219,87,77
2023,2023gadal,Week 2,7104,1648,8080,5900,6944,1758,34,36
2023,2023gadal,Week 2,7451,1311,3815,832,6023,8761,49,32
2023,2023gadal,Week 2,6341,4026,8866,4516,2974,6887,20,115
2023,2023gadal,Week 2,7514,7104,5219,1002,6705,6712,19,46
2023,2023gadal,Week 2,6023,5900,6340,1758,1311,6944,59,25
2023,2023gadal,Week 2,832,8865,4516,8761,2974,8080,32,66
2023,2023gadal,Week 2,1002,7514,7451,3815,6887,6341,41,14
2023,2023gadal,Week 2,1648,4026,6705,6340,8866,1311,37,80
2023,2023gadal,Week 2,5900,4516,8761,6944,8080,5219,26,48
2023,2023gadal,Week 2,6887,832,3815,8865,6341,1002,37,13
2023,2023gadal,Week 2,6023,7451,4026,7104,6712,1758,46,42
2023,2023gadal,Week 2,5219,8866,2974,7514,1648,8761,79,13
2023,2023gadal,Week 2,6341,5900,832,4516,6705,3815,34,18
2023,2023gadal,Week 2,7104,8865,6023,6340,1002,4026,30,69
2023,2023gadal,Week 2,8866,6712,7451,2974,6944,7514,59,84
2023,2023gadal,Week 2,6887,1758,1648,832,8080,1311,54,25
2023,2023gadal,Week 2,8761,5219,4026,3815,1002,7104,29,31
2023,2023gadal,Week 2,8866,6340,4516,5900,8865,7451,63,43
2023,2023gadal,Week 2,6705,1758,1311,7514,6341,8080,24,30
2023,2023gadal,Week 2,6944,6887,6023,1648,2974,6712,66,115
2023,2023gadal,Week 2,3815,8866,5900,8865,8761,7104,31,30
2023,2023gadal,Week 2,6340,7514,1758,5219,1002,832,62,44
2023,2023gadal,Week 2,6712,1311,6944,4026,6887,4516,57,31
2023,2023gadal,Week 2,6023,6705,6341,1648,7451,8080,55,14
2023,2023gadal,Week 2,2974,832,6340,1002,7104,5900,121,32
2023,2023gadal,Week 2,6712,4516,7514,1311,6887,8761,54,51
2023,2023gadal,Week 2,8080,8866,8865,6341,6023,1648,39,53
2023,2023gadal,Week 2,7451,3815,5219,4026,1758,2974,40,98
2023,2023gadal,Week 2,6944,8761,1002,6705,5900,6712,57,72
2023,2023gadal,Week 2,6887,8865,6340,6023,7514,8866,71,47
2023,2023gadal,Week 2,5219,6341,1758,3815,4516,1648,39,39
2023,2023gadal,Week 2,2974,7104,1311,6705,832,6944,96,37
2023,2023gadal,Week 2,8080,4026,5900,7451,8761,6340,67,35
2023,2023gadal,Week 2,6887,1002,8866,4516,5219,6023,40,45
2023,2023gadal,Week 2,6712,6705,6341,1758,3815,8865,57,24
2023,2023gadal,Week 2,1648,832,7514,1311,4026,7104,23,55
2023,2023gadal,Week 2,2974,8080,1002,7451,6944,8866,105,46
2023,2023gadal,Week 2,6705,5219,6887,1758,4516,6023,40,71
2023,2023gadal,Week 2,8761,6340,6341,4026,6712,832,83,49
2023,2023gadal,Week 2,8080,3815,2974,7514,1311,5900,89,54
2023,2023gadal,Week 2,6944,1648,8865,7104,7451,6887,30,54
2023,2023gadal,Week 2,8761,6023,6712,8866,1758,832,63,73
2023,2023gadal,Week 2,4026,3815,7514,6340,8080,6705,20,94
2023,2023gadal,Week 2,1002,1648,4516,5900,7451,2974,53,85
2023,2023gadal,Week 2,6341,7104,6944,1311,5219,8865,47,41
2023,2023mike2,Week 2,5166,1718,5183,1684,3667,4779,108,110
2023,2023mike2,Week 2,314,322,7772,7762,5561,5150,57,57
2023,2023mike2,Week 2,8426,9237,9242,7192,494,1076,60,88
2023,2023mike2,Week 2,4961,5235,830,3534,5517,5562,22,69
2023,2023mike2,Week 2,5860,5603,453,5114,2604,3568,39,107
2023,2023mike2,Week 2,5533,5046,6085,3098,68,5612,16,77
2023,2023mike2,Week 2,247,2137,7772,7192,6098,5166,50,109
2023,2023mike2,Week 2,3534,4779,5561,7762,4961,5183,106,28
2023,2023mike2,Week 2,3667,3568,1076,5603,1684,2604,54,86
2023,2023mike2,Week 2,5533,5517,3098,5046,9237,5860,41,29
2023,2023mike2,Week 2,6098,5612,1718,9242,5114,5235,97,73
2023,2023mike2,Week 2,494,5150,5562,68,453,247,77,53
2023,2023mike2,Week 2,2137,314,8426,830,6085,322,71,24
2023,2023mike2,Week 2,7192,5561,5603,5046,7772,5517,77,25
2023,2023mike2,Week 2,5612,5860,3667,4779,5235,9237,66,75
2023,2023mike2,Week 2,4961,68,5166,1718,5562,2604,100,64
2023,2023mike2,Week 2,2137,322,6098,5533,1684,5183,63,45
2023,2023mike2,Week 2,494,3534,830,5114,6085,5150,112,61
2023,2023mike2,Week 2,9242,247,3098,8426,453,3568,52,48
2023,2023mike2,Week 2,314,7762,4779,1076,5612,5166,98,100
2023,2023mike2,Week 2,68,7192,5562,5603,4961,322,71,114
2023,2023mike2,Week 2,5183,5114,7772,5235,5150,2604,23,48
2023,2023mike2,Week 2,5517,6098,494,6085,1684,3568,90,89
2023,2023mike2,Week 2,3667,9242,5046,453,1076,2137,57,30
2023,2023mike2,Week 2,3098,5561,9237,3534,247,314,65,69
2023,2023mike2,Week 2,5533,830,5860,1718,7762,8426,37,122
2023,2023mike2,Week 2,3568,322,5150,4961,5612,5517,63,27
2023,2023mike2,Week 2,5603,4779,68,9242,494,6085,96,72
2023,2023mike2,Week 2,1684,9237,7192,453,5562,3098,96,17
2023,2023mike2,Week 2,247,1718,830,7772,5561,5235,83,59
2023,2023mike2,Week 2,2604,1076,314,6098,5533,7762,70,42
2023,2023mike2,Week 2,5860,5183,2137,8426,3534,3667,41,115
2023,2023mike2,Week 2,5114,5046,4961,5166,3568,9242,46,103
2023,2023mike2,Week 2,453,7772,1684,830,4779,5612,55,100
2023,2023mike2,Week 2,6085,2604,5561,5150,9237,5533,81,51
2023,2023mike2,Week 2,5183,322,3667,1718,5860,494,27,152
2023,2023mike2,Week 2,6098,5235,3534,5166,5046,8426,61,103
2023,2023mike2,Week 2,5517,247,7192,68,314,5114,46,98
2023,2023mike2,Week 2,1076,7762,5562,5603,3098,2137,47,96
2023,2023mike2,Week 2,6085,453,9237,7772,4961,1718,21,60
2023,2023mike2,Week 2,5150,4779,5046,9242,1684,6098,68,85
2023,2023mike2,Week 2,2604,3667,68,5612,7192,3534,82,77
2023,2023mike2,Week 2,2137,5166,5235,322,3098,494,116,92
2023,2023mike2,Week 2,5517,5183,5603,1076,5533,247,62,46
2023,2023mike2,Week 2,5114,8426,5860,5561,5562,314,63,85
2023,2023mike2,Week 2,3568,830,9237,7762,9242,7192,43,69
2023,2023mike2,Week 2,5235,494,5046,4779,2604,6098,102,80
2023,2023mike2,Week 2,1076,3098,4961,3534,453,322,51,46
2023,2023mike2,Week 2,5612,5114,1684,5561,8426,5533,114,106
2023,2023mike2,Week 2,830,2137,7762,5183,68,3568,55,70
2023,2023mike2,Week 2,5562,5166,247,6085,7772,5860,58,70
2023,2023mike2,Week 2,314,5150,5517,3667,1718,5603,76,109
2023,2023mike2,Week 2,9237,5612,494,3098,6098,5114,115,65
2023,2023mike2,Week 2,453,7762,5235,1684,2137,68,49,107
2023,2023mike2,Week 2,830,9242,1076,322,5860,5561,23,79
2023,2023mike2,Week 2,2604,7192,8426,1718,5517,4779,56,118
2023,2023mike2,Week 2,3568,5533,3534,3667,7772,5166,87,98
2023,2023mike2,Week 2,5562,5603,6085,5046,5183,314,70,69
2023,2023mike2,Week 2,247,5150,5612,2137,4961,9242,45,44
2023,2023mike2,Week 2,68,6098,5561,5860,2604,3098,78,47
2023,2023mike2,Week 2,7772,3568,7192,5235,5533,1718,59,96
2023,2023mike2,Week 2,5562,5114,322,4779,6085,1076,82,81
2023,2023mike2,Week 2,5150,5183,453,5517,5166,7762,35,71
2023,2023mike2,Week 2,8426,494,4961,314,830,3667,84,57
2023,2023mike2,Week 2,1684,3534,5046,9237,5603,247,77,81
2023,2023mike2,Week 2,5561,1076,1718,7192,6085,2137,89,28
2023,2023mike2,Week 2,2604,5517,9242,5612,5562,5183,37,67
2023,2023mike2,Week 2,3098,8426,4779,7772,68,5150,83,43
2023,2023mike2,Week 2,5166,5603,5533,6098,830,453,113,45
2023,2023mike2,Week 2,4961,5860,3534,494,314,1684,79,135
2023,2023mike2,Week 2,322,5046,7762,247,3667,5114,54,82
2023,2023mike2,Week 2,3568,5235,5612,9237,1076,68,67,59
2023,2023mike2,Week 2,4779,5166,453,5561,2137,5517,124,71
2023,2023mike2,Week 2,5860,314,6098,5150,7192,4961,90,56
2023,2023mike2,Week 2,5562,9242,7772,494,3667,5533,25,86
2023,2023mike2,Week 2,5183,247,2604,5046,3098,830,57,41
2023,2023mike2,Week 2,322,1718,1684,9237,3534,5114,123,88
2023,2023mike2,Week 2,5235,8426,6085,7762,3568,5603,45,71
2023,2023milan,Week 2,5907,2246,7056,51,5674,8873,116,88
2023,2023milan,Week 2,5530,5697,3655,5560,1322,5282,51,66
2023,2023milan,Week 2,6570,6078,6548,1481,4983,9241,80,66
2023,2023milan,Week 2,9203,862,5702,3536,3618,6610,56,92
2023,2023milan,Week 2,6591,7289,5567,8424,7195,3773,38,30
2023,2023milan,Week 2,7254,8374,5234,5708,6150,5704,32,23
2023,2023milan,Week 2,8873,5697,6570,5530,5674,4983,71,70
2023,2023milan,Week 2,1322,862,6610,1481,6548,2246,78,97
2023,2023milan,Week 2,7195,9203,7056,8424,3655,3536,79,86
2023,2023milan,Week 2,5907,3773,9241,5560,5234,6078,66,38
2023,2023milan,Week 2,7254,5704,7289,8374,6591,5702,37,63
2023,2023milan,Week 2,5567,5282,6150,3618,5708,51,50,100
2023,2023milan,Week 2,7195,8873,1322,9203,8424,5697,62,49
2023,2023milan,Week 2,5560,862,9241,3773,7056,5234,79,55
2023,2023milan,Week 2,1481,6591,5530,3655,5674,5702,41,73
2023,2023milan,Week 2,7289,6078,5708,2246,8374,51,56,100
2023,2023milan,Week 2,5282,6548,7254,3536,6570,5704,49,84
2023,2023milan,Week 2,6610,6150,4983,3618,5907,5567,74,82
2023,2023milan,Week 2,5234,5697,1481,7056,862,6591,72,111
2023,2023milan,Week 2,5530,8424,5702,5674,1322,9241,48,53
2023,2023milan,Week 2,6548,3536,7289,5708,7254,8873,98,61
2023,2023milan,Week 2,3618,5560,6150,5704,51,6078,46,69
2023,2023milan,Week 2,3655,3773,8374,5282,9203,5907,50,102
2023,2023milan,Week 2,5567,4983,6570,6610,2246,7195,95,50
2023,2023milan,Week 2,8873,9241,8424,862,5708,1481,46,61
2023,2023milan,Week 2,5702,51,6150,7056,5530,6548,92,79
2023,2023milan,Week 2,3773,3536,5560,1322,7254,5697,59,55
2023,2023milan,Week 2,8374,6570,5674,6591,5234,3618,83,91
2023,2023milan,Week 2,6078,5567,7195,4983,7289,9203,70,71
2023,2023milan,Week 2,6610,5907,3655,5704,2246,5282,60,45
2023,2023milan,Week 2,3536,1481,1322,6150,7254,8424,100,72
2023,2023milan,Week 2,7056,5708,5560,3773,5674,6548,100,48
2023,2023milan,Week 2,51,5234,9203,3618,4983,862,77,98
2023,2023milan,Week 2,6570,5702,6610,3655,8873,6078,96,77
2023,2023milan,Week 2,5530,5567,2246,5697,5907,6591,73,88
2023,2023milan,Week 2,7195,9241,5704,7289,5282,8374,31,75
2023,2023milan,Week 2,8424,5234,5674,4983,7056,7254,46,98
2023,2023milan,Week 2,51,6570,3655,3773,6078,1322,114,65
2023,2023milan,Week 2,6150,9203,2246,5560,6548,6591,61,73
2023,2023milan,Week 2,5282,3618,1481,7289,5530,8873,86,54
2023,2023milan,Week 2,5702,7195,5907,5567,5704,862,39,62
2023,2023milan,Week 2,5708,6610,8374,5697,9241,3536,58,66
2023,2023milan,Week 2,4983,8424,51,6591,3773,6570,96,45
2023,2023milan,Week 2,2246,7254,3618,7056,3655,1322,20,108
2023,2023milan,Week 2,8873,5704,5234,9203,5567,6548,51,54
2023,2023milan,Week 2,5282,5697,5674,6150,1481,6078,67,115
2023,2023milan,Week 2,5907,3536,5708,9241,5702,7289,95,58
2023,2023milan,Week 2,862,7195,8374,6610,5560,5530,35,70
2023,2023milan,Week 2,9203,3618,8873,51,3773,7254,42,69
2023,2023milan,Week 2,5704,6548,5697,2246,1322,5234,49,62
2023,2023milan,Week 2,6078,4983,6591,3536,5702,5282,69,79
2023,2023milan,Week 2,862,3655,7289,8424,5567,6610,124,37
2023,2023milan,Week 2,1481,5560,7195,5708,5907,5674,85,67
2023,2023milan,Week 2,8374,6150,7056,9241,6570,5530,96,76
2023,2023milan,Week 2,5704,9203,3773,4983,2246,3536,15,98
2023,2023milan,Week 2,7254,3655,5567,6078,5702,5697,62,66
2023,2023milan,Week 2,1322,6591,5708,8873,6610,1481,65,76
2023,2023milan,Week 2,9241,7056,51,5234,5282,7195,113,19
2023,2023milan,Week 2,6548,8424,3618,8374,5530,5907,73,42
2023,2023milan,Week 2,5674,7289,5560,6570,6150,862,71,116
2023,2023milan,Week 2,5697,5708,3773,3655,1481,5704,42,84
2023,2023milan,Week 2,6591,6610,5282,7195,51,3536,36,119
2023,2023milan,Week 2,5234,9241,5567,7254,5530,9203,51,39
2023,2023milan,Week 2,5674,6078,862,6548,8873,6150,106,92
2023,2023milan,Week 2,2246,7289,6570,5702,3618,7056,83,90
2023,2023milan,Week 2,5907,5560,4983,1322,8374,8424,108,72
2023,2023milan,Week 2,5234,3536,5530,5567,1481,3773,44,58
2023,2023milan,Week 2,5674,6591,7254,9241,6610,9203,63,50
2023,2023milan,Week 2,862,8873,2246,6150,7195,3655,115,101
2023,2023milan,Week 2,6548,1322,5907,6570,5282,5708,83,60
2023,2023milan,Week 2,5702,5704,4983,5697,51,5560,71,100
2023,2023milan,Week 2,6078,8374,3618,7289,7056,8424,87,81
2023,2023misjo,Week 2,5675,3875,5056,5227,3620,5623,88,52
2023,2023misjo,Week 2,2767,6002,9228,9239,3658,5462,98,64
2023,2023misjo,Week 2,5980,4325,7210,5712,3452,5843,54,73
2023,2023misjo,Week 2,5110,1940,5927,94,4776,7814,47,35
2023,2023misjo,Week 2,5982,5535,6642,7809,6588,3604,40,21
2023,2023misjo,Week 2,5247,5152,4237,2959,5182,9208,105,71
2023,2023misjo,Week 2,74,8126,5712,5610,5227,3452,104,62
2023,2023misjo,Week 2,5675,9228,3620,6002,4325,1940,69,83
2023,2023misjo,Week 2,5980,5843,5056,5535,4776,3658,25,73
2023,2023misjo,Week 2,5927,9239,94,9208,5462,3875,36,85
2023,2023misjo,Week 2,5182,7814,8126,74,3604,2767,36,136
2023,2023misjo,Week 2,6588,6642,5152,5247,5610,2959,64,46
2023,2023misjo,Week 2,7210,7809,5110,5982,5623,4237,24,74
2023,2023misjo,Week 2,5712,3875,5535,4325,5462,9228,67,67
2023,2023misjo,Week 2,94,9208,74,5675,8126,5980,71,88
2023,2023misjo,Week 2,5843,6642,5227,5182,9239,3620,37,75
2023,2023misjo,Week 2,7809,1940,5247,5110,5056,5610,26,30
2023,2023misjo,Week 2,3452,6002,3604,5152,7814,5623,73,39
2023,2023misjo,Week 2,3658,2767,2959,6588,5927,5982,84,19
2023,2023misjo,Week 2,9239,4237,4776,7210,5712,6642,89,74
2023,2023misjo,Week 2,5056,5182,5227,8126,5843,5110,56,46
2023,2023misjo,Week 2,5623,5675,5247,3452,94,5535,61,46
2023,2023misjo,Week 2,7809,5927,4325,5980,5152,74,45,77
2023,2023misjo,Week 2,4776,1940,2767,3875,3604,3658,62,58
2023,2023misjo,Week 2,7814,4237,9208,5610,9228,5982,98,40
2023,2023misjo,Week 2,5462,3620,6002,2959,7210,6588,116,55
2023,2023misjo,Week 2,6642,7809,8126,5182,5675,4325,43,91
2023,2023misjo,Week 2,1940,94,3658,3875,5227,5152,33,69
2023,2023misjo,Week 2,5623,5610,5927,5056,9228,5247,45,39
2023,2023misjo,Week 2,5982,3604,2959,5712,6002,4776,65,110
2023,2023misjo,Week 2,3620,5843,4237,9208,3452,2767,101,100
2023,2023misjo,Week 2,74,5110,7814,7210,9239,5535,63,58
2023,2023misjo,Week 2,5462,6588,5182,5980,3875,1940,63,45
2023,2023misjo,Week 2,5982,5056,6002,5247,94,6642,74,43
2023,2023misjo,Week 2,5227,9208,9228,2767,5712,7809,50,85
2023,2023misjo,Week 2,8126,5535,2959,3620,7210,5927,45,47
2023,2023misjo,Week 2,5623,4325,9239,3658,5152,5610,47,83
2023,2023misjo,Week 2,3452,4776,5110,5843,74,5462,27,88
2023,2023misjo,Week 2,4237,5980,3604,7814,5675,6588,68,76
2023,2023misjo,Week 2,9228,5712,5927,5247,5982,3620,68,83
2023,2023misjo,Week 2,5182,5610,6002,4325,3658,5227,93,60
2023,2023misjo,Week 2,1940,5623,3452,4776,9208,6642,53,83
2023,2023misjo,Week 2,5675,5535,74,5152,2959,5843,103,106
2023,2023misjo,Week 2,9239,2767,7814,94,7809,5980,70,47
2023,2023misjo,Week 2,3875,7210,8126,6588,4237,5110,73,99
2023,2023misjo,Week 2,4776,5462,5610,3604,5056,3620,55,79
2023,2023misjo,Week 2,3658,9228,5623,6642,74,5182,41,58
2023,2023misjo,Week 2,2959,7809,5675,5927,5980,2767,64,98
2023,2023misjo,Week 2,8126,3452,6588,1940,9239,5712,67,81
2023,2023misjo,Week 2,5110,4325,5152,7814,5462,5982,92,45
2023,2023misjo,Week 2,3604,5843,9208,7210,5227,5247,83,47
2023,2023misjo,Week 2,5535,5056,4237,3875,6002,94,95,100
2023,2023misjo,Week 2,9239,5980,6588,9228,4776,8126,45,70
2023,2023misjo,Week 2,3620,5712,5610,3658,5110,5675,110,79
2023,2023misjo,Week 2,5462,7210,5152,2767,6642,5623,82,85
2023,2023misjo,Week 2,6002,5927,5843,94,5182,3604,106,39
2023,2023misjo,Week 2,4237,5227,1940,5535,5247,4325,92,57
2023,2023misjo,Week 2,74,3875,3452,9208,5982,7809,71,54
2023,2023misjo,Week 2,7814,2959,9228,8126,5623,5056,38,52
2023,2023misjo,Week 2,3604,6642,9239,3620,5110,5980,38,79
2023,2023misjo,Week 2,5227,5675,4776,5152,5535,5182,105,89
2023,2023misjo,Week 2,1940,74,5982,5927,4237,5462,66,91
2023,2023misjo,Week 2,5712,6588,3658,5056,9208,7210,86,60
2023,2023misjo,Week 2,2767,5610,94,4325,2959,3452,94,54
2023,2023misjo,Week 2,5843,5247,3875,6002,7814,7809,48,80
2023,2023misjo,Week 2,9228,5110,9239,3604,5927,5675,47,84
2023,2023misjo,Week 2,9208,5980,5712,5056,5152,1940,80,84
2023,2023misjo,Week 2,6588,3620,4325,5623,94,7210,102,46
2023,2023misjo,Week 2,6642,7814,3875,2959,74,5227,25,86
2023,2023misjo,Week 2,3452,3658,7809,4237,8126,6002,41,116
2023,2023misjo,Week 2,4776,5247,5182,5535,2767,5462,72,90
2023,2023misjo,Week 2,5843,5982,7210,5610,1940,5675,47,72
2023,2023misjo,Week 2,5152,3620,94,9228,6588,74,100,75
2023,2023misjo,Week 2,6642,3658,5056,5927,3452,7814,51,54
2023,2023misjo,Week 2,5110,5247,9208,6002,2959,5980,41,111
2023,2023misjo,Week 2,5462,5623,5712,7809,5182,5843,95,45
2023,2023misjo,Week 2,5610,3604,5535,4237,2767,3875,50,124
2023,2023misjo,Week 2,4325,5982,4776,5227,8126,9239,113,74
2023,2023txbel,Week 2,5503,8598,3802,8827,6155,5892,58,49
2023,2023txbel,Week 2,8088,6901,5986,9034,9140,457,52,31
2023,2023txbel,Week 2,5414,6357,7138,2789,8556,8114,58,31
2023,2023txbel,Week 2,7621,8610,3743,3561,4364,9121,46,20
2023,2023txbel,Week 2,5894,5103,418,9311,2583,5726,29,29
2023,2023txbel,Week 2,7521,4332,4597,3679,8369,8625,30,39
2023,2023txbel,Week 2,3029,8556,8598,9140,8507,2789,29,21
2023,2023txbel,Week 2,8114,6155,7621,457,6901,8610,31,48
2023,2023txbel,Week 2,5726,418,8827,9311,5986,3743,50,25
2023,2023txbel,Week 2,4364,5892,4597,5414,9034,7521,56,40
2023,2023txbel,Week 2,5503,5894,3679,8088,8507,5103,59,54
2023,2023txbel,Week 2,4332,8369,2583,3561,3802,7138,35,62
2023,2023txbel,Week 2,9121,3029,8827,8625,6357,9311,19,46
2023,2023txbel,Week 2,5986,8556,418,5892,7521,8610,41,49
2023,2023txbel,Week 2,9034,3679,5726,457,8507,8598,69,40
2023,2023txbel,Week 2,8369,5894,6901,5103,2583,2789,66,31
2023,2023txbel,Week 2,7138,3029,5503,6357,7621,4364,36,54
2023,2023txbel,Week 2,6155,3802,3743,3561,4597,8625,42,29
2023,2023txbel,Week 2,8088,4332,9140,9121,8114,5414,73,78
2023,2023txbel,Week 2,8827,8556,8610,6901,9034,2583,30,82
2023,2023txbel,Week 2,418,5503,8369,7521,457,3029,61,38
2023,2023txbel,Week 2,8507,7621,3802,6357,2789,5986,105,43
2023,2023txbel,Week 2,5894,5892,8625,9140,5414,3743,64,70
2023,2023txbel,Week 2,8114,9311,4364,8598,4332,3679,26,47
2023,2023txbel,Week 2,5103,7138,4597,6155,8088,3561,37,44
2023,2023txbel,Week 2,9121,9034,8369,5726,5503,2789,32,47
2023,2023txbel,Week 2,8610,3802,6357,5894,3743,7521,77,56
2023,2023txbel,Week 2,8507,9311,4332,5986,9140,7621,42,38
2023,2023txbel,Week 2,8556,3561,5892,3679,7138,8088,64,74
2023,2023txbel,Week 2,8827,5414,4364,6155,5103,6901,88,62
2023,2023txbel,Week 2,457,5726,9121,2583,8598,4597,17,30
2023,2023txbel,Week 2,8625,8114,4332,3029,418,9034,49,51
2023,2023txbel,Week 2,9140,9311,5892,8610,3679,8507,81,72
2023,2023txbel,Week 2,6357,8088,5503,5986,8369,6155,66,39
2023,2023txbel,Week 2,3743,2789,8827,5414,4597,5726,60,91
2023,2023txbel,Week 2,7521,6901,3561,418,9121,8598,72,45
2023,2023txbel,Week 2,3802,8625,5103,7138,7621,8556,61,28
2023,2023txbel,Week 2,457,2583,8114,4364,3029,5894,49,59
2023,2023txbel,Week 2,5892,8088,8369,8610,5726,4332,79,26
2023,2023txbel,Week 2,8507,5414,6155,418,7521,9311,32,46
2023,2023txbel,Week 2,3743,3679,6357,7138,9140,6901,49,64
2023,2023txbel,Week 2,5503,8114,5986,8625,4364,9034,43,51
2023,2023txbel,Week 2,5103,9121,8556,3802,4597,3029,52,55
2023,2023txbel,Week 2,7621,8598,3561,5894,8827,457,29,17
2023,2023txbel,Week 2,9140,7521,2583,2789,9311,8088,50,63
2023,2023txbel,Week 2,6901,5726,8507,4332,7138,4364,64,26
2023,2023txbel,Week 2,4597,6357,9034,3679,418,3802,48,69
2023,2023txbel,Week 2,8598,6155,5894,8369,3743,8556,39,40
2023,2023txbel,Week 2,2789,457,8625,5503,8610,5414,17,78
2023,2023txbel,Week 2,2583,5986,9121,5892,5103,7621,27,71
2023,2023txbel,Week 2,3029,5726,8114,8827,9140,3561,45,73
2023,2023txbel,Week 2,8556,9034,6155,3802,4332,5894,34,74
2023,2023txbel,Week 2,8598,4364,2789,8625,8088,418,76,64
2023,2023txbel,Week 2,4597,3679,6901,9311,5503,7621,78,37
2023,2023txbel,Week 2,5892,457,5414,3029,8369,6357,82,66
2023,2023txbel,Week 2,7521,5986,5103,3743,3561,8114,47,44
2023,2023txbel,Week 2,9121,8610,7138,2583,8827,8507,23,71
2023,2023txbel,Week 2,8556,3802,9311,5726,4364,8088,76,54
2023,2023txbel,Week 2,418,2789,6155,3679,3029,9140,34,84
2023,2023txbel,Week 2,5103,3561,457,6901,5892,6357,47,79
2023,2023txbel,Week 2,7138,5894,5986,4332,5503,9121,28,49
2023,2023txbel,Week 2,8369,7621,7521,9034,8114,8827,24,48
2023,2023txbel,Week 2,5414,8625,2583,3743,4597,8507,79,51
2023,2023txbel,Week 2,8598,6357,5726,8610,6155,3029,46,49
2023,2023txbel,Week 2,3802,9121,9140,4364,6901,5503,92,77
2023,2023txbel,Week 2,7621,8827,8088,8114,418,5892,50,117
2023,2023txbel,Week 2,8369,457,9311,8507,8625,8556,31,32
2023,2023txbel,Week 2,2583,3561,3679,5986,5414,8598,99,67
2023,2023txbel,Week 2,2789,8610,9034,4332,3743,5103,28,32
2023,2023txbel,Week 2,4597,5894,9140,8114,7138,7521,80,65
2023,2023txbel,Week 2,6901,8625,3029,5726,5892,3802,54,96
2023,2023txbel,Week 2,3561,8507,418,8556,2583,5503,60,87
2023,2023txbel,Week 2,8088,3743,457,6357,8827,4332,71,49
2023,2023txbel,Week 2,9311,5103,5414,9034,8598,7138,89,62
2023,2023txbel,Week 2,4364,5986,8610,4597,2789,8369,47,42
2023,2023txbel,Week 2,6155,7521,3679,7621,9121,5894,83,38
2023,2023orwil,Week 2,4450,1425,8532,753,5975,2471,91,56
2023,2023orwil,Week 2,6845,5970,2374,4127,2915,2990,44,70
2023,2023orwil,Week 2,4043,6696,1540,957,3673,4125,71,57
2023,2023orwil,Week 2,2898,4662,2635,2046,3636,6343,104,107
2023,2023orwil,Week 2,4488,3024,2471,568,6465,6845,69,26
2023,2023orwil,Week 2,4125,2915,5975,8532,2374,4127,17,63
2023,2023orwil,Week 2,2990,1540,3636,1425,6343,6696,115,67
2023,2023orwil,Week 2,4488,568,3673,753,5970,2898,79,50
2023,2023orwil,Week 2,4043,2046,957,4662,3024,2635,108,58
2023,2023orwil,Week 2,6465,4127,6343,4450,2990,6696,82,61
2023,2023orwil,Week 2,5970,4125,1425,2471,3636,8532,79,116
2023,2023orwil,Week 2,2374,5975,4662,3673,4043,3024,43,43
2023,2023orwil,Week 2,1540,568,753,2898,4450,2046,71,119
2023,2023orwil,Week 2,6845,957,2635,6465,4488,2915,48,98
2023,2023orwil,Week 2,6343,5970,2990,4043,2471,5975,100,87
2023,2023orwil,Week 2,6696,4125,568,2374,4450,1540,62,84
2023,2023orwil,Week 2,2915,3673,1425,3024,2898,6465,71,52
2023,2023orwil,Week 2,2046,2635,8532,3636,4127,753,117,115
2023,2023orwil,Week 2,4450,957,4662,2990,6845,4488,65,91
2023,2023orwil,Week 2,2915,6343,5970,5975,1540,3024,80,69
2023,2023orwil,Week 2,568,4043,4127,2374,2898,6465,112,48
2023,2023orwil,Week 2,3673,8532,3636,6845,4488,4662,77,68
2023,2023orwil,Week 2,2046,6696,4125,1425,2471,2635,88,111
2023,2023orwil,Week 2,957,2915,2898,6343,4450,753,52,66
2023,2023orwil,Week 2,6465,3673,1540,8532,5975,4488,53,112
2023,2023orwil,Week 2,2635,4125,2990,1425,6845,4043,63,82
2023,2023orwil,Week 2,957,3024,753,6696,2374,3636,64,101
2023,2023orwil,Week 2,4662,568,2471,5970,4127,2046,85,117
2023,2023orwil,Week 2,2635,4450,6465,6343,6845,3673,55,56
2023,2023orwil,Week 2,5975,2990,1425,4125,3636,2898,110,75
2023,2023orwil,Week 2,2046,2374,568,957,8532,5970,113,76
2023,2023orwil,Week 2,4127,2471,3024,6696,753,4488,118,96
2023,2023orwil,Week 2,4043,2990,4662,2915,1540,4450,75,86
2023,2023orwil,Week 2,4125,8532,6845,6343,2898,568,53,71
2023,2023orwil,Week 2,4488,2046,1425,2374,5975,957,135,90
2023,2023orwil,Week 2,3636,6465,2471,2915,2635,6696,117,74
2023,2023orwil,Week 2,3024,5970,4043,3673,4127,1540,46,31
2023,2023orwil,Week 2,753,2990,2046,4662,6343,4125,116,48
2023,2023orwil,Week 2,2635,4488,2374,5975,568,4450,111,27
2023,2023orwil,Week 2,1425,6465,957,3636,4043,2915,54,133
2023,2023orwil,Week 2,2471,1540,2898,8532,3024,6845,96,55
2023,2023orwil,Week 2,4662,753,4127,5970,6696,3673,83,46
2023,2023orwil,Week 2,2635,1425,3636,2990,2374,4043,118,77
2023,2023orwil,Week 2,5975,2898,6845,2471,2046,2915,33,126
2023,2023orwil,Week 2,4450,6696,3024,5970,4662,6465,47,70
2023,2023orwil,Week 2,4127,4125,6343,1540,957,4488,57,111
2023,2023orwil,Week 2,753,3673,2374,568,8532,2990,59,104
2023,2023orwil,Week 2,6696,6465,5975,6845,4662,2046,63,63
2023,2023orwil,Week 2,2898,4488,4127,4125,4043,4450,72,68
2023,2023orwil,Week 2,2471,957,6343,3024,1425,568,103,65
2023,2023orwil,Week 2,8532,753,2915,1540,2635,5970,71,90
2023,2023orwil,Week 2,3636,6845,4450,3673,2046,5975,113,226
2023,2023orwil,Week 2,4488,6343,4043,2898,1425,6696,58,87
2023,2023orwil,Week 2,1540,4662,8532,4127,2635,957,85,45
2023,2023orwil,Week 2,3024,2915,2374,2990,2471,3673,41,121
2023,2023orwil,Week 2,568,3636,5970,6465,753,4125,85,47
2023,2023cafr,Week 2,8768,100,2551,6918,3189,5817,74,35
2023,2023cafr,Week 2,1148,8048,670,8033,9202,973,77,102
2023,2023cafr,Week 2,1072,1422,4738,4400,2473,840,92,50
2023,2023cafr,Week 2,8262,3970,6657,1671,6305,2135,80,64
2023,2023cafr,Week 2,5104,2288,6711,6822,8546,1828,63,39
2023,2023cafr,Week 2,5026,7777,7419,9274,6238,1323,35,113
2023,2023cafr,Week 2,6662,8768,5817,5940,973,4400,50,107
2023,2023cafr,Week 2,8262,2551,9202,4738,3970,2473,70,78
2023,2023cafr,Week 2,1828,6918,2135,1148,1671,6657,43,107
2023,2023cafr,Week 2,8546,9274,100,1072,840,5104,52,79
2023,2023cafr,Week 2,8048,6711,6305,7777,6822,3189,75,39
2023,2023cafr,Week 2,670,1323,2288,5940,6662,7419,137,74
2023,2023cafr,Week 2,6238,8033,1148,1422,5026,3970,90,71
2023,2023cafr,Week 2,1828,1072,4400,2551,5817,8546,74,92
2023,2023cafr,Week 2,6918,973,100,6711,9202,2473,127,29
2023,2023cafr,Week 2,3189,840,2135,7419,1671,670,52,112
2023,2023cafr,Week 2,6238,5026,6657,1422,6305,5940,58,105
2023,2023cafr,Week 2,8262,2288,9274,8768,8033,1323,21,128
2023,2023cafr,Week 2,7777,4738,8048,5104,6822,6662,107,64
2023,2023cafr,Week 2,7419,840,8546,973,1148,3970,54,130
2023,2023cafr,Week 2,2473,3189,1072,5940,2135,6657,67,95
2023,2023cafr,Week 2,5817,6711,1828,1323,1671,9202,28,156
2023,2023cafr,Week 2,1422,8768,4400,2288,7777,6918,76,25
2023,2023cafr,Week 2,6305,670,8262,5104,9274,8048,81,78
2023,2023cafr,Week 2,6822,6238,100,5026,2551,6662,77,115
2023,2023cafr,Week 2,8033,1072,5817,4738,6657,7419,68,76
2023,2023cafr,Week 2,1671,4400,2288,3189,9202,1148,107,52
2023,2023cafr,Week 2,7777,8768,973,8546,2135,2473,99,47
2023,2023cafr,Week 2,840,6238,3970,8048,1828,1323,35,129
2023,2023cafr,Week 2,100,5104,1422,8033,9274,6711,66,68
2023,2023cafr,Week 2,670,5940,5026,2551,6822,4738,109,99
2023,2023cafr,Week 2,6305,6662,1072,6918,8262,2473,80,38
2023,2023cafr,Week 2,1323,3189,973,8768,1671,8048,125,121
2023,2023cafr,Week 2,2135,7419,1148,5817,4400,5104,46,70
2023,2023cafr,Week 2,6657,9274,840,6822,2288,5940,47,117
2023,2023cafr,Week 2,9202,7777,1828,100,5026,8262,62,82
2023,2023cafr,Week 2,2551,3970,670,1422,6711,6238,131,34
2023,2023cafr,Week 2,6662,4738,8033,6305,8546,6918,106,53
2023,2023cafr,Week 2,5104,2473,1671,8048,5817,5940,88,147
2023,2023cafr,Week 2,5026,1828,9274,8262,2135,973,47,102
2023,2023cafr,Week 2,6822,8768,9202,670,6657,1422,65,89
2023,2023cafr,Week 2,6662,8546,6238,3970,100,6711,57,82
2023,2023cafr,Week 2,4738,6918,1148,840,1323,7777,89,125
2023,2023cafr,Week 2,4400,2551,7419,2288,8033,6305,83,117
2023,2023cafr,Week 2,1072,5940,8768,3189,8262,5104,121,42
2023,2023cafr,Week 2,1671,3970,1828,9274,6662,1422,133,44
2023,2023cafr,Week 2,1323,6657,6918,973,670,8546,92,109
2023,2023cafr,Week 2,2473,8048,8033,1148,100,4400,100,85
2023,2023cafr,Week 2,2288,2135,4738,6238,1072,7777,85,47
2023,2023cafr,Week 2,2551,6305,3189,9202,840,5026,88,60
2023,2023cafr,Week 2,6711,6822,6918,5817,7419,8262,63,50
2023,2023cafr,Week 2,100,2473,5940,1828,670,8033,114,121
2023,2023cafr,Week 2,9274,973,1671,4400,4738,6238,123,107
2023,2023cafr,Week 2,3189,6657,8546,2288,1422,840,73,36
2023,2023cafr,Week 2,7777,1148,2551,3970,7419,6822,99,76
2023,2023cafr,Week 2,5817,1323,6305,5026,5104,8768,115,68
2023,2023cafr,Week 2,2135,6711,6662,9202,1072,8048,49,115
2023,2023cafr,Week 2,4400,670,3189,1828,4738,8262,66,88
2023,2023cafr,Week 2,6918,5940,9274,1671,8546,7777,117,95
2023,2023cafr,Week 2,840,8033,6822,6238,2473,8768,96,58
2023,2023cafr,Week 2,2135,1422,5817,100,8048,6662,55,84
2023,2023cafr,Week 2,6305,5104,3970,973,2288,1072,44,98
2023,2023cafr,Week 2,1148,1323,5026,6657,2551,6711,146,64
2023,2023cafr,Week 2,8546,9202,4738,7419,1828,8768,102,57
2023,2023cafr,Week 2,840,8262,1671,8033,7777,100,95,79
2023,2023cafr,Week 2,8048,973,6822,1072,6918,670,107,90
2023,2023cafr,Week 2,1323,1422,2551,9274,4400,2135,107,80
2023,2023cafr,Week 2,2473,5817,5026,3970,3189,2288,89,71
2023,2023cafr,Week 2,7419,5104,6238,6657,6662,9202,62,58
2023,2023cafr,Week 2,6711,5940,1671,8768,1148,6305,126,87
2023,2023cafr,Week 2,8546,8262,8033,2135,8048,2551,80,82
2023,2023cafr,Week 2,3970,4400,7777,670,5817,9274,81,73
2023,2023cafr,Week 2,973,7419,1422,2473,1828,2288,101,72
2023,2023cafr,Week 2,9202,6918,5104,5940,6238,3189,67,109
2023,2023cafr,Week 2,6657,6305,6822,4738,100,1323,52,160
2023,2023cafr,Week 2,6662,1148,840,6711,5026,1072,87,69
2023,2023caoc,Week 2,5857,4276,6220,6072,3309,9271,55,39
2023,2023caoc,Week 2,7042,5199,5137,2839,7230,1884,70,73
2023,2023caoc,Week 2,6499,7447,987,4984,968,6695,126,22
2023,2023caoc,Week 2,4141,5461,5025,3295,7137,4123,54,60
2023,2023caoc,Week 2,4322,3020,5835,3952,4619,812,65,48
2023,2023caoc,Week 2,4014,1160,1538,6560,3501,4019,107,48
2023,2023caoc,Week 2,3476,2637,4079,3882,867,7157,80,98
2023,2023caoc,Week 2,8521,1661,4415,4183,5805,4276,68,69
2023,2023caoc,Week 2,4984,4123,5025,5137,5857,6695,70,41
2023,2023caoc,Week 2,7230,7042,812,4141,6220,3309,46,41
2023,2023caoc,Week 2,4322,9271,2839,1538,5835,4019,92,60
2023,2023caoc,Week 2,5199,1160,7447,6499,3295,7157,44,51
2023,2023caoc,Week 2,3020,4415,3952,6072,3476,4014,56,91
2023,2023caoc,Week 2,6560,1661,4183,987,1884,3882,64,112
2023,2023caoc,Week 2,5461,867,4079,5805,8521,3501,22,49
2023,2023caoc,Week 2,7137,2637,2839,968,4619,6220,94,60
2023,2023caoc,Week 2,4019,4141,7042,4276,1160,7157,27,149
2023,2023caoc,Week 2,3952,4322,3476,3295,4984,5857,135,43
2023,2023caoc,Week 2,7447,1538,3309,5835,5137,4415,104,59
2023,2023caoc,Week 2,9271,7230,6499,812,4014,4079,70,60
2023,2023caoc,Week 2,968,867,3501,5025,6560,3020,28,84
2023,2023caoc,Week 2,3882,6695,7137,1884,8521,4183,64,29
2023,2023caoc,Week 2,987,5805,6072,2637,4123,5199,91,114
2023,2023caoc,Week 2,3476,5137,4619,1661,5461,4019,63,73
2023,2023caoc,Week 2,4984,3952,1538,3309,1160,6499,95,43
2023,2023caoc,Week 2,4415,968,3295,3501,6220,7230,100,52
2023,2023caoc,Week 2,4276,4014,3882,6695,5835,867,90,24
2023,2023caoc,Week 2,987,7157,8521,1884,812,5025,129,61
2023,2023caoc,Week 2,6072,5857,3020,4183,2839,5461,27,120
2023,2023caoc,Week 2,1661,4322,2637,4141,5199,4079,112,77
2023,2023caoc,Week 2,5805,4123,4619,7042,6560,7447,43,73
2023,2023caoc,Week 2,7137,3952,5835,867,4984,9271,59,53
2023,2023caoc,Week 2,5025,987,1160,4276,4019,7230,105,38
2023,2023caoc,Week 2,3882,3309,8521,1538,3020,3295,35,95
2023,2023caoc,Week 2,812,3476,4141,5199,2839,968,84,118
2023,2023caoc,Week 2,4183,7447,5857,2637,6560,4014,46,108
2023,2023caoc,Week 2,4079,6499,5805,6220,7137,5137,42,70
2023,2023caoc,Week 2,7157,1884,4619,4415,9271,4123,122,109
2023,2023caoc,Week 2,6695,4322,3501,7042,6072,1661,96,44
2023,2023caoc,Week 2,812,3309,4019,968,3882,5461,15,53
2023,2023caoc,Week 2,2637,4183,987,3295,5025,3476,87,74
2023,2023caoc,Week 2,7230,5835,1160,5805,7137,5857,73,62
2023,2023caoc,Week 2,6560,9271,4141,8521,3020,5137,89,24
2023,2023caoc,Week 2,1661,1884,3952,7447,6220,867,54,61
2023,2023caoc,Week 2,5461,4415,4276,6499,7042,2839,95,65
2023,2023caoc,Week 2,6695,5199,6072,4619,4079,1538,97,87
2023,2023caoc,Week 2,4014,3501,4984,4123,7157,4322,55,140
2023,2023caoc,Week 2,3020,3882,3476,5137,7230,5025,100,57
2023,2023caoc,Week 2,4019,9271,1884,3309,5805,2637,52,40
2023,2023caoc,Week 2,1661,7447,7137,1160,812,5857,66,57
2023,2023caoc,Week 2,867,3295,6072,4415,6695,6499,39,81
2023,2023caoc,Week 2,6220,2839,8521,4322,987,4014,68,115
2023,2023caoc,Week 2,4079,968,5835,4123,7042,4183,70,72
2023,2023caoc,Week 2,4619,4276,4984,3501,1538,4141,48,84
2023,2023caoc,Week 2,7230,7157,5199,5461,3952,6560,129,94
2023,2023caoc,Week 2,4019,6695,3020,3476,7137,4415,18,122
2023,2023caoc,Week 2,9271,8521,1160,6072,3882,7447,85,62
2023,2023caoc,Week 2,867,4014,1661,7042,5025,3309,70,53
2023,2023caoc,Week 2,5835,6499,3501,2637,4141,1884,35,74
2023,2023caoc,Week 2,968,4123,4276,5199,5461,4322,84,123
2023,2023caoc,Week 2,7157,4183,6220,5137,1538,5805,128,80
2023,2023caoc,Week 2,2839,812,4984,3295,4079,6560,58,80
2023,2023caoc,Week 2,3952,5857,3882,4619,987,4415,67,121
2023,2023caoc,Week 2,4019,6499,8521,9271,3476,7042,49,122
2023,2023caoc,Week 2,7447,5461,6695,4014,4141,7230,80,71
2023,2023caoc,Week 2,5025,6072,7137,5835,3309,5199,77,67
2023,2023caoc,Week 2,6560,7157,968,2839,1661,3295,118,80
2023,2023caoc,Week 2,4123,3501,3952,1538,2637,812,84,120
2023,2023caoc,Week 2,5857,4079,1884,3020,4276,987,60,55
2023,2023caoc,Week 2,1160,4183,5137,4322,4619,867,69,89
2023,2023caoc,Week 2,6220,5805,5199,3882,4019,4984,127,68
2023,2023caoc,Week 2,3309,3295,5461,7157,5835,1661,69,114
2023,2023caoc,Week 2,3501,5025,2839,3952,7447,9271,92,53
2023,2023caoc,Week 2,7137,812,6560,4276,6695,3476,77,111
2023,2023caoc,Week 2,1884,5137,4014,1160,6072,968,39,83
2023,2023caoc,Week 2,7230,4415,2637,8521,4984,4322,72,59
2023,2023caoc,Week 2,6220,6499,4123,4183,4619,3020,95,38
2023,2023caoc,Week 2,1538,867,7042,5857,987,4141,99,93
2023,2023caoc,Week 2,3295,4019,5805,4079,4276,3952,38,85
2023,2023cave,Week 2,5136,1836,8005,6995,3598,6060,46,89
2023,2023cave,Week 2,3880,5869,9084,4160,8006,3512,66,27
2023,2023cave,Week 2,8533,5285,4414,2710,6934,1388,100,80
2023,2023cave,Week 2,3863,1138,7607,1891,1622,399,53,68
2023,2023cave,Week 2,6398,5274,7130,2485,2102,359,52,91
2023,2023cave,Week 2,4270,3759,5526,2813,3328,599,55,58
2023,2023cave,Week 2,7415,4481,7323,4,6764,1572,119,36
2023,2023cave,Week 2,3880,4698,3925,7327,2710,5678,68,44
2023,2023cave,Week 2,8005,3512,5869,399,1388,1836,84,72
2023,2023cave,Week 2,6060,3863,4414,9084,5285,7130,109,93
2023,2023cave,Week 2,3598,1138,8533,599,5526,5274,58,71
2023,2023cave,Week 2,7607,7323,6398,359,2813,4270,29,130
2023,2023cave,Week 2,1622,2102,4,3328,5678,4698,99,59
2023,2023cave,Week 2,8006,6995,7415,7327,3925,6764,56,22
2023,2023cave,Week 2,2485,4160,6934,3759,4481,5136,85,105
2023,2023cave,Week 2,5274,6060,1891,1572,5526,3880,86,79
2023,2023cave,Week 2,1138,7130,7323,5869,6398,1836,83,46
2023,2023cave,Week 2,5678,7607,1622,9084,8005,2710,75,120
2023,2023cave,Week 2,4698,7415,6764,359,8533,599,43,97
2023,2023cave,Week 2,2813,4160,5136,399,4414,3925,64,105
2023,2023cave,Week 2,2485,3328,4481,5285,3512,3598,118,82
2023,2023cave,Week 2,6934,3863,8006,4270,1572,2102,61,100
2023,2023cave,Week 2,3759,1891,4,1388,6995,7327,71,81
2023,2023cave,Week 2,8005,3880,1622,8533,6764,5869,82,12
2023,2023cave,Week 2,5274,2710,7607,7415,7130,4160,53,58
2023,2023cave,Week 2,6060,3925,3328,4698,2485,1138,63,59
2023,2023cave,Week 2,5678,7323,5526,2102,6934,4481,63,96
2023,2023cave,Week 2,5136,599,7327,3512,2813,3863,60,108
2023,2023cave,Week 2,6398,9084,1572,6995,3759,399,107,90
2023,2023cave,Week 2,4414,1388,4,3598,359,8006,125,93
2023,2023cave,Week 2,5285,4270,7415,1891,1836,2485,62,103
2023,2023cave,Week 2,6764,5678,7130,5526,4160,3925,51,66
2023,2023cave,Week 2,6934,4698,2813,3863,8005,5274,64,56
2023,2023cave,Week 2,3512,399,1572,3759,8533,2102,116,38
2023,2023cave,Week 2,4,5869,6995,7607,6060,3880,62,47
2023,2023cave,Week 2,1622,9084,1388,4270,599,7323,105,61
2023,2023cave,Week 2,4481,359,5285,8006,5136,1138,129,84
2023,2023cave,Week 2,1891,6398,7327,3328,4414,2710,46,115
2023,2023cave,Week 2,1836,1572,4160,4698,5526,3598,92,64
2023,2023cave,Week 2,2102,5274,3512,7607,3925,6995,95,34
2023,2023cave,Week 2,1388,2485,2813,8533,4,9084,97,88
2023,2023cave,Week 2,5285,599,6934,3880,399,6764,38,62
2023,2023cave,Week 2,4481,4414,8005,7415,3328,6398,160,46
2023,2023cave,Week 2,2710,1836,359,5869,3759,3863,108,64
2023,2023cave,Week 2,3598,7327,4270,5678,6060,1138,75,69
2023,2023cave,Week 2,7130,5136,1891,7323,1622,8006,90,71
2023,2023cave,Week 2,599,6995,4160,1572,2485,5285,72,84
2023,2023cave,Week 2,4414,6764,6398,3512,7607,4698,125,105
2023,2023cave,Week 2,3925,359,6934,3328,9084,1836,86,100
2023,2023cave,Week 2,6060,1388,8533,3863,4481,5678,80,90
2023,2023cave,Week 2,7323,8005,3759,1138,3880,5274,52,86
2023,2023cave,Week 2,2813,3598,5869,2102,7415,1891,70,29
2023,2023cave,Week 2,399,5136,4270,4,7130,2710,78,71
2023,2023cave,Week 2,8006,7327,5285,5526,6398,1622,47,56
2023,2023cave,Week 2,3925,5678,2485,4414,1572,359,76,146
2023,2023cave,Week 2,4160,3863,8533,6995,7323,3328,37,94
2023,2023cave,Week 2,9084,4698,599,5869,1891,4481,104,106
2023,2023cave,Week 2,6764,2710,3512,1138,4,2813,83,106
2023,2023cave,Week 2,7130,7607,3598,7327,6934,3759,40,75
2023,2023cave,Week 2,1836,8006,6060,5274,1622,7415,48,91
2023,2023cave,Week 2,5526,399,2102,5136,3880,1388,80,75
2023,2023cave,Week 2,3925,4270,9084,8005,5285,4698,82,93
2023,2023cave,Week 2,599,1891,3863,6398,4,5678,99,56
2023,2023cave,Week 2,1572,1138,6995,7130,2813,4414,66,120
2023,2023cave,Week 2,1622,3512,3759,6934,7415,6060,97,56
2023,2023cave,Week 2,1388,5869,3328,6764,5274,5136,69,50
2023,2023cave,Week 2,359,7327,5526,4160,2102,8005,97,69
2023,2023cave,Week 2,2710,8006,399,7323,3598,2485,44,82
2023,2023cave,Week 2,4481,8533,3880,1836,4270,7607,103,67
2023,2023ausc,Week 2,6434,4739,5584,5648,4613,6063,52,86
2023,2023ausc,Week 2,3132,4788,9144,6996,6520,6575,98,62
2023,2023ausc,Week 2,4817,9189,7583,8844,6476,4537,42,38
2023,2023ausc,Week 2,7561,9146,5564,5985,6510,9145,30,92
2023,2023ausc,Week 2,6508,9191,4729,7128,4774,7433,63,62
2023,2023ausc,Week 2,5988,6083,5331,9147,7163,6432,47,96
2023,2023ausc,Week 2,5876,5648,3132,4537,7583,6520,73,56
2023,2023ausc,Week 2,6476,5985,9144,4788,6996,4613,22,103
2023,2023ausc,Week 2,9145,6575,9189,6063,7433,4729,50,72
2023,2023ausc,Week 2,5584,9191,6432,6083,5564,6508,84,50
2023,2023ausc,Week 2,9147,7561,5876,9146,4817,6434,45,75
2023,2023ausc,Week 2,8844,6510,7163,5988,7128,4739,78,35
2023,2023ausc,Week 2,6063,4774,9189,5331,9145,6476,29,42
2023,2023ausc,Week 2,5985,6508,7433,6083,5648,4537,95,29
2023,2023ausc,Week 2,4729,5876,6434,9146,3132,6996,26,112
2023,2023ausc,Week 2,4817,7128,9191,6575,4739,6432,52,52
2023,2023ausc,Week 2,9144,7163,6520,5564,5584,8844,55,55
2023,2023ausc,Week 2,5988,9147,7583,4613,5331,4774,28,97
2023,2023ausc,Week 2,7561,6083,6510,7433,4788,5876,71,112
2023,2023ausc,Week 2,4537,4739,9189,6432,6434,7128,59,62
2023,2023ausc,Week 2,5648,9191,6476,9146,9145,9144,58,57
2023,2023ausc,Week 2,7163,5564,6996,3132,4817,5988,37,69
2023,2023ausc,Week 2,5331,6063,6510,6508,6520,4788,97,85
2023,2023ausc,Week 2,4774,7583,7561,6575,5584,4613,57,106
2023,2023ausc,Week 2,8844,4729,4739,6083,5985,9147,41,75
2023,2023ausc,Week 2,6434,5988,5564,6996,6476,5876,69,59
2023,2023ausc,Week 2,9145,6432,4817,7128,3132,6063,44,98
2023,2023ausc,Week 2,7163,7433,5648,4537,9144,7561,64,98
2023,2023ausc,Week 2,5985,5331,6520,4613,9191,7583,67,124
2023,2023ausc,Week 2,6575,9146,4774,9189,8844,6508,70,27
2023,2023ausc,Week 2,5584,4788,6476,6510,4729,9147,40,69
2023,2023ausc,Week 2,6432,5876,5988,7433,4739,7561,43,88
2023,2023ausc,Week 2,6083,9144,7128,7583,6434,6063,60,48
2023,2023ausc,Week 2,6575,5331,8844,9145,5648,6996,52,66
2023,2023ausc,Week 2,4788,4537,7163,6508,5584,4774,62,113
2023,2023ausc,Week 2,6510,6520,4817,5985,4729,9146,94,52
2023,2023ausc,Week 2,4613,9147,9189,9191,3132,5564,111,61
2023,2023ausc,Week 2,6996,8844,7561,6432,7583,5648,66,62
2023,2023ausc,Week 2,6476,7128,6575,5584,5876,6083,50,87
2023,2023ausc,Week 2,7433,5988,4537,4817,5985,6063,90,41
2023,2023ausc,Week 2,4729,9189,7163,6434,6520,9191,63,57
2023,2023ausc,Week 2,6510,6508,3132,9144,9147,5331,119,45
2023,2023ausc,Week 2,9145,5564,4613,4739,9146,4788,83,53
2023,2023ausc,Week 2,4774,4537,5985,5876,6063,6575,83,19
2023,2023ausc,Week 2,6520,6432,8844,6476,7561,4729,46,54
2023,2023ausc,Week 2,9144,6508,6996,9191,9189,6510,88,76
2023,2023ausc,Week 2,9147,5584,9146,3132,7163,9145,53,98
2023,2023ausc,Week 2,4817,6083,4788,5648,5988,4774,86,51
2023,2023ausc,Week 2,5331,7433,6434,4739,7583,5564,90,40
2023,2023ausc,Week 2,4613,4729,9144,7128,6508,5876,128,70
2023,2023ausc,Week 2,6063,4537,9146,9191,6996,9147,65,89
2023,2023ausc,Week 2,6520,9145,5584,9189,5988,5985,83,53
2023,2023ausc,Week 2,4739,4774,3132,6434,6476,6083,59,48
2023,2023ausc,Week 2,8844,5648,4817,6510,4613,7433,35,147
2023,2023ausc,Week 2,5564,6432,4788,7583,7163,6575,42,61
2023,2023ausc,Week 2,7561,7128,9145,5331,4537,4729,53,66
2023,2023ausc,Week 2,6508,6434,9147,6520,6476,5988,81,25
2023,2023ausc,Week 2,3132,8844,5985,4774,9144,6510,74,88
2023,2023ausc,Week 2,7583,6432,9146,6083,6575,9191,85,45
2023,2023ausc,Week 2,9189,5564,7128,7561,4788,5648,46,41
2023,2023ausc,Week 2,6996,7433,5584,4739,4817,5331,135,90
2023,2023ausc,Week 2,5876,4613,5985,7163,6063,6476,106,64
2023,2023ausc,Week 2,7583,3132,6083,5988,9145,6508,93,96
2023,2023ausc,Week 2,5564,9144,5648,4729,4774,6432,30,101
2023,2023ausc,Week 2,9147,6575,7433,9146,6510,7128,79,90
2023,2023ausc,Week 2,6063,6996,4739,7163,7561,5584,65,73
2023,2023ausc,Week 2,5876,5331,9191,4788,8844,6434,49,82
2023,2023ausc,Week 2,4537,4613,4817,6520,9189,6083,124,38
2023,2023ctwat,Week 2,237,3461,176,1071,558,5746,88,20
2023,2023ctwat,Week 2,5142,5856,8085,5494,8167,1099,51,42
2023,2023ctwat,Week 2,6346,177,7869,1124,7694,8889,51,32
2023,2023ctwat,Week 2,228,4572,999,2067,3464,716,38,83
2023,2023ctwat,Week 2,3654,9216,155,181,4628,9193,40,6
2023,2023ctwat,Week 2,2170,1991,230,839,2064,236,60,59
2023,2023ctwat,Week 2,5746,1099,2712,3634,7869,8889,38,46
2023,2023ctwat,Week 2,4572,237,2067,5494,8085,176,77,96
2023,2023ctwat,Week 2,1124,181,8167,3461,7694,558,33,32
2023,2023ctwat,Week 2,228,3654,2170,999,716,839,69,74
2023,2023ctwat,Week 2,2064,5856,9216,1071,4628,6346,27,22
2023,2023ctwat,Week 2,236,5142,155,2712,230,3464,35,78
2023,2023ctwat,Week 2,177,3634,237,2067,9193,1991,76,41
2023,2023ctwat,Week 2,3654,3461,5494,176,839,8889,50,94
2023,2023ctwat,Week 2,8085,1071,181,4572,2170,4628,49,29
2023,2023ctwat,Week 2,1099,230,999,1124,6346,2064,94,43
2023,2023ctwat,Week 2,9216,7694,8167,1991,228,2712,48,45
2023,2023ctwat,Week 2,558,7869,716,3464,5856,155,49,41
2023,2023ctwat,Week 2,5746,5142,177,236,3634,9193,90,72
2023,2023ctwat,Week 2,6346,2067,3461,3654,4572,230,42,97
2023,2023ctwat,Week 2,2170,999,1124,176,1099,1991,52,87
2023,2023ctwat,Week 2,558,181,8889,228,8167,1071,34,77
2023,2023ctwat,Week 2,716,155,8085,177,236,9216,129,82
2023,2023ctwat,Week 2,7694,4628,839,9193,2712,5142,21,15
2023,2023ctwat,Week 2,7869,5494,3464,237,2064,5746,54,109
2023,2023ctwat,Week 2,1071,3654,5856,2067,1124,3634,56,66
2023,2023ctwat,Week 2,155,4572,176,8889,1099,228,94,40
2023,2023ctwat,Week 2,4628,2712,236,6346,839,558,61,35
2023,2023ctwat,Week 2,181,5142,3464,1991,8085,3461,63,113
2023,2023ctwat,Week 2,9216,9193,2170,7869,5746,5856,29,34
2023,2023ctwat,Week 2,7694,3634,2064,716,177,8167,42,107
2023,2023ctwat,Week 2,2712,999,5494,237,230,1071,23,105
2023,2023ctwat,Week 2,1991,236,3654,155,228,3461,65,56
2023,2023ctwat,Week 2,1124,5746,839,4572,9216,181,21,16
2023,2023ctwat,Week 2,176,2064,2067,7869,5142,7694,117,55
2023,2023ctwat,Week 2,230,5494,6346,8167,2170,558,67,56
2023,2023ctwat,Week 2,237,4628,5856,1099,716,3634,33,82
2023,2023ctwat,Week 2,8889,9193,177,3464,999,8085,86,71
2023,2023ctwat,Week 2,228,181,839,236,2067,1071,14,111
2023,2023ctwat,Week 2,176,8167,5142,155,6346,1991,83,47
2023,2023ctwat,Week 2,716,2170,3461,4572,5494,3634,84,41
2023,2023ctwat,Week 2,9193,3464,5746,5856,1124,2712,64,23
2023,2023ctwat,Week 2,8085,177,1099,558,2064,3654,94,56
2023,2023ctwat,Week 2,230,7869,9216,999,7694,237,56,96
2023,2023ctwat,Week 2,8889,6346,2170,4628,2067,228,58,58
2023,2023ctwat,Week 2,5856,1991,716,2712,176,181,59,91
2023,2023ctwat,Week 2,8167,155,2064,5746,8085,3654,54,97
2023,2023ctwat,Week 2,3464,9216,1099,839,177,5494,78,105
2023,2023ctwat,Week 2,4628,7869,999,3461,236,1124,48,72
2023,2023ctwat,Week 2,1071,8889,4572,9193,230,7694,56,64
2023,2023ctwat,Week 2,558,237,155,2170,3634,5142,43,57
2023,2023ctwat,Week 2,8085,839,2067,5856,181,6346,116,16
2023,2023ctwat,Week 2,1991,1124,7869,5494,716,228,49,57
2023,2023ctwat,Week 2,2712,1071,177,2064,1099,4572,78,40
2023,2023ctwat,Week 2,7694,3464,236,3654,8889,237,62,89
2023,2023ctwat,Week 2,3634,8167,4628,5746,176,230,46,114
2023,2023ctwat,Week 2,999,3461,9193,5142,558,9216,72,69
2023,2023ctwat,Week 2,839,1071,1099,181,155,7869,64,50
2023,2023ctwat,Week 2,7694,2712,3654,2170,5494,5856,54,55
2023,2023ctwat,Week 2,6346,236,5746,8167,3464,237,78,94
2023,2023ctwat,Week 2,177,176,999,5142,1124,4572,139,38
2023,2023ctwat,Week 2,2064,228,9193,230,8085,4628,11,111
2023,2023ctwat,Week 2,3634,558,1991,8889,9216,2067,59,94
2023,2023ctwat,Week 2,716,237,2712,3461,839,8167,97,68
2023,2023ctwat,Week 2,3464,176,1124,1099,2170,236,112,79
2023,2023ctwat,Week 2,5142,3654,6346,9193,1071,7869,38,53
2023,2023ctwat,Week 2,3634,5856,228,8085,558,4572,31,90
2023,2023ctwat,Week 2,3461,5746,4628,177,1991,7694,65,90
2023,2023ctwat,Week 2,2067,155,5494,181,999,2064,91,82
2023,2023ctwat,Week 2,230,8889,5142,9216,716,1071,102,50
2023,2023ctwat,Week 2,8167,9193,8085,7869,2712,2170,88,58
2023,2023ctwat,Week 2,839,4572,3464,4628,3654,176,43,115
2023,2023ctwat,Week 2,1099,2067,558,155,5746,7694,95,93
2023,2023ctwat,Week 2,5494,1991,181,999,6346,3634,55,59
2023,2023ctwat,Week 2,2064,8889,716,9216,237,1124,102,41
2023,2023ctwat,Week 2,236,228,230,5856,3461,177,81,96
2023,2023mdbet,Week 2,1731,611,1389,6326,2961,6863,66,48
2023,2023mdbet,Week 2,1895,1446,4099,449,8622,8326,78,34
2023,2023mdbet,Week 2,2199,5830,888,1123,6239,5587,83,59
2023,2023mdbet,Week 2,7886,4456,5549,5338,4638,2377,10,52
2023,2023mdbet,Week 2,614,4821,2900,836,2914,620,65,57
2023,2023mdbet,Week 2,2537,1111,2534,1908,8514,5841,27,46
2023,2023mdbet,Week 2,2199,1389,6326,1446,6863,888,95,41
2023,2023mdbet,Week 2,4099,7886,611,449,1895,6239,60,58
2023,2023mdbet,Week 2,5830,4456,5587,620,2961,8326,61,49
2023,2023mdbet,Week 2,1111,1908,2377,2534,2900,4638,59,24
2023,2023mdbet,Week 2,8622,1731,1123,614,5841,2914,124,31
2023,2023mdbet,Week 2,8514,836,2537,5338,4821,5549,87,34
2023,2023mdbet,Week 2,449,620,4456,888,611,1895,64,65
2023,2023mdbet,Week 2,6239,7886,2377,2961,2199,2900,24,85
2023,2023mdbet,Week 2,5841,6326,5830,4099,2534,614,53,55
2023,2023mdbet,Week 2,2914,1123,5338,1389,1908,2537,102,47
2023,2023mdbet,Week 2,6863,4821,1731,8326,4638,1111,97,34
2023,2023mdbet,Week 2,8514,5549,5587,1446,836,8622,15,50
2023,2023mdbet,Week 2,614,449,6326,6239,5841,2199,86,59
2023,2023mdbet,Week 2,620,1123,2534,2377,2537,611,86,53
2023,2023mdbet,Week 2,5338,6863,1908,1389,4821,4099,92,25
2023,2023mdbet,Week 2,2914,8326,4456,836,5587,1111,88,74
2023,2023mdbet,Week 2,2961,5830,8622,7886,1446,8514,16,27
2023,2023mdbet,Week 2,5549,1895,2900,1731,888,4638,48,107
2023,2023mdbet,Week 2,2199,4099,449,1908,1123,611,95,107
2023,2023mdbet,Week 2,4821,5587,620,4456,614,1389,55,92
2023,2023mdbet,Week 2,8326,2537,1446,2961,5841,7886,35,9
2023,2023mdbet,Week 2,888,5338,2534,8622,6863,1111,66,50
2023,2023mdbet,Week 2,836,5830,6239,4638,2914,5549,69,35
2023,2023mdbet,Week 2,2377,2900,8514,6326,1895,1731,25,119
2023,2023mdbet,Week 2,8326,4099,1908,2537,7886,2199,75,53
2023,2023mdbet,Week 2,4456,888,8622,2534,2961,4821,81,20
2023,2023mdbet,Week 2,4638,611,836,6863,1389,5587,79,65
2023,2023mdbet,Week 2,620,1895,614,1446,2900,1123,85,74
2023,2023mdbet,Week 2,2914,2377,1731,8514,6326,6239,88,54
2023,2023mdbet,Week 2,5841,5338,449,5549,1111,5830,81,48
2023,2023mdbet,Week 2,2537,4638,2961,4821,2199,8622,46,90
2023,2023mdbet,Week 2,836,7886,614,4099,620,888,79,88
2023,2023mdbet,Week 2,1123,8514,8326,2900,6239,1908,80,64
2023,2023mdbet,Week 2,1446,1389,5549,2914,6326,2534,75,38
2023,2023mdbet,Week 2,4456,1111,1895,5338,5830,1731,74,104
2023,2023mdbet,Week 2,5841,2377,6863,611,5587,449,51,48
2023,2023mdbet,Week 2,2199,4638,1123,8622,8514,4099,108,66
2023,2023mdbet,Week 2,5549,8326,6326,888,614,1908,63,83
2023,2023mdbet,Week 2,620,1111,1389,4456,6239,2961,64,57
2023,2023mdbet,Week 2,5587,2900,5338,449,1731,2537,49,124
2023,2023mdbet,Week 2,611,1446,5841,7886,2914,4821,20,59
2023,2023mdbet,Week 2,1895,836,6863,2377,2534,5830,101,49
2023,2023mdbet,Week 2,1389,888,8326,5549,8622,620,75,40
2023,2023mdbet,Week 2,1123,449,2961,4638,6326,4456,68,83
2023,2023mdbet,Week 2,611,614,8514,1111,5338,7886,35,60
2023,2023mdbet,Week 2,2900,1731,5841,1908,2199,836,72,115
2023,2023mdbet,Week 2,4821,1446,5830,5587,4099,2377,46,96
2023,2023mdbet,Week 2,6863,2534,6239,1895,2537,2914,57,74
2023,2023mdbet,Week 2,1111,611,2961,614,5549,1123,49,93
2023,2023mdbet,Week 2,5841,8622,4638,6326,5338,620,35,29
2023,2023mdbet,Week 2,1389,2377,836,1731,8326,7886,79,119
2023,2023mdbet,Week 2,1908,2534,1895,5587,2199,1446,48,78
2023,2023mdbet,Week 2,6239,2537,4821,888,449,2900,49,75
2023,2023mdbet,Week 2,6863,4456,4099,5830,2914,8514,98,42
2023,2023mdbet,Week 2,2961,5549,836,611,8326,5338,81,76
2023,2023mdbet,Week 2,6326,1908,7886,8622,5587,614,80,7
2023,2023mdbet,Week 2,4821,888,1111,1123,2377,1895,64,52
2023,2023mdbet,Week 2,2900,6863,2914,2537,5841,4456,69,69
2023,2023mdbet,Week 2,4099,6239,4638,2534,1731,1446,41,109
2023,2023mdbet,Week 2,8514,620,2199,5830,449,1389,85,89
2023,2023mdbet,Week 2,1111,1123,6326,8326,836,4821,134,73
2023,2023mdbet,Week 2,5587,1908,2914,2377,2961,888,78,37
2023,2023mdbet,Week 2,6239,8622,5338,2900,4456,611,51,75
2023,2023mdbet,Week 2,1731,5549,2199,7886,620,6863,127,78
2023,2023mdbet,Week 2,5830,4099,2537,1895,1389,5841,92,74
2023,2023mdbet,Week 2,4638,614,1446,2534,8514,449,44,55
2023,2023midtr,Week 2,1528,3539,3632,6567,5555,9148,58,20
2023,2023midtr,Week 2,8427,9250,9253,5577,7769,313,7,81
2023,2023midtr,Week 2,7174,469,2048,5478,3096,226,83,38
2023,2023midtr,Week 2,8280,6029,240,8728,201,7145,56,72
2023,2023midtr,Week 2,217,9207,4768,5467,7597,5197,51,7
2023,2023midtr,Week 2,9182,3572,2673,8352,4854,1189,61,68
2023,2023midtr,Week 2,2048,5532,313,6567,5498,5065,25,58
2023,2023midtr,Week 2,6029,226,5577,9250,5478,3632,58,20
2023,2023midtr,Week 2,9148,8427,9207,7145,9253,3096,18,49
2023,2023midtr,Week 2,217,8352,3539,8280,8728,5197,94,66
2023,2023midtr,Week 2,469,7597,1189,7769,5532,240,101,86
2023,2023midtr,Week 2,5498,1528,2673,4854,7174,4768,37,60
2023,2023midtr,Week 2,5065,5555,3572,201,5467,9182,39,71
2023,2023midtr,Week 2,5197,9207,5478,2048,6567,8728,18,32
2023,2023midtr,Week 2,1189,7769,3632,313,8352,8280,101,40
2023,2023midtr,Week 2,226,4854,7145,5532,4768,1528,73,34
2023,2023midtr,Week 2,8427,5467,469,3572,7597,3539,68,60
2023,2023midtr,Week 2,9250,201,217,3096,6029,7174,127,56
2023,2023midtr,Week 2,9148,5577,9182,240,5498,9253,54,47
2023,2023midtr,Week 2,8352,5555,2048,5065,2673,8280,45,64
2023,2023midtr,Week 2,4854,5467,9207,7769,3539,7145,51,97
2023,2023midtr,Week 2,5197,6029,5532,7174,8427,5478,27,62
2023,2023midtr,Week 2,4768,6567,240,469,9148,9253,57,38
2023,2023midtr,Week 2,3096,5555,7597,3572,5498,313,58,42
2023,2023midtr,Week 2,5065,1528,9182,8728,2673,9250,18,63
2023,2023midtr,Week 2,226,217,1189,5577,3632,201,127,47
2023,2023midtr,Week 2,5532,7145,8427,8352,5197,7174,44,46
2023,2023midtr,Week 2,5498,3096,9148,4854,8280,7769,42,92
2023,2023midtr,Week 2,3572,6029,8728,9207,9182,2048,69,39
2023,2023midtr,Week 2,5478,5577,4768,1189,201,5555,24,98
2023,2023midtr,Week 2,9253,313,217,240,5065,226,52,58
2023,2023midtr,Week 2,3632,469,2673,1528,9250,7597,67,33
2023,2023midtr,Week 2,6567,7769,5467,3539,8728,7174,47,95
2023,2023midtr,Week 2,5555,9182,5498,6029,1189,8427,49,78
2023,2023midtr,Week 2,240,2048,3572,201,5478,4854,64,55
2023,2023midtr,Week 2,2673,9148,313,5577,217,5532,23,62
2023,2023midtr,Week 2,3539,5197,9250,9253,5065,7597,58,66
2023,2023midtr,Week 2,5467,3096,8352,9207,6567,1528,49,40
2023,2023midtr,Week 2,7145,3632,8280,226,4768,469,45,73
2023,2023midtr,Week 2,217,5498,7769,5532,5478,3572,112,67
2023,2023midtr,Week 2,5197,2048,8427,9253,5577,4854,49,16
2023,2023midtr,Week 2,3096,313,201,7597,9182,8352,68,41
2023,2023midtr,Week 2,8280,6567,9250,240,2673,9207,62,36
2023,2023midtr,Week 2,8728,1528,226,5467,1189,9148,45,75
2023,2023midtr,Week 2,7145,7174,5065,5555,3632,4768,63,37
2023,2023midtr,Week 2,6029,3539,201,469,5577,3096,74,91
2023,2023midtr,Week 2,5532,9253,6567,217,3572,4854,56,76
2023,2023midtr,Week 2,5498,2048,1189,9148,9250,8352,89,11
2023,2023midtr,Week 2,7769,8728,5555,7597,4768,7145,104,35
2023,2023midtr,Week 2,7174,226,8280,9207,5065,3539,89,79
2023,2023midtr,Week 2,2673,5467,6029,3632,240,8427,45,35
2023,2023midtr,Week 2,5478,1528,469,313,5197,9182,72,40
2023,2023midtr,Week 2,8352,7145,5577,9250,3572,3096,28,62
2023,2023midtr,Week 2,9148,5065,4854,1189,7174,6567,33,103
2023,2023midtr,Week 2,5498,8427,7597,3632,9207,226,46,77
2023,2023midtr,Week 2,469,313,8728,5555,217,5467,98,92
2023,2023midtr,Week 2,4768,9253,7769,1528,2048,6029,50,31
2023,2023midtr,Week 2,9182,240,5478,3539,8280,5532,45,81
2023,2023midtr,Week 2,6567,2673,5197,201,226,5498,54,71
2023,2023midtr,Week 2,7174,7597,9207,1189,8728,5577,67,103
2023,2023midtr,Week 2,5065,313,5467,7769,469,6029,55,120
2023,2023midtr,Week 2,2048,4854,3632,9182,7145,217,13,81
2023,2023midtr,Week 2,5478,3539,9148,2673,9253,8352,58,42
2023,2023midtr,Week 2,5555,9250,5532,5197,3096,240,43,36
2023,2023midtr,Week 2,4768,8280,201,8427,3572,1528,54,75
2023,2023midtr,Week 2,7597,226,7769,6029,9182,6567,71,65
2023,2023midtr,Week 2,8728,8352,5478,7145,469,5498,57,79
2023,2023midtr,Week 2,4854,5532,2673,313,9207,5555,32,49
2023,2023midtr,Week 2,4768,1189,5065,3096,8427,3539,88,96
2023,2023midtr,Week 2,9250,240,7174,2048,9148,217,76,98
2023,2023midtr,Week 2,3572,5197,5577,1528,8280,5467,59,21
2023,2023midtr,Week 2,9253,3632,8728,201,5532,469,46,74
2023,2023midtr,Week 2,9182,7769,3096,2673,7145,5555,73,58
2023,2023midtr,Week 2,313,1189,9250,3539,4768,2048,75,45
2023,2023midtr,Week 2,226,8352,6567,7597,4854,6029,69,36
2023,2023midtr,Week 2,5577,240,1528,8427,217,5065,23,99
2023,2023midtr,Week 2,8280,5478,9253,5467,7174,5498,34,64
2023,2023midtr,Week 2,9207,201,3572,3632,9148,5197,100,12
2023,2023ncjoh,Week 2,2640,9008,8804,5518,6500,9042,47,24
2023,2023ncjoh,Week 2,9259,5919,435,8746,8205,8304,30,32
2023,2023ncjoh,Week 2,3459,3336,6004,4828,3229,8738,70,48
2023,2023ncjoh,Week 2,5160,3737,8758,5190,7443,4829,33,94
2023,2023ncjoh,Week 2,6908,7671,4816,2655,2059,3822,31,26
2023,2023ncjoh,Week 2,5518,9259,5919,3229,3336,8746,50,52
2023,2023ncjoh,Week 2,8205,4828,9008,6004,2640,7443,20,81
2023,2023ncjoh,Week 2,3737,8738,3822,8758,8804,2655,20,80
2023,2023ncjoh,Week 2,6500,2059,5190,8304,4829,6908,53,29
2023,2023ncjoh,Week 2,9042,4816,7671,5160,435,3459,51,50
2023,2023ncjoh,Week 2,3336,2640,3737,6004,9259,8758,55,48
2023,2023ncjoh,Week 2,6500,7443,6908,8205,2655,3229,39,18
2023,2023ncjoh,Week 2,8746,9042,435,3822,5518,8304,21,46
2023,2023ncjoh,Week 2,8804,4828,3459,5919,5190,5160,37,37
2023,2023ncjoh,Week 2,4829,7671,8738,4816,2059,9008,32,47
2023,2023ncjoh,Week 2,435,8304,6004,9259,6908,2655,68,25
2023,2023ncjoh,Week 2,3336,5518,8758,3822,8804,5160,53,47
2023,2023ncjoh,Week 2,8746,9042,5919,2059,2640,8738,5,55
2023,2023ncjoh,Week 2,9008,4829,6500,4828,3737,7671,64,46
2023,2023ncjoh,Week 2,3459,8205,5190,3229,7443,4816,34,56
2023,2023ncjoh,Week 2,8738,8746,5518,5160,6004,6908,58,55
2023,2023ncjoh,Week 2,9008,9259,7671,8304,4828,8804,72,25
2023,2023ncjoh,Week 2,2059,3229,3459,8758,8205,9042,44,23
2023,2023ncjoh,Week 2,2640,4829,5190,3737,435,2655,56,39
2023,2023ncjoh,Week 2,7443,3336,3822,5919,4816,6500,98,17
2023,2023ncjoh,Week 2,4828,9042,9259,8758,8738,6908,44,52
2023,2023ncjoh,Week 2,8205,6004,4829,9008,5160,8804,33,46
2023,2023ncjoh,Week 2,5190,3822,8304,3229,6500,2640,54,50
2023,2023ncjoh,Week 2,435,2059,5518,3737,5919,7443,49,30
2023,2023ncjoh,Week 2,4816,2655,3336,3459,7671,8746,41,25
2023,2023ncjoh,Week 2,6004,8738,9042,8205,9259,3822,65,17
2023,2023ncjoh,Week 2,5160,8304,3229,435,9008,5190,64,55
2023,2023ncjoh,Week 2,7443,2655,8746,4829,5919,3336,49,36
2023,2023ncjoh,Week 2,3459,4816,2640,7671,8758,6500,45,53
2023,2023ncjoh,Week 2,2059,6908,4828,5518,8804,3737,40,40
2023,2023ncjoh,Week 2,5190,2655,6004,9042,9008,3336,60,71
2023,2023ncjoh,Week 2,3229,3822,7671,7443,3459,9259,45,82
2023,2023ncjoh,Week 2,6908,435,8804,4829,8746,3737,45,57
2023,2023ncjoh,Week 2,8738,5160,6500,2640,5919,8205,55,32
2023,2023ncjoh,Week 2,2059,8758,8304,5518,4828,4816,38,22
2023,2023ncjoh,Week 2,8804,7443,8746,9042,3737,3459,40,38
2023,2023ncjoh,Week 2,6500,3336,8205,8738,5190,435,46,89
2023,2023ncjoh,Week 2,2655,8304,5919,7671,6004,2059,25,71
2023,2023ncjoh,Week 2,8758,4816,4829,9008,5518,3229,79,70
2023,2023ncjoh,Week 2,4828,5160,9259,6908,3822,2640,58,13
2023,2023ncjoh,Week 2,8804,3737,8205,8304,7671,3336,61,61
2023,2023ncjoh,Week 2,5919,3459,8758,435,6500,2655,41,54
2023,2023ncjoh,Week 2,6004,3822,4828,4816,8746,2059,52,77
2023,2023ncjoh,Week 2,5190,6908,5518,8738,9008,7443,53,103
2023,2023ncjoh,Week 2,9259,3229,2640,9042,4829,5160,51,32
2023,2023ncjoh,Week 2,7671,435,8205,8746,8758,4828,52,38
2023,2023ncjoh,Week 2,3737,5190,9008,3336,8738,2059,65,75
2023,2023ncjoh,Week 2,2640,8304,7443,3822,3459,4829,47,47
2023,2023ncjoh,Week 2,2655,5518,5160,8804,6500,9259,82,59
2023,2023ncjoh,Week 2,6908,9042,3229,4816,6004,5919,42,38
2023,2023ncjoh,Week 2,3822,8758,9008,8304,3459,8738,67,31
2023,2023ncjoh,Week 2,2655,2640,4828,7671,8205,5518,42,65
2023,2023ncjoh,Week 2,4829,3229,435,3336,8804,9042,62,38
2023,2023ncjoh,Week 2,5919,6908,3737,9259,5190,4816,20,64
2023,2023ncjoh,Week 2,7443,5160,2059,6500,8746,6004,120,48
2023,2023njfla,Week 2,8117,4573,3142,2577,1279,555,74,53
2023,2023njfla,Week 2,193,8628,41,11,5992,223,22,88
2023,2023njfla,Week 2,1672,5732,7045,56,125,8513,48,89
2023,2023njfla,Week 2,9116,6945,1143,222,1923,2600,18,78
2023,2023njfla,Week 2,752,75,102,2070,6860,1811,63,40
2023,2023njfla,Week 2,1676,4361,219,5438,2458,484,64,55
2023,2023njfla,Week 2,223,3515,1672,1279,7045,11,57,144
2023,2023njfla,Week 2,125,4573,1143,1923,8117,5992,28,78
2023,2023njfla,Week 2,2070,2600,193,6860,3142,6945,72,53
2023,2023njfla,Week 2,222,2458,2577,56,5732,102,81,60
2023,2023njfla,Week 2,219,1811,3515,8513,41,4361,81,38
2023,2023njfla,Week 2,1676,5438,75,555,9116,752,80,33
2023,2023njfla,Week 2,484,8117,2600,8628,223,3142,53,82
2023,2023njfla,Week 2,11,1143,6860,2458,4573,7045,64,53
2023,2023njfla,Week 2,4361,1811,125,193,56,222,115,88
2023,2023njfla,Week 2,102,219,41,75,6945,1279,43,58
2023,2023njfla,Week 2,8513,1923,9116,1672,2577,752,102,22
2023,2023njfla,Week 2,5438,555,2070,5992,1676,5732,44,99
2023,2023njfla,Week 2,3142,484,56,3515,8628,4573,62,18
2023,2023njfla,Week 2,6860,102,222,219,11,8117,31,98
2023,2023njfla,Week 2,1143,193,8513,41,125,75,57,79
2023,2023njfla,Week 2,6945,7045,555,4361,1672,5992,60,53
2023,2023njfla,Week 2,752,3515,1676,5732,2600,2458,104,34
2023,2023njfla,Week 2,1279,1923,5438,1811,8628,484,106,74
2023,2023njfla,Week 2,56,2577,9116,223,2070,8513,73,61
2023,2023njfla,Week 2,4361,3142,193,6945,222,8117,86,58
2023,2023njfla,Week 2,11,1672,75,219,1143,2458,66,42
2023,2023njfla,Week 2,1811,5992,555,752,6860,1923,49,65
2023,2023njfla,Week 2,1676,484,223,102,4573,2070,107,65
2023,2023njfla,Week 2,8628,2577,7045,3515,41,5438,61,37
2023,2023njfla,Week 2,9116,2600,1279,5732,125,11,44,87
2023,2023njfla,Week 2,6945,56,219,555,1923,2458,55,53
2023,2023njfla,Week 2,4573,4361,223,1811,1676,1143,75,81
2023,2023njfla,Week 2,752,222,41,7045,2070,3142,64,94
2023,2023njfla,Week 2,484,1279,6860,5732,9116,3515,103,53
2023,2023njfla,Week 2,2577,193,75,2600,8628,1672,71,30
2023,2023njfla,Week 2,8117,8513,102,125,5992,5438,49,72
2023,2023njfla,Week 2,2458,3142,11,56,223,1811,86,64
2023,2023njfla,Week 2,1676,555,222,1279,41,4573,93,57
2023,2023njfla,Week 2,1143,75,3515,5732,6945,2577,46,57
2023,2023njfla,Week 2,484,9116,219,125,752,193,46,100
2023,2023njfla,Week 2,2070,4361,1923,7045,8513,2600,83,60
2023,2023njfla,Week 2,5992,6860,8628,1672,5438,8117,26,67
2023,2023njfla,Week 2,102,1279,1676,1143,555,56,135,33
2023,2023njfla,Week 2,3142,5732,752,193,219,4573,82,46
2023,2023njfla,Week 2,2577,11,2600,222,8513,484,89,61
2023,2023njfla,Week 2,3515,2458,5992,9116,8117,2070,41,88
2023,2023njfla,Week 2,102,7045,125,75,4361,8628,122,51
2023,2023njfla,Week 2,41,6945,1923,223,6860,5438,127,67
2023,2023njfla,Week 2,1672,1676,56,1811,3142,2577,98,62
2023,2023njfla,Week 2,5992,222,1143,219,752,8513,55,111
2023,2023njfla,Week 2,8628,9116,2458,3515,8117,4361,49,58
2023,2023njfla,Week 2,4573,75,6860,223,2600,125,85,111
2023,2023njfla,Week 2,484,555,5732,41,7045,1811,53,77
2023,2023njfla,Week 2,5438,102,6945,193,1672,1279,61,99
2023,2023njfla,Week 2,2070,11,222,1923,1676,8628,111,79
2023,2023njfla,Week 2,5992,75,219,6860,56,3515,72,49
2023,2023njfla,Week 2,7045,223,752,555,125,8117,60,107
2023,2023njfla,Week 2,2600,41,3142,4361,5438,9116,53,81
2023,2023njfla,Week 2,1279,2070,5732,1923,193,102,80,91
2023,2023njfla,Week 2,2458,1811,1672,1143,484,2577,69,40
2023,2023njfla,Week 2,8513,5992,6945,4573,11,1676,46,119
2023,2023njfla,Week 2,2600,5438,56,222,219,223,52,117
2023,2023njfla,Week 2,6860,5732,4361,8628,752,1279,95,54
2023,2023njfla,Week 2,8117,1143,7045,9116,1811,193,67,80
2023,2023njfla,Week 2,4573,2577,1923,75,2070,484,67,55
2023,2023njfla,Week 2,8513,3515,11,3142,102,555,94,68
2023,2023njfla,Week 2,6945,1672,125,41,2458,1676,77,88
2023,2023njfla,Week 2,8117,1279,1811,2600,219,6860,83,66
2023,2023njfla,Week 2,7045,484,5992,75,222,9116,100,85
2023,2023njfla,Week 2,1923,223,5732,2577,102,4361,101,83
2023,2023njfla,Week 2,555,8513,8628,2458,193,6945,43,56
2023,2023njfla,Week 2,5438,752,4573,11,56,41,75,66
2023,2023njfla,Week 2,125,3515,2070,3142,1143,1672,92,72
2023,2023rinsc,Week 2,2079,246,2423,4925,1153,9286,58,103
2023,2023rinsc,Week 2,5813,1100,319,173,4909,8410,139,62
2023,2023rinsc,Week 2,8046,1740,8544,8626,509,4908,96,40
2023,2023rinsc,Week 2,6620,1350,1307,78,4048,6328,18,140
2023,2023rinsc,Week 2,166,6333,6329,5112,3566,2877,139,47
2023,2023rinsc,Week 2,1153,4909,173,8544,4908,1740,87,57
2023,2023rinsc,Week 2,246,6620,78,9286,1100,5813,82,96
2023,2023rinsc,Week 2,8046,8626,6328,8410,2079,6329,99,111
2023,2023rinsc,Week 2,1307,319,4048,1350,4925,5112,91,36
2023,2023rinsc,Week 2,2423,6333,3566,509,2877,166,70,99
2023,2023rinsc,Week 2,78,1100,8046,4909,6328,8544,128,113
2023,2023rinsc,Week 2,4925,6620,173,1350,8410,8626,25,59
2023,2023rinsc,Week 2,2423,5813,509,1740,1307,2877,70,69
2023,2023rinsc,Week 2,6329,3566,319,4048,166,2079,115,101
2023,2023rinsc,Week 2,4908,246,1153,5112,9286,6333,93,77
2023,2023rinsc,Week 2,4909,2877,4925,1307,8626,1100,102,52
2023,2023rinsc,Week 2,2079,1350,78,4048,173,3566,80,73
2023,2023rinsc,Week 2,9286,319,8544,1153,1740,6329,92,147
2023,2023rinsc,Week 2,2423,509,6328,5112,6620,8046,101,85
2023,2023rinsc,Week 2,6333,8410,4908,166,5813,246,53,98
2023,2023rinsc,Week 2,2877,9286,8626,173,1307,2079,43,28
2023,2023rinsc,Week 2,3566,8544,1350,4909,2423,1100,57,104
2023,2023rinsc,Week 2,4048,4908,4925,6328,5112,246,75,89
2023,2023rinsc,Week 2,509,319,8410,1153,6333,78,104,87
2023,2023rinsc,Week 2,6620,166,1740,5813,6329,8046,92,141
2023,2023rinsc,Week 2,8544,173,1350,246,1307,9286,53,69
2023,2023rinsc,Week 2,5112,509,4048,319,4909,2079,65,89
2023,2023rinsc,Week 2,8626,6333,6620,1153,166,6328,44,108
2023,2023rinsc,Week 2,3566,8046,8410,1740,4925,1100,61,76
2023,2023rinsc,Week 2,4908,5813,2877,2423,78,6329,92,102
2023,2023rinsc,Week 2,319,246,8626,8544,2079,5112,74,50
2023,2023rinsc,Week 2,9286,1740,4048,6333,1100,509,100,59
2023,2023rinsc,Week 2,6328,5813,173,4925,1153,3566,87,61
2023,2023rinsc,Week 2,1307,78,4909,4908,6329,1350,107,86
2023,2023rinsc,Week 2,166,2423,8046,2877,8410,6620,103,52
2023,2023rinsc,Week 2,1100,3566,2079,246,8626,1740,71,87
2023,2023rinsc,Week 2,6329,6328,1307,319,173,6333,132,92
2023,2023rinsc,Week 2,1350,1153,5813,2877,8046,4048,101,115
2023,2023rinsc,Week 2,4925,8410,166,8544,78,509,104,118
2023,2023rinsc,Week 2,4909,4908,5112,9286,6620,2423,85,68
2023,2023rinsc,Week 2,1740,2079,246,6333,8046,1350,98,81
2023,2023rinsc,Week 2,8626,4048,1153,5813,3566,1307,58,67
2023,2023rinsc,Week 2,1100,6329,5112,8410,8544,2423,100,77
2023,2023rinsc,Week 2,173,166,4908,6620,509,4909,71,69
2023,2023rinsc,Week 2,78,9286,2877,6328,319,4925,107,125
2023,2023rinsc,Week 2,6329,2423,8626,246,4048,6333,116,82
2023,2023rinsc,Week 2,3566,1740,4909,8410,1307,1153,118,60
2023,2023rinsc,Week 2,2079,8046,509,5813,4925,78,75,110
2023,2023rinsc,Week 2,2877,6328,8544,1100,4908,6620,95,58
2023,2023rinsc,Week 2,166,5112,319,1350,173,9286,108,48
2023,2023rinsc,Week 2,8046,1153,1307,6329,4925,246,83,114
2023,2023rinsc,Week 2,6333,4909,5813,4048,8544,6620,105,84
2023,2023rinsc,Week 2,78,5112,1740,3566,8626,166,109,59
2023,2023rinsc,Week 2,8410,2079,9286,319,2423,4908,49,86
2023,2023rinsc,Week 2,6328,1350,1100,509,2877,173,110,100
2023,2023rinsc,Week 2,1307,8544,4925,8626,78,166,21,125
2023,2023rinsc,Week 2,6620,6329,5813,4908,9286,3566,121,41
2023,2023rinsc,Week 2,509,2877,1153,8046,246,4909,105,135
2023,2023rinsc,Week 2,2079,6328,6333,1740,1350,319,138,80
2023,2023rinsc,Week 2,1100,4048,8410,173,5112,2423,105,82
2023,2023scand,Week 2,3976,9315,6366,3489,4073,1293,23,33
2023,2023scand,Week 2,6167,4823,281,4189,8575,3490,32,72
2023,2023scand,Week 2,1319,343,3091,4533,4451,5130,65,70
2023,2023scand,Week 2,342,1539,1287,1051,1102,6910,36,62
2023,2023scand,Week 2,7085,2815,6167,6961,4189,1293,27,32
2023,2023scand,Week 2,8575,6366,4073,1319,3490,4451,60,76
2023,2023scand,Week 2,3091,1539,5130,9315,4823,1102,14,51
2023,2023scand,Week 2,6961,4533,343,1051,7085,281,61,77
2023,2023scand,Week 2,6910,1287,3976,2815,342,3489,23,53
2023,2023scand,Week 2,4451,6366,4189,4073,5130,1102,92,82
2023,2023scand,Week 2,8575,1051,1539,9315,4533,3091,19,27
2023,2023scand,Week 2,4823,1287,7085,3489,1319,281,42,43
2023,2023scand,Week 2,343,6167,3490,3976,342,6961,75,50
2023,2023scand,Week 2,1293,6910,1539,3091,4451,2815,6,77
2023,2023scand,Week 2,5130,1319,7085,4073,4823,4189,27,53
2023,2023scand,Week 2,9315,3489,342,343,6167,8575,46,45
2023,2023scand,Week 2,4533,3976,1102,6961,6910,3490,52,47
2023,2023scand,Week 2,281,6366,1293,1287,2815,1051,53,92
2023,2023scand,Week 2,8575,9315,4823,343,342,5130,25,83
2023,2023scand,Week 2,1102,6961,1319,3489,4189,6910,62,78
2023,2023scand,Week 2,3976,281,4451,4533,7085,6366,59,35
2023,2023scand,Week 2,3091,3490,1051,6167,1287,1293,73,76
2023,2023scand,Week 2,5130,4189,2815,1539,4073,343,66,50
2023,2023scand,Week 2,281,6961,8575,7085,3489,3976,53,44
2023,2023scand,Week 2,6167,1051,4533,6910,3091,4823,69,22
2023,2023scand,Week 2,1102,6366,1287,4451,1539,342,98,88
2023,2023scand,Week 2,4073,1319,9315,1293,2815,3490,39,76
2023,2023scand,Week 2,281,3091,4189,6910,6167,3976,78,19
2023,2023scand,Week 2,4533,3489,1287,4823,5130,6366,141,55
2023,2023scand,Week 2,1319,8575,2815,4451,6961,9315,68,62
2023,2023scand,Week 2,342,1293,1051,7085,3490,1539,81,32
2023,2023scand,Week 2,1102,343,3489,3976,3091,4073,71,34
2023,2023scand,Week 2,6910,4189,1319,281,1287,9315,60,58
2023,2023scand,Week 2,3490,5130,342,1539,6167,6961,86,67
2023,2023scand,Week 2,4823,343,2815,6366,1051,4073,81,43
2023,2023scand,Week 2,1293,7085,4451,8575,4533,1102,74,53
2023,2023scand,Week 2,342,9315,4189,1287,6961,1319,62,52
2023,2023scand,Week 2,4823,3490,3489,1539,281,343,83,72
2023,2023scand,Week 2,2815,4073,4533,1102,1293,6167,69,37
2023,2023scand,Week 2,5130,3976,1051,4451,8575,6910,47,83
2023,2023scand,Week 2,6366,1539,3489,7085,3091,6961,72,22
2023,2023scand,Week 2,1293,1102,4533,4189,343,1287,101,86
2023,2023scand,Week 2,1051,4451,1319,3490,3976,4823,71,53
2023,2023scand,Week 2,4073,6910,7085,6167,9315,5130,37,37
2023,2023scand,Week 2,3091,8575,342,6366,2815,281,46,73
2023,2023scand,Week 2,1539,4533,4823,343,1293,3976,56,59
2023,2023scand,Week 2,3489,4451,6167,4189,1051,9315,92,62
2023,2023scand,Week 2,2815,1102,3091,3490,7085,8575,89,47
2023,2023scand,Week 2,5130,281,6910,342,1319,6366,31,69
2023,2023scand,Week 2,6961,4073,6167,1287,4823,4451,34,119
2023,2023scand,Week 2,4189,1102,7085,2815,3976,1539,110,22
2023,2023scand,Week 2,9315,6910,343,6366,1293,3091,62,64
2023,2023scand,Week 2,1051,3489,6961,1287,5130,8575,44,72
2023,2023scand,Week 2,3490,281,4073,1319,342,4533,57,82
2023,2023inpri,Week 2,234,1646,3890,7657,2171,8116,28,89
2023,2023inpri,Week 2,9119,4272,8103,8742,8564,7617,55,62
2023,2023inpri,Week 2,1720,4580,3947,292,3494,829,35,102
2023,2023inpri,Week 2,868,45,3559,6498,3487,7457,79,98
2023,2023inpri,Week 2,5188,8564,7454,1741,5010,1646,78,92
2023,2023inpri,Week 2,3494,3890,9119,8103,292,234,45,119
2023,2023inpri,Week 2,4272,3947,7617,3487,45,8742,103,81
2023,2023inpri,Week 2,6498,7454,5010,7657,1720,7457,66,83
2023,2023inpri,Week 2,829,868,5188,2171,1741,4580,119,33
2023,2023inpri,Week 2,3890,8116,8103,3559,234,8564,57,72
2023,2023inpri,Week 2,3487,4272,5010,7454,292,1720,135,78
2023,2023inpri,Week 2,1741,8742,5188,7617,4580,868,75,138
2023,2023inpri,Week 2,8116,3494,7457,1646,7657,3947,67,41
2023,2023inpri,Week 2,2171,829,3559,9119,6498,45,55,35
2023,2023inpri,Week 2,234,3487,4580,868,5010,1720,65,106
2023,2023inpri,Week 2,292,8116,8564,7657,7617,7454,75,101
2023,2023inpri,Week 2,45,1741,7457,8742,3494,2171,78,63
2023,2023inpri,Week 2,6498,1646,829,4272,5188,3890,86,67
2023,2023inpri,Week 2,3947,9119,1720,3559,7454,8103,53,68
2023,2023inpri,Week 2,7617,8116,234,4580,7457,5010,100,100
2023,2023inpri,Week 2,868,1741,292,829,45,3890,113,56
2023,2023inpri,Week 2,8564,9119,7657,3559,3494,3487,58,88
2023,2023inpri,Week 2,1646,8742,4272,8103,5188,6498,64,79
2023,2023inpri,Week 2,2171,7617,292,3947,234,868,101,105
2023,2023inpri,Week 2,7454,3890,3487,3494,4580,45,76,68
2023,2023inpri,Week 2,5010,9119,5188,4272,829,7657,84,101
2023,2023inpri,Week 2,2171,1646,1720,8116,6498,8742,45,71
2023,2023inpri,Week 2,8103,7457,3947,8564,3559,1741,101,36
2023,2023inpri,Week 2,829,7454,4580,3494,9119,868,64,105
2023,2023inpri,Week 2,5010,3890,7617,5188,3487,2171,94,95
2023,2023inpri,Week 2,45,1646,8116,7457,3559,292,63,100
2023,2023inpri,Week 2,234,8742,7657,1720,1741,4272,95,78
2023,2023inpri,Week 2,8564,8103,829,3947,6498,3487,76,98
2023,2023inpri,Week 2,3890,7457,2171,9119,7454,1646,75,45
2023,2023inpri,Week 2,5188,1720,3559,4580,45,234,48,96
2023,2023inpri,Week 2,7617,8103,3494,292,7657,6498,92,115
2023,2023inpri,Week 2,5010,8742,3947,8116,868,4272,84,107
2023,2023inpri,Week 2,1741,829,7454,8564,2171,1646,70,62
2023,2023inpri,Week 2,292,3487,9119,7457,5188,234,91,130
2023,2023inpri,Week 2,5010,7657,3559,8742,3890,868,100,69
2023,2023inpri,Week 2,4580,8564,8116,1720,8103,45,55,73
2023,2023inpri,Week 2,1741,3947,3494,6498,4272,7617,91,127
2023,2023inpri,Week 2,7657,868,3487,7454,2171,9119,113,33
2023,2023inpri,Week 2,45,5010,292,8103,4580,8742,97,48
2023,2023inpri,Week 2,7457,7617,1646,3559,829,4272,121,101
2023,2023inpri,Week 2,3890,6498,1741,8116,3947,5188,85,121
2023,2023inpri,Week 2,1720,234,8742,3494,8564,7454,68,100
2023,2023inpri,Week 2,45,4272,2171,1646,7657,8103,106,53
2023,2023inpri,Week 2,4580,3559,6498,3947,292,3890,45,83
2023,2023inpri,Week 2,3487,1720,8116,9119,7617,1741,84,98
2023,2023inpri,Week 2,7457,868,8564,5188,5010,3494,124,114
2023,2023inpri,Week 2,234,3559,7657,7454,3947,829,89,127
2023,2023inpri,Week 2,1646,292,4580,3487,8103,1741,84,106
2023,2023inpri,Week 2,868,2171,6498,3890,1720,8564,116,48
2023,2023inpri,Week 2,4272,234,3494,829,8116,5010,139,116
2023,2023inpri,Week 2,7617,5188,45,8742,7457,9119,110,86
2023,2023txcha,Week 2,1255,7115,9081,3728,8515,9289,17,33
2023,2023txcha,Week 2,3834,7492,3035,5829,9136,8576,77,49
2023,2023txcha,Week 2,231,118,5427,8370,9307,324,99,32
2023,2023txcha,Week 2,4639,2587,2585,9181,7616,4587,29,44
2023,2023txcha,Week 2,5052,8750,8591,7418,6645,8573,22,25
2023,2023txcha,Week 2,6488,2882,4328,5923,8177,4295,19,63
2023,2023txcha,Week 2,9307,5427,9136,1255,3035,8515,98,47
2023,2023txcha,Week 2,2587,118,3834,7115,3728,2585,88,22
2023,2023txcha,Week 2,4587,6645,8591,7616,5829,7418,26,39
2023,2023txcha,Week 2,9289,4328,231,7492,2882,5052,37,25
2023,2023txcha,Week 2,8573,4295,9081,4639,9181,8177,59,63
2023,2023txcha,Week 2,324,6488,5923,8370,8750,8576,70,44
2023,2023txcha,Week 2,9307,1255,2587,8591,3035,5829,32,87
2023,2023txcha,Week 2,7418,4587,9289,5427,3728,4328,32,82
2023,2023txcha,Week 2,118,7616,6645,4295,3834,9136,68,49
2023,2023txcha,Week 2,9181,8573,8750,8370,2882,2585,28,43
2023,2023txcha,Week 2,7492,324,7115,5923,4639,9081,46,32
2023,2023txcha,Week 2,8576,231,5052,6488,8177,8515,80,60
2023,2023txcha,Week 2,118,7418,1255,9289,9136,2587,96,52
2023,2023txcha,Week 2,5829,4295,2882,8573,4587,4328,53,18
2023,2023txcha,Week 2,4639,3035,8370,5427,3834,7115,52,75
2023,2023txcha,Week 2,3728,5923,6645,8750,231,6488,28,67
2023,2023txcha,Week 2,2585,9181,8591,8515,9307,7492,29,28
2023,2023txcha,Week 2,324,8576,9081,8177,7616,5052,63,59
2023,2023txcha,Week 2,4328,5829,8370,9136,8573,118,69,92
2023,2023txcha,Week 2,8750,3834,5923,1255,9289,2882,36,41
2023,2023txcha,Week 2,8515,2587,4295,6645,7492,5427,29,98
2023,2023txcha,Week 2,7616,6488,3728,9081,9181,9307,53,49
2023,2023txcha,Week 2,2585,5052,7418,8576,8591,4639,50,53
2023,2023txcha,Week 2,231,8177,324,4587,3035,7115,83,54
2023,2023txcha,Week 2,1255,7492,8573,118,4328,8515,48,96
2023,2023txcha,Week 2,2882,5923,7616,3728,9081,9136,75,45
2023,2023txcha,Week 2,3834,8576,6488,5427,8591,2587,82,56
2023,2023txcha,Week 2,3035,2585,6645,7418,8370,8177,82,81
2023,2023txcha,Week 2,5052,9289,5829,9181,7115,231,49,74
2023,2023txcha,Week 2,4639,9307,8750,4587,324,4295,41,79
2023,2023txcha,Week 2,8591,7616,7492,2882,5427,8576,50,103
2023,2023txcha,Week 2,8515,2585,5923,9081,7418,3834,52,42
2023,2023txcha,Week 2,8177,8573,3035,118,9181,3728,74,77
2023,2023txcha,Week 2,7115,9136,4639,8750,6645,4328,67,35
2023,2023txcha,Week 2,4295,9289,8370,2587,5829,231,60,62
2023,2023txcha,Week 2,9307,4587,6488,324,5052,1255,52,73
2023,2023txcha,Week 2,5923,118,8576,9081,5427,3035,112,107
2023,2023txcha,Week 2,8750,8515,7115,7418,7492,9181,57,44
2023,2023txcha,Week 2,4328,4639,4295,3728,8591,8370,62,47
2023,2023txcha,Week 2,9136,4587,8177,5052,9307,3834,90,41
2023,2023txcha,Week 2,7616,2587,324,8573,231,2882,74,53
2023,2023txcha,Week 2,6645,1255,5829,2585,6488,9289,85,39
2023,2023txcha,Week 2,7492,4295,118,8591,5923,7418,96,41
2023,2023txcha,Week 2,9181,8370,5427,5052,3728,4587,87,62
2023,2023txcha,Week 2,8515,9081,231,8177,2587,8750,57,10
2023,2023txcha,Week 2,3834,6645,9289,8573,324,2585,46,57
2023,2023txcha,Week 2,7115,5829,9307,8576,4328,7616,35,90
2023,2023txcha,Week 2,3035,9136,2882,6488,4639,1255,78,52
2023,2023txcha,Week 2,7492,8177,3728,2587,8370,4587,37,41
2023,2023txcha,Week 2,4295,8750,5427,2585,9081,118,92,59
2023,2023txcha,Week 2,231,7418,9307,3834,8573,7616,71,71
2023,2023txcha,Week 2,9136,8515,5052,5829,4639,324,72,92
2023,2023txcha,Week 2,7115,2882,8591,9289,8576,3035,51,72
2023,2023txcha,Week 2,6645,6488,9181,4328,1255,5923,40,80
2023,2023txcha,Week 2,4587,2585,3834,9081,8750,7492,41,28
2023,2023txcha,Week 2,324,3728,7418,8177,5427,5829,76,151
2023,2023txcha,Week 2,3035,5052,118,2882,8515,4639,120,52
2023,2023txcha,Week 2,8576,1255,9181,4295,231,6645,55,85
2023,2023txcha,Week 2,4328,8591,9136,5923,7115,2587,35,43
2023,2023txcha,Week 2,6488,8370,8573,7616,9289,9307,80,28
2023,2023txcha,Week 2,5427,7418,8515,2882,118,4587,85,95
2023,2023txcha,Week 2,231,3834,3728,6645,5052,4639,47,68
2023,2023txcha,Week 2,2587,4328,9181,3035,324,8750,55,93
2023,2023txcha,Week 2,9289,7115,8177,8591,4295,6488,83,40
2023,2023txcha,Week 2,9307,8576,8573,5829,5923,7492,85,84
2023,2023txcha,Week 2,8370,9081,7616,9136,2585,1255,56,84
2023,2023isde3,Week 2,5951,4586,8175,6230,8223,5554,102,40
2023,2023isde3,Week 2,3083,6738,1577,5135,5635,6741,112,90
2023,2023isde3,Week 2,5987,3075,6740,7177,4319,3211,111,77
2023,2023isde3,Week 2,4590,5291,3065,1657,5654,1690,44,179
2023,2023isde3,Week 2,3388,3316,7845,3339,1943,4661,116,109
2023,2023isde3,Week 2,7177,6230,6740,6738,4586,4319,38,81
2023,2023isde3,Week 2,5987,1657,3083,5654,5554,1577,96,157
2023,2023isde3,Week 2,3065,4661,5135,3211,3075,6741,76,97
2023,2023isde3,Week 2,5291,8175,1943,8223,1690,3388,67,117
2023,2023isde3,Week 2,3339,5951,3316,7845,4590,5635,131,122
2023,2023isde3,Week 2,3075,5654,4661,4586,6740,3083,101,70
2023,2023isde3,Week 2,5291,1577,1690,7177,6741,6738,122,44
2023,2023isde3,Week 2,4319,3065,5635,8223,7845,8175,87,79
2023,2023isde3,Week 2,4590,5951,5987,1943,3388,3211,109,107
2023,2023isde3,Week 2,5554,3339,3316,6230,1657,5135,114,94
2023,2023isde3,Week 2,4661,7845,3083,4586,3075,1577,84,137
2023,2023isde3,Week 2,3065,6741,5987,8223,7177,4590,103,68
2023,2023isde3,Week 2,1657,4319,6740,3316,1943,6230,96,58
2023,2023isde3,Week 2,6738,3388,3339,5554,5291,3211,118,88
2023,2023isde3,Week 2,8175,5635,5654,5951,5135,1690,108,93
2023,2023isde3,Week 2,5987,4590,6741,6740,3065,3316,104,84
2023,2023isde3,Week 2,4661,3211,1657,5291,3339,8223,113,62
2023,2023isde3,Week 2,3388,5654,4586,1577,5635,6230,128,138
2023,2023isde3,Week 2,3083,1943,5135,3075,5554,5951,100,103
2023,2023isde3,Week 2,1690,8175,4319,7177,6738,7845,98,79
2023,2023isde3,Week 2,6741,8223,4586,3339,5987,6230,74,125
2023,2023isde3,Week 2,5135,3211,5291,5635,3316,3075,74,138
2023,2023isde3,Week 2,6738,1690,3065,4590,3083,3388,131,111
2023,2023isde3,Week 2,5554,1657,1943,4661,7177,8175,154,65
2023,2023isde3,Week 2,7845,1577,4319,5951,6740,5654,122,129
2023,2023isde3,Week 2,3083,3211,5635,1690,6230,6741,100,89
2023,2023isde3,Week 2,1943,8223,3075,3316,6738,5291,68,88
2023,2023isde3,Week 2,3388,5951,7177,4319,5987,5654,97,126
2023,2023isde3,Week 2,1657,1577,4586,5135,7845,3065,110,117
2023,2023isde3,Week 2,4661,5554,4590,8175,6740,3339,124,87
2023,2023isde3,Week 2,5987,6738,8223,5291,3083,5635,127,46
2023,2023isde3,Week 2,4586,1690,7177,5951,3065,1657,127,147
2023,2023isde3,Week 2,6740,4590,1943,7845,6230,3075,109,130
2023,2023isde3,Week 2,1577,5135,3339,4319,4661,3388,146,83
2023,2023isde3,Week 2,6741,8175,5554,3211,3316,5654,82,128
2023,2023isde3,Week 2,6230,5951,5291,3065,3075,7177,57,122
2023,2023isde3,Week 2,3339,5635,1690,1943,5987,1577,151,120
2023,2023isde3,Week 2,4586,5554,7845,4319,6741,3083,134,64
2023,2023isde3,Week 2,3316,8223,4661,5654,4590,5135,38,134
2023,2023isde3,Week 2,6738,3211,6740,8175,3388,1657,96,113
2023,2023isde3,Week 2,1690,1943,7845,5554,7177,5987,120,92
2023,2023isde3,Week 2,5654,3083,8223,4590,4319,3316,84,90
2023,2023isde3,Week 2,6740,4586,5291,5635,4661,5951,81,42
2023,2023isde3,Week 2,1657,3339,3075,8175,5135,6738,153,123
2023,2023isde3,Week 2,3065,3388,6230,6741,1577,3211,88,124
2023,2023isde3,Week 2,8223,4319,5951,1690,5987,4661,53,124
2023,2023isde3,Week 2,3316,3083,7177,5135,3339,4586,80,124
2023,2023isde3,Week 2,3211,6230,3065,1943,5654,6738,90,114
2023,2023isde3,Week 2,3075,8175,4590,1577,6741,3388,115,131
2023,2023isde3,Week 2,5635,6740,5554,7845,5291,1657,80,108
2023,2023isde3,Week 2,6230,4661,6738,3211,3316,5987,74,163
2023,2023isde3,Week 2,5654,7177,3339,3083,1690,8175,107,92
2023,2023isde3,Week 2,3388,5135,5554,6740,3065,8223,134,75
2023,2023isde3,Week 2,6741,7845,5951,5635,4586,1943,67,107
2023,2023isde3,Week 2,3075,5291,4319,1577,1657,4590,106,155
2023,2023isde4,Week 3,1937,5990,1580,6168,7177,6230,108,82
2023,2023isde4,Week 3,2096,5715,1574,5291,5614,7067,137,95
2023,2023isde4,Week 3,4416,5928,2630,3835,2230,1954,114,129
2023,2023isde4,Week 3,4320,9304,8223,1576,7112,9303,37,76
2023,2023isde4,Week 3,4744,7039,6104,4338,1942,2231,95,87
2023,2023isde4,Week 3,1574,2212,5291,2230,5614,2679,111,123
2023,2023isde4,Week 3,5715,5928,1580,5990,4416,1954,98,57
2023,2023isde4,Week 3,4744,2231,6168,6104,2096,8223,79,82
2023,2023isde4,Week 3,3835,2679,9304,7112,7039,2630,29,131
2023,2023isde4,Week 3,9303,7177,1942,2212,4338,6230,77,69
2023,2023isde4,Week 3,1576,4320,2231,7067,1937,4416,101,74
2023,2023isde4,Week 3,5990,6168,5291,7039,1574,5928,104,102
2023,2023isde4,Week 3,2679,1580,8223,6104,2212,2230,55,101
2023,2023isde4,Week 3,5614,7177,5715,4320,9303,4744,116,76
2023,2023isde4,Week 3,7067,3835,1942,1937,1954,9304,88,55
2023,2023isde4,Week 3,6230,1576,2630,2096,4338,7112,101,100
2023,2023isde4,Week 3,5291,9303,2679,2231,5990,5715,76,131
2023,2023isde4,Week 3,5928,7067,2230,5614,8223,4744,98,109
2023,2023isde4,Week 3,3835,4320,1937,6104,6168,1574,41,133
2023,2023isde4,Week 3,1954,7039,2212,7112,6230,4416,119,79
2023,2023isde4,Week 3,4338,9304,7177,2630,1942,2096,64,120
2023,2023isde4,Week 3,1576,3835,5291,1580,9303,6168,97,99
2023,2023isde4,Week 3,2679,7112,2212,1954,5715,4320,84,92
2023,2023isde4,Week 3,7067,1574,4338,5928,6104,7177,104,45
2023,2023isde4,Week 3,8223,6230,7039,1580,9304,5614,76,73
2023,2023isde4,Week 3,1937,4744,1942,2096,2230,1576,92,126
2023,2023isde4,Week 3,4416,2231,1574,2630,5990,2212,110,123
2023,2023isde4,Week 3,6230,5614,6104,9303,7039,3835,74,63
2023,2023isde4,Week 3,9304,4744,5715,5928,1576,6168,91,69
2023,2023isde4,Week 3,7177,2630,4320,2231,8223,5291,90,112
2023,2023isde4,Week 3,7112,1954,1580,2230,1937,4338,66,92
2023,2023isde4,Week 3,7067,2096,5990,1942,4416,2679,83,81
2023,2023isde4,Week 3,3835,5715,6104,7177,8223,1576,90,75
2023,2023isde4,Week 3,9304,7112,2230,5614,1937,2231,89,115
2023,2023isde4,Week 3,1574,1954,2630,1942,5291,4320,93,74
2023,2023isde4,Week 3,4416,4744,4338,2679,6230,5990,58,90
2023,2023isde4,Week 3,9303,2096,5928,2212,7067,7039,103,122
2023,2023isde4,Week 3,6168,1942,5614,1580,7177,3835,126,84
2023,2023isde4,Week 3,1954,4338,2679,5715,8223,1937,40,79
2023,2023isde4,Week 3,7039,2231,2096,1574,1576,4744,138,125
2023,2023isde4,Week 3,6230,7067,9303,2230,6168,4416,94,94
2023,2023isde4,Week 3,4320,6104,7112,5928,9304,5990,75,84
2023,2023isde4,Week 3,1580,2212,1576,5291,2630,4744,135,110
2023,2023isde4,Week 3,7177,2096,1937,5715,4416,7039,111,119
2023,2023isde4,Week 3,1942,2230,8223,5990,1574,9303,130,100
2023,2023isde4,Week 3,2212,4320,5614,4338,2630,6168,95,112
2023,2023isde4,Week 3,6230,5291,1954,6104,7067,9304,72,83
2023,2023isde4,Week 3,2679,1580,2231,7112,3835,5928,98,71
2023,2023isde4,Week 3,4416,2230,7177,4338,1576,5614,102,96
2023,2023isde4,Week 3,9303,2630,5715,9304,6230,1574,100,92
2023,2023isde4,Week 3,5291,1937,7112,2212,4744,3835,119,86
2023,2023isde4,Week 3,5990,6104,1942,4320,1580,7067,119,85
2023,2023isde4,Week 3,6168,2679,2096,2231,5928,1954,98,122
2023,2023isde4,Week 3,8223,9303,4416,7039,5291,9304,51,102
2023,2023isde4,Week 3,2630,1580,6104,7177,1574,7112,94,103
2023,2023isde4,Week 3,1942,5928,6230,1576,2679,1937,73,90
2023,2023isde4,Week 3,5614,5990,7039,4744,1954,2096,169,94
2023,2023isde4,Week 3,8223,3835,4338,6168,5715,7067,78,136
2023,2023isde4,Week 3,2231,2212,7177,2230,4320,6230,62,102
2023,2023isde4,Week 3,1954,6104,9303,4744,2679,5928,62,103
2023,2023isde4,Week 3,9304,4416,1576,1574,1942,1580,28,115
2023,2023isde4,Week 3,8223,7112,5990,2096,5614,3835,86,118
2023,2023isde4,Week 3,5715,5291,2230,7039,4338,4320,132,96
2023,2023isde4,Week 3,1937,6168,2212,2630,2231,7067,119,121
2023,2023flor,Week 3,2383,179,4622,8324,1523,8057,93,48
2023,2023flor,Week 3,2425,180,8791,6473,86,1557,72,71
2023,2023flor,Week 3,2797,4091,79,8817,233,6527,33,53
2023,2023flor,Week 3,5412,1744,1622,5145,801,8841,27,82
2023,2023flor,Week 3,5842,5872,3627,7442,3932,4013,21,73
2023,2023flor,Week 3,1902,386,9279,1056,5472,6322,47,77
2023,2023flor,Week 3,5816,4118,59,6722,4024,744,83,100
2023,2023flor,Week 3,21,9284,1592,6743,6402,5557,76,76
2023,2023flor,Week 3,7431,6823,4562,3242,1369,8753,77,28
2023,2023flor,Week 3,801,233,2383,5145,179,180,59,86
2023,2023flor,Week 3,3932,4622,5842,8841,6527,8791,90,52
2023,2023flor,Week 3,4091,1557,386,8057,79,4013,55,34
2023,2023flor,Week 3,2797,2425,5872,6722,1902,5412,2,85
2023,2023flor,Week 3,1056,8324,5557,9284,8817,5816,77,70
2023,2023flor,Week 3,6823,86,3242,6743,1744,1523,88,86
2023,2023flor,Week 3,6402,6322,7431,3627,59,1622,74,98
2023,2023flor,Week 3,744,5472,1369,7442,6473,1592,94,47
2023,2023flor,Week 3,4118,9279,4024,8753,21,4562,53,79
2023,2023flor,Week 3,179,5872,4091,8791,5145,1557,61,43
2023,2023flor,Week 3,233,5557,6722,801,5412,386,126,66
2023,2023flor,Week 3,4013,6823,2425,8324,2797,3242,62,36
2023,2023flor,Week 3,1902,8057,7431,86,6527,9284,79,88
2023,2023flor,Week 3,1369,7442,6743,8841,1056,5816,45,68
2023,2023flor,Week 3,4562,744,3932,1622,21,4622,78,70
2023,2023flor,Week 3,1523,5472,180,8817,6402,4118,138,101
2023,2023flor,Week 3,1592,2383,3627,8753,6322,4024,78,40
2023,2023flor,Week 3,6473,59,1744,9279,79,5842,71,52
2023,2023flor,Week 3,5557,9284,801,6527,4091,3242,94,23
2023,2023flor,Week 3,1056,5412,7431,5816,6823,179,50,96
2023,2023flor,Week 3,7442,8057,1557,1902,4562,4622,32,67
2023,2023flor,Week 3,233,86,3932,5472,4013,6402,97,82
2023,2023flor,Week 3,6322,6722,8817,180,6743,8753,84,111
2023,2023flor,Week 3,4118,6473,1622,1744,5872,2383,88,60
2023,2023flor,Week 3,79,8841,1369,4024,1523,2425,72,51
2023,2023flor,Week 3,5145,5842,2797,744,9279,1592,61,48
2023,2023flor,Week 3,3627,21,8324,386,8791,59,73,99
2023,2023flor,Week 3,4622,8057,4091,5412,5816,5472,37,115
2023,2023flor,Week 3,8753,3932,6402,801,7442,3242,86,60
2023,2023flor,Week 3,179,6743,6473,1902,4013,5557,93,66
2023,2023flor,Week 3,6527,6722,1523,1622,4562,1056,73,61
2023,2023flor,Week 3,5842,4024,1744,233,7431,2797,78,60
2023,2023flor,Week 3,1557,8841,9284,2383,59,744,91,82
2023,2023flor,Week 3,5872,9279,8324,1369,1592,180,32,59
2023,2023flor,Week 3,21,386,86,2425,8817,5145,62,77
2023,2023flor,Week 3,6322,8791,3627,6823,79,4118,51,91
2023,2023flor,Week 3,1523,801,8753,3932,8057,5472,78,118
2023,2023flor,Week 3,1622,2797,4024,4622,3242,6473,22,37
2023,2023flor,Week 3,9284,4562,59,233,179,7442,82,123
2023,2023flor,Week 3,8324,1744,1902,744,6402,4091,77,39
2023,2023flor,Week 3,386,2383,6722,7431,5842,1369,83,81
2023,2023flor,Week 3,8817,6743,5412,1557,3627,9279,72,33
2023,2023flor,Week 3,79,2425,1056,5872,5557,5145,48,68
2023,2023flor,Week 3,8791,4013,21,5816,6527,180,59,75
2023,2023flor,Week 3,6823,6322,1592,86,4118,8841,68,119
2023,2023flor,Week 3,4562,6473,4024,8324,4091,801,49,55
2023,2023flor,Week 3,3932,1369,1523,59,233,1902,89,100
2023,2023flor,Week 3,5412,3242,1557,5842,8753,386,28,98
2023,2023flor,Week 3,6402,4622,5145,6743,5872,7431,38,88
2023,2023flor,Week 3,6527,3627,5472,2425,744,179,83,115
2023,2023flor,Week 3,2797,1056,8057,4118,21,6322,50,110
2023,2023flor,Week 3,2383,9279,86,79,5557,7442,92,81
2023,2023flor,Week 3,180,4013,8817,8841,1622,6823,101,97
2023,2023flor,Week 3,1592,5816,6722,9284,1744,8791,67,33
2023,2023flor,Week 3,3932,5145,6743,4024,1557,8324,123,47
2023,2023flor,Week 3,6527,8753,179,386,6402,6473,94,53
2023,2023flor,Week 3,6322,3242,233,8057,744,5872,55,47
2023,2023flor,Week 3,9279,7431,7442,4091,2425,4118,24,76
2023,2023flor,Week 3,8841,180,4562,5557,3627,2797,104,59
2023,2023flor,Week 3,5472,4622,79,6722,6823,9284,86,121
2023,2023flor,Week 3,8791,5816,5842,1523,1622,1902,50,89
2023,2023flor,Week 3,801,1056,59,4013,1592,86,84,93
2023,2023flor,Week 3,1744,8817,21,1369,2383,5412,110,70
2023,2023flor,Week 3,7442,4118,6527,6743,8324,233,95,76
2023,2023flor,Week 3,6473,180,744,7431,386,3932,73,96
2023,2023flor,Week 3,9279,8841,179,3242,6722,5872,112,61
2023,2023flor,Week 3,5842,5557,8057,6402,4024,6823,85,77
2023,2023flor,Week 3,9284,5145,4013,4562,1523,6322,55,57
2023,2023flor,Week 3,59,2797,5412,8791,5472,2383,67,92
2023,2023flor,Week 3,79,1557,801,21,1056,1369,77,56
2023,2023flor,Week 3,3627,1902,8817,4622,1592,1744,84,62
2023,2023flor,Week 3,4091,1622,5816,8753,86,2425,45,72
2023,2023flor,Week 3,4024,386,6527,5872,7442,6823,60,58
2023,2023flor,Week 3,8057,6322,5145,6722,3932,6473,48,113
2023,2023flor,Week 3,4013,1523,744,5557,5412,9279,67,70
2023,2023flor,Week 3,5472,8324,8841,1557,7431,21,111,75
2023,2023flor,Week 3,4118,801,6743,59,5842,8817,109,120
2023,2023flor,Week 3,3242,1902,5816,180,3627,79,25,101
2023,2023flor,Week 3,1592,2425,6402,4091,4562,2383,56,85
2023,2023flor,Week 3,1744,8753,233,4622,8791,1056,57,51
2023,2023flor,Week 3,86,1369,1622,179,9284,2797,76,115
2023,2023nyro,Week 3,3117,3044,1507,3550,1450,7903,95,40
2023,2023nyro,Week 3,3181,6621,250,6806,639,3015,82,101
2023,2023nyro,Week 3,1551,340,271,1126,120,4027,71,71
2023,2023nyro,Week 3,578,2172,229,63,378,4093,56,38
2023,2023nyro,Week 3,1559,2791,1518,533,2053,3360,75,76
2023,2023nyro,Week 3,3799,5528,3003,6868,3990,6300,69,72
2023,2023nyro,Week 3,424,4150,8393,20,1511,2228,96,98
2023,2023nyro,Week 3,3173,1585,191,1493,7636,5590,67,105
2023,2023nyro,Week 3,3838,2340,3951,4930,5740,1405,37,43
2023,2023nyro,Week 3,6806,2172,1591,1126,7903,229,107,24
2023,2023nyro,Week 3,4027,1551,3044,6621,2791,63,67,105
2023,2023nyro,Week 3,1518,3550,3003,120,3799,340,95,86
2023,2023nyro,Week 3,6300,3117,8393,3181,3990,533,91,125
2023,2023nyro,Week 3,191,2053,6868,271,4093,4150,74,52
2023,2023nyro,Week 3,3015,1405,378,1450,424,1493,98,120
2023,2023nyro,Week 3,3838,1591,1559,5528,1507,1585,103,78
2023,2023nyro,Week 3,250,1511,7636,4930,20,3951,98,90
2023,2023nyro,Week 3,639,3360,2228,3173,2340,578,47,75
2023,2023nyro,Week 3,1126,5590,6621,5740,8393,3990,39,84
2023,2023nyro,Week 3,4150,533,3799,3181,120,7903,59,54
2023,2023nyro,Week 3,6868,424,1551,3117,2172,2053,79,56
2023,2023nyro,Week 3,3015,6300,1493,3550,271,1591,87,100
2023,2023nyro,Week 3,1585,3838,20,63,191,1450,100,83
2023,2023nyro,Week 3,340,4027,2228,3951,5528,639,104,57
2023,2023nyro,Week 3,1511,5590,1405,6806,378,3360,78,70
2023,2023nyro,Week 3,4093,1507,250,2791,7636,3173,110,116
2023,2023nyro,Week 3,229,3003,1559,3044,2340,4930,84,45
2023,2023nyro,Week 3,3117,5740,1551,1518,578,4150,101,44
2023,2023nyro,Week 3,2172,20,120,2053,1591,3990,90,119
2023,2023nyro,Week 3,8393,3951,3799,639,63,1493,100,92
2023,2023nyro,Week 3,340,6868,3015,1511,533,3838,127,49
2023,2023nyro,Week 3,1405,4093,3550,2228,1585,5590,89,65
2023,2023nyro,Week 3,3003,6300,2340,7903,3173,6621,33,76
2023,2023nyro,Week 3,1507,4930,378,3181,1126,5528,97,51
2023,2023nyro,Week 3,1450,3360,1518,250,424,4027,44,138
2023,2023nyro,Week 3,2791,5740,6806,7636,1559,191,80,57
2023,2023nyro,Week 3,3990,271,578,3044,229,1511,91,25
2023,2023nyro,Week 3,533,1405,20,639,1551,120,91,83
2023,2023nyro,Week 3,5590,6868,63,3015,2228,7903,92,121
2023,2023nyro,Week 3,2340,1493,1126,5528,4150,3838,52,67
2023,2023nyro,Week 3,4027,1591,4093,3003,250,3117,107,75
2023,2023nyro,Week 3,2053,8393,3550,191,4930,6806,117,55
2023,2023nyro,Week 3,340,229,5740,3360,3181,1507,69,109
2023,2023nyro,Week 3,378,3044,2791,1585,1518,6300,68,62
2023,2023nyro,Week 3,2172,1450,3173,3951,1559,271,73,59
2023,2023nyro,Week 3,6621,3799,424,7636,578,533,64,94
2023,2023nyro,Week 3,5590,639,4027,1591,1511,1126,84,95
2023,2023nyro,Week 3,63,250,2053,1493,3117,5528,51,69
2023,2023nyro,Week 3,3990,3015,4930,1507,4150,1551,108,84
2023,2023nyro,Week 3,4093,6806,1585,2340,340,1518,57,48
2023,2023nyro,Week 3,120,3951,191,229,6300,3360,83,50
2023,2023nyro,Week 3,2791,3550,3181,578,3003,424,115,76
2023,2023nyro,Week 3,20,271,3799,1405,6621,1559,96,109
2023,2023nyro,Week 3,7903,6868,7636,8393,378,1450,80,72
2023,2023nyro,Week 3,2228,3173,3044,5740,3838,2172,100,79
2023,2023nyro,Week 3,1493,6806,533,1551,4930,4093,114,76
2023,2023nyro,Week 3,4150,63,2340,6300,5590,340,79,71
2023,2023nyro,Week 3,3951,3015,3003,578,1126,1585,116,37
2023,2023nyro,Week 3,3360,20,2791,3799,229,3117,126,45
2023,2023nyro,Week 3,3550,3990,7636,1559,4027,6868,119,137
2023,2023nyro,Week 3,5740,7903,424,250,5528,271,78,84
2023,2023nyro,Week 3,1511,639,2172,1518,191,1507,52,75
2023,2023nyro,Week 3,6621,2053,120,3838,2228,378,78,77
2023,2023nyro,Week 3,1591,1405,3173,3044,8393,3181,124,50
2023,2023nyro,Week 3,1450,6806,1126,3799,4093,6300,73,40
2023,2023nyro,Week 3,1551,63,3990,2340,3360,3550,83,65
2023,2023nyro,Week 3,533,1585,229,4150,4027,5740,25,102
2023,2023nyro,Week 3,20,1507,5590,6868,1518,3951,115,80
2023,2023nyro,Week 3,7903,578,1511,1559,1493,2053,49,129
2023,2023nyro,Week 3,1405,2228,3181,378,191,250,105,89
2023,2023nyro,Week 3,7636,3838,3117,271,3003,639,71,95
2023,2023nyro,Week 3,5528,120,8393,2172,3015,3044,77,84
2023,2023nyro,Week 3,4930,1450,6621,1591,340,2791,39,136
2023,2023nyro,Week 3,424,533,63,1507,3173,6806,87,113
2023,2023nyro,Week 3,2053,1551,1511,1585,3799,5740,76,51
2023,2023nyro,Week 3,378,3181,2340,4027,3550,20,44,103
2023,2023nyro,Week 3,6300,1559,578,5590,250,3838,65,66
2023,2023nyro,Week 3,229,1518,5528,8393,7636,1405,45,116
2023,2023nyro,Week 3,3360,1493,4150,3003,6621,2172,109,73
2023,2023nyro,Week 3,3173,1126,4930,120,3117,6868,83,80
2023,2023nyro,Week 3,3990,7903,639,4093,2791,3015,88,121
2023,2023nyro,Week 3,191,3044,1591,424,3951,340,83,110
2023,2023nyro,Week 3,271,3181,1450,2228,533,1551,46,101
2023,2023ohmv,Week 3,144,1038,4085,1317,6032,5492,81,77
2023,2023ohmv,Week 3,2783,1787,2252,325,4028,3201,93,107
2023,2023ohmv,Week 3,3324,451,4467,4145,554,1708,87,94
2023,2023ohmv,Week 3,3492,4504,2603,2051,695,6936,80,83
2023,2023ohmv,Week 3,3484,6964,3814,5667,3193,5811,70,66
2023,2023ohmv,Week 3,7165,3984,3260,3504,5413,4121,66,83
2023,2023ohmv,Week 3,2399,2614,4611,128,4601,7111,128,35
2023,2023ohmv,Week 3,3140,4020,1732,1014,7515,4269,134,51
2023,2023ohmv,Week 3,2783,6834,4028,9097,144,451,94,50
2023,2023ohmv,Week 3,695,1317,554,5492,4145,3814,126,96
2023,2023ohmv,Week 3,7165,5811,3484,6032,3492,1708,44,70
2023,2023ohmv,Week 3,3193,128,1787,2051,3504,4601,100,18
2023,2023ohmv,Week 3,1014,4504,2614,325,4121,1038,104,113
2023,2023ohmv,Week 3,3201,6964,2399,9097,3260,3140,98,48
2023,2023ohmv,Week 3,5667,7515,7111,4020,5413,2252,50,94
2023,2023ohmv,Week 3,6936,3324,6834,3984,4611,1732,42,134
2023,2023ohmv,Week 3,451,4085,4269,128,2603,4467,27,110
2023,2023ohmv,Week 3,144,4028,4121,3484,2051,3193,117,44
2023,2023ohmv,Week 3,2614,3504,3140,325,9097,1014,91,65
2023,2023ohmv,Week 3,4145,3492,2399,1038,4020,6964,71,94
2023,2023ohmv,Week 3,1732,4504,5413,3814,2783,1317,72,69
2023,2023ohmv,Week 3,2603,554,4269,7515,4611,4601,74,61
2023,2023ohmv,Week 3,4085,6834,1708,695,1787,5667,58,111
2023,2023ohmv,Week 3,7111,3984,3324,6032,3201,7165,35,116
2023,2023ohmv,Week 3,2252,5492,5811,3260,4467,6936,106,86
2023,2023ohmv,Week 3,3492,2051,1732,2614,5413,325,102,123
2023,2023ohmv,Week 3,1317,3504,2399,4028,4611,2603,102,131
2023,2023ohmv,Week 3,4121,4601,6964,1708,4020,695,66,127
2023,2023ohmv,Week 3,128,6834,5667,3324,1038,3140,38,102
2023,2023ohmv,Week 3,5811,9097,554,3984,3484,4085,85,52
2023,2023ohmv,Week 3,3260,6032,2252,451,3193,1014,120,33
2023,2023ohmv,Week 3,4269,3814,6936,7111,7165,1787,91,109
2023,2023ohmv,Week 3,7515,4467,4145,4504,3201,144,99,68
2023,2023ohmv,Week 3,5492,3140,3492,2783,1732,3504,89,141
2023,2023ohmv,Week 3,5413,2051,9097,1038,1708,4611,62,85
2023,2023ohmv,Week 3,554,6032,4028,2252,6964,2614,108,124
2023,2023ohmv,Week 3,2603,3484,4020,3814,3260,6834,118,47
2023,2023ohmv,Week 3,1787,4121,7515,4145,1014,128,92,61
2023,2023ohmv,Week 3,4601,5492,3984,5667,451,4504,64,22
2023,2023ohmv,Week 3,144,3324,2783,5811,7111,695,56,107
2023,2023ohmv,Week 3,6936,7165,1317,3193,325,4467,95,99
2023,2023ohmv,Week 3,3201,4269,6834,2399,4085,5413,72,108
2023,2023ohmv,Week 3,3814,1787,9097,3484,4121,6032,108,64
2023,2023ohmv,Week 3,554,4020,451,4504,3140,4028,98,96
2023,2023ohmv,Week 3,3504,7111,3260,1732,5667,4145,71,119
2023,2023ohmv,Week 3,1038,2614,2603,144,1708,7165,143,80
2023,2023ohmv,Week 3,2051,2252,3201,4269,5811,1317,117,85
2023,2023ohmv,Week 3,3193,3492,695,2399,128,3984,133,92
2023,2023ohmv,Week 3,4601,1014,6936,2783,4467,4085,49,82
2023,2023ohmv,Week 3,6964,325,7515,3324,5492,4611,85,89
2023,2023ohmv,Week 3,4504,7111,1038,1787,3140,451,78,97
2023,2023ohmv,Week 3,1708,4028,5667,2603,3201,5811,102,113
2023,2023ohmv,Week 3,3484,128,9097,5413,4145,1317,70,86
2023,2023ohmv,Week 3,695,1732,2399,4467,7165,554,153,136
2023,2023ohmv,Week 3,2252,4601,3324,3492,3814,3504,91,88
2023,2023ohmv,Week 3,325,2783,2051,7515,3984,6032,95,64
2023,2023ohmv,Week 3,5492,6936,3193,2614,4269,4020,31,126
2023,2023ohmv,Week 3,4121,4085,1014,6964,6834,144,64,58
2023,2023ohmv,Week 3,4611,9097,695,3260,1787,5811,50,106
2023,2023ohmv,Week 3,1038,1732,4601,4028,2252,3484,96,134
2023,2023ohmv,Week 3,3140,6032,4145,5413,2603,3984,70,92
2023,2023ohmv,Week 3,1708,325,3814,7515,2399,5492,117,109
2023,2023ohmv,Week 3,3193,1317,7111,6834,554,1014,78,56
2023,2023ohmv,Week 3,144,3260,4020,4085,3324,2051,119,43
2023,2023ohmv,Week 3,4269,7165,128,6964,2783,4504,84,72
2023,2023ohmv,Week 3,4467,4611,5667,4121,2614,3492,114,96
2023,2023ohmv,Week 3,451,3201,7515,3504,6936,3484,71,74
2023,2023ohmv,Week 3,1014,4028,1038,3984,695,3814,111,122
2023,2023ohmv,Week 3,2603,5492,1708,9097,2252,7111,68,94
2023,2023ohmv,Week 3,4145,5811,2051,6834,4601,7165,107,55
2023,2023ohmv,Week 3,4611,3140,2783,4085,3193,2614,114,72
2023,2023ohmv,Week 3,3492,325,128,554,3260,3201,110,122
2023,2023ohmv,Week 3,1317,1732,4121,6936,451,6964,135,69
2023,2023ohmv,Week 3,4467,144,5413,4020,3504,1787,109,136
2023,2023ohmv,Week 3,6032,5667,3324,4504,2399,4269,74,94
2023,2023ohmv,Week 3,3484,1014,5492,7165,2603,2051,59,95
2023,2023ohmv,Week 3,7111,4145,325,4028,4085,3492,60,103
2023,2023ohmv,Week 3,6834,1317,3984,2614,7515,3260,101,114
2023,2023ohmv,Week 3,2252,3814,4467,3140,128,144,161,92
2023,2023ohmv,Week 3,3201,695,3504,4020,6936,6032,128,101
2023,2023ohmv,Week 3,451,1038,5413,5811,3324,6964,77,72
2023,2023ohmv,Week 3,1787,2399,554,4121,5667,2783,113,81
2023,2023ohmv,Week 3,9097,1708,4504,1732,4269,3193,39,111
2023,2023ohmv,Week 3,4611,144,325,4601,3484,3140,115,59
2023,2023ilpe,Week 3,7848,2039,7417,2169,1756,648,57,90
2023,2023ilpe,Week 3,6237,2481,2040,1736,2022,4314,59,91
2023,2023ilpe,Week 3,5653,2080,5442,234,4645,5847,79,149
2023,2023ilpe,Week 3,27,1208,3539,4143,6317,5484,63,97
2023,2023ilpe,Week 3,3695,4213,4096,6651,4187,5801,89,50
2023,2023ilpe,Week 3,5442,4655,234,2481,2704,2169,111,120
2023,2023ilpe,Week 3,1208,5847,6237,2040,1756,2039,60,89
2023,2023ilpe,Week 3,1736,6651,4096,4143,648,2022,70,64
2023,2023ilpe,Week 3,5653,5801,6317,4655,4187,3695,72,94
2023,2023ilpe,Week 3,7848,27,4645,5484,4314,7417,103,99
2023,2023ilpe,Week 3,4213,2704,1736,2080,3539,5847,114,90
2023,2023ilpe,Week 3,6651,6317,2040,5801,2022,234,41,107
2023,2023ilpe,Week 3,5484,1208,4655,2039,2169,3695,75,57
2023,2023ilpe,Week 3,4187,2080,1756,3539,4096,7417,107,95
2023,2023ilpe,Week 3,4645,648,2704,5442,27,6237,60,153
2023,2023ilpe,Week 3,4143,2481,4213,4314,7848,5653,118,73
2023,2023ilpe,Week 3,2022,7417,6651,3539,3695,2040,53,100
2023,2023ilpe,Week 3,6237,2080,1736,27,2039,6317,95,95
2023,2023ilpe,Week 3,5801,4143,4655,5847,648,4096,127,67
2023,2023ilpe,Week 3,7848,2704,4187,5484,4645,2481,59,125
2023,2023ilpe,Week 3,234,2169,1208,5442,4314,4213,108,90
2023,2023ilpe,Week 3,5653,2040,5847,6237,3539,1756,98,148
2023,2023ilpe,Week 3,3695,7417,648,1736,4645,4143,57,126
2023,2023ilpe,Week 3,2080,4655,2039,5442,6651,5484,93,97
2023,2023ilpe,Week 3,2481,1208,5801,27,1756,2022,70,118
2023,2023ilpe,Week 3,6317,4096,2704,7848,5653,2169,92,66
2023,2023ilpe,Week 3,234,4213,3539,4143,4187,4314,144,97
2023,2023ilpe,Week 3,4655,7417,5847,4645,6651,1208,70,63
2023,2023ilpe,Week 3,1736,5442,7848,5801,3695,27,96,130
2023,2023ilpe,Week 3,2040,4314,648,1756,5484,2704,68,116
2023,2023ilpe,Week 3,234,6237,4187,4096,2481,2080,111,111
2023,2023ilpe,Week 3,2169,6317,2022,4213,2039,5653,49,99
2023,2023ilpe,Week 3,2704,7417,5442,1208,4143,1756,54,167
2023,2023ilpe,Week 3,4314,234,27,2040,4096,7848,160,100
2023,2023ilpe,Week 3,2080,3695,5484,2022,5847,4213,91,88
2023,2023ilpe,Week 3,4645,6237,2169,6317,1736,4187,104,114
2023,2023ilpe,Week 3,648,5801,2039,2481,3539,5653,65,119
2023,2023ilpe,Week 3,6651,4213,1756,4655,27,4096,131,114
2023,2023ilpe,Week 3,2022,5484,6237,5847,2169,5442,117,91
2023,2023ilpe,Week 3,2039,3539,4645,2481,234,3695,110,109
2023,2023ilpe,Week 3,1208,6317,4314,7417,5801,1736,64,90
2023,2023ilpe,Week 3,2704,5653,4143,2080,7848,6651,135,49
2023,2023ilpe,Week 3,648,4187,27,2040,4655,2169,96,95
2023,2023ilpe,Week 3,1756,5847,6317,4096,2022,5442,124,74
2023,2023ilpe,Week 3,4213,5484,5801,7417,234,2080,101,75
2023,2023ilpe,Week 3,4314,2039,2481,3539,2704,6651,80,85
2023,2023ilpe,Week 3,4187,4645,2040,6237,4143,3695,99,99
2023,2023ilpe,Week 3,5653,1736,4655,1208,648,7848,117,64
2023,2023ilpe,Week 3,2169,27,5484,5847,5801,2704,112,78
2023,2023ilpe,Week 3,7417,2040,4143,4645,2080,6317,114,82
2023,2023ilpe,Week 3,3539,7848,2022,4187,5442,1208,100,80
2023,2023ilpe,Week 3,1756,3695,1736,6651,5653,234,125,93
2023,2023ilpe,Week 3,4314,4096,6237,648,4655,2481,108,95
2023,2023ilpe,Week 3,2039,5442,4143,4213,2040,27,120,102
2023,2023ilpe,Week 3,2169,1736,3539,2704,1208,2080,139,92
2023,2023ilpe,Week 3,3695,5847,4314,6317,234,648,60,96
2023,2023ilpe,Week 3,1756,7848,5801,2039,6237,6651,123,67
2023,2023ilpe,Week 3,2022,2481,4187,4655,4213,4645,108,104
2023,2023ilpe,Week 3,4096,5484,234,7417,5653,1208,136,83
2023,2023ilpe,Week 3,5847,4143,7848,5801,2040,2080,128,114
2023,2023ilpe,Week 3,648,5442,3539,6317,6237,4213,116,112
2023,2023ilpe,Week 3,27,6651,2481,4187,2169,7417,107,60
2023,2023ilpe,Week 3,4096,1756,4645,5484,1736,2039,122,124
2023,2023ilpe,Week 3,3695,2022,5653,2704,4314,4655,63,87
2023,2023ksla,Week 3,2457,5098,1769,1806,1987,8112,21,63
2023,2023ksla,Week 3,2357,2410,4809,935,2197,7662,70,55
2023,2023ksla,Week 3,1764,5147,2560,5119,5268,4959,43,70
2023,2023ksla,Week 3,3729,8825,5189,1827,3184,1763,51,73
2023,2023ksla,Week 3,1775,1847,5141,9269,2220,1994,15,52
2023,2023ksla,Week 3,5837,5126,5013,1723,1710,1730,102,53
2023,2023ksla,Week 3,7662,4959,8112,4809,935,5147,36,36
2023,2023ksla,Week 3,8825,2410,5119,3184,5189,1987,80,127
2023,2023ksla,Week 3,2197,2560,2457,2220,1827,5141,65,68
2023,2023ksla,Week 3,5268,2357,1769,5837,5098,1847,84,74
2023,2023ksla,Week 3,1730,1775,9269,5126,1723,1763,59,58
2023,2023ksla,Week 3,1994,1806,3729,1764,5013,1710,52,89
2023,2023ksla,Week 3,4959,2457,935,5189,5119,2220,40,76
2023,2023ksla,Week 3,2560,8825,1827,5837,2357,5147,59,94
2023,2023ksla,Week 3,1987,1730,5098,1775,1723,7662,127,10
2023,2023ksla,Week 3,1763,1806,5268,2410,8112,1710,23,53
2023,2023ksla,Week 3,2197,5013,3729,5126,1994,1847,59,37
2023,2023ksla,Week 3,5141,1764,9269,3184,1769,4809,28,128
2023,2023ksla,Week 3,4959,8825,5837,2220,1775,5098,82,78
2023,2023ksla,Week 3,2560,1710,1806,1987,7662,2457,82,88
2023,2023ksla,Week 3,1827,8112,1723,5268,3729,5126,29,83
2023,2023ksla,Week 3,1763,4809,5119,5147,1769,2197,72,78
2023,2023ksla,Week 3,1994,2357,3184,5189,1730,1764,92,70
2023,2023ksla,Week 3,2410,5141,935,1847,9269,5013,57,62
2023,2023ksla,Week 3,1806,5126,1827,8825,7662,5268,89,50
2023,2023ksla,Week 3,2220,5837,2560,1987,4809,3729,85,120
2023,2023ksla,Week 3,1763,1710,2197,2357,5119,1723,89,80
2023,2023ksla,Week 3,8112,1764,1775,1994,5141,5147,25,51
2023,2023ksla,Week 3,4959,1769,5013,2457,2410,1730,59,73
2023,2023ksla,Week 3,935,5189,1847,5098,3184,9269,38,97
2023,2023ksla,Week 3,1723,4809,8825,7662,1806,5119,55,78
2023,2023ksla,Week 3,1764,2197,2357,1775,2560,3729,66,89
2023,2023ksla,Week 3,1827,5837,2410,5141,1710,1769,62,94
2023,2023ksla,Week 3,9269,1987,4959,5268,5013,5189,138,32
2023,2023ksla,Week 3,3184,1847,2457,8112,5147,5126,85,53
2023,2023ksla,Week 3,2220,1730,1763,935,5098,1994,93,38
2023,2023ksla,Week 3,1710,2357,1775,5141,4809,1806,88,63
2023,2023ksla,Week 3,3729,9269,2410,5189,4959,2560,67,50
2023,2023ksla,Week 3,2457,1764,1723,5013,8112,8825,23,84
2023,2023ksla,Week 3,1769,1994,5837,5126,5119,935,60,93
2023,2023ksla,Week 3,7662,1763,5098,1827,2197,1847,36,74
2023,2023ksla,Week 3,5147,2220,1987,3184,5268,1730,125,136
2023,2023ksla,Week 3,5189,9269,1710,4809,2560,8112,90,69
2023,2023ksla,Week 3,1769,935,1806,5837,3729,1723,30,78
2023,2023ksla,Week 3,5013,7662,2357,1847,1763,4959,87,46
2023,2023ksla,Week 3,5098,5126,1764,2410,2220,3184,31,97
2023,2023ksla,Week 3,8825,1730,5147,5268,5141,2197,78,53
2023,2023ksla,Week 3,1994,1827,1987,5119,2457,1775,105,83
2023,2023ksla,Week 3,1847,2560,7662,1769,9269,1763,54,55
2023,2023ksla,Week 3,935,2220,5013,1806,1764,5837,71,71
2023,2023ksla,Week 3,5141,3184,8825,5126,4959,2197,106,95
2023,2023ksla,Week 3,2410,1723,1987,1775,5147,1827,101,43
2023,2023ksla,Week 3,1710,5268,5098,4809,5189,2457,79,66
2023,2023ksla,Week 3,1730,1994,5119,8112,3729,2357,102,87
2023,2023ksla,Week 3,1764,1847,2220,2560,7662,1769,59,39
2023,2023ksla,Week 3,4959,1775,3184,5013,1763,5141,114,57
2023,2023ksla,Week 3,2197,1723,5189,1806,5147,2410,68,70
2023,2023ksla,Week 3,4809,5837,5268,8825,2457,1994,51,89
2023,2023ksla,Week 3,9269,5119,8112,5098,3729,1827,68,96
2023,2023ksla,Week 3,1710,1987,5126,1730,935,2357,120,88
2023,2023ksla,Week 3,5147,5013,3184,2560,1763,2410,120,79
2023,2023ksla,Week 3,7662,5189,1994,1723,1769,2220,38,95
2023,2023ksla,Week 3,5119,5098,5141,3729,4959,1764,92,73
2023,2023ksla,Week 3,2357,5126,9269,2457,5837,1710,60,84
2023,2023ksla,Week 3,8112,5268,935,2197,1987,1775,62,98
2023,2023ksla,Week 3,1730,1827,4809,1847,8825,1806,88,85
2023,2023ksla,Week 3,1723,1994,2560,5098,2410,4959,34,62
2023,2023ksla,Week 3,3729,3184,7662,2357,2457,2220,101,63
2023,2023ksla,Week 3,1763,8112,5189,1987,5141,5837,44,117
2023,2023ksla,Week 3,5147,1847,5268,1710,935,8825,44,117
2023,2023ksla,Week 3,5013,1806,1730,5119,1827,1764,88,93
2023,2023ksla,Week 3,1769,1775,5126,9269,2197,4809,87,53
2023,2023mslr,Week 3,3753,2183,4336,8044,590,3824,77,42
2023,2023mslr,Week 3,4087,118,2221,3039,1912,7255,94,100
2023,2023mslr,Week 3,5045,364,538,3959,7428,456,32,86
2023,2023mslr,Week 3,1421,3616,8732,1927,3468,7474,43,57
2023,2023mslr,Week 3,2992,7094,8808,1912,2190,4107,86,21
2023,2023mslr,Week 3,364,4336,4087,118,3959,3753,117,69
2023,2023mslr,Week 3,8732,456,3824,7474,538,1421,31,55
2023,2023mslr,Week 3,590,4107,8808,5045,1927,2992,56,56
2023,2023mslr,Week 3,8044,7428,7094,2221,3616,7255,59,31
2023,2023mslr,Week 3,2190,3039,7474,3468,2183,364,90,44
2023,2023mslr,Week 3,2992,1912,8732,590,1421,4087,37,68
2023,2023mslr,Week 3,3959,3616,538,3824,7094,7255,81,40
2023,2023mslr,Week 3,3468,7428,5045,118,456,8808,31,111
2023,2023mslr,Week 3,4107,1927,3039,8044,3753,2190,84,30
2023,2023mslr,Week 3,2183,2221,1421,4336,7474,7094,95,78
2023,2023mslr,Week 3,538,7255,3824,8808,5045,1912,36,49
2023,2023mslr,Week 3,8732,1927,118,4087,8044,3959,50,38
2023,2023mslr,Week 3,2190,3468,456,2221,590,4336,43,85
2023,2023mslr,Week 3,7428,2183,3616,3039,3753,2992,80,99
2023,2023mslr,Week 3,364,118,7094,4107,7474,8732,107,37
2023,2023mslr,Week 3,5045,8044,456,1912,4336,3959,43,109
2023,2023mslr,Week 3,2190,7255,1927,7428,3824,2221,27,53
2023,2023mslr,Week 3,2183,538,4087,3468,4107,1421,65,86
2023,2023mslr,Week 3,364,590,3039,8808,3616,2992,101,130
2023,2023mslr,Week 3,1912,7474,7255,3753,1927,4336,53,89
2023,2023mslr,Week 3,456,2221,4107,3824,3959,2183,55,56
2023,2023mslr,Week 3,7094,3039,118,590,5045,538,129,39
2023,2023mslr,Week 3,2992,3468,4087,8044,8732,7428,99,48
2023,2023mslr,Week 3,3616,3753,1421,8808,2190,364,57,55
2023,2023mslr,Week 3,1927,2183,7474,7255,5045,3959,65,65
2023,2023mslr,Week 3,4107,1912,7428,2221,8732,3468,75,37
2023,2023mslr,Week 3,3753,456,4087,3616,590,7094,50,67
2023,2023mslr,Week 3,8044,1421,364,2992,538,118,83,96
2023,2023mslr,Week 3,3824,4336,2190,3039,8808,7428,80,107
2023,2023mslr,Week 3,1912,2183,590,8732,3753,5045,57,44
2023,2023mslr,Week 3,118,3616,3468,364,3959,4107,97,90
2023,2023mslr,Week 3,4336,3039,8044,2992,1421,3824,112,72
2023,2023mslr,Week 3,1927,538,456,4087,7255,2190,64,49
2023,2023mslr,Week 3,2221,7474,3959,8808,7094,3468,58,74
2023,2023mslr,Week 3,118,8044,1912,2183,3039,3616,85,105
2023,2023mslr,Week 3,7428,2992,4336,538,4107,1927,127,56
2023,2023mslr,Week 3,1421,7255,590,7094,8732,2190,73,29
2023,2023mslr,Week 3,3753,364,2221,7474,4087,5045,59,46
2023,2023mslr,Week 3,8808,3824,3468,456,2992,2183,76,112
2023,2023mslr,Week 3,3959,7094,1927,1421,118,2190,61,96
2023,2023mslr,Week 3,590,7428,3753,2221,538,1912,44,56
2023,2023mslr,Week 3,7474,8808,8044,8732,4087,3039,45,103
2023,2023mslr,Week 3,7255,4107,4336,456,364,3616,88,83
2023,2023mslr,Week 3,5045,2190,2221,3824,118,3753,7,85
2023,2023mslr,Week 3,8732,3959,590,538,3468,3039,29,100
2023,2023mslr,Week 3,7474,2992,364,4336,456,7255,61,93
2023,2023mslr,Week 3,1912,8808,1927,2183,8044,4107,85,54
2023,2023mslr,Week 3,3616,3824,5045,7428,4087,1421,58,88
2023,2023mslr,Week 3,2190,3959,2992,7094,3753,538,82,37
2023,2023mslr,Week 3,7255,8808,118,3468,2221,8044,115,57
2023,2023mslr,Week 3,4107,4087,3616,590,7474,456,69,28
2023,2023mslr,Week 3,3824,8732,2183,1927,364,7428,82,54
2023,2023mslr,Week 3,4336,3039,5045,1421,7094,1912,128,79
2023,2023mslr,Week 3,7255,2992,8044,3616,2190,590,72,61
2023,2023mslr,Week 3,456,4107,3753,7428,118,7474,59,89
2023,2023mslr,Week 3,364,1912,3468,4087,3824,1927,69,73
2023,2023mslr,Week 3,3959,1421,8808,538,4336,8732,86,101
2023,2023mslr,Week 3,7094,5045,2183,3039,2221,2992,51,88
2023,2023mxpu,Week 3,3794,4355,9282,5948,5716,8291,48,56
2023,2023mxpu,Week 3,3527,3354,2283,6106,6170,5696,52,72
2023,2023mxpu,Week 3,6606,3478,9118,4723,4731,3158,80,86
2023,2023mxpu,Week 3,3472,6647,5887,4735,7102,4371,73,36
2023,2023mxpu,Week 3,9065,4775,5312,6348,4010,9053,52,81
2023,2023mxpu,Week 3,3933,5705,3354,6017,4723,6606,49,44
2023,2023mxpu,Week 3,5696,5716,5887,6106,9118,7102,53,83
2023,2023mxpu,Week 3,6170,3158,4775,4355,9065,6647,93,29
2023,2023mxpu,Week 3,2283,4371,9053,3527,5312,3794,26,63
2023,2023mxpu,Week 3,9282,4731,6017,3933,6348,5948,35,85
2023,2023mxpu,Week 3,3472,3478,8291,4010,4735,5705,60,78
2023,2023mxpu,Week 3,6106,4775,4723,9065,5887,3527,59,37
2023,2023mxpu,Week 3,4731,3933,6606,5716,5312,9118,101,28
2023,2023mxpu,Week 3,6647,3478,9053,9282,7102,6170,96,86
2023,2023mxpu,Week 3,2283,6348,4010,3158,3472,3354,83,58
2023,2023mxpu,Week 3,5705,5948,5696,8291,4735,4355,48,28
2023,2023mxpu,Week 3,6647,6017,4371,9065,6106,3794,74,56
2023,2023mxpu,Week 3,3478,5312,9282,3354,6170,9118,63,60
2023,2023mxpu,Week 3,3527,5716,4355,3472,4010,3933,41,109
2023,2023mxpu,Week 3,5696,4735,4731,5887,9053,3794,56,44
2023,2023mxpu,Week 3,7102,6017,2283,4723,4371,5705,105,46
2023,2023mxpu,Week 3,8291,6348,4775,5948,3158,6606,90,32
2023,2023mxpu,Week 3,9282,3472,3527,3354,5696,9065,64,39
2023,2023mxpu,Week 3,5312,6017,9053,5705,4731,4355,49,34
2023,2023mxpu,Week 3,6348,7102,5716,4775,2283,4735,66,77
2023,2023mxpu,Week 3,4010,5948,6170,6606,6647,6106,68,62
2023,2023mxpu,Week 3,8291,3933,3158,4371,3478,5887,74,86
2023,2023mxpu,Week 3,4723,3794,4735,9118,9282,6348,56,58
2023,2023mxpu,Week 3,5705,6647,5716,3354,4010,4731,49,83
2023,2023mxpu,Week 3,7102,3158,9065,3527,6606,8291,71,45
2023,2023mxpu,Week 3,2283,6170,3478,3794,4775,3933,93,79
2023,2023mxpu,Week 3,5948,6106,6017,5696,9053,3472,60,29
2023,2023mxpu,Week 3,4371,4355,5312,9118,5887,4723,30,65
2023,2023mxpu,Week 3,6170,3933,3527,7102,4731,3478,60,95
2023,2023mxpu,Week 3,4735,6606,6348,5705,9053,6106,76,47
2023,2023mxpu,Week 3,5716,3472,4371,5948,4355,4723,74,41
2023,2023mxpu,Week 3,4010,9282,9065,5312,2283,5887,73,81
2023,2023mxpu,Week 3,4775,3354,6647,5696,8291,6017,75,81
2023,2023mxpu,Week 3,9118,3794,5948,3158,5705,3527,55,56
2023,2023mxpu,Week 3,6606,5887,7102,4355,6170,6348,73,72
2023,2023mxpu,Week 3,3933,9065,4371,9282,5696,6647,48,69
2023,2023mxpu,Week 3,6017,9118,4735,3158,5312,4010,41,88
2023,2023mxpu,Week 3,8291,3794,4731,6106,2283,3472,69,67
2023,2023mxpu,Week 3,3354,4723,3478,4775,9053,5716,59,37
2023,2023mxpu,Week 3,4010,3527,7102,4371,6606,9282,65,43
2023,2023mxpu,Week 3,5312,8291,5705,2283,3933,5696,23,90
2023,2023mxpu,Week 3,4731,6106,6348,3478,9065,5716,76,94
2023,2023mxpu,Week 3,4355,9118,4775,3472,3794,6017,62,74
2023,2023mxpu,Week 3,6647,5887,3158,9053,3354,5948,106,55
2023,2023mxpu,Week 3,4723,8291,9065,6170,4735,5312,49,23
2023,2023mxpu,Week 3,3794,5696,7102,6606,4775,4010,56,91
2023,2023mxpu,Week 3,5887,6106,3354,3478,6348,5705,41,68
2023,2023mxpu,Week 3,6647,3527,9118,5716,4723,2283,77,78
2023,2023mxpu,Week 3,9053,3158,9282,3933,6017,4355,65,63
2023,2023mxpu,Week 3,4731,4371,6170,4735,5948,3472,49,36
2023,2023mxpu,Week 3,6348,4723,5696,3794,4010,6647,74,84
2023,2023mxpu,Week 3,3158,4355,6106,6017,3527,3478,40,103
2023,2023mxpu,Week 3,5887,9282,5948,4775,3472,4731,67,44
2023,2023mxpu,Week 3,5716,3354,4735,5312,7102,3933,41,88
2023,2023mxpu,Week 3,9053,9065,6606,9118,2283,8291,18,75
2023,2023mxpu,Week 3,6170,5705,3794,4371,3527,4775,67,42
2023,2023mxpu,Week 3,4731,5948,5312,7102,6647,4723,57,84
2023,2023mxpu,Week 3,4355,6606,2283,4735,9282,6106,55,57
2023,2023mxpu,Week 3,6017,5716,4010,5887,8291,6170,72,72
2023,2023mxpu,Week 3,9065,5705,3472,3478,5696,3158,32,77
2023,2023mxpu,Week 3,9053,9118,3933,6348,4371,3354,60,97
2023,2023azva,Week 3,2403,3187,9091,498,60,4111,17,59
2023,2023azva,Week 3,5059,7214,2662,9059,7645,7426,29,77
2023,2023azva,Week 3,1212,2478,6968,1165,4135,2659,48,72
2023,2023azva,Week 3,7130,991,3853,2443,4565,2073,29,104
2023,2023azva,Week 3,2840,6036,1011,6413,2486,7755,94,98
2023,2023azva,Week 3,3019,2122,4146,668,6922,2449,106,22
2023,2023azva,Week 3,7426,4415,4111,4135,5059,3187,79,22
2023,2023azva,Week 3,1212,60,7214,6968,4565,7130,73,50
2023,2023azva,Week 3,1011,7645,7755,2403,1165,9059,42,48
2023,2023azva,Week 3,3853,2662,4146,6922,2840,3019,66,36
2023,2023azva,Week 3,2449,498,2443,991,2659,2486,76,131
2023,2023azva,Week 3,2478,6036,6413,2073,2122,9091,131,86
2023,2023azva,Week 3,4415,6968,9059,7755,668,4135,89,24
2023,2023azva,Week 3,2403,6922,7645,60,2840,4565,66,68
2023,2023azva,Week 3,3187,4111,2449,2659,2443,4146,24,130
2023,2023azva,Week 3,2486,7130,2122,2662,1165,991,145,49
2023,2023azva,Week 3,498,4415,1011,6036,5059,3019,96,53
2023,2023azva,Week 3,6413,3853,668,1212,9091,7426,54,58
2023,2023azva,Week 3,4111,2478,2073,7214,4146,6922,89,69
2023,2023azva,Week 3,9059,2659,3187,2840,6968,2403,49,91
2023,2023azva,Week 3,6036,498,2662,2122,1011,4135,132,88
2023,2023azva,Week 3,7426,2449,7755,1165,3019,1212,53,69
2023,2023azva,Week 3,5059,6413,9091,991,4565,7214,88,73
2023,2023azva,Week 3,60,7130,7645,668,2486,2478,76,75
2023,2023azva,Week 3,3853,2443,2403,4415,2073,6922,76,78
2023,2023azva,Week 3,2449,4135,1212,4111,6036,2122,78,113
2023,2023azva,Week 3,2662,6413,4565,7755,5059,2659,64,90
2023,2023azva,Week 3,7214,7130,1165,668,2840,3187,58,47
2023,2023azva,Week 3,60,2443,6968,1011,7426,991,107,47
2023,2023azva,Week 3,4415,3019,3853,7645,498,2478,45,111
2023,2023azva,Week 3,2073,2486,4146,9091,9059,6036,71,86
2023,2023azva,Week 3,1165,668,2122,4565,2403,5059,105,61
2023,2023azva,Week 3,6922,7426,4135,6968,991,2449,76,40
2023,2023azva,Week 3,2840,1212,2662,1011,3853,60,45,59
2023,2023azva,Week 3,7645,2659,4415,4146,4111,6413,126,90
2023,2023azva,Week 3,3019,2073,7214,498,9091,2486,12,74
2023,2023azva,Week 3,7755,2478,9059,3187,2443,7130,65,54
2023,2023azva,Week 3,7426,6968,3853,2122,2449,2662,75,82
2023,2023azva,Week 3,4146,991,5059,60,6413,2403,50,79
2023,2023azva,Week 3,498,4135,2073,7645,4111,2840,73,53
2023,2023azva,Week 3,2443,9059,1212,2478,4415,1165,91,107
2023,2023azva,Week 3,4565,1011,2486,7214,7755,3187,65,11
2023,2023azva,Week 3,9091,7130,3019,2659,6922,6036,48,112
2023,2023azva,Week 3,668,2662,6968,4146,2403,498,67,70
2023,2023azva,Week 3,4111,9059,991,3853,1212,7645,33,77
2023,2023azva,Week 3,2840,2122,7214,2443,1165,5059,72,59
2023,2023azva,Week 3,2478,3187,1011,3019,2449,4565,31,44
2023,2023azva,Week 3,2659,668,7426,7755,2073,6036,107,95
2023,2023azva,Week 3,6922,9091,60,4415,4135,7130,46,109
2023,2023azva,Week 3,1212,2122,6413,2486,2662,4111,100,70
2023,2023azva,Week 3,2478,2449,2840,6968,7214,7645,41,76
2023,2023azva,Week 3,6036,7426,4565,3853,2659,498,93,131
2023,2023azva,Week 3,9091,991,2443,2403,4415,668,89,79
2023,2023azva,Week 3,2486,5059,6922,1011,4146,1165,68,44
2023,2023azva,Week 3,4135,3019,60,2073,9059,6413,48,111
2023,2023azva,Week 3,7130,7755,4111,3187,2662,7426,51,71
2023,2023azva,Week 3,2659,2403,2449,4565,1212,4415,104,84
2023,2023azva,Week 3,5059,7645,668,9091,3853,2478,66,46
2023,2023azva,Week 3,6968,1165,2073,6413,1011,3019,77,72
2023,2023azva,Week 3,3187,4146,60,2443,7755,2122,62,90
2023,2023azva,Week 3,991,498,2840,7130,6922,9059,105,41
2023,2023azva,Week 3,2486,7214,2403,4135,6036,3853,56,81
2023,2023azva,Week 3,4565,9091,1165,4111,1011,6968,66,49
2023,2023azva,Week 3,2449,2073,5059,2662,60,7755,64,36
2023,2023azva,Week 3,4146,2840,4415,7130,7426,498,92,98
2023,2023azva,Week 3,4135,6413,2443,3019,7645,2486,99,85
2023,2023azva,Week 3,6922,3187,991,6036,668,1212,28,121
2023,2023azva,Week 3,2122,2478,2659,9059,7214,1011,107,31
2023,2023azva,Week 3,1165,7755,2840,2449,4146,9091,48,70
2023,2023azva,Week 3,7645,4565,4135,7426,2486,2443,76,122
2023,2023azva,Week 3,5059,6968,498,2073,1212,7130,79,86
2023,2023azva,Week 3,2122,3853,6922,6413,3187,4415,58,107
2023,2023azva,Week 3,991,2403,6036,2662,3019,2478,137,49
2023,2023azva,Week 3,7214,4111,2659,9059,60,668,108,48
2023,2023brbr,Week 3,9087,9164,9085,9219,7459,9050,27,67
2023,2023brbr,Week 3,9199,9046,5800,9165,9168,9049,49,43
2023,2023brbr,Week 3,9110,9045,6404,9196,9178,8882,57,27
2023,2023brbr,Week 3,7563,1860,9162,9175,9166,9169,79,31
2023,2023brbr,Week 3,6902,9200,9302,9066,9047,8066,44,52
2023,2023brbr,Week 3,7565,8276,1772,9163,7567,9195,78,62
2023,2023brbr,Week 3,9305,9218,9261,1156,7033,9048,36,109
2023,2023brbr,Week 3,8882,9110,7459,9219,9049,6404,42,59
2023,2023brbr,Week 3,9162,9196,9175,9165,9085,5800,21,74
2023,2023brbr,Week 3,9169,9199,9047,9046,8066,9164,87,59
2023,2023brbr,Week 3,7565,9087,9045,1772,9200,1860,48,92
2023,2023brbr,Week 3,9163,9261,6902,8276,7563,9218,24,45
2023,2023brbr,Week 3,9302,9048,9168,9066,9305,9166,28,43
2023,2023brbr,Week 3,9050,9195,7033,9178,1156,7567,40,126
2023,2023brbr,Week 3,7459,9165,9046,9110,9047,9164,48,108
2023,2023brbr,Week 3,9219,9087,8066,5800,6404,1860,69,72
2023,2023brbr,Week 3,9200,9163,9162,9199,7565,9261,59,53
2023,2023brbr,Week 3,9169,9049,8276,9305,9045,9302,45,68
2023,2023brbr,Week 3,9048,7567,9050,6902,9196,9066,117,24
2023,2023brbr,Week 3,1156,9166,8882,7563,9085,9178,69,77
2023,2023brbr,Week 3,7033,9168,9218,9175,1772,9195,69,48
2023,2023brbr,Week 3,9200,9110,5800,9199,9164,9163,81,92
2023,2023brbr,Week 3,8066,6404,9165,8276,7459,9305,47,55
2023,2023brbr,Week 3,9048,9261,9066,9050,9169,9087,58,40
2023,2023brbr,Week 3,9047,9219,9196,7567,9302,7563,70,102
2023,2023brbr,Week 3,9166,9085,7033,9045,9195,9046,47,31
2023,2023brbr,Week 3,1860,6902,9178,9162,9168,1772,73,39
2023,2023brbr,Week 3,9218,9175,1156,9049,8882,7565,93,51
2023,2023brbr,Week 3,8276,9165,9199,9261,9050,9110,61,49
2023,2023brbr,Week 3,9164,9305,9219,9087,9200,9196,112,73
2023,2023brbr,Week 3,9195,6404,9066,9166,7563,9046,26,68
2023,2023brbr,Week 3,1860,7567,7459,9163,7033,9302,121,26
2023,2023brbr,Week 3,8066,7565,9178,9085,9175,9049,60,34
2023,2023brbr,Week 3,9168,1156,9047,9048,9162,9045,96,51
2023,2023brbr,Week 3,9169,1772,6902,9218,8882,5800,70,62
2023,2023brbr,Week 3,9046,8276,9261,9200,9166,9219,38,64
2023,2023brbr,Week 3,9087,9163,9110,9196,9164,1860,42,85
2023,2023brbr,Week 3,9305,9178,9175,7459,9199,9195,42,44
2023,2023brbr,Week 3,9049,8066,9048,7567,9162,9165,31,57
2023,2023brbr,Week 3,9047,7563,8882,1772,9050,9218,91,54
2023,2023brbr,Week 3,9302,9066,9085,9045,5800,7033,47,82
2023,2023brbr,Week 3,7565,9169,1156,6404,6902,9168,90,43
2023,2023brbr,Week 3,9166,9163,8276,9199,9087,9175,27,56
2023,2023brbr,Week 3,9305,9165,9048,1860,9219,9046,84,62
2023,2023brbr,Week 3,9218,9195,9200,8882,9162,8066,59,18
2023,2023brbr,Week 3,9066,5800,7563,9178,7459,9045,91,42
2023,2023brbr,Week 3,9085,6902,7567,9168,9110,9169,71,64
2023,2023brbr,Week 3,9164,9302,9050,1156,6404,1772,66,82
2023,2023brbr,Week 3,9196,7033,7565,9261,9047,9049,58,60
2023,2023brbr,Week 3,9195,8882,8276,9087,9046,9305,15,37
2023,2023brbr,Week 3,9165,1860,9163,9178,9066,9200,78,66
2023,2023brbr,Week 3,7567,9045,9219,9162,9218,9199,103,44
2023,2023brbr,Week 3,5800,1772,8066,1156,9085,9110,49,62
2023,2023brbr,Week 3,9175,9261,9168,6404,9302,9047,72,53
2023,2023brbr,Week 3,9050,9196,9166,7459,7565,6902,59,84
2023,2023brbr,Week 3,9049,7563,7033,9169,9048,9164,86,82
2023,2023brbr,Week 3,9046,9218,7567,9165,9178,9087,68,61
2023,2023brbr,Week 3,1772,9066,9199,9162,8276,1156,55,62
2023,2023brbr,Week 3,9047,9305,1860,6404,9261,9085,80,43
2023,2023brbr,Week 3,9302,9110,9196,8066,9195,9166,54,63
2023,2023brbr,Week 3,7459,9200,7563,5800,7565,9048,80,63
2023,2023brbr,Week 3,7033,8882,9169,9219,9168,9163,71,73
2023,2023brbr,Week 3,9045,9049,9164,6902,9050,9175,82,50
2023,2023brbr,Week 3,7567,9199,6404,9085,1860,9218,102,64
2023,2023brbr,Week 3,9110,9046,9162,9302,1156,9087,63,101
2023,2023brbr,Week 3,9195,5800,9178,9047,9048,8276,55,68
2023,2023brbr,Week 3,9196,1772,7459,9261,9169,9200,74,78
2023,2023brbr,Week 3,9164,9175,7565,8882,9066,9045,102,47
2023,2023brbr,Week 3,9166,6902,9049,7033,9219,9165,41,60
2023,2023brbr,Week 3,7563,9163,9050,9168,8066,9305,87,68
2023,2023mawne,Week 3,6620,3654,61,6723,1735,7674,71,39
2023,2023mawne,Week 3,1991,176,571,2370,5112,4987,98,104
2023,2023mawne,Week 3,3719,3182,8709,663,1071,8604,42,53
2023,2023mawne,Week 3,1027,2523,175,181,2168,1699,32,80
2023,2023mawne,Week 3,1740,177,467,7153,9096,195,131,85
2023,2023mawne,Week 3,228,178,6895,3146,7127,7907,42,25
2023,2023mawne,Week 3,3654,2370,3719,3182,8604,61,66,82
2023,2023mawne,Week 3,1699,1735,1071,571,175,5112,80,75
2023,2023mawne,Week 3,7674,2523,7153,195,1740,181,53,114
2023,2023mawne,Week 3,3146,6620,2168,467,4987,7127,71,96
2023,2023mawne,Week 3,178,1027,177,7907,6895,1991,109,48
2023,2023mawne,Week 3,228,9096,6723,8709,176,663,37,136
2023,2023mawne,Week 3,571,1699,8604,1740,61,1071,65,117
2023,2023mawne,Week 3,3182,3146,5112,6620,7674,195,81,109
2023,2023mawne,Week 3,1027,2168,6895,467,1735,2370,32,129
2023,2023mawne,Week 3,7153,176,6723,2523,3719,228,118,36
2023,2023mawne,Week 3,181,1991,178,7127,177,8709,56,96
2023,2023mawne,Week 3,175,663,7907,4987,9096,3654,62,50
2023,2023mawne,Week 3,3146,8604,2370,1027,195,1735,50,109
2023,2023mawne,Week 3,5112,467,176,7153,6895,61,122,69
2023,2023mawne,Week 3,181,6620,6723,178,3182,1071,39,58
2023,2023mawne,Week 3,228,8709,4987,1699,3719,177,36,84
2023,2023mawne,Week 3,2523,9096,7127,175,7674,1991,25,85
2023,2023mawne,Week 3,663,571,3654,1740,2168,7907,69,81
2023,2023mawne,Week 3,176,195,6895,5112,1735,178,133,88
2023,2023mawne,Week 3,181,3719,3146,177,8604,4987,66,75
2023,2023mawne,Week 3,6723,7127,1699,9096,2370,1991,86,92
2023,2023mawne,Week 3,467,7907,3182,8709,175,61,60,109
2023,2023mawne,Week 3,3654,1740,7674,571,228,2168,117,49
2023,2023mawne,Week 3,1027,7153,663,6620,2523,1071,75,48
2023,2023mawne,Week 3,6723,5112,177,8604,6895,9096,104,52
2023,2023mawne,Week 3,61,1699,178,8709,467,181,95,58
2023,2023mawne,Week 3,2168,195,3182,3654,7907,228,91,62
2023,2023mawne,Week 3,1071,175,7153,7674,3146,176,78,122
2023,2023mawne,Week 3,2370,1740,1027,7127,571,6620,93,43
2023,2023mawne,Week 3,3719,1991,4987,2523,663,1735,36,56
2023,2023mawne,Week 3,6723,8604,2168,1699,7907,5112,58,78
2023,2023mawne,Week 3,1071,181,176,6895,3654,467,117,76
2023,2023mawne,Week 3,228,61,2370,9096,3146,175,85,87
2023,2023mawne,Week 3,3719,7674,7127,663,178,195,68,118
2023,2023mawne,Week 3,1735,8709,6620,2523,571,177,56,90
2023,2023mawne,Week 3,7153,4987,1740,1991,3182,1027,84,54
2023,2023mawne,Week 3,1699,175,467,5112,228,8604,108,82
2023,2023mawne,Week 3,2168,61,7127,195,1071,3719,61,93
2023,2023mawne,Week 3,7674,663,181,7907,2370,6620,70,53
2023,2023mawne,Week 3,177,1991,1735,3182,7153,3654,96,80
2023,2023mawne,Week 3,176,1027,9096,4987,6723,571,113,21
2023,2023mawne,Week 3,178,8709,2523,1740,6895,3146,32,127
2023,2023mawne,Week 3,6620,3719,175,195,228,1699,85,116
2023,2023mawne,Week 3,8604,467,7153,1991,663,2168,63,66
2023,2023mawne,Week 3,177,3654,176,7127,1071,1027,143,41
2023,2023mawne,Week 3,61,4987,3146,178,6723,1740,71,83
2023,2023mawne,Week 3,6895,2523,3182,2370,7674,571,46,98
2023,2023mawne,Week 3,7907,181,1735,9096,5112,8709,51,67
2023,2023mawne,Week 3,8604,195,1991,176,6620,1699,95,120
2023,2023mawne,Week 3,175,7127,1740,3654,3146,6723,95,83
2023,2023mawne,Week 3,6895,177,2370,4987,3182,663,120,19
2023,2023mawne,Week 3,1071,467,228,61,181,2523,98,49
2023,2023mawne,Week 3,7907,178,9096,1735,7153,3719,63,80
2023,2023mawne,Week 3,7674,2168,5112,8709,1027,571,49,73
2023,2023mawne,Week 3,663,1699,3146,176,2370,3182,96,134
2023,2023mawne,Week 3,7127,1991,228,6895,4987,181,53,52
2023,2023mawne,Week 3,1735,3654,175,8604,178,6620,113,94
2023,2023mawne,Week 3,195,571,7907,1071,6723,8709,83,56
2023,2023mawne,Week 3,9096,61,7674,2168,177,7153,86,110
2023,2023mawne,Week 3,5112,1740,2523,3719,1027,467,105,64
2023,2023mawne,Week 3,1735,7127,6895,175,181,8604,75,78
2023,2023mawne,Week 3,3146,8709,195,1991,1699,3654,113,93
2023,2023mawne,Week 3,571,1071,9096,2370,7153,178,61,101
2023,2023mawne,Week 3,177,228,663,61,5112,1027,85,78
2023,2023mawne,Week 3,3182,6620,1740,2168,176,3719,108,127
2023,2023mawne,Week 3,4987,7907,7674,467,6723,2523,40,81
2023,2023mibel,Week 3,6101,8124,33,3604,9211,9182,85,84
2023,2023mibel,Week 3,5050,8519,6618,5263,8362,8423,121,33
2023,2023mibel,Week 3,8427,9226,8373,4362,5065,4405,32,119
2023,2023mibel,Week 3,240,8895,6538,7660,3667,5144,33,90
2023,2023mibel,Week 3,8179,6528,94,7174,3656,5531,52,101
2023,2023mibel,Week 3,1023,3668,66,4737,6615,5090,131,38
2023,2023mibel,Week 3,1528,280,3604,8297,7220,5263,61,59
2023,2023mibel,Week 3,5050,3667,6538,5144,9226,240,106,72
2023,2023mibel,Week 3,6618,9182,8362,8895,8519,8179,32,54
2023,2023mibel,Week 3,3668,8124,4737,5531,5065,8427,113,55
2023,2023mibel,Week 3,94,33,6615,7660,8423,9211,87,39
2023,2023mibel,Week 3,7220,66,4405,1023,6528,4362,80,124
2023,2023mibel,Week 3,6101,8373,8297,5090,7174,1528,44,66
2023,2023mibel,Week 3,3604,8427,3656,280,8519,3667,101,52
2023,2023mibel,Week 3,8895,5144,8362,5065,8423,4737,57,72
2023,2023mibel,Week 3,5050,7220,6615,9182,33,240,68,94
2023,2023mibel,Week 3,5090,6101,5263,7660,5531,94,54,39
2023,2023mibel,Week 3,6618,9211,1023,280,3668,8373,69,85
2023,2023mibel,Week 3,4362,8297,6538,8124,3656,4405,71,96
2023,2023mibel,Week 3,8179,9226,7174,6528,66,1528,35,74
2023,2023mibel,Week 3,8427,3667,8423,8519,5531,7220,56,70
2023,2023mibel,Week 3,4737,280,9182,8373,5065,5090,40,68
2023,2023mibel,Week 3,8362,94,3668,8124,1023,6615,65,54
2023,2023mibel,Week 3,7660,240,7174,4362,8179,6618,82,94
2023,2023mibel,Week 3,5050,8297,6528,6101,8895,66,106,79
2023,2023mibel,Week 3,33,6538,3656,1528,5263,9211,114,36
2023,2023mibel,Week 3,5144,3604,3668,3667,4405,9226,120,75
2023,2023mibel,Week 3,5065,7660,8519,1023,7174,7220,44,102
2023,2023mibel,Week 3,8179,280,240,5531,8423,4362,62,113
2023,2023mibel,Week 3,9211,33,5050,8297,8427,8895,124,32
2023,2023mibel,Week 3,5090,94,3656,6615,3604,9226,120,54
2023,2023mibel,Week 3,66,4737,8362,1528,4405,6101,90,51
2023,2023mibel,Week 3,6528,6618,8373,8124,5144,6538,88,77
2023,2023mibel,Week 3,5263,3667,5531,9182,8895,1023,64,82
2023,2023mibel,Week 3,8423,94,9226,8297,280,3656,80,74
2023,2023mibel,Week 3,9211,6615,6101,5065,240,1528,44,45
2023,2023mibel,Week 3,6618,8124,7220,4362,3668,5050,49,152
2023,2023mibel,Week 3,4737,7174,6528,5263,8427,8519,110,46
2023,2023mibel,Week 3,5144,8179,33,66,6538,5090,110,103
2023,2023mibel,Week 3,8373,7660,9182,8362,4405,3604,55,114
2023,2023mibel,Week 3,1528,1023,8297,94,4362,240,87,87
2023,2023mibel,Week 3,5531,8124,8895,6615,7174,8519,45,97
2023,2023mibel,Week 3,33,5090,8427,6618,6101,4737,93,73
2023,2023mibel,Week 3,3667,66,5065,3656,5050,8373,94,104
2023,2023mibel,Week 3,9182,8179,4405,5263,9226,3668,96,100
2023,2023mibel,Week 3,7220,7660,280,5144,6528,9211,49,55
2023,2023mibel,Week 3,8423,3604,8297,6538,8362,7174,50,75
2023,2023mibel,Week 3,1023,33,4737,3656,6618,5065,140,64
2023,2023mibel,Week 3,240,8519,66,94,5263,8124,84,47
2023,2023mibel,Week 3,3668,7660,8895,9226,6101,280,108,53
2023,2023mibel,Week 3,8423,9182,6615,6538,8427,6528,48,68
2023,2023mibel,Week 3,5531,1528,5050,8179,8373,3604,38,89
2023,2023mibel,Week 3,9211,4362,8362,7220,5090,5144,93,100
2023,2023mibel,Week 3,4405,4737,94,3667,240,6618,103,66
2023,2023mibel,Week 3,3668,6538,5065,280,6528,33,79,111
2023,2023mibel,Week 3,9226,1528,7660,8519,9182,8124,62,61
2023,2023mibel,Week 3,8373,7220,9211,66,5531,3604,58,84
2023,2023mibel,Week 3,6615,5263,8179,6101,4362,3667,52,117
2023,2023mibel,Week 3,8427,5144,7174,3656,8362,1023,59,126
2023,2023mibel,Week 3,5090,4405,8297,8895,5050,8423,98,99
2023,2023mibel,Week 3,9226,6618,5531,94,8373,1528,79,41
2023,2023mibel,Week 3,8124,9211,280,3667,4737,8179,49,101
2023,2023mibel,Week 3,6538,3604,7220,8427,1023,6101,103,98
2023,2023mibel,Week 3,8519,5144,8423,4405,6615,3668,111,131
2023,2023mibel,Week 3,5065,9182,5263,66,8297,7660,53,82
2023,2023mibel,Week 3,240,3656,6528,8362,5090,5050,107,95
2023,2023mibel,Week 3,7174,4362,8124,33,8895,3667,122,71
2023,2023mibel,Week 3,8373,1023,5144,8423,1528,8179,125,97
2023,2023mibel,Week 3,6615,66,8427,3604,6618,7660,70,112
2023,2023mibel,Week 3,9226,3656,8519,240,7220,6101,84,99
2023,2023mibel,Week 3,4405,5531,280,8297,8362,33,72,81
2023,2023mibel,Week 3,9211,3668,5090,7174,5050,5263,126,122
2023,2023mibel,Week 3,8895,4737,4362,9182,6538,94,126,60
2023,2023mibel,Week 3,3604,5065,1023,6528,8423,8124,127,68
2023,2023mibel,Week 3,8362,240,8427,33,8373,66,34,106
2023,2023mibel,Week 3,3656,1528,3667,3668,8297,6618,85,105
2023,2023mibel,Week 3,8519,5090,4362,6538,9211,5531,126,38
2023,2023mibel,Week 3,7174,6101,9182,280,94,5144,83,63
2023,2023mibel,Week 3,4405,5263,8895,7220,8179,5065,73,91
2023,2023mibel,Week 3,6528,6615,7660,4737,5050,9226,68,109
2023,2023midet,Week 3,2048,4838,6096,2620,7856,4680,40,87
2023,2023midet,Week 3,7692,6616,1701,5756,5467,5642,68,23
2023,2023midet,Week 3,5901,5577,503,6099,2224,7188,101,62
2023,2023midet,Week 3,6914,8774,3619,2591,7196,4390,32,14
2023,2023midet,Week 3,9255,4851,2337,815,4768,7145,111,43
2023,2023midet,Week 3,3414,123,7232,6532,8352,1,70,44
2023,2023midet,Week 3,8280,2673,4838,5901,2224,3096,52,108
2023,2023midet,Week 3,6914,2620,1701,6616,5642,6096,103,20
2023,2023midet,Week 3,5577,4390,8774,5467,2337,6099,41,90
2023,2023midet,Week 3,1,3414,2591,4851,7692,4680,86,53
2023,2023midet,Week 3,8280,7232,7188,123,5756,4768,53,57
2023,2023midet,Week 3,9255,3619,7145,2048,7856,8352,54,43
2023,2023midet,Week 3,503,7196,6532,2673,3096,815,81,52
2023,2023midet,Week 3,2337,6914,4390,7692,6096,3414,107,71
2023,2023midet,Week 3,2591,4838,4768,6616,5756,2224,40,57
2023,2023midet,Week 3,7145,5901,123,4680,1701,5467,110,99
2023,2023midet,Week 3,2620,2673,6532,8774,7188,7856,115,65
2023,2023midet,Week 3,3619,5642,2048,503,7232,9255,34,90
2023,2023midet,Week 3,1,815,7196,8352,6099,8280,54,46
2023,2023midet,Week 3,3096,4851,123,5577,2591,1701,115,84
2023,2023midet,Week 3,5467,6914,6616,2224,2620,2337,45,134
2023,2023midet,Week 3,6532,4768,6096,7692,2048,503,34,56
2023,2023midet,Week 3,7196,7856,5756,2673,1,4390,28,104
2023,2023midet,Week 3,8352,3414,7188,5642,9255,4838,82,58
2023,2023midet,Week 3,8280,3619,4851,6099,4680,5577,70,52
2023,2023midet,Week 3,8774,5901,815,3096,7145,7232,51,41
2023,2023midet,Week 3,7196,2673,2048,4390,123,6616,53,36
2023,2023midet,Week 3,8352,7692,6914,1,9255,7188,54,91
2023,2023midet,Week 3,2337,5577,5642,4768,503,7856,102,63
2023,2023midet,Week 3,7232,6099,8774,4838,3619,3414,47,82
2023,2023midet,Week 3,815,5756,6532,4851,5467,5901,69,51
2023,2023midet,Week 3,7145,8280,2224,2591,2620,6096,68,58
2023,2023midet,Week 3,2337,1701,3096,4680,6616,9255,136,66
2023,2023midet,Week 3,4838,7196,8352,6914,5577,4768,35,62
2023,2023midet,Week 3,5901,7188,7692,123,503,3619,93,76
2023,2023midet,Week 3,7856,6099,3414,5756,7145,2620,97,71
2023,2023midet,Week 3,2673,8774,5467,8280,6096,1,86,57
2023,2023midet,Week 3,1701,4851,2224,2048,4390,7232,83,22
2023,2023midet,Week 3,6532,4680,3096,2591,5642,815,65,55
2023,2023midet,Week 3,5901,6616,2620,9255,8352,5577,70,41
2023,2023midet,Week 3,7692,6099,4768,6096,2673,7856,37,51
2023,2023midet,Week 3,5756,2048,6914,1701,3414,8774,62,124
2023,2023midet,Week 3,7188,4680,5642,3096,4390,8280,64,88
2023,2023midet,Week 3,503,5467,1,2224,6532,3619,80,65
2023,2023midet,Week 3,7232,2591,4851,7145,2337,7196,22,105
2023,2023midet,Week 3,123,4838,7856,815,1701,6099,56,91
2023,2023midet,Week 3,6096,7188,5577,9255,5756,3414,44,93
2023,2023midet,Week 3,4768,2224,8774,3096,7692,3619,68,48
2023,2023midet,Week 3,503,7145,2591,7196,2620,5467,70,51
2023,2023midet,Week 3,2337,6616,8280,4851,2048,6532,97,36
2023,2023midet,Week 3,4680,815,8352,7232,6914,2673,43,32
2023,2023midet,Week 3,4390,4838,5901,5642,1,123,70,85
2023,2023midet,Week 3,6096,1701,7145,7188,3619,7196,102,42
2023,2023midet,Week 3,6099,2048,9255,5467,3096,2591,40,65
2023,2023midet,Week 3,2224,7692,2673,5577,3414,815,58,94
2023,2023midet,Week 3,5642,8352,503,6616,8774,4851,73,32
2023,2023midet,Week 3,4680,123,2337,5756,1,4838,148,64
2023,2023midet,Week 3,4390,4768,2620,7232,6532,5901,46,62
2023,2023midet,Week 3,7856,8280,5467,3414,3096,6914,50,105
2023,2023midet,Week 3,5642,7196,6099,7188,815,2048,23,95
2023,2023midet,Week 3,6096,2337,5756,123,2224,8352,96,79
2023,2023midet,Week 3,4390,503,4680,2620,8774,9255,70,87
2023,2023midet,Week 3,3619,4768,1,1701,5901,8280,42,105
2023,2023midet,Week 3,5577,7232,6616,7856,2591,7692,22,58
2023,2023midet,Week 3,2673,7145,4851,4838,6532,6914,53,36
2023,2023midet,Week 3,8352,6096,3096,6099,4390,5756,38,23
2023,2023midet,Week 3,7188,123,1701,8774,503,2337,121,119
2023,2023midet,Week 3,815,7856,6616,2048,2591,5901,43,62
2023,2023midet,Week 3,2224,5642,7232,4838,5467,7145,47,48
2023,2023midet,Week 3,6532,9255,7692,7196,8280,4680,80,73
2023,2023midet,Week 3,3414,4851,2620,3619,5577,2673,112,41
2023,2023midet,Week 3,1,6914,6099,4768,2337,2048,69,104
2023,2023midet,Week 3,5467,815,4390,6616,7188,4838,33,64
2023,2023midet,Week 3,7856,9255,2224,8774,6532,123,57,84
2023,2023midet,Week 3,3414,5901,5642,4851,6096,7196,90,60
2023,2023midet,Week 3,1701,7232,5756,6914,8280,503,95,98
2023,2023midet,Week 3,2620,3096,5577,7145,1,7692,88,72
2023,2023midet,Week 3,3619,4680,2591,4768,8352,2673,65,55
2023,2023mimus,Week 3,7501,904,9246,858,9248,6561,40,42
2023,2023mimus,Week 3,9223,7202,7810,2075,6094,3572,52,101
2023,2023mimus,Week 3,4004,2405,6005,3538,3458,3357,29,133
2023,2023mimus,Week 3,8285,6128,7602,6428,5926,2960,63,92
2023,2023mimus,Week 3,3546,4956,5167,9225,5162,7195,112,38
2023,2023mimus,Week 3,141,7054,4381,4337,5470,6100,110,32
2023,2023mimus,Week 3,2405,3458,4855,6561,2075,4422,31,135
2023,2023mimus,Week 3,2960,6005,3572,8285,6428,6094,100,19
2023,2023mimus,Week 3,6128,9225,9223,7602,5162,3538,40,97
2023,2023mimus,Week 3,4381,858,9246,4956,7810,4337,82,44
2023,2023mimus,Week 3,7195,9248,141,5167,4855,3357,43,87
2023,2023mimus,Week 3,7202,904,6100,4422,7501,5926,75,106
2023,2023mimus,Week 3,5470,8285,3546,3572,7054,4004,57,78
2023,2023mimus,Week 3,2405,9223,3538,7810,6428,6005,82,11
2023,2023mimus,Week 3,9246,2075,3458,6094,5167,6128,89,51
2023,2023mimus,Week 3,4855,4337,2960,7202,7501,9225,55,51
2023,2023mimus,Week 3,5162,6100,5926,904,7195,4004,56,48
2023,2023mimus,Week 3,141,858,7602,7054,4422,3546,41,127
2023,2023mimus,Week 3,3357,5470,9248,4956,4381,6561,74,110
2023,2023mimus,Week 3,4337,9246,6094,4855,3538,6005,27,94
2023,2023mimus,Week 3,5926,904,3458,2960,7202,7195,34,70
2023,2023mimus,Week 3,3546,7602,2075,6100,3572,2405,72,48
2023,2023mimus,Week 3,6561,9225,7054,4381,7810,4004,54,72
2023,2023mimus,Week 3,9248,4956,6128,858,9223,8285,34,49
2023,2023mimus,Week 3,7501,5167,5162,6428,5470,141,88,30
2023,2023mimus,Week 3,9246,4855,4422,2960,3357,2405,56,125
2023,2023mimus,Week 3,904,3546,6561,6005,6094,7202,74,59
2023,2023mimus,Week 3,2075,7054,7810,5926,7195,3538,104,120
2023,2023mimus,Week 3,5470,4956,858,7602,4004,6428,58,33
2023,2023mimus,Week 3,4337,8285,7501,6100,3458,9223,71,62
2023,2023mimus,Week 3,9225,4422,5167,6128,3357,3572,95,130
2023,2023mimus,Week 3,4381,9248,6094,5162,141,4855,74,64
2023,2023mimus,Week 3,3546,2960,858,3538,6428,2075,106,137
2023,2023mimus,Week 3,8285,7195,4956,7602,2405,7501,48,62
2023,2023mimus,Week 3,5470,6005,904,3458,7810,6128,44,77
2023,2023mimus,Week 3,9223,6561,4004,4422,141,4337,46,67
2023,2023mimus,Week 3,4381,6100,3357,5167,7202,7054,123,82
2023,2023mimus,Week 3,3572,5926,9225,5162,9246,9248,114,22
2023,2023mimus,Week 3,8285,7810,2405,6005,3546,7501,50,69
2023,2023mimus,Week 3,7195,4422,9223,5470,6094,6561,92,36
2023,2023mimus,Week 3,2960,7602,904,4337,4381,2075,64,123
2023,2023mimus,Week 3,9225,3458,6428,6100,9246,141,32,47
2023,2023mimus,Week 3,4004,6128,5162,3357,4956,7202,44,127
2023,2023mimus,Week 3,7054,858,5926,9248,3572,4855,47,70
2023,2023mimus,Week 3,3538,7501,6094,5167,6561,7602,111,73
2023,2023mimus,Week 3,2405,7195,9246,9223,4381,5470,49,84
2023,2023mimus,Week 3,141,3357,8285,2075,9225,904,110,109
2023,2023mimus,Week 3,6005,7054,3458,4855,4004,858,74,51
2023,2023mimus,Week 3,7810,5926,5167,4956,5162,2960,67,74
2023,2023mimus,Week 3,4422,6428,6100,3546,4337,9248,98,63
2023,2023mimus,Week 3,3572,7202,4381,3538,6128,141,114,98
2023,2023mimus,Week 3,7195,2075,5470,9225,6005,8285,91,58
2023,2023mimus,Week 3,858,5162,3357,2405,6094,904,68,72
2023,2023mimus,Week 3,3458,5167,4337,5926,3546,9223,57,101
2023,2023mimus,Week 3,6428,7501,7054,9246,2960,6128,70,89
2023,2023mimus,Week 3,3572,7602,4956,7202,6561,4855,88,63
2023,2023mimus,Week 3,4004,6100,3538,4422,9248,7810,139,80
2023,2023mimus,Week 3,6094,141,9225,5926,4337,2405,71,69
2023,2023mimus,Week 3,5167,2960,4381,7195,6005,858,129,64
2023,2023mimus,Week 3,6561,6128,6428,2075,8285,5162,30,95
2023,2023mimus,Week 3,7810,3357,3546,4855,5470,7602,110,21
2023,2023mimus,Week 3,904,3538,3572,7501,6100,4956,141,84
2023,2023mimus,Week 3,9248,4004,3458,7054,9223,9246,44,77
2023,2023mimus,Week 3,5162,4337,7202,858,2405,4422,86,114
2023,2023mimus,Week 3,6005,6561,5926,7602,9225,4381,61,82
2023,2023mimus,Week 3,6094,4855,7195,6128,3546,6100,53,115
2023,2023mimus,Week 3,4004,2075,2960,7501,9223,9248,127,63
2023,2023mimus,Week 3,141,3572,5167,7054,904,4956,121,84
2023,2023mimus,Week 3,7810,3538,5470,3458,8285,4422,115,76
2023,2023mimus,Week 3,6428,858,7202,3357,9246,9225,81,68
2023,2023mimus,Week 3,6128,4381,7501,6094,4004,3546,110,97
2023,2023mimus,Week 3,6561,2405,5162,6100,2960,7054,63,85
2023,2023mimus,Week 3,4956,4422,6005,9248,5926,2075,82,107
2023,2023mimus,Week 3,9223,4855,6428,904,141,7810,49,83
2023,2023mimus,Week 3,7202,3538,8285,9246,5167,5470,112,69
2023,2023mimus,Week 3,3357,7602,4337,3458,3572,7195,91,115
2023,2023mista,Week 3,7109,5229,5714,245,5533,302,18,113
2023,2023mista,Week 3,5234,7166,548,5203,8517,4391,99,70
2023,2023mista,Week 3,6071,894,8193,7211,2619,5248,93,96
2023,2023mista,Week 3,4003,5538,8286,8385,5525,6533,57,57
2023,2023mista,Week 3,3770,3641,9245,5547,9227,7784,95,74
2023,2023mista,Week 3,7823,6020,4382,5216,4994,1506,15,110
2023,2023mista,Week 3,5224,8517,6631,5714,5505,302,69,103
2023,2023mista,Week 3,8385,548,5229,894,245,5248,84,74
2023,2023mista,Week 3,8193,8286,3770,5547,5234,3641,41,73
2023,2023mista,Week 3,6533,5216,9227,6071,7109,1506,79,44
2023,2023mista,Week 3,2619,5533,7823,4003,7166,9245,54,76
2023,2023mista,Week 3,7211,6631,4391,4994,4382,5525,120,46
2023,2023mista,Week 3,7784,5505,6020,5203,5224,5538,76,39
2023,2023mista,Week 3,5714,8385,8193,5234,1506,3770,34,76
2023,2023mista,Week 3,3641,5216,548,5229,2619,6071,136,62
2023,2023mista,Week 3,245,5547,7211,9227,7109,4003,125,74
2023,2023mista,Week 3,5525,6020,5533,5224,4391,6533,49,102
2023,2023mista,Week 3,7823,8286,302,4382,894,8517,113,52
2023,2023mista,Week 3,9245,5203,7784,5538,5248,6631,44,53
2023,2023mista,Week 3,4994,7166,9227,5505,7109,8193,109,95
2023,2023mista,Week 3,5216,8385,2619,3641,6533,5714,95,51
2023,2023mista,Week 3,5229,7823,894,8517,5234,6020,71,28
2023,2023mista,Week 3,5203,245,4382,5533,6071,5538,86,24
2023,2023mista,Week 3,9245,4994,5547,302,3770,6631,84,121
2023,2023mista,Week 3,4003,5525,5505,548,4391,5248,87,109
2023,2023mista,Week 3,7166,5224,7784,8286,1506,7211,47,134
2023,2023mista,Week 3,9227,8193,5533,4382,5538,2619,65,71
2023,2023mista,Week 3,7109,6020,3641,5216,9245,8517,57,111
2023,2023mista,Week 3,5248,4994,5229,5714,4003,5547,62,77
2023,2023mista,Week 3,3770,245,5224,548,6631,7823,94,92
2023,2023mista,Week 3,1506,302,4391,7211,5203,8385,148,78
2023,2023mista,Week 3,5525,894,7166,6071,7784,5234,139,40
2023,2023mista,Week 3,8286,6533,9245,5505,5229,9227,37,103
2023,2023mista,Week 3,5533,4382,7109,6020,5248,5224,5,16
2023,2023mista,Week 3,1506,8193,6631,3641,302,8385,75,114
2023,2023mista,Week 3,548,7211,4003,5216,6071,7166,126,113
2023,2023mista,Week 3,5547,6533,8517,245,7784,4391,43,98
2023,2023mista,Week 3,5234,5525,5538,5505,894,4994,32,125
2023,2023mista,Week 3,5714,2619,8286,7823,5203,3770,88,74
2023,2023mista,Week 3,9245,302,6071,5248,8193,5216,126,87
2023,2023mista,Week 3,4382,4003,5224,8517,245,8385,87,95
2023,2023mista,Week 3,9227,5538,1506,7166,6020,5229,84,36
2023,2023mista,Week 3,6533,6631,5505,7211,7823,5234,87,68
2023,2023mista,Week 3,7784,3770,894,5525,7109,5203,125,30
2023,2023mista,Week 3,548,5533,5714,8286,4994,3641,72,106
2023,2023mista,Week 3,4391,5547,6020,2619,9227,245,89,130
2023,2023mista,Week 3,5538,5505,5216,5224,8385,9245,116,52
2023,2023mista,Week 3,8193,4382,5234,7784,7823,4003,55,75
2023,2023mista,Week 3,894,7211,7109,5533,3641,5203,82,86
2023,2023mista,Week 3,302,8517,4994,6533,548,6071,139,32
2023,2023mista,Week 3,3770,5714,5248,4391,8286,7166,67,118
2023,2023mista,Week 3,6631,5525,2619,1506,5229,5547,41,90
2023,2023mista,Week 3,8385,4003,894,6020,9227,5203,71,50
2023,2023mista,Week 3,4994,548,245,7784,7211,6533,108,42
2023,2023mista,Week 3,6071,4391,4382,9245,5234,5714,101,36
2023,2023mista,Week 3,5248,1506,5533,5505,3770,8517,65,83
2023,2023mista,Week 3,5224,5216,5525,302,8193,2619,103,107
2023,2023mista,Week 3,7823,3641,5538,7109,6631,8286,87,53
2023,2023mista,Week 3,7166,5547,5203,5229,6533,4382,86,48
2023,2023mista,Week 3,8517,6071,7211,6020,3770,8385,90,54
2023,2023mista,Week 3,1506,5714,245,5525,9245,8193,111,47
2023,2023mista,Week 3,5248,5234,9227,2619,548,5224,58,88
2023,2023mista,Week 3,4994,7784,7109,6631,5229,4003,37,88
2023,2023mista,Week 3,5547,5505,7823,8286,5533,5216,108,81
2023,2023mista,Week 3,4391,3641,894,7166,5538,302,83,111
2023,2023mista,Week 3,9227,9245,7211,8517,5714,5525,90,83
2023,2023mista,Week 3,8193,5203,5229,6020,1506,548,56,90
2023,2023mista,Week 3,3770,2619,7109,8385,4382,5505,57,111
2023,2023mista,Week 3,3641,5248,7166,245,7823,6533,125,65
2023,2023mista,Week 3,4003,6071,4994,894,5224,8286,109,81
2023,2023mista,Week 3,4391,5216,5234,6631,7784,5533,117,61
2023,2023mista,Week 3,302,5547,548,5538,5714,6020,114,28
2023,2023mista,Week 3,5229,7211,5525,8193,7166,7823,101,72
2023,2023mista,Week 3,5203,5248,5505,4382,9227,3641,71,96
2023,2023mista,Week 3,6533,4003,3770,894,9245,1506,75,137
2023,2023mista,Week 3,2619,8517,7784,5538,4391,4994,54,118
2023,2023mista,Week 3,5234,8286,245,7109,302,5216,91,116
2023,2023mista,Week 3,6631,8385,6071,5533,5224,5547,91,58
2023,2023mitvc,Week 3,3688,6091,2246,7808,3618,5110,108,72
2023,2023mitvc,Week 3,6098,3767,6087,5183,4376,7794,94,86
2023,2023mitvc,Week 3,6963,6121,3603,2834,5534,910,66,94
2023,2023mitvc,Week 3,1711,7155,9176,4377,6097,5562,56,78
2023,2023mitvc,Week 3,7160,5086,3537,4398,5501,5247,115,61
2023,2023mitvc,Week 3,5504,7244,8041,4983,7790,8611,48,85
2023,2023mitvc,Week 3,5560,2246,5534,5183,6122,3688,81,64
2023,2023mitvc,Week 3,1711,910,4376,7808,6091,9176,114,48
2023,2023mitvc,Week 3,3537,2834,4377,6087,5086,3618,91,123
2023,2023mitvc,Week 3,6098,5247,7244,7790,7155,5110,64,81
2023,2023mitvc,Week 3,5562,8041,3603,7160,8611,6097,44,65
2023,2023mitvc,Week 3,4398,7794,5560,6121,5504,4983,95,54
2023,2023mitvc,Week 3,3767,5501,9176,6963,6122,2246,66,56
2023,2023mitvc,Week 3,1711,3688,7790,5086,4377,5534,128,90
2023,2023mitvc,Week 3,910,5247,7808,6087,3603,8611,81,17
2023,2023mitvc,Week 3,7244,4398,4983,4376,2834,5562,101,33
2023,2023mitvc,Week 3,7160,5560,6098,3767,5504,6963,124,92
2023,2023mitvc,Week 3,6091,5110,5183,8041,3537,7155,48,54
2023,2023mitvc,Week 3,5501,6097,3618,7794,6121,6122,63,64
2023,2023mitvc,Week 3,3603,7808,3688,6087,7790,5562,109,69
2023,2023mitvc,Week 3,2246,4983,7160,6098,1711,5086,92,85
2023,2023mitvc,Week 3,910,3767,5183,4376,7244,3537,90,86
2023,2023mitvc,Week 3,7794,2834,7155,5560,5501,6122,100,42
2023,2023mitvc,Week 3,6121,8041,3618,9176,5504,4377,82,65
2023,2023mitvc,Week 3,5247,6097,6963,4398,6091,5534,45,97
2023,2023mitvc,Week 3,8611,5562,1711,5110,4376,6087,70,76
2023,2023mitvc,Week 3,7160,7244,5501,5560,7808,5183,115,44
2023,2023mitvc,Week 3,3688,9176,2834,4983,7794,3537,122,72
2023,2023mitvc,Week 3,6097,910,3603,5247,3618,4377,123,71
2023,2023mitvc,Week 3,5534,5110,8041,5086,6121,2246,71,66
2023,2023mitvc,Week 3,6122,7790,4398,3767,8611,7155,75,84
2023,2023mitvc,Week 3,6091,6963,2834,5504,6098,5562,76,49
2023,2023mitvc,Week 3,6097,4983,4376,3537,3618,5560,52,74
2023,2023mitvc,Week 3,5534,3688,7794,5247,9176,8041,123,66
2023,2023mitvc,Week 3,8611,5110,6121,3767,3603,7160,41,126
2023,2023mitvc,Week 3,910,6122,5504,6963,7244,5086,105,91
2023,2023mitvc,Week 3,4398,7155,6098,7808,6087,1711,62,79
2023,2023mitvc,Week 3,7790,4377,6091,5183,5501,2246,109,55
2023,2023mitvc,Week 3,4983,9176,5560,5110,3767,5247,93,104
2023,2023mitvc,Week 3,7244,6097,6121,4376,6963,3688,88,100
2023,2023mitvc,Week 3,3618,5504,7155,3537,4398,1711,71,102
2023,2023mitvc,Week 3,2834,7160,7808,2246,7794,7790,136,80
2023,2023mitvc,Week 3,4377,6087,5501,6091,8041,6098,59,73
2023,2023mitvc,Week 3,6122,8611,5086,5562,5534,5183,70,49
2023,2023mitvc,Week 3,3603,4983,5110,910,3688,4398,82,73
2023,2023mitvc,Week 3,5504,2246,7808,3537,3767,6097,35,100
2023,2023mitvc,Week 3,7155,5560,4376,8041,6087,7160,71,87
2023,2023mitvc,Week 3,2834,3618,7790,5501,6963,8611,104,47
2023,2023mitvc,Week 3,5247,5183,1711,6098,910,6121,78,92
2023,2023mitvc,Week 3,6091,5562,7794,5534,3603,6122,49,80
2023,2023mitvc,Week 3,9176,5086,4398,7244,4377,5560,100,106
2023,2023mitvc,Week 3,4983,2834,6087,6097,7790,8041,117,65
2023,2023mitvc,Week 3,5504,5183,8611,3688,7160,5247,11,118
2023,2023mitvc,Week 3,6963,7794,910,5501,4376,6091,85,33
2023,2023mitvc,Week 3,9176,6098,3537,7155,5534,6121,70,56
2023,2023mitvc,Week 3,5086,7808,3767,3603,1711,3618,95,127
2023,2023mitvc,Week 3,7244,5562,6122,5110,2246,4377,62,99
2023,2023mitvc,Week 3,8611,8041,3688,6097,4398,2834,55,88
2023,2023mitvc,Week 3,5183,3537,6087,9176,6963,7160,60,121
2023,2023mitvc,Week 3,4376,5534,7808,3618,6098,4983,80,114
2023,2023mitvc,Week 3,5086,5560,7790,7155,910,6091,104,49
2023,2023mitvc,Week 3,7794,5247,3603,1711,2246,7244,73,100
2023,2023mitvc,Week 3,6121,5562,3767,5501,5110,5504,112,60
2023,2023mitvc,Week 3,8041,4377,6963,6122,7808,6098,58,66
2023,2023mitvc,Week 3,3618,8611,6091,7155,5183,4983,52,63
2023,2023mitvc,Week 3,7790,3603,7244,5534,9176,6097,98,44
2023,2023mitvc,Week 3,2246,6087,910,6121,7160,4398,76,110
2023,2023mitvc,Week 3,4377,6122,4376,2834,5247,5504,79,104
2023,2023mitvc,Week 3,5562,3537,5501,5560,3688,3767,73,125
2023,2023mitvc,Week 3,5110,1711,6963,7794,5086,6097,100,83
2023,2023mitvc,Week 3,3618,7160,5534,6087,6091,7244,144,62
2023,2023mitvc,Week 3,7790,5183,9176,3603,4398,5504,65,91
2023,2023mitvc,Week 3,7808,6121,5501,5562,4983,5247,59,68
2023,2023mitvc,Week 3,4377,6098,7794,8611,5560,910,113,90
2023,2023mitvc,Week 3,2246,4376,3767,3688,7155,5086,94,115
2023,2023mitvc,Week 3,6122,3537,5110,8041,1711,2834,87,101
2023,2023txfor,Week 3,7506,8816,6526,8528,7321,7503,21,36
2023,2023txfor,Week 3,7534,5613,9105,8749,4192,7271,45,48
2023,2023txfor,Week 3,8858,2714,6672,9128,3310,9156,123,106
2023,2023txfor,Week 3,7119,7535,7540,5411,5431,6369,57,74
2023,2023txfor,Week 3,4251,4206,3005,4153,4641,148,104,68
2023,2023txfor,Week 3,7506,6974,9299,9088,9080,7534,34,55
2023,2023txfor,Week 3,5613,9156,8749,7321,5411,7119,76,27
2023,2023txfor,Week 3,4153,7271,6672,8528,6369,9128,98,78
2023,2023txfor,Week 3,4641,4206,4192,9299,6526,5431,101,32
2023,2023txfor,Week 3,9088,3005,3310,9080,7540,9105,152,54
2023,2023txfor,Week 3,6974,8858,7503,2714,4251,8816,81,43
2023,2023txfor,Week 3,148,9128,7534,5431,7535,5613,98,43
2023,2023txfor,Week 3,6369,7506,4153,9156,9105,9088,79,50
2023,2023txfor,Week 3,4192,5411,8816,4641,8858,3005,58,98
2023,2023txfor,Week 3,7321,3310,7535,4206,8749,8528,127,112
2023,2023txfor,Week 3,2714,9080,6974,7271,4251,7119,68,11
2023,2023txfor,Week 3,6526,7540,7503,6672,148,9299,68,144
2023,2023txfor,Week 3,5411,8528,3310,7506,9156,4206,96,107
2023,2023txfor,Week 3,7119,6974,9128,6369,7321,3005,55,130
2023,2023txfor,Week 3,8858,7271,5431,4192,7503,7535,64,68
2023,2023txfor,Week 3,8749,7534,7540,9105,6526,4153,87,70
2023,2023txfor,Week 3,2714,9299,9088,148,5613,4251,104,96
2023,2023txfor,Week 3,4641,6672,9156,8816,9080,7271,113,30
2023,2023txfor,Week 3,3310,9105,7503,4153,3005,7535,101,127
2023,2023txfor,Week 3,5431,7540,2714,5613,8858,6526,93,52
2023,2023txfor,Week 3,7506,8528,148,5411,4641,8749,122,75
2023,2023txfor,Week 3,7534,4251,4192,6672,7321,6974,38,89
2023,2023txfor,Week 3,7119,9080,4206,9299,8816,6369,110,36
2023,2023txfor,Week 3,7503,9088,5411,9128,9105,2714,87,124
2023,2023txfor,Week 3,148,7535,8858,7271,7321,7506,121,40
2023,2023txfor,Week 3,4251,4153,7540,4206,5613,8816,54,85
2023,2023txfor,Week 3,9156,6369,7534,6672,7119,6526,52,124
2023,2023txfor,Week 3,9128,9299,4641,6974,3310,8749,19,135
2023,2023txfor,Week 3,9080,3005,8528,4192,5431,9088,107,79
2023,2023txfor,Week 3,6526,148,4206,9105,6672,7535,54,131
2023,2023txfor,Week 3,7321,8816,4641,2714,4153,7534,40,106
2023,2023txfor,Week 3,8858,7540,8528,7271,9156,9299,87,32
2023,2023txfor,Week 3,7119,4192,3310,4251,9088,9128,115,97
2023,2023txfor,Week 3,6369,6974,5613,8749,7503,7506,59,112
2023,2023txfor,Week 3,7534,3005,5431,9080,5411,8858,117,107
2023,2023txfor,Week 3,148,9105,7321,9156,8528,7119,99,62
2023,2023txfor,Week 3,7535,4206,7271,6974,6526,9088,53,50
2023,2023txfor,Week 3,6672,7506,4192,3005,8749,2714,94,126
2023,2023txfor,Week 3,9128,4153,5411,7503,5431,4251,92,54
2023,2023txfor,Week 3,6369,4641,9080,9299,3310,7540,63,129
2023,2023txfor,Week 3,5613,9088,7506,8816,7534,6974,77,16
2023,2023txfor,Week 3,7321,5431,9156,3005,7503,6672,81,161
2023,2023txfor,Week 3,6526,4251,8528,7535,9128,9080,24,81
2023,2023txfor,Week 3,8816,8749,8858,3310,148,6369,95,114
2023,2023txfor,Week 3,4641,7119,9105,7540,4192,5613,92,75
2023,2023txfor,Week 3,7271,2714,5411,4206,4153,9299,91,65
2023,2023txfor,Week 3,9088,6672,8749,8858,7534,3310,147,68
2023,2023txfor,Week 3,9156,6526,9080,8816,7503,9128,111,104
2023,2023txfor,Week 3,9105,9299,4251,5431,7506,4641,50,60
2023,2023txfor,Week 3,6974,8528,4153,3005,5613,7119,71,119
2023,2023txfor,Week 3,4206,2714,7321,7540,7271,5411,126,88
2023,2023txfor,Week 3,7535,6369,4251,4192,148,9156,48,121
2023,2023txfor,Week 3,9299,7119,8858,3005,7506,9105,56,142
2023,2023txfor,Week 3,8749,9128,7321,7540,9088,4206,95,90
2023,2023txfor,Week 3,5411,6974,148,9080,4192,4153,96,56
2023,2023txfor,Week 3,3310,7271,5613,5431,6672,8816,71,133
2023,2023txfor,Week 3,7503,2714,6369,8528,7534,4641,106,62
2023,2023txfor,Week 3,6526,9128,4192,7535,5411,7506,56,78
2023,2023txfor,Week 3,5613,9299,9080,4153,8858,7321,60,88
2023,2023txfor,Week 3,9105,8749,5431,4251,9156,6974,101,63
2023,2023txfor,Week 3,9088,6369,7271,3310,4641,6526,105,112
2023,2023txfor,Week 3,7540,8816,3005,8528,7535,2714,115,66
2023,2023txfor,Week 3,7534,4206,6672,7503,7119,148,130,79
2023,2023txsan,Week 3,5829,2881,8114,2687,4219,1255,71,106
2023,2023txsan,Week 3,5726,4063,6800,6180,9054,2969,106,67
2023,2023txsan,Week 3,3481,2950,4610,2657,8769,8019,31,23
2023,2023txsan,Week 3,1296,7088,8819,2689,7521,8818,56,64
2023,2023txsan,Week 3,6377,3679,5572,8507,9051,9140,113,65
2023,2023txsan,Week 3,7138,8610,8750,457,8573,2468,67,104
2023,2023txsan,Week 3,8879,3561,2582,7621,3545,6155,82,43
2023,2023txsan,Week 3,2687,8019,8114,2657,9054,8369,113,54
2023,2023txsan,Week 3,4219,6180,4063,1255,8818,1296,71,60
2023,2023txsan,Week 3,7521,2881,2950,9140,4610,8769,65,61
2023,2023txsan,Week 3,3481,2468,6377,2689,3679,7088,101,90
2023,2023txsan,Week 3,5829,8610,2969,9051,7621,8879,57,56
2023,2023txsan,Week 3,2582,8750,6155,3545,5572,8369,81,61
2023,2023txsan,Week 3,6800,8819,8507,8573,5726,7138,80,59
2023,2023txsan,Week 3,457,2657,2687,2881,1296,3561,74,113
2023,2023txsan,Week 3,6180,2689,2950,3679,4219,8114,96,63
2023,2023txsan,Week 3,8769,7088,9051,4063,8818,8610,50,71
2023,2023txsan,Week 3,2969,9140,6377,2468,8369,5829,99,121
2023,2023txsan,Week 3,8879,5572,6800,1255,8019,8573,126,101
2023,2023txsan,Week 3,3561,9054,7138,3481,7521,2582,64,87
2023,2023txsan,Week 3,457,6155,8819,5726,7621,4610,33,60
2023,2023txsan,Week 3,3545,8750,4219,8507,2657,8610,64,49
2023,2023txsan,Week 3,6377,9051,6180,2687,2881,8818,90,119
2023,2023txsan,Week 3,8369,2689,1296,7088,6800,8019,72,97
2023,2023txsan,Week 3,4063,3561,9140,7138,2582,5572,101,106
2023,2023txsan,Week 3,7521,3679,2468,2950,2969,6155,97,23
2023,2023txsan,Week 3,8507,3481,8573,7621,5829,457,31,74
2023,2023txsan,Week 3,8769,3545,8879,5726,8114,8819,59,51
2023,2023txsan,Week 3,9054,1255,6800,8750,4610,2689,93,111
2023,2023txsan,Week 3,8818,4219,6377,8019,7138,4063,105,72
2023,2023txsan,Week 3,2582,8369,2881,2468,6180,7088,97,108
2023,2023txsan,Week 3,5572,8507,7521,2657,9051,3481,82,26
2023,2023txsan,Week 3,8573,8610,7621,8114,6155,9140,60,80
2023,2023txsan,Week 3,8879,1255,457,9054,8769,2950,62,63
2023,2023txsan,Week 3,5829,3545,2687,3679,8750,5726,114,58
2023,2023txsan,Week 3,1296,2969,8019,8819,3561,4610,100,57
2023,2023txsan,Week 3,2468,4219,2582,6800,8369,9051,108,88
2023,2023txsan,Week 3,8507,6180,8114,6155,7521,7138,48,27
2023,2023txsan,Week 3,1255,2689,7621,3481,457,8769,104,49
2023,2023txsan,Week 3,8610,3545,5726,2950,6377,8879,60,80
2023,2023txsan,Week 3,7088,2687,2969,8819,9140,5572,91,105
2023,2023txsan,Week 3,1296,4063,3679,5829,2657,8750,121,73
2023,2023txsan,Week 3,2881,4610,9054,8818,8573,3561,122,73
2023,2023txsan,Week 3,8019,8507,457,2582,6800,8769,64,107
2023,2023txsan,Week 3,6180,7138,1255,9051,2950,3545,75,53
2023,2023txsan,Week 3,9140,3481,2689,8369,8879,8610,75,50
2023,2023txsan,Week 3,7621,3679,2687,4219,7521,7088,123,65
2023,2023txsan,Week 3,6155,5829,4063,8819,2881,8750,87,99
2023,2023txsan,Week 3,1296,8114,9054,3561,6377,5726,76,86
2023,2023txsan,Week 3,8818,2969,2468,8573,5572,2657,122,96
2023,2023txsan,Week 3,7138,4610,9051,8019,3481,6180,54,57
2023,2023txsan,Week 3,7521,9140,3545,8369,457,4219,83,99
2023,2023txsan,Week 3,8610,2687,6155,2881,1255,4063,114,121
2023,2023txsan,Week 3,8114,8769,3561,8819,2582,3679,85,94
2023,2023txsan,Week 3,8818,5726,2657,6377,8573,2689,65,124
2023,2023txsan,Week 3,5572,7621,2950,6800,5829,1296,55,125
2023,2023txsan,Week 3,7088,8879,4610,2468,8750,8507,64,115
2023,2023txsan,Week 3,9054,6155,8019,2969,9051,4219,65,50
2023,2023txsan,Week 3,8369,1255,3481,8610,8819,7521,64,43
2023,2023txsan,Week 3,3545,2582,8573,4063,6377,2687,98,141
2023,2023txsan,Week 3,9140,1296,2657,8114,6800,8818,100,112
2023,2023txsan,Week 3,3561,7621,2468,8879,8507,7138,119,44
2023,2023txsan,Week 3,8769,2689,2881,2969,5572,8750,96,78
2023,2023txsan,Week 3,6180,5829,3679,457,9054,7088,95,47
2023,2023txsan,Week 3,5726,2950,8369,4610,4063,3545,46,63
2023,2023txsan,Week 3,9051,8573,7521,8019,8819,6377,86,111
2023,2023txsan,Week 3,6155,8818,8879,6800,2687,3481,26,135
2023,2023txsan,Week 3,8769,2468,8610,4219,7138,1296,117,77
2023,2023txsan,Week 3,2881,2657,3679,9054,8507,7621,130,62
2023,2023txsan,Week 3,2689,5726,5829,2582,9140,6180,100,123
2023,2023txsan,Week 3,4610,457,5572,2969,8114,1255,69,60
2023,2023txsan,Week 3,8750,3561,8369,7088,2950,8818,91,44
2023,2023txsan,Week 3,6155,3481,4219,6377,1296,3545,48,115
2023,2023txsan,Week 3,3679,7138,6800,8610,8019,2881,118,72
2023,2023txsan,Week 3,2657,6180,8819,9140,8879,8573,50,82
2023,2023txsan,Week 3,5572,5726,9054,4610,2468,1255,68,135
2023,2023txsan,Week 3,8750,457,9051,3561,7088,5829,74,85
2023,2023txsan,Week 3,2689,2969,8507,2950,2687,2582,41,135
2023,2023txsan,Week 3,7621,4063,8769,8114,8369,7521,75,68
2023,2023txsan,Week 3,8573,6800,2881,3679,8879,3481,128,63
2023,2023txsan,Week 3,4219,8819,9054,5572,8610,6180,75,80
2023,2023txsan,Week 3,7138,7088,9140,1255,6155,2657,66,82
2023,2023txsan,Week 3,4610,2582,2969,2687,1296,8507,89,118
2023,2023txsan,Week 3,9051,8818,5829,7521,8769,5726,93,54
2023,2023txsan,Week 3,3545,8019,3561,4063,2468,2689,98,135
2023,2023txsan,Week 3,2950,8114,457,8750,6377,7621,75,97
2023,2023wayak,Week 3,4060,1318,4061,6443,4104,2926,90,91
2023,2023wayak,Week 3,4125,5468,955,4692,3876,2811,76,80
2023,2023wayak,Week 3,8532,3826,6076,2910,3712,7461,47,134
2023,2023wayak,Week 3,492,6831,5920,4513,1595,2147,75,110
2023,2023wayak,Week 3,4131,4980,4692,3711,2811,4060,87,110
2023,2023wayak,Week 3,4104,2926,1318,6443,4125,6076,77,93
2023,2023wayak,Week 3,4513,6831,955,8532,4061,5468,55,116
2023,2023wayak,Week 3,3826,492,2910,5920,4131,2147,111,119
2023,2023wayak,Week 3,1595,4980,7461,3876,3711,3712,88,80
2023,2023wayak,Week 3,1318,4692,5468,2811,6076,4061,90,59
2023,2023wayak,Week 3,492,2926,4131,2147,955,2910,90,174
2023,2023wayak,Week 3,7461,3711,3826,6443,4104,5920,102,99
2023,2023wayak,Week 3,4125,4060,1595,6831,8532,3712,61,57
2023,2023wayak,Week 3,4513,4692,2926,4980,3876,2147,74,113
2023,2023wayak,Week 3,6076,3711,955,2910,4061,5920,42,155
2023,2023wayak,Week 3,6831,2811,4104,4060,7461,8532,76,129
2023,2023wayak,Week 3,492,6443,4980,1595,3826,5468,101,76
2023,2023wayak,Week 3,1318,4131,3876,3712,4513,4125,125,72
2023,2023wayak,Week 3,2926,2147,2811,6831,2910,3711,129,123
2023,2023wayak,Week 3,5920,6076,4060,492,7461,4061,46,117
2023,2023wayak,Week 3,3826,3876,4513,955,1595,4131,44,108
2023,2023wayak,Week 3,1318,3712,6443,8532,4692,4125,132,55
2023,2023wayak,Week 3,4980,5468,6831,4104,492,4060,59,64
2023,2023wayak,Week 3,2926,955,2147,7461,6076,3876,135,99
2023,2023wayak,Week 3,4061,6443,4125,2910,4513,8532,88,117
2023,2023wayak,Week 3,3826,5920,3712,4980,1318,2811,64,104
2023,2023wayak,Week 3,4692,1595,4104,3711,5468,4131,27,123
2023,2023wayak,Week 3,3876,8532,6443,6076,2147,492,41,91
2023,2023wayak,Week 3,4125,2811,6831,3826,7461,2926,75,108
2023,2023wayak,Week 3,5920,3711,1595,4060,4131,1318,116,106
2023,2023wayak,Week 3,4104,955,2910,4061,4513,4980,112,106
2023,2023wayak,Week 3,5468,3712,492,4692,6831,3826,64,88
2023,2023wayak,Week 3,3876,1318,2926,4131,8532,2811,74,119
2023,2023wayak,Week 3,4060,4125,4513,4104,2147,3711,93,88
2023,2023wayak,Week 3,6443,1595,2910,7461,4692,5920,134,98
2023,2023wayak,Week 3,3712,955,4061,5468,4980,6076,84,52
2023,2023wayak,Week 3,4513,492,3711,4125,1318,3826,97,85
2023,2023wayak,Week 3,2147,8532,4692,7461,4131,4104,90,129
2023,2023wayak,Week 3,3712,5920,4980,4061,2926,6831,82,89
2023,2023wayak,Week 3,2910,5468,3876,955,6443,4060,114,97
2023,2023wayak,Week 3,1595,2811,492,6076,4104,4513,91,40
2023,2023wayak,Week 3,3711,4061,4692,2926,5920,8532,129,89
2023,2023wayak,Week 3,4131,4125,7461,955,3826,4980,94,133
2023,2023wayak,Week 3,6076,2910,1318,1595,3876,6831,106,23
2023,2023wayak,Week 3,5468,2147,6443,2811,4060,3712,141,90
2023,2023wayak,Week 3,4980,4104,8532,955,492,4692,96,106
2023,2023wayak,Week 3,6831,6076,4131,3711,2910,4125,88,151
2023,2023wayak,Week 3,2147,4060,3826,1318,2926,1595,96,116
2023,2023wayak,Week 3,2811,6443,7461,5920,4513,5468,114,126
2023,2023wayak,Week 3,3712,4061,4104,3876,4125,492,55,37
2023,2023wayak,Week 3,8532,2910,1595,2926,4980,3711,152,86
2023,2023wayak,Week 3,5468,7461,955,2147,6831,1318,121,124
2023,2023wayak,Week 3,4061,4060,3876,4131,3826,6443,69,139
2023,2023wayak,Week 3,2811,5920,4513,4692,3712,6076,143,57
2023,2023cala,Week 3,1515,5669,4470,4999,3952,1759,76,37
2023,2023cala,Week 3,597,2710,294,846,702,5857,102,88
2023,2023cala,Week 3,5089,1159,7611,6833,1148,5500,54,76
2023,2023cala,Week 3,6904,3863,4964,5124,207,6000,65,82
2023,2023cala,Week 3,8600,7185,1197,606,687,2584,6,77
2023,2023cala,Week 3,1661,8898,8020,6658,5199,4501,91,94
2023,2023cala,Week 3,3408,7230,4201,4123,9172,1452,50,57
2023,2023cala,Week 3,5500,7611,980,3473,4999,846,26,99
2023,2023cala,Week 3,5089,6904,597,1515,1759,3863,112,101
2023,2023cala,Week 3,4964,6833,606,2710,4470,687,45,56
2023,2023cala,Week 3,5199,294,7185,4501,5669,5124,108,32
2023,2023cala,Week 3,207,8600,5857,4201,1197,6658,31,94
2023,2023cala,Week 3,1452,2584,1661,8898,1148,1159,113,88
2023,2023cala,Week 3,7230,702,3952,3473,980,3408,71,62
2023,2023cala,Week 3,6833,4123,8020,9172,6000,6904,84,54
2023,2023cala,Week 3,5669,7185,597,4501,5089,2710,36,73
2023,2023cala,Week 3,846,4201,207,7611,3863,606,109,47
2023,2023cala,Week 3,5199,5124,5857,4470,2584,8898,91,72
2023,2023cala,Week 3,4999,7230,1661,687,1452,3408,53,91
2023,2023cala,Week 3,6658,980,8020,9172,1197,294,108,68
2023,2023cala,Week 3,702,1515,3473,4123,1148,4964,89,102
2023,2023cala,Week 3,5500,3952,6000,8600,1759,1159,83,37
2023,2023cala,Week 3,5669,4201,8898,6833,846,5124,71,111
2023,2023cala,Week 3,3863,5199,5089,3408,5857,4999,128,35
2023,2023cala,Week 3,4470,7611,9172,597,2584,1197,22,108
2023,2023cala,Week 3,1661,702,980,687,6904,1515,86,113
2023,2023cala,Week 3,4964,6658,3473,1452,3952,1159,95,87
2023,2023cala,Week 3,294,6000,4123,7185,5500,606,139,22
2023,2023cala,Week 3,8020,4501,1148,2710,8600,7230,111,74
2023,2023cala,Week 3,207,3408,9172,1759,5669,5857,38,30
2023,2023cala,Week 3,6904,846,980,5199,1661,6833,96,109
2023,2023cala,Week 3,4999,4470,5124,1159,6658,702,59,96
2023,2023cala,Week 3,6000,3473,8898,687,5089,4201,84,151
2023,2023cala,Week 3,3952,8600,294,7611,2584,7230,90,101
2023,2023cala,Week 3,1197,1759,4964,4123,597,4501,25,102
2023,2023cala,Week 3,1452,1515,5500,8020,7185,3863,81,84
2023,2023cala,Week 3,606,207,4999,1148,2710,5124,54,106
2023,2023cala,Week 3,8898,687,702,5669,9172,846,96,54
2023,2023cala,Week 3,3408,1159,2584,6904,4201,294,105,146
2023,2023cala,Week 3,6833,6658,8600,5857,4964,597,74,52
2023,2023cala,Week 3,3863,4501,4470,7185,3473,7611,77,50
2023,2023cala,Week 3,7230,1515,4123,1197,5500,207,92,48
2023,2023cala,Week 3,2710,6000,1759,980,1452,5199,90,77
2023,2023cala,Week 3,1148,1661,5089,3952,606,8020,98,113
2023,2023cala,Week 3,294,3408,846,9172,4964,4999,115,57
2023,2023cala,Week 3,3863,1159,6833,8600,702,5669,80,22
2023,2023cala,Week 3,5857,687,7611,5500,5124,4123,94,78
2023,2023cala,Week 3,6000,6658,1452,2584,4501,1515,86,95
2023,2023cala,Week 3,3473,597,3952,8020,207,5199,103,93
2023,2023cala,Week 3,4201,1148,606,7185,980,1759,117,25
2023,2023cala,Week 3,6904,8898,2710,7230,1197,4470,81,56
2023,2023cala,Week 3,5089,5124,9172,1661,4123,8600,50,110
2023,2023cala,Week 3,702,6833,4501,3408,5500,6658,70,74
2023,2023cala,Week 3,6000,8020,687,597,1452,207,126,66
2023,2023cala,Week 3,1159,606,5669,7611,5199,1515,63,108
2023,2023cala,Week 3,5857,7185,6904,980,8898,3952,71,58
2023,2023cala,Week 3,1759,5089,2584,846,4964,7230,87,93
2023,2023cala,Week 3,2710,4999,1197,3473,4201,1661,65,118
2023,2023cala,Week 3,687,3863,1148,4470,294,6658,163,122
2023,2023cala,Week 3,5124,7611,8600,1515,8020,3408,78,103
2023,2023cala,Week 3,4501,5857,1452,606,6904,702,72,63
2023,2023cala,Week 3,1159,597,846,8898,7230,7185,103,69
2023,2023cala,Week 3,5199,3952,9172,4201,2710,5500,116,108
2023,2023cala,Week 3,2584,3863,4123,5089,980,4999,133,81
2023,2023cala,Week 3,1197,3473,1148,5669,6000,4964,119,49
2023,2023cala,Week 3,1759,4470,6833,207,294,1661,61,110
2023,2023cala,Week 3,4501,846,687,1515,5857,1159,134,67
2023,2023cala,Week 3,6658,606,2710,7611,3408,6904,93,18
2023,2023cala,Week 3,2584,4201,7185,702,8020,597,136,109
2023,2023cala,Week 3,1148,4999,5199,8600,9172,3863,123,58
2023,2023cala,Week 3,207,4123,3473,294,8898,1759,101,88
2023,2023cala,Week 3,7230,5500,5669,4470,1661,6000,60,86
2023,2023cala,Week 3,5124,1452,1197,3952,6833,5089,38,90
2023,2023cala,Week 3,980,597,4201,4964,4501,7611,115,51
2023,2023casf,Week 3,8404,2854,4186,6619,4904,4669,46,34
2023,2023casf,Week 3,8852,6418,649,9111,5700,3045,95,88
2023,2023casf,Week 3,4765,9038,841,9125,8840,5430,54,48
2023,2023casf,Week 3,1700,604,299,4159,115,1967,59,112
2023,2023casf,Week 3,5507,8016,581,114,1351,6962,115,129
2023,2023casf,Week 3,5419,8045,9114,7245,8793,972,55,111
2023,2023casf,Week 3,8169,5924,9143,9006,8751,971,57,72
2023,2023casf,Week 3,4186,3045,841,9038,8404,8852,70,110
2023,2023casf,Week 3,1967,4669,9111,4159,5430,4765,45,60
2023,2023casf,Week 3,1700,9125,6962,2854,5700,8840,53,63
2023,2023casf,Week 3,581,649,604,5419,4904,8016,128,73
2023,2023casf,Week 3,5924,115,971,9114,7245,6418,144,30
2023,2023casf,Week 3,8751,1351,972,9143,6619,114,119,97
2023,2023casf,Week 3,8045,5507,299,9006,8169,8793,71,70
2023,2023casf,Week 3,5430,9111,8404,1700,8852,5700,56,74
2023,2023casf,Week 3,604,8840,3045,1967,581,2854,57,102
2023,2023casf,Week 3,9125,9114,115,4669,4765,6962,52,72
2023,2023casf,Week 3,971,6418,1351,114,9038,7245,137,89
2023,2023casf,Week 3,5507,8793,8751,5924,299,4904,101,59
2023,2023casf,Week 3,8016,8169,649,4186,972,6619,91,88
2023,2023casf,Week 3,5419,9006,841,9143,8045,4159,91,67
2023,2023casf,Week 3,6962,8404,604,8852,581,9111,109,84
2023,2023casf,Week 3,114,5700,4765,5430,971,2854,87,86
2023,2023casf,Week 3,6418,8793,4669,8751,7245,299,65,44
2023,2023casf,Week 3,649,4186,9038,9114,972,1967,105,85
2023,2023casf,Week 3,3045,9006,9125,5507,6619,5419,88,115
2023,2023casf,Week 3,4904,1700,9143,115,8169,841,50,89
2023,2023casf,Week 3,8840,8045,8016,1351,4159,5924,43,90
2023,2023casf,Week 3,604,971,114,8793,4765,8404,193,48
2023,2023casf,Week 3,5430,649,7245,6962,299,2854,68,85
2023,2023casf,Week 3,972,9006,5507,5700,6418,581,101,93
2023,2023casf,Week 3,9111,8751,9143,4904,4186,9125,56,48
2023,2023casf,Week 3,1351,8852,9114,4159,3045,8169,89,72
2023,2023casf,Week 3,6619,1967,8045,4669,5419,8840,83,97
2023,2023casf,Week 3,9038,1700,115,841,8016,5924,58,71
2023,2023casf,Week 3,649,972,2854,4765,5507,971,86,98
2023,2023casf,Week 3,6962,4904,9111,9143,299,9006,48,48
2023,2023casf,Week 3,8751,9125,4159,581,3045,7245,72,95
2023,2023casf,Week 3,8169,5419,5430,8404,8840,6418,94,77
2023,2023casf,Week 3,8016,9114,114,8852,841,1967,82,73
2023,2023casf,Week 3,8793,5924,1700,4669,1351,4186,53,79
2023,2023casf,Week 3,5700,9038,6619,8045,604,115,65,132
2023,2023casf,Week 3,4904,4159,9006,972,3045,971,77,132
2023,2023casf,Week 3,299,6418,4765,581,9125,8404,30,133
2023,2023casf,Week 3,8840,7245,1967,8852,9143,5507,85,102
2023,2023casf,Week 3,4186,8169,6962,5924,114,5419,70,120
2023,2023casf,Week 3,9038,4669,604,1351,649,1700,107,100
2023,2023casf,Week 3,2854,9114,9111,841,8045,5700,54,35
2023,2023casf,Week 3,8793,5430,6619,115,8016,8751,38,120
2023,2023casf,Week 3,8404,7245,4904,4765,1967,9006,92,69
2023,2023casf,Week 3,8840,5924,8852,972,5419,299,87,111
2023,2023casf,Week 3,9125,114,6418,4186,604,9143,123,87
2023,2023casf,Week 3,5700,4159,4669,5507,9038,8169,64,128
2023,2023casf,Week 3,115,2854,3045,8016,9111,1351,129,118
2023,2023casf,Week 3,581,6962,5430,8045,649,8793,43,104
2023,2023casf,Week 3,8751,841,6619,9114,971,1700,35,84
2023,2023casf,Week 3,7245,4186,5924,604,4765,4904,49,106
2023,2023casf,Week 3,5700,9143,5419,299,4669,114,91,64
2023,2023casf,Week 3,1967,8404,8016,9125,1351,5507,102,127
2023,2023casf,Week 3,972,9111,8169,8793,2854,9038,103,108
2023,2023casf,Week 3,9006,1700,8840,3045,5430,9114,48,28
2023,2023casf,Week 3,971,8852,8045,6619,115,581,92,118
2023,2023casf,Week 3,6418,841,4159,649,6962,8751,84,97
2023,2023casf,Week 3,299,8404,5700,7245,9143,8016,94,66
2023,2023casf,Week 3,8169,1967,1351,9111,5924,9125,132,110
2023,2023casf,Week 3,4904,5430,972,9114,5507,604,88,112
2023,2023casf,Week 3,971,581,4186,4669,1700,8045,120,38
2023,2023casf,Week 3,9006,114,115,8840,4159,649,111,116
2023,2023casf,Week 3,3045,6619,4765,841,6962,8793,57,86
2023,2023casf,Week 3,2854,5419,8852,6418,8751,9038,106,57
2023,2023gagwi,Week 3,7676,9293,8849,6910,1795,9057,13,26
2023,2023gagwi,Week 3,8736,8815,5293,1771,4188,1746,29,91
2023,2023gagwi,Week 3,9086,1261,5651,6829,4509,1683,55,107
2023,2023gagwi,Week 3,1414,2415,6905,8577,8865,5109,10,45
2023,2023gagwi,Week 3,6925,7538,4188,6910,8849,8100,79,52
2023,2023gagwi,Week 3,9293,1746,9057,8736,4509,9086,21,85
2023,2023gagwi,Week 3,5293,1261,1771,7676,8577,2415,64,35
2023,2023gagwi,Week 3,6829,8815,6925,7538,8865,1414,43,56
2023,2023gagwi,Week 3,6905,8100,1795,5651,5109,1683,33,109
2023,2023gagwi,Week 3,5293,8577,8849,4509,6910,1261,4,101
2023,2023gagwi,Week 3,8865,9293,1771,1746,8736,6925,71,69
2023,2023gagwi,Week 3,5651,7676,4188,1683,1414,1795,65,83
2023,2023gagwi,Week 3,9057,2415,8815,7538,6905,9086,46,32
2023,2023gagwi,Week 3,8865,6829,5109,8100,8736,8577,77,85
2023,2023gagwi,Week 3,1414,5651,6925,7676,1771,6910,37,74
2023,2023gagwi,Week 3,2415,7538,1746,9293,9086,1683,24,93
2023,2023gagwi,Week 3,8815,5109,1795,4509,4188,8849,59,89
2023,2023gagwi,Week 3,1261,9057,6905,6829,5293,8100,61,85
2023,2023gagwi,Week 3,7538,9293,8736,5651,8577,1414,32,53
2023,2023gagwi,Week 3,5109,7676,4509,6925,8849,9086,73,48
2023,2023gagwi,Week 3,6905,1746,6829,1683,5293,4188,63,124
2023,2023gagwi,Week 3,8815,1771,8100,2415,6910,1261,82,66
2023,2023gagwi,Week 3,4509,8865,1795,9057,1414,5109,90,74
2023,2023gagwi,Week 3,4188,6905,8577,1683,7538,7676,54,65
2023,2023gagwi,Week 3,1261,6829,8736,6910,6925,5293,77,27
2023,2023gagwi,Week 3,1795,8849,8815,9293,8100,2415,46,39
2023,2023gagwi,Week 3,1746,9086,8865,1771,9057,5651,34,81
2023,2023gagwi,Week 3,5109,7538,6910,8736,1414,6829,50,95
2023,2023gagwi,Week 3,5293,7676,6925,4509,8815,9293,49,76
2023,2023gagwi,Week 3,8100,9086,9057,2415,1795,1771,45,81
2023,2023gagwi,Week 3,8577,1683,8865,8849,5651,1746,94,44
2023,2023gagwi,Week 3,4188,6905,9293,1261,5109,7538,67,74
2023,2023gagwi,Week 3,9086,5293,2415,8100,1414,7676,63,84
2023,2023gagwi,Week 3,9057,5651,6829,1746,8577,6910,70,63
2023,2023gagwi,Week 3,8849,1261,8865,1795,8736,4188,65,64
2023,2023gagwi,Week 3,6925,1771,4509,1683,8815,6905,93,61
2023,2023gagwi,Week 3,9293,8100,5651,6829,1746,7676,39,87
2023,2023gagwi,Week 3,4188,5293,1414,8849,2415,8736,94,50
2023,2023gagwi,Week 3,8577,1795,4509,1771,6905,9086,88,52
2023,2023gagwi,Week 3,6925,1683,1261,8865,9057,7538,124,43
2023,2023gagwi,Week 3,8815,6910,5651,5109,4188,2415,58,94
2023,2023gagwi,Week 3,1771,8849,1414,8577,9293,6829,102,46
2023,2023gagwi,Week 3,8736,1683,9057,8100,4509,7538,37,98
2023,2023gagwi,Week 3,9086,1795,5109,8865,6925,5293,47,68
2023,2023gagwi,Week 3,7676,6910,6905,1261,1746,8815,42,97
2023,2023gagwi,Week 3,5651,2415,4509,8849,6829,7538,72,69
2023,2023gagwi,Week 3,9057,6925,8577,5293,5109,9293,15,59
2023,2023gagwi,Week 3,1746,1683,8100,1795,1261,7676,107,47
2023,2023gagwi,Week 3,1414,9086,6910,8815,4188,8865,26,78
2023,2023gagwi,Week 3,5109,8736,1771,6905,9057,8849,93,8
2023,2023gagwi,Week 3,2415,6829,1683,1795,6925,9293,80,42
2023,2023gagwi,Week 3,1414,4509,1746,4188,8100,1261,113,95
2023,2023gagwi,Week 3,7538,1771,8577,9086,7676,8815,41,23
2023,2023gagwi,Week 3,6910,8865,8736,6905,5651,5293,68,19
2023,2023marea,Week 3,1729,6201,1153,1761,4311,4761,73,40
2023,2023marea,Week 3,2262,5735,133,3623,58,5962,119,64
2023,2023marea,Week 3,3467,3958,348,138,1721,6161,79,55
2023,2023marea,Week 3,1768,7822,2876,4546,5459,5563,78,57
2023,2023marea,Week 3,8724,5422,1073,2084,88,4169,81,40
2023,2023marea,Week 3,172,5265,5347,3323,5813,4176,46,76
2023,2023marea,Week 3,3205,1761,4905,1153,97,1965,71,101
2023,2023marea,Week 3,3958,138,4311,2262,1768,3623,88,95
2023,2023marea,Week 3,1073,4761,88,6201,5735,5563,129,42
2023,2023marea,Week 3,133,58,172,7822,3467,4169,113,84
2023,2023marea,Week 3,5347,5962,3323,1965,8724,3205,30,96
2023,2023marea,Week 3,5813,4546,97,4905,1721,5265,88,60
2023,2023marea,Week 3,6161,348,1729,2876,4176,2084,49,68
2023,2023marea,Week 3,5459,5735,7822,5422,133,138,63,126
2023,2023marea,Week 3,88,5962,1965,1768,3958,6201,117,64
2023,2023marea,Week 3,1073,5265,97,4546,2262,3323,82,55
2023,2023marea,Week 3,1729,8724,5347,172,4905,6161,69,110
2023,2023marea,Week 3,4311,4176,5422,5563,1761,3467,33,96
2023,2023marea,Week 3,348,3623,5813,4169,2876,1153,71,105
2023,2023marea,Week 3,3205,58,5459,1721,2084,4761,85,82
2023,2023marea,Week 3,8724,172,5962,138,4546,5265,98,88
2023,2023marea,Week 3,7822,1073,1761,3958,6161,2262,50,72
2023,2023marea,Week 3,5563,4169,1729,4905,2876,3323,54,120
2023,2023marea,Week 3,4311,5735,348,6201,4761,3205,67,38
2023,2023marea,Week 3,1721,5813,1768,3467,5347,133,123,123
2023,2023marea,Week 3,1153,2084,58,97,4176,88,88,118
2023,2023marea,Week 3,5422,4169,5459,3623,1965,5265,83,28
2023,2023marea,Week 3,1729,3958,1761,7822,4761,172,44,72
2023,2023marea,Week 3,1073,3205,133,4311,5347,2876,127,80
2023,2023marea,Week 3,6201,2084,4546,1153,3467,5813,79,127
2023,2023marea,Week 3,5962,5459,97,5735,6161,4176,83,62
2023,2023marea,Week 3,5563,88,3623,348,58,4905,106,81
2023,2023marea,Week 3,1721,5422,2262,8724,138,1768,71,147
2023,2023marea,Week 3,1965,2084,5813,3323,1729,3467,85,106
2023,2023marea,Week 3,5347,7822,97,5265,3205,4311,48,75
2023,2023marea,Week 3,88,6201,172,4905,5459,3623,121,86
2023,2023marea,Week 3,5422,3958,5962,1073,348,2876,28,97
2023,2023marea,Week 3,1761,1153,5735,1721,4169,8724,106,101
2023,2023marea,Week 3,4761,6161,3323,58,1768,4546,53,113
2023,2023marea,Week 3,5563,138,2262,1965,133,4176,87,84
2023,2023marea,Week 3,2084,5962,5265,3623,4311,1729,42,87
2023,2023marea,Week 3,8724,4905,3958,3205,3467,5422,74,126
2023,2023marea,Week 3,97,2876,5735,172,348,1768,85,99
2023,2023marea,Week 3,1761,3323,6201,133,1721,4546,50,81
2023,2023marea,Week 3,4176,1153,5459,58,5347,88,102,116
2023,2023marea,Week 3,4169,6161,1073,138,1965,7822,94,94
2023,2023marea,Week 3,2262,5813,8724,4761,5563,348,119,51
2023,2023marea,Week 3,1768,3323,4311,5735,1729,5422,114,66
2023,2023marea,Week 3,3958,4546,172,6201,133,5459,75,84
2023,2023marea,Week 3,3467,138,3623,4169,97,3205,116,77
2023,2023marea,Week 3,2876,1965,4761,5347,1073,1153,71,143
2023,2023marea,Week 3,6161,5563,2084,5265,2262,1761,49,49
2023,2023marea,Week 3,88,4905,5813,5962,7822,1721,123,26
2023,2023marea,Week 3,4176,1768,3205,58,6201,4169,116,73
2023,2023marea,Week 3,133,1729,4761,3323,97,348,94,87
2023,2023marea,Week 3,5265,8724,3467,3623,1761,2876,136,60
2023,2023marea,Week 3,4546,4311,6161,5459,2262,88,56,110
2023,2023marea,Week 3,1965,172,5422,5813,1073,58,60,105
2023,2023marea,Week 3,7822,4176,5563,3958,1153,1721,81,98
2023,2023marea,Week 3,5347,4905,2084,138,5962,5735,80,96
2023,2023marea,Week 3,2876,3205,1729,4546,88,8724,90,133
2023,2023marea,Week 3,6161,5265,58,4311,6201,1965,84,86
2023,2023marea,Week 3,3467,172,1721,4761,1153,2262,105,125
2023,2023marea,Week 3,133,7822,4905,5422,348,2084,116,49
2023,2023marea,Week 3,5459,3323,138,5962,5813,1761,106,88
2023,2023marea,Week 3,4169,5347,5735,97,5563,3958,61,59
2023,2023marea,Week 3,4176,3623,1721,1729,1768,1073,31,123
2023,2023marea,Week 3,58,4311,3467,348,8724,7822,130,94
2023,2023marea,Week 3,1153,88,138,3323,5265,133,157,112
2023,2023marea,Week 3,97,2262,6201,5813,5422,5347,80,101
2023,2023marea,Week 3,4905,4169,4176,4761,5459,1768,58,91
2023,2023marea,Week 3,6161,3205,5962,172,1073,5563,69,98
2023,2023marea,Week 3,1761,1965,4546,5735,3623,3958,67,59
2023,2023marea,Week 3,2876,1721,6201,2084,97,8724,79,80
2023,2023marea,Week 3,4176,4761,138,88,5422,7822,92,69
2023,2023marea,Week 3,2262,3467,1073,5962,1729,4905,128,82
2023,2023marea,Week 3,3205,3623,1153,5813,133,6161,90,158
2023,2023marea,Week 3,348,4546,4169,5459,1761,5347,46,16
2023,2023marea,Week 3,1768,5563,1965,2084,172,4311,106,42
2023,2023marea,Week 3,5265,2876,3958,5735,3323,58,89,85
2023,2023ncmec,Week 3,6639,8304,7270,9298,1533,9296,42,53
2023,2023ncmec,Week 3,3459,1225,6512,9005,6894,4829,36,83
2023,2023ncmec,Week 3,4290,8727,3506,9297,5679,9198,112,12
2023,2023ncmec,Week 3,8833,5727,3196,6932,8030,6214,122,48
2023,2023ncmec,Week 3,7270,6888,9150,4935,9005,6512,28,56
2023,2023ncmec,Week 3,5679,3506,4829,9296,9297,8727,77,56
2023,2023ncmec,Week 3,8833,4290,6932,5727,3459,1533,39,103
2023,2023ncmec,Week 3,8030,9198,6639,6894,4935,9150,43,39
2023,2023ncmec,Week 3,6214,1225,8304,9298,6888,3196,27,97
2023,2023ncmec,Week 3,5679,1533,6932,4290,6512,9005,63,60
2023,2023ncmec,Week 3,4829,9297,9150,7270,3506,4935,28,90
2023,2023ncmec,Week 3,9198,6888,3196,9296,3459,8304,72,54
2023,2023ncmec,Week 3,8727,6894,8030,6214,9298,5727,56,73
2023,2023ncmec,Week 3,8833,6639,6512,1533,1225,3506,54,89
2023,2023ncmec,Week 3,3459,4935,4829,8304,9296,6932,104,48
2023,2023ncmec,Week 3,3196,6894,5679,9150,9198,5727,69,72
2023,2023ncmec,Week 3,8727,6214,6888,8030,8833,9005,68,53
2023,2023ncmec,Week 3,6639,4290,9297,1225,7270,9298,50,22
2023,2023ncmec,Week 3,3506,6512,6894,9150,3196,9296,63,61
2023,2023ncmec,Week 3,1533,8030,6888,5727,5679,3459,87,105
2023,2023ncmec,Week 3,9298,4829,6639,4290,8304,9198,80,86
2023,2023ncmec,Week 3,6214,9297,4935,8833,8727,1225,59,49
2023,2023ncmec,Week 3,7270,9005,9296,6932,3506,5727,40,131
2023,2023ncmec,Week 3,9150,6512,8030,6639,6888,4290,31,64
2023,2023ncmec,Week 3,3196,4935,1225,4829,1533,8727,36,115
2023,2023ncmec,Week 3,9005,8304,9297,6932,6894,3459,49,78
2023,2023ncmec,Week 3,9198,9298,8833,5679,7270,6214,43,9
2023,2023ncmec,Week 3,9296,3506,6888,4290,8030,1225,67,88
2023,2023ncmec,Week 3,4935,5727,8727,3459,6639,3196,130,65
2023,2023ncmec,Week 3,8304,9005,5679,1533,9150,8833,78,79
2023,2023ncmec,Week 3,6894,4829,6214,9297,9298,6932,40,54
2023,2023ncmec,Week 3,7270,9198,3459,5727,6639,6512,32,72
2023,2023ncmec,Week 3,4935,8304,1533,3506,8030,8833,78,74
2023,2023ncmec,Week 3,9298,5679,9150,6888,1225,9297,66,23
2023,2023ncmec,Week 3,6932,8727,7270,6512,4829,9296,91,45
2023,2023ncmec,Week 3,9198,4290,6894,3196,6214,9005,59,91
2023,2023ncmec,Week 3,3506,3459,9298,6888,8833,4935,54,54
2023,2023ncmec,Week 3,1225,6932,4829,5679,8727,6639,79,48
2023,2023ncmec,Week 3,5727,9296,4290,8304,6512,6894,95,66
2023,2023ncmec,Week 3,1533,7270,9297,9198,9150,6214,38,40
2023,2023ncmec,Week 3,8030,9005,9298,8727,3196,3506,43,88
2023,2023ncmec,Week 3,8304,4829,5727,6888,8833,5679,102,50
2023,2023ncmec,Week 3,3459,9150,4290,6512,6214,7270,92,16
2023,2023ncmec,Week 3,6894,9296,1225,9005,9198,1533,31,117
2023,2023ncmec,Week 3,9297,3196,8030,4935,6932,6639,79,66
2023,2023ncmec,Week 3,6214,8833,3459,3506,9150,8304,58,81
2023,2023ncmec,Week 3,6888,1533,6894,4829,7270,4290,107,75
2023,2023ncmec,Week 3,1225,6639,9005,9296,4935,9198,55,49
2023,2023ncmec,Week 3,6512,5679,9298,9297,5727,8030,38,101
2023,2023ncmec,Week 3,9150,6932,8727,3196,4290,1533,76,106
2023,2023ncmec,Week 3,6639,6214,3506,9005,3459,6888,49,57
2023,2023ncmec,Week 3,1225,5727,4935,6894,9297,8833,99,54
2023,2023ncmec,Week 3,6512,6932,9198,8727,9298,8304,31,86
2023,2023ncmec,Week 3,8030,9296,5679,4829,3196,7270,52,89
2023,2023ncwak,Week 3,4561,2059,8746,2655,6240,6500,108,65
2023,2023ncwak,Week 3,5160,9259,8429,900,9000,587,67,126
2023,2023ncwak,Week 3,7890,8090,7763,8804,5511,9032,109,47
2023,2023ncwak,Week 3,8758,4795,5919,5607,9008,4534,72,56
2023,2023ncwak,Week 3,8757,5160,2655,7715,7671,9000,61,54
2023,2023ncwak,Week 3,2059,587,7890,8090,8804,6500,142,69
2023,2023ncwak,Week 3,7763,6240,4534,8758,4561,900,63,113
2023,2023ncwak,Week 3,9032,4795,7671,9259,5511,5919,84,26
2023,2023ncwak,Week 3,9008,8429,8757,7715,5607,8746,55,28
2023,2023ncwak,Week 3,4534,8804,7890,2655,7763,587,99,61
2023,2023ncwak,Week 3,9259,8758,9000,5511,4795,2059,59,96
2023,2023ncwak,Week 3,7671,6240,5919,8757,8746,900,55,62
2023,2023ncwak,Week 3,9032,6500,5607,8090,7715,5160,48,55
2023,2023ncwak,Week 3,9008,7890,4561,8429,5511,4534,161,72
2023,2023ncwak,Week 3,7763,8746,8804,7671,8757,8758,53,42
2023,2023ncwak,Week 3,9000,2059,2655,5919,900,7715,98,63
2023,2023ncwak,Week 3,9259,8090,6240,5160,9008,4795,13,118
2023,2023ncwak,Week 3,5607,6500,4561,587,9032,8429,90,89
2023,2023ncwak,Week 3,4534,7715,8757,7890,8758,5511,43,70
2023,2023ncwak,Week 3,8746,900,9008,9000,5160,8090,90,81
2023,2023ncwak,Week 3,5919,2655,8804,4795,4561,9259,34,118
2023,2023ncwak,Week 3,587,7671,5607,2059,9032,7763,68,92
2023,2023ncwak,Week 3,8429,8746,6240,6500,8758,5160,55,82
2023,2023ncwak,Week 3,9259,7715,8757,8090,9008,2655,43,71
2023,2023ncwak,Week 3,900,4534,4795,4561,8804,2059,97,106
2023,2023ncwak,Week 3,5607,7763,9000,5511,587,6240,72,107
2023,2023ncwak,Week 3,5919,6500,8429,7890,7671,9032,83,84
2023,2023ncwak,Week 3,2059,8090,8757,4561,5160,4534,63,97
2023,2023ncwak,Week 3,7715,2655,8758,587,9259,8746,39,79
2023,2023ncwak,Week 3,5919,9032,9008,6240,7890,900,55,113
2023,2023ncwak,Week 3,8429,9000,8804,4795,6500,7763,119,111
2023,2023ncwak,Week 3,5511,5607,5160,7671,2655,4561,70,98
2023,2023ncwak,Week 3,9032,8757,6240,2059,4534,9259,24,43
2023,2023ncwak,Week 3,6500,7890,7715,9000,8746,4795,119,121
2023,2023ncwak,Week 3,8758,5919,5607,8804,587,9008,37,98
2023,2023ncwak,Week 3,8090,900,5511,7671,8429,7763,60,86
2023,2023ncwak,Week 3,4534,9000,9032,7890,2655,9259,54,127
2023,2023ncwak,Week 3,6240,9008,6500,8757,8804,5607,54,36
2023,2023ncwak,Week 3,5160,900,7671,8429,2059,8758,80,67
2023,2023ncwak,Week 3,7763,4561,5511,8746,8090,5919,105,18
2023,2023ncwak,Week 3,4534,7715,587,4795,9032,8804,67,93
2023,2023ncwak,Week 3,9008,9259,7671,8757,7890,8429,28,133
2023,2023ncwak,Week 3,900,2059,6500,2655,5511,8746,105,51
2023,2023ncwak,Week 3,7763,5919,5160,7715,5607,4795,64,90
2023,2023ncwak,Week 3,587,8758,8090,6240,4561,9000,80,93
2023,2023ncwak,Week 3,6500,8757,5511,8804,9259,900,61,89
2023,2023ncwak,Week 3,8746,4534,9032,9008,7763,7715,43,59
2023,2023ncwak,Week 3,5607,7671,8090,9000,5919,7890,45,103
2023,2023ncwak,Week 3,4795,587,2655,6240,5160,2059,137,98
2023,2023ncwak,Week 3,4561,8429,7715,8758,7763,9259,98,57
2023,2023ncwak,Week 3,5511,9000,9008,6500,4534,7671,81,86
2023,2023ncwak,Week 3,8746,4795,7890,5160,8757,587,103,77
2023,2023ncwak,Week 3,8804,6240,8758,9032,5919,4561,45,88
2023,2023ncwak,Week 3,900,8429,8090,2655,5607,2059,128,69
2023,2023njrob,Week 3,8075,8707,1626,1089,87,8704,30,59
2023,2023njrob,Week 3,5624,714,1403,5684,1257,8130,55,26
2023,2023njrob,Week 3,303,2590,9116,3314,1812,293,66,83
2023,2023njrob,Week 3,4652,8714,9015,316,2554,2016,54,73
2023,2023njrob,Week 3,6897,2495,1807,7587,4653,5666,108,57
2023,2023njrob,Week 3,8130,8704,2191,2590,5624,1626,43,52
2023,2023njrob,Week 3,316,9015,8707,1403,303,1812,56,92
2023,2023njrob,Week 3,2554,3314,6897,1089,1257,2495,100,62
2023,2023njrob,Week 3,4653,1807,4652,8075,7587,714,119,33
2023,2023njrob,Week 3,8714,9116,2191,5666,2016,5684,49,49
2023,2023njrob,Week 3,8130,3314,87,293,316,1089,75,113
2023,2023njrob,Week 3,7587,6897,2590,4652,8707,2495,95,59
2023,2023njrob,Week 3,1626,9015,1403,303,2016,5624,70,64
2023,2023njrob,Week 3,8704,293,1807,1257,714,9116,108,40
2023,2023njrob,Week 3,2191,1812,5666,5684,8075,2554,59,61
2023,2023njrob,Week 3,7587,8714,87,4653,1403,3314,35,93
2023,2023njrob,Week 3,1626,2016,1089,1807,316,714,37,105
2023,2023njrob,Week 3,2554,1257,1812,5666,303,4652,65,39
2023,2023njrob,Week 3,5624,87,5684,6897,4653,8714,28,96
2023,2023njrob,Week 3,8130,2495,8075,2191,8707,9015,59,60
2023,2023njrob,Week 3,293,9116,316,2590,8704,1257,86,76
2023,2023njrob,Week 3,1089,3314,5624,4653,1812,2016,84,82
2023,2023njrob,Week 3,9015,5684,6897,1807,5666,303,75,56
2023,2023njrob,Week 3,8704,714,1626,2590,8130,8707,36,82
2023,2023njrob,Week 3,9116,2554,7587,2495,2191,87,36,94
2023,2023njrob,Week 3,8075,4652,1812,1403,8714,293,68,71
2023,2023njrob,Week 3,714,1089,4653,1626,6897,5666,75,85
2023,2023njrob,Week 3,316,8130,303,87,2554,1807,82,89
2023,2023njrob,Week 3,8707,1403,5684,3314,8075,9116,92,96
2023,2023njrob,Week 3,5624,8714,8704,4652,7587,2191,52,24
2023,2023njrob,Week 3,293,2590,2495,1257,9015,2016,106,37
2023,2023njrob,Week 3,6897,87,303,1807,8130,4653,49,122
2023,2023njrob,Week 3,8707,5666,3314,8704,4652,316,67,77
2023,2023njrob,Week 3,293,8075,1257,1626,5684,7587,18,67
2023,2023njrob,Week 3,2554,2191,5624,9015,2590,714,52,66
2023,2023njrob,Week 3,8714,1812,1089,2495,9116,1403,87,94
2023,2023njrob,Week 3,2016,293,8130,3314,4653,8075,19,95
2023,2023njrob,Week 3,2191,1626,1257,4652,87,6897,51,69
2023,2023njrob,Week 3,1403,1089,1807,8714,2590,5666,115,74
2023,2023njrob,Week 3,1812,5684,714,9015,2495,8704,84,78
2023,2023njrob,Week 3,2016,5624,7587,303,8707,2554,35,43
2023,2023njrob,Week 3,316,1403,8075,9116,6897,1089,112,87
2023,2023njrob,Week 3,2495,3314,8714,1812,1626,8130,69,66
2023,2023njrob,Week 3,8704,5684,2590,7587,9015,303,95,38
2023,2023njrob,Week 3,714,5666,2554,87,5624,293,56,34
2023,2023njrob,Week 3,4653,2191,316,8707,1807,1257,117,51
2023,2023njrob,Week 3,2016,4652,2590,9116,1089,8075,90,73
2023,2023njrob,Week 3,2495,2554,293,1403,8704,6897,96,96
2023,2023njrob,Week 3,714,303,3314,8714,316,5684,93,81
2023,2023njrob,Week 3,5666,9116,4652,8130,5624,8707,54,7
2023,2023njrob,Week 3,1812,1807,9015,87,1626,4653,112,78
2023,2023njrob,Week 3,1257,7587,316,2016,2191,1403,100,96
2023,2023njrob,Week 3,303,293,4652,5624,5666,2495,54,67
2023,2023njrob,Week 3,9015,4653,2554,5684,1089,2590,82,100
2023,2023njrob,Week 3,8707,2016,9116,1812,1626,7587,66,62
2023,2023njrob,Week 3,87,714,8130,2191,8704,3314,52,93
2023,2023njrob,Week 3,1257,6897,5624,1807,8075,8714,80,118
2023,2023njrob,Week 3,5684,2495,4653,9116,4652,1626,105,72
2023,2023njrob,Week 3,1089,7587,8707,714,293,2191,45,65
2023,2023njrob,Week 3,8075,303,8704,3314,1807,2016,41,108
2023,2023njrob,Week 3,5666,1257,9015,2554,8130,8714,76,40
2023,2023njrob,Week 3,2590,1403,87,6897,316,1812,129,121
2023,2023onlon,Week 3,4917,7480,8884,244,4907,6162,83,88
2023,2023onlon,Week 3,1325,1241,4617,6854,216,9113,116,16
2023,2023onlon,Week 3,3756,7475,1285,6725,7902,5024,49,68
2023,2023onlon,Week 3,5406,5870,3683,4992,6070,2013,144,43
2023,2023onlon,Week 3,8089,288,3739,9263,8789,5460,97,61
2023,2023onlon,Week 3,4039,2708,7902,1325,781,244,60,96
2023,2023onlon,Week 3,1241,8884,4992,6070,3756,5024,77,80
2023,2023onlon,Week 3,5870,216,2013,4917,4617,7475,72,68
2023,2023onlon,Week 3,8789,1285,6854,9263,5406,9113,79,86
2023,2023onlon,Week 3,8089,781,2708,6725,5460,7480,75,73
2023,2023onlon,Week 3,4907,288,4039,3739,3683,6162,130,119
2023,2023onlon,Week 3,9263,7475,244,1285,2013,4917,39,114
2023,2023onlon,Week 3,6854,4617,5406,8884,3756,781,51,82
2023,2023onlon,Week 3,2708,7480,3683,8089,216,5024,126,73
2023,2023onlon,Week 3,6162,9113,8789,6725,288,6070,43,45
2023,2023onlon,Week 3,4907,1241,5870,5460,1325,7902,121,87
2023,2023onlon,Week 3,3739,4992,3756,7475,4039,216,61,122
2023,2023onlon,Week 3,5024,6854,9263,2708,6725,6162,62,40
2023,2023onlon,Week 3,1241,3683,288,8884,8089,2013,146,89
2023,2023onlon,Week 3,7480,3739,4617,5406,1285,1325,82,136
2023,2023onlon,Week 3,6070,4907,5460,4039,8789,4917,124,122
2023,2023onlon,Week 3,781,9113,4992,7902,244,5870,44,73
2023,2023onlon,Week 3,216,6725,4617,288,8884,2708,26,57
2023,2023onlon,Week 3,3756,5406,4917,7480,8089,1285,109,104
2023,2023onlon,Week 3,5460,5024,781,6854,2013,3683,127,145
2023,2023onlon,Week 3,9113,1241,7902,4907,9263,3739,86,84
2023,2023onlon,Week 3,6162,1325,4039,5870,4992,8789,128,19
2023,2023onlon,Week 3,244,6070,7480,7475,6854,288,71,39
2023,2023onlon,Week 3,781,7902,4617,4917,1241,2708,62,120
2023,2023onlon,Week 3,216,6162,5460,4907,9113,1285,84,132
2023,2023onlon,Week 3,4992,7475,8089,8789,6070,8884,90,44
2023,2023onlon,Week 3,2013,9263,6725,5406,3739,4039,65,120
2023,2023onlon,Week 3,5024,5870,1325,3683,244,3756,96,128
2023,2023onlon,Week 3,288,5460,1285,2708,8789,7475,97,56
2023,2023onlon,Week 3,2013,5406,7480,7902,6162,4992,134,45
2023,2023onlon,Week 3,5024,4917,4907,3739,6854,5870,125,78
2023,2023onlon,Week 3,9263,8884,1325,8089,4039,1241,100,112
2023,2023onlon,Week 3,9113,4617,244,3683,216,6070,36,124
2023,2023onlon,Week 3,3756,2013,4907,781,6725,4917,96,50
2023,2023onlon,Week 3,1285,5024,1241,288,7480,5870,130,62
2023,2023onlon,Week 3,8789,7902,216,5406,6162,6070,57,65
2023,2023onlon,Week 3,244,5460,3739,4617,8089,3756,132,47
2023,2023onlon,Week 3,8884,3683,9113,4039,781,6854,109,112
2023,2023onlon,Week 3,7475,1325,6725,4992,2708,9263,71,82
2023,2023onlon,Week 3,4917,244,216,1241,5406,8789,93,81
2023,2023onlon,Week 3,7902,3739,8884,4617,5024,288,67,71
2023,2023onlon,Week 3,6070,6854,8089,7480,4992,1325,46,95
2023,2023onlon,Week 3,3683,7475,4907,6162,1285,9263,121,73
2023,2023onlon,Week 3,5460,4039,3756,5870,9113,6725,124,50
2023,2023onlon,Week 3,2013,781,8789,2708,3739,5024,104,113
2023,2023onlon,Week 3,6854,4917,7902,1285,4992,3683,109,122
2023,2023onlon,Week 3,6725,8089,244,4617,5870,6162,67,69
2023,2023onlon,Week 3,216,4907,5406,2013,1325,288,114,107
2023,2023onlon,Week 3,9113,3756,2708,8884,5460,7475,52,101
2023,2023onlon,Week 3,6070,9263,4039,1241,7480,781,70,103
2023,2023onlon,Week 3,8789,6725,3739,7902,3683,8089,45,130
2023,2023onlon,Week 3,4992,5024,5406,9113,4917,5460,114,100
2023,2023onlon,Week 3,781,5870,7475,216,9263,1241,97,100
2023,2023onlon,Week 3,7480,6162,6854,4039,244,2013,52,134
2023,2023onlon,Week 3,1285,2708,6070,4617,8884,4907,74,103
2023,2023onlon,Week 3,288,4917,9263,1325,3756,216,69,80
2023,2023onlon,Week 3,3683,4039,6725,7475,7902,5406,139,85
2023,2023onlon,Week 3,244,2708,6854,3739,6070,1241,45,108
2023,2023onlon,Week 3,6162,288,781,5460,4617,4992,75,99
2023,2023onlon,Week 3,5870,1285,8884,3756,8789,7480,87,54
2023,2023onlon,Week 3,5024,2013,9113,1325,4907,8089,122,132
2023,2023ontor,Week 3,5032,7712,8574,2198,6135,8729,63,38
2023,2023ontor,Week 3,6397,7603,6977,5036,6141,4308,44,39
2023,2023ontor,Week 3,5719,6978,2852,5031,5596,4343,66,59
2023,2023ontor,Week 3,7558,2706,4476,8850,7136,1310,130,40
2023,2023ontor,Week 3,6977,6866,7690,8349,2935,5036,86,70
2023,2023ontor,Week 3,5596,5032,6135,6397,4343,6141,30,67
2023,2023ontor,Week 3,8574,7558,1310,7603,5719,7136,114,58
2023,2023ontor,Week 3,2935,8729,6978,5031,2852,4476,71,86
2023,2023ontor,Week 3,7712,2198,2706,8349,8850,7690,78,106
2023,2023ontor,Week 3,4308,5596,7603,6866,6135,7136,60,60
2023,2023ontor,Week 3,4476,4343,5036,7558,5031,8574,83,81
2023,2023ontor,Week 3,6978,7690,2198,7712,6977,8850,66,49
2023,2023ontor,Week 3,6866,2852,2935,5032,5719,6397,54,86
2023,2023ontor,Week 3,8729,4308,1310,2706,8349,6141,69,67
2023,2023ontor,Week 3,4476,7690,6135,6978,5031,7603,109,94
2023,2023ontor,Week 3,5036,2198,8850,7558,7136,2935,36,102
2023,2023ontor,Week 3,8574,8729,6866,6397,6977,2706,54,72
2023,2023ontor,Week 3,4308,7712,5032,2852,1310,4343,90,95
2023,2023ontor,Week 3,8349,2198,5719,6141,5596,6978,56,69
2023,2023ontor,Week 3,2706,7690,5036,6135,6397,8574,109,25
2023,2023ontor,Week 3,5031,6866,2935,4308,8850,7558,72,87
2023,2023ontor,Week 3,2852,6141,4476,8349,1310,7603,96,80
2023,2023ontor,Week 3,7712,4343,5719,7136,8729,5032,79,46
2023,2023ontor,Week 3,6977,5036,5031,5596,8574,2706,58,50
2023,2023ontor,Week 3,6141,7603,6866,6978,8850,8349,22,77
2023,2023ontor,Week 3,8729,1310,5032,7558,6135,7712,96,113
2023,2023ontor,Week 3,2198,2935,5596,7690,4308,6397,54,60
2023,2023ontor,Week 3,4343,7136,2852,6977,4476,5719,54,102
2023,2023ontor,Week 3,6978,6866,7712,5036,7558,5032,110,101
2023,2023ontor,Week 3,5031,8850,6397,6135,8574,8349,49,49
2023,2023ontor,Week 3,1310,7136,6141,7690,2852,6977,98,90
2023,2023ontor,Week 3,5719,2706,8729,4476,4308,2198,84,90
2023,2023ontor,Week 3,4343,5596,8349,7603,2935,7712,52,82
2023,2023ontor,Week 3,6141,7558,6977,6135,6397,2852,91,54
2023,2023ontor,Week 3,7136,2706,5031,2198,5032,6866,63,53
2023,2023ontor,Week 3,8850,5719,5596,1310,7603,5036,49,111
2023,2023ontor,Week 3,8574,2935,4476,4308,4343,6978,96,55
2023,2023ontor,Week 3,8729,6397,8349,7690,5031,7136,61,104
2023,2023ontor,Week 3,7603,7558,2198,5719,5036,6866,109,61
2023,2023ontor,Week 3,2706,6978,6135,2935,6141,4343,84,100
2023,2023ontor,Week 3,1310,7712,7690,2852,8574,4308,101,54
2023,2023ontor,Week 3,4476,5032,8850,8729,6977,5596,76,32
2023,2023ontor,Week 3,7603,6135,4343,5036,6978,7136,65,87
2023,2023ontor,Week 3,2706,8349,4308,7690,5719,7558,65,92
2023,2023ontor,Week 3,8850,2852,8729,6977,8574,2198,57,44
2023,2023ontor,Week 3,6141,7712,5031,6866,4476,5596,91,98
2023,2023ontor,Week 3,1310,6397,6978,2935,5032,2706,102,107
2023,2023ontor,Week 3,8850,7603,8574,4343,8729,7690,31,114
2023,2023ontor,Week 3,7136,6977,4308,2198,8349,5031,54,94
2023,2023ontor,Week 3,5719,6141,6135,6866,1310,2935,71,101
2023,2023ontor,Week 3,6397,5036,7558,5596,4476,7712,87,106
2023,2023ontor,Week 3,5032,8349,6977,2852,2706,7603,84,83
2023,2023ontor,Week 3,6135,5031,1310,4343,6866,8850,77,57
2023,2023ontor,Week 3,2935,4308,5719,7712,5036,8729,81,87
2023,2023ontor,Week 3,8574,7690,6141,5032,6978,7558,69,128
2023,2023ontor,Week 3,7136,4476,6397,5596,2198,2852,97,37
2023,2023paphi,Week 3,5401,9014,1712,321,1218,4575,71,97
2023,2023paphi,Week 3,203,5407,2722,103,433,8771,59,93
2023,2023paphi,Week 3,2095,9027,709,1168,9094,4342,43,80
2023,2023paphi,Week 3,486,5181,2539,6808,4373,708,122,92
2023,2023paphi,Week 3,102,834,341,2720,423,1640,127,98
2023,2023paphi,Week 3,2234,4575,2095,321,709,2722,47,85
2023,2023paphi,Week 3,6808,8771,1712,2539,708,9027,51,145
2023,2023paphi,Week 3,1640,433,9094,2720,341,1168,108,88
2023,2023paphi,Week 3,4373,103,1218,5401,5407,102,143,64
2023,2023paphi,Week 3,486,203,4342,5181,834,9014,58,68
2023,2023paphi,Week 3,1640,2234,9027,423,709,2539,80,89
2023,2023paphi,Week 3,2095,2720,9094,8771,4575,4373,59,63
2023,2023paphi,Week 3,5401,6808,321,4342,102,2722,76,77
2023,2023paphi,Week 3,433,341,486,5181,1168,1218,87,92
2023,2023paphi,Week 3,1712,2234,708,5407,834,103,89,82
2023,2023paphi,Week 3,4575,2539,203,423,9014,9027,119,77
2023,2023paphi,Week 3,6808,2722,433,102,2095,5181,75,59
2023,2023paphi,Week 3,5407,2234,709,9094,341,5401,53,83
2023,2023paphi,Week 3,486,103,1168,1218,1712,2720,111,88
2023,2023paphi,Week 3,203,8771,423,4373,321,834,61,100
2023,2023paphi,Week 3,9014,708,102,4342,1640,709,103,97
2023,2023paphi,Week 3,1218,9027,341,2234,5181,433,139,83
2023,2023paphi,Week 3,2720,5401,6808,8771,9094,5407,77,40
2023,2023paphi,Week 3,4373,2722,1168,9014,4575,423,97,30
2023,2023paphi,Week 3,708,4342,321,203,1712,1640,75,82
2023,2023paphi,Week 3,103,2539,2095,2234,834,486,132,90
2023,2023paphi,Week 3,9027,1168,5407,9014,4373,341,55,120
2023,2023paphi,Week 3,2722,1712,5181,709,8771,2720,78,54
2023,2023paphi,Week 3,2095,5401,708,102,433,203,86,74
2023,2023paphi,Week 3,103,423,6808,321,486,1640,99,115
2023,2023paphi,Week 3,834,1218,4342,2539,9094,4575,125,103
2023,2023paphi,Week 3,5407,2095,4373,708,203,5181,77,101
2023,2023paphi,Week 3,102,709,423,1712,9027,433,51,49
2023,2023paphi,Week 3,321,2720,103,2539,5401,1218,76,145
2023,2023paphi,Week 3,1640,6808,9014,834,1168,2234,64,88
2023,2023paphi,Week 3,2722,486,8771,341,4342,4575,36,123
2023,2023paphi,Week 3,9094,321,203,1712,2539,102,63,108
2023,2023paphi,Week 3,423,1218,5407,834,2095,6808,104,92
2023,2023paphi,Week 3,5401,1640,5181,4342,8771,9027,102,94
2023,2023paphi,Week 3,709,433,1168,9094,4373,486,56,79
2023,2023paphi,Week 3,708,2720,4575,103,2234,9014,74,85
2023,2023paphi,Week 3,2722,9027,834,341,102,321,71,111
2023,2023paphi,Week 3,433,4342,4373,1218,6808,709,102,90
2023,2023paphi,Week 3,486,9094,2234,8771,2095,5401,58,50
2023,2023paphi,Week 3,341,5181,1712,4575,2722,103,127,108
2023,2023paphi,Week 3,1640,1168,2539,708,423,5407,112,93
2023,2023paphi,Week 3,2720,9014,433,203,709,5401,52,71
2023,2023paphi,Week 3,6808,341,2234,1712,4342,2095,118,75
2023,2023paphi,Week 3,9027,102,4373,1218,486,708,95,122
2023,2023paphi,Week 3,5181,423,9094,2722,203,103,75,102
2023,2023paphi,Week 3,834,1640,8771,1168,321,9014,94,84
2023,2023paphi,Week 3,2539,2720,2234,4575,5407,6808,81,42
2023,2023paphi,Week 3,2095,2722,423,9027,103,5401,50,73
2023,2023paphi,Week 3,1168,321,1712,9094,708,834,66,61
2023,2023paphi,Week 3,5181,4575,4342,433,5407,2539,44,97
2023,2023paphi,Week 3,8771,102,1218,709,9014,486,80,45
2023,2023paphi,Week 3,4373,203,2720,341,103,1640,89,173
2023,2023paphi,Week 3,4342,5401,834,2234,708,2722,72,57
2023,2023paphi,Week 3,9014,2539,8771,433,1218,2095,100,91
2023,2023paphi,Week 3,5407,5181,321,1168,6808,203,73,66
2023,2023paphi,Week 3,709,1712,9094,423,4373,341,57,162
2023,2023paphi,Week 3,4575,1640,102,9027,486,2720,127,66
2023,2023vaale,Week 3,2988,8197,4541,8592,3793,5115,22,111
2023,2023vaale,Week 3,5587,3748,6882,612,1727,1719,13,77
2023,2023vaale,Week 3,4472,2849,6504,4638,3373,7770,35,55
2023,2023vaale,Week 3,2186,8590,1915,116,2961,9235,70,53
2023,2023vaale,Week 3,4099,2421,1885,9033,9072,686,54,40
2023,2023vaale,Week 3,623,1389,5243,3361,620,1418,90,40
2023,2023vaale,Week 3,339,4472,5841,8726,8230,6882,56,64
2023,2023vaale,Week 3,8197,3748,7770,2186,3793,2988,24,56
2023,2023vaale,Week 3,2961,612,9033,5587,2849,5115,52,45
2023,2023vaale,Week 3,1418,1389,2421,1719,620,3373,67,78
2023,2023vaale,Week 3,6504,9235,623,4541,1885,8726,70,34
2023,2023vaale,Week 3,9072,4638,5841,1727,5243,116,44,105
2023,2023vaale,Week 3,8590,8592,686,3361,1915,339,108,49
2023,2023vaale,Week 3,4099,2186,2849,8230,1719,1389,71,91
2023,2023vaale,Week 3,9235,612,2988,3373,623,3748,37,51
2023,2023vaale,Week 3,5243,9072,8726,3793,6882,8197,51,18
2023,2023vaale,Week 3,620,5841,2421,7770,9033,8590,37,64
2023,2023vaale,Week 3,686,339,116,2961,5587,6504,93,42
2023,2023vaale,Week 3,5115,1885,1418,4541,3361,8230,54,95
2023,2023vaale,Week 3,4638,4099,1727,1915,4472,8592,101,103
2023,2023vaale,Week 3,8590,2849,5841,9235,1389,3748,43,73
2023,2023vaale,Week 3,9033,8726,1719,7770,686,6504,42,105
2023,2023vaale,Week 3,6882,3361,116,2186,4541,612,51,56
2023,2023vaale,Week 3,4099,2988,339,620,1885,5243,56,79
2023,2023vaale,Week 3,9072,1727,2961,3793,623,1418,76,74
2023,2023vaale,Week 3,4638,5587,8230,2421,8197,8592,61,84
2023,2023vaale,Week 3,1389,3373,4472,9235,5115,1915,108,84
2023,2023vaale,Week 3,7770,620,4541,2849,686,6882,97,19
2023,2023vaale,Week 3,2186,8726,339,2988,1418,9072,50,38
2023,2023vaale,Week 3,2421,6504,3361,1727,3748,3793,58,88
2023,2023vaale,Week 3,623,2961,1915,4638,8197,1719,88,24
2023,2023vaale,Week 3,3373,5243,4099,5587,8592,1885,90,136
2023,2023vaale,Week 3,612,116,8230,5115,9033,4472,59,120
2023,2023vaale,Week 3,8590,6504,3793,1418,2186,5841,59,68
2023,2023vaale,Week 3,686,1915,8726,1389,4638,2849,99,80
2023,2023vaale,Week 3,3373,339,1885,1727,7770,3361,73,128
2023,2023vaale,Week 3,116,4472,620,4099,9235,8197,81,76
2023,2023vaale,Week 3,623,1719,5587,5115,8590,612,90,80
2023,2023vaale,Week 3,4541,9072,8592,5841,3748,9033,112,59
2023,2023vaale,Week 3,2961,2421,8230,6882,5243,2988,72,61
2023,2023vaale,Week 3,3361,4638,9235,1418,7770,339,50,62
2023,2023vaale,Week 3,8197,1727,623,1389,8590,4099,103,111
2023,2023vaale,Week 3,3793,9072,1915,5587,612,620,65,52
2023,2023vaale,Week 3,6504,5115,6882,2849,2988,2421,67,58
2023,2023vaale,Week 3,116,1719,3748,8230,1885,4472,40,97
2023,2023vaale,Week 3,5243,9033,2186,4541,3373,686,54,120
2023,2023vaale,Week 3,1727,5841,8726,2961,8592,620,79,121
2023,2023vaale,Week 3,1389,2988,6504,6882,612,9072,58,52
2023,2023vaale,Week 3,1885,3361,8590,1915,8230,2849,57,76
2023,2023vaale,Week 3,5115,116,7770,5243,339,3748,93,41
2023,2023vaale,Week 3,1719,686,2186,5841,8197,3373,83,41
2023,2023vaale,Week 3,9235,9033,5587,8726,1418,4638,40,72
2023,2023vaale,Week 3,2421,3793,4541,4472,4099,2961,77,110
2023,2023vaale,Week 3,8592,6882,1727,623,116,2849,129,71
2023,2023vaale,Week 3,8197,339,612,1885,5841,1389,110,60
2023,2023vaale,Week 3,5243,7770,5587,6504,1915,1719,56,115
2023,2023vaale,Week 3,8230,5115,9072,620,9235,686,85,88
2023,2023vaale,Week 3,9033,2988,3373,3793,2961,4638,95,46
2023,2023vaale,Week 3,1418,4541,8590,3748,8726,2421,65,38
2023,2023vaale,Week 3,8592,4099,623,4472,2186,3361,143,92
2023,2023vaale,Week 3,2849,5243,9235,339,5587,1389,72,90
2023,2023vaale,Week 3,686,4638,1885,1719,5841,3793,96,44
2023,2023vaale,Week 3,2421,3373,5115,8726,8590,116,95,87
2023,2023vaale,Week 3,7770,8592,2988,612,4099,1418,116,103
2023,2023vaale,Week 3,8230,1727,2186,1915,4541,9033,127,71
2023,2023vaale,Week 3,3748,6504,620,8197,3361,2961,63,48
2023,2023vaale,Week 3,6882,4472,4638,9072,623,8590,135,81
2023,2023vaale,Week 3,8726,5587,3373,5841,116,4099,74,93
2023,2023vaale,Week 3,2988,1719,5115,1885,9235,1727,79,124
2023,2023vaale,Week 3,3361,1389,3793,6504,8230,9033,74,80
2023,2023vaale,Week 3,1915,1418,8197,339,6882,4541,47,54
2023,2023vaale,Week 3,612,2849,8592,9072,2421,2186,129,61
2023,2023vaale,Week 3,686,2961,5243,4472,623,7770,89,97
2023,2023vaale,Week 3,620,3793,4099,3748,5115,4638,103,46
2023,2023vaale,Week 3,5841,1915,5587,2988,8726,3361,48,75
2023,2023vaale,Week 3,2849,1418,1727,116,6504,8197,139,40
2023,2023vaale,Week 3,1885,7770,2961,8592,2186,1389,45,113
2023,2023vaale,Week 3,1719,4541,4472,339,620,9072,68,47
2023,2023vaale,Week 3,3748,686,612,8590,8230,5243,103,67
2023,2023vaale,Week 3,3373,6882,9235,9033,2421,623,64,91
2023,2023vapor,Week 3,9214,6194,1793,122,539,404,47,51
2023,2023vapor,Week 3,2068,2363,3136,1522,1599,6189,99,86
2023,2023vapor,Week 3,2998,384,617,4505,4464,2912,59,11
2023,2023vapor,Week 3,7429,8326,1908,2028,5804,1610,86,136
2023,2023vapor,Week 3,3359,8622,2890,5954,4286,2068,19,13
2023,2023vapor,Week 3,9214,1599,122,4464,384,6194,84,71
2023,2023vapor,Week 3,2363,1522,2028,404,1908,5804,108,110
2023,2023vapor,Week 3,1610,8622,8326,3359,1793,5954,66,35
2023,2023vapor,Week 3,2912,6189,4286,4505,3136,7429,30,53
2023,2023vapor,Week 3,2998,2890,1522,539,617,2028,13,61
2023,2023vapor,Week 3,1908,9214,5954,4464,122,8622,71,48
2023,2023vapor,Week 3,6194,404,8326,2068,7429,2912,63,38
2023,2023vapor,Week 3,617,5804,1793,384,2363,3359,87,109
2023,2023vapor,Week 3,539,2998,1599,6189,4505,1610,62,71
2023,2023vapor,Week 3,122,3136,4286,404,2890,1908,78,52
2023,2023vapor,Week 3,384,1522,2912,8622,2068,617,45,45
2023,2023vapor,Week 3,5804,2998,2363,5954,7429,1599,116,71
2023,2023vapor,Week 3,2890,9214,3136,8326,6189,3359,56,59
2023,2023vapor,Week 3,4464,1610,1793,2028,4286,6194,53,64
2023,2023vapor,Week 3,2068,539,384,2998,5954,4505,28,39
2023,2023vapor,Week 3,3136,1908,404,5804,1522,9214,64,101
2023,2023vapor,Week 3,1610,2912,617,1599,8326,2890,48,64
2023,2023vapor,Week 3,4505,539,6189,2363,4286,1793,57,87
2023,2023vapor,Week 3,7429,8622,2028,6194,3359,122,93,70
2023,2023vapor,Week 3,2890,617,4464,404,2998,1610,12,57
2023,2023vapor,Week 3,1599,4505,384,539,8326,3136,126,73
2023,2023vapor,Week 3,5804,2912,122,1522,8622,4286,95,27
2023,2023vapor,Week 3,9214,7429,3359,2363,2068,4464,27,79
2023,2023vapor,Week 3,1793,1908,2028,6194,5954,6189,97,90
2023,2023vapor,Week 3,4286,4505,5804,122,2998,8326,55,55
2023,2023vapor,Week 3,539,1610,3359,3136,384,8622,66,88
2023,2023vapor,Week 3,5954,404,4464,2912,2028,1599,31,92
2023,2023vapor,Week 3,1522,2068,6194,2363,9214,617,62,125
2023,2023vapor,Week 3,7429,2890,5804,6189,1793,1908,89,46
2023,2023vapor,Week 3,8622,404,5954,2998,2028,3136,34,82
2023,2023vapor,Week 3,4286,9214,1610,617,1522,4505,44,69
2023,2023vapor,Week 3,6189,122,2068,3359,4464,7429,68,46
2023,2023vapor,Week 3,6194,2363,539,1908,2890,2912,105,64
2023,2023vapor,Week 3,1793,1599,8622,8326,384,9214,47,75
2023,2023vapor,Week 3,2028,122,5954,3136,617,6189,68,95
2023,2023vapor,Week 3,2912,3359,2998,1908,1610,1522,19,118
2023,2023vapor,Week 3,7429,2363,1599,384,1793,2890,129,74
2023,2023vapor,Week 3,404,2068,4505,4464,6194,5804,70,83
2023,2023vapor,Week 3,4286,8326,2998,2912,539,9214,66,23
2023,2023vapor,Week 3,1610,5954,384,1522,1793,122,79,63
2023,2023vapor,Week 3,617,6194,7429,3136,5804,2068,41,111
2023,2023vapor,Week 3,1908,1599,4464,3359,4286,539,80,45
2023,2023vapor,Week 3,8622,6189,2363,4505,2028,2890,127,96
2023,2023vapor,Week 3,8326,5954,1522,1793,7429,404,75,51
2023,2023vapor,Week 3,4286,4464,2998,1599,3136,6194,25,191
2023,2023vapor,Week 3,5804,6189,384,8622,2912,539,124,26
2023,2023vapor,Week 3,1610,3359,2068,2028,404,9214,33,89
2023,2023vapor,Week 3,617,122,1908,8326,4505,2363,78,93
2023,2023vapor,Week 3,1793,3136,1522,2890,4464,539,87,45
2023,2023vapor,Week 3,6189,3359,404,9214,5804,8622,63,88
2023,2023vapor,Week 3,5954,2912,2363,1599,617,4286,74,96
2023,2023vapor,Week 3,2068,2028,8326,384,1908,2998,69,98
2023,2023vapor,Week 3,2890,6194,4505,122,1610,7429,49,84
2023,2023wabon,Week 3,948,5588,2557,8303,1778,2930,50,114
2023,2023wabon,Week 3,2907,8302,2522,5683,4681,3786,75,23
2023,2023wabon,Week 3,3049,3393,1294,3588,9023,3219,22,33
2023,2023wabon,Week 3,2046,4579,568,1983,3218,5937,102,129
2023,2023wabon,Week 3,4918,8386,2929,6350,4469,8896,44,25
2023,2023wabon,Week 3,3663,2907,8303,948,3393,9023,89,68
2023,2023wabon,Week 3,1778,3219,8302,3588,2930,2046,59,101
2023,2023wabon,Week 3,5683,3049,4918,3786,2929,8896,63,11
2023,2023wabon,Week 3,3663,4579,2522,2557,5937,4681,93,83
2023,2023wabon,Week 3,5588,6350,568,3218,8386,1294,55,84
2023,2023wabon,Week 3,8896,1983,9023,2930,3049,4469,48,108
2023,2023wabon,Week 3,4918,2907,3786,4579,3588,1778,56,84
2023,2023wabon,Week 3,2929,948,568,3393,2046,3218,28,101
2023,2023wabon,Week 3,1294,5588,3219,8303,5937,2522,57,92
2023,2023wabon,Week 3,2557,4469,4681,8386,8302,6350,57,33
2023,2023wabon,Week 3,948,5683,1983,3663,8896,3049,59,73
2023,2023wabon,Week 3,5937,2929,3393,2522,3588,3786,25,51
2023,2023wabon,Week 3,4681,1294,5588,3218,568,4918,58,86
2023,2023wabon,Week 3,1983,8386,2930,5683,8303,9023,105,47
2023,2023wabon,Week 3,6350,1778,2557,2046,3219,2907,95,95
2023,2023wabon,Week 3,3393,4579,3663,8302,4469,568,52,37
2023,2023wabon,Week 3,4918,9023,2522,2929,3588,1983,106,71
2023,2023wabon,Week 3,3786,1778,8303,3049,2046,6350,55,106
2023,2023wabon,Week 3,4469,3219,4579,2930,5588,948,48,104
2023,2023wabon,Week 3,3218,2557,8896,8302,5683,3663,90,82
2023,2023wabon,Week 3,2907,4681,8386,1294,3786,5937,48,43
2023,2023wabon,Week 3,2046,9023,3588,2522,948,4469,91,81
2023,2023wabon,Week 3,5588,3393,5683,2930,3663,6350,35,118
2023,2023wabon,Week 3,8302,4681,2929,1983,3219,4918,44,75
2023,2023wabon,Week 3,2557,8303,1294,568,8896,2907,47,43
2023,2023wabon,Week 3,5937,4579,8386,3218,1778,3049,56,108
2023,2023wabon,Week 3,6350,2522,4918,4681,3663,2046,78,93
2023,2023wabon,Week 3,568,5683,3219,8896,1294,948,48,26
2023,2023wabon,Week 3,8386,3049,8303,1778,4469,2929,35,109
2023,2023wabon,Week 3,3588,5937,5588,2907,2557,3393,85,78
2023,2023wabon,Week 3,9023,3786,3218,1983,8302,4579,100,52
2023,2023wabon,Week 3,2046,1294,1778,2522,2930,5683,80,65
2023,2023wabon,Week 3,3219,948,5937,4918,2557,3663,62,102
2023,2023wabon,Week 3,3049,568,3588,5588,9023,8386,79,58
2023,2023wabon,Week 3,2930,2929,2907,4579,3218,4681,59,91
2023,2023wabon,Week 3,4469,8303,6350,3786,3393,1983,40,40
2023,2023wabon,Week 3,8896,3588,5683,8302,2046,948,55,82
2023,2023wabon,Week 3,2522,3218,2930,3219,3663,8386,144,79
2023,2023wabon,Week 3,4681,568,3393,9023,2557,4469,39,57
2023,2023wabon,Week 3,3049,3786,8302,5588,4918,8303,45,62
2023,2023wabon,Week 3,5937,8896,4579,1294,1983,2907,94,71
2023,2023wabon,Week 3,2929,6350,3218,948,5683,1778,77,89
2023,2023wabon,Week 3,3393,8302,2930,568,2522,2557,77,85
2023,2023wabon,Week 3,4469,5937,3049,8303,4681,3219,83,46
2023,2023wabon,Week 3,1778,1983,3663,3588,4918,1294,118,35
2023,2023wabon,Week 3,8386,8896,2046,4579,3786,5588,98,53
2023,2023wabon,Week 3,6350,2907,5683,9023,2929,3049,57,40
2023,2023wabon,Week 3,4469,1294,3218,5937,4918,8302,100,53
2023,2023wabon,Week 3,3663,948,3588,8386,568,3786,124,52
2023,2023wabon,Week 3,2557,2930,4579,2929,8303,2046,117,98
2023,2023wabon,Week 3,9023,2907,1778,3219,2522,8896,99,68
2023,2023wabon,Week 3,4681,1983,5588,3393,6350,3588,99,45
2023,2023wabon,Week 3,8303,3218,8302,568,3663,5937,85,82
2023,2023wabon,Week 3,3786,2930,9023,1294,2522,2929,102,88
2023,2023wabon,Week 3,5683,2046,1983,2907,5588,4469,133,83
2023,2023wabon,Week 3,8896,4918,4681,1778,8386,3393,46,68
2023,2023wabon,Week 3,3219,3049,2557,4579,6350,948,49,52
2023,2023nyli,Week 3,2875,810,9016,2869,8595,2638,90,55
2023,2023nyli,Week 3,334,4122,28,1468,5736,2347,42,117
2023,2023nyli,Week 3,1546,333,6423,545,7004,3137,62,28
2023,2023nyli,Week 3,6401,2027,2161,496,870,7759,11,146
2023,2023nyli,Week 3,7673,2265,329,4458,7636,369,64,59
2023,2023nyli,Week 3,3950,6969,5659,1155,2872,7539,86,125
2023,2023nyli,Week 3,3171,569,8267,6593,8760,3015,83,66
2023,2023nyli,Week 3,7497,5016,810,4122,527,7004,42,69
2023,2023nyli,Week 3,2869,6423,2027,333,2161,5736,43,111
2023,2023nyli,Week 3,7759,8595,545,329,870,7636,45,126
2023,2023nyli,Week 3,9016,1155,4458,6401,3137,2347,88,42
2023,2023nyli,Week 3,2872,3171,7673,7539,334,2875,112,56
2023,2023nyli,Week 3,569,8760,1468,2638,5016,2265,71,58
2023,2023nyli,Week 3,527,1546,3950,28,496,6593,87,54
2023,2023nyli,Week 3,3015,8267,6969,7497,369,5659,117,63
2023,2023nyli,Week 3,870,545,333,7004,7759,1155,139,63
2023,2023nyli,Week 3,9016,4122,2872,2027,3171,329,103,95
2023,2023nyli,Week 3,7539,8760,7636,3137,2869,1468,117,88
2023,2023nyli,Week 3,3950,28,8595,2161,2265,334,90,33
2023,2023nyli,Week 3,496,2347,810,6593,5016,6969,74,34
2023,2023nyli,Week 3,5659,6423,4458,527,7497,569,65,55
2023,2023nyli,Week 3,5736,2638,6401,3015,7673,369,80,127
2023,2023nyli,Week 3,1546,2875,7636,4122,8267,1155,94,87
2023,2023nyli,Week 3,870,2872,2869,2265,333,28,144,67
2023,2023nyli,Week 3,810,329,6969,334,3950,545,87,88
2023,2023nyli,Week 3,8760,496,9016,7004,7497,6423,59,38
2023,2023nyli,Week 3,3015,2161,7539,6593,369,527,124,82
2023,2023nyli,Week 3,7673,2638,2347,1546,569,2027,58,40
2023,2023nyli,Week 3,4458,3137,3171,8267,1468,8595,94,95
2023,2023nyli,Week 3,7759,2875,6401,5016,5659,5736,49,86
2023,2023nyli,Week 3,7497,2869,496,2872,329,6423,65,118
2023,2023nyli,Week 3,6593,7636,2161,9016,6969,333,63,52
2023,2023nyli,Week 3,870,28,7673,545,3015,4122,69,131
2023,2023nyli,Week 3,2027,2638,8760,4458,1546,7539,73,100
2023,2023nyli,Week 3,5016,527,334,5659,7759,8267,56,68
2023,2023nyli,Week 3,2347,3171,2875,3137,2265,3950,79,94
2023,2023nyli,Week 3,5736,569,369,8595,810,1155,93,99
2023,2023nyli,Week 3,6401,7004,3015,2161,1468,329,123,84
2023,2023nyli,Week 3,6423,7636,7673,28,9016,2027,60,28
2023,2023nyli,Week 3,4122,2869,7759,6969,4458,8760,79,34
2023,2023nyli,Week 3,3137,6593,7497,2638,334,870,64,120
2023,2023nyli,Week 3,2347,7539,569,2875,545,496,53,73
2023,2023nyli,Week 3,1155,369,5016,333,810,3171,101,121
2023,2023nyli,Week 3,1468,6401,1546,8595,2872,527,48,117
2023,2023nyli,Week 3,2265,5659,7004,8267,5736,3950,61,116
2023,2023nyli,Week 3,329,6593,2638,6423,6969,28,77,44
2023,2023nyli,Week 3,545,2161,8760,2875,4122,3137,38,86
2023,2023nyli,Week 3,1155,333,496,334,4458,3015,101,104
2023,2023nyli,Week 3,2872,2347,7497,369,3171,7759,100,131
2023,2023nyli,Week 3,7539,5736,527,2265,8595,1546,132,72
2023,2023nyli,Week 3,7004,3950,5016,7673,6401,2869,91,41
2023,2023nyli,Week 3,569,810,870,7636,9016,8267,91,76
2023,2023nyli,Week 3,1468,2027,6593,5659,329,2875,87,60
2023,2023nyli,Week 3,28,3015,2872,7759,3137,8760,139,44
2023,2023nyli,Week 3,4122,5736,2265,496,7539,3171,94,121
2023,2023nyli,Week 3,5016,1546,545,4458,7497,2161,48,95
2023,2023nyli,Week 3,810,8267,334,6423,569,6401,65,55
2023,2023nyli,Week 3,2347,5659,8595,7636,7004,2638,53,155
2023,2023nyli,Week 3,2869,6969,1155,2027,527,7673,53,72
2023,2023nyli,Week 3,369,333,3950,870,1468,9016,121,161
2023,2023nyli,Week 3,329,4458,545,5736,6593,2872,101,121
2023,2023nyli,Week 3,2265,7539,7497,28,6401,5016,65,38
2023,2023nyli,Week 3,3171,7004,1546,7636,334,569,79,71
2023,2023nyli,Week 3,2161,7673,3137,810,2027,5659,44,76
2023,2023nyli,Week 3,6423,7759,9016,3950,1155,1468,55,116
2023,2023nyli,Week 3,3015,870,8595,8760,2347,2869,144,36
2023,2023nyli,Week 3,8267,527,333,2638,496,4122,80,61
2023,2023nyli,Week 3,6969,369,7004,2875,28,4458,50,99
2023,2023nyli,Week 3,2872,3137,334,569,2161,5016,154,28
2023,2023nyli,Week 3,7759,1468,2265,1546,7673,810,96,77
2023,2023nyli,Week 3,7636,1155,5736,8760,3950,7497,98,87
2023,2023nyli,Week 3,7539,329,8267,333,3015,2347,93,133
2023,2023nyli,Week 3,5659,545,2638,3171,9016,2869,37,111
2023,2023nyli,Week 3,8595,6401,6593,6969,2027,4122,99,77
2023,2023nyli,Week 3,369,2875,870,527,6423,496,126,88
2023,2023iscmp,Week 4,7112,3339,7039,6104,2679,6738,138,80
2023,2023iscmp,Week 4,1577,3083,1690,1943,7845,4586,146,98
2023,2023iscmp,Week 4,4319,2231,7067,6168,4320,3316,130,105
2023,2023iscmp,Week 4,2630,5635,9303,8175,1574,3388,111,129
2023,2023iscmp,Week 4,2230,5135,5928,2212,5987,4590,154,127
2023,2023iscmp,Week 4,5715,4661,1657,2096,5990,5554,90,137
2023,2023iscmp,Week 4,3211,5654,3075,1937,5614,4338,158,60
2023,2023iscmp,Week 4,1942,3065,3083,4586,1576,6168,87,128
2023,2023iscmp,Week 4,2231,1577,2679,3388,2630,4320,129,137
2023,2023iscmp,Week 4,8175,7845,6104,4319,1574,5928,83,107
2023,2023iscmp,Week 4,2096,1657,3316,5715,7039,5635,64,122
2023,2023iscmp,Week 4,5990,6738,2212,3211,1937,1943,132,92
2023,2023iscmp,Week 4,3339,5614,3065,4338,1690,9303,129,111
2023,2023iscmp,Week 4,5654,1942,4590,5987,7112,5135,139,133
2023,2023iscmp,Week 4,1576,5554,4661,7067,3075,2230,83,151
2023,2023iscmp,Week 4,4320,4586,4319,2096,8175,2679,87,97
2023,2023iscmp,Week 4,2231,2630,5928,1657,5990,5635,113,112
2023,2023iscmp,Week 4,2212,1937,3339,7845,5715,5614,102,111
2023,2023iscmp,Week 4,3083,3211,6168,1690,4590,5135,92,135
2023,2023iscmp,Week 4,1576,3065,7112,3316,3075,5554,120,97
2023,2023iscmp,Week 4,1577,1943,5987,7039,4338,1574,150,118
2023,2023iscmp,Week 4,6104,7067,5654,3388,2230,9303,77,83
2023,2023iscmp,Week 4,6738,4661,2096,4320,2679,1942,93,102
2023,2023iscmp,Week 4,4319,8175,2212,3339,1657,4590,113,134
2023,2023iscmp,Week 4,4586,3211,3316,7845,2630,5554,105,127
2023,2023iscmp,Week 4,5987,3083,5635,3075,5715,1577,129,170
2023,2023iscmp,Week 4,5135,6168,3065,6104,7112,5990,113,125
2023,2023iscmp,Week 4,7039,3388,5614,1943,1942,2230,159,79
2023,2023iscmp,Week 4,5654,1690,1574,4338,7067,1576,162,91
2023,2023iscmp,Week 4,5928,6738,1937,9303,4661,2231,76,92
2023,2023iscmp,Week 4,3075,4319,5987,2212,1577,2630,84,154
2023,2023iscmp,Week 4,4320,3211,4590,5635,6104,3339,132,131
2023,2023iscmp,Week 4,3083,2679,1657,2230,7845,3065,95,144
2023,2023iscmp,Week 4,5990,8175,1576,7067,6168,5614,128,129
2023,2023iscmp,Week 4,4586,1574,1942,5928,9303,5654,143,83
2023,2023iscmp,Week 4,1690,7039,2096,1937,2231,7112,132,125
2023,2023iscmp,Week 4,3388,5554,5715,6738,5135,4338,98,133
2023,2023iscmp,Week 4,4661,3339,2230,1943,3316,2630,126,145
2023,2023iscmp,Week 4,4320,3075,7845,5614,4590,5990,126,142
2023,2023iscmp,Week 4,5928,1577,8175,3211,2679,3065,139,112
2023,2023iscmp,Week 4,1942,1576,5987,1937,1657,4319,131,96
2023,2023iscmp,Week 4,1574,9303,7067,3083,5135,5715,107,106
2023,2023iscmp,Week 4,5654,2212,7039,4661,1690,4586,143,124
2023,2023iscmp,Week 4,2096,3388,1943,3316,6738,7112,124,84
2023,2023iscmp,Week 4,5554,4338,6104,2231,5635,6168,111,143
2023,2023iscmp,Week 4,5990,5987,1937,8175,3339,4320,116,106
2023,2023iscmp,Week 4,3065,5715,1574,5614,1942,4319,159,103
2023,2023iscmp,Week 4,2630,3083,7067,2679,7039,5928,128,110
2023,2023iscmp,Week 4,2230,3316,1690,9303,1577,6738,145,131
2023,2023iscmp,Week 4,1657,7112,4586,4338,2231,3211,115,150
2023,2023iscmp,Week 4,4590,6168,6104,3075,1943,4661,113,108
2023,2023iscmp,Week 4,5135,3388,2212,5635,2096,1576,136,121
2023,2023iscmp,Week 4,7845,5654,1937,5554,8175,3083,143,105
2023,2023iscmp,Week 4,2679,5987,1690,5990,3316,1942,151,151
2023,2023iscmp,Week 4,3065,4320,4338,3211,7039,2630,113,145
2023,2023iscmp,Week 4,3075,1657,6738,4590,5928,7067,122,102
2023,2023iscmp,Week 4,5715,4586,2212,1576,3388,6104,113,98
2023,2023iscmp,Week 4,2231,1943,3339,4661,5654,5135,126,112
2023,2023iscmp,Week 4,5554,5614,9303,7112,4319,1577,124,126
2023,2023iscmp,Week 4,5635,7845,1574,6168,2230,2096,150,138
2023,2023iscmp,Week 4,1942,1690,6738,2630,8175,3075,156,144
2023,2023iscmp,Week 4,1937,4590,7039,3065,5990,3388,99,149
2023,2023iscmp,Week 4,5928,4320,1943,3339,1576,5715,67,130
2023,2023iscmp,Week 4,5614,4661,1577,1657,6104,5135,133,117
2023,2023iscmp,Week 4,7845,9303,3211,5987,2096,2231,118,162
2023,2023iscmp,Week 4,6168,5554,7112,1574,2212,2679,95,118
2023,2023iscmp,Week 4,4319,4338,3316,3083,2230,5654,118,124
2023,2023iscmp,Week 4,7067,5635,1943,4586,3065,1937,89,111
2023,2023iscmp,Week 4,1657,5928,3388,4320,6104,1690,110,122
2023,2023iscmp,Week 4,5135,3075,1576,7039,9303,8175,142,109
2023,2023iscmp,Week 4,1574,2231,5554,3339,1942,3211,141,149
2023,2023iscmp,Week 4,2679,4590,4338,2212,3316,5614,89,130
2023,2023iscmp,Week 4,2630,2096,5715,1577,5654,6168,155,151
2023,2023iscmp,Week 4,7112,5635,4661,7067,5987,7845,82,157
2023,2023iscmp,Week 4,2230,4319,5990,6738,4586,3083,113,110
2023,2023iscmp,Week 4,1574,5135,4320,1690,1937,3075,143,131
2023,2023iscmp,Week 4,3316,1576,2231,4590,3065,8175,113,125
2023,2023iscmp,Week 4,9303,6168,2679,5654,1943,1657,112,127
2023,2023iscmp,Week 4,7039,7067,1942,1577,3339,7845,107,172
2023,2023iscmp,Week 4,5614,6738,5987,5635,5554,4586,148,106
2023,2023iscmp,Week 4,4338,2630,5990,6104,5928,2096,136,123
2023,2023iscmp,Week 4,4661,2212,3211,3388,4319,3083,122,95
2023,2023iscmp,Week 4,7112,2230,8175,5715,4320,2231,95,130
2023,2023iacf,Week 4,8770,9082,4260,9061,3102,2846,50,90
2023,2023iacf,Week 4,525,8024,8737,6732,4329,7048,72,110
2023,2023iacf,Week 4,5690,3928,7541,6424,8822,5935,124,108
2023,2023iacf,Week 4,9092,1625,8766,4096,1785,171,113,96
2023,2023iacf,Week 4,167,4624,8821,2264,4674,2667,69,51
2023,2023iacf,Week 4,5914,5041,4646,2847,6217,5125,56,107
2023,2023iacf,Week 4,6420,6419,6455,3058,5006,7848,70,81
2023,2023iacf,Week 4,2526,2040,8824,5837,8298,6317,61,84
2023,2023iacf,Week 4,7531,3277,7309,4021,967,5275,51,69
2023,2023iacf,Week 4,4859,9092,171,2957,8822,5690,64,59
2023,2023iacf,Week 4,4329,3102,4096,1785,167,3928,132,110
2023,2023iacf,Week 4,4624,2846,5041,6424,8737,1625,107,115
2023,2023iacf,Week 4,9061,5935,8821,6420,3058,2847,56,95
2023,2023iacf,Week 4,6419,2667,8824,6455,5914,2040,76,71
2023,2023iacf,Week 4,9082,7309,5125,525,5275,7531,61,82
2023,2023iacf,Week 4,5006,4859,6217,6317,8770,2264,84,109
2023,2023iacf,Week 4,3277,5837,4646,6732,7848,8766,112,58
2023,2023iacf,Week 4,2526,2957,4674,8024,967,4260,118,81
2023,2023iacf,Week 4,1625,7048,8298,4021,7541,3102,92,101
2023,2023iacf,Week 4,2847,4624,9061,171,5690,6455,92,51
2023,2023iacf,Week 4,525,2040,5125,4096,6419,2846,103,119
2023,2023iacf,Week 4,8824,1785,5275,4859,8737,2264,61,94
2023,2023iacf,Week 4,8770,6424,6732,5935,167,5837,100,106
2023,2023iacf,Week 4,9082,9092,3928,6217,967,7309,100,72
2023,2023iacf,Week 4,6420,7848,7048,4260,8822,2526,85,43
2023,2023iacf,Week 4,4674,4021,6317,7541,5041,3058,48,107
2023,2023iacf,Week 4,5006,2667,7531,4646,8766,2957,65,69
2023,2023iacf,Week 4,5914,8298,4329,8024,8821,3277,57,45
2023,2023iacf,Week 4,171,2847,2040,4624,6732,3102,105,84
2023,2023iacf,Week 4,8737,6419,5837,2264,2846,7309,93,130
2023,2023iacf,Week 4,7848,8822,967,167,7048,8770,79,88
2023,2023iacf,Week 4,4674,6217,4096,525,2526,6424,96,137
2023,2023iacf,Week 4,5690,1625,5275,8766,6317,3058,73,72
2023,2023iacf,Week 4,8821,6455,7541,5041,3277,2957,101,75
2023,2023iacf,Week 4,8824,4260,9092,4646,3928,4021,66,97
2023,2023iacf,Week 4,1785,8298,9082,5914,5935,6420,59,95
2023,2023iacf,Week 4,8024,4329,4859,5125,9061,5006,107,92
2023,2023iacf,Week 4,7048,6424,2667,2847,7531,8770,99,76
2023,2023iacf,Week 4,3058,6217,6419,3102,8766,8822,78,85
2023,2023iacf,Week 4,171,525,6317,8821,8737,967,92,65
2023,2023iacf,Week 4,5275,5041,6455,3928,2526,5837,51,90
2023,2023iacf,Week 4,4646,7848,2846,5690,3277,4674,103,54
2023,2023iacf,Week 4,9061,6732,8298,9092,5125,2264,19,133
2023,2023iacf,Week 4,2667,7309,167,8024,5006,1625,77,100
2023,2023iacf,Week 4,7531,7541,4260,1785,5914,4624,75,101
2023,2023iacf,Week 4,4859,4021,2040,4329,6420,9082,68,119
2023,2023iacf,Week 4,5935,4096,8766,2957,8824,7048,76,63
2023,2023iacf,Week 4,8770,8821,171,5275,6419,6424,60,77
2023,2023iacf,Week 4,8737,3102,2526,967,4646,5690,106,127
2023,2023iacf,Week 4,5041,6317,7848,7309,3058,9092,101,92
2023,2023iacf,Week 4,5006,2846,525,7541,1785,2667,128,102
2023,2023iacf,Week 4,7531,6420,4674,3928,5125,4329,107,132
2023,2023iacf,Week 4,5935,1625,6732,4260,5914,4859,88,55
2023,2023iacf,Week 4,2957,9082,8024,8824,5837,4624,67,78
2023,2023iacf,Week 4,2040,167,4096,3277,9061,6217,129,82
2023,2023iacf,Week 4,8822,2264,8298,4021,6455,2847,80,80
2023,2023iacf,Week 4,8766,5690,2846,7309,525,5041,88,82
2023,2023iacf,Week 4,6420,6317,6424,3102,4646,6419,114,83
2023,2023iacf,Week 4,3928,4260,7848,2667,4859,8821,74,73
2023,2023iacf,Week 4,5125,7048,7541,8824,171,3058,115,76
2023,2023iacf,Week 4,9092,4674,967,2040,5935,5006,95,83
2023,2023iacf,Week 4,8298,3277,2526,1625,2264,9082,85,106
2023,2023iacf,Week 4,8822,5837,9061,8737,7531,4624,42,83
2023,2023iacf,Week 4,2847,8024,1785,4021,8770,4096,97,81
2023,2023iacf,Week 4,4329,6455,2957,5275,6732,6217,84,51
2023,2023iacf,Week 4,5914,3058,3928,2846,171,167,67,100
2023,2023iacf,Week 4,2040,2667,6420,7048,5690,5041,115,101
2023,2023iacf,Week 4,6424,2264,8824,4260,525,1625,122,118
2023,2023iacf,Week 4,8822,4624,3277,6317,5125,5935,75,85
2023,2023iacf,Week 4,3102,8024,7531,5006,8821,9092,99,102
2023,2023iacf,Week 4,967,5837,6732,6419,4329,1785,103,65
2023,2023iacf,Week 4,6217,8298,4021,8737,5275,7848,60,64
2023,2023iacf,Week 4,7309,2957,5914,8770,9061,4674,36,62
2023,2023iacf,Week 4,7541,8766,2847,167,4859,2526,127,121
2023,2023iacf,Week 4,6455,4646,8822,9082,4096,525,59,101
2023,2023iacf,Week 4,5041,2264,8024,171,7531,5935,91,88
2023,2023iacf,Week 4,4624,5006,6419,3277,3928,7048,113,67
2023,2023iacf,Week 4,5837,5125,5690,8821,4260,4021,112,47
2023,2023iacf,Week 4,7848,6424,1785,2040,9061,4329,134,88
2023,2023iacf,Week 4,2526,9092,5275,3102,2667,5914,107,71
2023,2023iacf,Week 4,2846,9082,6317,167,2847,2957,91,119
2023,2023iacf,Week 4,967,3058,4859,8298,4096,4646,88,103
2023,2023iacf,Week 4,8766,4674,8737,6455,8770,1625,60,99
2023,2023iacf,Week 4,6732,6420,7309,7541,8824,6217,89,104
2023,2023iacf,Week 4,4329,4260,5006,5041,171,8822,104,79
2023,2023iacf,Week 4,6419,4021,5935,2667,2526,9061,60,75
2023,2023iacf,Week 4,2264,3928,2847,6317,2040,8024,143,89
2023,2023iacf,Week 4,3058,2957,3102,7848,525,3277,109,146
2023,2023iacf,Week 4,5125,6424,5914,8766,967,6455,103,65
2023,2023iacf,Week 4,4096,6732,8737,4674,7541,9082,81,109
2023,2023iacf,Week 4,2846,5275,8770,9092,4624,6420,76,130
2023,2023iacf,Week 4,6217,5690,167,8298,8824,7531,110,27
2023,2023iacf,Week 4,4859,4646,1785,7048,7309,8821,120,78
2023,2023iacf,Week 4,5837,2847,525,1625,171,6419,114,114
2023,2023mose,Week 4,1939,5918,4522,1986,3284,1723,107,75
2023,2023mose,Week 4,4187,4766,3061,5454,5809,1997,122,75
2023,2023mose,Week 4,5968,7662,9031,6391,5098,8825,44,105
2023,2023mose,Week 4,3313,1810,4480,6817,4455,3184,104,89
2023,2023mose,Week 4,31,1706,4766,5454,4187,8112,131,83
2023,2023mose,Week 4,5968,3284,1997,3061,1986,5809,75,116
2023,2023mose,Week 4,5918,5098,4522,9031,6391,4455,136,115
2023,2023mose,Week 4,8825,1706,6817,1810,31,7662,103,57
2023,2023mose,Week 4,3184,3313,1939,1723,8112,4480,132,61
2023,2023mose,Week 4,3284,4187,5918,4522,3061,9031,76,145
2023,2023mose,Week 4,4455,5454,1986,5968,31,8825,114,50
2023,2023mose,Week 4,1810,5809,3184,7662,1706,3313,114,126
2023,2023mose,Week 4,6391,4766,1723,8112,6817,1939,109,83
2023,2023mose,Week 4,3284,5098,1997,4480,5968,31,91,50
2023,2023mose,Week 4,1810,5454,1706,8825,3184,3313,138,138
2023,2023mose,Week 4,4522,6817,9031,4766,1986,6391,145,122
2023,2023mose,Week 4,5809,1939,4455,5098,1723,3061,104,94
2023,2023mose,Week 4,7662,4480,4187,5918,1997,8112,76,34
2023,2023mose,Week 4,6817,1810,6391,8825,31,3284,84,78
2023,2023mose,Week 4,5098,1939,1706,5454,9031,5968,139,96
2023,2023mose,Week 4,3184,3061,8112,4522,4480,5809,125,107
2023,2023mose,Week 4,4187,1723,3313,4455,1997,7662,69,80
2023,2023mose,Week 4,1986,5918,6817,5454,4766,5098,60,96
2023,2023mose,Week 4,5809,9031,3284,5968,1810,1939,54,81
2023,2023mose,Week 4,31,3061,3184,4455,1723,1706,118,131
2023,2023mose,Week 4,8112,4187,1986,6391,5918,7662,102,70
2023,2023mose,Week 4,3313,4522,8825,1997,4480,4766,136,94
2023,2023mose,Week 4,6817,3284,5454,1723,5968,3184,89,91
2023,2023mose,Week 4,3061,1986,1939,1810,4187,4455,169,80
2023,2023mose,Week 4,9031,1706,4480,5809,4766,8825,99,118
2023,2023mose,Week 4,8112,7662,4522,1997,31,5918,124,46
2023,2023mose,Week 4,3313,6391,5454,5098,3061,1810,136,99
2023,2023mose,Week 4,4480,8825,4455,6817,5968,4187,75,75
2023,2023mose,Week 4,5918,9031,4766,3284,7662,3184,97,104
2023,2023mose,Week 4,31,8112,6391,5098,5809,3313,83,92
2023,2023mose,Week 4,1723,1939,1997,1986,4522,1706,83,181
2023,2023mose,Week 4,7662,1810,4766,3061,5968,4480,113,82
2023,2023mose,Week 4,3284,3313,8112,4187,9031,5098,113,67
2023,2023mose,Week 4,3184,1997,1986,1939,8825,5454,120,100
2023,2023mose,Week 4,1706,6391,5809,5918,4455,6817,149,62
2023,2023mose,Week 4,1810,31,1723,4522,4766,3284,56,110
2023,2023mose,Week 4,4480,3184,5098,1986,8825,7662,117,75
2023,2023mose,Week 4,9031,1997,1706,4455,3061,8112,134,66
2023,2023mose,Week 4,5968,3313,5918,5809,6817,1723,72,63
2023,2023mose,Week 4,31,5454,4522,6391,1939,4187,134,104
2023,2023mose,Week 4,3284,4455,1810,1706,8112,5098,71,108
2023,2023mose,Week 4,3061,7662,6817,9031,1986,3313,97,66
2023,2023mose,Week 4,31,4187,5809,4480,5454,5918,57,80
2023,2023mose,Week 4,4766,1723,5968,3184,4522,6391,88,141
2023,2023mose,Week 4,1939,8825,9031,3313,6817,1997,115,74
2023,2023mose,Week 4,7662,4480,5454,1706,3061,3284,59,121
2023,2023mose,Week 4,8112,5809,5968,4187,1986,4522,79,121
2023,2023mose,Week 4,5098,4455,31,4766,3184,1939,58,188
2023,2023mose,Week 4,1997,8825,1810,5918,1723,6391,91,63
2023,2023mose,Week 4,5454,5809,3061,3284,6817,4480,133,37
2023,2023mose,Week 4,7662,5098,1986,4766,3313,31,86,102
2023,2023mose,Week 4,1997,6391,5968,1706,3184,4187,84,147
2023,2023mose,Week 4,1723,4522,4455,9031,8112,1810,110,74
2023,2023mose,Week 4,8825,5918,3061,1939,3284,31,108,74
2023,2023wimi,Week 4,1259,2830,1792,537,1306,6160,93,96
2023,2023wimi,Week 4,2062,1732,1714,3596,3067,5148,132,61
2023,2023wimi,Week 4,6381,7417,8029,6643,6223,4786,89,74
2023,2023wimi,Week 4,3197,2512,7900,930,8122,2358,91,131
2023,2023wimi,Week 4,8701,2202,6421,5822,2194,1675,103,90
2023,2023wimi,Week 4,5096,8188,8531,4787,6017,706,65,79
2023,2023wimi,Week 4,93,2077,1091,2506,3418,6574,48,107
2023,2023wimi,Week 4,8096,8803,8802,8847,7915,3067,79,88
2023,2023wimi,Week 4,8029,1792,930,1714,3596,6381,125,72
2023,2023wimi,Week 4,1732,5148,6643,2512,2358,8701,110,92
2023,2023wimi,Week 4,1306,6223,2194,3197,5096,4787,71,80
2023,2023wimi,Week 4,6574,537,6017,1675,2062,6421,120,104
2023,2023wimi,Week 4,8531,93,8802,6160,2077,8847,113,90
2023,2023wimi,Week 4,7915,4786,8122,7900,2202,706,124,114
2023,2023wimi,Week 4,8188,2506,1259,3418,5822,8803,78,76
2023,2023wimi,Week 4,7417,1091,3197,2194,8096,2830,81,86
2023,2023wimi,Week 4,8029,3067,6421,5096,6643,6574,57,51
2023,2023wimi,Week 4,1675,1792,8847,2358,1732,6381,66,102
2023,2023wimi,Week 4,2077,537,8531,1714,7900,8122,96,105
2023,2023wimi,Week 4,6223,6160,1259,2512,8803,2506,96,105
2023,2023wimi,Week 4,4786,3596,2830,7915,3418,8096,117,115
2023,2023wimi,Week 4,5822,8802,7417,6017,1306,1091,101,41
2023,2023wimi,Week 4,8188,5148,2062,93,930,2202,67,156
2023,2023wimi,Week 4,706,8701,6643,8847,1714,4787,92,85
2023,2023wimi,Week 4,2512,8122,6223,1792,6574,3067,113,104
2023,2023wimi,Week 4,3197,8096,3596,7900,6421,1732,105,128
2023,2023wimi,Week 4,6017,8029,5096,2506,2830,1091,91,85
2023,2023wimi,Week 4,6160,8188,930,8802,2194,4786,124,119
2023,2023wimi,Week 4,706,7417,8803,537,1675,93,51,139
2023,2023wimi,Week 4,6381,8531,3418,2077,1306,8701,86,56
2023,2023wimi,Week 4,2062,2358,5822,2202,1259,4787,47,78
2023,2023wimi,Week 4,7915,1091,5096,5148,2512,1792,36,110
2023,2023wimi,Week 4,3067,6160,1732,930,6017,1714,87,148
2023,2023wimi,Week 4,3596,8122,706,2506,6643,1675,122,83
2023,2023wimi,Week 4,93,6574,3197,8803,6223,8531,118,47
2023,2023wimi,Week 4,3418,8847,7900,7417,2062,2194,85,93
2023,2023wimi,Week 4,4787,5822,5148,2830,8029,537,86,107
2023,2023wimi,Week 4,8188,8802,2358,6381,8701,8096,58,146
2023,2023wimi,Week 4,2077,2202,7915,6421,1259,1306,64,67
2023,2023wimi,Week 4,4786,6160,8531,3596,5096,1675,141,56
2023,2023wimi,Week 4,6643,2194,3197,1792,93,6017,71,101
2023,2023wimi,Week 4,3418,537,2512,8029,1732,8847,101,123
2023,2023wimi,Week 4,2062,8802,2506,8122,7417,8188,103,56
2023,2023wimi,Week 4,2830,8803,1306,8096,1714,2202,89,129
2023,2023wimi,Week 4,6574,7900,7915,5822,6223,8701,91,88
2023,2023wimi,Week 4,2358,706,3067,1091,6421,6381,122,101
2023,2023wimi,Week 4,930,4787,4786,5148,1259,2077,135,74
2023,2023wimi,Week 4,2194,8122,6017,8029,3418,3596,103,82
2023,2023wimi,Week 4,2202,5096,2830,2512,8531,1732,116,122
2023,2023wimi,Week 4,5822,8096,93,8802,537,1792,97,107
2023,2023wimi,Week 4,6381,8803,6643,1091,7900,2062,63,66
2023,2023wimi,Week 4,3197,8701,5148,3067,4786,1259,114,113
2023,2023wimi,Week 4,706,8188,2077,6223,7417,7915,95,87
2023,2023wimi,Week 4,4787,1675,1306,8847,930,2506,92,108
2023,2023wimi,Week 4,2358,6574,6421,6160,1714,3418,125,110
2023,2023wimi,Week 4,8802,6017,6643,537,2202,8803,67,106
2023,2023wimi,Week 4,1732,1091,4786,8122,8531,2062,126,122
2023,2023wimi,Week 4,2077,3596,2512,3067,3197,5822,51,108
2023,2023wimi,Week 4,1792,6381,5096,1259,7900,7417,105,92
2023,2023wimi,Week 4,1714,8029,2358,2194,930,7915,97,114
2023,2023wimi,Week 4,4787,2506,6223,5148,6421,8096,86,117
2023,2023wimi,Week 4,6574,1306,8847,8188,2830,93,89,99
2023,2023wimi,Week 4,8701,3418,1675,706,6160,3197,118,128
2023,2023wimi,Week 4,3067,6643,8122,6017,6381,5822,81,114
2023,2023wimi,Week 4,8803,8029,2077,8531,1792,2358,63,77
2023,2023wimi,Week 4,6421,1714,2506,4786,2512,2062,119,131
2023,2023wimi,Week 4,537,3596,1259,1091,8847,8188,119,90
2023,2023wimi,Week 4,5096,8096,7417,8701,6574,930,76,141
2023,2023wimi,Week 4,7900,1675,6223,2830,8802,5148,93,106
2023,2023wimi,Week 4,1732,7915,706,2194,4787,6160,135,87
2023,2023wimi,Week 4,93,3067,2512,1306,6381,2202,106,113
2023,2023wimi,Week 4,1091,8531,1714,6421,3197,8188,90,124
2023,2023wimi,Week 4,8096,6643,537,5096,2077,3418,138,93
2023,2023wimi,Week 4,8701,1792,7900,2506,4786,6017,111,112
2023,2023wimi,Week 4,1259,2194,8029,6574,1675,8802,86,115
2023,2023wimi,Week 4,2358,2830,4787,7417,93,3596,80,79
2023,2023wimi,Week 4,930,5822,1306,2062,706,6223,89,110
2023,2023wimi,Week 4,8122,8847,2202,8803,5148,6160,118,84
2023,2023wimi,Week 4,7915,2506,6381,1732,3197,537,121,150
2023,2023wimi,Week 4,1675,1091,2512,7900,8188,2194,78,75
2023,2023wimi,Week 4,1792,4786,3418,8802,4787,3067,106,88
2023,2023wimi,Week 4,8096,1259,6574,8531,706,8029,121,117
2023,2023wimi,Week 4,6160,6421,5822,1306,5148,7417,121,77
2023,2023wimi,Week 4,6017,8847,3596,6223,2358,2077,94,50
2023,2023wimi,Week 4,1714,93,8803,8122,5096,1732,77,81
2023,2023wimi,Week 4,2830,7915,8701,6643,2062,930,89,119
2023,2023wimi,Week 4,2202,2512,8802,3418,706,1091,116,106
2023,2023wimi,Week 4,8531,3067,2194,7417,2506,537,94,103
2023,2023wimi,Week 4,5148,6381,7900,3596,4787,6574,123,116
2023,2023wimi,Week 4,8847,2358,93,4786,5822,5096,113,96
2023,2023wimi,Week 4,6421,930,2830,8803,8701,8122,132,85
2023,2023wimi,Week 4,1675,6017,8096,1259,7915,1714,119,114
2023,2023wimi,Week 4,1306,1732,8188,6643,2077,1792,105,31
2023,2023wimi,Week 4,2202,2062,6160,6223,3197,8029,116,104
2023,2023code,Week 4,6920,7485,3807,1011,1339,662,10,81
2023,2023code,Week 4,5763,4499,4388,3200,1138,2083,102,46
2023,2023code,Week 4,7479,3298,4418,3648,159,7737,59,53
2023,2023code,Week 4,4293,4593,9068,2341,9112,4944,96,75
2023,2023code,Week 4,2996,1332,1977,7243,4550,1303,53,57
2023,2023code,Week 4,2261,2594,5493,2945,4068,1410,30,122
2023,2023code,Week 4,1619,8334,1799,2240,3729,2036,106,120
2023,2023code,Week 4,4499,4418,159,3374,4388,1339,124,130
2023,2023code,Week 4,9112,1011,4293,2341,2083,7737,81,37
2023,2023code,Week 4,1138,5763,1303,3648,7485,4593,27,75
2023,2023code,Week 4,4944,3200,662,4550,2945,2594,103,75
2023,2023code,Week 4,9068,3807,3298,2036,4068,1332,47,85
2023,2023code,Week 4,1410,2240,8334,2261,3729,1799,146,46
2023,2023code,Week 4,3374,7243,5493,7479,6920,1977,32,57
2023,2023code,Week 4,2996,4418,4593,1619,5763,9112,84,101
2023,2023code,Week 4,2594,4499,7485,159,4293,4550,111,119
2023,2023code,Week 4,2945,1303,2036,7737,1138,3298,51,56
2023,2023code,Week 4,3807,3200,4068,9068,3648,8334,80,53
2023,2023code,Week 4,662,1977,3374,1332,5493,2240,62,80
2023,2023code,Week 4,1339,1410,2261,1619,7243,2341,120,98
2023,2023code,Week 4,4944,2996,7479,4388,1011,1799,83,59
2023,2023code,Week 4,2083,159,9112,3729,6920,1138,45,104
2023,2023code,Week 4,4499,4550,4068,7737,8334,2945,160,40
2023,2023code,Week 4,5763,1332,3298,4293,3200,2240,50,126
2023,2023code,Week 4,2341,1410,1977,2036,3374,7485,79,72
2023,2023code,Week 4,5493,1339,9068,1799,2996,1303,92,55
2023,2023code,Week 4,3648,4388,1619,2594,7479,3729,127,38
2023,2023code,Week 4,4418,2083,6920,3807,2261,4944,64,117
2023,2023code,Week 4,1011,7243,3200,4593,662,5763,41,76
2023,2023code,Week 4,4068,1138,8334,9112,3374,1332,101,88
2023,2023code,Week 4,2240,7737,1799,4499,1410,2996,75,171
2023,2023code,Week 4,1619,3729,1339,4550,7479,4388,161,32
2023,2023code,Week 4,6920,9068,2036,2945,7485,4418,86,64
2023,2023code,Week 4,4593,1977,2594,4293,662,2083,99,58
2023,2023code,Week 4,1303,159,3807,3298,1011,2261,61,35
2023,2023code,Week 4,5493,2341,3648,7243,4944,1138,71,109
2023,2023code,Week 4,3200,9112,3729,1410,3374,1619,86,146
2023,2023code,Week 4,9068,4388,2240,1332,6920,7737,95,61
2023,2023code,Week 4,662,4499,7479,4068,2083,2996,108,118
2023,2023code,Week 4,2036,2594,1011,4293,1303,1339,73,123
2023,2023code,Week 4,2261,7485,159,4550,1977,4418,53,96
2023,2023code,Week 4,5763,2945,3648,1799,2341,3807,38,46
2023,2023code,Week 4,8334,3298,7243,5493,4593,4944,40,95
2023,2023code,Week 4,1410,1332,3729,662,2996,9068,96,100
2023,2023code,Week 4,2083,1339,2594,2240,1303,4068,99,127
2023,2023code,Week 4,7737,3374,1011,1138,1619,2261,31,142
2023,2023code,Week 4,9112,7479,2945,7485,1977,3200,26,70
2023,2023code,Week 4,8334,4550,2341,3298,4293,4944,100,96
2023,2023code,Week 4,7243,2036,4499,159,5493,5763,113,37
2023,2023code,Week 4,4418,1799,3648,4388,4593,6920,98,80
2023,2023code,Week 4,3807,1138,1332,2594,7737,1619,65,93
2023,2023code,Week 4,9068,3200,2945,1339,2240,1977,86,124
2023,2023code,Week 4,3729,4068,3298,1011,2341,7485,125,35
2023,2023code,Week 4,8334,4293,3374,2996,159,7243,108,98
2023,2023code,Week 4,2261,6920,4550,7479,5763,2036,81,75
2023,2023code,Week 4,1303,3648,662,4388,4418,9112,87,42
2023,2023code,Week 4,2083,3807,4593,1410,1799,5493,92,115
2023,2023code,Week 4,4944,7737,7485,1332,4499,3200,44,104
2023,2023code,Week 4,3298,2240,2945,3729,7243,4293,102,113
2023,2023code,Week 4,6920,1339,2996,2594,4068,5763,122,70
2023,2023code,Week 4,1303,7479,2341,8334,662,159,33,68
2023,2023code,Week 4,4550,1799,2083,4418,3807,3374,90,98
2023,2023code,Week 4,1977,2261,9068,1138,4593,4499,40,153
2023,2023code,Week 4,4944,1011,1410,3648,2036,9112,102,96
2023,2023code,Week 4,5493,4388,2996,7485,3298,1619,91,140
2023,2023code,Week 4,2341,662,3729,3200,8334,6920,72,97
2023,2023code,Week 4,7243,1799,4068,1332,4418,4293,62,85
2023,2023code,Week 4,5763,2261,3374,1303,9068,2594,67,41
2023,2023code,Week 4,1339,3648,3807,1977,9112,4499,137,115
2023,2023code,Week 4,1138,2036,4550,2240,2083,7479,110,86
2023,2023code,Week 4,2945,1619,4593,159,4944,4388,141,82
2023,2023code,Week 4,7737,1410,4293,1011,5493,4418,102,69
2023,2023code,Week 4,7485,1303,1332,3200,2261,2341,33,71
2023,2023code,Week 4,9112,2594,7243,1799,9068,4499,26,94
2023,2023code,Week 4,3374,2996,1138,2036,3807,662,123,62
2023,2023code,Week 4,159,1619,2240,4068,4944,3648,128,132
2023,2023code,Week 4,4388,2945,2083,7479,8334,1011,50,59
2023,2023code,Week 4,3729,5493,7737,4593,4550,1339,56,139
2023,2023code,Week 4,6920,5763,1410,1977,3298,1303,102,35
2023,2023code,Week 4,4418,2341,1138,2996,2594,3200,58,121
2023,2023code,Week 4,1799,2036,159,662,9112,2261,102,44
2023,2023code,Week 4,2083,1619,1011,7485,9068,7243,120,53
2023,2023code,Week 4,4068,4293,5493,3807,3729,4388,100,88
2023,2023code,Week 4,4593,1332,7479,4499,2945,6920,62,134
2023,2023code,Week 4,3374,2240,4550,3298,3648,1410,135,115
2023,2023code,Week 4,1977,4944,8334,1339,7737,5763,97,95
2023,2023mxto,Week 4,8105,5705,4400,7018,6652,5312,84,28
2023,2023mxto,Week 4,8558,6200,7037,8291,3522,7669,39,74
2023,2023mxto,Week 4,4635,3526,9103,5526,7421,7040,76,101
2023,2023mxto,Week 4,4355,5959,7725,4603,7687,6483,60,35
2023,2023mxto,Week 4,8290,4735,6605,4775,6896,9134,17,59
2023,2023mxto,Week 4,8748,6199,8266,7653,9118,9120,24,62
2023,2023mxto,Week 4,7161,4403,4401,3522,7577,9301,50,72
2023,2023mxto,Week 4,4635,6483,7669,5705,5959,3526,77,42
2023,2023mxto,Week 4,9103,6652,7421,4603,8558,6605,46,42
2023,2023mxto,Week 4,7040,9120,8105,4355,6896,5526,43,69
2023,2023mxto,Week 4,6199,7161,4775,9118,7687,7037,56,43
2023,2023mxto,Week 4,9301,7018,4403,5312,4735,9134,67,52
2023,2023mxto,Week 4,8290,8291,7725,7577,4400,8266,60,77
2023,2023mxto,Week 4,8748,7653,4635,6200,4401,4355,96,56
2023,2023mxto,Week 4,3526,7421,6896,5705,4775,4603,96,77
2023,2023mxto,Week 4,4735,9118,3522,6199,6652,8105,79,31
2023,2023mxto,Week 4,5959,8290,7018,9103,7037,9301,46,25
2023,2023mxto,Week 4,4401,7669,9134,9120,7161,8266,66,39
2023,2023mxto,Week 4,4400,7687,7725,4403,8291,6200,88,50
2023,2023mxto,Week 4,7040,5312,7653,6483,8748,8558,34,34
2023,2023mxto,Week 4,5526,7577,6199,6605,5705,6896,60,27
2023,2023mxto,Week 4,7037,9134,8290,4603,4635,7421,44,118
2023,2023mxto,Week 4,9103,4355,4775,8266,9301,4401,41,63
2023,2023mxto,Week 4,5959,7653,4403,6652,7040,3522,89,41
2023,2023mxto,Week 4,5526,9120,6483,7577,8558,7687,74,66
2023,2023mxto,Week 4,4735,8291,4400,7669,8748,9118,86,54
2023,2023mxto,Week 4,6605,7725,7161,3526,8105,7018,73,42
2023,2023mxto,Week 4,8266,6200,3522,5312,7421,8290,49,70
2023,2023mxto,Week 4,9120,7577,5705,7037,4603,7653,74,12
2023,2023mxto,Week 4,8291,4355,6652,6199,4403,9134,40,56
2023,2023mxto,Week 4,4401,6605,7687,7018,7040,8748,65,39
2023,2023mxto,Week 4,5526,9103,5959,6200,7725,9118,72,71
2023,2023mxto,Week 4,6483,8105,5312,4735,7669,4775,41,65
2023,2023mxto,Week 4,7161,3526,9301,4400,8558,4635,29,139
2023,2023mxto,Week 4,6896,7037,9120,7421,4401,8291,32,98
2023,2023mxto,Week 4,6199,4603,7018,7040,8290,8266,39,16
2023,2023mxto,Week 4,7577,7669,6605,4403,4355,9118,61,112
2023,2023mxto,Week 4,9301,8558,4735,6652,6483,6200,51,39
2023,2023mxto,Week 4,7653,7725,3526,5312,9103,6896,56,40
2023,2023mxto,Week 4,8748,7687,3522,5705,9134,4635,53,114
2023,2023mxto,Week 4,4775,8105,5526,5959,4400,7161,81,93
2023,2023mxto,Week 4,4735,6483,4403,6200,8290,9120,31,55
2023,2023mxto,Week 4,3526,5312,4401,9118,6199,8291,66,54
2023,2023mxto,Week 4,7725,9301,4603,5705,4355,7653,60,45
2023,2023mxto,Week 4,6896,8266,6652,7161,4635,7037,34,71
2023,2023mxto,Week 4,3522,7421,8105,7577,4775,8748,88,97
2023,2023mxto,Week 4,9134,5959,8558,6605,7018,5526,56,64
2023,2023mxto,Week 4,7687,9103,7040,7669,4400,5312,30,98
2023,2023mxto,Week 4,8291,7037,5705,7653,7161,8290,62,50
2023,2023mxto,Week 4,4775,9118,4635,4355,4603,4735,116,26
2023,2023mxto,Week 4,4401,8748,5959,8558,4403,3526,72,56
2023,2023mxto,Week 4,7687,8266,5526,9301,6605,6483,76,46
2023,2023mxto,Week 4,6652,9120,7669,3522,7725,7018,32,46
2023,2023mxto,Week 4,7421,9134,7577,6199,7040,4400,106,63
2023,2023mxto,Week 4,9103,6200,8748,8105,6896,7161,46,45
2023,2023mxto,Week 4,9118,5526,8558,8290,4403,5705,89,87
2023,2023mxto,Week 4,6652,7037,4735,7687,3526,9120,68,46
2023,2023mxto,Week 4,7669,7018,4355,6483,6199,7421,36,41
2023,2023mxto,Week 4,5959,4603,7577,5312,8291,9301,71,63
2023,2023mxto,Week 4,9134,7040,6200,4775,4401,7725,70,77
2023,2023mxto,Week 4,3522,4635,6896,4400,6605,9103,94,82
2023,2023mxto,Week 4,7653,8266,8558,7687,8105,4735,59,86
2023,2023mxto,Week 4,8748,5312,4355,8290,5526,6652,52,60
2023,2023mxto,Week 4,6200,7018,5705,9118,3526,7577,63,80
2023,2023mxto,Week 4,7040,7161,4603,6605,3522,6199,20,57
2023,2023mxto,Week 4,6896,4400,4403,8266,4775,5959,103,69
2023,2023mxto,Week 4,7669,7421,7037,9301,7653,8105,81,60
2023,2023mxto,Week 4,6483,9134,8291,9120,9103,4401,59,71
2023,2023mxto,Week 4,4735,4635,6199,7725,6652,7577,88,65
2023,2023mxto,Week 4,4355,8266,3526,5705,3522,7161,50,67
2023,2023mxto,Week 4,8105,8290,4603,4403,7669,7687,63,64
2023,2023mxto,Week 4,7421,9120,6605,5959,5312,6200,84,65
2023,2023mxto,Week 4,9134,9301,9118,8558,6896,7040,99,33
2023,2023mxto,Week 4,7037,8748,4400,7725,6483,9103,81,23
2023,2023mxto,Week 4,7018,4775,7653,4635,5526,8291,65,110
2023,2023mxto,Week 4,4401,5705,6199,7421,4735,5959,39,112
2023,2023azgl,Week 4,6656,6833,5199,6968,6479,498,89,111
2023,2023azgl,Week 4,4183,8021,698,2478,4111,8848,64,91
2023,2023azgl,Week 4,6352,7703,3925,5539,7447,7426,44,89
2023,2023azgl,Week 4,3577,6947,8087,6127,1726,7755,34,30
2023,2023azgl,Week 4,3944,4565,2403,3853,2662,9059,87,49
2023,2023azgl,Week 4,5137,8012,2647,4146,3309,1868,34,94
2023,2023azgl,Week 4,3019,7645,6413,2375,1165,3187,67,54
2023,2023azgl,Week 4,4183,2478,7703,5199,3925,6479,83,104
2023,2023azgl,Week 4,698,8848,6656,5539,6947,1726,32,66
2023,2023azgl,Week 4,6352,498,7755,3853,2403,4111,116,72
2023,2023azgl,Week 4,1868,9059,7426,4565,2647,3309,96,60
2023,2023azgl,Week 4,8087,6833,6413,8012,3019,8021,79,72
2023,2023azgl,Week 4,4146,3577,3944,6968,7645,2375,93,108
2023,2023azgl,Week 4,5137,1165,6127,2662,3187,7447,93,85
2023,2023azgl,Week 4,1726,6352,698,498,3925,6947,69,55
2023,2023azgl,Week 4,5539,2478,3853,7426,7755,2647,67,67
2023,2023azgl,Week 4,8012,8848,3309,7703,6413,8021,98,100
2023,2023azgl,Week 4,5199,3944,3019,1868,6656,3577,123,77
2023,2023azgl,Week 4,4111,2375,7447,7645,6479,6127,58,82
2023,2023azgl,Week 4,3187,4183,6833,9059,2403,4146,45,92
2023,2023azgl,Week 4,5137,8087,6968,1165,2662,4565,96,57
2023,2023azgl,Week 4,1726,2647,3853,8012,698,6413,54,85
2023,2023azgl,Week 4,3925,3309,3944,7755,8848,5199,64,82
2023,2023azgl,Week 4,8021,1868,7645,498,6656,6127,90,85
2023,2023azgl,Week 4,6947,7447,6833,7703,9059,3577,97,40
2023,2023azgl,Week 4,3019,2662,8087,6479,4183,6352,60,105
2023,2023azgl,Week 4,4111,1165,4146,2478,2375,5137,67,79
2023,2023azgl,Week 4,7426,4565,6968,3187,5539,2403,96,66
2023,2023azgl,Week 4,3925,6127,8848,3944,698,3853,82,99
2023,2023azgl,Week 4,6656,7645,9059,2647,6413,5199,83,89
2023,2023azgl,Week 4,8087,7755,7703,4183,498,1868,42,102
2023,2023azgl,Week 4,2662,6947,6352,4146,8021,7447,77,107
2023,2023azgl,Week 4,6833,1726,6479,4111,4565,5137,84,49
2023,2023azgl,Week 4,6968,1165,3019,7426,3309,2403,47,83
2023,2023azgl,Week 4,2375,3577,5539,2478,3187,8012,47,75
2023,2023azgl,Week 4,9059,7755,6413,5199,498,8087,70,145
2023,2023azgl,Week 4,7447,6127,7703,6656,4183,4146,60,81
2023,2023azgl,Week 4,7645,4111,6947,8021,3925,4565,94,33
2023,2023azgl,Week 4,2403,1726,5137,3309,3853,3019,93,54
2023,2023azgl,Week 4,6479,7426,2478,1868,6968,8848,80,122
2023,2023azgl,Week 4,6833,2375,2662,698,5539,2647,90,32
2023,2023azgl,Week 4,3577,6352,3187,3944,8012,1165,62,56
2023,2023azgl,Week 4,7755,4146,3925,6413,6127,4565,58,69
2023,2023azgl,Week 4,8021,9059,4111,7703,3019,1726,51,59
2023,2023azgl,Week 4,2403,2478,498,7447,8087,8848,98,94
2023,2023azgl,Week 4,3853,5199,4183,6947,2375,6656,106,65
2023,2023azgl,Week 4,3309,698,6479,3187,6968,3944,75,77
2023,2023azgl,Week 4,2662,5137,5539,7645,7426,8012,58,73
2023,2023azgl,Week 4,2647,1868,6352,6833,3577,1165,83,74
2023,2023azgl,Week 4,3019,2478,4565,8848,7703,498,79,120
2023,2023azgl,Week 4,2375,2403,5199,8087,4146,1726,119,93
2023,2023azgl,Week 4,6479,6656,8021,7755,698,3187,97,69
2023,2023azgl,Week 4,7645,7447,3309,6968,3853,8012,94,50
2023,2023azgl,Week 4,6413,4111,3944,2647,3577,2662,91,49
2023,2023azgl,Week 4,6947,1868,1165,9059,3925,5539,101,74
2023,2023azgl,Week 4,6127,7426,4183,5137,6352,6833,50,114
2023,2023azgl,Week 4,5199,8021,3187,4565,8087,2375,113,50
2023,2023azgl,Week 4,7447,3019,7755,698,4146,7645,80,82
2023,2023azgl,Week 4,498,3309,1726,2662,3944,2478,65,96
2023,2023azgl,Week 4,1165,2647,2403,6947,6479,7703,86,83
2023,2023azgl,Week 4,5539,6968,6352,6413,5137,4183,87,114
2023,2023azgl,Week 4,8848,3853,3577,1868,6833,3925,32,112
2023,2023azgl,Week 4,6127,8012,9059,4111,7426,6656,69,62
2023,2023azgl,Week 4,498,4565,7447,3309,7755,2375,110,71
2023,2023azgl,Week 4,2647,7703,4146,8021,3944,8087,51,88
2023,2023azgl,Week 4,1165,5539,6479,1726,4183,7645,88,81
2023,2023azgl,Week 4,2403,6413,3577,698,5137,1868,120,112
2023,2023azgl,Week 4,8012,4111,2662,7426,5199,6947,42,116
2023,2023azgl,Week 4,2478,9059,6968,6352,3853,6127,77,54
2023,2023azgl,Week 4,3925,3187,6656,8848,6833,3019,74,36
2023,2023azgl,Week 4,4183,8087,3309,3944,7645,5539,77,75
2023,2023azgl,Week 4,1726,8021,2375,2403,7447,1868,87,136
2023,2023azgl,Week 4,4146,498,7426,3577,6479,8012,131,89
2023,2023azgl,Week 4,4565,5199,698,1165,6352,2478,111,69
2023,2023azgl,Week 4,8848,5137,9059,7755,6656,2662,75,43
2023,2023azgl,Week 4,6413,3187,3853,6833,7703,4111,93,46
2023,2023azgl,Week 4,6127,6947,6968,3019,2647,3925,91,72
2023,2023hiho,Week 4,8871,6704,7724,2477,5851,3882,33,90
2023,2023hiho,Week 4,3880,3721,8853,2090,4270,9019,38,62
2023,2023hiho,Week 4,2438,9158,2896,2465,8806,3881,64,102
2023,2023hiho,Week 4,2445,2441,2522,9012,368,2443,76,91
2023,2023hiho,Week 4,4817,8503,3008,2348,7551,8615,95,45
2023,2023hiho,Week 4,2853,4613,359,4253,7632,6909,88,115
2023,2023hiho,Week 4,6704,2477,9019,8725,2438,4270,24,128
2023,2023hiho,Week 4,3881,2090,3880,3882,2465,2522,50,131
2023,2023hiho,Week 4,8503,8806,2896,8871,368,3008,96,120
2023,2023hiho,Week 4,2443,7724,2441,2348,3721,359,84,103
2023,2023hiho,Week 4,5851,4613,4817,8725,2853,8853,139,87
2023,2023hiho,Week 4,9158,9012,7632,7551,2445,6909,83,40
2023,2023hiho,Week 4,2522,8615,3008,2438,4253,3881,93,139
2023,2023hiho,Week 4,359,8503,2441,3882,8806,2348,84,51
2023,2023hiho,Week 4,6704,2896,2465,4817,3880,2853,54,84
2023,2023hiho,Week 4,4270,7632,4613,8853,2090,9012,173,49
2023,2023hiho,Week 4,6909,8725,8615,2443,5851,8871,38,124
2023,2023hiho,Week 4,9019,2445,3721,7551,7724,2477,54,84
2023,2023hiho,Week 4,4253,368,2348,9158,4817,2441,136,35
2023,2023hiho,Week 4,2522,9012,2438,8853,6704,8503,92,46
2023,2023hiho,Week 4,8871,3882,2090,2896,7632,2443,56,79
2023,2023hiho,Week 4,2477,3008,2465,9019,6909,4613,95,71
2023,2023hiho,Week 4,9158,7551,4253,3721,8615,3881,102,72
2023,2023hiho,Week 4,368,8725,3880,7724,2853,4270,115,115
2023,2023hiho,Week 4,8806,5851,2090,359,2445,3882,56,107
2023,2023hiho,Week 4,6909,2477,2443,2438,8853,4817,90,79
2023,2023hiho,Week 4,3881,2896,2348,8871,7632,9019,51,90
2023,2023hiho,Week 4,4270,2465,4253,3721,8725,8503,137,103
2023,2023hiho,Week 4,359,5851,7551,3880,2522,8806,115,92
2023,2023hiho,Week 4,8615,368,2441,4613,7724,9012,105,129
2023,2023hiho,Week 4,3008,2853,2445,6704,9158,2348,78,44
2023,2023hiho,Week 4,3882,6909,3721,4817,9019,8725,118,64
2023,2023hiho,Week 4,7551,8503,2522,2896,2477,8871,64,41
2023,2023hiho,Week 4,7632,2438,8806,2090,2441,4613,127,83
2023,2023hiho,Week 4,9012,8615,359,368,6704,2853,51,115
2023,2023hiho,Week 4,7724,3880,2465,3008,2443,9158,114,80
2023,2023hiho,Week 4,8853,3881,4270,2445,4253,5851,119,132
2023,2023hiho,Week 4,2090,2522,4817,7551,2441,8725,86,83
2023,2023hiho,Week 4,3721,2853,8806,6909,8871,8503,102,64
2023,2023hiho,Week 4,2348,4613,3880,2438,2477,368,113,89
2023,2023hiho,Week 4,9019,2465,5851,9012,2896,2445,123,81
2023,2023hiho,Week 4,7724,359,7632,3008,4253,6704,104,112
2023,2023hiho,Week 4,3881,3882,2443,9158,8615,8853,154,23
2023,2023hiho,Week 4,2441,8871,2438,4270,4817,7551,82,118
2023,2023hiho,Week 4,2348,6909,2853,2465,2090,3721,51,72
2023,2023hiho,Week 4,4253,9012,8725,3008,7724,2896,95,58
2023,2023hiho,Week 4,368,3882,9158,359,9019,8853,130,82
2023,2023hiho,Week 4,8806,4270,2477,7632,3880,8615,127,97
2023,2023hiho,Week 4,4613,2443,6704,8503,3881,5851,129,91
2023,2023hiho,Week 4,2090,2348,2445,2522,6909,7724,49,88
2023,2023hiho,Week 4,4253,8853,8871,9012,9019,3008,87,81
2023,2023hiho,Week 4,8806,8725,9158,2477,2441,7632,110,83
2023,2023hiho,Week 4,6704,3882,2438,2896,3721,7551,91,84
2023,2023hiho,Week 4,8615,4817,2445,3880,2443,359,54,128
2023,2023hiho,Week 4,2465,4613,8503,4270,2522,368,122,138
2023,2023hiho,Week 4,2853,3881,2477,5851,2348,8725,92,116
2023,2023hiho,Week 4,7724,2090,4253,8806,9012,6704,107,86
2023,2023hiho,Week 4,8853,3008,6909,2441,2896,3882,85,90
2023,2023hiho,Week 4,2465,4817,7632,8503,4270,8615,90,103
2023,2023hiho,Week 4,2443,2438,9019,2853,2522,5851,115,120
2023,2023hiho,Week 4,4613,8871,3721,2445,9158,3880,125,55
2023,2023hiho,Week 4,3881,7551,6704,368,359,2090,72,97
2023,2023hiho,Week 4,3882,4270,9012,4817,2348,2477,113,34
2023,2023hiho,Week 4,2522,8853,2896,8615,8806,7724,72,55
2023,2023hiho,Week 4,9019,8503,9158,2441,3880,6909,49,52
2023,2023hiho,Week 4,5851,3721,368,7632,3008,3881,137,104
2023,2023hiho,Week 4,8725,359,8871,2445,2465,2438,111,96
2023,2023hiho,Week 4,2853,2443,4253,4613,7551,3882,126,132
2023,2023hiho,Week 4,2441,9019,8806,8615,6704,2090,22,24
2023,2023hiho,Week 4,5851,3008,4270,3721,9158,2522,130,74
2023,2023hiho,Week 4,6909,3881,368,3880,8871,9012,126,80
2023,2023hiho,Week 4,2896,359,4817,2477,4253,4613,116,128
2023,2023hiho,Week 4,7632,8853,7551,2443,2348,2465,103,95
2023,2023hiho,Week 4,8725,2445,7724,8503,2438,2853,63,78
2023,2023gacar,Week 4,1795,6340,6341,7451,6023,6712,91,94
2023,2023gacar,Week 4,5900,6705,6887,4189,1311,2974,73,160
2023,2023gacar,Week 4,3815,832,5109,4459,1648,8866,82,34
2023,2023gacar,Week 4,7514,8761,4026,4516,3091,8577,53,43
2023,2023gacar,Week 4,6905,8080,4189,5293,9293,1795,51,59
2023,2023gacar,Week 4,5900,6023,3815,6712,2974,8866,36,122
2023,2023gacar,Week 4,6705,5109,8761,7514,832,6340,64,91
2023,2023gacar,Week 4,4459,6341,5293,4026,8080,4516,46,75
2023,2023gacar,Week 4,3091,1648,1311,6905,8577,7451,56,63
2023,2023gacar,Week 4,6887,6712,5109,9293,8866,6705,85,63
2023,2023gacar,Week 4,6023,4189,7514,4516,832,5293,78,56
2023,2023gacar,Week 4,2974,8577,6341,3815,6340,6905,103,91
2023,2023gacar,Week 4,6887,9293,3091,7451,1648,1795,43,74
2023,2023gacar,Week 4,8761,8080,1311,4026,4459,5900,39,81
2023,2023gacar,Week 4,8577,5293,5109,3815,4189,6341,72,83
2023,2023gacar,Week 4,832,8866,6340,1648,9293,6905,109,71
2023,2023gacar,Week 4,6023,1311,6887,1795,8761,4516,68,31
2023,2023gacar,Week 4,4459,6712,7514,5900,7451,8080,56,64
2023,2023gacar,Week 4,4026,6705,1648,3091,2974,832,75,63
2023,2023gacar,Week 4,8866,8761,5293,1311,1795,8577,50,51
2023,2023gacar,Week 4,9293,6340,4516,8080,6341,6023,107,66
2023,2023gacar,Week 4,3815,7451,6887,7514,2974,4026,73,125
2023,2023gacar,Week 4,3091,5109,4459,6712,5900,4189,18,83
2023,2023gacar,Week 4,1795,6905,6023,6705,6341,4516,59,64
2023,2023gacar,Week 4,832,8080,8866,8761,6887,8577,81,43
2023,2023gacar,Week 4,2974,3815,4459,3091,7451,4189,121,80
2023,2023gacar,Week 4,6905,4026,1311,6340,6705,6712,54,119
2023,2023gacar,Week 4,1648,5293,5900,5109,7514,9293,63,63
2023,2023gacar,Week 4,4459,2974,8080,832,6023,8761,108,74
2023,2023gacar,Week 4,6341,6905,3091,1311,8866,3815,52,63
2023,2023gacar,Week 4,8577,7514,5900,4189,6887,1795,30,64
2023,2023gacar,Week 4,6340,7451,4026,4516,5109,1648,115,87
2023,2023gacar,Week 4,6705,5293,2974,8080,6712,9293,99,92
2023,2023gacar,Week 4,8761,3091,3815,8866,6905,7514,77,55
2023,2023gacar,Week 4,4516,1311,7451,5109,5900,1795,57,90
2023,2023gacar,Week 4,4189,6705,832,6023,8577,4459,93,64
2023,2023gacar,Week 4,1648,6887,6340,6341,4026,9293,85,95
2023,2023gacar,Week 4,6712,4516,6905,5293,7514,3091,57,47
2023,2023gacar,Week 4,832,4459,7451,5109,6023,2974,48,143
2023,2023gacar,Week 4,9293,4189,8577,8866,1795,4026,85,77
2023,2023gacar,Week 4,6340,1311,6705,5293,6887,8080,72,81
2023,2023gacar,Week 4,1648,6341,5900,8761,3815,6712,81,88
2023,2023gacar,Week 4,6905,1795,2974,7451,8866,5109,89,113
2023,2023gacar,Week 4,6023,9293,832,5293,6340,3091,45,92
2023,2023gacar,Week 4,1311,4516,7514,8080,3815,6705,45,50
2023,2023gacar,Week 4,6712,1648,6341,4189,4459,8761,68,79
2023,2023gacar,Week 4,8577,4026,832,6887,5900,6905,58,44
2023,2023gacar,Week 4,7514,1795,3815,6340,5109,8080,68,111
2023,2023gacar,Week 4,2974,4189,1648,1311,6712,5293,78,52
2023,2023gacar,Week 4,5900,3091,8866,6887,4516,4459,90,72
2023,2023gacar,Week 4,7451,8761,9293,6705,8577,6023,61,65
2023,2023gacar,Week 4,1795,4026,6712,6341,832,1311,73,89
2023,2023gacar,Week 4,8866,4516,4189,2974,5900,6340,68,107
2023,2023gacar,Week 4,8080,3091,6023,8577,3815,1648,80,55
2023,2023gacar,Week 4,5109,6905,8761,4026,5293,6887,62,102
2023,2023gacar,Week 4,6341,7514,7451,9293,4459,6705,105,81
2023,2023milak,Week 4,5067,216,9177,9215,6002,7256,74,71
2023,2023milak,Week 4,7491,2611,9227,830,1481,7203,112,34
2023,2023milak,Week 4,3658,1504,9312,7226,5152,5501,111,101
2023,2023milak,Week 4,5256,7811,7197,9208,8608,5676,73,101
2023,2023milak,Week 4,4453,7658,4327,288,5675,5235,59,75
2023,2023milak,Week 4,4810,6588,244,6190,4998,1684,65,84
2023,2023milak,Week 4,3302,9278,5067,5501,1504,9238,57,58
2023,2023milak,Week 4,9215,3658,5152,5256,9208,7226,105,72
2023,2023milak,Week 4,4453,5676,9312,830,9177,4327,140,43
2023,2023milak,Week 4,7203,5235,7491,216,4810,8608,62,72
2023,2023milak,Week 4,7256,2611,9278,244,1684,7658,87,82
2023,2023milak,Week 4,6588,4998,5675,7197,6002,1481,101,129
2023,2023milak,Week 4,7811,288,6190,9238,9227,3302,39,52
2023,2023milak,Week 4,4453,5501,9208,5256,7491,1504,97,83
2023,2023milak,Week 4,5676,7203,7256,1684,2611,5235,46,117
2023,2023milak,Week 4,7197,244,8608,6002,5067,830,108,58
2023,2023milak,Week 4,7658,5675,9177,7226,4810,6190,82,62
2023,2023milak,Week 4,1481,9227,288,9215,3302,9312,104,98
2023,2023milak,Week 4,3658,4327,4998,7811,9278,6588,68,55
2023,2023milak,Week 4,5152,216,7256,9238,2611,9208,112,100
2023,2023milak,Week 4,5235,7658,830,5067,5256,5501,54,66
2023,2023milak,Week 4,8608,1684,9312,7197,3302,5676,135,115
2023,2023milak,Week 4,7226,7491,6588,1504,7203,7811,78,55
2023,2023milak,Week 4,6190,4327,9238,6002,4453,9278,55,95
2023,2023milak,Week 4,9227,9215,216,5675,244,5152,62,126
2023,2023milak,Week 4,4810,3658,288,1481,9177,4998,83,79
2023,2023milak,Week 4,5235,5067,5676,7256,9312,7491,81,140
2023,2023milak,Week 4,7658,6002,9238,830,7811,9208,90,27
2023,2023milak,Week 4,7226,4327,216,2611,6190,7197,50,102
2023,2023milak,Week 4,7203,9215,288,4998,5256,3302,67,55
2023,2023milak,Week 4,9278,5501,1481,5152,8608,6588,59,79
2023,2023milak,Week 4,9177,1504,4453,3658,5675,1684,58,106
2023,2023milak,Week 4,244,7811,216,9227,4810,5067,90,61
2023,2023milak,Week 4,288,7226,3302,7491,5676,7658,67,59
2023,2023milak,Week 4,9238,4998,9215,5501,7256,8608,78,95
2023,2023milak,Week 4,830,1684,9278,5675,9312,2611,70,143
2023,2023milak,Week 4,6190,3658,7203,244,4453,1481,50,111
2023,2023milak,Week 4,5152,7197,1504,4810,5235,6002,116,100
2023,2023milak,Week 4,9177,9227,9208,4327,6588,5256,102,50
2023,2023milak,Week 4,7658,9312,7811,216,1684,7491,72,111
2023,2023milak,Week 4,7256,5067,1481,244,9238,7226,99,38
2023,2023milak,Week 4,5675,830,4453,5152,288,4998,94,92
2023,2023milak,Week 4,6002,3302,5501,2611,4810,5676,80,117
2023,2023milak,Week 4,4327,1504,9227,7203,8608,9177,84,94
2023,2023milak,Week 4,9278,9215,5256,7197,5235,3658,42,117
2023,2023milak,Week 4,6588,9208,7256,6190,7491,4453,76,90
2023,2023milak,Week 4,2611,216,4998,288,9238,830,131,36
2023,2023milak,Week 4,1684,3302,7203,4327,5152,5067,93,65
2023,2023milak,Week 4,7811,7226,8608,5235,244,5256,104,52
2023,2023milak,Week 4,9312,6002,6588,9215,9208,4810,113,80
2023,2023milak,Week 4,9278,9177,7197,7658,1481,1504,96,81
2023,2023milak,Week 4,5675,6190,9227,5676,5501,3658,73,79
2023,2023milak,Week 4,2611,4453,5152,5067,9238,7811,136,65
2023,2023milak,Week 4,8608,9215,5235,3302,244,830,92,54
2023,2023milak,Week 4,6588,216,7197,1504,7256,288,75,63
2023,2023milak,Week 4,5676,5256,5675,4327,1481,4810,117,70
2023,2023milak,Week 4,1684,7226,6002,9278,7491,3658,110,69
2023,2023milak,Week 4,5501,7658,6190,9312,7203,9227,59,116
2023,2023milak,Week 4,9208,4998,244,9177,5235,3302,106,61
2023,2023milak,Week 4,7256,830,5256,1481,7811,5675,54,109
2023,2023milak,Week 4,7491,4327,9215,216,3658,9238,75,65
2023,2023milak,Week 4,5501,7203,4810,9312,7197,7226,60,140
2023,2023milak,Week 4,1504,9208,6002,1684,288,4453,108,104
2023,2023milak,Week 4,8608,5067,2611,6588,6190,9177,95,51
2023,2023milak,Week 4,9227,5676,5152,4998,9278,7658,121,65
2023,2023milak,Week 4,9312,830,4810,3658,7256,7811,120,75
2023,2023milak,Week 4,7491,5501,244,9208,5675,4327,101,115
2023,2023milak,Week 4,3302,1481,2611,4453,7197,9215,108,83
2023,2023milak,Week 4,5256,5152,7203,216,6190,9278,104,41
2023,2023milak,Week 4,5067,6588,1684,8608,288,7658,79,102
2023,2023milak,Week 4,5235,7226,1504,4998,9227,6002,81,117
2023,2023milak,Week 4,9238,7197,7491,9177,5676,244,95,104
2023,2023milak,Week 4,3302,7256,5675,7203,9278,4327,100,70
2023,2023milak,Week 4,1481,8608,3658,9208,7658,216,113,90
2023,2023milak,Week 4,6002,5256,2611,4998,9312,5067,90,98
2023,2023milak,Week 4,4810,9238,1684,9227,4453,7226,59,82
2023,2023milak,Week 4,5676,830,6190,1504,6588,9215,61,74
2023,2023milak,Week 4,7811,5152,5235,288,9177,5501,86,71
2023,2023milsu,Week 4,9249,5547,4375,5486,5706,9188,54,28
2023,2023milsu,Week 4,6345,5878,4392,6637,7768,4988,91,92
2023,2023milsu,Week 4,7826,3655,5084,5213,8382,6569,125,97
2023,2023milsu,Week 4,5314,4835,6121,6088,857,7250,108,123
2023,2023milsu,Week 4,6079,2586,7782,7823,3537,4827,59,43
2023,2023milsu,Week 4,6113,6558,8041,1596,4398,904,50,91
2023,2023milsu,Week 4,6112,9176,4392,7154,3602,9249,110,72
2023,2023milsu,Week 4,5084,5706,6121,7768,5547,3655,106,103
2023,2023milsu,Week 4,4827,6079,7250,6637,9188,7826,68,69
2023,2023milsu,Week 4,904,6558,6345,8041,7782,8382,58,78
2023,2023milsu,Week 4,4988,3537,857,6088,5213,9176,104,83
2023,2023milsu,Week 4,6112,6113,7823,6569,1596,5486,16,53
2023,2023milsu,Week 4,7154,4398,4835,4375,2586,5878,81,46
2023,2023milsu,Week 4,5084,3602,7768,5314,8041,6079,64,91
2023,2023milsu,Week 4,4827,904,4392,3537,6345,6121,108,119
2023,2023milsu,Week 4,7826,7782,5486,4988,3655,9176,52,125
2023,2023milsu,Week 4,7250,1596,5547,857,4375,4835,76,103
2023,2023milsu,Week 4,5213,5706,4398,8382,5314,6112,81,95
2023,2023milsu,Week 4,9249,6088,9188,7154,6113,5878,40,73
2023,2023milsu,Week 4,3602,6558,6637,2586,6569,7823,91,91
2023,2023milsu,Week 4,6079,857,5547,4988,904,7782,124,68
2023,2023milsu,Week 4,9176,4835,4827,4392,7768,5314,92,102
2023,2023milsu,Week 4,5706,6345,4375,8382,3537,6113,42,53
2023,2023milsu,Week 4,6112,7250,8041,5878,5084,6088,111,72
2023,2023milsu,Week 4,9188,1596,5213,7823,7826,3602,41,86
2023,2023milsu,Week 4,4398,9249,5486,2586,6637,6121,45,114
2023,2023milsu,Week 4,6558,7154,6079,6569,3655,4375,70,113
2023,2023milsu,Week 4,6112,857,4827,5547,4392,7782,113,127
2023,2023milsu,Week 4,3602,4835,6113,3537,7250,5706,67,87
2023,2023milsu,Week 4,9249,8382,7768,5314,7826,2586,68,76
2023,2023milsu,Week 4,6558,4988,5213,1596,8041,7154,39,79
2023,2023milsu,Week 4,9188,6345,3655,6088,6121,7823,82,86
2023,2023milsu,Week 4,5878,6637,6569,9176,904,5084,57,105
2023,2023milsu,Week 4,4398,7826,857,3602,4375,5486,117,45
2023,2023milsu,Week 4,3537,6112,9249,7250,7768,6558,85,87
2023,2023milsu,Week 4,4392,4988,2586,6121,5213,5547,92,69
2023,2023milsu,Week 4,904,6088,6113,5314,7823,7154,58,94
2023,2023milsu,Week 4,7782,4827,6345,4398,5084,6569,75,114
2023,2023milsu,Week 4,8382,9188,4835,3655,5486,6637,58,121
2023,2023milsu,Week 4,5706,8041,5878,1596,9176,6079,65,98
2023,2023milsu,Week 4,7826,4375,7768,3602,904,5213,63,65
2023,2023milsu,Week 4,6569,5547,3537,9249,4988,5314,116,73
2023,2023milsu,Week 4,857,6113,4392,5486,5084,6558,145,62
2023,2023milsu,Week 4,6079,8382,4398,4835,7823,8041,82,66
2023,2023milsu,Week 4,7782,6121,1596,6637,7154,6345,69,79
2023,2023milsu,Week 4,3655,2586,6088,9176,5878,7250,115,102
2023,2023milsu,Week 4,5706,6112,4988,6558,4827,9188,38,65
2023,2023milsu,Week 4,5084,8041,3537,4835,4392,7826,76,100
2023,2023milsu,Week 4,6345,5547,8382,6113,9249,6079,87,71
2023,2023milsu,Week 4,7768,6088,1596,3655,3602,7782,58,131
2023,2023milsu,Week 4,7250,5486,904,4827,7154,5706,78,67
2023,2023milsu,Week 4,7823,9176,6637,4398,6112,4375,120,96
2023,2023milsu,Week 4,9188,6569,5314,857,5213,2586,95,109
2023,2023milsu,Week 4,5878,3537,1596,6121,8382,3655,80,122
2023,2023milsu,Week 4,6088,5706,7826,7250,4392,9249,40,120
2023,2023milsu,Week 4,7768,7154,9176,5084,4827,6637,61,102
2023,2023milsu,Week 4,8041,6569,904,5547,9188,4398,92,75
2023,2023milsu,Week 4,6113,4375,5314,5878,7782,6112,83,104
2023,2023milsu,Week 4,6079,5213,7823,857,6121,6558,55,126
2023,2023milsu,Week 4,5486,2586,4835,4988,6345,3602,52,80
2023,2023milsu,Week 4,5547,6088,7154,3537,7768,4398,99,74
2023,2023milsu,Week 4,4392,3655,1596,6113,9188,5084,91,68
2023,2023milsu,Week 4,4375,9176,8041,6121,4827,9249,80,64
2023,2023milsu,Week 4,904,7823,8382,4835,4988,7250,101,60
2023,2023milsu,Week 4,6558,5314,5878,6345,7826,6112,102,68
2023,2023milsu,Week 4,7782,6637,857,5706,3602,2586,128,69
2023,2023milsu,Week 4,5213,5486,4827,6569,6079,6088,59,63
2023,2023milsu,Week 4,7823,4398,4988,4375,4392,5084,68,122
2023,2023milsu,Week 4,9176,5314,3537,4835,1596,6558,118,45
2023,2023milsu,Week 4,6121,5878,3602,5547,6113,5706,70,72
2023,2023milsu,Week 4,8382,5486,7154,8041,857,6345,92,104
2023,2023milsu,Week 4,7782,7250,6569,9188,6079,7768,119,76
2023,2023milsu,Week 4,2586,9249,904,5213,6112,3655,89,118
2023,2023milsu,Week 4,4375,6637,6088,7826,6558,5547,59,72
2023,2023milsu,Week 4,5486,6121,4988,1596,5314,5706,77,80
2023,2023milsu,Week 4,7154,7250,9188,6345,4398,9176,106,77
2023,2023milsu,Week 4,2586,5084,6112,904,6079,3537,107,99
2023,2023milsu,Week 4,4392,6569,3602,4827,5878,8382,109,78
2023,2023milsu,Week 4,3655,7823,857,8041,9249,7826,133,63
2023,2023milsu,Week 4,6637,4835,5213,7768,7782,6113,74,95
2023,2023mimid,Week 4,6073,5193,5203,5424,5229,2619,46,87
2023,2023mimid,Week 4,3770,5231,6067,5114,6642,1322,71,84
2023,2023mimid,Week 4,6020,6533,5504,8314,6033,7109,26,49
2023,2023mimid,Week 4,8873,6071,314,8517,6102,6963,80,50
2023,2023mimid,Week 4,5216,5224,5982,9225,5712,5509,80,88
2023,2023mimid,Week 4,9246,6087,6753,5166,4382,3536,63,105
2023,2023mimid,Week 4,8286,5193,6033,5603,5203,5517,32,62
2023,2023mimid,Week 4,314,7109,8517,8314,2619,6642,73,72
2023,2023mimid,Week 4,5229,9225,1322,6071,5982,6020,98,174
2023,2023mimid,Week 4,6753,6533,3536,6963,6087,5216,59,89
2023,2023mimid,Week 4,9246,5231,6102,5224,5603,5504,54,57
2023,2023mimid,Week 4,6067,8873,5712,4382,3770,5424,125,99
2023,2023mimid,Week 4,5114,5509,6073,8286,5166,5517,94,102
2023,2023mimid,Week 4,2619,3536,6071,6033,5216,5203,69,79
2023,2023mimid,Week 4,5224,6533,1322,6020,6642,8517,53,45
2023,2023mimid,Week 4,6963,8314,5193,9246,4382,8873,92,37
2023,2023mimid,Week 4,5517,6753,9225,6102,7109,5229,62,60
2023,2023mimid,Week 4,5712,3770,5114,314,5603,5166,141,133
2023,2023mimid,Week 4,5424,6067,6087,5231,5509,5982,83,54
2023,2023mimid,Week 4,5193,8517,5504,8286,6073,6071,58,68
2023,2023mimid,Week 4,8873,5517,5216,5229,6642,5224,91,65
2023,2023mimid,Week 4,9246,5114,5603,5712,6033,3536,106,112
2023,2023mimid,Week 4,7109,6020,5509,6753,3770,6963,46,107
2023,2023mimid,Week 4,6533,5982,6073,4382,8314,5231,67,44
2023,2023mimid,Week 4,9225,5424,8286,5504,6067,2619,97,84
2023,2023mimid,Week 4,1322,314,6087,5203,6102,5166,62,69
2023,2023mimid,Week 4,6033,8873,6642,5509,9246,5193,59,51
2023,2023mimid,Week 4,8517,6071,3770,6073,5231,5712,109,95
2023,2023mimid,Week 4,5603,6533,8314,5229,6753,6067,26,94
2023,2023mimid,Week 4,5114,5424,3536,6102,314,5224,156,85
2023,2023mimid,Week 4,5982,5166,6963,6020,8286,5203,127,53
2023,2023mimid,Week 4,4382,2619,1322,5504,5216,9225,86,95
2023,2023mimid,Week 4,3770,5517,7109,6087,5193,6533,72,41
2023,2023mimid,Week 4,8314,5509,5229,314,3536,5231,44,93
2023,2023mimid,Week 4,5982,8517,8286,5166,8873,5114,68,131
2023,2023mimid,Week 4,2619,5603,5712,6963,9225,6020,118,50
2023,2023mimid,Week 4,6642,6102,5216,6071,9246,6067,44,40
2023,2023mimid,Week 4,1322,5203,5424,7109,4382,6753,94,48
2023,2023mimid,Week 4,6033,5517,5504,6087,5224,6073,35,71
2023,2023mimid,Week 4,5231,9225,2619,5509,8286,6963,85,53
2023,2023mimid,Week 4,5229,5166,5216,5193,3536,3770,123,68
2023,2023mimid,Week 4,6642,6067,4382,5603,6020,6102,52,58
2023,2023mimid,Week 4,6753,1322,6033,5424,6073,8517,98,85
2023,2023mimid,Week 4,6071,5203,5224,8314,6087,8873,71,68
2023,2023mimid,Week 4,5517,9246,6533,5504,5712,314,76,111
2023,2023mimid,Week 4,7109,6963,6642,2619,5114,5982,56,95
2023,2023mimid,Week 4,5166,8517,5231,6067,6033,9225,127,61
2023,2023mimid,Week 4,8873,5193,5424,3536,1322,6020,95,119
2023,2023mimid,Week 4,5517,5224,5712,5203,6753,8314,120,61
2023,2023mimid,Week 4,8286,5114,4382,314,5229,6533,112,92
2023,2023mimid,Week 4,5504,6071,5509,5216,7109,5603,37,103
2023,2023mimid,Week 4,6087,5982,6102,6073,9246,3770,51,89
2023,2023mimid,Week 4,5224,9225,8314,1322,5231,5193,69,74
2023,2023mimid,Week 4,5166,6067,6020,3536,5229,5517,95,109
2023,2023mimid,Week 4,5114,6753,6071,6533,4382,6033,97,53
2023,2023mimid,Week 4,5216,6073,314,5982,5712,7109,86,81
2023,2023mimid,Week 4,5203,8517,9246,5424,6963,5603,66,100
2023,2023mimid,Week 4,6642,3770,5509,6102,5504,8286,87,43
2023,2023mimid,Week 4,2619,6020,8873,6087,6071,5166,78,125
2023,2023mimid,Week 4,6067,314,5982,5193,5224,6753,111,64
2023,2023mimid,Week 4,4382,5216,8517,5231,5517,5114,103,76
2023,2023mimid,Week 4,5509,1322,6102,6533,5712,5203,45,90
2023,2023mimid,Week 4,6963,6033,2619,3770,6087,5229,93,72
2023,2023mimid,Week 4,9225,6073,5603,6642,5424,9246,66,69
2023,2023mimid,Week 4,3536,8314,8286,7109,5504,8873,83,32
2023,2023mimid,Week 4,5231,6020,6753,5203,5114,314,61,111
2023,2023mimid,Week 4,5712,6102,4382,5517,2619,5193,86,80
2023,2023mimid,Week 4,5509,5166,5424,6533,6642,6071,112,58
2023,2023mimid,Week 4,5603,8286,6087,5216,8314,6067,76,107
2023,2023mimid,Week 4,6033,5982,3770,8517,3536,9225,66,96
2023,2023mimid,Week 4,8873,6963,5229,1322,5504,9246,84,38
2023,2023mimid,Week 4,5224,7109,5231,6073,2619,5166,41,98
2023,2023mimid,Week 4,6102,5424,8314,6020,5216,5114,69,104
2023,2023mimid,Week 4,3536,5203,6087,9225,314,6642,106,94
2023,2023mimid,Week 4,6071,5603,6033,5982,1322,5517,46,83
2023,2023mimid,Week 4,5712,6963,9246,6067,8286,7109,114,56
2023,2023mimid,Week 4,5193,5229,4382,8517,5509,5224,59,43
2023,2023mimid,Week 4,6753,5504,6073,3770,8873,6533,45,100
2023,2023miwmi,Week 4,7248,4967,1025,70,5927,74,119,135
2023,2023miwmi,Week 4,6094,6428,6090,9206,4855,6128,107,72
2023,2023miwmi,Week 4,4395,27,3234,2959,6877,5462,82,126
2023,2023miwmi,Week 4,2054,1918,8612,5980,4337,107,111,64
2023,2023miwmi,Week 4,3357,9222,141,5610,5702,5150,108,62
2023,2023miwmi,Week 4,85,3458,5567,5470,494,9248,84,92
2023,2023miwmi,Week 4,5248,70,6114,4003,6094,74,90,136
2023,2023miwmi,Week 4,5980,1025,6877,4395,7248,6428,101,21
2023,2023miwmi,Week 4,9222,6090,4855,4337,4967,5150,82,77
2023,2023miwmi,Week 4,85,107,8612,6128,141,5567,69,99
2023,2023miwmi,Week 4,2054,5248,2959,9248,9206,5610,99,50
2023,2023miwmi,Week 4,5702,3234,494,1918,5462,6114,129,109
2023,2023miwmi,Week 4,4003,5470,3458,27,3357,5927,35,142
2023,2023miwmi,Week 4,107,4855,7248,6090,85,70,85,131
2023,2023miwmi,Week 4,9248,6094,5567,5980,9222,5610,72,45
2023,2023miwmi,Week 4,5150,5462,494,8612,1025,3234,118,51
2023,2023miwmi,Week 4,3458,2959,5702,5248,4967,6428,71,94
2023,2023miwmi,Week 4,74,27,2054,141,4395,1918,139,74
2023,2023miwmi,Week 4,3357,4003,9206,4337,6877,5927,107,88
2023,2023miwmi,Week 4,6114,6128,5610,5470,70,7248,66,66
2023,2023miwmi,Week 4,5702,5980,85,5567,4855,5150,106,82
2023,2023miwmi,Week 4,3458,8612,4967,74,3234,9248,97,95
2023,2023miwmi,Week 4,1025,6428,1918,27,4003,9222,58,132
2023,2023miwmi,Week 4,6094,6128,5462,2959,3357,4337,103,128
2023,2023miwmi,Week 4,6114,4395,5927,2054,6090,141,67,124
2023,2023miwmi,Week 4,9206,5248,5470,494,107,6877,40,126
2023,2023miwmi,Week 4,27,5150,70,8612,5980,74,123,116
2023,2023miwmi,Week 4,1918,3234,6094,85,4003,6128,91,120
2023,2023miwmi,Week 4,2959,5567,6114,4855,3357,3458,74,115
2023,2023miwmi,Week 4,107,5610,5248,5462,1025,9222,73,100
2023,2023miwmi,Week 4,6428,5470,5702,6090,494,4337,47,125
2023,2023miwmi,Week 4,141,4967,9206,9248,2054,7248,74,85
2023,2023miwmi,Week 4,6877,4395,4855,5927,6094,8612,59,85
2023,2023miwmi,Week 4,5610,1918,3458,1025,70,6128,84,122
2023,2023miwmi,Week 4,5248,6090,3357,6114,6428,27,124,95
2023,2023miwmi,Week 4,9222,9248,4967,5470,141,5980,91,75
2023,2023miwmi,Week 4,3234,5567,6877,2054,5150,107,101,116
2023,2023miwmi,Week 4,5462,5927,5702,9206,74,2959,113,85
2023,2023miwmi,Week 4,7248,4337,4003,4395,85,494,88,117
2023,2023miwmi,Week 4,1025,6090,5470,6094,3458,141,107,62
2023,2023miwmi,Week 4,27,5980,4855,5610,3234,2054,116,108
2023,2023miwmi,Week 4,6128,9222,1918,6114,6877,9206,105,41
2023,2023miwmi,Week 4,5462,85,7248,4967,107,4003,131,145
2023,2023miwmi,Week 4,74,5150,3357,6428,494,2959,145,128
2023,2023miwmi,Week 4,4337,4395,8612,70,9248,5702,45,102
2023,2023miwmi,Week 4,5567,5927,9206,5248,1025,6094,75,81
2023,2023miwmi,Week 4,5462,4855,4003,107,9222,3458,130,109
2023,2023miwmi,Week 4,6877,2054,3357,7248,1918,6090,153,108
2023,2023miwmi,Week 4,494,5610,4967,5702,8612,27,133,99
2023,2023miwmi,Week 4,4395,74,5248,5150,5470,6128,102,98
2023,2023miwmi,Week 4,9248,6114,5980,5927,2959,85,49,79
2023,2023miwmi,Week 4,70,141,3234,4337,5567,6428,120,59
2023,2023miwmi,Week 4,5702,9206,6094,7248,3458,27,67,139
2023,2023miwmi,Week 4,5470,5462,5610,6877,8612,6090,83,102
2023,2023miwmi,Week 4,6128,9248,107,5150,6114,1025,115,94
2023,2023miwmi,Week 4,9222,4337,2054,4855,5248,85,108,95
2023,2023miwmi,Week 4,4967,1918,74,5980,3357,5567,141,125
2023,2023miwmi,Week 4,2959,70,4395,494,141,4003,104,135
2023,2023miwmi,Week 4,6428,6128,5927,3234,107,5470,47,94
2023,2023miwmi,Week 4,9206,7248,5150,4855,8612,6114,36,87
2023,2023miwmi,Week 4,3458,4337,1025,4967,5702,6877,62,106
2023,2023miwmi,Week 4,141,85,9248,3357,5462,70,105,156
2023,2023miwmi,Week 4,4003,6428,3234,5610,6094,4395,106,52
2023,2023miwmi,Week 4,5927,494,2054,5567,74,9222,142,102
2023,2023miwmi,Week 4,6090,27,2959,1918,5980,5248,148,87
2023,2023miwmi,Week 4,141,6114,107,4855,5702,4337,90,58
2023,2023miwmi,Week 4,3357,5610,85,1025,9206,4395,128,35
2023,2023miwmi,Week 4,6428,3458,70,5567,2054,5462,96,130
2023,2023miwmi,Week 4,8612,6128,494,6094,27,4967,122,125
2023,2023miwmi,Week 4,3234,2959,5980,9222,7248,5248,94,52
2023,2023miwmi,Week 4,6090,5150,9248,5927,4003,1918,70,136
2023,2023miwmi,Week 4,74,6877,6428,85,6114,5470,74,88
2023,2023miwmi,Week 4,107,9206,27,4967,5567,4395,129,75
2023,2023miwmi,Week 4,8612,7248,141,3458,5248,5462,75,66
2023,2023miwmi,Week 4,70,5610,4337,5150,2959,9222,84,93
2023,2023miwmi,Week 4,494,74,1025,3234,5927,6090,139,107
2023,2023miwmi,Week 4,6877,5470,6094,1918,9248,4855,94,87
2023,2023miwmi,Week 4,4003,2054,5980,6128,5702,3357,117,119
2023,2023nyli2,Week 4,533,527,6911,1803,694,9184,76,95
2023,2023nyli2,Week 4,353,6969,2875,1468,564,1554,97,84
2023,2023nyli2,Week 4,4571,4567,263,2872,329,5298,38,129
2023,2023nyli2,Week 4,3624,2601,3419,884,9016,2869,129,51
2023,2023nyli2,Week 4,806,870,2487,514,1796,287,108,73
2023,2023nyli2,Week 4,601,7539,6806,5099,2638,5736,83,88
2023,2023nyli2,Week 4,3204,5599,8595,8739,6636,1880,47,28
2023,2023nyli2,Week 4,271,871,7717,7673,564,358,81,63
2023,2023nyli2,Week 4,6911,329,694,2872,353,3624,122,79
2023,2023nyli2,Week 4,9184,533,514,4571,870,1554,76,104
2023,2023nyli2,Week 4,1468,601,806,1803,884,5736,95,93
2023,2023nyli2,Week 4,1796,6636,6806,5298,7539,9016,60,78
2023,2023nyli2,Week 4,4567,5599,1880,7673,2487,7717,32,47
2023,2023nyli2,Week 4,2875,5099,871,287,2869,3204,81,58
2023,2023nyli2,Week 4,2638,3419,6969,8739,271,8595,98,77
2023,2023nyli2,Week 4,358,2601,533,601,263,527,107,79
2023,2023nyli2,Week 4,329,6636,564,884,6806,1468,80,99
2023,2023nyli2,Week 4,4567,1803,2487,7673,9184,353,36,67
2023,2023nyli2,Week 4,9016,3204,694,2872,1554,5599,107,66
2023,2023nyli2,Week 4,7717,287,3624,1796,8595,3419,58,94
2023,2023nyli2,Week 4,2869,6969,6911,5736,514,358,104,87
2023,2023nyli2,Week 4,527,2638,5298,4571,2875,806,138,78
2023,2023nyli2,Week 4,1880,271,5099,2601,870,871,51,117
2023,2023nyli2,Week 4,7539,1803,8739,263,1468,9016,83,117
2023,2023nyli2,Week 4,564,884,9184,5599,1796,7673,26,30
2023,2023nyli2,Week 4,287,8595,601,329,514,4567,89,62
2023,2023nyli2,Week 4,1554,2869,5736,527,2487,6636,122,69
2023,2023nyli2,Week 4,7717,3204,5298,2638,694,2601,27,139
2023,2023nyli2,Week 4,263,8739,870,6806,871,3624,100,75
2023,2023nyli2,Week 4,6969,2872,806,1880,353,533,87,60
2023,2023nyli2,Week 4,3419,271,2875,7539,4571,6911,112,87
2023,2023nyli2,Week 4,358,1468,1803,287,5599,5099,86,36
2023,2023nyli2,Week 4,1554,9016,1796,601,5736,329,99,113
2023,2023nyli2,Week 4,7673,527,870,5298,8595,694,80,122
2023,2023nyli2,Week 4,353,884,3204,7717,9184,6969,60,59
2023,2023nyli2,Week 4,533,271,263,514,2875,6636,71,51
2023,2023nyli2,Week 4,6911,1880,358,6806,5099,4567,73,39
2023,2023nyli2,Week 4,2601,564,7539,806,3624,8739,127,70
2023,2023nyli2,Week 4,871,2487,2638,3419,2872,4571,63,108
2023,2023nyli2,Week 4,329,1468,353,2869,7673,601,135,73
2023,2023nyli2,Week 4,870,8595,5736,1803,3204,271,148,50
2023,2023nyli2,Week 4,263,6969,1880,1796,527,5099,22,65
2023,2023nyli2,Week 4,9016,287,2601,6911,5298,564,73,82
2023,2023nyli2,Week 4,358,1554,4567,884,806,2638,37,71
2023,2023nyli2,Week 4,6806,4571,514,5599,3419,694,61,120
2023,2023nyli2,Week 4,7539,2869,2487,871,8739,533,120,79
2023,2023nyli2,Week 4,3624,9184,6636,2875,7717,2872,52,101
2023,2023nyli2,Week 4,353,263,2601,5736,287,7673,102,97
2023,2023nyli2,Week 4,329,1803,1554,564,1880,2638,64,95
2023,2023nyli2,Week 4,601,1796,870,3419,6911,1468,111,120
2023,2023nyli2,Week 4,2869,5599,871,5298,806,271,37,73
2023,2023nyli2,Week 4,8595,6806,2875,9184,358,2872,100,80
2023,2023nyli2,Week 4,4567,694,8739,6636,6969,4571,117,39
2023,2023nyli2,Week 4,5099,3624,884,2487,533,9016,91,89
2023,2023nyli2,Week 4,514,7717,527,3204,7539,329,99,103
2023,2023nyli2,Week 4,2638,6911,5599,1554,263,871,78,86
2023,2023nyli2,Week 4,1468,7673,8595,6806,2601,806,107,90
2023,2023nyli2,Week 4,287,5298,9184,8739,601,6969,64,41
2023,2023nyli2,Week 4,533,2872,5099,564,5736,3419,122,123
2023,2023nyli2,Week 4,6636,358,3204,3624,1803,1796,33,88
2023,2023nyli2,Week 4,7539,1880,884,694,2869,4571,83,111
2023,2023nyli2,Week 4,271,514,9016,527,4567,353,83,67
2023,2023nyli2,Week 4,2487,2875,1554,870,7717,6806,84,121
2023,2023nyli2,Week 4,806,9184,329,5099,3419,263,84,39
2023,2023nyli2,Week 4,1796,8739,2872,2601,7673,1803,133,79
2023,2023nyli2,Week 4,6636,601,884,871,6911,3204,20,85
2023,2023nyli2,Week 4,5736,3624,271,1880,5298,514,125,45
2023,2023nyli2,Week 4,694,527,7539,2487,564,287,133,72
2023,2023nyli2,Week 4,2638,4571,358,9016,353,870,67,131
2023,2023nyli2,Week 4,533,1468,2869,8595,4567,7717,110,76
2023,2023nyli2,Week 4,5599,2875,1803,6969,329,2601,70,120
2023,2023nyli2,Week 4,8739,5099,5298,884,1554,514,76,69
2023,2023nyli2,Week 4,3624,2487,601,271,6806,527,54,110
2023,2023nyli2,Week 4,3204,2872,7673,870,358,7539,93,137
2023,2023nyli2,Week 4,7717,4571,564,8595,806,6911,58,101
2023,2023nyli2,Week 4,353,2638,287,6636,533,5599,87,68
2023,2023nyli2,Week 4,694,5736,1796,2875,4567,2869,130,46
2023,2023nyli2,Week 4,9184,9016,3419,1880,871,1468,122,124
2023,2023nyli2,Week 4,329,263,7673,6969,884,2487,103,52
2023,2023onwat,Week 4,4678,3756,7520,7475,8081,7623,103,61
2023,2023onwat,Week 4,7022,7058,5912,6875,7722,8089,26,53
2023,2023onwat,Week 4,6992,3161,772,2609,7509,4940,96,66
2023,2023onwat,Week 4,2702,8765,9098,3683,8764,1114,101,146
2023,2023onwat,Week 4,5408,9062,4917,4976,5032,5409,67,141
2023,2023onwat,Week 4,7623,5912,7520,7058,2609,6992,26,59
2023,2023onwat,Week 4,7722,9098,4940,772,7475,2702,53,95
2023,2023onwat,Week 4,3161,6875,8081,7509,1114,4917,103,104
2023,2023onwat,Week 4,8089,8764,8765,9062,4976,3756,43,107
2023,2023onwat,Week 4,3683,5408,5032,7022,4678,5409,97,130
2023,2023onwat,Week 4,7475,4917,7520,8081,9098,6992,86,90
2023,2023onwat,Week 4,7722,5912,8765,3161,772,4940,61,52
2023,2023onwat,Week 4,7623,6875,8764,4976,7022,5409,45,130
2023,2023onwat,Week 4,1114,5408,3756,2702,7058,5032,102,67
2023,2023onwat,Week 4,9062,8089,2609,3683,7509,4678,75,140
2023,2023onwat,Week 4,4917,4940,8764,7722,7520,7022,73,44
2023,2023onwat,Week 4,9098,1114,772,7058,5409,3756,138,66
2023,2023onwat,Week 4,9062,4976,6875,5032,7475,2609,71,111
2023,2023onwat,Week 4,8081,3161,5408,8765,4678,7623,119,88
2023,2023onwat,Week 4,2702,7509,8089,5912,3683,6992,74,107
2023,2023onwat,Week 4,1114,9062,5032,4940,7520,7058,95,68
2023,2023onwat,Week 4,2609,7022,4678,4976,3161,9098,145,144
2023,2023onwat,Week 4,7475,5912,7509,772,3756,8764,60,51
2023,2023onwat,Week 4,5409,2702,4917,6992,8765,6875,135,29
2023,2023onwat,Week 4,8089,3683,8081,7722,7623,5408,127,62
2023,2023onwat,Week 4,5912,7058,4976,5032,4940,3756,83,64
2023,2023onwat,Week 4,9098,2609,1114,7022,9062,8765,157,49
2023,2023onwat,Week 4,3161,7520,2702,5408,7475,4678,98,111
2023,2023onwat,Week 4,3683,772,7722,8089,7623,6992,113,46
2023,2023onwat,Week 4,5409,4917,6875,8764,8081,7509,107,68
2023,2023onwat,Week 4,4678,7520,4976,4940,1114,5912,134,117
2023,2023onwat,Week 4,5408,6992,7022,8765,3683,7475,61,109
2023,2023onwat,Week 4,6875,5032,772,9098,8089,4917,71,118
2023,2023onwat,Week 4,5409,7722,8764,2609,7623,3161,98,121
2023,2023onwat,Week 4,8081,3756,2702,9062,7509,7058,111,40
2023,2023onwat,Week 4,1114,7475,7022,772,4917,4678,103,109
2023,2023onwat,Week 4,8764,5912,2609,5032,8089,3161,102,78
2023,2023onwat,Week 4,3756,9098,3683,2702,8081,7722,129,101
2023,2023onwat,Week 4,7509,8765,4976,6992,5409,7520,68,39
2023,2023onwat,Week 4,7623,4940,9062,7058,5408,6875,52,41
2023,2023onwat,Week 4,5032,4678,8081,5912,3756,8089,116,61
2023,2023onwat,Week 4,2609,8765,4976,1114,7722,7475,108,119
2023,2023onwat,Week 4,4917,7058,7623,5408,772,7509,82,36
2023,2023onwat,Week 4,7022,6992,2702,3161,9062,5409,63,109
2023,2023onwat,Week 4,6875,4940,3683,7520,8764,9098,104,93
2023,2023onwat,Week 4,7058,8089,7475,4976,4917,7722,70,127
2023,2023onwat,Week 4,4678,2702,1114,772,5409,2609,158,111
2023,2023onwat,Week 4,8764,3683,3161,8765,8081,4940,138,59
2023,2023onwat,Week 4,7520,6875,9062,9098,5408,5912,43,90
2023,2023onwat,Week 4,7509,6992,5032,3756,7022,7623,66,26
2023,2023onwat,Week 4,4678,7722,7058,4917,2609,3683,111,149
2023,2023onwat,Week 4,8081,772,9062,8764,4976,5408,78,88
2023,2023onwat,Week 4,3756,6992,7475,5912,6875,3161,43,120
2023,2023onwat,Week 4,7509,9098,7022,7520,5032,8765,79,72
2023,2023onwat,Week 4,5409,7623,1114,4940,2702,8089,123,73
2023,2023onwat,Week 4,3756,2609,7722,6992,8764,9062,91,36
2023,2023onwat,Week 4,8765,3161,7058,6875,7022,7509,94,25
2023,2023onwat,Week 4,4940,5409,5408,7475,4678,9098,88,141
2023,2023onwat,Week 4,4917,5032,5912,7623,2702,3683,125,129
2023,2023onwat,Week 4,8089,4976,772,7520,1114,8081,90,124
2023,2023schar,Week 4,342,3976,3489,1319,9315,281,70,91
2023,2023schar,Week 4,3490,4451,8137,4073,1102,2815,95,68
2023,2023schar,Week 4,343,4748,4823,7085,4533,4935,63,89
2023,2023schar,Week 4,8575,6961,6167,6366,1758,1287,53,76
2023,2023schar,Week 4,3490,1051,1539,1293,342,4073,65,49
2023,2023schar,Week 4,4533,7085,1319,8137,9315,3489,65,46
2023,2023schar,Week 4,6366,4823,6961,1102,343,4935,47,133
2023,2023schar,Week 4,1539,1293,4451,3976,8575,1758,68,71
2023,2023schar,Week 4,281,4748,6167,1051,2815,1287,78,92
2023,2023schar,Week 4,342,1319,6961,4533,8137,4073,69,51
2023,2023schar,Week 4,3976,3489,1293,4935,4451,6366,33,84
2023,2023schar,Week 4,1102,343,281,6167,1758,4748,134,85
2023,2023schar,Week 4,9315,8575,1539,4823,3490,1287,40,82
2023,2023schar,Week 4,6366,2815,7085,1051,4451,4073,66,110
2023,2023schar,Week 4,1758,3489,4935,3976,4533,6167,93,63
2023,2023schar,Week 4,1102,3490,9315,343,4823,8575,59,60
2023,2023schar,Week 4,1293,1287,4748,342,281,2815,51,115
2023,2023schar,Week 4,6961,1051,7085,8137,1539,1319,42,49
2023,2023schar,Week 4,3976,4935,3490,1758,4533,4451,65,147
2023,2023schar,Week 4,2815,3489,8575,4748,342,6366,70,75
2023,2023schar,Week 4,1539,4073,281,1293,8137,343,73,69
2023,2023schar,Week 4,4823,1319,1051,6961,1287,9315,66,50
2023,2023schar,Week 4,342,1102,1758,3490,6167,7085,107,67
2023,2023schar,Week 4,281,4451,4533,4748,3489,1539,123,54
2023,2023schar,Week 4,2815,343,1051,4823,8137,3976,110,39
2023,2023schar,Week 4,1293,1102,6961,1319,6167,6366,83,76
2023,2023schar,Week 4,4073,4935,9315,7085,1287,8575,32,50
2023,2023schar,Week 4,8137,1051,342,1758,2815,4748,80,43
2023,2023schar,Week 4,3489,4823,6167,4533,6366,1293,55,109
2023,2023schar,Week 4,1287,281,3976,1319,3490,1102,100,109
2023,2023schar,Week 4,4073,6961,343,8575,4935,1539,79,81
2023,2023schar,Week 4,4451,7085,4748,9315,4823,1758,94,45
2023,2023schar,Week 4,1287,6366,8137,4533,1102,1051,63,122
2023,2023schar,Week 4,4073,8575,1319,3489,281,3490,57,99
2023,2023schar,Week 4,7085,1293,9315,6167,343,4451,71,118
2023,2023schar,Week 4,3976,342,4935,2815,6961,1539,56,69
2023,2023schar,Week 4,4533,4073,4823,8575,281,6366,65,133
2023,2023schar,Week 4,1758,3490,343,3489,1319,1051,116,75
2023,2023schar,Week 4,4935,8137,6961,4451,9315,342,20,93
2023,2023schar,Week 4,7085,2815,6167,1539,3976,1102,75,57
2023,2023schar,Week 4,4748,1293,3490,1287,4073,4533,60,94
2023,2023schar,Week 4,1051,1758,281,6961,342,4823,80,63
2023,2023schar,Week 4,343,6366,3489,9315,4451,2815,106,69
2023,2023schar,Week 4,4748,8575,1102,3976,1319,1293,108,70
2023,2023schar,Week 4,1287,6167,4935,1539,7085,8137,82,45
2023,2023schar,Week 4,2815,4533,3489,6961,1758,4073,110,73
2023,2023schar,Week 4,4451,4823,1102,1051,4748,3976,126,49
2023,2023schar,Week 4,3490,6366,8575,343,342,7085,81,113
2023,2023schar,Week 4,9315,1539,1287,8137,6167,1293,65,52
2023,2023schar,Week 4,1319,1758,4451,281,4935,4823,101,64
2023,2023schar,Week 4,7085,3976,4073,3489,4748,6961,62,58
2023,2023schar,Week 4,6167,1051,6366,3490,9315,342,80,99
2023,2023schar,Week 4,2815,1319,1287,343,1539,4533,87,83
2023,2023schar,Week 4,1102,281,8137,4935,1293,8575,114,78
2023,2023schar,Week 4,9315,3976,1758,6366,4073,1051,52,80
2023,2023schar,Week 4,4451,1287,343,6961,4533,3490,116,99
2023,2023schar,Week 4,6167,1539,342,4935,4748,1319,87,62
2023,2023schar,Week 4,4823,1293,2815,1102,7085,3489,68,124
2023,2023schar,Week 4,8575,8137,4533,281,6961,3976,68,74
2023,2023txhou,Week 4,624,4597,4332,2583,6645,8177,68,118
2023,2023txhou,Week 4,8818,2585,8819,8576,7418,7312,17,65
2023,2023txhou,Week 4,5414,9121,8392,7691,8144,9137,66,10
2023,2023txhou,Week 4,3847,2587,8827,118,8019,5261,105,117
2023,2023txhou,Week 4,5070,5908,8515,2158,5986,1477,57,99
2023,2023txhou,Week 4,5894,8370,8144,5414,624,5892,56,122
2023,2023txhou,Week 4,2585,3847,7312,8177,4597,2587,93,104
2023,2023txhou,Week 4,8576,8819,5986,8515,4332,7691,63,52
2023,2023txhou,Week 4,118,8392,5894,5892,5070,8818,104,41
2023,2023txhou,Week 4,5908,9137,8370,2583,8019,1477,23,109
2023,2023txhou,Week 4,7418,9121,2158,5261,8827,6645,67,29
2023,2023txhou,Week 4,4332,118,8177,7312,8392,5986,133,51
2023,2023txhou,Week 4,8019,3847,9137,8515,8819,5414,115,93
2023,2023txhou,Week 4,8827,5894,5892,5908,6645,8144,92,16
2023,2023txhou,Week 4,624,7418,5070,5261,2583,7691,46,89
2023,2023txhou,Week 4,8370,8576,1477,9121,8818,4597,125,41
2023,2023txhou,Week 4,8144,5892,2585,2587,2158,8515,91,96
2023,2023txhou,Week 4,6645,624,7312,5908,7691,8019,50,72
2023,2023txhou,Week 4,8827,1477,5414,8392,7418,8818,94,50
2023,2023txhou,Week 4,8819,4597,5261,2587,2583,5070,68,64
2023,2023txhou,Week 4,5894,9121,5986,4332,8370,2585,54,50
2023,2023txhou,Week 4,8576,118,3847,8177,9137,2158,148,80
2023,2023txhou,Week 4,624,8515,5261,4597,7312,5908,79,43
2023,2023txhou,Week 4,8370,7691,8818,8819,4332,2587,51,57
2023,2023txhou,Week 4,9121,8827,2583,6645,8576,8392,84,61
2023,2023txhou,Week 4,8019,8144,5414,118,5070,2585,96,108
2023,2023txhou,Week 4,9137,1477,7418,5894,3847,2158,57,111
2023,2023txhou,Week 4,5892,8177,9121,5986,8818,624,104,58
2023,2023txhou,Week 4,2585,8392,8515,4597,8370,8019,61,93
2023,2023txhou,Week 4,8576,2158,7691,9137,5261,5894,80,35
2023,2023txhou,Week 4,2583,5908,118,5414,8177,3847,120,169
2023,2023txhou,Week 4,4332,1477,5892,8827,7312,8819,101,52
2023,2023txhou,Week 4,2587,6645,7418,5986,8144,5070,109,23
2023,2023txhou,Week 4,8515,8576,9137,8392,8370,2583,77,77
2023,2023txhou,Week 4,2585,5908,8827,1477,5261,8177,46,138
2023,2023txhou,Week 4,7691,5894,4597,9121,7312,118,76,97
2023,2023txhou,Week 4,5070,5414,6645,8818,3847,4332,94,76
2023,2023txhou,Week 4,8144,624,2158,8819,5892,8019,113,117
2023,2023txhou,Week 4,2587,5986,7691,4597,7418,8827,59,70
2023,2023txhou,Week 4,5261,2585,5414,6645,9137,4332,103,49
2023,2023txhou,Week 4,8144,8515,2583,1477,118,624,64,144
2023,2023txhou,Week 4,8818,8177,5908,8392,2158,8819,72,72
2023,2023txhou,Week 4,7418,8019,5986,5892,2587,8576,76,117
2023,2023txhou,Week 4,3847,9121,8370,5070,7312,5894,87,47
2023,2023txhou,Week 4,6645,8819,1477,118,4597,9137,122,128
2023,2023txhou,Week 4,8177,7691,7418,8019,2585,8576,97,65
2023,2023txhou,Week 4,7312,2158,5261,5986,5414,5908,106,58
2023,2023txhou,Week 4,5070,4332,9121,5892,8515,3847,33,147
2023,2023txhou,Week 4,8370,2587,624,8392,8827,8144,121,25
2023,2023txhou,Week 4,5986,2583,4597,8818,5414,5894,61,48
2023,2023txhou,Week 4,7691,5892,6645,9137,1477,2585,130,29
2023,2023txhou,Week 4,8144,2587,118,4332,8576,5908,118,54
2023,2023txhou,Week 4,8177,5070,8827,5894,8515,7418,84,38
2023,2023txhou,Week 4,3847,5261,8392,624,8819,9121,83,70
2023,2023txhou,Week 4,2158,8818,8019,8370,2583,7312,101,46
2023,2023txhou,Week 4,1477,5908,2587,5414,7691,118,113,132
2023,2023txhou,Week 4,8819,9137,5070,8827,624,8576,19,106
2023,2023txhou,Week 4,8019,8392,8177,5261,5986,4332,91,19
2023,2023txhou,Week 4,7312,8818,8515,7418,8144,3847,56,112
2023,2023txhou,Week 4,2585,6645,4597,2158,5892,8370,98,124
2023,2023txhou,Week 4,2583,5894,8819,9121,8019,2587,62,96
2023,2023txhou,Week 4,7312,8177,8144,1477,5070,8392,43,89
2023,2023txhou,Week 4,7418,5261,5892,8515,118,8370,111,112
2023,2023txhou,Week 4,2158,4332,2583,7691,2585,9121,115,38
2023,2023txhou,Week 4,9137,8827,8818,5908,5894,624,25,108
2023,2023txhou,Week 4,4597,5414,8576,3847,5986,6645,84,100
2023,2023orsal,Week 4,3024,1540,2898,847,2733,3673,98,89
2023,2023orsal,Week 4,2811,6465,2990,6343,1359,955,108,82
2023,2023orsal,Week 4,2374,4692,753,2550,3636,4089,87,23
2023,2023orsal,Week 4,2635,5468,2521,4043,2471,7034,151,101
2023,2023orsal,Week 4,1432,5975,4060,957,997,3674,62,99
2023,2023orsal,Week 4,2811,2550,847,1425,753,3673,84,106
2023,2023orsal,Week 4,3636,1359,2471,6465,7034,2733,129,71
2023,2023orsal,Week 4,955,4043,2374,957,2898,4089,111,81
2023,2023orsal,Week 4,4060,3024,2990,997,2635,1432,108,83
2023,2023orsal,Week 4,4692,1425,1540,6343,2521,5975,143,108
2023,2023orsal,Week 4,847,3636,5468,3674,4089,2811,93,145
2023,2023orsal,Week 4,3024,753,2550,2898,4060,2635,95,85
2023,2023orsal,Week 4,2374,3673,997,7034,2521,1540,98,128
2023,2023orsal,Week 4,2471,6465,1432,4692,2733,5975,72,60
2023,2023orsal,Week 4,4043,1425,3674,6343,2990,957,119,74
2023,2023orsal,Week 4,2550,5468,955,1359,997,2811,87,102
2023,2023orsal,Week 4,1432,7034,2733,3636,2635,753,101,80
2023,2023orsal,Week 4,2521,2374,3024,6465,2898,6343,130,65
2023,2023orsal,Week 4,3673,955,2471,2990,5975,1425,106,118
2023,2023orsal,Week 4,1359,1540,4089,957,4060,4692,101,97
2023,2023orsal,Week 4,3674,847,6343,5468,4043,2898,79,69
2023,2023orsal,Week 4,3636,2733,997,955,2374,2990,112,117
2023,2023orsal,Week 4,1425,2521,1359,2471,2811,3024,134,101
2023,2023orsal,Week 4,5975,753,6465,4043,4089,5468,64,131
2023,2023orsal,Week 4,7034,3674,2550,1540,4060,3673,113,111
2023,2023orsal,Week 4,2635,4692,847,1432,957,1425,99,109
2023,2023orsal,Week 4,2990,5468,997,2733,753,2898,120,89
2023,2023orsal,Week 4,3673,6343,4089,2471,4060,2811,71,117
2023,2023orsal,Week 4,957,7034,847,2521,2550,6465,133,100
2023,2023orsal,Week 4,3024,3636,4043,5975,1540,2374,149,49
2023,2023orsal,Week 4,4692,1432,3674,1359,955,2635,98,71
2023,2023orsal,Week 4,1425,2471,2898,4089,847,2990,82,95
2023,2023orsal,Week 4,2733,2811,957,5975,5468,3673,112,51
2023,2023orsal,Week 4,2635,3674,3636,997,6465,3024,111,83
2023,2023orsal,Week 4,7034,6343,4060,753,1432,955,96,124
2023,2023orsal,Week 4,4692,4043,1359,2374,1540,2550,92,114
2023,2023orsal,Week 4,2898,2990,3674,2521,2471,957,116,142
2023,2023orsal,Week 4,753,7034,5468,1425,3024,847,115,112
2023,2023orsal,Week 4,997,6343,4043,3636,3673,4692,100,115
2023,2023orsal,Week 4,955,2811,5975,2635,2374,6465,119,92
2023,2023orsal,Week 4,4089,2521,1432,4060,2550,2733,94,70
2023,2023orsal,Week 4,1540,957,3636,5468,1359,3024,128,66
2023,2023orsal,Week 4,2811,6343,2635,7034,997,4692,91,115
2023,2023orsal,Week 4,3674,2374,4060,847,2733,2471,111,93
2023,2023orsal,Week 4,6465,4089,1425,2550,1432,1359,90,87
2023,2023orsal,Week 4,753,955,1540,2521,2990,4043,111,155
2023,2023orsal,Week 4,2898,3673,7034,3674,5975,3636,116,112
2023,2023orsal,Week 4,997,1425,4060,5468,957,6465,114,79
2023,2023orsal,Week 4,2990,1359,2733,847,4043,753,114,84
2023,2023orsal,Week 4,2550,4692,2521,1432,2811,2374,113,126
2023,2023orsal,Week 4,4089,5975,2471,1540,3024,6343,97,113
2023,2023orsal,Week 4,3673,2635,957,955,2898,3636,88,101
2023,2023orsal,Week 4,2733,1425,2374,753,3674,1359,87,112
2023,2023orsal,Week 4,6343,6465,4692,4060,847,2521,72,124
2023,2023orsal,Week 4,4089,3024,955,5975,997,7034,69,162
2023,2023orsal,Week 4,4043,3673,2550,2990,2471,2635,78,139
2023,2023orsal,Week 4,2811,2898,5468,1540,1432,1425,119,125
2023,2023orsal,Week 4,1359,957,5975,4060,4089,753,88,58
2023,2023orsal,Week 4,2733,955,2521,2374,3636,6343,124,107
2023,2023orsal,Week 4,2471,2550,997,5468,3674,1540,97,130
2023,2023orsal,Week 4,2898,2990,7034,3024,4692,2811,119,106
2023,2023orsal,Week 4,3673,847,1432,6465,2635,4043,83,88
2023,2023flta,Week 4,9300,2556,21,4707,233,1902,57,57
2023,2023flta,Week 4,1056,86,7500,386,9284,6647,106,108
2023,2023flta,Week 4,3164,4065,5557,8788,6473,2973,78,58
2023,2023flta,Week 4,5816,4592,5276,6184,5410,9135,40,36
2023,2023flta,Week 4,8324,9313,8778,5145,6722,8775,68,116
2023,2023flta,Week 4,6107,7459,5722,180,4179,2152,12,90
2023,2023flta,Week 4,6510,8788,1056,21,5557,7431,103,93
2023,2023flta,Week 4,2973,3164,6184,4707,7500,386,12,94
2023,2023flta,Week 4,6473,8324,4592,9300,5410,5276,62,35
2023,2023flta,Week 4,7459,4179,233,9135,6722,9313,79,72
2023,2023flta,Week 4,4065,5816,9284,5722,8778,180,117,91
2023,2023flta,Week 4,1902,5145,6510,6647,8775,2556,123,61
2023,2023flta,Week 4,2152,9300,7431,86,6107,4592,56,57
2023,2023flta,Week 4,4179,1056,4707,5276,7459,7500,18,53
2023,2023flta,Week 4,9284,8788,8324,2973,9313,5816,70,53
2023,2023flta,Week 4,2556,386,3164,4065,5145,5410,92,95
2023,2023flta,Week 4,6722,6184,86,5722,7431,6647,107,70
2023,2023flta,Week 4,233,8775,21,6473,180,5557,76,115
2023,2023flta,Week 4,6510,6107,9135,2152,8778,1902,94,37
2023,2023flta,Week 4,4179,7500,5410,9313,7459,9300,108,23
2023,2023flta,Week 4,4707,2973,4065,1056,5276,8324,84,81
2023,2023flta,Week 4,180,5145,9284,5557,4592,6184,113,34
2023,2023flta,Week 4,8775,3164,6510,1902,9135,5722,90,47
2023,2023flta,Week 4,21,6473,6722,5816,7431,2556,134,75
2023,2023flta,Week 4,386,6107,233,8788,6647,8778,121,79
2023,2023flta,Week 4,86,5557,5145,7500,4065,2152,79,89
2023,2023flta,Week 4,1056,1902,180,4592,9313,4707,139,40
2023,2023flta,Week 4,8775,9135,9300,7431,6184,5276,30,89
2023,2023flta,Week 4,5816,6473,386,3164,6647,233,81,95
2023,2023flta,Week 4,2556,8324,2152,9284,86,4179,96,100
2023,2023flta,Week 4,7459,6722,2973,8788,21,6107,87,77
2023,2023flta,Week 4,8778,7431,5410,5722,6510,9313,54,96
2023,2023flta,Week 4,5816,4707,6184,1902,7500,8775,37,48
2023,2023flta,Week 4,233,2152,6473,4179,8324,6647,81,71
2023,2023flta,Week 4,9135,8788,3164,1056,2556,6722,27,110
2023,2023flta,Week 4,4592,5410,180,86,2973,386,102,109
2023,2023flta,Week 4,8778,5276,4065,6510,7459,5557,79,89
2023,2023flta,Week 4,5722,9284,21,5145,9300,6107,45,66
2023,2023flta,Week 4,3164,9313,7431,8775,8324,6184,72,43
2023,2023flta,Week 4,7500,180,8788,6473,1902,86,91,102
2023,2023flta,Week 4,386,6510,4065,6722,4592,4179,128,96
2023,2023flta,Week 4,6647,2152,5276,7459,8778,2556,71,57
2023,2023flta,Week 4,5557,9300,4707,6107,5816,5410,57,19
2023,2023flta,Week 4,233,5722,5145,2973,1056,9135,55,56
2023,2023flta,Week 4,21,7500,9313,9284,6722,6510,73,129
2023,2023flta,Week 4,4065,1902,7459,8324,386,7431,114,99
2023,2023flta,Week 4,8775,4179,6107,86,3164,5816,54,69
2023,2023flta,Week 4,9300,6647,2973,180,9135,4707,61,87
2023,2023flta,Week 4,5410,2556,6473,9284,8778,1056,69,62
2023,2023flta,Week 4,5145,4592,2152,5557,233,8788,58,123
2023,2023flta,Week 4,6184,386,5722,5276,21,6510,62,121
2023,2023flta,Week 4,7500,9135,8324,6107,180,3164,76,104
2023,2023flta,Week 4,9300,5816,8778,9313,1056,4065,27,79
2023,2023flta,Week 4,6647,6473,7459,4592,9284,8775,69,41
2023,2023flta,Week 4,5410,5722,2973,2556,6184,233,39,102
2023,2023flta,Week 4,6722,5557,1902,21,2152,86,127,78
2023,2023flta,Week 4,8788,7431,4179,4707,5276,5145,66,52
2023,2023flta,Week 4,9313,9284,6107,9135,4065,6473,48,99
2023,2023flta,Week 4,7500,2556,4592,8324,5722,5816,68,66
2023,2023flta,Week 4,6184,2152,1056,180,8775,386,75,134
2023,2023flta,Week 4,6647,4707,21,8778,3164,5145,96,66
2023,2023flta,Week 4,7459,86,8788,6510,233,9300,107,82
2023,2023flta,Week 4,5276,4179,5557,7431,2973,1902,67,98
2023,2023flta,Week 4,5410,1056,8775,6722,5816,7500,30,99
2023,2023flta,Week 4,6184,6107,6647,4065,21,4592,55,86
2023,2023flta,Week 4,9135,86,8778,8324,4707,7459,78,75
2023,2023flta,Week 4,2556,6510,180,7431,5145,6473,121,73
2023,2023flta,Week 4,5410,1902,9313,2152,5722,8788,43,58
2023,2023flta,Week 4,5276,233,6722,3164,9300,9284,114,69
2023,2023flta,Week 4,4179,386,9135,2973,5557,8324,93,77
2023,2023flta,Week 4,4592,6647,1056,6107,4065,2556,80,84
2023,2023flta,Week 4,5145,21,5816,2152,5410,7459,57,64
2023,2023flta,Week 4,9313,180,86,1902,5276,3164,122,55
2023,2023flta,Week 4,7431,6510,7500,233,2973,9284,110,95
2023,2023flta,Week 4,5557,8775,5722,386,8788,9300,58,116
2023,2023flta,Week 4,8778,4707,6722,6473,6184,4179,98,54
2023,2023mnmi2,Week 4,4728,3130,3100,2472,2530,7028,118,105
2023,2023mnmi2,Week 4,3082,2987,6628,2129,5464,2883,128,131
2023,2023mnmi2,Week 4,3848,4198,2143,2450,6166,4207,100,60
2023,2023mnmi2,Week 4,6709,2239,2227,2451,3883,3751,60,112
2023,2023mnmi2,Week 4,5232,7021,4238,3042,2654,7038,113,70
2023,2023mnmi2,Week 4,6749,4229,3926,4693,4009,876,58,86
2023,2023mnmi2,Week 4,6166,3023,3723,4778,2883,3100,50,116
2023,2023mnmi2,Week 4,7028,4728,3751,2129,2530,3848,112,100
2023,2023mnmi2,Week 4,2654,2227,2451,6709,2472,4198,124,83
2023,2023mnmi2,Week 4,2987,2239,5464,2450,3042,876,115,101
2023,2023mnmi2,Week 4,4693,2143,3023,4238,7038,4229,65,63
2023,2023mnmi2,Week 4,6749,3130,4778,6628,3883,5232,72,142
2023,2023mnmi2,Week 4,3926,4207,7021,4009,3723,3082,112,83
2023,2023mnmi2,Week 4,6166,2987,3042,3100,2129,2227,103,112
2023,2023mnmi2,Week 4,6709,7028,4238,5464,4693,2654,65,58
2023,2023mnmi2,Week 4,3848,6749,5232,4778,4728,2530,108,133
2023,2023mnmi2,Week 4,2239,3883,2472,4207,3023,4009,117,79
2023,2023mnmi2,Week 4,3751,7038,2450,3130,3723,3926,42,79
2023,2023mnmi2,Week 4,4229,2883,2451,7021,3082,2143,122,92
2023,2023mnmi2,Week 4,6628,876,6749,4198,4778,6166,110,82
2023,2023mnmi2,Week 4,4693,4728,2239,3023,4238,2472,114,63
2023,2023mnmi2,Week 4,3042,3100,4207,6709,3751,2530,87,69
2023,2023mnmi2,Week 4,3883,2450,3848,3723,2129,4229,117,97
2023,2023mnmi2,Week 4,3082,2451,876,3130,2654,5232,140,100
2023,2023mnmi2,Week 4,7021,4198,6628,2143,3926,7038,114,87
2023,2023mnmi2,Week 4,2227,5464,7028,2987,2883,4009,91,148
2023,2023mnmi2,Week 4,3723,3100,6709,2129,4229,2450,61,91
2023,2023mnmi2,Week 4,876,5232,4728,3130,6166,2239,160,63
2023,2023mnmi2,Week 4,2530,3926,3082,4238,3751,4198,97,76
2023,2023mnmi2,Week 4,2654,2472,4207,2987,4778,2143,57,112
2023,2023mnmi2,Week 4,2227,6749,7021,3023,7038,7028,110,80
2023,2023mnmi2,Week 4,4693,6628,2883,3042,3883,4009,97,126
2023,2023mnmi2,Week 4,5464,3848,4238,2451,6166,3100,86,103
2023,2023mnmi2,Week 4,2530,2143,876,3926,6709,2987,133,125
2023,2023mnmi2,Week 4,4728,3723,2654,2227,4229,3130,119,66
2023,2023mnmi2,Week 4,7028,4198,3883,2239,7038,2129,134,108
2023,2023mnmi2,Week 4,2472,3082,2883,6749,3042,3023,138,79
2023,2023mnmi2,Week 4,3848,4693,4207,5464,6628,2451,60,106
2023,2023mnmi2,Week 4,4009,7021,3751,4778,5232,2450,113,79
2023,2023mnmi2,Week 4,4728,2129,6166,2143,6709,3883,129,88
2023,2023mnmi2,Week 4,7038,3082,6749,3100,2239,4229,82,96
2023,2023mnmi2,Week 4,6628,4238,2654,3848,876,3723,98,87
2023,2023mnmi2,Week 4,2451,3023,4778,4009,7028,2450,97,114
2023,2023mnmi2,Week 4,2472,3042,3130,4198,3926,5464,104,119
2023,2023mnmi2,Week 4,2227,5232,2987,7021,2530,4693,141,99
2023,2023mnmi2,Week 4,2239,4207,3751,2883,6166,2654,92,111
2023,2023mnmi2,Week 4,6628,4009,3100,7028,3848,3082,106,83
2023,2023mnmi2,Week 4,4198,7038,3723,6709,2451,4728,70,122
2023,2023mnmi2,Week 4,4229,3023,2530,3883,7021,2987,100,164
2023,2023mnmi2,Week 4,2883,2450,3130,4238,4207,6749,130,80
2023,2023mnmi2,Week 4,5464,876,2472,3751,2143,5232,121,81
2023,2023mnmi2,Week 4,2129,4778,4693,3926,2227,3042,105,103
2023,2023mnmi2,Week 4,6166,6709,7021,7028,2239,6628,102,97
2023,2023mnmi2,Week 4,2987,2450,4198,3883,3082,4728,114,125
2023,2023mnmi2,Week 4,7038,3130,3848,2883,876,3023,67,118
2023,2023mnmi2,Week 4,3100,3751,3926,4207,4778,2227,113,95
2023,2023mnmi2,Week 4,2654,4009,2129,4693,2451,6749,128,103
2023,2023mnmi2,Week 4,2472,2143,3723,2530,5464,5232,72,123
2023,2023mnmi2,Week 4,3042,4229,7021,3883,3130,4238,86,132
2023,2023mnmi2,Week 4,3023,3100,3082,876,6709,4207,74,68
2023,2023mnmi2,Week 4,6749,2987,2129,3926,3848,2239,135,85
2023,2023mnmi2,Week 4,2654,7028,4778,2450,3723,5464,110,109
2023,2023mnmi2,Week 4,4229,2143,6166,3751,2227,4693,77,72
2023,2023mnmi2,Week 4,5232,2472,7038,2883,4728,4238,103,130
2023,2023mnmi2,Week 4,4009,2451,4198,2530,3042,6628,140,80
2023,2023mnmi2,Week 4,3883,3100,5464,3023,2654,3926,126,105
2023,2023mnmi2,Week 4,876,3751,2129,3723,6749,7028,120,91
2023,2023mnmi2,Week 4,6709,3848,2883,4778,7021,2472,89,101
2023,2023mnmi2,Week 4,2450,4238,2530,6166,6628,2227,80,51
2023,2023mnmi2,Week 4,2239,5232,3082,7038,4693,2987,115,107
2023,2023mnmi2,Week 4,4207,2451,3130,4728,3042,2143,117,134
2023,2023mnmi2,Week 4,4229,4009,4778,4198,2129,3023,82,104
2023,2023mnmi2,Week 4,876,2227,3883,3100,3848,2472,124,97
2023,2023mnmi2,Week 4,6166,2530,7038,3082,2450,4693,107,80
2023,2023mnmi2,Week 4,3926,6628,4728,7021,2654,2239,116,104
2023,2023mnmi2,Week 4,5232,7028,2883,4207,4198,4229,146,86
2023,2023mnmi2,Week 4,2143,3130,5464,4009,6749,6709,99,92
2023,2023mnmi2,Week 4,2451,4238,3042,3723,2987,3751,108,106
2023,2023mnmi2,Week 4,6166,4693,3883,7021,876,3100,62,142
2023,2023mnmi2,Week 4,2227,2472,2450,3082,4207,2129,44,91
2023,2023mnmi2,Week 4,3023,6628,6709,6749,4198,2654,51,81
2023,2023mnmi2,Week 4,3751,2883,3042,2143,7028,2451,95,137
2023,2023mnmi2,Week 4,4778,2239,3723,3130,2530,2987,94,152
2023,2023mnmi2,Week 4,7038,5464,4009,4728,4229,3848,104,127
2023,2023mnmi2,Week 4,4238,3926,6166,5232,2129,6709,99,122
2023,2023cada,Week 4,3482,3189,7528,766,2637,8793,61,87
2023,2023cada,Week 4,5728,5274,7667,3598,2035,5700,106,77
2023,2023cada,Week 4,6941,751,2288,4643,1678,2204,74,113
2023,2023cada,Week 4,8768,5458,1662,4135,3257,7401,74,74
2023,2023cada,Week 4,701,253,3501,5419,4159,1280,59,115
2023,2023cada,Week 4,1458,6981,199,1072,254,5026,33,151
2023,2023cada,Week 4,7686,2489,2551,2367,6662,9114,70,37
2023,2023cada,Week 4,7137,8091,2288,2637,2141,6619,65,88
2023,2023cada,Week 4,4643,3257,2035,5700,3482,6941,56,101
2023,2023cada,Week 4,3598,2204,4135,4159,7528,1678,73,139
2023,2023cada,Week 4,3189,5026,701,7667,1662,1072,109,98
2023,2023cada,Week 4,5728,8793,254,7686,5458,3501,139,63
2023,2023cada,Week 4,5419,6662,751,5274,6619,8091,95,56
2023,2023cada,Week 4,2367,766,7137,6981,8768,1280,96,24
2023,2023cada,Week 4,1458,2141,253,2551,199,9114,56,80
2023,2023cada,Week 4,7401,5026,2035,2204,2637,2489,69,117
2023,2023cada,Week 4,3598,7667,6941,5458,4135,254,85,122
2023,2023cada,Week 4,3257,6619,2288,5274,7686,3189,74,59
2023,2023cada,Week 4,6662,5700,3501,6981,1662,2367,105,84
2023,2023cada,Week 4,1678,766,2551,1458,701,5419,159,97
2023,2023cada,Week 4,1280,3482,5728,199,4159,751,47,92
2023,2023cada,Week 4,7401,253,2489,7137,2141,8793,75,80
2023,2023cada,Week 4,9114,7528,1072,8091,8768,4643,87,67
2023,2023cada,Week 4,3257,5274,2204,2637,3501,6981,78,66
2023,2023cada,Week 4,5026,1458,1662,6619,2367,7686,111,61
2023,2023cada,Week 4,2551,4159,254,3189,2035,751,166,47
2023,2023cada,Week 4,5458,199,5728,1678,2288,2489,56,119
2023,2023cada,Week 4,3482,7401,7137,9114,3598,701,50,51
2023,2023cada,Week 4,4643,7667,1280,8091,2141,6662,36,66
2023,2023cada,Week 4,766,5419,1072,5700,8793,4135,129,87
2023,2023cada,Week 4,8768,7528,2637,253,6941,7686,76,53
2023,2023cada,Week 4,2035,5458,2489,6619,3501,2551,61,79
2023,2023cada,Week 4,254,9114,6981,701,2288,3482,103,63
2023,2023cada,Week 4,1280,3189,7137,4643,6662,5728,84,72
2023,2023cada,Week 4,8091,1678,1072,1662,3257,4159,102,72
2023,2023cada,Week 4,751,2367,3598,8793,6941,1458,85,113
2023,2023cada,Week 4,5274,8768,766,2204,5026,2141,125,85
2023,2023cada,Week 4,7667,5700,5419,199,7401,7528,106,16
2023,2023cada,Week 4,4135,3501,2035,253,9114,4643,93,33
2023,2023cada,Week 4,1280,2637,1678,254,701,6619,145,108
2023,2023cada,Week 4,1072,8793,6981,1662,5728,6941,107,86
2023,2023cada,Week 4,3598,766,2141,3257,2489,6662,59,102
2023,2023cada,Week 4,7137,2204,5700,2551,5419,5026,84,154
2023,2023cada,Week 4,3189,8091,5458,8768,253,3482,107,82
2023,2023cada,Week 4,2288,4159,7667,2367,7528,1458,72,55
2023,2023cada,Week 4,7686,4135,199,751,5274,7401,78,96
2023,2023cada,Week 4,2141,9114,1662,2035,254,2637,49,187
2023,2023cada,Week 4,5026,4643,8793,701,1678,3257,131,135
2023,2023cada,Week 4,6662,6619,3482,5728,1072,2204,77,87
2023,2023cada,Week 4,5419,2288,8768,4159,1458,3598,124,86
2023,2023cada,Week 4,2551,2367,5274,7401,1280,8091,98,25
2023,2023cada,Week 4,6941,4135,3189,7137,3501,199,87,73
2023,2023cada,Week 4,766,5700,7686,7667,253,5458,84,90
2023,2023cada,Week 4,7528,2489,2141,751,6981,701,79,48
2023,2023cada,Week 4,8793,6662,8768,3482,2035,1678,102,113
2023,2023cada,Week 4,2637,5728,7401,1458,2551,4643,135,81
2023,2023cada,Week 4,2367,1072,4159,5274,7137,254,96,160
2023,2023cada,Week 4,2288,7686,1662,5458,1280,766,86,73
2023,2023cada,Week 4,5026,6981,6941,3501,5419,8091,74,94
2023,2023cada,Week 4,2204,751,9114,3189,7667,3257,62,89
2023,2023cada,Week 4,2489,199,6619,7528,3598,253,56,55
2023,2023cada,Week 4,4135,701,2637,5700,5728,2367,113,83
2023,2023cada,Week 4,1678,7137,1458,2288,2035,5274,135,96
2023,2023cada,Week 4,4159,6981,6662,7401,4643,5458,92,79
2023,2023cada,Week 4,1072,7686,3482,2141,3189,5419,65,78
2023,2023cada,Week 4,3598,199,8091,3501,2204,766,58,100
2023,2023cada,Week 4,6619,1662,8793,7667,2551,8768,85,114
2023,2023cada,Week 4,253,3257,5026,7528,751,4135,118,59
2023,2023cada,Week 4,254,1280,5700,2489,6941,9114,138,72
2023,2023cada,Week 4,2141,4643,2367,5458,5419,1678,43,149
2023,2023cada,Week 4,2035,701,7686,6981,3598,3189,30,66
2023,2023cada,Week 4,3501,1458,5274,8793,3482,2204,76,77
2023,2023cada,Week 4,6662,2551,253,4135,2288,5026,102,108
2023,2023cada,Week 4,9114,7401,4159,6941,6619,766,54,110
2023,2023cada,Week 4,199,254,7667,8768,5700,3257,145,102
2023,2023cada,Week 4,1662,8091,7528,2489,7137,5728,61,62
2023,2023cada,Week 4,2637,751,5458,1280,1072,3598,63,99
2023,2023casd,Week 4,7589,3704,4322,1538,1572,2485,98,130
2023,2023casd,Week 4,4160,8020,8006,1622,4141,6695,92,105
2023,2023casd,Week 4,5025,4919,5474,8891,2839,3647,61,107
2023,2023casd,Week 4,6417,1266,589,2827,3749,8870,94,63
2023,2023casd,Week 4,1972,2102,973,6560,6995,6885,106,95
2023,2023casd,Week 4,6515,3341,599,8119,702,4419,98,46
2023,2023casd,Week 4,5993,4984,3128,4738,4276,3965,81,94
2023,2023casd,Week 4,3473,812,2984,5285,8537,3255,78,82
2023,2023casd,Week 4,2543,3647,6695,2658,2839,2827,112,70
2023,2023casd,Week 4,6995,8870,8891,7589,1622,8020,78,83
2023,2023casd,Week 4,4919,589,8006,4419,1972,6417,53,60
2023,2023casd,Week 4,4160,3128,8119,5474,4322,6560,58,89
2023,2023casd,Week 4,3341,3749,4141,973,6515,3473,56,105
2023,2023casd,Week 4,1572,3255,4738,5025,2102,3965,152,89
2023,2023casd,Week 4,6885,8537,2543,599,4984,4276,57,127
2023,2023casd,Week 4,1266,3704,2658,5993,702,5285,55,52
2023,2023casd,Week 4,2485,2984,5474,812,1538,4419,78,140
2023,2023casd,Week 4,3647,3473,3128,6695,1972,6995,137,106
2023,2023casd,Week 4,6417,973,4322,8891,3255,5025,139,103
2023,2023casd,Week 4,8006,3965,6515,6560,2827,8537,33,90
2023,2023casd,Week 4,6885,1622,4984,4919,1572,1266,79,73
2023,2023casd,Week 4,812,2485,7589,4141,5993,2543,82,86
2023,2023casd,Week 4,589,599,2839,3704,5285,3341,101,52
2023,2023casd,Week 4,8870,702,2658,2102,2984,4160,34,100
2023,2023casd,Week 4,4276,8020,1538,4738,8119,3749,130,88
2023,2023casd,Week 4,1266,6695,973,3965,4919,4322,112,82
2023,2023casd,Week 4,6995,2827,1572,5993,4419,3255,85,122
2023,2023casd,Week 4,3128,6515,6885,589,5285,7589,53,61
2023,2023casd,Week 4,1622,6417,6560,2839,5474,4141,125,94
2023,2023casd,Week 4,8891,2102,2543,8119,8006,3473,69,100
2023,2023casd,Week 4,8537,5025,4276,2658,1538,3341,55,114
2023,2023casd,Week 4,8870,4738,8020,3704,812,3647,108,106
2023,2023casd,Week 4,1972,2984,4984,599,3749,4160,33,128
2023,2023casd,Week 4,702,6995,6515,4919,6695,2485,103,91
2023,2023casd,Week 4,4419,6885,5285,6417,3965,8119,77,73
2023,2023casd,Week 4,1538,8891,1266,3341,2839,2102,89,92
2023,2023casd,Week 4,2543,8020,2827,973,5025,3128,106,124
2023,2023casd,Week 4,599,4141,8537,8870,3647,1572,111,96
2023,2023casd,Week 4,2984,4322,1622,3704,4276,1972,112,71
2023,2023casd,Week 4,589,4160,6560,2485,4738,5993,106,153
2023,2023casd,Week 4,3255,5474,4984,7589,8006,702,79,65
2023,2023casd,Week 4,6885,3473,3749,812,2658,4919,62,53
2023,2023casd,Week 4,1266,4419,2102,8020,3128,4141,86,99
2023,2023casd,Week 4,2984,1572,6417,2543,6995,3341,103,106
2023,2023casd,Week 4,6695,8119,5025,8537,1972,2485,105,94
2023,2023casd,Week 4,4738,599,3704,8006,973,5474,126,125
2023,2023casd,Week 4,2827,812,4160,4276,7589,8891,58,67
2023,2023casd,Week 4,1622,3647,702,3749,589,3965,123,60
2023,2023casd,Week 4,3473,5993,2839,4984,4322,6515,110,87
2023,2023casd,Week 4,6560,2658,5285,3255,1538,8870,96,117
2023,2023casd,Week 4,3128,2485,2102,2984,973,599,141,112
2023,2023casd,Week 4,1572,6695,8006,4276,1266,812,81,76
2023,2023casd,Week 4,3341,4919,8119,2827,7589,4738,50,100
2023,2023casd,Week 4,2839,4160,702,3473,6417,8537,131,97
2023,2023casd,Week 4,4141,2658,6995,4984,8891,589,91,45
2023,2023casd,Week 4,3965,8870,5993,1538,5474,1972,62,110
2023,2023casd,Week 4,3749,5285,1622,4322,2543,4419,88,97
2023,2023casd,Week 4,6515,6560,3704,5025,6885,3647,58,78
2023,2023casd,Week 4,3255,4276,4919,8020,2485,599,99,161
2023,2023casd,Week 4,1572,8119,2839,2658,3128,2984,127,91
2023,2023casd,Week 4,973,7589,1538,6695,589,3473,146,99
2023,2023casd,Week 4,5474,3965,6995,4322,3341,2827,114,78
2023,2023casd,Week 4,3647,4984,6417,2102,1622,812,143,75
2023,2023casd,Week 4,4160,3704,3255,6515,2543,1266,124,87
2023,2023casd,Week 4,3749,5025,5993,8006,8870,6885,81,51
2023,2023casd,Week 4,5285,4738,1972,4141,4419,8891,110,109
2023,2023casd,Week 4,8020,6560,973,702,8537,1572,145,30
2023,2023casd,Week 4,3965,2827,1622,2485,3473,2658,91,132
2023,2023casd,Week 4,5474,2543,4276,2102,6515,589,98,73
2023,2023casd,Week 4,8119,599,812,6995,1266,5025,113,120
2023,2023casd,Week 4,5285,8006,1538,3647,4160,4919,103,85
2023,2023casd,Week 4,4419,3341,6695,4984,6560,8870,98,162
2023,2023casd,Week 4,4322,4141,4738,702,6885,2984,137,29
2023,2023casd,Week 4,8537,8891,3704,3128,3255,3749,41,133
2023,2023casd,Week 4,1972,5993,7589,2839,6417,8020,42,101
2023,2023tuis,Week 4,9095,8862,6459,7748,9029,8754,35,14
2023,2023tuis,Week 4,6430,8159,6024,6353,8079,8800,40,53
2023,2023tuis,Week 4,6940,7742,7285,8863,8146,9232,104,60
2023,2023tuis,Week 4,8264,6989,6431,6415,8209,7729,22,30
2023,2023tuis,Week 4,8798,6025,9089,9077,8173,9185,44,49
2023,2023tuis,Week 4,6436,9124,8263,5655,8240,7683,69,55
2023,2023tuis,Week 4,9247,7466,8015,7292,2905,9265,44,34
2023,2023tuis,Week 4,9026,7576,6014,8500,9231,8796,56,43
2023,2023tuis,Week 4,6431,6353,8159,9029,6989,6459,40,27
2023,2023tuis,Week 4,8264,8798,7742,8079,6025,8146,26,43
2023,2023tuis,Week 4,8173,8754,7683,6415,6430,6940,33,51
2023,2023tuis,Week 4,9265,9095,9089,7748,9124,7285,12,82
2023,2023tuis,Week 4,2905,9026,8209,6014,8263,5655,19,64
2023,2023tuis,Week 4,6436,8796,8862,7466,7729,8863,110,44
2023,2023tuis,Week 4,8015,8800,9231,8240,9185,9247,40,33
2023,2023tuis,Week 4,9232,7576,8500,6024,7292,9077,121,66
2023,2023tuis,Week 4,9124,7683,6353,6431,7742,8146,49,26
2023,2023tuis,Week 4,6989,8159,9026,6025,7748,2905,32,40
2023,2023tuis,Week 4,7466,8264,8173,8754,6459,8263,67,47
2023,2023tuis,Week 4,9029,8863,8796,6430,8240,8209,32,24
2023,2023tuis,Week 4,9077,6415,8798,7285,5655,8015,46,89
2023,2023tuis,Week 4,7292,8500,9089,6014,8862,9231,29,42
2023,2023tuis,Week 4,9095,9232,7729,9247,8800,7576,40,74
2023,2023tuis,Week 4,9185,9265,6940,6436,8079,6024,35,81
2023,2023tuis,Week 4,8754,9124,8146,8159,8796,7748,52,59
2023,2023tuis,Week 4,7683,8015,6025,8209,6459,8863,22,47
2023,2023tuis,Week 4,9089,8240,8173,7742,6353,7466,67,27
2023,2023tuis,Week 4,2905,7285,6415,8862,8800,8500,91,17
2023,2023tuis,Week 4,6989,6014,6436,8263,6024,8798,68,44
2023,2023tuis,Week 4,9026,6940,8079,7576,9077,9029,51,55
2023,2023tuis,Week 4,9185,6430,8264,9247,7292,9095,25,45
2023,2023tuis,Week 4,5655,7729,6431,9232,9265,9231,33,57
2023,2023tuis,Week 4,8240,8146,8800,9089,8754,8209,52,7
2023,2023tuis,Week 4,2905,6024,6353,8796,7683,6415,53,46
2023,2023tuis,Week 4,7742,8263,7576,7748,8015,8798,86,39
2023,2023tuis,Week 4,8173,6436,9247,6014,9029,9124,67,74
2023,2023tuis,Week 4,9095,8863,8500,9265,6989,8079,28,62
2023,2023tuis,Week 4,7729,9185,7292,6459,5655,9026,23,70
2023,2023tuis,Week 4,9232,9077,6430,9231,7466,8159,50,44
2023,2023tuis,Week 4,8862,6431,7285,6025,6940,8264,74,59
2023,2023tuis,Week 4,8800,8754,2905,8798,7576,6353,31,61
2023,2023tuis,Week 4,8209,7742,9095,8500,6415,6436,41,65
2023,2023tuis,Week 4,8146,9089,5655,8863,6024,9247,40,50
2023,2023tuis,Week 4,6459,9232,9185,9124,8796,6989,56,47
2023,2023tuis,Week 4,9026,8264,8862,8015,8159,8240,59,86
2023,2023tuis,Week 4,7292,9231,6025,6940,8263,9029,38,35
2023,2023tuis,Week 4,7683,6014,7748,7466,8079,9077,46,52
2023,2023tuis,Week 4,7729,7285,9265,6430,8173,6431,82,38
2023,2023tuis,Week 4,8146,9247,6415,7576,6436,6459,24,65
2023,2023tuis,Week 4,8863,2905,6989,9089,9026,9124,54,54
2023,2023tuis,Week 4,8796,6940,5655,8159,8264,9095,59,57
2023,2023tuis,Week 4,9029,7683,7466,8798,8500,9185,40,52
2023,2023tuis,Week 4,6024,8209,8015,9231,7729,8754,29,38
2023,2023tuis,Week 4,8079,8173,7748,8240,6431,7292,77,44
2023,2023tuis,Week 4,6025,6014,9265,6353,7285,9232,62,80
2023,2023tuis,Week 4,8800,6430,8263,7742,9077,8862,45,78
2023,2023tuis,Week 4,9124,8798,6940,8500,9247,9026,53,23
2023,2023tuis,Week 4,8159,6415,9029,7683,9089,7729,54,28
2023,2023tuis,Week 4,8209,9231,8079,6459,2905,8173,41,62
2023,2023tuis,Week 4,6024,7466,8240,7285,9095,6025,59,45
2023,2023tuis,Week 4,8263,6431,8863,8754,9185,6014,36,46
2023,2023tuis,Week 4,9077,9265,8796,8800,7292,7742,62,33
2023,2023tuis,Week 4,7576,8146,6989,5655,8862,6430,60,70
2023,2023tuis,Week 4,6353,7748,8264,8015,6436,9232,64,58
2023,2023tuis,Week 4,8079,9247,9124,6415,6025,7466,53,33
2023,2023tuis,Week 4,7729,6459,8240,6940,8500,6014,72,85
2023,2023tuis,Week 4,8263,8209,7292,7285,8798,8159,41,99
2023,2023tuis,Week 4,6989,5655,6024,8173,9029,7742,71,47
2023,2023tuis,Week 4,9231,7748,7576,8264,8863,8800,91,25
2023,2023tuis,Week 4,8796,8015,6430,6431,9089,6436,74,53
2023,2023tuis,Week 4,8146,6353,9077,9185,9095,2905,91,44
2023,2023tuis,Week 4,8862,9232,8754,9265,9026,7683,49,55
2023,2023inwla,Week 4,2197,8742,5010,2867,461,7457,98,152
2023,2023inwla,Week 4,4272,1720,447,3936,3865,5402,117,39
2023,2023inwla,Week 4,4926,6498,328,829,1018,7477,122,105
2023,2023inwla,Week 4,135,3176,1741,8116,292,3147,132,91
2023,2023inwla,Week 4,4982,7198,6956,1646,1024,1747,61,128
2023,2023inwla,Week 4,4485,5010,829,9071,328,3865,122,63
2023,2023inwla,Week 4,8116,8742,3176,1018,6498,1720,91,76
2023,2023inwla,Week 4,7477,1024,461,6956,1741,4272,135,87
2023,2023inwla,Week 4,3936,4926,7198,3147,2867,1646,45,118
2023,2023inwla,Week 4,135,7457,2197,4982,5402,9071,133,67
2023,2023inwla,Week 4,4485,447,8742,1747,292,1720,65,101
2023,2023inwla,Week 4,7477,6956,1646,3865,5010,1018,85,105
2023,2023inwla,Week 4,461,829,328,8116,3936,135,137,74
2023,2023inwla,Week 4,3147,7198,6498,447,5402,4926,104,113
2023,2023inwla,Week 4,2867,2197,292,1024,3176,9071,91,114
2023,2023inwla,Week 4,1747,4272,4485,7457,1741,4982,85,122
2023,2023inwla,Week 4,3147,135,5010,3936,6956,8742,138,77
2023,2023inwla,Week 4,447,1018,7198,461,2197,3176,74,140
2023,2023inwla,Week 4,1741,292,5402,1747,2867,829,98,116
2023,2023inwla,Week 4,7477,9071,6498,4272,8116,328,56,84
2023,2023inwla,Week 4,1646,1720,3865,1024,4982,4926,67,125
2023,2023inwla,Week 4,7457,3936,292,461,1741,4485,101,132
2023,2023inwla,Week 4,5010,3176,4272,5402,3147,6956,117,109
2023,2023inwla,Week 4,1646,9071,447,2867,135,8742,65,122
2023,2023inwla,Week 4,7457,1024,1018,6498,4485,3865,143,83
2023,2023inwla,Week 4,328,4982,1747,2197,8116,1720,63,63
2023,2023inwla,Week 4,4926,7477,4272,9071,829,7198,116,76
2023,2023inwla,Week 4,8742,6498,1646,2867,3865,1741,94,88
2023,2023inwla,Week 4,1018,2197,3936,292,447,5010,89,129
2023,2023inwla,Week 4,328,7198,5402,1720,6956,7457,81,116
2023,2023inwla,Week 4,4485,8116,4982,3176,3147,7477,66,119
2023,2023inwla,Week 4,1024,829,135,4926,461,1747,106,114
2023,2023inwla,Week 4,1720,1741,3936,7198,1646,5010,69,86
2023,2023inwla,Week 4,3176,328,2867,447,7477,4982,67,63
2023,2023inwla,Week 4,6498,135,1747,3865,6956,2197,123,83
2023,2023inwla,Week 4,5402,8116,1018,4485,4926,7457,93,120
2023,2023inwla,Week 4,461,3147,9071,292,8742,1024,113,119
2023,2023inwla,Week 4,4272,3936,2867,829,6498,3176,106,91
2023,2023inwla,Week 4,1741,5010,7477,2197,1747,5402,122,98
2023,2023inwla,Week 4,1720,4926,9071,6956,461,135,81,128
2023,2023inwla,Week 4,1024,4485,3147,328,8742,447,131,50
2023,2023inwla,Week 4,829,4982,1646,4272,1018,292,125,142
2023,2023inwla,Week 4,8116,3865,461,3176,7198,7457,110,139
2023,2023inwla,Week 4,1741,2197,1024,9071,4485,3936,117,76
2023,2023inwla,Week 4,829,1720,3147,5010,5402,6498,158,66
2023,2023inwla,Week 4,6956,1747,447,7457,1646,8116,76,133
2023,2023inwla,Week 4,292,3865,4926,135,7477,328,115,84
2023,2023inwla,Week 4,4982,1018,2867,7198,4272,8742,109,49
2023,2023inwla,Week 4,9071,1747,1741,3147,447,3936,128,92
2023,2023inwla,Week 4,3865,7457,829,5010,1720,1024,97,156
2023,2023inwla,Week 4,6498,2867,8116,7198,135,4485,114,44
2023,2023inwla,Week 4,292,328,6956,2197,4272,4982,116,93
2023,2023inwla,Week 4,8742,5402,461,1646,3176,4926,144,123
2023,2023inwla,Week 4,1018,3147,1741,7477,2867,1720,150,84
2023,2023inwla,Week 4,447,1024,8116,135,4272,3865,113,91
2023,2023inwla,Week 4,3176,4485,6956,4926,829,2197,55,122
2023,2023inwla,Week 4,3936,5010,461,4982,292,6498,126,96
2023,2023inwla,Week 4,1747,7477,7198,8742,9071,1018,24,120
2023,2023inwla,Week 4,5402,7457,4272,328,1646,2197,144,97
2023,2023inwla,Week 4,1720,4982,3176,1741,447,829,119,118
2023,2023inwla,Week 4,3865,1747,3147,7198,461,292,57,124
2023,2023inwla,Week 4,6956,4926,8116,5010,9071,2867,117,131
2023,2023inwla,Week 4,8742,7457,7477,6498,3936,1024,101,100
2023,2023inwla,Week 4,5402,1646,135,1018,328,4485,124,93
2023,2023mabos,Week 4,6731,6933,5494,5563,125,190,91,79
2023,2023mabos,Week 4,4176,151,8023,8567,7822,5347,67,34
2023,2023mabos,Week 4,6201,1757,2067,2713,5459,4169,99,117
2023,2023mabos,Week 4,8626,238,3461,237,2084,5735,76,77
2023,2023mabos,Week 4,2877,8709,1761,4909,5687,97,79,105
2023,2023mabos,Week 4,4041,5000,8708,1922,4311,246,107,92
2023,2023mabos,Week 4,230,8013,125,3467,6933,7822,146,93
2023,2023mabos,Week 4,5347,2067,3461,1757,2084,8567,102,62
2023,2023mabos,Week 4,1761,8626,6731,5459,151,6201,34,76
2023,2023mabos,Week 4,8708,97,237,2713,5000,246,84,110
2023,2023mabos,Week 4,5563,4176,5735,5687,5494,4311,60,92
2023,2023mabos,Week 4,4169,1922,8709,238,230,190,92,116
2023,2023mabos,Week 4,8013,3467,2877,8023,4041,4909,156,88
2023,2023mabos,Week 4,5459,237,7822,97,2084,8626,82,58
2023,2023mabos,Week 4,8567,6933,4311,1761,3461,5000,84,75
2023,2023mabos,Week 4,238,1757,5687,1922,151,2713,116,116
2023,2023mabos,Week 4,8708,2877,5563,8023,4169,125,97,116
2023,2023mabos,Week 4,246,5494,230,6731,5347,8013,122,92
2023,2023mabos,Week 4,3467,2067,5735,8709,4176,4909,130,82
2023,2023mabos,Week 4,4041,190,6933,8626,6201,7822,110,44
2023,2023mabos,Week 4,5563,238,2084,1757,2877,151,100,113
2023,2023mabos,Week 4,1761,5687,1922,8023,8567,246,102,111
2023,2023mabos,Week 4,237,5494,4169,4311,5459,3467,69,112
2023,2023mabos,Week 4,125,5735,6731,5347,4041,2713,88,93
2023,2023mabos,Week 4,8709,230,5000,4176,2067,8013,103,142
2023,2023mabos,Week 4,3461,8708,4909,6201,97,190,113,60
2023,2023mabos,Week 4,246,5687,3467,1922,8626,6933,145,105
2023,2023mabos,Week 4,5459,4041,5494,151,1761,4169,109,49
2023,2023mabos,Week 4,2713,8023,2877,230,4176,6731,135,98
2023,2023mabos,Week 4,5563,8567,5000,5735,7822,97,119,74
2023,2023mabos,Week 4,2084,5347,8708,4311,8709,238,41,89
2023,2023mabos,Week 4,4909,6201,237,1757,3461,8013,90,128
2023,2023mabos,Week 4,190,8023,8626,2067,125,4041,79,138
2023,2023mabos,Week 4,7822,246,2877,5687,5735,2713,127,132
2023,2023mabos,Week 4,5459,8708,6731,5347,3467,8709,67,89
2023,2023mabos,Week 4,5000,4311,97,6201,230,2084,89,104
2023,2023mabos,Week 4,1922,4176,1757,6933,8013,1761,136,68
2023,2023mabos,Week 4,2067,190,5494,8567,237,238,92,106
2023,2023mabos,Week 4,125,3461,151,4909,4169,5563,88,101
2023,2023mabos,Week 4,4311,6731,6201,5000,5687,5459,62,124
2023,2023mabos,Week 4,7822,1922,8013,5735,8709,8626,89,63
2023,2023mabos,Week 4,2084,2713,6933,97,5494,8023,103,86
2023,2023mabos,Week 4,190,1757,5347,3461,5563,3467,76,112
2023,2023mabos,Week 4,4169,246,2067,125,237,4176,93,120
2023,2023mabos,Week 4,230,4909,8567,8708,1761,238,131,89
2023,2023mabos,Week 4,151,4041,8709,2877,6201,5494,105,76
2023,2023mabos,Week 4,5000,8023,3467,8626,5459,5563,158,89
2023,2023mabos,Week 4,97,2713,4176,190,1922,3461,76,98
2023,2023mabos,Week 4,4909,7822,2067,6731,246,1757,127,72
2023,2023mabos,Week 4,151,238,6933,5735,4311,230,73,118
2023,2023mabos,Week 4,4041,8013,2084,8708,4169,8567,132,57
2023,2023mabos,Week 4,125,1761,5347,5687,2877,237,79,96
2023,2023mabos,Week 4,246,6201,8709,5494,3461,7822,99,90
2023,2023mabos,Week 4,8626,4909,1757,238,5000,4176,124,97
2023,2023mabos,Week 4,8567,190,5735,230,5459,8023,84,150
2023,2023mabos,Week 4,2067,8708,151,6933,5347,2877,83,122
2023,2023mabos,Week 4,2084,125,4311,3467,6731,1922,82,126
2023,2023mabos,Week 4,4169,8013,5687,1761,97,5563,103,61
2023,2023mabos,Week 4,237,2713,230,4041,5735,1757,125,152
2023,2023mabos,Week 4,8709,8023,3461,5347,5000,151,91,84
2023,2023mabos,Week 4,238,1922,5459,246,4909,125,113,151
2023,2023mabos,Week 4,190,4311,1761,2877,8626,2067,46,123
2023,2023mabos,Week 4,7822,2084,5687,5494,8708,4176,111,94
2023,2023mabos,Week 4,6933,97,4169,6731,237,4041,124,93
2023,2023mabos,Week 4,8013,5563,6201,3467,2713,8567,103,141
2023,2023mabos,Week 4,2877,125,5459,3461,5735,246,115,113
2023,2023mabos,Week 4,5494,5347,1922,5000,190,4909,71,103
2023,2023mabos,Week 4,237,1757,1761,8023,7822,8708,103,105
2023,2023mabos,Week 4,4176,8567,6201,151,6731,2084,77,35
2023,2023mabos,Week 4,97,3467,4041,2713,2067,238,106,118
2023,2023mabos,Week 4,4169,230,8626,6933,8709,5687,73,140
2023,2023mabos,Week 4,4311,5563,5347,8013,246,190,73,111
2023,2023mabos,Week 4,4176,1761,5459,2084,2877,1922,74,134
2023,2023mabos,Week 4,5735,238,8023,6201,3467,8708,119,107
2023,2023mabos,Week 4,7822,6731,5000,3461,4169,4041,81,91
2023,2023mabos,Week 4,8709,8567,97,1757,6933,125,75,130
2023,2023mabos,Week 4,5687,151,230,2067,5563,237,136,94
2023,2023mabos,Week 4,5494,4909,2713,8013,8626,4311,121,106
2023,2023mdtim,Week 4,2849,5338,6326,116,1418,614,99,115
2023,2023mdtim,Week 4,8514,3748,5115,2537,888,5549,60,95
2023,2023mdtim,Week 4,8197,2377,7886,6239,7770,2914,48,18
2023,2023mdtim,Week 4,2199,4821,3793,2186,686,2421,104,55
2023,2023mdtim,Week 4,2534,9072,1719,1895,5830,1111,49,69
2023,2023mdtim,Week 4,8726,1629,1727,6863,836,4541,114,109
2023,2023mdtim,Week 4,5115,8197,116,1418,7886,5549,59,60
2023,2023mdtim,Week 4,614,7770,2186,3748,6326,2537,61,93
2023,2023mdtim,Week 4,2534,4821,1895,1111,2914,2377,37,85
2023,2023mdtim,Week 4,1719,5338,836,6863,888,2421,97,85
2023,2023mdtim,Week 4,1629,8514,5830,686,9072,3793,51,97
2023,2023mdtim,Week 4,4541,1727,6239,2199,2849,8726,84,91
2023,2023mdtim,Week 4,5549,5115,4821,6326,8197,2534,86,52
2023,2023mdtim,Week 4,2914,6863,614,2186,888,5338,62,73
2023,2023mdtim,Week 4,7886,3748,7770,3793,1719,5830,75,93
2023,2023mdtim,Week 4,2849,1418,1629,8726,4541,2377,80,87
2023,2023mdtim,Week 4,836,116,1111,2199,1727,8514,123,124
2023,2023mdtim,Week 4,6239,686,2537,9072,1895,2421,46,64
2023,2023mdtim,Week 4,5549,2914,8197,614,3793,5338,52,136
2023,2023mdtim,Week 4,1719,2186,1418,2377,2849,2534,45,72
2023,2023mdtim,Week 4,8726,8514,6863,1727,1111,3748,39,128
2023,2023mdtim,Week 4,5830,116,6326,2421,2537,4821,102,71
2023,2023mdtim,Week 4,1895,836,888,7770,4541,9072,103,69
2023,2023mdtim,Week 4,7886,6239,2199,686,5115,1629,79,108
2023,2023mdtim,Week 4,8514,3793,2914,614,1727,2377,49,106
2023,2023mdtim,Week 4,5338,2421,8197,2534,8726,3748,88,41
2023,2023mdtim,Week 4,7770,2537,836,4821,888,1418,42,86
2023,2023mdtim,Week 4,4541,1111,5115,2186,5549,5830,110,48
2023,2023mdtim,Week 4,2849,686,1895,7886,6863,6326,108,68
2023,2023mdtim,Week 4,2199,9072,116,6239,1719,1629,86,86
2023,2023mdtim,Week 4,7770,2377,888,1727,2534,3793,96,89
2023,2023mdtim,Week 4,8726,614,8197,5830,5115,836,108,66
2023,2023mdtim,Week 4,2421,8514,7886,1895,5338,4541,63,110
2023,2023mdtim,Week 4,2186,6239,4821,1719,5549,116,62,102
2023,2023mdtim,Week 4,686,6326,1418,6863,9072,1111,84,64
2023,2023mdtim,Week 4,2849,2914,2537,1629,2199,3748,63,85
2023,2023mdtim,Week 4,2421,7770,2534,5115,614,7886,49,98
2023,2023mdtim,Week 4,836,2377,6239,4821,8514,4541,108,39
2023,2023mdtim,Week 4,1719,686,1727,5338,1418,9072,105,75
2023,2023mdtim,Week 4,116,1895,8726,2914,3748,2186,92,83
2023,2023mdtim,Week 4,5549,3793,2849,888,2199,5830,89,101
2023,2023mdtim,Week 4,1629,2537,6863,1111,8197,6326,124,98
2023,2023mdtim,Week 4,1418,2421,5115,614,1719,8514,101,73
2023,2023mdtim,Week 4,1727,7886,9072,2914,4821,116,110,65
2023,2023mdtim,Week 4,3748,5338,2377,5830,6239,2849,118,69
2023,2023mdtim,Week 4,5549,4541,2199,686,6863,2534,113,78
2023,2023mdtim,Week 4,3793,1111,7770,6326,836,8726,79,125
2023,2023mdtim,Week 4,2537,2186,1895,888,8197,1629,92,105
2023,2023mdtim,Week 4,4821,3748,614,8514,6239,5338,87,51
2023,2023mdtim,Week 4,2914,5830,1727,5115,2534,2199,118,114
2023,2023mdtim,Week 4,2377,116,6863,836,7886,686,84,80
2023,2023mdtim,Week 4,6326,1629,5549,1895,7770,1719,123,75
2023,2023mdtim,Week 4,9072,2849,888,2421,8726,1111,90,110
2023,2023mdtim,Week 4,4541,3793,2186,1418,2537,8197,79,94
2023,2023mdtim,Week 4,2534,836,2914,8514,116,686,35,112
2023,2023mdtim,Week 4,5338,2199,6863,4821,5830,7770,111,53
2023,2023mdtim,Week 4,3748,2421,5549,2377,1629,9072,67,91
2023,2023mdtim,Week 4,4541,614,2849,3793,1895,5115,98,85
2023,2023mdtim,Week 4,6326,1719,888,8197,1727,2186,88,119
2023,2023mdtim,Week 4,2537,1111,7886,6239,8726,1418,99,43
2023,2023mdtim,Week 4,5830,2534,5338,836,1629,4821,84,86
2023,2023mdtim,Week 4,9072,5549,8514,7770,6863,2849,64,66
2023,2023mdtim,Week 4,8197,1895,3748,116,2421,1727,51,100
2023,2023mdtim,Week 4,888,614,686,7886,2186,8726,127,41
2023,2023mdtim,Week 4,3793,6326,6239,1418,2914,4541,69,112
2023,2023mdtim,Week 4,1111,2199,1719,5115,2377,2537,132,115
2023,2023mdtim,Week 4,6863,5830,2421,1727,5549,7770,67,125
2023,2023mdtim,Week 4,8197,4821,686,3748,2849,836,94,108
2023,2023mdtim,Week 4,888,8726,3793,116,2534,6239,78,82
2023,2023mdtim,Week 4,2537,4541,1719,5338,5115,2914,82,116
2023,2023mdtim,Week 4,2377,2186,2199,9072,6326,614,73,87
2023,2023mdtim,Week 4,1111,1418,8514,1629,7886,1895,67,103
2023,2023mitry,Week 4,2960,5498,8364,8623,7188,9212,111,44
2023,2023mitry,Week 4,1,5619,8774,6566,247,7716,39,41
2023,2023mitry,Week 4,6152,1718,8124,6344,4758,9226,149,73
2023,2023mitry,Week 4,1188,5225,68,9204,1250,6089,78,37
2023,2023mitry,Week 4,201,8826,5214,2851,9252,818,33,96
2023,2023mitry,Week 4,573,226,4130,5239,217,7247,123,64
2023,2023mitry,Week 4,67,469,5436,8115,9205,4776,133,49
2023,2023mitry,Week 4,8774,9226,6566,8124,9212,8364,71,18
2023,2023mitry,Week 4,1,7188,7716,5225,4758,5619,86,23
2023,2023mitry,Week 4,247,6089,2960,6344,1250,2851,76,101
2023,2023mitry,Week 4,573,9252,5239,68,4130,201,83,126
2023,2023mitry,Week 4,818,9205,67,226,5436,8623,114,102
2023,2023mitry,Week 4,469,7247,6152,1718,5498,1188,46,115
2023,2023mitry,Week 4,8115,5214,9204,8826,4776,217,23,90
2023,2023mitry,Week 4,7188,2851,4758,6566,6344,9212,60,76
2023,2023mitry,Week 4,2960,7716,9252,8124,5225,5239,90,21
2023,2023mitry,Week 4,6089,226,1,8364,573,201,125,82
2023,2023mitry,Week 4,6152,8774,1250,5619,4130,67,87,127
2023,2023mitry,Week 4,217,1188,818,7247,8115,1718,115,132
2023,2023mitry,Week 4,469,9204,8623,9226,68,8826,33,86
2023,2023mitry,Week 4,5436,4776,247,9205,5214,5498,126,49
2023,2023mitry,Week 4,4758,8124,9252,7188,5239,6344,23,120
2023,2023mitry,Week 4,9212,67,226,1250,201,5225,158,69
2023,2023mitry,Week 4,6152,8364,8115,573,818,1,58,134
2023,2023mitry,Week 4,8774,9204,4130,469,1718,2960,63,133
2023,2023mitry,Week 4,6566,217,5214,68,5436,6089,88,112
2023,2023mitry,Week 4,9205,7716,5619,8623,1188,8826,18,58
2023,2023mitry,Week 4,5498,4776,7247,247,2851,9226,86,101
2023,2023mitry,Week 4,6344,1,8115,9212,201,5239,91,12
2023,2023mitry,Week 4,573,2960,8124,4758,9204,818,119,81
2023,2023mitry,Week 4,7188,5436,217,4130,469,1250,118,118
2023,2023mitry,Week 4,8364,68,1718,5214,7716,1188,110,44
2023,2023mitry,Week 4,9226,8623,9205,2851,8774,226,45,104
2023,2023mitry,Week 4,67,5225,4776,5619,6152,5498,87,54
2023,2023mitry,Week 4,8826,6089,6566,7247,9252,247,28,56
2023,2023mitry,Week 4,5436,818,8115,201,7188,8124,95,60
2023,2023mitry,Week 4,6344,9204,1188,4130,5214,1,70,97
2023,2023mitry,Week 4,469,9226,573,7716,9212,4758,133,28
2023,2023mitry,Week 4,4776,1718,2851,67,8623,8364,113,70
2023,2023mitry,Week 4,5239,1250,226,8826,5498,9252,107,51
2023,2023mitry,Week 4,5619,217,6089,9205,247,6152,83,73
2023,2023mitry,Week 4,68,6566,7247,2960,8774,5225,85,86
2023,2023mitry,Week 4,5214,4758,469,8115,1188,8124,98,46
2023,2023mitry,Week 4,8623,2851,573,1,5436,9204,84,89
2023,2023mitry,Week 4,5498,4130,7716,1250,8364,818,97,81
2023,2023mitry,Week 4,5239,247,8826,1718,6089,67,19,137
2023,2023mitry,Week 4,9226,7247,5225,9252,6344,9205,45,52
2023,2023mitry,Week 4,8774,201,217,6152,6566,7188,99,88
2023,2023mitry,Week 4,9212,5619,2960,226,68,4776,72,125
2023,2023mitry,Week 4,1250,8623,5498,4758,573,8115,85,84
2023,2023mitry,Week 4,818,6089,5214,5239,1,1718,79,109
2023,2023mitry,Week 4,247,8364,6344,5225,8826,5436,79,65
2023,2023mitry,Week 4,2851,201,1188,7716,469,8774,68,80
2023,2023mitry,Week 4,4776,7188,4130,226,8124,6566,110,62
2023,2023mitry,Week 4,9252,9226,5619,217,2960,67,64,138
2023,2023mitry,Week 4,9212,6152,68,7247,9205,9204,101,24
2023,2023mitry,Week 4,5225,5214,6344,6089,5498,573,53,78
2023,2023mitry,Week 4,5436,4758,1718,8115,8826,8774,115,59
2023,2023mitry,Week 4,6566,5239,8623,201,226,247,19,97
2023,2023mitry,Week 4,1,2960,4776,9252,217,469,105,98
2023,2023mitry,Week 4,8364,5619,9204,7247,818,7188,33,68
2023,2023mitry,Week 4,9205,68,1250,7716,8124,9226,103,76
2023,2023mitry,Week 4,4130,9212,2851,1188,67,6152,87,136
2023,2023mitry,Week 4,226,1718,8826,5225,6566,5498,105,58
2023,2023mitry,Week 4,6089,6344,469,8623,8774,4758,102,18
2023,2023mitry,Week 4,9204,9252,201,818,247,5619,74,80
2023,2023mitry,Week 4,5436,573,7247,4776,7716,1250,122,125
2023,2023mitry,Week 4,7188,8115,9226,5214,6152,2960,84,110
2023,2023mitry,Week 4,1188,9205,9212,8364,4130,5239,78,39
2023,2023mitry,Week 4,8124,1,217,2851,67,68,114,150
2023,2023mitry,Week 4,5498,469,247,1718,5619,6566,103,100
2023,2023mitry,Week 4,818,8826,6344,8774,4776,573,64,110
2023,2023mitry,Week 4,7716,8115,5225,9204,226,7188,54,115
2023,2023mitry,Week 4,6089,6152,4130,9226,9212,5436,92,110
2023,2023mitry,Week 4,68,5239,4758,217,2851,8364,64,106
2023,2023mitry,Week 4,67,1250,5214,201,2960,9205,112,89
2023,2023mitry,Week 4,8124,7247,8623,9252,1188,1,50,78
2023,2023mitry,Week 4,247,5225,7188,4776,818,469,75,127
2023,2023mitry,Week 4,5619,8115,226,4130,6344,5436,79,120
2023,2023mitry,Week 4,8826,8364,7716,217,9226,6152,44,120
2023,2023mitry,Week 4,2960,6566,2851,1718,573,9205,73,120
2023,2023mitry,Week 4,4758,67,201,1188,7247,6089,122,54
2023,2023mitry,Week 4,5498,5239,8774,9204,8124,68,73,38
2023,2023mitry,Week 4,1250,1,9212,5214,8623,9252,91,49
2023,2023ncpem,Week 4,9296,6240,9198,7443,4816,3822,43,69
2023,2023ncpem,Week 4,3229,7763,5190,7270,6214,5607,81,52
2023,2023ncpem,Week 4,7715,6502,435,6894,2640,8757,53,45
2023,2023ncpem,Week 4,3336,3737,9032,4828,8205,9297,52,24
2023,2023ncpem,Week 4,2642,4534,9042,6908,6729,8738,100,51
2023,2023ncpem,Week 4,6512,6894,435,5518,7715,9296,32,56
2023,2023ncpem,Week 4,3737,7270,9198,6214,8757,3336,57,53
2023,2023ncpem,Week 4,6502,5607,6729,3822,4534,6240,69,54
2023,2023ncpem,Week 4,6512,3229,4816,8738,8205,2642,68,94
2023,2023ncpem,Week 4,7443,7763,5518,4828,5190,9032,89,26
2023,2023ncpem,Week 4,2640,9297,3737,6502,9042,6908,41,38
2023,2023ncpem,Week 4,6729,7715,6894,3336,5607,3229,65,54
2023,2023ncpem,Week 4,2642,5190,4816,3822,8205,6512,87,41
2023,2023ncpem,Week 4,8757,9198,8738,9032,9042,7763,41,44
2023,2023ncpem,Week 4,435,7443,9296,9297,6214,6908,90,33
2023,2023ncpem,Week 4,4534,4828,2640,6240,7270,5518,38,51
2023,2023ncpem,Week 4,8757,3229,9042,8738,9032,6502,57,79
2023,2023ncpem,Week 4,8205,6729,7443,435,3737,7763,60,70
2023,2023ncpem,Week 4,5518,3822,2642,9297,4534,6894,99,117
2023,2023ncpem,Week 4,6908,7715,4816,9198,3336,4828,48,35
2023,2023ncpem,Week 4,9296,6240,5607,6512,2640,5190,52,90
2023,2023ncpem,Week 4,8757,7270,4534,8205,3229,6214,32,48
2023,2023ncpem,Week 4,9042,9297,435,6894,4816,4828,47,44
2023,2023ncpem,Week 4,3737,6908,6240,8738,6512,7763,47,75
2023,2023ncpem,Week 4,6729,5518,2640,9198,5190,6214,83,66
2023,2023ncpem,Week 4,6502,7443,7270,3822,3336,9296,70,96
2023,2023ncpem,Week 4,5607,6908,9032,7715,2642,3737,58,57
2023,2023ncpem,Week 4,9042,4828,8738,5190,5518,435,36,61
2023,2023ncpem,Week 4,3822,8757,9297,6240,6894,8205,29,122
2023,2023ncpem,Week 4,7763,6729,3336,4816,9296,7270,102,6
2023,2023ncpem,Week 4,7715,6214,6512,9032,7443,4534,58,82
2023,2023ncpem,Week 4,2640,5607,9198,3229,2642,6502,62,106
2023,2023ncpem,Week 4,7763,4828,3822,3737,9042,4816,68,44
2023,2023ncpem,Week 4,4534,8205,7715,5190,9296,8757,75,48
2023,2023ncpem,Week 4,9032,435,6214,5607,8738,5518,61,102
2023,2023ncpem,Week 4,3229,6894,6908,3336,6240,7443,50,38
2023,2023ncpem,Week 4,9297,6502,6512,2642,6729,7270,77,86
2023,2023ncpem,Week 4,9198,4816,8205,2640,435,3822,73,45
2023,2023ncpem,Week 4,8738,3336,7715,4534,3737,5190,46,86
2023,2023ncpem,Week 4,6894,9296,2642,6512,8757,6729,89,59
2023,2023ncpem,Week 4,9297,9032,7270,7443,9198,9042,45,55
2023,2023ncpem,Week 4,6908,5518,4828,6240,2640,3229,62,48
2023,2023ncpem,Week 4,6214,6502,9296,5607,7763,8205,72,90
2023,2023ncpem,Week 4,3737,6894,7443,4534,9198,6512,84,48
2023,2023ncpem,Week 4,5190,9042,3336,435,2642,6240,54,89
2023,2023ncpem,Week 4,7270,6908,7763,5518,3229,9297,48,86
2023,2023ncpem,Week 4,6214,8738,2640,9032,3822,7715,80,26
2023,2023ncpem,Week 4,6502,4828,8757,4816,5607,6729,101,70
2023,2023ncpem,Week 4,5518,6512,3336,9198,435,3229,75,51
2023,2023ncpem,Week 4,2640,9296,9042,7763,2642,9297,40,116
2023,2023ncpem,Week 4,5607,5190,3822,8757,6908,7443,99,59
2023,2023ncpem,Week 4,6214,4534,6729,4816,6240,9032,76,64
2023,2023ncpem,Week 4,8205,3737,6502,7270,8738,6894,90,39
2023,2023ncpem,Week 4,7715,9297,9198,4828,6512,5607,62,48
2023,2023ncpem,Week 4,4816,8757,5518,6908,3336,4534,84,66
2023,2023ncpem,Week 4,9296,9032,3229,6729,3822,3737,43,68
2023,2023ncpem,Week 4,5190,8738,6240,7270,2640,7715,64,58
2023,2023ncpem,Week 4,4828,7443,2642,9042,6214,6894,129,56
2023,2023ncpem,Week 4,8205,435,6908,7763,6502,4534,42,105
2023,2023ncpem,Week 4,3229,3822,8738,6729,9297,5190,33,119
2023,2023ncpem,Week 4,3336,4816,2640,9296,6512,3737,105,67
2023,2023ncpem,Week 4,6240,7763,6214,6894,9198,6502,59,90
2023,2023ncpem,Week 4,9042,5518,8205,7443,7715,5607,70,79
2023,2023ncpem,Week 4,2642,9032,8757,435,7270,4828,94,51
2023,2023nhdur,Week 4,6329,1247,8046,1512,133,5902,126,112
2023,2023nhdur,Week 4,6367,9101,58,1474,501,3597,75,68
2023,2023nhdur,Week 4,172,811,9055,6895,5265,6762,66,53
2023,2023nhdur,Week 4,6153,4906,7913,4473,4546,1729,70,92
2023,2023nhdur,Week 4,4034,7314,2648,1099,1721,7674,43,112
2023,2023nhdur,Week 4,6324,8410,4564,1831,319,1350,92,88
2023,2023nhdur,Week 4,131,3451,509,69,2342,501,78,83
2023,2023nhdur,Week 4,6329,6895,6367,3597,8046,6153,119,91
2023,2023nhdur,Week 4,5902,9055,2648,4034,58,172,73,87
2023,2023nhdur,Week 4,5265,4564,1831,6762,7674,4906,102,89
2023,2023nhdur,Week 4,4473,9101,1247,2342,1099,3451,39,76
2023,2023nhdur,Week 4,131,1729,1721,1350,811,509,92,54
2023,2023nhdur,Week 4,133,4546,1474,7314,6324,69,103,71
2023,2023nhdur,Week 4,6762,319,8410,1512,7913,6367,100,87
2023,2023nhdur,Week 4,6153,501,4473,1247,7674,4564,83,87
2023,2023nhdur,Week 4,1350,1099,8046,5902,2342,5265,97,68
2023,2023nhdur,Week 4,1729,172,2648,4906,7314,1474,123,54
2023,2023nhdur,Week 4,131,69,4034,1831,133,58,49,109
2023,2023nhdur,Week 4,4546,1512,6324,811,3597,8410,63,73
2023,2023nhdur,Week 4,509,6895,7913,9101,3451,6329,28,99
2023,2023nhdur,Week 4,1721,5265,9055,8046,319,4473,65,128
2023,2023nhdur,Week 4,6367,4564,7314,5902,1247,131,37,73
2023,2023nhdur,Week 4,501,172,1831,2342,1512,811,44,109
2023,2023nhdur,Week 4,7913,6324,3597,4906,58,1099,101,88
2023,2023nhdur,Week 4,6153,2648,4546,509,9055,69,92,91
2023,2023nhdur,Week 4,6762,1474,9101,1721,1350,133,104,100
2023,2023nhdur,Week 4,7674,4034,3451,8410,6329,1729,74,131
2023,2023nhdur,Week 4,6895,7314,172,319,6324,1247,59,114
2023,2023nhdur,Week 4,8046,509,2342,4906,6367,1831,98,55
2023,2023nhdur,Week 4,3597,5902,1350,7913,811,4473,72,83
2023,2023nhdur,Week 4,8410,3451,501,2648,6762,6329,101,108
2023,2023nhdur,Week 4,58,7674,131,4546,1721,6895,146,61
2023,2023nhdur,Week 4,319,5265,133,4034,6153,1729,130,100
2023,2023nhdur,Week 4,1512,1474,1099,4564,9101,69,52,97
2023,2023nhdur,Week 4,2342,1831,9055,3451,3597,7314,82,70
2023,2023nhdur,Week 4,501,4546,4906,1350,8410,172,81,86
2023,2023nhdur,Week 4,1247,509,58,1721,4034,319,69,102
2023,2023nhdur,Week 4,9101,5265,8046,7913,131,2648,116,100
2023,2023nhdur,Week 4,6324,4473,5902,1474,69,6153,64,75
2023,2023nhdur,Week 4,6329,4564,1099,1729,6367,811,136,85
2023,2023nhdur,Week 4,7674,6895,1512,9055,6762,133,91,104
2023,2023nhdur,Week 4,1247,4546,172,1831,2648,1721,86,74
2023,2023nhdur,Week 4,1350,4473,7314,509,4034,9101,70,81
2023,2023nhdur,Week 4,4564,811,6153,8046,58,8410,139,128
2023,2023nhdur,Week 4,6762,3597,2342,69,5902,319,98,91
2023,2023nhdur,Week 4,1099,131,6324,1474,6329,7674,69,140
2023,2023nhdur,Week 4,133,4906,6895,5265,1729,1512,116,103
2023,2023nhdur,Week 4,9055,7913,3451,6367,501,4034,61,50
2023,2023nhdur,Week 4,811,9101,4546,6153,1247,6762,59,79
2023,2023nhdur,Week 4,6329,1350,131,2648,319,2342,116,143
2023,2023nhdur,Week 4,1831,8410,1474,5265,509,3597,85,95
2023,2023nhdur,Week 4,8046,69,6367,6324,501,7674,95,84
2023,2023nhdur,Week 4,1512,4473,4906,5902,6895,3451,96,35
2023,2023nhdur,Week 4,7913,7314,1729,4564,172,1721,80,105
2023,2023nhdur,Week 4,1099,133,1247,9055,58,1350,94,72
2023,2023nhdur,Week 4,501,6762,811,4546,6329,4034,73,108
2023,2023nhdur,Week 4,3451,2648,1512,5265,6153,6324,85,120
2023,2023nhdur,Week 4,69,4906,3597,7314,8046,131,55,119
2023,2023nhdur,Week 4,172,6367,319,4564,4473,133,86,126
2023,2023nhdur,Week 4,7674,1831,5902,1099,1729,9101,89,93
2023,2023nhdur,Week 4,2342,1721,8410,1474,9055,6895,89,68
2023,2023nhdur,Week 4,58,7913,6762,509,1512,7314,99,69
2023,2023nhdur,Week 4,4034,1350,1247,3597,131,6367,29,121
2023,2023nhdur,Week 4,501,4564,8046,4546,1099,5265,126,83
2023,2023nhdur,Week 4,4473,2648,69,811,1831,6895,50,86
2023,2023nhdur,Week 4,1729,509,7674,58,6324,2342,96,118
2023,2023nhdur,Week 4,1721,1474,7913,3451,133,6153,96,127
2023,2023nhdur,Week 4,319,9055,6329,4906,5902,9101,157,80
2023,2023nhdur,Week 4,8410,4034,1099,172,8046,1512,56,83
2023,2023nhdur,Week 4,3597,1729,1831,2648,1247,501,75,101
2023,2023nhdur,Week 4,6895,6153,58,3451,1350,4564,110,77
2023,2023nhdur,Week 4,6324,6329,4906,4473,1721,6762,122,67
2023,2023nhdur,Week 4,133,69,811,9101,8410,9055,125,90
2023,2023nhdur,Week 4,131,2342,1474,319,7913,4546,121,107
2023,2023nhdur,Week 4,7674,6367,5265,172,5902,509,93,110
2023,2023nhdur,Week 4,7314,6153,1721,6895,1099,501,94,89
2023,2023nhdur,Week 4,9101,1512,1350,9055,8046,6324,95,124
2023,2023nhdur,Week 4,133,2342,4034,2648,4906,4564,149,143
2023,2023nhdur,Week 4,1729,6762,5902,8410,131,4473,81,123
2023,2023nhdur,Week 4,6367,1474,509,1247,1831,7913,51,69
2023,2023nhdur,Week 4,811,3451,319,7314,7674,4546,93,84
2023,2023nhdur,Week 4,69,172,5265,58,3597,6329,76,167
2023,2023njtab,Week 4,1647,5895,8130,272,9100,6226,88,86
2023,2023njtab,Week 4,6921,87,1712,5732,816,2559,83,45
2023,2023njtab,Week 4,5457,1807,8721,7110,203,2180,87,137
2023,2023njtab,Week 4,5113,4750,25,8704,2722,4342,79,81
2023,2023njtab,Week 4,2720,365,8630,1812,1168,2191,75,90
2023,2023njtab,Week 4,204,8721,272,1807,1647,2559,74,78
2023,2023njtab,Week 4,5457,8130,1712,2722,5113,8704,84,72
2023,2023njtab,Week 4,365,7110,2191,8630,25,6226,91,109
2023,2023njtab,Week 4,1168,6921,204,87,2720,2180,58,100
2023,2023njtab,Week 4,203,1812,5895,4342,4750,816,136,54
2023,2023njtab,Week 4,5732,1807,365,9100,8721,2559,118,16
2023,2023njtab,Week 4,7110,5457,2720,2191,8630,1647,81,48
2023,2023njtab,Week 4,25,204,2722,272,816,203,113,117
2023,2023njtab,Week 4,6226,5113,4342,1812,2180,4750,86,99
2023,2023njtab,Week 4,87,8130,9100,1712,8704,1168,45,59
2023,2023njtab,Week 4,5732,5895,272,25,2191,6921,123,88
2023,2023njtab,Week 4,203,1647,8721,2559,7110,1812,76,108
2023,2023njtab,Week 4,2720,2722,5457,87,8704,4750,113,63
2023,2023njtab,Week 4,1712,4342,8630,816,204,5732,79,62
2023,2023njtab,Week 4,1807,6226,1168,8130,6921,5113,129,59
2023,2023njtab,Week 4,365,2180,25,9100,5895,4750,121,110
2023,2023njtab,Week 4,272,2559,2191,8630,1812,2722,110,86
2023,2023njtab,Week 4,816,5732,8721,8704,6226,204,53,101
2023,2023njtab,Week 4,9100,1712,2720,203,5113,87,111,91
2023,2023njtab,Week 4,4342,6921,2180,1647,365,5457,97,89
2023,2023njtab,Week 4,1807,7110,5895,1168,8130,2722,116,71
2023,2023njtab,Week 4,5113,8721,8630,25,2720,203,27,141
2023,2023njtab,Week 4,6226,2191,87,4342,1647,9100,84,68
2023,2023njtab,Week 4,5457,5732,6921,8130,1812,272,44,108
2023,2023njtab,Week 4,2180,2559,8704,7110,1168,816,43,104
2023,2023njtab,Week 4,4750,1807,204,365,5895,1712,103,99
2023,2023njtab,Week 4,2720,272,1647,8630,5732,203,102,68
2023,2023njtab,Week 4,6921,816,6226,8721,25,1168,75,82
2023,2023njtab,Week 4,2722,1812,365,5895,2180,5113,71,113
2023,2023njtab,Week 4,5457,2191,8704,204,1712,1807,45,100
2023,2023njtab,Week 4,87,2559,4342,4750,7110,8130,101,53
2023,2023njtab,Week 4,9100,203,2722,6921,1647,1812,65,78
2023,2023njtab,Week 4,2191,5113,816,8721,2720,5895,51,117
2023,2023njtab,Week 4,4342,365,8130,2559,25,5457,103,84
2023,2023njtab,Week 4,2180,9100,8704,1807,272,8630,56,121
2023,2023njtab,Week 4,6226,204,7110,1712,4750,5732,73,86
2023,2023njtab,Week 4,5895,5457,1168,1647,87,25,89,82
2023,2023njtab,Week 4,816,2722,1807,365,6921,9100,137,78
2023,2023njtab,Week 4,8630,8704,7110,1712,272,5113,65,105
2023,2023njtab,Week 4,2559,203,4750,5732,2720,6226,65,115
2023,2023njtab,Week 4,204,8130,2180,8721,4342,2191,40,98
2023,2023njtab,Week 4,1812,25,9100,1168,87,1807,86,110
2023,2023njtab,Week 4,203,1712,7110,272,2722,6921,101,92
2023,2023njtab,Week 4,6226,4750,1647,8130,365,816,70,88
2023,2023njtab,Week 4,5895,8630,87,2180,5457,8721,100,36
2023,2023njtab,Week 4,8704,5732,1812,2720,4342,5113,100,112
2023,2023njtab,Week 4,2559,1168,203,2191,204,1712,53,94
2023,2023njtab,Week 4,4750,272,365,7110,8721,87,126,79
2023,2023njtab,Week 4,6921,8704,2720,5895,1807,4342,93,150
2023,2023njtab,Week 4,25,8630,8130,204,5457,1812,81,110
2023,2023njtab,Week 4,5113,1168,1647,2722,6226,2559,30,94
2023,2023njtab,Week 4,2191,2180,5732,816,9100,7110,61,82
2023,2023njtab,Week 4,8721,1712,25,4750,8630,6921,115,54
2023,2023njtab,Week 4,1168,4342,272,8704,203,365,120,110
2023,2023njtab,Week 4,2722,87,5732,8130,2191,1807,89,113
2023,2023njtab,Week 4,1812,816,2720,2180,6226,5457,122,58
2023,2023njtab,Week 4,5113,9100,204,1647,2559,5895,27,105
2023,2023njwas,Week 4,1143,2070,714,193,4361,303,57,75
2023,2023njwas,Week 4,3142,8628,555,8706,1676,834,78,111
2023,2023njwas,Week 4,1811,8117,1672,4285,6943,9015,95,76
2023,2023njwas,Week 4,222,8707,3340,8588,219,7045,62,81
2023,2023njwas,Week 4,6945,4652,4573,1989,56,223,79,75
2023,2023njwas,Week 4,8117,11,1143,1672,2070,8628,110,70
2023,2023njwas,Week 4,834,9015,222,4285,219,1676,117,131
2023,2023njwas,Week 4,223,4361,1989,56,3142,6943,73,74
2023,2023njwas,Week 4,555,11,193,4652,7045,714,78,77
2023,2023njwas,Week 4,6945,8706,1811,8588,4573,303,56,57
2023,2023njwas,Week 4,9015,3340,1989,8707,6943,2070,44,51
2023,2023njwas,Week 4,4361,834,219,223,555,8117,111,88
2023,2023njwas,Week 4,56,8706,714,11,1811,3142,53,140
2023,2023njwas,Week 4,1676,7045,3340,1143,303,8707,103,66
2023,2023njwas,Week 4,193,8628,4652,222,4573,4285,61,101
2023,2023njwas,Week 4,1672,8588,9015,56,6945,555,60,54
2023,2023njwas,Week 4,1989,1143,1676,8117,7045,714,79,78
2023,2023njwas,Week 4,4652,4285,2070,3340,8706,4573,115,25
2023,2023njwas,Week 4,219,1811,303,11,1672,8707,71,111
2023,2023njwas,Week 4,6945,222,6943,193,834,223,57,156
2023,2023njwas,Week 4,4361,8588,1143,8628,1989,3142,66,55
2023,2023njwas,Week 4,1672,56,4285,4652,219,3340,72,67
2023,2023njwas,Week 4,4573,714,555,7045,223,222,57,104
2023,2023njwas,Week 4,4361,8707,8628,1811,6943,193,57,91
2023,2023njwas,Week 4,11,2070,834,6945,8588,1676,117,88
2023,2023njwas,Week 4,9015,303,8117,3142,4652,8706,100,81
2023,2023njwas,Week 4,7045,4285,555,56,8707,219,91,34
2023,2023njwas,Week 4,2070,4573,4361,834,714,1811,100,104
2023,2023njwas,Week 4,3340,303,193,8117,222,8588,71,94
2023,2023njwas,Week 4,3142,6945,1143,8706,8628,9015,67,55
2023,2023njwas,Week 4,1676,223,1672,1989,6943,11,122,72
2023,2023njwas,Week 4,1811,4361,4285,555,303,2070,69,84
2023,2023njwas,Week 4,4573,193,56,219,1143,9015,77,62
2023,2023njwas,Week 4,8707,3142,1676,3340,1672,6945,96,58
2023,2023njwas,Week 4,222,714,11,8706,8117,1989,136,29
2023,2023njwas,Week 4,6943,7045,8628,4652,8588,223,56,53
2023,2023njwas,Week 4,834,3142,1672,4573,9015,1811,130,117
2023,2023njwas,Week 4,303,4285,8706,714,1989,8707,94,36
2023,2023njwas,Week 4,8628,3340,11,219,555,222,85,75
2023,2023njwas,Week 4,6943,4361,8117,7045,6945,834,88,134
2023,2023njwas,Week 4,2070,193,8588,1676,4652,56,79,116
2023,2023njwas,Week 4,1672,4573,1143,223,3340,3142,59,87
2023,2023njwas,Week 4,4285,11,6945,4361,8706,222,108,101
2023,2023njwas,Week 4,303,56,7045,8588,555,6943,98,53
2023,2023njwas,Week 4,714,219,223,9015,1676,2070,61,118
2023,2023njwas,Week 4,8707,8117,4652,1143,834,8628,97,100
2023,2023njwas,Week 4,1989,1811,7045,4285,193,3142,88,103
2023,2023njwas,Week 4,8588,3340,56,714,9015,4361,45,94
2023,2023njwas,Week 4,8628,223,4573,303,1676,11,76,125
2023,2023njwas,Week 4,555,1811,8707,8117,193,6945,61,88
2023,2023njwas,Week 4,6943,1672,219,222,1143,4652,69,106
2023,2023njwas,Week 4,834,1989,8588,8706,2070,7045,87,85
2023,2023njwas,Week 4,223,9015,6945,8628,714,4285,97,83
2023,2023njwas,Week 4,3142,8117,219,11,56,4361,93,111
2023,2023njwas,Week 4,193,8707,8706,4573,1676,6943,61,116
2023,2023njwas,Week 4,555,4652,834,1811,1143,3340,132,57
2023,2023njwas,Week 4,2070,222,56,303,1989,1672,64,69
2023,2023njwas,Week 4,714,3142,8588,8707,4285,8117,60,68
2023,2023njwas,Week 4,1676,8628,1811,3340,6945,4361,110,83
2023,2023njwas,Week 4,1143,223,8706,7045,1672,193,60,107
2023,2023njwas,Week 4,6943,834,303,219,11,4573,103,129
2023,2023njwas,Week 4,9015,555,4652,2070,222,1989,82,84
2023,2023onnob,Week 4,5672,9127,6865,6110,865,6514,28,61
2023,2023onnob,Week 4,3560,7476,3543,4069,4152,6859,59,106
2023,2023onnob,Week 4,610,5834,2013,5870,6864,771,128,18
2023,2023onnob,Week 4,2708,8731,8729,2706,1334,1246,48,43
2023,2023onnob,Week 4,1305,6987,9127,7757,1374,7476,65,54
2023,2023onnob,Week 4,6859,5870,610,3560,5834,865,87,62
2023,2023onnob,Week 4,1246,5672,4152,771,4069,8731,77,71
2023,2023onnob,Week 4,2708,1305,6865,6864,6987,6110,87,31
2023,2023onnob,Week 4,3543,7757,2706,2013,1334,1374,75,86
2023,2023onnob,Week 4,5834,6514,7476,3560,8729,771,52,60
2023,2023onnob,Week 4,6865,8731,6864,865,610,4069,31,118
2023,2023onnob,Week 4,1374,3543,5870,7757,2708,5672,44,61
2023,2023onnob,Week 4,1334,4152,6110,1246,6514,1305,70,89
2023,2023onnob,Week 4,2706,2013,6859,6987,8729,9127,110,60
2023,2023onnob,Week 4,5834,4069,7757,5672,610,8731,75,68
2023,2023onnob,Week 4,865,771,6865,4152,6514,2708,56,100
2023,2023onnob,Week 4,1334,6110,8729,3543,6987,2013,48,91
2023,2023onnob,Week 4,5870,1246,3560,6859,7476,9127,42,44
2023,2023onnob,Week 4,1374,2706,6514,1305,6864,610,65,108
2023,2023onnob,Week 4,5834,8731,6987,4152,8729,3543,46,74
2023,2023onnob,Week 4,7757,9127,771,2708,3560,6859,21,45
2023,2023onnob,Week 4,2013,6865,1374,7476,5672,5870,95,74
2023,2023onnob,Week 4,4069,1334,1305,865,1246,2706,108,103
2023,2023onnob,Week 4,6110,3560,5834,8729,7757,6864,56,86
2023,2023onnob,Week 4,8731,6859,3543,2708,2013,6514,43,95
2023,2023onnob,Week 4,1305,9127,4152,5870,6865,1334,97,61
2023,2023onnob,Week 4,6987,5672,865,1246,6864,2706,86,68
2023,2023onnob,Week 4,7476,771,4069,1374,610,6110,69,99
2023,2023onnob,Week 4,4152,5870,7757,3560,1334,8731,100,44
2023,2023onnob,Week 4,8729,6865,5834,9127,1246,2708,94,62
2023,2023onnob,Week 4,6987,610,771,6110,1305,3543,92,84
2023,2023onnob,Week 4,6864,6859,1374,4069,2706,2013,49,129
2023,2023onnob,Week 4,6514,8729,5672,7476,865,1334,71,101
2023,2023onnob,Week 4,1305,5870,8731,771,5834,1246,50,49
2023,2023onnob,Week 4,1374,2708,6987,9127,4069,3560,75,73
2023,2023onnob,Week 4,6864,4152,865,3543,6865,610,92,96
2023,2023onnob,Week 4,2706,6110,7476,2013,6859,7757,69,93
2023,2023onnob,Week 4,6514,8731,9127,5834,5672,1305,47,100
2023,2023onnob,Week 4,771,3543,1334,6864,2708,4069,58,108
2023,2023onnob,Week 4,865,6859,8729,4152,1374,610,76,126
2023,2023onnob,Week 4,5672,3560,2706,6865,7476,6987,64,37
2023,2023onnob,Week 4,7757,6110,1246,5870,6514,2013,56,106
2023,2023onnob,Week 4,6859,865,2708,8729,1374,1305,86,85
2023,2023onnob,Week 4,7476,6864,5672,3543,2706,5834,57,121
2023,2023onnob,Week 4,8731,2013,1246,6987,3560,6514,76,49
2023,2023onnob,Week 4,610,7757,1334,4069,4152,6865,92,106
2023,2023onnob,Week 4,9127,5870,865,771,6110,5672,58,37
2023,2023onnob,Week 4,6514,3543,6864,6859,1305,6987,78,63
2023,2023onnob,Week 4,1246,1374,8729,6865,7757,3560,76,72
2023,2023onnob,Week 4,6110,4069,5870,2706,771,4152,84,102
2023,2023onnob,Week 4,610,2708,7476,1334,9127,5834,128,21
2023,2023onnob,Week 4,2013,1305,3560,8731,865,1374,97,94
2023,2023onnob,Week 4,6514,3543,4069,8729,2706,5870,89,102
2023,2023onnob,Week 4,610,771,2708,5672,6987,7757,95,66
2023,2023onnob,Week 4,9127,2013,6110,8731,7476,4152,79,96
2023,2023onnob,Week 4,1334,5834,6864,6865,1246,6859,74,38
2023,2023vagle,Week 4,1522,1610,4286,5954,2890,1599,75,80
2023,2023vagle,Week 4,6802,6189,5804,1793,2068,401,125,84
2023,2023vagle,Week 4,2106,346,540,539,4472,2998,98,89
2023,2023vagle,Week 4,1086,617,612,339,404,3939,75,75
2023,2023vagle,Week 4,5243,5724,9003,384,449,7429,80,123
2023,2023vagle,Week 4,8590,611,977,1262,422,1123,82,136
2023,2023vagle,Week 4,4472,401,6882,619,2988,1599,133,101
2023,2023vagle,Week 4,404,5954,6802,612,1522,540,98,82
2023,2023vagle,Week 4,5243,5804,3939,9003,4286,346,112,79
2023,2023vagle,Week 4,422,2068,2998,2890,6189,1793,81,54
2023,2023vagle,Week 4,1086,1610,7429,384,977,2106,63,113
2023,2023vagle,Week 4,539,339,619,611,1262,2988,52,67
2023,2023vagle,Week 4,5724,617,449,6882,1123,8590,107,40
2023,2023vagle,Week 4,9003,1599,3939,540,5954,1793,118,52
2023,2023vagle,Week 4,1610,2890,5243,1086,1522,401,66,158
2023,2023vagle,Week 4,2068,7429,1262,346,612,619,54,109
2023,2023vagle,Week 4,617,539,422,404,6189,4472,115,102
2023,2023vagle,Week 4,2988,1123,5804,8590,384,339,130,94
2023,2023vagle,Week 4,449,2998,2106,5724,611,4286,106,96
2023,2023vagle,Week 4,977,3939,6882,6802,1522,2068,84,75
2023,2023vagle,Week 4,5954,4472,612,1793,1086,5243,101,50
2023,2023vagle,Week 4,540,1262,9003,6189,8590,1610,61,87
2023,2023vagle,Week 4,384,539,346,2988,404,4286,123,76
2023,2023vagle,Week 4,2890,977,1123,339,2106,1599,114,111
2023,2023vagle,Week 4,6802,617,611,5804,2998,5724,85,116
2023,2023vagle,Week 4,449,401,422,6882,619,7429,151,49
2023,2023vagle,Week 4,1522,8590,9003,612,4286,2068,51,70
2023,2023vagle,Week 4,5954,5243,6189,3939,2106,2890,68,108
2023,2023vagle,Week 4,404,384,540,1793,1262,6802,101,90
2023,2023vagle,Week 4,1599,5804,539,1123,449,1610,137,132
2023,2023vagle,Week 4,2988,5724,1086,6882,422,346,75,146
2023,2023vagle,Week 4,339,4472,617,401,611,7429,77,130
2023,2023vagle,Week 4,2998,977,1522,619,8590,5243,49,39
2023,2023vagle,Week 4,5804,4286,2890,449,612,404,106,114
2023,2023vagle,Week 4,422,6802,2988,2106,9003,1610,130,152
2023,2023vagle,Week 4,6189,6882,339,539,1793,3939,78,67
2023,2023vagle,Week 4,540,401,619,346,1123,611,110,112
2023,2023vagle,Week 4,4472,5724,2068,5954,7429,977,113,106
2023,2023vagle,Week 4,1262,1086,384,2998,1599,617,120,54
2023,2023vagle,Week 4,8590,2988,449,3939,6189,612,115,86
2023,2023vagle,Week 4,404,1793,2106,619,9003,5804,115,96
2023,2023vagle,Week 4,1123,6802,401,7429,539,1522,139,56
2023,2023vagle,Week 4,1610,6882,2068,611,384,2998,63,106
2023,2023vagle,Week 4,5724,2890,1262,4472,540,5243,65,85
2023,2023vagle,Week 4,422,977,1599,617,346,5954,133,79
2023,2023vagle,Week 4,339,1123,1086,4286,449,6802,85,70
2023,2023vagle,Week 4,1522,619,611,3939,384,2988,62,94
2023,2023vagle,Week 4,4472,1610,1793,401,404,8590,111,67
2023,2023vagle,Week 4,9003,5954,539,617,6882,2890,53,79
2023,2023vagle,Week 4,5724,612,977,4286,422,339,109,92
2023,2023vagle,Week 4,7429,2998,6189,1599,540,1086,64,85
2023,2023vagle,Week 4,346,5243,1262,5804,2068,2106,74,135
2023,2023vagle,Week 4,617,1793,1123,449,3939,4472,108,102
2023,2023vagle,Week 4,384,619,5724,2890,612,539,148,44
2023,2023vagle,Week 4,6189,4286,401,1086,611,5954,121,62
2023,2023vagle,Week 4,7429,5243,404,2998,2988,1610,50,63
2023,2023vagle,Week 4,422,2106,1522,2068,540,339,108,68
2023,2023vagle,Week 4,1599,1262,8590,9003,6802,6882,102,78
2023,2023vagle,Week 4,346,5804,1086,977,539,6189,120,90
2023,2023vagle,Week 4,619,3939,4286,1610,401,5724,68,112
2023,2023vagle,Week 4,2988,7429,617,611,2890,540,45,39
2023,2023vagle,Week 4,6802,1599,384,8590,422,4472,179,126
2023,2023vagle,Week 4,612,1793,6882,2106,5243,1123,53,113
2023,2023vagle,Week 4,2068,346,449,1262,5954,1522,111,33
2023,2023vagle,Week 4,2998,9003,404,5804,339,977,46,99
2023,2023vagle,Week 4,540,3939,422,4286,7429,4472,127,83
2023,2023vagle,Week 4,539,1086,8590,2106,617,619,60,103
2023,2023vagle,Week 4,2068,2988,6189,1123,1599,5724,47,129
2023,2023vagle,Week 4,612,9003,384,401,2998,5954,126,95
2023,2023vagle,Week 4,611,449,1793,977,6802,346,95,116
2023,2023vagle,Week 4,1522,339,2890,6882,5804,1262,57,104
2023,2023vagle,Week 4,1610,404,539,5243,2068,617,75,67
2023,2023vagle,Week 4,1123,4472,384,6189,1086,9003,150,68
2023,2023vagle,Week 4,401,2106,2988,977,540,449,91,89
2023,2023vagle,Week 4,2890,346,2998,3939,8590,6802,77,136
2023,2023vagle,Week 4,1793,1522,5804,7429,5724,422,102,127
2023,2023vagle,Week 4,1599,1610,611,5243,339,612,118,78
2023,2023vagle,Week 4,4286,6882,5954,1262,619,404,52,70
2023,2023wasam,Week 4,7461,360,2976,1899,8051,3876,130,76
2023,2023wasam,Week 4,4450,8032,9036,4911,4512,1294,59,91
2023,2023wasam,Week 4,4180,3681,2903,1983,2097,948,35,66
2023,2023wasam,Week 4,4173,5937,2928,8248,2910,5827,90,105
2023,2023wasam,Week 4,3070,2412,488,4682,949,492,76,103
2023,2023wasam,Week 4,9023,3876,4450,2976,2097,5941,58,78
2023,2023wasam,Week 4,1899,5827,1983,8051,4512,9036,105,25
2023,2023wasam,Week 4,4180,492,2412,4682,8032,2903,111,78
2023,2023wasam,Week 4,7461,360,1294,948,5941,2928,102,80
2023,2023wasam,Week 4,488,8248,4911,4173,2910,949,128,127
2023,2023wasam,Week 4,9023,3681,9036,5937,3070,2097,60,54
2023,2023wasam,Week 4,5827,4682,3876,5941,1899,4450,59,79
2023,2023wasam,Week 4,2903,360,2910,2976,4911,949,113,95
2023,2023wasam,Week 4,488,2928,4180,7461,2412,3681,108,124
2023,2023wasam,Week 4,8248,948,8051,492,4512,3070,80,83
2023,2023wasam,Week 4,1983,1294,4173,8032,5937,9023,81,92
2023,2023wasam,Week 4,3681,5827,5941,949,4180,360,51,90
2023,2023wasam,Week 4,4682,2412,2097,9036,7461,2910,93,129
2023,2023wasam,Week 4,4450,4911,8032,948,2903,4173,51,60
2023,2023wasam,Week 4,1294,2976,1899,5937,8248,4512,105,89
2023,2023wasam,Week 4,2928,1983,9023,488,3876,492,82,96
2023,2023wasam,Week 4,4450,3070,948,2412,5941,8051,62,101
2023,2023wasam,Week 4,3681,4911,4682,4180,4173,1899,61,60
2023,2023wasam,Week 4,4512,949,7461,8032,488,1294,77,81
2023,2023wasam,Week 4,2928,2903,3876,9036,8248,1983,57,116
2023,2023wasam,Week 4,5937,2910,8051,360,5827,9023,94,124
2023,2023wasam,Week 4,492,2097,8032,3070,2976,1899,39,76
2023,2023wasam,Week 4,949,8248,3681,4450,2903,1294,62,30
2023,2023wasam,Week 4,3876,2910,4911,5827,5937,2412,148,87
2023,2023wasam,Week 4,5941,4682,8051,948,488,2976,63,118
2023,2023wasam,Week 4,9023,4180,4512,2928,492,9036,49,107
2023,2023wasam,Week 4,2097,7461,4173,360,1983,3070,73,109
2023,2023wasam,Week 4,488,5941,5937,2903,4450,8248,89,55
2023,2023wasam,Week 4,4512,2976,5827,8032,1899,2928,106,54
2023,2023wasam,Week 4,3070,1294,3681,8051,949,7461,86,111
2023,2023wasam,Week 4,4911,2412,1983,2097,9023,4180,124,62
2023,2023wasam,Week 4,2910,4682,948,3876,9036,360,136,100
2023,2023wasam,Week 4,4173,2928,3070,492,1899,3681,107,120
2023,2023wasam,Week 4,8051,1983,7461,5941,4911,2097,112,96
2023,2023wasam,Week 4,4512,4682,360,2903,488,5827,114,91
2023,2023wasam,Week 4,3876,948,4180,4173,8032,8248,91,56
2023,2023wasam,Week 4,1294,9023,492,2976,4450,2910,102,123
2023,2023wasam,Week 4,2412,949,1899,4911,9036,5937,119,113
2023,2023wasam,Week 4,8248,2928,4512,4682,4173,1983,80,98
2023,2023wasam,Week 4,4180,8051,492,1294,5827,2097,75,77
2023,2023wasam,Week 4,8032,2976,3876,2903,3070,7461,70,81
2023,2023wasam,Week 4,3681,4450,5937,360,488,2412,123,144
2023,2023wasam,Week 4,9036,948,949,2910,9023,5941,99,132
2023,2023wasam,Week 4,8051,4173,2976,2097,4512,2903,84,63
2023,2023wasam,Week 4,1294,3876,8248,3070,4180,4911,71,78
2023,2023wasam,Week 4,949,9036,5827,2928,4450,4682,73,97
2023,2023wasam,Week 4,2412,8032,5941,1983,3681,2910,73,132
2023,2023wasam,Week 4,1899,492,948,9023,7461,488,122,121
2023,2023wasam,Week 4,5937,1294,4682,360,8051,2928,99,126
2023,2023wasam,Week 4,949,3070,8032,5827,4180,4450,76,51
2023,2023wasam,Week 4,2910,2097,488,3681,3876,4512,150,56
2023,2023wasam,Week 4,1983,2903,2976,4911,360,4173,72,115
2023,2023wasam,Week 4,5941,492,8248,7461,948,5937,95,129
2023,2023wasam,Week 4,1899,8051,9023,2412,9036,4682,88,80
2023,2023wasam,Week 4,2097,2928,4450,2910,1294,4180,98,128
2023,2023wasam,Week 4,492,5937,2903,3876,1983,949,95,66
2023,2023wasam,Week 4,5827,7461,4911,948,3681,8032,123,102
2023,2023wasam,Week 4,8248,1899,360,2976,9023,2412,127,146
2023,2023wasam,Week 4,9036,5941,3070,4512,4173,488,89,94
2023,2023mila2,Week 4,7203,6002,7811,503,7656,7809,42,88
2023,2023mila2,Week 4,9183,5182,9177,7772,5535,4325,37,70
2023,2023mila2,Week 4,5263,6057,2145,3875,6078,7813,42,82
2023,2023mila2,Week 4,4422,3620,7855,8832,9278,4381,122,83
2023,2023mila2,Week 4,8522,5704,5843,3452,5559,7254,51,54
2023,2023mila2,Week 4,1940,4216,2767,9223,4384,4956,124,64
2023,2023mila2,Week 4,7814,9177,5256,4327,7811,7713,54,67
2023,2023mila2,Week 4,9183,5535,6002,7855,503,7772,75,68
2023,2023mila2,Week 4,3875,4422,8522,5843,7813,7809,56,39
2023,2023mila2,Week 4,4216,5559,3620,1940,5263,6078,62,73
2023,2023mila2,Week 4,7814,8832,2767,3452,7203,4956,86,82
2023,2023mila2,Week 4,5704,9278,4325,5182,7656,5256,69,81
2023,2023mila2,Week 4,7713,7254,2145,6057,4327,4381,59,127
2023,2023mila2,Week 4,7772,5843,4384,3875,9223,3620,85,72
2023,2023mila2,Week 4,1940,7814,503,8522,9177,7855,97,47
2023,2023mila2,Week 4,4325,5263,3452,7811,2767,7813,58,124
2023,2023mila2,Week 4,5182,7713,7203,6078,7254,4422,58,119
2023,2023mila2,Week 4,7656,4384,9278,2145,9183,8832,54,48
2023,2023mila2,Week 4,7809,4327,5559,4216,5535,6057,89,71
2023,2023mila2,Week 4,4956,4381,6002,9223,5256,5704,144,36
2023,2023mila2,Week 4,7772,7811,8522,7203,7855,3875,50,81
2023,2023mila2,Week 4,4325,5182,5843,8832,7713,1940,88,58
2023,2023mila2,Week 4,7656,6057,2767,7814,5559,9278,108,37
2023,2023mila2,Week 4,5704,9183,4381,7809,9177,5263,54,32
2023,2023mila2,Week 4,3452,9223,2145,5535,4327,6078,61,116
2023,2023mila2,Week 4,4956,503,7254,6002,4216,4384,86,121
2023,2023mila2,Week 4,5182,4422,7813,9278,3620,5256,84,103
2023,2023mila2,Week 4,7855,1940,5843,5263,7203,7656,68,47
2023,2023mila2,Week 4,9223,7772,9177,4325,7809,7814,35,68
2023,2023mila2,Week 4,4381,4384,3452,6078,6057,6002,103,122
2023,2023mila2,Week 4,8522,4216,9183,2145,2767,4422,56,152
2023,2023mila2,Week 4,3620,7713,4956,7254,3875,7811,100,98
2023,2023mila2,Week 4,503,4327,8832,5704,7813,5559,112,50
2023,2023mila2,Week 4,5256,7203,6057,5535,5843,3452,52,111
2023,2023mila2,Week 4,4384,5263,7814,6002,7809,8522,44,85
2023,2023mila2,Week 4,9183,4325,6078,7811,4422,4216,103,104
2023,2023mila2,Week 4,5559,7656,3875,9177,2767,3620,71,127
2023,2023mila2,Week 4,5256,7813,7254,9223,8832,7855,20,26
2023,2023mila2,Week 4,4956,9278,4327,7713,7772,4381,69,107
2023,2023mila2,Week 4,5535,1940,5182,5704,2145,503,100,92
2023,2023mila2,Week 4,4422,3452,7814,5559,9177,4384,99,53
2023,2023mila2,Week 4,8832,3875,7809,7254,9223,9183,78,41
2023,2023mila2,Week 4,7813,7772,7203,5263,5256,7713,50,65
2023,2023mila2,Week 4,2767,6078,9278,6057,5843,503,145,97
2023,2023mila2,Week 4,4956,7811,5535,4381,8522,1940,89,103
2023,2023mila2,Week 4,3620,6002,4325,4327,2145,4216,130,85
2023,2023mila2,Week 4,7656,7855,7713,5182,5704,3452,33,56
2023,2023mila2,Week 4,5559,5256,503,7203,9183,4384,100,46
2023,2023mila2,Week 4,5535,8522,9278,7811,4381,9223,90,106
2023,2023mila2,Week 4,1940,6057,9177,4325,7254,4216,41,85
2023,2023mila2,Week 4,2767,3875,5263,7814,5182,4327,127,63
2023,2023mila2,Week 4,7772,2145,7656,4422,4956,5843,84,90
2023,2023mila2,Week 4,7855,7809,5704,6078,3620,8832,51,126
2023,2023mila2,Week 4,6002,5559,7713,7813,4325,8522,93,78
2023,2023mila2,Week 4,503,9278,9183,6057,3452,3875,99,84
2023,2023mila2,Week 4,4216,4381,7203,2767,7772,5182,113,106
2023,2023mila2,Week 4,7809,9223,6078,3620,7814,7656,72,83
2023,2023mila2,Week 4,9177,8832,7811,5843,2145,6002,48,120
2023,2023mila2,Week 4,7254,4384,5704,5263,5535,4422,49,102
2023,2023mila2,Week 4,7813,7855,4327,5256,4956,1940,85,91
2023,2023mila2,Week 4,5559,4325,9223,503,4381,3875,79,135
2023,2023mila2,Week 4,5843,7814,7203,9278,6002,5182,41,100
2023,2023mila2,Week 4,7811,3620,6057,4422,8832,7772,143,77
2023,2023mila2,Week 4,7813,5263,4956,9177,7656,5535,73,86
2023,2023mila2,Week 4,4327,3452,1940,7713,9183,7809,100,54
2023,2023mila2,Week 4,2145,6078,5256,7855,7254,2767,113,106
2023,2023mila2,Week 4,4384,8522,8832,4216,5704,7772,66,73
2023,2023mila2,Week 4,3620,503,5535,5843,7811,5263,114,81
2023,2023mila2,Week 4,6002,4422,9223,6057,5182,5559,101,61
2023,2023mila2,Week 4,4381,7814,7254,9183,1940,7813,96,41
2023,2023mila2,Week 4,5256,3875,4327,6078,8522,7656,112,82
2023,2023mila2,Week 4,9177,7713,4216,9278,3452,7855,92,77
2023,2023mila2,Week 4,7203,4325,2145,2767,4956,5704,87,105
2023,2023mila2,Week 4,7254,7809,5182,4384,503,7811,74,104
2023,2023mila2,Week 4,4381,7813,3620,7656,5843,9183,139,88
2023,2023mila2,Week 4,4327,6002,5263,9278,1940,4422,94,115
2023,2023mila2,Week 4,3452,6078,9177,8522,7203,9223,102,55
2023,2023mila2,Week 4,7809,5256,7772,2145,4956,5559,74,68
2023,2023mila2,Week 4,8832,5704,5535,3875,4216,7814,85,79
2023,2023mila2,Week 4,4384,7855,6057,7713,2767,4325,65,120
2023,2023tuis2,Week 5,8308,8754,9093,6025,7672,6989,40,46
2023,2023tuis2,Week 5,8158,8182,6024,8058,7201,9024,55,19
2023,2023tuis2,Week 5,6838,6232,7296,8743,8151,9074,46,15
2023,2023tuis2,Week 5,6431,9233,6228,8759,8070,8747,36,31
2023,2023tuis2,Week 5,9132,7444,7439,7035,5773,6985,54,51
2023,2023tuis2,Week 5,7086,8795,8780,9025,7758,8092,34,45
2023,2023tuis2,Week 5,8783,9264,8261,9001,8859,6415,43,60
2023,2023tuis2,Week 5,8856,6014,8743,9093,9024,8084,52,49
2023,2023tuis2,Week 5,8182,8308,6431,6989,6024,8754,55,28
2023,2023tuis2,Week 5,8151,6232,5773,9074,8759,8158,39,25
2023,2023tuis2,Week 5,9025,6838,7086,7672,8747,7444,100,31
2023,2023tuis2,Week 5,8058,7439,8795,8070,6415,8261,48,49
2023,2023tuis2,Week 5,9264,8092,6025,7758,9233,6985,30,84
2023,2023tuis2,Week 5,8084,8856,7035,8859,8783,7296,68,40
2023,2023tuis2,Week 5,6228,9001,7201,8780,9132,6014,53,33
2023,2023tuis2,Week 5,7672,9074,9093,9024,8743,8747,33,39
2023,2023tuis2,Week 5,7086,8058,6232,7439,6838,6989,47,82
2023,2023tuis2,Week 5,6985,8759,9264,8070,8158,9025,63,26
2023,2023tuis2,Week 5,8092,8859,8084,8754,8795,5773,63,29
2023,2023tuis2,Week 5,8151,9233,6014,8308,7035,9001,71,44
2023,2023tuis2,Week 5,6024,7758,6025,7296,8261,9132,32,55
2023,2023tuis2,Week 5,6228,7444,8780,6415,8856,8182,82,70
2023,2023tuis2,Week 5,6431,7201,6232,8743,8783,9025,67,40
2023,2023tuis2,Week 5,7439,8158,7672,8795,8084,8759,40,58
2023,2023tuis2,Week 5,8070,9264,8308,9024,5773,6838,55,65
2023,2023tuis2,Week 5,8859,9132,9233,8261,6989,7086,41,67
2023,2023tuis2,Week 5,8754,7758,7035,9074,8856,6228,52,17
2023,2023tuis2,Week 5,8747,9093,6985,6024,8780,8783,84,55
2023,2023tuis2,Week 5,6415,7296,8092,8182,7201,6014,16,62
2023,2023tuis2,Week 5,8058,6025,7444,9001,6431,8151,73,40
2023,2023tuis2,Week 5,8743,8308,8759,9264,9132,8795,75,50
2023,2023tuis2,Week 5,6232,7035,8070,7758,9024,7672,52,60
2023,2023tuis2,Week 5,8754,7439,8783,6838,8780,9233,44,54
2023,2023tuis2,Week 5,8747,6014,9074,8158,8859,7201,51,39
2023,2023tuis2,Week 5,7086,5773,6431,7296,8182,9093,53,103
2023,2023tuis2,Week 5,6228,6415,8058,6025,6985,8084,39,115
2023,2023tuis2,Week 5,9025,6989,9001,8856,6024,8151,74,56
2023,2023tuis2,Week 5,9024,7444,8261,8092,8783,8759,90,29
2023,2023tuis2,Week 5,7201,8747,8308,9264,7439,7758,33,53
2023,2023tuis2,Week 5,5773,7296,8158,9233,8754,7672,36,100
2023,2023tuis2,Week 5,9093,8058,8780,6232,6228,8859,74,68
2023,2023tuis2,Week 5,6415,8084,9132,8182,8070,8151,50,46
2023,2023tuis2,Week 5,6985,6431,8856,6014,8261,6838,87,80
2023,2023tuis2,Week 5,6024,8743,9001,7035,8092,7086,60,62
2023,2023tuis2,Week 5,6989,9074,7444,8795,9025,6025,75,33
2023,2023tuis2,Week 5,7296,8759,7758,8783,8308,8058,73,40
2023,2023tuis2,Week 5,8859,8747,7439,8151,9024,9132,43,55
2023,2023tuis2,Week 5,7201,7672,9264,8261,9093,8856,84,52
2023,2023tuis2,Week 5,8158,8092,6838,7035,6415,6431,79,52
2023,2023tuis2,Week 5,8780,8754,8070,7444,7086,8743,24,98
2023,2023tuis2,Week 5,9233,9001,8182,6232,9074,8795,68,31
2023,2023tuis2,Week 5,6014,9025,6024,6025,6228,5773,59,31
2023,2023tuis2,Week 5,6989,6985,9024,8084,7296,7201,86,40
2023,2023tuis2,Week 5,9132,7672,7035,6431,9264,8058,116,95
2023,2023tuis2,Week 5,8780,8261,8859,7444,8158,8308,77,71
2023,2023tuis2,Week 5,8759,6838,8754,9093,9001,7758,101,59
2023,2023tuis2,Week 5,8856,6025,8070,8092,8182,8747,50,40
2023,2023tuis2,Week 5,8795,8151,8783,6014,7086,6228,33,54
2023,2023tuis2,Week 5,9233,9025,9074,7439,8084,6024,32,102
2023,2023tuis2,Week 5,5773,6989,6415,6985,6232,8743,64,101
2023,2023tuis2,Week 5,9001,8780,9024,7672,6431,7296,76,29
2023,2023tuis2,Week 5,8759,6025,8182,6838,7035,8859,32,90
2023,2023tuis2,Week 5,8783,9093,8158,9132,8070,8092,23,103
2023,2023tuis2,Week 5,8747,8151,9025,8261,8058,8754,59,36
2023,2023tuis2,Week 5,9074,6985,6415,8308,7086,8856,84,79
2023,2023tuis2,Week 5,7758,6228,6989,5773,8743,7439,68,46
2023,2023tuis2,Week 5,8084,6014,6232,7444,6024,9264,42,118
2023,2023tuis2,Week 5,9024,8795,9233,7201,6838,9093,72,88
2023,2023nytr,Week 5,250,1511,7522,229,6648,287,136,67
2023,2023nytr,Week 5,28,1493,2791,1860,1796,333,122,135
2023,2023nytr,Week 5,3015,639,7504,3624,6911,4571,124,99
2023,2023nytr,Week 5,191,7030,810,3003,340,5016,78,85
2023,2023nytr,Week 5,3044,7718,578,6300,4458,424,83,94
2023,2023nytr,Week 5,5881,7031,7318,7004,358,263,42,88
2023,2023nytr,Week 5,5149,3950,6621,4860,4122,20,55,144
2023,2023nytr,Week 5,2601,8739,144,6401,4930,9099,96,82
2023,2023nytr,Week 5,333,250,340,28,5016,4571,103,39
2023,2023nytr,Week 5,3015,287,1511,3044,7030,7504,92,46
2023,2023nytr,Week 5,1796,7031,6911,7522,5881,3003,89,120
2023,2023nytr,Week 5,6648,5149,3624,578,191,229,48,94
2023,2023nytr,Week 5,639,6621,144,7004,2791,7718,115,49
2023,2023nytr,Week 5,8739,4930,4860,4122,810,263,88,97
2023,2023nytr,Week 5,6300,3950,7318,1493,424,6401,90,116
2023,2023nytr,Week 5,358,4458,20,1860,9099,2601,98,114
2023,2023nytr,Week 5,3015,7522,3624,5016,1511,5149,117,38
2023,2023nytr,Week 5,7718,4571,6621,7031,3044,6648,75,46
2023,2023nytr,Week 5,340,287,578,4930,263,2791,110,107
2023,2023nytr,Week 5,7030,6300,4860,333,7318,28,56,66
2023,2023nytr,Week 5,9099,1796,250,191,424,7004,107,75
2023,2023nytr,Week 5,8739,6401,358,4122,4458,639,71,113
2023,2023nytr,Week 5,7504,1493,3003,3950,144,20,109,150
2023,2023nytr,Week 5,810,229,1860,6911,5881,2601,91,111
2023,2023nytr,Week 5,7031,6300,2791,6648,4930,3015,87,96
2023,2023nytr,Week 5,287,333,5016,7004,9099,6621,121,47
2023,2023nytr,Week 5,1511,191,4860,639,7718,8739,62,66
2023,2023nytr,Week 5,5149,28,250,4458,3950,3003,94,100
2023,2023nytr,Week 5,1493,358,3624,810,3044,6911,112,78
2023,2023nytr,Week 5,20,263,7030,6401,1796,229,102,109
2023,2023nytr,Week 5,2601,7318,7522,144,424,340,120,109
2023,2023nytr,Week 5,7504,4122,4571,5881,578,1860,88,84
2023,2023nytr,Week 5,1511,639,9099,3950,250,4930,104,132
2023,2023nytr,Week 5,5149,358,7031,2791,333,8739,47,119
2023,2023nytr,Week 5,263,28,6401,810,3624,7004,95,53
2023,2023nytr,Week 5,287,20,3044,144,6300,6911,102,100
2023,2023nytr,Week 5,7718,7522,1796,578,7504,2601,122,119
2023,2023nytr,Week 5,5016,229,424,4571,4860,1860,87,111
2023,2023nytr,Week 5,6621,3003,4122,6648,1493,7318,80,79
2023,2023nytr,Week 5,191,3015,5881,4458,7030,340,91,103
2023,2023nytr,Week 5,9099,6911,358,263,250,6300,86,106
2023,2023nytr,Week 5,7031,7004,4930,3624,7504,3950,62,100
2023,2023nytr,Week 5,4571,2601,424,8739,28,1511,118,54
2023,2023nytr,Week 5,7318,4122,229,287,3003,7718,88,68
2023,2023nytr,Week 5,7030,639,578,340,5149,1493,90,117
2023,2023nytr,Week 5,4458,1860,144,6648,6621,1796,90,88
2023,2023nytr,Week 5,3044,2791,5881,6401,4860,5016,97,101
2023,2023nytr,Week 5,7522,333,191,810,20,3015,99,127
2023,2023nytr,Week 5,3003,8739,7004,4571,1511,6300,70,106
2023,2023nytr,Week 5,424,28,4930,5149,263,6911,100,76
2023,2023nytr,Week 5,578,1796,3950,229,6621,358,133,63
2023,2023nytr,Week 5,2791,144,4122,250,7030,3624,131,84
2023,2023nytr,Week 5,4860,3015,7718,1860,287,6401,139,130
2023,2023nytr,Week 5,1493,2601,20,5016,7031,191,156,82
2023,2023nytr,Week 5,4458,7504,9099,7318,340,810,70,92
2023,2023nytr,Week 5,5881,6648,333,639,7522,3044,86,79
2023,2023nytr,Week 5,6911,7004,578,7030,4122,8739,98,83
2023,2023nytr,Week 5,424,3003,3015,358,2791,287,143,108
2023,2023nytr,Week 5,229,4571,4930,6621,191,6401,63,86
2023,2023nytr,Week 5,250,144,810,20,7031,1511,133,99
2023,2023nytr,Week 5,5016,2601,4458,333,263,639,99,115
2023,2023nytr,Week 5,6300,7718,1493,9099,5881,5149,131,43
2023,2023nytr,Week 5,3624,7318,3044,28,1860,7522,86,112
2023,2023nytr,Week 5,3950,6648,4860,7504,340,1796,79,103
2023,2023nytr,Week 5,3003,6401,7030,6621,424,7031,104,89
2023,2023nytr,Week 5,4930,578,4122,144,3015,333,113,150
2023,2023nytr,Week 5,1511,7004,1493,2791,229,4458,80,98
2023,2023nytr,Week 5,9099,8739,287,5881,3624,28,87,75
2023,2023nytr,Week 5,340,4571,6648,20,6911,7718,80,104
2023,2023nytr,Week 5,358,5016,6300,4860,7504,7522,110,63
2023,2023nytr,Week 5,1796,810,5149,7318,250,639,126,123
2023,2023nytr,Week 5,3044,1860,263,2601,3950,191,89,116
2023,2023nytr,Week 5,229,9099,28,4122,3015,7031,60,114
2023,2023nytr,Week 5,6911,6401,340,333,6621,1511,131,127
2023,2023nytr,Week 5,4930,5016,7030,7718,358,6648,53,71
2023,2023nytr,Week 5,639,20,5881,424,578,7318,113,93
2023,2023nytr,Week 5,6300,3624,3003,1796,4860,2601,89,151
2023,2023nytr,Week 5,7522,810,4458,2791,4571,3950,98,61
2023,2023nytr,Week 5,263,8739,7504,1493,3044,250,82,113
2023,2023nytr,Week 5,191,5149,1860,287,144,7004,94,105
2023,2023ohcl,Week 5,6181,1308,6421,3324,1551,4145,112,86
2023,2023ohcl,Week 5,9194,4121,1126,5740,451,1507,35,102
2023,2023ohcl,Week 5,9075,5413,4611,8713,3173,5847,104,106
2023,2023ohcl,Week 5,379,3814,291,8222,2399,2234,80,87
2023,2023ohcl,Week 5,4028,120,1405,8718,2252,2603,141,103
2023,2023ohcl,Week 5,2010,7885,8145,4601,2632,2783,36,86
2023,2023ohcl,Week 5,5667,8140,2228,7460,48,8096,55,126
2023,2023ohcl,Week 5,6916,2095,6964,2172,3201,8037,74,84
2023,2023ohcl,Week 5,8243,3777,291,695,4269,9075,45,93
2023,2023ohcl,Week 5,2252,6421,5847,2399,4121,3814,132,95
2023,2023ohcl,Week 5,2783,2603,3173,8222,451,9194,124,65
2023,2023ohcl,Week 5,120,4611,1551,7885,7460,5667,93,84
2023,2023ohcl,Week 5,2095,2172,5740,8713,4601,8718,106,42
2023,2023ohcl,Week 5,8037,6181,2632,695,3777,5413,96,90
2023,2023ohcl,Week 5,1126,8140,8096,3201,2234,1308,53,70
2023,2023ohcl,Week 5,4269,6964,379,6916,4145,1405,88,65
2023,2023ohcl,Week 5,48,8145,3324,4028,8243,1507,68,129
2023,2023ohcl,Week 5,9075,2228,8222,2172,2010,3173,92,87
2023,2023ohcl,Week 5,6421,7460,3777,7885,9194,5740,104,87
2023,2023ohcl,Week 5,2252,120,4121,8713,8096,8037,119,47
2023,2023ohcl,Week 5,5847,1551,1405,1126,3201,451,116,99
2023,2023ohcl,Week 5,695,4028,2399,1308,1507,4601,164,74
2023,2023ohcl,Week 5,8718,4269,2234,2010,6964,5413,45,86
2023,2023ohcl,Week 5,4611,6916,2228,8243,2783,6181,77,109
2023,2023ohcl,Week 5,8145,291,5667,4145,8140,2603,40,93
2023,2023ohcl,Week 5,3814,48,2632,2095,3324,379,117,55
2023,2023ohcl,Week 5,1405,7460,1308,4121,8037,9075,93,80
2023,2023ohcl,Week 5,451,2010,4601,5413,2234,120,79,68
2023,2023ohcl,Week 5,3777,1551,8718,2399,8713,6916,39,53
2023,2023ohcl,Week 5,2783,695,9194,3201,5667,4269,127,79
2023,2023ohcl,Week 5,5847,1507,2172,2632,6421,8140,125,78
2023,2023ohcl,Week 5,2252,3173,8222,3324,8243,6964,119,76
2023,2023ohcl,Week 5,4145,291,5740,48,4028,4611,89,147
2023,2023ohcl,Week 5,379,6181,8145,2228,1126,2095,71,118
2023,2023ohcl,Week 5,3814,2603,8713,8096,7885,6916,116,78
2023,2023ohcl,Week 5,5667,695,451,2399,2172,9075,125,63
2023,2023ohcl,Week 5,3173,2632,8243,1551,8037,6421,95,137
2023,2023ohcl,Week 5,4145,4028,7460,2783,5413,5847,128,111
2023,2023ohcl,Week 5,3777,6964,8222,1308,8145,1126,73,69
2023,2023ohcl,Week 5,4611,8096,2603,1507,8718,3324,152,74
2023,2023ohcl,Week 5,6181,2252,2234,48,5740,3201,120,125
2023,2023ohcl,Week 5,2228,4601,9194,8140,1405,3814,126,64
2023,2023ohcl,Week 5,379,4121,7885,2010,4269,291,83,77
2023,2023ohcl,Week 5,9075,4145,2095,120,1126,8222,58,83
2023,2023ohcl,Week 5,6964,5667,4028,2632,451,8713,137,23
2023,2023ohcl,Week 5,8096,3324,5413,5740,695,1551,102,135
2023,2023ohcl,Week 5,8718,2399,3201,2228,8145,8243,65,45
2023,2023ohcl,Week 5,8037,9194,6916,6421,4611,4601,51,111
2023,2023ohcl,Week 5,2234,8140,4121,6181,7885,3173,71,135
2023,2023ohcl,Week 5,1507,2010,1405,291,2095,7460,96,104
2023,2023ohcl,Week 5,120,2172,48,4269,1308,3814,105,63
2023,2023ohcl,Week 5,2252,379,2783,2603,5847,3777,138,110
2023,2023ohcl,Week 5,4145,8713,1126,2632,2228,695,78,131
2023,2023ohcl,Week 5,4121,6916,3201,5413,8222,4028,91,114
2023,2023ohcl,Week 5,8096,8243,2399,6964,1405,6181,109,136
2023,2023ohcl,Week 5,291,1308,120,6421,8145,9194,67,83
2023,2023ohcl,Week 5,451,8037,7885,8718,48,379,69,104
2023,2023ohcl,Week 5,4601,3173,3324,7460,4269,2172,97,92
2023,2023ohcl,Week 5,2010,2095,8140,4611,3777,2252,40,113
2023,2023ohcl,Week 5,1507,9075,2783,2234,3814,1551,101,92
2023,2023ohcl,Week 5,5740,5847,1308,2603,5667,8243,79,109
2023,2023ohcl,Week 5,695,8718,8096,9194,4145,379,181,102
2023,2023ohcl,Week 5,291,1126,2399,3173,6916,120,84,96
2023,2023ohcl,Week 5,8140,8222,4269,4028,8713,6421,39,131
2023,2023ohcl,Week 5,7885,5413,1507,6964,2252,2172,105,131
2023,2023ohcl,Week 5,4601,48,2095,1551,2783,4121,68,74
2023,2023ohcl,Week 5,8145,7460,3201,451,4611,3814,102,129
2023,2023ohcl,Week 5,3324,8037,5667,3777,2228,2234,92,108
2023,2023ohcl,Week 5,5740,6181,2603,2632,9075,2010,135,57
2023,2023ohcl,Week 5,1405,8222,695,5847,120,8140,129,81
2023,2023ohcl,Week 5,6421,2399,6964,2095,2783,8096,145,113
2023,2023ohcl,Week 5,1126,379,8243,5413,4601,7460,83,118
2023,2023ohcl,Week 5,3814,1507,3173,5667,8718,4145,129,63
2023,2023ohcl,Week 5,1551,8713,48,9194,2603,2010,129,103
2023,2023ohcl,Week 5,3201,3324,4028,3777,7885,9075,167,44
2023,2023ohcl,Week 5,2234,2632,2172,4121,1405,4611,53,135
2023,2023ohcl,Week 5,6181,5847,4269,8037,5740,8145,102,58
2023,2023ohcl,Week 5,1308,451,2228,6916,291,2252,86,99
2023,2023ohcl,Week 5,8222,6421,8718,1126,5667,48,103,123
2023,2023ohcl,Week 5,4028,1551,2010,6964,3814,695,104,88
2023,2023ohcl,Week 5,7885,2234,4145,8243,9194,2095,44,45
2023,2023ohcl,Week 5,8140,2399,8037,2603,3324,4121,92,81
2023,2023ohcl,Week 5,2783,3201,8713,3173,379,1308,104,103
2023,2023ohcl,Week 5,4269,120,451,4611,1507,6181,66,134
2023,2023ohcl,Week 5,2172,4601,3777,291,8096,5847,66,133
2023,2023ohcl,Week 5,8145,6916,2632,7460,9075,2252,33,122
2023,2023ohcl,Week 5,5413,5740,6421,1405,2228,7885,127,106
2023,2023qcmo,Week 5,3990,4952,296,5618,2626,7700,73,57
2023,2023qcmo,Week 5,4594,8585,3360,5443,9220,9102,63,63
2023,2023qcmo,Week 5,9076,8067,3985,9234,6540,7471,67,36
2023,2023qcmo,Week 5,8790,3986,5553,6907,3975,8132,78,53
2023,2023qcmo,Week 5,3386,5440,9268,3117,4957,6622,31,68
2023,2023qcmo,Week 5,5528,4947,3544,6869,6872,2220,110,38
2023,2023qcmo,Week 5,8264,3532,5439,4955,3996,7605,69,71
2023,2023qcmo,Week 5,6929,8152,2626,3550,5910,3360,108,93
2023,2023qcmo,Week 5,3986,9076,3975,5618,5553,3985,64,84
2023,2023qcmo,Week 5,9268,296,3117,8132,7471,5443,84,54
2023,2023qcmo,Week 5,6872,4952,3544,3386,9234,6622,53,17
2023,2023qcmo,Week 5,2220,6540,6907,7605,8264,9220,85,72
2023,2023qcmo,Week 5,4947,7700,3996,4957,6929,5528,110,95
2023,2023qcmo,Week 5,3550,8152,4955,9102,8790,8067,105,48
2023,2023qcmo,Week 5,8585,5439,5910,4594,6869,3990,90,77
2023,2023qcmo,Week 5,5440,5553,9234,3532,9268,7471,65,56
2023,2023qcmo,Week 5,2220,3985,3386,5618,5443,6540,56,39
2023,2023qcmo,Week 5,3975,3360,8264,6622,5528,7605,77,80
2023,2023qcmo,Week 5,6929,4952,8790,9220,3986,3117,96,116
2023,2023qcmo,Week 5,5439,8132,7700,8585,8067,8152,108,61
2023,2023qcmo,Week 5,2626,4955,4957,6907,6872,4594,57,46
2023,2023qcmo,Week 5,296,3532,9102,5910,6869,4947,56,72
2023,2023qcmo,Week 5,9076,3550,3990,5440,3996,3544,112,86
2023,2023qcmo,Week 5,6540,9220,9268,8790,5618,5528,31,73
2023,2023qcmo,Week 5,6622,5443,3985,8067,8132,6929,66,83
2023,2023qcmo,Week 5,3975,7471,3386,8264,4955,6907,79,82
2023,2023qcmo,Week 5,3360,7700,6869,5553,3117,6872,43,91
2023,2023qcmo,Week 5,4952,8585,9234,4957,3550,7605,42,84
2023,2023qcmo,Week 5,8152,4594,2220,9076,296,5440,68,36
2023,2023qcmo,Week 5,3544,2626,3986,5439,3996,9102,82,122
2023,2023qcmo,Week 5,4947,3532,6540,3975,3990,5910,47,100
2023,2023qcmo,Week 5,5528,6869,9220,3985,4955,8132,92,70
2023,2023qcmo,Week 5,4957,5618,6872,5443,8264,3550,44,116
2023,2023qcmo,Week 5,6929,3386,5553,8152,296,9234,79,46
2023,2023qcmo,Week 5,7605,7471,4594,7700,3544,9268,82,46
2023,2023qcmo,Week 5,6907,3360,9076,3532,5910,4952,106,83
2023,2023qcmo,Week 5,8790,6622,5439,2220,9102,3990,71,107
2023,2023qcmo,Week 5,3117,8067,2626,3986,4947,8585,85,74
2023,2023qcmo,Week 5,3996,6872,296,6540,3985,5440,84,54
2023,2023qcmo,Week 5,4955,3544,6929,5553,9268,8264,85,55
2023,2023qcmo,Week 5,9234,3975,5443,4952,8152,6869,64,53
2023,2023qcmo,Week 5,8132,9102,5910,7471,2220,4957,87,62
2023,2023qcmo,Week 5,3990,6907,5439,5528,3117,3550,127,113
2023,2023qcmo,Week 5,7700,5440,3986,3360,4947,3386,56,86
2023,2023qcmo,Week 5,8067,7605,5618,4594,8790,2626,112,32
2023,2023qcmo,Week 5,3532,9220,8585,3996,6622,9076,23,73
2023,2023qcmo,Week 5,3985,8264,4952,5910,9268,8152,83,104
2023,2023qcmo,Week 5,6869,6907,4957,3990,6929,6540,61,104
2023,2023qcmo,Week 5,4947,5443,5440,5439,9234,4955,40,110
2023,2023qcmo,Week 5,9102,7605,3117,6872,5528,8067,125,73
2023,2023qcmo,Week 5,3550,8132,4594,3386,3986,3532,116,54
2023,2023qcmo,Week 5,9220,2626,2220,7700,5553,3975,106,65
2023,2023qcmo,Week 5,8585,3544,9076,296,3360,8790,80,49
2023,2023qcmo,Week 5,7471,6907,6622,3996,5618,6869,67,89
2023,2023qcmo,Week 5,3985,7605,8152,9268,3990,4947,79,100
2023,2023qcmo,Week 5,5910,4594,3986,8132,9234,6872,128,73
2023,2023qcmo,Week 5,8264,6540,7700,5440,9102,3550,41,108
2023,2023qcmo,Week 5,5443,3386,5528,2626,9076,3532,72,75
2023,2023qcmo,Week 5,4955,2220,5618,3117,8585,6929,92,86
2023,2023qcmo,Week 5,8067,4957,9220,3544,3975,296,82,78
2023,2023qcmo,Week 5,7471,8790,3996,4952,5439,3360,107,111
2023,2023qcmo,Week 5,6540,3550,5553,6622,4594,4947,96,55
2023,2023qcmo,Week 5,6869,9076,8132,2626,5440,8264,62,58
2023,2023qcmo,Week 5,9102,7700,8585,9268,3985,6907,72,63
2023,2023qcmo,Week 5,8152,3117,5618,3544,4957,3532,97,49
2023,2023qcmo,Week 5,6872,5439,7471,9220,6929,3975,94,75
2023,2023qcmo,Week 5,296,5528,4955,3986,6622,4952,76,109
2023,2023qcmo,Week 5,5553,5910,5443,7605,3386,8790,74,77
2023,2023qcmo,Week 5,3360,3990,3996,9234,2220,8067,132,90
2023,2023tnkn,Week 5,2383,4020,2451,801,8841,6302,136,82
2023,2023tnkn,Week 5,7072,3492,3821,7525,1730,5005,106,105
2023,2023tnkn,Week 5,2393,2614,325,8214,4576,9152,130,83
2023,2023tnkn,Week 5,4265,2641,5492,2856,7516,4630,118,49
2023,2023tnkn,Week 5,63,3140,3984,3824,108,5744,107,79
2023,2023tnkn,Week 5,1466,4306,4462,3966,6517,4504,78,53
2023,2023tnkn,Week 5,8841,3653,1730,4013,7525,8214,116,72
2023,2023tnkn,Week 5,2614,9152,2856,5492,4576,801,70,94
2023,2023tnkn,Week 5,7516,6302,4265,3984,7072,3824,48,90
2023,2023tnkn,Week 5,63,2641,5005,3140,3966,1466,84,95
2023,2023tnkn,Week 5,2451,4013,4504,325,5744,3653,121,75
2023,2023tnkn,Week 5,108,6517,2383,3492,4630,2393,124,78
2023,2023tnkn,Week 5,3821,4462,8214,3984,4306,4020,101,109
2023,2023tnkn,Week 5,3824,6302,3140,7525,5492,1466,56,73
2023,2023tnkn,Week 5,4576,5005,5744,2451,8841,3966,52,106
2023,2023tnkn,Week 5,325,7072,4630,801,2393,6517,92,49
2023,2023tnkn,Week 5,3653,4306,4013,108,3492,2856,35,115
2023,2023tnkn,Week 5,9152,3821,7516,2383,4504,63,81,112
2023,2023tnkn,Week 5,1730,2641,2614,4462,4265,4020,106,128
2023,2023tnkn,Week 5,325,8214,8841,5005,5492,3966,146,55
2023,2023tnkn,Week 5,5744,7072,4013,4576,108,3984,43,103
2023,2023tnkn,Week 5,3492,1466,6302,4630,3653,63,88,87
2023,2023tnkn,Week 5,7516,1730,4020,2451,6517,3140,122,135
2023,2023tnkn,Week 5,2641,9152,2383,4504,7525,4265,61,123
2023,2023tnkn,Week 5,4462,3824,2614,4306,3821,2856,99,49
2023,2023tnkn,Week 5,5492,2393,6302,801,5005,4013,45,61
2023,2023tnkn,Week 5,1466,3984,1730,4630,4576,8841,99,81
2023,2023tnkn,Week 5,4265,8214,3492,7516,63,5744,115,61
2023,2023tnkn,Week 5,4306,325,3140,4462,2451,7525,101,124
2023,2023tnkn,Week 5,7072,2856,3966,4504,4020,9152,39,114
2023,2023tnkn,Week 5,2383,801,3824,2641,6517,3653,96,87
2023,2023tnkn,Week 5,4265,2393,108,2614,1466,3821,140,97
2023,2023tnkn,Week 5,63,1730,4576,6302,325,4462,137,117
2023,2023tnkn,Week 5,4020,5005,4630,7525,5744,9152,65,80
2023,2023tnkn,Week 5,3653,4504,7516,4306,8841,3824,60,85
2023,2023tnkn,Week 5,2614,3966,4013,3492,3140,2383,66,112
2023,2023tnkn,Week 5,2451,2641,2393,5492,108,7072,134,125
2023,2023tnkn,Week 5,6517,3821,3984,8214,2856,801,79,85
2023,2023tnkn,Week 5,4630,4265,1466,4020,3824,325,109,130
2023,2023tnkn,Week 5,4013,2383,4576,4306,7516,5005,104,50
2023,2023tnkn,Week 5,8841,5492,3492,9152,4462,7072,85,39
2023,2023tnkn,Week 5,4504,3984,2641,2614,2451,3653,64,120
2023,2023tnkn,Week 5,3140,801,108,8214,6302,3966,123,56
2023,2023tnkn,Week 5,2856,63,7525,1730,2393,5744,64,82
2023,2023tnkn,Week 5,4576,4462,6517,5005,4265,3821,85,105
2023,2023tnkn,Week 5,3824,4504,1466,4013,3492,3984,75,73
2023,2023tnkn,Week 5,6302,4630,9152,2641,8214,4306,43,68
2023,2023tnkn,Week 5,3966,7516,108,2856,325,1730,119,140
2023,2023tnkn,Week 5,5744,4020,3821,3653,2383,5492,105,101
2023,2023tnkn,Week 5,801,2451,7072,6517,2614,63,104,101
2023,2023tnkn,Week 5,2393,7525,4306,8841,3140,4265,102,122
2023,2023tnkn,Week 5,4504,5005,8214,4576,3492,2641,67,100
2023,2023tnkn,Week 5,5744,2856,5492,1466,2383,325,93,150
2023,2023tnkn,Week 5,4020,7072,6517,63,4013,3824,86,84
2023,2023tnkn,Week 5,3984,4630,2451,3821,3966,2393,105,61
2023,2023tnkn,Week 5,3653,9152,801,1730,3140,4462,93,118
2023,2023tnkn,Week 5,7525,7516,8841,6302,108,2614,70,118
2023,2023tnkn,Week 5,1466,63,8214,7072,2383,4306,124,74
2023,2023tnkn,Week 5,5005,325,2451,2856,3984,4265,127,75
2023,2023tnkn,Week 5,3824,3653,3492,2393,4020,4576,109,143
2023,2023tnkn,Week 5,3140,2614,5492,1730,4630,4504,109,106
2023,2023tnkn,Week 5,6517,5744,8841,3821,6302,2641,92,75
2023,2023tnkn,Week 5,3966,801,7525,4462,4013,7516,106,67
2023,2023tnkn,Week 5,9152,3824,5005,108,1466,2451,59,135
2023,2023lake,Week 5,456,3616,4635,8118,4087,4107,144,81
2023,2023lake,Week 5,9153,5863,5971,9240,8808,2221,25,74
2023,2023lake,Week 5,3478,5785,2080,3753,8044,1592,103,88
2023,2023lake,Week 5,2992,6068,8732,7288,7094,5997,87,58
2023,2023lake,Week 5,364,4522,2183,9309,3468,1421,147,47
2023,2023lake,Week 5,16,7661,3937,3039,1818,1622,139,104
2023,2023lake,Week 5,5965,3606,9240,2221,1912,4087,22,110
2023,2023lake,Week 5,8118,3753,5971,8732,5785,5863,62,37
2023,2023lake,Week 5,2183,6068,9309,8808,9153,364,70,72
2023,2023lake,Week 5,7661,3039,3478,1421,4522,456,118,133
2023,2023lake,Week 5,5965,3616,7094,1622,3937,1912,53,129
2023,2023lake,Week 5,5997,1818,3606,4635,3468,8044,56,88
2023,2023lake,Week 5,7288,2992,4107,1592,16,2080,97,141
2023,2023lake,Week 5,8732,456,4087,5785,2221,1421,57,46
2023,2023lake,Week 5,8118,1622,9153,7094,5971,4522,91,121
2023,2023lake,Week 5,6068,9240,3039,3616,8044,1818,118,103
2023,2023lake,Week 5,7288,3478,16,5965,1912,3468,109,56
2023,2023lake,Week 5,364,4635,5863,2080,9309,5997,127,55
2023,2023lake,Week 5,7661,8808,3753,3606,3937,1592,38,109
2023,2023lake,Week 5,2183,4107,5971,2992,1818,4522,55,103
2023,2023lake,Week 5,7094,5785,3468,2221,5965,16,32,75
2023,2023lake,Week 5,9309,5863,3039,1421,8732,4635,117,120
2023,2023lake,Week 5,4087,5997,3616,1592,8808,3478,94,109
2023,2023lake,Week 5,9153,2080,3753,6068,7661,8044,57,98
2023,2023lake,Week 5,1912,9240,4107,3606,2183,8118,46,65
2023,2023lake,Week 5,364,1622,2992,3937,7288,456,152,73
2023,2023lake,Week 5,3478,5971,2221,16,4635,3039,110,132
2023,2023lake,Week 5,5997,1592,3468,2080,4522,3616,49,134
2023,2023lake,Week 5,7094,1912,7661,8044,8732,2183,66,130
2023,2023lake,Week 5,5965,456,8808,4107,3753,364,75,104
2023,2023lake,Week 5,6068,8118,3937,2992,3606,9309,88,100
2023,2023lake,Week 5,1421,1622,7288,5785,9240,9153,105,49
2023,2023lake,Week 5,5863,1818,7094,4087,4635,3478,64,131
2023,2023lake,Week 5,2221,7661,1592,3039,2183,3616,83,100
2023,2023lake,Week 5,5971,8732,5965,6068,2080,3606,56,73
2023,2023lake,Week 5,3753,1622,456,9240,7288,9309,105,28
2023,2023lake,Week 5,1912,1421,9153,4107,4522,5863,78,134
2023,2023lake,Week 5,1818,5785,8808,5997,8044,2992,56,134
2023,2023lake,Week 5,3468,16,8118,4087,364,3937,102,93
2023,2023lake,Week 5,2080,5965,4635,3616,7661,8732,91,65
2023,2023lake,Week 5,7094,1592,2183,4107,9309,1622,108,57
2023,2023lake,Week 5,5785,3039,456,1912,5997,6068,112,96
2023,2023lake,Week 5,1421,5863,16,8118,2992,8808,96,95
2023,2023lake,Week 5,4522,4087,8044,3937,9240,3753,123,83
2023,2023lake,Week 5,9153,2221,3606,1818,3478,364,56,118
2023,2023lake,Week 5,3468,2183,7288,456,5971,7661,88,66
2023,2023lake,Week 5,8808,7094,2080,3039,5997,5965,92,119
2023,2023lake,Week 5,3616,2992,9240,9309,3753,4635,116,93
2023,2023lake,Week 5,3937,9153,1818,1592,8118,1912,99,105
2023,2023lake,Week 5,3606,8044,1421,7288,5971,4087,42,57
2023,2023lake,Week 5,16,4107,5785,3478,6068,5863,81,94
2023,2023lake,Week 5,1622,2221,4522,364,3468,8732,139,111
2023,2023lake,Week 5,2183,4635,8808,3753,1912,1818,124,54
2023,2023lake,Week 5,7661,9309,5965,9240,8118,5997,13,75
2023,2023lake,Week 5,1592,3616,6068,3478,1421,7094,107,114
2023,2023lake,Week 5,3468,4087,1622,3039,9153,2992,103,112
2023,2023lake,Week 5,3937,2221,4107,8732,2080,7288,89,68
2023,2023lake,Week 5,16,3606,4522,5863,456,8044,141,124
2023,2023lake,Week 5,5971,364,1421,5785,3753,5997,51,43
2023,2023lake,Week 5,8808,6068,4087,1622,2183,7661,104,94
2023,2023lake,Week 5,1912,3039,8732,1818,4107,3468,132,57
2023,2023lake,Week 5,4522,5965,1592,9153,456,16,116,122
2023,2023lake,Week 5,9240,364,2080,4635,7094,3606,87,113
2023,2023lake,Week 5,5863,3937,2992,5971,3616,5785,104,77
2023,2023lake,Week 5,8044,3478,9309,2221,8118,7288,137,47
2023,2023lake,Week 5,1818,1421,6068,4522,3468,3753,85,132
2023,2023lake,Week 5,5997,8732,9153,4087,16,9240,76,111
2023,2023lake,Week 5,3606,364,1912,2992,1592,5971,92,109
2023,2023lake,Week 5,2183,5863,2221,1622,5965,3478,65,123
2023,2023lake,Week 5,456,7094,8118,8808,7288,3039,108,114
2023,2023lake,Week 5,8044,3937,5785,4635,4107,7661,95,85
2023,2023lake,Week 5,3616,9309,1912,2080,4087,1818,106,117
2023,2023lake,Week 5,8732,1592,9240,3468,9153,6068,108,68
2023,2023lake,Week 5,3753,2992,2221,4522,3039,8118,94,137
2023,2023lake,Week 5,4635,5997,1622,4107,1421,5965,115,80
2023,2023lake,Week 5,7661,3606,5785,9309,16,7094,35,117
2023,2023lake,Week 5,8044,7288,364,5863,8808,3616,44,108
2023,2023lake,Week 5,5971,2080,3937,456,3478,2183,117,137
2023,2023mnmi,Week 5,2502,2846,4664,2207,3082,2450,120,79
2023,2023mnmi,Week 5,2225,5278,2606,8787,2177,4632,18,37
2023,2023mnmi,Week 5,2855,2470,4663,4536,3038,2549,104,92
2023,2023mnmi,Week 5,3610,2823,2513,7258,2500,4215,59,56
2023,2023mnmi,Week 5,3454,2491,5434,7849,7068,3206,80,77
2023,2023mnmi,Week 5,2879,5271,8234,2515,3018,4225,41,14
2023,2023mnmi,Week 5,4277,2052,3630,4198,7235,3278,112,46
2023,2023mnmi,Week 5,5913,1816,3407,4549,8255,7019,117,75
2023,2023mnmi,Week 5,2509,3202,2498,2181,3026,2518,75,79
2023,2023mnmi,Week 5,9157,2508,6709,5996,3871,3007,29,79
2023,2023mnmi,Week 5,3610,7258,7850,4536,2855,2225,80,48
2023,2023mnmi,Week 5,7068,2502,2823,4663,5278,2450,143,87
2023,2023mnmi,Week 5,2515,7849,8787,2207,2513,2177,60,35
2023,2023mnmi,Week 5,2846,8234,4198,5271,2491,2549,125,81
2023,2023mnmi,Week 5,3407,7235,4632,3454,4225,5913,54,86
2023,2023mnmi,Week 5,3038,2606,2509,3278,2498,3082,77,77
2023,2023mnmi,Week 5,2052,4664,6709,7019,3202,3018,114,36
2023,2023mnmi,Week 5,2470,3206,4549,3630,5996,2508,111,64
2023,2023mnmi,Week 5,3026,3007,4215,2518,7850,5434,108,127
2023,2023mnmi,Week 5,8255,2500,2181,2879,9157,4277,59,58
2023,2023mnmi,Week 5,3871,4198,3610,7849,2207,1816,85,106
2023,2023mnmi,Week 5,2225,3454,2515,2450,2491,2502,36,110
2023,2023mnmi,Week 5,3407,2513,3278,5271,7068,2855,42,90
2023,2023mnmi,Week 5,8787,3082,5913,2549,4225,3202,136,42
2023,2023mnmi,Week 5,7019,5996,4536,2846,4632,2498,85,75
2023,2023mnmi,Week 5,2508,2509,2518,5434,2052,4663,36,127
2023,2023mnmi,Week 5,3026,5278,8234,3630,8255,2879,90,83
2023,2023mnmi,Week 5,2181,2823,3018,1816,7850,3038,114,90
2023,2023mnmi,Week 5,3206,4215,3871,7258,4549,4664,75,99
2023,2023mnmi,Week 5,3007,6709,2177,4277,2500,7235,91,50
2023,2023mnmi,Week 5,2491,2606,9157,3202,2470,3610,86,79
2023,2023mnmi,Week 5,2498,7849,5996,3278,2502,8787,58,75
2023,2023mnmi,Week 5,2518,4536,2515,4198,5913,7068,56,141
2023,2023mnmi,Week 5,4663,2207,2225,2052,3407,2879,71,87
2023,2023mnmi,Week 5,2823,2508,3082,4632,3018,8255,113,23
2023,2023mnmi,Week 5,5434,2855,5278,4664,8234,1816,79,103
2023,2023mnmi,Week 5,2177,7258,5271,3038,3454,3007,91,58
2023,2023mnmi,Week 5,2450,9157,7235,7850,2549,4549,44,84
2023,2023mnmi,Week 5,4215,3630,2470,2181,2846,6709,120,124
2023,2023mnmi,Week 5,3026,4225,2513,4277,3206,2606,65,72
2023,2023mnmi,Week 5,7019,3871,2502,2500,2509,2491,79,93
2023,2023mnmi,Week 5,5996,2518,2879,2823,3407,7849,62,95
2023,2023mnmi,Week 5,3082,4663,4632,8234,3610,2515,104,37
2023,2023mnmi,Week 5,8255,2207,3454,3038,5434,3202,48,86
2023,2023mnmi,Week 5,1816,3007,7258,2498,2450,2052,100,99
2023,2023mnmi,Week 5,2855,3630,2846,5913,2177,9157,121,93
2023,2023mnmi,Week 5,3206,4664,2181,2225,3018,7235,97,63
2023,2023mnmi,Week 5,3871,7068,2549,2606,7019,3026,102,86
2023,2023mnmi,Week 5,2508,3278,4225,6709,2513,4536,44,103
2023,2023mnmi,Week 5,5271,8787,4277,4549,4215,2509,41,101
2023,2023mnmi,Week 5,7850,2470,2500,5278,4198,3454,119,79
2023,2023mnmi,Week 5,2491,2515,3082,5996,1816,2052,73,129
2023,2023mnmi,Week 5,2846,2450,3202,4632,2879,3038,59,31
2023,2023mnmi,Week 5,3630,3007,2498,3018,4664,3407,98,41
2023,2023mnmi,Week 5,7235,2549,8255,3871,2518,7258,78,29
2023,2023mnmi,Week 5,2177,3278,2181,2508,3026,3610,64,99
2023,2023mnmi,Week 5,2502,6709,4549,2513,5434,2606,86,107
2023,2023mnmi,Week 5,5271,2509,2207,5278,4536,9157,80,73
2023,2023mnmi,Week 5,8234,5913,7850,2470,4277,7849,103,95
2023,2023mnmi,Week 5,2500,7019,2823,2855,8787,3206,82,71
2023,2023mnmi,Week 5,7068,4663,4225,4215,2225,4198,100,75
2023,2023mnmi,Week 5,2491,4632,7258,3082,2518,3630,65,99
2023,2023mnmi,Week 5,4664,2498,3454,2515,2549,2508,72,58
2023,2023mnmi,Week 5,2879,3610,2846,2502,5434,3007,75,111
2023,2023mnmi,Week 5,3202,7235,5996,2513,5271,5278,51,30
2023,2023mnmi,Week 5,4536,2450,3407,8234,2181,3871,80,93
2023,2023mnmi,Week 5,6709,3206,1816,2509,8787,7850,94,96
2023,2023mnmi,Week 5,8255,4198,2052,4215,2606,2855,105,71
2023,2023mnmi,Week 5,3018,4277,2177,9157,4663,7019,73,74
2023,2023mnmi,Week 5,3278,2225,2470,2823,4549,2207,84,84
2023,2023mnmi,Week 5,4225,3038,2500,5913,7849,3026,55,106
2023,2023mnmi,Week 5,3082,2879,7068,7235,2498,5271,101,43
2023,2023mnmi,Week 5,2549,4632,2513,3007,2181,2491,29,82
2023,2023mnmi,Week 5,5278,1816,2515,2518,2846,3206,90,115
2023,2023mnmi,Week 5,8787,3407,2508,7258,2502,4198,74,119
2023,2023mnmi,Week 5,4664,7850,4663,2606,8255,5996,100,58
2023,2023mnmi,Week 5,3454,4215,7019,9157,8234,3278,80,64
2023,2023mnmi,Week 5,2509,2177,3871,4225,2823,2470,82,123
2023,2023mnmi,Week 5,5434,4536,3630,3202,2225,2500,113,37
2023,2023mnmi,Week 5,7849,2855,3018,2450,4549,3026,63,95
2023,2023mnmi,Week 5,3610,3038,2207,7068,6709,4277,64,77
2023,2023mnmi,Week 5,3206,5271,5913,2052,2181,2502,136,144
2023,2023mnmi,Week 5,7235,7258,8787,4663,2491,2846,98,92
2023,2023mnmi,Week 5,4198,9157,2518,2513,2879,4664,96,57
2023,2023mnmi,Week 5,3007,2515,8255,2470,7019,2509,67,112
2023,2023mnmi,Week 5,2606,3454,4536,1816,3630,2823,81,134
2023,2023mnmi,Week 5,2500,3278,7849,2549,3082,2225,38,41
2023,2023mnmi,Week 5,7850,3202,7068,2177,2508,8234,88,71
2023,2023mnmi,Week 5,4632,4277,5434,2498,3871,2855,86,54
2023,2023mnmi,Week 5,3018,5996,2450,2207,5913,4215,80,122
2023,2023mnmi,Week 5,4549,2052,3038,4225,3610,5278,112,61
2023,2023mnmi,Week 5,6709,3026,2491,3407,2515,5271,126,36
2023,2023mokc,Week 5,5889,1847,4213,7064,1763,9085,99,33
2023,2023mokc,Week 5,1984,1785,2718,5809,937,6843,95,21
2023,2023mokc,Week 5,4959,5126,3172,1982,2359,2001,56,93
2023,2023mokc,Week 5,5098,1710,1825,1764,9316,5918,103,45
2023,2023mokc,Week 5,1802,4256,1775,2457,7563,1810,121,94
2023,2023mokc,Week 5,2345,5268,1769,5801,1108,1987,70,165
2023,2023mokc,Week 5,2001,1984,9085,5889,1982,4959,37,135
2023,2023mokc,Week 5,4213,5098,5809,2718,3172,1825,115,77
2023,2023mokc,Week 5,7563,9316,1763,2359,1802,5126,66,103
2023,2023mokc,Week 5,1785,1810,1775,1764,5801,2345,83,80
2023,2023mokc,Week 5,937,1710,1987,1769,5918,4256,97,121
2023,2023mokc,Week 5,6843,1847,2457,5268,1108,7064,72,61
2023,2023mokc,Week 5,9085,2718,5809,4959,7563,4213,102,100
2023,2023mokc,Week 5,2345,5889,9316,1775,5126,1764,100,81
2023,2023mokc,Week 5,5098,937,2001,1710,1769,5801,45,128
2023,2023mokc,Week 5,1847,1825,2359,5268,6843,1802,81,38
2023,2023mokc,Week 5,1108,3172,1810,1763,1984,4256,115,95
2023,2023mokc,Week 5,7064,2457,1982,1987,5918,1785,65,141
2023,2023mokc,Week 5,4213,5809,1710,2001,1775,5889,128,81
2023,2023mokc,Week 5,9316,6843,1825,1764,7563,5098,89,98
2023,2023mokc,Week 5,2359,937,2345,3172,1769,1847,101,72
2023,2023mokc,Week 5,2457,5801,1763,1810,5268,1984,116,64
2023,2023mokc,Week 5,5918,7064,2718,1982,9085,1802,58,100
2023,2023mokc,Week 5,4256,1987,4959,1108,5126,1785,124,147
2023,2023mokc,Week 5,1769,5889,6843,3172,1764,2001,85,52
2023,2023mokc,Week 5,5268,4213,2457,1810,9316,1710,86,116
2023,2023mokc,Week 5,1775,9085,5801,1825,1984,937,83,89
2023,2023mokc,Week 5,4959,5918,1108,1802,7064,1847,97,65
2023,2023mokc,Week 5,1763,1785,2359,2718,1987,7563,92,131
2023,2023mokc,Week 5,5809,4256,1982,2345,5126,5098,122,53
2023,2023mokc,Week 5,9316,2457,3172,1769,9085,937,74,75
2023,2023mokc,Week 5,1984,1775,4959,4213,2001,1825,88,97
2023,2023mokc,Week 5,1764,1710,1785,5268,1847,1763,99,44
2023,2023mokc,Week 5,1987,7064,2345,5126,7563,6843,106,73
2023,2023mokc,Week 5,5801,1802,5918,5809,5889,2359,122,91
2023,2023mokc,Week 5,2718,1810,4256,5098,1982,1108,103,80
2023,2023mokc,Week 5,1775,937,3172,1785,4959,5268,42,71
2023,2023mokc,Week 5,1825,7064,1764,6843,2345,9085,72,41
2023,2023mokc,Week 5,7563,1802,1710,5918,5809,1984,120,94
2023,2023mokc,Week 5,1108,4213,1769,1987,2359,9316,122,124
2023,2023mokc,Week 5,1847,1810,1982,4256,5889,5801,90,126
2023,2023mokc,Week 5,2001,1763,5126,2457,2718,5098,72,58
2023,2023mokc,Week 5,7563,1825,1775,3172,1710,7064,103,88
2023,2023mokc,Week 5,9085,4959,1764,1802,5809,1987,132,152
2023,2023mokc,Week 5,5918,2359,5268,4213,2345,4256,59,126
2023,2023mokc,Week 5,1108,1763,5889,1785,2457,937,115,98
2023,2023mokc,Week 5,5801,2001,9316,6843,1982,2718,91,62
2023,2023mokc,Week 5,5126,1847,1984,1769,5098,1810,41,91
2023,2023mokc,Week 5,2359,4256,1710,7064,5809,4959,89,55
2023,2023mokc,Week 5,2457,1108,2345,9085,3172,5889,104,83
2023,2023mokc,Week 5,9316,2718,1802,1825,1763,1987,74,129
2023,2023mokc,Week 5,2001,1769,1785,1775,5098,1847,98,53
2023,2023mokc,Week 5,937,5268,1764,1982,1984,7563,40,123
2023,2023mokc,Week 5,1810,6843,5801,5126,5918,4213,89,123
2023,2023mokc,Week 5,1763,3172,5809,9316,4256,7064,70,87
2023,2023mokc,Week 5,2718,1108,2001,1710,2345,1775,71,82
2023,2023mokc,Week 5,5889,5268,7563,1825,4959,1769,117,96
2023,2023mokc,Week 5,5098,1802,1984,6843,1785,4213,75,103
2023,2023mokc,Week 5,9085,2457,5918,2359,1764,1810,83,95
2023,2023mokc,Week 5,1982,1987,5126,1847,5801,937,150,90
2023,2023mokc,Week 5,7563,1769,7064,1710,2718,5889,106,112
2023,2023mokc,Week 5,1763,6843,5098,4959,2345,1802,76,74
2023,2023mokc,Week 5,4256,2001,5268,1785,9316,9085,68,96
2023,2023mokc,Week 5,1984,2359,3172,1987,1775,2457,59,119
2023,2023mokc,Week 5,1847,1764,1108,5126,5801,5809,68,125
2023,2023mokc,Week 5,937,4213,1982,1810,1825,5918,89,82
2023,2023mokc,Week 5,4256,9085,7563,1710,2001,6843,115,62
2023,2023mokc,Week 5,3172,1987,5268,7064,5098,2359,90,94
2023,2023mokc,Week 5,5801,4959,2718,5889,1764,2457,76,89
2023,2023mokc,Week 5,937,1810,5126,1802,1825,1108,90,86
2023,2023mokc,Week 5,2345,1785,1847,1984,4213,9316,104,115
2023,2023mokc,Week 5,5809,1775,1769,5918,1982,1763,81,109
2023,2023wila,Week 5,648,3692,112,2175,7103,8744,72,117
2023,2023wila,Week 5,5442,8701,6166,5586,1091,8516,84,132
2023,2023wila,Week 5,3130,2704,7619,2338,2194,9149,92,126
2023,2023wila,Week 5,2481,1306,8024,3090,7915,6381,111,19
2023,2023wila,Week 5,4011,5903,5019,2039,8531,8700,101,85
2023,2023wila,Week 5,2169,4174,7021,2062,2826,3381,129,91
2023,2023wila,Week 5,2977,5914,5576,4607,171,4539,68,143
2023,2023wila,Week 5,111,7578,1736,4021,1716,5826,153,89
2023,2023wila,Week 5,4054,4655,3276,4531,8782,3792,130,73
2023,2023wila,Week 5,2194,7103,6166,9149,1306,8701,105,52
2023,2023wila,Week 5,5019,2039,3692,8024,648,1091,99,55
2023,2023wila,Week 5,7619,2175,2338,6381,5903,2826,137,101
2023,2023wila,Week 5,2704,8700,2481,8744,2977,7021,142,124
2023,2023wila,Week 5,7578,8531,5826,5442,2169,1736,83,122
2023,2023wila,Week 5,5914,8516,4655,112,2062,3276,124,136
2023,2023wila,Week 5,5586,171,3381,4011,1716,7915,118,59
2023,2023wila,Week 5,4021,4539,3090,4054,3792,4174,74,75
2023,2023wila,Week 5,8782,5576,4607,111,3130,4531,97,135
2023,2023wila,Week 5,2977,6166,9149,8744,2826,8024,69,87
2023,2023wila,Week 5,1306,3692,2175,5826,5019,2704,72,113
2023,2023wila,Week 5,3276,7021,8531,4655,6381,5442,145,84
2023,2023wila,Week 5,171,1736,112,2194,3381,2481,135,136
2023,2023wila,Week 5,1091,7578,4054,4174,7915,5914,66,69
2023,2023wila,Week 5,7103,8516,8782,2338,3090,1716,118,101
2023,2023wila,Week 5,2062,3792,5903,4531,5576,648,78,57
2023,2023wila,Week 5,4539,3130,2169,8701,8700,4021,116,108
2023,2023wila,Week 5,4011,5586,2039,7619,111,4607,98,171
2023,2023wila,Week 5,2826,2481,3692,4655,3381,8531,127,90
2023,2023wila,Week 5,8744,6381,2194,5442,4054,5914,138,69
2023,2023wila,Week 5,1716,112,8782,1306,6166,4174,97,106
2023,2023wila,Week 5,8516,7578,4531,171,1091,7103,102,118
2023,2023wila,Week 5,3130,7915,8024,7021,5903,2175,86,144
2023,2023wila,Week 5,2704,4607,8701,4021,4011,3792,126,75
2023,2023wila,Week 5,9149,4539,3276,648,2169,111,108,137
2023,2023wila,Week 5,5586,2977,3090,5019,2338,1736,61,138
2023,2023wila,Week 5,7619,2039,5826,5576,8700,2062,137,92
2023,2023wila,Week 5,2826,8531,1716,1306,5914,1091,75,92
2023,2023wila,Week 5,5903,8782,7578,112,7021,8516,91,141
2023,2023wila,Week 5,6381,4531,4174,7103,8701,4011,121,115
2023,2023wila,Week 5,171,2481,111,4539,2175,648,161,85
2023,2023wila,Week 5,3692,5442,9149,3090,4607,3792,90,78
2023,2023wila,Week 5,1736,2704,6166,8700,7619,4655,128,90
2023,2023wila,Week 5,5576,4021,8744,5019,7915,3276,101,72
2023,2023wila,Week 5,8024,2062,2194,5826,5586,2338,99,153
2023,2023wila,Week 5,3381,2169,2977,4054,2039,3130,94,107
2023,2023wila,Week 5,7021,648,1306,2175,8516,4011,96,101
2023,2023wila,Week 5,5903,4531,7103,4539,2481,5442,109,126
2023,2023wila,Week 5,4607,9149,1091,1736,8700,6381,29,109
2023,2023wila,Week 5,7619,8744,8531,3090,4174,171,100,66
2023,2023wila,Week 5,2338,6166,4021,8701,3692,5576,122,92
2023,2023wila,Week 5,112,2826,5826,2039,3792,7915,114,70
2023,2023wila,Week 5,1716,2194,5586,7578,3276,2977,81,84
2023,2023wila,Week 5,8782,3130,3381,2062,5914,5019,62,84
2023,2023wila,Week 5,2169,8024,4054,111,2704,4655,80,156
2023,2023wila,Week 5,8516,8744,1306,1736,7619,4531,110,135
2023,2023wila,Week 5,648,4174,2338,5442,4607,7021,130,149
2023,2023wila,Week 5,2039,112,2175,8531,9149,4021,88,44
2023,2023wila,Week 5,2481,4011,2977,6166,5576,7578,130,56
2023,2023wila,Week 5,3276,5586,6381,3692,5826,3130,150,106
2023,2023wila,Week 5,7103,4539,4054,2826,4655,5019,120,103
2023,2023wila,Week 5,3792,8024,8700,2062,171,1716,51,101
2023,2023wila,Week 5,3381,5914,111,8701,3090,5903,114,21
2023,2023wila,Week 5,7915,1091,2169,2194,8782,2704,75,108
2023,2023wila,Week 5,4531,5442,1306,4021,2977,112,91,87
2023,2023wila,Week 5,6166,648,8516,3130,8531,6381,113,134
2023,2023wila,Week 5,2826,2175,4174,1736,5586,5576,82,115
2023,2023wila,Week 5,5826,7021,171,5019,4054,9149,145,47
2023,2023wila,Week 5,3276,8024,4607,3381,7103,7619,95,113
2023,2023wila,Week 5,2704,2062,3090,1716,4539,7578,89,111
2023,2023wila,Week 5,1091,4655,4011,2169,8744,5903,108,141
2023,2023wila,Week 5,3792,2194,8701,2481,8782,2039,96,154
2023,2023wila,Week 5,8700,111,7915,3692,2338,5914,116,117
2023,2023wila,Week 5,4174,5019,5442,9149,4531,171,96,96
2023,2023wila,Week 5,8531,5576,7103,7021,4021,5586,112,130
2023,2023wila,Week 5,6381,5826,648,3090,3381,6166,123,65
2023,2023wila,Week 5,4607,112,5903,2704,1716,2169,177,92
2023,2023wila,Week 5,4655,3792,8744,7578,1306,3130,112,88
2023,2023wila,Week 5,5914,4011,4539,8782,1736,8024,78,86
2023,2023wila,Week 5,2039,2338,1091,2175,3276,2481,142,132
2023,2023wila,Week 5,8700,2194,3692,8516,111,2826,79,133
2023,2023wila,Week 5,7915,7619,2062,2977,4054,8701,120,85
2023,2023wila,Week 5,5576,1716,3381,8531,5442,2704,99,128
2023,2023wila,Week 5,4174,9149,5586,5903,1306,4655,89,119
2023,2023wila,Week 5,3792,5019,171,6166,6381,2169,89,123
2023,2023wila,Week 5,2338,4011,7021,1091,5826,4539,147,116
2023,2023wila,Week 5,2175,3090,8700,4531,3276,2194,78,121
2023,2023wila,Week 5,7915,4054,8744,8516,4607,2039,102,152
2023,2023wila,Week 5,2977,1736,2062,3692,7103,111,104,171
2023,2023wila,Week 5,3130,8701,2826,8024,7578,112,116,64
2023,2023wila,Week 5,5914,4021,8782,648,2481,7619,78,109
2023,2023idbo,Week 5,8551,1700,6411,5871,9044,2130,68,43
2023,2023idbo,Week 5,3216,6036,115,7895,3045,2594,146,32
2023,2023idbo,Week 5,2122,3288,5933,8839,7634,5480,114,38
2023,2023idbo,Week 5,3275,299,1891,8885,114,3256,69,78
2023,2023idbo,Week 5,8011,3562,3243,9243,4175,8814,68,79
2023,2023idbo,Week 5,4598,3245,3006,6364,3859,8,43,124
2023,2023idbo,Week 5,3647,1566,3134,5430,9314,5461,97,68
2023,2023idbo,Week 5,8550,7419,6358,8546,8756,1569,50,47
2023,2023idbo,Week 5,8885,3045,8839,299,114,5871,51,84
2023,2023idbo,Week 5,5480,3243,115,8011,5933,2130,104,100
2023,2023idbo,Week 5,2122,7895,6364,2594,8551,3256,76,38
2023,2023idbo,Week 5,9044,3859,9314,3275,4175,6036,63,147
2023,2023idbo,Week 5,8546,3006,6358,3288,7634,5430,70,62
2023,2023idbo,Week 5,8814,5461,6411,8550,8,1569,107,102
2023,2023idbo,Week 5,8756,3134,3245,3647,1891,9243,73,130
2023,2023idbo,Week 5,7419,1566,3216,3562,4598,1700,101,57
2023,2023idbo,Week 5,3256,2130,6364,4175,3045,9314,98,60
2023,2023idbo,Week 5,8011,2122,8551,6036,8546,114,61,139
2023,2023idbo,Week 5,8814,3859,5430,115,8885,7634,94,103
2023,2023idbo,Week 5,3243,2594,3006,1569,5871,3647,25,111
2023,2023idbo,Week 5,1700,1566,1891,3275,3288,3562,105,51
2023,2023idbo,Week 5,5480,3134,8550,3216,299,4598,67,83
2023,2023idbo,Week 5,7419,8756,5461,8839,3245,6411,66,90
2023,2023idbo,Week 5,9044,8,6358,7895,5933,9243,109,73
2023,2023idbo,Week 5,8551,8546,3647,3859,2594,4175,116,82
2023,2023idbo,Week 5,2130,5430,1891,1569,2122,3275,81,115
2023,2023idbo,Week 5,8814,5480,4598,3006,1700,114,96,118
2023,2023idbo,Week 5,3134,8885,6364,6411,115,3562,100,53
2023,2023idbo,Week 5,7634,9044,7895,3045,8550,8756,67,47
2023,2023idbo,Week 5,5461,5871,8,5933,3256,299,119,60
2023,2023idbo,Week 5,8839,9243,3288,9314,3216,8011,49,94
2023,2023idbo,Week 5,3245,6036,7419,3243,6358,1566,165,38
2023,2023idbo,Week 5,1700,4175,6364,8885,5430,3647,103,104
2023,2023idbo,Week 5,1569,1891,3562,5480,7895,8546,66,107
2023,2023idbo,Week 5,8,4598,3045,5461,3275,8551,62,108
2023,2023idbo,Week 5,2594,8756,5871,3288,3134,3859,51,96
2023,2023idbo,Week 5,2130,3245,7634,8550,8011,6036,65,132
2023,2023idbo,Week 5,299,9044,3243,7419,115,2122,73,106
2023,2023idbo,Week 5,6358,3256,9243,8839,3006,8814,47,84
2023,2023idbo,Week 5,6411,114,3216,9314,5933,1566,127,50
2023,2023idbo,Week 5,3045,5430,3134,8,8756,3288,89,41
2023,2023idbo,Week 5,2594,6036,5461,1891,4175,5480,131,63
2023,2023idbo,Week 5,5871,7419,1700,6364,7634,8011,83,131
2023,2023idbo,Week 5,4598,1569,3243,9044,3256,8839,83,64
2023,2023idbo,Week 5,3275,114,9243,3647,8550,7895,136,130
2023,2023idbo,Week 5,8546,2130,2122,3245,1566,8814,118,87
2023,2023idbo,Week 5,3859,6411,8885,3216,6358,5933,92,83
2023,2023idbo,Week 5,9314,115,299,3562,8551,3006,82,31
2023,2023idbo,Week 5,1700,8839,5430,6036,1569,3045,63,145
2023,2023idbo,Week 5,3134,8011,5461,3256,7895,7419,101,74
2023,2023idbo,Week 5,3288,3647,2594,114,8814,9044,75,121
2023,2023idbo,Week 5,5933,3859,4598,8756,2130,8885,95,92
2023,2023idbo,Week 5,8550,8546,115,5871,9243,9314,82,52
2023,2023idbo,Week 5,2122,3216,4175,8,3275,3006,101,93
2023,2023idbo,Week 5,1566,6411,7634,1891,8551,3243,69,62
2023,2023idbo,Week 5,299,3562,5480,6358,6364,3245,36,96
2023,2023idbo,Week 5,3859,2130,1700,3134,8839,7895,106,76
2023,2023idbo,Week 5,5430,1569,2594,9243,4598,8011,81,91
2023,2023idbo,Week 5,114,7419,5933,4175,3006,8550,121,62
2023,2023idbo,Week 5,9314,3288,8551,8885,3243,3275,56,76
2023,2023idbo,Week 5,3256,5480,3245,9044,6411,8546,73,65
2023,2023idbo,Week 5,7634,2122,3562,5461,3647,115,72,157
2023,2023idbo,Week 5,6036,8,1566,6364,299,8756,146,58
2023,2023idbo,Week 5,6358,8814,1891,5871,3216,3045,126,53
2023,2023idbo,Week 5,2130,9314,3275,2594,9243,7419,90,67
2023,2023idbo,Week 5,7895,8885,4598,3245,3243,8546,111,76
2023,2023idbo,Week 5,8551,8550,3859,5480,1700,2122,89,133
2023,2023idbo,Week 5,3006,5461,3256,8756,3562,6036,82,61
2023,2023idbo,Week 5,7634,8,3647,1566,5871,8839,121,73
2023,2023idbo,Week 5,5430,6364,114,1891,3216,9044,133,107
2023,2023idbo,Week 5,3045,8011,8814,5933,3134,6411,131,45
2023,2023idbo,Week 5,4175,1569,299,6358,115,3288,64,111
2023,2023idbo,Week 5,3243,9314,3256,8756,5480,3859,63,61
2023,2023idbo,Week 5,9243,7634,8550,1566,2594,8885,69,76
2023,2023idbo,Week 5,1700,8546,8,2130,5461,114,141,113
2023,2023idbo,Week 5,3562,5933,5871,6036,2122,5430,79,166
2023,2023idbo,Week 5,1569,8839,3216,115,8551,3245,129,96
2023,2023idbo,Week 5,8011,3275,9044,299,6358,3134,99,75
2023,2023idbo,Week 5,7895,8814,3288,3006,6364,7419,110,43
2023,2023idbo,Week 5,4598,3647,4175,6411,1891,3045,83,96
2023,2023idbo,Week 5,3562,8550,2594,5430,3243,8,35,72
2023,2023idbo,Week 5,115,3256,8756,3216,3245,1700,90,76
2023,2023idbo,Week 5,114,5480,1569,7634,5871,3134,127,30
2023,2023idbo,Week 5,5933,8839,3275,8814,6364,8546,94,115
2023,2023idbo,Week 5,3288,299,6036,6411,3647,2130,140,126
2023,2023idbo,Week 5,3006,8885,8011,1566,5461,9044,100,95
2023,2023idbo,Week 5,4175,6358,7895,4598,9314,2122,74,107
2023,2023idbo,Week 5,3045,9243,8551,1891,7419,3859,60,94
2023,2023caav,Week 5,1197,2073,399,2375,6417,3669,107,99
2023,2023caav,Week 5,980,6657,6305,6072,5869,6060,60,57
2023,2023caav,Week 5,3512,4419,4414,4415,5012,5124,150,107
2023,2023caav,Week 5,3749,8060,4014,981,3476,4698,39,148
2023,2023caav,Week 5,8768,687,4079,2659,7042,9084,119,121
2023,2023caav,Week 5,691,8888,7607,3759,7157,2404,39,82
2023,2023caav,Week 5,3669,2073,4415,399,6657,4419,153,47
2023,2023caav,Week 5,6060,981,4014,4414,6417,980,53,132
2023,2023caav,Week 5,2375,4698,4079,6305,3476,5869,93,105
2023,2023caav,Week 5,7607,3512,9084,7157,8060,691,92,92
2023,2023caav,Week 5,2404,6072,8888,3749,1197,5012,73,79
2023,2023caav,Week 5,7042,687,3759,2659,5124,8768,92,130
2023,2023caav,Week 5,4079,980,4419,6657,4414,981,81,127
2023,2023caav,Week 5,6305,4415,3512,9084,6060,3476,124,145
2023,2023caav,Week 5,7157,8888,6417,5012,8060,5869,97,28
2023,2023caav,Week 5,4014,1197,4698,7042,8768,3669,82,107
2023,2023caav,Week 5,3759,691,2375,3749,399,5124,74,103
2023,2023caav,Week 5,687,2659,2404,7607,6072,2073,142,87
2023,2023caav,Week 5,3512,6417,5012,4079,4415,6657,107,118
2023,2023caav,Week 5,8060,8768,3476,1197,6060,4419,119,78
2023,2023caav,Week 5,981,5124,7042,8888,6305,399,51,66
2023,2023caav,Week 5,5869,3759,4014,2073,9084,2375,37,117
2023,2023caav,Week 5,2659,980,7157,3669,2404,691,128,108
2023,2023caav,Week 5,4414,3749,6072,4698,687,7607,93,115
2023,2023caav,Week 5,4419,4415,8060,8888,4079,7042,159,88
2023,2023caav,Week 5,3476,3759,5124,9084,6417,8768,116,127
2023,2023caav,Week 5,1197,2404,981,2375,3512,2659,28,87
2023,2023caav,Week 5,4414,6305,7607,5869,3749,6657,107,57
2023,2023caav,Week 5,7157,4014,2073,6072,5012,687,125,83
2023,2023caav,Week 5,3669,399,4698,691,6060,980,122,80
2023,2023caav,Week 5,2404,2375,3476,3759,9084,4419,109,104
2023,2023caav,Week 5,981,2659,3749,1197,5869,4415,111,117
2023,2023caav,Week 5,5124,7157,6305,4014,6657,8768,153,98
2023,2023caav,Week 5,980,3512,8888,687,4414,2073,112,151
2023,2023caav,Week 5,5012,3669,6060,7042,7607,8060,106,53
2023,2023caav,Week 5,4698,6072,6417,4079,399,691,85,69
2023,2023caav,Week 5,6657,2375,5124,4014,4415,2404,50,98
2023,2023caav,Week 5,4419,6305,687,980,3759,1197,110,71
2023,2023caav,Week 5,4414,8768,8888,3669,7607,7157,147,135
2023,2023caav,Week 5,5869,9084,981,6072,399,8060,88,73
2023,2023caav,Week 5,691,7042,3512,2073,3476,6417,87,142
2023,2023caav,Week 5,3749,4698,6060,5012,4079,2659,52,45
2023,2023caav,Week 5,4415,7607,980,6305,2375,1197,99,55
2023,2023caav,Week 5,8768,3759,399,2404,8060,4414,103,91
2023,2023caav,Week 5,4419,981,6072,8888,4014,3476,74,119
2023,2023caav,Week 5,6417,5124,4079,6060,6657,2659,117,124
2023,2023caav,Week 5,7157,5012,7042,2073,691,4698,125,110
2023,2023caav,Week 5,687,9084,3749,3512,3669,5869,156,113
2023,2023caav,Week 5,3476,6072,4415,7607,8768,980,125,62
2023,2023caav,Week 5,6060,6305,8060,2659,8888,3759,17,119
2023,2023caav,Week 5,4014,4414,691,2404,4079,2073,135,106
2023,2023caav,Week 5,5012,981,2375,687,5124,3669,61,150
2023,2023caav,Week 5,9084,1197,7157,6417,4419,3749,162,115
2023,2023caav,Week 5,7042,5869,399,6657,4698,3512,82,133
2023,2023caav,Week 5,8060,2073,8888,8768,691,6072,111,67
2023,2023caav,Week 5,4415,2659,4414,3759,981,6305,181,54
2023,2023caav,Week 5,4079,3669,1197,5124,7607,4014,86,66
2023,2023caav,Week 5,6657,5012,9084,3476,980,7042,56,105
2023,2023caav,Week 5,399,6060,2375,3512,3749,7157,67,173
2023,2023caav,Week 5,6417,687,5869,4698,4419,2404,88,91
2023,2023caav,Week 5,8060,4079,3759,981,691,4415,45,85
2023,2023caav,Week 5,9084,4414,3669,6072,7042,6305,126,89
2023,2023caav,Week 5,2073,980,3749,5124,1197,3512,128,117
2023,2023caav,Week 5,6060,2404,6417,4698,8888,5012,58,103
2023,2023caav,Week 5,2375,5869,8768,4419,4014,2659,63,130
2023,2023caav,Week 5,7607,3476,6657,399,7157,687,108,144
2023,2023caav,Week 5,980,3669,6072,4415,3749,3759,86,127
2023,2023caav,Week 5,5124,2073,6060,8060,4698,9084,112,139
2023,2023caav,Week 5,691,4419,5012,8768,3512,981,108,120
2023,2023caav,Week 5,399,2404,7607,6305,4014,4079,40,69
2023,2023caav,Week 5,6417,7042,6657,8888,2375,687,97,133
2023,2023caav,Week 5,3476,2659,1197,5869,7157,4414,116,179
2023,2023camb,Week 5,8048,7777,2135,2643,6822,8262,129,31
2023,2023camb,Week 5,5940,6884,4171,192,6059,7528,175,84
2023,2023camb,Week 5,6814,852,670,6665,5104,4255,84,144
2023,2023camb,Week 5,6998,8033,5027,7413,9125,8404,86,84
2023,2023camb,Week 5,668,5171,1836,2486,2813,5817,75,159
2023,2023camb,Week 5,3970,971,1323,5026,1280,1671,187,95
2023,2023camb,Week 5,670,6665,192,4255,6822,7528,118,115
2023,2023camb,Week 5,852,6059,7777,8048,5940,8033,63,184
2023,2023camb,Week 5,1836,2486,2643,8404,5027,6884,87,72
2023,2023camb,Week 5,6998,9125,3970,5171,1671,5817,108,95
2023,2023camb,Week 5,2135,4171,5104,971,668,1280,97,120
2023,2023camb,Week 5,8262,6814,1323,7413,2813,5026,119,83
2023,2023camb,Week 5,8404,7528,2643,7777,6822,6665,87,48
2023,2023camb,Week 5,6884,5171,6059,670,1836,1671,113,117
2023,2023camb,Week 5,971,4171,2486,9125,5940,852,121,136
2023,2023camb,Week 5,1280,3970,4255,5817,8048,668,153,127
2023,2023camb,Week 5,5104,2813,1323,2135,5026,5027,150,90
2023,2023camb,Week 5,8033,6814,7413,192,8262,6998,74,70
2023,2023camb,Week 5,1671,852,2486,7777,7528,5171,128,68
2023,2023camb,Week 5,4255,8404,670,3970,2643,5940,109,138
2023,2023camb,Week 5,5027,1323,668,6665,4171,8048,129,59
2023,2023camb,Week 5,1280,192,9125,8262,8033,2813,82,175
2023,2023camb,Week 5,5026,5104,6822,6059,1836,7413,205,49
2023,2023camb,Week 5,5817,6884,6998,971,2135,6814,86,109
2023,2023camb,Week 5,668,4255,7777,1323,7528,670,98,163
2023,2023camb,Week 5,2486,8262,1280,2643,6665,9125,79,65
2023,2023camb,Week 5,5026,4171,8033,2813,5171,8404,125,89
2023,2023camb,Week 5,6059,6822,1671,852,6998,2135,90,61
2023,2023camb,Week 5,5940,5104,5817,6814,5027,192,136,34
2023,2023camb,Week 5,3970,7413,8048,6884,971,1836,106,136
2023,2023camb,Week 5,8033,2643,5171,7777,1280,1323,107,133
2023,2023camb,Week 5,7528,2135,2486,9125,670,5026,80,126
2023,2023camb,Week 5,8262,4255,5817,4171,6998,6059,159,33
2023,2023camb,Week 5,6822,7413,6884,5104,6814,8048,69,98
2023,2023camb,Week 5,5027,852,1836,192,3970,668,29,136
2023,2023camb,Week 5,6665,971,2813,1671,8404,5940,108,171
2023,2023camb,Week 5,2643,1323,4171,9125,2486,6059,118,93
2023,2023camb,Week 5,1280,670,8048,7528,6814,6998,111,55
2023,2023camb,Week 5,7413,7777,5027,6884,4255,852,30,94
2023,2023camb,Week 5,668,1671,5104,5940,5171,8262,134,110
2023,2023camb,Week 5,5817,1836,3970,8033,6665,2135,141,110
2023,2023camb,Week 5,6822,192,2813,5026,8404,971,120,179
2023,2023camb,Week 5,1280,5027,7528,2486,6998,7413,52,82
2023,2023camb,Week 5,2643,670,5104,4171,1671,6814,72,90
2023,2023camb,Week 5,6884,8262,6665,8033,668,852,80,139
2023,2023camb,Week 5,8404,8048,6822,1323,5817,5026,105,173
2023,2023camb,Week 5,4255,5940,6059,2135,2813,3970,156,116
2023,2023camb,Week 5,5171,192,971,1836,9125,7777,157,82
2023,2023camb,Week 5,7413,1671,6665,5104,2486,8033,70,140
2023,2023camb,Week 5,852,1323,8404,670,668,6884,158,75
2023,2023camb,Week 5,4171,7528,8262,6814,3970,6822,55,118
2023,2023camb,Week 5,9125,5027,5171,6059,8048,971,87,179
2023,2023camb,Week 5,1836,5026,192,6998,2643,4255,97,104
2023,2023camb,Week 5,2813,7777,5940,2135,5817,1280,136,71
2023,2023camb,Week 5,7528,6884,5104,3970,8262,8404,76,139
2023,2023camb,Week 5,668,9125,6814,1323,6059,6665,58,121
2023,2023camb,Week 5,971,8033,6822,5027,4255,2486,170,92
2023,2023camb,Week 5,8048,5026,5171,670,5817,7413,135,132
2023,2023camb,Week 5,2813,6998,1671,7777,192,2643,67,66
2023,2023camb,Week 5,1836,5940,2135,852,1280,4171,117,42
2023,2023camb,Week 5,6059,8404,8033,7528,6665,668,128,91
2023,2023camb,Week 5,6814,6884,5026,5171,2486,3970,118,135
2023,2023camb,Week 5,8262,670,7777,5027,5104,971,92,144
2023,2023camb,Week 5,2813,1280,2643,6822,5817,852,66,56
2023,2023camb,Week 5,1671,2135,9125,4171,7413,4255,137,94
2023,2023camb,Week 5,8048,1836,6998,192,1323,5940,88,178
2023,2023nvlv,Week 5,2429,8720,6824,5049,1388,5429,47,55
2023,2023nvlv,Week 5,60,987,7424,8387,9287,4501,134,52
2023,2023nvlv,Week 5,988,9151,9002,4421,9018,3009,34,99
2023,2023nvlv,Week 5,991,6995,7425,4270,4627,968,120,100
2023,2023nvlv,Week 5,7415,5924,6918,6825,7422,6560,89,72
2023,2023nvlv,Week 5,7077,8066,8717,8005,359,6519,54,112
2023,2023nvlv,Week 5,2658,7423,7654,4,597,7183,72,89
2023,2023nvlv,Week 5,2429,3009,8022,7426,6824,9018,107,53
2023,2023nvlv,Week 5,8387,7424,991,1388,988,4270,79,98
2023,2023nvlv,Week 5,5049,7415,9287,5924,9002,4627,53,101
2023,2023nvlv,Week 5,359,987,968,60,6825,6918,146,75
2023,2023nvlv,Week 5,9151,5429,6995,7423,7183,8005,81,65
2023,2023nvlv,Week 5,597,8022,8720,6560,4421,8717,89,75
2023,2023nvlv,Week 5,7422,7425,7077,8066,7426,7654,53,79
2023,2023nvlv,Week 5,3009,4,2658,6519,4501,5049,71,43
2023,2023nvlv,Week 5,2429,4627,1388,988,7424,5924,127,78
2023,2023nvlv,Week 5,9151,8387,9018,7415,60,359,28,132
2023,2023nvlv,Week 5,8005,6824,6825,991,4270,8022,63,73
2023,2023nvlv,Week 5,7654,6918,7077,4421,5429,9287,48,89
2023,2023nvlv,Week 5,9002,6519,987,7425,6560,7423,97,79
2023,2023nvlv,Week 5,7183,6995,7426,2658,8717,968,126,86
2023,2023nvlv,Week 5,597,8066,7422,4501,8720,4,56,56
2023,2023nvlv,Week 5,2429,60,991,7415,8387,6824,118,64
2023,2023nvlv,Week 5,8005,4627,4421,359,1388,6825,73,124
2023,2023nvlv,Week 5,6918,6519,7425,8022,7654,5049,53,26
2023,2023nvlv,Week 5,6995,2658,6560,8717,9018,987,102,98
2023,2023nvlv,Week 5,7423,9287,8720,968,3009,4501,76,98
2023,2023nvlv,Week 5,597,9151,7077,7424,4270,9002,55,102
2023,2023nvlv,Week 5,7426,5429,5924,4,8066,988,79,46
2023,2023nvlv,Week 5,7422,359,6824,7425,2429,7183,118,112
2023,2023nvlv,Week 5,6825,4627,987,7654,6519,9018,131,42
2023,2023nvlv,Week 5,8717,3009,991,968,6918,7423,100,79
2023,2023nvlv,Week 5,8387,5049,2658,9287,7077,7424,56,73
2023,2023nvlv,Week 5,8022,1388,8066,597,8005,9002,101,119
2023,2023nvlv,Week 5,4421,988,7426,7415,4,6995,67,98
2023,2023nvlv,Week 5,4270,5924,8720,7422,60,9151,103,79
2023,2023nvlv,Week 5,4501,7183,4627,6560,5429,2429,85,118
2023,2023nvlv,Week 5,7654,991,968,3009,7077,8387,73,101
2023,2023nvlv,Week 5,6824,7425,9002,8005,2658,6918,77,76
2023,2023nvlv,Week 5,5049,6825,8066,6995,597,988,47,105
2023,2023nvlv,Week 5,6519,7415,4421,7422,8720,7424,92,48
2023,2023nvlv,Week 5,4,5924,60,5429,8022,8717,109,76
2023,2023nvlv,Week 5,1388,9151,9287,987,6560,4270,81,179
2023,2023nvlv,Week 5,7183,9018,359,7426,4501,7423,94,124
2023,2023nvlv,Week 5,8387,597,2429,3009,8005,6995,106,140
2023,2023nvlv,Week 5,4627,991,988,8720,4421,2658,78,76
2023,2023nvlv,Week 5,9002,968,5049,5924,8717,7422,55,55
2023,2023nvlv,Week 5,4270,8066,7415,6824,7654,987,113,100
2023,2023nvlv,Week 5,60,7077,6519,6918,7183,1388,75,97
2023,2023nvlv,Week 5,9151,7426,359,6825,9287,7425,116,63
2023,2023nvlv,Week 5,7424,4,7423,9018,4501,6560,69,106
2023,2023nvlv,Week 5,5429,8005,988,8022,968,7422,43,63
2023,2023nvlv,Week 5,7654,8717,4270,2658,987,5924,110,109
2023,2023nvlv,Week 5,991,6519,8066,60,6995,5049,79,120
2023,2023nvlv,Week 5,8720,6825,7183,9002,2429,9287,53,96
2023,2023nvlv,Week 5,6918,6560,597,4627,8387,7426,136,108
2023,2023nvlv,Week 5,5429,4,9018,7425,359,3009,37,110
2023,2023nvlv,Week 5,7077,8022,4501,7424,7415,9151,73,51
2023,2023nvlv,Week 5,1388,4421,60,6824,7423,8066,150,60
2023,2023nvlv,Week 5,988,7422,6519,7183,991,5924,37,74
2023,2023nvlv,Week 5,987,8387,8005,8720,5049,7426,112,58
2023,2023nvlv,Week 5,6560,3009,4627,359,597,5429,130,122
2023,2023nvlv,Week 5,9287,4270,4,9018,9002,8022,108,54
2023,2023nvlv,Week 5,1388,7424,7654,6824,968,6995,62,104
2023,2023nvlv,Week 5,2658,6825,7415,7423,7077,4421,73,87
2023,2023nvlv,Week 5,8717,2429,6918,7425,4501,9151,93,92
2023,2023nvlv,Week 5,6560,5049,8005,988,7183,60,130,78
2023,2023nvlv,Week 5,9287,987,597,991,7422,5429,148,74
2023,2023nvlv,Week 5,4627,6824,6519,8066,9002,8387,76,55
2023,2023nvlv,Week 5,7423,6995,8022,3009,7654,8720,92,55
2023,2023nvlv,Week 5,4501,2658,2429,6918,359,4270,73,157
2023,2023nvlv,Week 5,7424,4421,6825,8717,7426,4,77,101
2023,2023nvlv,Week 5,968,9018,7425,7077,1388,7415,54,81
2023,2023nvlv,Week 5,5924,9287,6560,9151,6824,991,118,84
2023,2023nvlv,Week 5,987,7422,3009,4627,8022,60,119,94
2023,2023nvlv,Week 5,4501,988,359,6995,9002,7654,130,35
2023,2023nvlv,Week 5,6825,7423,8717,5429,6918,8387,69,62
2023,2023nvlv,Week 5,4270,7426,2658,8720,7425,1388,118,73
2023,2023nvlv,Week 5,9018,8005,7415,5049,5924,597,73,94
2023,2023nvlv,Week 5,4421,9151,4,6519,968,2429,106,48
2023,2023nvlv,Week 5,8066,7424,3009,7077,6560,7183,75,76
2023,2023nvlv,Week 5,8022,988,6824,359,7423,4627,38,126
2023,2023nvlv,Week 5,9002,60,4501,7426,991,6825,100,108
2023,2023nvlv,Week 5,6995,8717,1388,9287,7654,7422,124,33
2023,2023nvlv,Week 5,968,7415,5429,6519,2658,597,79,78
2023,2023nvlv,Week 5,4,5049,7077,987,2429,9151,56,97
2023,2023nvlv,Week 5,7183,4270,8387,5924,7425,4421,113,111
2023,2023nvlv,Week 5,9018,6918,7424,8066,8720,8005,47,82
2023,2023gamac,Week 5,1746,8736,6944,6829,1771,5651,85,95
2023,2023gamac,Week 5,1414,7676,3329,5828,1261,4730,65,61
2023,2023gamac,Week 5,9057,6919,5130,5848,4240,4701,95,50
2023,2023gamac,Week 5,5219,2415,8849,1002,6925,3344,44,79
2023,2023gamac,Week 5,9260,7104,7470,4112,3635,1746,50,45
2023,2023gamac,Week 5,1414,6944,1261,4730,8736,5848,118,71
2023,2023gamac,Week 5,3329,4701,5651,5219,3344,5130,40,65
2023,2023gamac,Week 5,6829,9057,4240,8849,4112,1002,83,33
2023,2023gamac,Week 5,1771,7676,7470,6919,7104,2415,56,114
2023,2023gamac,Week 5,3635,5828,1414,4701,9260,6925,60,79
2023,2023gamac,Week 5,3344,3329,5848,6829,4730,1746,35,117
2023,2023gamac,Week 5,8736,5219,5651,4240,1002,7104,72,61
2023,2023gamac,Week 5,6925,5828,6944,8849,7470,9057,60,21
2023,2023gamac,Week 5,2415,5130,9260,3635,1771,1261,94,129
2023,2023gamac,Week 5,7676,4112,7104,6919,3344,4240,58,112
2023,2023gamac,Week 5,1002,5219,5848,7470,5651,5828,46,68
2023,2023gamac,Week 5,3329,4730,6925,9260,9057,1771,59,107
2023,2023gamac,Week 5,8736,5130,6829,2415,1414,4112,149,100
2023,2023gamac,Week 5,6919,4701,7676,8849,6944,3635,90,60
2023,2023gamac,Week 5,1746,5828,7104,1261,5651,6925,84,98
2023,2023gamac,Week 5,1771,4240,1414,3329,1002,9260,97,79
2023,2023gamac,Week 5,3344,6829,2415,6944,5848,7470,112,51
2023,2023gamac,Week 5,9057,1746,1261,5130,8849,6919,112,101
2023,2023gamac,Week 5,4730,5219,4112,3635,8736,4701,37,113
2023,2023gamac,Week 5,5848,3329,7104,1002,2415,7676,38,50
2023,2023gamac,Week 5,4240,9260,5651,7470,6925,6829,57,115
2023,2023gamac,Week 5,5219,4701,5828,8736,1771,6919,59,146
2023,2023gamac,Week 5,3344,4730,8849,1746,5130,6944,55,96
2023,2023gamac,Week 5,9057,3635,1414,4112,7676,1261,69,69
2023,2023gamac,Week 5,5828,4240,1002,2415,7470,8736,61,75
2023,2023gamac,Week 5,5130,7104,1771,5848,6829,8849,71,119
2023,2023gamac,Week 5,3344,6925,7676,5651,3635,6919,44,112
2023,2023gamac,Week 5,4730,9057,9260,1414,1746,5219,54,98
2023,2023gamac,Week 5,4112,1261,4240,6944,4701,3329,102,51
2023,2023gamac,Week 5,8736,3344,5828,5848,1771,1002,59,117
2023,2023gamac,Week 5,1414,5130,7470,7104,6925,5219,70,30
2023,2023gamac,Week 5,3329,6829,3635,7676,8849,1746,111,38
2023,2023gamac,Week 5,4730,5651,2415,4701,4112,9057,38,77
2023,2023gamac,Week 5,1261,6919,8736,6944,3344,9260,143,93
2023,2023gamac,Week 5,6925,5848,3635,4240,1746,3329,69,68
2023,2023gamac,Week 5,5219,1002,9057,6829,5828,7676,39,83
2023,2023gamac,Week 5,7470,4112,6919,5130,1261,4730,109,90
2023,2023gamac,Week 5,4701,8849,1771,5651,7104,1414,111,47
2023,2023gamac,Week 5,6944,2415,5848,9260,3635,5219,71,73
2023,2023gamac,Week 5,5828,6919,4112,9057,8736,3329,77,107
2023,2023gamac,Week 5,1002,1414,4701,5651,7676,5130,70,56
2023,2023gamac,Week 5,7104,9260,6829,1746,1261,3344,108,133
2023,2023gamac,Week 5,1771,6944,4730,4240,2415,6925,73,71
2023,2023gamac,Week 5,8849,5651,4112,7470,3329,5219,34,46
2023,2023gamac,Week 5,1261,6829,4701,5828,5848,5130,115,57
2023,2023gamac,Week 5,1771,1746,2415,7676,9057,6944,141,19
2023,2023gamac,Week 5,6919,7470,1002,9260,1414,3344,92,113
2023,2023gamac,Week 5,7104,8849,8736,3635,4240,4730,48,58
2023,2023gamac,Week 5,6925,5848,9057,4112,6944,6829,59,79
2023,2023gamac,Week 5,5651,6919,1746,2415,3329,5828,91,51
2023,2023gamac,Week 5,1261,9260,8849,7676,5219,4240,126,55
2023,2023gamac,Week 5,5130,1002,3635,7104,4730,1771,72,94
2023,2023gamac,Week 5,4701,7470,3344,6925,1414,8736,70,132
2023,2023ingre,Week 5,234,45,447,7198,2171,3176,118,76
2023,2023ingre,Week 5,71,829,1720,7657,1501,3947,119,122
2023,2023ingre,Week 5,6721,1555,4580,3890,3494,2909,50,81
2023,2023ingre,Week 5,7454,4485,5484,7617,135,5188,143,89
2023,2023ingre,Week 5,3559,1720,8564,1741,234,3940,55,135
2023,2023ingre,Week 5,829,3947,45,3494,6721,3176,102,105
2023,2023ingre,Week 5,1555,71,7198,4580,7454,7617,102,94
2023,2023ingre,Week 5,5484,1501,8564,447,135,1741,112,90
2023,2023ingre,Week 5,3890,3559,2171,5188,7657,4485,47,124
2023,2023ingre,Week 5,3940,3947,7454,2909,45,7198,123,96
2023,2023ingre,Week 5,829,3176,135,234,7617,1501,129,139
2023,2023ingre,Week 5,1555,3559,3494,7657,8564,6721,73,92
2023,2023ingre,Week 5,4580,3890,4485,2909,447,3940,78,98
2023,2023ingre,Week 5,71,1741,2171,1720,5188,5484,106,116
2023,2023ingre,Week 5,7657,829,7198,3559,135,6721,111,83
2023,2023ingre,Week 5,4485,8564,45,2909,234,1501,72,118
2023,2023ingre,Week 5,3494,1741,4580,3940,71,7617,105,152
2023,2023ingre,Week 5,447,5484,3947,2171,7454,1555,81,76
2023,2023ingre,Week 5,3176,1720,7657,5188,3890,829,146,131
2023,2023ingre,Week 5,7617,2909,6721,135,234,4485,72,127
2023,2023ingre,Week 5,5484,2171,45,3494,1501,71,87,114
2023,2023ingre,Week 5,5188,3176,1741,3559,4580,3940,114,109
2023,2023ingre,Week 5,3947,1555,3890,447,1720,7198,63,75
2023,2023ingre,Week 5,234,8564,7657,7454,5484,3494,123,139
2023,2023ingre,Week 5,4485,3940,2171,6721,45,71,114,137
2023,2023ingre,Week 5,1555,447,5188,1741,2909,829,116,127
2023,2023ingre,Week 5,7617,3559,3176,3947,4580,8564,111,81
2023,2023ingre,Week 5,7198,7454,135,1501,3890,1720,85,94
2023,2023ingre,Week 5,2909,5188,71,5484,6721,829,111,104
2023,2023ingre,Week 5,3947,234,2171,447,7657,3559,104,86
2023,2023ingre,Week 5,1720,3494,4580,45,1501,7454,97,133
2023,2023ingre,Week 5,7617,7198,3890,1741,4485,1555,80,105
2023,2023ingre,Week 5,135,3940,71,3176,8564,447,123,97
2023,2023ingre,Week 5,1720,6721,3947,4580,5188,234,91,110
2023,2023ingre,Week 5,1501,829,1741,3494,7198,4485,114,72
2023,2023ingre,Week 5,45,3176,7617,1555,5484,7657,114,118
2023,2023ingre,Week 5,2171,2909,135,3890,7454,3559,92,96
2023,2023ingre,Week 5,3940,3494,5188,8564,3947,1741,147,87
2023,2023ingre,Week 5,4485,447,1501,7657,45,4580,114,121
2023,2023ingre,Week 5,234,7198,6721,71,3176,7454,111,116
2023,2023ingre,Week 5,829,3940,3890,3559,7617,5484,119,78
2023,2023ingre,Week 5,8564,1555,2909,2171,135,1720,73,86
2023,2023ingre,Week 5,6721,1741,3494,4485,71,3947,112,119
2023,2023ingre,Week 5,45,5188,3559,829,7617,447,114,126
2023,2023ingre,Week 5,135,3890,5484,1720,1555,234,123,118
2023,2023ingre,Week 5,7454,2909,7657,1501,3940,3176,104,138
2023,2023ingre,Week 5,7198,4580,447,8564,2171,3494,73,103
2023,2023ingre,Week 5,71,3559,234,45,1741,3890,111,139
2023,2023ingre,Week 5,7454,5484,1720,3176,4485,2909,131,61
2023,2023ingre,Week 5,1501,4580,135,3947,829,1555,118,96
2023,2023ingre,Week 5,2171,7657,7617,8564,7198,5188,131,92
2023,2023ingre,Week 5,6721,447,7454,3940,1720,45,118,123
2023,2023ingre,Week 5,3176,3494,234,135,71,1555,145,107
2023,2023ingre,Week 5,5484,4485,2909,7198,3947,3559,113,79
2023,2023ingre,Week 5,1741,7657,3940,4580,2171,829,148,99
2023,2023ingre,Week 5,5188,6721,1501,3890,7617,8564,120,43
2023,2023miken,Week 5,6097,858,244,7602,7210,2771,79,70
2023,2023miken,Week 5,4967,8285,7808,6090,8126,2405,80,100
2023,2023miken,Week 5,2075,5623,7911,5260,7810,3546,96,81
2023,2023miken,Week 5,9215,7248,288,9228,4391,6005,72,97
2023,2023miken,Week 5,8767,9106,7658,6114,3458,3875,98,54
2023,2023miken,Week 5,4004,8608,9206,9222,7818,5056,98,39
2023,2023miken,Week 5,8397,7809,6090,858,216,8126,82,102
2023,2023miken,Week 5,2075,7210,7808,5623,5260,6097,98,44
2023,2023miken,Week 5,3875,4391,8767,7911,4967,7658,129,111
2023,2023miken,Week 5,288,4004,3546,2405,8608,7810,108,113
2023,2023miken,Week 5,216,9222,7809,244,8285,3458,46,46
2023,2023miken,Week 5,8397,7818,7248,5056,9215,9106,39,71
2023,2023miken,Week 5,7602,6005,6114,2771,9206,9228,60,57
2023,2023miken,Week 5,6097,8126,7810,4391,4967,5623,66,136
2023,2023miken,Week 5,8608,3546,7658,4004,8767,3458,137,78
2023,2023miken,Week 5,6090,9215,8285,288,7911,5056,119,60
2023,2023miken,Week 5,9228,244,3875,216,2405,6114,44,113
2023,2023miken,Week 5,7808,6005,7818,7210,8397,858,47,79
2023,2023miken,Week 5,2771,5260,7809,9222,7602,9106,88,63
2023,2023miken,Week 5,9206,7248,8126,2075,7658,3458,80,103
2023,2023miken,Week 5,9215,6114,6097,4967,4004,216,73,104
2023,2023miken,Week 5,8285,7210,5056,5623,7810,9228,66,69
2023,2023miken,Week 5,8608,7809,4391,2771,244,9106,119,103
2023,2023miken,Week 5,6005,2075,9222,288,9206,5260,106,76
2023,2023miken,Week 5,2405,3875,3546,7818,6090,858,110,111
2023,2023miken,Week 5,7911,7602,7248,8397,7808,8767,20,54
2023,2023miken,Week 5,7658,5623,8285,4967,9106,8608,84,112
2023,2023miken,Week 5,3458,8126,2771,6114,9228,7210,96,45
2023,2023miken,Week 5,9206,5056,2405,3875,6097,2075,64,101
2023,2023miken,Week 5,7809,7602,7818,7248,7810,6005,53,83
2023,2023miken,Week 5,4391,216,288,3546,7808,6090,120,108
2023,2023miken,Week 5,8397,4004,244,8767,5260,9215,102,83
2023,2023miken,Week 5,7911,9222,6114,858,5056,7658,54,52
2023,2023miken,Week 5,6005,5623,3458,3875,7809,4967,96,122
2023,2023miken,Week 5,8285,7818,3546,9206,7808,7602,96,25
2023,2023miken,Week 5,5260,2405,8397,8608,2771,7248,72,99
2023,2023miken,Week 5,8767,858,2075,9215,9228,216,118,48
2023,2023miken,Week 5,288,244,7810,7210,6097,7911,90,24
2023,2023miken,Week 5,4391,9106,8126,9222,6090,4004,148,108
2023,2023miken,Week 5,6114,7658,5260,3546,7809,6005,91,104
2023,2023miken,Week 5,7248,5623,858,8285,9206,216,74,77
2023,2023miken,Week 5,244,4967,8767,7818,288,2075,85,105
2023,2023miken,Week 5,9222,8608,6097,8126,7911,8397,84,62
2023,2023miken,Week 5,2771,5056,6090,3458,9215,7808,128,74
2023,2023miken,Week 5,7602,4391,4004,7210,3875,9106,105,84
2023,2023miken,Week 5,7809,2405,9228,7810,7658,9206,57,84
2023,2023miken,Week 5,3546,244,6114,8285,8397,288,112,59
2023,2023miken,Week 5,6005,2771,4967,6090,2075,8608,117,146
2023,2023miken,Week 5,216,3458,7818,7248,4391,5056,93,125
2023,2023miken,Week 5,858,7810,9222,4004,3875,8126,54,105
2023,2023miken,Week 5,5623,7210,9215,7602,8767,2405,53,52
2023,2023miken,Week 5,9228,7911,5260,6097,9106,7808,47,73
2023,2023miken,Week 5,9206,4967,2075,4391,3546,8397,144,142
2023,2023miken,Week 5,7810,2771,3875,6114,7248,8285,96,59
2023,2023miken,Week 5,244,7658,9222,6090,7602,5623,74,108
2023,2023miken,Week 5,9106,3458,7911,6005,4004,6097,74,88
2023,2023miken,Week 5,8126,5056,8767,2405,288,7210,103,100
2023,2023miken,Week 5,9228,7808,8608,7809,9215,858,63,91
2023,2023miken,Week 5,5260,216,7602,7818,6114,4967,43,112
2023,2023miken,Week 5,4004,2075,2771,7911,8285,3875,138,84
2023,2023miken,Week 5,5056,8397,5623,7658,288,6005,69,69
2023,2023miken,Week 5,7808,8126,7809,244,9206,7210,68,56
2023,2023miken,Week 5,3458,9228,6090,8608,5260,7818,114,77
2023,2023miken,Week 5,8767,6097,7248,3546,9222,9215,76,82
2023,2023miken,Week 5,9106,216,7810,2405,858,4391,102,141
2023,2023miken,Week 5,3875,8397,7602,5056,2075,244,95,134
2023,2023miken,Week 5,7658,7818,4004,5623,288,2771,88,98
2023,2023miken,Week 5,7210,3546,4967,7248,9222,9228,136,43
2023,2023miken,Week 5,6097,6090,216,7810,8767,7809,129,39
2023,2023miken,Week 5,858,6114,9206,9215,7911,4391,71,115
2023,2023miken,Week 5,9106,8285,2405,8126,6005,5260,79,82
2023,2023miken,Week 5,7808,3875,288,3458,8608,7602,75,105
2023,2023miken,Week 5,5056,9228,4004,7809,7248,244,105,66
2023,2023miken,Week 5,7810,6090,7210,2075,6114,8397,109,132
2023,2023miken,Week 5,7818,2771,9215,8126,3546,5623,77,125
2023,2023miken,Week 5,9106,6005,9206,216,8767,8608,74,102
2023,2023miken,Week 5,4967,3458,9222,7808,2405,7911,113,76
2023,2023miken,Week 5,5260,858,8285,7658,6097,4391,91,122
2023,2023miliv,Week 5,7553,7196,4854,2620,5695,5478,70,60
2023,2023miliv,Week 5,3098,6532,3632,7178,280,51,48,109
2023,2023miliv,Week 5,7220,9148,6057,3641,6152,7716,81,106
2023,2023miliv,Week 5,6190,4758,6914,5907,2832,9250,51,124
2023,2023miliv,Week 5,8179,8300,5197,7692,6861,8623,81,81
2023,2023miliv,Week 5,5532,8426,9205,1250,313,8362,65,57
2023,2023miliv,Week 5,7232,9253,5695,6057,308,5619,44,89
2023,2023miliv,Week 5,9148,7553,2620,7220,9250,3098,62,102
2023,2023miliv,Week 5,6532,280,4854,6190,6861,8300,40,60
2023,2023miliv,Week 5,9205,6152,5478,6914,1250,3632,66,86
2023,2023miliv,Week 5,8179,8426,7232,5619,5532,5197,111,29
2023,2023miliv,Week 5,313,51,7692,3641,2832,9253,89,135
2023,2023miliv,Week 5,308,8362,8623,7196,7178,5907,60,109
2023,2023miliv,Week 5,6532,2620,7716,4758,7553,280,55,77
2023,2023miliv,Week 5,5619,8300,9205,9148,3098,4854,45,59
2023,2023miliv,Week 5,6861,9253,6057,5695,5532,6914,67,52
2023,2023miliv,Week 5,7220,6190,5907,8623,313,8426,119,90
2023,2023miliv,Week 5,3632,3641,7178,7716,2832,5197,89,105
2023,2023miliv,Week 5,7692,8179,6152,5478,4758,8362,110,38
2023,2023miliv,Week 5,9250,308,7196,51,7232,1250,82,115
2023,2023miliv,Week 5,8426,5619,2620,280,9148,6914,92,53
2023,2023miliv,Week 5,3632,8623,2832,313,5695,7553,88,58
2023,2023miliv,Week 5,5478,6861,5532,7716,9253,5907,69,97
2023,2023miliv,Week 5,51,6057,9250,8362,7692,6532,83,78
2023,2023miliv,Week 5,6190,3641,7196,6152,7178,4758,105,64
2023,2023miliv,Week 5,3098,7232,9205,8300,7220,308,49,87
2023,2023miliv,Week 5,5907,5197,4854,8179,1250,280,102,110
2023,2023miliv,Week 5,51,8623,5478,313,9250,5619,58,33
2023,2023miliv,Week 5,9253,5532,9148,4758,7196,6532,34,37
2023,2023miliv,Week 5,8300,6914,8426,5695,7220,7178,68,115
2023,2023miliv,Week 5,4854,8179,7716,3641,3098,308,97,83
2023,2023miliv,Week 5,1250,7692,7553,3632,6190,7232,130,40
2023,2023miliv,Week 5,6057,2620,8362,5197,9205,6861,55,66
2023,2023miliv,Week 5,6152,6532,7220,5619,2832,4758,101,62
2023,2023miliv,Week 5,7178,8179,9253,280,9250,8300,112,36
2023,2023miliv,Week 5,6914,7716,313,7196,1250,8623,52,84
2023,2023miliv,Week 5,7553,9205,3641,8426,8362,6861,76,90
2023,2023miliv,Week 5,2832,308,7232,5197,5478,9148,89,41
2023,2023miliv,Week 5,4854,5695,7692,3098,5907,6152,53,122
2023,2023miliv,Week 5,6190,6057,5532,3632,51,2620,45,96
2023,2023miliv,Week 5,1250,6532,9253,8623,7553,8179,85,73
2023,2023miliv,Week 5,5478,6914,2832,8362,8300,3641,103,63
2023,2023miliv,Week 5,6861,7178,3098,7232,313,4758,82,29
2023,2023miliv,Week 5,5532,4854,9250,5197,6057,3632,18,64
2023,2023miliv,Week 5,5695,5619,6152,9205,6190,7692,56,77
2023,2023miliv,Week 5,51,5907,308,9148,7716,8426,154,100
2023,2023miliv,Week 5,7220,280,2832,2620,7196,8179,115,93
2023,2023miliv,Week 5,8300,8623,7178,6057,4854,7232,83,26
2023,2023miliv,Week 5,6914,8362,5197,3098,6190,5619,65,48
2023,2023miliv,Week 5,9253,8426,4758,9205,9148,3632,86,42
2023,2023miliv,Week 5,7196,5695,51,5478,5907,6532,106,115
2023,2023miliv,Week 5,308,5532,1250,7692,2620,7220,108,130
2023,2023miliv,Week 5,280,313,3641,7553,6861,9250,88,80
2023,2023miliv,Week 5,7232,5619,7716,8426,6152,6190,46,98
2023,2023miliv,Week 5,9148,7178,8362,6532,5197,5695,28,61
2023,2023miliv,Week 5,9205,4758,1250,2832,6057,7196,52,53
2023,2023miliv,Week 5,7553,3632,8300,5532,8179,5907,68,85
2023,2023miliv,Week 5,280,5478,3098,3641,8623,7220,53,116
2023,2023miliv,Week 5,9250,7692,6914,6861,7716,51,90,113
2023,2023miliv,Week 5,2620,6152,313,308,4854,9253,101,46
2023,2023miliv,Week 5,7178,5619,1250,2832,7553,5532,118,119
2023,2023miliv,Week 5,5907,3641,9148,6532,9205,8179,123,65
2023,2023miliv,Week 5,8426,7196,280,6057,7692,5478,120,75
2023,2023miliv,Week 5,9250,9253,6190,4854,6914,7220,38,71
2023,2023miliv,Week 5,7716,3632,5695,6861,2620,308,72,92
2023,2023miliv,Week 5,8362,51,3098,6152,7232,8623,87,59
2023,2023miliv,Week 5,4758,5197,7692,313,8300,9148,74,42
2023,2023miliv,Week 5,5619,5478,7553,7178,9205,6057,62,81
2023,2023miliv,Week 5,8179,3641,6861,5695,1250,6190,136,85
2023,2023miliv,Week 5,7716,8362,7196,9253,3632,280,68,57
2023,2023miliv,Week 5,5197,7220,313,4854,4758,51,103,89
2023,2023miliv,Week 5,8300,6532,5532,308,6914,6152,52,92
2023,2023miliv,Week 5,7232,9250,2620,2832,3098,8426,68,74
2023,2023miliv,Week 5,5907,3632,6861,8623,9148,5619,114,48
2023,2023miliv,Week 5,8362,7220,9205,7692,7716,7178,105,139
2023,2023miliv,Week 5,4758,308,8179,6914,51,7553,91,115
2023,2023miliv,Week 5,2620,5197,6190,7196,5478,8300,69,48
2023,2023miliv,Week 5,8623,280,5695,5532,7232,3641,50,82
2023,2023miliv,Week 5,6152,4854,2832,9250,8426,6532,70,68
2023,2023miliv,Week 5,1250,5907,6057,9253,3098,313,123,24
2023,2023mimcc,Week 5,9252,5046,453,5860,3619,5239,55,34
2023,2023mimcc,Week 5,5901,6085,7762,7813,7224,7597,82,67
2023,2023mimcc,Week 5,6120,5555,1189,818,4810,8826,136,108
2023,2023mimcc,Week 5,4130,9255,3175,2137,3302,6567,141,97
2023,2023mimcc,Week 5,4961,5460,8364,5225,9245,6077,96,57
2023,2023mimcc,Week 5,4779,8385,3539,9212,123,2604,107,78
2023,2023mimcc,Week 5,5926,6099,6120,8115,1701,4810,102,109
2023,2023mimcc,Week 5,8826,6567,6085,5901,7224,5239,52,108
2023,2023mimcc,Week 5,7813,5225,3619,818,7762,5860,14,109
2023,2023mimcc,Week 5,6077,4961,4130,4779,123,9252,63,131
2023,2023mimcc,Week 5,2604,1189,7597,5460,3175,5046,32,156
2023,2023mimcc,Week 5,9255,8115,5555,9245,3539,453,94,99
2023,2023mimcc,Week 5,6099,8385,9212,2137,8364,5926,70,104
2023,2023mimcc,Week 5,3302,8826,5860,1701,4130,6085,38,118
2023,2023mimcc,Week 5,5239,1189,3175,4810,7813,123,111,84
2023,2023mimcc,Week 5,2604,453,6567,5555,3539,5225,46,94
2023,2023mimcc,Week 5,8385,9245,5460,7762,6120,6077,123,31
2023,2023mimcc,Week 5,7224,9252,8115,7597,3302,9255,72,93
2023,2023mimcc,Week 5,6099,4779,8364,818,5926,5046,67,106
2023,2023mimcc,Week 5,9212,4961,5901,3619,2137,1701,73,127
2023,2023mimcc,Week 5,5225,7762,2604,1189,6077,4810,56,98
2023,2023mimcc,Week 5,5555,5460,6085,8385,7224,3175,115,116
2023,2023mimcc,Week 5,7813,5860,9255,8826,8115,4779,49,81
2023,2023mimcc,Week 5,3539,8364,1701,3302,5239,5926,113,75
2023,2023mimcc,Week 5,3619,6120,9212,4130,123,6099,48,112
2023,2023mimcc,Week 5,818,453,2137,9252,7597,9245,133,77
2023,2023mimcc,Week 5,4810,5046,4961,8115,5901,6567,55,99
2023,2023mimcc,Week 5,6085,8385,5860,8364,5239,8826,107,20
2023,2023mimcc,Week 5,5926,5225,4779,5555,3175,7813,58,101
2023,2023mimcc,Week 5,5460,3619,7597,6099,1189,3302,92,127
2023,2023mimcc,Week 5,7224,2604,3539,4961,1701,9245,81,91
2023,2023mimcc,Week 5,5046,2137,4130,123,9255,818,64,107
2023,2023mimcc,Week 5,9212,6567,6077,6120,453,5901,62,88
2023,2023mimcc,Week 5,5555,4810,7762,9252,5860,8364,66,42
2023,2023mimcc,Week 5,7224,4779,3619,5239,3539,8115,58,80
2023,2023mimcc,Week 5,5225,5460,9255,5926,6085,123,120,117
2023,2023mimcc,Week 5,6099,9245,7813,4130,7597,453,78,80
2023,2023mimcc,Week 5,6077,1701,3302,1189,9212,818,72,120
2023,2023mimcc,Week 5,4961,6120,3175,5901,9252,8385,114,92
2023,2023mimcc,Week 5,2604,2137,8826,7762,5046,6567,95,50
2023,2023mimcc,Week 5,5225,5239,6099,9245,7224,9255,40,93
2023,2023mimcc,Week 5,8115,818,7813,1701,9212,5460,124,109
2023,2023mimcc,Week 5,8364,4810,6085,453,6077,4779,74,18
2023,2023mimcc,Week 5,7597,123,6120,3175,2604,5860,98,117
2023,2023mimcc,Week 5,6567,5926,5555,4130,7762,3619,108,80
2023,2023mimcc,Week 5,3539,8826,1189,4961,2137,9252,118,56
2023,2023mimcc,Week 5,8385,8115,3302,5901,5046,6077,65,100
2023,2023mimcc,Week 5,123,5239,9245,6085,818,6120,68,126
2023,2023mimcc,Week 5,1701,9255,7762,7597,9212,5555,124,51
2023,2023mimcc,Week 5,453,5860,5926,6567,1189,4961,95,84
2023,2023mimcc,Week 5,3302,3175,4779,8826,3619,6099,109,29
2023,2023mimcc,Week 5,3539,5901,2137,4810,5225,8385,135,61
2023,2023mimcc,Week 5,5046,2604,7813,8364,4130,7224,58,75
2023,2023mimcc,Week 5,9252,818,1701,5460,6567,123,133,106
2023,2023mimcc,Week 5,7597,6085,5239,4779,5555,4961,56,99
2023,2023mimcc,Week 5,7762,9245,8115,9212,3175,3539,82,123
2023,2023mimcc,Week 5,8364,7813,3302,5046,6120,5225,27,65
2023,2023mimcc,Week 5,8826,4130,5901,453,6099,5460,112,116
2023,2023mimcc,Week 5,1189,5860,7224,8385,6077,2137,101,91
2023,2023mimcc,Week 5,9255,9252,5926,3619,2604,4810,90,35
2023,2023mimcc,Week 5,3175,7597,8115,6567,8364,5225,126,54
2023,2023mimcc,Week 5,453,4961,5239,3302,7762,9212,62,39
2023,2023mimcc,Week 5,5460,818,7224,5860,3539,4130,143,113
2023,2023mimcc,Week 5,5046,3619,8385,4779,4810,9245,54,121
2023,2023mimcc,Week 5,5926,5901,2604,6085,7813,9252,114,48
2023,2023mimcc,Week 5,6077,8826,123,2137,5555,6099,74,100
2023,2023mimcc,Week 5,6120,1701,7224,9255,453,1189,118,107
2023,2023mimcc,Week 5,6567,4779,4130,5239,5460,7762,100,105
2023,2023mimcc,Week 5,4810,9212,9252,3175,6085,5225,51,88
2023,2023mimcc,Week 5,6077,7597,3539,7813,5926,8826,80,56
2023,2023mimcc,Week 5,3619,5901,818,2604,9255,8364,116,79
2023,2023mimcc,Week 5,123,8385,1189,8115,6099,4961,129,96
2023,2023mimcc,Week 5,9245,3302,5046,5860,5555,1701,99,125
2023,2023mimcc,Week 5,2137,5225,9212,6120,8826,5460,92,97
2023,2023mimcc,Week 5,5239,6077,818,3175,5926,3619,85,115
2023,2023mimcc,Week 5,7762,7813,453,9255,4961,8385,48,83
2023,2023mimcc,Week 5,9245,4130,5555,1189,8364,5901,126,113
2023,2023mimcc,Week 5,123,8115,2137,6085,3302,2604,87,48
2023,2023mimcc,Week 5,1701,4779,5046,3539,9252,6120,121,121
2023,2023mimcc,Week 5,7224,6099,4810,5860,6567,7597,86,78
2023,2023misal,Week 5,8895,7225,5509,6615,1504,6556,42,66
2023,2023misal,Week 5,862,5708,5067,6101,8832,7598,126,29
2023,2023misal,Week 5,4405,6089,9241,3322,904,107,76,113
2023,2023misal,Week 5,3707,1076,9211,9209,5674,815,64,89
2023,2023misal,Week 5,4395,5641,5050,6081,8424,3568,107,101
2023,2023misal,Week 5,9210,3773,7221,8374,1502,5066,64,75
2023,2023misal,Week 5,6556,7598,107,5509,904,9241,59,52
2023,2023misal,Week 5,9209,3707,4405,1504,3322,5708,104,76
2023,2023misal,Week 5,4395,9211,3568,6101,7225,6081,50,101
2023,2023misal,Week 5,1502,5067,5050,1076,8424,7221,95,92
2023,2023misal,Week 5,5641,8374,9210,6615,815,8895,58,57
2023,2023misal,Week 5,3773,5066,862,5674,6089,8832,62,30
2023,2023misal,Week 5,9241,7598,6081,5708,9209,7225,73,66
2023,2023misal,Week 5,7221,3322,4395,4405,107,1504,83,136
2023,2023misal,Week 5,3568,8895,5067,1502,3707,9210,100,59
2023,2023misal,Week 5,6615,6101,862,815,5050,5066,91,118
2023,2023misal,Week 5,1076,6556,5674,3773,6089,5641,62,58
2023,2023misal,Week 5,9211,8832,5509,904,8424,8374,12,84
2023,2023misal,Week 5,9241,5067,7225,8895,5708,3707,75,46
2023,2023misal,Week 5,5050,6615,9209,1502,7221,3568,107,70
2023,2023misal,Week 5,6089,107,6101,6556,6081,3773,84,84
2023,2023misal,Week 5,5641,904,5066,8832,8374,3322,76,83
2023,2023misal,Week 5,1504,862,8424,4405,815,1076,100,114
2023,2023misal,Week 5,5674,9211,7598,4395,5509,9210,53,33
2023,2023misal,Week 5,107,3773,1502,5050,6556,5708,109,112
2023,2023misal,Week 5,9209,7221,904,6101,5641,9241,91,85
2023,2023misal,Week 5,8374,3568,7225,3322,8895,862,64,107
2023,2023misal,Week 5,4405,5674,4395,7598,5509,815,101,56
2023,2023misal,Week 5,8832,1504,6081,5067,5066,9211,88,83
2023,2023misal,Week 5,3707,8424,6089,6615,1076,9210,66,73
2023,2023misal,Week 5,8895,9209,6101,5641,107,7225,65,116
2023,2023misal,Week 5,5708,904,5674,6556,862,3568,72,112
2023,2023misal,Week 5,7598,5050,4405,815,5067,8374,114,70
2023,2023misal,Week 5,6081,9210,3322,5066,3707,5509,93,90
2023,2023misal,Week 5,6089,7221,9211,8424,9241,3773,35,63
2023,2023misal,Week 5,1504,4395,1076,1502,8832,6615,78,90
2023,2023misal,Week 5,5674,5641,8895,6101,5067,4405,109,103
2023,2023misal,Week 5,6081,815,107,9210,7598,9209,128,69
2023,2023misal,Week 5,3322,5066,6556,862,9211,5050,91,124
2023,2023misal,Week 5,6089,1502,904,8424,7225,4395,91,65
2023,2023misal,Week 5,5509,6615,3773,9241,5708,1076,58,99
2023,2023misal,Week 5,3568,3707,8832,7221,8374,1504,88,76
2023,2023misal,Week 5,5641,6556,815,5067,9209,3322,77,83
2023,2023misal,Week 5,6081,1502,5674,8424,107,9211,123,82
2023,2023misal,Week 5,3773,1076,8895,5066,4395,7598,95,49
2023,2023misal,Week 5,3568,9241,6615,862,8832,4405,57,135
2023,2023misal,Week 5,904,1504,3707,5050,6101,8374,65,114
2023,2023misal,Week 5,5708,7221,5509,7225,9210,6089,61,36
2023,2023misal,Week 5,107,5066,9209,8424,7598,8895,91,86
2023,2023misal,Week 5,9211,1502,5641,9241,862,5674,69,144
2023,2023misal,Week 5,8374,6081,1076,3707,4395,6556,131,75
2023,2023misal,Week 5,815,1504,6101,5509,3568,6089,78,65
2023,2023misal,Week 5,9210,4405,5708,904,5050,8832,85,112
2023,2023misal,Week 5,3773,7225,3322,7221,6615,5067,91,103
2023,2023misal,Week 5,8374,862,7598,6556,9241,1502,87,58
2023,2023misal,Week 5,5066,3568,6101,5674,5509,107,85,101
2023,2023misal,Week 5,8895,5050,1504,815,5708,6089,143,86
2023,2023misal,Week 5,3707,3322,6615,9211,6081,904,96,84
2023,2023misal,Week 5,5067,9210,8424,4395,3773,9209,87,63
2023,2023misal,Week 5,7225,1076,8832,7221,4405,5641,77,113
2023,2023misal,Week 5,6089,6556,8374,7598,3568,1504,65,65
2023,2023misal,Week 5,9211,3322,815,5708,6101,1502,101,76
2023,2023misal,Week 5,904,4395,6615,5067,3773,3707,66,68
2023,2023misal,Week 5,107,9210,9241,1076,5641,862,106,97
2023,2023misal,Week 5,8832,9209,8424,7225,5674,5050,60,93
2023,2023misal,Week 5,5066,8895,7221,5509,4405,6081,58,102
2023,2023misal,Week 5,3568,815,904,1504,9211,3773,99,73
2023,2023misal,Week 5,107,8374,5708,1076,6089,5067,86,96
2023,2023misal,Week 5,3322,6101,8424,7598,6615,5641,84,63
2023,2023misal,Week 5,9209,5509,1502,862,6081,3707,54,153
2023,2023misal,Week 5,5050,9241,7221,8832,8895,4395,110,31
2023,2023misal,Week 5,7225,4405,6556,9210,5674,5066,102,89
2023,2023mitr2,Week 5,4851,5053,7769,2851,6096,5527,107,66
2023,2023mitr2,Week 5,9251,3538,1188,469,2591,9238,119,78
2023,2023mitr2,Week 5,6548,7211,5756,4384,6616,6566,98,57
2023,2023mitr2,Week 5,5525,5530,5612,245,910,3534,55,140
2023,2023mitr2,Week 5,7856,217,1684,7192,8899,5642,90,57
2023,2023mitr2,Week 5,5660,9237,5231,4838,4390,2337,106,80
2023,2023mitr2,Week 5,5214,4851,469,2591,9203,6616,111,9
2023,2023mitr2,Week 5,6566,5530,7769,2851,6548,5525,120,98
2023,2023mitr2,Week 5,9251,6096,5053,217,910,3538,66,145
2023,2023mitr2,Week 5,5612,4838,7856,1188,4384,1684,62,107
2023,2023mitr2,Week 5,9203,245,5231,4390,5660,5214,93,76
2023,2023mitr2,Week 5,5642,5527,2337,7192,3534,7211,92,100
2023,2023mitr2,Week 5,2851,9238,9237,5756,8899,217,90,63
2023,2023mitr2,Week 5,2591,4851,3538,5530,1684,4838,118,112
2023,2023mitr2,Week 5,4390,469,5612,5525,5660,245,93,131
2023,2023mitr2,Week 5,7856,6548,910,7211,5642,9203,92,91
2023,2023mitr2,Week 5,5214,6096,3534,5756,9251,9238,75,61
2023,2023mitr2,Week 5,7192,5527,6566,5053,6616,5231,49,21
2023,2023mitr2,Week 5,4384,9237,8899,7769,2337,1188,55,161
2023,2023mitr2,Week 5,217,5612,2851,2591,4390,7856,125,36
2023,2023mitr2,Week 5,1684,5214,910,3534,5525,9251,97,112
2023,2023mitr2,Week 5,6616,5756,5527,5642,3538,5530,53,126
2023,2023mitr2,Week 5,4384,2337,5660,9237,6566,6096,150,64
2023,2023mitr2,Week 5,6548,7192,5053,245,1188,469,115,123
2023,2023mitr2,Week 5,4838,4851,9203,7769,9238,8899,68,102
2023,2023mitr2,Week 5,7211,2591,1684,5231,5756,2851,139,69
2023,2023mitr2,Week 5,910,5525,4384,5660,3538,5527,77,135
2023,2023mitr2,Week 5,5053,5642,9237,9251,5214,5612,99,86
2023,2023mitr2,Week 5,6548,8899,4838,2337,3534,6616,78,117
2023,2023mitr2,Week 5,1188,5530,9238,4390,5231,6096,94,35
2023,2023mitr2,Week 5,7211,4851,6566,7856,7769,245,104,115
2023,2023mitr2,Week 5,217,4384,7192,9203,469,3538,139,134
2023,2023mitr2,Week 5,3534,5660,6548,1684,8899,5053,140,105
2023,2023mitr2,Week 5,5525,6616,4390,6096,4838,1188,44,67
2023,2023mitr2,Week 5,5530,245,5527,5756,2337,7856,121,105
2023,2023mitr2,Week 5,9251,7769,469,5612,7211,9237,130,98
2023,2023mitr2,Week 5,910,9238,5642,5231,7192,4851,50,62
2023,2023mitr2,Week 5,2591,5214,2851,6566,217,9203,63,103
2023,2023mitr2,Week 5,8899,1188,4390,1684,3538,245,48,163
2023,2023mitr2,Week 5,6616,7856,469,6096,7211,2337,64,133
2023,2023mitr2,Week 5,5525,5642,4851,5660,5053,5756,52,121
2023,2023mitr2,Week 5,910,7192,4838,217,7769,5214,60,144
2023,2023mitr2,Week 5,9238,6548,5231,5612,4384,2591,100,93
2023,2023mitr2,Week 5,5527,9251,9237,5530,2851,9203,44,108
2023,2023mitr2,Week 5,3534,5053,1188,5642,7856,6566,119,45
2023,2023mitr2,Week 5,2337,245,217,7769,910,6096,164,100
2023,2023mitr2,Week 5,4390,4384,7211,7192,2591,5756,118,68
2023,2023mitr2,Week 5,469,1684,2851,9238,5527,4838,139,55
2023,2023mitr2,Week 5,9203,5612,8899,3538,6566,5525,53,133
2023,2023mitr2,Week 5,4851,9251,5660,6548,5214,5530,74,87
2023,2023mitr2,Week 5,5231,3534,2591,6616,9237,7769,82,89
2023,2023mitr2,Week 5,6096,245,5642,2851,4838,4384,103,74
2023,2023mitr2,Week 5,9238,9203,4390,5527,5525,5053,18,74
2023,2023mitr2,Week 5,5660,6566,1684,5530,7192,9251,119,65
2023,2023mitr2,Week 5,8899,7856,3534,469,5231,910,72,97
2023,2023mitr2,Week 5,3538,5756,5214,5612,2337,6548,70,118
2023,2023mitr2,Week 5,6616,217,7211,9237,1188,4851,115,78
2023,2023mitr2,Week 5,9203,1684,7192,4384,5530,6096,104,59
2023,2023mitr2,Week 5,5527,910,2591,4838,5642,5660,82,48
2023,2023mitr2,Week 5,6566,5756,245,8899,5231,5214,118,33
2023,2023mitr2,Week 5,3538,7769,4390,7211,7856,9251,134,75
2023,2023mitr2,Week 5,9237,469,5525,4851,6548,217,104,134
2023,2023mitr2,Week 5,1188,2851,6616,3534,5612,9238,72,89
2023,2023mitr2,Week 5,2337,2591,5530,5053,9203,4384,103,67
2023,2023mitr2,Week 5,6096,5660,8899,5214,5527,7211,72,103
2023,2023mitr2,Week 5,5756,4838,7769,5642,1684,9251,96,117
2023,2023mitr2,Week 5,245,6616,7192,9238,5525,7856,102,38
2023,2023mitr2,Week 5,5053,6566,910,9237,4390,6548,69,103
2023,2023mitr2,Week 5,2337,5231,3538,4851,2851,3534,149,74
2023,2023mitr2,Week 5,469,217,5530,1188,5612,5756,149,82
2023,2023mitr2,Week 5,7856,9203,5660,1684,9238,6616,71,100
2023,2023mitr2,Week 5,8899,7211,5525,4838,5053,2591,94,77
2023,2023mitr2,Week 5,5527,3534,4384,245,4390,4851,98,105
2023,2023mitr2,Week 5,3538,6096,5612,5214,9237,7192,116,48
2023,2023mitr2,Week 5,5231,1188,217,910,9251,2337,87,111
2023,2023mitr2,Week 5,7769,2851,5642,6566,469,6548,150,90
2023,2023onwin,Week 5,4940,2634,2852,4308,8789,5885,111,89
2023,2023onwin,Week 5,5596,6725,772,5408,6110,5024,36,69
2023,2023onwin,Week 5,5912,7136,4951,6070,3560,4688,70,78
2023,2023onwin,Week 5,4678,2198,4946,4617,4920,4903,134,107
2023,2023onwin,Week 5,8081,4907,8789,8574,6875,5408,127,64
2023,2023onwin,Week 5,3560,5596,4951,2852,6110,7136,35,44
2023,2023onwin,Week 5,5912,4903,5885,2634,4946,2198,88,84
2023,2023onwin,Week 5,5024,772,8574,4920,6070,8081,93,101
2023,2023onwin,Week 5,6725,4907,6875,4617,4688,4678,92,95
2023,2023onwin,Week 5,4903,5408,4940,4308,6110,5912,96,76
2023,2023onwin,Week 5,5596,4920,5024,3560,4951,8789,119,49
2023,2023onwin,Week 5,4946,7136,772,2852,4907,2198,94,108
2023,2023onwin,Week 5,6875,6070,5885,4678,4940,8574,52,108
2023,2023onwin,Week 5,4688,4308,8081,6725,2634,4617,139,64
2023,2023onwin,Week 5,4903,2198,3560,5408,5596,4946,67,60
2023,2023onwin,Week 5,2852,5912,8574,4678,8789,772,71,114
2023,2023onwin,Week 5,4940,4617,4308,5024,4951,4907,76,127
2023,2023onwin,Week 5,6110,4688,6070,2634,6875,8081,92,102
2023,2023onwin,Week 5,4920,4678,7136,6725,5885,772,124,40
2023,2023onwin,Week 5,4951,2198,4940,8574,4907,5024,33,123
2023,2023onwin,Week 5,4688,2852,4946,5596,6875,4308,141,44
2023,2023onwin,Week 5,4920,2634,6110,8789,5912,4617,123,68
2023,2023onwin,Week 5,8081,6725,3560,7136,4903,6070,57,106
2023,2023onwin,Week 5,5885,4940,4688,5408,4678,4951,81,108
2023,2023onwin,Week 5,4907,5024,2634,6110,2198,5596,133,47
2023,2023onwin,Week 5,8574,4308,6725,772,5912,6875,52,83
2023,2023onwin,Week 5,6070,7136,4617,2852,8789,5408,85,68
2023,2023onwin,Week 5,4946,8081,4903,5885,4920,3560,137,72
2023,2023onwin,Week 5,6110,4951,6875,2198,6725,5912,56,61
2023,2023onwin,Week 5,4308,4617,4907,5596,8574,6070,135,49
2023,2023onwin,Week 5,4688,2852,7136,5024,5885,4946,115,139
2023,2023onwin,Week 5,8081,3560,5408,4940,772,4920,72,81
2023,2023onwin,Week 5,8789,2634,8574,4678,4903,6725,54,119
2023,2023onwin,Week 5,5912,5024,6070,4688,5885,5596,136,46
2023,2023onwin,Week 5,4617,2852,4951,4907,4946,4920,37,168
2023,2023onwin,Week 5,4940,6110,8789,6875,4678,3560,79,121
2023,2023onwin,Week 5,4308,4903,5408,2198,7136,8081,90,107
2023,2023onwin,Week 5,2634,5912,5596,772,6070,4907,102,107
2023,2023onwin,Week 5,6110,4617,5885,3560,4940,2852,84,66
2023,2023onwin,Week 5,7136,5408,6725,4946,4308,8789,57,117
2023,2023onwin,Week 5,2198,5024,6875,772,8081,4678,88,140
2023,2023onwin,Week 5,4951,8574,4920,2634,4688,4903,77,126
2023,2023onwin,Week 5,3560,4946,5912,7136,4940,4907,108,121
2023,2023onwin,Week 5,8081,4678,6110,5024,2852,4308,141,91
2023,2023onwin,Week 5,6875,8789,4920,5885,4951,2634,115,94
2023,2023onwin,Week 5,5408,772,4688,8574,4617,2198,100,54
2023,2023onwin,Week 5,4903,5596,2852,6070,6725,4940,99,38
2023,2023onwin,Week 5,4907,5885,4678,7136,4308,2634,163,76
2023,2023onwin,Week 5,4617,3560,5024,4920,5408,5912,86,104
2023,2023onwin,Week 5,4951,772,4903,8789,8081,5596,120,81
2023,2023onwin,Week 5,6725,4946,6110,2198,8574,4688,101,81
2023,2023onwin,Week 5,6070,5408,2634,6875,4920,2852,59,116
2023,2023onwin,Week 5,4907,5596,4678,5912,8081,4940,154,89
2023,2023onwin,Week 5,5885,5024,7136,4903,8574,6110,116,121
2023,2023onwin,Week 5,772,3560,4308,4946,6875,4617,77,81
2023,2023onwin,Week 5,8789,6070,2198,4951,4688,6725,66,56
2023,2023txama,Week 5,6369,7534,8874,7125,2657,4734,82,46
2023,2023txama,Week 5,4364,2848,6974,7492,8408,1745,78,105
2023,2023txama,Week 5,4153,8325,6682,5417,6171,3481,33,99
2023,2023txama,Week 5,5212,5411,4251,9080,3310,5866,91,116
2023,2023txama,Week 5,9105,8528,3676,7271,5613,4206,70,102
2023,2023txama,Week 5,8512,4063,9136,1164,6768,148,89,37
2023,2023txama,Week 5,7750,4717,8874,7121,1745,2848,27,87
2023,2023txama,Week 5,6682,2657,3481,8325,5417,4364,41,63
2023,2023txama,Week 5,9080,5212,7492,8528,4251,6369,81,86
2023,2023txama,Week 5,3676,1164,4063,5613,4734,6768,86,98
2023,2023txama,Week 5,4717,148,7125,6171,4206,6974,150,92
2023,2023txama,Week 5,7271,3310,7121,4153,7750,5411,85,103
2023,2023txama,Week 5,8512,5866,7534,9105,8408,9136,42,87
2023,2023txama,Week 5,6768,1745,8874,8325,8528,1164,71,54
2023,2023txama,Week 5,6974,7492,3676,3481,6369,4717,55,92
2023,2023txama,Week 5,5613,6682,3310,4734,7121,9080,81,74
2023,2023txama,Week 5,5411,7125,6171,7534,4364,7750,58,27
2023,2023txama,Week 5,8512,4206,9105,7271,5212,4153,101,63
2023,2023txama,Week 5,4251,5866,4063,2657,148,2848,63,94
2023,2023txama,Week 5,9136,7121,3481,5417,3676,8408,67,70
2023,2023txama,Week 5,7125,3310,7534,1745,8528,4717,113,86
2023,2023txama,Week 5,6768,9080,4206,4734,4364,4153,83,132
2023,2023txama,Week 5,7750,4063,7492,5866,2657,8325,61,58
2023,2023txama,Week 5,9105,1164,6171,6974,9136,4251,93,35
2023,2023txama,Week 5,6682,8874,8408,8512,6369,148,40,114
2023,2023txama,Week 5,5212,5417,5613,2848,5411,7271,79,126
2023,2023txama,Week 5,7121,6768,4364,4734,3676,5866,65,44
2023,2023txama,Week 5,3481,4206,1164,3310,4153,6171,99,107
2023,2023txama,Week 5,9080,7750,2657,1745,9105,148,24,151
2023,2023txama,Week 5,5411,6974,8408,4251,8874,5417,74,82
2023,2023txama,Week 5,8528,8512,7492,7534,4063,5613,63,115
2023,2023txama,Week 5,5212,2848,6369,9136,4717,6682,105,48
2023,2023txama,Week 5,7271,8325,3676,7125,4153,1745,30,106
2023,2023txama,Week 5,5866,148,4364,1164,6974,3310,119,125
2023,2023txama,Week 5,8874,7492,5613,6171,7534,8528,36,55
2023,2023txama,Week 5,5417,9136,2657,4717,8512,5212,88,32
2023,2023txama,Week 5,6682,9105,9080,8408,7750,6768,79,45
2023,2023txama,Week 5,6369,4206,7121,5411,4063,8325,133,123
2023,2023txama,Week 5,2848,3481,4734,4251,7271,7125,73,55
2023,2023txama,Week 5,5613,6171,5866,1745,7534,5417,77,141
2023,2023txama,Week 5,3310,8408,5212,7492,4153,6768,103,89
2023,2023txama,Week 5,6974,8325,9080,4063,8874,4206,75,90
2023,2023txama,Week 5,9136,7271,7750,6369,4364,1164,60,75
2023,2023txama,Week 5,5411,2657,8512,3676,6682,7125,105,26
2023,2023txama,Week 5,8528,7121,148,4251,3481,9105,109,73
2023,2023txama,Week 5,4717,4734,7492,5866,4153,2848,85,110
2023,2023txama,Week 5,6768,9136,7534,6974,5417,7271,57,57
2023,2023txama,Week 5,3676,1745,7750,4063,5212,6682,98,84
2023,2023txama,Week 5,8874,3481,3310,5613,9105,6369,103,102
2023,2023txama,Week 5,4206,5411,8528,2657,1164,7121,115,78
2023,2023txama,Week 5,8325,7125,8408,148,4251,4734,23,104
2023,2023txama,Week 5,2848,6171,4717,4364,9080,8512,85,60
2023,2023txama,Week 5,4153,6974,5613,5866,6682,7271,75,67
2023,2023txama,Week 5,1745,5411,6369,3310,9105,6768,129,132
2023,2023txama,Week 5,7534,4734,8325,148,9136,5212,76,117
2023,2023txama,Week 5,2848,8408,8528,6171,3676,2657,88,49
2023,2023txama,Week 5,7492,4364,4251,7121,8874,8512,72,71
2023,2023txama,Week 5,4717,1164,5417,4063,7125,9080,91,97
2023,2023txama,Week 5,3481,5866,6974,4206,7750,5212,71,111
2023,2023txama,Week 5,9136,6369,4153,2657,5613,1745,116,95
2023,2023txama,Week 5,4364,8528,8874,148,6682,5411,80,131
2023,2023txama,Week 5,9105,7534,7121,9080,3676,2848,72,114
2023,2023txama,Week 5,6171,6768,4063,8408,4251,4717,68,53
2023,2023txama,Week 5,7750,7125,5417,4206,7492,3310,26,139
2023,2023txama,Week 5,1164,4734,7271,8325,3481,8512,76,70
2023,2023txama,Week 5,3676,148,4153,8874,5866,5411,127,135
2023,2023txama,Week 5,4063,4717,9105,6682,6171,4364,87,55
2023,2023txama,Week 5,5212,6768,2657,7121,5613,7125,78,55
2023,2023txama,Week 5,3310,2848,4251,4206,8325,9136,128,91
2023,2023txama,Week 5,1164,9080,1745,7534,7492,3481,102,75
2023,2023txama,Week 5,5417,8512,4734,8528,6974,7750,104,36
2023,2023txama,Week 5,6369,7271,6171,8408,7121,5866,77,45
2023,2023txama,Week 5,148,5613,8325,4364,4717,3676,103,57
2023,2023txama,Week 5,7125,2848,9136,3481,9080,5411,92,115
2023,2023txama,Week 5,4734,1745,4206,7492,5417,9105,111,104
2023,2023txama,Week 5,8408,7271,4063,8874,5212,1164,81,104
2023,2023txama,Week 5,2657,3310,8528,6768,8512,6974,96,59
2023,2023txama,Week 5,4153,4251,7534,7750,6369,6682,70,68
2023,2023tuhc,Week 5,9160,9221,9083,7285,4191,8054,18,62
2023,2023tuhc,Week 5,7682,7576,7840,4972,2905,9155,48,45
2023,2023tuhc,Week 5,9041,8058,9028,9021,8762,9247,45,45
2023,2023tuhc,Week 5,7086,7575,8079,9020,7298,6988,43,9
2023,2023tuhc,Week 5,8166,8561,8153,8042,8881,5665,94,102
2023,2023tuhc,Week 5,6838,6948,9201,8220,9070,7458,74,59
2023,2023tuhc,Week 5,9187,6064,8151,9142,9043,8056,39,24
2023,2023tuhc,Week 5,6874,8557,8799,6429,7536,8828,37,100
2023,2023tuhc,Week 5,5883,7298,9160,7682,8058,9024,42,47
2023,2023tuhc,Week 5,9155,7575,4191,8762,8153,8079,14,63
2023,2023tuhc,Week 5,7840,9041,9201,9083,5665,8561,45,102
2023,2023tuhc,Week 5,9247,8042,6838,7576,9142,8151,77,62
2023,2023tuhc,Week 5,8166,4972,7285,6874,7458,6064,99,36
2023,2023tuhc,Week 5,8054,9043,8828,9024,9020,9070,74,39
2023,2023tuhc,Week 5,9187,8056,8799,9028,8220,8557,19,54
2023,2023tuhc,Week 5,6988,9221,7536,9021,5883,2905,102,74
2023,2023tuhc,Week 5,6429,7086,9155,6948,8881,8151,73,22
2023,2023tuhc,Week 5,8058,5665,7575,9041,6838,7682,62,88
2023,2023tuhc,Week 5,9083,7458,7576,8828,8153,9020,23,23
2023,2023tuhc,Week 5,8056,8054,8042,8079,7840,6874,30,62
2023,2023tuhc,Week 5,4191,9024,9221,6064,9028,7536,51,30
2023,2023tuhc,Week 5,8220,5883,6429,9070,8561,9247,64,34
2023,2023tuhc,Week 5,7298,7285,2905,8166,9187,6948,86,50
2023,2023tuhc,Week 5,9142,8762,9160,8799,6988,7086,32,36
2023,2023tuhc,Week 5,8881,9021,9043,4972,9201,8557,59,44
2023,2023tuhc,Week 5,8058,6874,8828,7840,4191,5665,63,43
2023,2023tuhc,Week 5,8561,7536,8054,6064,7576,7575,101,35
2023,2023tuhc,Week 5,9247,6429,9024,8056,9083,2905,82,49
2023,2023tuhc,Week 5,7458,6838,8153,9187,8079,5883,38,74
2023,2023tuhc,Week 5,9221,9070,4972,8042,8557,7086,50,70
2023,2023tuhc,Week 5,8220,9155,9041,7298,9028,9142,43,52
2023,2023tuhc,Week 5,7285,9021,9020,8151,8799,7682,99,31
2023,2023tuhc,Week 5,6948,6988,8762,9201,8166,9043,89,48
2023,2023tuhc,Week 5,8058,8056,9160,8881,7575,7458,40,27
2023,2023tuhc,Week 5,5883,7840,8561,6874,9187,7086,58,53
2023,2023tuhc,Week 5,7536,5665,9070,4972,8079,9142,168,58
2023,2023tuhc,Week 5,8151,8042,7285,4191,2905,8220,82,34
2023,2023tuhc,Week 5,8799,8153,9155,9043,9247,9221,41,71
2023,2023tuhc,Week 5,7682,9083,7298,8762,6064,8557,51,65
2023,2023tuhc,Week 5,9028,8881,6988,7576,8828,6948,52,67
2023,2023tuhc,Week 5,9021,8166,6838,8054,9160,6429,95,103
2023,2023tuhc,Week 5,9201,9020,9187,9024,9041,4972,37,91
2023,2023tuhc,Week 5,7840,8220,9247,7575,9043,7536,48,71
2023,2023tuhc,Week 5,7458,7682,9142,8561,9221,6874,57,65
2023,2023tuhc,Week 5,9155,8151,9070,9083,6988,8058,37,91
2023,2023tuhc,Week 5,8042,6948,8079,8828,9160,9021,81,31
2023,2023tuhc,Week 5,7086,9024,8762,5665,7285,7576,47,120
2023,2023tuhc,Week 5,9028,6429,8056,8153,9201,7298,81,32
2023,2023tuhc,Week 5,8557,5883,8166,9020,4191,9041,81,27
2023,2023tuhc,Week 5,2905,8799,8881,8054,6838,6064,35,109
2023,2023tuhc,Week 5,9247,7682,9187,6988,8828,8042,52,54
2023,2023tuhc,Week 5,7575,9024,9083,6948,6874,9021,26,64
2023,2023tuhc,Week 5,7458,8151,6429,8762,7840,9028,74,58
2023,2023tuhc,Week 5,9070,8056,7576,9041,8166,9221,61,88
2023,2023tuhc,Week 5,2905,8557,8054,8153,7086,8058,39,53
2023,2023tuhc,Week 5,6064,8220,9020,9160,9155,5665,45,49
2023,2023tuhc,Week 5,8079,9201,8881,7285,9142,5883,36,110
2023,2023tuhc,Week 5,4191,7298,4972,6838,8561,8799,50,73
2023,2023tuhc,Week 5,9043,9083,9028,7536,8042,7682,25,90
2023,2023tuhc,Week 5,8557,9247,6988,9024,8054,7458,37,88
2023,2023tuhc,Week 5,8153,2905,6874,9070,9160,9041,57,24
2023,2023tuhc,Week 5,9142,6064,6948,8058,9020,7840,57,55
2023,2023tuhc,Week 5,8881,7576,4191,7298,9021,9187,43,38
2023,2023tuhc,Week 5,9221,8828,8762,8561,4972,8220,61,68
2023,2023tuhc,Week 5,5665,8151,8166,5883,8799,7575,75,39
2023,2023tuhc,Week 5,7086,7536,6838,9201,9155,8056,126,69
2023,2023tuhc,Week 5,9041,8079,7285,9043,6429,8058,96,68
2023,2023cthar,Week 5,95,2712,7407,2170,5142,8085,82,97
2023,2023cthar,Week 5,9056,2064,3146,1699,4628,3182,69,83
2023,2023cthar,Week 5,195,571,7869,230,5856,155,112,117
2023,2023cthar,Week 5,9193,6723,3323,8889,3464,236,13,108
2023,2023cthar,Week 5,5746,178,7694,1991,4572,999,85,99
2023,2023cthar,Week 5,3634,9216,1027,1071,1058,7760,20,92
2023,2023cthar,Week 5,558,1124,4628,6346,8167,7407,50,119
2023,2023cthar,Week 5,3464,2170,9193,2064,5142,5856,97,38
2023,2023cthar,Week 5,1991,8085,178,6723,7869,3182,69,60
2023,2023cthar,Week 5,2712,155,1058,7760,236,4572,62,63
2023,2023cthar,Week 5,558,1071,6346,3323,230,7694,67,126
2023,2023cthar,Week 5,8889,9216,1699,999,1124,9056,91,62
2023,2023cthar,Week 5,8167,195,3634,3146,1027,95,120,121
2023,2023cthar,Week 5,2712,6723,571,5746,7760,9193,66,44
2023,2023cthar,Week 5,4572,3182,1058,2064,4628,3323,98,56
2023,2023cthar,Week 5,155,2170,178,1124,7407,7694,118,73
2023,2023cthar,Week 5,9216,1991,9056,1027,195,236,31,122
2023,2023cthar,Week 5,230,7869,558,3634,8889,571,90,82
2023,2023cthar,Week 5,3464,3146,5142,5746,95,999,96,120
2023,2023cthar,Week 5,6346,8085,5856,8167,1071,1699,94,120
2023,2023cthar,Week 5,2064,236,155,195,2712,178,93,125
2023,2023cthar,Week 5,7407,230,1027,9216,4572,571,124,72
2023,2023cthar,Week 5,7694,2170,7760,8889,3146,3182,86,103
2023,2023cthar,Week 5,8167,5746,1058,6346,1699,9193,140,92
2023,2023cthar,Week 5,5142,95,4628,1991,1124,3323,65,62
2023,2023cthar,Week 5,1071,6723,3634,3464,999,8085,50,132
2023,2023cthar,Week 5,5856,7869,2170,9056,558,236,82,81
2023,2023cthar,Week 5,1027,155,1699,3182,9193,8167,105,91
2023,2023cthar,Week 5,4628,195,230,178,7760,5142,136,53
2023,2023cthar,Week 5,2064,95,1991,571,1071,3146,73,88
2023,2023cthar,Week 5,4572,8085,558,1058,8889,999,80,129
2023,2023cthar,Week 5,3323,9056,5746,7407,3634,5856,72,67
2023,2023cthar,Week 5,7869,9216,2712,6346,7694,3464,31,108
2023,2023cthar,Week 5,1124,1027,2170,6723,2064,230,72,84
2023,2023cthar,Week 5,8889,7760,8085,236,178,95,112,96
2023,2023cthar,Week 5,1699,7407,4572,9193,558,195,110,138
2023,2023cthar,Week 5,3464,5746,1071,4628,155,9056,59,79
2023,2023cthar,Week 5,3323,2712,5142,1058,1991,7869,77,85
2023,2023cthar,Week 5,9216,5856,6723,1124,3146,8167,24,84
2023,2023cthar,Week 5,7694,3634,999,571,6346,3182,89,104
2023,2023cthar,Week 5,7407,558,8889,195,3464,2064,118,133
2023,2023cthar,Week 5,5142,9193,236,1071,4628,8085,67,89
2023,2023cthar,Week 5,1699,1991,7760,2170,9216,5746,72,95
2023,2023cthar,Week 5,4572,3323,3146,155,7869,1124,101,51
2023,2023cthar,Week 5,3182,999,230,2712,5856,8167,113,88
2023,2023cthar,Week 5,95,1058,6346,6723,1027,9056,127,32
2023,2023cthar,Week 5,7694,571,5142,178,1699,3634,99,94
2023,2023cthar,Week 5,558,2064,5746,3146,155,9216,77,64
2023,2023cthar,Week 5,236,3182,1991,2170,4572,1071,79,95
2023,2023cthar,Week 5,7760,8167,6723,195,3323,7407,62,136
2023,2023cthar,Week 5,3634,6346,1124,1058,178,3464,43,125
2023,2023cthar,Week 5,7694,2712,8889,4628,5856,1027,87,50
2023,2023cthar,Week 5,8085,9056,7869,9193,230,95,79,127
2023,2023cthar,Week 5,236,999,8167,571,7407,2064,117,93
2023,2023cthar,Week 5,5142,3634,4572,155,6346,6723,48,94
2023,2023cthar,Week 5,7760,1027,3464,1991,558,3146,90,93
2023,2023cthar,Week 5,9056,1071,195,2712,3182,1124,112,64
2023,2023cthar,Week 5,8085,3323,95,9216,9193,7694,140,63
2023,2023cthar,Week 5,7869,5746,4628,999,571,2170,58,121
2023,2023cthar,Week 5,230,178,8889,5856,1699,1058,128,97
2023,2023cthar,Week 5,3634,3464,1991,4572,8167,2064,58,71
2023,2023cthar,Week 5,95,1124,1071,558,7760,2712,101,45
2023,2023cthar,Week 5,999,195,155,4628,2170,6346,147,77
2023,2023cthar,Week 5,9193,9056,571,178,3323,9216,61,76
2023,2023cthar,Week 5,3182,7694,5856,1058,5142,7407,69,133
2023,2023cthar,Week 5,5746,6723,1699,7869,8889,1027,86,61
2023,2023cthar,Week 5,236,3146,4628,8085,230,3634,51,122
2023,2023cthar,Week 5,999,2064,6346,7760,95,195,114,139
2023,2023cthar,Week 5,8167,5142,9216,9056,7694,4572,62,73
2023,2023cthar,Week 5,5856,8889,1124,155,1991,9193,52,80
2023,2023cthar,Week 5,1071,3182,178,3146,5746,230,95,99
2023,2023cthar,Week 5,1027,1058,558,2170,236,6723,94,107
2023,2023cthar,Week 5,571,3464,3323,1699,8085,2712,99,120
2023,2023cthar,Week 5,7407,4628,9216,7869,3634,2064,76,40
2023,2023cthar,Week 5,3146,6346,7760,5142,9056,8889,86,70
2023,2023cthar,Week 5,230,236,1071,6723,7694,1991,115,92
2023,2023cthar,Week 5,1027,9193,2712,5856,999,558,62,113
2023,2023cthar,Week 5,3182,7407,155,95,1699,3464,136,137
2023,2023cthar,Week 5,3323,1058,2170,178,8167,7869,82,58
2023,2023cthar,Week 5,1124,4572,195,8085,571,5746,85,111
2023,2023mawor,Week 5,4048,3205,7127,4987,7795,2523,118,20
2023,2023mawor,Week 5,8567,2079,126,3623,173,6328,80,95
2023,2023mawor,Week 5,1277,6763,9096,6324,8544,1100,50,90
2023,2023mawor,Week 5,7153,6690,5422,2370,1768,839,59,114
2023,2023mawor,Week 5,3958,1735,9101,716,1757,166,78,156
2023,2023mawor,Week 5,7907,5491,190,2168,6333,348,31,60
2023,2023mawor,Week 5,157,4905,6763,4034,2423,3623,85,39
2023,2023mawor,Week 5,6324,173,7127,5422,8567,4048,93,83
2023,2023mawor,Week 5,1757,2079,7795,7153,6328,3958,80,123
2023,2023mawor,Week 5,9096,1100,9101,4987,7907,1735,107,92
2023,2023mawor,Week 5,5491,716,6333,6690,4905,2523,88,85
2023,2023mawor,Week 5,2168,190,2370,2423,126,8544,82,80
2023,2023mawor,Week 5,348,4034,1277,166,3205,839,59,108
2023,2023mawor,Week 5,1735,7795,1768,157,9101,4048,118,102
2023,2023mawor,Week 5,173,6763,1100,7153,3623,2079,61,86
2023,2023mawor,Week 5,4987,5422,6324,1757,7907,2168,66,83
2023,2023mawor,Week 5,6333,8567,190,4034,8544,716,97,85
2023,2023mawor,Week 5,348,2370,2523,157,1768,3958,84,91
2023,2023mawor,Week 5,6328,839,1277,5491,4905,7127,104,70
2023,2023mawor,Week 5,6690,3205,2423,166,9096,126,96,84
2023,2023mawor,Week 5,9101,6324,4034,1100,2079,4048,72,97
2023,2023mawor,Week 5,7153,348,1757,7795,6333,157,127,81
2023,2023mawor,Week 5,1735,839,5491,7907,2370,6763,59,102
2023,2023mawor,Week 5,166,3958,2423,7127,4987,190,86,61
2023,2023mawor,Week 5,4905,126,6328,1768,8567,9096,100,139
2023,2023mawor,Week 5,716,3623,6690,8544,5422,3205,87,67
2023,2023mawor,Week 5,2523,2168,7153,1277,173,1735,47,115
2023,2023mawor,Week 5,6324,2079,6333,2370,166,5491,72,121
2023,2023mawor,Week 5,1768,4048,2423,6763,1757,190,123,96
2023,2023mawor,Week 5,839,9101,716,5422,4034,6328,77,61
2023,2023mawor,Week 5,2168,4987,6690,9096,7795,8544,69,59
2023,2023mawor,Week 5,7127,1100,3958,4905,348,173,106,60
2023,2023mawor,Week 5,3623,157,8567,2523,7907,3205,87,60
2023,2023mawor,Week 5,1277,6333,1757,126,4048,6763,115,98
2023,2023mawor,Week 5,4987,166,4034,5491,6690,6328,59,52
2023,2023mawor,Week 5,716,6324,1768,7795,839,173,132,48
2023,2023mawor,Week 5,9096,2168,3623,8567,9101,7127,28,127
2023,2023mawor,Week 5,2423,5422,2523,348,1735,126,76,100
2023,2023mawor,Week 5,3958,8544,2079,157,1277,7907,72,95
2023,2023mawor,Week 5,2370,4905,1100,3205,190,7153,118,117
2023,2023mawor,Week 5,7795,6324,166,3623,7127,6333,112,41
2023,2023mawor,Week 5,6328,6763,2168,5422,716,348,98,88
2023,2023mawor,Week 5,1768,1277,9101,6690,3958,8567,124,69
2023,2023mawor,Week 5,4905,1735,3205,4048,5491,4987,134,51
2023,2023mawor,Week 5,839,190,8544,126,7153,173,82,108
2023,2023mawor,Week 5,4034,2523,9096,1757,157,2370,33,124
2023,2023mawor,Week 5,2079,2423,348,1100,7907,716,62,85
2023,2023mawor,Week 5,6763,6690,166,8567,2168,4905,100,109
2023,2023mawor,Week 5,126,3205,4987,9101,7153,6333,105,111
2023,2023mawor,Week 5,7127,157,5422,3958,9096,839,94,36
2023,2023mawor,Week 5,2523,6328,1735,190,1277,6324,127,82
2023,2023mawor,Week 5,7907,4048,7795,2079,173,2370,60,79
2023,2023mawor,Week 5,1100,3623,1757,8544,1768,5491,127,111
2023,2023mawor,Week 5,4034,7153,4905,2423,7127,2168,110,64
2023,2023mawor,Week 5,6333,126,839,6763,6324,3958,82,94
2023,2023mawor,Week 5,190,348,6690,2079,1735,5422,55,82
2023,2023mawor,Week 5,173,5491,157,9101,4987,1757,66,114
2023,2023mawor,Week 5,1277,1100,8567,2370,7795,2423,92,71
2023,2023mawor,Week 5,7907,166,8544,3205,1768,4034,108,138
2023,2023mawor,Week 5,4048,2523,3623,6328,716,9096,82,93
2023,2023mawor,Week 5,2079,4987,4905,839,1757,6324,105,113
2023,2023mawor,Week 5,190,1100,157,9101,6690,126,94,95
2023,2023mawor,Week 5,173,3958,5422,5491,8567,4034,74,75
2023,2023mawor,Week 5,3205,6328,7795,1735,2423,6763,131,80
2023,2023mawor,Week 5,166,3623,348,4048,9096,7153,107,95
2023,2023mawor,Week 5,1768,6333,7907,716,2168,1277,122,93
2023,2023mawor,Week 5,8544,2370,9101,7127,2523,2079,132,70
2023,2023mawor,Week 5,3958,1757,5491,2423,6328,1100,80,149
2023,2023mawor,Week 5,173,4034,6690,6324,348,3205,55,91
2023,2023mawor,Week 5,126,5422,7907,4905,1277,7795,59,94
2023,2023mawor,Week 5,9096,2370,4987,3623,190,1768,94,113
2023,2023mawor,Week 5,6763,7127,716,2168,166,157,94,64
2023,2023mawor,Week 5,1735,8544,4048,839,7153,8567,111,73
2023,2023mawor,Week 5,2523,9101,173,6333,2423,4905,86,88
2023,2023mawor,Week 5,3205,5491,1277,7795,3958,3623,111,55
2023,2023mawor,Week 5,1757,126,1768,6690,7127,7907,150,49
2023,2023mawor,Week 5,8567,716,2370,348,6763,4987,130,58
2023,2023mawor,Week 5,5422,839,2168,1100,2523,166,56,115
2023,2023mawor,Week 5,8544,157,7153,6328,4048,6324,145,152
2023,2023mawor,Week 5,6333,9096,1735,190,4034,2079,52,58
2023,2023nccmp,Week 5,1533,4534,3506,9000,8738,587,108,100
2023,2023nccmp,Week 5,9198,5518,6004,4935,8429,2642,86,144
2023,2023nccmp,Week 5,8757,5190,6894,4561,4795,3229,99,110
2023,2023nccmp,Week 5,7890,5607,5511,9259,6502,8727,126,90
2023,2023nccmp,Week 5,2059,2640,9008,7443,3196,7671,95,76
2023,2023nccmp,Week 5,435,4828,4829,4290,7763,5160,104,99
2023,2023nccmp,Week 5,900,9150,587,9005,5727,4935,113,122
2023,2023nccmp,Week 5,9198,6894,9000,3506,8738,7890,89,133
2023,2023nccmp,Week 5,7443,6004,2642,5607,6502,2059,101,114
2023,2023nccmp,Week 5,3229,1533,4290,5518,8429,7763,100,73
2023,2023nccmp,Week 5,5511,4828,5727,4561,8727,4829,91,91
2023,2023nccmp,Week 5,3196,5160,435,2640,9150,8757,71,128
2023,2023nccmp,Week 5,9259,9005,4534,5190,7671,9008,60,73
2023,2023nccmp,Week 5,4935,2059,900,5607,1533,4795,131,130
2023,2023nccmp,Week 5,3506,6502,4561,8738,2642,7763,137,108
2023,2023nccmp,Week 5,7890,7443,4290,4828,9198,9150,142,65
2023,2023nccmp,Week 5,5190,435,9005,4829,9008,6894,94,79
2023,2023nccmp,Week 5,9259,9000,5518,5727,8757,3196,91,86
2023,2023nccmp,Week 5,587,3229,8429,900,4795,4534,102,115
2023,2023nccmp,Week 5,7671,6004,5160,5511,2640,8727,124,59
2023,2023nccmp,Week 5,9005,7890,4561,4935,435,5607,144,121
2023,2023nccmp,Week 5,9008,9000,3196,6502,4290,5727,61,152
2023,2023nccmp,Week 5,2642,3506,8757,1533,4828,5190,126,130
2023,2023nccmp,Week 5,3229,2640,900,9198,7443,4534,80,83
2023,2023nccmp,Week 5,7671,5518,5511,587,8727,7763,79,109
2023,2023nccmp,Week 5,8429,2059,9259,8738,5160,6894,92,98
2023,2023nccmp,Week 5,4795,9150,6502,4829,6004,9005,77,88
2023,2023nccmp,Week 5,3196,5190,2640,4828,4534,9000,100,87
2023,2023nccmp,Week 5,4290,9008,4561,3229,5518,3506,120,112
2023,2023nccmp,Week 5,587,5607,8757,5727,8738,2059,129,102
2023,2023nccmp,Week 5,5160,2642,4829,7671,9198,1533,107,106
2023,2023nccmp,Week 5,7763,9259,7443,6894,4795,7890,87,142
2023,2023nccmp,Week 5,5511,435,9150,6004,900,8429,85,141
2023,2023nccmp,Week 5,8727,3196,8738,4935,9008,3229,122,88
2023,2023nccmp,Week 5,4534,4561,5518,8757,2059,5160,117,94
2023,2023nccmp,Week 5,7763,5727,9198,6502,7671,2642,101,121
2023,2023nccmp,Week 5,4795,4829,3506,2640,9259,5607,135,67
2023,2023nccmp,Week 5,7443,587,4828,1533,900,435,92,145
2023,2023nccmp,Week 5,7890,4935,9150,5511,5190,8429,121,111
2023,2023nccmp,Week 5,8727,6894,9005,9000,4290,6004,111,103
2023,2023nccmp,Week 5,7671,4561,5727,2640,4795,8738,142,94
2023,2023nccmp,Week 5,1533,8757,9259,3229,9198,2642,85,109
2023,2023nccmp,Week 5,5518,5160,6502,435,4534,7890,77,113
2023,2023nccmp,Week 5,7763,9008,4828,8429,9005,5607,102,123
2023,2023nccmp,Week 5,4290,4935,3196,7443,5511,3506,68,148
2023,2023nccmp,Week 5,9000,9150,4829,2059,6894,587,88,135
2023,2023nccmp,Week 5,6004,8727,435,5190,900,9259,94,129
2023,2023nccmp,Week 5,8738,6502,3229,9005,5518,2640,98,80
2023,2023nccmp,Week 5,5607,4290,9198,4561,3196,1533,105,103
2023,2023nccmp,Week 5,8757,7890,8429,5727,4829,587,138,95
2023,2023nccmp,Week 5,6894,7763,7671,900,9000,7443,100,107
2023,2023nccmp,Week 5,4828,2059,4795,9008,2642,5511,136,103
2023,2023nccmp,Week 5,8727,3506,4935,5160,4534,9150,95,54
2023,2023nccmp,Week 5,6004,1533,2640,6502,7890,5190,99,133
2023,2023nccmp,Week 5,8429,4829,7443,8757,9000,4561,105,128
2023,2023nccmp,Week 5,2642,5727,4795,2059,4290,435,169,106
2023,2023nccmp,Week 5,6894,3506,9259,9008,587,5518,79,116
2023,2023nccmp,Week 5,8727,5160,5190,3196,9005,9198,104,65
2023,2023nccmp,Week 5,7763,5511,6004,900,8738,4828,64,125
2023,2023nccmp,Week 5,4534,7671,4935,9150,3229,5607,72,120
2023,2023nccmp,Week 5,587,4561,2640,2642,9259,4290,75,120
2023,2023nccmp,Week 5,8429,435,6502,5190,3506,2059,77,155
2023,2023nccmp,Week 5,9198,8757,900,9000,5511,9005,88,99
2023,2023nccmp,Week 5,4829,4935,8738,4828,7890,7671,103,120
2023,2023nccmp,Week 5,6894,1533,5727,3196,6004,4534,125,96
2023,2023nccmp,Week 5,4795,7443,9008,9150,8727,5518,98,114
2023,2023nccmp,Week 5,5607,7763,9000,5160,3229,5511,91,91
2023,2023nccmp,Week 5,3506,8429,4290,9005,8757,7671,137,79
2023,2023nccmp,Week 5,2640,4828,6502,4561,6894,4935,92,124
2023,2023nccmp,Week 5,4534,5727,8727,2059,7443,1533,148,126
2023,2023nccmp,Week 5,5518,5607,8738,9150,5190,7763,117,73
2023,2023nccmp,Week 5,2642,900,7890,4829,3196,3229,163,71
2023,2023nccmp,Week 5,5160,9198,9008,6004,587,4795,64,164
2023,2023nccmp,Week 5,435,7671,9000,9259,4935,4828,84,93
2023,2023nccmp,Week 5,8738,9005,1533,9150,4561,7443,104,109
2023,2023nccmp,Week 5,4534,2642,5190,4290,5511,6894,141,87
2023,2023nccmp,Week 5,9008,5607,900,5518,4829,8757,127,100
2023,2023nccmp,Week 5,7890,7763,2059,435,9259,9198,108,66
2023,2023nccmp,Week 5,5727,3229,6004,3506,2640,5160,135,149
2023,2023nccmp,Week 5,6502,587,3196,4795,8429,8727,132,125
2023,2023njski,Week 5,6016,1257,8513,6860,6897,293,75,116
2023,2023njski,Week 5,1626,5992,8706,4750,8075,1923,46,99
2023,2023njski,Week 5,5438,4361,3637,25,2495,1672,126,105
2023,2023njski,Week 5,752,204,8588,3340,2070,8714,26,59
2023,2023njski,Week 5,1279,2600,75,1403,1089,7587,88,106
2023,2023njski,Week 5,3515,2577,41,1257,2554,1989,60,45
2023,2023njski,Week 5,1672,5438,8714,6016,8075,204,66,40
2023,2023njski,Week 5,25,8706,8588,75,5992,6860,90,96
2023,2023njski,Week 5,3637,293,1403,1279,4361,41,102,81
2023,2023njski,Week 5,2554,6897,2600,1626,1923,3340,46,94
2023,2023njski,Week 5,7587,2577,2495,2070,3515,4750,95,47
2023,2023njski,Week 5,1089,752,3637,1989,8513,41,63,63
2023,2023njski,Week 5,1672,5992,6897,5438,3340,8588,92,61
2023,2023njski,Week 5,2577,4361,6860,2600,1257,1923,84,127
2023,2023njski,Week 5,2554,8513,293,1089,25,6016,86,101
2023,2023njski,Week 5,204,1403,4750,2495,8075,752,101,78
2023,2023njski,Week 5,8714,3515,75,8706,1279,2070,82,86
2023,2023njski,Week 5,1989,7587,6016,1626,1257,1672,67,67
2023,2023njski,Week 5,8588,6860,2554,5992,293,8075,61,146
2023,2023njski,Week 5,3637,41,4750,204,5438,1279,66,76
2023,2023njski,Week 5,25,4361,1923,3515,3340,2495,152,87
2023,2023njski,Week 5,7587,752,75,6897,1626,1089,105,77
2023,2023njski,Week 5,8706,8714,1989,1403,8513,2600,40,118
2023,2023njski,Week 5,2070,293,2495,2577,3637,5992,130,87
2023,2023njski,Week 5,1279,2554,1672,6860,25,752,85,101
2023,2023njski,Week 5,8513,4750,4361,75,1626,1989,75,58
2023,2023njski,Week 5,204,1923,3515,1089,8588,1257,87,51
2023,2023njski,Week 5,8075,5438,2070,41,2600,8706,74,69
2023,2023njski,Week 5,6016,1403,3340,2577,6897,8714,106,85
2023,2023njski,Week 5,293,1279,1626,7587,204,2554,110,81
2023,2023njski,Week 5,752,1257,4750,5438,2600,5992,60,65
2023,2023njski,Week 5,8075,25,2577,2070,6016,6897,101,75
2023,2023njski,Week 5,2495,1923,3637,8714,7587,8513,159,83
2023,2023njski,Week 5,75,1089,8706,8588,1989,4361,92,64
2023,2023njski,Week 5,6860,41,3340,1403,1672,3515,67,91
2023,2023njski,Week 5,8714,4750,2600,3637,1626,25,65,136
2023,2023njski,Week 5,2577,6016,752,4361,75,204,50,114
2023,2023njski,Week 5,1257,5438,3515,8513,1279,5992,61,111
2023,2023njski,Week 5,1403,41,6897,7587,6860,1923,128,111
2023,2023njski,Week 5,2495,8706,2554,1672,8588,293,80,70
2023,2023njski,Week 5,1089,2070,1989,3340,8075,1279,86,86
2023,2023njski,Week 5,6897,7587,4361,5992,8714,41,115,50
2023,2023njski,Week 5,3515,2554,6016,204,3637,8706,30,80
2023,2023njski,Week 5,8075,2600,1626,8588,8513,2070,53,78
2023,2023njski,Week 5,752,1672,3340,293,75,5438,67,92
2023,2023njski,Week 5,1257,1403,6860,4750,1089,2495,101,107
2023,2023njski,Week 5,1989,1279,25,1923,2577,8588,114,73
2023,2023njski,Week 5,752,41,5438,4361,3515,8075,86,80
2023,2023njski,Week 5,1672,6860,3637,2070,1403,1626,67,90
2023,2023njski,Week 5,5992,7587,1257,25,8714,204,102,110
2023,2023njski,Week 5,293,1989,2600,6897,2495,75,56,129
2023,2023njski,Week 5,8513,3340,1089,4750,2554,2577,81,67
2023,2023njski,Week 5,1923,6016,5992,8706,752,1403,116,42
2023,2023njski,Week 5,6897,1989,8075,1279,3637,3515,62,94
2023,2023njski,Week 5,3340,75,2554,41,2495,1257,83,83
2023,2023njski,Week 5,6860,1626,8714,5438,1089,2577,73,77
2023,2023njski,Week 5,2600,25,2070,1923,8706,293,120,119
2023,2023njski,Week 5,8588,4750,7587,4361,6016,1672,90,91
2023,2023njski,Week 5,1989,5992,204,8513,6860,5438,68,63
2023,2023njski,Week 5,3340,293,25,3515,752,1626,114,89
2023,2023njski,Week 5,2495,8588,1279,2600,3637,6016,103,68
2023,2023njski,Week 5,4361,2070,1257,2554,1923,1403,118,150
2023,2023njski,Week 5,41,204,1089,8706,4750,6897,90,76
2023,2023njski,Week 5,75,2577,8513,8075,1672,7587,74,86
2023,2023njski,Week 5,8714,8588,1403,2554,2070,752,97,33
2023,2023njski,Week 5,1923,6897,1279,6016,2495,5438,153,110
2023,2023njski,Week 5,1626,204,8513,41,75,25,71,68
2023,2023njski,Week 5,293,8714,4361,4750,1989,6860,122,59
2023,2023njski,Week 5,5992,3515,1089,2600,1672,2577,101,83
2023,2023njski,Week 5,1257,8706,8075,3637,3340,7587,86,104
2023,2023onham,Week 5,6975,7058,9062,9262,6978,188,42,19
2023,2023onham,Week 5,2386,1310,6992,7659,1334,8764,93,60
2023,2023onham,Week 5,7520,7022,8884,2609,6865,2056,72,155
2023,2023onham,Week 5,7623,7722,1360,1374,2200,4015,67,82
2023,2023onham,Week 5,4343,7200,6378,7509,1241,4992,103,108
2023,2023onham,Week 5,6135,8765,1325,6140,6854,5406,99,107
2023,2023onham,Week 5,6978,6992,7022,7058,2386,7520,68,66
2023,2023onham,Week 5,1360,6975,4015,7659,2056,8884,41,174
2023,2023onham,Week 5,7200,1241,2609,1310,9262,2200,122,98
2023,2023onham,Week 5,6135,7623,5406,8764,1374,4343,89,96
2023,2023onham,Week 5,6865,6140,7509,1325,188,9062,88,123
2023,2023onham,Week 5,4992,6854,7722,1334,8765,6378,49,67
2023,2023onham,Week 5,2056,7058,4015,6992,2609,6975,116,79
2023,2023onham,Week 5,2386,6135,7659,7520,9262,7623,44,31
2023,2023onham,Week 5,1241,1325,2200,8884,188,7509,182,71
2023,2023onham,Week 5,7722,7022,1310,5406,9062,8765,109,112
2023,2023onham,Week 5,1360,8764,6854,1334,4992,6865,82,68
2023,2023onham,Week 5,6978,4343,6140,1374,7200,6378,103,94
2023,2023onham,Week 5,1325,7623,8884,6992,7058,7659,123,59
2023,2023onham,Week 5,2056,5406,6975,1241,1310,188,146,114
2023,2023onham,Week 5,2200,7520,1334,8765,7722,8764,107,48
2023,2023onham,Week 5,4992,1360,1374,6135,7509,9262,85,48
2023,2023onham,Week 5,6865,6378,6978,7200,7022,4015,73,53
2023,2023onham,Week 5,2386,2609,6140,9062,4343,6854,132,69
2023,2023onham,Week 5,8884,6992,1241,7722,7520,5406,112,103
2023,2023onham,Week 5,1310,8764,6135,1360,7058,8765,101,86
2023,2023onham,Week 5,188,7022,7659,7200,7623,6978,70,75
2023,2023onham,Week 5,9262,1334,1374,2609,7509,2200,47,145
2023,2023onham,Week 5,4015,6140,6378,9062,2386,2056,77,124
2023,2023onham,Week 5,6865,6854,1325,4343,6975,4992,115,86
2023,2023onham,Week 5,8765,188,7200,8764,1241,7623,69,125
2023,2023onham,Week 5,7509,6992,7722,1360,6135,7022,66,76
2023,2023onham,Week 5,9062,1334,6140,2609,5406,7058,67,129
2023,2023onham,Week 5,2386,9262,4992,8884,4015,6865,61,79
2023,2023onham,Week 5,7659,6978,6854,2056,4343,2200,73,181
2023,2023onham,Week 5,1374,6975,1310,6378,1325,7520,89,121
2023,2023onham,Week 5,1334,188,5406,6992,7200,1360,118,100
2023,2023onham,Week 5,8765,2609,8884,7623,6865,2386,97,33
2023,2023onham,Week 5,4015,9262,4343,2200,9062,7022,59,100
2023,2023onham,Week 5,7659,7520,1374,6140,4992,7058,79,94
2023,2023onham,Week 5,2056,8764,1325,6378,7722,6135,170,73
2023,2023onham,Week 5,6975,6978,1241,7509,6854,1310,117,95
2023,2023onham,Week 5,5406,6865,4343,6992,8765,9262,116,35
2023,2023onham,Week 5,7022,1334,7058,6140,1360,188,96,57
2023,2023onham,Week 5,9062,4015,7520,1325,7659,7200,46,138
2023,2023onham,Week 5,2609,4992,6135,1241,7722,2386,81,130
2023,2023onham,Week 5,6378,1310,2056,6854,2200,7623,152,80
2023,2023onham,Week 5,6978,7509,1374,6975,8884,8764,89,63
2023,2023onham,Week 5,9262,5406,1360,188,7520,6865,110,30
2023,2023onham,Week 5,7722,1325,1334,4343,7659,1241,113,90
2023,2023onham,Week 5,1310,7623,2609,4992,6378,9062,126,62
2023,2023onham,Week 5,6140,1374,7022,6854,4015,6992,84,51
2023,2023onham,Week 5,2200,8884,2386,6975,6135,7200,131,60
2023,2023onham,Week 5,7509,2056,8765,6978,8764,7058,131,84
2023,2023onham,Week 5,1241,6865,9062,4343,1360,1334,102,109
2023,2023onham,Week 5,9262,2609,7722,1325,1374,6992,88,130
2023,2023onham,Week 5,188,6378,7623,6854,6135,7520,84,63
2023,2023onham,Week 5,2200,7659,8765,1310,8884,6140,100,119
2023,2023onham,Week 5,5406,4015,8764,4992,2056,6978,78,165
2023,2023onham,Week 5,7058,7200,7509,7022,2386,6975,92,67
2023,2023onham,Week 5,188,4343,6135,6378,1360,2609,88,96
2023,2023onham,Week 5,7623,9062,6992,1374,8765,1241,80,106
2023,2023onham,Week 5,8764,6140,9262,8884,6978,7722,69,109
2023,2023onham,Week 5,7520,2056,7200,6854,6975,1334,146,60
2023,2023onham,Week 5,5406,1310,7659,4015,7509,2386,117,48
2023,2023onham,Week 5,7058,2200,6865,7022,4992,1325,109,145
2023,2023onham,Week 5,8765,8884,4343,7722,1374,188,78,56
2023,2023onham,Week 5,7520,1241,1360,7623,6140,6975,119,79
2023,2023onham,Week 5,6135,6992,2056,7200,9062,1310,128,101
2023,2023onham,Week 5,8764,2200,4992,7022,5406,7509,87,113
2023,2023onham,Week 5,1334,2386,6978,4015,1325,2609,94,147
2023,2023onham,Week 5,7058,6378,6854,6865,7659,9262,78,68
2023,2023paben,Week 5,8721,3314,8630,5310,5624,4575,81,68
2023,2023paben,Week 5,9100,486,8771,5490,1647,272,85,93
2023,2023paben,Week 5,5457,9014,6921,9094,5666,7414,57,111
2023,2023paben,Week 5,2016,2458,4285,4373,316,484,85,138
2023,2023paben,Week 5,2607,321,5490,5401,1391,9027,104,109
2023,2023paben,Week 5,5310,8630,7414,8721,5666,5457,78,44
2023,2023paben,Week 5,1647,4285,9014,6921,486,2016,77,75
2023,2023paben,Week 5,1391,8771,272,316,4575,9100,134,116
2023,2023paben,Week 5,5401,484,3314,4373,9094,321,104,150
2023,2023paben,Week 5,5666,5624,2458,2607,9027,486,43,134
2023,2023paben,Week 5,2016,4285,8771,6921,5310,1391,70,114
2023,2023paben,Week 5,321,316,5401,5457,8630,9100,140,74
2023,2023paben,Week 5,9094,484,4575,7414,1647,3314,86,112
2023,2023paben,Week 5,2458,2607,9014,8721,272,9027,82,99
2023,2023paben,Week 5,5490,4373,5666,4285,321,5624,90,114
2023,2023paben,Week 5,5310,486,9094,1391,2016,5457,67,88
2023,2023paben,Week 5,2458,1647,8721,4575,7414,2607,64,82
2023,2023paben,Week 5,5401,272,4373,3314,5624,6921,119,112
2023,2023paben,Week 5,9027,8630,5490,9014,316,9100,61,78
2023,2023paben,Week 5,1391,484,5666,8771,2458,9094,157,45
2023,2023paben,Week 5,5457,486,4575,3314,321,272,48,144
2023,2023paben,Week 5,7414,5401,9100,8721,4285,5490,63,53
2023,2023paben,Week 5,6921,8771,2607,8630,2016,316,86,116
2023,2023paben,Week 5,1647,5310,484,9014,9027,5624,69,55
2023,2023paben,Week 5,4373,5457,5401,5490,1391,2458,101,85
2023,2023paben,Week 5,4575,6921,321,9094,316,2607,100,122
2023,2023paben,Week 5,5666,9100,4285,272,484,5310,81,106
2023,2023paben,Week 5,2016,9014,8721,5624,7414,8771,59,107
2023,2023paben,Week 5,3314,4373,9027,8630,1647,486,143,48
2023,2023paben,Week 5,4575,5490,5310,484,2458,6921,58,100
2023,2023paben,Week 5,9100,8721,5624,9014,5666,5401,46,82
2023,2023paben,Week 5,272,9094,8630,2016,2607,4373,115,135
2023,2023paben,Week 5,316,5457,8771,4285,3314,486,68,138
2023,2023paben,Week 5,1391,7414,321,9027,9100,1647,132,65
2023,2023paben,Week 5,484,8721,2607,6921,5401,4373,110,106
2023,2023paben,Week 5,9014,9094,5490,2458,4575,3314,71,96
2023,2023paben,Week 5,5624,1391,316,1647,2016,7414,137,69
2023,2023paben,Week 5,4285,5457,5310,321,5666,9027,72,114
2023,2023paben,Week 5,486,272,2458,8771,8630,5401,120,46
2023,2023paben,Week 5,5490,9100,2016,4575,4373,1647,65,108
2023,2023paben,Week 5,3314,5310,316,484,5457,7414,133,75
2023,2023paben,Week 5,9094,9027,4285,486,8721,1391,84,90
2023,2023paben,Week 5,8630,6921,5666,8771,321,9014,83,59
2023,2023paben,Week 5,272,2607,5457,5624,5490,484,107,90
2023,2023paben,Week 5,9027,2016,4575,4285,5401,486,92,104
2023,2023paben,Week 5,4373,2458,8630,7414,6921,9094,88,111
2023,2023paben,Week 5,321,5310,8721,316,9014,272,74,128
2023,2023paben,Week 5,9100,8771,1391,2607,3314,5666,92,119
2023,2023paben,Week 5,1647,9027,6921,5624,9094,2016,85,86
2023,2023paben,Week 5,484,4575,9014,5457,8721,4373,107,69
2023,2023paben,Week 5,5666,8771,3314,2458,5401,5310,83,83
2023,2023paben,Week 5,321,5624,1647,486,5490,316,106,105
2023,2023paben,Week 5,7414,272,4285,2607,1391,8630,136,127
2023,2023paben,Week 5,9100,3314,9094,5310,9014,2016,124,81
2023,2023paben,Week 5,316,6921,8721,8771,5490,5457,106,32
2023,2023paben,Week 5,486,4373,5624,5666,4575,1391,128,107
2023,2023paben,Week 5,9027,7414,2458,272,9100,321,86,129
2023,2023paben,Week 5,5401,2607,1647,8630,4285,484,84,99
2023,2023txcle,Week 5,6357,2882,9081,8598,7691,7312,58,44
2023,2023txcle,Week 5,2969,3735,8144,9137,9181,5923,19,79
2023,2023txcle,Week 5,5908,4587,5261,324,5682,4219,28,116
2023,2023txcle,Week 5,3834,7091,418,4639,9051,7115,60,48
2023,2023txcle,Week 5,9307,5427,8392,118,8879,231,34,143
2023,2023txcle,Week 5,2882,8625,7616,5070,2966,8598,62,55
2023,2023txcle,Week 5,5682,7091,7312,2969,5923,9081,66,36
2023,2023txcle,Week 5,3834,9307,8879,4587,418,118,76,107
2023,2023txcle,Week 5,324,9181,5427,9051,4219,8392,111,51
2023,2023txcle,Week 5,7115,5070,7616,3735,5261,7691,58,67
2023,2023txcle,Week 5,231,8144,5908,4639,9137,2966,64,65
2023,2023txcle,Week 5,5427,8625,5682,324,2969,6357,42,118
2023,2023txcle,Week 5,7091,8392,5261,8598,2882,9307,49,44
2023,2023txcle,Week 5,9137,118,7115,4219,8144,5923,108,110
2023,2023txcle,Week 5,3735,2966,9181,6357,7691,4639,59,84
2023,2023txcle,Week 5,5070,5908,9081,8625,3834,4587,19,56
2023,2023txcle,Week 5,8879,418,9051,231,7312,7616,95,46
2023,2023txcle,Week 5,118,2882,2969,8392,2966,8144,93,50
2023,2023txcle,Week 5,9181,4219,9307,5923,5682,3834,78,78
2023,2023txcle,Week 5,5908,324,4639,5261,7312,8625,70,54
2023,2023txcle,Week 5,6357,231,4587,7616,7091,3735,96,73
2023,2023txcle,Week 5,7691,9081,418,9137,9051,5427,82,50
2023,2023txcle,Week 5,5923,8598,7115,8879,5070,4639,69,92
2023,2023txcle,Week 5,7312,118,6357,3834,9181,8392,97,59
2023,2023txcle,Week 5,4587,324,2882,231,5427,418,118,70
2023,2023txcle,Week 5,5682,5908,2966,8879,3735,8598,45,84
2023,2023txcle,Week 5,8625,9051,2969,7115,5261,8144,43,128
2023,2023txcle,Week 5,9137,4219,7691,7091,9307,5070,83,42
2023,2023txcle,Week 5,2966,7616,5923,9081,118,5427,93,135
2023,2023txcle,Week 5,418,8392,2969,5908,3735,3834,118,41
2023,2023txcle,Week 5,7115,8879,5682,7691,9051,2882,69,56
2023,2023txcle,Week 5,9181,6357,5070,9307,324,231,95,100
2023,2023txcle,Week 5,7616,5261,8598,8625,9137,7091,72,55
2023,2023txcle,Week 5,4219,9081,7312,8144,4639,4587,77,76
2023,2023txcle,Week 5,118,5923,8392,5908,6357,418,130,87
2023,2023txcle,Week 5,231,2969,7691,9051,2966,324,92,108
2023,2023txcle,Week 5,9307,4587,7115,5427,7312,8144,50,42
2023,2023txcle,Week 5,3834,7616,9137,9181,5682,2882,77,36
2023,2023txcle,Week 5,3735,4639,4219,9081,8598,8625,99,46
2023,2023txcle,Week 5,5070,5261,9051,5923,8879,7091,59,87
2023,2023txcle,Week 5,8392,9137,6357,4587,7115,2966,79,72
2023,2023txcle,Week 5,7312,418,324,7616,4219,118,108,99
2023,2023txcle,Week 5,2882,231,5070,5682,3735,9081,65,41
2023,2023txcle,Week 5,5427,3834,4639,5261,2969,8879,80,90
2023,2023txcle,Week 5,8144,7691,9181,8598,7091,5908,65,39
2023,2023txcle,Week 5,9307,5923,9051,8625,8392,5070,65,46
2023,2023txcle,Week 5,5427,7115,3735,9081,324,7616,53,57
2023,2023txcle,Week 5,7691,3834,118,8598,4587,9137,97,66
2023,2023txcle,Week 5,418,8144,9307,6357,5682,5261,80,95
2023,2023txcle,Week 5,2966,2882,7312,7091,2969,4219,54,74
2023,2023txcle,Week 5,8879,8625,5908,9181,4639,231,68,109
2023,2023txcle,Week 5,5682,8392,8598,5261,9081,9307,35,42
2023,2023txcle,Week 5,324,7691,5923,2882,8144,3834,102,56
2023,2023txcle,Week 5,4587,7616,9181,2969,7115,5908,84,12
2023,2023txcle,Week 5,5070,7312,9137,4219,6357,8879,32,87
2023,2023txcle,Week 5,9051,231,7091,118,8625,3735,56,114
2023,2023txcle,Week 5,418,4639,5682,2966,5427,7691,69,105
2023,2023txcle,Week 5,8144,9137,324,8392,7616,8879,72,74
2023,2023txcle,Week 5,3735,9307,6357,9051,5908,118,78,85
2023,2023txcle,Week 5,2966,231,8625,7312,7115,3834,100,68
2023,2023txcle,Week 5,7091,5427,4587,4639,5923,2882,68,95
2023,2023txcle,Week 5,2969,8598,9181,418,5070,4219,81,62
2023,2023txcle,Week 5,9081,8879,2966,5261,3834,324,86,115
2023,2023txcle,Week 5,5923,6357,5427,2882,5908,9137,117,39
2023,2023txcle,Week 5,4219,8598,231,7616,9307,2969,101,68
2023,2023txcle,Week 5,8392,4587,3735,7312,9181,9051,46,72
2023,2023txcle,Week 5,8144,9081,7091,7115,418,8625,51,52
2023,2023txcle,Week 5,4639,118,5261,7691,5070,5682,118,53
2023,2023waahs,Week 5,5295,3070,4180,8303,5683,4469,51,70
2023,2023waahs,Week 5,8302,8896,6076,2907,3663,2929,49,92
2023,2023waahs,Week 5,4579,2046,1318,8032,2980,7627,123,93
2023,2023waahs,Week 5,4915,4131,4918,3588,8386,3786,79,51
2023,2023waahs,Week 5,5827,3219,2557,8051,3393,2906,51,19
2023,2023waahs,Week 5,2046,3268,8896,3663,1318,3070,82,173
2023,2023waahs,Week 5,3786,4469,5295,4915,8303,4579,92,68
2023,2023waahs,Week 5,7627,8051,8302,3219,5683,8386,87,41
2023,2023waahs,Week 5,4180,8032,6076,2929,2907,2557,39,55
2023,2023waahs,Week 5,4918,2906,2980,3393,3268,3588,57,48
2023,2023waahs,Week 5,4131,5683,4469,5827,4579,8051,65,53
2023,2023waahs,Week 5,3219,5295,2907,6076,1318,4915,84,105
2023,2023waahs,Week 5,3786,8896,3663,4918,8032,2557,75,56
2023,2023waahs,Week 5,3588,2046,4131,7627,3393,3268,147,90
2023,2023waahs,Week 5,8386,8302,4180,2980,8303,5827,49,71
2023,2023waahs,Week 5,2906,6076,4579,3070,2929,5683,38,84
2023,2023waahs,Week 5,3219,4469,2046,8896,3588,5295,148,19
2023,2023waahs,Week 5,3393,2557,8303,8302,3268,8032,40,42
2023,2023waahs,Week 5,1318,3786,4918,2929,4180,8051,93,60
2023,2023waahs,Week 5,7627,3663,4915,3070,5827,2906,158,58
2023,2023waahs,Week 5,8386,2980,4469,4131,2907,8896,113,77
2023,2023waahs,Week 5,8051,8303,1318,5683,4918,6076,93,54
2023,2023waahs,Week 5,3393,4180,3219,3663,2906,2046,46,166
2023,2023waahs,Week 5,2929,5295,5827,4579,7627,8386,46,81
2023,2023waahs,Week 5,2980,2907,8032,4131,3070,3268,60,101
2023,2023waahs,Week 5,4915,3588,8302,1318,3786,2557,92,88
2023,2023waahs,Week 5,2929,4579,3393,8303,8386,2046,49,117
2023,2023waahs,Week 5,8896,4469,5827,6076,3219,4131,92,122
2023,2023waahs,Week 5,3070,2557,3588,2906,7627,8302,77,82
2023,2023waahs,Week 5,8032,8051,2907,5295,4918,4180,64,82
2023,2023waahs,Week 5,5683,3786,4915,2980,3268,3663,111,111
2023,2023waahs,Week 5,2906,2929,4131,3393,5827,1318,80,109
2023,2023waahs,Week 5,4918,8896,8386,2557,6076,7627,52,88
2023,2023waahs,Week 5,2046,8051,3070,4915,5295,8032,135,93
2023,2023waahs,Week 5,3588,5683,2980,8303,3663,4180,60,101
2023,2023waahs,Week 5,3268,2907,3786,8302,4579,3219,60,55
2023,2023waahs,Week 5,8386,4915,2906,2557,7627,4469,60,100
2023,2023waahs,Week 5,3663,6076,3393,5295,8051,5683,120,74
2023,2023waahs,Week 5,3786,3070,4579,4131,4180,8302,74,72
2023,2023waahs,Week 5,8032,8303,3588,8896,2980,3219,70,60
2023,2023waahs,Week 5,2046,4918,2929,4469,1318,2907,123,142
2023,2023waahs,Week 5,3268,6076,7627,5827,4180,3786,119,55
2023,2023waahs,Week 5,2557,4915,8051,4579,2980,3070,100,73
2023,2023waahs,Week 5,3663,8302,2929,4469,4918,3393,91,95
2023,2023waahs,Week 5,5827,4131,8386,8896,1318,5295,56,122
2023,2023waahs,Week 5,8303,2906,3268,5683,2046,8032,42,157
2023,2023waahs,Week 5,3219,3588,3663,2907,4579,4918,120,84
2023,2023waahs,Week 5,1318,8302,2980,6076,3393,3786,109,73
2023,2023waahs,Week 5,3268,2557,5683,2046,4915,8896,70,143
2023,2023waahs,Week 5,3070,8032,3219,5295,8386,2929,115,59
2023,2023waahs,Week 5,2907,5827,8303,4469,3588,2906,56,92
2023,2023waahs,Week 5,4180,7627,8896,8051,4131,2980,98,82
2023,2023waahs,Week 5,3268,4915,4918,8302,3393,3070,97,89
2023,2023waahs,Week 5,4579,2557,5295,6076,2929,3588,103,66
2023,2023waahs,Week 5,2906,8032,1318,3786,4131,8303,119,48
2023,2023waahs,Week 5,5683,5827,7627,4180,2046,2907,102,119
2023,2023waahs,Week 5,8051,4469,3663,8386,3219,3268,132,64
2023,2023waahs,Week 5,1318,3070,6076,8032,8896,4579,122,68
2023,2023waahs,Week 5,2980,5295,2046,4918,8302,5827,134,83
2023,2023waahs,Week 5,2907,8386,3393,3588,3786,8051,51,55
2023,2023waahs,Week 5,4180,2906,5683,4469,2929,4915,64,124
2023,2023waahs,Week 5,7627,3219,8303,2557,3663,4131,125,143
2023,2023chcmp,Week 6,346,1262,4456,122,888,8230,102,97
2023,2023chcmp,Week 6,1610,620,686,1111,1123,2377,82,129
2023,2023chcmp,Week 6,6326,6863,116,1389,9033,8622,100,57
2023,2023chcmp,Week 6,2106,5115,5587,836,4472,2537,53,147
2023,2023chcmp,Week 6,7770,2363,1599,2421,3136,611,139,82
2023,2023chcmp,Week 6,5338,2199,2028,5549,401,5804,112,178
2023,2023chcmp,Week 6,384,614,1731,1086,4541,1908,140,114
2023,2023chcmp,Week 6,9072,2068,8592,3373,449,1629,137,144
2023,2023chcmp,Week 6,1895,612,8726,6802,3939,422,87,133
2023,2023chcmp,Week 6,5724,1418,1727,977,4099,623,134,133
2023,2023chcmp,Week 6,122,4456,9033,8622,5587,1610,116,77
2023,2023chcmp,Week 6,6326,686,7770,5115,1599,888,95,115
2023,2023chcmp,Week 6,620,8230,6863,116,2106,1111,107,129
2023,2023chcmp,Week 6,1123,384,401,611,5804,1262,137,108
2023,2023chcmp,Week 6,2199,2537,4541,9072,2363,449,125,123
2023,2023chcmp,Week 6,3136,5338,1389,612,6802,614,119,123
2023,2023chcmp,Week 6,1731,5549,1727,422,623,5724,145,114
2023,2023chcmp,Week 6,836,346,1086,3939,2377,1418,100,133
2023,2023chcmp,Week 6,2421,4099,2068,1908,8726,8592,79,131
2023,2023chcmp,Week 6,977,3373,4472,1895,2028,1629,97,122
2023,2023chcmp,Week 6,686,116,8622,1262,5587,384,120,67
2023,2023chcmp,Week 6,4541,9072,8230,9033,6326,1610,103,112
2023,2023chcmp,Week 6,4456,888,449,612,611,1389,140,124
2023,2023chcmp,Week 6,2106,1123,5804,7770,1111,5549,137,102
2023,2023chcmp,Week 6,5724,1599,5338,5115,1086,1418,128,131
2023,2023chcmp,Week 6,2199,2421,422,122,2068,3939,105,68
2023,2023chcmp,Week 6,623,1629,346,4099,3136,836,145,129
2023,2023chcmp,Week 6,614,401,977,8726,620,4472,133,119
2023,2023chcmp,Week 6,3373,2028,2537,6863,1908,1727,112,125
2023,2023chcmp,Week 6,8592,1895,2363,6802,1731,2377,174,121
2023,2023chcmp,Week 6,116,5549,9072,4456,7770,612,75,123
2023,2023chcmp,Week 6,2106,611,888,9033,5338,5115,106,120
2023,2023chcmp,Week 6,449,1418,2421,422,5587,1123,145,123
2023,2023chcmp,Week 6,5804,4099,1629,2068,6326,1086,137,102
2023,2023chcmp,Week 6,5724,8230,3136,2199,3939,620,141,119
2023,2023chcmp,Week 6,346,977,8622,614,2537,686,60,136
2023,2023chcmp,Week 6,6802,1389,401,1731,1895,3373,148,133
2023,2023chcmp,Week 6,1727,1610,1111,2363,1262,1908,124,112
2023,2023chcmp,Week 6,6863,8726,623,1599,384,122,114,156
2023,2023chcmp,Week 6,2377,836,4541,2028,8592,4472,138,153
2023,2023chcmp,Week 6,888,9072,6326,5549,1086,2421,100,92
2023,2023chcmp,Week 6,620,5804,3136,449,422,9033,130,121
2023,2023chcmp,Week 6,611,614,116,2537,5724,2068,89,128
2023,2023chcmp,Week 6,1418,2106,2199,1895,686,1389,134,123
2023,2023chcmp,Week 6,3939,5115,1123,1731,1908,4456,133,129
2023,2023chcmp,Week 6,401,122,6863,8230,1727,4099,112,112
2023,2023chcmp,Week 6,1599,8592,8622,977,4541,2363,113,115
2023,2023chcmp,Week 6,1610,7770,2028,8726,1629,6802,94,133
2023,2023chcmp,Week 6,2377,612,4472,623,1262,3373,117,96
2023,2023chcmp,Week 6,5587,836,5338,1111,346,384,121,144
2023,2023chcmp,Week 6,3136,2537,116,888,2421,5804,109,131
2023,2023chcmp,Week 6,6326,1731,620,4456,1418,9072,115,109
2023,2023chcmp,Week 6,611,686,1086,8230,422,1895,92,135
2023,2023chcmp,Week 6,1908,977,9033,8592,5549,4541,98,129
2023,2023chcmp,Week 6,1629,122,5724,2363,6863,6802,122,146
2023,2023chcmp,Week 6,623,3939,1599,8622,3373,2106,165,97
2023,2023chcmp,Week 6,836,1727,1262,8726,5338,614,144,124
2023,2023chcmp,Week 6,4099,1111,2028,449,612,5115,145,116
2023,2023chcmp,Week 6,384,7770,2377,2068,401,5587,132,86
2023,2023chcmp,Week 6,1389,2199,346,4472,1123,1610,113,135
2023,2023chcmp,Week 6,1895,9072,977,5804,116,8230,84,160
2023,2023chcmp,Week 6,2537,1731,611,1629,620,8592,143,147
2023,2023chcmp,Week 6,2363,422,1086,4456,6326,2106,161,128
2023,2023chcmp,Week 6,5549,1262,5338,3136,686,6863,70,144
2023,2023chcmp,Week 6,1111,449,836,1418,122,3373,137,120
2023,2023chcmp,Week 6,614,9033,3939,401,4099,1599,113,157
2023,2023chcmp,Week 6,1389,4472,7770,1908,623,384,106,147
2023,2023chcmp,Week 6,5587,2421,2377,612,1727,2199,114,148
2023,2023chcmp,Week 6,8622,5115,2068,1610,6802,346,64,132
2023,2023chcmp,Week 6,5724,1123,888,4541,2028,8726,147,141
2023,2023chcmp,Week 6,1629,422,1731,2537,5338,8230,184,137
2023,2023chcmp,Week 6,5804,4456,2363,1418,6863,836,146,124
2023,2023chcmp,Week 6,977,116,449,1086,2106,401,128,131
2023,2023chcmp,Week 6,1908,9072,3136,686,623,122,123,162
2023,2023chcmp,Week 6,384,3939,612,1727,8592,6326,120,173
2023,2023chcmp,Week 6,4472,5549,346,1599,611,6802,110,128
2023,2023chcmp,Week 6,3373,2421,614,5115,2199,1610,111,119
2023,2023chcmp,Week 6,888,8622,7770,1123,1895,4099,106,159
2023,2023chcmp,Week 6,1111,9033,8726,2028,2377,5724,83,139
2023,2023chcmp,Week 6,2068,4541,1262,620,1389,5587,103,124
2023,2023chcmp,Week 6,122,3136,1731,686,2106,977,136,112
2023,2023chcmp,Week 6,3939,8230,4456,384,2537,449,104,163
2023,2023chcmp,Week 6,6863,8592,612,346,1418,611,65,142
2023,2023chcmp,Week 6,1610,1908,401,422,836,1599,125,122
2023,2023chcmp,Week 6,6802,5804,9072,1727,614,1123,111,172
2023,2023chcmp,Week 6,116,2363,2199,2028,888,623,156,129
2023,2023chcmp,Week 6,9033,5724,1262,7770,1629,2421,123,119
2023,2023chcmp,Week 6,5338,8622,6326,4472,2068,1111,111,131
2023,2023chcmp,Week 6,1086,5587,8726,1389,3373,5549,102,137
2023,2023chcmp,Week 6,4099,4541,5115,2377,1895,620,150,77
2023,2023chcmp,Week 6,611,1610,6863,3939,977,3136,124,121
2023,2023chcmp,Week 6,8230,836,612,1123,1599,1731,136,146
2023,2023chcmp,Week 6,1418,6802,384,2199,888,614,152,140
2023,2023chcmp,Week 6,2106,2028,1908,2421,346,9072,138,86
2023,2023chcmp,Week 6,8622,4472,422,449,5724,7770,137,127
2023,2023chcmp,Week 6,8592,122,5587,6326,1389,5804,142,146
2023,2023chcmp,Week 6,3373,8726,4099,5338,4456,116,114,94
2023,2023chcmp,Week 6,5115,1629,686,4541,401,1727,134,163
2023,2023chcmp,Week 6,2537,1111,1895,9033,2377,5549,82,101
2023,2023chcmp,Week 6,2363,623,2068,1262,1086,620,151,76
2023,2023chcmp,Week 6,836,6802,977,9072,2199,611,144,119
2023,2023chcmp,Week 6,1731,8230,1418,2028,8622,2421,138,129
2023,2023chcmp,Week 6,5587,612,1908,6863,5804,5724,86,131
2023,2023chcmp,Week 6,614,6326,122,5338,7770,1123,140,115
2023,2023chcmp,Week 6,422,1610,2106,4099,384,888,170,161
2023,2023chcmp,Week 6,1599,2377,1629,116,5115,1389,134,84
2023,2023chcmp,Week 6,1086,449,1895,1262,8726,2537,116,88
2023,2023chcmp,Week 6,620,9033,4541,1727,346,3373,107,145
2023,2023chcmp,Week 6,401,4456,8592,623,3136,1111,166,125
2023,2023chcmp,Week 6,5549,2068,686,4472,2363,3939,86,136
2023,2023chcmp,Week 6,7770,1908,6802,8230,977,2199,140,124
2023,2023chcmp,Week 6,5587,611,4099,5804,1731,2028,118,178
2023,2023chcmp,Week 6,2377,614,5115,9072,6863,422,92,131
2023,2023chcmp,Week 6,1629,1086,2537,612,1610,122,113,120
2023,2023chcmp,Week 6,346,449,2106,8726,5724,6326,166,125
2023,2023chcmp,Week 6,4541,1389,623,2421,1111,5338,148,131
2023,2023chcmp,Week 6,1123,3373,9033,686,384,2363,136,162
2023,2023chcmp,Week 6,1262,4472,1418,8592,116,3939,128,155
2023,2023chcmp,Week 6,2068,1727,1895,3136,1599,4456,137,115
2023,2023chcmp,Week 6,888,620,5549,401,8622,836,91,154
2023,2023gacmp,Week 6,281,2815,4112,4188,6023,4516,100,85
2023,2023gacmp,Week 6,342,4533,6341,8080,343,6340,128,141
2023,2023gacmp,Week 6,2415,1771,1683,7538,1414,832,127,98
2023,2023gacmp,Week 6,8575,1102,6829,1758,3489,5900,146,80
2023,2023gacmp,Week 6,1287,1746,7451,1648,4701,6366,131,56
2023,2023gacmp,Week 6,5109,3815,6712,4189,8137,2974,108,140
2023,2023gacmp,Week 6,1311,3490,3344,9293,4451,5293,95,119
2023,2023gacmp,Week 6,8736,1261,8865,6919,9260,8866,74,133
2023,2023gacmp,Week 6,4516,7538,3635,4509,281,2415,92,100
2023,2023gacmp,Week 6,7451,6340,1683,8080,4188,6829,117,121
2023,2023gacmp,Week 6,6023,2974,342,5109,6366,6341,118,87
2023,2023gacmp,Week 6,1102,1414,1758,3344,1746,1771,143,145
2023,2023gacmp,Week 6,5293,1287,8137,4112,8736,3489,44,86
2023,2023gacmp,Week 6,6919,3490,1261,343,3635,9260,141,107
2023,2023gacmp,Week 6,4533,2815,832,8865,1311,4701,89,64
2023,2023gacmp,Week 6,1648,8866,9293,4451,4189,4509,60,151
2023,2023gacmp,Week 6,6712,5900,7538,3815,8575,6341,87,102
2023,2023gacmp,Week 6,2415,4516,1102,8736,7451,2974,96,145
2023,2023gacmp,Week 6,6829,6366,343,3344,5109,8137,115,95
2023,2023gacmp,Week 6,342,1683,1414,3490,6340,4533,156,116
2023,2023gacmp,Week 6,5293,6023,1771,9260,4189,4701,94,102
2023,2023gacmp,Week 6,1648,1746,4188,8080,8575,6919,80,91
2023,2023gacmp,Week 6,5900,281,1287,8865,6712,4451,119,102
2023,2023gacmp,Week 6,3489,2815,1261,832,4509,9293,73,137
2023,2023gacmp,Week 6,3815,4112,1758,1311,3635,8866,80,76
2023,2023gacmp,Week 6,1771,4701,6340,3490,6341,4516,125,88
2023,2023gacmp,Week 6,2415,5293,6366,1683,1648,8575,91,106
2023,2023gacmp,Week 6,3344,9260,1414,281,2974,6712,130,154
2023,2023gacmp,Week 6,8080,8736,4189,6829,4509,1746,122,147
2023,2023gacmp,Week 6,1758,342,832,2815,9293,3815,85,93
2023,2023gacmp,Week 6,8137,5900,4112,4533,1261,5109,76,92
2023,2023gacmp,Week 6,8865,3489,343,7538,4188,4451,97,101
2023,2023gacmp,Week 6,6919,3635,1102,8866,1287,6023,101,106
2023,2023gacmp,Week 6,1311,5293,8080,281,4516,7451,80,103
2023,2023gacmp,Week 6,8736,6366,3815,1758,3490,4701,119,107
2023,2023gacmp,Week 6,9293,1414,5109,4533,1648,4509,150,101
2023,2023gacmp,Week 6,4451,6341,2415,1746,6712,9260,149,119
2023,2023gacmp,Week 6,3344,6023,1683,1287,1261,7538,82,111
2023,2023gacmp,Week 6,5900,8866,4189,342,343,2815,115,112
2023,2023gacmp,Week 6,3489,1311,6829,4112,2974,8865,84,87
2023,2023gacmp,Week 6,1771,8575,832,4188,8137,3635,108,79
2023,2023gacmp,Week 6,6340,1102,9293,6919,7451,3815,148,142
2023,2023gacmp,Week 6,6023,1758,5109,6712,8080,1287,112,96
2023,2023gacmp,Week 6,4451,281,4533,4189,6366,1261,107,132
2023,2023gacmp,Week 6,7538,6829,1648,4516,9260,342,101,100
2023,2023gacmp,Week 6,5293,3344,3489,8866,832,6341,50,121
2023,2023gacmp,Week 6,3635,4509,3490,5900,1102,4188,119,89
2023,2023gacmp,Week 6,6340,4112,2415,2815,8865,6919,105,108
2023,2023gacmp,Week 6,2974,343,1311,1683,4701,1746,152,122
2023,2023gacmp,Week 6,7451,1414,1771,8736,8137,8575,129,88
2023,2023gacmp,Week 6,6829,4451,3344,3489,3815,6023,122,94
2023,2023gacmp,Week 6,6341,1261,281,832,1102,1648,134,88
2023,2023gacmp,Week 6,5293,4189,4533,2415,4188,1758,125,68
2023,2023gacmp,Week 6,4516,5109,1746,1683,8865,3490,132,88
2023,2023gacmp,Week 6,8575,4509,1414,1311,342,1287,154,75
2023,2023gacmp,Week 6,343,6712,8866,9293,1771,8736,127,129
2023,2023gacmp,Week 6,7538,4701,2974,3635,2815,8080,122,96
2023,2023gacmp,Week 6,8137,6919,6366,9260,6340,5900,117,112
2023,2023gacmp,Week 6,4112,1683,4189,7451,3344,1102,125,104
2023,2023gacmp,Week 6,8865,4533,4516,8575,3490,6023,96,106
2023,2023gacmp,Week 6,6712,3489,4188,1261,1311,1648,125,108
2023,2023gacmp,Week 6,1746,7538,2815,5109,6829,5293,130,104
2023,2023gacmp,Week 6,4701,2415,8080,9293,8137,281,66,107
2023,2023gacmp,Week 6,4509,1758,9260,7451,6341,343,132,132
2023,2023gacmp,Week 6,6366,3635,5900,1414,8866,8736,99,131
2023,2023gacmp,Week 6,832,3815,4451,1771,6919,4112,98,141
2023,2023gacmp,Week 6,1287,2974,1102,6340,342,5293,134,112
2023,2023gacmp,Week 6,2815,5109,3490,281,8575,3344,123,117
2023,2023gacmp,Week 6,8137,9260,6023,1746,1758,1311,52,73
2023,2023gacmp,Week 6,6341,7538,8865,1261,9293,7451,103,114
2023,2023gacmp,Week 6,3815,1648,8080,343,4112,1414,49,136
2023,2023gacmp,Week 6,342,8736,3635,4451,1683,3489,126,148
2023,2023gacmp,Week 6,4509,1287,6919,2974,4533,1771,157,126
2023,2023gacmp,Week 6,4189,832,6712,6366,4516,6340,121,89
2023,2023gacmp,Week 6,4701,8866,4188,6829,2415,5900,118,113
2023,2023gacmp,Week 6,1414,8080,8137,1102,6341,2815,111,135
2023,2023gacmp,Week 6,3635,8865,7451,1648,3344,342,101,77
2023,2023gacmp,Week 6,3489,4533,1746,1771,3815,281,111,136
2023,2023gacmp,Week 6,6366,6712,1683,4112,5293,4509,148,115
2023,2023gacmp,Week 6,4701,6919,4451,1758,7538,4189,136,115
2023,2023gacmp,Week 6,4188,9293,9260,4516,1287,8736,146,140
2023,2023gacmp,Week 6,2974,6829,3490,343,832,1261,132,146
2023,2023gacmp,Week 6,8866,2415,8575,5109,6340,1311,121,80
2023,2023gacmp,Week 6,6023,1746,281,5900,7451,4509,122,115
2023,2023gacmp,Week 6,4189,1771,3489,6366,8080,8865,130,64
2023,2023gacmp,Week 6,4188,6919,342,6712,3344,4701,131,102
2023,2023gacmp,Week 6,1261,4451,1758,1414,4516,5293,149,126
2023,2023gacmp,Week 6,3490,343,3815,1287,2415,2815,139,61
2023,2023gacmp,Week 6,9260,5109,7538,1102,4112,4533,113,138
2023,2023gacmp,Week 6,6340,1648,8736,6023,832,1311,122,75
2023,2023gacmp,Week 6,6341,5900,9293,3635,1683,6829,105,156
2023,2023gacmp,Week 6,2974,4188,8575,8137,4451,8866,120,104
2023,2023gacmp,Week 6,4509,8080,4516,3815,8865,3344,116,92
2023,2023gacmp,Week 6,4701,7451,5109,1414,3489,6919,102,157
2023,2023gacmp,Week 6,1261,342,4112,1746,8736,2415,132,126
2023,2023gacmp,Week 6,832,5293,3635,4533,6829,6712,73,131
2023,2023gacmp,Week 6,8866,1758,6340,1683,281,7538,78,151
2023,2023gacmp,Week 6,8575,9293,343,1102,6023,6366,129,102
2023,2023gacmp,Week 6,6341,1311,8137,3490,4189,1287,81,124
2023,2023gacmp,Week 6,9260,1771,1648,2815,5900,2974,127,124
2023,2023mrcmp,Week 6,1807,293,484,223,486,9015,139,87
2023,2023mrcmp,Week 6,6897,5401,8117,1089,193,2180,90,91
2023,2023mrcmp,Week 6,102,1640,365,2539,2590,2722,108,154
2023,2023mrcmp,Week 6,2577,9094,4573,4361,6921,3142,102,99
2023,2023mrcmp,Week 6,11,4285,316,1676,1923,4342,167,135
2023,2023mrcmp,Week 6,3314,56,203,433,1812,341,115,118
2023,2023mrcmp,Week 6,321,3637,1403,555,4373,1218,132,135
2023,2023mrcmp,Week 6,7045,9027,9116,1712,25,103,74,125
2023,2023mrcmp,Week 6,2720,303,834,5666,1391,6945,125,86
2023,2023mrcmp,Week 6,708,2495,75,5895,9014,222,108,123
2023,2023mrcmp,Week 6,5401,1089,3142,223,484,2722,126,122
2023,2023mrcmp,Week 6,8117,1807,193,4361,1640,11,139,121
2023,2023mrcmp,Week 6,2180,433,365,9015,9094,316,106,134
2023,2023mrcmp,Week 6,1403,203,1923,1676,555,4573,142,123
2023,2023mrcmp,Week 6,3314,2577,4285,321,1712,9027,128,113
2023,2023mrcmp,Week 6,103,6897,4373,25,6945,303,149,94
2023,2023mrcmp,Week 6,9116,2495,3637,5895,1812,4342,99,138
2023,2023mrcmp,Week 6,5666,2720,6921,75,222,102,97,133
2023,2023mrcmp,Week 6,293,341,834,708,2539,486,149,144
2023,2023mrcmp,Week 6,56,1218,9014,1391,2590,7045,115,156
2023,2023mrcmp,Week 6,2180,1923,5401,1807,4361,365,127,138
2023,2023mrcmp,Week 6,223,203,316,9027,193,1403,99,134
2023,2023mrcmp,Week 6,4573,6945,1089,1640,3314,321,84,146
2023,2023mrcmp,Week 6,1712,2722,303,555,2495,1812,88,152
2023,2023mrcmp,Week 6,102,484,433,3637,6897,11,82,122
2023,2023mrcmp,Week 6,2539,222,341,75,9116,5666,150,95
2023,2023mrcmp,Week 6,56,2590,25,9014,708,4285,126,34
2023,2023mrcmp,Week 6,9015,3142,7045,4373,5895,6921,112,82
2023,2023mrcmp,Week 6,9094,1676,834,103,8117,1391,123,141
2023,2023mrcmp,Week 6,486,4342,293,2577,1218,2720,124,124
2023,2023mrcmp,Week 6,9027,1089,316,4573,303,1807,104,101
2023,2023mrcmp,Week 6,321,223,365,203,4361,6897,136,138
2023,2023mrcmp,Week 6,6945,1712,193,75,3637,2539,86,142
2023,2023mrcmp,Week 6,11,5666,5401,2590,708,1812,103,150
2023,2023mrcmp,Week 6,2495,4285,7045,2722,3142,433,156,99
2023,2023mrcmp,Week 6,102,834,103,484,9015,56,125,118
2023,2023mrcmp,Week 6,6921,1403,2180,3314,293,2720,114,137
2023,2023mrcmp,Week 6,9116,1218,1640,555,9014,2577,118,96
2023,2023mrcmp,Week 6,9094,222,4342,341,1676,25,139,163
2023,2023mrcmp,Week 6,486,5895,1391,8117,4373,1923,156,148
2023,2023mrcmp,Week 6,4361,316,1712,5666,2590,303,135,107
2023,2023mrcmp,Week 6,2722,3637,1807,708,6897,321,108,94
2023,2023mrcmp,Week 6,4285,75,4573,834,1812,7045,107,164
2023,2023mrcmp,Week 6,1403,103,2539,6921,2495,1089,186,84
2023,2023mrcmp,Week 6,6945,5401,555,3142,2577,56,100,112
2023,2023mrcmp,Week 6,2720,365,341,484,9014,1640,136,89
2023,2023mrcmp,Week 6,9027,486,222,4373,9094,433,115,137
2023,2023mrcmp,Week 6,4342,223,1391,2180,3314,102,147,138
2023,2023mrcmp,Week 6,9116,9015,5895,11,193,1676,123,99
2023,2023mrcmp,Week 6,8117,25,203,1218,293,1923,118,155
2023,2023mrcmp,Week 6,2495,4361,2590,834,3637,1089,134,124
2023,2023mrcmp,Week 6,2539,1812,6897,3142,316,555,156,134
2023,2023mrcmp,Week 6,7045,341,321,1807,2720,5401,150,94
2023,2023mrcmp,Week 6,222,484,103,1640,1712,4573,129,125
2023,2023mrcmp,Week 6,56,4285,4373,9094,3314,5666,82,152
2023,2023mrcmp,Week 6,6945,9027,102,708,1676,5895,90,161
2023,2023mrcmp,Week 6,25,11,1218,193,365,6921,165,108
2023,2023mrcmp,Week 6,1391,2180,2722,486,203,9116,122,121
2023,2023mrcmp,Week 6,433,223,2577,293,75,8117,72,96
2023,2023mrcmp,Week 6,4342,1403,9014,1923,303,9015,127,109
2023,2023mrcmp,Week 6,2590,341,6897,2495,4573,2720,145,109
2023,2023mrcmp,Week 6,3314,3142,1807,103,5666,3637,150,111
2023,2023mrcmp,Week 6,2539,102,4373,5401,4285,9094,167,54
2023,2023mrcmp,Week 6,1218,1676,9027,1089,484,11,138,134
2023,2023mrcmp,Week 6,25,5895,2722,56,2180,4361,136,129
2023,2023mrcmp,Week 6,193,2577,293,222,834,1391,109,158
2023,2023mrcmp,Week 6,9015,4342,6945,203,7045,1712,121,134
2023,2023mrcmp,Week 6,1812,316,75,1403,486,1640,120,126
2023,2023mrcmp,Week 6,1923,321,9014,433,6921,9116,106,81
2023,2023mrcmp,Week 6,365,303,708,223,8117,555,104,122
2023,2023mrcmp,Week 6,1807,5666,1218,2495,102,9094,126,119
2023,2023mrcmp,Week 6,2720,103,11,3637,3142,4285,150,93
2023,2023mrcmp,Week 6,4373,2722,1676,341,193,3314,136,155
2023,2023mrcmp,Week 6,2180,2539,203,2577,7045,484,128,133
2023,2023mrcmp,Week 6,834,4573,4342,5401,1640,5895,143,135
2023,2023mrcmp,Week 6,9014,9116,293,316,6945,1923,103,151
2023,2023mrcmp,Week 6,303,555,6897,2590,75,9015,86,123
2023,2023mrcmp,Week 6,1812,222,56,8117,9027,4361,104,117
2023,2023mrcmp,Week 6,6921,486,321,25,708,223,112,144
2023,2023mrcmp,Week 6,433,1391,1712,365,1089,1403,147,142
2023,2023mrcmp,Week 6,484,4373,3314,2577,2539,2495,172,147
2023,2023mrcmp,Week 6,193,4573,5895,2722,2720,9094,142,106
2023,2023mrcmp,Week 6,102,9014,1676,3142,834,2180,99,111
2023,2023mrcmp,Week 6,75,5401,303,293,11,203,67,145
2023,2023mrcmp,Week 6,3637,8117,1218,341,9015,9027,134,150
2023,2023mrcmp,Week 6,1812,1640,5666,6897,25,6921,126,126
2023,2023mrcmp,Week 6,4361,1391,708,103,4342,433,133,149
2023,2023mrcmp,Week 6,1712,1807,223,1923,56,9116,128,123
2023,2023mrcmp,Week 6,365,555,4285,7045,1089,486,120,112
2023,2023mrcmp,Week 6,316,1403,2590,222,321,6945,187,92
2023,2023mrcmp,Week 6,11,834,2539,4573,2180,4373,161,112
2023,2023mrcmp,Week 6,9015,2720,1676,2722,5401,2495,127,113
2023,2023mrcmp,Week 6,9014,6897,5666,5895,9027,293,62,146
2023,2023mrcmp,Week 6,1640,2577,25,303,433,3637,110,77
2023,2023mrcmp,Week 6,203,102,708,1712,9116,9094,149,123
2023,2023mrcmp,Week 6,1391,6921,555,4285,341,1807,151,150
2023,2023mrcmp,Week 6,486,4361,193,7045,3314,1403,78,146
2023,2023mrcmp,Week 6,1812,365,6945,1218,223,222,92,101
2023,2023mrcmp,Week 6,1089,1923,75,316,56,103,134,156
2023,2023mrcmp,Week 6,3142,8117,484,4342,321,2590,146,156
2023,2023mrcmp,Week 6,2720,433,25,1676,2539,5401,141,160
2023,2023mrcmp,Week 6,4373,708,3637,203,4573,9014,144,105
2023,2023mrcmp,Week 6,1640,9015,2495,4285,1391,9027,132,134
2023,2023mrcmp,Week 6,293,7045,4361,9116,555,102,107,137
2023,2023mrcmp,Week 6,9094,11,341,1403,6945,223,155,91
2023,2023mrcmp,Week 6,222,1923,2577,6897,1807,1089,175,137
2023,2023mrcmp,Week 6,484,6921,1712,316,2722,8117,144,129
2023,2023mrcmp,Week 6,5895,2180,2590,321,103,1812,148,151
2023,2023mrcmp,Week 6,834,75,3314,1218,365,3142,146,129
2023,2023mrcmp,Week 6,5666,56,486,303,4342,193,67,112
2023,2023mrcmp,Week 6,4573,25,2539,1391,102,9015,149,146
2023,2023mrcmp,Week 6,555,433,4361,6945,4373,2720,112,123
2023,2023mrcmp,Week 6,1923,9094,708,3637,7045,1640,139,115
2023,2023mrcmp,Week 6,4285,9116,8117,6897,1403,484,94,145
2023,2023mrcmp,Week 6,1089,1712,222,9014,11,2180,126,114
2023,2023mrcmp,Week 6,6921,316,3314,5401,203,834,145,124
2023,2023mrcmp,Week 6,303,5895,3142,341,1218,486,163,153
2023,2023mrcmp,Week 6,1676,321,2495,365,293,56,136,109
2023,2023mrcmp,Week 6,9027,2722,1812,4342,1807,75,93,138
2023,2023mrcmp,Week 6,193,5666,223,2590,103,2577,107,142
2023,2023necmp1,Week 6,7407,8167,237,3654,195,3146,123,150
2023,2023necmp1,Week 6,999,133,78,125,3205,8708,133,178
2023,2023necmp1,Week 6,8013,8604,2877,1100,8085,5687,123,157
2023,2023necmp1,Week 6,5112,319,9101,6763,2370,6153,135,119
2023,2023necmp1,Week 6,8626,6329,7153,8724,7694,3182,143,115
2023,2023necmp1,Week 6,3461,2876,5813,2648,5459,1071,80,83
2023,2023necmp1,Week 6,4564,172,4905,228,238,7913,136,123
2023,2023necmp1,Week 6,6324,155,8167,8085,7407,8889,109,160
2023,2023necmp1,Week 6,1100,3654,78,2370,125,8604,132,125
2023,2023necmp1,Week 6,3182,8626,9101,6329,5687,999,104,154
2023,2023necmp1,Week 6,3205,7153,6153,237,6763,2876,142,110
2023,2023necmp1,Week 6,2877,8708,172,319,4564,2648,111,113
2023,2023necmp1,Week 6,8724,3146,155,5813,4905,5112,93,122
2023,2023necmp1,Week 6,228,1071,195,8889,7694,3461,130,112
2023,2023necmp1,Week 6,5459,7913,8013,6324,133,238,107,152
2023,2023necmp1,Week 6,8604,6329,8085,237,6153,125,154,157
2023,2023necmp1,Week 6,3205,78,7407,1100,4564,8167,167,145
2023,2023necmp1,Week 6,8626,2876,172,155,2877,6763,140,136
2023,2023necmp1,Week 6,2370,5813,8708,3182,8889,4905,130,123
2023,2023necmp1,Week 6,7913,1071,7153,195,8724,8013,117,165
2023,2023necmp1,Week 6,3461,5112,5687,3146,228,6324,126,124
2023,2023necmp1,Week 6,7694,319,238,9101,133,2648,139,137
2023,2023necmp1,Week 6,3654,999,6763,237,2877,5459,97,117
2023,2023necmp1,Week 6,8604,3205,172,7407,5813,6329,97,170
2023,2023necmp1,Week 6,1071,6153,8724,78,3182,8167,101,98
2023,2023necmp1,Week 6,195,3461,4564,8626,155,2370,139,118
2023,2023necmp1,Week 6,5687,125,6324,238,4905,7153,154,129
2023,2023necmp1,Week 6,1100,3146,5112,5459,3654,9101,133,81
2023,2023necmp1,Week 6,8085,228,133,2876,8708,319,135,129
2023,2023necmp1,Week 6,2648,7694,7913,8889,8013,999,87,129
2023,2023necmp1,Week 6,2877,6329,8724,172,195,2370,165,150
2023,2023necmp1,Week 6,6763,3182,8604,238,78,155,87,133
2023,2023necmp1,Week 6,5459,8626,4905,7153,237,1100,97,132
2023,2023necmp1,Week 6,133,319,3146,3654,8167,1071,172,97
2023,2023necmp1,Week 6,8085,8708,7694,7913,5813,3205,124,140
2023,2023necmp1,Week 6,125,8013,7407,228,9101,3461,162,75
2023,2023necmp1,Week 6,8889,2876,6324,999,6153,4564,130,117
2023,2023necmp1,Week 6,5112,2648,2370,5687,3182,2877,128,152
2023,2023necmp1,Week 6,8167,8604,319,6329,6763,5459,143,124
2023,2023necmp1,Week 6,4905,8085,3654,7694,1100,1071,97,113
2023,2023necmp1,Week 6,3461,7407,238,8708,78,8724,150,120
2023,2023necmp1,Week 6,999,172,5813,6153,6324,9101,150,130
2023,2023necmp1,Week 6,133,8013,5112,8626,237,4564,155,103
2023,2023necmp1,Week 6,125,7153,228,155,2648,8889,139,105
2023,2023necmp1,Week 6,3146,3205,5687,2876,7913,195,129,106
2023,2023necmp1,Week 6,1071,238,6763,2877,2370,7407,108,107
2023,2023necmp1,Week 6,8085,6153,3461,999,8724,319,120,162
2023,2023necmp1,Week 6,7694,237,133,6324,8604,4564,130,101
2023,2023necmp1,Week 6,7153,8013,2648,6329,3654,155,119,104
2023,2023necmp1,Week 6,5813,1100,8626,78,2876,3146,137,129
2023,2023necmp1,Week 6,3205,5459,3182,172,228,8889,95,120
2023,2023necmp1,Week 6,5687,7913,8708,8167,5112,125,157,137
2023,2023necmp1,Week 6,9101,6763,195,4905,3461,133,142,147
2023,2023necmp1,Week 6,155,8604,7694,1071,999,2370,77,150
2023,2023necmp1,Week 6,238,8085,2876,8013,3146,6329,136,149
2023,2023necmp1,Week 6,319,8626,6153,3205,6324,3654,125,130
2023,2023necmp1,Week 6,8708,5459,8889,5687,237,8724,127,134
2023,2023necmp1,Week 6,172,125,78,195,5112,7153,151,161
2023,2023necmp1,Week 6,3182,2648,1100,7913,7407,4905,128,149
2023,2023necmp1,Week 6,4564,2877,228,9101,8167,5813,139,129
2023,2023necmp1,Week 6,2370,3654,8013,6763,3205,8085,147,154
2023,2023necmp1,Week 6,6324,8724,8626,8604,8708,3146,132,109
2023,2023necmp1,Week 6,125,999,2876,172,238,5112,150,140
2023,2023necmp1,Week 6,6153,155,5459,195,5687,7694,114,154
2023,2023necmp1,Week 6,5813,3182,237,3461,319,1100,155,155
2023,2023necmp1,Week 6,133,8889,7913,78,9101,2877,141,149
2023,2023necmp1,Week 6,1071,4905,6329,7153,4564,7407,134,147
2023,2023necmp1,Week 6,228,8167,3205,2648,238,8626,115,79
2023,2023necmp1,Week 6,3654,5687,2876,8724,8085,172,115,152
2023,2023necmp1,Week 6,319,6324,195,3182,155,8013,225,109
2023,2023necmp1,Week 6,3146,8889,5813,133,125,6763,133,191
2023,2023necmp1,Week 6,9101,6329,237,78,3461,1071,133,119
2023,2023necmp1,Week 6,8604,7153,999,4564,5112,8708,97,124
2023,2023necmp1,Week 6,2370,1100,7913,7407,228,5459,142,112
2023,2023necmp1,Week 6,8167,2648,2877,4905,7694,6153,115,125
2023,2023necmp1,Week 6,238,8889,5687,319,5813,3654,142,130
2023,2023necmp1,Week 6,155,1071,125,8013,8626,3205,137,144
2023,2023necmp1,Week 6,8708,195,3182,2876,9101,8604,145,117
2023,2023necmp1,Week 6,8724,7407,133,237,999,228,164,105
2023,2023necmp1,Week 6,4905,2877,1100,6329,172,3461,153,151
2023,2023necmp1,Week 6,6153,78,2648,3146,5459,8085,155,129
2023,2023necmp1,Week 6,7913,6763,8167,7153,2370,6324,131,157
2023,2023necmp1,Week 6,7694,4564,125,5112,1071,3182,129,81
2023,2023necmp1,Week 6,7407,195,999,5813,5687,8604,172,140
2023,2023necmp1,Week 6,2877,3461,3654,2876,4905,3205,117,142
2023,2023necmp1,Week 6,6153,1100,6329,8708,133,155,146,157
2023,2023necmp1,Week 6,6763,6324,78,2648,8724,228,132,117
2023,2023necmp1,Week 6,8889,2370,237,5112,7913,8626,128,106
2023,2023necmp1,Week 6,4564,9101,8085,5459,7153,319,122,144
2023,2023necmp1,Week 6,8167,3146,238,8013,172,7694,116,114
2023,2023necmp2,Week 6,4909,2170,138,1699,8023,4906,148,117
2023,2023necmp2,Week 6,1922,1735,8567,1247,177,571,123,119
2023,2023necmp2,Week 6,1740,1058,2423,1757,1153,230,106,166
2023,2023necmp2,Week 6,8046,467,716,166,246,95,136,128
2023,2023necmp2,Week 6,4048,6933,88,58,175,3467,159,135
2023,2023necmp2,Week 6,2713,1729,509,61,178,131,128,115
2023,2023necmp2,Week 6,2067,4041,2342,1073,176,9055,131,147
2023,2023necmp2,Week 6,501,1768,4906,6328,8023,1058,68,136
2023,2023necmp2,Week 6,2170,95,230,138,1247,1735,156,106
2023,2023necmp2,Week 6,4048,467,1757,4909,8046,177,143,150
2023,2023necmp2,Week 6,246,1922,2713,1699,58,509,110,121
2023,2023necmp2,Week 6,716,166,178,2423,176,3467,146,142
2023,2023necmp2,Week 6,61,501,88,1073,1768,2067,97,145
2023,2023necmp2,Week 6,6933,6328,1153,131,8567,1729,151,138
2023,2023necmp2,Week 6,175,4041,9055,571,1740,2342,102,123
2023,2023necmp2,Week 6,8046,1757,1699,4906,1735,95,135,124
2023,2023necmp2,Week 6,8023,1247,176,3467,509,4048,134,152
2023,2023necmp2,Week 6,467,501,138,2713,178,2423,130,51
2023,2023necmp2,Week 6,1922,1768,1729,2067,2170,8567,165,90
2023,2023necmp2,Week 6,1073,61,246,1153,1058,175,118,92
2023,2023necmp2,Week 6,88,166,58,4041,6328,1740,142,157
2023,2023necmp2,Week 6,177,2342,9055,716,131,230,148,109
2023,2023necmp2,Week 6,571,6933,501,178,95,4909,93,162
2023,2023necmp2,Week 6,1247,2067,2423,8567,1699,4048,95,136
2023,2023necmp2,Week 6,1073,4906,1153,176,2713,1768,126,149
2023,2023necmp2,Week 6,6328,175,1729,1740,1922,1757,137,160
2023,2023necmp2,Week 6,177,4041,1735,61,3467,166,131,161
2023,2023necmp2,Week 6,131,138,2342,1058,246,467,149,135
2023,2023necmp2,Week 6,716,9055,58,509,88,4909,94,118
2023,2023necmp2,Week 6,2170,571,8023,230,8046,6933,69,154
2023,2023necmp2,Week 6,1740,95,1073,6328,4048,1922,162,165
2023,2023necmp2,Week 6,3467,177,1699,501,175,178,152,66
2023,2023necmp2,Week 6,138,1153,2713,166,4041,1247,147,94
2023,2023necmp2,Week 6,2067,1729,88,246,4909,716,124,134
2023,2023necmp2,Week 6,1735,2170,131,58,1768,61,181,132
2023,2023necmp2,Week 6,2423,571,8046,1058,509,176,138,124
2023,2023necmp2,Week 6,2342,8023,467,230,8567,4906,135,135
2023,2023necmp2,Week 6,1757,9055,95,6933,2713,166,162,99
2023,2023necmp2,Week 6,246,1729,1153,1922,3467,501,151,137
2023,2023necmp2,Week 6,175,177,1073,716,138,2067,183,131
2023,2023necmp2,Week 6,1058,131,4909,1735,1740,176,118,143
2023,2023necmp2,Week 6,509,230,6328,8046,8567,4041,181,104
2023,2023necmp2,Week 6,1699,2342,2423,8023,58,6933,130,128
2023,2023necmp2,Week 6,1247,467,1768,571,88,1757,115,155
2023,2023necmp2,Week 6,2170,4048,61,9055,178,4906,124,56
2023,2023necmp2,Week 6,2067,1740,246,3467,2713,1735,144,160
2023,2023necmp2,Week 6,8567,4909,6328,175,166,8046,141,150
2023,2023necmp2,Week 6,177,2423,8023,95,1729,2342,137,103
2023,2023necmp2,Week 6,230,1058,1922,1768,88,716,164,137
2023,2023necmp2,Week 6,4906,509,61,6933,1757,138,126,142
2023,2023necmp2,Week 6,1153,58,501,467,9055,2170,97,99
2023,2023necmp2,Week 6,4041,1073,571,1247,131,1699,140,79
2023,2023necmp2,Week 6,178,4048,8023,176,246,175,109,156
2023,2023necmp2,Week 6,1768,3467,1740,2342,4909,2713,195,147
2023,2023necmp2,Week 6,88,230,177,2423,138,509,163,132
2023,2023necmp2,Week 6,95,716,8567,1757,2170,1058,153,173
2023,2023necmp2,Week 6,1699,61,467,9055,6328,1247,121,118
2023,2023necmp2,Week 6,166,2067,4048,131,1153,571,171,142
2023,2023necmp2,Week 6,1735,8046,58,1729,1073,501,151,115
2023,2023necmp2,Week 6,176,4906,4041,6933,1922,178,144,142
2023,2023necmp2,Week 6,8023,8567,1768,1740,138,177,148,152
2023,2023necmp2,Week 6,2713,1247,230,2423,716,175,134,86
2023,2023necmp2,Week 6,95,88,131,4909,1153,1699,160,164
2023,2023necmp2,Week 6,2342,509,166,6328,501,2170,106,117
2023,2023necmp2,Week 6,61,176,6933,467,1922,1073,143,152
2023,2023necmp2,Week 6,4041,1757,1729,9055,4048,246,146,127
2023,2023necmp2,Week 6,178,3467,8046,1058,2067,58,154,131
2023,2023necmp2,Week 6,4906,571,2713,1735,2423,88,142,131
2023,2023necmp2,Week 6,509,95,175,2170,177,1153,138,130
2023,2023necmp2,Week 6,4909,176,1922,230,2342,61,182,159
2023,2023necmp2,Week 6,4041,1699,716,501,1740,8023,110,124
2023,2023necmp2,Week 6,246,178,1247,1768,8046,6328,80,162
2023,2023necmp2,Week 6,8567,1757,3467,58,1073,131,157,96
2023,2023necmp2,Week 6,9055,571,166,1729,4906,138,113,122
2023,2023necmp2,Week 6,4048,1735,1058,467,6933,2067,147,144
2023,2023necmp2,Week 6,175,61,1740,2713,501,95,125,154
2023,2023necmp2,Week 6,88,2342,178,1153,1247,8046,129,120
2023,2023necmp2,Week 6,1922,2423,2170,3467,131,4041,121,171
2023,2023necmp2,Week 6,138,58,6328,571,716,176,159,134
2023,2023necmp2,Week 6,1757,2067,1735,8023,9055,509,144,93
2023,2023necmp2,Week 6,4906,6933,1058,8567,246,177,124,136
2023,2023necmp2,Week 6,166,1699,1073,1729,230,467,126,155
2023,2023necmp2,Week 6,1768,175,4909,4048,2423,4041,129,123
2023,2023necmp2,Week 6,1153,716,3467,138,61,571,138,93
2023,2023necmp2,Week 6,131,2713,9055,8046,8023,1922,123,127
2023,2023necmp2,Week 6,178,6328,1757,2342,1735,6933,150,129
2023,2023necmp2,Week 6,58,230,246,177,4906,2067,130,180
2023,2023necmp2,Week 6,501,1058,1247,1729,4909,4048,108,137
2023,2023necmp2,Week 6,509,1073,2170,88,467,1740,164,155
2023,2023necmp2,Week 6,176,166,8567,95,1699,1768,163,155
2023,2023nyny,Week 6,1880,8570,5806,3017,6590,333,73,76
2023,2023nyny,Week 6,6648,6911,9030,353,8739,7036,97,88
2023,2023nyny,Week 6,5298,2869,8346,3419,8159,5421,61,86
2023,2023nyny,Week 6,743,694,6880,2895,4012,640,95,24
2023,2023nyny,Week 6,3760,1796,2344,7840,1155,2265,111,54
2023,2023nyny,Week 6,369,5665,1601,7730,6806,7718,87,31
2023,2023nyny,Week 6,7668,4571,3950,354,7272,6636,90,92
2023,2023nyny,Week 6,426,5123,2601,9295,3004,334,81,51
2023,2023nyny,Week 6,1880,7036,9052,5806,335,640,24,29
2023,2023nyny,Week 6,6590,743,1796,3419,353,9030,89,85
2023,2023nyny,Week 6,694,3017,5665,6911,1155,2869,86,74
2023,2023nyny,Week 6,7272,2344,6880,354,8346,3760,50,35
2023,2023nyny,Week 6,7718,334,2895,333,4571,8739,11,101
2023,2023nyny,Week 6,5298,3004,6806,2265,7668,6648,58,47
2023,2023nyny,Week 6,5421,7840,6636,4012,8570,2601,28,103
2023,2023nyny,Week 6,426,8159,9295,335,9052,369,43,87
2023,2023nyny,Week 6,1796,3950,5123,7730,1601,6590,132,55
2023,2023nyny,Week 6,354,3017,5806,353,7272,640,59,83
2023,2023nyny,Week 6,1155,7036,334,7668,6806,2869,49,104
2023,2023nyny,Week 6,6911,2895,3419,8570,7840,3760,71,67
2023,2023nyny,Week 6,9030,5421,5298,2344,426,369,45,100
2023,2023nyny,Week 6,2265,8346,333,1601,4571,9295,67,14
2023,2023nyny,Week 6,5665,8159,9052,6636,743,5123,69,30
2023,2023nyny,Week 6,694,335,7718,6648,3950,3004,105,79
2023,2023nyny,Week 6,2601,8739,1880,4012,7730,6880,126,41
2023,2023nyny,Week 6,8570,9030,334,1155,3760,640,48,26
2023,2023nyny,Week 6,7036,2895,2869,8346,9295,1796,61,90
2023,2023nyny,Week 6,2344,333,353,369,6636,8159,151,76
2023,2023nyny,Week 6,3950,9052,694,5665,7840,5298,133,70
2023,2023nyny,Week 6,354,2601,335,6806,6911,6590,115,87
2023,2023nyny,Week 6,743,5421,7272,1880,2265,1601,34,62
2023,2023nyny,Week 6,7668,3419,3004,5806,8739,4012,71,48
2023,2023nyny,Week 6,7718,6648,4571,3017,426,7730,53,38
2023,2023nyny,Week 6,2344,5123,694,6880,7036,333,105,83
2023,2023nyny,Week 6,9052,2895,6636,1155,6806,1796,36,83
2023,2023nyny,Week 6,5421,9295,1880,3950,334,6911,38,87
2023,2023nyny,Week 6,8739,1601,3419,640,354,7840,101,54
2023,2023nyny,Week 6,3760,7668,743,8346,426,6648,30,29
2023,2023nyny,Week 6,3004,5806,5665,5298,8570,4571,55,102
2023,2023nyny,Week 6,2265,7730,8159,6880,9030,3017,55,68
2023,2023nyny,Week 6,369,4012,2869,6590,335,7272,95,52
2023,2023nyny,Week 6,353,5123,1155,2601,7718,7840,84,81
2023,2023nyny,Week 6,6636,1601,426,694,1880,3419,17,136
2023,2023nyny,Week 6,4571,5806,8346,5421,1796,6648,38,118
2023,2023nyny,Week 6,354,7730,7036,743,5298,334,82,42
2023,2023nyny,Week 6,3017,369,6911,3004,6880,2895,146,11
2023,2023nyny,Week 6,6806,353,4012,3950,2344,9295,102,92
2023,2023nyny,Week 6,8159,6590,3760,640,9052,7718,50,68
2023,2023nyny,Week 6,8739,2265,8570,5123,2869,335,64,24
2023,2023nyny,Week 6,7272,2601,7668,9030,333,5665,93,97
2023,2023nyny,Week 6,334,6880,354,5806,1796,426,63,97
2023,2023nyny,Week 6,7730,3004,1155,353,8346,5421,74,79
2023,2023nyny,Week 6,3760,694,4571,6806,1880,369,106,98
2023,2023nyny,Week 6,7036,4012,2265,7718,6911,8159,72,98
2023,2023nyny,Week 6,7840,9295,3017,6636,6590,7668,63,69
2023,2023nyny,Week 6,8739,335,5298,1601,2601,743,63,83
2023,2023nyny,Week 6,2869,5665,640,2895,6648,2344,59,71
2023,2023nyny,Week 6,9030,3950,7272,8570,3419,5123,84,108
2023,2023nyny,Week 6,9052,5421,2265,333,694,354,64,143
2023,2023nyny,Week 6,6911,7840,4012,334,369,8346,84,56
2023,2023nyny,Week 6,9295,743,6806,1155,7718,5806,58,39
2023,2023nyny,Week 6,5665,6590,426,2895,8159,8739,83,36
2023,2023nyny,Week 6,640,5298,2601,1796,7272,3017,108,114
2023,2023nyny,Week 6,333,6636,3950,3004,3760,7036,123,26
2023,2023nyny,Week 6,4571,3419,7730,2344,7668,335,101,52
2023,2023nyny,Week 6,2869,353,8570,1601,9052,6880,100,8
2023,2023nyny,Week 6,6648,1880,4012,5123,9030,354,52,53
2023,2023nyny,Week 6,6590,7718,8346,334,2265,694,64,105
2023,2023nyny,Week 6,333,640,6911,426,5298,3950,114,36
2023,2023nyny,Week 6,9295,6636,1155,7272,7730,8739,51,35
2023,2023nyny,Week 6,5806,7668,2895,8159,1601,2344,56,83
2023,2023nyny,Week 6,1880,1796,353,7036,5665,8570,110,106
2023,2023nyny,Week 6,3004,4571,7840,2869,9030,743,100,77
2023,2023nyny,Week 6,335,3760,6806,5421,3017,5123,17,82
2023,2023nyny,Week 6,6880,369,2601,6648,3419,9052,122,93
2023,2023nyny,Week 6,6636,640,7730,2265,5806,6911,53,84
2023,2023nyny,Week 6,1796,7036,1601,4012,1155,426,121,56
2023,2023nyny,Week 6,7718,2869,3004,7668,354,1880,87,40
2023,2023nyny,Week 6,335,334,353,3760,5298,2895,95,63
2023,2023nyny,Week 6,8346,3950,3017,9052,8739,9030,105,82
2023,2023nyny,Week 6,743,2344,8570,2601,9295,694,102,138
2023,2023nyny,Week 6,3419,6880,6590,4571,5665,5421,81,101
2023,2023nyny,Week 6,7840,6648,6806,8159,333,7272,59,100
2023,2023nyny,Week 6,369,354,1155,5123,640,7668,114,56
2023,2023oncmp1,Week 6,7712,1305,5834,772,4976,7558,79,138
2023,2023oncmp1,Week 6,1241,3683,4476,7480,8884,4992,180,74
2023,2023oncmp1,Week 6,1374,7136,5719,4308,8081,6978,69,106
2023,2023oncmp1,Week 6,781,9062,5409,6140,7659,2702,117,108
2023,2023oncmp1,Week 6,5031,5032,1360,4152,8349,5406,94,131
2023,2023oncmp1,Week 6,7022,2056,9098,4951,2634,771,160,68
2023,2023oncmp1,Week 6,3161,772,2852,8089,2200,7712,64,115
2023,2023oncmp1,Week 6,2702,6978,5719,781,7480,1305,127,119
2023,2023oncmp1,Week 6,3683,1374,4152,8349,9062,8081,120,84
2023,2023oncmp1,Week 6,5409,2056,5031,9098,6140,4992,164,111
2023,2023oncmp1,Week 6,7558,7136,7022,5834,2200,4976,109,129
2023,2023oncmp1,Week 6,5406,1241,4951,771,1360,4308,100,34
2023,2023oncmp1,Week 6,8884,2852,5032,2634,3161,7659,85,127
2023,2023oncmp1,Week 6,8089,7480,8349,4476,9098,1305,98,146
2023,2023oncmp1,Week 6,7712,781,4976,5031,7136,6978,128,97
2023,2023oncmp1,Week 6,772,5409,5719,2200,2702,5406,113,152
2023,2023oncmp1,Week 6,9062,2852,2634,7558,3683,771,90,126
2023,2023oncmp1,Week 6,4476,8081,1360,3161,1241,7022,128,121
2023,2023oncmp1,Week 6,7659,4308,5834,2056,4152,4992,74,143
2023,2023oncmp1,Week 6,5032,8089,1374,6140,4951,8884,95,78
2023,2023oncmp1,Week 6,5031,7712,2634,5719,9062,2200,152,110
2023,2023oncmp1,Week 6,9098,3683,3161,6978,781,772,179,112
2023,2023oncmp1,Week 6,5834,4476,2056,771,7659,2852,155,56
2023,2023oncmp1,Week 6,7558,5409,5406,4308,5032,4951,174,66
2023,2023oncmp1,Week 6,4992,2702,7136,8349,1374,1360,97,44
2023,2023oncmp1,Week 6,6140,7022,8089,1241,4152,7480,128,141
2023,2023oncmp1,Week 6,2200,8081,8884,4976,1305,771,125,124
2023,2023oncmp1,Week 6,5032,3161,5406,5409,3683,5834,117,149
2023,2023oncmp1,Week 6,8349,772,7136,2056,2852,4951,98,166
2023,2023oncmp1,Week 6,8089,5719,781,4476,7022,9062,119,128
2023,2023oncmp1,Week 6,5031,4976,1241,2702,7480,1374,118,108
2023,2023oncmp1,Week 6,2634,8884,4152,7712,4992,6978,93,118
2023,2023oncmp1,Week 6,6140,1360,1305,9098,7558,4308,108,129
2023,2023oncmp1,Week 6,7659,781,8349,8081,5406,7136,113,132
2023,2023oncmp1,Week 6,9062,2056,2702,7480,4476,3161,146,181
2023,2023oncmp1,Week 6,5719,2852,4152,1241,1374,5409,98,128
2023,2023oncmp1,Week 6,7712,771,5032,1360,9098,8089,101,99
2023,2023oncmp1,Week 6,2634,1305,6978,8081,5834,6140,119,113
2023,2023oncmp1,Week 6,4992,7558,5031,7022,8884,772,111,76
2023,2023oncmp1,Week 6,4976,4951,7659,2200,4308,3683,107,164
2023,2023oncmp1,Week 6,771,7136,1241,5032,5409,2702,124,93
2023,2023oncmp1,Week 6,4476,5406,7712,2634,9098,1374,142,118
2023,2023oncmp1,Week 6,3161,8089,8081,5719,5834,5031,110,133
2023,2023oncmp1,Week 6,7480,772,2200,4152,7558,781,155,177
2023,2023oncmp1,Week 6,1305,7659,7022,6978,1360,2056,96,169
2023,2023oncmp1,Week 6,4308,8349,8884,3683,6140,2852,89,182
2023,2023oncmp1,Week 6,4992,4976,8081,9062,4951,8089,110,41
2023,2023oncmp1,Week 6,781,4476,2200,5834,5032,7480,140,115
2023,2023oncmp1,Week 6,1374,7558,1305,5409,771,3161,159,121
2023,2023oncmp1,Week 6,772,7712,7659,8349,1241,6140,98,134
2023,2023oncmp1,Week 6,4951,6978,3683,9062,5031,4152,108,84
2023,2023oncmp1,Week 6,2852,2702,4308,4992,2634,7022,114,104
2023,2023oncmp1,Week 6,8884,5406,9098,7136,4976,2056,143,171
2023,2023oncmp1,Week 6,1360,3161,7558,5719,8349,4476,118,138
2023,2023oncmp1,Week 6,6978,6140,1374,8081,772,5032,118,115
2023,2023oncmp1,Week 6,1305,4308,9062,2852,5031,781,80,99
2023,2023oncmp1,Week 6,4951,5834,4992,2702,1241,7712,114,162
2023,2023oncmp1,Week 6,4152,8089,771,7136,1360,2634,120,109
2023,2023oncmp1,Week 6,4976,9098,7480,7659,5406,5719,148,143
2023,2023oncmp1,Week 6,5409,7022,2200,8884,2056,3683,117,172
2023,2023oncmp1,Week 6,3161,4992,9062,772,1305,1241,119,139
2023,2023oncmp1,Week 6,4951,5031,8349,781,2634,5834,71,127
2023,2023oncmp1,Week 6,5406,6978,4976,4152,2702,4476,158,107
2023,2023oncmp1,Week 6,2056,771,6140,3683,5719,5032,122,85
2023,2023oncmp1,Week 6,1374,7022,4308,8089,8884,7659,56,75
2023,2023oncmp1,Week 6,1360,7480,5409,2852,7712,7136,122,109
2023,2023oncmp1,Week 6,2200,4152,9098,7558,8081,2702,124,135
2023,2023oncmp1,Week 6,771,4992,8349,4976,5719,6140,55,124
2023,2023oncmp1,Week 6,5032,2634,4476,4308,5031,772,146,89
2023,2023oncmp1,Week 6,7136,7659,7480,1305,3161,4951,110,118
2023,2023oncmp1,Week 6,2056,2200,7558,6978,8089,1241,174,116
2023,2023oncmp1,Week 6,2852,5834,9098,5406,1374,9062,94,109
2023,2023oncmp1,Week 6,3683,781,8081,7022,7712,1360,158,129
2023,2023oncmp1,Week 6,8884,4476,4976,7136,4951,5409,152,105
2023,2023oncmp1,Week 6,2702,771,5031,7659,6978,7558,108,118
2023,2023oncmp1,Week 6,5406,6140,2634,1374,2200,3161,132,124
2023,2023oncmp1,Week 6,1241,4992,2852,9098,5032,781,137,114
2023,2023oncmp1,Week 6,5834,9062,772,1360,5719,8884,102,132
2023,2023oncmp1,Week 6,7480,4308,2056,8081,4152,7712,164,93
2023,2023oncmp1,Week 6,7022,8349,3683,1305,5409,8089,74,95
2023,2023oncmp2,Week 6,4920,9263,6987,5024,4343,1285,78,132
2023,2023oncmp2,Week 6,6378,5036,1325,2013,2386,6865,134,96
2023,2023oncmp2,Week 6,1334,5870,6864,3739,5596,8764,65,103
2023,2023oncmp2,Week 6,1114,4907,7722,2708,865,4039,104,131
2023,2023oncmp2,Week 6,4069,5885,2706,7757,2609,6854,149,110
2023,2023oncmp2,Week 6,4946,7476,4903,610,4688,4917,146,139
2023,2023oncmp2,Week 6,4678,7690,2013,1310,8729,4343,143,141
2023,2023oncmp2,Week 6,7722,6864,8764,4920,1325,1114,102,112
2023,2023oncmp2,Week 6,6987,5024,865,5596,5870,2706,115,97
2023,2023oncmp2,Week 6,4917,6378,6865,9263,3739,4946,92,127
2023,2023oncmp2,Week 6,8729,7757,1334,4903,2609,2386,83,138
2023,2023oncmp2,Week 6,1285,4688,1310,610,5885,4907,141,122
2023,2023oncmp2,Week 6,2708,5036,7690,4678,6854,7476,77,125
2023,2023oncmp2,Week 6,4039,2706,6864,2013,6378,4069,102,118
2023,2023oncmp2,Week 6,1114,4343,8764,5596,4917,2609,132,70
2023,2023oncmp2,Week 6,6865,9263,4903,7757,7722,4688,108,116
2023,2023oncmp2,Week 6,1325,1310,5870,5885,2708,6854,147,102
2023,2023oncmp2,Week 6,3739,1285,5036,7690,8729,5024,60,135
2023,2023oncmp2,Week 6,7476,4039,4069,1334,610,4920,146,146
2023,2023oncmp2,Week 6,2386,865,4907,6987,4678,4946,146,157
2023,2023oncmp2,Week 6,5596,4343,5885,6864,2708,4903,87,75
2023,2023oncmp2,Week 6,6378,5870,4688,8764,1285,8729,139,114
2023,2023oncmp2,Week 6,2706,1310,9263,1114,4039,1334,90,143
2023,2023oncmp2,Week 6,2013,6987,7476,7757,2386,4678,88,131
2023,2023oncmp2,Week 6,6854,610,3739,1325,865,6865,94,114
2023,2023oncmp2,Week 6,7690,4917,4946,2609,5024,4069,149,152
2023,2023oncmp2,Week 6,5036,4907,1310,4920,7722,4343,129,99
2023,2023oncmp2,Week 6,6987,7757,5870,6378,1114,6864,58,80
2023,2023oncmp2,Week 6,8729,2013,5596,9263,7476,865,103,56
2023,2023oncmp2,Week 6,4688,4678,3739,610,4903,4069,162,170
2023,2023oncmp2,Week 6,2706,1325,8764,4039,4920,4917,130,154
2023,2023oncmp2,Week 6,2609,4907,1334,5036,6865,5024,139,66
2023,2023oncmp2,Week 6,4946,6854,7722,5885,1285,7690,131,105
2023,2023oncmp2,Week 6,2386,4069,8729,1310,2708,5596,122,92
2023,2023oncmp2,Week 6,4903,7757,865,6864,1325,4917,129,124
2023,2023oncmp2,Week 6,4907,5024,6378,610,1114,5036,149,127
2023,2023oncmp2,Week 6,4039,6865,1285,4343,2609,7476,98,133
2023,2023oncmp2,Week 6,4688,5885,2013,1334,7690,6987,137,96
2023,2023oncmp2,Week 6,6854,9263,2386,2706,4920,3739,67,139
2023,2023oncmp2,Week 6,4678,7722,2708,8764,4946,5870,149,114
2023,2023oncmp2,Week 6,5596,4903,1325,1310,1114,5024,140,170
2023,2023oncmp2,Week 6,4343,2013,7757,4688,5036,7476,122,113
2023,2023oncmp2,Week 6,6864,2386,610,9263,7690,4907,146,115
2023,2023oncmp2,Week 6,3739,8729,6865,5885,8764,4039,74,120
2023,2023oncmp2,Week 6,4946,4920,2708,6854,6378,1334,155,65
2023,2023oncmp2,Week 6,4917,865,2706,5870,4678,1285,139,114
2023,2023oncmp2,Week 6,4069,1310,6987,5036,7722,2609,112,104
2023,2023oncmp2,Week 6,4903,5885,5024,8764,2013,9263,151,100
2023,2023oncmp2,Week 6,4039,5596,7690,1325,4946,4688,143,165
2023,2023oncmp2,Week 6,7476,1334,2386,6854,5870,1114,76,145
2023,2023oncmp2,Week 6,6865,2706,610,4917,2708,8729,106,63
2023,2023oncmp2,Week 6,3739,4343,6378,865,4069,7722,95,105
2023,2023oncmp2,Week 6,1285,6864,7757,4907,4920,4678,78,171
2023,2023oncmp2,Week 6,2609,9263,4039,6987,6854,4903,132,111
2023,2023oncmp2,Week 6,5024,8764,4917,2386,1310,5885,144,104
2023,2023oncmp2,Week 6,4343,1334,5036,5870,7690,865,125,86
2023,2023oncmp2,Week 6,4920,6378,7757,4946,610,8729,89,107
2023,2023oncmp2,Week 6,1285,4907,5596,7722,2706,2013,137,100
2023,2023oncmp2,Week 6,6865,7476,1114,4069,4678,6864,120,156
2023,2023oncmp2,Week 6,4688,6987,2609,2708,3739,1325,100,133
2023,2023oncmp2,Week 6,5024,2386,5870,1310,4946,4039,108,164
2023,2023oncmp2,Week 6,7722,1334,5596,8764,7757,610,89,132
2023,2023oncmp2,Week 6,4903,5036,4678,6378,1285,2706,139,122
2023,2023oncmp2,Week 6,4069,6854,7690,2013,4917,3739,136,126
2023,2023oncmp2,Week 6,5885,7476,1325,4907,6987,4343,115,162
2023,2023oncmp2,Week 6,865,1114,2609,8729,4688,4920,137,138
2023,2023oncmp2,Week 6,6864,6865,4946,2708,5024,9263,130,90
2023,2023oncmp2,Week 6,4678,4039,610,5036,5596,2386,178,90
2023,2023oncmp2,Week 6,1334,4917,5885,7722,6987,6378,117,88
2023,2023oncmp2,Week 6,5870,2609,4920,4907,4903,2013,132,171
2023,2023oncmp2,Week 6,1114,4069,2708,9263,1325,1285,149,151
2023,2023oncmp2,Week 6,8729,2706,6854,4343,6864,4688,104,137
2023,2023oncmp2,Week 6,865,8764,1310,7476,3739,7757,153,80
2023,2023oncmp2,Week 6,7690,4903,4920,6865,5596,6987,156,90
2023,2023oncmp2,Week 6,4917,4069,9263,5870,4039,4907,134,150
2023,2023oncmp2,Week 6,1325,8729,7722,2706,1334,4678,120,143
2023,2023oncmp2,Week 6,2609,4946,5885,865,6864,5036,161,129
2023,2023oncmp2,Week 6,5024,4688,6854,7476,8764,6378,136,86
2023,2023oncmp2,Week 6,1285,2013,2708,7757,6865,1310,111,117
2023,2023oncmp2,Week 6,7690,610,4343,2386,3739,1114,97,128
2023,2023paca,Week 6,59,2872,8140,1708,8705,1591,93,120
2023,2023paca,Week 6,3181,3954,4050,7515,379,9139,57,83
2023,2023paca,Week 6,3504,2051,2172,2656,8861,677,111,55
2023,2023paca,Week 6,3484,4027,7570,3193,4085,2053,91,105
2023,2023paca,Week 6,930,8222,1787,1781,6032,1559,160,105
2023,2023paca,Week 6,7165,3171,378,117,120,4467,124,97
2023,2023paca,Week 6,8243,8145,9004,2638,7274,3260,37,78
2023,2023paca,Week 6,8393,48,4991,4145,4150,9022,122,106
2023,2023paca,Week 6,7570,8861,4085,59,1591,7515,57,153
2023,2023paca,Week 6,2872,930,677,2656,3484,8140,165,60
2023,2023paca,Week 6,1787,1559,2172,7165,4027,1708,123,135
2023,2023paca,Week 6,2053,3504,4050,1781,9004,2638,80,106
2023,2023paca,Week 6,6032,3193,3954,3260,378,4150,122,118
2023,2023paca,Week 6,8705,8222,4991,8243,8393,120,59,105
2023,2023paca,Week 6,3171,8145,7274,4145,48,379,101,138
2023,2023paca,Week 6,4467,9139,9022,3181,2051,117,82,101
2023,2023paca,Week 6,2053,7570,2872,7165,3504,930,85,138
2023,2023paca,Week 6,1787,8861,4027,4050,3484,3260,119,48
2023,2023paca,Week 6,1559,2638,378,677,4991,8140,107,82
2023,2023paca,Week 6,3954,2172,59,3193,7274,48,108,95
2023,2023paca,Week 6,8393,1591,8145,9004,7515,117,107,39
2023,2023paca,Week 6,1708,4150,3181,8705,4145,4467,110,127
2023,2023paca,Week 6,379,8222,8243,3171,9022,2051,86,107
2023,2023paca,Week 6,2656,9139,1781,120,4085,6032,49,112
2023,2023paca,Week 6,8861,4050,2638,48,7165,7570,97,112
2023,2023paca,Week 6,1787,117,8145,59,2053,677,97,127
2023,2023paca,Week 6,3260,4467,3504,3484,1559,1591,105,140
2023,2023paca,Week 6,4145,4027,8222,7515,3954,8705,135,48
2023,2023paca,Week 6,378,3181,379,2172,2656,8393,81,109
2023,2023paca,Week 6,8243,9022,6032,8140,1708,4085,34,87
2023,2023paca,Week 6,4150,3171,1781,9139,9004,2872,166,80
2023,2023paca,Week 6,2051,3193,120,4991,930,7274,112,116
2023,2023paca,Week 6,4467,1787,3484,4027,8145,3954,145,83
2023,2023paca,Week 6,48,8705,2638,117,378,2656,119,117
2023,2023paca,Week 6,6032,3181,7515,3504,8243,677,78,42
2023,2023paca,Week 6,8861,3260,8393,2872,2172,9022,68,145
2023,2023paca,Week 6,9004,59,3171,1559,930,4050,118,143
2023,2023paca,Week 6,7165,4085,4991,7274,379,1708,114,112
2023,2023paca,Week 6,3193,1781,4145,2051,8140,7570,124,55
2023,2023paca,Week 6,120,4150,9139,2053,1591,8222,114,143
2023,2023paca,Week 6,2872,8243,48,8145,4467,2172,134,109
2023,2023paca,Week 6,4027,2638,59,3171,6032,8393,145,150
2023,2023paca,Week 6,4085,930,9004,9022,7165,3954,132,71
2023,2023paca,Week 6,2051,379,8705,1781,1787,3504,111,145
2023,2023paca,Week 6,378,677,4145,1591,9139,8861,121,98
2023,2023paca,Week 6,7274,117,3484,8222,8140,1559,95,80
2023,2023paca,Week 6,7515,2053,2656,4991,1708,3193,76,112
2023,2023paca,Week 6,3260,120,3181,4050,7570,4150,86,74
2023,2023paca,Week 6,3504,8393,8705,4085,1787,3171,95,144
2023,2023paca,Week 6,6032,1591,7165,48,3954,2051,139,113
2023,2023paca,Week 6,930,8140,4145,9139,2172,2638,143,97
2023,2023paca,Week 6,9022,7515,7274,378,4467,2053,57,138
2023,2023paca,Week 6,1708,9004,3260,7570,677,8222,59,56
2023,2023paca,Week 6,4050,117,379,8243,3193,4027,103,96
2023,2023paca,Week 6,1559,2656,4150,8145,8861,120,141,80
2023,2023paca,Week 6,3484,2872,1781,3181,4991,59,108,151
2023,2023paca,Week 6,4467,2051,4085,8393,2638,2053,102,132
2023,2023paca,Week 6,677,7515,3260,8705,3171,930,49,135
2023,2023paca,Week 6,8140,9139,3193,9004,48,1787,76,105
2023,2023paca,Week 6,120,378,1708,8861,4145,3504,86,127
2023,2023paca,Week 6,2172,4991,4050,8222,6032,8145,113,62
2023,2023paca,Week 6,7274,4027,1591,9022,1781,3181,129,137
2023,2023paca,Week 6,117,1559,7570,3954,2656,2872,111,104
2023,2023paca,Week 6,4150,379,7165,3484,59,8243,105,96
2023,2023paca,Week 6,8140,3260,48,677,8393,4085,97,118
2023,2023paca,Week 6,930,378,2051,8145,4050,1708,131,50
2023,2023paca,Week 6,8222,1781,8861,3193,3181,4467,101,140
2023,2023paca,Week 6,2638,120,3954,7515,2872,4027,128,118
2023,2023paca,Week 6,4991,117,4150,7570,3504,7274,122,85
2023,2023paca,Week 6,2053,4145,9139,379,59,1559,119,137
2023,2023paca,Week 6,2172,8705,6032,9022,9004,3484,77,103
2023,2023paca,Week 6,1591,8243,3171,1787,7165,2656,140,136
2023,2023paca,Week 6,8222,4050,2051,4085,2872,378,99,126
2023,2023paca,Week 6,48,8145,930,4027,3504,3181,139,139
2023,2023paca,Week 6,4145,1708,7515,1781,3260,117,95,135
2023,2023paca,Week 6,4467,677,9004,379,4991,120,110,108
2023,2023paca,Week 6,1591,7570,3193,1559,8705,8243,120,97
2023,2023paca,Week 6,2638,9022,2656,4150,59,1787,109,155
2023,2023paca,Week 6,8393,7274,7165,9139,3484,6032,127,85
2023,2023paca,Week 6,3954,2053,3171,8140,2172,8861,101,42
2023,2023alhu,Week 6,9313,2438,5410,3284,3843,3630,41,110
2023,2023alhu,Week 6,3959,6184,8044,5005,34,9073,71,49
2023,2023alhu,Week 6,5472,6517,8772,7428,6823,5842,118,120
2023,2023alhu,Week 6,5045,8773,7565,2973,538,179,75,107
2023,2023alhu,Week 6,7430,5965,233,8624,1038,7567,45,47
2023,2023alhu,Week 6,6936,6404,1747,5276,547,7072,105,88
2023,2023alhu,Week 6,3937,4499,6302,5002,7111,8788,152,54
2023,2023alhu,Week 6,2556,4576,6107,3616,9280,2992,111,130
2023,2023alhu,Week 6,5842,1466,2973,3630,1622,9313,107,89
2023,2023alhu,Week 6,6184,233,34,7430,7565,6823,95,105
2023,2023alhu,Week 6,9073,1747,8773,7567,5045,8772,96,42
2023,2023alhu,Week 6,6517,1038,5002,8788,6936,5472,133,120
2023,2023alhu,Week 6,7072,7111,2556,538,8044,5965,81,101
2023,2023alhu,Week 6,5005,7428,2992,1466,3843,4499,94,166
2023,2023alhu,Week 6,3284,5276,9280,1622,3937,547,90,140
2023,2023alhu,Week 6,8624,6302,6107,179,5410,6404,63,81
2023,2023alhu,Week 6,4576,3616,5842,3959,2438,8788,88,113
2023,2023alhu,Week 6,8773,9313,6517,1747,2556,7430,57,109
2023,2023alhu,Week 6,4499,7567,7428,2973,8044,3630,122,130
2023,2023alhu,Week 6,5276,8772,1038,5045,3843,9280,111,47
2023,2023alhu,Week 6,538,5410,5005,1622,179,34,67,98
2023,2023alhu,Week 6,547,6302,5002,233,4576,1466,53,124
2023,2023alhu,Week 6,7072,8624,6936,6107,7565,5472,67,119
2023,2023alhu,Week 6,3284,2992,7111,6184,6404,3616,128,76
2023,2023alhu,Week 6,6823,2438,3937,9073,3959,5965,142,68
2023,2023alhu,Week 6,7567,3630,5276,34,2556,8772,91,64
2023,2023alhu,Week 6,1747,9313,3843,179,8788,4576,86,108
2023,2023alhu,Week 6,5410,9280,8624,7072,4499,6517,72,134
2023,2023alhu,Week 6,5045,6107,7430,1466,7111,5005,28,98
2023,2023alhu,Week 6,6936,2973,5002,2992,8044,6823,87,158
2023,2023alhu,Week 6,233,5842,8773,9073,3284,6184,72,108
2023,2023alhu,Week 6,3616,547,538,7428,6302,5472,81,82
2023,2023alhu,Week 6,1622,7565,3959,6404,5965,1038,109,98
2023,2023alhu,Week 6,2438,5045,5005,3937,5276,8624,57,125
2023,2023alhu,Week 6,3843,5002,6823,5410,6107,7567,88,66
2023,2023alhu,Week 6,8788,7072,3284,179,6184,7430,107,71
2023,2023alhu,Week 6,538,4499,233,8772,9313,3616,102,109
2023,2023alhu,Week 6,2556,6936,1622,2973,7428,9073,123,60
2023,2023alhu,Week 6,7565,3630,6302,9280,1747,3959,137,109
2023,2023alhu,Week 6,1466,6404,8044,5965,6517,2438,135,60
2023,2023alhu,Week 6,8773,34,5472,3937,4576,7111,95,134
2023,2023alhu,Week 6,547,1038,5005,5410,2992,5842,86,121
2023,2023alhu,Week 6,8624,6823,6184,2556,538,3843,94,69
2023,2023alhu,Week 6,6107,233,3959,4499,1747,2973,109,135
2023,2023alhu,Week 6,6936,2438,7565,6302,7430,8772,134,44
2023,2023alhu,Week 6,8044,5045,8788,3630,5472,9280,79,143
2023,2023alhu,Week 6,9073,1622,2992,6517,7111,547,134,73
2023,2023alhu,Week 6,3284,1038,3616,9313,5965,34,155,31
2023,2023alhu,Week 6,179,7567,1466,5842,7072,3937,166,122
2023,2023alhu,Week 6,6404,7428,5276,5002,4576,8773,78,76
2023,2023alhu,Week 6,2973,5472,2438,1747,6184,5410,120,107
2023,2023alhu,Week 6,6517,8788,2556,7565,5005,233,67,130
2023,2023alhu,Week 6,3843,5965,6107,34,3630,547,63,167
2023,2023alhu,Week 6,7567,538,7072,6936,3616,3959,83,101
2023,2023alhu,Week 6,7111,179,9073,9280,5002,7428,91,81
2023,2023alhu,Week 6,2992,7430,6404,5842,1622,5045,108,101
2023,2023alhu,Week 6,6823,3284,9313,5276,8773,6302,96,38
2023,2023alhu,Week 6,8772,3937,1466,8044,8624,4576,132,100
2023,2023alhu,Week 6,4499,2556,547,2438,7072,1038,120,122
2023,2023alhu,Week 6,3843,5410,7111,233,9073,6936,66,106
2023,2023alhu,Week 6,3616,5002,1622,7565,5842,1747,124,109
2023,2023alhu,Week 6,5965,5276,2973,6517,6302,538,63,27
2023,2023alhu,Week 6,8788,34,7428,2992,8624,5045,89,92
2023,2023alhu,Week 6,7430,3284,4576,4499,6107,8044,91,113
2023,2023alhu,Week 6,9313,9280,6404,6823,5005,7567,52,93
2023,2023alhu,Week 6,6184,8772,3630,1038,3937,179,98,159
2023,2023alhu,Week 6,5472,3959,5410,8773,1466,2556,128,114
2023,2023alhu,Week 6,547,5842,3843,7111,2973,8624,76,78
2023,2023alhu,Week 6,8044,9073,7430,5276,3616,1747,117,111
2023,2023alhu,Week 6,9280,34,538,5002,6404,2438,72,118
2023,2023alhu,Week 6,6302,8788,6184,6107,8772,1622,27,104
2023,2023alhu,Week 6,1038,1466,6936,8773,5005,3284,135,87
2023,2023alhu,Week 6,4576,3630,5045,7072,233,6823,121,118
2023,2023alhu,Week 6,5965,5472,179,2992,3959,4499,129,163
2023,2023alhu,Week 6,3937,7567,9313,7428,7565,6517,131,110
2023,2023alhu,Week 6,34,5842,7430,6302,2556,9280,58,81
2023,2023alhu,Week 6,8044,3616,8773,8624,3843,1622,121,98
2023,2023alhu,Week 6,5005,5002,7072,8772,2973,3284,99,88
2023,2023alhu,Week 6,4576,4499,5965,5045,6936,6184,118,70
2023,2023alhu,Week 6,7111,1747,7428,1038,6823,5410,115,149
2023,2023alhu,Week 6,3959,6517,3937,6107,547,9313,147,63
2023,2023alhu,Week 6,3630,2992,1466,538,9073,7565,173,50
2023,2023alhu,Week 6,2438,179,5276,5472,7567,233,149,141
2023,2023alhu,Week 6,6404,8773,2973,8788,7430,4499,72,88
2023,2023oktu,Week 6,8711,31,2373,4646,2395,2341,75,80
2023,2023oktu,Week 6,3179,6832,7483,3507,5013,2359,93,126
2023,2023oktu,Week 6,2352,2165,6809,935,4613,2773,90,121
2023,2023oktu,Week 6,3160,1750,7744,5006,1561,2972,54,127
2023,2023oktu,Week 6,8086,9007,4523,3163,2333,2357,92,74
2023,2023oktu,Week 6,2083,8064,3465,1806,3931,2410,99,103
2023,2023oktu,Week 6,4005,1339,8191,5550,9244,1986,115,70
2023,2023oktu,Week 6,1209,8752,8136,31,6424,6026,56,170
2023,2023oktu,Week 6,4613,3507,2373,935,2341,1750,157,50
2023,2023oktu,Week 6,8086,4646,2165,4523,3163,7744,126,54
2023,2023oktu,Week 6,3465,1806,8711,9007,2410,1561,102,112
2023,2023oktu,Week 6,5006,7483,2357,2395,5550,2083,96,75
2023,2023oktu,Week 6,8136,1339,6809,5013,3179,8064,88,119
2023,2023oktu,Week 6,3160,1986,2359,9244,6026,2333,103,68
2023,2023oktu,Week 6,6424,2352,4005,6832,2972,3931,127,70
2023,2023oktu,Week 6,1209,2773,2410,8191,8752,4646,104,82
2023,2023oktu,Week 6,2083,935,1806,2341,7744,2373,106,65
2023,2023oktu,Week 6,8086,3179,1339,31,2165,8136,132,91
2023,2023oktu,Week 6,1986,8711,4613,3465,3160,5006,67,107
2023,2023oktu,Week 6,9007,3163,6832,1750,8064,9244,82,39
2023,2023oktu,Week 6,5550,2333,2773,6424,3507,2972,103,108
2023,2023oktu,Week 6,6809,3931,7483,2357,1209,8191,87,104
2023,2023oktu,Week 6,6026,2352,2395,4523,4005,5013,102,123
2023,2023oktu,Week 6,8752,1561,4613,8136,2359,8086,133,57
2023,2023oktu,Week 6,3179,1806,2341,3163,5006,1339,121,107
2023,2023oktu,Week 6,2410,5550,3507,2165,1986,7744,69,85
2023,2023oktu,Week 6,2972,3160,31,3931,4646,9007,94,135
2023,2023oktu,Week 6,4005,7483,9244,6809,1750,4523,103,37
2023,2023oktu,Week 6,8191,935,6424,1561,2395,8064,111,74
2023,2023oktu,Week 6,8752,3465,2359,2333,5013,2083,64,125
2023,2023oktu,Week 6,2773,8711,6832,6026,2373,1209,85,89
2023,2023oktu,Week 6,2352,2410,3179,2357,8086,3160,129,116
2023,2023oktu,Week 6,9007,8136,2972,1986,5006,6809,60,102
2023,2023oktu,Week 6,1806,8191,3507,4523,4613,31,68,90
2023,2023oktu,Week 6,3465,9244,2395,3163,8752,5550,49,59
2023,2023oktu,Week 6,3931,2773,6424,2359,2373,7483,111,103
2023,2023oktu,Week 6,5013,2357,6832,8711,7744,935,115,51
2023,2023oktu,Week 6,1561,1750,2333,4646,1339,6026,120,86
2023,2023oktu,Week 6,2352,1209,8064,2165,2083,2341,80,114
2023,2023oktu,Week 6,2972,2410,3163,4005,3507,8752,86,69
2023,2023oktu,Week 6,5006,31,1806,9244,6809,6424,126,97
2023,2023oktu,Week 6,2395,4523,3931,8136,7744,6832,101,44
2023,2023oktu,Week 6,8086,6026,7483,935,9007,3465,104,80
2023,2023oktu,Week 6,5013,1209,1986,2341,2359,5550,141,58
2023,2023oktu,Week 6,8064,4613,4646,1339,2083,2357,115,142
2023,2023oktu,Week 6,3179,1561,3160,2373,4005,2773,113,108
2023,2023oktu,Week 6,1750,2165,8711,8191,2333,2352,72,112
2023,2023oktu,Week 6,8752,1806,6026,7744,7483,3507,100,41
2023,2023oktu,Week 6,3163,2341,9244,8136,6424,2410,24,110
2023,2023oktu,Week 6,5006,4646,1209,3931,5013,935,111,112
2023,2023oktu,Week 6,2083,1986,9007,1561,2773,1339,128,170
2023,2023oktu,Week 6,2359,2352,1750,31,2395,8086,104,38
2023,2023oktu,Week 6,2972,8064,5550,4523,8711,3179,99,73
2023,2023oktu,Week 6,3160,6832,6809,3465,8191,2165,75,104
2023,2023oktu,Week 6,4613,4005,2333,2373,8136,2357,125,77
2023,2023oktu,Week 6,5013,2410,5006,2773,3163,6026,148,89
2023,2023oktu,Week 6,3507,1561,8086,1209,3931,9244,94,76
2023,2023oktu,Week 6,1986,6424,4523,2083,1750,3179,130,79
2023,2023oktu,Week 6,7744,6809,8752,1339,8711,2352,30,155
2023,2023oktu,Week 6,2341,4005,31,7483,3465,2333,95,89
2023,2023oktu,Week 6,2373,2395,935,5550,9007,3160,119,77
2023,2023oktu,Week 6,2357,2972,4646,2165,2359,1806,99,72
2023,2023oktu,Week 6,4613,8191,5006,8064,6832,3507,156,33
2023,2023oktu,Week 6,2083,3931,3163,6809,6026,8711,91,87
2023,2023oktu,Week 6,2341,4523,1561,2333,3179,8752,98,84
2023,2023oktu,Week 6,5550,31,935,1750,8136,2773,75,30
2023,2023oktu,Week 6,2395,2165,5013,1806,8086,1986,117,111
2023,2023oktu,Week 6,9244,2373,4646,2972,2352,3465,123,129
2023,2023oktu,Week 6,7744,2359,4005,8064,9007,8191,105,66
2023,2023oktu,Week 6,7483,1209,6424,1339,3160,4613,142,170
2023,2023oktu,Week 6,2410,2357,8752,6832,5006,1750,88,91
2023,2023oktu,Week 6,2333,2341,3931,2773,6809,2395,89,76
2023,2023oktu,Week 6,6026,5550,8136,4646,1806,2352,82,120
2023,2023oktu,Week 6,8191,8086,5013,2373,2972,2083,111,128
2023,2023oktu,Week 6,8711,8064,3163,7483,1986,31,28,123
2023,2023oktu,Week 6,7744,9244,9007,3179,4613,1209,70,113
2023,2023oktu,Week 6,3507,2357,2165,6424,3465,1561,86,142
2023,2023oktu,Week 6,2359,4523,1339,2410,935,4005,120,106
2023,2023oktu,Week 6,6832,2083,8086,3160,2341,8136,67,63
2023,2023txcmp1,Week 6,5892,2848,9156,3679,4063,2882,116,106
2023,2023txcmp1,Week 6,9181,4219,2689,9054,324,5427,81,117
2023,2023txcmp1,Week 6,2468,3802,8177,7540,9080,6672,145,125
2023,2023txcmp1,Week 6,1296,6369,2582,9128,8019,5414,117,115
2023,2023txcmp1,Week 6,9136,1477,6377,5613,6800,8827,167,98
2023,2023txcmp1,Week 6,9051,1255,3847,3035,5923,9140,103,129
2023,2023txcmp1,Week 6,4587,5431,3679,7503,4639,7540,123,114
2023,2023txcmp1,Week 6,2468,5414,9080,1296,4219,4063,136,142
2023,2023txcmp1,Week 6,9136,6369,3802,324,9128,9156,112,124
2023,2023txcmp1,Week 6,2582,5613,5923,8019,9181,9140,113,153
2023,2023txcmp1,Week 6,5427,3035,7503,6800,2848,4587,83,107
2023,2023txcmp1,Week 6,5431,9054,8827,1255,5892,8177,103,152
2023,2023txcmp1,Week 6,2882,6377,4639,1477,3847,6672,88,172
2023,2023txcmp1,Week 6,9051,3679,9156,2689,2582,7540,82,122
2023,2023txcmp1,Week 6,4587,9181,6369,2468,1296,3035,108,141
2023,2023txcmp1,Week 6,324,3802,4063,5613,5431,5427,129,102
2023,2023txcmp1,Week 6,6377,8827,5923,9140,7503,1477,104,105
2023,2023txcmp1,Week 6,8019,9080,1255,2882,5414,6800,64,155
2023,2023txcmp1,Week 6,4639,9054,4219,5892,9128,3847,85,126
2023,2023txcmp1,Week 6,6672,9136,8177,2848,2689,9051,156,138
2023,2023txcmp1,Week 6,3802,9156,9140,4063,8827,7503,112,83
2023,2023txcmp1,Week 6,5431,5923,5414,6377,6369,3035,132,162
2023,2023txcmp1,Week 6,3847,7540,2882,6800,5427,1296,102,139
2023,2023txcmp1,Week 6,9080,2582,2848,5892,4639,2689,110,88
2023,2023txcmp1,Week 6,4219,8177,8019,1255,324,5613,135,111
2023,2023txcmp1,Week 6,1477,3679,9128,9136,2468,4587,144,175
2023,2023txcmp1,Week 6,6672,6800,9051,9181,5414,9054,145,108
2023,2023txcmp1,Week 6,7503,6369,5892,3847,2689,4063,106,150
2023,2023txcmp1,Week 6,2582,9140,4219,5427,9156,4639,119,139
2023,2023txcmp1,Week 6,8177,7540,1296,5923,1477,3802,144,120
2023,2023txcmp1,Week 6,6672,5613,9054,3679,9136,1255,121,94
2023,2023txcmp1,Week 6,8827,2468,9051,8019,5431,2848,129,139
2023,2023txcmp1,Week 6,9181,2882,9128,6377,9080,4587,87,146
2023,2023txcmp1,Week 6,3035,4063,5414,8177,324,4639,146,166
2023,2023txcmp1,Week 6,9140,9136,7540,4219,6672,6369,121,132
2023,2023txcmp1,Week 6,1477,9156,6800,2468,5431,5892,143,147
2023,2023txcmp1,Week 6,2689,8019,5923,8827,4587,9128,105,127
2023,2023txcmp1,Week 6,2848,5427,9181,1296,3847,9080,110,129
2023,2023txcmp1,Week 6,3679,5613,3802,9051,2882,3035,101,97
2023,2023txcmp1,Week 6,7503,324,6377,1255,2582,9054,106,140
2023,2023txcmp1,Week 6,2689,9140,4587,4219,5414,1477,100,169
2023,2023txcmp1,Week 6,9156,9136,5431,9080,5923,9181,121,56
2023,2023txcmp1,Week 6,2848,2882,5613,6369,9128,2468,102,176
2023,2023txcmp1,Week 6,3035,1255,6672,2582,4639,4063,162,107
2023,2023txcmp1,Week 6,7540,3679,324,8827,5427,3847,89,134
2023,2023txcmp1,Week 6,9054,6377,5892,3802,1296,8019,134,135
2023,2023txcmp1,Week 6,7503,6800,4219,5923,8177,9051,85,96
2023,2023txcmp1,Week 6,9128,3035,5613,4063,2848,9136,141,145
2023,2023txcmp1,Week 6,1255,2689,1477,9156,9181,3847,101,100
2023,2023txcmp1,Week 6,5414,6672,6377,5892,5427,7540,187,107
2023,2023txcmp1,Week 6,6369,9140,324,6800,9080,3679,148,110
2023,2023txcmp1,Week 6,4639,8019,2468,9054,7503,3802,112,111
2023,2023txcmp1,Week 6,2882,1296,8827,8177,4587,2582,112,94
2023,2023txcmp1,Week 6,9051,7540,5613,5431,6377,2689,96,126
2023,2023txcmp1,Week 6,5414,5892,3679,5923,4219,9136,128,124
2023,2023txcmp1,Week 6,4063,9181,1255,9128,2848,9140,83,148
2023,2023txcmp1,Week 6,3847,6800,2468,8827,3802,2582,145,110
2023,2023txcmp1,Week 6,4587,9054,1477,5427,9051,6369,94,98
2023,2023txcmp1,Week 6,1296,4639,5431,2882,7503,8177,125,120
2023,2023txcmp1,Week 6,9080,3035,324,8019,9156,6672,118,147
2023,2023txcmp1,Week 6,7540,4219,2848,3802,6377,9181,144,127
2023,2023txcmp1,Week 6,6800,5892,2582,5613,2468,2689,144,144
2023,2023txcmp1,Week 6,5431,3847,7503,5414,4587,1296,137,126
2023,2023txcmp1,Week 6,5923,4063,9128,324,1477,2882,150,149
2023,2023txcmp1,Week 6,3679,8177,5427,3035,8019,9136,150,135
2023,2023txcmp1,Week 6,6369,8827,1255,9080,9051,4639,97,34
2023,2023txcmp1,Week 6,9156,9054,1296,6672,9140,5431,98,148
2023,2023txcmp1,Week 6,4587,7503,5923,5613,5892,4219,115,129
2023,2023txcmp1,Week 6,324,2582,5414,2848,1477,2468,170,173
2023,2023txcmp1,Week 6,5427,2689,9136,3802,1255,2882,135,120
2023,2023txcmp1,Week 6,9054,4063,9080,6377,7540,8019,102,163
2023,2023txcmp1,Week 6,4639,9128,6800,9156,3035,8827,147,125
2023,2023txcmp1,Week 6,8177,3847,6369,9181,6672,3679,142,122
2023,2023txcmp1,Week 6,9140,1296,5892,9136,9051,324,124,113
2023,2023txcmp1,Week 6,4219,3802,9080,2582,2882,5431,130,131
2023,2023txcmp1,Week 6,4639,1255,2848,7540,5923,6800,114,99
2023,2023txcmp1,Week 6,3847,4587,8019,4063,5613,9156,127,102
2023,2023txcmp1,Week 6,1477,8827,9181,6369,3679,9054,117,120
2023,2023txcmp1,Week 6,9128,6672,5427,5414,9051,7503,138,112
2023,2023txcmp1,Week 6,2689,8177,3035,9140,2468,6377,171,171
2023,2023txcmp2,Week 6,5572,2881,7506,7312,4192,3005,141,104
2023,2023txcmp2,Week 6,8858,2587,6901,8088,2714,5411,96,133
2023,2023txcmp2,Week 6,7616,8576,9088,9105,5417,4610,106,104
2023,2023txcmp2,Week 6,8749,418,118,2158,5261,4206,138,117
2023,2023txcmp2,Week 6,8370,2687,1745,8573,6357,4153,143,96
2023,2023txcmp2,Week 6,5682,9034,5829,624,5503,8874,61,117
2023,2023txcmp2,Week 6,148,9088,231,2881,2583,3310,157,133
2023,2023txcmp2,Week 6,5411,7616,7312,4192,8749,2714,112,78
2023,2023txcmp2,Week 6,1745,9105,4206,8370,418,5572,124,81
2023,2023txcmp2,Week 6,118,6901,5503,624,2587,8576,122,143
2023,2023txcmp2,Week 6,2158,5829,2583,148,7506,8858,135,114
2023,2023txcmp2,Week 6,231,5417,4153,3310,8573,5682,144,106
2023,2023txcmp2,Week 6,4610,8874,3005,5261,2687,6357,138,140
2023,2023txcmp2,Week 6,8088,4206,6901,118,2714,9034,102,134
2023,2023txcmp2,Week 6,2881,2158,8858,7616,624,9105,118,134
2023,2023txcmp2,Week 6,5417,8370,9088,4192,5829,231,129,77
2023,2023txcmp2,Week 6,2687,5572,3310,418,4610,5503,165,74
2023,2023txcmp2,Week 6,148,8573,8088,8874,5682,6357,142,100
2023,2023txcmp2,Week 6,8576,7312,1745,5411,2583,5261,86,105
2023,2023txcmp2,Week 6,4153,8749,7506,2587,3005,9034,56,118
2023,2023txcmp2,Week 6,5829,624,4610,231,2687,2714,111,145
2023,2023txcmp2,Week 6,3310,118,2158,2881,4192,8573,182,92
2023,2023txcmp2,Week 6,9088,5682,7312,6357,8576,148,74,143
2023,2023txcmp2,Week 6,3005,5417,7616,2587,1745,2583,133,89
2023,2023txcmp2,Week 6,418,5411,7506,4153,8088,8874,111,105
2023,2023txcmp2,Week 6,5572,5503,9034,5261,8858,8370,65,99
2023,2023txcmp2,Week 6,6901,9105,5682,4206,8749,2687,58,135
2023,2023txcmp2,Week 6,2158,1745,4192,8573,8576,5829,151,113
2023,2023txcmp2,Week 6,4153,148,7312,8088,118,4610,117,122
2023,2023txcmp2,Week 6,3005,2881,5261,9034,231,2583,155,80
2023,2023txcmp2,Week 6,9088,418,8874,5503,4206,7616,75,108
2023,2023txcmp2,Week 6,5417,5572,2587,8858,9105,5411,116,107
2023,2023txcmp2,Week 6,624,3310,8749,7506,8370,6901,170,106
2023,2023txcmp2,Week 6,6357,8088,2881,2714,5829,1745,159,149
2023,2023txcmp2,Week 6,8573,3005,5503,9034,2158,148,144,133
2023,2023txcmp2,Week 6,2687,4192,418,8858,118,9088,129,139
2023,2023txcmp2,Week 6,2583,4610,8370,5411,4206,5682,102,140
2023,2023txcmp2,Week 6,7312,2714,7506,6357,6901,5417,118,120
2023,2023txcmp2,Week 6,2587,7616,3310,4153,5261,624,142,137
2023,2023txcmp2,Week 6,8874,231,8749,8576,5572,9105,114,131
2023,2023txcmp2,Week 6,2583,8858,418,8370,9034,4192,112,94
2023,2023txcmp2,Week 6,3005,2158,6901,9088,4610,6357,149,117
2023,2023txcmp2,Week 6,7506,5682,5417,118,1745,7616,80,139
2023,2023txcmp2,Week 6,9105,2714,8573,5261,5503,148,124,114
2023,2023txcmp2,Week 6,8576,4153,4206,231,8088,5572,126,106
2023,2023txcmp2,Week 6,5829,3310,8874,8749,2587,7312,130,116
2023,2023txcmp2,Week 6,7506,624,2687,2881,5411,5417,173,166
2023,2023txcmp2,Week 6,148,7616,4192,1745,6901,418,122,132
2023,2023txcmp2,Week 6,8576,2583,118,2714,4153,8858,152,146
2023,2023txcmp2,Week 6,3005,9088,9105,3310,7312,8088,127,99
2023,2023txcmp2,Week 6,9034,5261,8749,5572,6357,5829,74,125
2023,2023txcmp2,Week 6,4206,624,8370,2687,8874,2587,156,145
2023,2023txcmp2,Week 6,5503,5411,2158,5682,2881,231,125,123
2023,2023txcmp2,Week 6,4610,8858,8576,2583,7506,8573,135,90
2023,2023txcmp2,Week 6,9105,7312,5261,6901,9088,4153,102,101
2023,2023txcmp2,Week 6,7616,9034,2687,2714,5572,148,115,165
2023,2023txcmp2,Week 6,624,4192,5417,8874,8370,2158,136,119
2023,2023txcmp2,Week 6,1745,8573,4610,8749,8088,5503,127,96
2023,2023txcmp2,Week 6,5829,2587,2881,418,3005,5682,130,114
2023,2023txcmp2,Week 6,6357,5411,118,4206,3310,231,171,165
2023,2023txcmp2,Week 6,2583,148,624,8874,5417,8576,158,87
2023,2023txcmp2,Week 6,5572,4153,1745,2158,8749,9088,121,123
2023,2023txcmp2,Week 6,5503,2881,8370,7312,6901,2687,112,125
2023,2023txcmp2,Week 6,4192,3310,5261,8858,5682,8088,114,111
2023,2023txcmp2,Week 6,231,6357,2587,8573,7616,418,109,83
2023,2023txcmp2,Week 6,4610,9034,5411,5829,118,9105,99,140
2023,2023txcmp2,Week 6,2714,9088,4206,7506,3005,8576,142,136
2023,2023txcmp2,Week 6,7312,8858,5572,5682,1745,624,93,139
2023,2023txcmp2,Week 6,8088,5261,2587,5417,2687,2158,73,139
2023,2023txcmp2,Week 6,5503,9105,6357,4192,4153,2583,137,78
2023,2023txcmp2,Week 6,5411,8370,8749,118,148,3005,132,192
2023,2023txcmp2,Week 6,6901,231,8573,4206,7506,5829,85,123
2023,2023txcmp2,Week 6,3310,4610,2714,7616,8874,2881,147,131
2023,2023txcmp2,Week 6,418,2158,4153,9034,7312,624,132,96
2023,2023txcmp2,Week 6,8749,6357,3005,5417,5503,8858,163,90
2023,2023txcmp2,Week 6,2687,8573,118,9088,2583,5572,164,116
2023,2023txcmp2,Week 6,2587,4206,4192,4610,148,2881,132,133
2023,2023txcmp2,Week 6,6901,8874,9034,1745,231,5411,83,156
2023,2023txcmp2,Week 6,5682,8576,2714,9105,418,3310,94,154
2023,2023txcmp2,Week 6,8370,5829,8088,5261,7506,7616,87,86
2023,2023casj,Week 6,766,6884,6814,841,5171,1868,59,119
2023,2023casj,Week 6,5027,4990,254,2473,2854,5458,122,111
2023,2023casj,Week 6,2489,6238,5985,751,2643,9126,83,33
2023,2023casj,Week 6,3669,4669,3256,199,8840,6418,107,100
2023,2023casj,Week 6,649,1678,4010,581,6390,1351,122,150
2023,2023casj,Week 6,7667,9006,8262,852,1160,3257,66,117
2023,2023casj,Week 6,4904,4171,1967,2367,4255,8805,89,137
2023,2023casj,Week 6,3482,4973,7709,599,2035,846,39,135
2023,2023casj,Week 6,604,253,4186,7419,8852,100,99,95
2023,2023casj,Week 6,9143,5507,841,840,972,8521,114,102
2023,2023casj,Week 6,5458,6418,4010,2643,199,2854,118,115
2023,2023casj,Week 6,8262,4990,5985,649,6814,3256,62,65
2023,2023casj,Week 6,4255,2473,1160,8805,852,8840,121,100
2023,2023casj,Week 6,6884,3257,599,1678,766,5027,112,138
2023,2023casj,Week 6,751,1351,100,3482,3669,4171,125,85
2023,2023casj,Week 6,4669,8521,253,6238,972,846,53,127
2023,2023casj,Week 6,8852,2489,581,6390,1967,2035,132,100
2023,2023casj,Week 6,2367,7419,9006,1868,4973,9143,62,115
2023,2023casj,Week 6,4186,7667,5171,7709,840,4904,87,89
2023,2023casj,Week 6,6418,604,9126,4255,254,5507,102,162
2023,2023casj,Week 6,766,199,8262,4171,1351,8805,90,100
2023,2023casj,Week 6,6238,100,3257,5458,599,6814,120,133
2023,2023casj,Week 6,841,2854,8840,2489,852,253,81,105
2023,2023casj,Week 6,1868,2473,3482,5985,8521,581,131,126
2023,2023casj,Week 6,9006,649,4904,4669,6884,8852,74,85
2023,2023casj,Week 6,5171,9126,3669,6390,604,4973,116,123
2023,2023casj,Week 6,1678,1967,4990,9143,4010,4186,123,106
2023,2023casj,Week 6,5027,846,5507,2643,2367,1160,90,80
2023,2023casj,Week 6,254,7419,972,3256,7709,7667,179,83
2023,2023casj,Week 6,852,2035,751,1351,5458,840,77,122
2023,2023casj,Week 6,6238,581,6884,8262,100,2854,143,107
2023,2023casj,Week 6,2473,4904,199,2489,9006,599,101,111
2023,2023casj,Week 6,8805,3257,8521,4990,4186,6390,57,93
2023,2023casj,Week 6,1160,649,3482,253,5171,2643,116,122
2023,2023casj,Week 6,8852,972,766,4010,2367,3669,140,117
2023,2023casj,Week 6,3256,840,5027,6814,1967,604,69,128
2023,2023casj,Week 6,4255,751,1678,7709,4669,1868,176,100
2023,2023casj,Week 6,8840,9143,846,254,9126,7667,157,122
2023,2023casj,Week 6,5985,4171,2035,841,6418,7419,67,77
2023,2023casj,Week 6,5507,1160,1351,4973,4186,2489,145,71
2023,2023casj,Week 6,199,6390,852,972,3482,6884,119,121
2023,2023casj,Week 6,100,3256,8521,5027,5171,2367,88,71
2023,2023casj,Week 6,6814,1678,7709,2473,2643,8805,141,81
2023,2023casj,Week 6,8262,1868,5458,9126,4669,1967,136,61
2023,2023casj,Week 6,840,7419,4010,599,8840,254,112,198
2023,2023casj,Week 6,9143,8852,4255,2854,5985,766,133,96
2023,2023casj,Week 6,846,6418,9006,581,751,841,85,139
2023,2023casj,Week 6,4973,6238,7667,4990,649,4171,76,96
2023,2023casj,Week 6,5507,253,3669,2035,4904,3257,149,104
2023,2023casj,Week 6,604,8521,2643,6884,8262,1351,111,119
2023,2023casj,Week 6,8840,5458,972,4186,6814,1868,154,84
2023,2023casj,Week 6,7709,1160,254,5985,199,1967,131,101
2023,2023casj,Week 6,8805,751,5027,5171,9143,7419,52,123
2023,2023casj,Week 6,1678,2489,6418,4990,3482,2367,151,51
2023,2023casj,Week 6,4669,599,581,7667,841,8852,169,88
2023,2023casj,Week 6,6238,6390,4171,5507,604,2473,110,148
2023,2023casj,Week 6,9126,2035,4255,4010,100,9006,148,114
2023,2023casj,Week 6,4904,766,253,4973,3256,852,70,108
2023,2023casj,Week 6,3257,3669,2854,649,846,840,133,124
2023,2023casj,Week 6,972,199,2489,7419,8262,1678,128,146
2023,2023casj,Week 6,1967,5027,841,1351,7667,3482,103,104
2023,2023casj,Week 6,1160,6238,6814,6390,9143,6418,79,126
2023,2023casj,Week 6,4186,2367,2035,6884,2473,9126,52,85
2023,2023casj,Week 6,8840,581,604,8521,4904,5458,164,100
2023,2023casj,Week 6,2643,4255,852,3669,599,4990,150,130
2023,2023casj,Week 6,3256,4010,8805,751,5507,649,90,119
2023,2023casj,Week 6,846,4973,4669,840,5985,100,99,110
2023,2023casj,Week 6,3257,254,5171,1868,4171,8852,171,97
2023,2023casj,Week 6,253,2854,7709,9006,766,6390,71,109
2023,2023casj,Week 6,972,4186,4904,6418,5027,6238,84,91
2023,2023casj,Week 6,2035,7667,2643,8521,4255,199,103,123
2023,2023casj,Week 6,599,3482,751,2367,8262,8840,109,73
2023,2023casj,Week 6,852,841,649,100,1678,604,100,157
2023,2023casj,Week 6,254,1868,5985,3669,8805,2489,172,81
2023,2023casj,Week 6,9126,581,840,1160,4990,766,117,139
2023,2023casj,Week 6,2854,4010,4669,3257,6814,4973,80,93
2023,2023casj,Week 6,4171,7709,9143,253,5458,6884,92,127
2023,2023casj,Week 6,7419,1351,3256,846,8852,2473,101,122
2023,2023casj,Week 6,1967,5507,6238,5171,9006,1678,115,159
2023,2023casj,Week 6,100,2643,6390,4904,254,751,107,134
2023,2023casj,Week 6,766,1868,649,2035,5027,199,178,85
2023,2023casj,Week 6,6814,5985,2367,581,852,4186,79,111
2023,2023casj,Week 6,3482,8805,9143,604,3257,4669,85,130
2023,2023casj,Week 6,4171,9126,599,2854,3256,972,109,139
2023,2023casj,Week 6,1351,8840,4990,9006,7709,5507,122,91
2023,2023casj,Week 6,8521,6884,7419,1967,3669,1160,106,126
2023,2023casj,Week 6,5458,2489,5171,4010,846,4255,114,149
2023,2023casj,Week 6,7667,840,2473,6418,253,8262,182,55
2023,2023casj,Week 6,199,841,4973,8852,8805,6238,69,89
2023,2023pncmp,Week 6,7627,6831,2412,3711,5827,2910,135,149
2023,2023pncmp,Week 6,4915,4131,2471,1778,3636,1983,104,146
2023,2023pncmp,Week 6,360,488,4061,2990,4488,7034,129,104
2023,2023pncmp,Week 6,9036,2046,2811,2930,955,5468,151,147
2023,2023pncmp,Week 6,7461,3218,6443,8532,4911,753,162,98
2023,2023pncmp,Week 6,2147,1540,1294,4682,492,1318,125,128
2023,2023pncmp,Week 6,3663,2557,948,2521,1425,4469,150,147
2023,2023pncmp,Week 6,3674,5920,2980,1899,4125,4918,72,100
2023,2023pncmp,Week 6,2522,360,2471,2412,3711,3070,142,144
2023,2023pncmp,Week 6,955,7461,1983,6443,2990,6831,149,83
2023,2023pncmp,Week 6,5468,3218,5827,7034,4682,3636,146,152
2023,2023pncmp,Week 6,4131,4488,1425,4061,1318,4915,156,167
2023,2023pncmp,Week 6,2811,2910,488,1899,9036,1778,169,114
2023,2023pncmp,Week 6,7627,2930,492,8532,3663,3070,146,156
2023,2023pncmp,Week 6,2980,753,1540,2147,948,3674,136,141
2023,2023pncmp,Week 6,2557,5920,4911,2522,2046,1294,108,74
2023,2023pncmp,Week 6,2521,360,4918,4125,1983,4469,149,107
2023,2023pncmp,Week 6,4682,3218,6831,2811,4061,4131,116,159
2023,2023pncmp,Week 6,1318,1425,2412,3070,5468,488,151,108
2023,2023pncmp,Week 6,2910,3663,7461,2980,3711,2471,170,79
2023,2023pncmp,Week 6,8532,6443,4488,2990,9036,1540,123,145
2023,2023pncmp,Week 6,948,2046,4125,492,2522,1778,138,153
2023,2023pncmp,Week 6,4918,955,4469,753,2930,3674,138,142
2023,2023pncmp,Week 6,4911,5827,3636,1294,2521,5920,117,129
2023,2023pncmp,Week 6,4915,2557,2147,7034,1899,7627,111,132
2023,2023pncmp,Week 6,3663,1540,1425,3218,2811,3711,162,132
2023,2023pncmp,Week 6,4682,4131,4125,6443,3070,2910,137,161
2023,2023pncmp,Week 6,3674,9036,2522,4061,2471,8532,132,141
2023,2023pncmp,Week 6,492,753,4488,2521,1778,4911,108,157
2023,2023pncmp,Week 6,5920,7034,5827,5468,2980,2990,73,138
2023,2023pncmp,Week 6,4469,7627,7461,3636,488,2046,125,161
2023,2023pncmp,Week 6,2412,2147,955,2557,360,1294,152,98
2023,2023pncmp,Week 6,2930,948,1899,6831,1318,4918,165,151
2023,2023pncmp,Week 6,3711,1983,9036,4915,4911,4125,117,87
2023,2023pncmp,Week 6,492,3674,3663,4131,2522,5920,139,124
2023,2023pncmp,Week 6,2811,2990,1778,3636,2471,2521,158,162
2023,2023pncmp,Week 6,4682,6443,2980,2557,2412,488,142,119
2023,2023pncmp,Week 6,1899,4061,3218,955,3070,7627,162,152
2023,2023pncmp,Week 6,360,4915,5468,1540,2046,4918,128,95
2023,2023pncmp,Week 6,1983,7034,753,2930,1294,1318,105,143
2023,2023pncmp,Week 6,4469,8532,2147,1425,5827,6831,129,118
2023,2023pncmp,Week 6,948,2910,4682,4488,7461,2522,165,159
2023,2023pncmp,Week 6,2412,3674,1899,4911,2990,3663,118,144
2023,2023pncmp,Week 6,9036,3070,3218,4918,492,2557,135,128
2023,2023pncmp,Week 6,7627,4061,753,2471,5468,1983,107,107
2023,2023pncmp,Week 6,2046,7034,2521,1540,6831,4131,176,120
2023,2023pncmp,Week 6,1318,488,7461,5827,4125,955,151,125
2023,2023pncmp,Week 6,8532,5920,3711,4469,4488,2811,145,139
2023,2023pncmp,Week 6,1294,1778,2980,6443,1425,2930,73,151
2023,2023pncmp,Week 6,4915,3636,948,2147,2910,360,102,196
2023,2023pncmp,Week 6,1983,4911,1540,4061,4682,2557,150,154
2023,2023pncmp,Week 6,2521,1318,3663,4918,5827,9036,172,142
2023,2023pncmp,Week 6,4469,2412,4131,7461,2811,492,158,146
2023,2023pncmp,Week 6,4488,5468,1899,1294,3674,3711,116,91
2023,2023pncmp,Week 6,955,2522,6443,1425,4915,7627,157,137
2023,2023pncmp,Week 6,4125,2471,7034,948,488,8532,127,151
2023,2023pncmp,Week 6,2980,3636,3070,753,6831,2046,112,146
2023,2023pncmp,Week 6,2930,2990,2147,3218,5920,2910,167,181
2023,2023pncmp,Week 6,1778,2557,3674,360,7461,5827,138,105
2023,2023pncmp,Week 6,1425,955,2811,4488,4918,4682,155,138
2023,2023pncmp,Week 6,5468,2522,7034,1899,492,1983,75,161
2023,2023pncmp,Week 6,2046,4061,6443,3663,753,3711,130,135
2023,2023pncmp,Week 6,4131,3636,9036,7627,2980,8532,105,99
2023,2023pncmp,Week 6,4911,2930,6831,1540,2471,488,132,119
2023,2023pncmp,Week 6,5920,1778,4125,2412,3218,360,97,143
2023,2023pncmp,Week 6,2990,1294,4915,3070,4469,948,112,105
2023,2023pncmp,Week 6,2910,2521,2522,1318,2147,5468,180,152
2023,2023pncmp,Week 6,3636,8532,2557,3663,1899,955,101,166
2023,2023pncmp,Week 6,1425,4918,4911,7034,4131,7461,153,180
2023,2023pncmp,Week 6,3711,7627,360,1778,4682,2930,137,181
2023,2023pncmp,Week 6,6831,948,9036,5920,6443,2412,124,105
2023,2023pncmp,Week 6,4061,1294,4469,4125,2910,1540,86,166
2023,2023pncmp,Week 6,3070,4915,492,5827,3674,2521,141,146
2023,2023pncmp,Week 6,488,1983,2990,2811,2147,753,165,143
2023,2023pncmp,Week 6,2471,4488,1318,2046,2980,3218,157,149
2023,2023pncmp,Week 6,1778,7034,955,9036,7461,5920,141,100
2023,2023pncmp,Week 6,2557,4131,2930,948,3711,5468,125,139
2023,2023pncmp,Week 6,492,1540,4061,4918,2412,3636,121,141
2023,2023pncmp,Week 6,1294,4125,3663,6831,4915,2811,119,109
2023,2023pncmp,Week 6,5827,1318,2990,2522,7627,4911,124,128
2023,2023pncmp,Week 6,488,2980,2521,360,8532,4682,143,155
2023,2023pncmp,Week 6,2910,1983,2046,3674,1425,3218,192,153
2023,2023pncmp,Week 6,3070,2147,1899,6443,4469,2471,121,130
2023,2023pncmp,Week 6,753,5468,2557,6831,4125,4488,78,65
2023,2023pncmp,Week 6,5827,2811,7627,4911,948,4061,167,137
2023,2023pncmp,Week 6,3711,492,3636,1318,955,2980,166,180
2023,2023pncmp,Week 6,4131,4918,1294,2910,8532,2990,139,150
2023,2023pncmp,Week 6,1540,360,5920,2471,9036,1425,142,93
2023,2023pncmp,Week 6,488,6443,7034,3674,4469,2046,155,149
2023,2023pncmp,Week 6,4488,1778,3070,1983,3663,2147,146,132
2023,2023pncmp,Week 6,7461,2521,2412,3218,2930,4915,169,171
2023,2023pncmp,Week 6,2522,4682,5827,753,1899,4131,120,136
2023,2023pncmp,Week 6,2990,3711,1425,9036,1294,492,131,94
2023,2023pncmp,Week 6,2471,2811,3674,7034,2557,1318,140,143
2023,2023pncmp,Week 6,5468,6831,2910,955,4911,360,116,162
2023,2023pncmp,Week 6,7461,4918,4061,2147,2521,6443,165,154
2023,2023pncmp,Week 6,4125,3070,2930,3636,7627,4488,118,168
2023,2023pncmp,Week 6,2046,1899,8532,1983,2412,948,134,145
2023,2023pncmp,Week 6,2980,4469,2522,3218,1540,1778,127,170
2023,2023pncmp,Week 6,488,753,4682,5920,3663,4915,146,144
2023,2023incmp,Week 6,71,8116,461,5484,7657,1741,133,144
2023,2023incmp,Week 6,7454,1646,5188,292,1024,6956,130,129
2023,2023incmp,Week 6,3494,3940,3176,6721,7617,328,146,118
2023,2023incmp,Week 6,3947,234,6498,4926,3487,135,111,147
2023,2023incmp,Week 6,1555,1501,829,868,3147,5010,127,119
2023,2023incmp,Week 6,7457,6721,292,4272,1741,71,127,157
2023,2023incmp,Week 6,5484,3494,328,3176,1024,6498,139,113
2023,2023incmp,Week 6,1646,6956,868,7657,234,8116,115,129
2023,2023incmp,Week 6,7457,4926,4272,3147,5188,1555,152,121
2023,2023incmp,Week 6,829,3487,3947,3940,7617,1501,127,148
2023,2023incmp,Week 6,461,5010,3176,8116,7454,135,158,100
2023,2023incmp,Week 6,5484,868,292,6721,1646,3147,131,73
2023,2023incmp,Week 6,1024,4926,328,3947,7657,7617,136,123
2023,2023incmp,Week 6,135,6498,1555,71,829,234,132,116
2023,2023incmp,Week 6,5188,461,1741,5010,3940,7457,150,164
2023,2023incmp,Week 6,3487,1501,7454,3494,6956,4272,135,149
2023,2023incmp,Week 6,328,234,868,3947,5484,1555,134,114
2023,2023incmp,Week 6,6498,71,3940,292,1646,829,135,142
2023,2023incmp,Week 6,7657,4926,1501,3176,135,5188,119,106
2023,2023incmp,Week 6,1024,3147,8116,7454,4272,7617,98,151
2023,2023incmp,Week 6,1741,3494,6721,3487,6956,5010,111,147
2023,2023incmp,Week 6,461,7657,868,829,328,7457,140,163
2023,2023incmp,Week 6,234,5484,135,3940,4272,8116,133,118
2023,2023incmp,Week 6,6956,3176,7617,1646,1555,5010,141,127
2023,2023incmp,Week 6,461,7457,3487,4926,292,3147,162,130
2023,2023incmp,Week 6,1741,3947,1024,5188,6721,6498,151,104
2023,2023incmp,Week 6,71,7454,7657,3494,1501,1646,135,122
2023,2023incmp,Week 6,4272,829,135,6956,328,3147,120,111
2023,2023incmp,Week 6,3487,1741,3940,6721,3176,3947,135,84
2023,2023incmp,Week 6,5188,292,3494,8116,1501,5484,151,128
2023,2023incmp,Week 6,5010,6498,7454,71,868,7457,140,158
2023,2023incmp,Week 6,1555,234,4926,1024,461,7617,86,164
2023,2023incmp,Week 6,4272,5484,6721,7657,5188,829,142,100
2023,2023incmp,Week 6,7457,8116,1646,3494,3487,71,123,140
2023,2023incmp,Week 6,328,1555,3176,868,1741,7454,110,118
2023,2023incmp,Week 6,1501,292,6498,4926,461,3940,154,147
2023,2023incmp,Week 6,7617,5010,3147,6956,135,3947,149,93
2023,2023incmp,Week 6,6721,1024,7657,234,3176,7457,129,160
2023,2023incmp,Week 6,1741,6498,8116,5484,4926,7454,116,102
2023,2023incmp,Week 6,1646,7617,3487,1501,868,4272,138,139
2023,2023incmp,Week 6,5188,3947,328,461,1555,6956,61,146
2023,2023incmp,Week 6,3940,135,1024,5010,71,292,143,159
2023,2023incmp,Week 6,3147,829,5484,7454,3494,234,136,116
2023,2023incmp,Week 6,7617,7457,5188,6498,328,1646,149,137
2023,2023incmp,Week 6,4926,6956,71,868,3940,6721,123,118
2023,2023incmp,Week 6,3487,4272,1555,135,7657,3494,147,142
2023,2023incmp,Week 6,829,8116,3176,292,3947,461,182,135
2023,2023incmp,Week 6,1741,3147,234,1501,5010,1024,119,161
2023,2023incmp,Week 6,7617,135,868,7457,6498,5484,146,166
2023,2023incmp,Week 6,7454,829,6956,8116,5188,4926,111,130
2023,2023incmp,Week 6,3147,4272,461,3176,1741,1646,163,90
2023,2023incmp,Week 6,3947,3494,5010,7657,1555,292,153,110
2023,2023incmp,Week 6,328,71,1501,234,3487,6721,121,100
2023,2023incmp,Week 6,6956,5484,3940,868,1024,829,166,144
2023,2023incmp,Week 6,4272,5010,7657,6498,461,3494,117,154
2023,2023incmp,Week 6,1646,3947,4926,135,6721,1501,131,140
2023,2023incmp,Week 6,7617,292,234,1555,7457,1741,145,133
2023,2023incmp,Week 6,328,8116,3487,1024,5188,71,103,145
2023,2023incmp,Week 6,3147,3176,7657,3940,7454,3947,130,122
2023,2023incmp,Week 6,135,1646,461,829,7617,1741,147,162
2023,2023incmp,Week 6,5010,6721,4926,292,328,4272,126,130
2023,2023incmp,Week 6,234,3940,5188,8116,868,3494,153,139
2023,2023incmp,Week 6,1501,7457,6956,3176,71,5484,162,147
2023,2023incmp,Week 6,1555,7454,1024,6498,3147,3487,144,147
2023,2023micmp1,Week 6,5534,3546,5603,2960,5460,302,91,175
2023,2023micmp1,Week 6,5167,1718,548,6861,2771,8179,151,121
2023,2023micmp1,Week 6,7211,2075,1023,9208,245,3620,161,148
2023,2023micmp1,Week 6,6078,5907,8382,308,2604,7250,119,70
2023,2023micmp1,Week 6,2611,7501,503,1189,7160,1025,148,134
2023,2023micmp1,Week 6,7782,5926,4362,862,3767,5561,128,129
2023,2023micmp1,Week 6,2075,5660,4453,2832,9208,6753,123,129
2023,2023micmp1,Week 6,6078,3620,5534,7250,6861,5907,156,129
2023,2023micmp1,Week 6,3546,1718,503,7211,1025,2611,146,134
2023,2023micmp1,Week 6,5167,2771,5460,7782,1023,5603,108,80
2023,2023micmp1,Week 6,4362,2832,4453,6753,2604,1189,114,112
2023,2023micmp1,Week 6,302,3767,8382,548,5561,2960,106,153
2023,2023micmp1,Week 6,862,7160,5926,8179,308,7501,130,118
2023,2023micmp1,Week 6,245,6078,7250,2771,5534,5660,124,138
2023,2023micmp1,Week 6,5460,4362,3620,6861,1025,1718,151,144
2023,2023micmp1,Week 6,7211,2604,5167,2832,2960,8382,103,86
2023,2023micmp1,Week 6,5907,862,7782,1189,5603,2611,146,152
2023,2023micmp1,Week 6,1023,6753,5660,308,7160,3546,138,135
2023,2023micmp1,Week 6,8179,5561,2075,503,9208,3767,158,114
2023,2023micmp1,Week 6,548,245,302,5926,4453,7501,125,121
2023,2023micmp1,Week 6,5534,2832,1189,4362,1718,2771,138,140
2023,2023micmp1,Week 6,5167,2960,5660,1025,5907,1023,137,168
2023,2023micmp1,Week 6,7782,8179,7160,862,2075,2604,99,125
2023,2023micmp1,Week 6,302,3546,7501,6078,548,9208,136,136
2023,2023micmp1,Week 6,5926,3620,7250,503,6753,5460,123,154
2023,2023micmp1,Week 6,6861,308,5603,2611,5561,245,124,146
2023,2023micmp1,Week 6,4453,8382,7160,3767,7211,7782,116,136
2023,2023micmp1,Week 6,862,302,9208,2604,1023,1718,151,135
2023,2023micmp1,Week 6,5660,548,7501,2075,5907,2832,129,163
2023,2023micmp1,Week 6,5926,2611,6078,5534,503,2960,127,143
2023,2023micmp1,Week 6,4362,5603,8179,4453,7250,7211,122,128
2023,2023micmp1,Week 6,3620,5561,2771,3546,5167,6753,162,135
2023,2023micmp1,Week 6,1025,245,308,6861,1189,3767,114,106
2023,2023micmp1,Week 6,8382,503,862,5460,7782,6078,131,78
2023,2023micmp1,Week 6,1718,302,5926,5907,9208,5660,145,127
2023,2023micmp1,Week 6,5561,1023,2832,7250,2611,5534,147,120
2023,2023micmp1,Week 6,7160,2771,2075,4362,2960,308,148,155
2023,2023micmp1,Week 6,3546,548,6861,8382,5603,2604,115,93
2023,2023micmp1,Week 6,7501,1025,6753,8179,7211,245,117,157
2023,2023micmp1,Week 6,5460,4453,3767,3620,1189,5167,141,162
2023,2023micmp1,Week 6,6078,1718,2075,7250,1023,2960,183,123
2023,2023micmp1,Week 6,9208,5534,5561,5660,7160,6861,116,137
2023,2023micmp1,Week 6,308,7782,302,1025,2832,8179,128,136
2023,2023micmp1,Week 6,2611,862,5167,4453,6753,548,131,88
2023,2023micmp1,Week 6,8382,5460,7211,2771,5926,245,139,148
2023,2023micmp1,Week 6,5603,503,5907,1189,7501,4362,144,141
2023,2023micmp1,Week 6,2832,2604,3546,3767,3620,1718,121,126
2023,2023micmp1,Week 6,9208,5167,1025,5534,548,862,113,136
2023,2023micmp1,Week 6,5561,7250,7160,2771,4453,302,95,142
2023,2023micmp1,Week 6,503,7211,1189,1023,308,6078,130,113
2023,2023micmp1,Week 6,5660,8179,2604,5460,5603,5926,83,125
2023,2023micmp1,Week 6,3620,3546,2611,245,2075,8382,154,157
2023,2023micmp1,Week 6,2960,6753,5907,7501,7782,6861,151,127
2023,2023micmp1,Week 6,9208,4362,7211,3767,6078,5167,163,109
2023,2023micmp1,Week 6,1023,5926,503,548,2832,5603,138,110
2023,2023micmp1,Week 6,4453,1189,5561,3546,2075,1025,129,88
2023,2023micmp1,Week 6,6753,5534,8179,7501,8382,1718,139,135
2023,2023micmp1,Week 6,3620,7782,2604,2611,5660,308,125,133
2023,2023micmp1,Week 6,2960,6861,245,7160,302,4362,138,131
2023,2023micmp1,Week 6,5907,3767,2771,7250,862,5460,139,116
2023,2023micmp1,Week 6,5603,1025,6078,2075,5926,6753,149,157
2023,2023micmp1,Week 6,8179,1189,548,5660,7211,3620,143,165
2023,2023micmp1,Week 6,302,6861,5534,7782,4453,503,119,118
2023,2023micmp1,Week 6,3767,245,2832,7160,5167,5907,159,145
2023,2023micmp1,Week 6,1023,2611,5460,5561,8382,4362,113,109
2023,2023micmp1,Week 6,2604,7501,2960,2771,862,3546,92,152
2023,2023micmp1,Week 6,1718,7250,1189,5926,9208,308,145,104
2023,2023micmp1,Week 6,5603,3767,7160,6753,3620,6861,124,140
2023,2023micmp1,Week 6,5907,2611,4453,8382,8179,1023,91,75
2023,2023micmp1,Week 6,7211,6078,862,302,5660,5561,162,161
2023,2023micmp1,Week 6,2960,2771,9208,2604,503,1025,91,99
2023,2023micmp1,Week 6,308,5460,5534,5167,7501,2075,119,117
2023,2023micmp1,Week 6,548,7250,7782,245,4362,3546,112,152
2023,2023micmp1,Week 6,2832,6861,5926,1718,8179,862,96,155
2023,2023micmp1,Week 6,1189,8382,9208,5603,2960,3620,116,142
2023,2023micmp1,Week 6,6753,308,2771,2075,302,2611,112,177
2023,2023micmp1,Week 6,503,5660,7250,245,5167,4453,108,132
2023,2023micmp1,Week 6,1025,5460,548,7160,6078,2832,155,132
2023,2023micmp1,Week 6,1718,5907,7211,5561,3546,7782,183,132
2023,2023micmp1,Week 6,2604,4362,3767,7501,5534,1023,124,112
2023,2023micmp2,Week 6,7220,5535,3538,4405,6152,4381,140,109
2023,2023micmp2,Week 6,7166,7054,3414,7790,27,857,144,142
2023,2023micmp2,Week 6,3539,4004,1711,2054,5675,4392,103,146
2023,2023micmp2,Week 6,3536,4779,2620,3534,1506,5843,117,149
2023,2023micmp2,Week 6,7056,3875,68,4391,3668,85,125,162
2023,2023micmp2,Week 6,5114,5436,6090,217,5612,9215,101,111
2023,2023micmp2,Week 6,2054,3656,6081,4776,3098,3414,152,105
2023,2023micmp2,Week 6,5675,5535,1711,7220,5843,857,103,135
2023,2023micmp2,Week 6,1506,6152,27,68,7054,4405,168,145
2023,2023micmp2,Week 6,4391,5114,3536,4004,9215,5436,144,105
2023,2023micmp2,Week 6,3538,4779,3098,3875,7166,3668,145,97
2023,2023micmp2,Week 6,4381,3534,7790,7056,5612,3539,159,122
2023,2023micmp2,Week 6,2620,217,6090,6081,4776,85,147,159
2023,2023micmp2,Week 6,6152,5843,4392,27,3536,3656,101,153
2023,2023micmp2,Week 6,5436,2054,7054,4405,5114,3875,118,109
2023,2023micmp2,Week 6,3098,4381,9215,1711,1506,4779,131,150
2023,2023micmp2,Week 6,2620,6081,3414,85,3539,5535,144,139
2023,2023micmp2,Week 6,857,4004,7056,68,5675,3538,106,153
2023,2023micmp2,Week 6,3668,3534,4392,7790,5612,7220,168,129
2023,2023micmp2,Week 6,4776,7166,217,6090,3656,4391,145,156
2023,2023micmp2,Week 6,3539,3414,6152,5436,2620,3098,128,114
2023,2023micmp2,Week 6,3536,4405,5675,7054,7056,4381,138,138
2023,2023micmp2,Week 6,857,4392,5114,3534,6081,7220,175,167
2023,2023micmp2,Week 6,5612,4004,4776,217,1711,3875,87,119
2023,2023micmp2,Week 6,1506,7790,7166,3538,9215,2054,160,154
2023,2023micmp2,Week 6,4391,27,5843,6090,85,4779,154,171
2023,2023micmp2,Week 6,3656,68,5114,3668,7054,5535,127,131
2023,2023micmp2,Week 6,2620,4405,4004,3414,3875,857,122,124
2023,2023micmp2,Week 6,4381,3538,7166,6081,6152,3536,180,129
2023,2023micmp2,Week 6,217,27,85,4392,4779,7220,141,85
2023,2023micmp2,Week 6,68,1711,9215,5436,3539,3534,89,153
2023,2023micmp2,Week 6,7790,4391,5675,1506,3656,5535,162,141
2023,2023micmp2,Week 6,5843,7056,3668,6090,2054,4776,157,148
2023,2023micmp2,Week 6,3098,6081,857,4405,85,5612,143,119
2023,2023micmp2,Week 6,4779,7054,3539,27,68,7220,157,122
2023,2023micmp2,Week 6,5535,9215,7790,3536,4004,217,107,78
2023,2023micmp2,Week 6,3668,5436,4776,3534,5675,7166,140,124
2023,2023micmp2,Week 6,6090,4381,1506,5843,5114,3414,188,119
2023,2023micmp2,Week 6,3538,5612,4392,3656,7056,2620,149,124
2023,2023micmp2,Week 6,3875,4391,6152,1711,3098,2054,144,124
2023,2023micmp2,Week 6,3534,4776,3536,4779,7166,4405,144,115
2023,2023micmp2,Week 6,7054,857,85,5114,4381,4004,112,165
2023,2023micmp2,Week 6,7220,6090,7056,5612,5436,1506,148,126
2023,2023micmp2,Week 6,3539,3098,5843,5535,4392,3875,124,101
2023,2023micmp2,Week 6,6152,5675,217,3414,3538,4391,62,182
2023,2023micmp2,Week 6,6081,9215,27,68,2054,3668,134,138
2023,2023micmp2,Week 6,3656,7790,4405,2620,1711,4381,112,135
2023,2023micmp2,Week 6,5114,3539,7166,85,3536,7056,152,135
2023,2023micmp2,Week 6,4779,4776,3875,4392,3414,5436,141,152
2023,2023micmp2,Week 6,5535,6081,4004,3668,6090,27,119,141
2023,2023micmp2,Week 6,2054,5843,7790,857,217,68,102,100
2023,2023micmp2,Week 6,3656,3534,5612,7054,1506,9215,121,118
2023,2023micmp2,Week 6,7220,4391,3098,3538,2620,6152,148,148
2023,2023micmp2,Week 6,5436,4405,1711,5675,3668,6081,109,146
2023,2023micmp2,Week 6,7166,68,6090,4381,3539,217,146,148
2023,2023micmp2,Week 6,5612,3414,2054,5535,3536,5843,119,132
2023,2023micmp2,Week 6,7056,3534,4391,4004,3098,7054,173,112
2023,2023micmp2,Week 6,3875,7220,1506,6152,4776,7790,115,65
2023,2023micmp2,Week 6,1711,3538,3656,27,5114,4779,107,137
2023,2023micmp2,Week 6,4392,85,2620,9215,857,5675,135,140
2023,2023micmp2,Week 6,4405,217,5535,7056,7166,3098,106,113
2023,2023micmp2,Week 6,3414,7220,4381,6081,4391,68,179,147
2023,2023micmp2,Week 6,3875,3536,7054,1711,6090,3534,132,158
2023,2023micmp2,Week 6,9215,85,5114,4776,5843,3538,120,144
2023,2023micmp2,Week 6,5675,3656,5436,2054,2620,27,138,153
2023,2023micmp2,Week 6,7790,4779,3668,6152,857,5612,111,106
2023,2023micmp2,Week 6,3539,1506,4405,4004,4392,4391,134,118
2023,2023micmp2,Week 6,7054,7220,4776,5843,4381,6081,141,130
2023,2023micmp2,Week 6,27,3414,7056,9215,3875,3534,161,69
2023,2023micmp2,Week 6,3098,6090,5675,5114,7790,3538,156,152
2023,2023micmp2,Week 6,85,2054,6152,4779,5535,5436,155,122
2023,2023micmp2,Week 6,217,3668,3656,3536,857,3539,111,177
2023,2023micmp2,Week 6,1506,68,2620,7166,1711,5612,136,90
2023,2023micmp2,Week 6,4392,4405,6081,4004,7790,6090,115,144
2023,2023micmp2,Week 6,9215,6152,4779,5675,7056,5114,136,125
2023,2023micmp2,Week 6,85,3538,3534,4391,5535,2054,180,160
2023,2023micmp2,Week 6,857,3668,1711,3414,217,1506,143,122
2023,2023micmp2,Week 6,5843,3875,4004,7166,7220,3656,96,125
2023,2023micmp2,Week 6,5612,27,7054,4776,2620,3539,140,127
2023,2023micmp2,Week 6,4381,5436,68,3098,4392,3536,168,119
2023,2023micmp3,Week 6,5901,2337,4377,5462,9176,9245,142,139
2023,2023micmp3,Week 6,8608,314,1918,9204,3603,4325,101,99
2023,2023micmp3,Week 6,33,4327,3572,67,201,5424,160,111
2023,2023micmp3,Week 6,5166,3357,9227,3667,3641,4216,156,130
2023,2023micmp3,Week 6,2834,6637,6005,7174,3096,5050,107,134
2023,2023micmp3,Week 6,6002,9312,2767,7769,4810,123,164,136
2023,2023micmp3,Week 6,3604,573,1918,6569,9226,9176,154,113
2023,2023micmp3,Week 6,3603,5462,3357,9245,201,4327,139,108
2023,2023micmp3,Week 6,8608,4216,5901,7174,3572,2337,121,151
2023,2023micmp3,Week 6,5050,67,2834,3641,9312,5166,134,145
2023,2023micmp3,Week 6,3604,7769,314,3667,9227,6569,153,96
2023,2023micmp3,Week 6,9204,4377,33,9226,123,6005,103,127
2023,2023micmp3,Week 6,4325,4810,5424,3096,6002,573,103,133
2023,2023micmp3,Week 6,6637,5166,201,2767,9245,8608,131,158
2023,2023micmp3,Week 6,2337,7769,6569,1918,7174,67,170,154
2023,2023micmp3,Week 6,9204,9312,4327,3641,5462,314,113,146
2023,2023micmp3,Week 6,4810,5901,3096,33,3357,573,95,157
2023,2023micmp3,Week 6,3604,3667,9226,5424,2767,5050,129,151
2023,2023micmp3,Week 6,3603,4216,123,4377,2834,4325,122,104
2023,2023micmp3,Week 6,9227,3572,6637,9176,6002,6005,111,106
2023,2023micmp3,Week 6,6569,3096,9245,2337,3641,9204,66,140
2023,2023micmp3,Week 6,573,201,9226,7769,5462,7174,137,121
2023,2023micmp3,Week 6,4325,4327,5901,4810,5166,3604,95,91
2023,2023micmp3,Week 6,2767,4377,3603,314,33,6637,128,127
2023,2023micmp3,Week 6,6005,3667,5424,67,9227,4216,107,141
2023,2023micmp3,Week 6,9176,2834,3572,1918,123,3357,152,155
2023,2023micmp3,Week 6,9226,5050,9312,6002,8608,5166,129,168
2023,2023micmp3,Week 6,4325,7174,6637,3603,3641,3604,86,107
2023,2023micmp3,Week 6,314,6005,9245,5462,2337,67,111,168
2023,2023micmp3,Week 6,123,3572,573,3667,4810,201,149,78
2023,2023micmp3,Week 6,9204,9176,5424,2834,7769,33,101,187
2023,2023micmp3,Week 6,4377,6002,9227,3357,6569,8608,125,142
2023,2023micmp3,Week 6,9312,4216,3096,4327,1918,2767,127,165
2023,2023micmp3,Week 6,5050,201,3641,5901,9226,67,151,148
2023,2023micmp3,Week 6,6637,573,9204,3572,5166,4325,99,133
2023,2023micmp3,Week 6,3604,5424,6002,4377,314,4810,148,93
2023,2023micmp3,Week 6,4216,7769,9176,2337,8608,3096,150,141
2023,2023micmp3,Week 6,3603,9245,5050,123,9227,4327,144,113
2023,2023micmp3,Week 6,7174,33,6569,6005,3357,9312,105,140
2023,2023micmp3,Week 6,2834,2767,3667,1918,5462,5901,176,151
2023,2023micmp3,Week 6,4377,573,3641,6637,2337,4216,115,140
2023,2023micmp3,Week 6,314,3096,3603,9226,3572,4810,121,82
2023,2023micmp3,Week 6,4325,5050,7769,6569,6005,4327,122,98
2023,2023micmp3,Week 6,9245,5166,2834,9312,5424,33,160,172
2023,2023micmp3,Week 6,1918,9176,3667,6002,7174,201,116,150
2023,2023micmp3,Week 6,123,8608,5462,67,3604,3357,145,147
2023,2023micmp3,Week 6,3096,2767,9204,5901,5050,9227,130,148
2023,2023micmp3,Week 6,9312,2834,314,573,6005,7769,146,146
2023,2023micmp3,Week 6,9176,3603,33,5166,5424,2337,168,147
2023,2023micmp3,Week 6,9226,1918,6002,4216,9245,3604,130,113
2023,2023micmp3,Week 6,67,123,9204,3357,5901,6637,126,146
2023,2023micmp3,Week 6,4810,4327,7174,8608,4377,3667,93,132
2023,2023micmp3,Week 6,3572,2767,5462,3641,4325,6569,146,140
2023,2023micmp3,Week 6,33,3604,201,9227,2834,3096,121,96
2023,2023micmp3,Week 6,2337,573,3603,5050,9204,6002,128,121
2023,2023micmp3,Week 6,7174,5901,6005,5424,314,123,108,114
2023,2023micmp3,Week 6,7769,8608,3572,9245,3667,9312,142,89
2023,2023micmp3,Week 6,4810,1918,9227,4327,6637,5462,115,122
2023,2023micmp3,Week 6,3357,3641,9176,2767,9226,4325,164,83
2023,2023micmp3,Week 6,6569,67,5166,201,4216,4377,173,121
2023,2023micmp3,Week 6,6002,9245,7769,2834,3603,5901,139,93
2023,2023micmp3,Week 6,123,33,2337,4327,314,573,177,89
2023,2023micmp3,Week 6,2767,3604,7174,6005,9204,3572,155,57
2023,2023micmp3,Week 6,5462,6569,4810,9176,5050,5166,143,142
2023,2023micmp3,Week 6,3641,9226,8608,5424,1918,4216,148,135
2023,2023micmp3,Week 6,3667,4325,67,3096,6637,4377,131,120
2023,2023micmp3,Week 6,201,2337,3357,9227,9312,3604,144,167
2023,2023micmp3,Week 6,5166,6005,5462,3572,6002,3603,127,136
2023,2023micmp3,Week 6,8608,4327,2834,573,6569,2767,157,144
2023,2023micmp3,Week 6,9245,67,4810,4216,9204,7174,117,114
2023,2023micmp3,Week 6,9312,4325,1918,5901,33,3667,136,146
2023,2023micmp3,Week 6,3096,5424,3641,3357,4377,7769,165,152
2023,2023micmp3,Week 6,314,9227,9226,6637,9176,123,139,117
2023,2023micmp3,Week 6,5050,4810,2337,201,9204,2834,155,129
2023,2023micmp3,Week 6,4327,3667,6002,33,67,2767,136,190
2023,2023micmp3,Week 6,3572,5901,3641,6005,3603,8608,134,97
2023,2023micmp3,Week 6,9227,7174,9245,573,4325,9176,112,90
2023,2023micmp3,Week 6,5166,123,4377,7769,3096,1918,139,134
2023,2023micmp3,Week 6,5424,6637,9226,201,6569,9312,120,135
2023,2023micmp3,Week 6,4216,3357,314,5462,3604,5050,153,160
2023,2023micmp4,Week 6,7226,494,910,3322,1701,7197,133,139
2023,2023micmp4,Week 6,70,107,9255,1940,4422,818,109,133
2023,2023micmp4,Week 6,4237,5235,4130,9182,51,2619,92,132
2023,2023micmp4,Week 6,3770,9242,9207,3655,4983,8426,105,159
2023,2023micmp4,Week 6,3618,1684,5314,74,5505,226,138,121
2023,2023micmp4,Week 6,8728,3688,3175,5152,469,5712,150,123
2023,2023micmp4,Week 6,5860,4003,9255,1481,5216,3322,129,141
2023,2023micmp4,Week 6,3655,1940,4237,7197,8426,494,126,148
2023,2023micmp4,Week 6,1701,226,51,3618,74,3770,155,118
2023,2023micmp4,Week 6,2619,5314,9242,3175,910,469,93,135
2023,2023micmp4,Week 6,1684,1481,4983,5235,5860,5216,114,101
2023,2023micmp4,Week 6,5152,107,818,4422,5712,9182,116,147
2023,2023micmp4,Week 6,9207,70,7226,4003,8728,5505,123,138
2023,2023micmp4,Week 6,910,1940,4130,74,3688,9255,134,130
2023,2023micmp4,Week 6,51,4237,3770,5860,3175,1684,117,121
2023,2023micmp4,Week 6,5712,226,5235,494,9242,1481,149,108
2023,2023micmp4,Week 6,107,5216,9182,8728,4983,1701,150,102
2023,2023micmp4,Week 6,5505,4422,5314,8426,4003,7226,145,131
2023,2023micmp4,Week 6,3655,7197,5152,4130,70,3688,149,138
2023,2023micmp4,Week 6,818,9207,3618,3322,469,2619,111,153
2023,2023micmp4,Week 6,9242,5216,4983,9182,4237,226,132,94
2023,2023micmp4,Week 6,74,1701,8426,1481,8728,910,147,118
2023,2023micmp4,Week 6,5860,3688,51,5314,7226,3655,143,106
2023,2023micmp4,Week 6,3175,5505,107,70,2619,4003,141,153
2023,2023micmp4,Week 6,5152,494,5235,9255,4130,818,147,119
2023,2023micmp4,Week 6,469,3770,4422,1940,5712,3322,140,140
2023,2023micmp4,Week 6,1684,9207,910,4983,3618,7197,139,131
2023,2023micmp4,Week 6,3655,2619,3175,7226,9242,8728,143,71
2023,2023micmp4,Week 6,107,74,494,5216,8426,51,117,164
2023,2023micmp4,Week 6,3770,9182,70,3688,469,1481,119,152
2023,2023micmp4,Week 6,4422,3322,226,5235,1940,1684,147,109
2023,2023micmp4,Week 6,9207,7197,5712,5505,9255,1701,144,162
2023,2023micmp4,Week 6,4003,4237,3618,4130,5860,5152,125,109
2023,2023micmp4,Week 6,494,818,9182,5314,3175,1481,139,116
2023,2023micmp4,Week 6,4983,5235,2619,70,8426,4422,109,162
2023,2023micmp4,Week 6,9255,3770,3322,7226,51,107,119,127
2023,2023micmp4,Week 6,4130,226,469,4237,910,5860,134,84
2023,2023micmp4,Week 6,5712,4003,3655,1684,74,5216,170,151
2023,2023micmp4,Week 6,7197,818,8728,9242,5505,5152,142,109
2023,2023micmp4,Week 6,1940,1701,3618,5314,9207,3688,121,121
2023,2023micmp4,Week 6,3175,9182,9255,226,70,5860,127,95
2023,2023micmp4,Week 6,4422,7226,4983,5712,74,4237,136,131
2023,2023micmp4,Week 6,9242,3322,910,4130,107,3655,101,145
2023,2023micmp4,Week 6,3618,3688,8426,818,5314,4003,117,149
2023,2023micmp4,Week 6,1940,494,3770,2619,7197,5505,98,139
2023,2023micmp4,Week 6,5216,5152,9207,51,5235,8728,117,117
2023,2023micmp4,Week 6,469,1684,9242,1701,1481,7226,118,108
2023,2023micmp4,Week 6,8426,9255,4237,9182,3322,3618,130,79
2023,2023micmp4,Week 6,226,818,2619,107,4003,3688,70,159
2023,2023micmp4,Week 6,910,5314,70,5216,5712,3770,147,157
2023,2023micmp4,Week 6,7197,1481,5860,4422,5152,74,101,134
2023,2023micmp4,Week 6,3175,4983,1940,1701,4130,1684,135,157
2023,2023micmp4,Week 6,5505,3655,51,9207,469,5235,176,111
2023,2023micmp4,Week 6,8728,4237,5216,494,226,3688,92,154
2023,2023micmp4,Week 6,3322,5860,5314,107,9242,4422,86,123
2023,2023micmp4,Week 6,7226,4130,74,818,3770,3175,121,149
2023,2023micmp4,Week 6,5152,1481,9182,5505,1940,9207,151,84
2023,2023micmp4,Week 6,8426,2619,8728,9255,7197,1684,134,123
2023,2023micmp4,Week 6,4003,1701,469,910,3655,5235,174,138
2023,2023micmp4,Week 6,70,4983,5712,51,3618,494,192,158
2023,2023micmp4,Week 6,5216,5505,4130,226,3175,9242,120,152
2023,2023micmp4,Week 6,74,9207,1481,4237,2619,107,129,111
2023,2023micmp4,Week 6,8426,1684,818,469,9182,3655,150,167
2023,2023micmp4,Week 6,3688,910,1701,494,9255,4422,151,145
2023,2023micmp4,Week 6,5860,3618,5712,5235,7226,7197,113,125
2023,2023micmp4,Week 6,3322,8728,5152,4983,3770,5314,118,111
2023,2023micmp4,Week 6,4003,51,74,9242,70,1940,130,114
2023,2023micmp4,Week 6,1481,4422,4130,818,3655,5216,126,160
2023,2023micmp4,Week 6,5712,494,3175,9207,5860,8426,196,103
2023,2023micmp4,Week 6,3688,5235,5505,3770,910,107,136,148
2023,2023micmp4,Week 6,1684,3322,70,226,5152,7226,159,125
2023,2023micmp4,Week 6,2619,9255,1940,1701,5314,4237,70,145
2023,2023micmp4,Week 6,469,51,7197,4983,9182,4003,156,127
2023,2023micmp4,Week 6,3618,4130,9242,8728,4422,9207,103,113
2023,2023micmp4,Week 6,1481,5712,5505,3688,3655,3322,158,141
2023,2023micmp4,Week 6,5235,107,1701,4237,5152,70,136,143
2023,2023micmp4,Week 6,5314,5216,494,3770,1684,4003,155,152
2023,2023micmp4,Week 6,7197,3175,74,9255,3618,469,151,133
2023,2023micmp4,Week 6,2619,7226,5860,9182,8728,1940,94,101
2023,2023micmp4,Week 6,910,8426,226,51,818,4983,151,160
2023,2023arc,FIRST Championship,4,2905,9148,2607,33,862,66,162
2023,2023arc,FIRST Championship,9067,4598,7444,1884,4903,9180,111,120
2023,2023arc,FIRST Championship,687,324,6328,1481,1768,2582,168,179
2023,2023arc,FIRST Championship,2468,834,2506,5045,2687,1700,123,88
2023,2023arc,FIRST Championship,2875,2202,4362,1102,2056,8724,137,179
2023,2023arc,FIRST Championship,2457,2106,7211,548,111,8085,111,150
2023,2023arc,FIRST Championship,1574,3130,27,3142,8159,5232,141,109
2023,2023arc,FIRST Championship,8729,118,972,120,9134,1577,165,142
2023,2023arc,FIRST Championship,254,5809,9038,7174,78,4373,140,151
2023,2023arc,FIRST Championship,4028,624,3256,5635,1561,6002,147,151
2023,2023arc,FIRST Championship,70,2220,1619,1189,9059,9101,140,123
2023,2023arc,FIRST Championship,4476,3015,7563,3459,5993,6036,137,119
2023,2023arc,FIRST Championship,6078,3061,2847,3663,3322,1700,161,157
2023,2023arc,FIRST Championship,2202,2607,548,1481,2506,2875,143,123
2023,2023arc,FIRST Championship,6328,834,8159,8085,4362,9148,126,142
2023,2023arc,FIRST Championship,324,2468,8724,9134,1574,4598,194,107
2023,2023arc,FIRST Championship,78,7211,3142,9067,2582,120,169,149
2023,2023arc,FIRST Championship,9038,8729,1102,254,5045,1561,99,122
2023,2023arc,FIRST Championship,2106,118,27,1619,4028,33,158,162
2023,2023arc,FIRST Championship,2220,4373,3256,3459,9180,972,105,109
2023,2023arc,FIRST Championship,4,1884,3015,2056,9101,6078,125,165
2023,2023arc,FIRST Championship,70,1577,111,4903,6002,3061,183,147
2023,2023arc,FIRST Championship,7174,5993,2905,687,2457,2847,73,147
2023,2023arc,FIRST Championship,4476,3663,2687,3130,5635,9059,158,87
2023,2023arc,FIRST Championship,624,862,1768,6036,3322,5809,175,151
2023,2023arc,FIRST Championship,5232,1189,120,254,7444,7563,115,159
2023,2023arc,FIRST Championship,2875,6328,8085,324,9134,9038,127,104
2023,2023arc,FIRST Championship,1619,2582,2506,972,3256,4362,137,134
2023,2023arc,FIRST Championship,2202,3015,1561,7211,9148,2468,179,161
2023,2023arc,FIRST Championship,1102,70,1884,2220,2106,834,146,116
2023,2023arc,FIRST Championship,1700,2056,2905,4598,548,5993,130,109
2023,2023arc,FIRST Championship,9067,5635,2687,8159,118,687,136,175
2023,2023arc,FIRST Championship,3061,5045,7174,27,862,4,134,126
2023,2023arc,FIRST Championship,7444,6002,1481,1768,7563,8729,116,129
2023,2023arc,FIRST Championship,624,5232,2607,9059,78,8724,153,145
2023,2023arc,FIRST Championship,9180,3663,6036,111,1574,33,174,177
2023,2023arc,FIRST Championship,1577,4028,2457,4373,9101,4476,194,158
2023,2023arc,FIRST Championship,4903,6078,3459,1189,5809,3142,119,115
2023,2023arc,FIRST Championship,3322,2847,254,3130,1884,2506,145,78
2023,2023arc,FIRST Championship,9148,120,5635,5993,9038,70,95,99
2023,2023arc,FIRST Championship,7211,862,7174,6328,2687,118,160,165
2023,2023arc,FIRST Championship,548,687,8729,2468,3256,27,130,157
2023,2023arc,FIRST Championship,972,4598,2202,78,8159,624,114,147
2023,2023arc,FIRST Championship,33,1768,3061,2056,9067,1561,177,194
2023,2023arc,FIRST Championship,1574,2875,9059,4373,4362,7563,106,177
2023,2023arc,FIRST Championship,4028,2905,5045,5232,3663,8724,82,175
2023,2023arc,FIRST Championship,1619,2457,3322,4,324,9180,117,123
2023,2023arc,FIRST Championship,4903,4476,1481,834,9134,6078,164,140
2023,2023arc,FIRST Championship,1700,8085,2607,7444,1577,3142,143,156
2023,2023arc,FIRST Championship,2106,111,5809,1189,3130,3015,138,158
2023,2023arc,FIRST Championship,2582,3459,9101,1102,6002,2847,99,180
2023,2023arc,FIRST Championship,2056,6036,3256,2220,9038,7174,201,132
2023,2023arc,FIRST Championship,9067,70,548,1574,862,7563,153,168
2023,2023arc,FIRST Championship,1884,9148,1768,2687,8729,4028,105,165
2023,2023arc,FIRST Championship,78,120,2468,27,2457,4362,158,138
2023,2023arc,FIRST Championship,1619,6078,4373,1561,6328,2905,118,120
2023,2023arc,FIRST Championship,834,687,3663,8724,972,7211,158,147
2023,2023arc,FIRST Championship,5045,33,324,3130,2202,4903,137,147
2023,2023arc,FIRST Championship,6002,9180,5809,1102,2607,4476,58,137
2023,2023arc,FIRST Championship,2582,624,3061,3015,7444,5993,170,141
2023,2023arc,FIRST Championship,111,2875,9134,2847,3142,5635,122,122
2023,2023arc,FIRST Championship,9101,1700,4,6036,1481,1189,82,194
2023,2023arc,FIRST Championship,2220,2506,5232,8085,4598,118,140,141
2023,2023arc,FIRST Championship,8159,3459,2106,254,1577,9059,94,169
2023,2023arc,FIRST Championship,3322,7211,9038,2905,2468,1574,149,157
2023,2023arc,FIRST Championship,3130,7563,834,2202,7174,4028,139,151
2023,2023arc,FIRST Championship,5045,972,2457,6078,9067,9148,110,115
2023,2023arc,FIRST Championship,33,8729,4373,624,1102,1619,137,182
2023,2023arc,FIRST Championship,2847,8724,70,5809,7444,6328,145,91
2023,2023arc,FIRST Championship,2687,5993,78,2875,1189,9180,131,107
2023,2023arc,FIRST Championship,4362,6002,862,324,1700,2220,156,100
2023,2023arc,FIRST Championship,1884,1561,548,687,4903,120,127,150
2023,2023arc,FIRST Championship,4476,9059,5232,1768,111,4,96,173
2023,2023arc,FIRST Championship,3015,4598,3142,1481,3256,3322,153,105
2023,2023arc,FIRST Championship,6036,27,2582,1577,2607,5635,167,168
2023,2023arc,FIRST Championship,118,254,3459,9101,3061,8085,163,133
2023,2023arc,FIRST Championship,2506,3663,8159,2106,2056,9134,113,148
2023,2023arc,FIRST Championship,2468,3130,1102,5993,6328,9067,187,101
2023,2023arc,FIRST Championship,1574,6078,7444,2202,2687,33,141,145
2023,2023arc,FIRST Championship,4903,1619,1700,2875,120,624,153,156
2023,2023arc,FIRST Championship,4362,5809,4028,972,4,687,163,184
2023,2023arc,FIRST Championship,9059,834,862,2457,3142,8729,119,121
2023,2023arc,FIRST Championship,9038,8724,1189,2582,4476,1884,150,132
2023,2023arc,FIRST Championship,27,5635,254,3459,2220,1481,167,121
2023,2023arc,FIRST Championship,3256,1768,78,70,8085,2905,137,145
2023,2023arc,FIRST Championship,118,548,3663,3015,4373,6002,200,103
2023,2023arc,FIRST Championship,3322,9180,2056,5045,9148,1577,175,63
2023,2023arc,FIRST Championship,111,1561,9101,7174,2506,4598,168,104
2023,2023arc,FIRST Championship,7563,8159,9134,3061,7211,2607,86,172
2023,2023arc,FIRST Championship,5232,6036,9067,2847,324,2106,187,144
2023,2023arc,FIRST Championship,3142,5993,2202,5809,1884,1619,103,127
2023,2023arc,FIRST Championship,6078,254,4476,862,2468,2582,202,145
2023,2023arc,FIRST Championship,8724,1481,1574,3256,120,3130,156,132
2023,2023arc,FIRST Championship,2457,9038,2875,3663,3459,1768,130,124
2023,2023arc,FIRST Championship,1577,2220,118,78,548,5045,199,122
2023,2023arc,FIRST Championship,4598,1189,5635,33,7174,6002,128,174
2023,2023arc,FIRST Championship,9180,3015,8159,4028,687,2506,113,158
2023,2023arc,FIRST Championship,2687,8085,2056,1561,7563,2847,209,129
2023,2023arc,FIRST Championship,6036,4362,7211,8729,5232,70,185,126
2023,2023arc,FIRST Championship,972,1102,324,3061,2905,9059,175,78
2023,2023arc,FIRST Championship,9101,2106,6328,3322,2607,4903,168,182
2023,2023arc,FIRST Championship,4373,1700,7444,9148,27,111,137,143
2023,2023arc,FIRST Championship,9134,4,9067,624,254,834,68,182
2023,2023arc,FIRST Championship,1189,2202,1577,862,3256,3663,167,122
2023,2023arc,FIRST Championship,120,8159,2220,1768,7174,6078,128,167
2023,2023arc,FIRST Championship,9180,2847,1481,9038,118,2468,107,193
2023,2023arc,FIRST Championship,5635,5045,1884,8085,6036,1574,84,172
2023,2023arc,FIRST Championship,8724,548,3459,2687,1619,972,112,193
2023,2023arc,FIRST Championship,9059,33,4903,5993,4028,7211,139,130
2023,2023arc,FIRST Championship,7563,27,1102,2506,111,3322,144,162
2023,2023arc,FIRST Championship,1561,5232,2582,9134,2457,1700,168,109
2023,2023arc,FIRST Championship,3142,4373,687,2106,70,4,160,149
2023,2023arc,FIRST Championship,7444,624,3130,2905,4362,9101,124,123
2023,2023arc,FIRST Championship,9148,3061,2875,5809,4476,4598,149,118
2023,2023arc,FIRST Championship,2607,78,324,834,8729,3015,161,152
2023,2023arc,FIRST Championship,6002,1574,2056,6328,972,254,187,193
2023,2023arc,FIRST Championship,120,9059,8085,9180,9067,2202,141,90
2023,2023arc,FIRST Championship,1619,7174,1577,7211,1481,5045,194,117
2023,2023arc,FIRST Championship,1768,2847,9134,548,27,1189,158,145
2023,2023arc,FIRST Championship,2506,8724,2457,5635,4903,6036,138,164
2023,2023arc,FIRST Championship,4362,4,5993,3663,1561,2106,152,161
2023,2023arc,FIRST Championship,3256,9101,33,8159,5809,2468,137,150
2023,2023arc,FIRST Championship,4598,3322,3130,2607,4373,834,121,161
2023,2023arc,FIRST Championship,118,324,2056,70,7444,4476,173,163
2023,2023arc,FIRST Championship,6328,3459,78,1700,4028,1884,147,163
2023,2023arc,FIRST Championship,7563,9148,624,6078,1102,687,133,180
2023,2023arc,FIRST Championship,2905,2582,111,8729,2875,2220,151,128
2023,2023arc,FIRST Championship,6002,3142,2687,9038,3061,5232,181,158
2023,2023arc,FIRST Championship,862,1619,8085,3015,9134,972,178,155
2023,2023cur,FIRST Championship,6868,8177,2199,3847,649,4788,130,142
2023,2023cur,FIRST Championship,3008,7021,3749,3489,5901,4766,83,114
2023,2023cur,FIRST Championship,7042,6995,325,2637,6358,9019,131,73
2023,2023cur,FIRST Championship,6647,9153,8393,5414,3990,5940,69,162
2023,2023cur,FIRST Championship,4003,399,4010,333,1756,2370,104,159
2023,2023cur,FIRST Championship,8711,1100,302,6998,115,6329,134,138
2023,2023cur,FIRST Championship,3132,818,1403,3526,180,2945,141,122
2023,2023cur,FIRST Championship,5907,449,6586,9016,6413,4131,105,88
2023,2023cur,FIRST Championship,8046,5687,1771,6652,1868,2791,159,102
2023,2023cur,FIRST Championship,7220,7565,148,9168,7534,840,152,66
2023,2023cur,FIRST Championship,6348,9085,9015,4738,8426,3310,85,162
2023,2023cur,FIRST Championship,2451,7890,3341,5727,8739,4253,108,181
2023,2023cur,FIRST Championship,343,4270,9219,4392,3616,3284,145,123
2023,2023cur,FIRST Championship,5940,8393,6358,8177,4766,399,168,141
2023,2023cur,FIRST Championship,3990,9019,3489,5901,8711,3847,102,153
2023,2023cur,FIRST Championship,649,325,115,2945,4788,5414,139,129
2023,2023cur,FIRST Championship,302,7021,2199,6995,9016,4010,142,137
2023,2023cur,FIRST Championship,449,6329,818,5687,5907,2637,189,149
2023,2023cur,FIRST Championship,2370,3749,3526,6868,7042,7220,141,89
2023,2023cur,FIRST Championship,8426,6413,6586,148,6998,8046,119,148
2023,2023cur,FIRST Championship,4738,4003,9153,3132,7890,7534,123,85
2023,2023cur,FIRST Championship,180,1771,840,3284,5727,4270,151,145
2023,2023cur,FIRST Championship,9085,4131,8739,3616,4253,1756,106,174
2023,2023cur,FIRST Championship,3310,1403,2791,1100,7565,4392,171,132
2023,2023cur,FIRST Championship,9168,3341,1868,333,9015,343,92,109
2023,2023cur,FIRST Championship,6652,3008,2451,9219,6647,6348,123,90
2023,2023cur,FIRST Championship,3990,399,6995,449,649,4766,167,137
2023,2023cur,FIRST Championship,6358,4788,2199,5687,6329,2945,115,193
2023,2023cur,FIRST Championship,302,9019,3526,8393,5907,148,90,165
2023,2023cur,FIRST Championship,4010,5901,6998,7534,2637,115,146,117
2023,2023cur,FIRST Championship,7890,5727,6868,5414,6586,4270,118,124
2023,2023cur,FIRST Championship,8426,2370,8739,9153,325,8711,123,100
2023,2023cur,FIRST Championship,180,5940,9016,7220,4003,3616,142,146
2023,2023cur,FIRST Championship,3847,7042,9168,9085,7021,1100,96,140
2023,2023cur,FIRST Championship,1868,4738,3284,7565,6413,3008,162,92
2023,2023cur,FIRST Championship,6647,4131,3749,2791,3341,3132,118,95
2023,2023cur,FIRST Championship,4392,6652,343,8177,2451,1756,147,159
2023,2023cur,FIRST Championship,1771,6348,3489,1403,8046,9015,153,137
2023,2023cur,FIRST Championship,3310,840,4253,818,9219,333,146,149
2023,2023cur,FIRST Championship,7890,4766,4270,7534,4788,5907,187,118
2023,2023cur,FIRST Championship,9019,6998,5727,449,115,9153,91,120
2023,2023cur,FIRST Championship,8739,4010,649,3526,5940,6329,144,168
2023,2023cur,FIRST Championship,8393,2370,180,5901,2199,9168,155,108
2023,2023cur,FIRST Championship,7565,399,3616,6868,3990,3008,116,106
2023,2023cur,FIRST Championship,4131,6358,302,6647,8426,1868,160,125
2023,2023cur,FIRST Championship,1756,6586,9085,2637,8711,2791,128,121
2023,2023cur,FIRST Championship,3284,1403,5687,148,6995,2451,146,151
2023,2023cur,FIRST Championship,8046,5414,3310,8177,3749,3341,169,134
2023,2023cur,FIRST Championship,7042,840,333,9016,6652,2945,93,117
2023,2023cur,FIRST Championship,9015,3847,4003,6413,818,4392,162,143
2023,2023cur,FIRST Championship,343,4738,4253,325,3489,7021,159,138
2023,2023cur,FIRST Championship,6348,7220,1100,1771,3132,9219,130,92
2023,2023cur,FIRST Championship,3008,3526,115,4270,3990,9168,117,159
2023,2023cur,FIRST Championship,449,7565,8426,2199,6647,4010,148,131
2023,2023cur,FIRST Championship,5727,2637,4131,2370,8711,649,180,131
2023,2023cur,FIRST Championship,7534,2791,5940,1403,302,2451,159,146
2023,2023cur,FIRST Championship,1868,8177,5414,9019,9085,180,176,93
2023,2023cur,FIRST Championship,7042,8046,5901,3616,840,5907,145,123
2023,2023cur,FIRST Championship,3284,3749,9015,8739,6652,4003,82,110
2023,2023cur,FIRST Championship,9153,3489,4253,2945,6995,6413,74,121
2023,2023cur,FIRST Championship,6329,4392,3132,148,6868,333,170,156
2023,2023cur,FIRST Championship,1100,9219,9016,4788,8393,4738,81,145
2023,2023cur,FIRST Championship,6998,1756,7220,6358,3310,818,152,148
2023,2023cur,FIRST Championship,3847,5687,7890,4766,343,6348,148,116
2023,2023cur,FIRST Championship,3341,1771,325,399,7021,6586,139,147
2023,2023cur,FIRST Championship,2370,4270,449,1868,1403,9085,157,140
2023,2023cur,FIRST Championship,2791,649,8426,5901,3616,9019,157,74
2023,2023cur,FIRST Championship,6647,5414,9168,4003,3284,8711,88,81
2023,2023cur,FIRST Championship,2637,3526,7565,4131,8177,3489,117,131
2023,2023cur,FIRST Championship,5907,9015,6652,9153,4010,6868,126,104
2023,2023cur,FIRST Championship,4253,148,4788,5940,3008,7042,112,154
2023,2023cur,FIRST Championship,2451,9016,3132,3990,3310,6998,114,179
2023,2023cur,FIRST Championship,8046,6358,5727,343,818,1100,154,146
2023,2023cur,FIRST Championship,6995,6348,7021,840,1756,8393,136,132
2023,2023cur,FIRST Championship,9219,7534,2945,3341,3847,6329,103,153
2023,2023cur,FIRST Championship,6413,180,399,3749,115,5687,123,166
2023,2023cur,FIRST Championship,2199,4766,6586,7220,4738,8739,128,163
2023,2023cur,FIRST Championship,1771,333,4392,302,325,7890,158,186
2023,2023cur,FIRST Championship,6652,5901,5414,4131,449,3526,143,120
2023,2023cur,FIRST Championship,9168,3616,4788,8711,4010,1403,101,153
2023,2023cur,FIRST Championship,3284,5907,8426,4253,5940,3132,124,164
2023,2023cur,FIRST Championship,4270,2451,2637,9015,1100,6358,104,109
2023,2023cur,FIRST Championship,4003,1868,6868,6995,8393,3310,151,112
2023,2023cur,FIRST Championship,7021,6998,9219,649,6348,7565,108,132
2023,2023cur,FIRST Championship,2945,9153,148,3749,343,399,108,143
2023,2023cur,FIRST Championship,840,9019,8177,4738,6647,2370,115,132
2023,2023cur,FIRST Championship,7890,7220,8046,6329,3990,325,167,175
2023,2023cur,FIRST Championship,115,7042,1771,3489,8739,818,147,92
2023,2023cur,FIRST Championship,5687,4766,3341,9085,9016,4392,136,102
2023,2023cur,FIRST Championship,2791,333,6413,5727,7534,2199,99,162
2023,2023cur,FIRST Championship,6586,3847,180,3008,302,1756,121,177
2023,2023cur,FIRST Championship,8711,9168,449,6868,4253,6358,123,106
2023,2023cur,FIRST Championship,2637,8426,6652,4788,4003,1403,112,144
2023,2023cur,FIRST Championship,8393,2945,5901,7565,9015,6998,114,122
2023,2023cur,FIRST Championship,4270,3749,4738,4010,4131,5940,179,195
2023,2023cur,FIRST Championship,9019,2451,399,7021,3526,8046,86,146
2023,2023cur,FIRST Championship,115,2370,8177,9219,3284,7890,162,125
2023,2023cur,FIRST Championship,9153,6329,4766,3310,1771,3616,142,143
2023,2023cur,FIRST Championship,818,9016,6348,325,2791,148,114,173
2023,2023cur,FIRST Championship,1756,3132,6647,5687,5727,7042,156,145
2023,2023cur,FIRST Championship,180,8739,333,3847,5907,6995,143,136
2023,2023cur,FIRST Championship,840,9085,3990,6413,343,302,112,137
2023,2023cur,FIRST Championship,7220,2199,3008,4392,5414,3341,130,96
2023,2023cur,FIRST Championship,649,1868,7534,6586,1100,3489,121,127
2023,2023cur,FIRST Championship,6998,4270,6652,399,9168,4738,64,130
2023,2023cur,FIRST Championship,4010,2945,3284,8046,9019,4131,153,127
2023,2023cur,FIRST Championship,5901,1403,8177,6329,4253,4003,171,195
2023,2023cur,FIRST Championship,4788,5940,3310,2370,2791,7021,190,131
2023,2023cur,FIRST Championship,9015,5687,8711,7042,7890,7565,112,128
2023,2023cur,FIRST Championship,3616,8393,325,5727,3132,3847,135,166
2023,2023cur,FIRST Championship,6413,6868,2637,4766,9219,302,103,131
2023,2023cur,FIRST Championship,5414,343,6995,8426,1771,9016,152,144
2023,2023cur,FIRST Championship,6348,333,3990,6358,6586,3749,147,85
2023,2023cur,FIRST Championship,818,1756,3526,2199,9153,1868,166,145
2023,2023cur,FIRST Championship,5907,9085,115,2451,7220,649,121,159
2023,2023cur,FIRST Championship,3008,4392,7534,840,8739,449,127,111
2023,2023cur,FIRST Championship,3489,3341,6647,1100,148,180,84,167
2023,2023cur,FIRST Championship,4788,6329,9019,399,4131,9015,128,139
2023,2023cur,FIRST Championship,325,4010,5727,8177,3310,5687,189,151
2023,2023cur,FIRST Championship,3132,3616,6413,6652,302,2370,147,144
2023,2023cur,FIRST Championship,4253,8046,3847,9016,7565,4270,168,161
2023,2023cur,FIRST Championship,4766,2791,6998,5414,3284,7042,121,137
2023,2023cur,FIRST Championship,5940,818,6995,6586,9219,5901,183,107
2023,2023cur,FIRST Championship,4003,6358,9085,3526,2199,1771,79,133
2023,2023cur,FIRST Championship,8711,2945,5907,4738,4392,6348,146,165
2023,2023cur,FIRST Championship,3749,9168,1100,1756,8426,7890,147,162
2023,2023cur,FIRST Championship,8739,148,3990,7021,2637,1868,168,153
2023,2023cur,FIRST Championship,333,3489,7220,2451,449,8393,108,152
2023,2023cur,FIRST Championship,7534,6868,343,115,180,6647,101,152
2023,2023cur,FIRST Championship,1403,649,9153,3341,3008,840,114,79
2023,2023dal,FIRST Championship,125,1710,9280,4201,1138,9287,124,129
2023,2023dal,FIRST Championship,2264,4795,2767,5460,9136,2869,171,132
2023,2023dal,FIRST Championship,1731,5472,1922,203,2054,1477,174,142
2023,2023dal,FIRST Championship,9135,2659,3527,2412,1325,4272,61,177
2023,2023dal,FIRST Championship,3875,2438,5422,6081,4907,2333,40,164
2023,2023dal,FIRST Championship,9000,321,6424,3314,5712,9293,148,149
2023,2023dal,FIRST Championship,1781,3647,5216,2073,5406,4206,155,138
2023,2023dal,FIRST Championship,1533,6510,5724,4946,8575,2491,135,106
2023,2023dal,FIRST Championship,3390,2590,2445,230,1511,695,126,140
2023,2023dal,FIRST Championship,7769,3928,4226,870,1038,3641,112,140
2023,2023dal,FIRST Championship,4091,6989,7153,2883,2363,3082,70,155
2023,2023dal,FIRST Championship,3035,144,100,3414,6838,6806,103,116
2023,2023dal,FIRST Championship,2667,2713,9079,4613,2486,20,105,159
2023,2023dal,FIRST Championship,4272,125,9136,4907,5460,1922,157,174
2023,2023dal,FIRST Championship,1710,2438,4201,3314,2767,1477,121,209
2023,2023dal,FIRST Championship,9135,9280,2333,5216,2869,203,78,124
2023,2023dal,FIRST Championship,1325,5422,1138,5724,5472,4206,136,164
2023,2023dal,FIRST Championship,1533,9293,3527,6081,5406,2054,74,194
2023,2023dal,FIRST Championship,695,7769,2073,2264,4226,230,181,159
2023,2023dal,FIRST Championship,6424,7153,1781,3641,4946,6989,135,145
2023,2023dal,FIRST Championship,3414,2659,3928,2883,3875,9000,149,114
2023,2023dal,FIRST Championship,2363,100,1731,9079,870,6510,148,98
2023,2023dal,FIRST Championship,9287,2667,3035,2713,1511,3647,97,161
2023,2023dal,FIRST Championship,5712,144,4091,2412,3390,4613,127,107
2023,2023dal,FIRST Championship,6806,2486,2445,8575,3082,4795,81,116
2023,2023dal,FIRST Championship,1038,6838,20,2590,2491,321,136,136
2023,2023dal,FIRST Championship,3314,4206,5460,5406,2333,203,190,133
2023,2023dal,FIRST Championship,9293,695,2869,1477,2438,125,154,174
2023,2023dal,FIRST Championship,5216,6081,5472,7769,2264,7153,187,160
2023,2023dal,FIRST Championship,1710,3928,5724,2659,2073,6424,76,177
2023,2023dal,FIRST Championship,4272,100,230,1731,4201,4946,188,195
2023,2023dal,FIRST Championship,9136,6510,9000,6989,2667,1138,136,97
2023,2023dal,FIRST Championship,2767,2713,2054,3875,1325,4091,176,140
2023,2023dal,FIRST Championship,9079,1511,5422,2412,6806,4226,107,137
2023,2023dal,FIRST Championship,6838,2883,870,5712,2445,9280,151,126
2023,2023dal,FIRST Championship,3641,2491,2486,144,321,9135,100,109
2023,2023dal,FIRST Championship,4795,1533,9287,4613,1038,1922,145,146
2023,2023dal,FIRST Championship,3527,2590,2363,3647,4907,3414,104,156
2023,2023dal,FIRST Championship,3390,3035,8575,3082,1781,20,110,139
2023,2023dal,FIRST Championship,7153,3928,1731,5724,5460,9293,148,159
2023,2023dal,FIRST Championship,2333,5216,2659,5472,4201,2667,139,162
2023,2023dal,FIRST Championship,1325,6510,100,125,7769,3314,134,182
2023,2023dal,FIRST Championship,3875,2412,1710,4206,4946,2264,116,172
2023,2023dal,FIRST Championship,870,2054,9136,2713,6838,5422,165,133
2023,2023dal,FIRST Championship,1511,6806,2767,321,6989,9280,153,100
2023,2023dal,FIRST Championship,695,203,3641,6081,4795,2883,163,138
2023,2023dal,FIRST Championship,2491,3647,4613,2445,4272,2438,145,158
2023,2023dal,FIRST Championship,4907,20,4226,144,1922,230,150,160
2023,2023dal,FIRST Championship,5406,8575,2590,2363,9000,2869,129,144
2023,2023dal,FIRST Championship,3414,1781,3527,1038,1138,3082,126,111
2023,2023dal,FIRST Championship,9135,6424,1533,4091,3035,9079,133,122
2023,2023dal,FIRST Championship,9287,1477,2073,3390,5712,2486,150,119
2023,2023dal,FIRST Championship,2667,5460,7153,100,5422,1710,159,115
2023,2023dal,FIRST Championship,3928,1325,4206,9136,1731,321,167,140
2023,2023dal,FIRST Championship,6806,9280,3875,5472,695,6510,104,189
2023,2023dal,FIRST Championship,2054,4613,1511,5216,5724,2883,164,142
2023,2023dal,FIRST Championship,3641,4201,2333,20,2412,2491,139,141
2023,2023dal,FIRST Championship,8575,9293,7769,1922,2590,2713,121,168
2023,2023dal,FIRST Championship,6989,2869,1038,3647,144,870,101,140
2023,2023dal,FIRST Championship,4091,6424,5406,4795,4272,1138,153,185
2023,2023dal,FIRST Championship,2438,3390,4226,2659,2363,1533,119,175
2023,2023dal,FIRST Championship,230,9079,3414,2767,125,6838,90,160
2023,2023dal,FIRST Championship,4946,1477,4907,3035,2073,9000,148,173
2023,2023dal,FIRST Championship,9135,6081,3314,1781,9287,2445,142,127
2023,2023dal,FIRST Championship,203,2264,5712,3082,3527,2486,114,61
2023,2023dal,FIRST Championship,2883,20,695,100,5724,9136,174,120
2023,2023dal,FIRST Championship,2590,3641,4613,5460,1731,6806,145,181
2023,2023dal,FIRST Championship,1511,9293,6510,2333,1710,1325,141,156
2023,2023dal,FIRST Championship,6424,2412,2054,9280,8575,3647,168,107
2023,2023dal,FIRST Championship,6989,5472,2713,4226,5406,4201,135,170
2023,2023dal,FIRST Championship,4206,7769,230,2438,1533,3414,178,155
2023,2023dal,FIRST Championship,2491,4795,5216,3928,3390,1477,132,86
2023,2023dal,FIRST Championship,144,7153,125,2073,9135,3875,136,136
2023,2023dal,FIRST Championship,3527,2264,2667,321,870,4091,83,164
2023,2023dal,FIRST Championship,4946,2767,203,2363,2445,1038,166,128
2023,2023dal,FIRST Championship,4907,5422,1781,5712,9079,9287,136,113
2023,2023dal,FIRST Championship,9000,3082,4272,2869,6081,6838,116,128
2023,2023dal,FIRST Championship,2486,3314,3035,1138,1922,2659,152,172
2023,2023dal,FIRST Championship,9136,4226,5472,100,3647,9293,163,148
2023,2023dal,FIRST Championship,4613,230,5406,6510,3641,1710,177,168
2023,2023dal,FIRST Championship,1477,2883,4206,6806,6424,2713,183,138
2023,2023dal,FIRST Championship,2438,20,8575,3928,9135,6989,138,128
2023,2023dal,FIRST Championship,125,3414,4795,2054,2333,2667,173,127
2023,2023dal,FIRST Championship,2445,695,144,5216,3527,1731,125,160
2023,2023dal,FIRST Championship,1325,2590,9287,7153,203,2412,152,167
2023,2023dal,FIRST Championship,3082,870,2073,1533,4272,2767,150,179
2023,2023dal,FIRST Championship,4907,2869,1511,1781,4091,2659,73,166
2023,2023dal,FIRST Championship,1922,321,5712,4201,5724,6081,102,169
2023,2023dal,FIRST Championship,5422,2486,2363,3035,3875,1038,148,138
2023,2023dal,FIRST Championship,2264,9280,9079,9000,3314,2491,111,188
2023,2023dal,FIRST Championship,6838,5460,4946,7769,1138,3390,183,126
2023,2023dal,FIRST Championship,4226,1477,9135,3414,2054,6510,147,162
2023,2023dal,FIRST Championship,2438,2883,5406,1731,2667,144,148,165
2023,2023dal,FIRST Championship,7153,2333,4613,9136,695,6424,123,166
2023,2023dal,FIRST Championship,3641,5472,2412,125,2445,1533,174,157
2023,2023dal,FIRST Championship,2869,9287,6806,230,3527,3928,94,115
2023,2023dal,FIRST Championship,20,2767,100,6081,4206,2659,168,197
2023,2023dal,FIRST Championship,5712,6989,2590,4272,3035,1710,137,190
2023,2023dal,FIRST Championship,1325,1781,2491,870,9000,2486,158,122
2023,2023dal,FIRST Championship,1922,4091,3314,5422,4946,5216,141,151
2023,2023dal,FIRST Championship,3082,5724,7769,3647,4795,9079,133,150
2023,2023dal,FIRST Championship,2073,2713,321,9280,2363,5460,184,180
2023,2023dal,FIRST Championship,3875,6838,1138,203,8575,1511,169,156
2023,2023dal,FIRST Championship,1038,4201,4907,2264,3390,9293,156,116
2023,2023dal,FIRST Championship,6806,9136,3641,2054,9287,2438,147,162
2023,2023dal,FIRST Championship,6510,4206,2445,7153,2659,2869,137,145
2023,2023dal,FIRST Championship,5406,2667,695,2767,5712,3928,169,182
2023,2023dal,FIRST Championship,2491,3414,6081,5472,4613,6424,149,150
2023,2023dal,FIRST Championship,2486,4226,125,2590,4091,4946,123,131
2023,2023dal,FIRST Championship,5724,1477,144,7769,1781,4272,137,157
2023,2023dal,FIRST Championship,2073,2883,6989,3527,3314,2412,134,156
2023,2023dal,FIRST Championship,5460,3082,3035,9280,230,1325,142,147
2023,2023dal,FIRST Championship,2333,1038,3390,9079,100,8575,119,130
2023,2023dal,FIRST Championship,4795,1731,2713,6838,1710,4907,193,161
2023,2023dal,FIRST Championship,1138,5216,870,9293,20,3875,153,130
2023,2023dal,FIRST Championship,4201,3647,321,1533,203,5422,164,132
2023,2023dal,FIRST Championship,9000,1922,2264,1511,2363,9135,125,136
2023,2023dal,FIRST Championship,2445,2491,4091,9287,3414,5406,118,140
2023,2023dal,FIRST Championship,4946,144,6081,3928,9136,2590,143,171
2023,2023dal,FIRST Championship,6510,4272,2883,2486,2767,1781,164,167
2023,2023dal,FIRST Championship,4206,3527,9280,4226,4613,5724,111,141
2023,2023dal,FIRST Championship,2659,2054,5460,695,9079,6989,161,130
2023,2023dal,FIRST Championship,8575,2073,6838,2667,3641,1325,92,157
2023,2023dal,FIRST Championship,870,4907,3390,3314,7153,5472,157,164
2023,2023dal,FIRST Championship,2412,5216,100,321,3035,2438,109,160
2023,2023dal,FIRST Championship,1710,6806,203,20,9000,7769,117,150
2023,2023dal,FIRST Championship,2869,3875,3082,6424,1922,4201,110,178
2023,2023dal,FIRST Championship,9293,230,2363,5422,9135,4795,156,95
2023,2023dal,FIRST Championship,1138,1533,3647,1477,2333,2264,172,165
2023,2023dal,FIRST Championship,1731,1511,1038,2713,125,5712,165,182
2023,2023gal,FIRST Championship,67,6722,2830,3229,8033,3603,176,105
2023,2023gal,FIRST Championship,5586,3536,968,4422,7258,836,139,173
2023,2023gal,FIRST Championship,5801,1678,3996,2714,1622,2383,152,116
2023,2023gal,FIRST Championship,9138,2614,7197,702,4571,7657,141,74
2023,2023gal,FIRST Championship,3476,2881,3042,9120,401,2910,175,137
2023,2023gal,FIRST Championship,4481,1690,599,59,9097,4009,123,114
2023,2023gal,FIRST Championship,9031,3005,4786,103,4381,4451,135,180
2023,2023gal,FIRST Championship,3539,1114,2834,1902,5557,2551,167,124
2023,2023gal,FIRST Championship,5199,3467,948,461,157,9128,188,130
2023,2023gal,FIRST Championship,1591,9072,2771,1165,4415,9105,124,145
2023,2023gal,FIRST Championship,5166,5985,8013,7451,1318,6702,141,120
2023,2023gal,FIRST Championship,5987,6800,3534,5427,2194,5010,168,139
2023,2023gal,FIRST Championship,2337,7461,2630,1701,1708,702,152,119
2023,2023gal,FIRST Championship,1622,6722,9138,2614,59,968,106,148
2023,2023gal,FIRST Championship,67,4009,1678,4571,2910,4451,183,166
2023,2023gal,FIRST Championship,5557,836,3229,7197,4481,2383,111,143
2023,2023gal,FIRST Championship,599,2551,5586,103,3476,3467,136,198
2023,2023gal,FIRST Championship,9031,1591,3536,2881,5801,3603,107,130
2023,2023gal,FIRST Championship,7258,2714,3042,3539,1165,5166,114,155
2023,2023gal,FIRST Championship,5985,2834,157,4415,9120,8033,131,131
2023,2023gal,FIRST Championship,7461,2771,9097,2194,6800,9128,63,179
2023,2023gal,FIRST Championship,948,1902,2630,3996,4381,4422,127,149
2023,2023gal,FIRST Championship,461,8013,1701,401,3534,5010,179,167
2023,2023gal,FIRST Championship,2337,9072,7451,7657,5987,5199,114,145
2023,2023gal,FIRST Championship,1690,1708,1114,4786,1318,5427,180,170
2023,2023gal,FIRST Championship,2881,9105,2830,1622,6702,3005,129,139
2023,2023gal,FIRST Championship,2551,59,3539,702,4451,5586,155,139
2023,2023gal,FIRST Championship,5801,2910,2614,7258,3229,5166,137,144
2023,2023gal,FIRST Championship,968,3476,4009,4415,9031,5985,166,61
2023,2023gal,FIRST Championship,3467,4571,6800,3536,4481,3042,168,158
2023,2023gal,FIRST Championship,4422,401,6722,103,1591,9097,190,132
2023,2023gal,FIRST Championship,7657,5557,7461,2630,3534,67,138,164
2023,2023gal,FIRST Championship,1708,5987,9120,1114,948,599,107,167
2023,2023gal,FIRST Championship,2830,4786,2714,836,2834,9072,144,146
2023,2023gal,FIRST Championship,2383,5010,1902,2771,3603,157,157,110
2023,2023gal,FIRST Championship,9138,5427,2337,9105,9128,8013,142,156
2023,2023gal,FIRST Championship,1678,4381,7197,6702,461,1690,162,141
2023,2023gal,FIRST Championship,1318,1701,8033,7451,2194,1165,180,126
2023,2023gal,FIRST Championship,3005,3996,3229,968,5199,401,134,173
2023,2023gal,FIRST Championship,4451,7657,2881,6722,5985,4481,171,155
2023,2023gal,FIRST Championship,1708,2614,4415,3534,4422,3539,115,164
2023,2023gal,FIRST Championship,2551,2714,2910,5987,2830,1591,174,128
2023,2023gal,FIRST Championship,7461,59,948,3603,9072,5010,204,92
2023,2023gal,FIRST Championship,702,9031,5427,1902,599,3042,118,94
2023,2023gal,FIRST Championship,4381,2771,2337,7197,103,3536,129,165
2023,2023gal,FIRST Championship,1114,9128,6702,7451,1701,4009,159,141
2023,2023gal,FIRST Championship,7258,2194,4571,461,4786,3476,127,167
2023,2023gal,FIRST Championship,5557,1690,3005,5801,8033,6800,188,173
2023,2023gal,FIRST Championship,5199,9120,836,5166,9138,1678,112,183
2023,2023gal,FIRST Championship,9097,1318,3467,9105,2383,2630,144,155
2023,2023gal,FIRST Championship,8013,5586,3996,157,67,1165,178,121
2023,2023gal,FIRST Championship,1622,4481,5987,401,7461,2834,172,165
2023,2023gal,FIRST Championship,5010,7197,4451,2714,1708,968,149,138
2023,2023gal,FIRST Championship,3229,2881,9072,4009,702,4422,108,134
2023,2023gal,FIRST Championship,2614,7258,7451,5427,2830,2771,116,123
2023,2023gal,FIRST Championship,6702,4415,7657,3042,2551,948,143,162
2023,2023gal,FIRST Championship,5801,5199,2194,5985,3539,4381,146,153
2023,2023gal,FIRST Championship,9128,3536,9097,3534,9120,1902,114,103
2023,2023gal,FIRST Championship,9138,67,103,2630,3476,1690,161,154
2023,2023gal,FIRST Championship,4786,8033,5586,2910,2337,2383,175,149
2023,2023gal,FIRST Championship,1701,157,5557,1678,1591,59,132,205
2023,2023gal,FIRST Championship,1318,3603,8013,4571,3005,599,149,144
2023,2023gal,FIRST Championship,5166,3467,9105,6722,2834,3996,160,179
2023,2023gal,FIRST Championship,1165,1622,836,6800,461,1114,129,184
2023,2023gal,FIRST Championship,5427,4422,2551,9031,5199,7461,150,158
2023,2023gal,FIRST Championship,2830,968,4481,4381,702,9128,161,143
2023,2023gal,FIRST Championship,2194,4009,103,9120,2614,2714,156,143
2023,2023gal,FIRST Championship,5010,3536,3539,9097,6702,2910,153,120
2023,2023gal,FIRST Championship,7451,4415,4786,5586,2881,5557,154,153
2023,2023gal,FIRST Championship,1708,5985,3005,2383,59,4571,149,158
2023,2023gal,FIRST Championship,157,401,7258,1690,3603,7657,140,147
2023,2023gal,FIRST Championship,599,2630,1165,2337,1678,6722,96,174
2023,2023gal,FIRST Championship,3534,3042,9072,1591,3996,1318,106,179
2023,2023gal,FIRST Championship,6800,1902,4451,9105,3229,9138,147,126
2023,2023gal,FIRST Championship,3467,2771,461,5987,5166,67,153,180
2023,2023gal,FIRST Championship,1114,8013,1622,8033,7197,9031,175,126
2023,2023gal,FIRST Championship,5801,2834,3476,836,948,1701,187,150
2023,2023gal,FIRST Championship,4415,5010,103,4481,5427,5199,184,151
2023,2023gal,FIRST Championship,2383,7451,4381,401,2551,2614,158,123
2023,2023gal,FIRST Championship,6722,4571,2714,9128,5586,1690,172,190
2023,2023gal,FIRST Championship,3996,157,1708,2830,4009,3536,114,138
2023,2023gal,FIRST Championship,599,2194,2910,9072,5557,9138,180,78
2023,2023gal,FIRST Championship,1678,3539,3467,5985,4786,3229,181,138
2023,2023gal,FIRST Championship,1622,9120,702,7258,67,1318,64,163
2023,2023gal,FIRST Championship,4422,1902,1701,5987,3005,7197,127,174
2023,2023gal,FIRST Championship,59,6800,9031,6702,3534,2337,116,118
2023,2023gal,FIRST Championship,4451,948,1591,5166,8033,7461,199,183
2023,2023gal,FIRST Championship,836,968,461,2881,8013,2630,138,153
2023,2023gal,FIRST Championship,3042,7657,5801,2771,9105,1114,132,140
2023,2023gal,FIRST Championship,3476,1165,3603,2834,9097,1708,173,87
2023,2023gal,FIRST Championship,3536,599,401,2194,5985,2830,145,137
2023,2023gal,FIRST Championship,2551,9128,1318,4786,5010,67,165,175
2023,2023gal,FIRST Championship,3996,7451,9138,4481,3539,3005,108,161
2023,2023gal,FIRST Championship,9031,1701,6722,2910,4415,6800,112,182
2023,2023gal,FIRST Championship,9072,5166,157,7197,1622,5427,132,135
2023,2023gal,FIRST Championship,103,7461,6702,1902,968,4571,144,140
2023,2023gal,FIRST Championship,1591,2337,9120,2614,836,3467,168,168
2023,2023gal,FIRST Championship,2834,4422,2771,8013,4451,1678,141,201
2023,2023gal,FIRST Championship,1165,3534,1690,948,2383,2881,225,126
2023,2023gal,FIRST Championship,8033,3476,59,3229,7657,4381,198,136
2023,2023gal,FIRST Championship,4009,9105,5987,5199,7258,5557,127,141
2023,2023gal,FIRST Championship,9097,702,461,2714,5801,1114,108,165
2023,2023gal,FIRST Championship,3603,2630,5985,5586,3042,1622,150,64
2023,2023gal,FIRST Championship,9128,5166,1902,401,9072,1708,181,104
2023,2023gal,FIRST Championship,2910,7197,7461,3005,3467,7451,172,186
2023,2023gal,FIRST Championship,4571,5427,67,3539,1591,836,133,150
2023,2023gal,FIRST Championship,4786,1165,4422,4481,9138,6702,129,118
2023,2023gal,FIRST Championship,9120,1690,3229,2771,1701,2551,135,163
2023,2023gal,FIRST Championship,8033,1678,2881,1318,5987,2614,195,183
2023,2023gal,FIRST Championship,5557,9097,948,2337,968,7258,88,158
2023,2023gal,FIRST Championship,3603,1114,2194,4451,3996,4415,159,157
2023,2023gal,FIRST Championship,3042,103,59,8013,2830,5801,153,139
2023,2023gal,FIRST Championship,461,5010,7657,2834,9031,5586,175,111
2023,2023gal,FIRST Championship,4381,599,9105,2714,157,3534,168,122
2023,2023gal,FIRST Championship,5199,2383,702,3536,6722,3476,103,197
2023,2023gal,FIRST Championship,6800,7197,1591,4009,2630,4786,177,153
2023,2023gal,FIRST Championship,1690,2614,5985,1902,2910,1165,161,136
2023,2023gal,FIRST Championship,2551,9138,8033,2881,1708,2771,149,137
2023,2023gal,FIRST Championship,5427,6702,401,3467,4451,5557,111,167
2023,2023gal,FIRST Championship,4571,5801,1622,4422,7451,9120,152,117
2023,2023gal,FIRST Championship,59,9128,2834,3996,103,7258,161,172
2023,2023gal,FIRST Championship,9097,5586,5987,8013,3042,4381,143,153
2023,2023gal,FIRST Championship,67,3603,4481,1701,2714,5199,164,169
2023,2023gal,FIRST Championship,3005,836,3534,157,4009,6722,197,136
2023,2023gal,FIRST Championship,5010,2337,2830,3476,1114,5166,152,169
2023,2023gal,FIRST Championship,3536,3229,1318,7461,461,4415,156,158
2023,2023gal,FIRST Championship,702,9105,2194,948,1678,9031,132,174
2023,2023gal,FIRST Championship,968,3539,2383,7657,6800,599,129,170
2023,2023gal,FIRST Championship,2630,4451,7258,9072,2551,5801,183,88
2023,2023hop,FIRST Championship,6357,9182,610,6429,1706,1986,106,149
2023,2023hop,FIRST Championship,2609,8019,7457,2052,9082,3654,130,114
2023,2023hop,FIRST Championship,353,2718,772,2481,6024,696,119,164
2023,2023hop,FIRST Championship,190,9202,6721,1323,488,2341,69,172
2023,2023hop,FIRST Championship,1987,2930,68,1311,5526,2169,146,108
2023,2023hop,FIRST Championship,1727,2096,4336,4682,5648,4930,164,85
2023,2023hop,FIRST Championship,1792,201,876,4450,6517,4135,128,92
2023,2023hop,FIRST Championship,9260,573,1796,999,3189,498,130,120
2023,2023hop,FIRST Championship,245,2338,1807,5667,1799,5816,151,65
2023,2023hop,FIRST Championship,5587,9118,4096,4414,5675,3357,73,191
2023,2023hop,FIRST Championship,5123,2046,4265,3636,226,341,156,120
2023,2023hop,FIRST Championship,9071,4213,6832,4391,7407,2495,91,168
2023,2023hop,FIRST Championship,4400,365,8736,2481,107,3019,130,101
2023,2023hop,FIRST Championship,2096,3654,9182,772,1987,2052,117,157
2023,2023hop,FIRST Championship,1323,5648,6429,4135,2169,1792,137,123
2023,2023hop,FIRST Championship,1706,1727,5526,999,6721,8019,170,122
2023,2023hop,FIRST Championship,4450,5667,1311,696,573,488,86,166
2023,2023hop,FIRST Championship,4414,3189,190,2930,7457,6357,123,173
2023,2023hop,FIRST Championship,876,4682,9118,498,3636,245,104,185
2023,2023hop,FIRST Championship,610,9071,5587,4336,2338,68,101,137
2023,2023hop,FIRST Championship,9260,6024,3019,226,201,2495,88,197
2023,2023hop,FIRST Championship,9202,6832,1986,4265,4096,1807,110,174
2023,2023hop,FIRST Championship,6517,5675,1799,107,2046,4930,95,160
2023,2023hop,FIRST Championship,3357,2609,365,5816,5123,4391,176,84
2023,2023hop,FIRST Championship,2341,4213,9082,2718,341,1796,71,117
2023,2023hop,FIRST Championship,7407,4400,2169,8736,353,7457,165,145
2023,2023hop,FIRST Championship,488,4414,772,3636,1706,999,161,166
2023,2023hop,FIRST Championship,1792,610,1323,1987,498,5667,182,165
2023,2023hop,FIRST Championship,201,2052,9071,1727,9118,573,131,147
2023,2023hop,FIRST Championship,226,68,3189,5648,1986,696,88,128
2023,2023hop,FIRST Championship,4135,2930,1799,4336,3019,6832,138,110
2023,2023hop,FIRST Championship,1311,4391,190,9202,2481,2096,89,106
2023,2023hop,FIRST Championship,2718,8019,5123,107,1807,6357,79,151
2023,2023hop,FIRST Championship,876,3357,2341,5675,4930,9082,164,94
2023,2023hop,FIRST Championship,245,9260,5526,4096,4400,353,150,128
2023,2023hop,FIRST Championship,4213,4682,6517,3654,365,6024,61,89
2023,2023hop,FIRST Championship,4265,1796,2609,2338,2495,6429,165,146
2023,2023hop,FIRST Championship,8736,4450,341,6721,5587,5816,118,74
2023,2023hop,FIRST Championship,2046,9182,9118,7407,68,5667,148,143
2023,2023hop,FIRST Championship,1792,498,2052,226,4391,4336,154,168
2023,2023hop,FIRST Championship,6357,2096,3636,2169,1799,107,114,131
2023,2023hop,FIRST Championship,573,2481,2930,1706,1807,3357,193,177
2023,2023hop,FIRST Championship,5675,7457,488,6832,4135,245,158,94
2023,2023hop,FIRST Championship,610,772,4213,9260,5648,9202,111,66
2023,2023hop,FIRST Championship,2338,3654,4930,190,201,5526,155,126
2023,2023hop,FIRST Championship,999,8736,1796,9071,4265,1323,138,169
2023,2023hop,FIRST Championship,9082,696,5587,365,2495,2046,98,159
2023,2023hop,FIRST Championship,2718,5816,4682,4414,4400,1311,103,143
2023,2023hop,FIRST Championship,4450,1987,6024,2341,7407,5123,125,124
2023,2023hop,FIRST Championship,9182,1727,353,2609,876,3189,144,164
2023,2023hop,FIRST Championship,341,3019,4096,6517,6429,8019,164,87
2023,2023hop,FIRST Championship,1986,7457,2096,6721,4336,9118,172,112
2023,2023hop,FIRST Championship,245,1792,3357,1807,2052,4213,160,140
2023,2023hop,FIRST Championship,772,226,1706,2169,190,1796,142,136
2023,2023hop,FIRST Championship,2495,9202,3654,498,4135,8736,85,117
2023,2023hop,FIRST Championship,6832,5816,68,1323,6357,4930,85,151
2023,2023hop,FIRST Championship,2338,7407,4450,365,5675,2718,140,123
2023,2023hop,FIRST Championship,201,4265,4400,9182,4414,1799,136,134
2023,2023hop,FIRST Championship,2341,3019,6429,5526,353,2046,74,133
2023,2023hop,FIRST Championship,1727,5667,2481,5123,5587,6517,171,63
2023,2023hop,FIRST Championship,8019,876,3636,1311,999,5648,164,90
2023,2023hop,FIRST Championship,4682,696,2930,488,341,610,177,165
2023,2023hop,FIRST Championship,1986,9260,1987,2609,9071,107,152,59
2023,2023hop,FIRST Championship,573,4096,6024,4391,6721,9082,119,133
2023,2023hop,FIRST Championship,7407,1323,3189,2096,245,4450,186,123
2023,2023hop,FIRST Championship,9202,1799,226,1706,9118,68,119,91
2023,2023hop,FIRST Championship,3019,4135,4213,4265,4930,772,67,132
2023,2023hop,FIRST Championship,7457,365,498,9182,5526,2718,165,102
2023,2023hop,FIRST Championship,5675,1311,5123,2052,6429,8736,83,127
2023,2023hop,FIRST Championship,2495,610,8019,2481,4414,1792,144,158
2023,2023hop,FIRST Championship,1727,3636,696,190,6832,9260,181,131
2023,2023hop,FIRST Championship,5648,2046,6721,4400,3357,2338,151,161
2023,2023hop,FIRST Championship,1807,4336,9071,3189,341,6024,139,116
2023,2023hop,FIRST Championship,9082,6517,488,353,1987,5816,125,73
2023,2023hop,FIRST Championship,573,1986,5667,3654,2169,876,175,156
2023,2023hop,FIRST Championship,1796,4682,201,4096,6357,4391,138,151
2023,2023hop,FIRST Championship,999,107,2341,2930,2609,5587,130,159
2023,2023hop,FIRST Championship,68,4213,4414,5123,498,2096,123,92
2023,2023hop,FIRST Championship,696,9202,7457,3019,1792,1727,145,131
2023,2023hop,FIRST Championship,4930,245,6721,6429,226,2481,117,178
2023,2023hop,FIRST Championship,8019,9071,190,1799,4450,2046,114,146
2023,2023hop,FIRST Championship,9118,6517,4265,488,2718,9260,126,124
2023,2023hop,FIRST Championship,1987,341,2338,573,8736,6832,179,135
2023,2023hop,FIRST Championship,1706,4391,5675,3654,3189,4400,134,95
2023,2023hop,FIRST Championship,3357,2495,1323,107,201,1311,174,108
2023,2023hop,FIRST Championship,772,4336,2609,4096,876,7407,128,177
2023,2023hop,FIRST Championship,5816,2169,5648,2341,6024,9182,70,98
2023,2023hop,FIRST Championship,1796,1807,365,353,610,3636,132,152
2023,2023hop,FIRST Championship,2052,5526,1986,4682,5587,4135,140,96
2023,2023hop,FIRST Championship,6357,9082,226,5667,999,2930,120,127
2023,2023hop,FIRST Championship,1792,2718,190,68,245,573,82,158
2023,2023hop,FIRST Championship,498,6429,3654,488,9071,2481,108,152
2023,2023hop,FIRST Championship,4930,9260,1706,7457,1311,2338,118,151
2023,2023hop,FIRST Championship,696,6721,1987,4213,5675,201,175,110
2023,2023hop,FIRST Championship,2169,4265,4336,2046,8019,5816,169,128
2023,2023hop,FIRST Championship,772,8736,4096,3189,2341,610,120,122
2023,2023hop,FIRST Championship,5587,876,1807,1796,2096,4400,127,162
2023,2023hop,FIRST Championship,3357,9182,999,4682,3019,4450,146,86
2023,2023hop,FIRST Championship,3636,1986,4391,2930,2495,6517,196,126
2023,2023hop,FIRST Championship,365,9118,4135,341,6357,1727,117,176
2023,2023hop,FIRST Championship,6024,1323,4414,1799,2609,5526,177,123
2023,2023hop,FIRST Championship,5667,2052,107,7407,353,9202,161,160
2023,2023hop,FIRST Championship,5648,5123,201,9082,1706,6832,40,115
2023,2023hop,FIRST Championship,4336,3654,245,696,2341,4265,133,167
2023,2023hop,FIRST Championship,8736,5816,5675,2096,1792,9260,96,127
2023,2023hop,FIRST Championship,2338,8019,226,4213,488,9182,172,140
2023,2023hop,FIRST Championship,7457,5587,3019,3636,573,9071,103,150
2023,2023hop,FIRST Championship,2046,4096,2481,1987,999,4135,166,137
2023,2023hop,FIRST Championship,1799,1323,772,1986,1727,365,147,121
2023,2023hop,FIRST Championship,3189,2169,2495,3357,2052,2718,117,109
2023,2023hop,FIRST Championship,4400,4450,498,6024,4930,2930,145,129
2023,2023hop,FIRST Championship,6721,6832,1311,5667,610,2609,81,104
2023,2023hop,FIRST Championship,5648,1796,6357,5526,9202,6517,122,118
2023,2023hop,FIRST Championship,6429,9082,7407,1807,190,4682,139,146
2023,2023hop,FIRST Championship,68,107,341,876,4391,4414,157,197
2023,2023hop,FIRST Championship,353,5123,999,9118,2338,1792,98,151
2023,2023hop,FIRST Championship,9182,2481,5675,3636,1323,4336,141,195
2023,2023hop,FIRST Championship,5816,3357,4096,226,3654,1727,156,145
2023,2023hop,FIRST Championship,2046,2930,8736,201,772,245,181,129
2023,2023hop,FIRST Championship,4135,2096,1706,9071,5667,2718,154,117
2023,2023hop,FIRST Championship,4930,3189,9202,8019,365,1987,92,166
2023,2023hop,FIRST Championship,3019,1311,7407,1986,498,9082,95,171
2023,2023hop,FIRST Championship,4414,6721,1807,6517,9260,2169,155,119
2023,2023hop,FIRST Championship,4391,488,353,5587,1799,5648,167,62
2023,2023hop,FIRST Championship,4400,2609,573,6357,696,4213,157,154
2023,2023hop,FIRST Championship,6024,190,2052,610,4265,876,109,164
2023,2023hop,FIRST Championship,6832,107,4450,9118,1796,6429,81,125
2023,2023hop,FIRST Championship,2495,2341,4682,7457,68,5123,135,129
2023,2023hop,FIRST Championship,5526,3636,1792,341,772,5667,165,171
2023,2023joh,FIRST Championship,1718,3653,1785,5883,4011,3339,65,135
2023,2023joh,FIRST Championship,1625,4624,533,5654,9068,2429,123,99
2023,2023joh,FIRST Championship,2359,1425,2170,4499,16,85,155,166
2023,2023joh,FIRST Championship,359,6146,5050,5431,9037,1296,145,124
2023,2023joh,FIRST Championship,9213,1732,2521,2832,166,9312,145,173
2023,2023joh,FIRST Championship,2075,1714,1802,4635,1339,4276,163,113
2023,2023joh,FIRST Championship,7157,9176,8871,281,3506,5434,91,147
2023,2023joh,FIRST Championship,422,7748,7460,6833,7558,6919,143,149
2023,2023joh,FIRST Championship,217,1676,28,2080,4607,4293,95,122
2023,2023joh,FIRST Championship,51,9092,1730,3753,2059,1025,145,74
2023,2023joh,FIRST Championship,3794,973,484,1391,88,6045,137,119
2023,2023joh,FIRST Championship,3175,1684,971,6377,4976,1540,158,136
2023,2023joh,FIRST Championship,2067,4920,4342,9152,4776,668,151,65
2023,2023joh,FIRST Championship,1625,85,9037,5883,1732,2832,106,115
2023,2023joh,FIRST Championship,4276,2429,1296,3653,16,166,143,103
2023,2023joh,FIRST Championship,5050,5654,1718,281,9213,9176,172,111
2023,2023joh,FIRST Championship,8871,422,6146,1339,7460,4011,136,141
2023,2023joh,FIRST Championship,2359,359,9312,7748,4635,4624,159,128
2023,2023joh,FIRST Championship,51,3339,6919,3506,217,4293,171,93
2023,2023joh,FIRST Championship,3753,484,2170,5431,7558,9068,102,136
2023,2023joh,FIRST Championship,5434,3175,4976,28,6045,9092,129,120
2023,2023joh,FIRST Championship,6377,2080,1391,4776,1025,4342,141,139
2023,2023joh,FIRST Championship,7157,1540,1425,1714,973,668,122,139
2023,2023joh,FIRST Championship,1676,2521,6833,9152,1730,1785,121,134
2023,2023joh,FIRST Championship,971,2059,2067,1802,88,1684,162,167
2023,2023joh,FIRST Championship,4499,4920,2075,3794,533,4607,195,111
2023,2023joh,FIRST Championship,5883,6146,166,9312,422,5654,150,148
2023,2023joh,FIRST Championship,7460,4276,4293,1296,3506,4624,105,136
2023,2023joh,FIRST Championship,1339,9068,359,217,85,1718,142,179
2023,2023joh,FIRST Championship,16,3175,9037,3653,7558,51,128,171
2023,2023joh,FIRST Championship,9176,2429,1391,2832,4976,5431,167,120
2023,2023joh,FIRST Championship,8871,1625,4776,1425,9092,4635,119,148
2023,2023joh,FIRST Championship,6377,668,2359,1676,281,3753,137,144
2023,2023joh,FIRST Championship,1785,88,1732,4342,1684,1714,180,171
2023,2023joh,FIRST Championship,1730,4499,1540,2080,7157,1802,185,145
2023,2023joh,FIRST Championship,484,4011,5434,533,7748,971,154,103
2023,2023joh,FIRST Championship,6919,4920,6045,2521,28,2059,182,115
2023,2023joh,FIRST Championship,973,9152,9213,2170,3794,2075,100,138
2023,2023joh,FIRST Championship,5050,1025,6833,2067,4607,3339,132,177
2023,2023joh,FIRST Championship,166,1339,217,1391,3175,4624,145,160
2023,2023joh,FIRST Championship,5654,3653,1425,7460,4976,359,151,141
2023,2023joh,FIRST Championship,16,5431,51,9312,8871,1676,164,130
2023,2023joh,FIRST Championship,668,9092,7558,3506,1732,4276,96,123
2023,2023joh,FIRST Championship,4293,1802,1785,422,3753,1625,100,87
2023,2023joh,FIRST Championship,971,484,4776,9037,7157,2359,150,136
2023,2023joh,FIRST Championship,1730,85,7748,6146,9176,4920,139,125
2023,2023joh,FIRST Championship,3794,1296,2059,1540,4342,5883,50,139
2023,2023joh,FIRST Championship,1714,2170,2429,6833,6377,4607,134,147
2023,2023joh,FIRST Championship,4011,281,2075,88,9068,1025,156,134
2023,2023joh,FIRST Championship,2832,9213,1684,28,3339,4499,124,154
2023,2023joh,FIRST Championship,2080,2521,9152,5050,973,533,124,125
2023,2023joh,FIRST Championship,5434,6045,4635,2067,1718,6919,118,165
2023,2023joh,FIRST Championship,5654,1339,1785,5431,3506,1425,128,150
2023,2023joh,FIRST Championship,7157,4776,1391,51,1732,422,176,160
2023,2023joh,FIRST Championship,4976,4624,1676,7558,1802,6146,164,158
2023,2023joh,FIRST Championship,9176,9312,85,1540,4293,3794,118,89
2023,2023joh,FIRST Championship,4342,16,1730,4607,1625,3175,173,164
2023,2023joh,FIRST Championship,3753,217,6833,4276,88,4920,111,174
2023,2023joh,FIRST Championship,3339,6377,2059,484,359,2075,135,172
2023,2023joh,FIRST Championship,9092,1714,9037,2170,4011,9213,112,130
2023,2023joh,FIRST Championship,6919,9152,5434,1296,668,2832,145,146
2023,2023joh,FIRST Championship,1025,533,4499,973,1718,28,138,156
2023,2023joh,FIRST Championship,971,5050,2359,2429,5883,8871,77,107
2023,2023joh,FIRST Championship,4635,2080,2067,2521,7460,3653,132,139
2023,2023joh,FIRST Championship,281,7748,9068,6045,166,1684,108,164
2023,2023joh,FIRST Championship,1732,1802,3175,1425,6146,4607,164,143
2023,2023joh,FIRST Championship,4976,85,88,51,5654,7157,162,148
2023,2023joh,FIRST Championship,4276,16,3753,9176,359,422,135,167
2023,2023joh,FIRST Championship,6833,1540,4011,1676,4776,1339,121,180
2023,2023joh,FIRST Championship,4920,1296,9312,1625,1391,3339,151,127
2023,2023joh,FIRST Championship,6377,217,7558,9213,2059,5434,143,103
2023,2023joh,FIRST Championship,9037,4624,6919,8871,2075,973,134,157
2023,2023joh,FIRST Championship,9092,2832,533,2359,1785,2067,111,122
2023,2023joh,FIRST Championship,5050,5431,4499,6045,971,3653,102,146
2023,2023joh,FIRST Championship,1025,4293,7748,9152,1714,9068,141,115
2023,2023joh,FIRST Championship,3506,28,4635,166,1730,3794,134,116
2023,2023joh,FIRST Championship,4342,1718,281,2429,484,2521,152,149
2023,2023joh,FIRST Championship,1684,5883,668,7460,2170,2080,142,126
2023,2023joh,FIRST Championship,4011,4607,3753,4976,5654,1296,139,170
2023,2023joh,FIRST Championship,1540,51,88,6146,5434,1732,172,142
2023,2023joh,FIRST Championship,4776,9213,85,1802,6919,16,150,81
2023,2023joh,FIRST Championship,973,9037,6377,1785,4276,217,165,118
2023,2023joh,FIRST Championship,422,2832,7157,4624,5050,2059,202,118
2023,2023joh,FIRST Championship,533,3653,9176,1425,1025,1339,84,155
2023,2023joh,FIRST Championship,359,4635,9152,1391,971,28,137,88
2023,2023joh,FIRST Championship,8871,7748,3339,3175,3794,2521,98,150
2023,2023joh,FIRST Championship,2075,6045,1625,2080,2359,6833,173,84
2023,2023joh,FIRST Championship,2429,2067,281,7558,2170,1730,148,151
2023,2023joh,FIRST Championship,9312,7460,4342,4499,9068,9092,165,121
2023,2023joh,FIRST Championship,4293,668,166,1718,1684,5431,149,143
2023,2023joh,FIRST Championship,484,1714,3506,5883,1676,4920,136,95
2023,2023joh,FIRST Championship,1785,4976,5050,4776,6919,4276,156,124
2023,2023joh,FIRST Championship,88,1425,4011,4624,6377,2832,170,168
2023,2023joh,FIRST Championship,6146,533,217,4635,3753,7157,133,141
2023,2023joh,FIRST Championship,4607,1540,5654,7748,9037,1391,199,101
2023,2023joh,FIRST Championship,28,8871,3653,1802,6833,9176,48,141
2023,2023joh,FIRST Championship,2521,5434,1339,2059,1625,2170,162,169
2023,2023joh,FIRST Championship,9068,1296,7460,3175,2359,9213,125,122
2023,2023joh,FIRST Championship,7558,3339,973,85,4342,5431,186,174
2023,2023joh,FIRST Championship,166,51,1714,4499,2067,484,129,176
2023,2023joh,FIRST Championship,359,2080,1732,4920,4293,281,127,150
2023,2023joh,FIRST Championship,6045,5883,3506,1025,9152,16,134,142
2023,2023joh,FIRST Championship,668,971,1718,1730,2075,9312,156,170
2023,2023joh,FIRST Championship,1684,1676,3794,9092,2429,422,135,117
2023,2023joh,FIRST Championship,4624,4607,3653,6919,3753,1540,112,118
2023,2023joh,FIRST Championship,88,28,2170,7748,4776,5050,90,174
2023,2023joh,FIRST Championship,9068,1391,6146,2059,1785,8871,139,115
2023,2023joh,FIRST Championship,2359,5434,5654,3339,4276,4342,101,142
2023,2023joh,FIRST Championship,1714,9176,1625,7460,166,973,150,176
2023,2023joh,FIRST Championship,281,6833,4635,9037,4499,4976,130,151
2023,2023joh,FIRST Championship,1732,1425,16,484,217,9152,182,82
2023,2023joh,FIRST Championship,2067,7157,3175,4011,9312,2080,168,136
2023,2023joh,FIRST Championship,2832,3794,3506,1718,359,1802,140,180
2023,2023joh,FIRST Championship,1339,51,6045,9213,668,2429,175,90
2023,2023joh,FIRST Championship,5431,4293,5883,533,1730,6377,135,153
2023,2023joh,FIRST Championship,1296,1676,422,85,971,1025,163,132
2023,2023joh,FIRST Championship,7558,4920,2521,1684,2075,9092,177,146
2023,2023joh,FIRST Championship,2059,6919,88,166,2359,9176,167,139
2023,2023joh,FIRST Championship,3753,4624,4776,3339,281,1714,117,161
2023,2023joh,FIRST Championship,1540,28,7460,16,1785,484,121,162
2023,2023joh,FIRST Championship,9152,2067,4276,1625,4499,6146,129,138
2023,2023joh,FIRST Championship,9068,9037,2080,5434,1425,3794,83,136
2023,2023joh,FIRST Championship,1732,2429,973,3175,4635,4011,155,186
2023,2023joh,FIRST Championship,2170,4342,359,6045,9312,533,129,159
2023,2023joh,FIRST Championship,3653,5431,1676,7157,9213,7748,133,125
2023,2023joh,FIRST Championship,3506,1391,1730,85,5050,1684,185,156
2023,2023joh,FIRST Championship,4607,2832,7558,4293,1339,971,152,153
2023,2023joh,FIRST Championship,9092,1296,5883,2075,6833,51,93,158
2023,2023joh,FIRST Championship,1718,422,6377,4920,8871,4976,155,115
2023,2023joh,FIRST Championship,668,1025,1802,217,2521,5654,137,178
2023,2023mil,FIRST Championship,2539,5411,1414,5024,5618,5988,145,90
2023,2023mil,FIRST Championship,3668,319,5152,4122,930,2635,159,135
2023,2023mil,FIRST Championship,2399,5895,5505,1072,5409,1745,170,139
2023,2023mil,FIRST Championship,9076,587,25,1218,9244,987,140,122
2023,2023mil,FIRST Championship,384,3655,6352,2656,2230,1923,161,132
2023,2023mil,FIRST Championship,1683,9007,4039,9022,4175,5089,150,89
2023,2023mil,FIRST Championship,9008,3683,4561,1983,3937,597,137,173
2023,2023mil,FIRST Championship,2240,3679,135,3604,2974,5653,115,139
2023,2023mil,FIRST Championship,6865,2403,4693,6090,7018,4779,95,131
2023,2023mil,FIRST Championship,6823,694,4020,604,5419,2489,151,94
2023,2023mil,FIRST Championship,9075,316,469,9125,6420,3374,147,118
2023,2023mil,FIRST Championship,176,1599,2638,910,360,1241,165,144
2023,2023mil,FIRST Championship,8576,1506,1923,5913,3620,6672,155,185
2023,2023mil,FIRST Championship,3668,4175,5988,1745,1218,5895,91,163
2023,2023mil,FIRST Championship,4561,5024,2399,4122,5089,3655,119,148
2023,2023mil,FIRST Championship,5618,930,9022,5409,2656,2635,131,128
2023,2023mil,FIRST Championship,3604,384,5411,9244,5505,7018,145,91
2023,2023mil,FIRST Championship,2230,4693,5152,2539,3683,1072,94,160
2023,2023mil,FIRST Championship,135,6352,6823,469,6865,1683,127,143
2023,2023mil,FIRST Championship,5653,4039,1241,2403,987,604,125,155
2023,2023mil,FIRST Championship,2638,5419,2240,9075,3620,8576,141,126
2023,2023mil,FIRST Championship,9008,25,3374,2974,910,2489,81,151
2023,2023mil,FIRST Championship,9007,6090,694,316,176,319,152,188
2023,2023mil,FIRST Championship,1414,4020,1506,4779,360,597,150,107
2023,2023mil,FIRST Championship,6420,3937,587,3679,5913,9125,139,137
2023,2023mil,FIRST Championship,1983,3655,6672,3668,9076,1599,150,96
2023,2023mil,FIRST Championship,6352,5024,5089,1072,384,1218,98,165
2023,2023mil,FIRST Championship,2539,469,2230,1241,4122,5409,192,143
2023,2023mil,FIRST Championship,7018,5618,3620,9244,5653,1745,94,122
2023,2023mil,FIRST Championship,1923,987,930,2399,5419,3604,169,193
2023,2023mil,FIRST Championship,176,4561,5988,3683,316,2240,139,151
2023,2023mil,FIRST Championship,8576,3374,9022,2403,319,6823,113,169
2023,2023mil,FIRST Championship,9075,1683,2974,5895,3937,4779,150,173
2023,2023mil,FIRST Championship,25,5505,6865,1414,9076,694,125,142
2023,2023mil,FIRST Championship,9008,604,6672,6420,135,6090,168,173
2023,2023mil,FIRST Championship,5913,2635,360,4039,597,4175,67,152
2023,2023mil,FIRST Championship,1599,9125,5152,9007,5411,1506,159,149
2023,2023mil,FIRST Championship,3679,4020,2656,4693,1983,910,141,108
2023,2023mil,FIRST Championship,5653,316,2638,587,2489,3655,138,140
2023,2023mil,FIRST Championship,3683,5618,1218,3374,3620,2399,103,180
2023,2023mil,FIRST Championship,5409,9022,7018,176,3668,3937,142,186
2023,2023mil,FIRST Championship,384,8576,2539,1745,987,1683,179,173
2023,2023mil,FIRST Championship,4779,1241,9076,2240,1923,6420,110,163
2023,2023mil,FIRST Championship,1072,597,4122,135,4175,5419,105,113
2023,2023mil,FIRST Championship,4561,5913,6823,9244,2974,5152,154,128
2023,2023mil,FIRST Championship,4039,360,4693,9125,9008,694,91,140
2023,2023mil,FIRST Championship,587,604,6865,5988,2656,5411,167,99
2023,2023mil,FIRST Championship,5024,9075,319,3679,6672,5505,120,165
2023,2023mil,FIRST Championship,469,910,6090,1983,5895,3604,155,146
2023,2023mil,FIRST Championship,2489,2230,2403,5089,1506,2635,130,133
2023,2023mil,FIRST Championship,6352,2638,930,1414,1599,25,125,153
2023,2023mil,FIRST Championship,5409,4020,3655,9007,6420,987,164,138
2023,2023mil,FIRST Championship,3937,5419,9244,4175,2539,176,107,163
2023,2023mil,FIRST Championship,1241,6823,3668,316,9008,9076,124,110
2023,2023mil,FIRST Championship,5152,135,4779,587,2399,384,140,168
2023,2023mil,FIRST Championship,694,1218,4039,4561,9075,7018,160,111
2023,2023mil,FIRST Championship,910,319,5895,360,6865,5618,160,134
2023,2023mil,FIRST Championship,5089,6090,8576,1923,3683,5411,119,184
2023,2023mil,FIRST Championship,4122,1414,604,1983,2403,3679,131,126
2023,2023mil,FIRST Championship,3374,2240,5505,2635,6352,4020,111,104
2023,2023mil,FIRST Championship,2656,5024,3620,2230,25,9125,151,153
2023,2023mil,FIRST Championship,1745,2638,597,9022,9007,2974,148,123
2023,2023mil,FIRST Championship,5913,469,1506,930,5653,4693,101,152
2023,2023mil,FIRST Championship,1072,5988,2489,1599,3604,1683,84,134
2023,2023mil,FIRST Championship,6672,6420,2539,360,2399,7018,183,157
2023,2023mil,FIRST Championship,3683,4039,135,694,9244,5895,184,159
2023,2023mil,FIRST Championship,4175,6865,3679,3655,8576,4561,106,169
2023,2023mil,FIRST Championship,2635,6823,5618,384,1983,176,129,156
2023,2023mil,FIRST Championship,3937,6090,9125,2240,4122,25,161,111
2023,2023mil,FIRST Championship,987,5411,319,2638,2230,2974,171,150
2023,2023mil,FIRST Championship,1506,587,9075,6352,5409,3668,156,147
2023,2023mil,FIRST Championship,1241,1923,3604,4020,9022,5024,169,124
2023,2023mil,FIRST Championship,5505,1218,2403,1683,930,9008,130,138
2023,2023mil,FIRST Championship,5419,4693,3374,5653,5988,1599,148,107
2023,2023mil,FIRST Championship,5152,2489,469,597,6672,1414,165,160
2023,2023mil,FIRST Championship,2656,1745,316,5913,5089,4779,141,121
2023,2023mil,FIRST Championship,3620,910,1072,9007,9076,604,138,112
2023,2023mil,FIRST Championship,2635,135,1983,2638,7018,8576,144,119
2023,2023mil,FIRST Championship,4039,2240,5409,5411,4122,6823,180,157
2023,2023mil,FIRST Championship,9244,4175,384,9075,1241,2399,96,157
2023,2023mil,FIRST Championship,5895,3655,9008,9022,2539,25,165,163
2023,2023mil,FIRST Championship,3374,1683,176,1506,3679,5024,170,147
2023,2023mil,FIRST Championship,6865,5152,5653,1218,1923,3937,140,198
2023,2023mil,FIRST Championship,2489,3668,1414,3683,2656,6420,148,130
2023,2023mil,FIRST Championship,5505,1599,5913,2230,6090,5618,160,156
2023,2023mil,FIRST Championship,319,4779,9007,3604,4561,604,140,178
2023,2023mil,FIRST Championship,2403,1745,360,5419,6352,316,112,135
2023,2023mil,FIRST Championship,5988,694,3620,469,1072,987,145,156
2023,2023mil,FIRST Championship,9076,5089,2974,930,9125,4020,119,162
2023,2023mil,FIRST Championship,587,6672,910,4693,597,2240,171,140
2023,2023mil,FIRST Championship,4122,9075,5653,5411,9008,2635,98,125
2023,2023mil,FIRST Championship,1241,7018,3683,3655,1506,1683,138,170
2023,2023mil,FIRST Championship,2399,2539,5913,3668,6865,2638,182,134
2023,2023mil,FIRST Championship,2656,9244,2489,8576,5505,9007,72,131
2023,2023mil,FIRST Championship,1218,1983,2230,316,9022,135,146,129
2023,2023mil,FIRST Championship,25,604,5409,1923,3374,360,166,177
2023,2023mil,FIRST Championship,5895,2974,6420,3620,176,2403,176,173
2023,2023mil,FIRST Championship,597,5988,3679,9076,384,6090,138,148
2023,2023mil,FIRST Championship,5024,4779,1072,930,910,4039,156,181
2023,2023mil,FIRST Championship,987,9125,6352,6672,5618,4561,152,130
2023,2023mil,FIRST Championship,4693,1414,1745,6823,3604,3937,149,193
2023,2023mil,FIRST Championship,469,1599,319,4175,587,4020,149,115
2023,2023mil,FIRST Championship,5419,694,1983,5089,5152,1241,131,144
2023,2023mil,FIRST Championship,2240,1683,9244,604,3668,2230,135,180
2023,2023mil,FIRST Championship,7018,1923,4122,2489,5895,9007,131,91
2023,2023mil,FIRST Championship,2539,3655,2656,597,2403,9075,141,111
2023,2023mil,FIRST Championship,5411,176,9076,135,3374,5913,136,127
2023,2023mil,FIRST Championship,360,6420,384,4561,1072,930,170,189
2023,2023mil,FIRST Championship,2974,1414,5409,6090,4693,1218,189,145
2023,2023mil,FIRST Championship,9022,2399,6352,910,5653,9125,148,134
2023,2023mil,FIRST Championship,1599,2635,587,694,1745,5024,147,169
2023,2023mil,FIRST Championship,4779,3679,3683,5618,469,5419,170,150
2023,2023mil,FIRST Championship,987,5505,2638,1506,6823,4175,91,159
2023,2023mil,FIRST Championship,3620,9008,5089,319,5988,6865,109,121
2023,2023mil,FIRST Championship,25,3604,316,5152,8576,4039,182,168
2023,2023mil,FIRST Championship,3937,6672,5411,4020,1072,2403,154,121
2023,2023mil,FIRST Championship,6090,4561,5895,3374,1241,2656,147,123
2023,2023mil,FIRST Championship,9076,4693,9022,6352,2489,9075,83,108
2023,2023mil,FIRST Championship,5024,597,9244,6420,5409,1983,116,143
2023,2023mil,FIRST Championship,1683,5913,910,3655,1414,5419,164,156
2023,2023mil,FIRST Championship,9125,135,1923,5505,2539,3668,133,174
2023,2023mil,FIRST Championship,930,4779,1599,6823,3620,3679,173,137
2023,2023mil,FIRST Championship,987,2240,4175,7018,5152,9008,171,118
2023,2023mil,FIRST Championship,2974,1506,4122,316,384,694,157,174
2023,2023mil,FIRST Championship,5618,5089,3604,360,2638,587,119,157
2023,2023mil,FIRST Championship,6672,9007,5653,5988,25,3683,107,123
2023,2023mil,FIRST Championship,2399,2635,8576,604,3937,469,118,202
2023,2023mil,FIRST Championship,6865,176,2230,4020,4039,1745,121,172
2023,2023mil,FIRST Championship,1218,6352,2539,319,1072,1241,135,179
2023,2023new,FIRST Championship,7428,4663,5338,9030,5804,1023,126,130
2023,2023new,FIRST Championship,857,1757,1816,1538,4909,6909,162,142
2023,2023new,FIRST Championship,5553,4944,6817,1156,4069,900,92,151
2023,2023new,FIRST Championship,4112,4905,5006,3932,3184,8808,128,143
2023,2023new,FIRST Championship,2992,494,5172,9140,9084,8717,141,119
2023,2023new,FIRST Championship,4143,5274,3572,6606,955,2642,158,101
2023,2023new,FIRST Championship,11,1466,8015,5665,177,3767,94,130
2023,2023new,FIRST Championship,3218,4419,7072,2960,6431,8016,181,105
2023,2023new,FIRST Championship,1746,4329,3039,4522,1836,5135,168,167
2023,2023new,FIRST Championship,9062,7617,9126,3003,3940,179,106,155
2023,2023new,FIRST Championship,3538,6657,503,1468,1123,195,141,173
2023,2023new,FIRST Championship,5990,8592,7285,3161,3478,1629,152,117
2023,2023new,FIRST Championship,9023,8847,4145,4099,1501,8808,125,147
2023,2023new,FIRST Championship,7428,3572,900,5338,857,4905,108,112
2023,2023new,FIRST Championship,5665,1156,4909,4663,5006,5172,163,162
2023,2023new,FIRST Championship,8717,4069,1023,11,4112,5274,146,122
2023,2023new,FIRST Championship,2992,3184,3218,4143,5804,4329,170,172
2023,2023new,FIRST Championship,8016,6606,494,3767,9126,4522,112,124
2023,2023new,FIRST Championship,1538,5553,7072,9140,5135,3039,137,152
2023,2023new,FIRST Championship,8015,6909,3932,5990,6431,955,53,113
2023,2023new,FIRST Championship,1816,7617,4145,1836,6817,3161,142,94
2023,2023new,FIRST Championship,1468,3940,8847,7285,9030,4944,142,118
2023,2023new,FIRST Championship,9062,6657,3478,4099,4419,1757,108,152
2023,2023new,FIRST Championship,179,1629,9023,195,1466,3538,160,172
2023,2023new,FIRST Championship,2960,503,1123,9084,1746,8592,158,169
2023,2023new,FIRST Championship,177,3003,4522,2642,1501,2992,160,122
2023,2023new,FIRST Championship,8808,5665,1538,494,3572,1023,157,150
2023,2023new,FIRST Championship,1156,11,3039,3218,9126,6909,173,94
2023,2023new,FIRST Championship,5804,6431,8015,5553,4145,4112,90,134
2023,2023new,FIRST Championship,9140,4143,3940,4069,5990,8847,145,123
2023,2023new,FIRST Championship,5172,4099,7285,8016,7617,1757,120,121
2023,2023new,FIRST Championship,3478,857,179,6657,3932,1836,154,111
2023,2023new,FIRST Championship,7428,1468,8592,3767,1816,5006,143,142
2023,2023new,FIRST Championship,4909,3161,1746,3538,9062,5338,164,125
2023,2023new,FIRST Championship,4944,2960,1501,3184,195,2642,123,182
2023,2023new,FIRST Championship,7072,5274,8717,4905,1123,4419,105,152
2023,2023new,FIRST Championship,5135,4329,4663,955,503,1466,138,167
2023,2023new,FIRST Championship,9030,6606,3003,6817,1629,9084,100,120
2023,2023new,FIRST Championship,9023,1156,177,900,1757,4143,141,163
2023,2023new,FIRST Championship,1023,9126,5665,1836,3218,7285,129,169
2023,2023new,FIRST Championship,857,5804,8592,8847,4522,7617,122,165
2023,2023new,FIRST Championship,6909,3538,3767,8808,9140,9062,135,108
2023,2023new,FIRST Championship,1468,5338,5553,179,2992,8016,107,149
2023,2023new,FIRST Championship,8015,4944,1746,4419,4909,7428,156,103
2023,2023new,FIRST Championship,503,8717,3161,1501,3932,1538,105,182
2023,2023new,FIRST Championship,3478,9030,3184,6431,1466,5274,128,85
2023,2023new,FIRST Championship,1123,6817,4099,2642,4663,11,123,150
2023,2023new,FIRST Championship,6606,6657,5135,2960,900,1816,113,137
2023,2023new,FIRST Championship,3003,9023,5990,5006,4329,494,128,163
2023,2023new,FIRST Championship,4905,4069,1629,3039,5172,4145,135,167
2023,2023new,FIRST Championship,195,9084,4112,3572,177,3940,129,172
2023,2023new,FIRST Championship,5665,3538,955,7072,4522,7428,175,143
2023,2023new,FIRST Championship,179,8808,1023,4944,4143,8592,125,173
2023,2023new,FIRST Championship,1757,503,6431,9126,8847,5338,111,138
2023,2023new,FIRST Championship,8717,1836,6909,9030,4663,5553,95,83
2023,2023new,FIRST Championship,1123,3218,6606,3932,7617,4909,137,168
2023,2023new,FIRST Championship,3161,2642,5804,9023,9140,6657,174,110
2023,2023new,FIRST Championship,6817,5274,1501,1468,3039,8015,93,153
2023,2023new,FIRST Championship,4419,4145,177,494,3940,3184,146,163
2023,2023new,FIRST Championship,900,2992,4329,5172,1538,3478,182,154
2023,2023new,FIRST Championship,1629,4112,2960,955,9062,1156,115,128
2023,2023new,FIRST Championship,7285,9084,857,1466,7072,5006,177,105
2023,2023new,FIRST Championship,1746,1816,195,8016,11,5990,162,138
2023,2023new,FIRST Championship,3767,5135,4099,4069,3572,3003,174,158
2023,2023new,FIRST Championship,7617,4905,9140,503,4944,9126,134,157
2023,2023new,FIRST Championship,3161,179,4663,1757,3218,8015,151,99
2023,2023new,FIRST Championship,1836,6431,3538,4143,494,177,104,190
2023,2023new,FIRST Championship,3184,6606,3039,5665,9023,2992,172,98
2023,2023new,FIRST Championship,1123,8717,7428,4329,1156,3940,92,172
2023,2023new,FIRST Championship,857,6817,2960,4112,8808,5172,110,76
2023,2023new,FIRST Championship,1816,3478,5553,8847,955,9084,138,130
2023,2023new,FIRST Championship,4522,1538,9030,4069,4099,4909,158,157
2023,2023new,FIRST Championship,8592,2642,3932,8016,5135,9062,152,104
2023,2023new,FIRST Championship,1746,6909,1466,1501,4905,5804,142,161
2023,2023new,FIRST Championship,5338,3767,195,5274,4145,7285,158,143
2023,2023new,FIRST Championship,4419,1023,5990,900,1468,3003,192,156
2023,2023new,FIRST Championship,6657,7072,3572,1629,5006,11,117,157
2023,2023new,FIRST Championship,3039,4143,4663,4944,857,3161,186,168
2023,2023new,FIRST Championship,494,3478,503,4112,7428,3218,178,131
2023,2023new,FIRST Championship,177,1816,8717,179,4099,5665,136,160
2023,2023new,FIRST Championship,4909,9140,6817,8592,3184,6431,140,122
2023,2023new,FIRST Championship,9126,5172,9023,5135,8015,9030,65,86
2023,2023new,FIRST Championship,4905,1466,1836,9062,195,4069,149,75
2023,2023new,FIRST Championship,3940,9084,900,5274,3538,8016,153,148
2023,2023new,FIRST Championship,1156,1538,7617,5338,5990,6657,161,121
2023,2023new,FIRST Championship,2642,4329,8847,6909,1629,4419,165,98
2023,2023new,FIRST Championship,3932,1746,7072,1023,3767,2992,157,181
2023,2023new,FIRST Championship,11,955,1468,5804,8808,6606,103,130
2023,2023new,FIRST Championship,5006,3003,1501,7285,5553,2960,145,130
2023,2023new,FIRST Championship,3572,4522,1757,4145,1123,4944,166,125
2023,2023new,FIRST Championship,4909,195,4143,3478,8717,9126,201,119
2023,2023new,FIRST Championship,5135,5665,9084,6431,179,4905,158,80
2023,2023new,FIRST Championship,8592,9062,9030,900,3039,494,91,176
2023,2023new,FIRST Championship,4329,3538,4069,7617,8015,2642,214,135
2023,2023new,FIRST Championship,3218,3940,4099,5172,5338,6909,138,72
2023,2023new,FIRST Championship,5804,1836,1156,7072,6606,503,143,110
2023,2023new,FIRST Championship,177,8016,5006,1023,955,6817,122,139
2023,2023new,FIRST Championship,3572,4419,3932,1538,7285,9023,160,121
2023,2023new,FIRST Championship,3003,4663,8808,6657,1746,5274,114,142
2023,2023new,FIRST Championship,1466,2960,4522,9140,1757,1468,155,157
2023,2023new,FIRST Championship,3184,5990,3767,857,5553,1123,192,97
2023,2023new,FIRST Championship,2992,8847,11,4145,7428,3161,160,113
2023,2023new,FIRST Championship,1501,1629,4143,1816,4112,5135,182,117
2023,2023new,FIRST Championship,8015,494,5338,6909,7072,195,97,146
2023,2023new,FIRST Championship,3940,4909,2642,3039,179,503,165,170
2023,2023new,FIRST Championship,6817,9126,5804,3572,1538,3538,59,175
2023,2023new,FIRST Championship,5006,7285,4069,6431,8717,1746,148,63
2023,2023new,FIRST Championship,955,8592,3218,3003,6657,4944,154,136
2023,2023new,FIRST Championship,3767,8016,4905,4663,9023,3478,141,120
2023,2023new,FIRST Championship,3184,5172,8847,6606,1023,9062,131,117
2023,2023new,FIRST Championship,5553,7428,8808,1629,177,7617,97,170
2023,2023new,FIRST Championship,4099,2992,1836,5990,2960,5274,152,133
2023,2023new,FIRST Championship,4112,900,1123,1466,3161,5665,168,134
2023,2023new,FIRST Championship,1757,1501,9030,4329,11,857,141,169
2023,2023new,FIRST Championship,4522,3932,9140,1156,1816,4419,178,133
2023,2023new,FIRST Championship,9084,4145,1538,3218,2642,1468,187,180
2023,2023new,FIRST Championship,4944,6909,3039,3478,5006,5135,112,163
2023,2023new,FIRST Championship,503,8016,3572,8717,8015,3184,111,96
2023,2023new,FIRST Championship,9126,4069,6606,4663,8592,177,86,162
2023,2023new,FIRST Championship,8808,4909,6657,3940,7285,2992,134,156
2023,2023new,FIRST Championship,7617,900,179,8847,3767,4112,159,110
2023,2023new,FIRST Championship,3538,5553,11,4905,2960,4329,180,81
2023,2023new,FIRST Championship,5990,4522,9062,9023,7428,6817,156,94
2023,2023new,FIRST Championship,4143,1468,5172,7072,3003,1123,160,127
2023,2023new,FIRST Championship,195,3161,6431,4099,1023,1156,117,139
2023,2023new,FIRST Championship,5274,494,5804,3932,1757,1629,169,161
2023,2023new,FIRST Championship,4145,5665,9140,1746,9030,857,151,150
2023,2023new,FIRST Championship,4419,1501,955,9084,5338,1836,170,153
2023,2023new,FIRST Championship,8808,3039,1466,3218,3572,1816,168,160
