year,event,week,team,n_matches,resid_mean,resid_sd,resid_min
2025,2025isde1,Week 1,5635,12,-0.0,19.323,-25.851
2025,2025isde1,Week 1,1690,12,0.0,23.68,-42.57
2025,2025isde1,Week 1,3065,12,0.0,15.225,-29.973
2025,2025isde1,Week 1,4338,12,0.0,14.514,-16.495
2025,2025isde1,Week 1,6104,12,0.0,17.077,-12.359
2025,2025isde1,Week 1,1943,12,0.0,20.978,-42.57
2025,2025isde1,Week 1,4416,12,0.0,20.944,-29.124
2025,2025isde1,Week 1,7067,12,0.0,15.054,-16.495
2025,2025isde1,Week 1,2096,12,0.0,17.261,-25.851
2025,2025isde1,Week 1,6738,12,-0.0,13.461,-14.546
2025,2025isde1,Week 1,8223,12,-0.0,22.712,-32.316
2025,2025isde1,Week 1,5614,12,0.0,17.657,-20.421
2025,2025isde1,Week 1,3835,12,-0.0,15.411,-22.197
2025,2025isde1,Week 1,4319,12,0.0,15.642,-21.553
2025,2025isde1,Week 1,5951,12,0.0,16.122,-29.124
2025,2025isde1,Week 1,1942,12,-0.0,24.757,-29.973
2025,2025isde1,Week 1,3083,12,-0.0,18.618,-29.124
2025,2025isde1,Week 1,5654,12,0.0,17.348,-31.741
2025,2025isde1,Week 1,7177,12,0.0,16.237,-31.986
2025,2025isde1,Week 1,9738,12,-0.0,21.18,-31.986
2025,2025isde1,Week 1,6230,12,0.0,18.693,-31.986
2025,2025isde1,Week 1,9303,12,-0.0,19.917,-34.484
2025,2025isde1,Week 1,1577,12,0.0,20.716,-32.316
2025,2025isde1,Week 1,2630,12,0.0,24.773,-42.57
2025,2025isde1,Week 1,9304,12,-0.0,22.147,-22.386
2025,2025isde1,Week 1,8175,12,-0.0,13.916,-29.973
2025,2025isde1,Week 1,4661,12,0.0,17.368,-22.386
2025,2025isde1,Week 1,10695,12,0.0,15.457,-32.316
2025,2025isde1,Week 1,5928,12,-0.0,20.188,-34.484
2025,2025isde2,Week 1,4590,12,-0.0,17.349,-31.52
2025,2025isde2,Week 1,3211,12,-0.0,18.488,-21.463
2025,2025isde2,Week 1,5614,12,-0.0,13.538,-16.908
2025,2025isde2,Week 1,1580,12,-0.0,14.729,-25.943
2025,2025isde2,Week 1,6740,12,-0.0,16.246,-21.826
2025,2025isde2,Week 1,3339,12,-0.0,24.142,-58.209
2025,2025isde2,Week 1,5135,12,-0.0,27.765,-47.547
2025,2025isde2,Week 1,5554,12,-0.0,27.541,-50.647
2025,2025isde2,Week 1,2679,12,-0.0,26.202,-35.94
2025,2025isde2,Week 1,9739,12,0.0,26.887,-50.647
2025,2025isde2,Week 1,7039,12,-0.0,18.545,-36.642
2025,2025isde2,Week 1,5987,12,-0.0,12.429,-23.143
2025,2025isde2,Week 1,1954,12,-0.0,21.615,-50.842
2025,2025isde2,Week 1,5990,12,-0.0,26.804,-50.842
2025,2025isde2,Week 1,5715,12,0.0,21.012,-50.842
2025,2025isde2,Week 1,10139,12,-0.0,18.009,-40.598
2025,2025isde2,Week 1,6168,12,-0.0,15.786,-20.406
2025,2025isde2,Week 1,1576,12,0.0,20.12,-35.331
2025,2025isde2,Week 1,3075,12,-0.0,13.543,-36.642
2025,2025isde2,Week 1,3316,12,-0.0,17.561,-38.575
2025,2025isde2,Week 1,7845,12,0.0,21.229,-58.209
2025,2025isde2,Week 1,1657,12,-0.0,17.801,-35.331
2025,2025isde2,Week 1,7112,12,-0.0,22.752,-58.209
2025,2025isde2,Week 1,4744,12,0.0,21.447,-49.114
2025,2025isde2,Week 1,1574,12,-0.0,21.495,-38.575
2025,2025isde2,Week 1,4586,12,-0.0,17.226,-25.943
2025,2025isde2,Week 1,1937,12,-0.0,20.899,-40.598
2025,2025isde2,Week 1,4320,12,-0.0,23.024,-49.114
2025,2025isde2,Week 1,2230,12,-0.0,17.157,-35.331
2025,2025isde2,Week 1,2212,12,-0.0,12.321,-21.826
2025,2025isde2,Week 1,3388,12,-0.0,21.324,-50.647
2025,2025isde2,Week 1,9740,12,0.0,19.6,-40.598
2025,2025isde2,Week 1,2231,12,-0.0,28.62,-47.547
2025,2025mndu,Week 1,7028,9,-0.0,16.358,-21.05
2025,2025mndu,Week 1,3291,9,-0.0,19.168,-41.494
2025,2025mndu,Week 1,7235,9,-0.0,11.755,-16.457
2025,2025mndu,Week 1,3294,9,-0.0,15.959,-22.755
2025,2025mndu,Week 1,876,9,-0.0,17.115,-26.351
2025,2025mndu,Week 1,3206,9,0.0,34.396,-38.952
2025,2025mndu,Week 1,6709,9,0.0,17.713,-22.965
2025,2025mndu,Week 1,3100,9,0.0,18.513,-24.007
2025,2025mndu,Week 1,10490,9,-0.0,18.918,-38.952
2025,2025mndu,Week 1,7038,9,-0.0,14.141,-22.576
2025,2025mndu,Week 1,1306,9,-0.0,16.932,-26.351
2025,2025mndu,Week 1,3277,9,-0.0,21.85,-25.278
2025,2025mndu,Week 1,9578,9,-0.0,23.886,-38.992
2025,2025mndu,Week 1,6217,9,0.0,12.543,-19.925
2025,2025mndu,Week 1,5653,9,-0.0,27.425,-28.997
2025,2025mndu,Week 1,2823,9,-0.0,23.591,-44.741
2025,2025mndu,Week 1,8836,9,-0.0,10.919,-15.376
2025,2025mndu,Week 1,3381,9,-0.0,14.332,-19.925
2025,2025mndu,Week 1,7619,9,0.0,20.86,-29.782
2025,2025mndu,Week 1,2143,9,-0.0,14.889,-15.97
2025,2025mndu,Week 1,6147,9,0.0,22.087,-44.741
2025,2025mndu,Week 1,8422,9,-0.0,23.269,-41.494
2025,2025mndu,Week 1,6574,9,-0.0,5.96,-12.155
2025,2025mndu,Week 1,1732,9,-0.0,11.327,-23.356
2025,2025mndu,Week 1,2181,9,-0.0,14.854,-23.356
2025,2025mndu,Week 1,4656,9,-0.0,17.083,-37.458
2025,2025mndu,Week 1,2846,9,-0.0,17.458,-22.965
2025,2025mndu,Week 1,3197,9,0.0,18.216,-36.046
2025,2025mndu,Week 1,6318,9,-0.0,22.685,-36.046
2025,2025mndu,Week 1,5586,9,-0.0,29.377,-39.69
2025,2025mndu,Week 1,1619,9,0.0,17.352,-26.351
2025,2025mndu,Week 1,4741,9,0.0,19.514,-41.494
2025,2025mndu,Week 1,8516,9,0.0,19.361,-23.038
2025,2025mndu,Week 1,5826,9,-0.0,23.108,-44.741
2025,2025mndu,Week 1,2861,9,-0.0,28.547,-38.992
2025,2025mndu,Week 1,4511,9,-0.0,12.227,-17.092
2025,2025mndu,Week 1,4607,9,0.0,16.625,-22.965
2025,2025mndu,Week 1,7864,9,-0.0,12.688,-17.845
2025,2025mndu,Week 1,2847,9,-0.0,15.084,-22.755
2025,2025mndu,Week 1,7797,9,0.0,13.934,-28.997
2025,2025mndu,Week 1,4011,9,-0.0,24.86,-38.952
2025,2025mndu,Week 1,4674,9,-0.0,20.241,-29.782
2025,2025mndu,Week 1,3267,9,-0.0,19.871,-42.501
2025,2025mndu,Week 1,6421,9,-0.0,22.255,-42.501
2025,2025mndu,Week 1,6381,9,-0.0,24.298,-42.501
2025,2025mndu,Week 1,1714,9,0.0,22.878,-39.69
2025,2025mndu,Week 1,3293,9,-0.0,9.553,-14.029
2025,2025mndu,Week 1,9532,9,-0.0,11.955,-19.011
2025,2025mndu,Week 1,4693,9,-0.0,18.786,-38.992
2025,2025mndu,Week 1,8122,9,-0.0,11.27,-23.038
2025,2025mndu,Week 1,2654,9,-0.0,19.711,-39.69
2025,2025mndu,Week 1,2526,9,-0.0,13.507,-19.925
2025,2025mndu,Week 1,4181,9,-0.0,14.308,-21.05
2025,2025mndu,Week 1,5903,9,-0.0,14.192,-18.374
2025,2025mndu2,Week 1,5690,9,0.0,21.602,-52.108
2025,2025mndu2,Week 1,2290,9,0.0,21.078,-39.263
2025,2025mndu2,Week 1,3212,9,0.0,12.369,-17.838
2025,2025mndu2,Week 1,2501,9,0.0,13.424,-28.541
2025,2025mndu2,Week 1,6047,9,0.0,12.932,-16.497
2025,2025mndu2,Week 1,112,9,0.0,10.891,-18.013
2025,2025mndu2,Week 1,2239,9,-0.0,11.639,-26.919
2025,2025mndu2,Week 1,1410,9,0.0,14.419,-26.919
2025,2025mndu2,Week 1,6758,9,0.0,22.344,-52.108
2025,2025mndu2,Week 1,2472,9,0.0,20.444,-39.263
2025,2025mndu2,Week 1,2513,9,0.0,18.616,-30.921
2025,2025mndu2,Week 1,3691,9,0.0,18.133,-20.752
2025,2025mndu2,Week 1,3298,9,-0.0,14.653,-26.891
2025,2025mndu2,Week 1,10173,9,0.0,18.9,-26.891
2025,2025mndu2,Week 1,111,9,0.0,19.815,-28.541
2025,2025mndu2,Week 1,4230,9,0.0,13.947,-25.181
2025,2025mndu2,Week 1,2512,9,-0.0,12.299,-22.138
2025,2025mndu2,Week 1,5720,9,0.0,11.858,-16.758
2025,2025mndu2,Week 1,2177,9,0.0,14.465,-22.138
2025,2025mndu2,Week 1,1816,9,0.0,16.243,-37.515
2025,2025mndu2,Week 1,3023,9,0.0,12.137,-14.945
2025,2025mndu2,Week 1,2491,9,0.0,22.385,-37.561
2025,2025mndu2,Week 1,5253,9,0.0,16.785,-37.561
2025,2025mndu2,Week 1,2383,9,0.0,24.587,-39.263
2025,2025mndu2,Week 1,5232,9,0.0,14.962,-16.963
2025,2025mndu2,Week 1,525,9,0.0,18.336,-21.333
2025,2025mndu2,Week 1,5913,9,0.0,15.623,-30.921
2025,2025mndu2,Week 1,7021,9,0.0,16.971,-29.163
2025,2025mndu2,Week 1,4593,9,0.0,17.454,-29.163
2025,2025mndu2,Week 1,4215,9,0.0,15.538,-29.163
2025,2025mndu2,Week 1,4166,9,0.0,24.339,-52.108
2025,2025mndu2,Week 1,6160,9,0.0,10.939,-13.346
2025,2025mndu2,Week 1,3883,9,-0.0,13.969,-21.375
2025,2025mndu2,Week 1,2052,9,0.0,9.725,-14.677
2025,2025mndu2,Week 1,2240,9,-0.0,8.278,-13.322
2025,2025mndu2,Week 1,2977,9,0.0,22.445,-37.515
2025,2025mndu2,Week 1,4360,9,0.0,15.226,-26.829
2025,2025mndu2,Week 1,3061,9,0.0,19.361,-26.829
2025,2025mndu2,Week 1,6132,9,0.0,13.004,-26.829
2025,2025mndu2,Week 1,10474,9,-0.0,11.139,-20.752
2025,2025mndu2,Week 1,7041,9,-0.0,12.24,-17.96
2025,2025mndu2,Week 1,2531,9,0.0,16.175,-30.921
2025,2025mndu2,Week 1,7048,9,-0.0,19.449,-25.181
2025,2025mndu2,Week 1,3054,9,0.0,12.103,-22.911
2025,2025mndu2,Week 1,4531,9,0.0,22.782,-37.515
2025,2025mndu2,Week 1,5339,9,0.0,10.149,-17.003
2025,2025mndu2,Week 1,2450,9,0.0,14.048,-21.333
2025,2025mndu2,Week 1,4418,9,0.0,15.24,-21.375
2025,2025mndu2,Week 1,4009,9,-0.0,16.607,-30.187
2025,2025mndu2,Week 1,6420,9,0.0,16.978,-30.187
2025,2025mndu2,Week 1,6044,9,-0.0,13.116,-30.187
2025,2025mndu2,Week 1,4623,9,0.0,18.738,-20.968
2025,2025mndu2,Week 1,1716,9,0.0,20.201,-21.333
2025,2025mndu2,Week 1,3042,9,0.0,13.275,-20.968
2025,2025mxmo,Week 1,7725,10,0.0,12.632,-21.47
2025,2025mxmo,Week 1,3522,10,0.0,18.951,-29.411
2025,2025mxmo,Week 1,5959,10,0.0,9.767,-21.47
2025,2025mxmo,Week 1,7546,10,0.0,14.652,-24.42
2025,2025mxmo,Week 1,9301,10,-0.0,13.454,-26.174
2025,2025mxmo,Week 1,4635,10,0.0,15.21,-27.382
2025,2025mxmo,Week 1,4584,10,0.0,14.446,-24.024
2025,2025mxmo,Week 1,4977,10,0.0,12.743,-29.411
2025,2025mxmo,Week 1,6652,10,0.0,17.092,-24.703
2025,2025mxmo,Week 1,8741,10,0.0,9.69,-15.277
2025,2025mxmo,Week 1,8740,10,-0.0,13.197,-21.647
2025,2025mxmo,Week 1,4403,10,-0.0,18.793,-33.784
2025,2025mxmo,Week 1,9282,10,0.0,16.277,-21.948
2025,2025mxmo,Week 1,9053,10,0.0,16.858,-24.024
2025,2025mxmo,Week 1,10529,10,0.0,15.097,-18.406
2025,2025mxmo,Week 1,2283,10,0.0,24.172,-38.5
2025,2025mxmo,Week 1,3480,10,0.0,16.273,-38.5
2025,2025mxmo,Week 1,3794,10,0.0,16.23,-38.5
2025,2025mxmo,Week 1,4775,11,0.0,16.691,-21.948
2025,2025mxmo,Week 1,9065,10,0.0,8.103,-12.102
2025,2025mxmo,Week 1,5705,10,0.0,13.769,-15.767
2025,2025mxmo,Week 1,3526,10,0.0,16.174,-29.411
2025,2025mxmo,Week 1,6348,10,0.0,11.228,-19.91
2025,2025mxmo,Week 1,3158,10,0.0,15.625,-26.174
2025,2025mxmo,Week 1,4731,10,0.0,18.209,-22.312
2025,2025mxmo,Week 1,6647,10,0.0,18.367,-22.312
2025,2025mxmo,Week 1,4371,10,0.0,12.38,-22.312
2025,2025mxmo,Week 1,10580,11,0.0,16.573,-24.42
2025,2025mxmo,Week 1,5932,10,-0.0,12.587,-24.024
2025,2025mxmo,Week 1,8290,10,0.0,12.913,-24.703
2025,2025mxmo,Week 1,4010,10,0.0,18.085,-21.81
2025,2025mxmo,Week 1,6170,10,0.0,12.862,-21.189
2025,2025mxmo,Week 1,3527,10,0.0,9.318,-15.077
2025,2025mxmo,Week 1,3472,10,0.0,17.86,-27.382
2025,2025mxmo,Week 1,6606,10,-0.0,10.236,-15.042
2025,2025mxmo,Week 1,6676,10,0.0,13.081,-20.15
2025,2025mxmo,Week 1,3933,10,0.0,16.117,-18.635
2025,2025mxmo,Week 1,6017,10,0.0,20.919,-27.382
2025,2025mxmo,Week 1,10225,10,-0.0,16.589,-20.15
2025,2025mxmo,Week 1,7421,10,0.0,12.984,-17.918
2025,2025mxmo,Week 1,5887,10,0.0,19.674,-21.948
2025,2025mxmo,Week 1,7102,10,0.0,11.577,-14.32
2025,2025mxmo,Week 1,6106,10,0.0,19.387,-33.784
2025,2025bcvi,Week 1,4253,10,-0.0,22.844,-51.035
2025,2025bcvi,Week 1,2438,10,0.0,20.584,-51.035
2025,2025bcvi,Week 1,5516,10,0.0,19.738,-51.035
2025,2025bcvi,Week 1,7332,10,0.0,10.551,-22.583
2025,2025bcvi,Week 1,9641,10,0.0,18.581,-32.648
2025,2025bcvi,Week 1,5468,10,0.0,11.877,-20.743
2025,2025bcvi,Week 1,7287,10,0.0,10.42,-15.913
2025,2025bcvi,Week 1,4421,10,0.0,15.408,-22.583
2025,2025bcvi,Week 1,10044,10,0.0,18.655,-29.049
2025,2025bcvi,Week 1,6036,10,0.0,25.89,-55.145
2025,2025bcvi,Week 1,8503,10,0.0,11.114,-17.512
2025,2025bcvi,Week 1,9180,10,0.0,14.497,-32.648
2025,2025bcvi,Week 1,7551,10,0.0,16.174,-26.159
2025,2025bcvi,Week 1,9292,10,0.0,14.023,-22.407
2025,2025bcvi,Week 1,4327,10,-0.0,13.855,-19.846
2025,2025bcvi,Week 1,3990,10,0.0,8.716,-21.083
2025,2025bcvi,Week 1,3128,10,0.0,12.56,-29.049
2025,2025bcvi,Week 1,8339,10,0.0,11.765,-19.846
2025,2025bcvi,Week 1,10527,10,-0.0,17.349,-22.009
2025,2025bcvi,Week 1,7167,10,0.0,14.21,-21.291
2025,2025bcvi,Week 1,4270,10,-0.0,21.608,-55.145
2025,2025bcvi,Week 1,7796,10,0.0,12.426,-18.192
2025,2025bcvi,Week 1,4862,10,0.0,11.498,-15.332
2025,2025bcvi,Week 1,6188,10,0.0,9.541,-16.646
2025,2025bcvi,Week 1,2122,10,0.0,16.029,-22.583
2025,2025bcvi,Week 1,8338,10,0.0,24.083,-55.145
2025,2025bcvi,Week 1,7673,10,0.0,9.601,-15.869
2025,2025bcvi,Week 1,10384,10,0.0,15.54,-21.291
2025,2025bcvi,Week 1,9044,10,0.0,12.679,-26.159
2025,2025bcvi,Week 1,359,10,0.0,9.712,-9.046
2025,2025bcvi,Week 1,9719,10,0.0,23.779,-22.407
2025,2025bcvi,Week 1,6902,10,0.0,10.611,-20.913
2025,2025bcvi,Week 1,6390,10,-0.0,12.44,-20.913
2025,2025bcvi,Week 1,846,10,0.0,9.673,-13.793
2025,2025bcvi,Week 1,9550,10,0.0,10.689,-21.083
2025,2025bcvi,Week 1,7688,10,0.0,6.803,-13.628
2025,2025bcvi,Week 1,4627,10,-0.0,16.523,-27.104
2025,2025bcvi,Week 1,5461,10,-0.0,12.985,-27.104
2025,2025bcvi,Week 1,9649,10,-0.0,16.22,-27.104
2025,2025bcvi,Week 1,6364,10,0.0,16.066,-32.648
2025,2025bcvi,Week 1,7135,10,0.0,16.793,-29.049
2025,2025bcvi,Week 1,9277,10,-0.0,10.763,-20.743
2025,2025bcvi,Week 1,7190,10,0.0,14.111,-21.143
2025,2025bcvi,Week 1,1622,10,0.0,13.81,-22.009
2025,2025bcvi,Week 1,6353,10,0.0,17.725,-21.143
2025,2025bcvi,Week 1,9449,10,0.0,13.688,-23.886
2025,2025bcvi,Week 1,10427,10,0.0,17.085,-23.886
2025,2025bcvi,Week 1,9465,10,-0.0,12.522,-23.886
2025,2025caoc,Week 1,7230,10,-0.0,8.192,-17.932
2025,2025caoc,Week 1,4415,10,0.0,20.396,-30.358
2025,2025caoc,Week 1,3501,10,-0.0,14.251,-19.836
2025,2025caoc,Week 1,8,10,0.0,18.451,-28.549
2025,2025caoc,Week 1,9408,10,0.0,19.13,-25.766
2025,2025caoc,Week 1,4079,10,0.0,20.133,-26.153
2025,2025caoc,Week 1,3309,10,0.0,15.462,-28.142
2025,2025caoc,Week 1,1661,10,0.0,14.263,-19.79
2025,2025caoc,Week 1,7447,10,-0.0,12.136,-13.136
2025,2025caoc,Week 1,5285,10,-0.0,16.668,-24.177
2025,2025caoc,Week 1,7415,10,0.0,15.883,-28.142
2025,2025caoc,Week 1,4984,10,-0.0,10.87,-16.06
2025,2025caoc,Week 1,867,10,0.0,15.145,-27.811
2025,2025caoc,Week 1,4141,10,0.0,19.585,-25.414
2025,2025caoc,Week 1,6695,11,0.0,15.573,-17.932
2025,2025caoc,Week 1,840,10,0.0,20.159,-20.892
2025,2025caoc,Week 1,6904,10,0.0,19.893,-28.549
2025,2025caoc,Week 1,5805,10,0.0,12.352,-25.414
2025,2025caoc,Week 1,3952,10,-0.0,18.216,-26.358
2025,2025caoc,Week 1,5500,11,-0.0,14.027,-28.142
2025,2025caoc,Week 1,1538,10,-0.0,14.288,-26.771
2025,2025caoc,Week 1,2443,10,-0.0,11.961,-12.747
2025,2025caoc,Week 1,8871,10,-0.0,19.289,-30.358
2025,2025caoc,Week 1,9271,10,-0.0,14.882,-24.039
2025,2025caoc,Week 1,3476,10,0.0,11.357,-26.358
2025,2025caoc,Week 1,5835,11,-0.0,10.247,-12.762
2025,2025caoc,Week 1,7157,10,0.0,11.119,-18.814
2025,2025caoc,Week 1,6995,10,0.0,15.35,-26.771
2025,2025caoc,Week 1,7042,10,-0.0,14.886,-22.441
2025,2025caoc,Week 1,3020,10,0.0,20.758,-27.811
2025,2025caoc,Week 1,5199,11,0.0,16.839,-25.151
2025,2025caoc,Week 1,4738,10,-0.0,15.666,-21.212
2025,2025caoc,Week 1,8033,10,-0.0,12.433,-21.212
2025,2025caoc,Week 1,4999,10,-0.0,16.567,-25.151
2025,2025caoc,Week 1,4276,10,-0.0,16.387,-24.039
2025,2025caoc,Week 1,2486,10,0.0,17.603,-27.811
2025,2025caoc,Week 1,2710,10,0.0,12.745,-16.081
2025,2025caoc,Week 1,8521,10,-0.0,17.466,-28.549
2025,2025caoc,Week 1,3009,10,0.0,14.523,-26.153
2025,2025caoc,Week 1,10333,10,0.0,17.477,-25.151
2025,2025caoc,Week 1,3295,10,0.0,14.711,-24.039
2025,2025caoc,Week 1,3473,10,0.0,18.17,-26.771
2025,2025caoc,Week 1,3859,10,0.0,14.873,-25.414
2025,2025caoc,Week 1,2853,10,0.0,15.204,-19.828
2025,2025caoc,Week 1,4619,10,0.0,20.206,-31.671
2025,2025caoc,Week 1,5669,10,-0.0,20.278,-31.671
2025,2025caoc,Week 1,973,10,0.0,15.889,-31.671
2025,2025miket,Week 1,4998,12,-0.0,19.935,-42.936
2025,2025miket,Week 1,5260,12,-0.0,13.592,-24.62
2025,2025miket,Week 1,3534,12,-0.0,23.936,-31.845
2025,2025miket,Week 1,2137,12,-0.0,15.306,-24.949
2025,2025miket,Week 1,9776,12,-0.0,7.829,-11.565
2025,2025miket,Week 1,9207,12,-0.0,18.384,-24.348
2025,2025miket,Week 1,6067,12,-0.0,17.161,-24.143
2025,2025miket,Week 1,573,12,-0.0,19.385,-24.143
2025,2025miket,Week 1,8193,12,-0.0,11.491,-24.143
2025,2025miket,Week 1,5084,12,-0.0,19.324,-28.092
2025,2025miket,Week 1,8385,12,-0.0,18.365,-26.191
2025,2025miket,Week 1,5234,12,-0.0,14.738,-18.135
2025,2025miket,Week 1,5235,12,-0.0,17.566,-42.936
2025,2025miket,Week 1,1498,12,-0.0,16.189,-26.191
2025,2025miket,Week 1,2145,12,-0.0,19.581,-22.794
2025,2025miket,Week 1,910,12,-0.0,16.699,-38.712
2025,2025miket,Week 1,7784,12,-0.0,14.499,-18.135
2025,2025miket,Week 1,7195,12,-0.0,13.181,-30.346
2025,2025miket,Week 1,245,12,-0.0,20.268,-31.845
2025,2025miket,Week 1,9648,12,-0.0,19.65,-26.191
2025,2025miket,Week 1,10668,12,-0.0,20.029,-38.712
2025,2025miket,Week 1,494,12,-0.0,11.755,-24.949
2025,2025miket,Week 1,27,12,-0.0,18.368,-36.438
2025,2025miket,Week 1,10667,12,-0.0,10.86,-10.433
2025,2025miket,Week 1,5641,12,-0.0,14.684,-31.845
2025,2025miket,Week 1,5150,12,0.0,17.19,-18.684
2025,2025miket,Week 1,9245,12,-0.0,13.181,-21.388
2025,2025miket,Week 1,6631,12,-0.0,12.633,-24.79
2025,2025miket,Week 1,10659,12,-0.0,11.889,-13.176
2025,2025miket,Week 1,1,12,-0.0,19.197,-24.348
2025,2025miket,Week 1,70,12,-0.0,9.123,-13.694
2025,2025miket,Week 1,5697,12,-0.0,17.935,-36.438
2025,2025miket,Week 1,894,12,-0.0,23.178,-42.936
2025,2025miket,Week 1,9697,12,-0.0,15.263,-31.024
2025,2025miket,Week 1,5282,12,-0.0,19.047,-31.024
2025,2025miket,Week 1,1504,12,-0.0,22.622,-36.438
2025,2025miket,Week 1,5460,12,-0.0,19.584,-24.949
2025,2025miket,Week 1,9757,12,-0.0,12.911,-16.772
2025,2025miket,Week 1,7491,12,0.0,23.882,-24.79
2025,2025miket,Week 1,4994,12,-0.0,19.183,-38.712
2025,2025mimil,Week 1,8423,12,-0.0,16.096,-27.289
2025,2025mimil,Week 1,308,12,0.0,14.157,-15.827
2025,2025mimil,Week 1,7178,12,-0.0,10.426,-16.466
2025,2025mimil,Week 1,67,12,-0.0,18.049,-37.046
2025,2025mimil,Week 1,3668,12,-0.0,11.335,-21.954
2025,2025mimil,Week 1,6344,12,-0.0,9.673,-10.966
2025,2025mimil,Week 1,3322,12,-0.0,18.696,-37.046
2025,2025mimil,Week 1,7553,12,0.0,13.809,-18.46
2025,2025mimil,Week 1,548,12,-0.0,14.651,-14.832
2025,2025mimil,Week 1,10656,12,-0.0,20.813,-52.836
2025,2025mimil,Week 1,5561,12,-0.0,25.358,-52.836
2025,2025mimil,Week 1,10612,12,-0.0,23.608,-52.836
2025,2025mimil,Week 1,6753,12,-0.0,12.896,-18.525
2025,2025mimil,Week 1,6538,12,-0.0,15.17,-24.644
2025,2025mimil,Week 1,2834,12,-0.0,17.288,-29.018
2025,2025mimil,Week 1,7225,12,0.0,12.752,-18.46
2025,2025mimil,Week 1,3656,12,-0.0,16.993,-29.018
2025,2025mimil,Week 1,9182,12,-0.0,13.701,-18.351
2025,2025mimil,Week 1,7166,12,-0.0,12.322,-19.741
2025,2025mimil,Week 1,66,12,-0.0,12.218,-24.644
2025,2025mimil,Week 1,7813,12,-0.0,13.614,-18.351
2025,2025mimil,Week 1,9204,12,-0.0,16.148,-18.117
2025,2025mimil,Week 1,7660,12,-0.0,13.427,-21.954
2025,2025mimil,Week 1,503,12,-0.0,11.208,-21.376
2025,2025mimil,Week 1,10614,12,0.0,14.022,-18.351
2025,2025mimil,Week 1,7202,12,-0.0,14.132,-21.376
2025,2025mimil,Week 1,7056,12,-0.0,19.602,-42.684
2025,2025mimil,Week 1,5066,12,-0.0,17.289,-42.684
2025,2025mimil,Week 1,4779,12,-0.0,17.166,-24.549
2025,2025mimil,Week 1,1023,12,-0.0,13.948,-19.741
2025,2025mimil,Week 1,9771,12,-0.0,12.753,-17.74
2025,2025mimil,Week 1,6120,12,0.0,17.586,-42.684
2025,2025mimil,Week 1,8895,12,-0.0,13.801,-24.644
2025,2025mimil,Week 1,7221,12,-0.0,13.516,-18.27
2025,2025mimil,Week 1,8519,12,-0.0,11.196,-17.443
2025,2025mimil,Week 1,4362,12,-0.0,16.769,-24.549
2025,2025mimil,Week 1,9455,12,-0.0,9.909,-14.742
2025,2025mimil,Week 1,4392,12,-0.0,13.144,-21.954
2025,2025mimil,Week 1,10613,12,-0.0,15.886,-27.289
2025,2025txwac,Week 1,8507,12,0.0,16.047,-28.301
2025,2025txwac,Week 1,4610,12,0.0,20.548,-28.301
2025,2025txwac,Week 1,9054,12,0.0,19.059,-28.301
2025,2025txwac,Week 1,2158,12,0.0,12.197,-22.071
2025,2025txwac,Week 1,9577,12,-0.0,19.509,-28.108
2025,2025txwac,Week 1,8858,12,0.0,23.087,-39.273
2025,2025txwac,Week 1,2687,12,0.0,15.35,-25.217
2025,2025txwac,Week 1,5866,12,0.0,18.491,-39.273
2025,2025txwac,Week 1,5503,12,0.0,11.726,-23.648
2025,2025txwac,Week 1,9444,12,0.0,14.113,-29.944
2025,2025txwac,Week 1,2950,12,-0.0,17.077,-19.832
2025,2025txwac,Week 1,1296,12,0.0,22.95,-44.667
2025,2025txwac,Week 1,148,12,0.0,19.351,-34.88
2025,2025txwac,Week 1,8088,12,0.0,14.717,-23.539
2025,2025txwac,Week 1,8749,12,0.0,18.481,-23.539
2025,2025txwac,Week 1,10062,12,0.0,15.022,-23.648
2025,2025txwac,Week 1,10312,12,-0.0,12.709,-23.505
2025,2025txwac,Week 1,2714,12,-0.0,17.426,-30.405
2025,2025txwac,Week 1,5682,12,0.0,20.645,-39.273
2025,2025txwac,Week 1,2583,12,0.0,19.753,-29.821
2025,2025txwac,Week 1,6526,12,0.0,14.281,-19.876
2025,2025txwac,Week 1,8769,12,0.0,15.922,-27.545
2025,2025txwac,Week 1,5613,12,0.0,21.21,-48.233
2025,2025txwac,Week 1,2689,12,0.0,16.883,-32.837
2025,2025txwac,Week 1,9786,12,0.0,15.43,-21.039
2025,2025txwac,Week 1,7121,12,0.0,25.315,-44.667
2025,2025txwac,Week 1,3310,12,0.0,18.458,-48.233
2025,2025txwac,Week 1,2881,12,0.0,21.642,-44.667
2025,2025txwac,Week 1,8528,12,0.0,16.147,-19.832
2025,2025txwac,Week 1,2969,12,0.0,18.166,-27.545
2025,2025txwac,Week 1,6672,12,0.0,18.13,-22.071
2025,2025txwac,Week 1,2468,12,0.0,19.932,-30.405
2025,2025txwac,Week 1,8408,12,0.0,17.664,-29.944
2025,2025txwac,Week 1,418,12,0.0,19.326,-30.579
2025,2025txwac,Week 1,5212,12,0.0,14.122,-30.579
2025,2025txwac,Week 1,3005,12,0.0,23.29,-48.233
2025,2025txwac,Week 1,6377,12,0.0,24.106,-34.88
2025,2025txwac,Week 1,7125,12,0.0,13.078,-21.978
2025,2025txwac,Week 1,2582,12,0.0,21.932,-32.837
2025,2025txwac,Week 1,8515,12,0.0,13.413,-21.039
2025,2025txwac,Week 1,8732,12,-0.0,13.747,-23.648
2025,2025orsal,Week 1,4061,12,0.0,16.8,-27.049
2025,2025orsal,Week 1,3786,12,0.0,16.277,-22.122
2025,2025orsal,Week 1,9613,12,0.0,19.994,-36.464
2025,2025orsal,Week 1,2147,12,-0.0,18.459,-25.769
2025,2025orsal,Week 1,3674,12,0.0,18.129,-26.301
2025,2025orsal,Week 1,2374,12,0.0,18.184,-22.167
2025,2025orsal,Week 1,6343,12,0.0,22.868,-25.769
2025,2025orsal,Week 1,2990,12,0.0,22.769,-36.464
2025,2025orsal,Week 1,847,12,0.0,18.832,-28.433
2025,2025orsal,Week 1,2898,12,0.0,14.091,-28.124
2025,2025orsal,Week 1,2550,12,-0.0,14.712,-26.512
2025,2025orsal,Week 1,955,12,0.0,21.112,-27.049
2025,2025orsal,Week 1,5937,12,0.0,17.811,-26.512
2025,2025orsal,Week 1,7034,12,-0.0,14.312,-21.113
2025,2025orsal,Week 1,4125,12,0.0,14.546,-22.122
2025,2025orsal,Week 1,997,12,0.0,17.562,-21.844
2025,2025orsal,Week 1,2926,12,0.0,14.288,-29.08
2025,2025orsal,Week 1,8532,12,0.0,15.571,-27.752
2025,2025orsal,Week 1,1359,12,0.0,16.395,-24.405
2025,2025orsal,Week 1,6845,12,0.0,19.761,-21.844
2025,2025orsal,Week 1,5920,12,-0.0,15.415,-24.188
2025,2025orsal,Week 1,2635,12,-0.0,25.732,-38.75
2025,2025orsal,Week 1,5683,12,0.0,17.981,-28.433
2025,2025orsal,Week 1,6465,12,0.0,16.696,-28.08
2025,2025orsal,Week 1,749,12,0.0,17.566,-38.75
2025,2025orsal,Week 1,3712,12,0.0,12.665,-19.797
2025,2025orsal,Week 1,9600,12,-0.0,22.783,-36.464
2025,2025orsal,Week 1,9438,12,0.0,15.311,-19.807
2025,2025orsal,Week 1,2521,12,-0.0,17.574,-27.049
2025,2025orsal,Week 1,4060,12,0.0,15.349,-17.946
2025,2025orsal,Week 1,3024,12,0.0,20.512,-27.752
2025,2025orsal,Week 1,4513,12,0.0,16.291,-38.75
2025,2025orsal,Week 1,4692,12,-0.0,14.094,-28.433
2025,2025orsal,Week 1,9567,12,0.0,14.618,-27.752
2025,2025orsal,Week 1,2811,12,0.0,18.35,-29.08
2025,2025orsal,Week 1,753,12,0.0,19.765,-26.301
2025,2025camb,Week 1,9114,12,-0.0,15.058,-21.791
2025,2025camb,Week 1,972,12,0.0,24.037,-42.736
2025,2025camb,Week 1,5274,12,-0.0,19.153,-27.523
2025,2025camb,Week 1,1678,12,0.0,18.182,-39.378
2025,2025camb,Week 1,852,12,-0.0,12.781,-21.791
2025,2025camb,Week 1,2473,12,-0.0,14.71,-27.523
2025,2025camb,Week 1,5760,12,0.0,22.287,-27.201
2025,2025camb,Week 1,7777,12,-0.0,16.312,-27.728
2025,2025camb,Week 1,10339,12,-0.0,16.893,-27.201
2025,2025camb,Week 1,5924,12,-0.0,19.939,-22.373
2025,2025camb,Week 1,6506,12,-0.0,15.523,-20.52
2025,2025camb,Week 1,1458,12,-0.0,13.002,-21.222
2025,2025camb,Week 1,5419,12,-0.0,16.077,-37.24
2025,2025camb,Week 1,9584,12,-0.0,9.736,-16.246
2025,2025camb,Week 1,2035,12,-0.0,12.528,-29.471
2025,2025camb,Week 1,115,12,-0.0,17.588,-30.713
2025,2025camb,Week 1,8048,12,-0.0,19.688,-30.713
2025,2025camb,Week 1,604,12,-0.0,19.468,-30.713
2025,2025camb,Week 1,9470,12,-0.0,25.943,-34.26
2025,2025camb,Week 1,5104,12,-0.0,13.487,-21.791
2025,2025camb,Week 1,253,12,0.0,20.856,-42.736
2025,2025camb,Week 1,5480,12,-0.0,14.954,-25.918
2025,2025camb,Week 1,2813,12,0.0,15.703,-25.567
2025,2025camb,Week 1,581,12,-0.0,15.404,-29.471
2025,2025camb,Week 1,7413,12,-0.0,19.035,-23.748
2025,2025camb,Week 1,6962,12,-0.0,19.396,-22.373
2025,2025camb,Week 1,192,12,-0.0,17.571,-37.24
2025,2025camb,Week 1,3257,12,-0.0,13.702,-21.184
2025,2025camb,Week 1,2073,12,-0.0,21.465,-39.378
2025,2025camb,Week 1,3045,12,-0.0,18.212,-42.736
2025,2025camb,Week 1,3970,12,-0.0,21.562,-21.222
2025,2025camb,Week 1,6884,12,-0.0,15.572,-34.26
2025,2025camb,Week 1,1671,12,0.0,18.333,-25.918
2025,2025camb,Week 1,3189,12,-0.0,17.777,-37.24
2025,2025camb,Week 1,4481,12,0.0,17.045,-21.733
2025,2025caph,Week 1,2543,10,0.0,17.274,-31.848
2025,2025caph,Week 1,1388,10,0.0,28.371,-35.327
2025,2025caph,Week 1,610,10,0.0,16.136,-18.975
2025,2025caph,Week 1,3255,10,0.0,15.829,-34.879
2025,2025caph,Week 1,399,10,0.0,14.398,-35.327
2025,2025caph,Week 1,2375,10,0.0,17.63,-33.184
2025,2025caph,Week 1,1452,10,0.0,14.143,-26.343
2025,2025caph,Week 1,9452,10,0.0,23.621,-29.903
2025,2025caph,Week 1,702,10,0.0,17.246,-26.343
2025,2025caph,Week 1,9534,10,0.0,13.419,-18.705
2025,2025caph,Week 1,3863,10,0.0,13.922,-18.705
2025,2025caph,Week 1,4400,10,0.0,12.442,-20.679
2025,2025caph,Week 1,3759,10,0.0,21.353,-34.879
2025,2025caph,Week 1,10147,10,0.0,18.963,-32.062
2025,2025caph,Week 1,2102,10,0.0,17.408,-32.062
2025,2025caph,Week 1,6885,10,0.0,13.883,-32.494
2025,2025caph,Week 1,5817,10,0.0,18.255,-32.494
2025,2025caph,Week 1,498,10,-0.0,12.554,-32.494
2025,2025caph,Week 1,2485,10,0.0,17.217,-30.574
2025,2025caph,Week 1,9772,10,-0.0,14.829,-30.574
2025,2025caph,Week 1,2839,10,0.0,19.12,-30.574
2025,2025caph,Week 1,5137,10,0.0,12.665,-23.019
2025,2025caph,Week 1,6560,10,0.0,16.235,-23.019
2025,2025caph,Week 1,114,10,-0.0,17.114,-24.501
2025,2025caph,Week 1,6657,10,0.0,9.873,-16.629
2025,2025caph,Week 1,4,10,0.0,26.805,-56.573
2025,2025caph,Week 1,8768,10,0.0,11.967,-20.679
2025,2025caph,Week 1,3598,10,0.0,22.063,-50.398
2025,2025caph,Week 1,4414,10,0.0,22.528,-50.398
2025,2025caph,Week 1,2584,10,0.0,23.345,-50.398
2025,2025caph,Week 1,991,10,0.0,19.119,-31.848
2025,2025caph,Week 1,988,10,0.0,16.882,-29.903
2025,2025caph,Week 1,8015,10,0.0,22.53,-29.535
2025,2025caph,Week 1,9599,10,0.0,13.748,-17.805
2025,2025caph,Week 1,8119,11,0.0,24.773,-56.573
2025,2025caph,Week 1,8891,10,0.0,15.656,-28.892
2025,2025caph,Week 1,10120,10,0.0,15.507,-23.745
2025,2025caph,Week 1,5515,10,0.0,19.075,-33.184
2025,2025caph,Week 1,2658,10,0.0,16.634,-23.745
2025,2025caph,Week 1,1159,10,0.0,39.232,-35.327
2025,2025caph,Week 1,5025,11,0.0,39.003,-56.573
2025,2025caph,Week 1,6658,10,0.0,39.315,-31.848
2025,2025caph,Week 1,3881,10,-0.0,12.685,-18.975
2025,2025caph,Week 1,6766,10,0.0,12.702,-17.202
2025,2025caph,Week 1,3647,10,0.0,13.776,-26.268
2025,2025caph,Week 1,4201,10,0.0,15.882,-20.662
2025,2025gagai,Week 1,3091,12,-0.0,12.171,-15.985
2025,2025gagai,Week 1,7538,12,-0.0,10.049,-23.65
2025,2025gagai,Week 1,3815,12,-0.0,9.25,-8.484
2025,2025gagai,Week 1,832,12,-0.0,6.807,-10.868
2025,2025gagai,Week 1,9260,12,-0.0,13.71,-15.696
2025,2025gagai,Week 1,8866,12,-0.0,12.233,-27.126
2025,2025gagai,Week 1,4240,12,-0.0,11.274,-19.852
2025,2025gagai,Week 1,8865,12,-0.0,11.845,-19.852
2025,2025gagai,Week 1,4730,12,-0.0,12.317,-19.852
2025,2025gagai,Week 1,9496,12,-0.0,22.287,-44.587
2025,2025gagai,Week 1,9480,12,-0.0,15.994,-44.587
2025,2025gagai,Week 1,8872,12,-0.0,18.924,-44.587
2025,2025gagai,Week 1,1746,12,-0.0,8.201,-17.464
2025,2025gagai,Week 1,8736,12,-0.0,14.125,-22.444
2025,2025gagai,Week 1,6340,12,-0.0,13.358,-17.464
2025,2025gagai,Week 1,7451,12,-0.0,16.582,-30.105
2025,2025gagai,Week 1,1414,12,-0.0,14.291,-30.105
2025,2025gagai,Week 1,5293,12,-0.0,14.293,-30.105
2025,2025gagai,Week 1,5828,12,-0.0,11.984,-16.844
2025,2025gagai,Week 1,9477,12,-0.0,7.663,-15.876
2025,2025gagai,Week 1,4188,12,-0.0,12.152,-22.444
2025,2025gagai,Week 1,1683,12,-0.0,9.433,-15.696
2025,2025gagai,Week 1,1833,12,-0.0,9.299,-16.844
2025,2025gagai,Week 1,4189,12,-0.0,9.568,-18.268
2025,2025gagai,Week 1,9561,12,-0.0,10.837,-17.837
2025,2025gagai,Week 1,3318,12,-0.0,11.839,-17.837
2025,2025gagai,Week 1,5608,12,-0.0,14.517,-18.268
2025,2025gagai,Week 1,10006,12,-0.0,7.403,-9.863
2025,2025gagai,Week 1,7104,12,-0.0,13.553,-27.126
2025,2025gagai,Week 1,5109,12,-0.0,12.867,-23.65
2025,2025gagai,Week 1,9522,12,-0.0,10.124,-10.633
2025,2025gagai,Week 1,6712,12,-0.0,7.263,-15.985
2025,2025inmis,Week 1,9119,12,-0.0,17.841,-24.771
2025,2025inmis,Week 1,3936,12,-0.0,11.453,-17.168
2025,2025inmis,Week 1,2197,12,-0.0,14.059,-19.502
2025,2025inmis,Week 1,10411,12,-0.0,15.818,-24.449
2025,2025inmis,Week 1,10434,12,-0.0,10.35,-18.389
2025,2025inmis,Week 1,8103,12,-0.0,11.162,-22.385
2025,2025inmis,Week 1,8431,12,-0.0,15.293,-28.689
2025,2025inmis,Week 1,7477,12,-0.0,10.96,-28.689
2025,2025inmis,Week 1,4926,12,-0.0,16.209,-28.689
2025,2025inmis,Week 1,3865,12,-0.0,11.514,-25.998
2025,2025inmis,Week 1,5010,12,-0.0,16.713,-25.998
2025,2025inmis,Week 1,1646,12,-0.0,15.339,-25.998
2025,2025inmis,Week 1,3147,12,-0.0,8.192,-12.29
2025,2025inmis,Week 1,447,12,-0.0,12.308,-21.633
2025,2025inmis,Week 1,10029,12,-0.0,13.297,-21.042
2025,2025inmis,Week 1,1501,12,-0.0,12.042,-25.568
2025,2025inmis,Week 1,5484,12,-0.0,20.716,-43.09
2025,2025inmis,Week 1,1024,12,-0.0,17.925,-24.771
2025,2025inmis,Week 1,9453,12,-0.0,13.334,-24.449
2025,2025inmis,Week 1,461,12,-0.0,15.341,-24.024
2025,2025inmis,Week 1,2867,12,-0.0,13.23,-24.024
2025,2025inmis,Week 1,7457,12,-0.0,13.919,-24.716
2025,2025inmis,Week 1,9071,12,-0.0,16.607,-21.633
2025,2025inmis,Week 1,9431,12,-0.0,14.298,-21.168
2025,2025inmis,Week 1,10172,12,-0.0,21.322,-40.34
2025,2025inmis,Week 1,2171,12,-0.0,19.676,-40.34
2025,2025inmis,Week 1,10332,12,-0.0,16.021,-40.34
2025,2025inmis,Week 1,45,12,-0.0,12.561,-22.11
2025,2025inmis,Week 1,135,12,-0.0,17.211,-43.09
2025,2025inmis,Week 1,9554,12,-0.0,14.327,-25.568
2025,2025inmis,Week 1,1555,12,-0.0,17.525,-45.348
2025,2025inmis,Week 1,9530,12,-0.0,21.206,-45.348
2025,2025inmis,Week 1,328,12,-0.0,19.519,-45.348
2025,2025inmis,Week 1,3176,12,-0.0,20.404,-43.09
2025,2025inmis,Week 1,6721,12,-0.0,12.342,-21.168
2025,2025inmis,Week 1,829,12,-0.0,11.809,-19.517
2025,2025mefal,Week 1,8023,12,-0.0,16.619,-23.439
2025,2025mefal,Week 1,4564,12,-0.0,13.07,-22.78
2025,2025mefal,Week 1,3314,12,-0.0,17.503,-26.874
2025,2025mefal,Week 1,1729,12,-0.0,19.293,-34.617
2025,2025mefal,Week 1,126,12,-0.0,19.503,-36.883
2025,2025mefal,Week 1,4176,12,-0.0,18.112,-33.138
2025,2025mefal,Week 1,2648,12,-0.0,20.419,-33.953
2025,2025mefal,Week 1,166,12,-0.0,16.239,-36.883
2025,2025mefal,Week 1,4473,12,-0.0,21.608,-41.326
2025,2025mefal,Week 1,467,12,-0.0,18.042,-33.138
2025,2025mefal,Week 1,190,12,-0.0,18.059,-24.606
2025,2025mefal,Week 1,6329,12,-0.0,18.651,-36.883
2025,2025mefal,Week 1,9056,12,-0.0,17.978,-30.627
2025,2025mefal,Week 1,9732,12,-0.0,19.188,-33.138
2025,2025mefal,Week 1,5687,12,-0.0,23.976,-33.953
2025,2025mefal,Week 1,172,12,-0.0,12.506,-33.953
2025,2025mefal,Week 1,7760,12,-0.0,11.295,-13.346
2025,2025mefal,Week 1,58,12,-0.0,14.274,-15.958
2025,2025mefal,Week 1,1071,12,-0.0,10.871,-11.914
2025,2025mefal,Week 1,6691,12,-0.0,24.826,-41.326
2025,2025mefal,Week 1,61,12,-0.0,16.315,-26.999
2025,2025mefal,Week 1,4041,12,-0.0,18.884,-30.545
2025,2025mefal,Week 1,238,12,-0.0,13.548,-30.545
2025,2025mefal,Week 1,5422,12,-0.0,19.825,-34.617
2025,2025mefal,Week 1,6153,12,0.0,13.546,-16.648
2025,2025mefal,Week 1,131,12,-0.0,14.272,-22.45
2025,2025mefal,Week 1,6161,12,-0.0,17.037,-41.326
2025,2025mefal,Week 1,9055,12,-0.0,12.268,-26.874
2025,2025mefal,Week 1,3597,12,-0.0,11.529,-20.078
2025,2025mefal,Week 1,95,12,-0.0,17.4,-34.617
2025,2025mibat,Week 1,9703,12,0.0,10.441,-18.288
2025,2025mibat,Week 1,5674,12,-0.0,12.212,-18.288
2025,2025mibat,Week 1,7226,12,-0.0,25.427,-43.136
2025,2025mibat,Week 1,9743,12,0.0,14.529,-19.383
2025,2025mibat,Week 1,5980,12,0.0,21.373,-33.902
2025,2025mibat,Week 1,5501,12,-0.0,18.461,-37.597
2025,2025mibat,Week 1,7811,12,-0.0,20.331,-29.473
2025,2025mibat,Week 1,9241,12,-0.0,12.724,-27.767
2025,2025mibat,Week 1,5248,12,-0.0,14.227,-22.054
2025,2025mibat,Week 1,10642,12,-0.0,16.155,-33.902
2025,2025mibat,Week 1,8300,12,0.0,15.631,-37.597
2025,2025mibat,Week 1,9203,12,0.0,14.292,-21.999
2025,2025mibat,Week 1,6081,12,0.0,17.49,-43.136
2025,2025mibat,Week 1,9238,12,0.0,9.421,-15.17
2025,2025mibat,Week 1,10651,12,-0.0,13.722,-23.738
2025,2025mibat,Week 1,3655,12,0.0,17.811,-27.431
2025,2025mibat,Week 1,7256,12,0.0,11.514,-29.738
2025,2025mibat,Week 1,9215,12,-0.0,13.788,-21.937
2025,2025mibat,Week 1,4422,12,-0.0,13.195,-21.999
2025,2025mibat,Week 1,9672,12,-0.0,9.403,-12.057
2025,2025mibat,Week 1,7254,12,0.0,13.718,-25.221
2025,2025mibat,Week 1,8608,12,0.0,15.679,-32.477
2025,2025mibat,Week 1,5144,12,0.0,16.668,-32.477
2025,2025mibat,Week 1,4381,12,-0.0,19.78,-32.477
2025,2025mibat,Week 1,6002,12,0.0,18.782,-37.597
2025,2025mibat,Week 1,858,12,-0.0,15.686,-25.052
2025,2025mibat,Week 1,7197,12,0.0,19.182,-43.136
2025,2025mibat,Week 1,9671,12,-0.0,8.345,-11.203
2025,2025mibat,Week 1,4810,12,0.0,13.228,-22.054
2025,2025mibat,Week 1,9566,12,-0.0,19.477,-27.767
2025,2025mibat,Week 1,8126,12,0.0,13.787,-21.937
2025,2025mibat,Week 1,7658,12,-0.0,12.358,-27.431
2025,2025mibat,Week 1,3875,12,0.0,15.621,-21.999
2025,2025mibat,Week 1,5676,12,0.0,12.674,-25.052
2025,2025mibat,Week 1,9183,12,-0.0,12.881,-27.431
2025,2025mibat,Week 1,5152,12,0.0,20.242,-33.902
2025,2025mibat,Week 1,5623,12,0.0,14.173,-29.738
2025,2025mibat,Week 1,4453,12,-0.0,13.511,-27.767
2025,2025mifer,Week 1,10285,12,-0.0,11.802,-23.33
2025,2025mifer,Week 1,4680,12,-0.0,12.766,-23.33
2025,2025mifer,Week 1,5642,12,-0.0,14.234,-23.33
2025,2025mifer,Week 1,6618,12,0.0,13.271,-18.411
2025,2025mifer,Week 1,5530,12,-0.0,14.739,-17.314
2025,2025mifer,Week 1,3175,12,-0.0,14.539,-34.114
2025,2025mifer,Week 1,6567,12,-0.0,11.303,-12.69
2025,2025mifer,Week 1,5050,12,-0.0,13.774,-17.428
2025,2025mifer,Week 1,8280,12,-0.0,13.831,-20.247
2025,2025mifer,Week 1,5167,12,0.0,14.161,-26.699
2025,2025mifer,Week 1,8774,12,0.0,13.112,-23.08
2025,2025mifer,Week 1,247,12,-0.0,11.441,-31.144
2025,2025mifer,Week 1,5467,12,-0.0,11.562,-23.08
2025,2025mifer,Week 1,2851,12,-0.0,11.854,-14.372
2025,2025mifer,Week 1,1188,12,-0.0,13.995,-19.268
2025,2025mifer,Week 1,5708,12,-0.0,15.249,-26.699
2025,2025mifer,Week 1,9528,12,-0.0,13.346,-23.687
2025,2025mifer,Week 1,9148,12,-0.0,9.583,-15.716
2025,2025mifer,Week 1,5498,12,-0.0,11.57,-26.699
2025,2025mifer,Week 1,7856,12,-0.0,10.979,-15.857
2025,2025mifer,Week 1,5436,12,-0.0,19.073,-32.479
2025,2025mifer,Week 1,68,12,-0.0,19.509,-23.687
2025,2025mifer,Week 1,3604,12,-0.0,12.11,-23.515
2025,2025mifer,Week 1,3414,12,-0.0,17.404,-20.247
2025,2025mifer,Week 1,3538,12,-0.0,12.73,-22.767
2025,2025mifer,Week 1,7597,12,-0.0,9.067,-13.072
2025,2025mifer,Week 1,5577,12,-0.0,16.553,-23.515
2025,2025mifer,Week 1,5860,12,-0.0,21.946,-23.08
2025,2025mifer,Week 1,6570,12,0.0,15.965,-34.114
2025,2025mifer,Week 1,7769,12,-0.0,15.801,-23.687
2025,2025mifer,Week 1,1250,12,-0.0,22.372,-47.534
2025,2025mifer,Week 1,1025,12,-0.0,24.323,-47.534
2025,2025mifer,Week 1,9679,12,-0.0,20.204,-47.534
2025,2025mifer,Week 1,33,12,-0.0,26.22,-44.093
2025,2025mifer,Week 1,1701,12,-0.0,22.398,-44.093
2025,2025mifer,Week 1,10577,12,-0.0,16.009,-44.093
2025,2025mifer,Week 1,302,12,-0.0,17.799,-31.144
2025,2025mifer,Week 1,5090,12,-0.0,17.141,-32.479
2025,2025mifer,Week 1,4384,12,-0.0,15.183,-19.268
2025,2025mifer,Week 1,6566,12,-0.0,20.601,-31.144
2025,2025milac,Week 1,10181,12,0.0,20.983,-38.466
2025,2025milac,Week 1,9650,12,-0.0,12.123,-19.616
2025,2025milac,Week 1,3452,12,0.0,17.638,-26.064
2025,2025milac,Week 1,7855,12,-0.0,14.3,-25.688
2025,2025milac,Week 1,5110,12,-0.0,8.642,-12.294
2025,2025milac,Week 1,9754,12,-0.0,13.446,-26.064
2025,2025milac,Week 1,1718,12,-0.0,17.669,-38.927
2025,2025milac,Week 1,9759,12,0.0,13.071,-16.368
2025,2025milac,Week 1,226,12,-0.0,15.633,-21.069
2025,2025milac,Week 1,5086,12,-0.0,25.859,-38.927
2025,2025milac,Week 1,3688,12,-0.0,18.398,-33.747
2025,2025milac,Week 1,4377,12,0.0,19.165,-33.747
2025,2025milac,Week 1,7790,12,-0.0,23.377,-38.466
2025,2025milac,Week 1,5525,12,-0.0,18.068,-38.927
2025,2025milac,Week 1,6087,12,-0.0,13.948,-27.207
2025,2025milac,Week 1,5505,12,-0.0,17.485,-48.171
2025,2025milac,Week 1,3767,12,-0.0,23.639,-48.171
2025,2025milac,Week 1,1481,12,-0.0,20.283,-48.171
2025,2025milac,Week 1,9568,12,-0.0,13.652,-19.482
2025,2025milac,Week 1,7501,12,-0.0,12.518,-21.34
2025,2025milac,Week 1,7155,12,-0.0,13.116,-25.637
2025,2025milac,Week 1,5162,12,0.0,14.991,-21.34
2025,2025milac,Week 1,3603,12,-0.0,9.602,-14.209
2025,2025milac,Week 1,6005,12,-0.0,17.547,-29.281
2025,2025milac,Week 1,5603,12,0.0,12.183,-25.869
2025,2025milac,Week 1,6561,12,0.0,13.926,-18.494
2025,2025milac,Week 1,3572,12,-0.0,11.04,-19.482
2025,2025milac,Week 1,3546,12,-0.0,19.196,-25.637
2025,2025milac,Week 1,1502,12,-0.0,15.16,-38.466
2025,2025milac,Week 1,7250,12,-0.0,14.19,-25.869
2025,2025milac,Week 1,3537,12,-0.0,13.525,-29.281
2025,2025milac,Week 1,8041,12,0.0,17.104,-22.095
2025,2025milac,Week 1,2246,12,0.0,16.39,-18.494
2025,2025milac,Week 1,9541,12,0.0,19.496,-38.349
2025,2025milac,Week 1,7794,12,-0.0,15.18,-38.349
2025,2025milac,Week 1,10421,12,-0.0,17.407,-38.349
2025,2025milac,Week 1,3357,12,-0.0,17.424,-25.688
2025,2025nhsal,Week 1,663,12,-0.0,19.094,-35.501
2025,2025nhsal,Week 1,6620,12,-0.0,14.597,-24.684
2025,2025nhsal,Week 1,319,12,0.0,16.648,-19.919
2025,2025nhsal,Week 1,10156,12,-0.0,14.956,-24.684
2025,2025nhsal,Week 1,1761,12,0.0,9.609,-14.373
2025,2025nhsal,Week 1,5491,12,-0.0,16.612,-33.065
2025,2025nhsal,Week 1,811,12,0.0,14.92,-23.337
2025,2025nhsal,Week 1,138,12,-0.0,18.953,-26.989
2025,2025nhsal,Week 1,9729,12,0.0,11.361,-23.337
2025,2025nhsal,Week 1,4925,12,-0.0,20.874,-33.065
2025,2025nhsal,Week 1,3566,12,-0.0,15.048,-24.91
2025,2025nhsal,Week 1,5902,12,-0.0,15.01,-25.141
2025,2025nhsal,Week 1,4987,12,-0.0,17.215,-25.854
2025,2025nhsal,Week 1,2877,12,0.0,15.403,-35.501
2025,2025nhsal,Week 1,9443,12,0.0,11.186,-23.859
2025,2025nhsal,Week 1,3467,12,-0.0,17.295,-21.343
2025,2025nhsal,Week 1,97,12,0.0,16.383,-24.167
2025,2025nhsal,Week 1,1512,12,0.0,9.525,-13.167
2025,2025nhsal,Week 1,1277,12,-0.0,16.188,-18.152
2025,2025nhsal,Week 1,3623,12,-0.0,18.448,-30.712
2025,2025nhsal,Week 1,8410,12,-0.0,14.024,-18.152
2025,2025nhsal,Week 1,9644,12,0.0,18.964,-37.897
2025,2025nhsal,Week 1,8013,12,0.0,15.547,-37.897
2025,2025nhsal,Week 1,6201,12,0.0,22.679,-37.897
2025,2025nhsal,Week 1,2342,12,-0.0,19.043,-24.684
2025,2025nhsal,Week 1,1768,12,0.0,14.065,-16.913
2025,2025nhsal,Week 1,6690,12,0.0,6.907,-12.999
2025,2025nhsal,Week 1,1247,12,-0.0,15.572,-25.141
2025,2025nhsal,Week 1,501,12,0.0,19.075,-30.712
2025,2025nhsal,Week 1,6328,12,-0.0,21.037,-33.065
2025,2025nhsal,Week 1,1058,12,-0.0,15.37,-26.989
2025,2025nhsal,Week 1,7314,12,-0.0,18.722,-25.141
2025,2025nhsal,Week 1,4909,12,-0.0,13.254,-23.41
2025,2025nhsal,Week 1,8708,12,-0.0,22.239,-35.501
2025,2025nhsal,Week 1,1721,12,0.0,23.098,-30.712
2025,2025nhsal,Week 1,5962,12,-0.0,12.465,-19.199
2025,2025onnew,Week 1,6397,12,-0.0,16.571,-20.772
2025,2025onnew,Week 1,7200,12,-0.0,12.894,-18.972
2025,2025onnew,Week 1,8789,12,-0.0,10.023,-18.972
2025,2025onnew,Week 1,6987,12,-0.0,12.959,-20.135
2025,2025onnew,Week 1,1229,12,-0.0,18.186,-20.772
2025,2025onnew,Week 1,1325,12,-0.0,11.802,-20.135
2025,2025onnew,Week 1,7902,12,-0.0,14.298,-21.84
2025,2025onnew,Week 1,4976,12,-0.0,15.48,-26.474
2025,2025onnew,Week 1,7480,12,-0.0,11.883,-17.168
2025,2025onnew,Week 1,1305,12,-0.0,16.814,-19.178
2025,2025onnew,Week 1,3739,12,-0.0,12.428,-24.131
2025,2025onnew,Week 1,4152,12,-0.0,17.066,-25.761
2025,2025onnew,Week 1,5885,12,-0.0,14.629,-26.474
2025,2025onnew,Week 1,5409,12,-0.0,13.324,-20.506
2025,2025onnew,Week 1,9569,12,-0.0,17.194,-26.362
2025,2025onnew,Week 1,6110,12,-0.0,13.606,-22.252
2025,2025onnew,Week 1,1285,12,-0.0,18.595,-22.252
2025,2025onnew,Week 1,9263,12,-0.0,16.566,-24.023
2025,2025onnew,Week 1,9098,12,-0.0,12.921,-26.362
2025,2025onnew,Week 1,4688,12,-0.0,14.643,-21.028
2025,2025onnew,Week 1,9580,12,-0.0,13.917,-20.506
2025,2025onnew,Week 1,8349,12,-0.0,7.152,-13.932
2025,2025onnew,Week 1,9575,12,-0.0,13.288,-24.023
2025,2025onnew,Week 1,4946,12,0.0,18.709,-20.506
2025,2025onnew,Week 1,2386,12,-0.0,11.935,-26.362
2025,2025onnew,Week 1,10015,12,-0.0,13.789,-24.023
2025,2025onnew,Week 1,1241,12,-0.0,19.484,-25.761
2025,2025onnew,Week 1,4951,12,-0.0,14.474,-26.474
2025,2025onnew,Week 1,4476,12,-0.0,14.908,-24.131
2025,2025pahat,Week 1,2180,12,-0.0,10.4,-22.769
2025,2025pahat,Week 1,427,12,0.0,18.009,-45.549
2025,2025pahat,Week 1,1923,12,-0.0,17.817,-31.519
2025,2025pahat,Week 1,10070,12,-0.0,18.179,-45.314
2025,2025pahat,Week 1,1168,12,-0.0,22.537,-39.614
2025,2025pahat,Week 1,2234,12,-0.0,14.944,-28.476
2025,2025pahat,Week 1,5181,12,-0.0,20.295,-36.094
2025,2025pahat,Week 1,5401,12,-0.0,18.067,-34.296
2025,2025pahat,Week 1,10653,12,-0.0,12.534,-18.237
2025,2025pahat,Week 1,316,12,-0.0,17.348,-22.88
2025,2025pahat,Week 1,10170,12,-0.0,10.787,-22.38
2025,2025pahat,Week 1,2559,12,0.0,20.154,-45.314
2025,2025pahat,Week 1,2095,12,-0.0,11.244,-22.769
2025,2025pahat,Week 1,2607,12,-0.0,24.23,-45.314
2025,2025pahat,Week 1,1089,12,-0.0,15.794,-22.38
2025,2025pahat,Week 1,423,12,-0.0,22.059,-45.549
2025,2025pahat,Week 1,4285,12,-0.0,19.552,-29.299
2025,2025pahat,Week 1,2590,12,0.0,20.488,-31.519
2025,2025pahat,Week 1,6808,12,-0.0,19.967,-34.296
2025,2025pahat,Week 1,2539,12,-0.0,14.573,-27.676
2025,2025pahat,Week 1,6226,12,-0.0,15.718,-21.99
2025,2025pahat,Week 1,862,12,-0.0,19.726,-45.549
2025,2025pahat,Week 1,1218,12,0.0,23.454,-36.094
2025,2025pahat,Week 1,709,12,-0.0,13.522,-17.745
2025,2025pahat,Week 1,341,12,-0.0,18.079,-39.614
2025,2025pahat,Week 1,10584,12,-0.0,11.836,-24.081
2025,2025pahat,Week 1,321,12,-0.0,16.016,-25.203
2025,2025pahat,Week 1,1403,12,0.0,21.095,-36.094
2025,2025pahat,Week 1,5684,12,-0.0,13.139,-25.104
2025,2025pahat,Week 1,433,12,-0.0,13.43,-28.476
2025,2025pahat,Week 1,708,12,-0.0,20.526,-39.614
2025,2025pahat,Week 1,5407,12,-0.0,11.295,-20.311
2025,2025vagle,Week 1,617,12,0.0,18.343,-30.086
2025,2025vagle,Week 1,540,12,-0.0,23.04,-46.186
2025,2025vagle,Week 1,4472,12,-0.0,19.086,-35.361
2025,2025vagle,Week 1,1731,12,-0.0,22.471,-46.186
2025,2025vagle,Week 1,6802,12,0.0,20.467,-37.443
2025,2025vagle,Week 1,3258,12,0.0,13.836,-20.7
2025,2025vagle,Week 1,539,12,0.0,12.956,-22.435
2025,2025vagle,Week 1,614,12,0.0,18.491,-29.643
2025,2025vagle,Week 1,1599,12,-0.0,15.571,-26.624
2025,2025vagle,Week 1,2106,12,-0.0,22.68,-36.934
2025,2025vagle,Week 1,339,12,-0.0,15.934,-37.443
2025,2025vagle,Week 1,9003,12,0.0,16.725,-35.361
2025,2025vagle,Week 1,1086,12,0.0,18.791,-31.854
2025,2025vagle,Week 1,1522,12,-0.0,18.396,-31.854
2025,2025vagle,Week 1,10224,12,-0.0,17.778,-31.854
2025,2025vagle,Week 1,1262,12,0.0,13.11,-18.792
2025,2025vagle,Week 1,10257,12,-0.0,12.326,-16.78
2025,2025vagle,Week 1,6326,12,-0.0,16.999,-29.643
2025,2025vagle,Week 1,449,12,0.0,16.205,-33.065
2025,2025vagle,Week 1,404,12,-0.0,19.704,-33.065
2025,2025vagle,Week 1,3373,12,-0.0,19.238,-33.065
2025,2025vagle,Week 1,8592,12,-0.0,18.369,-36.934
2025,2025vagle,Week 1,2998,12,-0.0,14.455,-16.556
2025,2025vagle,Week 1,4505,12,-0.0,12.791,-15.138
2025,2025vagle,Week 1,1895,12,0.0,14.619,-36.521
2025,2025vagle,Week 1,9709,12,0.0,18.675,-36.521
2025,2025vagle,Week 1,346,12,-0.0,16.614,-36.521
2025,2025vagle,Week 1,10370,12,0.0,19.265,-46.186
2025,2025vagle,Week 1,9214,12,-0.0,26.09,-37.443
2025,2025vagle,Week 1,2988,12,0.0,14.375,-19.731
2025,2025vagle,Week 1,3361,12,0.0,13.923,-26.624
2025,2025vagle,Week 1,4286,12,0.0,11.716,-17.025
2025,2025vagle,Week 1,5804,12,-0.0,22.672,-29.643
2025,2025vagle,Week 1,5724,12,-0.0,14.403,-24.799
2025,2025txtom,Week 1,9478,12,-0.0,15.385,-21.163
2025,2025txtom,Week 1,231,12,-0.0,14.716,-28.094
2025,2025txtom,Week 1,3728,12,-0.0,14.679,-27.102
2025,2025txtom,Week 1,4587,12,-0.0,13.36,-19.873
2025,2025txtom,Week 1,7312,12,-0.0,23.127,-27.102
2025,2025txtom,Week 1,9307,12,-0.0,18.884,-30.931
2025,2025txtom,Week 1,10118,12,-0.0,16.169,-25.129
2025,2025txtom,Week 1,4328,12,-0.0,21.57,-21.163
2025,2025txtom,Week 1,1477,12,-0.0,13.554,-13.345
2025,2025txtom,Week 1,4639,12,-0.0,12.853,-20.91
2025,2025txtom,Week 1,8591,12,-0.0,13.716,-23.881
2025,2025txtom,Week 1,6645,12,-0.0,12.797,-23.642
2025,2025txtom,Week 1,5261,12,-0.0,12.383,-12.868
2025,2025txtom,Week 1,3735,12,-0.0,13.547,-15.452
2025,2025txtom,Week 1,6800,12,-0.0,15.09,-30.931
2025,2025txtom,Week 1,118,12,0.0,17.875,-30.961
2025,2025txtom,Week 1,8576,12,-0.0,23.961,-28.247
2025,2025txtom,Week 1,8144,12,-0.0,17.639,-23.881
2025,2025txtom,Week 1,9181,12,-0.0,14.389,-27.523
2025,2025txtom,Week 1,8177,12,-0.0,13.534,-27.523
2025,2025txtom,Week 1,8879,12,-0.0,18.302,-28.094
2025,2025txtom,Week 1,624,12,-0.0,12.098,-28.094
2025,2025txtom,Week 1,8370,12,0.0,13.998,-28.247
2025,2025txtom,Week 1,9512,12,-0.0,15.466,-30.961
2025,2025txtom,Week 1,5417,12,-0.0,10.948,-21.163
2025,2025txtom,Week 1,5923,12,-0.0,12.98,-15.734
2025,2025txtom,Week 1,6180,12,-0.0,14.684,-23.642
2025,2025txtom,Week 1,6488,12,-0.0,13.81,-25.129
2025,2025txtom,Week 1,4219,12,-0.0,13.78,-28.247
2025,2025txtom,Week 1,9289,12,-0.0,14.388,-27.102
2025,2025txtom,Week 1,8392,12,-0.0,20.115,-30.961
2025,2025txtom,Week 1,4295,12,-0.0,9.854,-12.883
2025,2025txtom,Week 1,2882,12,-0.0,13.401,-30.931
2025,2025txtom,Week 1,5788,12,-0.0,11.822,-13.192
2025,2025wasno,Week 1,4918,12,0.0,8.422,-18.646
2025,2025wasno,Week 1,3218,12,0.0,16.029,-26.972
2025,2025wasno,Week 1,2930,12,-0.0,14.469,-24.361
2025,2025wasno,Week 1,4131,12,0.0,16.651,-21.372
2025,2025wasno,Week 1,5827,12,0.0,16.705,-22.69
2025,2025wasno,Week 1,10498,12,0.0,17.943,-37.09
2025,2025wasno,Week 1,3393,12,0.0,18.218,-43.046
2025,2025wasno,Week 1,4469,12,0.0,20.1,-43.046
2025,2025wasno,Week 1,3826,12,0.0,16.172,-43.046
2025,2025wasno,Week 1,4173,12,0.0,19.284,-42.678
2025,2025wasno,Week 1,1318,12,0.0,21.08,-37.09
2025,2025wasno,Week 1,4512,12,0.0,18.505,-24.375
2025,2025wasno,Week 1,10079,12,-0.0,19.24,-29.805
2025,2025wasno,Week 1,2980,12,0.0,13.324,-21.372
2025,2025wasno,Week 1,2046,12,0.0,13.519,-20.84
2025,2025wasno,Week 1,4089,12,0.0,18.614,-42.678
2025,2025wasno,Week 1,5588,12,0.0,19.327,-32.823
2025,2025wasno,Week 1,2929,12,0.0,15.743,-32.823
2025,2025wasno,Week 1,7627,12,0.0,11.789,-17.469
2025,2025wasno,Week 1,9680,12,0.0,14.755,-18.775
2025,2025wasno,Week 1,2903,12,0.0,16.137,-37.09
2025,2025wasno,Week 1,4450,12,0.0,18.306,-26.972
2025,2025wasno,Week 1,5941,12,0.0,17.195,-42.678
2025,2025wasno,Week 1,9450,12,0.0,14.994,-24.939
2025,2025wasno,Week 1,9442,12,0.0,16.478,-29.805
2025,2025wasno,Week 1,4911,12,0.0,15.627,-24.769
2025,2025wasno,Week 1,6076,12,0.0,13.607,-26.972
2025,2025wasno,Week 1,10416,12,0.0,12.323,-16.605
2025,2025wasno,Week 1,1778,12,0.0,13.836,-21.736
2025,2025wasno,Week 1,7461,12,0.0,17.325,-22.69
2025,2025wasno,Week 1,2522,12,0.0,12.361,-29.805
2025,2025wasno,Week 1,360,12,0.0,12.787,-15.719
2025,2025wasno,Week 1,4682,12,0.0,10.308,-19.612
2025,2025tuis,Week 2,8084,8,-0.0,15.405,-29.169
2025,2025tuis,Week 2,9609,8,-0.0,19.458,-27.838
2025,2025tuis,Week 2,10692,8,-0.0,11.351,-20.221
2025,2025tuis,Week 2,6874,8,-0.0,7.284,-11.188
2025,2025tuis,Week 2,9247,8,-0.0,13.025,-27.838
2025,2025tuis,Week 2,10105,8,0.0,8.135,-12.419
2025,2025tuis,Week 2,10064,8,-0.0,8.666,-11.188
2025,2025tuis,Week 2,6232,8,-0.0,11.631,-20.221
2025,2025tuis,Week 2,6402,8,-0.0,7.929,-10.477
2025,2025tuis,Week 2,10396,8,-0.0,13.906,-26.502
2025,2025tuis,Week 2,10689,8,-0.0,16.046,-29.169
2025,2025tuis,Week 2,10209,8,-0.0,10.789,-18.045
2025,2025tuis,Week 2,7536,8,-0.0,23.889,-36.017
2025,2025tuis,Week 2,10234,8,-0.0,16.711,-36.017
2025,2025tuis,Week 2,5773,8,-0.0,16.304,-36.017
2025,2025tuis,Week 2,10308,8,-0.0,14.144,-29.169
2025,2025tuis,Week 2,10328,8,-0.0,13.167,-20.221
2025,2025tuis,Week 2,7742,8,-0.0,10.357,-16.633
2025,2025tuis,Week 2,10203,8,-0.0,11.2,-18.045
2025,2025tuis,Week 2,9026,8,-0.0,11.027,-14.679
2025,2025tuis,Week 2,10334,8,-0.0,8.689,-14.679
2025,2025tuis,Week 2,6948,8,-0.0,15.967,-38.197
2025,2025tuis,Week 2,9231,8,-0.0,17.434,-38.197
2025,2025tuis,Week 2,10236,8,-0.0,16.94,-38.197
2025,2025tuis,Week 2,6064,8,-0.0,12.988,-25.849
2025,2025tuis,Week 2,8214,8,-0.0,9.526,-20.837
2025,2025tuis,Week 2,9601,8,-0.0,9.177,-14.737
2025,2025tuis,Week 2,10337,8,-0.0,20.128,-16.883
2025,2025tuis,Week 2,7748,8,-0.0,19.658,-26.502
2025,2025tuis,Week 2,8308,8,-0.0,17.526,-14.737
2025,2025tuis,Week 2,10541,8,-0.0,19.503,-36.535
2025,2025tuis,Week 2,8071,8,-0.0,14.702,-36.535
2025,2025tuis,Week 2,5665,8,-0.0,15.498,-36.535
2025,2025tuis,Week 2,9020,8,-0.0,21.804,-20.837
2025,2025tuis,Week 2,6228,8,-0.0,13.755,-25.849
2025,2025tuis,Week 2,8263,8,-0.0,17.248,-16.883
2025,2025tuis,Week 2,7539,8,-0.0,16.748,-17.621
2025,2025tuis,Week 2,6985,8,-0.0,13.126,-18.635
2025,2025tuis,Week 2,9523,8,-0.0,12.412,-17.621
2025,2025tuis,Week 2,7576,8,-0.0,14.247,-26.502
2025,2025tuis,Week 2,9422,8,-0.0,7.427,-9.07
2025,2025tuis,Week 2,9089,8,-0.0,18.292,-25.849
2025,2025tuis,Week 2,10353,8,-0.0,11.819,-18.045
2025,2025tuis,Week 2,10422,8,-0.0,13.019,-14.808
2025,2025tuis,Week 2,2905,8,-0.0,9.171,-14.808
2025,2025tuis,Week 2,10432,8,-0.0,6.668,-9.409
2025,2025tuis,Week 2,9519,8,-0.0,9.503,-9.409
2025,2025tuis,Week 2,6014,8,-0.0,13.639,-15.822
2025,2025tuis2,Week 2,6431,9,0.0,20.496,-37.567
2025,2025tuis2,Week 2,10608,9,0.0,19.929,-37.567
2025,2025tuis2,Week 2,10576,9,-0.0,20.504,-37.567
2025,2025tuis2,Week 2,8092,9,-0.0,16.762,-39.343
2025,2025tuis2,Week 2,10050,9,-0.0,17.671,-39.343
2025,2025tuis2,Week 2,9694,9,0.0,37.224,-39.343
2025,2025tuis2,Week 2,9583,9,0.0,14.511,-24.006
2025,2025tuis2,Week 2,9635,9,-0.0,21.887,-40.359
2025,2025tuis2,Week 2,10428,9,0.0,33.99,-32.939
2025,2025tuis2,Week 2,8054,9,0.0,13.875,-20.568
2025,2025tuis2,Week 2,7035,9,0.0,6.351,-10.178
2025,2025tuis2,Week 2,6459,9,0.0,18.42,-23.448
2025,2025tuis2,Week 2,10675,9,-0.0,18.699,-32.939
2025,2025tuis2,Week 2,7611,9,-0.0,6.179,-10.003
2025,2025tuis2,Week 2,9510,9,-0.0,19.108,-28.845
2025,2025tuis2,Week 2,10230,9,0.0,9.804,-15.22
2025,2025tuis2,Week 2,10598,9,0.0,9.796,-12.886
2025,2025tuis2,Week 2,10141,9,0.0,15.681,-20.568
2025,2025tuis2,Week 2,10465,9,0.0,23.529,-20.351
2025,2025tuis2,Week 2,6417,9,0.0,16.099,-17.8
2025,2025tuis2,Week 2,10532,9,0.0,16.909,-22.258
2025,2025tuis2,Week 2,8058,9,0.0,12.691,-14.742
2025,2025tuis2,Week 2,9043,9,-0.0,10.811,-14.725
2025,2025tuis2,Week 2,10528,9,0.0,17.153,-25.036
2025,2025tuis2,Week 2,8242,9,-0.0,19.819,-20.568
2025,2025tuis2,Week 2,6838,9,-0.0,13.004,-18.281
2025,2025tuis2,Week 2,9565,9,0.0,16.214,-22.258
2025,2025tuis2,Week 2,8011,9,0.0,12.457,-19.636
2025,2025tuis2,Week 2,10244,9,-0.0,13.798,-16.752
2025,2025tuis2,Week 2,8261,9,-0.0,16.782,-15.967
2025,2025tuis2,Week 2,9591,9,0.0,11.006,-16.752
2025,2025tuis2,Week 2,8151,9,0.0,11.648,-16.641
2025,2025tuis2,Week 2,7296,9,-0.0,16.978,-23.448
2025,2025tuis2,Week 2,8159,9,0.0,34.682,-25.396
2025,2025tuis2,Week 2,10445,9,0.0,14.169,-25.396
2025,2025tuis2,Week 2,9483,9,-0.0,24.315,-32.939
2025,2025tuis2,Week 2,9232,9,0.0,14.967,-15.22
2025,2025tuis2,Week 2,10623,9,-0.0,14.256,-24.006
2025,2025tuis2,Week 2,6025,9,-0.0,19.951,-40.359
2025,2025tuis2,Week 2,9025,9,0.0,23.255,-28.845
2025,2025tuis2,Week 2,10531,9,0.0,10.903,-13.918
2025,2025tuis2,Week 2,10251,9,0.0,12.346,-18.281
2025,2025tuis2,Week 2,10604,9,0.0,20.444,-19.064
2025,2025tuis2,Week 2,9610,9,0.0,13.293,-19.064
2025,2025tuis2,Week 2,9265,9,0.0,19.706,-40.359
2025,2025tuis2,Week 2,10041,9,0.0,11.318,-16.641
2025,2025tuis2,Week 2,8557,9,0.0,11.189,-17.8
2025,2025tuis2,Week 2,8747,9,-0.0,16.099,-28.845
2025,2025nysu,Week 2,7668,9,-0.0,7.284,-15.941
2025,2025nysu,Week 2,10152,9,-0.0,15.99,-21.308
2025,2025nysu,Week 2,5736,9,-0.0,18.622,-24.452
2025,2025nysu,Week 2,6463,9,-0.0,28.237,-25.706
2025,2025nysu,Week 2,1155,9,-0.0,24.806,-38.541
2025,2025nysu,Week 2,353,9,-0.0,22.738,-36.544
2025,2025nysu,Week 2,1796,9,-0.0,22.95,-32.217
2025,2025nysu,Week 2,7318,9,-0.0,15.618,-21.703
2025,2025nysu,Week 2,9636,9,-0.0,17.298,-21.703
2025,2025nysu,Week 2,287,9,-0.0,17.504,-24.452
2025,2025nysu,Week 2,333,9,-0.0,15.222,-22.673
2025,2025nysu,Week 2,6401,9,-0.0,13.881,-22.673
2025,2025nysu,Week 2,3950,9,-0.0,13.146,-24.249
2025,2025nysu,Week 2,6423,9,-0.0,36.14,-42.618
2025,2025nysu,Week 2,9016,9,-0.0,13.919,-24.249
2025,2025nysu,Week 2,6969,10,-0.0,8.73,-12.575
2025,2025nysu,Week 2,263,9,-0.0,19.45,-24.452
2025,2025nysu,Week 2,9295,9,-0.0,8.227,-10.916
2025,2025nysu,Week 2,9713,9,-0.0,17.503,-21.451
2025,2025nysu,Week 2,10262,9,-0.0,20.996,-29.589
2025,2025nysu,Week 2,9642,9,-0.0,12.838,-21.451
2025,2025nysu,Week 2,6911,9,-0.0,15.735,-22.422
2025,2025nysu,Week 2,1880,9,-0.0,17.763,-25.706
2025,2025nysu,Week 2,379,9,-0.0,17.389,-38.541
2025,2025nysu,Week 2,2601,9,-0.0,18.748,-25.991
2025,2025nysu,Week 2,6880,9,-0.0,16.703,-25.991
2025,2025nysu,Week 2,369,10,-0.0,21.052,-25.991
2025,2025nysu,Week 2,4122,9,-0.0,21.466,-40.272
2025,2025nysu,Week 2,2872,9,-0.0,13.194,-23.794
2025,2025nysu,Week 2,6300,9,-0.0,21.216,-23.794
2025,2025nysu,Week 2,2053,9,-0.0,28.876,-32.217
2025,2025nysu,Week 2,10229,9,-0.0,25.115,-42.618
2025,2025nysu,Week 2,7504,9,-0.0,11.673,-26.485
2025,2025nysu,Week 2,5016,9,-0.0,24.3,-29.589
2025,2025nysu,Week 2,5298,10,-0.0,16.869,-40.272
2025,2025nysu,Week 2,3017,9,-0.0,16.981,-20.998
2025,2025nysu,Week 2,1884,9,-0.0,14.551,-26.485
2025,2025nysu,Week 2,3419,9,-0.0,12.759,-21.879
2025,2025nysu,Week 2,7730,9,-0.0,18.909,-17.882
2025,2025nysu,Week 2,4467,9,-0.0,25.598,-42.618
2025,2025nysu,Week 2,7718,9,-0.0,16.349,-29.589
2025,2025nysu,Week 2,694,9,-0.0,16.614,-21.308
2025,2025nysu,Week 2,7759,9,-0.0,12.335,-17.982
2025,2025nysu,Week 2,3624,9,-0.0,17.812,-17.982
2025,2025nysu,Week 2,395,9,-0.0,11.054,-17.982
2025,2025nysu,Week 2,8739,9,-0.0,17.004,-26.485
2025,2025nysu,Week 2,6593,9,-0.0,15.986,-16.287
2025,2025nysu,Week 2,1493,9,-0.0,23.608,-40.272
2025,2025nysu,Week 2,2265,9,-0.0,15.764,-32.217
2025,2025qcmo,Week 2,8224,12,0.0,22.179,-59.241
2025,2025qcmo,Week 2,3986,12,-0.0,22.82,-59.241
2025,2025qcmo,Week 2,6622,12,-0.0,24.549,-59.241
2025,2025qcmo,Week 2,5443,12,0.0,17.484,-25.498
2025,2025qcmo,Week 2,2626,12,0.0,20.658,-22.904
2025,2025qcmo,Week 2,5618,12,0.0,14.442,-18.775
2025,2025qcmo,Week 2,3533,12,0.0,14.408,-22.904
2025,2025qcmo,Week 2,7605,12,-0.0,19.271,-45.177
2025,2025qcmo,Week 2,9102,12,-0.0,14.52,-27.662
2025,2025qcmo,Week 2,3117,12,-0.0,20.535,-34.836
2025,2025qcmo,Week 2,3996,12,0.0,8.892,-17.606
2025,2025qcmo,Week 2,9234,12,0.0,14.689,-23.85
2025,2025qcmo,Week 2,9406,12,0.0,22.929,-25.498
2025,2025qcmo,Week 2,6869,12,-0.0,10.958,-24.314
2025,2025qcmo,Week 2,9624,12,-0.0,13.551,-26.056
2025,2025qcmo,Week 2,3550,12,-0.0,10.884,-17.509
2025,2025qcmo,Week 2,3015,12,-0.0,18.007,-27.662
2025,2025qcmo,Week 2,8152,12,-0.0,19.585,-35.256
2025,2025qcmo,Week 2,7471,12,-0.0,21.502,-43.852
2025,2025qcmo,Week 2,8067,12,0.0,21.356,-43.852
2025,2025qcmo,Week 2,4952,12,0.0,23.532,-45.177
2025,2025qcmo,Week 2,6540,12,-0.0,13.608,-26.011
2025,2025qcmo,Week 2,4955,12,0.0,16.522,-26.011
2025,2025qcmo,Week 2,3360,12,0.0,16.146,-26.011
2025,2025qcmo,Week 2,4947,12,0.0,10.042,-18.498
2025,2025qcmo,Week 2,3544,12,0.0,13.552,-26.056
2025,2025qcmo,Week 2,5439,12,-0.0,18.303,-35.256
2025,2025qcmo,Week 2,6929,12,-0.0,26.29,-45.177
2025,2025qcmo,Week 2,3532,12,0.0,15.463,-18.86
2025,2025qcmo,Week 2,3985,12,-0.0,13.46,-19.613
2025,2025qcmo,Week 2,5528,12,0.0,14.939,-18.153
2025,2025qcmo,Week 2,3990,12,0.0,19.216,-22.649
2025,2025qcmo,Week 2,5440,12,0.0,13.229,-25.354
2025,2025qcmo,Week 2,8132,12,0.0,12.346,-18.86
2025,2025qcmo,Week 2,296,12,-0.0,13.657,-23.85
2025,2025qcmo,Week 2,7700,12,-0.0,15.461,-35.256
2025,2025qcmo,Week 2,244,12,0.0,16.417,-27.662
2025,2025arli,Week 2,4500,12,0.0,21.651,-37.019
2025,2025arli,Week 2,1781,12,0.0,14.011,-18.187
2025,2025arli,Week 2,1108,12,0.0,18.167,-26.596
2025,2025arli,Week 2,7917,12,0.0,13.63,-16.908
2025,2025arli,Week 2,2399,12,0.0,15.766,-32.473
2025,2025arli,Week 2,7483,12,0.0,11.886,-13.467
2025,2025arli,Week 2,5437,12,0.0,20.505,-36.635
2025,2025arli,Week 2,10358,12,0.0,16.497,-36.635
2025,2025arli,Week 2,5002,12,0.0,18.389,-36.635
2025,2025arli,Week 2,6424,12,0.0,13.753,-14.056
2025,2025arli,Week 2,3201,12,0.0,17.949,-45.868
2025,2025arli,Week 2,7525,12,0.0,14.68,-30.412
2025,2025arli,Week 2,323,12,0.0,20.676,-34.607
2025,2025arli,Week 2,3937,12,0.0,16.754,-26.141
2025,2025arli,Week 2,118,12,0.0,17.253,-37.019
2025,2025arli,Week 2,2481,12,0.0,14.965,-27.795
2025,2025arli,Week 2,2036,12,0.0,21.418,-30.412
2025,2025arli,Week 2,179,12,0.0,23.312,-45.868
2025,2025arli,Week 2,10101,12,0.0,14.455,-19.368
2025,2025arli,Week 2,4499,12,0.0,18.474,-37.019
2025,2025arli,Week 2,8044,12,0.0,18.236,-29.761
2025,2025arli,Week 2,9067,12,0.0,16.271,-31.52
2025,2025arli,Week 2,9429,12,0.0,18.299,-34.607
2025,2025arli,Week 2,9608,12,0.0,12.32,-25.097
2025,2025arli,Week 2,6586,12,0.0,15.726,-32.473
2025,2025arli,Week 2,7255,12,0.0,20.493,-45.868
2025,2025arli,Week 2,16,12,0.0,14.28,-19.368
2025,2025arli,Week 2,6186,12,0.0,18.712,-26.596
2025,2025arli,Week 2,9073,12,0.0,16.268,-34.607
2025,2025arli,Week 2,2341,12,0.0,18.307,-29.761
2025,2025mose,Week 2,4213,11,-0.0,19.481,-27.872
2025,2025mose,Week 2,1810,11,-0.0,14.037,-16.747
2025,2025mose,Week 2,5576,11,0.0,12.741,-16.449
2025,2025mose,Week 2,3928,11,-0.0,15.285,-26.247
2025,2025mose,Week 2,167,11,-0.0,15.818,-29.408
2025,2025mose,Week 2,6419,11,-0.0,18.729,-28.425
2025,2025mose,Week 2,1756,11,-0.0,13.523,-14.214
2025,2025mose,Week 2,5968,11,-0.0,13.525,-22.811
2025,2025mose,Week 2,4646,11,0.0,14.214,-20.333
2025,2025mose,Week 2,1939,11,-0.0,19.508,-23.619
2025,2025mose,Week 2,8825,11,-0.0,15.402,-23.806
2025,2025mose,Week 2,1987,11,-0.0,16.038,-18.665
2025,2025mose,Week 2,8112,11,-0.0,13.015,-21.156
2025,2025mose,Week 2,3184,11,-0.0,13.841,-28.838
2025,2025mose,Week 2,9031,11,-0.0,8.081,-13.771
2025,2025mose,Week 2,1997,11,-0.0,17.179,-23.399
2025,2025mose,Week 2,5809,11,-0.0,16.123,-23.806
2025,2025mose,Week 2,5141,11,0.0,19.069,-23.399
2025,2025mose,Week 2,1736,11,-0.0,13.192,-29.408
2025,2025mose,Week 2,3284,11,-0.0,16.449,-28.425
2025,2025mose,Week 2,2718,11,-0.0,13.832,-23.619
2025,2025mose,Week 2,4766,11,-0.0,12.578,-22.483
2025,2025mose,Week 2,9570,11,-0.0,15.033,-28.425
2025,2025mose,Week 2,7662,11,-0.0,20.051,-29.408
2025,2025mose,Week 2,5801,11,-0.0,11.919,-17.318
2025,2025mose,Week 2,5126,11,-0.0,14.914,-26.247
2025,2025mose,Week 2,1723,11,-0.0,8.663,-9.911
2025,2025mose,Week 2,1806,11,-0.0,14.997,-27.872
2025,2025mose,Week 2,1785,11,-0.0,15.725,-26.247
2025,2025mose,Week 2,2357,11,-0.0,14.078,-28.838
2025,2025mose,Week 2,4522,11,-0.0,17.267,-28.838
2025,2025mose,Week 2,1710,11,-0.0,9.309,-16.747
2025,2025mose,Week 2,2996,11,-0.0,10.228,-16.355
2025,2025mose,Week 2,4187,11,-0.0,12.997,-23.806
2025,2025mose,Week 2,1763,11,-0.0,8.408,-18.35
2025,2025mose,Week 2,9316,11,0.0,14.636,-27.872
2025,2025gadal,Week 2,3815,12,0.0,10.129,-13.05
2025,2025gadal,Week 2,10376,12,-0.0,12.466,-16.912
2025,2025gadal,Week 2,4701,12,0.0,20.353,-47.17
2025,2025gadal,Week 2,3635,12,0.0,5.424,-6.584
2025,2025gadal,Week 2,10338,12,0.0,12.054,-16.38
2025,2025gadal,Week 2,7676,12,0.0,7.363,-14.145
2025,2025gadal,Week 2,1648,12,0.0,18.064,-30.061
2025,2025gadal,Week 2,9770,12,0.0,14.259,-29.3
2025,2025gadal,Week 2,3329,12,0.0,18.324,-31.06
2025,2025gadal,Week 2,5219,12,0.0,12.179,-14.352
2025,2025gadal,Week 2,6919,12,0.0,13.545,-30.061
2025,2025gadal,Week 2,6944,12,0.0,16.425,-15.562
2025,2025gadal,Week 2,7514,12,0.0,9.4,-14.461
2025,2025gadal,Week 2,3344,12,0.0,14.34,-19.31
2025,2025gadal,Week 2,1002,12,0.0,12.377,-19.619
2025,2025gadal,Week 2,6712,12,0.0,14.055,-20.219
2025,2025gadal,Week 2,2974,12,0.0,18.636,-47.17
2025,2025gadal,Week 2,5900,12,0.0,12.511,-14.494
2025,2025gadal,Week 2,6023,12,0.0,17.133,-31.06
2025,2025gadal,Week 2,6705,12,0.0,11.83,-19.619
2025,2025gadal,Week 2,8849,12,0.0,14.106,-20.219
2025,2025gadal,Week 2,6887,12,0.0,6.551,-10.324
2025,2025gadal,Week 2,1795,12,0.0,14.539,-30.061
2025,2025gadal,Week 2,4459,12,0.0,11.636,-16.38
2025,2025gadal,Week 2,6905,12,0.0,10.991,-14.494
2025,2025gadal,Week 2,4468,12,0.0,14.661,-31.06
2025,2025gadal,Week 2,8761,12,0.0,9.767,-14.096
2025,2025gadal,Week 2,5608,12,0.0,12.232,-19.732
2025,2025gadal,Week 2,4026,12,0.0,12.173,-19.732
2025,2025gadal,Week 2,4112,12,-0.0,17.387,-19.732
2025,2025gadal,Week 2,6829,12,0.0,18.639,-47.17
2025,2025mike2,Week 2,5533,12,0.0,17.544,-26.492
2025,2025mike2,Week 2,5046,12,0.0,21.752,-25.796
2025,2025mike2,Week 2,6085,12,-0.0,14.13,-18.75
2025,2025mike2,Week 2,9572,12,-0.0,15.716,-21.762
2025,2025mike2,Week 2,3568,12,-0.0,23.093,-43.722
2025,2025mike2,Week 2,8426,12,0.0,15.576,-21.762
2025,2025mike2,Week 2,9251,12,-0.0,16.632,-26.492
2025,2025mike2,Week 2,3667,12,-0.0,14.374,-29.74
2025,2025mike2,Week 2,5878,12,0.0,11.195,-16.825
2025,2025mike2,Week 2,5527,12,0.0,13.732,-23.676
2025,2025mike2,Week 2,9731,12,-0.0,10.134,-23.676
2025,2025mike2,Week 2,5907,12,-0.0,24.409,-23.676
2025,2025mike2,Week 2,5561,12,0.0,16.96,-43.722
2025,2025mike2,Week 2,314,12,-0.0,15.25,-21.567
2025,2025mike2,Week 2,9237,12,0.0,14.875,-22.309
2025,2025mike2,Week 2,7211,12,-0.0,20.125,-37.665
2025,2025mike2,Week 2,5114,12,-0.0,13.924,-18.363
2025,2025mike2,Week 2,3098,12,0.0,12.909,-15.13
2025,2025mike2,Week 2,9662,12,0.0,15.812,-17.075
2025,2025mike2,Week 2,1684,12,0.0,21.103,-29.691
2025,2025mike2,Week 2,9255,12,0.0,11.66,-17.118
2025,2025mike2,Week 2,4395,12,-0.0,10.598,-17.118
2025,2025mike2,Week 2,5538,12,0.0,12.684,-29.74
2025,2025mike2,Week 2,6091,12,-0.0,12.94,-18.75
2025,2025mike2,Week 2,5517,12,-0.0,11.791,-29.74
2025,2025mike2,Week 2,6610,12,0.0,8.189,-13.893
2025,2025mike2,Week 2,2337,12,0.0,19.316,-26.492
2025,2025mike2,Week 2,5612,12,-0.0,12.122,-21.243
2025,2025mike2,Week 2,9242,12,-0.0,10.221,-18.75
2025,2025mike2,Week 2,2832,12,0.0,13.411,-29.691
2025,2025mike2,Week 2,7784,12,0.0,19.196,-43.722
2025,2025mike2,Week 2,7772,12,-0.0,18.461,-18.943
2025,2025mike2,Week 2,4961,12,-0.0,15.034,-24.734
2025,2025mike2,Week 2,453,12,0.0,16.981,-25.796
2025,2025mike2,Week 2,5660,12,-0.0,18.797,-37.665
2025,2025mike2,Week 2,6861,12,-0.0,18.351,-21.243
2025,2025mike2,Week 2,6078,12,0.0,16.434,-22.309
2025,2025mike2,Week 2,1506,12,-0.0,22.928,-37.665
2025,2025mike2,Week 2,5183,12,-0.0,15.616,-25.796
2025,2025misjo,Week 2,5927,12,-0.0,19.168,-30.515
2025,2025misjo,Week 2,3658,12,-0.0,15.397,-22.218
2025,2025misjo,Week 2,5227,12,-0.0,20.903,-40.693
2025,2025misjo,Week 2,9638,12,-0.0,16.383,-34.792
2025,2025misjo,Week 2,6528,12,0.0,17.932,-34.511
2025,2025misjo,Week 2,2611,12,-0.0,18.959,-34.511
2025,2025misjo,Week 2,9549,12,-0.0,18.472,-32.192
2025,2025misjo,Week 2,5675,12,-0.0,17.271,-30.515
2025,2025misjo,Week 2,6570,12,-0.0,17.183,-40.02
2025,2025misjo,Week 2,4325,12,-0.0,9.923,-13.682
2025,2025misjo,Week 2,7814,12,-0.0,14.675,-18.084
2025,2025misjo,Week 2,7203,12,-0.0,16.325,-30.811
2025,2025misjo,Week 2,4956,12,-0.0,19.354,-32.192
2025,2025misjo,Week 2,4216,12,-0.0,14.101,-30.026
2025,2025misjo,Week 2,10666,12,-0.0,18.643,-30.811
2025,2025misjo,Week 2,10473,12,-0.0,21.093,-34.792
2025,2025misjo,Week 2,5182,12,-0.0,12.772,-18.084
2025,2025misjo,Week 2,3620,12,-0.0,14.32,-25.273
2025,2025misjo,Week 2,5610,12,-0.0,16.403,-30.408
2025,2025misjo,Week 2,7256,12,-0.0,18.903,-25.273
2025,2025misjo,Week 2,9758,12,-0.0,14.548,-25.525
2025,2025misjo,Week 2,5843,12,-0.0,20.233,-40.02
2025,2025misjo,Week 2,1076,12,-0.0,15.572,-25.525
2025,2025misjo,Week 2,5056,12,-0.0,18.517,-32.192
2025,2025misjo,Week 2,2959,12,-0.0,19.354,-40.693
2025,2025misjo,Week 2,6548,12,-0.0,16.589,-31.972
2025,2025misjo,Week 2,8767,12,-0.0,8.998,-17.957
2025,2025misjo,Week 2,4237,12,-0.0,8.55,-17.038
2025,2025misjo,Week 2,7811,12,-0.0,15.342,-30.408
2025,2025misjo,Week 2,2767,12,-0.0,22.611,-40.02
2025,2025misjo,Week 2,7210,12,-0.0,17.916,-27.97
2025,2025misjo,Week 2,6877,12,-0.0,15.969,-40.693
2025,2025misjo,Week 2,2054,12,-0.0,11.888,-16.952
2025,2025misjo,Week 2,5559,12,-0.0,14.542,-22.544
2025,2025misjo,Week 2,6588,12,-0.0,17.345,-31.972
2025,2025misjo,Week 2,7248,12,-0.0,12.608,-22.544
2025,2025misjo,Week 2,6114,12,-0.0,21.334,-25.866
2025,2025misjo,Week 2,2620,12,-0.0,12.793,-31.972
2025,2025misjo,Week 2,74,12,-0.0,14.53,-22.983
2025,2025misjo,Week 2,7809,12,-0.0,15.515,-25.525
2025,2025onsca,Week 2,854,12,0.0,19.694,-40.146
2025,2025onsca,Week 2,919,12,0.0,18.454,-40.146
2025,2025onsca,Week 2,9062,12,0.0,23.951,-40.146
2025,2025onsca,Week 2,188,12,0.0,14.424,-34.889
2025,2025onsca,Week 2,9525,12,0.0,21.328,-27.485
2025,2025onsca,Week 2,7659,12,0.0,13.916,-17.378
2025,2025onsca,Week 2,10027,12,0.0,14.526,-13.036
2025,2025onsca,Week 2,6135,12,0.0,18.077,-33.727
2025,2025onsca,Week 2,9659,12,0.0,12.098,-22.779
2025,2025onsca,Week 2,7603,12,0.0,12.048,-20.772
2025,2025onsca,Week 2,7558,12,0.0,24.353,-34.889
2025,2025onsca,Week 2,781,12,0.0,14.269,-17.578
2025,2025onsca,Week 2,7520,12,0.0,15.364,-20.772
2025,2025onsca,Week 2,1310,12,0.0,19.396,-33.727
2025,2025onsca,Week 2,4069,12,0.0,12.626,-15.77
2025,2025onsca,Week 2,8850,12,0.0,15.167,-20.677
2025,2025onsca,Week 2,610,12,0.0,21.007,-32.762
2025,2025onsca,Week 2,5036,12,0.0,10.902,-20.677
2025,2025onsca,Week 2,7712,12,0.0,14.553,-32.762
2025,2025onsca,Week 2,10634,12,0.0,15.253,-22.779
2025,2025onsca,Week 2,8884,12,0.0,18.695,-33.727
2025,2025onsca,Week 2,771,12,0.0,16.61,-34.889
2025,2025onsca,Week 2,865,12,0.0,15.758,-22.442
2025,2025onsca,Week 2,5031,12,0.0,11.985,-12.077
2025,2025onsca,Week 2,9785,12,0.0,15.634,-16.971
2025,2025onsca,Week 2,9782,12,0.0,12.338,-13.698
2025,2025onsca,Week 2,5032,12,0.0,9.216,-12.077
2025,2025onsca,Week 2,2198,12,0.0,13.532,-27.485
2025,2025onsca,Week 2,9262,12,0.0,14.521,-22.779
2025,2025schar,Week 2,1539,12,-0.0,18.109,-41.556
2025,2025schar,Week 2,342,12,-0.0,15.509,-41.556
2025,2025schar,Week 2,343,12,-0.0,21.771,-41.556
2025,2025schar,Week 2,9571,12,-0.0,12.97,-29.965
2025,2025schar,Week 2,1287,12,-0.0,23.283,-35.511
2025,2025schar,Week 2,10367,12,-0.0,15.411,-29.965
2025,2025schar,Week 2,1102,12,-0.0,14.689,-35.511
2025,2025schar,Week 2,8137,12,-0.0,10.57,-17.372
2025,2025schar,Week 2,9315,12,-0.0,8.51,-13.484
2025,2025schar,Week 2,6167,12,0.0,9.832,-25.662
2025,2025schar,Week 2,10591,12,-0.0,12.73,-25.662
2025,2025schar,Week 2,6961,12,-0.0,12.763,-25.662
2025,2025schar,Week 2,2815,12,-0.0,11.352,-22.919
2025,2025schar,Week 2,3489,12,-0.0,9.106,-10.934
2025,2025schar,Week 2,10231,12,-0.0,8.979,-13.827
2025,2025schar,Week 2,3490,12,-0.0,12.55,-32.047
2025,2025schar,Week 2,1051,12,-0.0,16.386,-32.047
2025,2025schar,Week 2,4967,12,-0.0,18.937,-35.511
2025,2025schar,Week 2,10361,12,-0.0,11.529,-22.634
2025,2025schar,Week 2,281,12,-0.0,12.081,-22.634
2025,2025schar,Week 2,6366,12,-0.0,10.413,-22.634
2025,2025schar,Week 2,1758,12,-0.0,10.834,-19.625
2025,2025schar,Week 2,10388,12,-0.0,10.534,-19.625
2025,2025schar,Week 2,4083,12,-0.0,12.331,-19.625
2025,2025schar,Week 2,8575,12,0.0,16.882,-30.902
2025,2025schar,Week 2,10619,12,-0.0,12.805,-30.902
2025,2025schar,Week 2,4451,12,-0.0,14.496,-30.902
2025,2025schar,Week 2,1319,12,-0.0,8.742,-14.913
2025,2025schar,Week 2,3976,12,-0.0,10.052,-19.181
2025,2025schar,Week 2,7085,12,-0.0,15.98,-22.919
2025,2025schar,Week 2,5130,12,-0.0,14.599,-24.548
2025,2025schar,Week 2,4533,12,0.0,13.76,-24.548
2025,2025schar,Week 2,1293,12,-0.0,13.972,-24.548
2025,2025schar,Week 2,4864,12,0.0,11.831,-17.182
2025,2025schar,Week 2,10599,12,-0.0,7.981,-13.866
2025,2025txbel,Week 2,9311,12,-0.0,12.121,-13.864
2025,2025txbel,Week 2,8625,12,0.0,14.439,-17.307
2025,2025txbel,Week 2,7521,12,0.0,15.766,-28.158
2025,2025txbel,Week 2,3847,12,0.0,19.475,-30.115
2025,2025txbel,Week 2,6155,12,0.0,11.391,-15.283
2025,2025txbel,Week 2,9448,12,-0.0,8.041,-10.74
2025,2025txbel,Week 2,5103,12,0.0,14.734,-23.5
2025,2025txbel,Week 2,5414,12,0.0,16.206,-19.155
2025,2025txbel,Week 2,9664,12,0.0,12.792,-19.155
2025,2025txbel,Week 2,6243,12,-0.0,24.352,-55.902
2025,2025txbel,Week 2,5829,12,-0.0,12.329,-21.858
2025,2025txbel,Week 2,6369,12,-0.0,20.746,-33.036
2025,2025txbel,Week 2,8019,12,0.0,18.349,-25.5
2025,2025txbel,Week 2,5572,12,-0.0,20.419,-28.158
2025,2025txbel,Week 2,8598,12,0.0,16.402,-25.5
2025,2025txbel,Week 2,6357,12,-0.0,16.704,-27.755
2025,2025txbel,Week 2,3561,12,-0.0,18.292,-27.755
2025,2025txbel,Week 2,127,12,0.0,16.527,-27.755
2025,2025txbel,Week 2,9080,12,0.0,18.966,-33.588
2025,2025txbel,Week 2,7138,12,-0.0,15.439,-27.08
2025,2025txbel,Week 2,457,12,0.0,23.035,-55.902
2025,2025txbel,Week 2,8573,12,0.0,11.676,-20.436
2025,2025txbel,Week 2,9121,12,0.0,7.926,-10.74
2025,2025txbel,Week 2,4717,12,-0.0,9.607,-14.904
2025,2025txbel,Week 2,5726,12,-0.0,12.37,-26.489
2025,2025txbel,Week 2,8874,12,-0.0,17.851,-28.158
2025,2025txbel,Week 2,7540,12,0.0,16.975,-24.594
2025,2025txbel,Week 2,4364,12,0.0,13.452,-21.761
2025,2025txbel,Week 2,5892,12,0.0,20.646,-30.115
2025,2025txbel,Week 2,7271,12,0.0,15.074,-19.964
2025,2025txbel,Week 2,3679,12,0.0,20.311,-26.489
2025,2025txbel,Week 2,3743,12,0.0,14.761,-19.24
2025,2025txbel,Week 2,1745,12,0.0,20.474,-33.036
2025,2025txbel,Week 2,9140,12,0.0,24.027,-27.08
2025,2025txbel,Week 2,5986,12,0.0,15.461,-23.5
2025,2025txbel,Week 2,6901,12,-0.0,15.054,-20.715
2025,2025txbel,Week 2,9418,12,0.0,17.339,-33.036
2025,2025txbel,Week 2,8610,12,-0.0,18.333,-23.5
2025,2025txbel,Week 2,10518,12,0.0,16.798,-33.588
2025,2025txbel,Week 2,9034,12,-0.0,26.423,-55.902
2025,2025txbel,Week 2,7503,12,-0.0,15.829,-33.588
2025,2025orore,Week 2,2471,12,-0.0,21.856,-36.229
2025,2025orore,Week 2,9430,12,-0.0,18.737,-31.765
2025,2025orore,Week 2,2915,12,-0.0,17.711,-31.765
2025,2025orore,Week 2,1540,12,-0.0,20.583,-28.549
2025,2025orore,Week 2,2898,12,-0.0,20.59,-27.997
2025,2025orore,Week 2,5970,12,-0.0,19.037,-32.892
2025,2025orore,Week 2,5975,12,-0.0,16.062,-36.229
2025,2025orore,Week 2,10444,12,-0.0,14.149,-20.866
2025,2025orore,Week 2,1425,12,-0.0,14.939,-28.549
2025,2025orore,Week 2,3574,12,-0.0,11.837,-28.515
2025,2025orore,Week 2,6696,12,-0.0,16.66,-27.629
2025,2025orore,Week 2,3812,12,-0.0,13.854,-28.549
2025,2025orore,Week 2,3636,12,-0.0,21.901,-46.198
2025,2025orore,Week 2,4043,12,-0.0,18.122,-22.688
2025,2025orore,Week 2,7034,12,-0.0,17.316,-28.515
2025,2025orore,Week 2,6831,12,-0.0,11.899,-21.934
2025,2025orore,Week 2,6443,12,-0.0,14.05,-22.688
2025,2025orore,Week 2,4488,12,-0.0,16.782,-22.549
2025,2025orore,Week 2,9438,12,-0.0,19.934,-46.198
2025,2025orore,Week 2,1844,12,-0.0,16.046,-23.389
2025,2025orore,Week 2,2635,12,-0.0,20.383,-27.629
2025,2025orore,Week 2,3673,12,-0.0,11.882,-22.753
2025,2025orore,Week 2,957,12,-0.0,24.797,-46.198
2025,2025orore,Week 2,3663,12,-0.0,16.369,-22.753
2025,2025orore,Week 2,2733,12,-0.0,10.021,-19.343
2025,2025orore,Week 2,9446,12,-0.0,9.126,-15.764
2025,2025orore,Week 2,4662,12,-0.0,17.57,-32.892
2025,2025orore,Week 2,2557,12,-0.0,22.294,-32.892
2025,2025orore,Week 2,6845,12,-0.0,17.895,-27.653
2025,2025orore,Week 2,847,12,-0.0,15.25,-27.653
2025,2025ausc,Week 2,5331,12,0.0,20.897,-30.996
2025,2025ausc,Week 2,10508,11,-0.0,16.635,-30.787
2025,2025ausc,Week 2,7113,11,-0.0,17.231,-30.787
2025,2025ausc,Week 2,6497,11,-0.0,17.414,-31.96
2025,2025ausc,Week 2,10342,11,0.0,12.733,-21.839
2025,2025ausc,Week 2,10552,12,0.0,15.74,-33.512
2025,2025ausc,Week 2,4739,11,0.0,12.119,-19.483
2025,2025ausc,Week 2,5988,11,-0.0,20.693,-43.854
2025,2025ausc,Week 2,6508,11,0.0,14.664,-22.535
2025,2025ausc,Week 2,5876,12,-0.0,19.955,-24.723
2025,2025ausc,Week 2,10316,11,0.0,15.524,-27.383
2025,2025ausc,Week 2,9146,11,-0.0,16.812,-23.0
2025,2025ausc,Week 2,4774,11,0.0,16.469,-32.195
2025,2025ausc,Week 2,6434,11,0.0,19.274,-32.195
2025,2025ausc,Week 2,10677,11,0.0,14.923,-32.195
2025,2025ausc,Week 2,4729,11,0.0,20.009,-34.838
2025,2025ausc,Week 2,7163,11,0.0,17.272,-34.838
2025,2025ausc,Week 2,9189,11,0.0,60.708,-34.838
2025,2025ausc,Week 2,3132,11,0.0,18.238,-33.123
2025,2025ausc,Week 2,9587,11,-0.0,10.753,-16.902
2025,2025ausc,Week 2,10437,11,0.0,12.263,-21.617
2025,2025ausc,Week 2,6432,11,0.0,19.069,-33.512
2025,2025ausc,Week 2,7128,11,0.0,21.896,-35.653
2025,2025ausc,Week 2,5648,11,-0.0,13.771,-21.839
2025,2025ausc,Week 2,9616,11,0.0,10.602,-24.723
2025,2025ausc,Week 2,9144,11,0.0,13.945,-23.0
2025,2025ausc,Week 2,9147,11,0.0,14.932,-21.18
2025,2025ausc,Week 2,5985,11,0.0,15.22,-35.653
2025,2025ausc,Week 2,4613,12,-0.0,14.638,-31.96
2025,2025ausc,Week 2,4788,11,0.0,11.437,-22.535
2025,2025ausc,Week 2,5584,11,-0.0,24.211,-39.089
2025,2025ausc,Week 2,10002,11,0.0,61.447,-39.089
2025,2025ausc,Week 2,6510,11,0.0,21.469,-39.089
2025,2025ausc,Week 2,10131,11,0.0,14.174,-20.18
2025,2025ausc,Week 2,7433,12,0.0,15.489,-27.383
2025,2025ausc,Week 2,4537,11,-0.0,17.133,-24.375
2025,2025ausc,Week 2,6996,11,0.0,12.785,-19.65
2025,2025ausc,Week 2,7583,11,0.0,12.919,-20.946
2025,2025ausc,Week 2,10350,11,0.0,15.431,-22.235
2025,2025ausc,Week 2,6083,11,0.0,61.696,-43.854
2025,2025ausc,Week 2,6476,11,0.0,23.436,-43.854
2025,2025ntwc,Week 2,7645,11,-0.0,16.391,-27.054
2025,2025ntwc,Week 2,8585,11,-0.0,15.121,-23.856
2025,2025ntwc,Week 2,7130,11,-0.0,17.882,-23.803
2025,2025ntwc,Week 2,9427,11,-0.0,19.837,-36.549
2025,2025ntwc,Week 2,9126,11,-0.0,22.804,-36.549
2025,2025ntwc,Week 2,6998,11,-0.0,19.864,-36.549
2025,2025ntwc,Week 2,5883,11,-0.0,12.934,-19.116
2025,2025ntwc,Week 2,8595,11,-0.0,20.096,-26.206
2025,2025ntwc,Week 2,9715,11,-0.0,13.759,-22.519
2025,2025ntwc,Week 2,7636,11,-0.0,15.475,-22.034
2025,2025ntwc,Week 2,8569,11,-0.0,14.147,-19.116
2025,2025ntwc,Week 2,8723,11,-0.0,15.73,-20.308
2025,2025ntwc,Week 2,8806,11,-0.0,14.498,-23.774
2025,2025ntwc,Week 2,3008,12,-0.0,17.347,-26.39
2025,2025ntwc,Week 2,10114,11,-0.0,18.252,-26.206
2025,2025ntwc,Week 2,9079,11,-0.0,19.982,-23.774
2025,2025ntwc,Week 2,10034,11,-0.0,12.042,-15.05
2025,2025ntwc,Week 2,8805,11,-0.0,20.845,-24.365
2025,2025ntwc,Week 2,8790,11,-0.0,20.353,-37.281
2025,2025ntwc,Week 2,9564,11,-0.0,16.996,-37.281
2025,2025ntwc,Week 2,7673,11,-0.0,18.711,-37.281
2025,2025ntwc,Week 2,8503,11,-0.0,17.382,-19.058
2025,2025ntwc,Week 2,6947,11,-0.0,18.759,-27.054
2025,2025ntwc,Week 2,6245,11,-0.0,14.265,-22.034
2025,2025ntwc,Week 2,10390,11,-0.0,17.851,-23.803
2025,2025ntwc,Week 2,7497,11,-0.0,16.034,-19.905
2025,2025ntwc,Week 2,7709,11,-0.0,21.868,-24.748
2025,2025ntwc,Week 2,8020,11,-0.0,22.594,-24.791
2025,2025ntwc,Week 2,8584,11,-0.0,18.924,-26.206
2025,2025ntwc,Week 2,7526,11,-0.0,23.998,-27.054
2025,2025ntwc,Week 2,9501,11,-0.0,15.599,-26.295
2025,2025ntwc,Week 2,7589,11,-0.0,19.958,-30.769
2025,2025ntwc,Week 2,8613,11,-0.0,18.926,-26.295
2025,2025ntwc,Week 2,8725,11,-0.0,18.819,-30.769
2025,2025ntwc,Week 2,7632,11,-0.0,13.635,-24.365
2025,2025ntwc,Week 2,8169,11,-0.0,13.498,-16.0
2025,2025ntwc,Week 2,4253,11,-0.0,19.975,-26.39
2025,2025cave,Week 2,1622,9,-0.0,13.588,-19.106
2025,2025cave,Week 2,5136,9,-0.0,13.189,-31.286
2025,2025cave,Week 2,4414,9,-0.0,15.755,-22.027
2025,2025cave,Week 2,1868,9,-0.0,12.95,-17.688
2025,2025cave,Week 2,6060,9,-0.0,9.361,-17.969
2025,2025cave,Week 2,971,9,-0.0,18.008,-40.722
2025,2025cave,Week 2,4019,9,-0.0,19.989,-40.722
2025,2025cave,Week 2,1661,9,-0.0,22.32,-44.131
2025,2025cave,Week 2,6479,9,-0.0,15.1,-13.208
2025,2025cave,Week 2,3863,9,-0.0,20.966,-39.698
2025,2025cave,Week 2,3512,9,-0.0,16.172,-34.229
2025,2025cave,Week 2,5700,9,-0.0,13.28,-17.613
2025,2025cave,Week 2,10698,9,-0.0,10.111,-19.106
2025,2025cave,Week 2,4183,9,-0.0,14.108,-31.286
2025,2025cave,Week 2,9421,9,-0.0,19.445,-17.225
2025,2025cave,Week 2,6553,9,-0.0,20.435,-42.43
2025,2025cave,Week 2,3925,9,0.0,18.395,-44.131
2025,2025cave,Week 2,3328,9,-0.0,9.32,-13.208
2025,2025cave,Week 2,10147,9,-0.0,17.612,-34.229
2025,2025cave,Week 2,5026,9,-0.0,20.902,-40.722
2025,2025cave,Week 2,6764,9,-0.0,14.542,-22.913
2025,2025cave,Week 2,1138,9,-0.0,11.305,-15.719
2025,2025cave,Week 2,7419,9,-0.0,17.655,-44.131
2025,2025cave,Week 2,4160,9,-0.0,11.268,-16.605
2025,2025cave,Week 2,10166,9,-0.0,18.749,-42.43
2025,2025cave,Week 2,3749,9,-0.0,11.057,-16.605
2025,2025cave,Week 2,7426,9,-0.0,12.683,-20.622
2025,2025cave,Week 2,589,9,-0.0,13.202,-13.929
2025,2025cave,Week 2,5805,9,-0.0,17.705,-42.43
2025,2025cave,Week 2,6934,9,-0.0,22.213,-27.651
2025,2025cave,Week 2,4,9,-0.0,11.74,-17.613
2025,2025cave,Week 2,9772,9,-0.0,22.046,-42.449
2025,2025cave,Week 2,8060,9,-0.0,11.682,-22.913
2025,2025cave,Week 2,5514,9,-0.0,19.511,-34.229
2025,2025cave,Week 2,7327,9,-0.0,13.309,-31.286
2025,2025cave,Week 2,5869,9,-0.0,11.19,-27.651
2025,2025cave,Week 2,8404,9,-0.0,20.493,-45.362
2025,2025cave,Week 2,9084,9,-0.0,25.462,-45.362
2025,2025cave,Week 2,4123,9,-0.0,23.207,-45.362
2025,2025cave,Week 2,6000,9,-0.0,16.376,-24.97
2025,2025cave,Week 2,3256,9,-0.0,16.582,-24.97
2025,2025cave,Week 2,1280,9,-0.0,14.904,-24.97
2025,2025cave,Week 2,4481,9,-0.0,11.722,-17.225
2025,2025cave,Week 2,2637,9,-0.0,20.658,-42.449
2025,2025cave,Week 2,3880,9,-0.0,15.582,-22.913
2025,2025cave,Week 2,4711,9,-0.0,17.45,-27.651
2025,2025cave,Week 2,4079,9,-0.0,13.702,-16.605
2025,2025cave,Week 2,8006,9,-0.0,10.363,-10.85
2025,2025cave,Week 2,8533,9,-0.0,12.579,-13.813
2025,2025cave,Week 2,7323,9,-0.0,8.096,-13.813
2025,2025cave,Week 2,2429,9,-0.0,18.524,-39.698
2025,2025cave,Week 2,5012,9,-0.0,19.904,-39.698
2025,2025tuhc,Week 2,6431,9,0.0,14.945,-21.525
2025,2025tuhc,Week 2,9468,9,-0.0,10.428,-12.022
2025,2025tuhc,Week 2,6417,9,0.0,12.615,-17.832
2025,2025tuhc,Week 2,8056,9,-0.0,10.58,-19.467
2025,2025tuhc,Week 2,9077,9,0.0,6.471,-7.993
2025,2025tuhc,Week 2,9694,9,0.0,9.671,-9.067
2025,2025tuhc,Week 2,9497,9,0.0,7.285,-13.366
2025,2025tuhc,Week 2,6988,9,-0.0,6.626,-7.993
2025,2025tuhc,Week 2,9247,9,-0.0,15.747,-34.56
2025,2025tuhc,Week 2,9231,9,0.0,9.449,-12.145
2025,2025tuhc,Week 2,9043,9,0.0,12.189,-16.886
2025,2025tuhc,Week 2,9690,9,0.0,12.548,-20.355
2025,2025tuhc,Week 2,9502,9,-0.0,8.874,-8.891
2025,2025tuhc,Week 2,10542,9,0.0,11.165,-16.987
2025,2025tuhc,Week 2,6838,9,0.0,16.295,-26.809
2025,2025tuhc,Week 2,10549,9,-0.0,10.251,-14.212
2025,2025tuhc,Week 2,10321,9,0.0,11.521,-16.075
2025,2025tuhc,Week 2,10396,9,-0.0,13.148,-20.355
2025,2025tuhc,Week 2,9464,9,0.0,13.107,-15.148
2025,2025tuhc,Week 2,8760,9,0.0,10.63,-15.148
2025,2025tuhc,Week 2,8151,9,0.0,14.727,-26.809
2025,2025tuhc,Week 2,8308,9,-0.0,14.979,-19.687
2025,2025tuhc,Week 2,8798,9,-0.0,15.257,-15.933
2025,2025tuhc,Week 2,10230,9,-0.0,16.963,-21.525
2025,2025tuhc,Week 2,10185,9,0.0,10.882,-13.837
2025,2025tuhc,Week 2,7539,9,0.0,7.257,-10.827
2025,2025tuhc,Week 2,6989,9,0.0,11.261,-17.832
2025,2025tuhc,Week 2,7758,9,0.0,13.402,-18.979
2025,2025tuhc,Week 2,10234,9,0.0,11.976,-18.979
2025,2025tuhc,Week 2,9523,9,0.0,9.881,-18.979
2025,2025tuhc,Week 2,8011,9,-0.0,17.443,-21.525
2025,2025tuhc,Week 2,9070,9,0.0,17.431,-20.162
2025,2025tuhc,Week 2,8209,9,0.0,10.388,-17.441
2025,2025tuhc,Week 2,7050,9,0.0,16.684,-32.795
2025,2025tuhc,Week 2,7672,9,0.0,11.267,-18.044
2025,2025tuhc,Week 2,10261,9,0.0,12.2,-20.162
2025,2025tuhc,Week 2,9583,9,0.0,8.914,-17.832
2025,2025tuhc,Week 2,7298,9,0.0,19.061,-34.56
2025,2025tuhc,Week 2,10415,9,0.0,12.193,-18.044
2025,2025tuhc,Week 2,10541,9,-0.0,18.705,-32.795
2025,2025tuhc,Week 2,8182,9,0.0,15.24,-19.687
2025,2025tuhc,Week 2,4191,9,0.0,9.559,-17.471
2025,2025tuhc,Week 2,9021,9,0.0,14.469,-34.56
2025,2025tuhc,Week 2,6429,9,-0.0,15.393,-32.795
2025,2025tuhc,Week 2,10202,9,-0.0,13.427,-16.987
2025,2025tuhc,Week 2,2905,9,-0.0,8.015,-10.655
2025,2025tuhc,Week 2,8759,9,0.0,9.883,-19.467
2025,2025tuhc,Week 2,10205,9,0.0,12.015,-13.297
2025,2025tuhc,Week 2,7444,9,0.0,13.313,-26.809
2025,2025tuhc,Week 2,9025,9,-0.0,9.847,-19.467
2025,2025tuis3,Week 2,7570,8,-0.0,16.983,-39.134
2025,2025tuis3,Week 2,6459,8,-0.0,20.796,-34.167
2025,2025tuis3,Week 2,8500,8,-0.0,12.332,-15.033
2025,2025tuis3,Week 2,7439,8,-0.0,15.834,-30.928
2025,2025tuis3,Week 2,9264,8,-0.0,19.845,-29.279
2025,2025tuis3,Week 2,3646,8,-0.0,8.584,-12.85
2025,2025tuis3,Week 2,8153,8,-0.0,6.92,-11.293
2025,2025tuis3,Week 2,6025,8,-0.0,24.858,-40.502
2025,2025tuis3,Week 2,10132,8,-0.0,14.221,-29.055
2025,2025tuis3,Week 2,10383,8,-0.0,19.335,-35.149
2025,2025tuis3,Week 2,10180,8,-0.0,13.379,-30.928
2025,2025tuis3,Week 2,9483,8,-0.0,17.469,-39.134
2025,2025tuis3,Week 2,10043,8,-0.0,9.374,-16.362
2025,2025tuis3,Week 2,8800,8,-0.0,23.855,-29.279
2025,2025tuis3,Week 2,9545,8,-0.0,15.816,-23.474
2025,2025tuis3,Week 2,9440,8,-0.0,19.429,-31.614
2025,2025tuis3,Week 2,7086,8,-0.0,18.678,-28.908
2025,2025tuis3,Week 2,10502,8,-0.0,9.564,-11.505
2025,2025tuis3,Week 2,10609,8,-0.0,15.346,-35.149
2025,2025tuis3,Week 2,6415,8,-0.0,7.739,-12.185
2025,2025tuis3,Week 2,8783,8,-0.0,10.211,-14.196
2025,2025tuis3,Week 2,10243,8,-0.0,19.109,-21.245
2025,2025tuis3,Week 2,8264,8,-0.0,19.686,-30.928
2025,2025tuis3,Week 2,9160,8,-0.0,7.13,-10.162
2025,2025tuis3,Week 2,7748,9,-0.0,16.818,-30.74
2025,2025tuis3,Week 2,9441,8,-0.0,16.317,-25.292
2025,2025tuis3,Week 2,9155,8,-0.0,9.629,-18.019
2025,2025tuis3,Week 2,9601,8,-0.0,16.083,-34.167
2025,2025tuis3,Week 2,7465,8,-0.0,10.366,-12.541
2025,2025tuis3,Week 2,9473,8,-0.0,21.969,-55.003
2025,2025tuis3,Week 2,6038,8,-0.0,15.831,-21.245
2025,2025tuis3,Week 2,8158,8,-0.0,23.353,-45.466
2025,2025tuis3,Week 2,9436,8,-0.0,15.619,-16.935
2025,2025tuis3,Week 2,7576,8,0.0,21.145,-28.908
2025,2025tuis3,Week 2,8173,8,-0.0,17.876,-40.502
2025,2025tuis3,Week 2,5655,8,-0.0,12.831,-18.194
2025,2025tuis3,Week 2,10598,8,-0.0,22.993,-45.466
2025,2025tuis3,Week 2,4972,8,-0.0,7.762,-8.849
2025,2025tuis3,Week 2,9232,8,-0.0,21.764,-55.003
2025,2025tuis3,Week 2,10244,8,-0.0,18.897,-31.614
2025,2025tuis3,Week 2,7742,8,-0.0,13.279,-25.292
2025,2025tuis3,Week 2,8159,8,-0.0,14.218,-17.035
2025,2025tuis3,Week 2,10428,8,-0.0,63.008,-55.003
2025,2025tuis3,Week 2,9609,8,-0.0,62.449,-40.502
2025,2025tuis3,Week 2,9451,8,-0.0,62.418,-45.466
2025,2025tuis3,Week 2,10425,9,-0.0,14.579,-28.493
2025,2025tuis3,Week 2,9185,8,-0.0,13.348,-28.493
2025,2025tuis3,Week 2,10548,8,-0.0,21.797,-28.493
2025,2025tuis3,Week 2,9174,8,-0.0,11.289,-15.033
2025,2025tuis3,Week 2,10521,8,-0.0,9.431,-18.137
2025,2025ctwat,Week 2,10266,12,-0.0,11.462,-20.897
2025,2025ctwat,Week 2,5746,12,-0.0,15.27,-20.897
2025,2025ctwat,Week 2,177,12,-0.0,16.707,-29.407
2025,2025ctwat,Week 2,8889,12,-0.0,17.496,-21.126
2025,2025ctwat,Week 2,429,12,-0.0,13.127,-19.959
2025,2025ctwat,Week 2,155,12,-0.0,12.408,-22.747
2025,2025ctwat,Week 2,2064,12,-0.0,19.573,-37.39
2025,2025ctwat,Week 2,228,12,-0.0,12.481,-25.197
2025,2025ctwat,Week 2,10245,12,-0.0,13.581,-30.348
2025,2025ctwat,Week 2,3634,12,0.0,17.648,-27.307
2025,2025ctwat,Week 2,2712,12,-0.0,15.232,-27.307
2025,2025ctwat,Week 2,10133,12,-0.0,15.232,-27.307
2025,2025ctwat,Week 2,3566,12,-0.0,15.284,-21.75
2025,2025ctwat,Week 2,230,12,-0.0,21.327,-37.39
2025,2025ctwat,Week 2,5142,12,-0.0,13.765,-30.715
2025,2025ctwat,Week 2,2168,12,-0.0,20.17,-30.715
2025,2025ctwat,Week 2,7407,12,-0.0,15.642,-30.348
2025,2025ctwat,Week 2,839,12,-0.0,17.603,-22.747
2025,2025ctwat,Week 2,1073,12,-0.0,19.79,-50.407
2025,2025ctwat,Week 2,9193,12,-0.0,16.974,-50.407
2025,2025ctwat,Week 2,1991,12,-0.0,18.82,-50.407
2025,2025ctwat,Week 2,10592,12,-0.0,11.597,-15.688
2025,2025ctwat,Week 2,999,12,-0.0,8.872,-10.986
2025,2025ctwat,Week 2,237,12,-0.0,19.071,-30.348
2025,2025ctwat,Week 2,4628,12,-0.0,12.295,-20.75
2025,2025ctwat,Week 2,6346,12,-0.0,19.135,-29.407
2025,2025ctwat,Week 2,3654,12,-0.0,17.793,-25.197
2025,2025ctwat,Week 2,3719,12,-0.0,17.481,-37.39
2025,2025ctwat,Week 2,8085,12,-0.0,11.772,-15.417
2025,2025ctwat,Week 2,5856,12,0.0,16.701,-22.781
2025,2025ctwat,Week 2,176,12,-0.0,20.77,-29.407
2025,2025ctwat,Week 2,3182,12,-0.0,21.809,-20.75
2025,2025ctwat,Week 2,4572,12,-0.0,15.75,-26.035
2025,2025ctwat,Week 2,8709,12,-0.0,11.804,-22.781
2025,2025ctwat,Week 2,1099,12,-0.0,20.201,-26.035
2025,2025ctwat,Week 2,716,12,-0.0,12.218,-21.126
2025,2025ctwat,Week 2,7869,12,-0.0,14.253,-30.715
2025,2025mabos,Week 2,246,12,-0.0,16.105,-27.673
2025,2025mabos,Week 2,2713,12,-0.0,14.424,-30.783
2025,2025mabos,Week 2,10254,12,0.0,13.574,-22.688
2025,2025mabos,Week 2,3958,12,-0.0,8.624,-13.938
2025,2025mabos,Week 2,6324,12,-0.0,25.471,-30.783
2025,2025mabos,Week 2,10393,12,-0.0,10.78,-15.45
2025,2025mabos,Week 2,6201,12,-0.0,16.341,-39.823
2025,2025mabos,Week 2,2423,12,-0.0,12.764,-18.315
2025,2025mabos,Week 2,10063,12,-0.0,11.689,-24.28
2025,2025mabos,Week 2,2084,12,-0.0,11.604,-18.285
2025,2025mabos,Week 2,5347,12,-0.0,17.408,-25.069
2025,2025mabos,Week 2,4761,12,-0.0,11.852,-20.934
2025,2025mabos,Week 2,9729,12,0.0,23.919,-51.024
2025,2025mabos,Week 2,10156,12,-0.0,13.702,-24.333
2025,2025mabos,Week 2,6731,12,-0.0,12.956,-16.925
2025,2025mabos,Week 2,5112,12,-0.0,13.291,-27.673
2025,2025mabos,Week 2,4048,12,-0.0,13.2,-29.952
2025,2025mabos,Week 2,8724,12,-0.0,11.147,-20.128
2025,2025mabos,Week 2,4034,12,-0.0,12.729,-17.468
2025,2025mabos,Week 2,5735,12,-0.0,18.176,-39.823
2025,2025mabos,Week 2,8626,12,-0.0,12.839,-18.601
2025,2025mabos,Week 2,69,12,-0.0,19.961,-38.876
2025,2025mabos,Week 2,509,12,-0.0,16.053,-38.876
2025,2025mabos,Week 2,1761,12,-0.0,14.766,-38.876
2025,2025mabos,Week 2,348,12,-0.0,14.83,-34.522
2025,2025mabos,Week 2,3323,12,-0.0,24.948,-34.522
2025,2025mabos,Week 2,3205,12,-0.0,18.757,-34.522
2025,2025mabos,Week 2,5563,12,0.0,28.144,-51.024
2025,2025mabos,Week 2,151,12,-0.0,13.927,-39.823
2025,2025mabos,Week 2,175,12,-0.0,12.575,-27.593
2025,2025mabos,Week 2,78,12,0.0,11.301,-18.315
2025,2025mabos,Week 2,6367,12,-0.0,13.568,-23.6
2025,2025mabos,Week 2,9056,12,-0.0,18.207,-51.024
2025,2025mabos,Week 2,125,12,-0.0,14.907,-22.688
2025,2025mabos,Week 2,4311,12,0.0,10.165,-20.701
2025,2025mabos,Week 2,5813,12,-0.0,17.731,-24.28
2025,2025mabos,Week 2,2876,12,-0.0,15.668,-25.655
2025,2025mabos,Week 2,5459,12,-0.0,16.027,-30.783
2025,2025mdpas,Week 2,6863,12,-0.0,19.51,-35.834
2025,2025mdpas,Week 2,2377,12,0.0,14.0,-35.834
2025,2025mdpas,Week 2,620,12,-0.0,20.013,-39.205
2025,2025mdpas,Week 2,4638,12,-0.0,13.767,-28.392
2025,2025mdpas,Week 2,8590,12,0.0,12.78,-25.168
2025,2025mdpas,Week 2,2963,12,0.0,18.082,-30.904
2025,2025mdpas,Week 2,2849,12,-0.0,10.086,-15.918
2025,2025mdpas,Week 2,8326,12,0.0,20.169,-24.489
2025,2025mdpas,Week 2,8622,12,0.0,14.508,-20.658
2025,2025mdpas,Week 2,1111,12,0.0,18.258,-26.818
2025,2025mdpas,Week 2,5243,12,-0.0,12.419,-25.73
2025,2025mdpas,Week 2,1727,12,-0.0,13.755,-26.665
2025,2025mdpas,Week 2,5841,12,-0.0,13.182,-26.665
2025,2025mdpas,Week 2,6239,12,0.0,18.929,-44.584
2025,2025mdpas,Week 2,5830,12,-0.0,16.595,-25.168
2025,2025mdpas,Week 2,1418,12,-0.0,6.683,-11.363
2025,2025mdpas,Week 2,7886,12,0.0,12.128,-25.168
2025,2025mdpas,Week 2,5115,12,-0.0,20.072,-34.403
2025,2025mdpas,Week 2,2537,12,-0.0,16.727,-26.665
2025,2025mdpas,Week 2,6213,12,0.0,16.574,-20.658
2025,2025mdpas,Week 2,1629,12,0.0,18.198,-44.584
2025,2025mdpas,Week 2,686,12,-0.0,13.348,-28.392
2025,2025mdpas,Week 2,4821,12,0.0,22.117,-44.584
2025,2025mdpas,Week 2,888,12,-0.0,19.432,-39.205
2025,2025mdpas,Week 2,2912,12,0.0,12.289,-21.173
2025,2025mdpas,Week 2,1719,12,-0.0,17.967,-34.403
2025,2025mdpas,Week 2,612,12,-0.0,14.156,-17.113
2025,2025mdpas,Week 2,5338,12,0.0,13.028,-26.818
2025,2025mdpas,Week 2,116,12,0.0,14.767,-28.392
2025,2025mdpas,Week 2,1915,12,-0.0,16.837,-24.974
2025,2025mdpas,Week 2,4456,12,0.0,18.742,-25.3
2025,2025mdpas,Week 2,4541,12,-0.0,8.192,-13.567
2025,2025mdpas,Week 2,7770,12,-0.0,12.553,-34.403
2025,2025mdpas,Week 2,9072,12,-0.0,19.208,-25.73
2025,2025mdpas,Week 2,8726,12,0.0,16.761,-39.205
2025,2025mdpas,Week 2,5549,12,0.0,14.588,-26.818
2025,2025mdpas,Week 2,611,12,0.0,13.319,-25.73
2025,2025miesc,Week 2,4391,12,0.0,20.63,-29.472
2025,2025miesc,Week 2,10505,12,0.0,12.722,-24.091
2025,2025miesc,Week 2,6558,12,0.0,15.866,-28.208
2025,2025miesc,Week 2,5247,12,0.0,13.867,-24.091
2025,2025miesc,Week 2,857,12,0.0,10.511,-16.966
2025,2025miesc,Week 2,2586,12,0.0,17.515,-30.768
2025,2025miesc,Week 2,9773,12,-0.0,13.207,-22.057
2025,2025miesc,Week 2,9682,12,-0.0,11.692,-11.834
2025,2025miesc,Week 2,7782,12,0.0,12.192,-18.312
2025,2025miesc,Week 2,7713,12,0.0,11.868,-16.966
2025,2025miesc,Week 2,4827,12,0.0,22.592,-39.753
2025,2025miesc,Week 2,4988,12,-0.0,14.283,-22.057
2025,2025miesc,Week 2,4375,12,0.0,16.997,-26.861
2025,2025miesc,Week 2,9188,12,0.0,22.177,-28.208
2025,2025miesc,Week 2,6637,12,-0.0,19.536,-39.753
2025,2025miesc,Week 2,6113,12,0.0,12.965,-17.131
2025,2025miesc,Week 2,7768,12,0.0,17.531,-18.312
2025,2025miesc,Week 2,9674,12,0.0,16.808,-30.768
2025,2025miesc,Week 2,5702,12,-0.0,14.613,-25.131
2025,2025miesc,Week 2,5547,12,0.0,13.294,-25.131
2025,2025miesc,Week 2,4835,12,0.0,13.751,-25.131
2025,2025miesc,Week 2,9249,12,0.0,14.094,-28.671
2025,2025miesc,Week 2,9733,12,0.0,17.226,-39.753
2025,2025miesc,Week 2,6112,12,0.0,12.236,-16.892
2025,2025miesc,Week 2,3602,12,0.0,9.469,-15.64
2025,2025miesc,Week 2,10595,12,0.0,11.638,-16.442
2025,2025miesc,Week 2,9722,12,-0.0,10.07,-13.376
2025,2025miesc,Week 2,5706,12,0.0,15.19,-29.472
2025,2025miesc,Week 2,9755,12,-0.0,13.131,-13.661
2025,2025miesc,Week 2,1322,12,-0.0,12.569,-28.671
2025,2025miesc,Week 2,10622,12,0.0,9.04,-16.113
2025,2025miesc,Week 2,10589,12,0.0,7.013,-10.193
2025,2025miesc,Week 2,5486,12,0.0,16.686,-24.091
2025,2025miesc,Week 2,6569,12,0.0,19.679,-33.274
2025,2025miesc,Week 2,6088,12,0.0,20.183,-33.274
2025,2025miesc,Week 2,141,12,0.0,16.494,-33.274
2025,2025miesc,Week 2,6079,12,0.0,11.265,-18.312
2025,2025miesc,Week 2,9548,12,0.0,15.319,-28.208
2025,2025mimtp,Week 2,4983,12,0.0,14.197,-27.041
2025,2025mimtp,Week 2,5229,12,-0.0,18.366,-27.041
2025,2025mimtp,Week 2,5560,12,-0.0,14.157,-28.684
2025,2025mimtp,Week 2,9672,12,-0.0,13.12,-22.177
2025,2025mimtp,Week 2,6963,12,-0.0,15.689,-26.861
2025,2025mimtp,Week 2,5314,12,-0.0,9.198,-17.432
2025,2025mimtp,Week 2,3618,12,-0.0,13.663,-21.417
2025,2025mimtp,Week 2,6100,12,-0.0,21.891,-27.437
2025,2025mimtp,Week 2,8517,12,-0.0,11.793,-21.417
2025,2025mimtp,Week 2,6121,12,0.0,10.977,-22.348
2025,2025mimtp,Week 2,1596,12,-0.0,13.52,-20.94
2025,2025mimtp,Week 2,3707,12,0.0,18.113,-25.318
2025,2025mimtp,Week 2,8873,12,-0.0,19.525,-29.978
2025,2025mimtp,Week 2,5216,12,-0.0,21.248,-41.682
2025,2025mimtp,Week 2,5231,12,-0.0,14.814,-24.498
2025,2025mimtp,Week 2,6642,12,-0.0,10.464,-20.94
2025,2025mimtp,Week 2,7109,12,-0.0,7.7,-11.982
2025,2025mimtp,Week 2,9685,12,-0.0,11.427,-29.978
2025,2025mimtp,Week 2,4003,12,-0.0,10.92,-24.767
2025,2025mimtp,Week 2,201,12,-0.0,14.543,-27.437
2025,2025mimtp,Week 2,3536,12,-0.0,19.706,-41.682
2025,2025mimtp,Week 2,10587,12,-0.0,16.527,-16.523
2025,2025mimtp,Week 2,6071,12,-0.0,12.79,-25.318
2025,2025mimtp,Week 2,9568,12,0.0,7.965,-11.982
2025,2025mimtp,Week 2,9650,12,-0.0,16.458,-29.978
2025,2025mimtp,Week 2,10547,12,-0.0,13.635,-23.287
2025,2025mimtp,Week 2,6533,12,-0.0,17.603,-41.682
2025,2025mimtp,Week 2,9542,12,-0.0,14.694,-28.684
2025,2025mimtp,Week 2,9673,12,-0.0,15.83,-27.437
2025,2025mimtp,Week 2,5712,12,-0.0,19.384,-41.146
2025,2025mimtp,Week 2,5982,12,-0.0,13.188,-30.594
2025,2025mimtp,Week 2,1711,12,-0.0,22.88,-50.38
2025,2025mimtp,Week 2,8286,12,-0.0,14.778,-30.594
2025,2025mimtp,Week 2,2619,12,-0.0,9.039,-16.986
2025,2025mimtp,Week 2,9759,12,-0.0,10.408,-21.823
2025,2025mimtp,Week 2,5926,12,0.0,13.051,-21.769
2025,2025mimtp,Week 2,5352,12,-0.0,23.114,-50.38
2025,2025mimtp,Week 2,2405,12,-0.0,17.799,-28.684
2025,2025mimtp,Week 2,6033,12,-0.0,20.599,-41.146
2025,2025mimtp,Week 2,5534,12,-0.0,17.302,-50.38
2025,2025nccat,Week 2,9005,12,0.0,21.923,-37.581
2025,2025nccat,Week 2,587,12,0.0,21.771,-34.737
2025,2025nccat,Week 2,4861,12,0.0,18.619,-39.568
2025,2025nccat,Week 2,4829,12,0.0,21.131,-32.574
2025,2025nccat,Week 2,1533,12,0.0,15.603,-28.276
2025,2025nccat,Week 2,4561,12,0.0,15.0,-29.695
2025,2025nccat,Week 2,4795,12,0.0,21.692,-32.574
2025,2025nccat,Week 2,2640,12,-0.0,19.837,-26.745
2025,2025nccat,Week 2,6888,12,0.0,16.421,-38.378
2025,2025nccat,Week 2,8090,12,0.0,17.571,-27.917
2025,2025nccat,Week 2,4828,12,0.0,14.04,-28.276
2025,2025nccat,Week 2,9559,12,0.0,10.99,-17.523
2025,2025nccat,Week 2,6004,12,0.0,22.579,-39.568
2025,2025nccat,Week 2,6502,12,0.0,21.034,-39.568
2025,2025nccat,Week 2,6242,12,0.0,9.639,-15.336
2025,2025nccat,Week 2,6500,12,0.0,14.438,-32.574
2025,2025nccat,Week 2,9762,12,0.0,16.082,-34.737
2025,2025nccat,Week 2,3680,12,0.0,8.354,-15.374
2025,2025nccat,Week 2,6639,12,0.0,11.148,-27.917
2025,2025nccat,Week 2,8429,12,0.0,8.709,-15.128
2025,2025nccat,Week 2,1225,12,0.0,15.767,-38.378
2025,2025nccat,Week 2,8757,12,0.0,20.777,-38.378
2025,2025nccat,Week 2,9607,12,0.0,11.114,-19.026
2025,2025nccat,Week 2,10107,12,0.0,18.646,-34.737
2025,2025nccat,Week 2,8727,12,0.0,22.241,-37.581
2025,2025nccat,Week 2,9298,12,0.0,14.51,-26.712
2025,2025nccat,Week 2,9150,12,0.0,16.813,-26.712
2025,2025nccat,Week 2,7890,12,0.0,14.598,-37.581
2025,2025nccat,Week 2,9605,12,0.0,9.477,-13.19
2025,2025nccat,Week 2,7763,12,0.0,19.283,-29.695
2025,2025njfla,Week 2,555,12,-0.0,16.355,-25.457
2025,2025njfla,Week 2,1626,12,0.0,22.534,-25.952
2025,2025njfla,Week 2,10366,12,-0.0,20.796,-30.91
2025,2025njfla,Week 2,41,12,-0.0,19.699,-22.343
2025,2025njfla,Week 2,10600,12,-0.0,14.872,-36.386
2025,2025njfla,Week 2,56,12,-0.0,22.585,-34.089
2025,2025njfla,Week 2,8513,12,-0.0,23.423,-38.073
2025,2025njfla,Week 2,10069,12,-0.0,16.486,-24.217
2025,2025njfla,Week 2,3340,12,-0.0,12.942,-19.511
2025,2025njfla,Week 2,4573,12,-0.0,10.795,-23.052
2025,2025njfla,Week 2,222,12,-0.0,17.429,-22.343
2025,2025njfla,Week 2,8588,12,-0.0,14.299,-34.108
2025,2025njfla,Week 2,1279,12,-0.0,21.346,-36.434
2025,2025njfla,Week 2,3142,12,-0.0,15.823,-36.434
2025,2025njfla,Week 2,1672,12,-0.0,22.27,-36.434
2025,2025njfla,Week 2,103,12,-0.0,21.679,-27.608
2025,2025njfla,Week 2,11,12,-0.0,24.558,-36.386
2025,2025njfla,Week 2,8117,12,-0.0,21.059,-34.108
2025,2025njfla,Week 2,430,12,0.0,22.056,-35.397
2025,2025njfla,Week 2,8628,12,-0.0,16.275,-35.397
2025,2025njfla,Week 2,5992,12,-0.0,26.91,-35.397
2025,2025njfla,Week 2,4653,12,-0.0,25.016,-34.396
2025,2025njfla,Week 2,2577,12,-0.0,17.272,-34.089
2025,2025njfla,Week 2,4652,12,-0.0,17.552,-38.073
2025,2025njfla,Week 2,3637,12,-0.0,21.542,-38.073
2025,2025njfla,Week 2,6860,12,0.0,21.592,-26.721
2025,2025njfla,Week 2,193,12,0.0,15.356,-26.721
2025,2025njfla,Week 2,9015,12,-0.0,23.612,-44.72
2025,2025njfla,Week 2,219,12,-0.0,17.399,-44.72
2025,2025njfla,Week 2,4361,12,-0.0,22.228,-44.72
2025,2025njfla,Week 2,8075,12,0.0,24.023,-30.12
2025,2025njfla,Week 2,6016,12,0.0,22.428,-30.12
2025,2025njfla,Week 2,223,12,-0.0,24.815,-30.91
2025,2025njfla,Week 2,6945,12,-0.0,13.166,-23.845
2025,2025njfla,Week 2,5624,12,-0.0,15.321,-27.64
2025,2025njtab,Week 2,4342,12,0.0,12.389,-30.244
2025,2025njtab,Week 2,1811,12,-0.0,20.888,-47.437
2025,2025njtab,Week 2,203,12,-0.0,16.601,-21.443
2025,2025njtab,Week 2,2016,12,-0.0,19.407,-44.099
2025,2025njtab,Week 2,8721,12,-0.0,24.029,-44.099
2025,2025njtab,Week 2,1712,12,-0.0,26.34,-47.437
2025,2025njtab,Week 2,6921,12,-0.0,14.713,-23.263
2025,2025njtab,Week 2,8130,12,-0.0,19.133,-51.717
2025,2025njtab,Week 2,8771,12,-0.0,15.648,-27.927
2025,2025njtab,Week 2,75,12,-0.0,17.743,-28.165
2025,2025njtab,Week 2,10157,12,-0.0,11.804,-30.127
2025,2025njtab,Week 2,87,12,-0.0,18.764,-27.927
2025,2025njtab,Week 2,484,12,-0.0,19.241,-36.861
2025,2025njtab,Week 2,7110,12,0.0,13.942,-33.875
2025,2025njtab,Week 2,5895,12,-0.0,23.783,-47.437
2025,2025njtab,Week 2,7587,12,-0.0,8.649,-12.597
2025,2025njtab,Week 2,10400,12,-0.0,14.434,-16.546
2025,2025njtab,Week 2,8714,12,-0.0,21.447,-30.244
2025,2025njtab,Week 2,714,12,0.0,18.852,-30.127
2025,2025njtab,Week 2,1257,12,0.0,17.406,-23.263
2025,2025njtab,Week 2,9416,12,0.0,14.484,-19.217
2025,2025njtab,Week 2,7414,12,-0.0,21.185,-30.127
2025,2025njtab,Week 2,2722,12,-0.0,16.759,-36.861
2025,2025njtab,Week 2,428,12,-0.0,20.093,-33.252
2025,2025njtab,Week 2,816,12,-0.0,19.067,-36.861
2025,2025njtab,Week 2,1640,12,-0.0,22.491,-30.244
2025,2025njtab,Week 2,1647,12,-0.0,14.239,-24.257
2025,2025njtab,Week 2,2720,12,0.0,12.968,-27.33
2025,2025njtab,Week 2,8704,12,-0.0,14.648,-33.252
2025,2025njtab,Week 2,2554,12,0.0,17.076,-24.257
2025,2025njtab,Week 2,1807,12,-0.0,19.474,-33.875
2025,2025njtab,Week 2,365,12,-0.0,19.227,-51.717
2025,2025njtab,Week 2,204,12,-0.0,19.023,-51.717
2025,2025onwel,Week 2,5408,12,0.0,12.917,-23.671
2025,2025onwel,Week 2,1646,12,-0.0,28.803,-67.692
2025,2025onwel,Week 2,2702,12,-0.0,24.82,-47.203
2025,2025onwel,Week 2,7476,12,-0.0,29.575,-40.496
2025,2025onwel,Week 2,6978,12,0.0,24.592,-60.447
2025,2025onwel,Week 2,5870,12,0.0,13.71,-15.712
2025,2025onwel,Week 2,5689,12,0.0,20.69,-35.91
2025,2025onwel,Week 2,10554,12,0.0,29.513,-67.692
2025,2025onwel,Week 2,2200,12,0.0,9.552,-15.548
2025,2025onwel,Week 2,7757,12,0.0,15.149,-24.488
2025,2025onwel,Week 2,9127,12,-0.0,23.777,-28.553
2025,2025onwel,Week 2,6098,12,-0.0,19.295,-35.91
2025,2025onwel,Week 2,1241,12,0.0,24.021,-40.496
2025,2025onwel,Week 2,4015,12,0.0,13.649,-15.747
2025,2025onwel,Week 2,1360,12,0.0,22.321,-47.203
2025,2025onwel,Week 2,8089,12,-0.0,22.305,-33.656
2025,2025onwel,Week 2,5024,12,-0.0,28.325,-60.447
2025,2025onwel,Week 2,10579,12,-0.0,21.21,-33.656
2025,2025onwel,Week 2,3683,12,0.0,33.521,-86.883
2025,2025onwel,Week 2,2609,12,-0.0,29.685,-86.883
2025,2025onwel,Week 2,4039,12,0.0,36.913,-86.883
2025,2025onwel,Week 2,2852,12,-0.0,16.361,-23.261
2025,2025onwel,Week 2,2706,12,-0.0,23.808,-36.669
2025,2025onwel,Week 2,2056,12,0.0,19.216,-27.137
2025,2025onwel,Week 2,1114,12,0.0,32.914,-67.692
2025,2025onwel,Week 2,7623,12,0.0,16.33,-22.54
2025,2025onwel,Week 2,5719,12,-0.0,22.904,-24.488
2025,2025vapor,Week 2,3939,12,0.0,16.177,-23.248
2025,2025vapor,Week 2,10499,12,0.0,11.451,-18.443
2025,2025vapor,Week 2,3072,12,0.0,15.468,-28.718
2025,2025vapor,Week 2,10004,12,0.0,17.251,-31.605
2025,2025vapor,Week 2,977,12,-0.0,13.358,-22.556
2025,2025vapor,Week 2,2534,12,0.0,16.046,-21.799
2025,2025vapor,Week 2,9214,12,0.0,17.025,-28.718
2025,2025vapor,Week 2,3136,12,0.0,17.989,-23.248
2025,2025vapor,Week 2,401,12,0.0,18.935,-35.228
2025,2025vapor,Week 2,4286,12,0.0,18.606,-28.489
2025,2025vapor,Week 2,2028,12,0.0,14.224,-28.489
2025,2025vapor,Week 2,4575,12,0.0,12.795,-28.489
2025,2025vapor,Week 2,2998,12,0.0,18.031,-23.464
2025,2025vapor,Week 2,4099,12,0.0,18.044,-31.605
2025,2025vapor,Week 2,1086,12,0.0,10.427,-17.225
2025,2025vapor,Week 2,619,12,-0.0,13.669,-31.605
2025,2025vapor,Week 2,1793,12,0.0,15.752,-26.617
2025,2025vapor,Week 2,6882,12,0.0,16.391,-23.755
2025,2025vapor,Week 2,2363,12,0.0,17.146,-20.698
2025,2025vapor,Week 2,3359,12,0.0,15.945,-26.617
2025,2025vapor,Week 2,122,12,0.0,14.732,-18.443
2025,2025vapor,Week 2,422,12,0.0,15.287,-23.464
2025,2025vapor,Week 2,2068,12,-0.0,10.553,-15.35
2025,2025vapor,Week 2,836,12,0.0,14.104,-22.556
2025,2025vapor,Week 2,346,12,-0.0,16.6,-28.718
2025,2025vapor,Week 2,1908,12,0.0,17.563,-35.228
2025,2025vapor,Week 2,2890,12,-0.0,18.881,-35.228
2025,2025txpla,Week 2,4153,12,0.0,17.662,-47.434
2025,2025txpla,Week 2,9457,12,0.0,8.574,-16.384
2025,2025txpla,Week 2,9105,12,0.0,15.897,-24.703
2025,2025txpla,Week 2,10312,12,0.0,14.365,-23.67
2025,2025txpla,Week 2,3282,12,0.0,13.468,-23.67
2025,2025txpla,Week 2,4206,12,0.0,14.284,-23.67
2025,2025txpla,Week 2,9492,12,0.0,14.469,-31.31
2025,2025txpla,Week 2,4641,12,0.0,14.626,-31.31
2025,2025txpla,Week 2,3310,12,0.0,23.41,-47.434
2025,2025txpla,Week 2,7119,12,0.0,13.81,-29.098
2025,2025txpla,Week 2,5682,12,-0.0,20.396,-30.872
2025,2025txpla,Week 2,10340,12,-0.0,17.23,-29.098
2025,2025txpla,Week 2,5411,12,-0.0,14.49,-30.872
2025,2025txpla,Week 2,148,12,0.0,12.535,-21.921
2025,2025txpla,Week 2,7091,12,0.0,12.101,-19.439
2025,2025txpla,Week 2,10014,12,-0.0,14.891,-39.862
2025,2025txpla,Week 2,6171,12,0.0,17.946,-22.792
2025,2025txpla,Week 2,2848,12,0.0,19.322,-30.872
2025,2025txpla,Week 2,4192,12,0.0,18.468,-39.862
2025,2025txpla,Week 2,1296,12,0.0,9.168,-13.337
2025,2025txpla,Week 2,7535,12,0.0,17.944,-23.717
2025,2025txpla,Week 2,6526,12,-0.0,10.441,-14.953
2025,2025txpla,Week 2,8818,12,-0.0,14.36,-26.259
2025,2025txpla,Week 2,9128,12,0.0,20.565,-39.862
2025,2025txpla,Week 2,3355,12,0.0,13.25,-18.699
2025,2025txpla,Week 2,6768,12,0.0,14.082,-18.699
2025,2025txpla,Week 2,8816,12,0.0,13.831,-18.699
2025,2025txpla,Week 2,7506,12,0.0,16.075,-24.703
2025,2025txpla,Week 2,8732,12,0.0,16.013,-26.259
2025,2025txpla,Week 2,5431,12,-0.0,13.426,-23.717
2025,2025txpla,Week 2,9156,12,0.0,19.082,-47.434
2025,2025wasam,Week 2,2976,12,-0.0,8.382,-17.704
2025,2025wasam,Week 2,492,12,-0.0,21.117,-48.491
2025,2025wasam,Week 2,3588,12,-0.0,18.998,-27.888
2025,2025wasam,Week 2,1899,12,0.0,15.478,-27.166
2025,2025wasam,Week 2,1983,12,-0.0,11.335,-17.642
2025,2025wasam,Week 2,3219,12,-0.0,10.535,-16.966
2025,2025wasam,Week 2,8248,12,-0.0,18.815,-46.244
2025,2025wasam,Week 2,2412,12,-0.0,9.803,-11.164
2025,2025wasam,Week 2,2910,12,-0.0,15.156,-27.166
2025,2025wasam,Week 2,6350,12,-0.0,12.431,-23.424
2025,2025wasam,Week 2,10455,12,-0.0,23.224,-58.787
2025,2025wasam,Week 2,9023,12,-0.0,18.572,-26.416
2025,2025wasam,Week 2,4980,12,-0.0,24.095,-46.244
2025,2025wasam,Week 2,3070,12,-0.0,16.181,-31.046
2025,2025wasam,Week 2,2928,12,-0.0,15.345,-31.046
2025,2025wasam,Week 2,488,12,-0.0,17.777,-41.64
2025,2025wasam,Week 2,9442,12,-0.0,20.687,-48.491
2025,2025wasam,Week 2,2927,12,-0.0,13.654,-27.888
2025,2025wasam,Week 2,4180,12,-0.0,24.922,-58.787
2025,2025wasam,Week 2,3681,12,-0.0,13.175,-17.319
2025,2025wasam,Week 2,8032,12,-0.0,13.264,-26.3
2025,2025wasam,Week 2,1294,12,-0.0,12.325,-23.285
2025,2025wasam,Week 2,2906,12,-0.0,14.221,-23.285
2025,2025wasam,Week 2,3268,12,-0.0,23.756,-41.64
2025,2025wasam,Week 2,5827,12,-0.0,11.322,-16.377
2025,2025wasam,Week 2,4915,12,-0.0,27.32,-58.787
2025,2025wasam,Week 2,4918,12,-0.0,11.544,-17.642
2025,2025wasam,Week 2,949,12,-0.0,17.459,-41.64
2025,2025wasam,Week 2,948,12,-0.0,21.8,-46.244
2025,2025wasam,Week 2,3049,12,-0.0,15.058,-27.888
2025,2025wasam,Week 2,9036,12,-0.0,19.007,-26.416
2025,2025isde3,Week 2,3075,12,0.0,19.001,-37.764
2025,2025isde3,Week 2,1574,12,0.0,16.001,-29.206
2025,2025isde3,Week 2,5291,12,0.0,9.234,-25.834
2025,2025isde3,Week 2,3065,12,0.0,14.156,-21.195
2025,2025isde3,Week 2,5987,12,0.0,14.023,-23.863
2025,2025isde3,Week 2,2096,12,0.0,11.388,-18.926
2025,2025isde3,Week 2,5990,12,0.0,20.11,-48.575
2025,2025isde3,Week 2,1576,12,0.0,14.741,-22.519
2025,2025isde3,Week 2,1690,12,0.0,19.481,-38.092
2025,2025isde3,Week 2,5135,12,0.0,13.481,-37.764
2025,2025isde3,Week 2,3339,12,0.0,20.262,-29.206
2025,2025isde3,Week 2,10695,12,0.0,17.341,-38.092
2025,2025isde3,Week 2,7177,12,0.0,15.923,-28.287
2025,2025isde3,Week 2,7067,12,0.0,19.626,-48.575
2025,2025isde3,Week 2,6740,12,-0.0,19.714,-37.764
2025,2025isde3,Week 2,6230,12,0.0,16.993,-28.287
2025,2025isde3,Week 2,2679,12,0.0,17.632,-24.117
2025,2025isde3,Week 2,3211,12,-0.0,15.026,-24.117
2025,2025isde3,Week 2,7845,12,0.0,17.228,-48.575
2025,2025isde3,Week 2,5654,12,0.0,17.107,-28.287
2025,2025isde3,Week 2,3316,12,0.0,13.611,-27.492
2025,2025isde3,Week 2,5928,12,0.0,16.335,-31.147
2025,2025isde3,Week 2,4590,12,0.0,18.758,-38.092
2025,2025isde3,Week 2,3083,12,-0.0,19.126,-32.436
2025,2025isde3,Week 2,6168,12,0.0,11.822,-24.98
2025,2025isde3,Week 2,4416,12,0.0,14.066,-28.31
2025,2025isde3,Week 2,4744,12,0.0,19.037,-29.206
2025,2025isde3,Week 2,1943,12,0.0,14.532,-32.436
2025,2025isde3,Week 2,9738,12,0.0,13.809,-25.834
2025,2025isde4,Week 3,1954,12,0.0,21.609,-36.576
2025,2025isde4,Week 3,1942,12,0.0,17.371,-36.576
2025,2025isde4,Week 3,4338,12,0.0,19.84,-36.576
2025,2025isde4,Week 3,4320,12,0.0,17.837,-28.04
2025,2025isde4,Week 3,5635,12,0.0,12.864,-18.123
2025,2025isde4,Week 3,10139,12,0.0,17.016,-34.448
2025,2025isde4,Week 3,7112,12,0.0,14.678,-14.615
2025,2025isde4,Week 3,3835,12,0.0,16.817,-26.022
2025,2025isde4,Week 3,2630,12,0.0,12.675,-20.969
2025,2025isde4,Week 3,1580,12,0.0,16.252,-26.236
2025,2025isde4,Week 3,6738,12,0.0,17.194,-28.281
2025,2025isde4,Week 3,2212,12,0.0,20.051,-34.448
2025,2025isde4,Week 3,8175,12,0.0,9.477,-18.959
2025,2025isde4,Week 3,9303,12,0.0,13.326,-16.375
2025,2025isde4,Week 3,1937,12,-0.0,15.353,-21.36
2025,2025isde4,Week 3,5554,12,0.0,15.594,-21.36
2025,2025isde4,Week 3,2231,12,0.0,17.031,-21.067
2025,2025isde4,Week 3,3388,12,-0.0,15.911,-18.265
2025,2025isde4,Week 3,9304,12,0.0,16.268,-34.448
2025,2025isde4,Week 3,1577,12,0.0,14.514,-27.456
2025,2025isde4,Week 3,1657,12,0.0,14.729,-18.265
2025,2025isde4,Week 3,7039,12,0.0,15.07,-20.832
2025,2025isde4,Week 3,4319,12,0.0,9.905,-13.687
2025,2025isde4,Week 3,5715,12,0.0,12.498,-23.573
2025,2025isde4,Week 3,4661,12,0.0,18.858,-28.04
2025,2025isde4,Week 3,6104,12,0.0,13.939,-20.969
2025,2025isde4,Week 3,5951,12,0.0,18.499,-26.022
2025,2025isde4,Week 3,2230,12,0.0,13.819,-21.36
2025,2025isde4,Week 3,8223,12,0.0,19.322,-27.456
2025,2025isde4,Week 3,5291,12,0.0,13.687,-21.434
2025,2025isde4,Week 3,9739,12,0.0,14.744,-28.04
2025,2025isde4,Week 3,9740,12,0.0,15.131,-28.281
2025,2025isde4,Week 3,4586,12,0.0,14.645,-26.022
2025,2025brba,Week 3,9047,8,-0.0,13.56,-23.375
2025,2025brba,Week 3,9675,8,0.0,13.128,-23.375
2025,2025brba,Week 3,8276,8,0.0,10.137,-23.375
2025,2025brba,Week 3,9110,8,-0.0,6.338,-12.305
2025,2025brba,Week 3,9486,8,-0.0,8.48,-12.305
2025,2025brba,Week 3,9487,8,0.0,15.237,-26.328
2025,2025brba,Week 3,9219,8,-0.0,19.365,-26.328
2025,2025brba,Week 3,9461,8,-0.0,13.648,-16.114
2025,2025brba,Week 3,7563,8,0.0,10.327,-18.272
2025,2025brba,Week 3,10019,9,0.0,13.829,-23.271
2025,2025brba,Week 3,7459,8,-0.0,15.482,-23.271
2025,2025brba,Week 3,7567,8,-0.0,14.145,-23.271
2025,2025brba,Week 3,10466,8,0.0,14.033,-18.272
2025,2025brba,Week 3,9050,8,0.0,9.303,-14.203
2025,2025brba,Week 3,9459,8,0.0,8.033,-12.195
2025,2025brba,Week 3,1772,8,0.0,11.301,-11.998
2025,2025brba,Week 3,10190,8,-0.0,17.323,-27.461
2025,2025brba,Week 3,10200,8,-0.0,12.629,-18.272
2025,2025brba,Week 3,9049,8,-0.0,10.689,-16.83
2025,2025brba,Week 3,9460,8,-0.0,12.821,-18.058
2025,2025brba,Week 3,1156,8,-0.0,14.952,-16.83
2025,2025brba,Week 3,10345,8,-0.0,9.32,-14.203
2025,2025brba,Week 3,9169,8,0.0,14.85,-18.058
2025,2025brba,Week 3,6404,8,-0.0,12.272,-16.793
2025,2025brba,Week 3,9657,8,-0.0,20.586,-40.392
2025,2025brba,Week 3,7033,8,0.0,19.737,-40.392
2025,2025brba,Week 3,9195,9,-0.0,25.699,-40.392
2025,2025brba,Week 3,9199,8,0.0,18.87,-31.621
2025,2025brba,Week 3,10356,8,0.0,17.968,-31.621
2025,2025brba,Week 3,9162,8,-0.0,12.528,-31.621
2025,2025brba,Week 3,9614,8,-0.0,11.43,-19.78
2025,2025brba,Week 3,9164,8,-0.0,13.658,-19.78
2025,2025brba,Week 3,9048,8,-0.0,13.901,-19.78
2025,2025brba,Week 3,1860,8,0.0,18.79,-16.102
2025,2025brba,Week 3,9175,8,-0.0,11.534,-16.102
2025,2025brba,Week 3,9603,8,-0.0,8.584,-16.102
2025,2025brba,Week 3,9163,8,0.0,16.04,-20.592
2025,2025brba,Week 3,10140,8,0.0,16.069,-20.592
2025,2025brba,Week 3,9166,8,0.0,9.739,-20.592
2025,2025brba,Week 3,9045,8,0.0,12.773,-23.955
2025,2025brba,Week 3,9046,8,0.0,13.541,-23.955
2025,2025brba,Week 3,9302,8,0.0,14.856,-23.955
2025,2025brba,Week 3,9085,8,-0.0,6.349,-7.377
2025,2025brba,Week 3,5800,8,-0.0,12.049,-16.793
2025,2025brba,Week 3,9485,8,-0.0,8.532,-12.195
2025,2025brba,Week 3,9617,8,0.0,23.761,-29.227
2025,2025brba,Week 3,9611,8,-0.0,14.363,-29.227
2025,2025brba,Week 3,9484,8,-0.0,14.961,-29.227
2025,2025brba,Week 3,9305,8,-0.0,8.16,-13.006
2025,2025brba,Week 3,9218,8,-0.0,8.798,-16.793
2025,2025brba,Week 3,8066,8,-0.0,7.751,-11.955
2025,2025brba,Week 3,10343,8,0.0,21.064,-31.512
2025,2025brba,Week 3,9604,8,-0.0,15.347,-31.512
2025,2025brba,Week 3,7565,8,-0.0,14.068,-31.512
2025,2025brba,Week 3,9178,8,-0.0,5.08,-11.863
2025,2025brba,Week 3,8882,8,-0.0,5.468,-8.133
2025,2025brba,Week 3,9458,8,-0.0,8.367,-13.656
2025,2025brba,Week 3,9200,8,0.0,11.874,-16.114
2025,2025brba,Week 3,9066,8,0.0,9.951,-16.114
2025,2025nyro,Week 3,8140,9,0.0,18.255,-29.014
2025,2025nyro,Week 3,1511,9,-0.0,13.373,-28.979
2025,2025nyro,Week 3,1559,9,0.0,13.499,-23.348
2025,2025nyro,Week 3,8243,9,0.0,14.147,-18.744
2025,2025nyro,Week 3,1518,9,0.0,10.983,-14.199
2025,2025nyro,Week 3,340,9,-0.0,19.846,-29.89
2025,2025nyro,Week 3,3004,9,0.0,15.539,-19.778
2025,2025nyro,Week 3,4930,9,0.0,9.768,-18.454
2025,2025nyro,Week 3,6621,9,0.0,17.305,-29.014
2025,2025nyro,Week 3,3181,9,0.0,21.445,-28.979
2025,2025nyro,Week 3,20,9,-0.0,16.973,-26.394
2025,2025nyro,Week 3,533,9,-0.0,15.817,-26.394
2025,2025nyro,Week 3,250,9,0.0,10.92,-13.765
2025,2025nyro,Week 3,271,9,0.0,13.728,-18.719
2025,2025nyro,Week 3,695,9,0.0,11.946,-23.348
2025,2025nyro,Week 3,2340,9,0.0,13.736,-12.536
2025,2025nyro,Week 3,3173,9,-0.0,14.861,-19.778
2025,2025nyro,Week 3,9622,9,0.0,10.241,-10.502
2025,2025nyro,Week 3,3044,9,-0.0,9.162,-11.928
2025,2025nyro,Week 3,5881,9,0.0,13.58,-27.807
2025,2025nyro,Week 3,3171,9,0.0,17.512,-26.977
2025,2025nyro,Week 3,2791,9,0.0,10.964,-16.664
2025,2025nyro,Week 3,7903,9,0.0,11.784,-18.719
2025,2025nyro,Week 3,3003,9,0.0,17.659,-21.459
2025,2025nyro,Week 3,1591,9,0.0,17.475,-29.89
2025,2025nyro,Week 3,6911,9,0.0,16.653,-27.666
2025,2025nyro,Week 3,1585,9,-0.0,10.72,-12.66
2025,2025nyro,Week 3,3951,9,0.0,14.308,-27.006
2025,2025nyro,Week 3,2614,9,0.0,16.918,-27.006
2025,2025nyro,Week 3,1126,9,-0.0,18.124,-27.006
2025,2025nyro,Week 3,2228,9,0.0,15.876,-26.2
2025,2025nyro,Week 3,424,9,0.0,13.564,-24.57
2025,2025nyro,Week 3,3015,9,0.0,11.418,-24.57
2025,2025nyro,Week 3,9643,9,-0.0,13.013,-17.29
2025,2025nyro,Week 3,191,9,0.0,15.418,-29.014
2025,2025nyro,Week 3,2252,9,-0.0,26.631,-59.53
2025,2025nyro,Week 3,10223,9,0.0,16.316,-27.666
2025,2025nyro,Week 3,1787,9,0.0,13.52,-27.807
2025,2025nyro,Week 3,3838,9,-0.0,8.767,-16.622
2025,2025nyro,Week 3,378,9,0.0,25.591,-59.53
2025,2025nyro,Week 3,639,9,0.0,14.393,-21.922
2025,2025nyro,Week 3,2010,9,-0.0,14.526,-21.922
2025,2025nyro,Week 3,229,9,0.0,20.398,-27.807
2025,2025nyro,Week 3,3799,9,0.0,13.031,-29.89
2025,2025nyro,Week 3,8393,9,0.0,10.737,-17.29
2025,2025nyro,Week 3,6868,9,0.0,12.913,-21.419
2025,2025nyro,Week 3,564,9,0.0,13.801,-21.419
2025,2025nyro,Week 3,5590,9,0.0,17.325,-27.666
2025,2025nyro,Week 3,1308,9,0.0,8.922,-17.29
2025,2025nyro,Week 3,1507,9,-0.0,16.572,-26.2
2025,2025nyro,Week 3,578,9,-0.0,7.139,-11.657
2025,2025nyro,Week 3,1405,9,0.0,16.961,-26.977
2025,2025nyro,Week 3,4611,9,-0.0,16.591,-28.979
2025,2025nyro,Week 3,7165,9,-0.0,23.826,-59.53
2025,2025alhu,Week 3,5045,11,-0.0,7.2,-9.834
2025,2025alhu,Week 3,34,11,-0.0,12.989,-23.232
2025,2025alhu,Week 3,4020,11,0.0,17.043,-22.961
2025,2025alhu,Week 3,2973,11,0.0,14.698,-17.994
2025,2025alhu,Week 3,6107,12,0.0,8.233,-17.994
2025,2025alhu,Week 3,9410,11,0.0,24.705,-64.401
2025,2025alhu,Week 3,3138,11,-0.0,11.68,-18.534
2025,2025alhu,Week 3,144,11,0.0,14.853,-29.193
2025,2025alhu,Week 3,2190,11,0.0,13.626,-20.56
2025,2025alhu,Week 3,3058,11,0.0,12.009,-18.879
2025,2025alhu,Week 3,1038,11,-0.0,12.266,-25.457
2025,2025alhu,Week 3,2783,11,-0.0,11.688,-18.879
2025,2025alhu,Week 3,48,11,0.0,11.397,-22.961
2025,2025alhu,Week 3,3630,11,-0.0,15.251,-26.489
2025,2025alhu,Week 3,2338,11,-0.0,13.966,-29.193
2025,2025alhu,Week 3,10011,11,0.0,18.806,-26.424
2025,2025alhu,Week 3,3468,11,-0.0,21.672,-29.193
2025,2025alhu,Week 3,6517,11,0.0,16.566,-26.971
2025,2025alhu,Week 3,6302,11,-0.0,12.203,-26.489
2025,2025alhu,Week 3,538,11,0.0,12.234,-15.973
2025,2025alhu,Week 3,3140,11,-0.0,18.656,-24.002
2025,2025alhu,Week 3,2220,11,-0.0,11.185,-20.226
2025,2025alhu,Week 3,7111,11,0.0,13.227,-24.002
2025,2025alhu,Week 3,4601,11,-0.0,11.406,-12.138
2025,2025alhu,Week 3,7428,12,-0.0,12.189,-18.534
2025,2025alhu,Week 3,9097,11,-0.0,13.646,-13.419
2025,2025alhu,Week 3,5005,11,-0.0,11.39,-19.132
2025,2025alhu,Week 3,3843,11,-0.0,14.863,-27.799
2025,2025alhu,Week 3,8772,11,0.0,7.29,-12.933
2025,2025alhu,Week 3,8624,11,-0.0,9.11,-15.971
2025,2025alhu,Week 3,744,11,0.0,15.923,-26.489
2025,2025alhu,Week 3,3959,11,-0.0,10.811,-20.56
2025,2025alhu,Week 3,4265,11,0.0,18.407,-27.799
2025,2025alhu,Week 3,5125,11,-0.0,17.447,-20.226
2025,2025alhu,Week 3,4028,11,0.0,24.523,-64.401
2025,2025alhu,Week 3,3824,11,-0.0,15.131,-25.457
2025,2025alhu,Week 3,3814,11,-0.0,13.981,-26.971
2025,2025alhu,Week 3,7072,11,-0.0,15.336,-27.799
2025,2025alhu,Week 3,9590,11,-0.0,7.57,-12.646
2025,2025alhu,Week 3,325,11,-0.0,12.818,-17.618
2025,2025alhu,Week 3,432,11,0.0,21.914,-26.971
2025,2025alhu,Week 3,2502,11,-0.0,12.888,-25.457
2025,2025alhu,Week 3,3966,11,0.0,15.5,-23.232
2025,2025alhu,Week 3,7725,11,-0.0,23.006,-64.401
2025,2025mosl,Week 3,1775,10,0.0,18.41,-32.042
2025,2025mosl,Week 3,8069,10,0.0,16.61,-32.042
2025,2025mosl,Week 3,2506,10,0.0,18.084,-32.042
2025,2025mosl,Week 3,6817,10,-0.0,14.943,-18.598
2025,2025mosl,Week 3,9401,10,-0.0,15.212,-34.497
2025,2025mosl,Week 3,10322,10,0.0,11.955,-26.724
2025,2025mosl,Week 3,931,10,-0.0,16.229,-19.686
2025,2025mosl,Week 3,9428,10,0.0,16.68,-13.812
2025,2025mosl,Week 3,4330,10,-0.0,19.069,-33.423
2025,2025mosl,Week 3,3397,10,-0.0,8.71,-13.388
2025,2025mosl,Week 3,10317,10,-0.0,20.804,-31.804
2025,2025mosl,Week 3,7496,10,0.0,16.263,-19.806
2025,2025mosl,Week 3,5492,10,0.0,13.837,-17.824
2025,2025mosl,Week 3,8719,10,0.0,15.964,-22.242
2025,2025mosl,Week 3,5583,10,-0.0,13.254,-27.645
2025,2025mosl,Week 3,8077,10,0.0,15.573,-29.016
2025,2025mosl,Week 3,5934,10,-0.0,14.023,-31.804
2025,2025mosl,Week 3,7747,10,-0.0,18.976,-34.497
2025,2025mosl,Week 3,7452,10,0.0,11.682,-22.242
2025,2025mosl,Week 3,1178,10,-0.0,14.993,-27.645
2025,2025mosl,Week 3,6744,10,0.0,10.452,-15.416
2025,2025mosl,Week 3,5176,10,0.0,14.483,-26.724
2025,2025mosl,Week 3,1706,10,0.0,15.399,-40.788
2025,2025mosl,Week 3,6391,10,0.0,14.421,-17.824
2025,2025mosl,Week 3,5889,10,-0.0,15.816,-26.707
2025,2025mosl,Week 3,4931,10,0.0,15.831,-29.016
2025,2025mosl,Week 3,4329,10,0.0,14.087,-21.283
2025,2025mosl,Week 3,1329,10,0.0,14.355,-19.686
2025,2025mosl,Week 3,1763,10,0.0,15.368,-21.266
2025,2025mosl,Week 3,5147,10,-0.0,24.931,-40.788
2025,2025mosl,Week 3,4500,10,0.0,17.898,-19.686
2025,2025mosl,Week 3,554,10,0.0,19.474,-35.944
2025,2025mosl,Week 3,27,10,0.0,20.47,-29.016
2025,2025mosl,Week 3,2978,10,0.0,12.965,-19.806
2025,2025mosl,Week 3,3792,10,0.0,13.579,-19.839
2025,2025mosl,Week 3,7472,10,0.0,13.686,-19.863
2025,2025mosl,Week 3,967,10,-0.0,20.364,-35.944
2025,2025mosl,Week 3,1288,10,-0.0,13.303,-26.707
2025,2025mosl,Week 3,7117,10,0.0,15.955,-14.908
2025,2025mosl,Week 3,5822,10,-0.0,21.516,-26.707
2025,2025mosl,Week 3,2408,10,-0.0,16.951,-27.645
2025,2025mosl,Week 3,1208,10,-0.0,18.211,-34.497
2025,2025mosl,Week 3,5060,10,0.0,14.35,-22.242
2025,2025mosl,Week 3,4256,10,-0.0,24.884,-40.788
2025,2025mosl,Week 3,3067,10,0.0,22.077,-33.423
2025,2025mslr,Week 3,4107,10,-0.0,13.903,-33.386
2025,2025mslr,Week 3,3753,10,-0.0,11.49,-15.379
2025,2025mslr,Week 3,6017,10,0.0,13.644,-14.283
2025,2025mslr,Week 3,9405,10,-0.0,8.269,-20.97
2025,2025mslr,Week 3,1912,10,0.0,10.812,-24.797
2025,2025mslr,Week 3,590,10,0.0,18.114,-33.386
2025,2025mslr,Week 3,9503,10,-0.0,13.803,-19.66
2025,2025mslr,Week 3,8808,10,0.0,13.377,-17.957
2025,2025mslr,Week 3,364,10,0.0,13.774,-14.4
2025,2025mslr,Week 3,4013,10,0.0,11.247,-14.283
2025,2025mslr,Week 3,10446,11,-0.0,18.274,-20.066
2025,2025mslr,Week 3,5863,10,0.0,12.484,-25.365
2025,2025mslr,Week 3,1421,10,0.0,14.007,-20.27
2025,2025mslr,Week 3,9309,10,0.0,16.406,-24.797
2025,2025mslr,Week 3,6068,10,0.0,16.259,-25.365
2025,2025mslr,Week 3,8044,10,-0.0,18.448,-41.784
2025,2025mslr,Week 3,9435,10,-0.0,19.468,-33.386
2025,2025mslr,Week 3,4087,10,-0.0,12.684,-27.812
2025,2025mslr,Week 3,7474,10,0.0,19.733,-41.784
2025,2025mslr,Week 3,7094,10,0.0,11.748,-18.809
2025,2025mslr,Week 3,5410,10,0.0,16.176,-20.066
2025,2025mslr,Week 3,2221,10,-0.0,14.856,-20.97
2025,2025mslr,Week 3,2992,11,-0.0,27.971,-66.422
2025,2025mslr,Week 3,9712,10,-0.0,18.748,-27.812
2025,2025mslr,Week 3,3139,10,0.0,15.602,-17.78
2025,2025mslr,Week 3,456,10,-0.0,9.307,-12.832
2025,2025mslr,Week 3,1466,10,-0.0,15.437,-25.587
2025,2025mslr,Week 3,3039,10,-0.0,20.725,-24.797
2025,2025mslr,Week 3,9153,10,-0.0,18.215,-27.812
2025,2025mslr,Week 3,10309,10,0.0,28.209,-66.422
2025,2025mslr,Week 3,3616,10,-0.0,26.197,-66.422
2025,2025mslr,Week 3,4336,10,-0.0,10.57,-17.957
2025,2025mslr,Week 3,1622,10,0.0,14.994,-17.193
2025,2025mslr,Week 3,9734,10,-0.0,20.604,-41.784
2025,2025mslr,Week 3,9717,10,0.0,17.863,-19.66
2025,2025mslr,Week 3,2183,10,-0.0,15.63,-17.256
2025,2025mslr,Week 3,1927,10,-0.0,18.891,-25.365
2025,2025ndgf,Week 3,10173,9,0.0,16.548,-19.271
2025,2025ndgf,Week 3,9745,9,0.0,19.167,-43.375
2025,2025ndgf,Week 3,3276,9,-0.0,21.786,-31.64
2025,2025ndgf,Week 3,2654,9,0.0,23.306,-20.35
2025,2025ndgf,Week 3,5638,9,0.0,9.087,-14.172
2025,2025ndgf,Week 3,7048,9,-0.0,18.105,-24.373
2025,2025ndgf,Week 3,4674,9,0.0,22.086,-44.875
2025,2025ndgf,Week 3,3026,9,0.0,17.531,-23.35
2025,2025ndgf,Week 3,8586,9,0.0,7.211,-8.529
2025,2025ndgf,Week 3,2500,9,0.0,22.14,-24.473
2025,2025ndgf,Week 3,3293,9,-0.0,21.531,-31.64
2025,2025ndgf,Week 3,3134,9,-0.0,15.306,-19.082
2025,2025ndgf,Week 3,4226,9,-0.0,22.889,-29.794
2025,2025ndgf,Week 3,876,9,0.0,17.85,-30.722
2025,2025ndgf,Week 3,3278,9,0.0,14.989,-30.067
2025,2025ndgf,Week 3,7578,9,0.0,19.312,-47.841
2025,2025ndgf,Week 3,5929,9,0.0,10.525,-20.323
2025,2025ndgf,Week 3,7677,9,0.0,15.887,-32.227
2025,2025ndgf,Week 3,877,9,-0.0,27.588,-35.275
2025,2025ndgf,Week 3,4238,9,0.0,23.165,-44.875
2025,2025ndgf,Week 3,4360,9,-0.0,10.745,-13.717
2025,2025ndgf,Week 3,4480,9,0.0,12.215,-21.255
2025,2025ndgf,Week 3,2508,9,-0.0,13.988,-20.596
2025,2025ndgf,Week 3,4230,9,0.0,26.626,-32.227
2025,2025ndgf,Week 3,9576,9,0.0,16.287,-22.287
2025,2025ndgf,Week 3,2129,9,0.0,25.894,-43.375
2025,2025ndgf,Week 3,4539,9,-0.0,9.555,-14.579
2025,2025ndgf,Week 3,6146,9,0.0,11.076,-11.204
2025,2025ndgf,Week 3,5464,9,0.0,25.894,-47.841
2025,2025ndgf,Week 3,5253,9,-0.0,20.952,-31.64
2025,2025ndgf,Week 3,3277,9,0.0,22.862,-27.419
2025,2025ndgf,Week 3,5348,9,0.0,16.075,-30.067
2025,2025ndgf,Week 3,4181,9,0.0,19.122,-30.722
2025,2025ndgf,Week 3,2883,9,-0.0,18.352,-30.722
2025,2025ndgf,Week 3,8188,9,0.0,22.171,-32.227
2025,2025ndgf,Week 3,4198,9,0.0,17.719,-20.323
2025,2025ndgf,Week 3,3102,9,0.0,17.493,-29.006
2025,2025ndgf,Week 3,3298,9,0.0,10.333,-18.223
2025,2025ndgf,Week 3,3275,9,-0.0,16.597,-24.473
2025,2025ndgf,Week 3,5658,9,0.0,17.498,-27.215
2025,2025ndgf,Week 3,2987,9,0.0,13.398,-20.254
2025,2025ndgf,Week 3,3313,9,0.0,21.59,-47.841
2025,2025ndgf,Week 3,9092,9,-0.0,19.47,-44.875
2025,2025ndgf,Week 3,6453,9,0.0,31.145,-43.375
2025,2025ndgf,Week 3,8878,9,0.0,17.686,-18.355
2025,2025ndgf,Week 3,3300,9,0.0,21.372,-32.132
2025,2025ndgf,Week 3,7235,9,0.0,12.305,-21.255
2025,2025ndgf,Week 3,4632,9,0.0,12.075,-24.439
2025,2025ndgf,Week 3,8255,9,0.0,17.908,-35.275
2025,2025ndgf,Week 3,7257,9,-0.0,24.42,-35.275
2025,2025ndgf,Week 3,7530,9,0.0,17.459,-29.006
2025,2025ndgf,Week 3,3297,9,0.0,11.219,-15.326
2025,2025mxle,Week 3,4603,12,0.0,15.725,-25.485
2025,2025mxle,Week 3,5948,12,0.0,23.367,-45.596
2025,2025mxle,Week 3,4775,12,-0.0,17.164,-32.696
2025,2025mxle,Week 3,4400,12,0.0,18.471,-38.47
2025,2025mxle,Week 3,3933,12,-0.0,9.904,-13.968
2025,2025mxle,Week 3,4977,12,0.0,15.699,-22.982
2025,2025mxle,Week 3,7102,12,0.0,15.416,-20.558
2025,2025mxle,Week 3,5887,12,-0.0,10.555,-14.616
2025,2025mxle,Week 3,4723,12,0.0,20.641,-45.596
2025,2025mxle,Week 3,4731,12,-0.0,13.76,-25.485
2025,2025mxle,Week 3,6106,12,0.0,23.603,-44.117
2025,2025mxle,Week 3,4735,12,0.0,13.958,-32.696
2025,2025mxle,Week 3,6348,12,0.0,23.473,-44.117
2025,2025mxle,Week 3,3472,12,-0.0,17.544,-27.799
2025,2025mxle,Week 3,8105,12,-0.0,15.963,-27.799
2025,2025mxle,Week 3,9513,12,0.0,15.365,-39.919
2025,2025mxle,Week 3,6702,12,-0.0,17.519,-39.919
2025,2025mxle,Week 3,4355,12,0.0,22.405,-39.919
2025,2025mxle,Week 3,3354,12,0.0,16.955,-21.897
2025,2025mxle,Week 3,6647,12,-0.0,14.622,-20.558
2025,2025mxle,Week 3,6608,12,-0.0,10.802,-20.399
2025,2025mxle,Week 3,5133,12,-0.0,13.546,-17.64
2025,2025mxle,Week 3,9280,12,-0.0,15.931,-19.576
2025,2025mxle,Week 3,3480,12,0.0,13.568,-17.64
2025,2025mxle,Week 3,6606,12,0.0,20.463,-44.117
2025,2025mxle,Week 3,4782,12,-0.0,11.831,-20.399
2025,2025mxle,Week 3,2283,12,-0.0,14.698,-22.982
2025,2025mxle,Week 3,3478,12,0.0,12.865,-23.53
2025,2025mxle,Week 3,5716,12,-0.0,19.288,-45.596
2025,2025mxle,Week 3,9593,12,0.0,18.948,-23.53
2025,2025mxle,Week 3,4635,12,0.0,12.87,-21.897
2025,2025utwv,Week 3,9138,11,0.0,19.228,-38.573
2025,2025utwv,Week 3,5933,11,-0.0,14.773,-17.252
2025,2025utwv,Week 3,8174,11,0.0,11.309,-15.308
2025,2025utwv,Week 3,1569,11,0.0,13.309,-27.44
2025,2025utwv,Week 3,3166,11,-0.0,12.777,-27.44
2025,2025utwv,Week 3,5480,11,0.0,12.82,-27.44
2025,2025utwv,Week 3,498,11,0.0,11.098,-16.55
2025,2025utwv,Week 3,3245,11,0.0,11.918,-22.298
2025,2025utwv,Week 3,3288,11,0.0,15.873,-16.397
2025,2025utwv,Week 3,6411,11,0.0,12.046,-17.981
2025,2025utwv,Week 3,8005,11,0.0,11.411,-15.308
2025,2025utwv,Week 3,1891,11,0.0,15.138,-19.555
2025,2025utwv,Week 3,9037,11,0.0,15.538,-18.899
2025,2025utwv,Week 3,4388,11,0.0,15.343,-22.298
2025,2025utwv,Week 3,4293,11,0.0,17.082,-19.555
2025,2025utwv,Week 3,3216,11,0.0,16.773,-19.555
2025,2025utwv,Week 3,7426,11,0.0,17.925,-28.82
2025,2025utwv,Week 3,4944,11,0.0,13.479,-19.943
2025,2025utwv,Week 3,3648,11,-0.0,12.113,-22.298
2025,2025utwv,Week 3,7895,11,-0.0,13.377,-19.943
2025,2025utwv,Week 3,7906,11,0.0,13.761,-19.532
2025,2025utwv,Week 3,3200,11,0.0,10.391,-14.925
2025,2025utwv,Week 3,2594,12,0.0,17.351,-19.943
2025,2025utwv,Week 3,7634,11,0.0,11.402,-14.977
2025,2025utwv,Week 3,987,11,0.0,15.729,-24.936
2025,2025utwv,Week 3,3243,12,-0.0,15.228,-24.936
2025,2025utwv,Week 3,8885,12,0.0,13.587,-24.936
2025,2025utwv,Week 3,3006,11,0.0,15.145,-22.363
2025,2025utwv,Week 3,4598,11,0.0,13.488,-22.363
2025,2025utwv,Week 3,4175,11,0.0,16.565,-22.363
2025,2025utwv,Week 3,2122,11,0.0,15.427,-38.573
2025,2025utwv,Week 3,1056,11,0.0,12.511,-16.397
2025,2025utwv,Week 3,7436,11,0.0,14.882,-17.699
2025,2025utwv,Week 3,5851,11,0.0,14.542,-28.82
2025,2025utwv,Week 3,3859,11,0.0,19.336,-38.573
2025,2025utwv,Week 3,4585,11,0.0,13.032,-18.899
2025,2025utwv,Week 3,5071,11,0.0,12.032,-11.815
2025,2025utwv,Week 3,2102,11,0.0,10.366,-16.062
2025,2025utwv,Week 3,4550,11,0.0,15.301,-28.82
2025,2025azfg,Week 3,1165,12,0.0,16.244,-35.607
2025,2025azfg,Week 3,1160,12,-0.0,13.437,-24.309
2025,2025azfg,Week 3,9704,12,0.0,10.458,-16.515
2025,2025azfg,Week 3,5461,12,-0.0,14.646,-21.183
2025,2025azfg,Week 3,359,12,0.0,17.593,-25.495
2025,2025azfg,Week 3,7425,12,-0.0,11.032,-20.228
2025,2025azfg,Week 3,9059,12,0.0,21.192,-24.309
2025,2025azfg,Week 3,8717,12,-0.0,12.308,-18.752
2025,2025azfg,Week 3,7333,12,0.0,16.818,-32.57
2025,2025azfg,Week 3,6413,12,0.0,24.849,-49.152
2025,2025azfg,Week 3,8012,12,-0.0,12.507,-22.123
2025,2025azfg,Week 3,3009,12,-0.0,21.243,-32.57
2025,2025azfg,Week 3,9134,12,-0.0,13.328,-24.949
2025,2025azfg,Week 3,2478,12,0.0,15.615,-20.228
2025,2025azfg,Week 3,698,12,0.0,11.042,-16.515
2025,2025azfg,Week 3,3019,12,0.0,15.74,-23.66
2025,2025azfg,Week 3,6127,12,0.0,13.799,-19.23
2025,2025azfg,Week 3,7183,12,0.0,12.897,-20.487
2025,2025azfg,Week 3,2662,12,-0.0,16.244,-51.169
2025,2025azfg,Week 3,4565,12,0.0,10.285,-16.515
2025,2025azfg,Week 3,9432,12,0.0,18.607,-20.902
2025,2025azfg,Week 3,7645,12,-0.0,16.693,-28.244
2025,2025azfg,Week 3,10114,12,0.0,18.015,-35.607
2025,2025azfg,Week 3,2945,12,0.0,16.203,-29.915
2025,2025azfg,Week 3,2486,12,-0.0,27.564,-51.169
2025,2025azfg,Week 3,6922,12,0.0,12.26,-23.66
2025,2025azfg,Week 3,8229,12,0.0,10.432,-22.123
2025,2025azfg,Week 3,2403,12,0.0,19.122,-28.244
2025,2025azfg,Week 3,10491,12,-0.0,20.228,-51.169
2025,2025azfg,Week 3,6995,12,0.0,17.626,-49.152
2025,2025azfg,Week 3,60,12,0.0,15.464,-29.191
2025,2025azfg,Week 3,7755,12,-0.0,12.436,-29.191
2025,2025azfg,Week 3,1212,12,0.0,21.384,-49.152
2025,2025azfg,Week 3,3309,12,-0.0,13.99,-24.949
2025,2025azfg,Week 3,996,12,0.0,9.202,-21.183
2025,2025azfg,Week 3,6560,12,0.0,15.081,-22.45
2025,2025azfg,Week 3,9501,12,0.0,12.831,-19.23
2025,2025azfg,Week 3,1828,12,-0.0,15.368,-29.915
2025,2025azfg,Week 3,4146,12,-0.0,21.274,-29.915
2025,2025azfg,Week 3,991,12,0.0,16.252,-32.57
2025,2025mibel,Week 3,8124,12,0.0,13.878,-33.299
2025,2025mibel,Week 3,4405,12,0.0,18.881,-30.352
2025,2025mibel,Week 3,7769,12,-0.0,18.824,-40.418
2025,2025mibel,Week 3,6615,12,-0.0,16.463,-29.861
2025,2025mibel,Week 3,6057,12,0.0,14.998,-24.061
2025,2025mibel,Week 3,5239,12,0.0,12.917,-21.019
2025,2025mibel,Week 3,5555,12,0.0,20.188,-40.056
2025,2025mibel,Week 3,247,12,-0.0,19.061,-28.041
2025,2025mibel,Week 3,8728,12,-0.0,20.999,-31.159
2025,2025mibel,Week 3,5567,12,0.0,13.441,-24.061
2025,2025mibel,Week 3,5498,12,-0.0,18.841,-40.418
2025,2025mibel,Week 3,6618,12,-0.0,14.448,-24.61
2025,2025mibel,Week 3,9212,12,-0.0,17.677,-23.556
2025,2025mibel,Week 3,6538,12,0.0,19.745,-32.894
2025,2025mibel,Week 3,8373,12,-0.0,14.284,-24.573
2025,2025mibel,Week 3,4130,12,-0.0,21.679,-30.352
2025,2025mibel,Week 3,10349,12,0.0,18.011,-29.661
2025,2025mibel,Week 3,7660,12,-0.0,14.584,-24.573
2025,2025mibel,Week 3,5090,12,0.0,17.424,-40.056
2025,2025mibel,Week 3,3641,12,-0.0,14.728,-18.104
2025,2025mibel,Week 3,5263,12,0.0,18.438,-31.159
2025,2025mibel,Week 3,5695,12,0.0,17.125,-29.861
2025,2025mibel,Week 3,4779,12,0.0,12.868,-19.778
2025,2025mibel,Week 3,7220,12,-0.0,15.548,-26.226
2025,2025mibel,Week 3,3773,12,0.0,14.277,-26.226
2025,2025mibel,Week 3,9735,12,0.0,14.991,-33.299
2025,2025mibel,Week 3,240,12,0.0,16.96,-32.894
2025,2025mibel,Week 3,8297,12,-0.0,12.12,-14.46
2025,2025mibel,Week 3,6528,12,-0.0,23.191,-33.299
2025,2025mibel,Week 3,4737,12,0.0,16.147,-24.695
2025,2025mibel,Week 3,8774,12,-0.0,15.846,-19.951
2025,2025mibel,Week 3,5531,12,0.0,12.702,-22.778
2025,2025mibel,Week 3,6344,12,-0.0,14.529,-26.226
2025,2025mibel,Week 3,51,12,0.0,21.06,-32.894
2025,2025mibel,Week 3,9182,12,-0.0,16.569,-40.056
2025,2025mibel,Week 3,862,12,0.0,18.246,-40.418
2025,2025mibel,Week 3,8179,12,0.0,17.595,-24.695
2025,2025mibel,Week 3,6566,12,-0.0,16.584,-29.661
2025,2025mibel,Week 3,5167,12,-0.0,12.934,-22.778
2025,2025mibel,Week 3,66,12,0.0,12.999,-20.42
2025,2025midtr,Week 3,8193,12,0.0,19.566,-27.582
2025,2025midtr,Week 3,5878,12,-0.0,23.002,-34.954
2025,2025midtr,Week 3,3619,12,-0.0,12.912,-16.324
2025,2025midtr,Week 3,2591,12,-0.0,10.426,-19.927
2025,2025midtr,Week 3,6914,12,-0.0,24.361,-38.737
2025,2025midtr,Week 3,9255,12,-0.0,16.876,-23.087
2025,2025midtr,Week 3,6567,12,0.0,13.362,-21.763
2025,2025midtr,Week 3,6096,12,-0.0,11.366,-22.517
2025,2025midtr,Week 3,5197,12,-0.0,18.968,-19.993
2025,2025midtr,Week 3,9651,12,0.0,18.451,-41.564
2025,2025midtr,Week 3,7865,12,0.0,16.97,-38.086
2025,2025midtr,Week 3,4680,12,-0.0,23.114,-51.655
2025,2025midtr,Week 3,2048,12,-0.0,18.649,-28.163
2025,2025midtr,Week 3,10607,12,0.0,14.276,-21.992
2025,2025midtr,Week 3,5532,12,0.0,26.716,-38.086
2025,2025midtr,Week 3,8352,12,-0.0,17.806,-24.436
2025,2025midtr,Week 3,4758,12,-0.0,12.113,-20.212
2025,2025midtr,Week 3,6029,12,-0.0,18.723,-21.763
2025,2025midtr,Week 3,7145,12,-0.0,12.442,-19.993
2025,2025midtr,Week 3,123,12,0.0,26.247,-51.655
2025,2025midtr,Week 3,7191,12,-0.0,11.44,-18.37
2025,2025midtr,Week 3,5478,12,-0.0,13.261,-26.82
2025,2025midtr,Week 3,5756,12,0.0,18.733,-20.089
2025,2025midtr,Week 3,4851,12,0.0,17.732,-37.449
2025,2025midtr,Week 3,5901,12,0.0,14.66,-28.163
2025,2025midtr,Week 3,10590,12,-0.0,18.943,-23.087
2025,2025midtr,Week 3,5642,12,-0.0,20.239,-26.82
2025,2025midtr,Week 3,4854,12,-0.0,22.208,-31.361
2025,2025midtr,Week 3,4390,12,0.0,19.329,-31.361
2025,2025midtr,Week 3,7196,12,-0.0,31.163,-41.564
2025,2025midtr,Week 3,3632,12,-0.0,9.217,-20.876
2025,2025midtr,Week 3,2673,12,-0.0,19.958,-38.086
2025,2025midtr,Week 3,6099,12,-0.0,26.347,-51.655
2025,2025midtr,Week 3,6532,12,-0.0,11.564,-21.68
2025,2025midtr,Week 3,9751,12,-0.0,10.408,-16.963
2025,2025midtr,Week 3,469,12,0.0,18.22,-41.564
2025,2025midtr,Week 3,9618,12,0.0,16.306,-34.954
2025,2025midtr,Week 3,3096,12,0.0,19.254,-24.436
2025,2025midtr,Week 3,815,12,-0.0,20.968,-38.737
2025,2025midtr,Week 3,6616,12,-0.0,19.316,-38.737
2025,2025mimus,Week 3,9225,12,0.0,15.77,-33.302
2025,2025mimus,Week 3,7810,12,-0.0,16.779,-24.877
2025,2025mimus,Week 3,8041,12,0.0,23.132,-38.817
2025,2025mimus,Week 3,6090,12,0.0,13.025,-24.716
2025,2025mimus,Week 3,9248,12,0.0,11.881,-24.716
2025,2025mimus,Week 3,3458,12,0.0,22.016,-48.574
2025,2025mimus,Week 3,9594,12,0.0,13.585,-28.753
2025,2025mimus,Week 3,10664,12,-0.0,11.463,-16.013
2025,2025mimus,Week 3,10613,12,0.0,13.164,-23.42
2025,2025mimus,Week 3,6094,12,0.0,13.085,-19.966
2025,2025mimus,Week 3,10654,12,0.0,12.546,-24.074
2025,2025mimus,Week 3,5509,12,0.0,15.074,-16.013
2025,2025mimus,Week 3,3538,12,-0.0,23.343,-48.574
2025,2025mimus,Week 3,6561,12,0.0,8.67,-20.146
2025,2025mimus,Week 3,8612,12,-0.0,22.293,-50.816
2025,2025mimus,Week 3,8126,12,-0.0,18.015,-38.817
2025,2025mimus,Week 3,10181,12,-0.0,15.798,-22.023
2025,2025mimus,Week 3,2405,12,0.0,20.504,-50.816
2025,2025mimus,Week 3,6128,12,0.0,23.243,-50.816
2025,2025mimus,Week 3,9205,12,0.0,18.233,-25.42
2025,2025mimus,Week 3,9650,12,0.0,13.852,-34.416
2025,2025mimus,Week 3,85,12,0.0,17.596,-22.932
2025,2025mimus,Week 3,9756,12,-0.0,11.413,-24.667
2025,2025mimus,Week 3,6073,12,0.0,18.347,-38.817
2025,2025mimus,Week 3,8285,12,0.0,17.802,-27.18
2025,2025mimus,Week 3,2075,12,0.0,13.882,-27.18
2025,2025mimus,Week 3,4004,12,0.0,16.516,-27.18
2025,2025mimus,Week 3,9743,12,0.0,19.081,-34.416
2025,2025mimus,Week 3,10614,12,-0.0,11.503,-18.451
2025,2025mimus,Week 3,5152,12,0.0,11.636,-18.334
2025,2025mimus,Week 3,2771,12,0.0,19.354,-28.753
2025,2025mimus,Week 3,4776,12,0.0,11.198,-15.46
2025,2025mimus,Week 3,1918,12,0.0,16.987,-26.587
2025,2025mimus,Week 3,2834,12,-0.0,21.356,-48.574
2025,2025mimus,Week 3,5697,12,0.0,14.173,-22.097
2025,2025mimus,Week 3,3572,12,0.0,15.306,-26.587
2025,2025mimus,Week 3,7054,12,0.0,11.396,-17.025
2025,2025mimus,Week 3,10606,12,0.0,19.309,-24.074
2025,2025mimus,Week 3,3234,12,0.0,17.484,-28.753
2025,2025mitvc,Week 3,3537,12,0.0,23.524,-61.7
2025,2025mitvc,Week 3,4327,12,0.0,16.109,-21.67
2025,2025mitvc,Week 3,4398,12,0.0,18.525,-29.17
2025,2025mitvc,Week 3,5193,12,0.0,14.388,-32.544
2025,2025mitvc,Week 3,8611,12,-0.0,24.048,-61.7
2025,2025mitvc,Week 3,3767,12,-0.0,18.471,-26.144
2025,2025mitvc,Week 3,7195,12,-0.0,18.061,-23.557
2025,2025mitvc,Week 3,6087,12,0.0,12.66,-26.144
2025,2025mitvc,Week 3,3618,12,-0.0,14.534,-29.17
2025,2025mitvc,Week 3,4827,12,-0.0,12.819,-21.547
2025,2025mitvc,Week 3,3688,12,-0.0,11.914,-14.826
2025,2025mitvc,Week 3,10605,12,0.0,15.368,-24.099
2025,2025mitvc,Week 3,5424,12,0.0,14.245,-11.915
2025,2025mitvc,Week 3,7155,12,0.0,13.947,-22.464
2025,2025mitvc,Week 3,5110,12,-0.0,13.466,-29.17
2025,2025mitvc,Week 3,7598,12,0.0,21.34,-61.7
2025,2025mitvc,Week 3,7855,12,0.0,14.935,-26.144
2025,2025mitvc,Week 3,7790,12,-0.0,12.642,-24.099
2025,2025mitvc,Week 3,9673,12,0.0,18.761,-22.402
2025,2025mitvc,Week 3,9176,12,0.0,18.849,-42.514
2025,2025mitvc,Week 3,5560,12,-0.0,19.002,-20.065
2025,2025mitvc,Week 3,1711,12,-0.0,19.341,-24.099
2025,2025mitvc,Week 3,5504,12,0.0,17.063,-21.451
2025,2025mitvc,Week 3,2246,12,0.0,12.26,-21.451
2025,2025mitvc,Week 3,9736,12,0.0,11.608,-18.992
2025,2025mitvc,Week 3,3770,12,0.0,23.184,-42.514
2025,2025mitvc,Week 3,6077,12,-0.0,17.458,-32.544
2025,2025mitvc,Week 3,6091,12,0.0,21.695,-27.803
2025,2025mitvc,Week 3,5534,12,0.0,12.799,-27.803
2025,2025mitvc,Week 3,9541,12,0.0,18.514,-35.977
2025,2025mitvc,Week 3,5213,12,0.0,15.347,-22.402
2025,2025mitvc,Week 3,8873,12,0.0,13.463,-21.114
2025,2025mitvc,Week 3,9771,12,0.0,16.348,-22.464
2025,2025mitvc,Week 3,4983,12,0.0,13.636,-21.438
2025,2025mitvc,Week 3,5247,12,0.0,13.868,-21.67
2025,2025mitvc,Week 3,7808,12,0.0,21.514,-42.514
2025,2025mitvc,Week 3,7794,12,0.0,11.054,-14.826
2025,2025mitvc,Week 3,7160,12,0.0,13.849,-17.492
2025,2025mitvc,Week 3,5086,12,0.0,23.793,-35.977
2025,2025mitvc,Week 3,7782,12,-0.0,12.539,-23.557
2025,2025rikin,Week 3,5112,12,0.0,12.844,-18.792
2025,2025rikin,Week 3,8085,12,-0.0,13.244,-32.035
2025,2025rikin,Week 3,6333,12,-0.0,14.765,-16.915
2025,2025rikin,Week 3,190,12,-0.0,15.419,-41.829
2025,2025rikin,Week 3,97,12,0.0,20.19,-34.91
2025,2025rikin,Week 3,2067,12,-0.0,24.751,-53.0
2025,2025rikin,Week 3,4176,12,0.0,21.749,-53.0
2025,2025rikin,Week 3,558,12,-0.0,15.754,-32.777
2025,2025rikin,Week 3,1768,12,-0.0,18.347,-33.226
2025,2025rikin,Week 3,3719,12,0.0,14.311,-33.806
2025,2025rikin,Week 3,1740,12,-0.0,15.333,-19.496
2025,2025rikin,Week 3,6620,12,-0.0,20.24,-41.829
2025,2025rikin,Week 3,88,12,0.0,22.38,-53.0
2025,2025rikin,Week 3,1119,12,-0.0,19.668,-32.035
2025,2025rikin,Week 3,3464,12,0.0,16.17,-34.91
2025,2025rikin,Week 3,1350,12,0.0,17.102,-26.504
2025,2025rikin,Week 3,2079,12,0.0,16.272,-33.806
2025,2025rikin,Week 3,10254,12,0.0,18.399,-26.504
2025,2025rikin,Week 3,1735,12,0.0,17.376,-26.451
2025,2025rikin,Week 3,2876,12,-0.0,18.255,-26.451
2025,2025rikin,Week 3,1757,12,0.0,20.359,-32.777
2025,2025rikin,Week 3,1474,12,0.0,19.539,-32.827
2025,2025rikin,Week 3,5000,12,0.0,13.536,-30.675
2025,2025rikin,Week 3,1699,12,0.0,17.407,-32.777
2025,2025rikin,Week 3,5735,12,-0.0,19.386,-41.829
2025,2025rikin,Week 3,151,12,0.0,19.857,-23.318
2025,2025rikin,Week 3,78,12,-0.0,17.254,-32.827
2025,2025rikin,Week 3,663,12,-0.0,14.323,-25.265
2025,2025rikin,Week 3,9443,12,0.0,20.448,-32.827
2025,2025rikin,Week 3,246,12,-0.0,16.227,-25.265
2025,2025rikin,Week 3,5494,12,0.0,17.243,-33.226
2025,2025rikin,Week 3,811,12,0.0,16.143,-23.145
2025,2025rikin,Week 3,1153,12,0.0,15.355,-32.035
2025,2025rikin,Week 3,181,12,0.0,16.702,-33.226
2025,2025rikin,Week 3,2064,12,-0.0,19.381,-33.806
2025,2025rikin,Week 3,5962,12,0.0,14.317,-24.275
2025,2025rikin,Week 3,348,12,-0.0,20.51,-34.91
2025,2025txsan,Week 3,4610,12,-0.0,15.553,-17.103
2025,2025txsan,Week 3,7492,12,-0.0,14.566,-19.577
2025,2025txsan,Week 3,1164,12,-0.0,21.738,-29.179
2025,2025txsan,Week 3,8610,12,-0.0,10.047,-20.939
2025,2025txsan,Week 3,7088,12,-0.0,18.928,-29.179
2025,2025txsan,Week 3,8625,12,-0.0,12.542,-20.939
2025,2025txsan,Week 3,8827,12,-0.0,17.916,-22.541
2025,2025txsan,Week 3,3735,12,0.0,8.222,-14.77
2025,2025txsan,Week 3,6155,12,0.0,14.751,-27.292
2025,2025txsan,Week 3,5894,12,-0.0,13.619,-29.179
2025,2025txsan,Week 3,7138,12,0.0,15.212,-22.113
2025,2025txsan,Week 3,8088,12,-0.0,14.174,-19.577
2025,2025txsan,Week 3,4219,12,0.0,14.247,-28.732
2025,2025txsan,Week 3,10518,12,-0.0,8.274,-16.872
2025,2025txsan,Week 3,3240,12,0.0,10.003,-13.989
2025,2025txsan,Week 3,4597,12,-0.0,14.193,-28.308
2025,2025txsan,Week 3,5103,12,-0.0,10.203,-28.308
2025,2025txsan,Week 3,3561,12,-0.0,13.597,-28.308
2025,2025txsan,Week 3,9658,12,-0.0,12.99,-26.82
2025,2025txsan,Week 3,8598,12,-0.0,13.017,-28.732
2025,2025txsan,Week 3,4734,12,-0.0,18.11,-22.541
2025,2025txsan,Week 3,7534,12,-0.0,14.372,-26.82
2025,2025txsan,Week 3,3679,12,-0.0,14.33,-23.539
2025,2025txsan,Week 3,5503,12,0.0,12.355,-19.116
2025,2025txsan,Week 3,2950,12,-0.0,16.826,-22.113
2025,2025txsan,Week 3,6974,12,-0.0,15.437,-19.116
2025,2025txsan,Week 3,3545,12,0.0,15.292,-27.292
2025,2025txsan,Week 3,4332,12,-0.0,14.301,-23.539
2025,2025txsan,Week 3,3481,12,-0.0,13.605,-17.471
2025,2025txsan,Week 3,231,12,-0.0,15.407,-27.292
2025,2025txsan,Week 3,5986,12,-0.0,9.557,-14.641
2025,2025txsan,Week 3,7521,12,-0.0,18.56,-26.82
2025,2025txsan,Week 3,5427,12,-0.0,11.582,-16.934
2025,2025txsan,Week 3,2969,12,0.0,9.548,-13.595
2025,2025txsan,Week 3,2657,12,-0.0,8.377,-18.666
2025,2025txsan,Week 3,8114,12,-0.0,12.802,-21.376
2025,2025txsan,Week 3,9524,12,-0.0,11.125,-15.947
2025,2025txsan,Week 3,9664,12,-0.0,12.558,-21.376
2025,2025txsan,Week 3,9444,12,-0.0,11.354,-17.103
2025,2025txsan,Week 3,5572,12,-0.0,13.657,-15.543
2025,2025txsan,Week 3,2582,12,-0.0,10.543,-17.074
2025,2025txsan,Week 3,5726,12,-0.0,10.197,-15.934
2025,2025wayak,Week 3,9680,12,0.0,15.833,-26.923
2025,2025wayak,Week 3,2930,12,-0.0,20.253,-29.143
2025,2025wayak,Week 3,4061,12,-0.0,16.099,-25.153
2025,2025wayak,Week 3,6343,12,-0.0,26.287,-53.601
2025,2025wayak,Week 3,749,12,-0.0,18.696,-30.836
2025,2025wayak,Week 3,3826,12,-0.0,16.972,-30.836
2025,2025wayak,Week 3,5468,12,-0.0,16.856,-23.053
2025,2025wayak,Week 3,2926,12,-0.0,19.454,-26.923
2025,2025wayak,Week 3,9613,12,-0.0,23.566,-45.869
2025,2025wayak,Week 3,10416,12,-0.0,29.616,-54.835
2025,2025wayak,Week 3,3812,12,-0.0,23.583,-54.835
2025,2025wayak,Week 3,4131,12,-0.0,22.159,-54.835
2025,2025wayak,Week 3,9450,12,0.0,19.554,-34.995
2025,2025wayak,Week 3,5920,12,-0.0,21.004,-34.995
2025,2025wayak,Week 3,4125,12,-0.0,23.939,-34.995
2025,2025wayak,Week 3,6465,12,-0.0,20.716,-29.143
2025,2025wayak,Week 3,4980,12,-0.0,13.135,-23.053
2025,2025wayak,Week 3,4692,12,-0.0,20.882,-45.869
2025,2025wayak,Week 3,6076,12,-0.0,17.235,-22.557
2025,2025wayak,Week 3,1595,12,-0.0,19.025,-44.636
2025,2025wayak,Week 3,10423,12,-0.0,16.424,-25.153
2025,2025wayak,Week 3,8532,12,-0.0,21.588,-53.601
2025,2025wayak,Week 3,2990,12,-0.0,18.396,-21.301
2025,2025wayak,Week 3,3712,12,-0.0,17.436,-29.909
2025,2025wayak,Week 3,5295,12,-0.0,13.076,-18.301
2025,2025wayak,Week 3,2147,12,-0.0,19.935,-53.601
2025,2025wayak,Week 3,1318,12,-0.0,16.487,-44.636
2025,2025wayak,Week 3,955,12,-0.0,23.355,-29.909
2025,2025wayak,Week 3,492,12,-0.0,24.57,-44.636
2025,2025wayak,Week 3,2811,12,-0.0,23.634,-45.869
2025,2025wayak,Week 3,4060,12,-0.0,18.176,-31.912
2025,2025wayak,Week 3,3876,12,-0.0,20.701,-31.912
2025,2025wayak,Week 3,7627,12,-0.0,20.274,-44.792
2025,2025wayak,Week 3,4513,12,-0.0,22.793,-44.792
2025,2025cnsh,Week 3,10000,8,0.0,14.049,-17.733
2025,2025cnsh,Week 3,4613,8,-0.0,21.032,-21.294
2025,2025cnsh,Week 3,5516,8,-0.0,18.711,-30.378
2025,2025cnsh,Week 3,5849,9,-0.0,18.276,-30.765
2025,2025cnsh,Week 3,10120,8,-0.0,11.028,-15.045
2025,2025cnsh,Week 3,10479,8,-0.0,8.952,-14.156
2025,2025cnsh,Week 3,10558,8,-0.0,11.036,-16.93
2025,2025cnsh,Week 3,8810,8,-0.0,27.6,-32.884
2025,2025cnsh,Week 3,6766,8,0.0,21.391,-44.134
2025,2025cnsh,Week 3,7522,8,-0.0,14.619,-21.774
2025,2025cnsh,Week 3,10541,8,0.0,15.88,-24.656
2025,2025cnsh,Week 3,7594,9,-0.0,20.938,-34.313
2025,2025cnsh,Week 3,5823,8,0.0,18.185,-30.378
2025,2025cnsh,Week 3,5449,8,0.0,16.926,-22.721
2025,2025cnsh,Week 3,10526,9,-0.0,12.114,-21.774
2025,2025cnsh,Week 3,7002,8,-0.0,12.433,-16.93
2025,2025cnsh,Week 3,6494,8,-0.0,10.846,-18.303
2025,2025cnsh,Week 3,9635,8,-0.0,20.873,-22.721
2025,2025cnsh,Week 3,8015,8,-0.0,11.995,-24.503
2025,2025cnsh,Week 3,10131,8,-0.0,16.583,-24.503
2025,2025cnsh,Week 3,8613,8,-0.0,20.632,-34.313
2025,2025cnsh,Week 3,6940,8,-0.0,16.937,-30.765
2025,2025cnsh,Week 3,6706,8,-0.0,10.829,-24.656
2025,2025cnsh,Week 3,9599,8,0.0,11.889,-15.045
2025,2025cnsh,Week 3,6414,8,-0.0,7.991,-16.065
2025,2025cnsh,Week 3,6394,8,-0.0,18.892,-34.313
2025,2025cnsh,Week 3,7047,8,-0.0,14.668,-32.884
2025,2025cnsh,Week 3,6433,8,-0.0,13.887,-21.294
2025,2025cnsh,Week 3,10438,8,-0.0,6.297,-9.513
2025,2025cnsh,Week 3,6353,8,0.0,9.824,-17.818
2025,2025cnsh,Week 3,5515,8,-0.0,14.722,-23.213
2025,2025cnsh,Week 3,8214,8,-0.0,12.713,-18.303
2025,2025cnsh,Week 3,8011,8,-0.0,22.9,-44.134
2025,2025cnsh,Week 3,7413,9,-0.0,15.161,-16.93
2025,2025cnsh,Week 3,6941,8,-0.0,14.155,-21.134
2025,2025cnsh,Week 3,7738,8,-0.0,18.752,-23.213
2025,2025cnsh,Week 3,9597,8,-0.0,12.259,-24.656
2025,2025cnsh,Week 3,6487,8,0.0,12.918,-14.156
2025,2025cnsh,Week 3,6304,8,-0.0,19.32,-44.134
2025,2025cnsh,Week 3,10486,8,-0.0,5.4,-8.689
2025,2025cnsh,Week 3,10016,8,-0.0,12.503,-21.294
2025,2025cnsh,Week 3,10214,8,-0.0,7.607,-9.513
2025,2025cnsh,Week 3,6907,8,-0.0,9.24,-14.394
2025,2025flta,Week 3,10219,12,2503.0,4337.001,-36.089
2025,2025flta,Week 3,2556,12,1169.886,2170.244,-16.576
2025,2025flta,Week 3,79,12,2210.377,3859.451,-14.789
2025,2025flta,Week 3,4576,12,2452.675,4250.289,-16.75
2025,2025flta,Week 3,3242,12,523.583,1170.005,-18.543
2025,2025flta,Week 3,3627,12,1756.311,3322.17,-25.064
2025,2025flta,Week 3,5472,12,1719.076,3109.232,-7.152
2025,2025flta,Week 3,5557,12,812.496,1780.499,-36.089
2025,2025flta,Week 3,7500,12,773.378,2078.146,-25.064
2025,2025flta,Week 3,9627,12,1775.838,3300.231,-36.055
2025,2025flta,Week 3,10177,12,2231.663,3899.298,-36.089
2025,2025flta,Week 3,9720,12,1456.714,2961.975,-16.75
2025,2025flta,Week 3,10159,12,1977.418,3694.508,-20.351
2025,2025flta,Week 3,1902,12,1751.439,3557.27,-36.055
2025,2025flta,Week 3,9313,12,689.596,1522.108,-16.75
2025,2025flta,Week 3,3502,12,1394.445,2553.28,-20.577
2025,2025flta,Week 3,9300,12,1607.738,3087.212,-20.577
2025,2025flta,Week 3,5276,12,432.309,933.18,-33.603
2025,2025flta,Week 3,3164,12,1692.164,3783.015,-33.479
2025,2025flta,Week 3,6184,12,1662.211,3097.644,-33.479
2025,2025flta,Week 3,10323,12,1761.204,3260.134,-33.479
2025,2025flta,Week 3,1369,12,1444.783,2648.11,-25.064
2025,2025flta,Week 3,4065,12,1881.97,3550.065,-30.864
2025,2025flta,Week 3,6322,12,2188.739,3818.787,-15.234
2025,2025flta,Week 3,10162,12,2445.808,4238.047,-23.325
2025,2025flta,Week 3,233,12,507.648,1689.15,-30.864
2025,2025flta,Week 3,8778,12,1492.947,2889.346,-16.54
2025,2025flta,Week 3,5872,12,2126.36,3804.971,-19.09
2025,2025flta,Week 3,5842,12,1632.533,3043.21,-20.351
2025,2025flta,Week 3,9493,12,757.119,1325.464,-23.547
2025,2025flta,Week 3,8324,12,1630.436,3583.484,-33.603
2025,2025flta,Week 3,9642,12,2050.058,3680.306,-23.384
2025,2025flta,Week 3,8788,12,1141.01,2793.335,-23.384
2025,2025flta,Week 3,9404,12,1371.122,2775.817,-18.312
2025,2025flta,Week 3,4179,12,1668.873,3082.947,-23.325
2025,2025flta,Week 3,86,12,846.49,2278.243,-16.54
2025,2025flta,Week 3,6473,12,1070.78,2866.858,-19.221
2025,2025flta,Week 3,108,12,1051.052,2631.978,-21.551
2025,2025flta,Week 3,9711,12,2495.718,4324.52,-19.221
2025,2025flta,Week 3,9698,12,2445.74,4237.994,-36.055
2025,2025flta,Week 3,386,12,1308.616,3018.796,-16.576
2025,2025flta,Week 3,4622,12,1483.428,3333.568,-33.603
2025,2025cala,Week 3,3882,11,-0.0,26.948,-50.856
2025,2025cala,Week 3,1148,10,-0.0,15.667,-39.818
2025,2025cala,Week 3,6658,10,-0.0,20.151,-39.846
2025,2025cala,Week 3,1836,10,-0.0,33.118,-35.243
2025,2025cala,Week 3,687,10,0.0,14.429,-19.132
2025,2025cala,Week 3,597,10,-0.0,22.632,-23.953
2025,2025cala,Week 3,7840,10,-0.0,18.922,-31.739
2025,2025cala,Week 3,4999,10,-0.0,16.149,-39.846
2025,2025cala,Week 3,8861,10,-0.0,9.712,-13.987
2025,2025cala,Week 3,9615,10,-0.0,9.099,-17.683
2025,2025cala,Week 3,5089,10,-0.0,9.051,-14.744
2025,2025cala,Week 3,980,10,-0.0,16.029,-26.56
2025,2025cala,Week 3,4201,10,-0.0,19.267,-39.818
2025,2025cala,Week 3,1759,10,-0.0,11.046,-15.024
2025,2025cala,Week 3,599,10,-0.0,17.627,-21.001
2025,2025cala,Week 3,9408,10,-0.0,12.637,-20.193
2025,2025cala,Week 3,1197,10,-0.0,33.371,-37.235
2025,2025cala,Week 3,6305,11,-0.0,10.23,-15.29
2025,2025cala,Week 3,1452,10,-0.0,12.48,-23.953
2025,2025cala,Week 3,4322,10,-0.0,18.476,-31.739
2025,2025cala,Week 3,3759,10,-0.0,17.984,-39.818
2025,2025cala,Week 3,10658,10,0.0,24.23,-39.846
2025,2025cala,Week 3,6904,10,-0.0,10.75,-12.796
2025,2025cala,Week 3,968,10,-0.0,13.898,-26.56
2025,2025cala,Week 3,2584,10,-0.0,20.993,-50.856
2025,2025cala,Week 3,294,10,-0.0,14.113,-23.76
2025,2025cala,Week 3,10597,10,-0.0,12.32,-17.683
2025,2025cala,Week 3,6220,10,-0.0,30.99,-28.423
2025,2025cala,Week 3,10424,10,-0.0,14.959,-24.166
2025,2025cala,Week 3,5857,10,-0.0,23.19,-50.856
2025,2025cala,Week 3,702,10,-0.0,14.685,-31.739
2025,2025cala,Week 3,1159,10,0.0,20.978,-14.855
2025,2025cala,Week 3,1661,10,-0.0,22.32,-37.235
2025,2025cala,Week 3,2659,10,-0.0,15.822,-23.76
2025,2025cala,Week 3,8898,10,-0.0,12.221,-28.423
2025,2025cala,Week 3,5553,10,-0.0,14.275,-14.855
2025,2025cala,Week 3,696,10,-0.0,11.517,-22.661
2025,2025cala,Week 3,5124,10,-0.0,15.802,-24.166
2025,2025cala,Week 3,4964,10,-0.0,17.337,-37.235
2025,2025cala,Week 3,9505,10,-0.0,9.96,-15.331
2025,2025cala,Week 3,5669,10,0.0,13.961,-24.254
2025,2025cala,Week 3,4470,10,-0.0,20.168,-35.243
2025,2025cala,Week 3,1515,10,-0.0,17.943,-35.014
2025,2025casj,Week 3,6059,12,-0.0,15.298,-22.711
2025,2025casj,Week 3,10059,12,-0.0,13.131,-20.573
2025,2025casj,Week 3,668,12,-0.0,11.199,-20.42
2025,2025casj,Week 3,649,12,-0.0,13.785,-18.729
2025,2025casj,Week 3,1351,12,0.0,11.575,-22.876
2025,2025casj,Week 3,6418,12,-0.0,9.762,-14.911
2025,2025casj,Week 3,1967,12,-0.0,17.206,-38.46
2025,2025casj,Week 3,766,12,-0.0,19.172,-35.047
2025,2025casj,Week 3,8793,12,-0.0,12.851,-19.811
2025,2025casj,Week 3,751,12,0.0,22.34,-38.46
2025,2025casj,Week 3,1323,12,-0.0,17.648,-25.139
2025,2025casj,Week 3,2854,12,-0.0,10.274,-16.934
2025,2025casj,Week 3,4990,12,0.0,11.249,-22.407
2025,2025casj,Week 3,4159,12,-0.0,20.162,-25.603
2025,2025casj,Week 3,1700,12,-0.0,14.912,-34.179
2025,2025casj,Week 3,5027,12,-0.0,11.108,-22.291
2025,2025casj,Week 3,10252,12,-0.0,13.904,-19.811
2025,2025casj,Week 3,8751,12,-0.0,11.47,-25.603
2025,2025casj,Week 3,100,12,-0.0,22.722,-35.733
2025,2025casj,Week 3,3045,12,-0.0,18.712,-35.733
2025,2025casj,Week 3,6619,12,-0.0,18.502,-35.733
2025,2025casj,Week 3,581,12,-0.0,12.94,-25.603
2025,2025casj,Week 3,10372,12,-0.0,12.459,-19.626
2025,2025casj,Week 3,2643,12,-0.0,14.729,-27.079
2025,2025casj,Week 3,2489,12,0.0,12.215,-12.041
2025,2025casj,Week 3,8048,12,-0.0,11.274,-19.811
2025,2025casj,Week 3,9143,12,-0.0,14.965,-34.179
2025,2025casj,Week 3,6814,12,-0.0,20.479,-25.139
2025,2025casj,Week 3,4904,12,0.0,16.286,-38.46
2025,2025casj,Week 3,3880,12,-0.0,12.058,-22.711
2025,2025casj,Week 3,10644,12,0.0,8.084,-13.394
2025,2025casj,Week 3,9006,12,-0.0,15.58,-27.079
2025,2025casj,Week 3,7245,12,-0.0,17.09,-35.047
2025,2025casj,Week 3,5940,12,-0.0,10.725,-17.658
2025,2025casj,Week 3,2367,12,-0.0,14.786,-35.047
2025,2025casj,Week 3,670,12,-0.0,13.322,-25.479
2025,2025casj,Week 3,6238,12,-0.0,14.292,-25.479
2025,2025tuak,Week 3,8058,12,0.0,22.543,-30.431
2025,2025tuak,Week 3,8173,12,0.0,14.237,-26.389
2025,2025tuak,Week 3,6430,12,-0.0,13.899,-26.389
2025,2025tuak,Week 3,9479,12,-0.0,20.878,-27.597
2025,2025tuak,Week 3,8777,12,0.0,13.012,-17.489
2025,2025tuak,Week 3,8220,12,0.0,18.153,-32.912
2025,2025tuak,Week 3,10472,12,0.0,11.833,-25.019
2025,2025tuak,Week 3,6436,12,-0.0,14.258,-32.912
2025,2025tuak,Week 3,8780,12,0.0,13.959,-21.26
2025,2025tuak,Week 3,9233,12,-0.0,12.868,-25.019
2025,2025tuak,Week 3,8862,12,0.0,9.353,-14.824
2025,2025tuak,Week 3,10142,12,-0.0,13.928,-14.187
2025,2025tuak,Week 3,9159,12,-0.0,10.899,-19.522
2025,2025tuak,Week 3,6989,12,-0.0,14.344,-22.302
2025,2025tuak,Week 3,9467,12,-0.0,16.307,-29.648
2025,2025tuak,Week 3,9024,12,-0.0,10.743,-21.905
2025,2025tuak,Week 3,8042,12,-0.0,10.107,-20.515
2025,2025tuak,Week 3,8054,12,0.0,18.55,-27.597
2025,2025tuak,Week 3,10478,12,0.0,10.87,-27.597
2025,2025tuak,Week 3,10204,12,0.0,9.658,-14.187
2025,2025tuak,Week 3,10247,12,0.0,13.3,-21.905
2025,2025tuak,Week 3,8557,12,0.0,14.207,-20.515
2025,2025tuak,Week 3,8795,12,0.0,12.986,-14.055
2025,2025tuak,Week 3,8561,12,0.0,19.748,-19.522
2025,2025tuak,Week 3,7466,12,-0.0,16.643,-28.586
2025,2025tuak,Week 3,10090,12,0.0,18.862,-29.648
2025,2025tuak,Week 3,9028,12,0.0,13.153,-28.586
2025,2025tuak,Week 3,10216,12,-0.0,14.754,-32.912
2025,2025tuak,Week 3,10042,12,-0.0,11.7,-15.34
2025,2025tuak,Week 3,8828,12,-0.0,13.316,-18.461
2025,2025tuak,Week 3,10058,12,-0.0,13.583,-30.431
2025,2025tuak,Week 3,9583,12,-0.0,11.788,-20.579
2025,2025tuak,Week 3,9447,12,0.0,12.927,-22.302
2025,2025tuak,Week 3,10470,12,-0.0,10.56,-20.579
2025,2025tuak,Week 3,9029,12,-0.0,17.46,-30.431
2025,2025gagwi,Week 3,6705,12,-0.0,18.812,-34.627
2025,2025gagwi,Week 3,10482,12,-0.0,24.86,-46.06
2025,2025gagwi,Week 3,1683,12,-0.0,28.073,-63.295
2025,2025gagwi,Week 3,3318,12,0.0,18.025,-46.06
2025,2025gagwi,Week 3,8815,12,0.0,7.816,-13.857
2025,2025gagwi,Week 3,6910,12,-0.0,17.725,-26.859
2025,2025gagwi,Week 3,832,12,-0.0,12.031,-17.738
2025,2025gagwi,Week 3,8865,12,-0.0,22.795,-46.06
2025,2025gagwi,Week 3,8080,12,0.0,13.623,-14.934
2025,2025gagwi,Week 3,9057,12,-0.0,14.349,-16.745
2025,2025gagwi,Week 3,8577,12,-0.0,13.605,-24.362
2025,2025gagwi,Week 3,8100,12,-0.0,18.811,-25.164
2025,2025gagwi,Week 3,4189,12,-0.0,17.307,-15.679
2025,2025gagwi,Week 3,4509,12,-0.0,15.664,-26.859
2025,2025gagwi,Week 3,3091,12,-0.0,17.281,-21.085
2025,2025gagwi,Week 3,9770,12,0.0,13.879,-20.052
2025,2025gagwi,Week 3,7538,12,0.0,23.477,-54.77
2025,2025gagwi,Week 3,5074,12,-0.0,18.047,-25.648
2025,2025gagwi,Week 3,9561,12,-0.0,13.126,-22.378
2025,2025gagwi,Week 3,6887,12,-0.0,15.245,-22.529
2025,2025gagwi,Week 3,2415,12,0.0,15.417,-22.378
2025,2025gagwi,Week 3,10006,12,-0.0,6.446,-9.366
2025,2025gagwi,Week 3,1261,12,0.0,21.16,-54.77
2025,2025gagwi,Week 3,9086,12,0.0,8.916,-16.957
2025,2025gagwi,Week 3,8736,12,-0.0,12.145,-20.453
2025,2025gagwi,Week 3,8872,12,0.0,14.393,-18.949
2025,2025gagwi,Week 3,4468,12,-0.0,16.788,-22.529
2025,2025gagwi,Week 3,1833,12,0.0,22.49,-54.77
2025,2025gagwi,Week 3,5293,12,-0.0,16.843,-26.859
2025,2025gagwi,Week 3,1414,12,0.0,15.457,-20.052
2025,2025gagwi,Week 3,9522,12,-0.0,9.361,-18.949
2025,2025gagwi,Week 3,1771,12,-0.0,16.739,-24.362
2025,2025gagwi,Week 3,7451,12,-0.0,24.83,-63.295
2025,2025gagwi,Week 3,5109,12,0.0,22.59,-63.295
2025,2025inkok,Week 3,8103,12,-0.0,12.986,-19.378
2025,2025inkok,Week 3,45,12,-0.0,12.394,-27.289
2025,2025inkok,Week 3,5484,12,0.0,13.555,-27.993
2025,2025inkok,Week 3,9453,12,0.0,18.723,-44.461
2025,2025inkok,Week 3,292,12,-0.0,15.465,-37.672
2025,2025inkok,Week 3,3487,12,-0.0,14.035,-26.35
2025,2025inkok,Week 3,7198,12,0.0,12.421,-26.385
2025,2025inkok,Week 3,3559,12,0.0,13.337,-25.071
2025,2025inkok,Week 3,1018,12,-0.0,22.191,-37.672
2025,2025inkok,Week 3,7454,12,0.0,21.176,-44.461
2025,2025inkok,Week 3,8564,12,0.0,10.581,-13.168
2025,2025inkok,Week 3,234,12,0.0,8.777,-10.518
2025,2025inkok,Week 3,5010,12,0.0,13.6,-26.198
2025,2025inkok,Week 3,10021,12,-0.0,14.353,-23.973
2025,2025inkok,Week 3,1720,12,-0.0,13.97,-25.899
2025,2025inkok,Week 3,1501,12,-0.0,18.997,-39.157
2025,2025inkok,Week 3,8430,12,0.0,16.026,-39.157
2025,2025inkok,Week 3,3494,12,-0.0,18.444,-39.157
2025,2025inkok,Week 3,6956,12,0.0,15.611,-24.839
2025,2025inkok,Week 3,4580,12,0.0,12.967,-25.071
2025,2025inkok,Week 3,4008,12,0.0,16.17,-26.385
2025,2025inkok,Week 3,8431,12,-0.0,10.099,-26.198
2025,2025inkok,Week 3,4982,12,0.0,9.669,-20.605
2025,2025inkok,Week 3,3940,12,0.0,13.531,-26.35
2025,2025inkok,Week 3,1529,12,0.0,14.033,-37.032
2025,2025inkok,Week 3,6498,12,-0.0,11.744,-16.911
2025,2025inkok,Week 3,4272,12,0.0,20.806,-37.672
2025,2025inkok,Week 3,9491,12,0.0,15.756,-20.605
2025,2025inkok,Week 3,868,12,0.0,18.934,-37.032
2025,2025inkok,Week 3,71,12,0.0,15.539,-24.839
2025,2025inkok,Week 3,1741,12,-0.0,19.156,-44.461
2025,2025inkok,Week 3,1747,12,0.0,20.349,-37.032
2025,2025inkok,Week 3,4485,12,-0.0,18.13,-25.899
2025,2025inkok,Week 3,8116,12,0.0,16.272,-25.899
2025,2025inkok,Week 3,9790,12,-0.0,18.067,-27.839
2025,2025inkok,Week 3,5188,12,0.0,17.801,-32.07
2025,2025inkok,Week 3,2171,12,0.0,10.789,-25.071
2025,2025inkok,Week 3,10332,12,0.0,13.452,-19.164
2025,2025inkok,Week 3,1555,12,-0.0,15.84,-27.993
2025,2025inkok,Week 3,8742,12,-0.0,16.0,-27.839
2025,2025mawne,Week 3,173,12,-0.0,20.103,-48.351
2025,2025mawne,Week 3,3146,12,-0.0,15.983,-21.222
2025,2025mawne,Week 3,5563,12,-0.0,13.432,-18.977
2025,2025mawne,Week 3,6933,12,-0.0,16.014,-22.66
2025,2025mawne,Week 3,467,12,-0.0,15.903,-32.803
2025,2025mawne,Week 3,1100,12,-0.0,20.04,-40.515
2025,2025mawne,Week 3,195,12,-0.0,19.697,-21.222
2025,2025mawne,Week 3,2370,12,-0.0,18.564,-32.226
2025,2025mawne,Week 3,571,12,-0.0,12.651,-24.387
2025,2025mawne,Week 3,4169,12,-0.0,23.043,-40.515
2025,2025mawne,Week 3,236,12,0.0,16.386,-20.537
2025,2025mawne,Week 3,429,12,0.0,21.367,-55.792
2025,2025mawne,Week 3,2170,12,-0.0,21.004,-29.764
2025,2025mawne,Week 3,9096,12,-0.0,20.924,-32.449
2025,2025mawne,Week 3,2262,12,-0.0,15.173,-24.659
2025,2025mawne,Week 3,1922,12,-0.0,15.872,-20.54
2025,2025mawne,Week 3,999,12,-0.0,21.959,-48.351
2025,2025mawne,Week 3,8013,12,-0.0,15.601,-33.656
2025,2025mawne,Week 3,6895,12,-0.0,19.897,-40.515
2025,2025mawne,Week 3,9710,12,-0.0,15.968,-23.195
2025,2025mawne,Week 3,7694,12,-0.0,17.534,-24.387
2025,2025mawne,Week 3,3461,12,-0.0,18.123,-33.656
2025,2025mawne,Week 3,6731,12,-0.0,23.799,-48.351
2025,2025mawne,Week 3,177,12,-0.0,18.885,-32.803
2025,2025mawne,Week 3,7127,12,-0.0,22.603,-32.449
2025,2025mawne,Week 3,8567,12,-0.0,23.569,-55.792
2025,2025mawne,Week 3,178,12,-0.0,20.365,-29.764
2025,2025mawne,Week 3,8046,12,-0.0,17.741,-21.222
2025,2025mawne,Week 3,61,12,-0.0,14.23,-21.447
2025,2025mawne,Week 3,4628,12,-0.0,12.571,-22.66
2025,2025mawne,Week 3,8604,12,-0.0,17.18,-32.803
2025,2025mawne,Week 3,10592,12,-0.0,23.384,-55.792
2025,2025mawne,Week 3,176,12,-0.0,15.912,-33.656
2025,2025mawne,Week 3,4905,12,-0.0,13.559,-24.664
2025,2025mawne,Week 3,1027,12,-0.0,11.264,-17.383
2025,2025mdbet,Week 3,9033,12,-0.0,16.848,-25.575
2025,2025mdbet,Week 3,6239,12,-0.0,11.536,-17.613
2025,2025mdbet,Week 3,10499,12,-0.0,12.443,-22.909
2025,2025mdbet,Week 3,2912,12,-0.0,14.252,-19.982
2025,2025mdbet,Week 3,2914,12,-0.0,14.759,-29.178
2025,2025mdbet,Week 3,2186,12,-0.0,13.881,-29.118
2025,2025mdbet,Week 3,3373,12,-0.0,14.998,-28.587
2025,2025mdbet,Week 3,8230,12,-0.0,10.187,-10.021
2025,2025mdbet,Week 3,6863,12,0.0,18.256,-22.631
2025,2025mdbet,Week 3,116,12,-0.0,13.17,-24.163
2025,2025mdbet,Week 3,1731,12,-0.0,21.915,-49.487
2025,2025mdbet,Week 3,614,12,-0.0,21.919,-49.487
2025,2025mdbet,Week 3,4638,12,-0.0,12.353,-14.813
2025,2025mdbet,Week 3,2849,12,-0.0,12.224,-17.613
2025,2025mdbet,Week 3,1389,12,-0.0,19.624,-49.487
2025,2025mdbet,Week 3,8590,12,-0.0,11.933,-23.38
2025,2025mdbet,Week 3,1895,12,-0.0,12.21,-16.12
2025,2025mdbet,Week 3,6213,12,-0.0,8.7,-12.381
2025,2025mdbet,Week 3,2867,12,0.0,11.309,-22.631
2025,2025mdbet,Week 3,5841,12,0.0,16.414,-24.163
2025,2025mdbet,Week 3,1446,12,0.0,15.453,-29.178
2025,2025mdbet,Week 3,4821,12,-0.0,11.983,-28.587
2025,2025mdbet,Week 3,8726,12,-0.0,11.465,-22.631
2025,2025mdbet,Week 3,4456,12,-0.0,15.598,-23.38
2025,2025mdbet,Week 3,4505,12,-0.0,16.2,-29.178
2025,2025mdbet,Week 3,8326,12,-0.0,16.007,-22.909
2025,2025mdbet,Week 3,5243,12,0.0,12.412,-29.118
2025,2025mdbet,Week 3,1793,12,-0.0,12.691,-25.575
2025,2025mdbet,Week 3,5115,12,-0.0,14.817,-24.163
2025,2025mdsev,Week 3,7770,12,-0.0,20.062,-40.291
2025,2025mdsev,Week 3,5587,12,-0.0,12.989,-25.266
2025,2025mdsev,Week 3,2106,12,0.0,19.004,-44.614
2025,2025mdsev,Week 3,7886,12,-0.0,14.607,-21.519
2025,2025mdsev,Week 3,10679,12,0.0,18.25,-31.552
2025,2025mdsev,Week 3,404,12,-0.0,18.947,-32.793
2025,2025mdsev,Week 3,3714,12,-0.0,20.456,-32.793
2025,2025mdsev,Week 3,339,12,0.0,17.477,-40.291
2025,2025mdsev,Week 3,2421,12,0.0,13.239,-22.058
2025,2025mdsev,Week 3,2537,12,-0.0,16.854,-25.019
2025,2025mdsev,Week 3,8622,12,-0.0,15.851,-28.927
2025,2025mdsev,Week 3,1111,12,-0.0,17.775,-29.534
2025,2025mdsev,Week 3,1885,12,-0.0,17.399,-31.552
2025,2025mdsev,Week 3,623,12,-0.0,22.246,-44.614
2025,2025mdsev,Week 3,2377,12,-0.0,20.131,-28.502
2025,2025mdsev,Week 3,10449,12,-0.0,14.102,-25.871
2025,2025mdsev,Week 3,449,12,-0.0,16.112,-28.927
2025,2025mdsev,Week 3,10224,12,-0.0,14.076,-22.957
2025,2025mdsev,Week 3,3793,12,-0.0,17.793,-28.927
2025,2025mdsev,Week 3,2199,12,-0.0,15.676,-29.534
2025,2025mdsev,Week 3,1811,12,0.0,15.04,-25.871
2025,2025mdsev,Week 3,4464,12,0.0,15.33,-22.982
2025,2025mdsev,Week 3,1727,12,-0.0,19.83,-32.793
2025,2025mdsev,Week 3,9403,12,-0.0,21.98,-40.291
2025,2025mdsev,Week 3,4541,12,0.0,13.292,-22.058
2025,2025mdsev,Week 3,888,12,-0.0,15.649,-29.534
2025,2025mdsev,Week 3,3748,12,0.0,20.366,-44.614
2025,2025mdsev,Week 3,9709,12,-0.0,12.187,-16.528
2025,2025melew,Week 3,4564,12,0.0,15.882,-22.699
2025,2025melew,Week 3,4546,12,0.0,25.807,-44.868
2025,2025melew,Week 3,7913,12,0.0,19.424,-23.025
2025,2025melew,Week 3,166,12,0.0,24.653,-38.995
2025,2025melew,Week 3,501,12,0.0,20.547,-39.911
2025,2025melew,Week 3,4925,12,0.0,20.52,-39.671
2025,2025melew,Week 3,4909,12,0.0,20.601,-39.671
2025,2025melew,Week 3,5813,12,0.0,13.741,-23.385
2025,2025melew,Week 3,2648,12,0.0,20.397,-36.502
2025,2025melew,Week 3,9055,12,0.0,22.405,-26.786
2025,2025melew,Week 3,2523,12,0.0,6.956,-14.838
2025,2025melew,Week 3,1307,12,0.0,16.707,-23.025
2025,2025melew,Week 3,133,12,0.0,26.691,-39.911
2025,2025melew,Week 3,10108,12,-0.0,21.555,-38.995
2025,2025melew,Week 3,10066,12,0.0,13.161,-26.687
2025,2025melew,Week 3,9732,12,0.0,22.147,-36.502
2025,2025melew,Week 3,6161,12,0.0,15.761,-31.517
2025,2025melew,Week 3,8421,12,0.0,25.85,-39.911
2025,2025melew,Week 3,6329,12,0.0,18.755,-31.517
2025,2025melew,Week 3,8023,12,0.0,13.534,-23.762
2025,2025melew,Week 3,172,12,0.0,19.453,-26.687
2025,2025melew,Week 3,4473,12,0.0,21.369,-44.868
2025,2025melew,Week 3,9101,12,0.0,17.537,-26.786
2025,2025melew,Week 3,6153,12,-0.0,13.861,-21.542
2025,2025melew,Week 3,58,12,0.0,19.569,-38.075
2025,2025melew,Week 3,2713,12,0.0,17.591,-31.517
2025,2025melew,Week 3,7674,12,0.0,17.542,-44.868
2025,2025melew,Week 3,5687,12,0.0,17.446,-34.65
2025,2025melew,Week 3,4041,12,0.0,20.832,-36.502
2025,2025melew,Week 3,7907,12,0.0,12.947,-23.025
2025,2025miber,Week 3,4381,12,0.0,23.589,-46.532
2025,2025miber,Week 3,5056,12,-0.0,10.26,-11.771
2025,2025miber,Week 3,217,12,-0.0,12.818,-24.328
2025,2025miber,Week 3,9758,12,-0.0,17.801,-31.235
2025,2025miber,Week 3,4855,12,-0.0,13.417,-29.414
2025,2025miber,Week 3,3875,12,-0.0,17.17,-26.101
2025,2025miber,Week 3,9208,12,-0.0,22.544,-41.81
2025,2025miber,Week 3,5702,12,-0.0,14.83,-24.614
2025,2025miber,Week 3,4237,12,0.0,18.543,-34.654
2025,2025miber,Week 3,9227,12,-0.0,17.173,-24.05
2025,2025miber,Week 3,7814,12,0.0,19.915,-33.718
2025,2025miber,Week 3,4422,12,0.0,19.708,-31.235
2025,2025miber,Week 3,244,12,-0.0,17.279,-26.101
2025,2025miber,Week 3,6588,12,-0.0,16.36,-24.05
2025,2025miber,Week 3,4325,12,0.0,14.145,-23.402
2025,2025miber,Week 3,10633,12,-0.0,15.605,-22.221
2025,2025miber,Week 3,10473,12,-0.0,15.692,-24.416
2025,2025miber,Week 3,9106,12,-0.0,16.407,-29.414
2025,2025miber,Week 3,8427,12,-0.0,24.694,-32.957
2025,2025miber,Week 3,5535,12,-0.0,17.213,-32.957
2025,2025miber,Week 3,9566,12,-0.0,27.544,-33.718
2025,2025miber,Week 3,216,12,-0.0,24.608,-46.532
2025,2025miber,Week 3,6002,12,-0.0,20.919,-37.975
2025,2025miber,Week 3,3936,12,-0.0,19.967,-37.975
2025,2025miber,Week 3,6098,12,-0.0,22.205,-46.532
2025,2025miber,Week 3,5227,12,-0.0,12.638,-22.221
2025,2025miber,Week 3,5462,12,-0.0,15.664,-24.328
2025,2025miber,Week 3,10666,12,-0.0,29.407,-41.81
2025,2025miber,Week 3,9753,12,-0.0,14.657,-26.056
2025,2025miber,Week 3,288,12,-0.0,21.422,-35.968
2025,2025miber,Week 3,7174,12,-0.0,26.589,-26.101
2025,2025miber,Week 3,5182,12,-0.0,17.089,-23.52
2025,2025miber,Week 3,3539,12,-0.0,22.67,-41.81
2025,2025miber,Week 3,7762,12,-0.0,17.565,-25.528
2025,2025miber,Week 3,3452,12,-0.0,22.45,-35.968
2025,2025mibkn,Week 3,7197,12,0.0,16.601,-25.522
2025,2025mibkn,Week 3,5144,12,0.0,15.392,-33.974
2025,2025mibkn,Week 3,830,12,-0.0,10.131,-18.962
2025,2025mibkn,Week 3,9239,12,0.0,14.51,-29.305
2025,2025mibkn,Week 3,3668,12,-0.0,12.045,-20.032
2025,2025mibkn,Week 3,302,12,0.0,16.127,-29.962
2025,2025mibkn,Week 3,8895,12,0.0,18.801,-33.974
2025,2025mibkn,Week 3,7501,12,-0.0,14.742,-22.151
2025,2025mibkn,Week 3,2960,12,-0.0,13.629,-21.476
2025,2025mibkn,Week 3,9703,12,0.0,14.305,-18.962
2025,2025mibkn,Week 3,8423,12,0.0,15.521,-21.998
2025,2025mibkn,Week 3,10665,12,-0.0,10.836,-18.557
2025,2025mibkn,Week 3,7221,12,-0.0,12.583,-29.962
2025,2025mibkn,Week 3,10629,12,-0.0,12.534,-32.426
2025,2025mibkn,Week 3,7597,12,0.0,12.141,-13.8
2025,2025mibkn,Week 3,8374,12,0.0,14.589,-20.032
2025,2025mibkn,Week 3,1025,12,-0.0,16.198,-38.747
2025,2025mibkn,Week 3,9312,12,0.0,17.964,-24.993
2025,2025mibkn,Week 3,5234,12,0.0,15.563,-32.426
2025,2025mibkn,Week 3,8300,12,-0.0,12.456,-21.81
2025,2025mibkn,Week 3,2611,12,-0.0,13.591,-27.557
2025,2025mibkn,Week 3,9210,12,0.0,16.573,-38.747
2025,2025mibkn,Week 3,7289,12,-0.0,18.296,-33.974
2025,2025mibkn,Week 3,5676,12,0.0,11.626,-22.151
2025,2025mibkn,Week 3,3656,12,-0.0,13.989,-21.998
2025,2025mibkn,Week 3,10705,12,0.0,12.913,-32.426
2025,2025mibkn,Week 3,4568,12,0.0,10.333,-23.237
2025,2025mibkn,Week 3,5225,12,-0.0,13.819,-17.925
2025,2025mibkn,Week 3,4216,12,-0.0,13.326,-19.848
2025,2025mibkn,Week 3,8519,12,0.0,9.932,-13.929
2025,2025mibkn,Week 3,6556,12,0.0,14.284,-21.81
2025,2025mibkn,Week 3,6591,12,0.0,14.017,-29.305
2025,2025mibkn,Week 3,5559,12,0.0,12.576,-13.466
2025,2025mibkn,Week 3,548,12,0.0,14.741,-29.962
2025,2025mibkn,Week 3,5205,12,0.0,9.181,-12.116
2025,2025mibkn,Week 3,7656,12,0.0,14.017,-29.305
2025,2025mibkn,Week 3,503,12,0.0,17.232,-27.557
2025,2025mibkn,Week 3,9183,12,-0.0,15.656,-25.522
2025,2025mibkn,Week 3,8522,12,-0.0,14.884,-23.237
2025,2025mibkn,Week 3,1023,12,-0.0,13.523,-38.747
2025,2025ncash,Week 3,9762,12,-0.0,16.459,-43.631
2025,2025ncash,Week 3,10248,12,-0.0,8.885,-10.752
2025,2025ncash,Week 3,3737,12,-0.0,18.157,-30.541
2025,2025ncash,Week 3,10304,12,-0.0,12.256,-22.513
2025,2025ncash,Week 3,8429,12,-0.0,15.407,-33.077
2025,2025ncash,Week 3,1533,12,-0.0,14.49,-22.844
2025,2025ncash,Week 3,6639,12,-0.0,21.529,-37.457
2025,2025ncash,Week 3,3506,12,-0.0,25.66,-43.631
2025,2025ncash,Week 3,1225,12,-0.0,16.219,-33.423
2025,2025ncash,Week 3,9605,12,-0.0,17.5,-27.854
2025,2025ncash,Week 3,6729,12,-0.0,18.316,-33.423
2025,2025ncash,Week 3,4935,12,-0.0,11.885,-17.156
2025,2025ncash,Week 3,2724,12,-0.0,20.514,-33.423
2025,2025ncash,Week 3,8866,12,-0.0,19.411,-33.01
2025,2025ncash,Week 3,9496,12,-0.0,21.368,-33.077
2025,2025ncash,Week 3,10583,12,-0.0,14.152,-30.541
2025,2025ncash,Week 3,9150,12,-0.0,10.995,-13.427
2025,2025ncash,Week 3,5727,12,-0.0,19.957,-43.631
2025,2025ncash,Week 3,3196,12,-0.0,20.203,-27.854
2025,2025ncash,Week 3,6932,12,-0.0,20.005,-30.541
2025,2025ncash,Week 3,9008,12,-0.0,15.573,-37.457
2025,2025ncash,Week 3,8727,12,-0.0,15.368,-37.457
2025,2025ncwak,Week 3,9788,12,-0.0,27.157,-31.268
2025,2025ncwak,Week 3,10302,12,-0.0,18.033,-44.043
2025,2025ncwak,Week 3,10121,12,-0.0,16.388,-26.076
2025,2025ncwak,Week 3,5607,12,-0.0,20.264,-52.467
2025,2025ncwak,Week 3,8738,12,-0.0,23.958,-27.781
2025,2025ncwak,Week 3,900,12,-0.0,19.486,-44.938
2025,2025ncwak,Week 3,5511,12,-0.0,18.865,-27.351
2025,2025ncwak,Week 3,4861,12,-0.0,20.846,-44.043
2025,2025ncwak,Week 3,9789,12,-0.0,16.25,-29.406
2025,2025ncwak,Week 3,7443,12,-0.0,13.825,-19.347
2025,2025ncwak,Week 3,9032,12,-0.0,19.918,-38.067
2025,2025ncwak,Week 3,5160,12,-0.0,12.966,-17.732
2025,2025ncwak,Week 3,10072,12,-0.0,16.963,-26.429
2025,2025ncwak,Week 3,3229,12,-0.0,20.34,-44.938
2025,2025ncwak,Week 3,2059,12,-0.0,10.848,-17.732
2025,2025ncwak,Week 3,8758,12,-0.0,22.47,-38.067
2025,2025ncwak,Week 3,5190,12,-0.0,24.894,-34.854
2025,2025ncwak,Week 3,6908,12,-0.0,22.566,-52.467
2025,2025ncwak,Week 3,8746,12,-0.0,11.043,-19.322
2025,2025ncwak,Week 3,5518,12,-0.0,13.912,-27.781
2025,2025ncwak,Week 3,4816,12,-0.0,20.344,-44.043
2025,2025ncwak,Week 3,435,12,-0.0,13.602,-26.429
2025,2025ncwak,Week 3,2642,12,-0.0,18.586,-44.938
2025,2025ncwak,Week 3,6240,12,-0.0,10.803,-27.781
2025,2025ncwak,Week 3,4795,12,-0.0,20.391,-52.467
2025,2025ncwak,Week 3,3349,12,-0.0,16.326,-38.067
2025,2025ncwak,Week 3,7671,12,-0.0,8.834,-20.186
2025,2025ncwak,Week 3,3459,12,-0.0,11.841,-26.878
2025,2025ncwak,Week 3,9042,12,-0.0,17.703,-26.878
2025,2025ncwak,Week 3,8090,12,-0.0,17.842,-31.665
2025,2025ncwak,Week 3,10260,12,-0.0,18.979,-31.665
2025,2025ncwak,Week 3,5919,12,-0.0,18.476,-27.351
2025,2025njrob,Week 3,25,12,0.0,12.437,-17.989
2025,2025njrob,Week 3,8714,12,0.0,8.795,-15.595
2025,2025njrob,Week 3,9116,12,0.0,14.885,-37.227
2025,2025njrob,Week 3,3314,12,0.0,16.771,-31.065
2025,2025njrob,Week 3,204,12,0.0,13.999,-29.391
2025,2025njrob,Week 3,5438,12,0.0,11.91,-17.279
2025,2025njrob,Week 3,9100,12,0.0,14.32,-37.227
2025,2025njrob,Week 3,2590,12,0.0,20.273,-31.55
2025,2025njrob,Week 3,5624,12,0.0,11.833,-18.596
2025,2025njrob,Week 3,6897,12,0.0,8.725,-18.027
2025,2025njrob,Week 3,486,12,0.0,15.943,-16.255
2025,2025njrob,Week 3,1923,12,0.0,14.558,-31.55
2025,2025njrob,Week 3,10366,12,0.0,9.601,-14.171
2025,2025njrob,Week 3,5666,12,0.0,11.394,-22.732
2025,2025njrob,Week 3,2495,12,0.0,17.911,-37.227
2025,2025njrob,Week 3,102,12,0.0,13.681,-17.279
2025,2025njrob,Week 3,223,12,0.0,12.287,-32.685
2025,2025njrob,Week 3,1676,12,0.0,19.279,-31.065
2025,2025njrob,Week 3,3340,12,0.0,14.612,-29.391
2025,2025njrob,Week 3,293,12,0.0,10.553,-12.822
2025,2025njrob,Week 3,10170,12,0.0,15.779,-32.685
2025,2025njrob,Week 3,5732,12,0.0,15.415,-32.685
2025,2025njrob,Week 3,752,12,0.0,9.373,-15.441
2025,2025njrob,Week 3,2191,12,0.0,13.741,-22.732
2025,2025njrob,Week 3,8707,12,0.0,14.924,-29.391
2025,2025njrob,Week 3,834,12,0.0,17.111,-31.55
2025,2025njrob,Week 3,87,12,0.0,12.74,-25.751
2025,2025njrob,Week 3,5684,12,0.0,17.464,-22.732
2025,2025onosh,Week 3,8729,12,0.0,21.624,-44.836
2025,2025onosh,Week 3,5870,12,0.0,15.263,-42.952
2025,2025onosh,Week 3,8731,12,0.0,14.949,-23.433
2025,2025onosh,Week 3,9062,12,0.0,17.265,-30.606
2025,2025onosh,Week 3,5031,12,0.0,22.491,-30.606
2025,2025onosh,Week 3,2198,12,0.0,15.448,-30.606
2025,2025onosh,Week 3,9580,12,0.0,9.946,-15.803
2025,2025onosh,Week 3,7902,12,0.0,16.772,-18.403
2025,2025onosh,Week 3,2852,12,0.0,18.578,-44.836
2025,2025onosh,Week 3,7712,12,0.0,19.583,-44.836
2025,2025onosh,Week 3,8349,12,0.0,23.475,-29.423
2025,2025onosh,Week 3,2708,12,0.0,17.172,-25.364
2025,2025onosh,Week 3,6864,12,0.0,20.272,-43.343
2025,2025onosh,Week 3,9569,12,0.0,16.457,-33.122
2025,2025onosh,Week 3,5596,12,0.0,15.169,-28.463
2025,2025onosh,Week 3,5406,12,0.0,18.156,-29.307
2025,2025onosh,Week 3,7200,12,0.0,17.183,-25.364
2025,2025onosh,Week 3,10464,12,0.0,19.91,-29.423
2025,2025onosh,Week 3,10015,12,-0.0,12.73,-15.803
2025,2025onosh,Week 3,7480,12,0.0,15.104,-23.433
2025,2025onosh,Week 3,4907,12,0.0,23.92,-43.343
2025,2025onosh,Week 3,6859,12,0.0,17.106,-25.325
2025,2025onosh,Week 3,8884,12,0.0,16.657,-42.952
2025,2025onosh,Week 3,5036,12,-0.0,17.396,-33.122
2025,2025onosh,Week 3,3543,12,0.0,14.233,-28.369
2025,2025onosh,Week 3,9592,12,0.0,13.15,-20.418
2025,2025onosh,Week 3,9589,12,0.0,11.368,-25.325
2025,2025onosh,Week 3,10279,12,0.0,9.588,-15.998
2025,2025onosh,Week 3,4917,12,0.0,20.456,-43.343
2025,2025onosh,Week 3,4476,12,0.0,19.774,-42.952
2025,2025onosh,Week 3,8764,12,0.0,16.495,-33.122
2025,2025paphi,Week 3,8117,12,0.0,18.572,-41.876
2025,2025paphi,Week 3,5407,12,0.0,19.405,-28.032
2025,2025paphi,Week 3,10070,12,0.0,16.313,-25.116
2025,2025paphi,Week 3,2095,12,0.0,22.349,-41.876
2025,2025paphi,Week 3,1218,12,0.0,15.472,-21.018
2025,2025paphi,Week 3,10001,12,0.0,13.286,-20.208
2025,2025paphi,Week 3,709,12,0.0,19.106,-34.957
2025,2025paphi,Week 3,5113,12,0.0,21.905,-41.866
2025,2025paphi,Week 3,10143,12,0.0,19.734,-29.939
2025,2025paphi,Week 3,1391,12,0.0,22.2,-41.866
2025,2025paphi,Week 3,10653,12,0.0,15.58,-28.032
2025,2025paphi,Week 3,1168,12,0.0,17.897,-34.957
2025,2025paphi,Week 3,423,12,0.0,18.89,-43.982
2025,2025paphi,Week 3,10584,12,0.0,15.38,-28.032
2025,2025paphi,Week 3,272,12,0.0,14.496,-31.494
2025,2025paphi,Week 3,4637,12,0.0,18.157,-34.957
2025,2025paphi,Week 3,9094,12,-0.0,17.223,-31.494
2025,2025paphi,Week 3,341,12,0.0,18.371,-29.939
2025,2025paphi,Week 3,2234,12,0.0,18.598,-31.494
2025,2025paphi,Week 3,10232,12,0.0,13.835,-22.017
2025,2025paphi,Week 3,5181,12,0.0,22.603,-43.982
2025,2025paphi,Week 3,2539,12,0.0,19.428,-43.982
2025,2025paphi,Week 3,2458,12,0.0,11.649,-15.414
2025,2025paphi,Week 3,9014,12,0.0,13.475,-18.26
2025,2025paphi,Week 3,4373,12,0.0,15.245,-26.296
2025,2025paphi,Week 3,4342,12,0.0,23.828,-41.876
2025,2025txman,Week 3,8879,12,0.0,19.491,-32.652
2025,2025txman,Week 3,2881,12,-0.0,20.947,-32.652
2025,2025txman,Week 3,5052,12,0.0,15.781,-32.652
2025,2025txman,Week 3,118,12,0.0,17.986,-31.265
2025,2025txman,Week 3,6377,12,0.0,16.908,-28.785
2025,2025txman,Week 3,10032,12,0.0,14.027,-25.81
2025,2025txman,Week 3,6180,12,0.0,15.602,-31.822
2025,2025txman,Week 3,9054,12,0.0,12.81,-20.896
2025,2025txman,Week 3,9137,12,0.0,14.613,-20.025
2025,2025txman,Week 3,4251,12,0.0,15.314,-28.785
2025,2025txman,Week 3,418,12,0.0,12.655,-31.265
2025,2025txman,Week 3,8370,12,0.0,12.08,-16.613
2025,2025txman,Week 3,2468,12,0.0,13.597,-28.598
2025,2025txman,Week 3,9311,12,0.0,16.229,-31.265
2025,2025txman,Week 3,624,12,0.0,18.061,-22.666
2025,2025txman,Week 3,9506,12,0.0,11.812,-22.666
2025,2025txman,Week 3,3743,12,0.0,12.456,-31.822
2025,2025txman,Week 3,2687,12,0.0,20.268,-40.931
2025,2025txman,Week 3,8576,12,0.0,13.033,-19.546
2025,2025txman,Week 3,6800,12,0.0,19.12,-28.598
2025,2025txman,Week 3,2158,12,0.0,17.015,-23.896
2025,2025txman,Week 3,9577,12,0.0,12.244,-19.546
2025,2025txman,Week 3,10118,12,0.0,14.761,-18.983
2025,2025txman,Week 3,2789,12,0.0,17.644,-40.931
2025,2025txman,Week 3,2689,12,0.0,17.749,-40.931
2025,2025wabon,Week 3,2927,12,0.0,18.26,-32.912
2025,2025wabon,Week 3,4579,12,0.0,15.792,-22.84
2025,2025wabon,Week 3,10079,12,0.0,11.125,-19.962
2025,2025wabon,Week 3,5937,12,0.0,17.684,-25.655
2025,2025wabon,Week 3,4469,12,0.0,16.871,-24.333
2025,2025wabon,Week 3,4682,12,0.0,20.766,-32.088
2025,2025wabon,Week 3,6350,12,-0.0,17.756,-22.84
2025,2025wabon,Week 3,5588,12,0.0,23.318,-23.254
2025,2025wabon,Week 3,10455,12,0.0,17.913,-17.276
2025,2025wabon,Week 3,2976,12,0.0,16.195,-23.656
2025,2025wabon,Week 3,949,12,-0.0,18.315,-23.444
2025,2025wabon,Week 3,3218,12,-0.0,19.013,-30.518
2025,2025wabon,Week 3,4512,12,0.0,18.593,-23.117
2025,2025wabon,Week 3,8303,12,0.0,20.381,-32.088
2025,2025wabon,Week 3,948,12,-0.0,22.446,-48.953
2025,2025wabon,Week 3,2522,12,0.0,12.88,-24.672
2025,2025wabon,Week 3,2046,12,0.0,19.8,-34.722
2025,2025wabon,Week 3,8302,12,0.0,24.208,-48.953
2025,2025wabon,Week 3,2903,12,0.0,14.428,-30.668
2025,2025wabon,Week 3,8896,12,0.0,15.089,-30.668
2025,2025wabon,Week 3,2929,12,0.0,15.322,-30.668
2025,2025wabon,Week 3,4089,12,-0.0,17.026,-36.583
2025,2025wabon,Week 3,9036,12,0.0,21.892,-36.583
2025,2025wabon,Week 3,1983,12,0.0,29.239,-48.953
2025,2025wabon,Week 3,7461,12,0.0,22.581,-43.48
2025,2025wabon,Week 3,8051,12,0.0,24.994,-43.48
2025,2025wabon,Week 3,1778,12,0.0,24.886,-43.48
2025,2025wabon,Week 3,3393,12,0.0,15.798,-30.518
2025,2025wabon,Week 3,2906,12,0.0,14.025,-17.648
2025,2025wabon,Week 3,4911,12,-0.0,23.961,-32.912
2025,2025wabon,Week 3,5941,12,0.0,16.639,-23.656
2025,2025wabon,Week 3,9446,12,0.0,14.028,-34.722
2025,2025wabon,Week 3,8032,12,0.0,21.917,-32.088
2025,2025wabon,Week 3,3268,12,0.0,11.818,-17.648
2025,2025cada,Week 3,8768,12,-0.0,14.209,-17.67
2025,2025cada,Week 3,4698,12,-0.0,16.384,-30.454
2025,2025cada,Week 3,701,12,-0.0,14.92,-26.963
2025,2025cada,Week 3,7137,12,-0.0,27.058,-55.741
2025,2025cada,Week 3,972,12,-0.0,35.621,-68.379
2025,2025cada,Week 3,9114,12,-0.0,21.717,-55.741
2025,2025cada,Week 3,1678,12,-0.0,23.446,-46.762
2025,2025cada,Week 3,9400,12,-0.0,21.801,-46.762
2025,2025cada,Week 3,2135,12,-0.0,17.442,-46.762
2025,2025cada,Week 3,5274,12,-0.0,23.471,-36.601
2025,2025cada,Week 3,5419,12,-0.0,26.789,-40.84
2025,2025cada,Week 3,7528,12,-0.0,15.021,-30.454
2025,2025cada,Week 3,3598,12,-0.0,19.908,-27.61
2025,2025cada,Week 3,6981,12,-0.0,15.752,-22.536
2025,2025cada,Week 3,3257,12,-0.0,20.08,-40.84
2025,2025cada,Week 3,3189,12,-0.0,19.958,-27.61
2025,2025cada,Week 3,5171,12,-0.0,9.778,-18.644
2025,2025cada,Week 3,2288,12,-0.0,15.072,-20.594
2025,2025cada,Week 3,5458,12,-0.0,17.823,-42.272
2025,2025cada,Week 3,6665,12,-0.0,16.254,-29.936
2025,2025cada,Week 3,4135,12,-0.0,19.562,-41.842
2025,2025cada,Week 3,6662,12,-0.0,16.501,-35.43
2025,2025cada,Week 3,1671,12,-0.0,23.412,-27.558
2025,2025cada,Week 3,10212,12,-0.0,25.207,-36.601
2025,2025cada,Week 3,7157,12,-0.0,14.882,-16.287
2025,2025cada,Week 3,2073,12,-0.0,31.44,-42.272
2025,2025cada,Week 3,5499,12,-0.0,21.678,-27.558
2025,2025cada,Week 3,4643,12,-0.0,13.458,-29.936
2025,2025cada,Week 3,9125,12,-0.0,14.88,-26.963
2025,2025cada,Week 3,254,12,-0.0,19.273,-41.842
2025,2025cada,Week 3,3482,12,-0.0,29.876,-68.379
2025,2025cada,Week 3,4522,12,-0.0,32.272,-68.379
2025,2025cada,Week 3,2204,12,-0.0,20.216,-42.272
2025,2025cada,Week 3,199,12,-0.0,14.039,-27.558
2025,2025txvic,Week 3,8591,12,-0.0,16.268,-32.324
2025,2025txvic,Week 3,1477,12,-0.0,14.497,-28.891
2025,2025txvic,Week 3,3035,12,-0.0,10.055,-20.712
2025,2025txvic,Week 3,10385,12,-0.0,12.774,-22.385
2025,2025txvic,Week 3,9289,12,-0.0,22.886,-28.891
2025,2025txvic,Week 3,9517,12,-0.0,11.776,-22.385
2025,2025txvic,Week 3,2583,12,0.0,14.263,-36.534
2025,2025txvic,Week 3,324,12,-0.0,13.211,-23.935
2025,2025txvic,Week 3,7616,12,-0.0,14.101,-28.891
2025,2025txvic,Week 3,5908,12,-0.0,13.407,-26.725
2025,2025txvic,Week 3,4639,12,0.0,10.462,-19.514
2025,2025txvic,Week 3,9051,12,-0.0,12.888,-17.631
2025,2025txvic,Week 3,10340,12,-0.0,16.167,-32.324
2025,2025txvic,Week 3,4063,12,0.0,9.449,-16.718
2025,2025txvic,Week 3,9478,12,-0.0,12.278,-23.445
2025,2025txvic,Week 3,9448,12,-0.0,13.208,-23.445
2025,2025txvic,Week 3,8019,12,-0.0,14.965,-36.534
2025,2025txvic,Week 3,8573,12,-0.0,10.947,-22.459
2025,2025txvic,Week 3,9515,12,-0.0,9.134,-8.728
2025,2025txvic,Week 3,8818,12,-0.0,16.081,-23.935
2025,2025txvic,Week 3,2587,12,-0.0,16.495,-36.534
2025,2025txvic,Week 3,5829,12,-0.0,12.205,-14.403
2025,2025txvic,Week 3,9121,12,-0.0,10.543,-17.631
2025,2025txvic,Week 3,8750,12,-0.0,16.694,-32.324
2025,2025txvic,Week 3,9128,12,-0.0,17.642,-23.935
2025,2025ontor,Week 4,5032,12,-0.0,24.8,-37.637
2025,2025ontor,Week 4,3560,12,-0.0,13.127,-25.014
2025,2025ontor,Week 4,10279,12,-0.0,17.856,-31.407
2025,2025ontor,Week 4,4976,12,-0.0,21.221,-30.708
2025,2025ontor,Week 4,9785,12,-0.0,24.356,-48.477
2025,2025ontor,Week 4,4015,12,-0.0,11.656,-23.321
2025,2025ontor,Week 4,6725,12,-0.0,20.469,-48.477
2025,2025ontor,Week 4,854,12,-0.0,15.872,-24.629
2025,2025ontor,Week 4,2935,12,-0.0,18.588,-37.637
2025,2025ontor,Week 4,10634,12,-0.0,16.734,-30.013
2025,2025ontor,Week 4,9782,12,-0.0,14.345,-26.634
2025,2025ontor,Week 4,10027,12,-0.0,17.275,-27.591
2025,2025ontor,Week 4,2634,12,-0.0,23.149,-24.629
2025,2025ontor,Week 4,7558,12,-0.0,23.798,-35.887
2025,2025ontor,Week 4,9262,12,-0.0,21.766,-37.637
2025,2025ontor,Week 4,4920,12,-0.0,18.445,-35.887
2025,2025ontor,Week 4,9575,12,-0.0,13.147,-22.529
2025,2025ontor,Week 4,7136,12,-0.0,22.125,-41.228
2025,2025ontor,Week 4,9562,12,-0.0,18.19,-41.228
2025,2025ontor,Week 4,3161,12,-0.0,19.112,-31.407
2025,2025ontor,Week 4,7520,12,-0.0,20.405,-35.887
2025,2025ontor,Week 4,9659,12,-0.0,11.849,-24.629
2025,2025ontor,Week 4,6975,12,-0.0,17.311,-28.87
2025,2025ontor,Week 4,4308,12,-0.0,17.54,-30.708
2025,2025ontor,Week 4,5719,12,-0.0,17.695,-25.014
2025,2025ontor,Week 4,8850,12,-0.0,17.955,-23.705
2025,2025ontor,Week 4,6632,12,-0.0,25.937,-48.477
2025,2025ontor,Week 4,6397,12,-0.0,17.449,-30.013
2025,2025flor,Week 4,79,10,-0.0,18.508,-30.894
2025,2025flor,Week 4,8841,10,-0.0,15.724,-30.894
2025,2025flor,Week 4,86,11,-0.0,17.617,-30.894
2025,2025flor,Week 4,4118,10,-0.0,18.625,-36.861
2025,2025flor,Week 4,8324,10,-0.0,17.953,-24.738
2025,2025flor,Week 4,21,11,-0.0,12.715,-25.474
2025,2025flor,Week 4,179,10,0.0,16.072,-43.007
2025,2025flor,Week 4,5145,10,-0.0,20.489,-43.007
2025,2025flor,Week 4,801,10,-0.0,17.97,-43.007
2025,2025flor,Week 4,3627,10,-0.0,18.178,-20.228
2025,2025flor,Week 4,8057,10,0.0,21.766,-34.064
2025,2025flor,Week 4,2152,10,-0.0,18.432,-28.523
2025,2025flor,Week 4,10017,10,-0.0,20.826,-36.861
2025,2025flor,Week 4,744,11,0.0,17.627,-27.854
2025,2025flor,Week 4,8817,10,-0.0,21.86,-35.913
2025,2025flor,Week 4,10650,10,0.0,12.961,-18.329
2025,2025flor,Week 4,9030,10,-0.0,15.917,-26.228
2025,2025flor,Week 4,5842,10,-0.0,19.225,-30.173
2025,2025flor,Week 4,9300,10,-0.0,10.602,-16.182
2025,2025flor,Week 4,6722,10,0.0,12.227,-24.738
2025,2025flor,Week 4,233,10,-0.0,19.389,-22.639
2025,2025flor,Week 4,10323,10,-0.0,19.459,-27.336
2025,2025flor,Week 4,6322,10,-0.0,17.776,-25.005
2025,2025flor,Week 4,3932,10,-0.0,21.392,-35.913
2025,2025flor,Week 4,7403,10,-0.0,8.581,-18.178
2025,2025flor,Week 4,8775,10,0.0,9.051,-18.867
2025,2025flor,Week 4,1902,11,-0.0,26.269,-68.111
2025,2025flor,Week 4,4562,10,0.0,15.74,-26.305
2025,2025flor,Week 4,1744,10,-0.0,21.125,-28.523
2025,2025flor,Week 4,6473,10,-0.0,19.815,-26.305
2025,2025flor,Week 4,8753,10,-0.0,14.409,-18.178
2025,2025flor,Week 4,10335,10,-0.0,17.861,-25.474
2025,2025flor,Week 4,8791,10,-0.0,16.468,-35.913
2025,2025flor,Week 4,180,10,-0.0,17.082,-20.037
2025,2025flor,Week 4,59,10,-0.0,18.645,-36.861
2025,2025flor,Week 4,1592,10,0.0,14.702,-20.037
2025,2025flor,Week 4,10402,10,-0.0,20.918,-33.453
2025,2025flor,Week 4,4091,10,0.0,18.83,-33.453
2025,2025flor,Week 4,386,10,0.0,20.846,-33.453
2025,2025flor,Week 4,5472,10,-0.0,17.023,-30.173
2025,2025flor,Week 4,7431,10,-0.0,19.724,-34.064
2025,2025flor,Week 4,1523,10,0.0,25.72,-68.111
2025,2025flor,Week 4,2797,10,0.0,13.488,-22.559
2025,2025flor,Week 4,1557,10,-0.0,17.865,-26.228
2025,2025flor,Week 4,5816,10,-0.0,6.212,-13.173
2025,2025flor,Week 4,10211,10,-0.0,11.855,-18.867
2025,2025flor,Week 4,4024,10,-0.0,10.699,-16.488
2025,2025flor,Week 4,9670,10,-0.0,14.381,-27.336
2025,2025flor,Week 4,431,10,-0.0,27.854,-68.111
2025,2025flor,Week 4,4013,10,-0.0,17.134,-34.064
2025,2025nyli2,Week 4,6636,10,-0.0,12.079,-19.352
2025,2025nyli2,Week 4,496,10,-0.0,25.252,-53.412
2025,2025nyli2,Week 4,1554,10,0.0,22.036,-29.505
2025,2025nyli2,Week 4,870,10,-0.0,12.057,-15.081
2025,2025nyli2,Week 4,2869,10,0.0,11.91,-18.694
2025,2025nyli2,Week 4,353,10,-0.0,21.121,-39.495
2025,2025nyli2,Week 4,9692,10,-0.0,17.144,-39.495
2025,2025nyli2,Week 4,533,10,0.0,9.876,-16.202
2025,2025nyli2,Week 4,564,10,-0.0,13.024,-17.91
2025,2025nyli2,Week 4,884,10,-0.0,10.597,-17.458
2025,2025nyli2,Week 4,6806,10,-0.0,15.26,-19.352
2025,2025nyli2,Week 4,1468,10,-0.0,22.065,-39.495
2025,2025nyli2,Week 4,601,10,-0.0,20.571,-53.412
2025,2025nyli2,Week 4,2872,10,-0.0,14.4,-18.746
2025,2025nyli2,Week 4,871,10,-0.0,13.233,-24.044
2025,2025nyli2,Week 4,5736,10,0.0,14.07,-19.654
2025,2025nyli2,Week 4,4567,10,-0.0,10.326,-15.083
2025,2025nyli2,Week 4,287,10,-0.0,10.92,-24.044
2025,2025nyli2,Week 4,2027,10,-0.0,15.596,-18.694
2025,2025nyli2,Week 4,1803,10,-0.0,12.705,-19.231
2025,2025nyli2,Week 4,4458,10,-0.0,13.041,-17.07
2025,2025nyli2,Week 4,10621,10,0.0,13.684,-19.431
2025,2025nyli2,Week 4,2487,10,0.0,12.836,-17.458
2025,2025nyli2,Week 4,2347,10,-0.0,10.563,-14.432
2025,2025nyli2,Week 4,6423,10,0.0,23.713,-32.115
2025,2025nyli2,Week 4,514,10,-0.0,13.417,-23.354
2025,2025nyli2,Week 4,1546,10,-0.0,16.107,-24.044
2025,2025nyli2,Week 4,2875,10,-0.0,18.714,-19.751
2025,2025nyli2,Week 4,5016,10,-0.0,12.911,-19.669
2025,2025nyli2,Week 4,806,10,0.0,17.976,-29.512
2025,2025nyli2,Week 4,527,10,-0.0,13.874,-19.156
2025,2025nyli2,Week 4,6024,10,0.0,17.248,-32.169
2025,2025nyli2,Week 4,569,10,0.0,15.152,-18.746
2025,2025nyli2,Week 4,3137,10,-0.0,21.566,-38.354
2025,2025nyli2,Week 4,9016,10,-0.0,25.251,-53.412
2025,2025nyli2,Week 4,3950,10,-0.0,24.397,-38.354
2025,2025nyli2,Week 4,810,10,-0.0,11.417,-19.751
2025,2025nyli2,Week 4,545,10,-0.0,14.861,-19.431
2025,2025nyli2,Week 4,1601,10,0.0,9.258,-16.222
2025,2025nyli2,Week 4,358,10,-0.0,12.627,-29.512
2025,2025nyli2,Week 4,2161,10,-0.0,15.619,-29.505
2025,2025nyli2,Week 4,263,10,-0.0,16.926,-19.654
2025,2025nyli2,Week 4,3624,10,0.0,21.147,-32.169
2025,2025nyli2,Week 4,9646,10,0.0,13.825,-29.512
2025,2025nyli2,Week 4,28,10,-0.0,10.954,-16.202
2025,2025nyli2,Week 4,8267,10,0.0,16.912,-29.345
2025,2025nyli2,Week 4,271,10,-0.0,18.467,-29.345
2025,2025nyli2,Week 4,329,10,-0.0,18.522,-32.115
2025,2025paca,Week 4,451,9,0.0,11.239,-13.272
2025,2025paca,Week 4,10515,9,0.0,15.058,-18.572
2025,2025paca,Week 4,4050,9,0.0,8.531,-9.302
2025,2025paca,Week 4,9767,9,0.0,14.71,-21.035
2025,2025paca,Week 4,3260,9,0.0,12.746,-21.509
2025,2025paca,Week 4,3484,10,-0.0,9.673,-12.367
2025,2025paca,Week 4,2399,9,0.0,11.081,-21.509
2025,2025paca,Week 4,2095,9,0.0,5.661,-9.612
2025,2025paca,Week 4,4269,9,0.0,17.147,-28.14
2025,2025paca,Week 4,7274,9,0.0,19.991,-30.904
2025,2025paca,Week 4,63,9,0.0,13.456,-18.565
2025,2025paca,Week 4,5740,9,0.0,10.783,-18.565
2025,2025paca,Week 4,3539,9,0.0,10.644,-21.035
2025,2025paca,Week 4,10207,9,0.0,14.932,-19.579
2025,2025paca,Week 4,10208,9,0.0,12.595,-18.311
2025,2025paca,Week 4,9004,9,0.0,7.729,-17.092
2025,2025paca,Week 4,4467,9,0.0,17.906,-30.904
2025,2025paca,Week 4,10516,9,0.0,10.618,-17.421
2025,2025paca,Week 4,709,9,-0.0,14.179,-28.14
2025,2025paca,Week 4,5413,9,0.0,11.21,-15.792
2025,2025paca,Week 4,117,9,0.0,12.063,-25.157
2025,2025paca,Week 4,2234,9,0.0,10.7,-17.092
2025,2025paca,Week 4,4991,9,0.0,11.521,-15.373
2025,2025paca,Week 4,10512,10,0.0,11.372,-23.181
2025,2025paca,Week 4,10513,9,-0.0,14.682,-23.181
2025,2025paca,Week 4,1708,9,0.0,10.844,-15.373
2025,2025paca,Week 4,7497,9,-0.0,13.058,-17.759
2025,2025paca,Week 4,4122,9,0.0,17.532,-20.395
2025,2025paca,Week 4,4121,9,0.0,14.238,-20.395
2025,2025paca,Week 4,379,10,0.0,13.193,-25.345
2025,2025paca,Week 4,9022,9,0.0,15.985,-24.931
2025,2025paca,Week 4,4601,9,0.0,14.78,-21.222
2025,2025paca,Week 4,4150,9,0.0,14.509,-21.222
2025,2025paca,Week 4,4027,9,-0.0,20.404,-41.663
2025,2025paca,Week 4,677,9,0.0,17.604,-41.663
2025,2025paca,Week 4,694,9,0.0,22.132,-41.663
2025,2025paca,Week 4,3504,9,0.0,15.918,-25.157
2025,2025paca,Week 4,3984,9,0.0,7.752,-14.925
2025,2025paca,Week 4,2603,9,0.0,13.981,-13.115
2025,2025paca,Week 4,6834,9,-0.0,12.442,-22.587
2025,2025paca,Week 4,2172,9,0.0,10.999,-22.587
2025,2025paca,Week 4,2641,9,0.0,16.46,-30.904
2025,2025paca,Week 4,4145,9,0.0,12.433,-24.931
2025,2025paca,Week 4,2656,9,0.0,14.703,-25.345
2025,2025paca,Week 4,2638,9,0.0,15.638,-28.14
2025,2025paca,Week 4,9475,9,0.0,5.28,-7.523
2025,2025paca,Week 4,9194,9,-0.0,7.634,-18.572
2025,2025paca,Week 4,9415,9,0.0,18.696,-24.365
2025,2025paca,Week 4,3492,9,-0.0,6.553,-9.947
2025,2025paca,Week 4,10582,9,0.0,11.912,-24.931
2025,2025paca,Week 4,7515,9,0.0,12.962,-24.365
2025,2025paca,Week 4,5667,9,-0.0,15.44,-25.157
2025,2025paca,Week 4,8705,9,0.0,18.172,-25.345
2025,2025ilpe,Week 4,3596,12,-0.0,18.197,-38.443
2025,2025ilpe,Week 4,648,12,0.0,21.833,-39.773
2025,2025ilpe,Week 4,4423,12,-0.0,24.123,-53.568
2025,2025ilpe,Week 4,4645,12,-0.0,19.814,-38.443
2025,2025ilpe,Week 4,4655,12,-0.0,27.364,-38.887
2025,2025ilpe,Week 4,1756,12,-0.0,19.551,-33.633
2025,2025ilpe,Week 4,1138,12,-0.0,17.616,-18.523
2025,2025ilpe,Week 4,9082,12,-0.0,16.321,-30.601
2025,2025ilpe,Week 4,7848,12,-0.0,23.461,-38.443
2025,2025ilpe,Week 4,8096,12,-0.0,11.063,-17.177
2025,2025ilpe,Week 4,1736,12,-0.0,18.202,-37.285
2025,2025ilpe,Week 4,6421,12,0.0,14.311,-16.549
2025,2025ilpe,Week 4,2481,12,-0.0,17.476,-23.107
2025,2025ilpe,Week 4,4314,12,-0.0,13.673,-19.205
2025,2025ilpe,Week 4,2470,12,-0.0,31.352,-53.568
2025,2025ilpe,Week 4,2040,12,-0.0,25.806,-53.568
2025,2025ilpe,Week 4,4156,12,0.0,18.842,-29.103
2025,2025ilpe,Week 4,5442,12,0.0,17.605,-26.297
2025,2025ilpe,Week 4,3488,12,-0.0,14.352,-23.107
2025,2025ilpe,Week 4,8880,12,0.0,17.529,-26.297
2025,2025ilpe,Week 4,1208,12,-0.0,13.194,-18.697
2025,2025ilpe,Week 4,2022,12,0.0,20.111,-34.638
2025,2025ilpe,Week 4,4213,12,-0.0,21.23,-43.558
2025,2025ilpe,Week 4,7417,12,-0.0,20.644,-34.107
2025,2025ilpe,Week 4,2358,12,-0.0,21.649,-39.773
2025,2025ilpe,Week 4,1259,12,-0.0,23.522,-38.887
2025,2025ilpe,Week 4,2861,12,-0.0,18.488,-34.638
2025,2025ilpe,Week 4,4096,12,-0.0,26.689,-38.887
2025,2025ilpe,Week 4,6237,12,-0.0,16.711,-26.393
2025,2025ilpe,Week 4,10435,12,0.0,18.769,-43.558
2025,2025ilpe,Week 4,2039,12,-0.0,14.226,-20.902
2025,2025ilpe,Week 4,5847,12,-0.0,17.4,-37.285
2025,2025ilpe,Week 4,2704,12,-0.0,19.582,-34.638
2025,2025ilpe,Week 4,6651,12,0.0,21.574,-39.773
2025,2025ilpe,Week 4,4143,12,-0.0,18.358,-36.077
2025,2025ksla,Week 4,9551,12,0.0,12.85,-19.61
2025,2025ksla,Week 4,10453,12,0.0,17.266,-32.894
2025,2025ksla,Week 4,1764,12,-0.0,21.727,-35.101
2025,2025ksla,Week 4,1108,12,-0.0,18.837,-35.101
2025,2025ksla,Week 4,1825,12,0.0,13.555,-18.874
2025,2025ksla,Week 4,1730,12,0.0,13.084,-23.994
2025,2025ksla,Week 4,5119,12,0.0,20.737,-52.148
2025,2025ksla,Week 4,10682,12,-0.0,15.58,-23.994
2025,2025ksla,Week 4,1769,12,-0.0,20.133,-32.894
2025,2025ksla,Week 4,2457,12,0.0,14.555,-23.259
2025,2025ksla,Week 4,757,12,-0.0,15.836,-23.259
2025,2025ksla,Week 4,1723,12,-0.0,21.718,-23.259
2025,2025ksla,Week 4,2345,12,-0.0,14.735,-22.488
2025,2025ksla,Week 4,1847,12,-0.0,16.372,-30.001
2025,2025ksla,Week 4,6843,12,-0.0,10.664,-17.424
2025,2025ksla,Week 4,4455,12,0.0,15.577,-22.973
2025,2025ksla,Week 4,1994,12,0.0,15.804,-25.355
2025,2025ksla,Week 4,5189,12,-0.0,20.187,-24.57
2025,2025ksla,Week 4,1810,12,0.0,17.367,-35.101
2025,2025ksla,Week 4,6652,12,-0.0,18.791,-30.001
2025,2025ksla,Week 4,5098,12,-0.0,20.437,-52.148
2025,2025ksla,Week 4,9445,12,-0.0,23.567,-32.894
2025,2025ksla,Week 4,1827,12,0.0,15.326,-22.621
2025,2025ksla,Week 4,5013,12,0.0,16.207,-23.39
2025,2025ksla,Week 4,4959,12,0.0,13.851,-22.621
2025,2025ksla,Week 4,9316,12,0.0,13.152,-17.429
2025,2025ksla,Week 4,1986,12,0.0,23.98,-52.148
2025,2025ksla,Week 4,5268,12,-0.0,23.126,-30.443
2025,2025ksla,Week 4,2410,12,-0.0,20.434,-25.355
2025,2025ksla,Week 4,935,12,0.0,12.495,-22.616
2025,2025ksla,Week 4,4809,12,0.0,12.657,-23.39
2025,2025ksla,Week 4,2001,12,-0.0,15.303,-30.443
2025,2025ksla,Week 4,2560,12,0.0,16.135,-24.973
2025,2025ksla,Week 4,5141,12,-0.0,17.46,-25.355
2025,2025ksla,Week 4,7421,12,0.0,14.931,-23.994
2025,2025ksla,Week 4,937,12,0.0,8.62,-15.514
2025,2025oktu,Week 4,9631,10,-0.0,14.478,-29.524
2025,2025oktu,Week 4,2359,10,-0.0,11.993,-18.545
2025,2025oktu,Week 4,10674,10,-0.0,9.506,-14.664
2025,2025oktu,Week 4,3937,10,-0.0,9.103,-14.319
2025,2025oktu,Week 4,1209,10,-0.0,12.213,-17.556
2025,2025oktu,Week 4,2080,10,-0.0,14.219,-22.148
2025,2025oktu,Week 4,4523,10,0.0,17.464,-26.076
2025,2025oktu,Week 4,31,10,-0.0,19.661,-27.779
2025,2025oktu,Week 4,9031,10,-0.0,15.455,-26.076
2025,2025oktu,Week 4,3130,10,-0.0,21.391,-41.969
2025,2025oktu,Week 4,5454,10,-0.0,13.912,-22.148
2025,2025oktu,Week 4,6026,10,-0.0,14.908,-21.849
2025,2025oktu,Week 4,9462,10,-0.0,12.057,-21.849
2025,2025oktu,Week 4,3160,10,-0.0,9.137,-14.141
2025,2025oktu,Week 4,2395,10,-0.0,14.218,-20.731
2025,2025oktu,Week 4,2352,10,-0.0,18.669,-28.953
2025,2025oktu,Week 4,10661,10,0.0,12.56,-13.75
2025,2025oktu,Week 4,8711,10,-0.0,11.387,-22.148
2025,2025oktu,Week 4,2333,10,-0.0,15.351,-25.176
2025,2025oktu,Week 4,3660,10,-0.0,9.445,-14.565
2025,2025oktu,Week 4,8760,10,-0.0,18.126,-41.969
2025,2025oktu,Week 4,8112,11,-0.0,9.876,-27.779
2025,2025oktu,Week 4,3179,10,-0.0,20.326,-48.492
2025,2025oktu,Week 4,3507,11,-0.0,8.431,-14.565
2025,2025oktu,Week 4,2165,10,-0.0,16.786,-21.424
2025,2025oktu,Week 4,2773,10,-0.0,12.797,-25.176
2025,2025oktu,Week 4,1819,10,0.0,15.589,-29.524
2025,2025oktu,Week 4,9472,10,-0.0,11.571,-22.528
2025,2025oktu,Week 4,5690,10,-0.0,21.012,-48.492
2025,2025oktu,Week 4,1561,10,-0.0,13.752,-28.953
2025,2025oktu,Week 4,9244,10,0.0,15.204,-29.879
2025,2025oktu,Week 4,2341,10,-0.0,17.855,-32.819
2025,2025oktu,Week 4,4005,10,0.0,15.005,-29.879
2025,2025oktu,Week 4,9701,10,-0.0,15.726,-36.398
2025,2025oktu,Week 4,2383,11,0.0,18.756,-36.398
2025,2025oktu,Week 4,3931,10,0.0,19.814,-36.398
2025,2025oktu,Week 4,10219,10,0.0,16.586,-32.819
2025,2025oktu,Week 4,3465,10,-0.0,17.306,-22.528
2025,2025oktu,Week 4,7662,11,-0.0,13.408,-21.849
2025,2025oktu,Week 4,6424,10,-0.0,21.598,-48.492
2025,2025oktu,Week 4,3247,10,-0.0,21.154,-41.969
2025,2025wila,Week 4,3381,9,0.0,19.892,-26.649
2025,2025wila,Week 4,171,9,0.0,12.066,-26.649
2025,2025wila,Week 4,4011,9,0.0,15.323,-26.649
2025,2025wila,Week 4,4207,9,-0.0,13.59,-18.636
2025,2025wila,Week 4,3055,9,0.0,15.815,-21.402
2025,2025wila,Week 4,3692,9,0.0,12.104,-21.969
2025,2025wila,Week 4,2977,9,0.0,19.76,-21.477
2025,2025wila,Week 4,8700,9,0.0,21.039,-33.656
2025,2025wila,Week 4,3090,9,0.0,10.702,-18.745
2025,2025wila,Week 4,2830,9,0.0,23.196,-29.258
2025,2025wila,Week 4,6732,9,-0.0,19.071,-31.054
2025,2025wila,Week 4,1675,9,0.0,26.319,-46.061
2025,2025wila,Week 4,8701,9,0.0,23.462,-29.258
2025,2025wila,Week 4,93,9,-0.0,20.629,-31.054
2025,2025wila,Week 4,7619,9,-0.0,20.102,-33.656
2025,2025wila,Week 4,4531,10,0.0,17.162,-35.945
2025,2025wila,Week 4,5019,9,-0.0,14.301,-21.251
2025,2025wila,Week 4,2225,9,-0.0,26.302,-35.217
2025,2025wila,Week 4,4054,9,-0.0,20.174,-33.656
2025,2025wila,Week 4,8744,9,0.0,13.614,-19.305
2025,2025wila,Week 4,5826,9,0.0,18.31,-29.97
2025,2025wila,Week 4,7103,9,0.0,12.859,-14.929
2025,2025wila,Week 4,4021,9,-0.0,14.904,-18.636
2025,2025wila,Week 4,2062,9,-0.0,18.045,-21.969
2025,2025wila,Week 4,5586,9,-0.0,18.856,-22.826
2025,2025wila,Week 4,5148,9,-0.0,19.768,-27.0
2025,2025wila,Week 4,1091,9,-0.0,16.308,-40.143
2025,2025wila,Week 4,6166,9,0.0,13.398,-19.161
2025,2025wila,Week 4,9149,9,0.0,16.802,-18.636
2025,2025wila,Week 4,7021,9,-0.0,24.663,-46.061
2025,2025wila,Week 4,1716,9,0.0,20.622,-31.054
2025,2025wila,Week 4,2509,9,-0.0,10.25,-20.997
2025,2025wila,Week 4,3197,10,0.0,21.567,-35.945
2025,2025wila,Week 4,2531,9,-0.0,19.183,-21.402
2025,2025wila,Week 4,706,9,-0.0,22.971,-35.945
2025,2025wila,Week 4,9676,9,0.0,17.31,-27.0
2025,2025wila,Week 4,8024,9,-0.0,21.711,-40.143
2025,2025wila,Week 4,3418,9,-0.0,18.039,-21.477
2025,2025wila,Week 4,4009,9,0.0,7.23,-11.831
2025,2025wila,Week 4,2169,9,0.0,13.374,-26.369
2025,2025wila,Week 4,4728,9,0.0,13.382,-24.759
2025,2025wila,Week 4,9578,9,-0.0,12.502,-17.815
2025,2025wila,Week 4,5914,9,-0.0,13.747,-14.695
2025,2025wila,Week 4,2194,9,0.0,19.669,-46.061
2025,2025wila,Week 4,5903,10,0.0,28.063,-40.143
2025,2025wila,Week 4,6381,9,-0.0,20.993,-25.397
2025,2025wila,Week 4,2526,9,0.0,23.409,-28.525
2025,2025wila,Week 4,537,9,-0.0,22.458,-26.76
2025,2025wila,Week 4,8821,9,0.0,17.969,-26.369
2025,2025wila,Week 4,8531,9,0.0,15.925,-16.711
2025,2025wila,Week 4,2826,9,0.0,15.887,-26.76
2025,2025code,Week 4,1410,9,-0.0,16.567,-20.761
2025,2025code,Week 4,2261,9,0.0,11.921,-20.761
2025,2025code,Week 4,3807,9,-0.0,18.402,-28.145
2025,2025code,Week 4,9585,9,-0.0,12.945,-18.778
2025,2025code,Week 4,4388,9,-0.0,24.629,-44.055
2025,2025code,Week 4,3284,9,-0.0,16.584,-35.754
2025,2025code,Week 4,2220,9,-0.0,22.14,-33.815
2025,2025code,Week 4,6706,9,0.0,20.726,-34.763
2025,2025code,Week 4,1303,9,-0.0,17.283,-28.145
2025,2025code,Week 4,1977,9,-0.0,15.5,-25.409
2025,2025code,Week 4,2259,9,-0.0,10.778,-16.838
2025,2025code,Week 4,2240,9,-0.0,14.516,-28.763
2025,2025code,Week 4,6348,9,-0.0,22.819,-39.328
2025,2025code,Week 4,6510,9,-0.0,30.16,-39.328
2025,2025code,Week 4,4536,9,-0.0,16.569,-39.328
2025,2025code,Week 4,2996,9,-0.0,14.19,-24.748
2025,2025code,Week 4,10686,9,-0.0,19.792,-24.748
2025,2025code,Week 4,2945,9,-0.0,13.134,-24.748
2025,2025code,Week 4,4499,9,-0.0,13.402,-20.637
2025,2025code,Week 4,2036,9,-0.0,20.398,-42.385
2025,2025code,Week 4,8334,9,-0.0,9.865,-17.556
2025,2025code,Week 4,1619,9,-0.0,30.203,-33.815
2025,2025code,Week 4,4624,9,-0.0,11.916,-17.634
2025,2025code,Week 4,8584,9,0.0,12.274,-15.696
2025,2025code,Week 4,7479,9,-0.0,20.071,-34.259
2025,2025code,Week 4,4293,9,-0.0,19.518,-42.385
2025,2025code,Week 4,4593,9,0.0,21.232,-33.815
2025,2025code,Week 4,159,9,-0.0,16.17,-26.41
2025,2025code,Week 4,1056,9,-0.0,12.041,-26.41
2025,2025code,Week 4,1799,9,-0.0,20.828,-35.217
2025,2025code,Week 4,9586,9,0.0,18.04,-42.385
2025,2025code,Week 4,9552,9,-0.0,18.825,-44.055
2025,2025code,Week 4,4501,9,0.0,14.265,-19.32
2025,2025code,Week 4,7415,9,-0.0,23.066,-35.754
2025,2025code,Week 4,4550,9,-0.0,11.628,-16.86
2025,2025code,Week 4,7485,9,-0.0,18.024,-44.055
2025,2025code,Week 4,5493,9,0.0,14.739,-25.897
2025,2025code,Week 4,2083,9,-0.0,19.812,-25.452
2025,2025code,Week 4,6907,9,-0.0,10.658,-11.134
2025,2025code,Week 4,3200,9,-0.0,11.771,-24.912
2025,2025code,Week 4,1822,9,0.0,18.992,-35.217
2025,2025code,Week 4,3729,9,-0.0,10.668,-17.898
2025,2025code,Week 4,4418,9,-0.0,17.152,-34.259
2025,2025code,Week 4,4068,9,-0.0,13.329,-28.145
2025,2025code,Week 4,9068,9,0.0,16.999,-34.763
2025,2025code,Week 4,662,9,0.0,17.574,-25.452
2025,2025code,Week 4,9427,9,-0.0,21.715,-35.217
2025,2025code,Week 4,10333,9,0.0,13.314,-23.863
2025,2025code,Week 4,3648,9,-0.0,27.859,-25.897
2025,2025code,Week 4,1339,9,-0.0,19.997,-35.754
2025,2025mxto,Week 4,8293,10,0.0,18.258,-26.036
2025,2025mxto,Week 4,9060,10,-0.0,18.142,-23.475
2025,2025mxto,Week 4,4603,10,-0.0,13.17,-22.471
2025,2025mxto,Week 4,9134,10,0.0,22.341,-44.401
2025,2025mxto,Week 4,7546,10,-0.0,12.961,-19.914
2025,2025mxto,Week 4,5874,10,-0.0,13.585,-18.707
2025,2025mxto,Week 4,6170,10,0.0,21.858,-31.216
2025,2025mxto,Week 4,7687,10,0.0,14.811,-18.707
2025,2025mxto,Week 4,5526,10,0.0,23.458,-44.401
2025,2025mxto,Week 4,8266,10,-0.0,14.497,-20.021
2025,2025mxto,Week 4,5716,10,0.0,27.364,-52.356
2025,2025mxto,Week 4,6896,10,0.0,20.21,-31.216
2025,2025mxto,Week 4,8290,10,0.0,18.943,-28.506
2025,2025mxto,Week 4,6199,10,0.0,22.38,-31.216
2025,2025mxto,Week 4,9499,10,0.0,16.278,-28.506
2025,2025mxto,Week 4,8558,10,0.0,11.024,-17.9
2025,2025mxto,Week 4,4403,10,-0.0,17.385,-23.063
2025,2025mxto,Week 4,7037,10,-0.0,15.154,-19.777
2025,2025mxto,Week 4,4355,10,-0.0,17.853,-25.827
2025,2025mxto,Week 4,9120,10,-0.0,15.642,-25.827
2025,2025mxto,Week 4,9513,10,0.0,16.485,-25.827
2025,2025mxto,Week 4,7018,10,-0.0,16.7,-25.866
2025,2025mxto,Week 4,9213,10,-0.0,17.635,-25.866
2025,2025mxto,Week 4,6702,10,-0.0,17.507,-25.866
2025,2025mxto,Week 4,5312,10,-0.0,22.939,-52.356
2025,2025mxto,Week 4,10565,10,-0.0,16.884,-26.917
2025,2025mxto,Week 4,6483,10,-0.0,12.509,-17.499
2025,2025mxto,Week 4,9593,10,0.0,19.236,-44.401
2025,2025mxto,Week 4,6832,10,-0.0,12.485,-17.081
2025,2025mxto,Week 4,4401,10,-0.0,22.18,-26.036
2025,2025mxto,Week 4,4775,10,-0.0,19.613,-18.018
2025,2025mxto,Week 4,5705,10,-0.0,17.976,-17.9
2025,2025mxto,Week 4,7669,10,0.0,15.151,-26.917
2025,2025mxto,Week 4,9301,10,-0.0,21.24,-34.905
2025,2025mxto,Week 4,7653,10,-0.0,21.742,-34.905
2025,2025mxto,Week 4,8291,10,-0.0,18.444,-34.905
2025,2025mxto,Week 4,6200,10,0.0,16.095,-35.948
2025,2025mxto,Week 4,10562,10,0.0,21.561,-35.948
2025,2025mxto,Week 4,7577,10,-0.0,15.944,-35.948
2025,2025mxto,Week 4,8105,10,0.0,12.408,-18.707
2025,2025mxto,Week 4,4400,10,0.0,22.087,-52.356
2025,2025mxto,Week 4,4735,10,0.0,20.181,-23.063
2025,2025azgl,Week 4,4415,11,-0.0,15.291,-38.435
2025,2025azgl,Week 4,2840,11,-0.0,16.272,-25.547
2025,2025azgl,Week 4,698,11,-0.0,10.303,-17.773
2025,2025azgl,Week 4,9777,11,-0.0,14.857,-17.773
2025,2025azgl,Week 4,2478,11,-0.0,11.348,-19.471
2025,2025azgl,Week 4,9704,11,-0.0,14.064,-21.247
2025,2025azgl,Week 4,2375,11,-0.0,20.043,-33.838
2025,2025azgl,Week 4,10327,11,-0.0,14.817,-32.765
2025,2025azgl,Week 4,1212,11,-0.0,10.779,-14.078
2025,2025azgl,Week 4,5199,11,-0.0,21.521,-33.437
2025,2025azgl,Week 4,2662,11,-0.0,12.678,-22.623
2025,2025azgl,Week 4,10380,11,0.0,16.144,-33.838
2025,2025azgl,Week 4,3187,11,0.0,14.54,-23.894
2025,2025azgl,Week 4,7333,11,-0.0,18.682,-32.765
2025,2025azgl,Week 4,498,11,-0.0,13.859,-23.894
2025,2025azgl,Week 4,9091,11,-0.0,18.244,-32.765
2025,2025azgl,Week 4,10491,11,-0.0,12.31,-22.456
2025,2025azgl,Week 4,8806,11,-0.0,14.011,-23.2
2025,2025azgl,Week 4,6833,11,-0.0,23.221,-38.435
2025,2025azgl,Week 4,8848,11,-0.0,18.129,-32.816
2025,2025azgl,Week 4,6413,11,-0.0,13.64,-32.816
2025,2025azgl,Week 4,7703,11,0.0,14.91,-25.547
2025,2025azgl,Week 4,10506,11,-0.0,13.785,-23.404
2025,2025azgl,Week 4,4146,11,-0.0,18.25,-33.437
2025,2025azgl,Week 4,10256,11,0.0,16.251,-33.437
2025,2025azgl,Week 4,1165,11,-0.0,18.214,-29.246
2025,2025azgl,Week 4,3944,11,-0.0,17.667,-29.246
2025,2025azgl,Week 4,3577,11,0.0,13.124,-21.247
2025,2025azgl,Week 4,6352,11,-0.0,15.401,-19.471
2025,2025azgl,Week 4,1011,11,-0.0,16.163,-38.435
2025,2025azgl,Week 4,5539,11,0.0,18.425,-33.838
2025,2025azgl,Week 4,8087,11,-0.0,14.296,-25.547
2025,2025azgl,Week 4,2403,11,-0.0,15.878,-24.883
2025,2025azgl,Week 4,9059,11,-0.0,13.36,-21.346
2025,2025azgl,Week 4,3158,11,-0.0,16.767,-24.883
2025,2025azgl,Week 4,3853,11,-0.0,10.324,-22.456
2025,2025azgl,Week 4,6479,11,0.0,8.732,-12.605
2025,2025azgl,Week 4,1726,11,-0.0,9.379,-11.607
2025,2025azgl,Week 4,7755,11,-0.0,10.004,-15.132
2025,2025azgl,Week 4,5026,11,-0.0,16.79,-21.902
2025,2025azgl,Week 4,9432,11,-0.0,19.196,-24.883
2025,2025azgl,Week 4,3019,11,-0.0,18.906,-29.21
2025,2025gasta,Week 4,7104,12,0.0,14.778,-16.509
2025,2025gasta,Week 4,9057,12,0.0,20.035,-26.098
2025,2025gasta,Week 4,2974,12,0.0,17.126,-29.66
2025,2025gasta,Week 4,8577,12,0.0,15.616,-26.398
2025,2025gasta,Week 4,1746,12,0.0,18.275,-49.645
2025,2025gasta,Week 4,9477,12,0.0,15.996,-23.397
2025,2025gasta,Week 4,10376,12,0.0,13.779,-20.567
2025,2025gasta,Week 4,9480,12,-0.0,22.029,-45.734
2025,2025gasta,Week 4,8866,12,0.0,15.971,-35.415
2025,2025gasta,Week 4,8761,12,0.0,15.969,-45.734
2025,2025gasta,Week 4,8815,12,0.0,19.9,-43.551
2025,2025gasta,Week 4,4701,12,0.0,21.68,-35.415
2025,2025gasta,Week 4,7470,12,0.0,18.21,-29.66
2025,2025gasta,Week 4,6340,12,0.0,25.421,-49.645
2025,2025gasta,Week 4,4026,12,0.0,17.258,-35.415
2025,2025gasta,Week 4,6925,12,0.0,14.946,-16.597
2025,2025gasta,Week 4,6944,12,0.0,20.9,-49.645
2025,2025gasta,Week 4,5219,12,0.0,13.432,-20.084
2025,2025gasta,Week 4,4188,12,0.0,18.484,-22.3
2025,2025gasta,Week 4,4112,12,0.0,11.187,-22.3
2025,2025gasta,Week 4,8100,12,0.0,16.719,-23.397
2025,2025gasta,Week 4,6829,12,0.0,12.097,-18.871
2025,2025gasta,Week 4,9086,12,0.0,22.2,-29.66
2025,2025gasta,Week 4,1648,12,0.0,19.433,-43.551
2025,2025gasta,Week 4,3635,12,0.0,19.867,-43.551
2025,2025gasta,Week 4,5900,12,0.0,13.781,-26.098
2025,2025milsu,Week 4,5980,12,0.0,15.393,-27.475
2025,2025milsu,Week 4,7768,12,0.0,20.56,-28.138
2025,2025milsu,Week 4,7202,12,0.0,14.56,-27.475
2025,2025milsu,Week 4,5501,12,-0.0,10.089,-14.92
2025,2025milsu,Week 4,5547,12,0.0,14.326,-28.138
2025,2025milsu,Week 4,7713,12,0.0,12.171,-24.322
2025,2025milsu,Week 4,9755,12,0.0,18.515,-37.667
2025,2025milsu,Week 4,857,12,-0.0,12.664,-26.22
2025,2025milsu,Week 4,6112,12,0.0,17.298,-24.322
2025,2025milsu,Week 4,3602,12,0.0,24.463,-40.285
2025,2025milsu,Week 4,4398,12,0.0,17.421,-38.015
2025,2025milsu,Week 4,2586,12,0.0,16.057,-38.015
2025,2025milsu,Week 4,7250,12,0.0,21.654,-37.667
2025,2025milsu,Week 4,9188,12,0.0,13.911,-31.567
2025,2025milsu,Week 4,6079,12,0.0,16.87,-40.285
2025,2025milsu,Week 4,5213,12,-0.0,17.366,-24.189
2025,2025milsu,Week 4,6569,12,0.0,15.569,-24.189
2025,2025milsu,Week 4,4967,12,0.0,17.124,-24.189
2025,2025milsu,Week 4,4988,12,0.0,18.19,-35.978
2025,2025milsu,Week 4,5314,12,-0.0,19.603,-35.978
2025,2025milsu,Week 4,6121,12,0.0,18.305,-35.978
2025,2025milsu,Week 4,5486,12,0.0,15.534,-17.727
2025,2025milsu,Week 4,9249,12,0.0,10.255,-15.519
2025,2025milsu,Week 4,6077,12,0.0,14.496,-20.651
2025,2025milsu,Week 4,9227,12,-0.0,16.638,-31.843
2025,2025milsu,Week 4,9733,12,0.0,12.552,-31.843
2025,2025milsu,Week 4,9722,12,0.0,17.819,-31.843
2025,2025milsu,Week 4,4375,12,0.0,17.564,-31.567
2025,2025milsu,Week 4,10605,12,0.0,15.409,-40.285
2025,2025milsu,Week 4,4392,12,0.0,16.337,-35.302
2025,2025milsu,Week 4,5162,12,0.0,18.064,-24.166
2025,2025milsu,Week 4,4377,12,0.0,21.569,-35.302
2025,2025milsu,Week 4,10505,12,0.0,13.992,-24.166
2025,2025milsu,Week 4,9773,12,0.0,22.168,-32.399
2025,2025milsu,Week 4,9205,12,0.0,19.506,-32.399
2025,2025milsu,Week 4,5183,12,-0.0,17.263,-32.399
2025,2025milsu,Week 4,1596,12,-0.0,20.37,-37.667
2025,2025milsu,Week 4,6558,12,-0.0,16.547,-35.302
2025,2025milsu,Week 4,4391,12,0.0,14.167,-20.077
2025,2025miwmi,Week 4,7911,12,0.0,13.562,-23.839
2025,2025miwmi,Week 4,141,12,0.0,19.416,-46.045
2025,2025miwmi,Week 4,9638,12,0.0,15.204,-36.957
2025,2025miwmi,Week 4,5712,12,0.0,23.046,-36.957
2025,2025miwmi,Week 4,7203,12,0.0,16.588,-38.961
2025,2025miwmi,Week 4,6548,12,0.0,22.41,-28.51
2025,2025miwmi,Week 4,9721,12,0.0,21.232,-36.957
2025,2025miwmi,Week 4,6002,12,0.0,19.581,-30.325
2025,2025miwmi,Week 4,7210,12,0.0,9.969,-14.805
2025,2025miwmi,Week 4,9206,12,0.0,15.764,-29.827
2025,2025miwmi,Week 4,5610,12,0.0,23.595,-38.961
2025,2025miwmi,Week 4,904,12,0.0,11.689,-16.97
2025,2025miwmi,Week 4,9207,12,0.0,21.255,-24.101
2025,2025miwmi,Week 4,2959,12,0.0,17.532,-20.634
2025,2025miwmi,Week 4,6128,12,0.0,13.535,-28.034
2025,2025miwmi,Week 4,6114,12,0.0,12.943,-23.255
2025,2025miwmi,Week 4,9549,12,0.0,16.447,-26.834
2025,2025miwmi,Week 4,5927,12,0.0,19.524,-28.51
2025,2025miwmi,Week 4,5248,12,0.0,12.251,-20.634
2025,2025miwmi,Week 4,3357,12,0.0,11.64,-16.97
2025,2025miwmi,Week 4,107,12,0.0,9.188,-13.066
2025,2025miwmi,Week 4,3546,12,0.0,13.888,-25.975
2025,2025miwmi,Week 4,862,12,-0.0,18.459,-46.045
2025,2025miwmi,Week 4,5470,12,0.0,20.37,-30.775
2025,2025miwmi,Week 4,5675,12,0.0,18.485,-26.283
2025,2025miwmi,Week 4,9248,12,0.0,10.395,-21.545
2025,2025miwmi,Week 4,2054,12,0.0,17.494,-28.034
2025,2025miwmi,Week 4,5084,12,-0.0,16.158,-24.06
2025,2025miwmi,Week 4,6094,12,0.0,18.348,-27.866
2025,2025miwmi,Week 4,4003,12,0.0,21.881,-46.045
2025,2025miwmi,Week 4,74,12,0.0,23.18,-28.034
2025,2025miwmi,Week 4,2767,12,0.0,24.295,-38.961
2025,2025miwmi,Week 4,9742,12,0.0,22.028,-28.014
2025,2025miwmi,Week 4,3458,12,0.0,10.012,-25.975
2025,2025miwmi,Week 4,6428,12,0.0,13.803,-30.775
2025,2025miwmi,Week 4,7248,12,0.0,15.013,-27.866
2025,2025miwmi,Week 4,85,12,0.0,15.859,-29.827
2025,2025miwmi,Week 4,9542,12,0.0,13.435,-20.966
2025,2025miwmi,Week 4,8397,12,0.0,15.497,-24.06
2025,2025miwmi,Week 4,5256,12,0.0,20.089,-30.325
2025,2025onwat,Week 4,6875,12,-0.0,6.72,-9.646
2025,2025onwat,Week 4,4678,12,-0.0,19.091,-28.723
2025,2025onwat,Week 4,4917,12,-0.0,23.954,-40.607
2025,2025onwat,Week 4,2702,12,-0.0,14.083,-20.866
2025,2025onwat,Week 4,6854,12,0.0,11.247,-20.751
2025,2025onwat,Week 4,1360,12,0.0,18.895,-40.607
2025,2025onwat,Week 4,2609,12,0.0,17.81,-37.653
2025,2025onwat,Week 4,3683,12,-0.0,22.68,-40.607
2025,2025onwat,Week 4,9098,12,-0.0,17.713,-37.653
2025,2025onwat,Week 4,8764,12,-0.0,16.178,-24.366
2025,2025onwat,Week 4,10514,12,-0.0,12.307,-24.366
2025,2025onwat,Week 4,6135,12,-0.0,12.496,-24.366
2025,2025onwat,Week 4,10535,12,-0.0,14.22,-22.404
2025,2025onwat,Week 4,7475,12,-0.0,18.277,-22.404
2025,2025onwat,Week 4,10218,12,0.0,15.281,-26.883
2025,2025onwat,Week 4,9525,12,-0.0,21.335,-39.255
2025,2025onwat,Week 4,772,12,-0.0,11.945,-20.902
2025,2025onwat,Week 4,9263,12,-0.0,11.832,-14.714
2025,2025onwat,Week 4,5672,12,-0.0,12.033,-21.613
2025,2025onwat,Week 4,5024,12,-0.0,20.618,-39.255
2025,2025onwat,Week 4,5912,12,-0.0,12.912,-20.047
2025,2025onwat,Week 4,10167,12,-0.0,18.874,-20.902
2025,2025onwat,Week 4,10611,12,-0.0,12.676,-17.369
2025,2025onwat,Week 4,6162,12,0.0,15.027,-28.723
2025,2025onwat,Week 4,7022,12,0.0,16.296,-37.204
2025,2025onwat,Week 4,8089,12,-0.0,16.506,-37.204
2025,2025onwat,Week 4,4940,12,0.0,20.739,-37.204
2025,2025onwat,Week 4,4039,12,-0.0,12.904,-21.613
2025,2025onwat,Week 4,7058,12,-0.0,18.117,-21.157
2025,2025onwat,Week 4,4617,12,-0.0,13.72,-20.074
2025,2025sccha,Week 4,4533,12,-0.0,15.051,-37.666
2025,2025sccha,Week 4,3489,12,-0.0,14.586,-37.666
2025,2025sccha,Week 4,1051,12,-0.0,16.655,-37.666
2025,2025sccha,Week 4,281,12,-0.0,11.481,-16.661
2025,2025sccha,Week 4,2815,12,-0.0,17.238,-23.936
2025,2025sccha,Week 4,3976,12,-0.0,15.562,-32.373
2025,2025sccha,Week 4,10591,12,0.0,17.578,-38.502
2025,2025sccha,Week 4,4451,12,0.0,13.65,-24.588
2025,2025sccha,Week 4,9315,12,-0.0,9.791,-15.02
2025,2025sccha,Week 4,7085,12,-0.0,14.99,-32.873
2025,2025sccha,Week 4,343,12,0.0,19.13,-36.071
2025,2025sccha,Week 4,1287,12,0.0,10.388,-23.936
2025,2025sccha,Week 4,5130,12,-0.0,16.181,-23.463
2025,2025sccha,Week 4,6167,12,0.0,18.474,-36.071
2025,2025sccha,Week 4,1539,12,-0.0,11.029,-15.256
2025,2025sccha,Week 4,10388,12,0.0,10.774,-21.272
2025,2025sccha,Week 4,6366,12,-0.0,11.817,-23.936
2025,2025sccha,Week 4,1293,12,-0.0,10.794,-22.007
2025,2025sccha,Week 4,4083,12,-0.0,12.658,-24.588
2025,2025sccha,Week 4,6961,12,-0.0,14.848,-23.463
2025,2025sccha,Week 4,10367,12,-0.0,11.082,-15.783
2025,2025sccha,Week 4,3490,12,-0.0,10.568,-15.221
2025,2025sccha,Week 4,8137,12,0.0,16.65,-38.502
2025,2025sccha,Week 4,4864,12,-0.0,10.396,-21.83
2025,2025sccha,Week 4,9571,12,0.0,17.648,-32.373
2025,2025sccha,Week 4,10231,12,-0.0,13.942,-21.83
2025,2025sccha,Week 4,342,12,-0.0,17.541,-38.502
2025,2025sccha,Week 4,10619,12,-0.0,12.497,-23.445
2025,2025sccha,Week 4,8575,12,-0.0,11.838,-21.272
2025,2025sccha,Week 4,1758,12,0.0,13.334,-18.542
2025,2025sccha,Week 4,1319,12,0.0,8.923,-23.445
2025,2025sccha,Week 4,10599,12,0.0,12.877,-32.873
2025,2025sccha,Week 4,1102,12,-0.0,19.859,-32.873
2025,2025sccha,Week 4,10361,12,0.0,16.922,-36.071
2025,2025txfor,Week 4,7091,12,-0.0,16.655,-34.795
2025,2025txfor,Week 4,7119,12,-0.0,18.386,-34.795
2025,2025txfor,Week 4,3355,12,-0.0,37.812,-34.795
2025,2025txfor,Week 4,10032,12,-0.0,12.222,-23.316
2025,2025txfor,Week 4,4364,12,-0.0,9.578,-14.477
2025,2025txfor,Week 4,9156,12,-0.0,11.875,-20.438
2025,2025txfor,Week 4,1745,12,-0.0,17.894,-38.242
2025,2025txfor,Week 4,9034,12,-0.0,19.838,-34.401
2025,2025txfor,Week 4,2848,12,-0.0,15.544,-33.933
2025,2025txfor,Week 4,7121,12,-0.0,21.862,-38.242
2025,2025txfor,Week 4,8507,12,-0.0,12.962,-34.401
2025,2025txfor,Week 4,7503,12,-0.0,17.354,-33.933
2025,2025txfor,Week 4,4641,12,-0.0,17.775,-25.748
2025,2025txfor,Week 4,9136,12,-0.0,14.845,-34.606
2025,2025txfor,Week 4,7125,12,-0.0,35.448,-23.248
2025,2025txfor,Week 4,5431,12,-0.0,11.521,-21.224
2025,2025txfor,Week 4,4717,12,-0.0,14.784,-21.786
2025,2025txfor,Week 4,5788,12,0.0,11.087,-20.229
2025,2025txfor,Week 4,3676,12,-0.0,23.762,-54.431
2025,2025txfor,Week 4,9418,12,-0.0,21.461,-54.431
2025,2025txfor,Week 4,4192,12,-0.0,27.172,-54.431
2025,2025txfor,Week 4,7534,12,-0.0,19.522,-49.346
2025,2025txfor,Week 4,4206,12,-0.0,20.833,-49.346
2025,2025txfor,Week 4,6901,12,-0.0,38.65,-49.346
2025,2025txfor,Week 4,8874,12,-0.0,15.864,-25.748
2025,2025txfor,Week 4,6672,12,-0.0,17.413,-43.261
2025,2025txfor,Week 4,9140,12,-0.0,12.85,-21.786
2025,2025txfor,Week 4,2714,12,-0.0,23.565,-43.261
2025,2025txfor,Week 4,4295,12,-0.0,10.827,-19.791
2025,2025txfor,Week 4,5417,12,-0.0,13.428,-20.438
2025,2025txfor,Week 4,7535,12,-0.0,20.519,-20.774
2025,2025txfor,Week 4,3005,12,-0.0,25.582,-43.261
2025,2025txfor,Week 4,8769,12,-0.0,21.059,-33.933
2025,2025txfor,Week 4,457,12,-0.0,22.199,-29.781
2025,2025txfor,Week 4,6171,12,0.0,16.76,-23.248
2025,2025txhou,Week 4,1255,12,-0.0,20.31,-35.775
2025,2025txhou,Week 4,9181,12,-0.0,16.724,-35.775
2025,2025txhou,Week 4,2585,12,-0.0,19.782,-35.775
2025,2025txhou,Week 4,4597,12,-0.0,15.364,-29.617
2025,2025txhou,Week 4,8827,12,-0.0,21.89,-29.617
2025,2025txhou,Week 4,4332,12,-0.0,23.68,-34.19
2025,2025txhou,Week 4,9515,12,-0.0,12.906,-27.048
2025,2025txhou,Week 4,8177,12,-0.0,10.657,-23.132
2025,2025txhou,Week 4,5894,12,-0.0,20.572,-32.167
2025,2025txhou,Week 4,118,12,-0.0,23.81,-44.414
2025,2025txhou,Week 4,5414,12,-0.0,14.307,-25.494
2025,2025txhou,Week 4,8144,12,-0.0,18.25,-22.295
2025,2025txhou,Week 4,9516,12,-0.0,11.767,-19.137
2025,2025txhou,Week 4,5070,12,-0.0,17.738,-27.721
2025,2025txhou,Week 4,9517,12,-0.0,24.917,-44.414
2025,2025txhou,Week 4,9658,12,-0.0,11.367,-17.811
2025,2025txhou,Week 4,9521,12,-0.0,12.95,-17.811
2025,2025txhou,Week 4,3481,12,-0.0,14.628,-24.497
2025,2025txhou,Week 4,10014,12,-0.0,20.028,-44.414
2025,2025txhou,Week 4,5261,12,-0.0,19.174,-26.123
2025,2025txhou,Week 4,7691,12,-0.0,8.9,-16.282
2025,2025txhou,Week 4,2882,12,-0.0,17.623,-26.123
2025,2025txhou,Week 4,3847,12,-0.0,13.921,-23.07
2025,2025txhou,Week 4,4328,12,-0.0,17.751,-34.19
2025,2025txhou,Week 4,9137,12,-0.0,15.773,-25.494
2025,2025txhou,Week 4,8392,12,-0.0,21.461,-33.613
2025,2025txhou,Week 4,10118,12,-0.0,16.306,-27.048
2025,2025txhou,Week 4,6488,12,-0.0,22.082,-34.19
2025,2025txhou,Week 4,4587,12,-0.0,12.071,-24.497
2025,2025txhou,Week 4,8515,12,-0.0,13.459,-27.721
2025,2025txhou,Week 4,7115,12,-0.0,15.041,-33.613
2025,2025brsp,Week 4,8882,12,0.0,16.208,-27.952
2025,2025brsp,Week 4,7567,12,0.0,18.492,-36.944
2025,2025brsp,Week 4,7033,12,0.0,14.562,-30.779
2025,2025brsp,Week 4,10298,12,0.0,10.502,-13.154
2025,2025brsp,Week 4,1156,12,0.0,19.941,-36.944
2025,2025brsp,Week 4,9461,12,0.0,14.521,-20.676
2025,2025brsp,Week 4,7563,12,0.0,17.57,-32.2
2025,2025brsp,Week 4,9602,12,0.0,14.237,-20.676
2025,2025brsp,Week 4,9168,12,0.0,13.424,-22.07
2025,2025brsp,Week 4,8276,12,0.0,11.704,-21.087
2025,2025brsp,Week 4,9110,12,0.0,11.532,-23.71
2025,2025brsp,Week 4,10299,12,0.0,14.801,-20.695
2025,2025brsp,Week 4,9200,12,0.0,12.256,-23.71
2025,2025brsp,Week 4,6404,12,0.0,13.873,-32.2
2025,2025brsp,Week 4,9169,12,0.0,15.517,-23.357
2025,2025brsp,Week 4,10297,12,0.0,12.331,-15.139
2025,2025brsp,Week 4,10483,12,-0.0,10.038,-23.71
2025,2025brsp,Week 4,1860,12,0.0,16.477,-22.07
2025,2025brsp,Week 4,10295,12,0.0,14.351,-23.842
2025,2025brsp,Week 4,9175,12,0.0,10.796,-23.842
2025,2025brsp,Week 4,10263,12,0.0,15.096,-23.842
2025,2025brsp,Week 4,9484,12,-0.0,16.573,-30.779
2025,2025brsp,Week 4,7565,12,0.0,13.732,-30.779
2025,2025brsp,Week 4,9460,12,0.0,10.543,-22.267
2025,2025brsp,Week 4,7459,12,0.0,11.239,-22.679
2025,2025brsp,Week 4,9199,12,0.0,8.505,-12.206
2025,2025brsp,Week 4,1772,12,0.0,7.551,-9.523
2025,2025brsp,Week 4,9085,12,0.0,12.557,-27.952
2025,2025brsp,Week 4,9459,12,0.0,16.979,-36.944
2025,2025brsp,Week 4,9219,12,0.0,12.011,-23.357
2025,2025brsp,Week 4,10291,12,0.0,14.882,-22.267
2025,2025brsp,Week 4,9458,12,0.0,9.188,-14.825
2025,2025brsp,Week 4,10296,12,0.0,14.704,-32.2
2025,2025casd,Week 4,5474,9,0.0,14.158,-22.964
2025,2025casd,Week 4,4919,9,0.0,18.06,-25.263
2025,2025casd,Week 4,6695,9,0.0,10.21,-22.964
2025,2025casd,Week 4,3965,9,0.0,10.831,-15.719
2025,2025casd,Week 4,7419,9,0.0,12.668,-21.808
2025,2025casd,Week 4,5137,10,0.0,11.403,-22.798
2025,2025casd,Week 4,4160,9,-0.0,12.555,-26.798
2025,2025casd,Week 4,10586,9,-0.0,8.792,-13.037
2025,2025casd,Week 4,766,9,0.0,12.844,-21.808
2025,2025casd,Week 4,2543,9,-0.0,12.027,-22.798
2025,2025casd,Week 4,2984,9,-0.0,16.115,-31.65
2025,2025casd,Week 4,7441,9,0.0,19.876,-46.008
2025,2025casd,Week 4,812,9,0.0,18.495,-15.622
2025,2025casd,Week 4,3341,9,-0.0,13.788,-31.65
2025,2025casd,Week 4,10392,9,0.0,10.609,-23.13
2025,2025casd,Week 4,10336,9,0.0,18.257,-43.027
2025,2025casd,Week 4,2658,9,0.0,18.969,-27.668
2025,2025casd,Week 4,8020,9,0.0,13.274,-26.798
2025,2025casd,Week 4,3704,9,0.0,7.94,-11.919
2025,2025casd,Week 4,2485,9,0.0,17.665,-32.914
2025,2025casd,Week 4,4419,9,0.0,10.427,-21.808
2025,2025casd,Week 4,8119,9,0.0,14.44,-37.671
2025,2025casd,Week 4,2710,9,0.0,12.478,-31.65
2025,2025casd,Week 4,6995,9,0.0,18.566,-43.027
2025,2025casd,Week 4,3128,9,0.0,13.186,-25.263
2025,2025casd,Week 4,1622,9,0.0,8.26,-15.622
2025,2025casd,Week 4,3647,9,0.0,16.594,-32.914
2025,2025casd,Week 4,2102,9,-0.0,9.303,-17.978
2025,2025casd,Week 4,8888,9,0.0,16.593,-43.027
2025,2025casd,Week 4,8870,9,0.0,17.152,-23.291
2025,2025casd,Week 4,2827,9,0.0,15.618,-37.671
2025,2025casd,Week 4,3255,9,0.0,10.667,-15.719
2025,2025casd,Week 4,4738,9,0.0,27.379,-46.008
2025,2025casd,Week 4,10625,9,0.0,8.365,-10.721
2025,2025casd,Week 4,2839,9,0.0,13.244,-17.672
2025,2025casd,Week 4,1572,9,-0.0,21.658,-46.008
2025,2025casd,Week 4,5514,9,0.0,21.201,-42.673
2025,2025casd,Week 4,6515,10,0.0,9.958,-19.176
2025,2025casd,Week 4,9084,9,0.0,18.769,-37.671
2025,2025casd,Week 4,8891,9,0.0,13.678,-22.405
2025,2025casd,Week 4,4276,9,0.0,14.761,-26.798
2025,2025casd,Week 4,4984,9,0.0,21.034,-42.673
2025,2025casd,Week 4,6072,9,0.0,15.648,-22.798
2025,2025casd,Week 4,1972,9,0.0,9.784,-18.356
2025,2025casd,Week 4,9573,9,0.0,14.776,-23.13
2025,2025casd,Week 4,9452,9,-0.0,15.414,-32.914
2025,2025casd,Week 4,3749,10,0.0,14.214,-18.734
2025,2025casd,Week 4,1538,9,0.0,5.753,-9.562
2025,2025casd,Week 4,5025,9,0.0,24.246,-27.668
2025,2025casd,Week 4,6885,9,-0.0,14.763,-27.668
2025,2025casd,Week 4,9730,9,0.0,11.775,-23.13
2025,2025hiho,Week 4,6317,12,0.0,13.313,-25.459
2025,2025hiho,Week 4,10384,12,0.0,11.73,-26.736
2025,2025hiho,Week 4,7632,12,0.0,25.779,-46.253
2025,2025hiho,Week 4,3882,12,0.0,21.771,-38.468
2025,2025hiho,Week 4,4270,12,0.0,16.563,-46.253
2025,2025hiho,Week 4,2896,12,-0.0,16.641,-38.511
2025,2025hiho,Week 4,3881,12,-0.0,14.962,-23.357
2025,2025hiho,Week 4,3721,12,-0.0,14.86,-25.992
2025,2025hiho,Week 4,2853,12,-0.0,21.164,-32.028
2025,2025hiho,Week 4,3008,12,0.0,14.187,-31.437
2025,2025hiho,Week 4,6704,12,-0.0,15.303,-24.372
2025,2025hiho,Week 4,9019,12,-0.0,16.272,-25.342
2025,2025hiho,Week 4,2443,12,-0.0,18.221,-38.511
2025,2025hiho,Week 4,3501,12,-0.0,27.881,-46.253
2025,2025hiho,Week 4,8615,12,0.0,11.156,-24.563
2025,2025hiho,Week 4,368,12,-0.0,19.287,-25.342
2025,2025hiho,Week 4,2090,12,-0.0,18.624,-32.028
2025,2025hiho,Week 4,3880,12,-0.0,18.857,-26.912
2025,2025hiho,Week 4,8871,12,-0.0,17.396,-24.372
2025,2025hiho,Week 4,2477,12,0.0,17.48,-41.127
2025,2025hiho,Week 4,9012,12,-0.0,23.848,-40.801
2025,2025hiho,Week 4,359,12,0.0,18.656,-41.127
2025,2025hiho,Week 4,9277,12,-0.0,25.032,-40.801
2025,2025hiho,Week 4,2445,12,0.0,17.097,-26.912
2025,2025hiho,Week 4,9629,12,0.0,18.16,-32.028
2025,2025hiho,Week 4,2465,12,0.0,15.741,-41.127
2025,2025hiho,Week 4,2441,12,-0.0,10.385,-13.584
2025,2025hiho,Week 4,4253,12,0.0,17.694,-38.468
2025,2025hiho,Week 4,4817,12,0.0,8.723,-11.926
2025,2025hiho,Week 4,7724,12,0.0,12.696,-17.954
2025,2025hiho,Week 4,2438,12,0.0,20.148,-38.468
2025,2025hiho,Week 4,2348,12,0.0,11.524,-24.563
2025,2025hiho,Week 4,9645,12,0.0,23.705,-38.511
2025,2025inlaf,Week 4,292,12,0.0,19.508,-30.037
2025,2025inlaf,Week 4,10172,12,-0.0,15.328,-27.668
2025,2025inlaf,Week 4,10029,12,0.0,22.642,-36.144
2025,2025inlaf,Week 4,9071,12,-0.0,13.524,-19.522
2025,2025inlaf,Week 4,1529,12,0.0,20.803,-59.293
2025,2025inlaf,Week 4,4580,12,-0.0,21.261,-25.894
2025,2025inlaf,Week 4,71,12,-0.0,15.767,-22.111
2025,2025inlaf,Week 4,4926,12,-0.0,13.508,-19.137
2025,2025inlaf,Week 4,9431,12,0.0,20.274,-27.381
2025,2025inlaf,Week 4,9530,12,-0.0,21.51,-39.513
2025,2025inlaf,Week 4,7617,12,-0.0,27.205,-36.144
2025,2025inlaf,Week 4,1747,12,-0.0,22.432,-33.914
2025,2025inlaf,Week 4,135,12,-0.0,27.38,-47.49
2025,2025inlaf,Week 4,3176,12,-0.0,20.647,-47.49
2025,2025inlaf,Week 4,5402,12,0.0,24.855,-47.49
2025,2025inlaf,Week 4,447,12,-0.0,15.196,-24.395
2025,2025inlaf,Week 4,10434,12,0.0,20.887,-25.894
2025,2025inlaf,Week 4,829,12,0.0,19.812,-33.337
2025,2025inlaf,Week 4,7457,12,-0.0,15.879,-39.513
2025,2025inlaf,Week 4,3865,12,-0.0,24.164,-48.814
2025,2025inlaf,Week 4,10021,12,-0.0,26.441,-59.293
2025,2025inlaf,Week 4,7657,12,-0.0,18.921,-33.337
2025,2025inlaf,Week 4,1741,12,-0.0,20.664,-33.914
2025,2025inlaf,Week 4,3494,12,0.0,21.254,-39.513
2025,2025inlaf,Week 4,461,12,0.0,21.003,-25.894
2025,2025inlaf,Week 4,3147,12,-0.0,18.141,-48.814
2025,2025inlaf,Week 4,1024,12,-0.0,20.108,-36.144
2025,2025inlaf,Week 4,10493,12,-0.0,15.368,-22.798
2025,2025inlaf,Week 4,10411,12,-0.0,19.001,-19.926
2025,2025inlaf,Week 4,10492,12,-0.0,20.875,-26.589
2025,2025inlaf,Week 4,3487,12,-0.0,15.144,-27.381
2025,2025inlaf,Week 4,4982,12,-0.0,17.426,-22.111
2025,2025inlaf,Week 4,6956,12,0.0,14.749,-19.979
2025,2025inlaf,Week 4,328,12,0.0,28.581,-59.293
2025,2025inlaf,Week 4,3936,12,-0.0,15.487,-27.668
2025,2025inlaf,Week 4,7477,12,-0.0,15.92,-26.589
2025,2025inlaf,Week 4,1646,12,0.0,15.134,-23.964
2025,2025inlaf,Week 4,7198,12,-0.0,12.724,-26.541
2025,2025inlaf,Week 4,6721,12,-0.0,13.967,-19.979
2025,2025inlaf,Week 4,4485,12,-0.0,18.598,-20.498
2025,2025inlaf,Week 4,9119,12,0.0,24.611,-48.814
2025,2025inlaf,Week 4,4272,12,0.0,18.349,-33.914
2025,2025mawor,Week 4,3182,12,0.0,20.628,-32.911
2025,2025mawor,Week 4,3958,12,0.0,13.79,-21.638
2025,2025mawor,Week 4,1119,12,0.0,15.686,-22.992
2025,2025mawor,Week 4,190,12,0.0,20.458,-41.497
2025,2025mawor,Week 4,3623,12,-0.0,10.735,-22.992
2025,2025mawor,Week 4,8626,12,0.0,14.921,-28.422
2025,2025mawor,Week 4,10393,12,0.0,17.026,-29.69
2025,2025mawor,Week 4,1735,12,0.0,12.105,-16.584
2025,2025mawor,Week 4,2079,12,0.0,18.135,-35.119
2025,2025mawor,Week 4,230,12,0.0,14.412,-13.5
2025,2025mawor,Week 4,7153,12,0.0,17.679,-32.911
2025,2025mawor,Week 4,5422,12,0.0,13.044,-26.567
2025,2025mawor,Week 4,1100,12,0.0,17.662,-24.906
2025,2025mawor,Week 4,2262,12,0.0,22.498,-41.497
2025,2025mawor,Week 4,88,12,0.0,23.904,-64.299
2025,2025mawor,Week 4,5491,12,0.0,25.705,-64.299
2025,2025mawor,Week 4,2370,12,0.0,16.694,-29.69
2025,2025mawor,Week 4,8544,12,0.0,18.115,-19.811
2025,2025mawor,Week 4,4169,12,0.0,16.118,-28.422
2025,2025mawor,Week 4,5000,12,0.0,16.832,-24.674
2025,2025mawor,Week 4,4905,12,0.0,14.22,-21.804
2025,2025mawor,Week 4,8604,12,0.0,21.191,-35.119
2025,2025mawor,Week 4,5459,12,0.0,16.139,-28.794
2025,2025mawor,Week 4,1757,12,0.0,16.47,-25.86
2025,2025mawor,Week 4,8709,12,-0.0,16.316,-28.422
2025,2025mawor,Week 4,716,12,0.0,21.138,-64.299
2025,2025mawor,Week 4,126,12,0.0,7.546,-12.451
2025,2025mawor,Week 4,2067,12,0.0,11.522,-24.674
2025,2025mawor,Week 4,157,12,0.0,16.721,-35.119
2025,2025mawor,Week 4,3205,12,0.0,11.862,-13.5
2025,2025mawor,Week 4,125,12,0.0,13.734,-28.297
2025,2025mawor,Week 4,1768,12,0.0,19.623,-41.497
2025,2025mawor,Week 4,1277,12,0.0,19.56,-25.86
2025,2025mawor,Week 4,1740,12,0.0,18.108,-26.567
2025,2025mawor,Week 4,1699,12,0.0,19.679,-21.984
2025,2025mawor,Week 4,1153,12,0.0,18.832,-22.992
2025,2025mawor,Week 4,10063,12,0.0,12.843,-28.297
2025,2025mawor,Week 4,9644,12,0.0,14.219,-21.358
2025,2025mibro,Week 4,9226,12,-0.0,15.842,-19.401
2025,2025mibro,Week 4,815,12,-0.0,13.77,-27.363
2025,2025mibro,Week 4,123,12,-0.0,12.319,-19.023
2025,2025mibro,Week 4,6081,12,-0.0,20.475,-33.527
2025,2025mibro,Week 4,7188,12,-0.0,20.651,-27.507
2025,2025mibro,Week 4,1250,12,0.0,17.259,-26.439
2025,2025mibro,Week 4,245,12,-0.0,17.568,-27.507
2025,2025mibro,Week 4,6057,12,-0.0,16.799,-35.508
2025,2025mibro,Week 4,9312,12,-0.0,16.931,-18.188
2025,2025mibro,Week 4,5641,12,-0.0,18.746,-31.232
2025,2025mibro,Week 4,3620,12,-0.0,18.321,-27.363
2025,2025mibro,Week 4,9455,12,-0.0,16.141,-19.116
2025,2025mibro,Week 4,6637,12,-0.0,11.71,-16.477
2025,2025mibro,Week 4,5619,12,0.0,17.433,-31.817
2025,2025mibro,Week 4,6029,12,-0.0,19.855,-31.83
2025,2025mibro,Week 4,8124,12,-0.0,20.775,-35.508
2025,2025mibro,Week 4,8522,12,0.0,13.646,-28.517
2025,2025mibro,Week 4,240,12,-0.0,11.229,-20.407
2025,2025mibro,Week 4,6914,12,0.0,15.534,-25.15
2025,2025mibro,Week 4,3667,12,-0.0,18.335,-31.83
2025,2025mibro,Week 4,3414,12,-0.0,22.208,-31.817
2025,2025mibro,Week 4,280,12,0.0,17.513,-23.874
2025,2025mibro,Week 4,10607,12,-0.0,18.235,-31.232
2025,2025mibro,Week 4,5050,12,-0.0,16.692,-27.746
2025,2025mibro,Week 4,5166,12,0.0,21.336,-35.508
2025,2025mibro,Week 4,8362,12,-0.0,17.767,-33.527
2025,2025mibro,Week 4,2620,12,-0.0,15.008,-18.095
2025,2025mibro,Week 4,3604,12,-0.0,17.603,-28.517
2025,2025mibro,Week 4,9651,12,0.0,13.776,-23.874
2025,2025mibro,Week 4,5531,12,-0.0,15.489,-33.527
2025,2025mibro,Week 4,8280,12,-0.0,18.894,-39.991
2025,2025mibro,Week 4,1528,12,-0.0,17.295,-39.991
2025,2025mibro,Week 4,1189,12,-0.0,21.353,-39.991
2025,2025mibro,Week 4,5046,12,0.0,12.546,-20.407
2025,2025mibro,Week 4,9251,12,-0.0,10.283,-28.478
2025,2025mibro,Week 4,5263,12,-0.0,18.231,-31.817
2025,2025mibro,Week 4,2851,12,0.0,11.533,-15.008
2025,2025mibro,Week 4,7191,12,0.0,13.91,-22.814
2025,2025mibro,Week 4,4768,12,-0.0,18.434,-31.232
2025,2025mimas,Week 4,7818,12,-0.0,22.703,-43.48
2025,2025mimas,Week 4,8374,12,-0.0,21.241,-43.48
2025,2025mimas,Week 4,10349,12,-0.0,21.625,-43.48
2025,2025mimas,Week 4,8424,12,0.0,16.847,-28.595
2025,2025mimas,Week 4,6556,12,-0.0,14.535,-27.77
2025,2025mimas,Week 4,7056,12,-0.0,17.893,-33.383
2025,2025mimas,Week 4,7289,12,-0.0,17.978,-38.357
2025,2025mimas,Week 4,9238,12,-0.0,19.496,-27.872
2025,2025mimas,Week 4,1322,12,-0.0,16.435,-23.089
2025,2025mimas,Week 4,6591,12,-0.0,15.315,-22.496
2025,2025mimas,Week 4,4956,12,-0.0,12.722,-20.244
2025,2025mimas,Week 4,6078,12,0.0,15.469,-24.994
2025,2025mimas,Week 4,51,12,-0.0,22.918,-33.837
2025,2025mimas,Week 4,7254,12,0.0,12.488,-15.109
2025,2025mimas,Week 4,3536,12,-0.0,14.363,-24.13
2025,2025mimas,Week 4,4776,12,0.0,11.359,-13.677
2025,2025mimas,Week 4,4453,12,-0.0,19.982,-33.383
2025,2025mimas,Week 4,9215,12,-0.0,9.328,-14.553
2025,2025mimas,Week 4,1684,12,-0.0,16.504,-26.897
2025,2025mimas,Week 4,9241,12,-0.0,15.138,-23.089
2025,2025mimas,Week 4,1481,12,-0.0,21.047,-38.357
2025,2025mimas,Week 4,7226,12,0.0,23.443,-33.199
2025,2025mimas,Week 4,6085,12,-0.0,15.264,-23.089
2025,2025mimas,Week 4,1504,12,-0.0,16.035,-27.872
2025,2025mimas,Week 4,5352,12,-0.0,19.805,-27.593
2025,2025mimas,Week 4,5704,12,-0.0,21.657,-38.357
2025,2025mimas,Week 4,5674,12,-0.0,18.72,-24.557
2025,2025mimas,Week 4,7166,12,-0.0,17.788,-27.77
2025,2025mimas,Week 4,10629,12,-0.0,12.276,-17.39
2025,2025mimas,Week 4,5517,12,-0.0,11.212,-15.262
2025,2025mimas,Week 4,68,12,0.0,19.808,-26.897
2025,2025mimas,Week 4,9203,12,-0.0,16.956,-18.923
2025,2025mimas,Week 4,9661,12,-0.0,20.141,-32.171
2025,2025mimas,Week 4,3655,12,0.0,18.717,-33.383
2025,2025mimas,Week 4,8608,12,-0.0,19.056,-32.171
2025,2025mimas,Week 4,7491,12,-0.0,18.145,-29.471
2025,2025mimas,Week 4,9753,12,-0.0,13.517,-24.994
2025,2025mimas,Week 4,7195,12,0.0,16.903,-18.962
2025,2025mimas,Week 4,3707,12,0.0,20.996,-33.837
2025,2025mimas,Week 4,910,12,0.0,15.505,-33.837
2025,2025misal,Week 4,6101,12,0.0,18.595,-28.931
2025,2025misal,Week 4,5843,12,0.0,18.694,-24.066
2025,2025misal,Week 4,2137,12,-0.0,18.378,-21.797
2025,2025misal,Week 4,5660,12,-0.0,17.863,-26.648
2025,2025misal,Week 4,5533,12,-0.0,16.626,-26.648
2025,2025misal,Week 4,4568,12,-0.0,14.826,-26.648
2025,2025misal,Week 4,5067,12,-0.0,24.946,-41.401
2025,2025misal,Week 4,8832,12,-0.0,14.15,-19.881
2025,2025misal,Week 4,894,12,-0.0,20.877,-36.309
2025,2025misal,Week 4,1502,12,-0.0,19.683,-39.436
2025,2025misal,Week 4,5114,12,-0.0,16.859,-22.329
2025,2025misal,Week 4,5567,12,-0.0,19.121,-36.309
2025,2025misal,Week 4,3773,12,-0.0,13.481,-24.066
2025,2025misal,Week 4,27,12,-0.0,15.359,-21.311
2025,2025misal,Week 4,5066,12,0.0,24.156,-36.309
2025,2025misal,Week 4,2224,12,-0.0,14.067,-20.251
2025,2025misal,Week 4,8767,12,-0.0,16.711,-20.251
2025,2025misal,Week 4,1,12,-0.0,15.744,-24.066
2025,2025misal,Week 4,5460,12,0.0,14.462,-21.797
2025,2025misal,Week 4,5708,12,-0.0,18.809,-41.401
2025,2025misal,Week 4,7147,12,-0.0,17.05,-27.035
2025,2025misal,Week 4,1188,12,-0.0,12.443,-19.548
2025,2025misal,Week 4,67,12,0.0,11.226,-21.441
2025,2025misal,Week 4,94,12,-0.0,18.612,-21.302
2025,2025misal,Week 4,4994,12,-0.0,12.954,-21.797
2025,2025misal,Week 4,6190,12,-0.0,17.035,-28.931
2025,2025misal,Week 4,7692,12,-0.0,11.55,-15.739
2025,2025misal,Week 4,10656,12,-0.0,19.495,-41.401
2025,2025misal,Week 4,8373,12,-0.0,13.54,-21.311
2025,2025misal,Week 4,5150,12,-0.0,16.706,-39.436
2025,2025misal,Week 4,6152,12,-0.0,13.735,-19.881
2025,2025misal,Week 4,830,12,-0.0,11.86,-21.302
2025,2025misal,Week 4,3568,12,0.0,16.491,-17.239
2025,2025misal,Week 4,4395,12,-0.0,11.602,-19.881
2025,2025misal,Week 4,1076,12,-0.0,17.439,-21.571
2025,2025misal,Week 4,9210,12,-0.0,21.363,-28.931
2025,2025misal,Week 4,3322,12,0.0,19.411,-22.329
2025,2025misal,Week 4,7225,12,-0.0,18.806,-39.436
2025,2025mitry,Week 4,3534,12,0.0,24.829,-50.055
2025,2025mitry,Week 4,5555,12,0.0,21.191,-31.918
2025,2025mitry,Week 4,5214,12,0.0,19.03,-50.471
2025,2025mitry,Week 4,5623,12,0.0,23.456,-50.471
2025,2025mitry,Week 4,201,12,-0.0,11.31,-18.753
2025,2025mitry,Week 4,8115,12,0.0,15.225,-34.689
2025,2025mitry,Week 4,5282,12,0.0,25.803,-30.975
2025,2025mitry,Week 4,2604,12,0.0,19.503,-37.453
2025,2025mitry,Week 4,469,12,0.0,18.551,-31.918
2025,2025mitry,Week 4,1498,12,0.0,21.571,-50.055
2025,2025mitry,Week 4,4998,12,0.0,17.094,-41.857
2025,2025mitry,Week 4,5478,12,-0.0,13.117,-30.766
2025,2025mitry,Week 4,4362,12,0.0,16.646,-28.375
2025,2025mitry,Week 4,10612,12,0.0,15.921,-30.766
2025,2025mitry,Week 4,5527,12,0.0,13.146,-26.31
2025,2025mitry,Week 4,8728,12,0.0,21.045,-29.611
2025,2025mitry,Week 4,8364,12,0.0,10.117,-22.355
2025,2025mitry,Week 4,9237,12,0.0,17.27,-41.534
2025,2025mitry,Week 4,1506,12,0.0,19.757,-34.689
2025,2025mitry,Week 4,5436,12,0.0,20.491,-28.129
2025,2025mitry,Week 4,7716,12,0.0,16.485,-30.975
2025,2025mitry,Week 4,9245,12,0.0,18.47,-28.61
2025,2025mitry,Week 4,10690,12,0.0,23.855,-50.471
2025,2025mitry,Week 4,226,12,0.0,21.131,-37.453
2025,2025mitry,Week 4,10672,12,0.0,15.123,-32.281
2025,2025mitry,Week 4,4384,12,0.0,29.331,-46.26
2025,2025mitry,Week 4,9558,12,0.0,15.563,-32.281
2025,2025mitry,Week 4,9252,12,0.0,12.966,-20.644
2025,2025mitry,Week 4,818,12,0.0,16.111,-30.766
2025,2025mitry,Week 4,33,12,0.0,27.007,-34.689
2025,2025mitry,Week 4,5065,12,0.0,25.7,-41.857
2025,2025mitry,Week 4,10652,12,-0.0,6.518,-17.795
2025,2025mitry,Week 4,4961,12,0.0,22.18,-46.26
2025,2025mitry,Week 4,573,12,0.0,20.009,-46.26
2025,2025mitry,Week 4,5053,12,0.0,19.292,-29.611
2025,2025mitry,Week 4,3302,12,0.0,19.793,-41.534
2025,2025mitry,Week 4,9747,12,0.0,19.222,-28.61
2025,2025mitry,Week 4,9776,12,0.0,15.346,-37.453
2025,2025mitry,Week 4,2145,12,-0.0,14.726,-34.738
2025,2025mitry,Week 4,5235,12,0.0,18.705,-31.918
2025,2025mitry,Week 4,9751,12,0.0,24.783,-50.055
2025,2025ncgre,Week 4,5160,12,-0.0,19.449,-32.896
2025,2025ncgre,Week 4,3336,12,-0.0,13.148,-20.292
2025,2025ncgre,Week 4,6004,12,-0.0,18.48,-21.191
2025,2025ncgre,Week 4,9296,12,-0.0,14.879,-21.191
2025,2025ncgre,Week 4,7671,12,-0.0,13.54,-21.381
2025,2025ncgre,Week 4,9008,12,-0.0,23.534,-36.051
2025,2025ncgre,Week 4,9297,12,-0.0,19.087,-37.196
2025,2025ncgre,Week 4,5919,12,-0.0,18.605,-37.196
2025,2025ncgre,Week 4,6240,12,0.0,22.26,-37.196
2025,2025ncgre,Week 4,4561,12,-0.0,19.174,-40.508
2025,2025ncgre,Week 4,8746,12,-0.0,20.162,-34.22
2025,2025ncgre,Week 4,5511,12,-0.0,12.014,-25.769
2025,2025ncgre,Week 4,9789,12,-0.0,12.684,-19.247
2025,2025ncgre,Week 4,6512,12,-0.0,10.271,-18.299
2025,2025ncgre,Week 4,4828,12,-0.0,15.915,-34.22
2025,2025ncgre,Week 4,10072,12,-0.0,14.56,-21.191
2025,2025ncgre,Week 4,6242,12,-0.0,15.179,-21.518
2025,2025ncgre,Week 4,6500,12,-0.0,14.986,-32.896
2025,2025ncgre,Week 4,3737,12,-0.0,17.766,-40.508
2025,2025ncgre,Week 4,8758,12,-0.0,15.091,-23.824
2025,2025ncgre,Week 4,8304,12,-0.0,21.995,-36.051
2025,2025ncgre,Week 4,2642,12,-0.0,10.218,-7.747
2025,2025ncgre,Week 4,5190,12,-0.0,13.431,-20.292
2025,2025ncgre,Week 4,3822,12,-0.0,10.938,-17.663
2025,2025ncgre,Week 4,4534,12,-0.0,15.817,-40.508
2025,2025ncgre,Week 4,2059,12,-0.0,16.028,-23.824
2025,2025ncgre,Week 4,4829,12,-0.0,11.023,-17.106
2025,2025ncgre,Week 4,8205,12,-0.0,13.457,-17.349
2025,2025ncgre,Week 4,10354,12,-0.0,15.354,-21.518
2025,2025ncmec,Week 4,10077,12,0.0,21.535,-51.745
2025,2025ncmec,Week 4,10412,12,0.0,12.922,-21.231
2025,2025ncmec,Week 4,6502,12,0.0,32.409,-39.724
2025,2025ncmec,Week 4,9724,12,-0.0,17.292,-19.297
2025,2025ncmec,Week 4,7763,12,0.0,23.933,-51.745
2025,2025ncmec,Week 4,9607,12,0.0,15.536,-22.258
2025,2025ncmec,Week 4,7890,12,0.0,23.446,-39.724
2025,2025ncmec,Week 4,10107,12,0.0,17.739,-35.219
2025,2025ncmec,Week 4,5727,12,-0.0,25.317,-35.219
2025,2025ncmec,Week 4,10304,12,0.0,13.002,-34.472
2025,2025ncmec,Week 4,6932,12,0.0,24.734,-34.472
2025,2025ncmec,Week 4,9298,12,0.0,19.718,-34.472
2025,2025ncmec,Week 4,3680,12,0.0,17.701,-33.687
2025,2025ncmec,Week 4,3196,12,0.0,14.804,-22.258
2025,2025ncmec,Week 4,3459,12,0.0,29.819,-31.435
2025,2025ncmec,Week 4,3506,12,0.0,20.903,-24.592
2025,2025ncmec,Week 4,9496,12,0.0,29.787,-56.745
2025,2025ncmec,Week 4,6894,12,0.0,19.879,-33.687
2025,2025ncmec,Week 4,9005,12,0.0,27.702,-33.687
2025,2025ncmec,Week 4,6888,12,0.0,30.913,-26.577
2025,2025ncmec,Week 4,9559,12,0.0,17.645,-33.13
2025,2025ncmec,Week 4,4935,12,0.0,16.878,-33.13
2025,2025ncmec,Week 4,3229,12,-0.0,21.928,-56.745
2025,2025ncmec,Week 4,2724,12,0.0,21.283,-51.745
2025,2025ncmec,Week 4,6908,12,0.0,21.548,-26.577
2025,2025ncmec,Week 4,9198,12,0.0,19.045,-35.529
2025,2025ncmec,Week 4,8738,12,-0.0,33.51,-56.745
2025,2025ncmec,Week 4,587,12,0.0,16.918,-33.714
2025,2025nhdur,Week 4,5902,12,0.0,23.739,-45.462
2025,2025nhdur,Week 4,6324,12,-0.0,17.638,-27.733
2025,2025nhdur,Week 4,2877,12,-0.0,20.187,-32.072
2025,2025nhdur,Week 4,1474,12,-0.0,16.713,-34.269
2025,2025nhdur,Week 4,7907,12,-0.0,16.284,-29.328
2025,2025nhdur,Week 4,138,12,-0.0,25.65,-60.35
2025,2025nhdur,Week 4,4034,12,0.0,20.056,-46.327
2025,2025nhdur,Week 4,8708,12,0.0,19.518,-29.328
2025,2025nhdur,Week 4,8410,12,-0.0,17.734,-30.743
2025,2025nhdur,Week 4,4546,12,-0.0,21.299,-60.35
2025,2025nhdur,Week 4,1247,12,-0.0,18.044,-29.328
2025,2025nhdur,Week 4,4909,12,-0.0,24.104,-45.462
2025,2025nhdur,Week 4,6328,12,0.0,19.919,-40.582
2025,2025nhdur,Week 4,1721,12,-0.0,28.436,-46.327
2025,2025nhdur,Week 4,509,12,-0.0,27.151,-44.174
2025,2025nhdur,Week 4,8046,12,-0.0,12.055,-25.07
2025,2025nhdur,Week 4,2342,12,0.0,23.816,-52.409
2025,2025nhdur,Week 4,2712,12,-0.0,19.653,-34.269
2025,2025nhdur,Week 4,501,12,-0.0,16.143,-22.837
2025,2025nhdur,Week 4,1922,12,-0.0,23.688,-41.6
2025,2025nhdur,Week 4,1729,12,-0.0,20.377,-28.004
2025,2025nhdur,Week 4,3467,12,-0.0,29.411,-52.409
2025,2025nhdur,Week 4,7674,12,0.0,21.801,-46.327
2025,2025nhdur,Week 4,6895,12,-0.0,15.805,-27.733
2025,2025nhdur,Week 4,238,12,-0.0,23.452,-39.124
2025,2025nhdur,Week 4,5347,12,-0.0,23.173,-28.004
2025,2025nhdur,Week 4,7314,12,-0.0,14.776,-16.39
2025,2025nhdur,Week 4,2084,12,-0.0,19.064,-52.409
2025,2025nhdur,Week 4,8567,12,-0.0,16.305,-23.457
2025,2025nhdur,Week 4,131,12,-0.0,19.125,-37.638
2025,2025nhdur,Week 4,3597,12,-0.0,14.667,-22.379
2025,2025nhdur,Week 4,4925,12,-0.0,14.628,-26.722
2025,2025nhdur,Week 4,6367,12,-0.0,15.009,-32.072
2025,2025nhdur,Week 4,6690,12,-0.0,23.183,-60.35
2025,2025nhdur,Week 4,4761,12,0.0,15.952,-37.638
2025,2025nhdur,Week 4,319,12,-0.0,17.639,-45.462
2025,2025nhdur,Week 4,133,12,-0.0,13.163,-25.07
2025,2025nhdur,Week 4,1307,12,-0.0,17.444,-41.6
2025,2025nhdur,Week 4,8724,12,0.0,20.336,-44.174
2025,2025nhdur,Week 4,1071,12,-0.0,11.913,-20.446
2025,2025njwas,Week 4,3142,12,0.0,17.592,-28.216
2025,2025njwas,Week 4,8588,12,-0.0,14.366,-23.494
2025,2025njwas,Week 4,8706,12,0.0,18.075,-37.74
2025,2025njwas,Week 4,8513,12,0.0,21.615,-30.608
2025,2025njwas,Week 4,5310,12,0.0,10.928,-12.879
2025,2025njwas,Week 4,8771,12,0.0,12.367,-23.494
2025,2025njwas,Week 4,714,12,0.0,18.537,-32.767
2025,2025njwas,Week 4,1811,12,-0.0,6.319,-11.313
2025,2025njwas,Week 4,1672,12,-0.0,15.102,-26.478
2025,2025njwas,Week 4,10480,12,0.0,11.451,-18.346
2025,2025njwas,Week 4,752,12,0.0,13.011,-26.478
2025,2025njwas,Week 4,1676,12,0.0,20.068,-45.553
2025,2025njwas,Week 4,222,12,0.0,14.548,-28.216
2025,2025njwas,Week 4,10069,12,-0.0,12.135,-13.921
2025,2025njwas,Week 4,219,12,0.0,11.969,-15.619
2025,2025njwas,Week 4,303,12,0.0,19.222,-23.494
2025,2025njwas,Week 4,10600,12,0.0,19.057,-45.553
2025,2025njwas,Week 4,4285,12,0.0,12.643,-18.387
2025,2025njwas,Week 4,6860,12,0.0,12.975,-28.216
2025,2025njwas,Week 4,2180,12,0.0,13.622,-17.115
2025,2025njwas,Week 4,8630,12,-0.0,11.928,-22.569
2025,2025njwas,Week 4,555,12,-0.0,21.274,-37.74
2025,2025njwas,Week 4,834,12,0.0,17.939,-35.742
2025,2025njwas,Week 4,1640,12,0.0,22.983,-45.553
2025,2025njwas,Week 4,7045,12,0.0,16.133,-31.764
2025,2025njwas,Week 4,9439,12,0.0,15.632,-37.74
2025,2025njwas,Week 4,1279,12,0.0,9.136,-17.146
2025,2025njwas,Week 4,9424,12,-0.0,11.822,-30.608
2025,2025njwas,Week 4,8075,12,0.0,13.884,-16.542
2025,2025njwas,Week 4,8628,12,0.0,12.708,-15.911
2025,2025njwas,Week 4,56,12,0.0,19.95,-32.767
2025,2025njwas,Week 4,8707,12,-0.0,12.03,-16.542
2025,2025onnob,Week 4,9127,12,0.0,16.312,-29.717
2025,2025onnob,Week 4,244,12,-0.0,17.678,-30.444
2025,2025onnob,Week 4,610,12,-0.0,18.033,-25.728
2025,2025onnob,Week 4,3543,12,0.0,15.665,-29.695
2025,2025onnob,Week 4,6987,12,-0.0,21.699,-30.444
2025,2025onnob,Week 4,288,12,0.0,14.683,-26.284
2025,2025onnob,Week 4,865,12,0.0,22.149,-37.861
2025,2025onnob,Week 4,8729,12,-0.0,17.399,-26.103
2025,2025onnob,Week 4,1305,12,-0.0,15.279,-29.695
2025,2025onnob,Week 4,8081,12,-0.0,13.604,-32.795
2025,2025onnob,Week 4,4946,12,-0.0,21.035,-32.795
2025,2025onnob,Week 4,3756,12,0.0,14.859,-32.795
2025,2025onnob,Week 4,2935,12,-0.0,17.397,-31.394
2025,2025onnob,Week 4,2013,12,-0.0,18.001,-31.394
2025,2025onnob,Week 4,4152,12,-0.0,17.557,-31.394
2025,2025onnob,Week 4,6864,12,-0.0,20.54,-37.861
2025,2025onnob,Week 4,9589,12,-0.0,16.024,-18.478
2025,2025onnob,Week 4,8731,12,-0.0,18.614,-29.695
2025,2025onnob,Week 4,4069,12,-0.0,18.852,-32.044
2025,2025onnob,Week 4,1310,12,-0.0,17.651,-32.044
2025,2025onnob,Week 4,1334,12,-0.0,21.201,-37.861
2025,2025onnob,Week 4,10464,12,-0.0,21.018,-55.506
2025,2025onnob,Week 4,216,12,0.0,25.858,-55.506
2025,2025onnob,Week 4,7476,12,-0.0,19.619,-55.506
2025,2025onnob,Week 4,6859,12,0.0,18.428,-26.284
2025,2025onnob,Week 4,6865,12,0.0,16.575,-23.897
2025,2025onnob,Week 4,5409,12,0.0,18.811,-29.717
2025,2025onnob,Week 4,771,12,0.0,15.998,-23.366
2025,2025onnob,Week 4,2708,12,-0.0,15.119,-19.397
2025,2025onnob,Week 4,9592,12,-0.0,20.275,-30.444
2025,2025onnob,Week 4,7757,12,0.0,14.489,-28.459
2025,2025onnob,Week 4,2706,12,-0.0,16.692,-27.898
2025,2025paben,Week 4,316,12,0.0,17.051,-42.52
2025,2025paben,Week 4,1712,12,0.0,23.744,-34.246
2025,2025paben,Week 4,1089,12,0.0,19.288,-39.973
2025,2025paben,Week 4,365,12,0.0,11.378,-21.124
2025,2025paben,Week 4,5401,12,-0.0,22.835,-44.325
2025,2025paben,Week 4,6226,12,-0.0,15.837,-25.185
2025,2025paben,Week 4,4575,12,-0.0,16.515,-34.246
2025,2025paben,Week 4,1257,12,-0.0,18.523,-32.922
2025,2025paben,Week 4,7587,12,0.0,21.308,-27.661
2025,2025paben,Week 4,484,12,0.0,18.957,-35.19
2025,2025paben,Week 4,2016,12,-0.0,16.792,-27.987
2025,2025paben,Week 4,5113,12,-0.0,17.122,-31.146
2025,2025paben,Week 4,10143,12,-0.0,18.94,-34.246
2025,2025paben,Week 4,272,12,-0.0,16.482,-27.428
2025,2025paben,Week 4,9094,12,0.0,13.406,-22.443
2025,2025paben,Week 4,4652,12,-0.0,23.691,-32.922
2025,2025paben,Week 4,1647,12,0.0,16.018,-19.304
2025,2025paben,Week 4,4750,12,0.0,16.367,-44.325
2025,2025paben,Week 4,5666,12,0.0,14.73,-30.487
2025,2025paben,Week 4,9015,12,0.0,17.785,-27.987
2025,2025paben,Week 4,8704,12,-0.0,10.008,-14.588
2025,2025paben,Week 4,486,12,-0.0,11.844,-19.563
2025,2025paben,Week 4,2720,12,0.0,25.726,-42.52
2025,2025paben,Week 4,4653,12,-0.0,17.943,-39.973
2025,2025paben,Week 4,8721,12,0.0,20.134,-32.922
2025,2025paben,Week 4,103,12,-0.0,19.586,-34.299
2025,2025paben,Week 4,708,12,0.0,23.834,-42.52
2025,2025paben,Week 4,427,12,-0.0,20.205,-39.973
2025,2025paben,Week 4,321,12,-0.0,17.856,-27.428
2025,2025paben,Week 4,2559,12,-0.0,21.146,-35.19
2025,2025paben,Week 4,2722,12,-0.0,14.937,-25.855
2025,2025paben,Week 4,5490,12,0.0,19.668,-44.325
2025,2025paben,Week 4,7414,12,0.0,18.058,-34.299
2025,2025vaale,Week 4,2534,12,0.0,13.954,-24.322
2025,2025vaale,Week 4,2363,12,0.0,16.724,-30.772
2025,2025vaale,Week 4,2914,12,0.0,17.165,-24.322
2025,2025vaale,Week 4,2963,12,0.0,22.076,-28.643
2025,2025vaale,Week 4,9072,12,0.0,21.989,-33.614
2025,2025vaale,Week 4,9033,12,0.0,18.832,-30.261
2025,2025vaale,Week 4,4464,12,0.0,19.775,-28.643
2025,2025vaale,Week 4,2988,12,-0.0,17.88,-21.877
2025,2025vaale,Week 4,836,12,-0.0,30.692,-68.693
2025,2025vaale,Week 4,1446,12,-0.0,24.894,-30.864
2025,2025vaale,Week 4,2186,12,0.0,16.068,-30.864
2025,2025vaale,Week 4,3793,12,0.0,20.305,-30.864
2025,2025vaale,Week 4,6882,12,0.0,12.843,-21.089
2025,2025vaale,Week 4,10679,12,0.0,8.797,-11.056
2025,2025vaale,Week 4,3714,12,0.0,12.739,-19.673
2025,2025vaale,Week 4,9684,12,0.0,18.427,-26.805
2025,2025vaale,Week 4,9403,12,0.0,13.699,-21.41
2025,2025vaale,Week 4,3748,12,0.0,16.082,-29.588
2025,2025vaale,Week 4,623,12,0.0,19.01,-33.614
2025,2025vaale,Week 4,5587,12,0.0,11.669,-14.444
2025,2025vaale,Week 4,611,12,0.0,16.382,-21.089
2025,2025vaale,Week 4,1908,12,0.0,13.71,-23.26
2025,2025vaale,Week 4,8230,12,0.0,19.585,-26.805
2025,2025vaale,Week 4,2068,12,0.0,14.876,-21.852
2025,2025vaale,Week 4,5338,12,0.0,21.482,-38.875
2025,2025vaale,Week 4,1885,12,0.0,28.032,-38.875
2025,2025vaale,Week 4,122,12,0.0,21.261,-38.875
2025,2025vaale,Week 4,612,12,0.0,17.928,-30.772
2025,2025vaale,Week 4,620,12,0.0,28.495,-68.693
2025,2025vaale,Week 4,5549,12,0.0,16.949,-29.13
2025,2025vaale,Week 4,1389,12,0.0,17.81,-30.261
2025,2025vaale,Week 4,10449,12,-0.0,15.86,-29.081
2025,2025vaale,Week 4,2421,12,0.0,24.765,-68.693
2025,2025vaale,Week 4,2199,12,0.0,15.862,-23.034
2025,2025vaale,Week 4,4472,12,0.0,16.273,-30.261
2025,2025vaale,Week 4,1418,12,-0.0,13.005,-29.588
2025,2025vaale,Week 4,686,12,0.0,10.542,-17.917
2025,2025vaale,Week 4,6326,12,0.0,15.151,-17.405
2025,2025vabla,Week 4,5804,12,-0.0,17.366,-28.432
2025,2025vabla,Week 4,10257,12,0.0,24.143,-41.925
2025,2025vabla,Week 4,977,12,-0.0,26.805,-41.034
2025,2025vabla,Week 4,3258,12,0.0,15.912,-31.702
2025,2025vabla,Week 4,1719,12,0.0,23.174,-37.109
2025,2025vabla,Week 4,3072,12,0.0,11.194,-20.345
2025,2025vabla,Week 4,617,12,-0.0,14.18,-30.162
2025,2025vabla,Week 4,3939,12,0.0,13.705,-21.498
2025,2025vabla,Week 4,4099,12,0.0,26.308,-40.075
2025,2025vabla,Week 4,3361,12,0.0,23.1,-41.034
2025,2025vabla,Week 4,1599,12,0.0,25.036,-41.925
2025,2025vabla,Week 4,10004,12,0.0,20.45,-37.849
2025,2025vabla,Week 4,1915,12,0.0,14.603,-20.309
2025,2025vabla,Week 4,3136,12,0.0,14.209,-26.389
2025,2025vabla,Week 4,3359,12,0.0,21.71,-37.849
2025,2025vabla,Week 4,540,12,0.0,12.206,-24.922
2025,2025vabla,Week 4,1629,12,0.0,20.468,-37.109
2025,2025vabla,Week 4,2028,12,0.0,19.405,-30.162
2025,2025vabla,Week 4,5724,12,-0.0,21.201,-33.784
2025,2025vabla,Week 4,5830,12,-0.0,14.236,-28.791
2025,2025vabla,Week 4,6802,12,0.0,25.273,-41.034
2025,2025vabla,Week 4,10370,12,0.0,35.648,-53.342
2025,2025vabla,Week 4,539,12,0.0,33.847,-40.075
2025,2025vabla,Week 4,2890,12,-0.0,21.358,-41.925
2025,2025vabla,Week 4,9003,12,0.0,18.548,-53.342
2025,2025vabla,Week 4,1522,12,0.0,14.777,-37.109
2025,2025vabla,Week 4,422,12,0.0,21.291,-40.075
2025,2025vabla,Week 4,8592,12,0.0,29.649,-26.389
2025,2025vabla,Week 4,1262,12,0.0,25.701,-53.342
2025,2025vabla,Week 4,619,12,0.0,20.489,-33.784
2025,2025vabla,Week 4,401,12,0.0,19.979,-37.849
2025,2025casf,Week 4,4159,11,0.0,14.676,-31.298
2025,2025casf,Week 4,846,11,0.0,18.339,-44.531
2025,2025casf,Week 4,1458,11,-0.0,17.404,-23.166
2025,2025casf,Week 4,4186,11,0.0,16.373,-26.618
2025,2025casf,Week 4,5700,11,0.0,13.539,-18.323
2025,2025casf,Week 4,3256,11,0.0,16.714,-41.746
2025,2025casf,Week 4,10281,11,0.0,14.48,-27.35
2025,2025casf,Week 4,6506,11,0.0,33.092,-67.864
2025,2025casf,Week 4,2551,11,0.0,17.256,-27.35
2025,2025casf,Week 4,5104,11,0.0,15.223,-23.869
2025,2025casf,Week 4,5728,12,0.0,13.103,-23.79
2025,2025casf,Week 4,7667,11,0.0,18.974,-23.79
2025,2025casf,Week 4,1280,12,0.0,13.169,-22.641
2025,2025casf,Week 4,5817,11,0.0,25.653,-44.531
2025,2025casf,Week 4,10523,11,0.0,27.372,-67.864
2025,2025casf,Week 4,114,11,-0.0,18.693,-35.789
2025,2025casf,Week 4,5924,11,0.0,13.913,-23.869
2025,2025casf,Week 4,8033,11,0.0,17.483,-29.622
2025,2025casf,Week 4,5430,11,0.0,22.937,-37.862
2025,2025casf,Week 4,7636,11,0.0,18.76,-37.862
2025,2025casf,Week 4,4255,11,0.0,21.06,-37.862
2025,2025casf,Week 4,9038,11,0.0,14.801,-40.813
2025,2025casf,Week 4,840,11,0.0,22.809,-40.813
2025,2025casf,Week 4,3970,12,0.0,21.67,-40.813
2025,2025casf,Week 4,841,11,0.0,19.525,-29.622
2025,2025casf,Week 4,10390,11,0.0,14.762,-23.869
2025,2025casf,Week 4,8852,11,0.0,6.947,-9.753
2025,2025casf,Week 4,5507,11,0.0,29.236,-44.531
2025,2025casf,Week 4,4904,11,0.0,23.618,-67.864
2025,2025casf,Week 4,6036,12,0.0,17.675,-31.298
2025,2025casf,Week 4,4765,12,0.0,20.078,-35.789
2025,2025casf,Week 4,6822,11,0.0,13.471,-24.583
2025,2025casf,Week 4,4973,11,0.0,11.323,-24.583
2025,2025casf,Week 4,8016,11,0.0,15.264,-20.123
2025,2025casf,Week 4,7589,11,0.0,16.862,-38.731
2025,2025casf,Week 4,10064,11,-0.0,9.662,-18.91
2025,2025casf,Week 4,1868,11,0.0,16.789,-24.937
2025,2025casf,Week 4,4669,11,0.0,18.065,-26.618
2025,2025casf,Week 4,8859,11,0.0,27.086,-38.731
2025,2025casf,Week 4,8840,11,0.0,14.486,-22.641
2025,2025casf,Week 4,5940,11,0.0,16.979,-41.746
2025,2025orwil,Week 4,9430,12,0.0,21.135,-28.993
2025,2025orwil,Week 4,3024,12,0.0,16.511,-28.993
2025,2025orwil,Week 4,2733,12,0.0,15.159,-28.993
2025,2025orwil,Week 4,2915,12,0.0,15.809,-34.349
2025,2025orwil,Week 4,1595,12,0.0,22.549,-45.829
2025,2025orwil,Week 4,9600,12,0.0,13.723,-24.236
2025,2025orwil,Week 4,4488,12,0.0,19.188,-29.088
2025,2025orwil,Week 4,6443,12,0.0,20.58,-36.435
2025,2025orwil,Week 4,9567,12,0.0,14.309,-18.987
2025,2025orwil,Week 4,4043,12,0.0,17.84,-34.349
2025,2025orwil,Week 4,5975,12,0.0,20.572,-45.829
2025,2025orwil,Week 4,6343,12,0.0,14.859,-29.088
2025,2025orwil,Week 4,2374,12,0.0,15.64,-23.957
2025,2025orwil,Week 4,5468,12,0.0,13.925,-22.709
2025,2025orwil,Week 4,2550,12,0.0,10.59,-13.168
2025,2025orwil,Week 4,3673,12,0.0,17.903,-36.435
2025,2025orwil,Week 4,1359,12,0.0,15.076,-17.621
2025,2025orwil,Week 4,753,12,0.0,14.084,-29.088
2025,2025orwil,Week 4,3636,12,0.0,22.342,-34.349
2025,2025orwil,Week 4,957,12,0.0,23.025,-40.184
2025,2025orwil,Week 4,2521,12,0.0,23.965,-33.084
2025,2025orwil,Week 4,10444,12,0.0,11.725,-22.447
2025,2025orwil,Week 4,6696,12,0.0,13.428,-22.447
2025,2025orwil,Week 4,5970,12,0.0,20.97,-36.435
2025,2025orwil,Week 4,1425,12,0.0,23.829,-67.675
2025,2025orwil,Week 4,3674,12,0.0,22.485,-67.675
2025,2025orwil,Week 4,1540,12,0.0,33.405,-67.675
2025,2025orwil,Week 4,997,12,0.0,11.997,-27.215
2025,2025orwil,Week 4,1844,12,-0.0,19.181,-32.734
2025,2025orwil,Week 4,6831,12,0.0,21.25,-27.215
2025,2025orwil,Week 4,2471,12,0.0,16.102,-24.236
2025,2025orwil,Week 4,4662,12,0.0,19.326,-40.184
2025,2025orwil,Week 4,4692,12,0.0,7.855,-8.969
2025,2025orwil,Week 4,2811,12,0.0,17.978,-40.184
2025,2025waahs,Week 4,3876,12,-0.0,18.135,-34.378
2025,2025waahs,Week 4,8248,12,-0.0,11.878,-22.697
2025,2025waahs,Week 4,3070,12,-0.0,16.317,-40.131
2025,2025waahs,Week 4,5295,12,-0.0,21.398,-27.554
2025,2025waahs,Week 4,2910,12,-0.0,19.171,-23.845
2025,2025waahs,Week 4,1899,12,-0.0,18.667,-27.79
2025,2025waahs,Week 4,5683,12,-0.0,15.413,-31.268
2025,2025waahs,Week 4,2412,12,-0.0,13.268,-27.554
2025,2025waahs,Week 4,10498,12,-0.0,10.386,-13.954
2025,2025waahs,Week 4,10423,12,-0.0,15.02,-26.632
2025,2025waahs,Week 4,4180,12,-0.0,13.507,-30.775
2025,2025waahs,Week 4,4915,12,0.0,14.846,-27.258
2025,2025waahs,Week 4,2046,12,-0.0,19.443,-34.378
2025,2025waahs,Week 4,2557,12,-0.0,21.532,-22.697
2025,2025waahs,Week 4,3786,12,-0.0,28.386,-40.131
2025,2025waahs,Week 4,4450,12,-0.0,17.569,-30.307
2025,2025waahs,Week 4,3219,12,-0.0,19.647,-22.697
2025,2025waahs,Week 4,360,12,-0.0,17.205,-23.927
2025,2025waahs,Week 4,8896,12,-0.0,20.358,-29.964
2025,2025waahs,Week 4,3574,12,-0.0,20.656,-40.131
2025,2025waahs,Week 4,4173,12,0.0,15.349,-29.964
2025,2025waahs,Week 4,8302,12,-0.0,16.836,-24.729
2025,2025waahs,Week 4,2980,12,-0.0,11.652,-20.197
2025,2025waahs,Week 4,9023,12,-0.0,12.482,-23.748
2025,2025waahs,Week 4,8303,12,-0.0,21.431,-30.775
2025,2025waahs,Week 4,3049,12,-0.0,18.499,-34.378
2025,2025waahs,Week 4,3663,12,-0.0,17.635,-30.307
2025,2025waahs,Week 4,3681,12,-0.0,16.599,-26.632
2025,2025waahs,Week 4,1318,12,-0.0,16.636,-23.845
2025,2025waahs,Week 4,8051,12,-0.0,12.098,-19.438
2025,2025waahs,Week 4,2907,12,-0.0,15.645,-31.268
2025,2025waahs,Week 4,488,12,-0.0,15.954,-23.438
2025,2025waahs,Week 4,2928,12,-0.0,15.274,-27.258
2025,2025waahs,Week 4,3588,12,-0.0,12.367,-14.925
2025,2025waahs,Week 4,4579,12,-0.0,19.582,-30.307
2025,2025waahs,Week 4,1294,12,-0.0,19.303,-27.79
2025,2025iscmp,Week 5,5990,10,0.0,23.294,-45.631
2025,2025iscmp,Week 5,5951,10,0.0,26.398,-36.23
2025,2025iscmp,Week 5,5135,10,0.0,19.298,-32.07
2025,2025iscmp,Week 5,4661,10,-0.0,20.458,-36.617
2025,2025iscmp,Week 5,3316,10,0.0,12.448,-11.262
2025,2025iscmp,Week 5,4338,10,-0.0,20.362,-45.631
2025,2025iscmp,Week 5,3083,10,-0.0,13.328,-24.545
2025,2025iscmp,Week 5,5928,10,0.0,16.318,-26.847
2025,2025iscmp,Week 5,2630,10,0.0,15.437,-27.902
2025,2025iscmp,Week 5,4744,10,0.0,13.993,-27.215
2025,2025iscmp,Week 5,1937,10,0.0,17.76,-27.215
2025,2025iscmp,Week 5,3339,10,0.0,25.982,-51.193
2025,2025iscmp,Week 5,6738,10,-0.0,13.496,-21.298
2025,2025iscmp,Week 5,4590,10,0.0,18.955,-36.23
2025,2025iscmp,Week 5,9740,10,0.0,20.018,-42.232
2025,2025iscmp,Week 5,2231,10,-0.0,18.175,-27.902
2025,2025iscmp,Week 5,3065,10,0.0,30.807,-51.193
2025,2025iscmp,Week 5,5635,10,-0.0,15.453,-33.642
2025,2025iscmp,Week 5,8223,10,0.0,19.534,-39.023
2025,2025iscmp,Week 5,5987,10,0.0,14.985,-24.545
2025,2025iscmp,Week 5,6740,10,-0.0,17.43,-26.847
2025,2025iscmp,Week 5,1942,10,0.0,13.022,-31.958
2025,2025iscmp,Week 5,1576,10,-0.0,18.475,-33.642
2025,2025iscmp,Week 5,5654,10,0.0,21.854,-50.811
2025,2025iscmp,Week 5,4320,10,-0.0,12.021,-24.441
2025,2025iscmp,Week 5,4416,10,0.0,24.406,-33.642
2025,2025iscmp,Week 5,7067,10,-0.0,12.273,-24.441
2025,2025iscmp,Week 5,3211,10,0.0,23.326,-50.811
2025,2025iscmp,Week 5,7845,10,0.0,19.064,-42.232
2025,2025iscmp,Week 5,8175,10,0.0,22.204,-35.339
2025,2025iscmp,Week 5,6104,10,0.0,21.425,-36.23
2025,2025iscmp,Week 5,2096,10,-0.0,21.286,-50.811
2025,2025iscmp,Week 5,9738,10,0.0,17.686,-18.453
2025,2025iscmp,Week 5,7039,10,0.0,16.559,-30.608
2025,2025iscmp,Week 5,3388,10,0.0,13.269,-32.07
2025,2025iscmp,Week 5,5614,10,-0.0,20.573,-39.023
2025,2025iscmp,Week 5,2230,10,0.0,17.265,-30.608
2025,2025iscmp,Week 5,5554,10,0.0,21.102,-51.193
2025,2025iscmp,Week 5,4586,10,0.0,18.436,-35.339
2025,2025iscmp,Week 5,3075,10,0.0,10.119,-12.33
2025,2025iscmp,Week 5,1574,10,-0.0,15.884,-32.07
2025,2025iscmp,Week 5,7112,10,0.0,22.851,-36.617
2025,2025iscmp,Week 5,1690,10,0.0,20.41,-31.958
2025,2025iscmp,Week 5,1577,10,0.0,23.937,-42.232
2025,2025iscmp,Week 5,5715,10,-0.0,15.907,-26.847
2025,2025nytr,Week 5,639,9,0.0,8.571,-10.153
2025,2025nytr,Week 5,7605,9,0.0,14.197,-29.51
2025,2025nytr,Week 5,3044,9,0.0,20.881,-27.579
2025,2025nytr,Week 5,358,9,0.0,21.718,-45.39
2025,2025nytr,Week 5,6621,9,-0.0,23.916,-30.143
2025,2025nytr,Week 5,3950,9,-0.0,20.469,-30.143
2025,2025nytr,Week 5,3173,9,0.0,16.154,-31.074
2025,2025nytr,Week 5,4458,9,-0.0,18.988,-31.074
2025,2025nytr,Week 5,6401,9,0.0,22.659,-37.135
2025,2025nytr,Week 5,1468,9,0.0,18.851,-41.257
2025,2025nytr,Week 5,1796,9,0.0,13.491,-28.423
2025,2025nytr,Week 5,9468,9,0.0,12.578,-23.8
2025,2025nytr,Week 5,6463,9,0.0,25.079,-35.806
2025,2025nytr,Week 5,3117,9,0.0,21.639,-50.575
2025,2025nytr,Week 5,3171,9,0.0,10.02,-16.817
2025,2025nytr,Week 5,7031,9,0.0,22.248,-41.257
2025,2025nytr,Week 5,191,9,0.0,22.944,-37.135
2025,2025nytr,Week 5,7718,9,0.0,17.133,-22.396
2025,2025nytr,Week 5,2053,9,0.0,24.053,-37.645
2025,2025nytr,Week 5,250,9,0.0,21.679,-37.645
2025,2025nytr,Week 5,20,9,-0.0,19.431,-37.645
2025,2025nytr,Week 5,229,9,0.0,11.755,-15.155
2025,2025nytr,Week 5,10714,9,0.0,14.602,-19.673
2025,2025nytr,Week 5,810,9,0.0,12.986,-20.801
2025,2025nytr,Week 5,6300,9,0.0,19.194,-41.257
2025,2025nytr,Week 5,870,9,0.0,10.226,-15.882
2025,2025nytr,Week 5,1126,9,0.0,22.343,-35.927
2025,2025nytr,Week 5,7504,9,0.0,11.169,-19.791
2025,2025nytr,Week 5,8067,9,0.0,23.31,-37.135
2025,2025nytr,Week 5,7759,9,0.0,23.64,-45.39
2025,2025nytr,Week 5,1591,9,-0.0,18.236,-29.51
2025,2025nytr,Week 5,1880,9,0.0,14.214,-25.318
2025,2025nytr,Week 5,5149,9,0.0,19.681,-29.777
2025,2025nytr,Week 5,6648,9,0.0,9.159,-15.882
2025,2025nytr,Week 5,1518,9,0.0,21.071,-43.098
2025,2025nytr,Week 5,9624,9,0.0,19.382,-35.806
2025,2025nytr,Week 5,5881,9,0.0,7.263,-11.288
2025,2025nytr,Week 5,2791,9,0.0,21.551,-43.098
2025,2025nytr,Week 5,3181,9,-0.0,24.233,-45.39
2025,2025nytr,Week 5,4571,9,0.0,11.868,-17.871
2025,2025nytr,Week 5,6806,9,0.0,16.18,-17.871
2025,2025nytr,Week 5,7030,9,0.0,18.557,-43.098
2025,2025nytr,Week 5,2875,9,0.0,11.04,-22.396
2025,2025nytr,Week 5,1493,9,0.0,18.132,-28.423
2025,2025nytr,Week 5,10352,9,-0.0,13.906,-20.713
2025,2025nytr,Week 5,3360,9,-0.0,26.411,-43.312
2025,2025nytr,Week 5,3003,9,0.0,19.57,-43.312
2025,2025nytr,Week 5,334,9,-0.0,19.588,-43.312
2025,2025nytr,Week 5,4122,9,0.0,14.872,-34.272
2025,2025nytr,Week 5,2869,9,0.0,22.54,-34.272
2025,2025nytr,Week 5,5528,9,0.0,16.127,-34.272
2025,2025nytr,Week 5,2601,9,0.0,18.731,-33.835
2025,2025nytr,Week 5,578,9,-0.0,18.71,-33.835
2025,2025nytr,Week 5,6911,9,0.0,31.821,-50.575
2025,2025nytr,Week 5,3550,9,0.0,23.689,-50.575
2025,2025nytr,Week 5,424,9,0.0,13.857,-19.673
2025,2025ohmv,Week 5,5811,10,0.0,17.709,-20.447
2025,2025ohmv,Week 5,2783,10,0.0,17.023,-33.148
2025,2025ohmv,Week 5,6302,10,-0.0,15.487,-35.144
2025,2025ohmv,Week 5,4028,10,0.0,13.193,-18.859
2025,2025ohmv,Week 5,2010,10,-0.0,15.346,-31.009
2025,2025ohmv,Week 5,9597,10,0.0,17.052,-28.377
2025,2025ohmv,Week 5,7525,10,0.0,14.123,-18.855
2025,2025ohmv,Week 5,3324,10,0.0,20.171,-43.854
2025,2025ohmv,Week 5,1507,10,0.0,20.728,-31.009
2025,2025ohmv,Week 5,9668,10,-0.0,21.94,-20.953
2025,2025ohmv,Week 5,9075,10,-0.0,13.81,-18.671
2025,2025ohmv,Week 5,340,10,-0.0,14.275,-22.696
2025,2025ohmv,Week 5,3193,10,0.0,13.071,-29.088
2025,2025ohmv,Week 5,8222,10,-0.0,13.927,-23.051
2025,2025ohmv,Week 5,3138,11,0.0,12.968,-21.242
2025,2025ohmv,Week 5,2556,11,0.0,22.293,-32.457
2025,2025ohmv,Week 5,451,10,0.0,13.147,-18.513
2025,2025ohmv,Week 5,7515,10,0.0,9.946,-14.26
2025,2025ohmv,Week 5,1038,10,-0.0,15.22,-18.671
2025,2025ohmv,Week 5,6936,10,0.0,12.717,-16.103
2025,2025ohmv,Week 5,2252,10,0.0,21.927,-29.088
2025,2025ohmv,Week 5,1014,10,0.0,20.834,-33.148
2025,2025ohmv,Week 5,325,10,-0.0,13.535,-20.953
2025,2025ohmv,Week 5,7917,10,-0.0,18.116,-25.483
2025,2025ohmv,Week 5,144,10,0.0,22.518,-32.457
2025,2025ohmv,Week 5,1369,10,-0.0,21.253,-28.377
2025,2025ohmv,Week 5,120,10,0.0,18.103,-29.088
2025,2025ohmv,Week 5,4329,10,0.0,24.014,-43.854
2025,2025ohmv,Week 5,7516,10,-0.0,10.562,-16.928
2025,2025ohmv,Week 5,9097,10,0.0,14.049,-16.103
2025,2025ohmv,Week 5,547,10,0.0,12.747,-19.117
2025,2025ohmv,Week 5,5492,11,0.0,12.17,-14.164
2025,2025ohmv,Week 5,4085,10,0.0,20.142,-35.144
2025,2025ohmv,Week 5,3814,10,0.0,15.402,-35.144
2025,2025ohmv,Week 5,6964,10,0.0,22.589,-28.746
2025,2025ohmv,Week 5,5667,10,0.0,9.302,-17.965
2025,2025ohmv,Week 5,9767,10,0.0,12.987,-16.435
2025,2025ohmv,Week 5,7903,10,0.0,19.571,-32.457
2025,2025ohmv,Week 5,8145,10,0.0,14.38,-21.242
2025,2025ohmv,Week 5,6032,10,0.0,17.87,-26.037
2025,2025ohmv,Week 5,4145,10,0.0,17.629,-28.746
2025,2025ohmv,Week 5,3201,10,-0.0,15.926,-26.037
2025,2025ohmv,Week 5,4150,10,0.0,21.337,-43.854
2025,2025ohmv,Week 5,432,10,0.0,24.445,-30.585
2025,2025ohmv,Week 5,1317,10,-0.0,20.517,-33.148
2025,2025ohmv,Week 5,10011,10,0.0,18.965,-28.746
2025,2025ohmv,Week 5,4930,11,0.0,17.827,-23.702
2025,2025iacf,Week 5,10476,10,0.0,17.188,-25.922
2025,2025iacf,Week 5,6420,9,-0.0,16.432,-25.922
2025,2025iacf,Week 5,1706,9,0.0,11.213,-25.922
2025,2025iacf,Week 5,4260,9,0.0,15.43,-20.558
2025,2025iacf,Week 5,9579,9,0.0,11.95,-16.564
2025,2025iacf,Week 5,4859,9,0.0,18.461,-29.962
2025,2025iacf,Week 5,171,9,-0.0,13.253,-24.765
2025,2025iacf,Week 5,648,9,-0.0,10.989,-24.765
2025,2025iacf,Week 5,525,9,0.0,26.734,-41.293
2025,2025iacf,Week 5,1785,9,0.0,9.916,-18.916
2025,2025iacf,Week 5,8766,10,-0.0,16.014,-36.552
2025,2025iacf,Week 5,8821,9,0.0,16.545,-25.138
2025,2025iacf,Week 5,4021,9,0.0,15.547,-22.607
2025,2025iacf,Week 5,9570,9,0.0,12.471,-20.095
2025,2025iacf,Week 5,5914,9,0.0,11.538,-20.558
2025,2025iacf,Week 5,9551,9,0.0,12.583,-25.705
2025,2025iacf,Week 5,8770,9,0.0,15.142,-21.569
2025,2025iacf,Week 5,3313,9,0.0,19.832,-25.138
2025,2025iacf,Week 5,9445,10,0.0,12.517,-17.333
2025,2025iacf,Week 5,1625,9,0.0,15.478,-22.052
2025,2025iacf,Week 5,9061,9,0.0,10.29,-17.333
2025,2025iacf,Week 5,5275,9,0.0,12.467,-22.607
2025,2025iacf,Week 5,6455,9,-0.0,14.4,-25.705
2025,2025iacf,Week 5,7541,9,-0.0,15.949,-25.138
2025,2025iacf,Week 5,8824,9,0.0,11.292,-22.052
2025,2025iacf,Week 5,7531,9,-0.0,21.083,-25.705
2025,2025iacf,Week 5,5442,9,0.0,14.863,-22.607
2025,2025iacf,Week 5,9092,9,0.0,15.996,-29.962
2025,2025iacf,Week 5,8024,9,0.0,9.482,-20.597
2025,2025iacf,Week 5,9576,9,0.0,10.283,-17.271
2025,2025iacf,Week 5,3275,9,-0.0,12.349,-21.974
2025,2025iacf,Week 5,7848,9,0.0,7.873,-10.808
2025,2025iacf,Week 5,5576,9,0.0,12.298,-18.916
2025,2025iacf,Week 5,10439,9,0.0,10.858,-16.564
2025,2025iacf,Week 5,4646,9,0.0,20.466,-41.293
2025,2025iacf,Week 5,2839,9,0.0,16.318,-25.171
2025,2025iacf,Week 5,967,9,0.0,13.132,-15.823
2025,2025iacf,Week 5,6419,9,0.0,7.968,-8.18
2025,2025iacf,Week 5,4959,9,-0.0,19.207,-36.552
2025,2025iacf,Week 5,5041,9,0.0,12.264,-22.052
2025,2025iacf,Week 5,167,9,0.0,19.848,-36.552
2025,2025iacf,Week 5,3928,9,0.0,14.089,-21.974
2025,2025iacf,Week 5,4539,9,0.0,12.627,-23.696
2025,2025iacf,Week 5,6391,9,-0.0,15.374,-23.696
2025,2025iacf,Week 5,4624,9,-0.0,12.768,-23.696
2025,2025iacf,Week 5,5837,9,0.0,7.731,-9.973
2025,2025iacf,Week 5,9543,9,-0.0,8.708,-12.561
2025,2025iacf,Week 5,3723,9,0.0,15.306,-32.147
2025,2025iacf,Week 5,3134,9,0.0,20.738,-29.962
2025,2025iacf,Week 5,9508,9,0.0,21.129,-41.293
2025,2025iacf,Week 5,9082,9,0.0,12.357,-15.853
2025,2025ilch,Week 5,5125,11,0.0,7.238,-14.807
2025,2025ilch,Week 5,2022,11,-0.0,9.673,-14.807
2025,2025ilch,Week 5,2638,11,-0.0,22.148,-29.447
2025,2025ilch,Week 5,3023,11,-0.0,28.003,-43.177
2025,2025ilch,Week 5,8029,11,-0.0,12.789,-18.567
2025,2025ilch,Week 5,5822,11,0.0,19.404,-31.868
2025,2025ilch,Week 5,4787,11,-0.0,17.643,-36.18
2025,2025ilch,Week 5,323,11,-0.0,8.51,-10.675
2025,2025ilch,Week 5,4863,12,0.0,14.515,-24.589
2025,2025ilch,Week 5,4645,11,0.0,22.606,-58.028
2025,2025ilch,Week 5,2338,11,-0.0,23.61,-58.028
2025,2025ilch,Week 5,4096,11,0.0,21.091,-58.028
2025,2025ilch,Week 5,9669,12,0.0,13.791,-31.868
2025,2025ilch,Week 5,4143,11,-0.0,22.464,-38.302
2025,2025ilch,Week 5,7201,11,0.0,18.884,-43.177
2025,2025ilch,Week 5,3067,11,-0.0,16.338,-31.352
2025,2025ilch,Week 5,4296,11,-0.0,15.142,-29.447
2025,2025ilch,Week 5,1739,11,0.0,24.382,-32.785
2025,2025ilch,Week 5,4702,11,0.0,26.609,-36.18
2025,2025ilch,Week 5,8863,11,-0.0,26.482,-46.761
2025,2025ilch,Week 5,9692,11,0.0,13.311,-17.055
2025,2025ilch,Week 5,8880,11,-0.0,12.044,-18.567
2025,2025ilch,Week 5,8122,11,-0.0,17.385,-20.485
2025,2025ilch,Week 5,9280,11,0.0,26.447,-43.177
2025,2025ilch,Week 5,7560,11,-0.0,13.174,-36.18
2025,2025ilch,Week 5,2151,11,-0.0,18.67,-31.352
2025,2025ilch,Week 5,1781,11,-0.0,15.746,-24.779
2025,2025ilch,Week 5,10435,11,0.0,23.729,-32.785
2025,2025ilch,Week 5,10458,11,0.0,14.68,-21.052
2025,2025ilch,Week 5,10214,11,0.0,23.57,-21.052
2025,2025ilch,Week 5,9494,11,0.0,22.271,-46.761
2025,2025ilch,Week 5,9654,11,0.0,15.4,-24.589
2025,2025ilch,Week 5,3061,11,0.0,21.522,-29.447
2025,2025ilch,Week 5,3695,11,0.0,19.279,-29.252
2025,2025ilch,Week 5,10438,11,-0.0,16.91,-31.291
2025,2025ilch,Week 5,111,11,0.0,25.628,-46.761
2025,2025ilch,Week 5,48,11,0.0,20.099,-38.302
2025,2025ilch,Week 5,112,11,0.0,11.965,-17.594
2025,2025mnmi,Week 5,4225,9,-0.0,20.328,-43.399
2025,2025mnmi,Week 5,2667,9,0.0,14.326,-19.29
2025,2025mnmi,Week 5,4778,9,0.0,23.331,-33.073
2025,2025mnmi,Week 5,5996,9,0.0,10.752,-18.099
2025,2025mnmi,Week 5,4664,9,0.0,13.553,-22.475
2025,2025mnmi,Week 5,2846,10,0.0,19.902,-27.949
2025,2025mnmi,Week 5,2207,9,0.0,21.839,-48.868
2025,2025mnmi,Week 5,2502,9,0.0,22.463,-48.868
2025,2025mnmi,Week 5,2549,9,0.0,19.746,-48.868
2025,2025mnmi,Week 5,3630,9,0.0,13.209,-18.999
2025,2025mnmi,Week 5,2538,9,-0.0,9.437,-16.517
2025,2025mnmi,Week 5,8234,9,0.0,15.313,-29.727
2025,2025mnmi,Week 5,3082,9,0.0,23.467,-33.073
2025,2025mnmi,Week 5,2823,9,0.0,13.171,-30.55
2025,2025mnmi,Week 5,2498,9,0.0,17.614,-30.55
2025,2025mnmi,Week 5,7850,9,0.0,16.531,-23.59
2025,2025mnmi,Week 5,5541,9,-0.0,12.155,-16.821
2025,2025mnmi,Week 5,2450,9,0.0,10.303,-19.612
2025,2025mnmi,Week 5,3745,9,0.0,14.032,-25.086
2025,2025mnmi,Week 5,2181,9,0.0,18.608,-26.005
2025,2025mnmi,Week 5,4229,9,0.0,12.952,-22.082
2025,2025mnmi,Week 5,6909,9,0.0,8.48,-19.17
2025,2025mnmi,Week 5,6045,9,0.0,17.947,-29.727
2025,2025mnmi,Week 5,5271,9,-0.0,15.858,-19.17
2025,2025mnmi,Week 5,6217,10,0.0,20.236,-43.399
2025,2025mnmi,Week 5,2847,9,0.0,10.735,-19.124
2025,2025mnmi,Week 5,7068,9,0.0,14.718,-22.082
2025,2025mnmi,Week 5,3926,9,-0.0,18.509,-43.399
2025,2025mnmi,Week 5,4687,9,0.0,14.124,-19.29
2025,2025mnmi,Week 5,5464,9,0.0,18.646,-43.013
2025,2025mnmi,Week 5,8570,9,0.0,15.72,-25.086
2025,2025mnmi,Week 5,3454,9,-0.0,11.828,-26.005
2025,2025mnmi,Week 5,7849,9,0.0,13.532,-18.999
2025,2025mnmi,Week 5,3792,9,0.0,16.234,-27.921
2025,2025mnmi,Week 5,7594,9,0.0,16.453,-27.921
2025,2025mnmi,Week 5,3755,9,0.0,19.339,-27.921
2025,2025mnmi,Week 5,3891,9,0.0,16.217,-22.475
2025,2025mnmi,Week 5,2513,9,-0.0,16.12,-29.727
2025,2025mnmi,Week 5,4174,9,0.0,16.711,-23.59
2025,2025mnmi,Week 5,3018,9,0.0,14.653,-22.082
2025,2025mnmi,Week 5,2855,9,0.0,13.799,-25.086
2025,2025mnmi,Week 5,2472,9,0.0,21.266,-43.013
2025,2025mnmi,Week 5,3038,9,0.0,21.115,-27.949
2025,2025mnmi,Week 5,2227,9,0.0,17.569,-43.013
2025,2025mnmi,Week 5,3883,9,0.0,12.431,-24.825
2025,2025mnmi,Week 5,4663,9,-0.0,11.69,-28.513
2025,2025mnmi,Week 5,2220,9,0.0,18.154,-28.513
2025,2025mnmi,Week 5,2511,9,-0.0,17.686,-28.513
2025,2025mnmi,Week 5,3297,9,0.0,13.663,-33.073
2025,2025mnmi,Week 5,2491,10,0.0,12.337,-27.949
2025,2025mnmi,Week 5,2264,9,-0.0,14.478,-16.311
2025,2025mokc,Week 5,5550,11,-0.0,22.138,-59.953
2025,2025mokc,Week 5,1825,11,-0.0,29.903,-51.754
2025,2025mokc,Week 5,9428,11,-0.0,8.958,-17.114
2025,2025mokc,Week 5,1710,11,-0.0,16.119,-27.674
2025,2025mokc,Week 5,2457,11,-0.0,15.214,-31.015
2025,2025mokc,Week 5,4256,11,-0.0,23.463,-27.317
2025,2025mokc,Week 5,5809,11,-0.0,26.357,-51.754
2025,2025mokc,Week 5,1288,11,-0.0,18.117,-33.975
2025,2025mokc,Week 5,1775,11,-0.0,21.335,-33.975
2025,2025mokc,Week 5,4455,11,-0.0,14.238,-23.285
2025,2025mokc,Week 5,9626,11,-0.0,15.809,-28.148
2025,2025mokc,Week 5,1847,11,-0.0,8.085,-17.232
2025,2025mokc,Week 5,1730,11,-0.0,10.059,-19.508
2025,2025mokc,Week 5,5918,11,-0.0,18.057,-27.674
2025,2025mokc,Week 5,1987,11,-0.0,21.805,-30.444
2025,2025mokc,Week 5,1806,11,-0.0,15.264,-25.914
2025,2025mokc,Week 5,2357,11,-0.0,14.309,-31.015
2025,2025mokc,Week 5,1982,11,-0.0,10.107,-12.869
2025,2025mokc,Week 5,3284,11,-0.0,21.676,-37.514
2025,2025mokc,Week 5,935,11,-0.0,25.415,-59.953
2025,2025mokc,Week 5,7064,11,-0.0,15.37,-16.646
2025,2025mokc,Week 5,5098,11,-0.0,21.306,-35.591
2025,2025mokc,Week 5,5268,11,-0.0,21.519,-35.591
2025,2025mokc,Week 5,1622,11,-0.0,28.211,-51.754
2025,2025mokc,Week 5,6647,11,-0.0,29.278,-59.953
2025,2025mokc,Week 5,1763,11,-0.0,10.827,-12.618
2025,2025mokc,Week 5,3160,11,-0.0,20.535,-32.577
2025,2025mokc,Week 5,1997,11,-0.0,15.244,-25.441
2025,2025mokc,Week 5,5801,11,-0.0,24.758,-32.577
2025,2025mokc,Week 5,9410,11,-0.0,23.963,-28.281
2025,2025mokc,Week 5,5968,11,-0.0,12.999,-24.378
2025,2025mokc,Week 5,8825,11,-0.0,21.652,-37.514
2025,2025mokc,Week 5,1769,11,-0.0,13.545,-25.914
2025,2025mokc,Week 5,6843,11,-0.0,9.92,-12.869
2025,2025mokc,Week 5,1802,11,-0.0,12.438,-16.227
2025,2025mokc,Week 5,5126,11,-0.0,18.871,-28.281
2025,2025idbo,Week 5,10448,9,-0.0,19.692,-48.79
2025,2025idbo,Week 5,6364,9,-0.0,15.798,-17.517
2025,2025idbo,Week 5,3045,10,0.0,13.966,-22.299
2025,2025idbo,Week 5,10395,9,0.0,11.232,-18.945
2025,2025idbo,Week 5,5871,9,-0.0,8.077,-9.773
2025,2025idbo,Week 5,6487,9,0.0,23.724,-48.79
2025,2025idbo,Week 5,7895,9,-0.0,15.044,-20.309
2025,2025idbo,Week 5,687,9,-0.0,13.132,-27.303
2025,2025idbo,Week 5,696,9,-0.0,13.839,-13.751
2025,2025idbo,Week 5,8551,9,0.0,16.652,-15.443
2025,2025idbo,Week 5,9726,10,0.0,15.027,-20.639
2025,2025idbo,Week 5,4598,9,-0.0,16.831,-38.576
2025,2025idbo,Week 5,8,9,-0.0,11.409,-17.227
2025,2025idbo,Week 5,2813,9,-0.0,14.869,-20.605
2025,2025idbo,Week 5,5461,9,-0.0,19.141,-42.872
2025,2025idbo,Week 5,9737,9,-0.0,12.28,-13.751
2025,2025idbo,Week 5,115,9,0.0,17.338,-27.303
2025,2025idbo,Week 5,8839,9,0.0,9.314,-13.685
2025,2025idbo,Week 5,1566,9,0.0,17.792,-38.576
2025,2025idbo,Week 5,3859,9,-0.0,11.878,-22.299
2025,2025idbo,Week 5,359,9,0.0,11.243,-20.309
2025,2025idbo,Week 5,8756,9,-0.0,16.676,-23.723
2025,2025idbo,Week 5,9449,9,-0.0,22.125,-42.872
2025,2025idbo,Week 5,9314,9,-0.0,14.685,-15.401
2025,2025idbo,Week 5,5933,9,-0.0,10.897,-12.188
2025,2025idbo,Week 5,9044,9,-0.0,11.187,-10.174
2025,2025idbo,Week 5,3309,9,-0.0,15.334,-18.945
2025,2025idbo,Week 5,4175,9,-0.0,20.485,-36.257
2025,2025idbo,Week 5,8338,9,-0.0,16.063,-36.257
2025,2025idbo,Week 5,1891,9,0.0,19.734,-36.257
2025,2025idbo,Week 5,399,9,0.0,11.413,-20.639
2025,2025idbo,Week 5,8885,9,-0.0,13.152,-16.887
2025,2025idbo,Week 5,2122,9,-0.0,14.867,-10.684
2025,2025idbo,Week 5,3216,9,-0.0,15.158,-27.303
2025,2025idbo,Week 5,6358,9,0.0,24.114,-48.79
2025,2025idbo,Week 5,9243,9,0.0,13.124,-16.887
2025,2025idbo,Week 5,3245,9,0.0,19.874,-20.639
2025,2025idbo,Week 5,3669,9,-0.0,14.515,-16.951
2025,2025idbo,Week 5,3243,9,-0.0,12.769,-16.951
2025,2025idbo,Week 5,6390,9,-0.0,16.862,-23.723
2025,2025idbo,Week 5,2594,9,-0.0,16.411,-20.23
2025,2025idbo,Week 5,1148,9,-0.0,16.954,-20.23
2025,2025idbo,Week 5,3288,9,0.0,12.872,-17.517
2025,2025idbo,Week 5,9649,9,0.0,20.685,-38.576
2025,2025idbo,Week 5,4944,9,0.0,11.387,-18.487
2025,2025idbo,Week 5,2130,10,-0.0,13.394,-18.531
2025,2025idbo,Week 5,192,9,-0.0,8.959,-16.821
2025,2025idbo,Week 5,3006,9,-0.0,21.348,-42.872
2025,2025idbo,Week 5,1569,9,-0.0,12.802,-20.452
2025,2025idbo,Week 5,8550,9,0.0,13.947,-15.443
2025,2025idbo,Week 5,7634,9,-0.0,8.663,-15.682
2025,2025nvlv,Week 5,8022,10,-0.0,19.587,-30.357
2025,2025nvlv,Week 5,5429,10,-0.0,19.629,-33.945
2025,2025nvlv,Week 5,10183,10,-0.0,25.3,-33.276
2025,2025nvlv,Week 5,2429,10,-0.0,14.568,-21.874
2025,2025nvlv,Week 5,9018,10,-0.0,15.1,-17.417
2025,2025nvlv,Week 5,1388,10,-0.0,19.434,-49.704
2025,2025nvlv,Week 5,9406,10,0.0,22.731,-55.992
2025,2025nvlv,Week 5,4414,10,-0.0,22.876,-55.992
2025,2025nvlv,Week 5,10368,10,-0.0,23.249,-55.992
2025,2025nvlv,Week 5,4501,10,-0.0,17.964,-26.135
2025,2025nvlv,Week 5,7183,10,-0.0,20.643,-33.945
2025,2025nvlv,Week 5,9426,10,-0.0,15.39,-26.135
2025,2025nvlv,Week 5,7654,10,-0.0,16.08,-27.928
2025,2025nvlv,Week 5,8717,10,-0.0,19.438,-33.276
2025,2025nvlv,Week 5,8005,10,0.0,22.129,-22.627
2025,2025nvlv,Week 5,9151,10,-0.0,18.992,-20.695
2025,2025nvlv,Week 5,7426,10,-0.0,28.051,-51.698
2025,2025nvlv,Week 5,5857,10,-0.0,20.732,-49.704
2025,2025nvlv,Week 5,9400,10,-0.0,15.441,-16.821
2025,2025nvlv,Week 5,4421,10,0.0,14.136,-17.724
2025,2025nvlv,Week 5,9534,10,-0.0,10.787,-21.113
2025,2025nvlv,Week 5,7425,10,-0.0,28.74,-51.698
2025,2025nvlv,Week 5,991,10,-0.0,5.548,-11.528
2025,2025nvlv,Week 5,60,10,-0.0,13.082,-27.928
2025,2025nvlv,Week 5,4,10,-0.0,8.909,-17.724
2025,2025nvlv,Week 5,6825,10,-0.0,12.152,-21.232
2025,2025nvlv,Week 5,9287,10,-0.0,11.76,-21.003
2025,2025nvlv,Week 5,3990,10,-0.0,15.114,-21.874
2025,2025nvlv,Week 5,8229,10,-0.0,23.744,-51.698
2025,2025nvlv,Week 5,5851,10,-0.0,11.632,-13.851
2025,2025nvlv,Week 5,988,10,0.0,10.215,-13.293
2025,2025nvlv,Week 5,2403,10,-0.0,16.646,-30.357
2025,2025nvlv,Week 5,10186,10,-0.0,11.808,-21.113
2025,2025nvlv,Week 5,1056,10,-0.0,15.827,-21.874
2025,2025nvlv,Week 5,9498,10,0.0,17.604,-33.945
2025,2025nvlv,Week 5,9002,10,-0.0,14.947,-18.264
2025,2025nvlv,Week 5,987,10,-0.0,14.878,-21.113
2025,2025nvlv,Week 5,7077,10,-0.0,11.525,-13.851
2025,2025nvlv,Week 5,8387,10,-0.0,14.635,-21.232
2025,2025nvlv,Week 5,7607,10,-0.0,13.484,-13.675
2025,2025nvlv,Week 5,597,10,-0.0,9.473,-13.782
2025,2025nvlv,Week 5,3009,10,0.0,13.84,-21.232
2025,2025nvlv,Week 5,6824,10,-0.0,17.304,-18.264
2025,2025nvlv,Week 5,4183,10,-0.0,14.854,-21.003
2025,2025nvlv,Week 5,5049,10,-0.0,21.591,-33.276
2025,2025gaalb,Week 5,1002,12,-0.0,15.747,-25.794
2025,2025gaalb,Week 5,4240,12,-0.0,9.775,-25.794
2025,2025gaalb,Week 5,5828,12,-0.0,15.875,-26.91
2025,2025gaalb,Week 5,10338,12,-0.0,17.989,-38.999
2025,2025gaalb,Week 5,3344,12,-0.0,18.785,-38.999
2025,2025gaalb,Week 5,2415,12,-0.0,18.552,-38.999
2025,2025gaalb,Week 5,8849,12,-0.0,13.959,-18.276
2025,2025gaalb,Week 5,1771,12,-0.0,13.963,-24.296
2025,2025gaalb,Week 5,7470,12,-0.0,10.535,-20.48
2025,2025gaalb,Week 5,3329,12,-0.0,11.73,-17.115
2025,2025gaalb,Week 5,5074,12,-0.0,14.824,-26.91
2025,2025gaalb,Week 5,6910,12,-0.0,10.774,-11.225
2025,2025gaalb,Week 5,6919,12,-0.0,12.873,-24.296
2025,2025gaalb,Week 5,7514,12,-0.0,9.53,-10.28
2025,2025gaalb,Week 5,4459,12,-0.0,8.853,-20.953
2025,2025gaalb,Week 5,6925,12,-0.0,13.355,-23.268
2025,2025gaalb,Week 5,8080,12,-0.0,8.791,-11.014
2025,2025gaalb,Week 5,9260,12,-0.0,15.112,-24.296
2025,2025gaalb,Week 5,10482,12,-0.0,13.493,-26.91
2025,2025gaalb,Week 5,4509,12,-0.0,15.032,-23.268
2025,2025gaalb,Week 5,4730,12,-0.0,12.591,-23.128
2025,2025gaalb,Week 5,6905,12,-0.0,13.197,-23.268
2025,2025gaalb,Week 5,6023,12,-0.0,10.309,-14.119
2025,2025gaalb,Week 5,1261,12,-0.0,16.477,-19.214
2025,2025gaalb,Week 5,1795,12,-0.0,13.979,-20.48
2025,2025gaalb,Week 5,7676,12,-0.0,11.257,-20.953
2025,2025inwas,Week 5,7657,12,-0.0,17.484,-23.531
2025,2025inwas,Week 5,8564,12,-0.0,11.454,-20.434
2025,2025inwas,Week 5,868,12,-0.0,22.076,-46.79
2025,2025inwas,Week 5,10493,12,-0.0,11.693,-23.408
2025,2025inwas,Week 5,3940,12,-0.0,19.112,-35.593
2025,2025inwas,Week 5,1018,12,-0.0,14.395,-22.265
2025,2025inwas,Week 5,1720,12,-0.0,16.506,-35.593
2025,2025inwas,Week 5,3452,12,-0.0,20.624,-46.79
2025,2025inwas,Week 5,9554,12,-0.0,12.668,-23.408
2025,2025inwas,Week 5,3559,12,-0.0,14.335,-24.317
2025,2025inwas,Week 5,5402,12,-0.0,14.945,-27.576
2025,2025inwas,Week 5,234,12,-0.0,12.248,-27.576
2025,2025inwas,Week 5,9790,12,-0.0,14.954,-29.469
2025,2025inwas,Week 5,4008,12,-0.0,16.084,-22.265
2025,2025inwas,Week 5,9491,12,-0.0,11.142,-15.099
2025,2025inwas,Week 5,7454,12,-0.0,15.037,-23.531
2025,2025inwas,Week 5,1501,12,-0.0,15.711,-35.593
2025,2025inwas,Week 5,7617,12,0.0,13.083,-21.631
2025,2025inwas,Week 5,10492,12,-0.0,12.993,-23.408
2025,2025inwas,Week 5,8742,12,-0.0,13.506,-29.469
2025,2025inwas,Week 5,8430,12,0.0,16.29,-24.317
2025,2025inwas,Week 5,6498,12,0.0,17.733,-28.636
2025,2025inwas,Week 5,5188,12,-0.0,17.663,-28.636
2025,2025inwas,Week 5,2197,12,-0.0,16.775,-28.636
2025,2025inwas,Week 5,8116,12,-0.0,17.342,-46.79
2025,2025inwas,Week 5,2867,12,-0.0,15.824,-27.576
2025,2025mibig,Week 5,6098,12,0.0,20.228,-49.624
2025,2025mibig,Week 5,5505,12,0.0,15.065,-39.668
2025,2025mibig,Week 5,9742,12,0.0,12.832,-22.648
2025,2025mibig,Week 5,7160,12,0.0,15.278,-19.554
2025,2025mibig,Week 5,10589,12,0.0,12.448,-17.618
2025,2025mibig,Week 5,8286,12,0.0,10.851,-16.18
2025,2025mibig,Week 5,107,12,0.0,17.037,-20.186
2025,2025mibig,Week 5,494,12,-0.0,16.071,-24.308
2025,2025mibig,Week 5,8611,12,0.0,22.567,-41.517
2025,2025mibig,Week 5,7211,12,0.0,20.719,-39.668
2025,2025mibig,Week 5,10421,12,-0.0,14.966,-22.648
2025,2025mibig,Week 5,6963,12,0.0,11.683,-19.063
2025,2025mibig,Week 5,6113,12,0.0,15.578,-25.3
2025,2025mibig,Week 5,5462,12,0.0,19.796,-49.624
2025,2025mibig,Week 5,9754,12,0.0,15.895,-27.369
2025,2025mibig,Week 5,7911,12,0.0,11.594,-26.222
2025,2025mibig,Week 5,3603,12,0.0,10.693,-18.643
2025,2025mibig,Week 5,7054,12,0.0,15.248,-27.663
2025,2025mibig,Week 5,10622,12,-0.0,15.235,-27.369
2025,2025mibig,Week 5,4835,12,0.0,10.544,-12.298
2025,2025mibig,Week 5,9756,12,-0.0,12.941,-24.308
2025,2025mibig,Week 5,9721,12,0.0,8.252,-11.438
2025,2025mibig,Week 5,5706,12,0.0,11.421,-17.535
2025,2025mibig,Week 5,9682,12,0.0,13.631,-21.423
2025,2025mibig,Week 5,9176,12,0.0,22.115,-37.032
2025,2025mibig,Week 5,6877,12,0.0,19.112,-21.423
2025,2025mibig,Week 5,5535,12,0.0,19.529,-25.3
2025,2025mibig,Week 5,9242,12,0.0,18.946,-26.222
2025,2025mibig,Week 5,4327,12,0.0,17.878,-22.247
2025,2025mibig,Week 5,1918,12,0.0,24.257,-49.624
2025,2025mibig,Week 5,6005,12,-0.0,12.511,-22.147
2025,2025mibig,Week 5,70,12,-0.0,20.059,-41.517
2025,2025mibig,Week 5,9225,12,0.0,11.677,-23.489
2025,2025mibig,Week 5,5162,12,0.0,18.493,-39.668
2025,2025mibig,Week 5,6100,12,0.0,18.738,-37.032
2025,2025mibig,Week 5,6642,12,0.0,16.509,-26.222
2025,2025mibig,Week 5,9548,12,0.0,15.686,-19.99
2025,2025mibig,Week 5,8612,12,0.0,11.406,-17.612
2025,2025mibig,Week 5,10595,12,0.0,14.105,-23.489
2025,2025mibig,Week 5,4004,12,0.0,15.611,-22.648
2025,2025mibig,Week 5,1940,12,0.0,16.496,-37.032
2025,2025midet,Week 5,5695,12,-0.0,19.866,-25.194
2025,2025midet,Week 5,8179,12,-0.0,16.688,-24.306
2025,2025midet,Week 5,5197,12,-0.0,23.74,-41.868
2025,2025midet,Week 5,4405,12,-0.0,22.776,-39.344
2025,2025midet,Week 5,7656,12,-0.0,22.464,-27.573
2025,2025midet,Week 5,5530,12,-0.0,21.319,-23.882
2025,2025midet,Week 5,2591,12,-0.0,22.158,-41.868
2025,2025midet,Week 5,8362,12,-0.0,14.64,-21.233
2025,2025midet,Week 5,4851,12,-0.0,14.041,-23.19
2025,2025midet,Week 5,7856,12,-0.0,15.551,-31.534
2025,2025midet,Week 5,2960,12,-0.0,22.229,-31.534
2025,2025midet,Week 5,2673,12,-0.0,16.48,-31.534
2025,2025midet,Week 5,5619,12,-0.0,22.282,-32.749
2025,2025midet,Week 5,3096,12,-0.0,15.051,-22.786
2025,2025midet,Week 5,94,12,-0.0,11.764,-17.086
2025,2025midet,Week 5,6096,12,-0.0,15.952,-23.19
2025,2025midet,Week 5,4768,12,-0.0,16.56,-23.618
2025,2025midet,Week 5,3632,12,-0.0,21.277,-39.133
2025,2025midet,Week 5,6615,12,-0.0,15.188,-39.344
2025,2025midet,Week 5,2048,12,-0.0,19.301,-23.733
2025,2025midet,Week 5,5577,12,-0.0,19.208,-32.31
2025,2025midet,Week 5,7692,12,-0.0,11.125,-20.754
2025,2025midet,Week 5,6616,12,-0.0,14.64,-32.31
2025,2025midet,Week 5,2224,12,-0.0,14.683,-41.868
2025,2025midet,Week 5,8352,12,-0.0,16.979,-23.618
2025,2025midet,Week 5,10577,12,-0.0,12.855,-21.214
2025,2025midet,Week 5,1701,12,-0.0,25.481,-32.749
2025,2025midet,Week 5,9252,12,-0.0,23.608,-39.133
2025,2025midet,Week 5,7865,12,-0.0,18.366,-39.344
2025,2025midet,Week 5,7145,12,-0.0,16.196,-23.733
2025,2025midet,Week 5,5901,12,-0.0,16.482,-25.724
2025,2025midet,Week 5,4390,12,-0.0,16.918,-25.724
2025,2025midet,Week 5,7716,12,-0.0,19.52,-32.749
2025,2025midet,Week 5,3619,12,-0.0,12.837,-18.883
2025,2025midet,Week 5,4758,12,-0.0,10.77,-18.883
2025,2025midet,Week 5,5756,12,-0.0,17.665,-20.597
2025,2025midet,Week 5,4854,12,0.0,16.051,-24.792
2025,2025midet,Week 5,5532,12,-0.0,20.723,-39.133
2025,2025midet,Week 5,7196,12,0.0,19.523,-27.573
2025,2025miliv,Week 5,280,12,0.0,19.01,-36.131
2025,2025miliv,Week 5,5907,12,0.0,17.666,-34.993
2025,2025miliv,Week 5,10672,12,0.0,16.932,-29.998
2025,2025miliv,Week 5,8832,12,0.0,15.909,-29.998
2025,2025miliv,Week 5,7147,12,0.0,14.984,-28.247
2025,2025miliv,Week 5,3641,12,0.0,16.751,-36.359
2025,2025miliv,Week 5,4737,12,0.0,13.138,-29.998
2025,2025miliv,Week 5,308,12,0.0,15.568,-29.46
2025,2025miliv,Week 5,5612,12,0.0,16.42,-27.597
2025,2025miliv,Week 5,8385,12,0.0,20.148,-39.571
2025,2025miliv,Week 5,6101,12,0.0,21.759,-39.571
2025,2025miliv,Week 5,10590,12,0.0,16.55,-39.571
2025,2025miliv,Week 5,8426,12,0.0,10.1,-16.595
2025,2025miliv,Week 5,7598,12,0.0,17.881,-42.946
2025,2025miliv,Week 5,10705,12,0.0,14.19,-18.641
2025,2025miliv,Week 5,8424,12,0.0,13.668,-20.559
2025,2025miliv,Week 5,5205,12,0.0,13.545,-29.079
2025,2025miliv,Week 5,6532,12,0.0,14.94,-27.597
2025,2025miliv,Week 5,7178,12,0.0,14.385,-35.218
2025,2025miliv,Week 5,6152,12,0.0,15.728,-30.112
2025,2025miliv,Week 5,10285,12,0.0,15.537,-20.559
2025,2025miliv,Week 5,5067,12,0.0,22.125,-42.946
2025,2025miliv,Week 5,2337,12,0.0,21.239,-36.131
2025,2025miliv,Week 5,503,12,0.0,10.489,-18.092
2025,2025miliv,Week 5,8427,12,0.0,22.053,-54.282
2025,2025miliv,Week 5,2832,12,0.0,28.529,-54.282
2025,2025miliv,Week 5,9226,12,0.0,23.153,-54.282
2025,2025miliv,Week 5,9572,12,0.0,16.646,-42.946
2025,2025miliv,Week 5,9735,12,0.0,15.0,-20.559
2025,2025miliv,Week 5,7174,12,0.0,20.877,-34.993
2025,2025miliv,Week 5,9618,12,0.0,12.666,-17.904
2025,2025miliv,Week 5,6190,12,0.0,22.034,-30.112
2025,2025miliv,Week 5,9148,12,0.0,18.739,-36.131
2025,2025miliv,Week 5,7220,12,0.0,11.47,-17.773
2025,2025miliv,Week 5,1528,12,-0.0,21.3,-34.993
2025,2025miliv,Week 5,9204,12,0.0,22.064,-36.359
2025,2025miliv,Week 5,6861,12,0.0,17.758,-35.218
2025,2025miliv,Week 5,7553,12,0.0,12.762,-28.645
2025,2025miliv,Week 5,10659,12,0.0,12.911,-17.646
2025,2025mimcc,Week 5,818,12,0.0,19.699,-30.327
2025,2025mimcc,Week 5,5239,12,-0.0,15.013,-19.825
2025,2025mimcc,Week 5,5214,12,0.0,14.595,-28.752
2025,2025mimcc,Week 5,8115,12,0.0,12.19,-19.595
2025,2025mimcc,Week 5,1189,12,-0.0,21.947,-55.683
2025,2025mimcc,Week 5,3302,12,-0.0,12.479,-16.56
2025,2025mimcc,Week 5,4810,12,0.0,10.215,-20.697
2025,2025mimcc,Week 5,3539,12,0.0,13.376,-30.327
2025,2025mimcc,Week 5,9757,12,0.0,10.688,-16.56
2025,2025mimcc,Week 5,10652,12,0.0,11.531,-22.122
2025,2025mimcc,Week 5,10665,12,-0.0,14.496,-16.177
2025,2025mimcc,Week 5,10606,12,0.0,5.92,-8.929
2025,2025mimcc,Week 5,4779,12,-0.0,25.283,-55.683
2025,2025mimcc,Week 5,10668,12,0.0,11.934,-25.495
2025,2025mimcc,Week 5,9528,12,0.0,9.21,-17.117
2025,2025mimcc,Week 5,4130,12,0.0,12.343,-28.752
2025,2025mimcc,Week 5,5065,12,0.0,10.405,-19.825
2025,2025mimcc,Week 5,7813,12,0.0,10.026,-20.872
2025,2025mimcc,Week 5,9679,12,-0.0,9.439,-13.844
2025,2025mimcc,Week 5,5053,12,0.0,11.245,-19.016
2025,2025mimcc,Week 5,217,12,0.0,15.357,-28.752
2025,2025mimcc,Week 5,314,12,0.0,9.763,-12.091
2025,2025mimcc,Week 5,3098,12,-0.0,15.025,-30.327
2025,2025mimcc,Week 5,5860,12,0.0,18.94,-22.122
2025,2025mimcc,Week 5,7762,12,0.0,10.384,-18.187
2025,2025mimcc,Week 5,5225,12,0.0,13.383,-18.187
2025,2025mimcc,Week 5,5926,12,-0.0,12.444,-18.187
2025,2025mimcc,Week 5,2604,12,0.0,11.207,-22.122
2025,2025mimcc,Week 5,9747,12,0.0,8.503,-12.655
2025,2025mimcc,Week 5,6120,12,-0.0,9.94,-18.175
2025,2025mimcc,Week 5,1718,12,0.0,11.435,-25.495
2025,2025mimcc,Week 5,5467,12,-0.0,18.268,-55.683
2025,2025mimcc,Week 5,9558,12,-0.0,12.626,-20.872
2025,2025mimcc,Week 5,453,12,-0.0,15.217,-20.697
2025,2025mimcc,Week 5,7188,12,-0.0,12.341,-19.477
2025,2025mimcc,Week 5,8899,12,-0.0,13.032,-20.872
2025,2025mimcc,Week 5,6099,12,-0.0,10.372,-15.27
2025,2025mimcc,Week 5,9212,12,-0.0,10.726,-17.117
2025,2025mimcc,Week 5,8364,12,-0.0,6.803,-13.019
2025,2025mimid,Week 5,6088,12,-0.0,19.964,-36.736
2025,2025mimid,Week 5,5424,12,-0.0,20.415,-39.57
2025,2025mimid,Week 5,9685,12,-0.0,19.608,-30.668
2025,2025mimid,Week 5,5603,12,-0.0,17.367,-39.57
2025,2025mimid,Week 5,6033,12,-0.0,13.904,-28.164
2025,2025mimid,Week 5,5504,12,-0.0,11.631,-23.377
2025,2025mimid,Week 5,10690,12,-0.0,18.073,-36.736
2025,2025mimid,Week 5,9594,12,-0.0,9.771,-15.465
2025,2025mimid,Week 5,10547,12,-0.0,11.16,-28.164
2025,2025mimid,Week 5,10587,12,-0.0,11.639,-21.986
2025,2025mimid,Week 5,5525,12,-0.0,9.94,-21.432
2025,2025mimid,Week 5,5538,12,-0.0,9.671,-15.456
2025,2025mimid,Week 5,5231,12,-0.0,16.422,-30.668
2025,2025mimid,Week 5,6610,12,-0.0,16.399,-17.752
2025,2025mimid,Week 5,7772,12,-0.0,11.639,-17.061
2025,2025mimid,Week 5,6071,12,-0.0,13.785,-28.457
2025,2025mimid,Week 5,10667,12,-0.0,10.278,-24.176
2025,2025mimid,Week 5,5982,12,-0.0,10.97,-15.465
2025,2025mimid,Week 5,9648,12,-0.0,12.988,-21.038
2025,2025mimid,Week 5,6631,12,-0.0,13.919,-21.432
2025,2025mimid,Week 5,5704,12,-0.0,11.463,-17.752
2025,2025mimid,Week 5,3175,12,-0.0,15.947,-28.457
2025,2025mimid,Week 5,5216,12,-0.0,16.071,-21.038
2025,2025mimid,Week 5,9662,12,-0.0,12.933,-17.061
2025,2025mimid,Week 5,6073,12,-0.0,12.943,-29.406
2025,2025mimid,Week 5,9736,12,-0.0,20.884,-36.736
2025,2025mimid,Week 5,7109,12,-0.0,13.431,-29.406
2025,2025mimid,Week 5,6533,12,-0.0,17.16,-30.668
2025,2025mimid,Week 5,2619,12,-0.0,17.44,-28.164
2025,2025mimid,Week 5,5166,12,-0.0,9.56,-12.94
2025,2025mimid,Week 5,5229,12,-0.0,12.402,-17.752
2025,2025mimid,Week 5,9731,12,-0.0,12.031,-20.904
2025,2025mimid,Week 5,9674,12,-0.0,13.645,-26.29
2025,2025mimid,Week 5,3770,12,-0.0,13.135,-28.457
2025,2025mimid,Week 5,6753,12,-0.0,13.758,-21.432
2025,2025mimid,Week 5,6067,12,-0.0,13.207,-26.29
2025,2025mimid,Week 5,5193,12,-0.0,10.191,-21.986
2025,2025mimid,Week 5,5509,12,-0.0,12.88,-17.061
2025,2025mimid,Week 5,8517,12,-0.0,16.489,-39.57
2025,2025mimid,Week 5,9661,12,-0.0,7.898,-12.956
2025,2025onwin,Week 5,2634,12,-0.0,24.374,-38.408
2025,2025onwin,Week 5,5596,12,-0.0,14.092,-19.808
2025,2025onwin,Week 5,10579,12,0.0,16.806,-37.578
2025,2025onwin,Week 5,4940,12,-0.0,19.654,-31.44
2025,2025onwin,Week 5,8789,12,-0.0,13.395,-19.072
2025,2025onwin,Week 5,5408,12,-0.0,18.49,-36.662
2025,2025onwin,Week 5,6875,12,0.0,8.594,-10.543
2025,2025onwin,Week 5,6854,12,-0.0,10.311,-21.451
2025,2025onwin,Week 5,3756,12,-0.0,24.362,-30.801
2025,2025onwin,Week 5,781,12,-0.0,21.862,-38.408
2025,2025onwin,Week 5,5912,12,-0.0,17.277,-29.017
2025,2025onwin,Week 5,6162,12,0.0,23.921,-35.455
2025,2025onwin,Week 5,5885,12,-0.0,18.565,-28.456
2025,2025onwin,Week 5,8081,12,-0.0,21.735,-37.578
2025,2025onwin,Week 5,5689,12,-0.0,16.495,-18.04
2025,2025onwin,Week 5,4951,12,0.0,19.829,-31.44
2025,2025onwin,Week 5,4920,12,0.0,16.489,-28.456
2025,2025onwin,Week 5,7136,12,-0.0,10.471,-17.653
2025,2025onwin,Week 5,772,12,-0.0,17.011,-31.44
2025,2025onwin,Week 5,4688,12,0.0,14.201,-22.103
2025,2025onwin,Week 5,10514,12,-0.0,12.49,-19.808
2025,2025onwin,Week 5,3739,12,-0.0,20.054,-28.916
2025,2025onwin,Week 5,1229,12,-0.0,15.038,-24.832
2025,2025onwin,Week 5,4678,12,0.0,22.891,-35.455
2025,2025onwin,Week 5,10611,12,-0.0,18.798,-29.017
2025,2025onwin,Week 5,4907,12,-0.0,19.36,-38.408
2025,2025onwin,Week 5,4617,12,-0.0,11.163,-19.808
2025,2025onwin,Week 5,6725,12,-0.0,22.891,-36.662
2025,2025onwin,Week 5,6632,12,-0.0,17.908,-28.916
2025,2025txama,Week 5,9105,12,0.0,20.75,-32.407
2025,2025txama,Week 5,2789,12,0.0,24.234,-32.407
2025,2025txama,Week 5,3035,12,0.0,17.671,-32.407
2025,2025txama,Week 5,9506,12,0.0,19.014,-32.125
2025,2025txama,Week 5,10340,12,0.0,19.825,-30.909
2025,2025txama,Week 5,9080,12,0.0,14.738,-18.345
2025,2025txama,Week 5,8512,12,0.0,13.996,-22.169
2025,2025txama,Week 5,5613,12,0.0,17.662,-19.747
2025,2025txama,Week 5,7271,12,0.0,16.575,-25.667
2025,2025txama,Week 5,7088,12,0.0,15.983,-24.935
2025,2025txama,Week 5,1164,12,0.0,14.416,-24.226
2025,2025txama,Week 5,4251,12,0.0,21.386,-31.981
2025,2025txama,Week 5,7540,12,0.0,20.556,-42.738
2025,2025txama,Week 5,4734,12,0.0,25.586,-42.738
2025,2025txama,Week 5,8816,12,0.0,20.249,-42.738
2025,2025txama,Week 5,5411,12,-0.0,18.807,-49.463
2025,2025txama,Week 5,2468,12,0.0,18.523,-49.463
2025,2025txama,Week 5,4063,12,0.0,25.465,-49.463
2025,2025txama,Week 5,8408,12,0.0,16.225,-25.667
2025,2025txama,Week 5,9620,12,0.0,25.092,-40.882
2025,2025txama,Week 5,5866,12,0.0,20.035,-30.909
2025,2025txama,Week 5,4153,12,0.0,25.351,-40.882
2025,2025txama,Week 5,7506,12,0.0,18.039,-24.642
2025,2025txama,Week 5,3310,12,0.0,11.89,-24.642
2025,2025txama,Week 5,2657,12,0.0,16.838,-26.347
2025,2025txama,Week 5,6369,12,0.0,19.431,-30.545
2025,2025txama,Week 5,8528,12,0.0,15.426,-24.935
2025,2025txama,Week 5,6974,12,0.0,18.525,-40.882
2025,2025txama,Week 5,6768,12,0.0,17.195,-22.11
2025,2025txama,Week 5,5212,12,0.0,12.267,-21.862
2025,2025txama,Week 5,9492,12,0.0,15.405,-30.545
2025,2025txama,Week 5,9136,12,0.0,14.8,-25.077
2025,2025txama,Week 5,10062,12,0.0,15.807,-31.981
2025,2025txama,Week 5,8749,12,0.0,15.987,-23.28
2025,2025txama,Week 5,9128,12,0.0,16.421,-19.923
2025,2025txama,Week 5,9786,12,0.0,15.494,-24.226
2025,2025wimu,Week 5,6317,12,0.0,9.763,-15.708
2025,2025wimu,Week 5,1220,12,-0.0,13.516,-22.346
2025,2025wimu,Week 5,6381,12,-0.0,14.273,-23.076
2025,2025wimu,Week 5,6318,12,-0.0,13.709,-21.993
2025,2025wimu,Week 5,8700,12,-0.0,10.697,-23.379
2025,2025wimu,Week 5,4693,12,-0.0,12.855,-24.104
2025,2025wimu,Week 5,5934,12,0.0,12.833,-19.472
2025,2025wimu,Week 5,2202,12,-0.0,13.064,-19.472
2025,2025wimu,Week 5,1714,12,-0.0,12.04,-19.472
2025,2025wimu,Week 5,1792,12,-0.0,12.581,-20.409
2025,2025wimu,Week 5,10553,12,-0.0,17.546,-32.526
2025,2025wimu,Week 5,2530,12,-0.0,14.185,-27.738
2025,2025wimu,Week 5,7417,12,-0.0,14.967,-23.076
2025,2025wimu,Week 5,6421,12,-0.0,15.919,-13.776
2025,2025wimu,Week 5,2062,12,-0.0,10.046,-15.708
2025,2025wimu,Week 5,1732,12,-0.0,14.718,-38.572
2025,2025wimu,Week 5,4607,12,-0.0,19.281,-38.572
2025,2025wimu,Week 5,6947,12,-0.0,21.81,-38.572
2025,2025wimu,Week 5,2077,12,-0.0,9.441,-13.532
2025,2025wimu,Week 5,6574,12,-0.0,13.214,-27.738
2025,2025wimu,Week 5,6643,12,-0.0,15.042,-29.696
2025,2025wimu,Week 5,2290,12,-0.0,14.847,-28.048
2025,2025wimu,Week 5,5993,12,-0.0,15.678,-28.048
2025,2025wimu,Week 5,8701,12,-0.0,14.536,-28.048
2025,2025wimu,Week 5,10264,12,-0.0,13.721,-32.526
2025,2025wimu,Week 5,6223,12,-0.0,19.642,-35.15
2025,2025wimu,Week 5,1091,12,-0.0,13.494,-20.409
2025,2025wimu,Week 5,7900,12,-0.0,11.27,-16.35
2025,2025wimu,Week 5,9401,12,-0.0,14.95,-23.076
2025,2025wimu,Week 5,4635,12,-0.0,16.111,-24.104
2025,2025wimu,Week 5,1306,12,-0.0,9.108,-18.177
2025,2025wimu,Week 5,4786,12,-0.0,18.623,-29.696
2025,2025wimu,Week 5,930,12,0.0,16.916,-33.784
2025,2025wimu,Week 5,3354,12,-0.0,12.86,-27.738
2025,2025wimu,Week 5,6024,12,-0.0,14.538,-35.15
2025,2025wimu,Week 5,6166,12,-0.0,11.588,-33.784
2025,2025wimu,Week 5,3184,12,-0.0,11.834,-16.664
2025,2025wimu,Week 5,5148,12,-0.0,18.772,-35.15
2025,2025wimu,Week 5,3692,12,0.0,20.699,-32.526
2025,2025capt,Week 5,3256,12,0.0,18.064,-34.973
2025,2025capt,Week 5,7667,12,0.0,20.138,-40.512
2025,2025capt,Week 5,10339,12,0.0,13.383,-28.834
2025,2025capt,Week 5,670,12,0.0,15.711,-25.052
2025,2025capt,Week 5,6962,12,0.0,13.433,-13.49
2025,2025capt,Week 5,8404,12,0.0,12.187,-23.816
2025,2025capt,Week 5,6619,12,0.0,18.048,-40.61
2025,2025capt,Week 5,1836,12,0.0,16.057,-25.052
2025,2025capt,Week 5,9125,12,-0.0,16.455,-24.005
2025,2025capt,Week 5,3478,12,0.0,16.589,-34.605
2025,2025capt,Week 5,1323,12,0.0,14.348,-20.273
2025,2025capt,Week 5,5430,12,0.0,21.019,-43.453
2025,2025capt,Week 5,6665,12,0.0,14.947,-24.344
2025,2025capt,Week 5,10615,12,0.0,18.511,-30.208
2025,2025capt,Week 5,604,12,0.0,21.918,-48.705
2025,2025capt,Week 5,4698,12,0.0,19.044,-40.512
2025,2025capt,Week 5,2473,12,0.0,19.943,-40.43
2025,2025capt,Week 5,7419,12,-0.0,21.181,-40.61
2025,2025capt,Week 5,7137,12,0.0,15.478,-19.213
2025,2025capt,Week 5,841,12,0.0,14.302,-24.005
2025,2025capt,Week 5,6662,12,0.0,15.753,-40.61
2025,2025capt,Week 5,2659,12,-0.0,18.408,-27.693
2025,2025capt,Week 5,9777,12,0.0,21.669,-40.43
2025,2025capt,Week 5,2489,12,0.0,11.538,-23.816
2025,2025capt,Week 5,1967,12,0.0,14.983,-14.587
2025,2025capt,Week 5,1678,12,0.0,18.391,-40.43
2025,2025capt,Week 5,9143,12,0.0,16.842,-27.432
2025,2025capt,Week 5,8006,12,0.0,17.249,-43.453
2025,2025capt,Week 5,649,12,-0.0,18.676,-40.512
2025,2025capt,Week 5,5104,12,0.0,22.861,-48.705
2025,2025capt,Week 5,1072,12,-0.0,14.023,-20.273
2025,2025capt,Week 5,5274,12,0.0,14.626,-34.973
2025,2025capt,Week 5,840,12,0.0,18.319,-34.605
2025,2025capt,Week 5,3598,12,0.0,16.546,-26.991
2025,2025capt,Week 5,7528,12,0.0,19.095,-27.693
2025,2025capt,Week 5,7413,12,0.0,12.173,-26.991
2025,2025capt,Week 5,4135,12,0.0,22.144,-48.705
2025,2025capt,Week 5,7401,12,0.0,17.478,-30.208
2025,2025capt,Week 5,852,12,0.0,20.786,-43.453
2025,2025capt,Week 5,9114,12,0.0,17.532,-34.973
2025,2025cthar,Week 5,7407,12,0.0,21.912,-29.057
2025,2025cthar,Week 5,5142,12,0.0,10.272,-11.492
2025,2025cthar,Week 5,10245,12,0.0,16.132,-32.397
2025,2025cthar,Week 5,1350,12,-0.0,16.411,-16.738
2025,2025cthar,Week 5,2170,12,-0.0,28.77,-38.741
2025,2025cthar,Week 5,9193,12,0.0,12.697,-30.851
2025,2025cthar,Week 5,228,12,-0.0,23.725,-48.882
2025,2025cthar,Week 5,4987,12,0.0,20.419,-33.561
2025,2025cthar,Week 5,6333,12,0.0,22.595,-29.057
2025,2025cthar,Week 5,155,12,0.0,14.871,-26.015
2025,2025cthar,Week 5,5746,12,-0.0,10.825,-14.403
2025,2025cthar,Week 5,1991,12,0.0,13.067,-21.672
2025,2025cthar,Week 5,5856,12,0.0,21.012,-24.566
2025,2025cthar,Week 5,3634,12,0.0,10.562,-20.901
2025,2025cthar,Week 5,3464,12,0.0,22.483,-48.049
2025,2025cthar,Week 5,7869,12,0.0,22.71,-48.049
2025,2025cthar,Week 5,3461,12,0.0,25.676,-33.561
2025,2025cthar,Week 5,7153,12,0.0,16.391,-26.267
2025,2025cthar,Week 5,10266,12,-0.0,19.369,-28.801
2025,2025cthar,Week 5,1027,12,0.0,14.206,-15.541
2025,2025cthar,Week 5,178,12,-0.0,13.316,-17.496
2025,2025cthar,Week 5,7127,12,0.0,11.049,-12.777
2025,2025cthar,Week 5,571,12,-0.0,17.666,-22.912
2025,2025cthar,Week 5,4048,12,-0.0,27.229,-40.886
2025,2025cthar,Week 5,558,12,-0.0,18.308,-16.844
2025,2025cthar,Week 5,6346,12,0.0,10.255,-14.403
2025,2025cthar,Week 5,9710,12,0.0,21.348,-30.851
2025,2025cthar,Week 5,195,12,0.0,28.473,-54.157
2025,2025cthar,Week 5,7694,12,0.0,26.606,-54.157
2025,2025cthar,Week 5,2168,12,-0.0,23.156,-54.157
2025,2025cthar,Week 5,1099,12,-0.0,17.053,-38.741
2025,2025cthar,Week 5,181,12,-0.0,13.669,-28.801
2025,2025cthar,Week 5,173,12,0.0,24.4,-48.882
2025,2025cthar,Week 5,10133,12,0.0,22.563,-40.886
2025,2025cthar,Week 5,236,12,0.0,21.889,-38.741
2025,2025cthar,Week 5,3654,12,0.0,21.455,-48.049
2025,2025cthar,Week 5,175,12,0.0,16.008,-24.686
2025,2025cthar,Week 5,8889,12,-0.0,22.394,-40.886
2025,2025cthar,Week 5,3146,12,0.0,23.028,-48.882
2025,2025miken,Week 5,10664,12,-0.0,13.576,-20.143
2025,2025miken,Week 5,10651,12,0.0,16.282,-23.531
2025,2025miken,Week 5,4967,12,0.0,21.438,-39.177
2025,2025miken,Week 5,7658,12,0.0,14.396,-16.379
2025,2025miken,Week 5,6090,12,0.0,15.23,-25.722
2025,2025miken,Week 5,288,12,0.0,16.794,-25.322
2025,2025miken,Week 5,244,12,0.0,16.294,-25.105
2025,2025miken,Week 5,3658,12,0.0,20.488,-30.492
2025,2025miken,Week 5,10654,12,0.0,14.498,-30.821
2025,2025miken,Week 5,9106,12,-0.0,17.494,-30.821
2025,2025miken,Week 5,2054,12,-0.0,33.043,-39.728
2025,2025miken,Week 5,8297,12,0.0,10.7,-15.901
2025,2025miken,Week 5,2075,12,0.0,29.919,-51.122
2025,2025miken,Week 5,9566,12,-0.0,13.603,-28.697
2025,2025miken,Week 5,10642,12,-0.0,17.398,-25.105
2025,2025miken,Week 5,7808,12,-0.0,14.587,-15.181
2025,2025miken,Week 5,5260,12,0.0,18.495,-39.109
2025,2025miken,Week 5,6428,12,0.0,14.094,-19.219
2025,2025miken,Week 5,7818,12,0.0,17.184,-23.531
2025,2025miken,Week 5,9671,12,-0.0,31.597,-43.494
2025,2025miken,Week 5,3234,12,0.0,16.584,-39.728
2025,2025miken,Week 5,904,12,-0.0,17.443,-30.492
2025,2025miken,Week 5,5256,12,-0.0,15.348,-19.219
2025,2025miken,Week 5,4422,12,-0.0,20.651,-30.309
2025,2025miken,Week 5,9697,12,0.0,17.938,-30.821
2025,2025miken,Week 5,3875,12,-0.0,27.25,-51.122
2025,2025miken,Week 5,9206,12,0.0,12.251,-25.322
2025,2025miken,Week 5,10633,12,-0.0,21.96,-39.109
2025,2025miken,Week 5,4855,12,-0.0,18.367,-39.728
2025,2025miken,Week 5,4381,12,-0.0,18.398,-25.722
2025,2025miken,Week 5,8285,12,-0.0,21.0,-39.177
2025,2025miken,Week 5,9208,12,0.0,12.399,-16.031
2025,2025miken,Week 5,7810,12,0.0,17.78,-28.697
2025,2025miken,Week 5,2771,12,-0.0,13.873,-24.814
2025,2025miken,Week 5,9239,12,-0.0,15.194,-24.814
2025,2025miken,Week 5,216,12,-0.0,21.549,-30.309
2025,2025miken,Week 5,7809,12,0.0,20.469,-43.494
2025,2025miken,Week 5,858,12,-0.0,19.908,-51.122
2025,2025miken,Week 5,8397,12,-0.0,16.703,-19.101
2025,2025miken,Week 5,5470,12,0.0,14.987,-20.947
2025,2025ncpem,Week 5,5607,12,-0.0,24.457,-33.253
2025,2025ncpem,Week 5,10260,12,-0.0,15.424,-21.349
2025,2025ncpem,Week 5,2059,12,0.0,16.815,-26.554
2025,2025ncpem,Week 5,10077,12,-0.0,23.132,-40.852
2025,2025ncpem,Week 5,9788,12,-0.0,19.501,-40.852
2025,2025ncpem,Week 5,9297,12,-0.0,19.398,-40.852
2025,2025ncpem,Week 5,9296,12,-0.0,15.499,-35.233
2025,2025ncpem,Week 5,900,12,-0.0,21.431,-47.839
2025,2025ncpem,Week 5,9032,12,-0.0,20.834,-38.634
2025,2025ncpem,Week 5,6729,12,-0.0,22.886,-47.839
2025,2025ncpem,Week 5,10248,12,-0.0,13.777,-26.402
2025,2025ncpem,Week 5,4816,12,-0.0,12.578,-26.402
2025,2025ncpem,Week 5,2640,12,-0.0,20.398,-47.839
2025,2025ncpem,Week 5,6512,12,-0.0,16.173,-26.087
2025,2025ncpem,Week 5,8205,12,-0.0,14.95,-26.554
2025,2025ncpem,Week 5,435,12,-0.0,16.71,-26.087
2025,2025ncpem,Week 5,3336,12,-0.0,18.667,-34.763
2025,2025ncpem,Week 5,10121,12,-0.0,10.661,-16.998
2025,2025ncpem,Week 5,5518,12,-0.0,18.63,-27.586
2025,2025ncpem,Week 5,8757,12,-0.0,10.362,-15.461
2025,2025ncpem,Week 5,3349,12,-0.0,16.495,-27.586
2025,2025ncpem,Week 5,4534,12,-0.0,16.489,-26.087
2025,2025ncpem,Week 5,6894,12,-0.0,22.528,-34.763
2025,2025ncpem,Week 5,7443,12,-0.0,20.097,-38.634
2025,2025ncpem,Week 5,10583,12,-0.0,10.578,-16.721
2025,2025ncpem,Week 5,9724,12,-0.0,13.303,-18.403
2025,2025ncpem,Week 5,10302,12,-0.0,18.212,-38.634
2025,2025ncpem,Week 5,9042,12,-0.0,23.158,-27.586
2025,2025ncpem,Week 5,8304,12,-0.0,13.206,-21.308
2025,2025ncpem,Week 5,3822,12,-0.0,13.043,-17.673
2025,2025ncpem,Week 5,9198,12,-0.0,14.039,-29.126
2025,2025njski,Week 5,4573,12,0.0,12.444,-27.232
2025,2025njski,Week 5,6016,12,-0.0,13.309,-28.07
2025,2025njski,Week 5,1403,12,0.0,10.718,-17.211
2025,2025njski,Week 5,7045,12,0.0,9.898,-14.007
2025,2025njski,Week 5,5310,12,0.0,10.691,-16.117
2025,2025njski,Week 5,2191,12,0.0,13.588,-22.258
2025,2025njski,Week 5,6897,12,0.0,15.373,-24.485
2025,2025njski,Week 5,5732,12,0.0,15.761,-17.822
2025,2025njski,Week 5,428,12,0.0,13.25,-34.41
2025,2025njski,Week 5,25,12,0.0,17.969,-34.41
2025,2025njski,Week 5,102,12,0.0,9.336,-17.412
2025,2025njski,Week 5,5895,12,0.0,20.175,-25.21
2025,2025njski,Week 5,4361,12,0.0,13.244,-24.485
2025,2025njski,Week 5,41,12,0.0,13.205,-22.258
2025,2025njski,Week 5,6945,12,0.0,17.28,-17.822
2025,2025njski,Week 5,75,12,0.0,20.048,-48.406
2025,2025njski,Week 5,10232,12,0.0,10.717,-17.211
2025,2025njski,Week 5,7110,12,0.0,12.347,-28.449
2025,2025njski,Week 5,2577,12,0.0,16.994,-27.232
2025,2025njski,Week 5,8588,12,-0.0,19.129,-34.41
2025,2025njski,Week 5,2458,12,0.0,13.629,-18.163
2025,2025njski,Week 5,5490,12,0.0,18.268,-48.406
2025,2025njski,Week 5,5438,12,0.0,12.797,-28.07
2025,2025njski,Week 5,3637,12,-0.0,12.043,-25.21
2025,2025njski,Week 5,8130,12,0.0,9.851,-15.826
2025,2025njski,Week 5,293,12,0.0,13.25,-24.485
2025,2025njski,Week 5,9424,12,0.0,11.65,-18.163
2025,2025njski,Week 5,8075,12,0.0,10.258,-17.822
2025,2025njski,Week 5,4750,12,0.0,13.754,-28.07
2025,2025njski,Week 5,1626,12,0.0,12.35,-27.232
2025,2025njski,Week 5,5992,12,0.0,20.445,-48.406
2025,2025njski,Week 5,9439,12,0.0,14.669,-28.449
2025,2025onham,Week 5,4308,12,-0.0,13.058,-21.189
2025,2025onham,Week 5,919,12,-0.0,15.794,-21.97
2025,2025onham,Week 5,7058,12,-0.0,14.626,-31.183
2025,2025onham,Week 5,5672,12,-0.0,17.96,-41.022
2025,2025onham,Week 5,6110,12,-0.0,17.426,-33.255
2025,2025onham,Week 5,1241,12,-0.0,21.254,-38.358
2025,2025onham,Week 5,5406,12,-0.0,22.413,-47.02
2025,2025onham,Week 5,7623,12,-0.0,9.38,-17.849
2025,2025onham,Week 5,6975,12,-0.0,19.566,-38.358
2025,2025onham,Week 5,3560,12,-0.0,16.15,-27.35
2025,2025onham,Week 5,10167,12,-0.0,20.136,-47.02
2025,2025onham,Week 5,6865,12,0.0,11.736,-21.888
2025,2025onham,Week 5,7659,12,-0.0,19.855,-33.255
2025,2025onham,Week 5,2386,12,-0.0,9.049,-24.143
2025,2025onham,Week 5,2013,12,-0.0,19.585,-41.022
2025,2025onham,Week 5,10554,12,-0.0,16.959,-41.022
2025,2025onham,Week 5,2056,12,-0.0,14.968,-31.896
2025,2025onham,Week 5,9562,12,-0.0,17.956,-38.358
2025,2025onham,Week 5,1285,12,-0.0,17.784,-34.799
2025,2025onham,Week 5,7022,12,-0.0,14.685,-24.485
2025,2025onham,Week 5,7475,12,-0.0,15.277,-20.401
2025,2025onham,Week 5,6978,12,-0.0,14.83,-24.222
2025,2025onham,Week 5,1334,12,-0.0,14.123,-15.855
2025,2025onham,Week 5,1114,12,-0.0,21.676,-33.255
2025,2025onham,Week 5,3161,12,-0.0,22.418,-24.222
2025,2025onham,Week 5,2200,12,-0.0,15.801,-23.551
2025,2025onham,Week 5,7603,12,-0.0,18.123,-34.799
2025,2025onham,Week 5,188,12,-0.0,25.36,-47.02
2025,2025onham,Week 5,10218,12,-0.0,12.499,-21.97
2025,2025onham,Week 5,10535,12,-0.0,12.962,-31.183
2025,2025onham,Week 5,1325,12,-0.0,17.118,-31.896
2025,2025pawar,Week 5,3314,12,0.0,32.671,-61.762
2025,2025pawar,Week 5,6921,12,0.0,19.344,-28.24
2025,2025pawar,Week 5,193,12,0.0,18.997,-38.176
2025,2025pawar,Week 5,2554,12,0.0,28.809,-46.69
2025,2025pawar,Week 5,430,12,0.0,16.22,-21.48
2025,2025pawar,Week 5,8706,12,0.0,19.586,-38.176
2025,2025pawar,Week 5,4637,12,0.0,18.313,-42.58
2025,2025pawar,Week 5,4575,12,0.0,10.541,-18.811
2025,2025pawar,Week 5,10400,12,0.0,20.634,-42.683
2025,2025pawar,Week 5,5181,12,0.0,20.019,-44.751
2025,2025pawar,Week 5,203,12,0.0,11.352,-20.017
2025,2025pawar,Week 5,9027,12,0.0,18.792,-38.176
2025,2025pawar,Week 5,816,12,0.0,21.487,-46.69
2025,2025pawar,Week 5,10001,12,0.0,13.561,-18.836
2025,2025pawar,Week 5,6808,12,0.0,16.407,-24.455
2025,2025pawar,Week 5,4373,12,-0.0,29.418,-46.69
2025,2025pawar,Week 5,1391,12,0.0,16.825,-40.511
2025,2025pawar,Week 5,8630,12,-0.0,19.161,-40.511
2025,2025pawar,Week 5,9416,12,0.0,20.323,-42.683
2025,2025pawar,Week 5,303,12,0.0,12.673,-24.455
2025,2025pawar,Week 5,2607,12,0.0,22.109,-61.762
2025,2025pawar,Week 5,11,12,0.0,19.688,-44.751
2025,2025pawar,Week 5,2495,12,-0.0,20.317,-31.421
2025,2025pawar,Week 5,9116,12,0.0,24.553,-61.762
2025,2025pawar,Week 5,9100,12,0.0,14.785,-25.643
2025,2025pawar,Week 5,1807,12,0.0,17.685,-25.643
2025,2025pawar,Week 5,433,12,0.0,16.16,-25.643
2025,2025pawar,Week 5,9014,12,0.0,18.151,-31.421
2025,2025pawar,Week 5,10157,12,0.0,11.361,-20.017
2025,2025pawar,Week 5,714,12,0.0,26.966,-44.751
2025,2025vtbur,Week 5,157,12,0.0,20.535,-27.353
2025,2025vtbur,Week 5,7913,12,0.0,19.214,-36.412
2025,2025vtbur,Week 5,811,12,0.0,21.208,-34.211
2025,2025vtbur,Week 5,9096,12,0.0,28.757,-73.187
2025,2025vtbur,Week 5,5494,12,0.0,17.058,-27.353
2025,2025vtbur,Week 5,348,12,0.0,18.114,-33.084
2025,2025vtbur,Week 5,1512,12,0.0,16.03,-27.353
2025,2025vtbur,Week 5,2262,12,0.0,18.339,-36.534
2025,2025vtbur,Week 5,6933,12,0.0,12.803,-15.965
2025,2025vtbur,Week 5,10108,12,0.0,15.813,-33.74
2025,2025vtbur,Week 5,6691,12,0.0,19.799,-42.359
2025,2025vtbur,Week 5,4311,12,0.0,21.819,-36.534
2025,2025vtbur,Week 5,10138,12,0.0,17.959,-33.084
2025,2025vtbur,Week 5,839,12,0.0,21.549,-36.412
2025,2025vtbur,Week 5,2370,12,0.0,16.282,-34.211
2025,2025vtbur,Week 5,1073,12,0.0,24.213,-49.083
2025,2025vtbur,Week 5,237,12,0.0,17.545,-34.211
2025,2025vtbur,Week 5,9101,12,0.0,16.122,-30.637
2025,2025vtbur,Week 5,166,12,0.0,16.345,-32.238
2025,2025vtbur,Week 5,4909,12,0.0,15.555,-36.412
2025,2025vtbur,Week 5,5687,12,0.0,30.978,-73.187
2025,2025vtbur,Week 5,1058,12,0.0,28.155,-42.359
2025,2025vtbur,Week 5,8544,12,-0.0,15.672,-27.041
2025,2025vtbur,Week 5,10066,12,0.0,14.219,-26.096
2025,2025vtbur,Week 5,95,12,0.0,22.331,-49.083
2025,2025vtbur,Week 5,4572,12,0.0,12.987,-21.885
2025,2025vtbur,Week 5,8421,12,0.0,19.432,-36.534
2025,2025vtbur,Week 5,2423,12,0.0,27.871,-73.187
2025,2025vtbur,Week 5,69,12,0.0,15.239,-27.473
2025,2025vtbur,Week 5,3323,12,0.0,27.596,-42.874
2025,2025vtbur,Week 5,2523,12,0.0,15.988,-27.473
2025,2025vtbur,Week 5,1729,12,0.0,24.089,-49.083
2025,2025txcle,Week 5,2587,12,-0.0,22.49,-39.143
2025,2025txcle,Week 5,9051,12,0.0,12.939,-18.757
2025,2025txcle,Week 5,6645,12,0.0,12.76,-15.892
2025,2025txcle,Week 5,7115,12,-0.0,11.937,-15.852
2025,2025txcle,Week 5,7691,12,-0.0,10.755,-14.551
2025,2025txcle,Week 5,9307,12,-0.0,20.007,-19.888
2025,2025txcle,Week 5,7616,12,-0.0,13.515,-18.919
2025,2025txcle,Week 5,1255,12,-0.0,11.285,-18.376
2025,2025txcle,Week 5,8750,12,-0.0,11.26,-19.888
2025,2025txcle,Week 5,7492,12,-0.0,16.693,-34.997
2025,2025txcle,Week 5,2585,12,-0.0,16.643,-27.089
2025,2025txcle,Week 5,5923,12,-0.0,17.239,-27.089
2025,2025txcle,Week 5,10118,12,-0.0,15.934,-39.143
2025,2025txcle,Week 5,324,12,-0.0,13.688,-16.893
2025,2025txcle,Week 5,9524,12,0.0,16.865,-27.652
2025,2025txcle,Week 5,127,12,-0.0,23.446,-34.547
2025,2025txcle,Week 5,5052,12,-0.0,17.55,-34.547
2025,2025txcle,Week 5,231,12,-0.0,19.742,-34.997
2025,2025txcle,Week 5,8858,12,0.0,16.281,-36.797
2025,2025txcle,Week 5,9516,12,0.0,16.428,-36.797
2025,2025txcle,Week 5,9512,12,-0.0,17.486,-36.797
2025,2025txcle,Week 5,9521,12,-0.0,13.551,-27.652
2025,2025txcle,Week 5,5427,12,-0.0,14.041,-20.177
2025,2025txcle,Week 5,6357,12,0.0,15.403,-18.919
2025,2025txcle,Week 5,5892,12,-0.0,11.295,-19.888
2025,2025txcle,Week 5,8114,12,-0.0,15.465,-27.652
2025,2025txcle,Week 5,118,12,-0.0,16.522,-34.997
2025,2025txcle,Week 5,5070,12,0.0,18.895,-39.143
2025,2025txcle,Week 5,7312,12,-0.0,14.003,-25.951
2025,2025txcle,Week 5,5908,12,-0.0,9.836,-14.551
2025,2025txcle,Week 5,6243,12,-0.0,12.186,-19.087
2025,2025txcle,Week 5,10385,12,0.0,12.259,-14.682
2025,2025txcle,Week 5,3545,12,-0.0,15.054,-22.615
2025,2025txcle,Week 5,9419,12,0.0,12.628,-22.615
2025,2025flwp,Week 6,5472,10,0.0,19.422,-36.079
2025,2025flwp,Week 6,1744,11,0.0,18.449,-30.005
2025,2025flwp,Week 6,8581,10,0.0,21.839,-33.685
2025,2025flwp,Week 6,10616,10,-0.0,16.253,-28.335
2025,2025flwp,Week 6,9077,10,-0.0,17.92,-29.186
2025,2025flwp,Week 6,180,10,0.0,17.85,-29.637
2025,2025flwp,Week 6,9627,10,0.0,17.043,-29.837
2025,2025flwp,Week 6,6743,10,-0.0,25.751,-45.406
2025,2025flwp,Week 6,5557,10,-0.0,17.437,-36.742
2025,2025flwp,Week 6,2486,10,0.0,17.94,-34.627
2025,2025flwp,Week 6,7611,10,0.0,12.194,-20.545
2025,2025flwp,Week 6,2641,10,-0.0,18.519,-15.069
2025,2025flwp,Week 6,9040,11,0.0,21.844,-41.115
2025,2025flwp,Week 6,2383,10,-0.0,16.992,-30.482
2025,2025flwp,Week 6,3164,10,0.0,22.162,-30.482
2025,2025flwp,Week 6,744,10,0.0,14.165,-29.073
2025,2025flwp,Week 6,4707,10,0.0,15.689,-29.073
2025,2025flwp,Week 6,9404,10,-0.0,18.884,-33.685
2025,2025flwp,Week 6,8817,11,-0.0,17.352,-28.335
2025,2025flwp,Week 6,8841,10,-0.0,16.702,-29.637
2025,2025flwp,Week 6,3932,10,-0.0,17.108,-36.742
2025,2025flwp,Week 6,7431,10,-0.0,16.119,-23.942
2025,2025flwp,Week 6,10635,10,0.0,8.765,-18.972
2025,2025flwp,Week 6,7652,10,-0.0,12.429,-15.896
2025,2025flwp,Week 6,10045,10,0.0,17.405,-36.742
2025,2025flwp,Week 6,59,10,-0.0,15.159,-34.627
2025,2025flwp,Week 6,5276,10,0.0,15.591,-29.837
2025,2025flwp,Week 6,10323,10,-0.0,10.527,-15.607
2025,2025flwp,Week 6,10154,10,0.0,9.475,-15.607
2025,2025flwp,Week 6,5872,10,-0.0,14.564,-19.812
2025,2025flwp,Week 6,9779,10,-0.0,21.278,-45.406
2025,2025flwp,Week 6,10228,10,0.0,13.801,-29.637
2025,2025flwp,Week 6,7833,10,0.0,13.964,-20.405
2025,2025flwp,Week 6,5410,10,0.0,19.916,-29.837
2025,2025flwp,Week 6,3627,10,-0.0,18.737,-41.115
2025,2025flwp,Week 6,10017,10,-0.0,8.641,-22.852
2025,2025flwp,Week 6,6722,10,-0.0,21.398,-41.081
2025,2025flwp,Week 6,5526,10,0.0,21.393,-41.081
2025,2025flwp,Week 6,3646,10,-0.0,31.326,-45.406
2025,2025flwp,Week 6,2872,10,0.0,16.872,-22.852
2025,2025flwp,Week 6,108,11,0.0,20.489,-36.079
2025,2025flwp,Week 6,6686,10,0.0,6.22,-14.881
2025,2025flwp,Week 6,1523,10,0.0,25.202,-36.079
2025,2025flwp,Week 6,179,10,-0.0,21.237,-41.115
2025,2025gacmp,Week 6,1683,12,-0.0,14.811,-29.03
2025,2025gacmp,Week 6,5074,12,-0.0,8.059,-14.529
2025,2025gacmp,Week 6,2415,12,-0.0,18.518,-47.499
2025,2025gacmp,Week 6,5293,12,-0.0,21.482,-32.121
2025,2025gacmp,Week 6,4468,12,-0.0,17.721,-31.589
2025,2025gacmp,Week 6,3344,12,-0.0,16.393,-33.533
2025,2025gacmp,Week 6,4112,12,-0.0,21.009,-30.756
2025,2025gacmp,Week 6,832,12,-0.0,19.966,-48.293
2025,2025gacmp,Week 6,2974,12,-0.0,23.714,-61.576
2025,2025gacmp,Week 6,1261,12,-0.0,21.742,-55.572
2025,2025gacmp,Week 6,8080,12,-0.0,12.79,-18.827
2025,2025gacmp,Week 6,4026,12,0.0,11.742,-17.415
2025,2025gacmp,Week 6,4188,12,-0.0,23.512,-46.075
2025,2025gacmp,Week 6,6705,12,-0.0,19.574,-30.756
2025,2025gacmp,Week 6,5219,12,-0.0,18.823,-48.293
2025,2025gacmp,Week 6,10376,12,-0.0,21.827,-46.075
2025,2025gacmp,Week 6,9477,12,-0.0,22.234,-33.533
2025,2025gacmp,Week 6,1414,12,-0.0,18.131,-30.016
2025,2025gacmp,Week 6,7451,12,-0.0,22.45,-34.265
2025,2025gacmp,Week 6,5109,12,-0.0,17.357,-29.944
2025,2025gacmp,Week 6,6944,12,-0.0,17.33,-26.917
2025,2025gacmp,Week 6,1648,12,-0.0,20.671,-29.944
2025,2025gacmp,Week 6,6340,12,-0.0,16.112,-26.875
2025,2025gacmp,Week 6,6829,12,-0.0,31.472,-61.576
2025,2025gacmp,Week 6,9480,12,-0.0,17.692,-31.589
2025,2025gacmp,Week 6,6925,12,-0.0,20.997,-34.265
2025,2025gacmp,Week 6,1833,12,-0.0,25.855,-55.572
2025,2025gacmp,Week 6,9522,12,-0.0,16.896,-35.092
2025,2025gacmp,Week 6,3318,12,-0.0,15.143,-35.092
2025,2025gacmp,Week 6,8866,12,-0.0,24.491,-55.572
2025,2025gacmp,Week 6,10482,12,-0.0,19.486,-32.121
2025,2025gacmp,Week 6,9260,12,-0.0,13.739,-21.356
2025,2025gacmp,Week 6,3329,12,-0.0,15.285,-21.356
2025,2025gacmp,Week 6,8849,12,-0.0,24.131,-46.075
2025,2025gacmp,Week 6,6023,12,-0.0,23.359,-37.822
2025,2025gacmp,Week 6,3635,12,-0.0,21.132,-37.822
2025,2025gacmp,Week 6,6919,12,-0.0,17.474,-31.589
2025,2025gacmp,Week 6,5900,12,-0.0,16.227,-22.608
2025,2025gacmp,Week 6,1771,12,-0.0,17.967,-34.184
2025,2025gacmp,Week 6,7538,12,-0.0,22.986,-61.576
2025,2025gacmp,Week 6,8736,12,-0.0,18.044,-26.917
2025,2025gacmp,Week 6,8865,12,-0.0,13.758,-26.634
2025,2025gacmp,Week 6,8100,12,-0.0,21.367,-47.499
2025,2025gacmp,Week 6,1002,12,-0.0,21.998,-47.499
2025,2025gacmp,Week 6,5608,12,-0.0,16.97,-33.533
2025,2025mrcmp,Week 6,75,12,-0.0,17.728,-26.797
2025,2025mrcmp,Week 6,834,12,-0.0,22.098,-31.61
2025,2025mrcmp,Week 6,9416,12,-0.0,23.416,-48.371
2025,2025mrcmp,Week 6,5181,12,-0.0,20.99,-27.462
2025,2025mrcmp,Week 6,2607,12,0.0,16.563,-23.766
2025,2025mrcmp,Week 6,4373,12,0.0,17.943,-26.986
2025,2025mrcmp,Week 6,1923,12,0.0,16.875,-24.225
2025,2025mrcmp,Week 6,1089,12,0.0,18.918,-30.579
2025,2025mrcmp,Week 6,9094,12,-0.0,19.85,-22.665
2025,2025mrcmp,Week 6,272,12,-0.0,18.365,-37.372
2025,2025mrcmp,Week 6,3637,12,0.0,15.779,-21.451
2025,2025mrcmp,Week 6,2539,12,-0.0,20.186,-44.964
2025,2025mrcmp,Week 6,1168,12,-0.0,19.221,-39.894
2025,2025mrcmp,Week 6,2458,12,0.0,16.051,-27.432
2025,2025mrcmp,Week 6,223,12,-0.0,20.662,-48.371
2025,2025mrcmp,Week 6,6808,12,-0.0,17.817,-44.964
2025,2025mrcmp,Week 6,1257,12,-0.0,17.935,-23.39
2025,2025mrcmp,Week 6,5401,12,-0.0,20.948,-37.372
2025,2025mrcmp,Week 6,2495,12,0.0,20.353,-31.61
2025,2025mrcmp,Week 6,316,12,0.0,23.978,-34.909
2025,2025mrcmp,Week 6,7045,12,-0.0,16.989,-29.523
2025,2025mrcmp,Week 6,321,12,0.0,23.726,-40.61
2025,2025mrcmp,Week 6,484,12,-0.0,26.26,-40.61
2025,2025mrcmp,Week 6,102,12,-0.0,16.122,-40.61
2025,2025mrcmp,Week 6,3314,12,-0.0,16.746,-37.349
2025,2025mrcmp,Week 6,193,12,0.0,18.199,-26.986
2025,2025mrcmp,Week 6,10157,12,-0.0,13.439,-15.567
2025,2025mrcmp,Week 6,7414,12,0.0,25.332,-48.371
2025,2025mrcmp,Week 6,56,12,-0.0,18.139,-24.887
2025,2025mrcmp,Week 6,5895,12,0.0,12.155,-24.887
2025,2025mrcmp,Week 6,341,12,-0.0,16.283,-22.847
2025,2025mrcmp,Week 6,1640,12,-0.0,19.832,-36.46
2025,2025mrcmp,Week 6,1811,12,-0.0,17.633,-39.894
2025,2025mrcmp,Week 6,4342,12,-0.0,14.322,-35.395
2025,2025mrcmp,Week 6,25,12,0.0,18.496,-37.349
2025,2025mrcmp,Week 6,4361,12,0.0,17.527,-35.662
2025,2025mrcmp,Week 6,4653,12,-0.0,22.654,-53.544
2025,2025mrcmp,Week 6,11,12,-0.0,29.767,-53.544
2025,2025mrcmp,Week 6,3142,12,0.0,20.212,-53.544
2025,2025mrcmp,Week 6,1712,12,0.0,19.702,-36.841
2025,2025mrcmp,Week 6,293,12,0.0,9.752,-15.719
2025,2025mrcmp,Week 6,5992,12,-0.0,13.911,-24.225
2025,2025mrcmp,Week 6,708,12,-0.0,18.114,-36.46
2025,2025mrcmp,Week 6,365,12,-0.0,16.45,-34.909
2025,2025mrcmp,Week 6,1403,12,-0.0,23.938,-36.841
2025,2025mrcmp,Week 6,1807,12,0.0,22.13,-34.909
2025,2025mrcmp,Week 6,10143,12,0.0,18.219,-27.462
2025,2025mrcmp,Week 6,1676,12,-0.0,14.933,-24.601
2025,2025mrcmp,Week 6,222,12,0.0,17.697,-35.395
2025,2025mrcmp,Week 6,2720,12,-0.0,16.071,-24.601
2025,2025mrcmp,Week 6,2722,12,0.0,24.933,-39.894
2025,2025mrcmp,Week 6,8513,12,-0.0,17.359,-24.225
2025,2025mrcmp,Week 6,2554,12,0.0,19.044,-24.74
2025,2025mrcmp,Week 6,1391,12,-0.0,17.415,-36.841
2025,2025mrcmp,Week 6,9015,12,0.0,23.54,-35.662
2025,2025mrcmp,Week 6,555,12,0.0,16.223,-29.885
2025,2025mrcmp,Week 6,5684,12,0.0,28.969,-37.372
2025,2025mrcmp,Week 6,1218,12,-0.0,24.094,-36.585
2025,2025mrcmp,Week 6,103,12,-0.0,27.085,-36.585
2025,2025mrcmp,Week 6,2590,12,-0.0,25.39,-44.964
2025,2025necmp1,Week 6,6329,12,-0.0,20.022,-41.584
2025,2025necmp1,Week 6,2648,12,0.0,27.561,-41.584
2025,2025necmp1,Week 6,230,12,0.0,15.746,-41.584
2025,2025necmp1,Week 6,1729,12,0.0,19.032,-32.226
2025,2025necmp1,Week 6,663,12,-0.0,16.548,-34.364
2025,2025necmp1,Week 6,1073,12,-0.0,19.096,-45.936
2025,2025necmp1,Week 6,1058,12,0.0,22.759,-45.506
2025,2025necmp1,Week 6,509,12,0.0,19.824,-31.572
2025,2025necmp1,Week 6,9644,12,0.0,24.417,-32.668
2025,2025necmp1,Week 6,3467,12,0.0,15.853,-32.668
2025,2025necmp1,Week 6,8626,12,-0.0,27.75,-45.936
2025,2025necmp1,Week 6,8708,12,0.0,21.565,-34.364
2025,2025necmp1,Week 6,237,12,-0.0,20.34,-45.936
2025,2025necmp1,Week 6,2064,12,-0.0,18.167,-50.55
2025,2025necmp1,Week 6,181,12,0.0,25.717,-33.133
2025,2025necmp1,Week 6,9710,12,-0.0,16.821,-27.957
2025,2025necmp1,Week 6,1991,12,0.0,22.458,-29.851
2025,2025necmp1,Week 6,3182,12,0.0,25.583,-43.536
2025,2025necmp1,Week 6,1071,12,0.0,24.456,-50.55
2025,2025necmp1,Week 6,95,12,0.0,13.74,-19.022
2025,2025necmp1,Week 6,571,12,-0.0,27.0,-35.178
2025,2025necmp1,Week 6,2370,12,0.0,18.402,-35.87
2025,2025necmp1,Week 6,2423,12,-0.0,25.975,-37.06
2025,2025necmp1,Week 6,10066,12,0.0,15.908,-27.87
2025,2025necmp1,Week 6,501,12,-0.0,19.873,-42.573
2025,2025necmp1,Week 6,9101,12,0.0,13.168,-16.603
2025,2025necmp1,Week 6,4925,12,-0.0,25.511,-51.589
2025,2025necmp1,Week 6,133,12,-0.0,22.61,-37.06
2025,2025necmp1,Week 6,2342,12,-0.0,21.496,-54.326
2025,2025necmp1,Week 6,4564,12,0.0,16.004,-23.073
2025,2025necmp1,Week 6,7153,12,0.0,27.575,-50.55
2025,2025necmp1,Week 6,999,12,0.0,22.08,-45.506
2025,2025necmp1,Week 6,190,12,0.0,21.427,-42.573
2025,2025necmp1,Week 6,5422,12,-0.0,21.13,-37.06
2025,2025necmp1,Week 6,6153,12,0.0,20.351,-43.536
2025,2025necmp1,Week 6,166,12,-0.0,19.759,-23.929
2025,2025necmp1,Week 6,4048,12,0.0,27.83,-67.617
2025,2025necmp1,Week 6,155,12,0.0,14.898,-31.572
2025,2025necmp1,Week 6,1721,12,0.0,15.199,-35.633
2025,2025necmp1,Week 6,8013,12,0.0,21.713,-36.985
2025,2025necmp1,Week 6,6328,12,0.0,18.956,-32.668
2025,2025necmp1,Week 6,4909,12,0.0,21.659,-45.506
2025,2025necmp1,Week 6,7127,12,-0.0,29.386,-67.617
2025,2025necmp1,Week 6,8567,12,0.0,21.01,-35.178
2025,2025necmp1,Week 6,246,12,0.0,32.18,-54.326
2025,2025necmp1,Week 6,5687,12,0.0,28.162,-67.617
2025,2025necmp1,Week 6,125,12,0.0,19.063,-54.326
2025,2025necmp1,Week 6,8544,12,0.0,23.932,-51.589
2025,2025necmp2,Week 6,1768,12,-0.0,24.459,-52.96
2025,2025necmp2,Week 6,1757,12,-0.0,24.691,-34.922
2025,2025necmp2,Week 6,172,12,-0.0,21.351,-38.477
2025,2025necmp2,Week 6,467,12,-0.0,18.41,-30.71
2025,2025necmp2,Week 6,4572,12,-0.0,20.014,-32.836
2025,2025necmp2,Week 6,173,12,-0.0,25.133,-51.5
2025,2025necmp2,Week 6,5142,12,-0.0,24.644,-46.962
2025,2025necmp2,Week 6,9443,12,-0.0,19.816,-37.879
2025,2025necmp2,Week 6,3146,12,-0.0,20.017,-34.828
2025,2025necmp2,Week 6,8410,12,-0.0,29.389,-61.493
2025,2025necmp2,Week 6,195,12,-0.0,20.697,-35.005
2025,2025necmp2,Week 6,2713,12,0.0,24.059,-35.005
2025,2025necmp2,Week 6,1699,12,-0.0,19.848,-32.836
2025,2025necmp2,Week 6,8724,12,-0.0,15.368,-30.808
2025,2025necmp2,Week 6,238,12,-0.0,17.314,-30.808
2025,2025necmp2,Week 6,7869,12,-0.0,22.645,-34.53
2025,2025necmp2,Week 6,131,12,0.0,13.265,-22.635
2025,2025necmp2,Week 6,1153,12,-0.0,17.057,-27.846
2025,2025necmp2,Week 6,3464,12,-0.0,23.072,-34.53
2025,2025necmp2,Week 6,4311,12,0.0,21.274,-30.123
2025,2025necmp2,Week 6,10254,12,-0.0,18.882,-27.961
2025,2025necmp2,Week 6,228,12,-0.0,21.961,-37.394
2025,2025necmp2,Week 6,5735,12,-0.0,13.403,-17.513
2025,2025necmp2,Week 6,236,12,0.0,16.398,-22.634
2025,2025necmp2,Week 6,7407,12,-0.0,26.222,-38.675
2025,2025necmp2,Week 6,88,12,-0.0,23.421,-37.879
2025,2025necmp2,Week 6,839,12,0.0,26.401,-46.962
2025,2025necmp2,Week 6,2877,12,-0.0,17.933,-34.922
2025,2025necmp2,Week 6,6324,12,-0.0,21.506,-38.675
2025,2025necmp2,Week 6,176,12,-0.0,18.936,-52.96
2025,2025necmp2,Week 6,177,12,-0.0,25.879,-38.477
2025,2025necmp2,Week 6,5962,12,-0.0,19.418,-34.828
2025,2025necmp2,Week 6,8046,12,-0.0,25.13,-52.96
2025,2025necmp2,Week 6,5112,12,-0.0,21.688,-30.691
2025,2025necmp2,Week 6,6731,12,-0.0,21.692,-34.446
2025,2025necmp2,Week 6,1100,12,-0.0,18.014,-30.168
2025,2025necmp2,Week 6,8023,12,-0.0,24.469,-51.5
2025,2025necmp2,Week 6,8085,12,-0.0,19.958,-38.477
2025,2025necmp2,Week 6,5000,12,-0.0,21.845,-61.493
2025,2025necmp2,Week 6,58,12,0.0,20.893,-34.828
2025,2025necmp2,Week 6,5813,12,-0.0,11.841,-30.168
2025,2025necmp2,Week 6,175,12,-0.0,20.887,-38.675
2025,2025necmp2,Week 6,8889,12,-0.0,20.647,-34.53
2025,2025necmp2,Week 6,6201,12,-0.0,17.02,-27.961
2025,2025necmp2,Week 6,5459,12,0.0,24.642,-61.493
2025,2025necmp2,Week 6,151,12,-0.0,23.161,-32.579
2025,2025necmp2,Week 6,78,12,-0.0,25.8,-51.5
2025,2025necmp2,Week 6,138,12,-0.0,25.411,-46.962
2025,2025ohcl,Week 6,677,10,0.0,19.42,-31.279
2025,2025ohcl,Week 6,10208,11,-0.0,14.541,-31.279
2025,2025ohcl,Week 6,1308,10,0.0,20.88,-31.279
2025,2025ohcl,Week 6,8243,10,-0.0,13.778,-18.204
2025,2025ohcl,Week 6,4269,10,-0.0,18.681,-34.018
2025,2025ohcl,Week 6,3193,10,0.0,16.738,-22.952
2025,2025ohcl,Week 6,2252,10,-0.0,16.007,-41.374
2025,2025ohcl,Week 6,3015,10,-0.0,20.834,-40.291
2025,2025ohcl,Week 6,3484,10,0.0,21.893,-59.4
2025,2025ohcl,Week 6,1511,11,0.0,9.539,-16.939
2025,2025ohcl,Week 6,695,10,0.0,22.119,-40.26
2025,2025ohcl,Week 6,9194,10,0.0,22.927,-48.053
2025,2025ohcl,Week 6,4050,10,0.0,10.059,-16.33
2025,2025ohcl,Week 6,291,10,-0.0,18.883,-40.291
2025,2025ohcl,Week 6,48,10,0.0,22.863,-34.018
2025,2025ohcl,Week 6,8140,10,0.0,11.731,-18.523
2025,2025ohcl,Week 6,2399,10,0.0,16.669,-24.194
2025,2025ohcl,Week 6,9139,10,0.0,17.319,-28.654
2025,2025ohcl,Week 6,4611,10,0.0,17.211,-33.643
2025,2025ohcl,Week 6,7717,10,-0.0,19.947,-33.643
2025,2025ohcl,Week 6,4601,10,0.0,17.793,-33.643
2025,2025ohcl,Week 6,9643,10,0.0,12.88,-18.523
2025,2025ohcl,Week 6,8222,10,-0.0,10.705,-10.08
2025,2025ohcl,Week 6,9545,10,-0.0,24.107,-48.053
2025,2025ohcl,Week 6,8713,11,-0.0,17.005,-24.625
2025,2025ohcl,Week 6,3954,10,0.0,20.116,-24.625
2025,2025ohcl,Week 6,6964,10,-0.0,17.227,-24.625
2025,2025ohcl,Week 6,4991,10,0.0,18.206,-34.211
2025,2025ohcl,Week 6,1787,10,0.0,24.208,-34.211
2025,2025ohcl,Week 6,4145,10,-0.0,19.744,-34.211
2025,2025ohcl,Week 6,9767,10,0.0,18.553,-29.24
2025,2025ohcl,Week 6,8145,10,0.0,14.057,-20.48
2025,2025ohcl,Week 6,3173,10,0.0,28.052,-59.4
2025,2025ohcl,Week 6,5740,10,-0.0,18.119,-41.985
2025,2025ohcl,Week 6,2228,10,-0.0,19.379,-28.654
2025,2025ohcl,Week 6,7165,10,-0.0,20.108,-26.692
2025,2025ohcl,Week 6,6181,10,0.0,15.489,-35.856
2025,2025ohcl,Week 6,1559,10,-0.0,23.527,-40.26
2025,2025ohcl,Week 6,2172,10,-0.0,24.848,-48.053
2025,2025ohcl,Week 6,3777,10,0.0,19.982,-32.203
2025,2025ohcl,Week 6,4121,10,0.0,23.839,-41.374
2025,2025ohcl,Week 6,10582,10,-0.0,18.826,-32.203
2025,2025ohcl,Week 6,8718,10,0.0,15.52,-17.285
2025,2025ohcl,Week 6,128,10,0.0,25.918,-41.985
2025,2025ohcl,Week 6,3260,10,0.0,12.527,-17.285
2025,2025ohcl,Week 6,5413,10,0.0,23.477,-30.447
2025,2025ohcl,Week 6,4085,10,0.0,21.6,-41.985
2025,2025ohcl,Week 6,10207,10,-0.0,14.929,-21.216
2025,2025ohcl,Week 6,10303,10,-0.0,19.135,-29.24
2025,2025ohcl,Week 6,9622,10,-0.0,22.054,-41.374
2025,2025ohcl,Week 6,2603,10,0.0,14.505,-17.584
2025,2025ohcl,Week 6,8393,11,-0.0,14.712,-25.085
2025,2025ohcl,Week 6,9653,10,0.0,22.916,-40.291
2025,2025ohcl,Week 6,120,10,0.0,30.0,-59.4
2025,2025ohcl,Week 6,7885,10,0.0,14.035,-21.216
2025,2025ohcl,Week 6,1405,10,0.0,18.974,-24.079
2025,2025oncmp1,Week 6,9263,12,-0.0,15.514,-24.223
2025,2025oncmp1,Week 6,6135,12,0.0,20.632,-28.426
2025,2025oncmp1,Week 6,2708,12,-0.0,19.048,-38.955
2025,2025oncmp1,Week 6,9262,12,-0.0,26.221,-31.394
2025,2025oncmp1,Week 6,9525,12,-0.0,19.058,-31.394
2025,2025oncmp1,Week 6,2634,12,-0.0,17.892,-31.394
2025,2025oncmp1,Week 6,2935,12,-0.0,20.497,-26.833
2025,2025oncmp1,Week 6,865,12,-0.0,15.816,-21.165
2025,2025oncmp1,Week 6,5032,12,-0.0,17.594,-25.473
2025,2025oncmp1,Week 6,7475,12,0.0,21.268,-40.132
2025,2025oncmp1,Week 6,3739,12,-0.0,20.253,-38.955
2025,2025oncmp1,Week 6,5031,12,-0.0,18.691,-38.715
2025,2025oncmp1,Week 6,9659,12,-0.0,16.84,-22.453
2025,2025oncmp1,Week 6,6110,12,-0.0,14.548,-18.477
2025,2025oncmp1,Week 6,2706,12,-0.0,14.917,-24.223
2025,2025oncmp1,Week 6,5036,12,-0.0,15.836,-25.765
2025,2025oncmp1,Week 6,2852,12,-0.0,16.345,-28.426
2025,2025oncmp1,Week 6,10015,12,-0.0,13.639,-18.493
2025,2025oncmp1,Week 6,5024,12,0.0,17.461,-25.1
2025,2025oncmp1,Week 6,4940,12,0.0,22.039,-31.827
2025,2025oncmp1,Week 6,8884,12,-0.0,17.165,-40.132
2025,2025oncmp1,Week 6,4907,12,-0.0,18.471,-26.833
2025,2025oncmp1,Week 6,2198,12,-0.0,16.638,-29.54
2025,2025oncmp1,Week 6,7136,12,-0.0,15.947,-20.999
2025,2025oncmp1,Week 6,7520,12,-0.0,31.116,-73.535
2025,2025oncmp1,Week 6,1325,12,-0.0,29.677,-73.535
2025,2025oncmp1,Week 6,3683,12,-0.0,24.901,-73.535
2025,2025oncmp1,Week 6,5719,12,-0.0,15.16,-25.765
2025,2025oncmp1,Week 6,4152,12,0.0,17.711,-31.318
2025,2025oncmp1,Week 6,771,12,0.0,11.992,-22.772
2025,2025oncmp1,Week 6,7058,12,-0.0,18.793,-25.971
2025,2025oncmp1,Week 6,9785,12,-0.0,18.656,-31.542
2025,2025oncmp1,Week 6,7757,12,-0.0,20.58,-25.765
2025,2025oncmp1,Week 6,8731,12,-0.0,17.569,-38.955
2025,2025oncmp1,Week 6,7659,12,-0.0,15.561,-23.148
2025,2025oncmp1,Week 6,10027,12,-0.0,10.089,-26.074
2025,2025oncmp1,Week 6,6632,12,-0.0,12.87,-18.477
2025,2025oncmp1,Week 6,4476,12,-0.0,21.234,-31.827
2025,2025oncmp1,Week 6,5912,12,-0.0,16.627,-22.278
2025,2025oncmp1,Week 6,1360,12,-0.0,17.311,-31.542
2025,2025oncmp1,Week 6,4039,12,-0.0,23.326,-38.715
2025,2025oncmp1,Week 6,8349,12,-0.0,19.769,-23.148
2025,2025oncmp1,Week 6,10554,12,-0.0,20.439,-40.132
2025,2025oncmp1,Week 6,10167,12,-0.0,15.942,-25.033
2025,2025oncmp1,Week 6,1305,12,-0.0,21.308,-31.542
2025,2025oncmp1,Week 6,1241,12,0.0,16.553,-31.827
2025,2025oncmp1,Week 6,7558,12,0.0,14.661,-23.868
2025,2025oncmp1,Week 6,1285,12,-0.0,21.279,-31.318
2025,2025oncmp1,Week 6,8089,12,0.0,12.994,-25.971
2025,2025oncmp1,Week 6,10218,12,-0.0,11.6,-18.837
2025,2025oncmp2,Week 6,4678,12,0.0,18.5,-27.963
2025,2025oncmp2,Week 6,9562,12,0.0,16.982,-21.232
2025,2025oncmp2,Week 6,1334,12,0.0,30.284,-67.748
2025,2025oncmp2,Week 6,610,12,0.0,25.479,-43.134
2025,2025oncmp2,Week 6,10279,12,0.0,24.219,-43.134
2025,2025oncmp2,Week 6,5408,12,0.0,21.931,-43.134
2025,2025oncmp2,Week 6,9127,12,0.0,19.82,-44.586
2025,2025oncmp2,Week 6,188,12,0.0,22.63,-31.959
2025,2025oncmp2,Week 6,4688,12,0.0,21.204,-28.997
2025,2025oncmp2,Week 6,9569,12,-0.0,17.456,-31.134
2025,2025oncmp2,Week 6,7712,12,0.0,13.028,-20.155
2025,2025oncmp2,Week 6,4308,12,0.0,23.401,-29.194
2025,2025oncmp2,Week 6,9782,12,0.0,13.481,-31.982
2025,2025oncmp2,Week 6,4946,12,0.0,18.245,-31.982
2025,2025oncmp2,Week 6,9580,12,0.0,19.966,-31.982
2025,2025oncmp2,Week 6,7476,12,0.0,21.804,-43.453
2025,2025oncmp2,Week 6,1229,12,0.0,25.815,-43.453
2025,2025oncmp2,Week 6,7200,12,0.0,22.085,-43.453
2025,2025oncmp2,Week 6,9062,12,0.0,26.612,-67.748
2025,2025oncmp2,Week 6,10611,12,0.0,13.382,-28.915
2025,2025oncmp2,Week 6,2386,12,0.0,14.484,-28.997
2025,2025oncmp2,Week 6,6725,12,-0.0,18.231,-21.232
2025,2025oncmp2,Week 6,4069,12,0.0,20.851,-33.598
2025,2025oncmp2,Week 6,2200,12,0.0,16.307,-32.756
2025,2025oncmp2,Week 6,2056,12,0.0,27.656,-67.748
2025,2025oncmp2,Week 6,6865,12,0.0,17.736,-29.194
2025,2025oncmp2,Week 6,781,12,0.0,17.677,-23.317
2025,2025oncmp2,Week 6,8081,12,0.0,23.657,-41.645
2025,2025oncmp2,Week 6,5885,12,0.0,26.121,-41.645
2025,2025oncmp2,Week 6,5406,12,0.0,26.504,-41.672
2025,2025oncmp2,Week 6,3161,12,0.0,19.422,-28.951
2025,2025oncmp2,Week 6,7480,12,0.0,21.014,-33.598
2025,2025oncmp2,Week 6,2609,12,0.0,25.229,-34.34
2025,2025oncmp2,Week 6,5672,12,0.0,17.936,-34.34
2025,2025oncmp2,Week 6,772,12,0.0,21.351,-32.232
2025,2025oncmp2,Week 6,4917,12,-0.0,23.083,-32.823
2025,2025oncmp2,Week 6,3756,12,0.0,19.505,-30.213
2025,2025oncmp2,Week 6,8729,12,0.0,18.971,-34.34
2025,2025oncmp2,Week 6,1310,12,-0.0,16.888,-32.823
2025,2025oncmp2,Week 6,9098,12,0.0,15.1,-23.593
2025,2025oncmp2,Week 6,2702,12,0.0,14.208,-22.79
2025,2025oncmp2,Week 6,6978,12,0.0,17.525,-29.194
2025,2025oncmp2,Week 6,4951,12,0.0,24.019,-48.518
2025,2025oncmp2,Week 6,854,12,0.0,26.605,-48.518
2025,2025oncmp2,Week 6,7902,12,0.0,30.729,-48.518
2025,2025oncmp2,Week 6,5870,12,0.0,19.001,-28.997
2025,2025oncmp2,Week 6,1114,12,0.0,26.304,-41.672
2025,2025oncmp2,Week 6,4976,12,0.0,21.695,-27.997
2025,2025oncmp2,Week 6,5409,12,-0.0,12.074,-14.288
2025,2025oncmp2,Week 6,4920,12,0.0,18.719,-31.959
2025,2025tnkn,Week 6,5045,10,-0.0,20.029,-28.999
2025,2025tnkn,Week 6,5744,10,0.0,27.313,-49.026
2025,2025tnkn,Week 6,4630,10,0.0,18.628,-28.999
2025,2025tnkn,Week 6,21,10,0.0,14.493,-28.218
2025,2025tnkn,Week 6,3824,10,-0.0,20.114,-49.026
2025,2025tnkn,Week 6,1466,10,-0.0,10.607,-12.742
2025,2025tnkn,Week 6,4576,10,-0.0,13.555,-32.54
2025,2025tnkn,Week 6,4306,10,-0.0,14.169,-32.54
2025,2025tnkn,Week 6,3984,10,-0.0,25.126,-40.346
2025,2025tnkn,Week 6,4020,10,0.0,20.417,-36.907
2025,2025tnkn,Week 6,3504,10,-0.0,21.248,-36.907
2025,2025tnkn,Week 6,3324,10,-0.0,21.585,-36.907
2025,2025tnkn,Week 6,3843,11,-0.0,15.069,-22.505
2025,2025tnkn,Week 6,233,10,-0.0,19.746,-40.346
2025,2025tnkn,Week 6,4504,10,-0.0,13.463,-25.143
2025,2025tnkn,Week 6,3821,10,-0.0,12.391,-16.627
2025,2025tnkn,Week 6,5847,10,0.0,23.365,-29.855
2025,2025tnkn,Week 6,5816,10,0.0,21.113,-34.096
2025,2025tnkn,Week 6,3937,10,0.0,27.355,-71.331
2025,2025tnkn,Week 6,9152,10,-0.0,25.29,-71.331
2025,2025tnkn,Week 6,538,10,0.0,27.934,-71.331
2025,2025tnkn,Week 6,3966,11,-0.0,18.59,-34.087
2025,2025tnkn,Week 6,9668,10,-0.0,16.042,-25.143
2025,2025tnkn,Week 6,1592,10,-0.0,19.093,-28.048
2025,2025tnkn,Week 6,4265,10,-0.0,19.879,-29.855
2025,2025tnkn,Week 6,10479,10,-0.0,17.393,-34.554
2025,2025tnkn,Week 6,4467,10,-0.0,17.22,-22.614
2025,2025tnkn,Week 6,801,10,0.0,10.674,-17.702
2025,2025tnkn,Week 6,7483,10,-0.0,17.19,-19.137
2025,2025tnkn,Week 6,3140,10,-0.0,20.555,-49.026
2025,2025tnkn,Week 6,6517,10,-0.0,18.008,-28.772
2025,2025tnkn,Week 6,7072,10,-0.0,21.22,-28.772
2025,2025tnkn,Week 6,7428,10,-0.0,24.755,-34.087
2025,2025tnkn,Week 6,7255,10,0.0,13.307,-16.104
2025,2025tnkn,Week 6,2614,10,-0.0,19.347,-40.346
2025,2025tnkn,Week 6,8570,10,0.0,20.606,-34.096
2025,2025tnkn,Week 6,10101,10,0.0,15.198,-26.836
2025,2025tnkn,Week 6,1708,10,-0.0,15.7,-26.836
2025,2025tnkn,Week 6,3492,10,0.0,24.644,-34.096
2025,2025tnkn,Week 6,2393,10,0.0,14.917,-34.087
2025,2025tnkn,Week 6,2856,10,-0.0,18.016,-28.218
2025,2025tnkn,Week 6,5002,11,0.0,23.833,-28.275
2025,2025tnkn,Week 6,1014,10,-0.0,18.106,-39.818
2025,2025tnkn,Week 6,4065,10,-0.0,18.353,-39.818
2025,2025tnkn,Week 6,10269,10,-0.0,18.744,-39.818
2025,2025tnkn,Week 6,3139,11,0.0,21.299,-34.554
2025,2025tnkn,Week 6,10137,10,0.0,14.106,-19.142
2025,2025lake,Week 6,7111,9,-0.0,17.428,-27.299
2025,2025lake,Week 6,9435,9,0.0,15.683,-27.299
2025,2025lake,Week 6,10550,9,0.0,18.46,-27.299
2025,2025lake,Week 6,2973,9,-0.0,14.085,-26.686
2025,2025lake,Week 6,5965,9,-0.0,24.237,-32.905
2025,2025lake,Week 6,9761,9,-0.0,15.748,-28.042
2025,2025lake,Week 6,3102,9,0.0,23.971,-36.355
2025,2025lake,Week 6,5653,9,-0.0,22.359,-36.355
2025,2025lake,Week 6,9610,9,0.0,14.955,-36.355
2025,2025lake,Week 6,2152,9,0.0,18.323,-26.686
2025,2025lake,Week 6,3468,10,-0.0,11.249,-15.559
2025,2025lake,Week 6,3606,9,0.0,13.867,-21.832
2025,2025lake,Week 6,1622,9,-0.0,12.88,-18.42
2025,2025lake,Week 6,2992,9,-0.0,21.395,-35.756
2025,2025lake,Week 6,9768,9,-0.0,12.395,-22.233
2025,2025lake,Week 6,456,9,0.0,16.257,-24.967
2025,2025lake,Week 6,9787,9,0.0,19.751,-32.905
2025,2025lake,Week 6,16,9,0.0,18.746,-27.137
2025,2025lake,Week 6,5013,9,-0.0,6.332,-11.164
2025,2025lake,Week 6,9405,9,0.0,16.382,-23.284
2025,2025lake,Week 6,8044,9,-0.0,21.288,-35.756
2025,2025lake,Week 6,2080,9,-0.0,16.131,-26.686
2025,2025lake,Week 6,3616,9,0.0,16.059,-23.284
2025,2025lake,Week 6,8808,9,-0.0,13.301,-18.42
2025,2025lake,Week 6,1818,9,-0.0,9.091,-13.994
2025,2025lake,Week 6,1421,9,-0.0,17.232,-30.066
2025,2025lake,Week 6,4336,9,0.0,20.009,-52.332
2025,2025lake,Week 6,5863,10,-0.0,22.033,-52.332
2025,2025lake,Week 6,9067,9,0.0,17.872,-30.244
2025,2025lake,Week 6,2221,9,-0.0,15.717,-27.84
2025,2025lake,Week 6,6107,9,-0.0,19.76,-43.275
2025,2025lake,Week 6,4087,9,0.0,19.284,-43.275
2025,2025lake,Week 6,2036,9,-0.0,23.238,-43.275
2025,2025lake,Week 6,5971,9,0.0,14.283,-27.092
2025,2025lake,Week 6,9708,9,-0.0,14.772,-27.984
2025,2025lake,Week 6,3526,9,-0.0,13.074,-24.029
2025,2025lake,Week 6,6489,10,-0.0,22.556,-32.603
2025,2025lake,Week 6,9456,9,-0.0,16.053,-32.603
2025,2025lake,Week 6,9153,9,-0.0,16.59,-32.603
2025,2025lake,Week 6,9660,9,0.0,10.074,-16.696
2025,2025lake,Week 6,7094,9,0.0,11.596,-12.694
2025,2025lake,Week 6,9313,9,0.0,14.954,-16.537
2025,2025lake,Week 6,10217,9,-0.0,23.712,-52.332
2025,2025lake,Week 6,7288,9,-0.0,10.46,-20.621
2025,2025lake,Week 6,364,9,-0.0,16.521,-20.621
2025,2025lake,Week 6,9309,9,-0.0,14.753,-27.984
2025,2025lake,Week 6,10655,9,-0.0,14.663,-28.042
2025,2025lake,Week 6,10497,9,-0.0,13.176,-18.902
2025,2025lake,Week 6,8788,9,-0.0,9.661,-16.961
2025,2025lake,Week 6,1912,9,-0.0,19.436,-27.984
2025,2025lake,Week 6,3039,9,-0.0,19.903,-28.042
2025,2025lake,Week 6,9717,9,0.0,19.543,-30.066
2025,2025lake,Week 6,2183,9,-0.0,17.322,-30.244
2025,2025lake,Week 6,34,9,0.0,13.917,-27.137
2025,2025lake,Week 6,3753,9,0.0,18.373,-32.905
2025,2025mnmi2,Week 6,3058,10,0.0,14.109,-18.998
2025,2025mnmi2,Week 6,7068,10,0.0,13.854,-22.907
2025,2025mnmi2,Week 6,7038,10,0.0,11.526,-20.491
2025,2025mnmi2,Week 6,3848,10,0.0,17.707,-31.065
2025,2025mnmi2,Week 6,4226,10,0.0,20.357,-35.657
2025,2025mnmi2,Week 6,3278,10,-0.0,13.257,-18.529
2025,2025mnmi2,Week 6,7578,10,0.0,25.059,-31.453
2025,2025mnmi2,Week 6,7028,10,-0.0,18.224,-23.997
2025,2025mnmi2,Week 6,5348,10,0.0,19.647,-37.86
2025,2025mnmi2,Week 6,7103,10,-0.0,17.372,-29.095
2025,2025mnmi2,Week 6,4728,10,0.0,26.325,-49.271
2025,2025mnmi2,Week 6,5143,10,-0.0,12.982,-19.357
2025,2025mnmi2,Week 6,4166,10,0.0,15.808,-19.455
2025,2025mnmi2,Week 6,3740,10,0.0,16.859,-22.077
2025,2025mnmi2,Week 6,4480,10,0.0,20.21,-49.271
2025,2025mnmi2,Week 6,6045,10,0.0,15.278,-22.376
2025,2025mnmi2,Week 6,2855,10,0.0,14.908,-22.376
2025,2025mnmi2,Week 6,7858,10,-0.0,16.197,-22.376
2025,2025mnmi2,Week 6,6175,10,0.0,18.17,-28.238
2025,2025mnmi2,Week 6,7257,10,0.0,17.589,-28.238
2025,2025mnmi2,Week 6,8372,10,-0.0,17.395,-28.238
2025,2025mnmi2,Week 6,7677,10,-0.0,21.938,-29.095
2025,2025mnmi2,Week 6,7530,10,0.0,13.114,-23.997
2025,2025mnmi2,Week 6,6628,10,0.0,23.811,-35.657
2025,2025mnmi2,Week 6,4238,10,-0.0,17.468,-18.998
2025,2025mnmi2,Week 6,8586,10,-0.0,12.229,-18.83
2025,2025mnmi2,Week 6,2509,10,0.0,13.993,-13.824
2025,2025mnmi2,Week 6,8422,10,0.0,14.681,-22.801
2025,2025mnmi2,Week 6,2538,10,0.0,22.109,-25.892
2025,2025mnmi2,Week 6,5658,10,0.0,17.842,-22.801
2025,2025mnmi2,Week 6,4656,10,-0.0,12.663,-18.999
2025,2025mnmi2,Week 6,4239,10,0.0,15.982,-23.992
2025,2025mnmi2,Week 6,3276,10,-0.0,17.721,-23.997
2025,2025mnmi2,Week 6,8255,10,0.0,24.287,-37.86
2025,2025mnmi2,Week 6,4607,10,-0.0,21.993,-49.271
2025,2025mnmi2,Week 6,2883,10,-0.0,22.869,-35.657
2025,2025mnmi2,Week 6,8887,10,0.0,21.025,-37.86
2025,2025mnmi2,Week 6,2667,10,0.0,20.662,-31.065
2025,2025mnmi2,Week 6,6749,10,0.0,15.959,-18.999
2025,2025mnmi2,Week 6,6709,10,0.0,21.093,-31.107
2025,2025mnmi2,Week 6,4182,10,-0.0,23.721,-31.107
2025,2025mnmi2,Week 6,8188,10,0.0,17.891,-31.107
2025,2025mnmi2,Week 6,3026,10,-0.0,18.665,-31.453
2025,2025mnmi2,Week 6,2503,10,-0.0,13.547,-31.065
2025,2025mnmi2,Week 6,5041,10,0.0,14.54,-25.892
2025,2025mnmi2,Week 6,8878,10,0.0,8.52,-10.078
2025,2025mnmi2,Week 6,8516,10,0.0,14.807,-16.733
2025,2025mnmi2,Week 6,6244,10,0.0,15.019,-29.095
2025,2025mnum,Week 6,3130,10,-0.0,19.379,-18.259
2025,2025mnum,Week 6,2169,10,-0.0,22.637,-49.98
2025,2025mnum,Week 6,1816,10,-0.0,22.835,-24.222
2025,2025mnum,Week 6,4693,10,0.0,17.006,-25.617
2025,2025mnum,Week 6,2972,11,-0.0,12.345,-24.447
2025,2025mnum,Week 6,2177,10,-0.0,13.871,-24.086
2025,2025mnum,Week 6,9157,10,-0.0,13.679,-28.759
2025,2025mnum,Week 6,2175,10,-0.0,19.382,-28.759
2025,2025mnum,Week 6,3042,10,-0.0,24.484,-42.755
2025,2025mnum,Week 6,3197,10,-0.0,16.413,-24.447
2025,2025mnum,Week 6,2500,10,-0.0,19.311,-42.801
2025,2025mnum,Week 6,5232,10,0.0,10.008,-17.642
2025,2025mnum,Week 6,3751,10,-0.0,16.448,-36.936
2025,2025mnum,Week 6,2480,10,-0.0,12.506,-25.617
2025,2025mnum,Week 6,6147,11,-0.0,13.239,-24.631
2025,2025mnum,Week 6,2129,10,-0.0,15.521,-22.67
2025,2025mnum,Week 6,2239,10,-0.0,17.762,-22.67
2025,2025mnum,Week 6,3610,10,-0.0,12.577,-22.67
2025,2025mnum,Week 6,4174,10,-0.0,17.637,-25.617
2025,2025mnum,Week 6,5913,10,-0.0,22.233,-49.98
2025,2025mnum,Week 6,5434,10,-0.0,15.424,-24.222
2025,2025mnum,Week 6,8787,10,0.0,17.846,-42.755
2025,2025mnum,Week 6,4198,10,-0.0,16.557,-29.779
2025,2025mnum,Week 6,5278,10,-0.0,16.697,-24.631
2025,2025mnum,Week 6,2606,10,-0.0,16.381,-18.587
2025,2025mnum,Week 6,5271,10,-0.0,14.35,-19.139
2025,2025mnum,Week 6,3055,10,-0.0,17.662,-29.618
2025,2025mnum,Week 6,2518,10,-0.0,17.443,-24.631
2025,2025mnum,Week 6,3407,10,0.0,16.785,-29.618
2025,2025mnum,Week 6,159,10,-0.0,15.439,-25.472
2025,2025mnum,Week 6,3691,10,0.0,17.085,-29.779
2025,2025mnum,Week 6,2470,10,-0.0,14.611,-19.853
2025,2025mnum,Week 6,2052,10,-0.0,16.874,-24.447
2025,2025mnum,Week 6,3100,10,-0.0,23.839,-42.801
2025,2025mnum,Week 6,3871,11,-0.0,12.224,-24.086
2025,2025mnum,Week 6,7019,10,-0.0,13.587,-16.62
2025,2025mnum,Week 6,7273,11,0.0,17.279,-36.936
2025,2025mnum,Week 6,4536,10,-0.0,19.932,-42.755
2025,2025mnum,Week 6,2987,10,-0.0,22.91,-49.98
2025,2025mnum,Week 6,2508,10,0.0,24.537,-42.801
2025,2025mnum,Week 6,4277,10,-0.0,24.017,-38.751
2025,2025mnum,Week 6,4624,10,-0.0,21.295,-36.936
2025,2025mnum,Week 6,2574,10,-0.0,18.361,-38.751
2025,2025mnum,Week 6,4663,10,0.0,8.852,-12.96
2025,2025mnum,Week 6,2143,10,-0.0,11.524,-17.642
2025,2025mnum,Week 6,3206,10,-0.0,15.565,-21.834
2025,2025mnum,Week 6,2530,10,-0.0,21.717,-29.618
2025,2025okok,Week 6,4068,10,0.0,27.504,-48.739
2025,2025okok,Week 6,3465,10,0.0,21.263,-24.814
2025,2025okok,Week 6,10626,10,0.0,22.18,-35.016
2025,2025okok,Week 6,2165,10,0.0,16.333,-23.125
2025,2025okok,Week 6,4522,10,-0.0,14.419,-18.864
2025,2025okok,Week 6,9007,10,0.0,10.745,-24.814
2025,2025okok,Week 6,1832,10,0.0,18.448,-45.008
2025,2025okok,Week 6,1561,10,-0.0,21.586,-45.008
2025,2025okok,Week 6,2345,10,0.0,23.042,-45.008
2025,2025okok,Week 6,4766,10,-0.0,17.357,-35.016
2025,2025okok,Week 6,4603,10,-0.0,15.941,-20.166
2025,2025okok,Week 6,2341,10,-0.0,16.429,-27.546
2025,2025okok,Week 6,6809,10,-0.0,14.892,-28.53
2025,2025okok,Week 6,2083,10,0.0,20.807,-40.936
2025,2025okok,Week 6,2333,10,-0.0,21.633,-37.132
2025,2025okok,Week 6,10378,10,0.0,18.053,-24.728
2025,2025okok,Week 6,8711,10,0.0,15.42,-27.546
2025,2025okok,Week 6,5454,10,-0.0,22.686,-53.289
2025,2025okok,Week 6,1209,10,0.0,16.072,-22.459
2025,2025okok,Week 6,5550,10,0.0,14.983,-15.746
2025,2025okok,Week 6,9472,10,0.0,15.153,-20.259
2025,2025okok,Week 6,7130,10,0.0,20.591,-39.601
2025,2025okok,Week 6,2373,10,-0.0,24.854,-39.601
2025,2025okok,Week 6,1939,10,0.0,23.636,-39.601
2025,2025okok,Week 6,10377,10,0.0,16.189,-20.166
2025,2025okok,Week 6,3179,10,0.0,20.978,-23.125
2025,2025okok,Week 6,2352,10,0.0,17.415,-27.546
2025,2025okok,Week 6,3931,10,-0.0,15.247,-20.166
2025,2025okok,Week 6,2718,10,-0.0,35.565,-53.289
2025,2025okok,Week 6,3163,10,-0.0,18.548,-35.016
2025,2025okok,Week 6,3247,10,-0.0,24.209,-40.936
2025,2025okok,Week 6,3729,10,-0.0,18.706,-28.53
2025,2025okok,Week 6,2395,10,0.0,15.182,-22.316
2025,2025okok,Week 6,6424,10,0.0,25.329,-53.289
2025,2025okok,Week 6,2359,10,0.0,19.279,-23.756
2025,2025okok,Week 6,1819,10,0.0,16.443,-23.756
2025,2025okok,Week 6,4523,10,0.0,19.393,-31.082
2025,2025okok,Week 6,5098,10,0.0,13.922,-19.259
2025,2025okok,Week 6,9462,10,0.0,18.398,-43.408
2025,2025okok,Week 6,5437,10,0.0,21.436,-43.408
2025,2025okok,Week 6,4005,10,-0.0,15.303,-17.717
2025,2025okok,Week 6,31,10,0.0,13.548,-16.877
2025,2025okok,Week 6,1764,10,0.0,21.678,-43.408
2025,2025okok,Week 6,2773,10,-0.0,19.009,-31.082
2025,2025okok,Week 6,5889,10,0.0,11.008,-19.12
2025,2025okok,Week 6,10661,10,0.0,23.609,-48.739
2025,2025okok,Week 6,6026,10,-0.0,20.172,-19.259
2025,2025okok,Week 6,1986,10,0.0,13.872,-20.259
2025,2025txcmp1,Week 6,9105,12,-0.0,20.736,-41.609
2025,2025txcmp1,Week 6,231,12,-0.0,15.649,-33.427
2025,2025txcmp1,Week 6,3735,12,-0.0,13.883,-22.151
2025,2025txcmp1,Week 6,1296,12,-0.0,20.069,-29.797
2025,2025txcmp1,Week 6,148,12,-0.0,18.129,-24.977
2025,2025txcmp1,Week 6,9492,12,-0.0,12.515,-24.064
2025,2025txcmp1,Week 6,5431,12,-0.0,13.142,-21.326
2025,2025txcmp1,Week 6,9515,12,-0.0,18.435,-26.83
2025,2025txcmp1,Week 6,4610,12,-0.0,11.55,-14.317
2025,2025txcmp1,Week 6,2689,12,-0.0,18.513,-22.151
2025,2025txcmp1,Week 6,4153,12,-0.0,18.816,-44.99
2025,2025txcmp1,Week 6,4364,12,-0.0,18.452,-31.445
2025,2025txcmp1,Week 6,5829,12,-0.0,18.482,-42.017
2025,2025txcmp1,Week 6,624,12,-0.0,19.591,-42.017
2025,2025txcmp1,Week 6,4641,12,-0.0,16.284,-42.017
2025,2025txcmp1,Week 6,9658,12,-0.0,21.508,-39.56
2025,2025txcmp1,Week 6,6672,12,-0.0,18.343,-39.56
2025,2025txcmp1,Week 6,2582,12,-0.0,20.95,-39.56
2025,2025txcmp1,Week 6,6974,12,-0.0,26.602,-38.046
2025,2025txcmp1,Week 6,118,12,-0.0,16.702,-38.046
2025,2025txcmp1,Week 6,5103,12,-0.0,24.513,-41.609
2025,2025txcmp1,Week 6,4192,12,-0.0,17.276,-37.312
2025,2025txcmp1,Week 6,6369,12,-0.0,18.469,-37.312
2025,2025txcmp1,Week 6,5427,12,-0.0,21.247,-37.312
2025,2025txcmp1,Week 6,3847,12,-0.0,15.901,-23.648
2025,2025txcmp1,Week 6,8177,12,-0.0,16.823,-37.343
2025,2025txcmp1,Week 6,2881,12,-0.0,15.215,-29.797
2025,2025txcmp1,Week 6,2587,12,-0.0,14.622,-27.306
2025,2025txcmp1,Week 6,5261,12,-0.0,19.974,-37.343
2025,2025txcmp1,Week 6,5414,12,-0.0,15.894,-27.306
2025,2025txcmp1,Week 6,8749,12,-0.0,20.639,-41.609
2025,2025txcmp1,Week 6,8576,12,-0.0,16.371,-30.385
2025,2025txcmp1,Week 6,9137,12,-0.0,25.759,-38.751
2025,2025txcmp1,Week 6,8732,12,-0.0,21.982,-39.833
2025,2025txcmp1,Week 6,8573,12,-0.0,20.052,-39.833
2025,2025txcmp1,Week 6,418,12,-0.0,24.223,-44.99
2025,2025txcmp1,Week 6,5417,12,-0.0,21.657,-44.99
2025,2025txcmp1,Week 6,7312,12,-0.0,18.285,-33.427
2025,2025txcmp1,Week 6,8088,12,-0.0,16.211,-28.724
2025,2025txcmp1,Week 6,4734,12,-0.0,19.387,-24.514
2025,2025txcmp1,Week 6,10518,12,-0.0,14.123,-29.447
2025,2025txcmp1,Week 6,2714,12,-0.0,17.872,-29.797
2025,2025txcmp1,Week 6,2158,12,-0.0,18.427,-26.262
2025,2025txcmp1,Week 6,3035,12,-0.0,18.417,-24.977
2025,2025txcmp1,Week 6,9506,12,-0.0,18.37,-38.751
2025,2025txcmp2,Week 6,9512,12,-0.0,23.013,-47.932
2025,2025txcmp2,Week 6,2583,12,0.0,14.459,-28.581
2025,2025txcmp2,Week 6,5572,12,-0.0,19.281,-32.248
2025,2025txcmp2,Week 6,2848,12,0.0,18.524,-37.631
2025,2025txcmp2,Week 6,1477,12,-0.0,21.625,-48.921
2025,2025txcmp2,Week 6,10340,12,-0.0,16.667,-30.607
2025,2025txcmp2,Week 6,9140,12,0.0,19.715,-47.932
2025,2025txcmp2,Week 6,2950,12,0.0,20.169,-35.484
2025,2025txcmp2,Week 6,6377,12,0.0,17.46,-34.637
2025,2025txcmp2,Week 6,7121,12,-0.0,14.611,-28.581
2025,2025txcmp2,Week 6,8370,12,-0.0,18.8,-23.384
2025,2025txcmp2,Week 6,3561,12,0.0,17.166,-32.154
2025,2025txcmp2,Week 6,8874,12,0.0,15.036,-37.631
2025,2025txcmp2,Week 6,2687,12,-0.0,23.07,-30.016
2025,2025txcmp2,Week 6,324,12,0.0,18.063,-29.983
2025,2025txcmp2,Week 6,6357,12,0.0,24.445,-67.01
2025,2025txcmp2,Week 6,4063,12,-0.0,29.951,-67.01
2025,2025txcmp2,Week 6,10385,12,-0.0,27.044,-67.01
2025,2025txcmp2,Week 6,9181,12,0.0,17.863,-30.775
2025,2025txcmp2,Week 6,7119,12,0.0,15.161,-16.382
2025,2025txcmp2,Week 6,7492,12,0.0,8.717,-16.874
2025,2025txcmp2,Week 6,5788,12,-0.0,24.199,-37.631
2025,2025txcmp2,Week 6,3679,12,-0.0,19.227,-28.279
2025,2025txcmp2,Week 6,6488,12,-0.0,19.885,-48.921
2025,2025txcmp2,Week 6,7691,12,0.0,22.359,-32.154
2025,2025txcmp2,Week 6,6243,12,0.0,15.583,-30.647
2025,2025txcmp2,Week 6,5411,12,0.0,17.67,-32.248
2025,2025txcmp2,Week 6,5892,12,-0.0,16.365,-22.138
2025,2025txcmp2,Week 6,457,12,0.0,21.267,-34.637
2025,2025txcmp2,Week 6,10014,12,-0.0,10.759,-23.384
2025,2025txcmp2,Week 6,3005,12,-0.0,20.975,-56.408
2025,2025txcmp2,Week 6,2585,12,-0.0,23.296,-56.408
2025,2025txcmp2,Week 6,9121,12,0.0,23.501,-56.408
2025,2025txcmp2,Week 6,8019,12,-0.0,24.38,-30.775
2025,2025txcmp2,Week 6,9418,12,0.0,15.042,-19.398
2025,2025txcmp2,Week 6,9289,12,0.0,14.327,-22.229
2025,2025txcmp2,Week 6,3481,12,-0.0,17.655,-43.579
2025,2025txcmp2,Week 6,4639,12,-0.0,21.507,-43.579
2025,2025txcmp2,Week 6,9478,12,-0.0,26.298,-43.579
2025,2025txcmp2,Week 6,6800,12,0.0,20.922,-28.581
2025,2025txcmp2,Week 6,3545,12,0.0,16.203,-30.647
2025,2025txcmp2,Week 6,4717,12,0.0,15.18,-30.607
2025,2025txcmp2,Week 6,9128,12,0.0,19.662,-48.921
2025,2025txcmp2,Week 6,3310,12,-0.0,12.901,-23.384
2025,2025txcmp2,Week 6,2468,12,0.0,20.813,-47.932
2025,2025caav,Week 6,1700,11,-0.0,15.217,-17.14
2025,2025caav,Week 6,3476,11,-0.0,11.624,-19.558
2025,2025caav,Week 6,4419,11,-0.0,8.277,-17.14
2025,2025caav,Week 6,7447,11,-0.0,11.61,-19.806
2025,2025caav,Week 6,2404,11,-0.0,18.902,-25.214
2025,2025caav,Week 6,5869,11,0.0,12.055,-24.98
2025,2025caav,Week 6,4123,11,-0.0,17.496,-28.804
2025,2025caav,Week 6,6060,11,0.0,14.99,-23.489
2025,2025caav,Week 6,2543,11,-0.0,16.457,-19.558
2025,2025caav,Week 6,3408,11,-0.0,17.018,-20.148
2025,2025caav,Week 6,599,11,-0.0,20.544,-24.98
2025,2025caav,Week 6,846,12,0.0,16.214,-20.177
2025,2025caav,Week 6,8521,11,-0.0,17.495,-46.487
2025,2025caav,Week 6,1160,11,-0.0,15.709,-30.87
2025,2025caav,Week 6,2584,11,-0.0,13.594,-19.806
2025,2025caav,Week 6,399,11,-0.0,13.492,-28.804
2025,2025caav,Week 6,3669,11,-0.0,16.212,-20.177
2025,2025caav,Week 6,1515,12,-0.0,16.503,-18.074
2025,2025caav,Week 6,9471,11,-0.0,14.666,-26.072
2025,2025caav,Week 6,7709,11,-0.0,21.377,-26.072
2025,2025caav,Week 6,687,12,-0.0,16.579,-26.072
2025,2025caav,Week 6,980,11,-0.0,12.733,-18.453
2025,2025caav,Week 6,5012,11,-0.0,11.796,-13.694
2025,2025caav,Week 6,5835,11,-0.0,14.103,-24.98
2025,2025caav,Week 6,22,11,-0.0,15.94,-25.669
2025,2025caav,Week 6,10213,11,-0.0,18.967,-35.294
2025,2025caav,Week 6,7042,11,-0.0,12.482,-23.518
2025,2025caav,Week 6,5199,12,0.0,13.543,-20.35
2025,2025caav,Week 6,6072,11,-0.0,20.5,-30.87
2025,2025caav,Week 6,691,11,-0.0,15.418,-20.35
2025,2025caav,Week 6,7157,11,-0.0,20.782,-44.319
2025,2025caav,Week 6,2637,11,0.0,22.861,-44.319
2025,2025caav,Week 6,3993,11,0.0,17.029,-44.319
2025,2025caav,Week 6,294,11,-0.0,19.577,-30.87
2025,2025caav,Week 6,5285,11,-0.0,16.114,-46.487
2025,2025caav,Week 6,6560,11,-0.0,17.7,-35.294
2025,2025caav,Week 6,7607,11,-0.0,14.912,-23.489
2025,2025caav,Week 6,4415,11,-0.0,23.175,-46.487
2025,2025caav,Week 6,3952,11,-0.0,14.754,-35.294
2025,2025caav,Week 6,3925,11,-0.0,14.971,-25.214
2025,2025pncmp,Week 6,1778,12,0.0,16.144,-41.046
2025,2025pncmp,Week 6,6831,12,0.0,20.138,-36.597
2025,2025pncmp,Week 6,2910,12,-0.0,9.57,-13.148
2025,2025pncmp,Week 6,360,12,0.0,20.903,-50.848
2025,2025pncmp,Week 6,2412,12,0.0,23.665,-50.848
2025,2025pncmp,Week 6,9567,12,0.0,20.772,-50.848
2025,2025pncmp,Week 6,948,12,0.0,17.624,-24.792
2025,2025pncmp,Week 6,5468,12,0.0,25.278,-44.894
2025,2025pncmp,Week 6,4043,12,0.0,25.014,-36.998
2025,2025pncmp,Week 6,3218,12,0.0,25.178,-30.781
2025,2025pncmp,Week 6,3663,12,0.0,15.595,-30.417
2025,2025pncmp,Week 6,9442,12,0.0,20.457,-38.911
2025,2025pncmp,Week 6,3674,12,0.0,22.876,-42.318
2025,2025pncmp,Week 6,997,12,0.0,25.907,-40.662
2025,2025pncmp,Week 6,9450,12,0.0,21.24,-36.597
2025,2025pncmp,Week 6,1425,12,0.0,25.534,-38.911
2025,2025pncmp,Week 6,2976,12,0.0,21.406,-35.274
2025,2025pncmp,Week 6,7034,12,0.0,20.574,-44.894
2025,2025pncmp,Week 6,9446,12,0.0,18.127,-29.4
2025,2025pncmp,Week 6,4131,12,0.0,27.988,-41.046
2025,2025pncmp,Week 6,9023,12,0.0,19.562,-31.639
2025,2025pncmp,Week 6,10416,12,0.0,14.44,-31.639
2025,2025pncmp,Week 6,6443,12,0.0,18.202,-36.998
2025,2025pncmp,Week 6,6696,12,0.0,15.834,-28.002
2025,2025pncmp,Week 6,4061,12,0.0,20.363,-32.833
2025,2025pncmp,Week 6,5937,12,0.0,25.488,-41.046
2025,2025pncmp,Week 6,4513,12,0.0,20.837,-31.343
2025,2025pncmp,Week 6,4125,12,0.0,18.721,-35.274
2025,2025pncmp,Week 6,2147,12,0.0,24.817,-40.662
2025,2025pncmp,Week 6,2471,12,0.0,19.412,-28.002
2025,2025pncmp,Week 6,10079,12,0.0,25.09,-44.894
2025,2025pncmp,Week 6,4469,12,-0.0,24.58,-36.597
2025,2025pncmp,Week 6,9036,12,0.0,20.412,-34.412
2025,2025pncmp,Week 6,4450,12,0.0,22.124,-34.424
2025,2025pncmp,Week 6,2522,12,0.0,18.893,-38.911
2025,2025pncmp,Week 6,3826,12,0.0,22.064,-30.578
2025,2025pncmp,Week 6,2930,12,0.0,27.797,-34.424
2025,2025pncmp,Week 6,2046,12,0.0,16.983,-30.711
2025,2025pncmp,Week 6,488,12,-0.0,20.842,-30.711
2025,2025pncmp,Week 6,1318,12,0.0,21.096,-30.781
2025,2025pncmp,Week 6,6343,12,0.0,15.113,-36.998
2025,2025pncmp,Week 6,3574,12,0.0,22.519,-29.4
2025,2025pncmp,Week 6,492,12,0.0,20.92,-32.833
2025,2025pncmp,Week 6,4915,12,0.0,23.706,-42.318
2025,2025pncmp,Week 6,3636,12,0.0,15.695,-30.781
2025,2025pncmp,Week 6,2557,12,0.0,26.326,-41.884
2025,2025pncmp,Week 6,957,12,0.0,21.924,-41.884
2025,2025pncmp,Week 6,955,12,0.0,18.978,-41.884
2025,2025pncmp,Week 6,4512,12,-0.0,23.867,-42.318
2025,2025pncmp,Week 6,1540,12,0.0,17.162,-22.55
2025,2025incmp,Week 6,234,12,0.0,16.864,-24.296
2025,2025incmp,Week 6,447,12,-0.0,20.902,-47.293
2025,2025incmp,Week 6,2171,12,-0.0,16.753,-21.552
2025,2025incmp,Week 6,7457,12,-0.0,21.634,-43.587
2025,2025incmp,Week 6,461,12,-0.0,20.392,-43.587
2025,2025incmp,Week 6,292,12,-0.0,28.811,-43.587
2025,2025incmp,Week 6,1024,12,-0.0,14.525,-22.704
2025,2025incmp,Week 6,7617,12,-0.0,31.193,-50.003
2025,2025incmp,Week 6,4485,12,-0.0,17.164,-36.367
2025,2025incmp,Week 6,3176,12,-0.0,14.022,-15.629
2025,2025incmp,Week 6,1501,12,-0.0,24.438,-47.293
2025,2025incmp,Week 6,10332,12,-0.0,18.281,-32.564
2025,2025incmp,Week 6,10021,12,-0.0,21.6,-30.788
2025,2025incmp,Week 6,8103,12,0.0,19.489,-32.564
2025,2025incmp,Week 6,829,12,-0.0,15.116,-20.126
2025,2025incmp,Week 6,5188,12,-0.0,16.522,-27.331
2025,2025incmp,Week 6,4272,12,0.0,20.952,-21.52
2025,2025incmp,Week 6,1741,12,-0.0,21.966,-44.382
2025,2025incmp,Week 6,5402,12,0.0,24.038,-44.382
2025,2025incmp,Week 6,10492,12,-0.0,16.988,-21.271
2025,2025incmp,Week 6,5010,12,-0.0,22.114,-25.466
2025,2025incmp,Week 6,868,12,-0.0,23.963,-37.375
2025,2025incmp,Week 6,8430,12,-0.0,33.88,-47.293
2025,2025incmp,Week 6,5484,12,-0.0,16.611,-20.299
2025,2025incmp,Week 6,328,12,-0.0,27.878,-45.471
2025,2025incmp,Week 6,6956,12,0.0,15.486,-32.9
2025,2025incmp,Week 6,4926,12,-0.0,16.064,-21.271
2025,2025incmp,Week 6,7454,12,-0.0,25.62,-52.361
2025,2025incmp,Week 6,1747,12,0.0,15.216,-32.564
2025,2025incmp,Week 6,3487,12,-0.0,20.887,-45.471
2025,2025incmp,Week 6,3940,12,-0.0,24.825,-50.003
2025,2025incmp,Week 6,2197,12,-0.0,16.86,-27.331
2025,2025incmp,Week 6,7657,12,0.0,25.048,-32.9
2025,2025incmp,Week 6,6721,12,-0.0,17.188,-24.296
2025,2025incmp,Week 6,135,12,0.0,12.816,-27.331
2025,2025incmp,Week 6,45,12,0.0,28.825,-52.361
2025,2025incmp,Week 6,3494,12,0.0,27.475,-50.003
2025,2025incmp,Week 6,1018,12,0.0,26.323,-52.361
2025,2025micmp1,Week 6,3770,12,0.0,25.921,-38.547
2025,2025micmp1,Week 6,1711,12,-0.0,21.848,-41.223
2025,2025micmp1,Week 6,27,12,-0.0,23.531,-44.231
2025,2025micmp1,Week 6,5577,12,0.0,21.25,-32.243
2025,2025micmp1,Week 6,247,12,-0.0,15.905,-33.782
2025,2025micmp1,Week 6,33,12,0.0,22.04,-37.534
2025,2025micmp1,Week 6,68,12,0.0,18.517,-29.028
2025,2025micmp1,Week 6,8280,12,0.0,20.88,-51.724
2025,2025micmp1,Week 6,70,12,0.0,23.487,-38.547
2025,2025micmp1,Week 6,5907,12,-0.0,27.799,-51.724
2025,2025micmp1,Week 6,5509,12,0.0,21.578,-38.547
2025,2025micmp1,Week 6,1918,12,-0.0,21.461,-30.307
2025,2025micmp1,Week 6,2054,12,0.0,20.443,-40.121
2025,2025micmp1,Week 6,2145,12,-0.0,26.03,-48.828
2025,2025micmp1,Week 6,66,12,-0.0,24.206,-41.223
2025,2025micmp1,Week 6,4453,12,0.0,16.734,-37.534
2025,2025micmp1,Week 6,4003,12,0.0,19.312,-27.308
2025,2025micmp1,Week 6,3539,12,0.0,22.409,-48.828
2025,2025micmp1,Week 6,3414,12,-0.0,20.421,-40.121
2025,2025micmp1,Week 6,4422,12,0.0,21.151,-43.041
2025,2025micmp1,Week 6,2611,12,0.0,22.69,-51.724
2025,2025micmp1,Week 6,1718,12,0.0,17.136,-23.872
2025,2025micmp1,Week 6,3655,12,0.0,14.862,-27.231
2025,2025micmp1,Week 6,8517,12,0.0,19.804,-27.308
2025,2025micmp1,Week 6,573,12,-0.0,26.106,-48.828
2025,2025micmp1,Week 6,8608,12,-0.0,19.258,-44.231
2025,2025micmp1,Week 6,6618,12,0.0,13.648,-27.308
2025,2025micmp1,Week 6,857,12,-0.0,19.609,-43.041
2025,2025micmp1,Week 6,2771,12,0.0,24.158,-38.157
2025,2025micmp1,Week 6,8873,12,0.0,18.072,-35.366
2025,2025micmp1,Week 6,818,12,-0.0,21.752,-43.041
2025,2025micmp1,Week 6,7211,12,-0.0,24.015,-38.157
2025,2025micmp1,Week 6,5530,12,0.0,16.23,-27.231
2025,2025micmp1,Week 6,1481,12,0.0,10.647,-18.924
2025,2025micmp1,Week 6,2832,12,0.0,14.582,-30.307
2025,2025micmp1,Week 6,4998,12,0.0,17.335,-29.221
2025,2025micmp1,Week 6,3538,12,0.0,13.647,-35.366
2025,2025micmp1,Week 6,9685,12,-0.0,17.021,-18.117
2025,2025micmp1,Week 6,9312,12,0.0,22.981,-44.231
2025,2025micmp1,Week 6,4680,12,0.0,13.08,-23.458
2025,2025micmp2,Week 6,6570,12,0.0,21.096,-29.844
2025,2025micmp2,Week 6,1506,12,0.0,10.861,-14.013
2025,2025micmp2,Week 6,7769,12,0.0,18.642,-44.403
2025,2025micmp2,Week 6,5436,12,0.0,15.596,-29.034
2025,2025micmp2,Week 6,4391,12,0.0,26.502,-29.615
2025,2025micmp2,Week 6,6033,12,0.0,23.483,-43.409
2025,2025micmp2,Week 6,4855,12,0.0,16.502,-29.844
2025,2025micmp2,Week 6,6002,12,0.0,24.899,-37.008
2025,2025micmp2,Week 6,10589,12,0.0,13.417,-28.285
2025,2025micmp2,Week 6,4398,12,0.0,19.347,-23.139
2025,2025micmp2,Week 6,1684,12,-0.0,25.417,-44.403
2025,2025micmp2,Week 6,217,12,0.0,15.993,-20.756
2025,2025micmp2,Week 6,3546,12,0.0,25.668,-51.329
2025,2025micmp2,Week 6,7166,12,0.0,21.429,-31.666
2025,2025micmp2,Week 6,2851,12,0.0,20.565,-37.008
2025,2025micmp2,Week 6,5695,12,0.0,16.061,-33.029
2025,2025micmp2,Week 6,3357,12,0.0,15.65,-21.487
2025,2025micmp2,Week 6,10654,12,0.0,21.226,-29.034
2025,2025micmp2,Week 6,815,12,0.0,24.327,-44.403
2025,2025micmp2,Week 6,5505,12,0.0,11.786,-18.818
2025,2025micmp2,Week 6,5675,12,0.0,21.646,-37.011
2025,2025micmp2,Week 6,2620,12,0.0,13.396,-20.845
2025,2025micmp2,Week 6,5110,12,0.0,15.045,-23.139
2025,2025micmp2,Week 6,3603,12,0.0,21.433,-51.329
2025,2025micmp2,Week 6,3322,12,0.0,20.272,-51.329
2025,2025micmp2,Week 6,8352,12,0.0,15.728,-37.294
2025,2025micmp2,Week 6,5534,12,0.0,19.052,-37.008
2025,2025micmp2,Week 6,2767,12,0.0,16.807,-37.294
2025,2025micmp2,Week 6,3668,12,0.0,24.168,-37.011
2025,2025micmp2,Week 6,9776,12,0.0,20.774,-29.615
2025,2025micmp2,Week 6,548,12,0.0,14.65,-28.792
2025,2025micmp2,Week 6,7174,12,0.0,15.42,-24.693
2025,2025micmp2,Week 6,5712,12,0.0,19.931,-43.409
2025,2025micmp2,Week 6,67,12,0.0,18.742,-33.029
2025,2025micmp2,Week 6,5843,12,0.0,22.487,-37.294
2025,2025micmp2,Week 6,2834,12,0.0,12.317,-25.484
2025,2025micmp2,Week 6,6861,12,0.0,25.059,-32.766
2025,2025micmp2,Week 6,5114,12,0.0,23.058,-43.409
2025,2025micmp2,Week 6,5535,12,0.0,15.274,-27.658
2025,2025micmp2,Week 6,6120,12,0.0,25.699,-37.011
2025,2025micmp3,Week 6,2619,12,-0.0,16.026,-22.592
2025,2025micmp3,Week 6,141,12,-0.0,23.057,-43.071
2025,2025micmp3,Week 6,9558,12,-0.0,35.187,-45.869
2025,2025micmp3,Week 6,5166,12,-0.0,15.077,-18.885
2025,2025micmp3,Week 6,4327,12,-0.0,17.732,-23.764
2025,2025micmp3,Week 6,7056,12,-0.0,22.985,-41.589
2025,2025micmp3,Week 6,1502,12,-0.0,30.771,-38.736
2025,2025micmp3,Week 6,7656,12,-0.0,21.839,-39.715
2025,2025micmp3,Week 6,5538,12,-0.0,19.09,-34.716
2025,2025micmp3,Week 6,469,12,-0.0,25.321,-43.341
2025,2025micmp3,Week 6,5547,12,0.0,16.931,-23.294
2025,2025micmp3,Week 6,3572,12,-0.0,23.365,-39.394
2025,2025micmp3,Week 6,7501,12,0.0,20.471,-31.458
2025,2025micmp3,Week 6,1023,12,-0.0,30.163,-67.469
2025,2025micmp3,Week 6,3767,12,-0.0,27.982,-60.243
2025,2025micmp3,Week 6,1188,12,-0.0,28.226,-60.243
2025,2025micmp3,Week 6,3536,12,-0.0,23.077,-39.234
2025,2025micmp3,Week 6,2960,12,-0.0,26.853,-39.234
2025,2025micmp3,Week 6,3620,12,-0.0,25.778,-43.071
2025,2025micmp3,Week 6,201,12,-0.0,19.397,-36.213
2025,2025micmp3,Week 6,5352,12,-0.0,28.69,-60.243
2025,2025micmp3,Week 6,3537,12,-0.0,26.831,-30.884
2025,2025micmp3,Week 6,1025,12,-0.0,25.697,-41.589
2025,2025micmp3,Week 6,7197,12,-0.0,14.077,-25.859
2025,2025micmp3,Week 6,6077,12,-0.0,19.121,-38.736
2025,2025micmp3,Week 6,10666,12,-0.0,23.644,-43.071
2025,2025micmp3,Week 6,1189,12,-0.0,21.127,-45.869
2025,2025micmp3,Week 6,7220,12,-0.0,20.813,-43.341
2025,2025micmp3,Week 6,7768,12,-0.0,26.566,-67.469
2025,2025micmp3,Week 6,8397,12,-0.0,24.946,-41.589
2025,2025micmp3,Week 6,7196,12,-0.0,15.426,-31.579
2025,2025micmp3,Week 6,5460,12,-0.0,27.283,-45.869
2025,2025micmp3,Week 6,6548,12,-0.0,26.142,-39.394
2025,2025micmp3,Week 6,4381,12,-0.0,24.787,-67.469
2025,2025micmp3,Week 6,4967,12,-0.0,18.044,-26.328
2025,2025micmp3,Week 6,4776,12,-0.0,16.582,-27.452
2025,2025micmp3,Week 6,2586,12,-0.0,32.66,-30.884
2025,2025micmp3,Week 6,4375,12,-0.0,20.769,-28.905
2025,2025micmp3,Week 6,6088,12,-0.0,22.464,-43.341
2025,2025micmp3,Week 6,9245,12,-0.0,23.791,-30.884
2025,2025micmp4,Week 6,1701,12,-0.0,17.713,-31.755
2025,2025micmp4,Week 6,5216,12,-0.0,16.222,-17.572
2025,2025micmp4,Week 6,5660,12,-0.0,25.292,-47.919
2025,2025micmp4,Week 6,3875,12,-0.0,12.481,-16.911
2025,2025micmp4,Week 6,5066,12,-0.0,13.527,-23.248
2025,2025micmp4,Week 6,6637,12,-0.0,15.684,-26.496
2025,2025micmp4,Week 6,5193,12,0.0,19.095,-37.5
2025,2025micmp4,Week 6,4405,12,-0.0,17.595,-26.496
2025,2025micmp4,Week 6,5152,12,-0.0,22.313,-33.922
2025,2025micmp4,Week 6,3604,12,0.0,20.734,-37.5
2025,2025micmp4,Week 6,10349,12,0.0,17.393,-31.56
2025,2025micmp4,Week 6,1498,12,0.0,14.077,-32.852
2025,2025micmp4,Week 6,302,12,-0.0,18.673,-38.188
2025,2025micmp4,Week 6,1076,12,-0.0,27.97,-62.261
2025,2025micmp4,Week 6,226,12,-0.0,18.455,-38.188
2025,2025micmp4,Week 6,7790,12,-0.0,19.842,-40.545
2025,2025micmp4,Week 6,6344,12,-0.0,31.197,-62.261
2025,2025micmp4,Week 6,858,12,-0.0,25.397,-40.545
2025,2025micmp4,Week 6,494,12,-0.0,18.864,-47.919
2025,2025micmp4,Week 6,4377,12,0.0,18.878,-36.415
2025,2025micmp4,Week 6,3656,12,0.0,17.631,-37.5
2025,2025micmp4,Week 6,10505,12,-0.0,14.832,-19.084
2025,2025micmp4,Week 6,2137,12,-0.0,16.915,-22.475
2025,2025micmp4,Week 6,10606,12,-0.0,20.91,-31.56
2025,2025micmp4,Week 6,245,12,0.0,19.185,-36.661
2025,2025micmp4,Week 6,6615,12,0.0,17.412,-36.661
2025,2025micmp4,Week 6,2337,12,-0.0,22.019,-36.661
2025,2025micmp4,Week 6,5150,12,-0.0,22.117,-36.415
2025,2025micmp4,Week 6,5314,12,-0.0,15.595,-23.248
2025,2025micmp4,Week 6,107,12,-0.0,18.054,-28.551
2025,2025micmp4,Week 6,9255,12,0.0,15.244,-30.081
2025,2025micmp4,Week 6,6029,12,0.0,24.096,-36.415
2025,2025micmp4,Week 6,4237,12,0.0,19.264,-31.755
2025,2025micmp4,Week 6,2075,12,0.0,15.035,-24.198
2025,2025micmp4,Week 6,3175,12,0.0,14.056,-17.398
2025,2025micmp4,Week 6,10633,12,-0.0,24.369,-62.261
2025,2025micmp4,Week 6,51,12,0.0,20.643,-23.248
2025,2025micmp4,Week 6,862,12,-0.0,16.063,-23.799
2025,2025micmp4,Week 6,9673,12,0.0,14.795,-33.922
2025,2025micmp4,Week 6,910,12,-0.0,19.869,-47.919
2025,2025sccmp,Week 6,10619,13,-0.0,14.245,-16.315
2025,2025sccmp,Week 6,10599,13,-0.0,20.897,-36.937
2025,2025sccmp,Week 6,10231,13,0.0,19.535,-42.3
2025,2025sccmp,Week 6,1758,13,0.0,16.568,-31.054
2025,2025sccmp,Week 6,8575,13,0.0,11.062,-26.136
2025,2025sccmp,Week 6,342,13,-0.0,16.136,-26.136
2025,2025sccmp,Week 6,7085,13,0.0,10.806,-30.054
2025,2025sccmp,Week 6,3489,13,-0.0,22.838,-24.417
2025,2025sccmp,Week 6,4533,13,-0.0,23.761,-36.937
2025,2025sccmp,Week 6,8137,13,-0.0,11.413,-19.945
2025,2025sccmp,Week 6,10591,13,-0.0,15.314,-21.924
2025,2025sccmp,Week 6,9315,13,0.0,20.454,-29.982
2025,2025sccmp,Week 6,281,13,-0.0,15.611,-21.361
2025,2025sccmp,Week 6,2815,13,-0.0,15.973,-19.954
2025,2025sccmp,Week 6,10388,13,-0.0,22.496,-53.519
2025,2025sccmp,Week 6,4864,14,0.0,15.693,-36.937
2025,2025sccmp,Week 6,1051,13,0.0,15.342,-28.071
2025,2025sccmp,Week 6,5130,13,-0.0,22.94,-42.3
2025,2025sccmp,Week 6,6366,13,-0.0,9.063,-17.014
2025,2025sccmp,Week 6,6167,13,-0.0,18.66,-28.071
2025,2025sccmp,Week 6,1102,13,0.0,22.466,-51.534
2025,2025sccmp,Week 6,1319,13,0.0,19.477,-51.534
2025,2025sccmp,Week 6,9571,13,-0.0,18.148,-42.3
2025,2025sccmp,Week 6,1287,13,-0.0,12.16,-16.389
2025,2025sccmp,Week 6,10367,13,-0.0,13.398,-24.417
2025,2025sccmp,Week 6,3490,14,0.0,22.525,-53.519
2025,2025sccmp,Week 6,4451,13,-0.0,25.382,-53.519
2025,2025sccmp,Week 6,343,13,0.0,21.538,-51.534
2025,2025chcmp,Week 6,1111,12,-0.0,24.431,-38.308
2025,2025chcmp,Week 6,2534,12,-0.0,19.89,-38.308
2025,2025chcmp,Week 6,8590,12,-0.0,27.469,-38.308
2025,2025chcmp,Week 6,686,12,-0.0,24.34,-37.817
2025,2025chcmp,Week 6,116,12,-0.0,23.715,-29.203
2025,2025chcmp,Week 6,540,12,-0.0,32.609,-77.816
2025,2025chcmp,Week 6,4821,12,-0.0,19.241,-27.725
2025,2025chcmp,Week 6,1895,12,-0.0,21.313,-27.874
2025,2025chcmp,Week 6,9072,12,0.0,18.85,-32.619
2025,2025chcmp,Week 6,122,12,-0.0,17.663,-35.36
2025,2025chcmp,Week 6,10224,12,-0.0,19.774,-35.36
2025,2025chcmp,Week 6,2199,12,-0.0,23.575,-39.48
2025,2025chcmp,Week 6,888,12,-0.0,20.8,-33.731
2025,2025chcmp,Week 6,4541,12,-0.0,21.44,-33.731
2025,2025chcmp,Week 6,4638,12,-0.0,16.235,-33.731
2025,2025chcmp,Week 6,2106,12,-0.0,20.967,-23.881
2025,2025chcmp,Week 6,2890,12,-0.0,10.114,-13.779
2025,2025chcmp,Week 6,6802,12,-0.0,15.307,-23.563
2025,2025chcmp,Week 6,2363,12,-0.0,31.12,-77.816
2025,2025chcmp,Week 6,8726,12,-0.0,15.958,-32.694
2025,2025chcmp,Week 6,1418,12,-0.0,20.888,-25.081
2025,2025chcmp,Week 6,614,12,-0.0,18.12,-32.619
2025,2025chcmp,Week 6,3793,12,-0.0,22.527,-29.041
2025,2025chcmp,Week 6,5804,12,-0.0,20.994,-41.893
2025,2025chcmp,Week 6,1727,12,-0.0,21.759,-33.896
2025,2025chcmp,Week 6,401,12,-0.0,18.221,-25.381
2025,2025chcmp,Week 6,836,12,-0.0,21.213,-37.817
2025,2025chcmp,Week 6,977,12,-0.0,22.728,-41.893
2025,2025chcmp,Week 6,1885,12,-0.0,26.081,-35.735
2025,2025chcmp,Week 6,539,12,-0.0,13.192,-24.067
2025,2025chcmp,Week 6,611,12,-0.0,17.191,-27.147
2025,2025chcmp,Week 6,4505,12,-0.0,27.882,-35.735
2025,2025chcmp,Week 6,5115,12,-0.0,17.823,-27.725
2025,2025chcmp,Week 6,422,12,-0.0,21.277,-46.918
2025,2025chcmp,Week 6,5338,12,-0.0,19.978,-46.918
2025,2025chcmp,Week 6,1086,12,-0.0,23.235,-46.918
2025,2025chcmp,Week 6,8622,12,0.0,23.803,-39.012
2025,2025chcmp,Week 6,6863,12,-0.0,21.971,-29.203
2025,2025chcmp,Week 6,8230,12,-0.0,16.459,-24.132
2025,2025chcmp,Week 6,6326,12,-0.0,18.742,-27.874
2025,2025chcmp,Week 6,1908,12,-0.0,17.373,-39.48
2025,2025chcmp,Week 6,1731,12,-0.0,23.243,-32.942
2025,2025chcmp,Week 6,620,12,-0.0,15.948,-29.442
2025,2025chcmp,Week 6,3136,12,-0.0,25.127,-33.896
2025,2025chcmp,Week 6,1629,12,-0.0,21.977,-33.075
2025,2025chcmp,Week 6,346,12,-0.0,24.164,-31.07
2025,2025chcmp,Week 6,3748,12,-0.0,16.68,-31.07
2025,2025chcmp,Week 6,6213,12,-0.0,19.239,-39.012
2025,2025chcmp,Week 6,3373,12,-0.0,16.189,-39.012
2025,2025chcmp,Week 6,3359,12,-0.0,24.796,-39.48
2025,2025chcmp,Week 6,2186,12,-0.0,16.287,-22.307
2025,2025chcmp,Week 6,449,12,0.0,33.967,-77.816
2025,2025chcmp,Week 6,8592,12,-0.0,16.677,-29.203
2025,2025chcmp,Week 6,339,12,-0.0,22.306,-41.893
2025,2025nyny,Week 6,7730,10,-0.0,20.365,-27.49
2025,2025nyny,Week 6,4012,9,0.0,20.729,-35.366
2025,2025nyny,Week 6,10471,9,0.0,16.268,-26.532
2025,2025nyny,Week 6,9437,9,-0.0,18.996,-27.49
2025,2025nyny,Week 6,8739,9,-0.0,14.118,-20.915
2025,2025nyny,Week 6,4027,10,0.0,19.542,-43.01
2025,2025nyny,Week 6,3017,9,0.0,17.668,-34.47
2025,2025nyny,Week 6,369,9,0.0,11.573,-26.194
2025,2025nyny,Week 6,3204,9,0.0,15.006,-20.516
2025,2025nyny,Week 6,4299,9,-0.0,12.562,-16.313
2025,2025nyny,Week 6,5123,9,0.0,15.399,-26.194
2025,2025nyny,Week 6,1880,9,0.0,11.041,-12.21
2025,2025nyny,Week 6,10454,9,0.0,13.989,-21.537
2025,2025nyny,Week 6,5421,9,-0.0,17.492,-13.759
2025,2025nyny,Week 6,6648,9,-0.0,13.881,-26.494
2025,2025nyny,Week 6,7272,10,0.0,12.684,-23.389
2025,2025nyny,Week 6,6636,9,0.0,13.774,-34.47
2025,2025nyny,Week 6,3004,9,-0.0,16.138,-21.958
2025,2025nyny,Week 6,3760,9,-0.0,10.423,-19.038
2025,2025nyny,Week 6,10413,9,0.0,9.786,-17.718
2025,2025nyny,Week 6,395,9,-0.0,13.832,-19.945
2025,2025nyny,Week 6,10452,9,0.0,19.395,-43.01
2025,2025nyny,Week 6,333,9,0.0,13.556,-20.729
2025,2025nyny,Week 6,6590,9,0.0,12.901,-24.972
2025,2025nyny,Week 6,1601,9,-0.0,14.292,-19.038
2025,2025nyny,Week 6,3419,9,0.0,21.174,-26.494
2025,2025nyny,Week 6,6873,9,-0.0,5.735,-9.811
2025,2025nyny,Week 6,334,9,-0.0,16.151,-21.537
2025,2025nyny,Week 6,9642,9,-0.0,16.256,-33.99
2025,2025nyny,Week 6,2344,9,0.0,12.54,-16.157
2025,2025nyny,Week 6,6969,9,0.0,12.172,-19.02
2025,2025nyny,Week 6,640,9,0.0,17.191,-20.729
2025,2025nyny,Week 6,2265,9,-0.0,23.291,-43.01
2025,2025nyny,Week 6,10399,9,0.0,20.412,-26.194
2025,2025nyny,Week 6,6593,9,-0.0,7.89,-12.467
2025,2025nyny,Week 6,743,9,0.0,13.344,-21.958
2025,2025nyny,Week 6,1155,9,0.0,24.483,-40.36
2025,2025nyny,Week 6,694,9,-0.0,21.197,-40.36
2025,2025nyny,Week 6,4571,9,0.0,20.729,-40.36
2025,2025nyny,Week 6,9636,9,-0.0,10.218,-16.313
2025,2025nyny,Week 6,9220,9,0.0,20.668,-24.972
2025,2025nyny,Week 6,5298,9,0.0,22.672,-35.366
2025,2025nyny,Week 6,354,9,-0.0,14.918,-22.216
2025,2025nyny,Week 6,10229,9,-0.0,12.616,-22.216
2025,2025nyny,Week 6,5806,9,0.0,11.964,-22.216
2025,2025nyny,Week 6,9295,9,0.0,16.233,-26.722
2025,2025nyny,Week 6,9509,9,0.0,20.211,-26.722
2025,2025nyny,Week 6,7036,9,-0.0,18.811,-26.722
2025,2025nyny,Week 6,806,9,0.0,19.849,-27.49
2025,2025nyny,Week 6,7668,9,0.0,12.171,-19.945
2025,2025nyny,Week 6,3053,9,-0.0,17.73,-26.494
2025,2025nyny,Week 6,1796,9,-0.0,8.552,-14.879
2025,2025nyny,Week 6,335,9,0.0,18.447,-33.99
2025,2025wimi,Week 6,2077,10,-0.0,12.962,-27.646
2025,2025wimi,Week 6,10287,10,-0.0,18.504,-36.898
2025,2025wimi,Week 6,1675,10,0.0,26.878,-31.915
2025,2025wimi,Week 6,4655,10,0.0,19.682,-51.309
2025,2025wimi,Week 6,1306,11,-0.0,12.707,-23.541
2025,2025wimi,Week 6,537,10,-0.0,24.424,-39.405
2025,2025wimi,Week 6,8531,10,0.0,20.727,-26.452
2025,2025wimi,Week 6,8782,10,-0.0,20.562,-36.898
2025,2025wimi,Week 6,8847,10,-0.0,22.982,-33.072
2025,2025wimi,Week 6,2506,11,0.0,21.753,-34.037
2025,2025wimi,Week 6,4787,10,0.0,13.764,-27.585
2025,2025wimi,Week 6,2040,10,-0.0,18.91,-33.072
2025,2025wimi,Week 6,706,10,-0.0,9.372,-15.743
2025,2025wimi,Week 6,3734,10,-0.0,12.529,-17.008
2025,2025wimi,Week 6,4296,10,-0.0,16.395,-20.165
2025,2025wimi,Week 6,8802,10,0.0,22.138,-33.072
2025,2025wimi,Week 6,930,10,-0.0,24.447,-29.345
2025,2025wimi,Week 6,5148,10,0.0,22.11,-28.42
2025,2025wimi,Week 6,2704,10,-0.0,9.279,-14.827
2025,2025wimi,Week 6,2202,10,-0.0,22.808,-51.309
2025,2025wimi,Week 6,4786,10,-0.0,15.143,-27.585
2025,2025wimi,Week 6,1792,11,-0.0,20.47,-28.301
2025,2025wimi,Week 6,6651,10,-0.0,20.292,-34.037
2025,2025wimi,Week 6,1259,10,0.0,21.986,-29.345
2025,2025wimi,Week 6,2826,10,-0.0,19.833,-25.157
2025,2025wimi,Week 6,3596,10,-0.0,19.761,-25.559
2025,2025wimi,Week 6,6574,10,0.0,12.728,-31.915
2025,2025wimi,Week 6,9760,11,0.0,15.614,-16.239
2025,2025wimi,Week 6,8029,10,-0.0,19.531,-39.405
2025,2025wimi,Week 6,7915,10,0.0,19.37,-34.037
2025,2025wimi,Week 6,93,10,-0.0,22.173,-23.541
2025,2025wimi,Week 6,2194,10,-0.0,14.97,-20.617
2025,2025wimi,Week 6,6643,10,-0.0,23.979,-31.915
2025,2025wimi,Week 6,8096,10,0.0,16.056,-26.785
2025,2025wimi,Week 6,1625,10,0.0,19.025,-26.785
2025,2025wimi,Week 6,10430,10,-0.0,20.852,-26.785
2025,2025wimi,Week 6,6223,10,0.0,14.483,-21.535
2025,2025wimi,Week 6,2830,10,-0.0,15.7,-28.301
2025,2025wimi,Week 6,2358,10,-0.0,25.226,-51.309
2025,2025wimi,Week 6,6237,10,0.0,20.228,-41.634
2025,2025wimi,Week 6,10522,10,0.0,19.891,-41.634
2025,2025wimi,Week 6,1732,10,0.0,17.27,-41.634
2025,2025wimi,Week 6,7900,10,-0.0,20.935,-23.583
2025,2025wimi,Week 6,9425,10,0.0,20.74,-23.583
2025,2025wimi,Week 6,3418,10,-0.0,19.903,-39.405
2025,2025wimi,Week 6,8744,10,-0.0,15.27,-25.157
2025,2025wimi,Week 6,5096,10,-0.0,18.295,-36.898
2025,2025cabe,Week 6,668,9,0.0,11.977,-18.751
2025,2025cabe,Week 6,4186,10,-0.0,15.894,-18.788
2025,2025cabe,Week 6,6418,9,-0.0,16.206,-37.305
2025,2025cabe,Week 6,5985,9,-0.0,10.744,-16.29
2025,2025cabe,Week 6,10500,9,0.0,25.603,-30.199
2025,2025cabe,Week 6,4973,9,0.0,18.944,-31.552
2025,2025cabe,Week 6,9125,9,0.0,13.145,-20.613
2025,2025cabe,Week 6,8016,9,0.0,18.938,-27.959
2025,2025cabe,Week 6,3390,9,-0.0,12.109,-17.696
2025,2025cabe,Week 6,9202,9,0.0,14.855,-24.97
2025,2025cabe,Week 6,1868,9,0.0,16.377,-37.257
2025,2025cabe,Week 6,10202,9,-0.0,15.743,-18.092
2025,2025cabe,Week 6,10221,9,-0.0,7.203,-10.354
2025,2025cabe,Week 6,253,9,-0.0,14.815,-21.867
2025,2025cabe,Week 6,4765,10,0.0,16.406,-21.403
2025,2025cabe,Week 6,5171,9,-0.0,19.201,-27.821
2025,2025cabe,Week 6,4669,9,0.0,15.382,-27.821
2025,2025cabe,Week 6,6059,9,-0.0,19.345,-27.821
2025,2025cabe,Week 6,649,9,-0.0,17.94,-26.312
2025,2025cabe,Week 6,199,9,0.0,13.261,-27.959
2025,2025cabe,Week 6,5419,9,-0.0,14.265,-22.531
2025,2025cabe,Week 6,6985,9,0.0,19.463,-16.29
2025,2025cabe,Week 6,10252,9,-0.0,19.059,-17.696
2025,2025cabe,Week 6,1280,9,0.0,17.342,-21.403
2025,2025cabe,Week 6,3482,9,0.0,13.407,-26.312
2025,2025cabe,Week 6,5924,9,-0.0,17.985,-31.552
2025,2025cabe,Week 6,7245,9,-0.0,16.509,-22.531
2025,2025cabe,Week 6,6814,9,-0.0,12.046,-14.159
2025,2025cabe,Week 6,10339,10,0.0,16.649,-21.241
2025,2025cabe,Week 6,8793,9,-0.0,10.157,-14.26
2025,2025cabe,Week 6,9470,9,-0.0,15.023,-21.522
2025,2025cabe,Week 6,8033,9,0.0,15.629,-19.791
2025,2025cabe,Week 6,2551,9,0.0,15.775,-18.751
2025,2025cabe,Week 6,4171,9,-0.0,14.434,-23.07
2025,2025cabe,Week 6,8045,9,-0.0,17.946,-23.07
2025,2025cabe,Week 6,841,9,-0.0,16.653,-27.959
2025,2025cabe,Week 6,1351,9,0.0,19.352,-30.301
2025,2025cabe,Week 6,972,9,0.0,19.946,-37.257
2025,2025cabe,Week 6,5507,9,0.0,17.594,-30.301
2025,2025cabe,Week 6,8852,9,-0.0,11.297,-21.932
2025,2025cabe,Week 6,9111,9,-0.0,14.756,-22.531
2025,2025cabe,Week 6,2141,9,0.0,13.066,-30.199
2025,2025cabe,Week 6,2204,9,0.0,10.313,-14.256
2025,2025cabe,Week 6,4255,9,-0.0,4.63,-7.29
2025,2025cabe,Week 6,9781,9,-0.0,24.482,-37.305
2025,2025cabe,Week 6,254,9,-0.0,16.715,-37.305
2025,2025cabe,Week 6,766,9,-0.0,17.959,-30.199
2025,2025cabe,Week 6,4990,9,-0.0,11.417,-14.194
2025,2025cabe,Week 6,5499,9,0.0,9.422,-12.358
2025,2025cabe,Week 6,10246,9,-0.0,12.395,-24.97
2025,2025cabe,Week 6,4270,9,-0.0,20.236,-37.257
2025,2025cabe,Week 6,6238,9,-0.0,15.321,-23.723
2025,2025cabe,Week 6,589,9,-0.0,16.345,-23.723
2025,2025cabe,Week 6,9038,9,0.0,15.969,-23.723
2025,2025cabe,Week 6,2854,9,-0.0,17.725,-31.552
2025,2025cafr,Week 6,3512,11,-0.0,19.937,-51.899
2025,2025cafr,Week 6,9505,11,0.0,20.954,-51.899
2025,2025cafr,Week 6,2035,11,-0.0,24.505,-51.899
2025,2025cafr,Week 6,10212,11,-0.0,18.473,-25.517
2025,2025cafr,Week 6,8840,11,-0.0,25.04,-57.919
2025,2025cafr,Week 6,6036,11,-0.0,23.888,-46.705
2025,2025cafr,Week 6,1072,11,-0.0,12.968,-15.121
2025,2025cafr,Week 6,2073,11,0.0,25.299,-57.919
2025,2025cafr,Week 6,2367,11,-0.0,18.27,-21.846
2025,2025cafr,Week 6,5137,11,0.0,21.64,-37.977
2025,2025cafr,Week 6,9706,11,-0.0,15.617,-33.879
2025,2025cafr,Week 6,8087,11,-0.0,16.628,-28.88
2025,2025cafr,Week 6,3970,11,-0.0,19.68,-39.079
2025,2025cafr,Week 6,2643,11,-0.0,21.414,-41.955
2025,2025cafr,Week 6,701,11,-0.0,23.914,-24.76
2025,2025cafr,Week 6,4322,11,-0.0,20.106,-33.411
2025,2025cafr,Week 6,8585,11,-0.0,23.822,-40.122
2025,2025cafr,Week 6,968,11,0.0,15.499,-25.711
2025,2025cafr,Week 6,6191,11,-0.0,14.38,-20.233
2025,2025cafr,Week 6,971,11,-0.0,12.956,-25.552
2025,2025cafr,Week 6,2288,11,0.0,20.043,-33.879
2025,2025cafr,Week 6,6657,11,-0.0,21.255,-46.705
2025,2025cafr,Week 6,5089,11,-0.0,17.52,-40.122
2025,2025cafr,Week 6,6305,11,-0.0,19.953,-27.946
2025,2025cafr,Week 6,9584,11,-0.0,17.021,-25.552
2025,2025cafr,Week 6,1671,11,-0.0,19.0,-41.955
2025,2025cafr,Week 6,4141,11,0.0,19.903,-37.977
2025,2025cafr,Week 6,2135,11,-0.0,15.723,-16.335
2025,2025cafr,Week 6,3473,11,0.0,17.042,-25.517
2025,2025cafr,Week 6,5458,11,-0.0,20.013,-39.079
2025,2025cafr,Week 6,100,11,-0.0,18.51,-33.411
2025,2025cafr,Week 6,5665,11,-0.0,23.683,-37.977
2025,2025cafr,Week 6,8768,11,-0.0,27.244,-33.879
2025,2025cafr,Week 6,1197,11,-0.0,25.311,-57.919
2025,2025cafr,Week 6,2465,11,-0.0,30.612,-46.705
2025,2025cafr,Week 6,6884,11,-0.0,16.982,-27.112
2025,2025cafr,Week 6,973,11,0.0,16.693,-30.919
2025,2025cafr,Week 6,10336,11,0.0,15.763,-24.628
2025,2025cafr,Week 6,5817,11,-0.0,21.849,-27.112
2025,2025cafr,Week 6,7777,11,-0.0,16.891,-25.552
2025,2025cafr,Week 6,751,11,-0.0,13.543,-27.946
2025,2025cafr,Week 6,9084,11,0.0,25.38,-39.079
2025,2025nccmp,Week 6,3822,12,0.0,21.156,-49.891
2025,2025nccmp,Week 6,5727,12,-0.0,19.026,-29.134
2025,2025nccmp,Week 6,2640,12,-0.0,22.912,-42.161
2025,2025nccmp,Week 6,9032,12,-0.0,18.541,-26.833
2025,2025nccmp,Week 6,1533,12,-0.0,25.589,-40.742
2025,2025nccmp,Week 6,9008,12,-0.0,17.722,-26.833
2025,2025nccmp,Week 6,6500,12,0.0,20.848,-49.891
2025,2025nccmp,Week 6,3229,12,-0.0,20.54,-36.321
2025,2025nccmp,Week 6,10077,12,0.0,25.398,-33.635
2025,2025nccmp,Week 6,587,12,0.0,21.353,-40.742
2025,2025nccmp,Week 6,3506,12,-0.0,32.169,-76.051
2025,2025nccmp,Week 6,4828,12,0.0,19.382,-34.57
2025,2025nccmp,Week 6,4795,12,0.0,30.461,-61.602
2025,2025nccmp,Week 6,8738,12,-0.0,29.149,-61.602
2025,2025nccmp,Week 6,9297,12,0.0,25.578,-61.602
2025,2025nccmp,Week 6,2724,12,0.0,30.65,-76.051
2025,2025nccmp,Week 6,3459,12,0.0,17.03,-30.596
2025,2025nccmp,Week 6,4829,12,-0.0,24.979,-46.562
2025,2025nccmp,Week 6,8727,12,-0.0,29.106,-46.562
2025,2025nccmp,Week 6,7763,12,-0.0,22.982,-30.596
2025,2025nccmp,Week 6,9198,12,0.0,19.107,-33.635
2025,2025nccmp,Week 6,9496,12,-0.0,23.894,-27.894
2025,2025nccmp,Week 6,6502,12,-0.0,21.792,-46.562
2025,2025nccmp,Week 6,8746,12,0.0,16.399,-30.596
2025,2025nccmp,Week 6,6639,12,-0.0,25.786,-76.051
2025,2025nccmp,Week 6,7443,12,-0.0,25.253,-37.697
2025,2025nccmp,Week 6,8429,12,-0.0,18.56,-29.134
2025,2025nccmp,Week 6,9298,12,-0.0,18.621,-26.113
2025,2025nccmp,Week 6,5190,12,-0.0,14.351,-27.894
2025,2025nccmp,Week 6,10260,12,-0.0,22.544,-38.486
2025,2025nccmp,Week 6,5511,12,-0.0,20.071,-32.392
2025,2025nccmp,Week 6,2642,12,-0.0,14.942,-19.552
2025,2025nccmp,Week 6,6729,12,0.0,24.244,-42.161
2025,2025nccmp,Week 6,2059,12,0.0,19.821,-31.086
2025,2025nccmp,Week 6,4561,12,-0.0,25.824,-34.57
2025,2025nccmp,Week 6,900,12,-0.0,18.788,-40.742
2025,2025nccmp,Week 6,4534,12,0.0,29.31,-49.891
2025,2025nccmp,Week 6,6894,12,-0.0,24.684,-38.486
2025,2025nccmp,Week 6,3737,12,0.0,21.562,-42.161
2025,2025nccmp,Week 6,10583,12,0.0,17.182,-33.635
2025,2025arc,FIRST Championship,4788,10,-0.0,13.221,-21.862
2025,2025arc,FIRST Championship,6548,10,0.0,19.988,-31.829
2025,2025arc,FIRST Championship,4391,10,0.0,26.286,-41.729
2025,2025arc,FIRST Championship,4585,10,-0.0,20.899,-43.049
2025,2025arc,FIRST Championship,2637,10,0.0,12.117,-25.729
2025,2025arc,FIRST Championship,6340,10,0.0,20.593,-46.421
2025,2025arc,FIRST Championship,5298,10,-0.0,10.526,-15.159
2025,2025arc,FIRST Championship,386,10,-0.0,16.66,-24.516
2025,2025arc,FIRST Championship,5216,10,-0.0,20.605,-41.729
2025,2025arc,FIRST Championship,1511,10,0.0,21.055,-28.321
2025,2025arc,FIRST Championship,6358,10,0.0,16.981,-39.746
2025,2025arc,FIRST Championship,10466,10,-0.0,15.643,-32.356
2025,2025arc,FIRST Championship,8044,10,0.0,11.355,-17.629
2025,2025arc,FIRST Championship,3132,10,0.0,17.451,-32.178
2025,2025arc,FIRST Championship,2106,10,0.0,20.483,-41.729
2025,2025arc,FIRST Championship,1629,10,0.0,18.873,-25.802
2025,2025arc,FIRST Championship,4143,10,0.0,15.773,-22.612
2025,2025arc,FIRST Championship,2601,10,-0.0,15.759,-22.612
2025,2025arc,FIRST Championship,2052,10,0.0,20.208,-48.629
2025,2025arc,FIRST Championship,7522,10,0.0,18.304,-34.551
2025,2025arc,FIRST Championship,3880,10,-0.0,19.692,-43.049
2025,2025arc,FIRST Championship,3182,10,-0.0,10.268,-16.043
2025,2025arc,FIRST Championship,117,10,-0.0,24.321,-45.585
2025,2025arc,FIRST Championship,2590,10,-0.0,19.298,-39.746
2025,2025arc,FIRST Championship,766,10,-0.0,22.11,-43.049
2025,2025arc,FIRST Championship,5801,10,-0.0,15.244,-20.98
2025,2025arc,FIRST Championship,2638,10,-0.0,13.316,-25.06
2025,2025arc,FIRST Championship,2341,10,-0.0,12.778,-21.993
2025,2025arc,FIRST Championship,2935,10,-0.0,18.806,-26.921
2025,2025arc,FIRST Championship,839,10,0.0,17.354,-45.585
2025,2025arc,FIRST Championship,5951,10,0.0,18.344,-28.344
2025,2025arc,FIRST Championship,1197,10,-0.0,17.014,-28.344
2025,2025arc,FIRST Championship,1114,10,0.0,18.004,-28.344
2025,2025arc,FIRST Championship,2338,10,-0.0,24.573,-40.963
2025,2025arc,FIRST Championship,10120,10,-0.0,26.596,-40.963
2025,2025arc,FIRST Championship,1701,10,-0.0,18.416,-40.963
2025,2025arc,FIRST Championship,1727,10,-0.0,15.855,-28.321
2025,2025arc,FIRST Championship,6014,10,0.0,12.359,-15.29
2025,2025arc,FIRST Championship,10079,10,0.0,15.696,-17.629
2025,2025arc,FIRST Championship,9234,10,-0.0,15.971,-28.229
2025,2025arc,FIRST Championship,6369,10,0.0,18.932,-28.229
2025,2025arc,FIRST Championship,2481,10,0.0,13.992,-28.229
2025,2025arc,FIRST Championship,4,10,-0.0,14.418,-25.06
2025,2025arc,FIRST Championship,4400,10,-0.0,17.941,-34.551
2025,2025arc,FIRST Championship,9576,10,0.0,16.495,-35.658
2025,2025arc,FIRST Championship,2851,10,0.0,16.51,-36.308
2025,2025arc,FIRST Championship,3489,10,-0.0,20.023,-48.629
2025,2025arc,FIRST Championship,1732,10,-0.0,23.771,-46.421
2025,2025arc,FIRST Championship,9459,10,-0.0,12.501,-20.628
2025,2025arc,FIRST Championship,3620,10,-0.0,16.398,-32.178
2025,2025arc,FIRST Championship,4329,10,-0.0,18.594,-36.308
2025,2025arc,FIRST Championship,2231,10,-0.0,17.161,-36.308
2025,2025arc,FIRST Championship,1987,10,-0.0,16.235,-23.147
2025,2025arc,FIRST Championship,9583,10,-0.0,16.164,-35.658
2025,2025arc,FIRST Championship,836,10,-0.0,15.802,-25.674
2025,2025arc,FIRST Championship,2834,10,-0.0,15.097,-29.62
2025,2025arc,FIRST Championship,597,10,-0.0,18.698,-25.674
2025,2025arc,FIRST Championship,3940,10,-0.0,14.2,-20.418
2025,2025arc,FIRST Championship,11,10,-0.0,16.27,-39.746
2025,2025arc,FIRST Championship,1923,10,0.0,14.957,-18.173
2025,2025arc,FIRST Championship,1076,10,-0.0,13.196,-25.06
2025,2025arc,FIRST Championship,4270,10,0.0,24.598,-48.629
2025,2025arc,FIRST Championship,341,10,-0.0,16.104,-34.551
2025,2025arc,FIRST Championship,3767,10,0.0,16.131,-24.516
2025,2025arc,FIRST Championship,4146,10,-0.0,16.164,-25.729
2025,2025arc,FIRST Championship,5990,10,0.0,11.633,-23.107
2025,2025arc,FIRST Championship,987,10,0.0,23.629,-45.585
2025,2025arc,FIRST Championship,2342,10,-0.0,21.821,-32.356
2025,2025arc,FIRST Championship,7211,10,0.0,20.832,-28.231
2025,2025arc,FIRST Championship,9126,10,0.0,17.245,-31.829
2025,2025arc,FIRST Championship,5516,10,-0.0,20.247,-35.658
2025,2025arc,FIRST Championship,9408,10,0.0,13.198,-32.178
2025,2025arc,FIRST Championship,1756,10,0.0,12.334,-26.427
2025,2025arc,FIRST Championship,604,10,0.0,19.63,-46.421
2025,2025arc,FIRST Championship,4028,10,-0.0,12.092,-23.147
2025,2025cur,FIRST Championship,6838,10,0.0,19.376,-38.771
2025,2025cur,FIRST Championship,3005,10,-0.0,10.28,-15.238
2025,2025cur,FIRST Championship,75,10,0.0,21.64,-44.947
2025,2025cur,FIRST Championship,4646,10,-0.0,18.153,-26.438
2025,2025cur,FIRST Championship,67,10,0.0,14.673,-37.004
2025,2025cur,FIRST Championship,1771,10,-0.0,7.314,-14.478
2025,2025cur,FIRST Championship,8513,10,0.0,26.285,-55.848
2025,2025cur,FIRST Championship,1498,10,0.0,21.809,-33.539
2025,2025cur,FIRST Championship,2640,10,0.0,10.429,-20.168
2025,2025cur,FIRST Championship,10656,10,0.0,14.831,-23.034
2025,2025cur,FIRST Championship,5654,10,0.0,16.605,-32.037
2025,2025cur,FIRST Championship,3487,10,0.0,15.391,-21.175
2025,2025cur,FIRST Championship,2642,11,0.0,21.604,-55.848
2025,2025cur,FIRST Championship,340,10,0.0,13.255,-25.619
2025,2025cur,FIRST Championship,6421,10,-0.0,23.667,-42.472
2025,2025cur,FIRST Championship,2022,10,0.0,32.209,-84.877
2025,2025cur,FIRST Championship,4534,10,0.0,31.979,-84.877
2025,2025cur,FIRST Championship,9401,10,0.0,33.126,-84.877
2025,2025cur,FIRST Championship,870,10,0.0,15.292,-26.819
2025,2025cur,FIRST Championship,103,10,-0.0,16.116,-23.047
2025,2025cur,FIRST Championship,5804,10,-0.0,20.364,-42.472
2025,2025cur,FIRST Championship,862,10,0.0,13.937,-30.551
2025,2025cur,FIRST Championship,5460,10,-0.0,17.915,-25.619
2025,2025cur,FIRST Championship,9442,10,0.0,22.885,-37.004
2025,2025cur,FIRST Championship,5530,10,0.0,21.264,-33.539
2025,2025cur,FIRST Championship,3663,10,0.0,14.963,-26.438
2025,2025cur,FIRST Championship,2847,10,0.0,11.663,-21.175
2025,2025cur,FIRST Championship,5813,10,0.0,22.939,-44.947
2025,2025cur,FIRST Championship,4192,10,0.0,16.11,-22.064
2025,2025cur,FIRST Championship,166,10,0.0,17.289,-30.551
2025,2025cur,FIRST Championship,3539,10,-0.0,21.448,-27.913
2025,2025cur,FIRST Championship,1391,10,0.0,22.358,-39.407
2025,2025cur,FIRST Championship,7028,10,-0.0,12.209,-24.783
2025,2025cur,FIRST Championship,858,10,0.0,19.271,-23.034
2025,2025cur,FIRST Championship,3100,10,0.0,22.535,-31.782
2025,2025cur,FIRST Championship,4237,10,0.0,19.142,-32.037
2025,2025cur,FIRST Championship,3478,10,0.0,23.639,-32.037
2025,2025cur,FIRST Championship,6352,10,0.0,13.822,-14.638
2025,2025cur,FIRST Championship,1329,10,0.0,20.797,-39.32
2025,2025cur,FIRST Championship,4256,10,0.0,23.0,-33.698
2025,2025cur,FIRST Championship,5112,10,0.0,21.694,-33.698
2025,2025cur,FIRST Championship,6941,10,0.0,22.687,-33.698
2025,2025cur,FIRST Championship,27,11,0.0,21.293,-42.942
2025,2025cur,FIRST Championship,3467,10,0.0,20.424,-42.942
2025,2025cur,FIRST Championship,1148,10,0.0,22.611,-42.942
2025,2025cur,FIRST Championship,3501,10,0.0,15.125,-37.004
2025,2025cur,FIRST Championship,4611,10,-0.0,18.708,-30.551
2025,2025cur,FIRST Championship,8608,10,0.0,9.336,-21.019
2025,2025cur,FIRST Championship,6329,10,0.0,16.706,-31.782
2025,2025cur,FIRST Championship,7657,10,0.0,17.596,-38.771
2025,2025cur,FIRST Championship,4481,10,-0.0,19.642,-33.539
2025,2025cur,FIRST Championship,3313,10,0.0,20.696,-33.834
2025,2025cur,FIRST Championship,1073,10,0.0,22.519,-39.32
2025,2025cur,FIRST Championship,8884,10,0.0,18.676,-33.834
2025,2025cur,FIRST Championship,1466,10,0.0,14.567,-24.783
2025,2025cur,FIRST Championship,6615,10,-0.0,15.238,-15.765
2025,2025cur,FIRST Championship,10154,10,0.0,26.578,-55.848
2025,2025cur,FIRST Championship,3276,10,0.0,19.08,-39.407
2025,2025cur,FIRST Championship,4795,10,-0.0,18.484,-27.913
2025,2025cur,FIRST Championship,7166,10,0.0,13.383,-15.361
2025,2025cur,FIRST Championship,6948,10,0.0,16.773,-39.34
2025,2025cur,FIRST Championship,2046,10,0.0,21.79,-39.34
2025,2025cur,FIRST Championship,10032,10,0.0,19.783,-39.34
2025,2025cur,FIRST Championship,3354,10,0.0,22.271,-39.407
2025,2025cur,FIRST Championship,4020,10,0.0,13.194,-15.017
2025,2025cur,FIRST Championship,1261,10,0.0,12.162,-13.615
2025,2025cur,FIRST Championship,4422,10,0.0,19.809,-25.634
2025,2025cur,FIRST Championship,3061,10,0.0,16.432,-25.634
2025,2025cur,FIRST Championship,469,10,0.0,19.294,-25.634
2025,2025cur,FIRST Championship,3175,10,0.0,17.027,-42.472
2025,2025cur,FIRST Championship,7457,10,0.0,11.091,-17.276
2025,2025cur,FIRST Championship,10518,10,0.0,13.934,-30.659
2025,2025cur,FIRST Championship,9609,10,0.0,16.654,-22.064
2025,2025cur,FIRST Championship,88,10,-0.0,17.355,-26.819
2025,2025cur,FIRST Championship,1706,10,0.0,18.958,-44.947
2025,2025cur,FIRST Championship,359,10,-0.0,22.027,-39.32
2025,2025dal,FIRST Championship,4655,10,-0.0,23.055,-51.961
2025,2025dal,FIRST Championship,2056,10,-0.0,22.865,-51.961
2025,2025dal,FIRST Championship,4415,10,-0.0,20.899,-51.961
2025,2025dal,FIRST Championship,9484,10,-0.0,21.473,-34.451
2025,2025dal,FIRST Championship,3256,10,0.0,15.133,-34.451
2025,2025dal,FIRST Championship,4451,10,-0.0,23.827,-40.819
2025,2025dal,FIRST Championship,6083,10,-0.0,14.637,-21.705
2025,2025dal,FIRST Championship,1671,10,-0.0,26.078,-41.263
2025,2025dal,FIRST Championship,7257,10,-0.0,15.406,-22.304
2025,2025dal,FIRST Championship,4068,10,-0.0,16.708,-31.042
2025,2025dal,FIRST Championship,4607,10,-0.0,18.842,-31.042
2025,2025dal,FIRST Championship,1796,10,0.0,21.378,-31.042
2025,2025dal,FIRST Championship,4421,10,-0.0,25.349,-62.673
2025,2025dal,FIRST Championship,6832,10,-0.0,23.87,-62.673
2025,2025dal,FIRST Championship,1507,10,-0.0,29.686,-62.673
2025,2025dal,FIRST Championship,2724,10,-0.0,17.466,-23.23
2025,2025dal,FIRST Championship,1425,10,0.0,19.463,-23.23
2025,2025dal,FIRST Championship,3792,10,-0.0,23.832,-48.966
2025,2025dal,FIRST Championship,6424,10,-0.0,20.017,-29.586
2025,2025dal,FIRST Championship,6995,10,-0.0,21.295,-41.263
2025,2025dal,FIRST Championship,418,10,-0.0,13.666,-22.304
2025,2025dal,FIRST Championship,6017,10,-0.0,20.189,-41.263
2025,2025dal,FIRST Championship,9199,10,-0.0,16.449,-40.443
2025,2025dal,FIRST Championship,6911,10,-0.0,24.781,-30.625
2025,2025dal,FIRST Championship,4967,10,-0.0,27.427,-69.482
2025,2025dal,FIRST Championship,3492,10,0.0,32.241,-69.482
2025,2025dal,FIRST Championship,6146,10,0.0,26.855,-69.482
2025,2025dal,FIRST Championship,78,10,-0.0,24.338,-55.528
2025,2025dal,FIRST Championship,1833,10,-0.0,16.141,-26.524
2025,2025dal,FIRST Championship,8575,10,-0.0,12.384,-21.228
2025,2025dal,FIRST Championship,302,10,-0.0,16.955,-32.532
2025,2025dal,FIRST Championship,6909,10,-0.0,14.48,-14.883
2025,2025dal,FIRST Championship,4786,10,-0.0,18.243,-24.516
2025,2025dal,FIRST Championship,10291,10,-0.0,21.934,-40.443
2025,2025dal,FIRST Championship,649,10,0.0,21.012,-55.528
2025,2025dal,FIRST Championship,10260,10,0.0,19.277,-30.615
2025,2025dal,FIRST Championship,3297,10,-0.0,18.281,-34.008
2025,2025dal,FIRST Championship,7197,10,-0.0,24.682,-34.008
2025,2025dal,FIRST Championship,5660,10,-0.0,24.326,-49.542
2025,2025dal,FIRST Championship,9280,10,-0.0,18.074,-26.547
2025,2025dal,FIRST Championship,9312,10,-0.0,27.891,-40.819
2025,2025dal,FIRST Championship,4005,10,-0.0,23.974,-36.029
2025,2025dal,FIRST Championship,7048,10,-0.0,26.943,-49.542
2025,2025dal,FIRST Championship,6348,10,0.0,19.967,-33.949
2025,2025dal,FIRST Championship,3173,10,-0.0,21.185,-33.949
2025,2025dal,FIRST Championship,4013,10,-0.0,16.048,-35.295
2025,2025dal,FIRST Championship,4613,10,-0.0,26.562,-62.398
2025,2025dal,FIRST Championship,7034,10,-0.0,13.749,-21.061
2025,2025dal,FIRST Championship,9032,10,-0.0,13.768,-30.47
2025,2025dal,FIRST Championship,1678,10,-0.0,16.014,-22.304
2025,2025dal,FIRST Championship,900,10,-0.0,15.01,-20.958
2025,2025dal,FIRST Championship,1847,10,-0.0,14.76,-36.029
2025,2025dal,FIRST Championship,694,10,-0.0,28.293,-48.966
2025,2025dal,FIRST Championship,1481,10,-0.0,29.89,-55.528
2025,2025dal,FIRST Championship,9301,10,-0.0,18.949,-30.625
2025,2025dal,FIRST Championship,10698,10,-0.0,12.369,-17.09
2025,2025dal,FIRST Championship,8808,10,-0.0,13.265,-17.09
2025,2025dal,FIRST Championship,179,10,-0.0,23.275,-48.966
2025,2025dal,FIRST Championship,1731,10,-0.0,35.548,-62.398
2025,2025dal,FIRST Championship,8738,10,-0.0,19.447,-30.609
2025,2025dal,FIRST Championship,2648,10,-0.0,16.833,-32.532
2025,2025dal,FIRST Championship,2630,10,-0.0,20.187,-29.586
2025,2025dal,FIRST Championship,3891,10,0.0,19.147,-26.524
2025,2025dal,FIRST Championship,3255,10,-0.0,17.951,-39.542
2025,2025dal,FIRST Championship,7525,10,-0.0,15.762,-39.542
2025,2025dal,FIRST Championship,9432,10,-0.0,19.763,-39.542
2025,2025dal,FIRST Championship,3284,10,-0.0,18.949,-35.295
2025,2025dal,FIRST Championship,2129,10,-0.0,25.925,-62.398
2025,2025dal,FIRST Championship,494,10,-0.0,14.428,-20.549
2025,2025dal,FIRST Championship,5968,10,-0.0,19.272,-23.411
2025,2025dal,FIRST Championship,537,10,-0.0,24.367,-40.819
2025,2025dal,FIRST Championship,226,10,-0.0,13.243,-15.192
2025,2025dal,FIRST Championship,4500,10,0.0,21.294,-35.295
2025,2025dal,FIRST Championship,2438,10,0.0,20.722,-49.542
2025,2025dal,FIRST Championship,1369,10,-0.0,12.602,-16.238
2025,2025gal,FIRST Championship,7769,10,-0.0,18.274,-22.648
2025,2025gal,FIRST Championship,9037,10,-0.0,21.153,-47.147
2025,2025gal,FIRST Championship,8711,10,0.0,22.904,-45.799
2025,2025gal,FIRST Championship,8573,10,-0.0,18.536,-26.237
2025,2025gal,FIRST Championship,620,10,-0.0,13.06,-14.682
2025,2025gal,FIRST Championship,8708,10,-0.0,17.752,-29.867
2025,2025gal,FIRST Championship,4381,10,-0.0,28.635,-55.683
2025,2025gal,FIRST Championship,1792,10,0.0,21.831,-41.058
2025,2025gal,FIRST Championship,2370,10,-0.0,16.222,-41.058
2025,2025gal,FIRST Championship,6574,10,0.0,15.858,-30.404
2025,2025gal,FIRST Championship,3506,10,0.0,16.996,-31.858
2025,2025gal,FIRST Championship,4680,10,-0.0,16.93,-30.495
2025,2025gal,FIRST Championship,2530,10,-0.0,14.314,-19.533
2025,2025gal,FIRST Championship,9785,10,-0.0,13.985,-20.634
2025,2025gal,FIRST Championship,1540,10,0.0,18.937,-30.447
2025,2025gal,FIRST Championship,3035,10,-0.0,17.728,-34.896
2025,2025gal,FIRST Championship,9140,10,-0.0,27.397,-54.336
2025,2025gal,FIRST Championship,4522,10,0.0,28.21,-55.683
2025,2025gal,FIRST Championship,1625,10,-0.0,27.033,-54.336
2025,2025gal,FIRST Championship,233,10,-0.0,25.274,-55.683
2025,2025gal,FIRST Championship,190,10,-0.0,24.25,-47.147
2025,2025gal,FIRST Championship,1561,10,-0.0,25.22,-51.452
2025,2025gal,FIRST Championship,1218,10,-0.0,14.222,-26.237
2025,2025gal,FIRST Championship,1002,10,0.0,18.034,-29.175
2025,2025gal,FIRST Championship,5712,10,-0.0,15.184,-30.404
2025,2025gal,FIRST Championship,2614,10,-0.0,15.667,-20.634
2025,2025gal,FIRST Championship,4476,10,-0.0,16.578,-25.763
2025,2025gal,FIRST Championship,6436,10,-0.0,14.352,-22.265
2025,2025gal,FIRST Championship,1986,10,-0.0,25.487,-47.147
2025,2025gal,FIRST Championship,834,10,0.0,15.658,-23.357
2025,2025gal,FIRST Championship,4946,10,-0.0,19.91,-30.893
2025,2025gal,FIRST Championship,5847,10,-0.0,14.964,-22.588
2025,2025gal,FIRST Championship,3536,10,-0.0,16.413,-22.648
2025,2025gal,FIRST Championship,10589,10,-0.0,14.413,-19.325
2025,2025gal,FIRST Championship,353,10,-0.0,28.581,-53.11
2025,2025gal,FIRST Championship,6429,10,-0.0,13.162,-20.634
2025,2025gal,FIRST Championship,3459,10,-0.0,14.22,-19.098
2025,2025gal,FIRST Championship,7709,10,-0.0,19.674,-22.265
2025,2025gal,FIRST Championship,3572,10,-0.0,17.163,-30.447
2025,2025gal,FIRST Championship,2230,10,-0.0,22.193,-30.893
2025,2025gal,FIRST Championship,6989,10,-0.0,16.272,-18.799
2025,2025gal,FIRST Championship,706,10,-0.0,26.159,-45.799
2025,2025gal,FIRST Championship,4135,10,-0.0,20.699,-31.359
2025,2025gal,FIRST Championship,3128,10,-0.0,20.654,-31.359
2025,2025gal,FIRST Championship,7539,10,-0.0,26.535,-53.11
2025,2025gal,FIRST Championship,2992,10,-0.0,31.123,-76.744
2025,2025gal,FIRST Championship,1868,10,0.0,30.596,-76.744
2025,2025gal,FIRST Championship,8503,10,-0.0,30.393,-76.744
2025,2025gal,FIRST Championship,9077,10,-0.0,14.293,-25.763
2025,2025gal,FIRST Championship,59,10,-0.0,13.758,-16.293
2025,2025gal,FIRST Championship,3990,10,0.0,17.208,-29.175
2025,2025gal,FIRST Championship,6401,10,-0.0,19.373,-29.867
2025,2025gal,FIRST Championship,9692,10,-0.0,8.851,-17.442
2025,2025gal,FIRST Championship,7558,10,-0.0,13.762,-16.974
2025,2025gal,FIRST Championship,9016,10,-0.0,15.491,-22.648
2025,2025gal,FIRST Championship,176,10,-0.0,21.624,-34.896
2025,2025gal,FIRST Championship,3863,10,-0.0,23.976,-53.11
2025,2025gal,FIRST Championship,9483,10,-0.0,20.075,-37.727
2025,2025gal,FIRST Championship,2813,10,-0.0,21.931,-37.727
2025,2025gal,FIRST Championship,5348,10,-0.0,25.673,-45.799
2025,2025gal,FIRST Championship,8214,10,-0.0,23.619,-40.922
2025,2025gal,FIRST Championship,16,10,-0.0,13.14,-19.325
2025,2025gal,FIRST Championship,4039,10,-0.0,15.292,-21.057
2025,2025gal,FIRST Championship,971,10,0.0,13.867,-20.396
2025,2025gal,FIRST Championship,9008,10,-0.0,12.854,-20.977
2025,2025gal,FIRST Championship,1538,10,-0.0,15.613,-19.734
2025,2025gal,FIRST Championship,5411,10,-0.0,19.393,-29.175
2025,2025gal,FIRST Championship,10011,10,-0.0,10.604,-23.586
2025,2025gal,FIRST Championship,498,10,-0.0,19.464,-40.922
2025,2025gal,FIRST Championship,10690,10,-0.0,12.425,-21.057
2025,2025gal,FIRST Championship,180,10,-0.0,15.378,-26.777
2025,2025gal,FIRST Championship,2883,10,-0.0,23.447,-54.336
2025,2025gal,FIRST Championship,201,10,-0.0,20.532,-51.452
2025,2025gal,FIRST Championship,1501,10,-0.0,23.627,-51.452
2025,2025gal,FIRST Championship,34,10,-0.0,15.067,-31.858
2025,2025hop,FIRST Championship,6324,10,-0.0,21.007,-45.413
2025,2025hop,FIRST Championship,4907,10,-0.0,17.301,-31.683
2025,2025hop,FIRST Championship,9496,10,0.0,22.733,-38.882
2025,2025hop,FIRST Championship,6647,10,-0.0,17.468,-21.123
2025,2025hop,FIRST Championship,1241,10,-0.0,19.339,-43.752
2025,2025hop,FIRST Championship,3045,10,-0.0,17.224,-44.606
2025,2025hop,FIRST Championship,5985,10,-0.0,17.679,-35.054
2025,2025hop,FIRST Championship,51,10,-0.0,21.86,-48.432
2025,2025hop,FIRST Championship,10224,10,0.0,8.28,-10.442
2025,2025hop,FIRST Championship,2080,10,-0.0,10.498,-20.889
2025,2025hop,FIRST Championship,7421,10,-0.0,25.504,-45.009
2025,2025hop,FIRST Championship,2470,10,-0.0,29.147,-56.024
2025,2025hop,FIRST Championship,3339,10,-0.0,14.561,-36.812
2025,2025hop,FIRST Championship,2706,10,0.0,15.897,-33.609
2025,2025hop,FIRST Championship,9450,10,0.0,14.479,-19.549
2025,2025hop,FIRST Championship,3656,10,-0.0,22.618,-35.648
2025,2025hop,FIRST Championship,4728,10,0.0,22.854,-38.882
2025,2025hop,FIRST Championship,2075,10,-0.0,17.62,-35.648
2025,2025hop,FIRST Championship,2485,10,0.0,33.063,-67.074
2025,2025hop,FIRST Championship,801,10,-0.0,26.247,-67.074
2025,2025hop,FIRST Championship,86,10,-0.0,33.98,-67.074
2025,2025hop,FIRST Championship,3473,10,-0.0,20.181,-27.883
2025,2025hop,FIRST Championship,2783,10,0.0,17.647,-27.883
2025,2025hop,FIRST Championship,3882,10,0.0,17.968,-27.883
2025,2025hop,FIRST Championship,2767,10,0.0,18.757,-37.06
2025,2025hop,FIRST Championship,8177,10,-0.0,17.524,-37.06
2025,2025hop,FIRST Championship,540,10,-0.0,22.354,-37.06
2025,2025hop,FIRST Championship,6621,10,-0.0,22.665,-48.432
2025,2025hop,FIRST Championship,6652,10,0.0,20.489,-43.211
2025,2025hop,FIRST Championship,5181,10,-0.0,19.617,-36.39
2025,2025hop,FIRST Championship,7902,10,-0.0,26.159,-56.024
2025,2025hop,FIRST Championship,781,10,0.0,15.634,-19.327
2025,2025hop,FIRST Championship,6873,10,0.0,15.645,-19.904
2025,2025hop,FIRST Championship,5013,10,0.0,10.778,-18.353
2025,2025hop,FIRST Championship,9134,10,-0.0,24.406,-42.175
2025,2025hop,FIRST Championship,5987,10,-0.0,22.582,-50.078
2025,2025hop,FIRST Championship,3794,10,-0.0,21.085,-42.175
2025,2025hop,FIRST Championship,3970,10,0.0,22.903,-45.009
2025,2025hop,FIRST Championship,2200,10,-0.0,17.618,-25.459
2025,2025hop,FIRST Championship,230,10,-0.0,15.076,-18.022
2025,2025hop,FIRST Championship,2539,10,-0.0,16.64,-19.45
2025,2025hop,FIRST Championship,1700,10,-0.0,17.365,-29.365
2025,2025hop,FIRST Championship,1153,10,-0.0,25.097,-36.812
2025,2025hop,FIRST Championship,4145,10,0.0,22.491,-45.009
2025,2025hop,FIRST Championship,1768,10,-0.0,20.277,-31.683
2025,2025hop,FIRST Championship,8595,10,-0.0,24.503,-67.091
2025,2025hop,FIRST Championship,973,10,0.0,26.692,-48.432
2025,2025hop,FIRST Championship,8570,10,0.0,19.722,-45.19
2025,2025hop,FIRST Championship,1902,10,-0.0,19.457,-38.882
2025,2025hop,FIRST Championship,7632,10,0.0,17.905,-36.39
2025,2025hop,FIRST Championship,2877,10,0.0,21.084,-45.413
2025,2025hop,FIRST Championship,2383,10,0.0,12.766,-23.199
2025,2025hop,FIRST Championship,467,10,0.0,25.604,-67.091
2025,2025hop,FIRST Championship,3928,10,0.0,19.35,-26.033
2025,2025hop,FIRST Championship,1506,10,-0.0,23.673,-35.233
2025,2025hop,FIRST Championship,2491,10,0.0,24.797,-50.078
2025,2025hop,FIRST Championship,3814,10,-0.0,15.845,-35.233
2025,2025hop,FIRST Championship,5193,10,-0.0,28.899,-45.19
2025,2025hop,FIRST Championship,9245,10,-0.0,24.724,-44.606
2025,2025hop,FIRST Championship,9635,10,-0.0,23.033,-41.867
2025,2025hop,FIRST Championship,888,10,-0.0,19.51,-36.39
2025,2025hop,FIRST Championship,5736,10,-0.0,14.577,-35.054
2025,2025hop,FIRST Championship,5817,10,-0.0,22.89,-67.091
2025,2025hop,FIRST Championship,3130,10,0.0,18.789,-42.175
2025,2025hop,FIRST Championship,195,10,0.0,22.888,-45.19
2025,2025hop,FIRST Championship,2960,10,-0.0,22.523,-29.365
2025,2025hop,FIRST Championship,10479,10,0.0,19.697,-25.459
2025,2025hop,FIRST Championship,70,10,-0.0,11.48,-19.45
2025,2025hop,FIRST Championship,9545,10,-0.0,18.802,-44.606
2025,2025hop,FIRST Championship,3197,10,-0.0,18.847,-35.686
2025,2025hop,FIRST Championship,4009,10,-0.0,22.007,-35.686
2025,2025hop,FIRST Championship,33,10,-0.0,24.086,-43.752
2025,2025hop,FIRST Championship,2522,10,0.0,18.222,-43.211
2025,2025hop,FIRST Championship,1038,10,0.0,18.172,-43.211
2025,2025hop,FIRST Championship,10157,10,-0.0,14.108,-19.904
2025,2025joh,FIRST Championship,564,10,-0.0,17.633,-25.98
2025,2025joh,FIRST Championship,5913,10,0.0,18.196,-25.98
2025,2025joh,FIRST Championship,9427,10,-0.0,15.089,-25.98
2025,2025joh,FIRST Championship,2122,10,-0.0,15.752,-19.61
2025,2025joh,FIRST Championship,7520,10,-0.0,24.842,-39.952
2025,2025joh,FIRST Championship,1138,10,0.0,18.987,-24.404
2025,2025joh,FIRST Championship,10482,10,0.0,16.773,-27.419
2025,2025joh,FIRST Championship,8613,10,-0.0,22.661,-37.627
2025,2025joh,FIRST Championship,8033,10,-0.0,18.967,-32.054
2025,2025joh,FIRST Championship,5907,10,-0.0,9.262,-16.345
2025,2025joh,FIRST Championship,1718,10,-0.0,20.455,-30.866
2025,2025joh,FIRST Championship,6413,10,0.0,16.168,-31.116
2025,2025joh,FIRST Championship,2930,10,-0.0,20.115,-31.116
2025,2025joh,FIRST Championship,1619,10,-0.0,14.43,-19.61
2025,2025joh,FIRST Championship,365,10,0.0,20.446,-28.434
2025,2025joh,FIRST Championship,589,10,0.0,17.587,-20.995
2025,2025joh,FIRST Championship,1156,10,0.0,21.701,-39.952
2025,2025joh,FIRST Championship,6706,10,0.0,9.709,-12.76
2025,2025joh,FIRST Championship,4738,10,0.0,14.296,-20.629
2025,2025joh,FIRST Championship,316,10,-0.0,14.487,-29.328
2025,2025joh,FIRST Championship,111,10,-0.0,14.566,-22.872
2025,2025joh,FIRST Championship,1860,10,0.0,22.133,-32.069
2025,2025joh,FIRST Championship,581,10,-0.0,19.084,-27.419
2025,2025joh,FIRST Championship,3668,10,0.0,20.303,-31.116
2025,2025joh,FIRST Championship,10213,10,-0.0,17.149,-28.077
2025,2025joh,FIRST Championship,6024,10,-0.0,15.626,-28.077
2025,2025joh,FIRST Championship,4403,10,0.0,26.588,-37.627
2025,2025joh,FIRST Championship,4398,10,-0.0,20.517,-32.895
2025,2025joh,FIRST Championship,5526,10,-0.0,23.379,-36.331
2025,2025joh,FIRST Championship,7840,10,-0.0,18.931,-24.404
2025,2025joh,FIRST Championship,10598,10,0.0,25.277,-34.75
2025,2025joh,FIRST Championship,2586,10,-0.0,24.362,-34.75
2025,2025joh,FIRST Championship,695,10,0.0,22.574,-36.059
2025,2025joh,FIRST Championship,548,10,0.0,17.207,-22.514
2025,2025joh,FIRST Championship,1108,10,0.0,23.37,-37.627
2025,2025joh,FIRST Championship,6357,10,0.0,13.485,-14.765
2025,2025joh,FIRST Championship,333,10,0.0,17.897,-31.386
2025,2025joh,FIRST Championship,5705,10,0.0,24.089,-31.386
2025,2025joh,FIRST Championship,1296,10,0.0,16.754,-31.386
2025,2025joh,FIRST Championship,6800,10,-0.0,14.514,-22.637
2025,2025joh,FIRST Championship,5166,10,-0.0,17.832,-24.236
2025,2025joh,FIRST Championship,2826,10,0.0,16.446,-22.637
2025,2025joh,FIRST Championship,2987,10,-0.0,20.065,-24.404
2025,2025joh,FIRST Championship,5449,10,0.0,14.594,-17.557
2025,2025joh,FIRST Championship,4635,10,0.0,17.63,-35.101
2025,2025joh,FIRST Championship,5199,10,-0.0,13.538,-24.691
2025,2025joh,FIRST Championship,4253,10,0.0,22.699,-30.574
2025,2025joh,FIRST Championship,8159,10,0.0,22.109,-39.952
2025,2025joh,FIRST Championship,686,10,0.0,18.483,-39.034
2025,2025joh,FIRST Championship,3739,10,-0.0,18.923,-39.034
2025,2025joh,FIRST Championship,2607,10,0.0,17.06,-39.034
2025,2025joh,FIRST Championship,7567,10,0.0,21.126,-35.101
2025,2025joh,FIRST Championship,2714,10,-0.0,14.038,-18.54
2025,2025joh,FIRST Championship,1690,10,0.0,15.727,-30.866
2025,2025joh,FIRST Championship,8739,10,-0.0,21.69,-31.765
2025,2025joh,FIRST Championship,8866,10,-0.0,16.181,-31.765
2025,2025joh,FIRST Championship,245,10,-0.0,19.604,-38.076
2025,2025joh,FIRST Championship,45,10,-0.0,21.353,-36.059
2025,2025joh,FIRST Championship,3314,10,-0.0,13.445,-19.61
2025,2025joh,FIRST Championship,1648,10,0.0,15.571,-24.81
2025,2025joh,FIRST Championship,4947,10,0.0,18.657,-38.076
2025,2025joh,FIRST Championship,6238,10,0.0,16.706,-32.054
2025,2025joh,FIRST Championship,1325,10,0.0,21.053,-30.574
2025,2025joh,FIRST Championship,461,10,-0.0,12.289,-24.041
2025,2025joh,FIRST Championship,4776,10,-0.0,21.003,-32.895
2025,2025joh,FIRST Championship,2073,10,-0.0,16.103,-17.41
2025,2025joh,FIRST Championship,6606,10,0.0,16.803,-24.041
2025,2025joh,FIRST Championship,6919,10,-0.0,19.098,-36.331
2025,2025joh,FIRST Championship,5352,10,0.0,15.665,-22.514
2025,2025joh,FIRST Championship,6749,10,0.0,13.989,-22.532
2025,2025joh,FIRST Championship,342,10,0.0,27.035,-36.059
2025,2025joh,FIRST Championship,2054,10,0.0,16.622,-22.532
2025,2025joh,FIRST Championship,4414,10,0.0,6.79,-12.068
2025,2025joh,FIRST Championship,9717,10,-0.0,13.236,-23.699
2025,2025joh,FIRST Championship,1676,10,0.0,18.962,-36.331
2025,2025mil,FIRST Championship,1816,10,0.0,30.875,-74.459
2025,2025mil,FIRST Championship,910,10,0.0,25.137,-63.069
2025,2025mil,FIRST Championship,4467,10,-0.0,21.511,-48.994
2025,2025mil,FIRST Championship,9024,10,0.0,14.282,-23.742
2025,2025mil,FIRST Championship,4122,10,0.0,16.992,-31.117
2025,2025mil,FIRST Championship,6002,10,0.0,27.641,-60.874
2025,2025mil,FIRST Championship,5665,10,0.0,11.597,-18.123
2025,2025mil,FIRST Championship,1942,10,0.0,10.88,-14.078
2025,2025mil,FIRST Championship,2145,10,-0.0,20.035,-37.563
2025,2025mil,FIRST Championship,9105,10,0.0,28.166,-57.93
2025,2025mil,FIRST Championship,2720,10,-0.0,24.257,-57.93
2025,2025mil,FIRST Championship,3414,10,-0.0,25.312,-57.93
2025,2025mil,FIRST Championship,1640,10,0.0,17.182,-28.721
2025,2025mil,FIRST Championship,7407,10,0.0,14.445,-21.85
2025,2025mil,FIRST Championship,503,10,0.0,19.258,-28.553
2025,2025mil,FIRST Championship,217,10,0.0,27.06,-31.117
2025,2025mil,FIRST Championship,2976,10,0.0,14.378,-20.269
2025,2025mil,FIRST Championship,3598,10,0.0,15.286,-20.269
2025,2025mil,FIRST Championship,5614,10,0.0,26.906,-51.764
2025,2025mil,FIRST Championship,3322,10,0.0,23.831,-51.764
2025,2025mil,FIRST Championship,3006,10,0.0,31.411,-51.764
2025,2025mil,FIRST Championship,587,10,0.0,12.833,-19.773
2025,2025mil,FIRST Championship,8749,10,-0.0,28.831,-48.994
2025,2025mil,FIRST Championship,5895,10,-0.0,22.091,-49.857
2025,2025mil,FIRST Championship,5800,10,-0.0,20.133,-31.117
2025,2025mil,FIRST Championship,1086,10,-0.0,17.813,-24.84
2025,2025mil,FIRST Championship,6702,10,-0.0,17.371,-18.123
2025,2025mil,FIRST Championship,3748,10,0.0,21.869,-29.665
2025,2025mil,FIRST Championship,58,10,0.0,17.686,-22.683
2025,2025mil,FIRST Championship,3015,10,0.0,19.041,-37.563
2025,2025mil,FIRST Championship,6806,10,-0.0,24.448,-48.994
2025,2025mil,FIRST Championship,10021,10,0.0,17.797,-28.553
2025,2025mil,FIRST Championship,1477,10,-0.0,30.012,-74.459
2025,2025mil,FIRST Championship,2486,10,-0.0,20.909,-32.183
2025,2025mil,FIRST Championship,456,10,0.0,19.489,-32.183
2025,2025mil,FIRST Championship,1741,10,0.0,17.767,-32.183
2025,2025mil,FIRST Championship,4069,10,0.0,27.191,-59.964
2025,2025mil,FIRST Championship,8393,10,-0.0,30.856,-59.964
2025,2025mil,FIRST Championship,324,10,0.0,27.657,-59.964
2025,2025mil,FIRST Championship,2980,10,0.0,18.935,-30.401
2025,2025mil,FIRST Championship,3674,10,0.0,10.849,-17.172
2025,2025mil,FIRST Championship,1683,10,-0.0,14.867,-21.152
2025,2025mil,FIRST Championship,167,10,-0.0,25.942,-40.477
2025,2025mil,FIRST Championship,3310,10,-0.0,22.359,-28.951
2025,2025mil,FIRST Championship,3604,10,0.0,19.839,-28.553
2025,2025mil,FIRST Championship,1468,10,0.0,20.764,-28.88
2025,2025mil,FIRST Championship,3142,10,0.0,18.753,-30.401
2025,2025mil,FIRST Championship,8592,10,-0.0,19.367,-30.533
2025,2025mil,FIRST Championship,5653,10,0.0,22.416,-37.563
2025,2025mil,FIRST Championship,8429,10,0.0,25.779,-28.88
2025,2025mil,FIRST Championship,321,10,0.0,14.871,-20.714
2025,2025mil,FIRST Championship,1023,10,0.0,32.724,-60.874
2025,2025mil,FIRST Championship,2240,10,0.0,15.033,-23.999
2025,2025mil,FIRST Championship,6510,10,0.0,13.898,-26.133
2025,2025mil,FIRST Championship,7790,10,0.0,12.941,-21.069
2025,2025mil,FIRST Championship,5454,10,0.0,20.692,-26.133
2025,2025mil,FIRST Championship,5940,10,0.0,16.944,-21.152
2025,2025mil,FIRST Championship,2137,10,0.0,17.25,-18.701
2025,2025mil,FIRST Championship,10015,10,-0.0,21.814,-28.721
2025,2025mil,FIRST Championship,4322,10,0.0,23.065,-49.857
2025,2025mil,FIRST Championship,254,10,0.0,27.823,-74.459
2025,2025mil,FIRST Championship,7056,10,0.0,20.683,-18.868
2025,2025mil,FIRST Championship,10337,10,-0.0,14.319,-21.649
2025,2025mil,FIRST Championship,5572,10,0.0,23.953,-52.249
2025,2025mil,FIRST Championship,9029,10,-0.0,26.132,-52.249
2025,2025mil,FIRST Championship,7153,10,0.0,27.585,-52.249
2025,2025mil,FIRST Championship,8020,10,0.0,16.176,-24.498
2025,2025mil,FIRST Championship,1318,10,0.0,16.608,-25.474
2025,2025mil,FIRST Championship,4152,10,-0.0,21.739,-49.857
2025,2025mil,FIRST Championship,2337,10,0.0,23.069,-63.069
2025,2025mil,FIRST Championship,118,10,0.0,24.296,-60.874
2025,2025mil,FIRST Championship,5089,10,0.0,18.745,-28.951
2025,2025mil,FIRST Championship,957,10,0.0,13.039,-21.85
2025,2025mil,FIRST Championship,2881,10,0.0,27.327,-63.069
2025,2025mil,FIRST Championship,876,10,0.0,13.821,-27.301
2025,2025new,FIRST Championship,948,10,-0.0,14.357,-20.09
2025,2025new,FIRST Championship,125,10,0.0,15.091,-20.691
2025,2025new,FIRST Championship,2468,10,-0.0,26.918,-43.629
2025,2025new,FIRST Championship,343,10,-0.0,19.317,-31.138
2025,2025new,FIRST Championship,930,10,0.0,16.821,-33.405
2025,2025new,FIRST Championship,5142,10,-0.0,15.907,-25.185
2025,2025new,FIRST Championship,9085,10,-0.0,21.222,-43.107
2025,2025new,FIRST Championship,1323,10,-0.0,17.63,-27.69
2025,2025new,FIRST Championship,7617,10,0.0,20.898,-39.241
2025,2025new,FIRST Championship,9072,10,0.0,20.378,-33.405
2025,2025new,FIRST Championship,10428,10,0.0,28.734,-37.828
2025,2025new,FIRST Championship,6431,10,0.0,23.276,-33.165
2025,2025new,FIRST Championship,7565,10,0.0,21.446,-33.624
2025,2025new,FIRST Championship,868,10,0.0,24.699,-33.779
2025,2025new,FIRST Championship,9787,10,-0.0,25.035,-43.107
2025,2025new,FIRST Championship,5472,10,0.0,18.228,-32.913
2025,2025new,FIRST Championship,3937,10,-0.0,24.851,-32.8
2025,2025new,FIRST Championship,6328,10,0.0,27.079,-33.246
2025,2025new,FIRST Championship,1825,10,-0.0,19.898,-33.165
2025,2025new,FIRST Championship,4272,10,0.0,12.191,-21.292
2025,2025new,FIRST Championship,422,10,0.0,16.869,-32.328
2025,2025new,FIRST Championship,10077,10,0.0,15.781,-34.324
2025,2025new,FIRST Championship,5406,10,0.0,17.539,-34.324
2025,2025new,FIRST Championship,108,10,-0.0,17.75,-34.324
2025,2025new,FIRST Championship,6665,10,-0.0,16.664,-22.877
2025,2025new,FIRST Championship,7563,10,0.0,20.158,-57.183
2025,2025new,FIRST Championship,8590,10,0.0,26.065,-35.531
2025,2025new,FIRST Championship,1710,10,0.0,22.15,-42.483
2025,2025new,FIRST Championship,6940,10,0.0,14.655,-28.233
2025,2025new,FIRST Championship,5843,10,-0.0,20.794,-28.233
2025,2025new,FIRST Championship,1778,10,-0.0,8.557,-9.489
2025,2025new,FIRST Championship,10014,10,0.0,24.275,-35.891
2025,2025new,FIRST Championship,1502,10,-0.0,20.253,-33.779
2025,2025new,FIRST Championship,1730,10,0.0,16.705,-26.7
2025,2025new,FIRST Championship,7531,10,-0.0,18.309,-37.828
2025,2025new,FIRST Championship,10523,10,0.0,23.265,-33.246
2025,2025new,FIRST Championship,4499,10,-0.0,16.897,-37.828
2025,2025new,FIRST Championship,6738,10,-0.0,25.093,-44.697
2025,2025new,FIRST Championship,5535,10,-0.0,19.825,-43.629
2025,2025new,FIRST Championship,5124,10,-0.0,14.534,-24.892
2025,2025new,FIRST Championship,3538,10,-0.0,15.268,-35.531
2025,2025new,FIRST Championship,6147,10,0.0,10.121,-17.533
2025,2025new,FIRST Championship,2412,10,0.0,23.713,-37.584
2025,2025new,FIRST Championship,2832,10,0.0,20.357,-26.7
2025,2025new,FIRST Championship,4909,10,-0.0,24.154,-57.183
2025,2025new,FIRST Championship,449,10,0.0,15.85,-17.582
2025,2025new,FIRST Championship,5553,10,0.0,23.795,-39.241
2025,2025new,FIRST Championship,4905,10,0.0,21.856,-43.629
2025,2025new,FIRST Championship,294,10,0.0,22.209,-49.942
2025,2025new,FIRST Championship,7426,10,0.0,24.543,-49.942
2025,2025new,FIRST Championship,1072,10,0.0,21.063,-49.942
2025,2025new,FIRST Championship,2635,10,-0.0,20.553,-31.702
2025,2025new,FIRST Championship,3044,10,0.0,22.589,-35.531
2025,2025new,FIRST Championship,2974,10,-0.0,21.967,-31.702
2025,2025new,FIRST Championship,5468,10,-0.0,20.409,-42.483
2025,2025new,FIRST Championship,1388,10,-0.0,22.202,-32.8
2025,2025new,FIRST Championship,6459,10,0.0,23.165,-39.241
2025,2025new,FIRST Championship,1807,10,-0.0,14.534,-24.345
2025,2025new,FIRST Championship,6996,10,0.0,22.27,-26.7
2025,2025new,FIRST Championship,2429,10,0.0,18.172,-33.779
2025,2025new,FIRST Championship,148,10,0.0,15.749,-39.934
2025,2025new,FIRST Championship,3847,10,-0.0,17.849,-39.934
2025,2025new,FIRST Championship,3008,10,-0.0,31.309,-44.697
2025,2025new,FIRST Championship,7444,10,-0.0,19.907,-42.483
2025,2025new,FIRST Championship,1880,10,-0.0,17.853,-33.246
2025,2025new,FIRST Championship,360,10,0.0,16.34,-37.584
2025,2025new,FIRST Championship,188,10,-0.0,10.324,-21.26
2025,2025new,FIRST Championship,5026,10,-0.0,12.494,-12.644
2025,2025new,FIRST Championship,2228,10,-0.0,13.909,-29.993
2025,2025new,FIRST Championship,7415,10,-0.0,23.016,-46.29
2025,2025new,FIRST Championship,624,10,-0.0,24.43,-46.29
2025,2025new,FIRST Championship,4091,10,-0.0,30.214,-57.183
2025,2025new,FIRST Championship,2910,10,0.0,15.827,-15.488
2025,2025new,FIRST Championship,7538,10,-0.0,17.843,-44.697
2025,2025new,FIRST Championship,3655,10,0.0,16.894,-35.891
