year,event,week,team,n_matches,resid_mean,resid_sd,resid_min
2026,2026tuis,Week 1,10428,12,-0.0,45.804,-94.489
2026,2026tuis,Week 1,11000,12,0.0,31.265,-44.055
2026,2026tuis,Week 1,10146,12,-0.0,33.029,-73.12
2026,2026tuis,Week 1,8242,12,0.0,33.277,-41.986
2026,2026tuis,Week 1,4191,12,0.0,28.991,-66.593
2026,2026tuis,Week 1,10043,12,0.0,29.181,-37.45
2026,2026tuis,Week 1,6064,12,0.0,33.317,-73.12
2026,2026tuis,Week 1,11244,12,0.0,33.063,-63.291
2026,2026tuis,Week 1,10141,12,0.0,28.002,-41.998
2026,2026tuis,Week 1,9029,12,-0.0,48.627,-96.416
2026,2026tuis,Week 1,9233,12,0.0,24.132,-42.926
2026,2026tuis,Week 1,11036,12,0.0,36.094,-71.164
2026,2026tuis,Week 1,6436,12,0.0,46.054,-82.549
2026,2026tuis,Week 1,11416,12,0.0,32.277,-45.141
2026,2026tuis,Week 1,5883,12,0.0,26.094,-45.141
2026,2026tuis,Week 1,7296,12,0.0,35.77,-94.489
2026,2026tuis,Week 1,9077,12,0.0,39.431,-96.416
2026,2026tuis,Week 1,8153,12,-0.0,29.236,-41.998
2026,2026tuis,Week 1,9583,12,0.0,40.557,-82.549
2026,2026tuis,Week 1,9132,12,0.0,32.892,-66.593
2026,2026tuis,Week 1,8557,12,0.0,35.436,-39.807
2026,2026tuis,Week 1,11281,12,0.0,32.692,-37.45
2026,2026tuis,Week 1,7611,12,0.0,43.357,-82.549
2026,2026tuis,Week 1,10050,12,0.0,37.664,-71.164
2026,2026tuis,Week 1,10064,12,0.0,32.513,-42.926
2026,2026tuis,Week 1,3646,12,0.0,35.538,-88.384
2026,2026tuis,Week 1,9595,12,0.0,33.073,-32.789
2026,2026tuis,Week 1,10308,12,0.0,34.508,-39.807
2026,2026tuis,Week 1,4481,12,0.0,62.782,-88.384
2026,2026tuis,Week 1,6431,12,-0.0,40.64,-96.416
2026,2026tuis,Week 1,9601,12,0.0,43.682,-88.384
2026,2026tuis,Week 1,9483,12,-0.0,63.527,-94.489
2026,2026mndu,Week 1,2501,11,-0.0,21.703,-45.168
2026,2026mndu,Week 1,4166,11,0.0,23.216,-33.812
2026,2026mndu,Week 1,4693,11,0.0,26.944,-55.667
2026,2026mndu,Week 1,2846,11,-0.0,37.067,-64.628
2026,2026mndu,Week 1,3297,11,0.0,41.943,-68.336
2026,2026mndu,Week 1,5690,11,-0.0,36.798,-64.628
2026,2026mndu,Week 1,3082,11,0.0,24.776,-31.867
2026,2026mndu,Week 1,6147,11,0.0,28.243,-63.776
2026,2026mndu,Week 1,3883,11,-0.0,30.526,-68.336
2026,2026mndu,Week 1,7864,11,0.0,24.075,-53.298
2026,2026mndu,Week 1,2847,11,0.0,43.148,-55.667
2026,2026mndu,Week 1,4624,11,-0.0,30.467,-74.174
2026,2026mndu,Week 1,2526,11,0.0,28.561,-53.298
2026,2026mndu,Week 1,3691,11,-0.0,28.157,-52.585
2026,2026mndu,Week 1,3130,11,-0.0,30.674,-50.421
2026,2026mndu,Week 1,4536,11,-0.0,30.28,-74.174
2026,2026mndu,Week 1,7849,11,-0.0,23.783,-29.628
2026,2026mndu,Week 1,3267,11,-0.0,20.591,-43.294
2026,2026mndu,Week 1,3100,11,0.0,46.75,-74.174
2026,2026mndu,Week 1,4009,11,-0.0,20.462,-33.812
2026,2026mndu,Week 1,8516,11,-0.0,26.595,-50.421
2026,2026mndu,Week 1,2823,11,-0.0,21.917,-39.663
2026,2026mndu,Week 1,4511,11,-0.0,29.626,-55.667
2026,2026mndu,Week 1,2861,11,-0.0,31.357,-57.863
2026,2026mndu,Week 1,4674,11,0.0,18.911,-27.77
2026,2026mndu,Week 1,3630,11,0.0,33.279,-57.863
2026,2026mndu,Week 1,11223,11,-0.0,22.577,-43.294
2026,2026mndu,Week 1,5348,11,0.0,25.701,-47.843
2026,2026mndu,Week 1,2181,11,0.0,31.746,-47.843
2026,2026mndu,Week 1,3926,11,0.0,23.397,-47.843
2026,2026mndu,Week 1,5658,11,-0.0,18.656,-40.688
2026,2026mndu,Week 1,10490,11,-0.0,24.911,-41.569
2026,2026mndu,Week 1,3294,11,-0.0,25.031,-43.294
2026,2026mndu,Week 1,4778,11,-0.0,23.698,-30.746
2026,2026mndu,Week 1,7797,11,-0.0,20.132,-45.168
2026,2026mndu,Week 1,6217,11,-0.0,38.749,-68.336
2026,2026mndu,Week 1,3042,11,0.0,24.267,-42.628
2026,2026mndu,Week 1,6044,11,-0.0,25.897,-40.688
2026,2026mndu,Week 1,4741,11,-0.0,29.343,-63.776
2026,2026mndu,Week 1,8422,11,-0.0,29.893,-55.458
2026,2026mndu,Week 1,4656,11,0.0,27.83,-57.863
2026,2026mndu,Week 1,2503,11,0.0,28.411,-55.458
2026,2026mndu2,Week 1,2574,11,-0.0,23.88,-34.699
2026,2026mndu2,Week 1,8122,11,0.0,32.396,-40.03
2026,2026mndu2,Week 1,4226,11,0.0,23.787,-31.409
2026,2026mndu2,Week 1,2502,11,0.0,24.934,-54.594
2026,2026mndu2,Week 1,2239,11,0.0,18.983,-23.359
2026,2026mndu2,Week 1,5253,11,0.0,43.771,-123.21
2026,2026mndu2,Week 1,2512,11,-0.0,30.11,-42.68
2026,2026mndu2,Week 1,1622,11,-0.0,25.531,-43.534
2026,2026mndu2,Week 1,6907,11,-0.0,53.677,-80.599
2026,2026mndu2,Week 1,2227,11,0.0,51.304,-94.022
2026,2026mndu2,Week 1,6045,11,0.0,43.9,-94.022
2026,2026mndu2,Week 1,2472,11,0.0,44.025,-94.022
2026,2026mndu2,Week 1,6047,11,0.0,27.889,-26.489
2026,2026mndu2,Week 1,4687,11,0.0,28.942,-67.271
2026,2026mndu2,Week 1,2500,11,0.0,35.133,-36.377
2026,2026mndu2,Week 1,10474,11,0.0,45.388,-123.21
2026,2026mndu2,Week 1,3054,11,0.0,17.389,-31.484
2026,2026mndu2,Week 1,3102,11,0.0,22.913,-32.201
2026,2026mndu2,Week 1,2855,11,0.0,33.22,-39.391
2026,2026mndu2,Week 1,5913,11,-0.0,50.72,-57.285
2026,2026mndu2,Week 1,9532,11,0.0,32.201,-42.68
2026,2026mndu2,Week 1,7041,11,-0.0,30.199,-45.678
2026,2026mndu2,Week 1,3610,11,0.0,24.715,-34.008
2026,2026mndu2,Week 1,4181,11,0.0,25.906,-31.409
2026,2026mndu2,Week 1,3212,11,0.0,29.488,-48.42
2026,2026mndu2,Week 1,5275,11,0.0,35.662,-80.599
2026,2026mndu2,Week 1,6132,11,0.0,28.045,-66.357
2026,2026mndu2,Week 1,5720,11,0.0,27.14,-54.594
2026,2026mndu2,Week 1,2169,11,0.0,24.671,-39.391
2026,2026mndu2,Week 1,3008,11,0.0,27.98,-36.377
2026,2026mndu2,Week 1,10711,11,0.0,33.483,-41.204
2026,2026mndu2,Week 1,3298,11,0.0,18.922,-56.574
2026,2026mndu2,Week 1,2491,11,0.0,43.24,-80.599
2026,2026mndu2,Week 1,5232,11,0.0,19.36,-30.342
2026,2026mndu2,Week 1,4230,11,-0.0,21.455,-41.204
2026,2026mndu2,Week 1,2177,11,0.0,20.968,-30.342
2026,2026mndu2,Week 1,6758,11,0.0,33.969,-48.42
2026,2026mndu2,Week 1,2129,11,0.0,19.248,-25.439
2026,2026mndu2,Week 1,4623,11,-0.0,36.851,-57.285
2026,2026mndu2,Week 1,5278,11,-0.0,29.307,-72.181
2026,2026mndu2,Week 1,11292,11,0.0,43.993,-72.181
2026,2026mndu2,Week 1,2052,11,0.0,59.46,-123.21
2026,2026mnwi,Week 1,2530,11,0.0,33.867,-73.849
2026,2026mnwi,Week 1,112,11,0.0,32.894,-73.849
2026,2026mnwi,Week 1,6419,11,-0.0,35.81,-73.849
2026,2026mnwi,Week 1,967,11,0.0,33.453,-49.9
2026,2026mnwi,Week 1,2531,11,-0.0,33.695,-79.743
2026,2026mnwi,Week 1,3206,11,0.0,29.693,-55.848
2026,2026mnwi,Week 1,2987,11,0.0,27.972,-55.138
2026,2026mnwi,Week 1,4663,12,0.0,28.28,-55.848
2026,2026mnwi,Week 1,9082,11,0.0,30.255,-44.235
2026,2026mnwi,Week 1,6420,11,-0.0,31.655,-42.398
2026,2026mnwi,Week 1,695,11,-0.0,38.803,-87.401
2026,2026mnwi,Week 1,5576,11,-0.0,44.392,-102.031
2026,2026mnwi,Week 1,7531,12,-0.0,32.873,-79.127
2026,2026mnwi,Week 1,2549,11,0.0,23.052,-29.664
2026,2026mnwi,Week 1,4065,11,0.0,30.237,-35.646
2026,2026mnwi,Week 1,2290,11,-0.0,39.97,-87.401
2026,2026mnwi,Week 1,3055,11,-0.0,19.611,-34.924
2026,2026mnwi,Week 1,11246,11,-0.0,25.724,-49.9
2026,2026mnwi,Week 1,2977,11,0.0,34.169,-48.395
2026,2026mnwi,Week 1,5847,11,0.0,58.087,-87.401
2026,2026mnwi,Week 1,4859,11,0.0,35.745,-49.563
2026,2026mnwi,Week 1,525,11,-0.0,36.477,-102.031
2026,2026mnwi,Week 1,3284,11,0.0,34.267,-79.743
2026,2026mnwi,Week 1,7850,11,0.0,32.699,-44.235
2026,2026mnwi,Week 1,4143,11,0.0,36.814,-44.146
2026,2026mnwi,Week 1,7858,12,0.0,33.737,-44.146
2026,2026mnwi,Week 1,2667,11,0.0,28.043,-55.138
2026,2026mnwi,Week 1,3090,11,-0.0,23.352,-34.924
2026,2026mnwi,Week 1,111,12,-0.0,53.375,-102.031
2026,2026mnwi,Week 1,2358,11,0.0,27.079,-42.398
2026,2026mnwi,Week 1,4646,11,-0.0,34.67,-55.848
2026,2026mnwi,Week 1,2508,11,0.0,33.415,-38.306
2026,2026mnwi,Week 1,2220,11,0.0,28.845,-45.572
2026,2026mnwi,Week 1,5339,11,0.0,24.332,-45.572
2026,2026mnwi,Week 1,3928,11,-0.0,39.963,-55.138
2026,2026mnwi,Week 1,167,11,-0.0,36.479,-68.981
2026,2026mnwi,Week 1,5914,11,-0.0,30.386,-32.216
2026,2026mnwi,Week 1,4174,12,-0.0,33.363,-79.127
2026,2026mnwi,Week 1,5541,11,-0.0,31.594,-44.235
2026,2026mnwi,Week 1,5822,11,-0.0,31.988,-45.572
2026,2026mnwi,Week 1,3061,11,0.0,28.723,-34.969
2026,2026okok,Week 1,6026,10,-0.0,32.223,-69.436
2026,2026okok,Week 1,9551,10,-0.0,22.874,-45.963
2026,2026okok,Week 1,9472,10,0.0,22.128,-38.49
2026,2026okok,Week 1,2773,10,-0.0,36.611,-91.571
2026,2026okok,Week 1,1806,10,-0.0,30.928,-73.946
2026,2026okok,Week 1,3160,10,-0.0,31.465,-62.411
2026,2026okok,Week 1,3931,10,-0.0,44.426,-56.324
2026,2026okok,Week 1,1706,11,-0.0,38.66,-69.436
2026,2026okok,Week 1,4523,10,-0.0,30.468,-62.963
2026,2026okok,Week 1,4500,10,-0.0,35.151,-50.009
2026,2026okok,Week 1,5550,10,-0.0,32.487,-54.264
2026,2026okok,Week 1,3526,10,-0.0,29.406,-50.009
2026,2026okok,Week 1,3465,10,0.0,29.322,-54.267
2026,2026okok,Week 1,3247,10,-0.0,26.343,-73.946
2026,2026okok,Week 1,2718,10,-0.0,25.317,-47.507
2026,2026okok,Week 1,2373,10,0.0,42.583,-62.411
2026,2026okok,Week 1,6391,10,-0.0,30.012,-62.963
2026,2026okok,Week 1,1209,10,-0.0,25.27,-47.826
2026,2026okok,Week 1,6809,10,-0.0,45.188,-85.127
2026,2026okok,Week 1,1561,10,-0.0,45.745,-85.127
2026,2026okok,Week 1,6424,10,-0.0,41.096,-85.127
2026,2026okok,Week 1,4766,10,-0.0,33.237,-69.436
2026,2026okok,Week 1,5889,10,-0.0,26.563,-38.134
2026,2026okok,Week 1,31,10,-0.0,41.176,-54.796
2026,2026okok,Week 1,2341,10,0.0,29.081,-47.507
2026,2026okok,Week 1,4256,10,-0.0,31.9,-42.596
2026,2026okok,Week 1,8711,10,-0.0,32.239,-62.411
2026,2026okok,Week 1,1785,10,-0.0,35.066,-92.764
2026,2026okok,Week 1,2183,10,-0.0,39.673,-92.764
2026,2026okok,Week 1,4522,10,-0.0,49.752,-92.764
2026,2026okok,Week 1,2383,10,-0.0,46.654,-56.324
2026,2026okok,Week 1,3179,11,-0.0,28.56,-44.64
2026,2026okok,Week 1,34,10,-0.0,35.419,-62.963
2026,2026okok,Week 1,1939,10,-0.0,26.374,-41.732
2026,2026okok,Week 1,2165,10,-0.0,32.144,-41.732
2026,2026okok,Week 1,2359,10,-0.0,27.292,-41.732
2026,2026okok,Week 1,2333,10,-0.0,35.89,-54.264
2026,2026okok,Week 1,3892,10,-0.0,45.134,-91.571
2026,2026okok,Week 1,2352,10,-0.0,27.364,-45.963
2026,2026okok,Week 1,10661,10,-0.0,32.691,-48.15
2026,2026okok,Week 1,4005,10,0.0,33.978,-56.324
2026,2026okok,Week 1,2457,10,-0.0,40.028,-48.15
2026,2026okok,Week 1,5968,10,-0.0,24.933,-54.796
2026,2026okok,Week 1,10377,10,-0.0,25.682,-37.686
2026,2026okok,Week 1,4635,10,-0.0,36.934,-73.946
2026,2026okok,Week 1,4206,10,-0.0,27.725,-47.826
2026,2026bcvi,Week 1,10951,10,-0.0,24.796,-49.865
2026,2026bcvi,Week 1,9180,10,-0.0,21.838,-34.533
2026,2026bcvi,Week 1,6364,10,-0.0,26.595,-39.498
2026,2026bcvi,Week 1,7334,11,-0.0,20.803,-37.398
2026,2026bcvi,Week 1,6766,10,-0.0,25.721,-52.583
2026,2026bcvi,Week 1,9277,10,-0.0,16.41,-19.23
2026,2026bcvi,Week 1,10120,10,-0.0,24.027,-29.147
2026,2026bcvi,Week 1,7135,10,-0.0,20.161,-29.147
2026,2026bcvi,Week 1,4627,10,-0.0,26.397,-49.865
2026,2026bcvi,Week 1,7688,10,-0.0,30.71,-61.322
2026,2026bcvi,Week 1,3990,10,0.0,30.032,-61.322
2026,2026bcvi,Week 1,2013,10,-0.0,29.7,-61.322
2026,2026bcvi,Week 1,10527,10,-0.0,27.518,-36.433
2026,2026bcvi,Week 1,8339,10,-0.0,25.805,-37.398
2026,2026bcvi,Week 1,11302,10,-0.0,23.319,-26.613
2026,2026bcvi,Week 1,7796,11,-0.0,23.824,-46.287
2026,2026bcvi,Week 1,9406,10,-0.0,28.257,-46.287
2026,2026bcvi,Week 1,3683,10,-0.0,30.604,-46.287
2026,2026bcvi,Week 1,7190,10,-0.0,25.893,-36.433
2026,2026bcvi,Week 1,9449,10,-0.0,35.2,-62.239
2026,2026bcvi,Week 1,8790,10,-0.0,25.225,-30.755
2026,2026bcvi,Week 1,5461,10,0.0,30.347,-51.189
2026,2026bcvi,Week 1,4270,10,-0.0,32.358,-51.795
2026,2026bcvi,Week 1,8331,11,-0.0,28.451,-51.189
2026,2026bcvi,Week 1,359,11,-0.0,35.771,-77.007
2026,2026bcvi,Week 1,610,10,-0.0,33.747,-77.007
2026,2026bcvi,Week 1,10384,10,-0.0,32.37,-77.007
2026,2026bcvi,Week 1,7332,10,-0.0,16.903,-19.221
2026,2026bcvi,Week 1,11149,10,-0.0,34.805,-60.929
2026,2026bcvi,Week 1,9649,10,-0.0,27.274,-45.205
2026,2026bcvi,Week 1,8338,10,-0.0,32.599,-49.865
2026,2026bcvi,Week 1,11410,10,0.0,23.57,-51.795
2026,2026bcvi,Week 1,9474,10,-0.0,25.567,-62.239
2026,2026bcvi,Week 1,6188,10,-0.0,20.426,-30.755
2026,2026bcvi,Week 1,11391,10,-0.0,14.147,-19.221
2026,2026bcvi,Week 1,7287,10,-0.0,29.892,-62.239
2026,2026bcvi,Week 1,9550,10,0.0,9.556,-19.074
2026,2026bcvi,Week 1,9465,10,-0.0,21.714,-27.47
2026,2026bcvi,Week 1,6390,10,-0.0,19.541,-17.125
2026,2026bcvi,Week 1,9719,10,-0.0,26.32,-52.583
2026,2026bcvi,Week 1,10427,10,-0.0,22.976,-60.929
2026,2026bcvi,Week 1,11354,10,-0.0,16.509,-22.456
2026,2026bcvi,Week 1,4421,10,0.0,30.362,-60.929
2026,2026bcvi,Week 1,4862,10,-0.0,17.265,-28.19
2026,2026gadal,Week 1,5900,12,-0.0,29.852,-47.383
2026,2026gadal,Week 1,8761,12,0.0,25.841,-42.433
2026,2026gadal,Week 1,1746,12,0.0,23.192,-35.51
2026,2026gadal,Week 1,1002,12,-0.0,54.669,-113.25
2026,2026gadal,Week 1,8866,12,0.0,46.7,-113.25
2026,2026gadal,Week 1,7676,12,0.0,41.03,-113.25
2026,2026gadal,Week 1,5608,12,0.0,29.354,-48.622
2026,2026gadal,Week 1,6919,12,0.0,29.496,-39.128
2026,2026gadal,Week 1,8736,12,0.0,24.359,-39.128
2026,2026gadal,Week 1,832,12,-0.0,29.687,-46.087
2026,2026gadal,Week 1,7514,12,-0.0,25.748,-34.216
2026,2026gadal,Week 1,8849,12,0.0,27.723,-62.794
2026,2026gadal,Week 1,7451,12,-0.0,29.974,-44.053
2026,2026gadal,Week 1,6905,12,0.0,35.572,-47.297
2026,2026gadal,Week 1,6023,12,-0.0,36.527,-68.771
2026,2026gadal,Week 1,4730,12,-0.0,24.39,-55.956
2026,2026gadal,Week 1,6887,12,-0.0,28.203,-55.956
2026,2026gadal,Week 1,4026,12,-0.0,29.734,-55.956
2026,2026gadal,Week 1,4112,12,0.0,34.168,-68.771
2026,2026gadal,Week 1,11214,12,0.0,29.722,-58.794
2026,2026gadal,Week 1,6772,12,0.0,23.402,-36.421
2026,2026gadal,Week 1,10338,12,-0.0,26.096,-43.554
2026,2026gadal,Week 1,9477,12,-0.0,38.511,-68.771
2026,2026gadal,Week 1,3329,12,-0.0,27.333,-43.554
2026,2026gadal,Week 1,2974,12,0.0,38.09,-62.794
2026,2026gadal,Week 1,6829,12,-0.0,36.193,-48.622
2026,2026gadal,Week 1,9480,12,0.0,15.599,-43.748
2026,2026gadal,Week 1,6712,12,0.0,25.558,-62.794
2026,2026gadal,Week 1,5219,12,-0.0,27.33,-58.794
2026,2026gadal,Week 1,10376,12,0.0,27.198,-48.622
2026,2026gadal,Week 1,9770,12,0.0,30.91,-49.386
2026,2026milak,Week 1,5559,12,0.0,16.202,-25.564
2026,2026milak,Week 1,9203,12,0.0,28.456,-71.353
2026,2026milak,Week 1,9239,12,0.0,14.763,-15.906
2026,2026milak,Week 1,8397,12,-0.0,31.702,-40.897
2026,2026milak,Week 1,3875,12,0.0,25.503,-51.362
2026,2026milak,Week 1,5623,12,-0.0,37.018,-85.34
2026,2026milak,Week 1,2959,12,0.0,24.366,-40.514
2026,2026milak,Week 1,8608,12,0.0,45.366,-78.073
2026,2026milak,Week 1,4453,12,-0.0,21.149,-40.514
2026,2026milak,Week 1,11407,12,0.0,32.514,-78.073
2026,2026milak,Week 1,4327,12,0.0,24.24,-41.991
2026,2026milak,Week 1,9215,12,0.0,28.429,-51.066
2026,2026milak,Week 1,1188,12,0.0,26.973,-64.335
2026,2026milak,Week 1,10651,12,0.0,25.73,-64.335
2026,2026milak,Week 1,5675,12,0.0,39.212,-64.335
2026,2026milak,Week 1,2767,12,0.0,35.503,-51.362
2026,2026milak,Week 1,5610,12,0.0,17.421,-37.804
2026,2026milak,Week 1,9566,12,0.0,30.935,-35.558
2026,2026milak,Week 1,5152,12,0.0,29.542,-33.541
2026,2026milak,Week 1,5676,12,0.0,24.053,-41.991
2026,2026milak,Week 1,5248,12,-0.0,20.011,-35.558
2026,2026milak,Week 1,8041,12,0.0,32.317,-53.471
2026,2026milak,Week 1,245,12,0.0,39.332,-71.353
2026,2026milak,Week 1,11386,12,0.0,34.671,-53.471
2026,2026milak,Week 1,3658,12,0.0,33.497,-38.767
2026,2026milak,Week 1,9703,12,0.0,34.427,-85.34
2026,2026milak,Week 1,9638,12,0.0,27.392,-76.443
2026,2026milak,Week 1,7658,12,0.0,31.271,-76.443
2026,2026milak,Week 1,5980,12,-0.0,27.473,-46.621
2026,2026milak,Week 1,8126,12,-0.0,26.265,-40.228
2026,2026milak,Week 1,6002,12,-0.0,40.473,-85.34
2026,2026milak,Week 1,10473,12,-0.0,26.153,-37.804
2026,2026milak,Week 1,9672,12,0.0,22.49,-38.767
2026,2026milak,Week 1,858,12,-0.0,31.317,-78.073
2026,2026milak,Week 1,7256,12,0.0,13.791,-31.752
2026,2026milak,Week 1,4237,12,0.0,41.247,-71.353
2026,2026milak,Week 1,7911,12,0.0,20.15,-38.767
2026,2026milak,Week 1,7226,12,0.0,28.5,-51.066
2026,2026sccha,Week 1,10367,12,0.0,20.999,-29.08
2026,2026sccha,Week 1,11398,12,0.0,14.258,-36.069
2026,2026sccha,Week 1,8137,12,0.0,18.291,-35.394
2026,2026sccha,Week 1,11167,12,0.0,22.662,-36.382
2026,2026sccha,Week 1,11254,12,0.0,26.132,-68.588
2026,2026sccha,Week 1,7085,12,0.0,25.004,-35.309
2026,2026sccha,Week 1,6366,12,0.0,34.45,-33.047
2026,2026sccha,Week 1,8116,12,0.0,16.054,-28.919
2026,2026sccha,Week 1,1648,12,0.0,46.36,-68.588
2026,2026sccha,Week 1,4864,12,0.0,25.87,-44.451
2026,2026sccha,Week 1,6167,12,0.0,26.339,-36.069
2026,2026sccha,Week 1,10388,12,0.0,21.306,-29.565
2026,2026sccha,Week 1,3490,12,0.0,28.214,-32.706
2026,2026sccha,Week 1,10361,12,0.0,21.223,-49.394
2026,2026sccha,Week 1,10231,12,0.0,29.356,-68.588
2026,2026sccha,Week 1,10619,12,0.0,31.127,-36.069
2026,2026sccha,Week 1,342,12,0.0,29.77,-35.691
2026,2026sccha,Week 1,8430,12,0.0,21.563,-44.451
2026,2026sccha,Week 1,3976,12,0.0,33.075,-57.266
2026,2026sccha,Week 1,4451,12,0.0,34.052,-57.266
2026,2026sccha,Week 1,9496,12,0.0,54.663,-127.26
2026,2026sccha,Week 1,11424,12,0.0,19.867,-27.998
2026,2026sccha,Week 1,4533,12,0.0,19.678,-35.309
2026,2026sccha,Week 1,10591,12,0.0,28.239,-49.394
2026,2026sccha,Week 1,3489,12,0.0,41.791,-127.26
2026,2026sccha,Week 1,4083,12,0.0,29.211,-36.382
2026,2026sccha,Week 1,1293,12,0.0,44.871,-127.26
2026,2026txbel,Week 1,9121,12,-0.0,18.986,-27.329
2026,2026txbel,Week 1,8749,12,0.0,35.187,-72.685
2026,2026txbel,Week 1,2728,12,-0.0,31.695,-70.673
2026,2026txbel,Week 1,9080,12,-0.0,23.665,-33.975
2026,2026txbel,Week 1,148,12,-0.0,36.457,-70.673
2026,2026txbel,Week 1,10518,12,-0.0,26.99,-47.323
2026,2026txbel,Week 1,10014,12,-0.0,20.993,-47.323
2026,2026txbel,Week 1,6171,12,0.0,37.437,-72.685
2026,2026txbel,Week 1,6672,12,-0.0,28.97,-31.482
2026,2026txbel,Week 1,5503,12,-0.0,26.469,-66.683
2026,2026txbel,Week 1,1296,12,0.0,47.527,-92.586
2026,2026txbel,Week 1,4610,12,-0.0,27.482,-48.311
2026,2026txbel,Week 1,2789,12,-0.0,35.126,-66.683
2026,2026txbel,Week 1,7271,12,-0.0,24.13,-33.173
2026,2026txbel,Week 1,2881,12,-0.0,38.706,-68.082
2026,2026txbel,Week 1,2689,12,-0.0,36.618,-68.082
2026,2026txbel,Week 1,9506,12,-0.0,24.325,-28.183
2026,2026txbel,Week 1,5103,12,-0.0,22.976,-32.116
2026,2026txbel,Week 1,7125,12,0.0,22.529,-46.692
2026,2026txbel,Week 1,436,12,-0.0,25.154,-46.692
2026,2026txbel,Week 1,9418,12,-0.0,25.947,-46.692
2026,2026txbel,Week 1,8769,12,0.0,20.926,-33.975
2026,2026txbel,Week 1,5986,12,-0.0,23.121,-48.311
2026,2026txbel,Week 1,11178,12,-0.0,24.052,-35.012
2026,2026txbel,Week 1,4364,12,-0.0,37.48,-105.885
2026,2026txbel,Week 1,2468,12,-0.0,49.29,-105.885
2026,2026txbel,Week 1,624,12,-0.0,44.839,-105.885
2026,2026txbel,Week 1,9786,12,-0.0,26.349,-31.482
2026,2026txbel,Week 1,6526,12,-0.0,25.991,-37.351
2026,2026txbel,Week 1,2687,12,-0.0,36.271,-92.586
2026,2026txbel,Week 1,2714,12,-0.0,23.098,-25.007
2026,2026txbel,Week 1,418,12,-0.0,32.157,-48.311
2026,2026txbel,Week 1,3240,12,-0.0,37.01,-92.586
2026,2026orsal,Week 1,7034,12,0.0,64.014,-164.599
2026,2026orsal,Week 1,10991,12,0.0,48.087,-77.975
2026,2026orsal,Week 1,9438,12,0.0,37.053,-72.066
2026,2026orsal,Week 1,2521,12,0.0,36.859,-74.843
2026,2026orsal,Week 1,4125,12,0.0,61.957,-164.599
2026,2026orsal,Week 1,6845,12,0.0,37.036,-91.138
2026,2026orsal,Week 1,846,12,0.0,35.91,-61.543
2026,2026orsal,Week 1,997,12,0.0,34.841,-82.402
2026,2026orsal,Week 1,9430,12,0.0,42.19,-88.295
2026,2026orsal,Week 1,4043,12,0.0,60.997,-140.3
2026,2026orsal,Week 1,749,12,0.0,28.395,-41.523
2026,2026orsal,Week 1,2926,12,0.0,30.465,-59.853
2026,2026orsal,Week 1,3674,12,0.0,32.941,-82.402
2026,2026orsal,Week 1,753,12,0.0,30.987,-48.607
2026,2026orsal,Week 1,5920,12,0.0,34.617,-42.944
2026,2026orsal,Week 1,5468,12,0.0,67.718,-140.3
2026,2026orsal,Week 1,1540,12,0.0,66.106,-164.599
2026,2026orsal,Week 1,3024,12,0.0,22.974,-48.607
2026,2026orsal,Week 1,9023,12,0.0,53.835,-77.975
2026,2026orsal,Week 1,847,12,0.0,54.998,-140.3
2026,2026orsal,Week 1,1359,12,0.0,38.587,-88.295
2026,2026orsal,Week 1,4692,12,0.0,33.876,-56.686
2026,2026orsal,Week 1,2733,12,0.0,26.923,-56.686
2026,2026orsal,Week 1,8532,12,0.0,40.948,-66.666
2026,2026orsal,Week 1,955,12,0.0,57.181,-82.402
2026,2026orsal,Week 1,3673,12,0.0,37.23,-58.67
2026,2026orsal,Week 1,2811,12,0.0,48.274,-71.504
2026,2026orsal,Week 1,9567,12,0.0,47.157,-66.666
2026,2026orsal,Week 1,6443,12,0.0,28.178,-42.944
2026,2026orsal,Week 1,4060,12,0.0,24.067,-35.135
2026,2026orsal,Week 1,3712,12,0.0,31.297,-71.504
2026,2026orsal,Week 1,6343,12,0.0,36.411,-74.843
2026,2026orsal,Week 1,6465,12,0.0,37.98,-41.523
2026,2026orsal,Week 1,2374,12,0.0,53.074,-49.377
2026,2026orsal,Week 1,4061,12,0.0,46.307,-77.975
2026,2026brba,Week 1,10345,9,-0.0,26.781,-39.927
2026,2026brba,Week 1,9049,9,0.0,22.412,-21.568
2026,2026brba,Week 1,9459,9,0.0,30.068,-48.896
2026,2026brba,Week 1,9166,9,0.0,32.952,-45.836
2026,2026brba,Week 1,10917,9,0.0,16.976,-31.732
2026,2026brba,Week 1,9484,9,0.0,34.319,-39.927
2026,2026brba,Week 1,9169,9,0.0,27.342,-41.468
2026,2026brba,Week 1,10295,9,-0.0,24.001,-41.468
2026,2026brba,Week 1,10263,9,0.0,30.064,-46.654
2026,2026brba,Week 1,7565,9,0.0,18.277,-24.367
2026,2026brba,Week 1,9047,9,0.0,23.807,-45.836
2026,2026brba,Week 1,7563,9,0.0,32.585,-47.941
2026,2026brba,Week 1,9085,9,0.0,20.376,-32.828
2026,2026brba,Week 1,7033,9,0.0,30.471,-47.941
2026,2026brba,Week 1,10356,9,0.0,21.054,-45.836
2026,2026brba,Week 1,9199,9,0.0,26.288,-48.896
2026,2026brba,Week 1,7459,9,0.0,12.375,-24.273
2026,2026brba,Week 1,9302,9,0.0,8.384,-12.448
2026,2026brba,Week 1,9162,9,0.0,19.276,-34.653
2026,2026brba,Week 1,9048,9,0.0,24.194,-28.151
2026,2026brba,Week 1,9461,9,0.0,26.401,-47.499
2026,2026brba,Week 1,9460,9,0.0,22.194,-47.499
2026,2026brba,Week 1,8066,9,0.0,24.952,-34.486
2026,2026brba,Week 1,10297,9,0.0,16.133,-24.273
2026,2026brba,Week 1,9485,9,0.0,15.109,-25.91
2026,2026brba,Week 1,9110,9,0.0,18.009,-22.282
2026,2026brba,Week 1,8882,9,0.0,16.237,-32.828
2026,2026brba,Week 1,9164,9,0.0,18.526,-26.697
2026,2026brba,Week 1,11105,9,0.0,12.593,-28.916
2026,2026brba,Week 1,9200,9,0.0,16.34,-27.417
2026,2026brba,Week 1,1860,9,0.0,19.024,-34.548
2026,2026brba,Week 1,9163,9,0.0,26.583,-34.548
2026,2026brba,Week 1,9175,9,-0.0,20.098,-34.548
2026,2026brba,Week 1,9195,9,0.0,13.7,-24.367
2026,2026brba,Week 1,9614,9,0.0,15.942,-25.171
2026,2026brba,Week 1,9458,9,0.0,14.676,-25.353
2026,2026brba,Week 1,9305,9,0.0,22.53,-39.927
2026,2026brba,Week 1,9611,9,0.0,12.828,-21.568
2026,2026brba,Week 1,9066,9,0.0,28.622,-46.654
2026,2026brba,Week 1,9617,9,0.0,16.809,-24.082
2026,2026brba,Week 1,9045,9,0.0,20.628,-28.916
2026,2026brba,Week 1,9046,9,0.0,28.528,-47.941
2026,2026brba,Week 1,9219,9,0.0,19.35,-25.171
2026,2026brba,Week 1,10291,9,0.0,31.676,-48.896
2026,2026brba,Week 1,7567,9,0.0,19.141,-26.697
2026,2026brba,Week 1,9486,9,0.0,16.759,-27.417
2026,2026brba,Week 1,9050,9,0.0,9.932,-18.515
2026,2026brba,Week 1,1156,9,0.0,25.768,-47.499
2026,2026cosp,Week 1,3648,12,0.0,26.887,-43.391
2026,2026cosp,Week 1,2996,12,0.0,40.067,-98.617
2026,2026cosp,Week 1,9134,12,0.0,40.137,-50.029
2026,2026cosp,Week 1,8334,12,0.0,31.345,-50.029
2026,2026cosp,Week 1,10114,12,0.0,45.135,-69.836
2026,2026cosp,Week 1,662,12,0.0,33.764,-52.413
2026,2026cosp,Week 1,4293,12,0.0,43.737,-100.783
2026,2026cosp,Week 1,3807,12,0.0,24.306,-36.725
2026,2026cosp,Week 1,9586,12,0.0,56.853,-87.823
2026,2026cosp,Week 1,4068,12,-0.0,27.677,-41.754
2026,2026cosp,Week 1,1977,12,0.0,49.831,-111.093
2026,2026cosp,Week 1,4944,12,0.0,70.192,-98.617
2026,2026cosp,Week 1,2945,12,0.0,48.959,-73.457
2026,2026cosp,Week 1,9501,12,0.0,38.382,-69.836
2026,2026cosp,Week 1,4183,12,0.0,40.23,-71.688
2026,2026cosp,Week 1,10333,12,0.0,38.115,-74.633
2026,2026cosp,Week 1,4499,12,0.0,58.708,-111.093
2026,2026cosp,Week 1,3288,12,0.0,38.688,-42.493
2026,2026cosp,Week 1,9068,12,0.0,59.481,-83.989
2026,2026cosp,Week 1,4388,12,0.0,39.887,-56.93
2026,2026cosp,Week 1,2240,12,0.0,49.103,-87.823
2026,2026cosp,Week 1,1339,12,0.0,48.607,-111.093
2026,2026cosp,Week 1,4550,12,0.0,25.329,-41.959
2026,2026cosp,Week 1,4418,12,0.0,35.977,-49.6
2026,2026cosp,Week 1,498,12,0.0,71.101,-144.96
2026,2026cosp,Week 1,2083,12,0.0,65.784,-144.96
2026,2026cosp,Week 1,8044,12,0.0,64.163,-144.96
2026,2026cosp,Week 1,5493,12,0.0,58.901,-100.8
2026,2026cosp,Week 1,159,12,0.0,42.702,-100.8
2026,2026cosp,Week 1,1619,12,0.0,58.253,-100.8
2026,2026cosp,Week 1,6358,12,0.0,25.991,-41.959
2026,2026cosp,Week 1,11220,12,0.0,48.116,-100.783
2026,2026cosp,Week 1,7485,12,0.0,38.137,-48.398
2026,2026tuis2,Week 1,9610,12,0.0,29.05,-50.264
2026,2026tuis2,Week 1,6948,12,-0.0,37.412,-88.196
2026,2026tuis2,Week 1,9079,12,-0.0,42.114,-72.865
2026,2026tuis2,Week 1,7632,12,-0.0,52.455,-115.885
2026,2026tuis2,Week 1,11401,12,0.0,39.318,-60.313
2026,2026tuis2,Week 1,10914,12,0.0,40.636,-72.865
2026,2026tuis2,Week 1,6417,12,0.0,39.807,-72.865
2026,2026tuis2,Week 1,10261,12,-0.0,19.555,-35.624
2026,2026tuis2,Week 1,7672,12,-0.0,26.9,-75.088
2026,2026tuis2,Week 1,9427,12,-0.0,49.803,-91.091
2026,2026tuis2,Week 1,6988,12,-0.0,34.256,-56.855
2026,2026tuis2,Week 1,7729,12,-0.0,31.933,-56.855
2026,2026tuis2,Week 1,9001,12,0.0,59.215,-115.885
2026,2026tuis2,Week 1,10213,12,0.0,28.881,-35.624
2026,2026tuis2,Week 1,11166,12,-0.0,26.979,-58.954
2026,2026tuis2,Week 1,9583,12,-0.0,41.441,-115.885
2026,2026tuis2,Week 1,8725,12,0.0,47.156,-116.45
2026,2026tuis2,Week 1,5665,12,-0.0,28.104,-58.954
2026,2026tuis2,Week 1,11095,12,-0.0,49.38,-75.088
2026,2026tuis2,Week 1,10244,12,-0.0,34.194,-50.049
2026,2026tuis2,Week 1,9468,12,-0.0,16.367,-43.121
2026,2026tuis2,Week 1,5773,12,-0.0,46.969,-67.875
2026,2026tuis2,Week 1,9441,12,-0.0,50.564,-91.091
2026,2026tuis2,Week 1,6838,12,-0.0,32.822,-67.875
2026,2026tuis2,Week 1,5883,12,-0.0,43.312,-60.926
2026,2026tuis2,Week 1,10428,12,-0.0,41.629,-60.926
2026,2026tuis2,Week 1,8169,12,-0.0,50.42,-116.45
2026,2026tuis2,Week 1,11365,12,0.0,27.42,-50.718
2026,2026tuis2,Week 1,11164,12,0.0,30.609,-50.049
2026,2026tuis2,Week 1,11266,12,0.0,26.973,-60.313
2026,2026tuis2,Week 1,11255,12,-0.0,38.968,-75.088
2026,2026tuis2,Week 1,6431,12,0.0,65.555,-116.45
2026,2026tuis2,Week 1,10920,12,-0.0,32.695,-52.433
2026,2026inmis,Week 1,328,12,0.0,24.779,-48.906
2026,2026inmis,Week 1,135,12,0.0,44.581,-123.424
2026,2026inmis,Week 1,829,12,0.0,28.106,-36.663
2026,2026inmis,Week 1,8432,12,0.0,28.277,-68.315
2026,2026inmis,Week 1,8103,12,0.0,24.648,-40.381
2026,2026inmis,Week 1,8431,12,0.0,30.71,-57.147
2026,2026inmis,Week 1,1646,12,-0.0,46.888,-123.424
2026,2026inmis,Week 1,447,12,0.0,33.061,-68.315
2026,2026inmis,Week 1,5402,12,0.0,25.845,-46.719
2026,2026inmis,Week 1,7477,12,0.0,17.437,-22.278
2026,2026inmis,Week 1,1555,12,0.0,25.496,-40.381
2026,2026inmis,Week 1,9071,12,0.0,30.218,-48.426
2026,2026inmis,Week 1,4272,12,0.0,46.244,-114.432
2026,2026inmis,Week 1,3176,12,0.0,51.481,-114.432
2026,2026inmis,Week 1,461,12,0.0,57.014,-114.432
2026,2026inmis,Week 1,9119,12,0.0,32.086,-68.082
2026,2026inmis,Week 1,1501,12,0.0,34.906,-68.082
2026,2026inmis,Week 1,3865,12,0.0,36.224,-68.082
2026,2026inmis,Week 1,9554,12,0.0,32.973,-43.378
2026,2026inmis,Week 1,10434,12,-0.0,26.541,-68.315
2026,2026inmis,Week 1,45,12,-0.0,28.878,-46.719
2026,2026inmis,Week 1,9530,12,0.0,23.289,-29.342
2026,2026inmis,Week 1,3494,12,0.0,43.355,-92.411
2026,2026inmis,Week 1,6721,12,0.0,22.54,-33.479
2026,2026inmis,Week 1,2197,12,0.0,28.435,-48.906
2026,2026inmis,Week 1,2867,12,0.0,27.045,-57.147
2026,2026inmis,Week 1,3940,12,0.0,35.799,-49.134
2026,2026inmis,Week 1,3936,12,0.0,16.807,-19.945
2026,2026inmis,Week 1,9431,12,0.0,27.144,-50.316
2026,2026inmis,Week 1,1024,12,0.0,24.985,-48.426
2026,2026inmis,Week 1,3147,12,0.0,28.611,-35.085
2026,2026inmis,Week 1,71,12,0.0,27.003,-43.378
2026,2026inmis,Week 1,7457,12,-0.0,59.463,-123.424
2026,2026inmis,Week 1,10029,12,0.0,32.245,-50.316
2026,2026inmis,Week 1,9453,12,0.0,28.497,-41.928
2026,2026inmis,Week 1,5484,12,0.0,19.247,-32.579
2026,2026inmis,Week 1,10411,12,-0.0,28.514,-50.316
2026,2026inmis,Week 1,10332,12,0.0,25.634,-49.134
2026,2026inmis,Week 1,5010,12,0.0,33.43,-48.906
2026,2026mabil,Week 1,175,12,-0.0,48.044,-109.747
2026,2026mabil,Week 1,1071,12,-0.0,30.428,-45.386
2026,2026mabil,Week 1,5347,12,0.0,35.038,-87.562
2026,2026mabil,Week 1,1119,12,0.0,37.607,-61.715
2026,2026mabil,Week 1,3464,12,0.0,28.177,-61.715
2026,2026mabil,Week 1,9644,12,-0.0,57.768,-87.793
2026,2026mabil,Week 1,3566,12,0.0,46.888,-60.816
2026,2026mabil,Week 1,4169,12,0.0,46.61,-123.401
2026,2026mabil,Week 1,1735,12,0.0,35.688,-59.942
2026,2026mabil,Week 1,8013,12,0.0,32.252,-87.562
2026,2026mabil,Week 1,3182,12,0.0,28.028,-54.279
2026,2026mabil,Week 1,4905,12,0.0,34.851,-31.05
2026,2026mabil,Week 1,1099,12,0.0,50.435,-123.401
2026,2026mabil,Week 1,6620,12,0.0,44.869,-87.793
2026,2026mabil,Week 1,10063,12,0.0,31.217,-53.52
2026,2026mabil,Week 1,3467,12,0.0,73.493,-123.401
2026,2026mabil,Week 1,5422,12,0.0,42.901,-59.942
2026,2026mabil,Week 1,5902,12,-0.0,51.292,-109.747
2026,2026mabil,Week 1,6328,12,0.0,61.779,-87.793
2026,2026mabil,Week 1,2064,12,0.0,24.192,-30.787
2026,2026mabil,Week 1,5962,12,0.0,12.688,-25.479
2026,2026mabil,Week 1,9729,12,0.0,37.936,-62.908
2026,2026mabil,Week 1,1768,12,0.0,33.544,-59.319
2026,2026mabil,Week 1,8708,12,-0.0,36.592,-44.488
2026,2026mabil,Week 1,10393,12,0.0,46.954,-83.764
2026,2026mabil,Week 1,3623,12,0.0,26.296,-59.942
2026,2026mabil,Week 1,4909,12,0.0,28.605,-60.816
2026,2026mabil,Week 1,157,12,0.0,34.641,-54.279
2026,2026mabil,Week 1,663,12,0.0,32.863,-54.279
2026,2026mefal,Week 1,11336,12,-0.0,26.599,-45.186
2026,2026mefal,Week 1,4473,12,0.0,35.406,-47.653
2026,2026mefal,Week 1,7407,12,-0.0,53.841,-114.906
2026,2026mefal,Week 1,6329,12,0.0,49.455,-120.548
2026,2026mefal,Week 1,2648,12,0.0,61.334,-120.548
2026,2026mefal,Week 1,4564,12,0.0,37.997,-55.707
2026,2026mefal,Week 1,5687,12,0.0,66.156,-107.297
2026,2026mefal,Week 1,3597,12,0.0,57.406,-120.548
2026,2026mefal,Week 1,11131,12,0.0,23.291,-35.403
2026,2026mefal,Week 1,6691,12,0.0,46.132,-64.764
2026,2026mefal,Week 1,6153,12,0.0,50.555,-114.906
2026,2026mefal,Week 1,8023,12,0.0,35.212,-58.09
2026,2026mefal,Week 1,172,12,-0.0,46.715,-114.906
2026,2026mefal,Week 1,1307,12,0.0,44.964,-78.234
2026,2026mefal,Week 1,8046,12,0.0,41.83,-89.561
2026,2026mefal,Week 1,4041,12,-0.0,32.671,-68.491
2026,2026mefal,Week 1,190,12,0.0,52.707,-107.297
2026,2026mefal,Week 1,8410,12,0.0,36.871,-50.016
2026,2026mefal,Week 1,7907,12,0.0,40.186,-49.916
2026,2026mefal,Week 1,61,12,0.0,52.87,-107.297
2026,2026miche,Week 1,6570,12,0.0,22.16,-31.313
2026,2026miche,Week 1,5046,12,-0.0,32.826,-71.061
2026,2026miche,Week 1,6591,12,-0.0,29.428,-44.626
2026,2026miche,Week 1,10285,12,-0.0,26.598,-39.391
2026,2026miche,Week 1,5530,12,0.0,23.02,-28.427
2026,2026miche,Week 1,10607,12,-0.0,31.212,-72.717
2026,2026miche,Week 1,1076,12,-0.0,36.883,-72.457
2026,2026miche,Week 1,3656,12,0.0,37.694,-72.457
2026,2026miche,Week 1,8373,12,0.0,40.0,-72.457
2026,2026miche,Week 1,5460,12,0.0,44.259,-81.677
2026,2026miche,Week 1,1502,12,-0.0,40.584,-81.677
2026,2026miche,Week 1,11437,12,0.0,36.579,-81.677
2026,2026miche,Week 1,8832,12,-0.0,33.234,-71.061
2026,2026miche,Week 1,8300,12,0.0,22.363,-43.418
2026,2026miche,Week 1,240,12,-0.0,28.449,-72.717
2026,2026miche,Week 1,4216,12,0.0,37.856,-52.628
2026,2026miche,Week 1,8124,12,0.0,26.872,-56.542
2026,2026miche,Week 1,11387,12,0.0,33.569,-36.098
2026,2026miche,Week 1,9618,12,-0.0,31.652,-62.3
2026,2026miche,Week 1,7056,12,0.0,25.559,-47.967
2026,2026miche,Week 1,5567,12,0.0,22.016,-55.214
2026,2026miche,Week 1,5314,12,0.0,30.674,-66.507
2026,2026miche,Week 1,6081,12,0.0,25.957,-43.418
2026,2026miche,Week 1,2611,12,0.0,22.861,-34.171
2026,2026miche,Week 1,3641,12,0.0,34.418,-66.507
2026,2026miche,Week 1,7197,12,0.0,26.623,-39.024
2026,2026miche,Week 1,302,12,-0.0,40.799,-52.628
2026,2026miche,Week 1,7501,12,0.0,36.287,-55.214
2026,2026miche,Week 1,5708,12,0.0,24.877,-40.813
2026,2026miche,Week 1,9204,12,-0.0,30.035,-47.967
2026,2026miche,Week 1,5260,12,0.0,25.108,-56.542
2026,2026miche,Week 1,503,12,-0.0,38.951,-72.717
2026,2026miche,Week 1,5144,12,0.0,28.966,-47.526
2026,2026miche,Week 1,9210,12,0.0,30.5,-66.507
2026,2026miche,Week 1,8374,12,0.0,33.381,-39.024
2026,2026miche,Week 1,27,12,0.0,54.448,-71.061
2026,2026miche,Week 1,3668,12,-0.0,32.625,-52.628
2026,2026miche,Week 1,5205,12,0.0,30.203,-62.3
2026,2026miche,Week 1,11505,12,0.0,22.173,-44.626
2026,2026mimtp,Week 1,8286,12,-0.0,17.156,-32.509
2026,2026mimtp,Week 1,9673,12,-0.0,26.919,-64.127
2026,2026mimtp,Week 1,2405,12,-0.0,19.964,-36.487
2026,2026mimtp,Week 1,10978,12,-0.0,29.39,-52.535
2026,2026mimtp,Week 1,6533,12,-0.0,17.751,-31.58
2026,2026mimtp,Week 1,9662,12,-0.0,23.905,-40.272
2026,2026mimtp,Week 1,7195,12,-0.0,39.11,-43.915
2026,2026mimtp,Week 1,3688,12,-0.0,26.32,-42.829
2026,2026mimtp,Week 1,9650,12,-0.0,25.521,-42.829
2026,2026mimtp,Week 1,5162,12,-0.0,24.302,-52.535
2026,2026mimtp,Week 1,10613,12,-0.0,26.286,-43.915
2026,2026mimtp,Week 1,6071,12,-0.0,22.683,-35.228
2026,2026mimtp,Week 1,4422,12,-0.0,27.587,-40.272
2026,2026mimtp,Week 1,6642,12,-0.0,23.526,-29.373
2026,2026mimtp,Week 1,7166,12,-0.0,31.219,-58.767
2026,2026mimtp,Week 1,5084,12,-0.0,16.923,-26.833
2026,2026mimtp,Week 1,3655,12,-0.0,16.646,-31.58
2026,2026mimtp,Week 1,3767,12,-0.0,43.792,-95.926
2026,2026mimtp,Week 1,7210,12,-0.0,31.927,-54.063
2026,2026mimtp,Week 1,9661,12,-0.0,40.536,-95.926
2026,2026mimtp,Week 1,6100,12,-0.0,24.386,-41.785
2026,2026mimtp,Week 1,9594,12,-0.0,17.126,-39.139
2026,2026mimtp,Week 1,6033,12,-0.0,21.667,-39.139
2026,2026mimtp,Week 1,1711,12,-0.0,24.977,-39.139
2026,2026mimtp,Week 1,10614,12,-0.0,23.307,-61.843
2026,2026mimtp,Week 1,7109,12,-0.0,30.919,-61.843
2026,2026mimtp,Week 1,5436,12,-0.0,28.09,-61.843
2026,2026mimtp,Week 1,2337,12,-0.0,44.356,-81.533
2026,2026mimtp,Week 1,8873,12,-0.0,35.21,-81.533
2026,2026mimtp,Week 1,573,12,-0.0,33.509,-81.533
2026,2026mimtp,Week 1,5234,12,-0.0,16.791,-23.646
2026,2026mimtp,Week 1,4381,12,-0.0,40.686,-95.926
2026,2026mimtp,Week 1,5110,12,-0.0,25.62,-36.487
2026,2026mimtp,Week 1,5697,12,-0.0,22.296,-43.915
2026,2026mimtp,Week 1,5982,12,-0.0,22.838,-36.739
2026,2026mimtp,Week 1,9568,12,-0.0,40.18,-64.127
2026,2026mimtp,Week 1,9755,12,-0.0,20.526,-35.228
2026,2026mimtp,Week 1,9773,12,-0.0,16.882,-33.732
2026,2026mimtp,Week 1,5231,12,-0.0,22.929,-28.564
2026,2026mimtp,Week 1,5235,12,-0.0,21.407,-28.155
2026,2026nccab,Week 1,3196,12,0.0,19.717,-35.992
2026,2026nccab,Week 1,8727,12,0.0,26.883,-34.431
2026,2026nccab,Week 1,8746,12,0.0,23.644,-34.099
2026,2026nccab,Week 1,900,12,0.0,28.948,-40.966
2026,2026nccab,Week 1,5727,12,0.0,32.538,-64.469
2026,2026nccab,Week 1,9198,12,0.0,24.472,-40.966
2026,2026nccab,Week 1,6500,12,0.0,34.196,-56.11
2026,2026nccab,Week 1,6894,12,0.0,27.098,-41.629
2026,2026nccab,Week 1,5511,12,-0.0,13.281,-22.478
2026,2026nccab,Week 1,9605,12,0.0,25.65,-45.227
2026,2026nccab,Week 1,9298,12,0.0,30.298,-45.227
2026,2026nccab,Week 1,10248,12,0.0,29.557,-45.227
2026,2026nccab,Week 1,4935,12,0.0,31.721,-53.578
2026,2026nccab,Week 1,2724,12,0.0,25.037,-56.11
2026,2026nccab,Week 1,2640,12,0.0,25.484,-54.843
2026,2026nccab,Week 1,9762,12,0.0,25.339,-54.348
2026,2026nccab,Week 1,9150,12,0.0,21.009,-34.431
2026,2026nccab,Week 1,6932,12,0.0,22.328,-54.843
2026,2026nccab,Week 1,11377,12,0.0,17.06,-23.461
2026,2026nccab,Week 1,4534,12,0.0,36.527,-54.843
2026,2026nccab,Week 1,10412,12,0.0,26.103,-34.431
2026,2026nccab,Week 1,1225,12,0.0,29.374,-54.348
2026,2026nccab,Week 1,10704,12,0.0,17.733,-34.099
2026,2026nccab,Week 1,9005,12,0.0,29.217,-53.578
2026,2026nccab,Week 1,10107,12,0.0,30.913,-39.181
2026,2026nccab,Week 1,3680,12,0.0,24.97,-56.11
2026,2026nccab,Week 1,3506,12,0.0,33.023,-64.469
2026,2026nccab,Week 1,8757,12,0.0,26.981,-64.469
2026,2026ncwak,Week 1,8429,12,-0.0,36.487,-49.266
2026,2026ncwak,Week 1,3229,12,-0.0,17.497,-32.982
2026,2026ncwak,Week 1,9788,12,-0.0,37.208,-56.883
2026,2026ncwak,Week 1,3336,12,-0.0,24.711,-54.9
2026,2026ncwak,Week 1,4828,12,-0.0,43.415,-56.883
2026,2026ncwak,Week 1,6502,12,-0.0,31.132,-54.9
2026,2026ncwak,Week 1,9042,12,-0.0,32.101,-34.607
2026,2026ncwak,Week 1,11161,12,-0.0,20.848,-38.955
2026,2026ncwak,Week 1,10302,12,-0.0,37.216,-48.749
2026,2026ncwak,Week 1,6240,12,-0.0,20.266,-30.872
2026,2026ncwak,Week 1,8738,12,-0.0,36.525,-45.72
2026,2026ncwak,Week 1,3459,12,-0.0,28.029,-36.077
2026,2026ncwak,Week 1,11179,12,-0.0,29.686,-56.883
2026,2026ncwak,Week 1,10354,12,-0.0,35.37,-48.398
2026,2026ncwak,Week 1,10072,12,-0.0,26.436,-32.109
2026,2026ncwak,Week 1,5919,12,-0.0,29.319,-45.219
2026,2026ncwak,Week 1,2059,12,-0.0,39.635,-49.266
2026,2026ncwak,Week 1,587,12,-0.0,27.307,-45.219
2026,2026ncwak,Week 1,4795,12,-0.0,26.948,-52.139
2026,2026ncwak,Week 1,4816,12,-0.0,19.821,-33.422
2026,2026ncwak,Week 1,4561,12,-0.0,35.293,-47.643
2026,2026ncwak,Week 1,5160,12,-0.0,29.039,-34.262
2026,2026ncwak,Week 1,435,12,-0.0,19.239,-28.342
2026,2026ncwak,Week 1,9789,12,-0.0,31.922,-52.139
2026,2026ncwak,Week 1,11285,12,-0.0,25.706,-38.955
2026,2026ncwak,Week 1,10121,12,-0.0,23.124,-48.398
2026,2026ncwak,Week 1,9559,12,-0.0,37.131,-41.015
2026,2026ncwak,Week 1,4861,12,-0.0,22.488,-45.72
2026,2026ncwak,Week 1,11353,12,-0.0,20.285,-34.262
2026,2026njwas,Week 1,5992,12,0.0,30.029,-52.884
2026,2026njwas,Week 1,1676,12,0.0,38.117,-86.236
2026,2026njwas,Week 1,193,12,0.0,33.16,-61.353
2026,2026njwas,Week 1,430,12,0.0,35.999,-61.353
2026,2026njwas,Week 1,10995,12,0.0,17.473,-44.027
2026,2026njwas,Week 1,8117,12,0.0,21.585,-44.027
2026,2026njwas,Week 1,8706,12,0.0,25.052,-25.886
2026,2026njwas,Week 1,1672,12,-0.0,36.79,-83.753
2026,2026njwas,Week 1,9015,12,-0.0,20.091,-28.214
2026,2026njwas,Week 1,3637,12,-0.0,41.967,-97.687
2026,2026njwas,Week 1,1279,12,0.0,48.328,-67.894
2026,2026njwas,Week 1,6016,12,0.0,34.356,-67.894
2026,2026njwas,Week 1,11,12,-0.0,29.561,-86.236
2026,2026njwas,Week 1,752,12,0.0,35.748,-91.469
2026,2026njwas,Week 1,4285,12,0.0,25.286,-51.517
2026,2026njwas,Week 1,6945,12,0.0,18.112,-25.152
2026,2026njwas,Week 1,5895,12,0.0,38.031,-83.753
2026,2026njwas,Week 1,4361,12,-0.0,44.047,-97.687
2026,2026njwas,Week 1,1811,12,0.0,22.55,-49.872
2026,2026njwas,Week 1,219,12,0.0,23.326,-49.872
2026,2026njwas,Week 1,222,12,-0.0,32.297,-51.517
2026,2026njwas,Week 1,9116,12,-0.0,15.708,-26.731
2026,2026njwas,Week 1,3142,12,-0.0,24.161,-47.878
2026,2026njwas,Week 1,8513,12,0.0,64.154,-97.687
2026,2026njwas,Week 1,555,12,-0.0,25.771,-36.931
2026,2026njwas,Week 1,8771,12,-0.0,18.362,-36.931
2026,2026njwas,Week 1,41,12,0.0,17.788,-36.931
2026,2026njwas,Week 1,223,12,0.0,40.579,-91.469
2026,2026njwas,Week 1,316,12,0.0,38.725,-67.08
2026,2026njwas,Week 1,8707,12,-0.0,50.729,-83.753
2026,2026pahat,Week 1,4575,12,0.0,36.088,-52.834
2026,2026pahat,Week 1,709,12,0.0,30.335,-60.811
2026,2026pahat,Week 1,2607,12,0.0,20.736,-29.986
2026,2026pahat,Week 1,486,12,0.0,26.98,-52.834
2026,2026pahat,Week 1,862,12,0.0,31.051,-40.077
2026,2026pahat,Week 1,5684,12,0.0,22.423,-37.619
2026,2026pahat,Week 1,11366,12,-0.0,29.65,-70.614
2026,2026pahat,Week 1,10070,12,0.0,33.686,-48.998
2026,2026pahat,Week 1,9014,12,0.0,29.207,-52.834
2026,2026pahat,Week 1,10584,12,0.0,20.101,-29.762
2026,2026pahat,Week 1,10979,12,0.0,27.578,-29.762
2026,2026pahat,Week 1,10993,12,0.0,36.364,-90.599
2026,2026pahat,Week 1,708,12,0.0,26.783,-60.811
2026,2026pahat,Week 1,5181,12,0.0,18.629,-28.801
2026,2026pahat,Week 1,1626,12,-0.0,31.933,-56.038
2026,2026pahat,Week 1,1089,12,0.0,39.906,-47.393
2026,2026pahat,Week 1,10400,12,0.0,26.174,-47.393
2026,2026pahat,Week 1,321,12,0.0,22.437,-47.393
2026,2026pahat,Week 1,1168,12,0.0,23.332,-44.694
2026,2026pahat,Week 1,5113,12,0.0,25.413,-44.863
2026,2026pahat,Week 1,9027,12,0.0,44.857,-124.741
2026,2026pahat,Week 1,427,12,0.0,23.044,-48.998
2026,2026pahat,Week 1,6808,12,0.0,40.823,-33.399
2026,2026pahat,Week 1,2234,12,0.0,11.393,-20.576
2026,2026pahat,Week 1,7110,12,0.0,44.466,-124.741
2026,2026pahat,Week 1,2559,12,0.0,31.736,-44.694
2026,2026pahat,Week 1,816,12,0.0,29.582,-70.614
2026,2026pahat,Week 1,2095,12,0.0,26.971,-60.42
2026,2026pahat,Week 1,341,12,-0.0,75.191,-124.741
2026,2026pahat,Week 1,272,12,-0.0,27.061,-60.42
2026,2026pahat,Week 1,6226,12,0.0,33.269,-90.599
2026,2026pahat,Week 1,2458,12,0.0,19.953,-48.998
2026,2026pahat,Week 1,2539,12,-0.0,38.087,-56.038
2026,2026vaale,Week 1,2186,12,0.0,40.002,-53.071
2026,2026vaale,Week 1,10449,12,-0.0,27.29,-47.436
2026,2026vaale,Week 1,1885,12,-0.0,30.083,-64.107
2026,2026vaale,Week 1,539,12,-0.0,23.845,-40.067
2026,2026vaale,Week 1,6882,12,-0.0,27.511,-55.837
2026,2026vaale,Week 1,122,12,-0.0,26.788,-45.679
2026,2026vaale,Week 1,4099,12,-0.0,26.891,-37.451
2026,2026vaale,Week 1,3258,12,-0.0,21.647,-33.981
2026,2026vaale,Week 1,9403,12,-0.0,26.89,-62.786
2026,2026vaale,Week 1,2028,12,-0.0,41.909,-54.117
2026,2026vaale,Week 1,8326,12,0.0,28.233,-40.135
2026,2026vaale,Week 1,8230,12,-0.0,21.04,-40.135
2026,2026vaale,Week 1,449,12,0.0,60.265,-78.724
2026,2026vaale,Week 1,2988,12,0.0,32.904,-68.316
2026,2026vaale,Week 1,2068,12,-0.0,33.376,-68.316
2026,2026vaale,Week 1,526,12,-0.0,26.343,-31.583
2026,2026vaale,Week 1,116,12,-0.0,32.83,-64.107
2026,2026vaale,Week 1,4472,12,0.0,33.333,-78.724
2026,2026vaale,Week 1,1895,12,-0.0,22.948,-36.578
2026,2026vaale,Week 1,2890,12,-0.0,35.281,-56.055
2026,2026vaale,Week 1,3136,12,-0.0,38.275,-78.724
2026,2026vaale,Week 1,612,12,0.0,21.429,-41.779
2026,2026vaale,Week 1,5587,12,-0.0,32.243,-49.534
2026,2026vaale,Week 1,2363,12,-0.0,21.933,-41.779
2026,2026vaale,Week 1,9072,12,0.0,46.865,-67.712
2026,2026vaale,Week 1,5338,12,-0.0,31.698,-67.712
2026,2026vaale,Week 1,4638,12,-0.0,43.389,-67.712
2026,2026vaale,Week 1,5549,12,-0.0,52.755,-101.178
2026,2026vaale,Week 1,1908,12,-0.0,39.087,-101.178
2026,2026vaale,Week 1,5353,12,-0.0,46.048,-101.178
2026,2026vaale,Week 1,2534,12,0.0,28.918,-56.055
2026,2026vaale,Week 1,2377,12,-0.0,25.791,-49.534
2026,2026vaale,Week 1,1793,12,-0.0,33.48,-38.948
2026,2026vaale,Week 1,5243,12,-0.0,31.963,-60.428
2026,2026vaale,Week 1,1731,12,-0.0,37.404,-62.786
2026,2026vaale,Week 1,2963,12,-0.0,32.063,-60.428
2026,2026vaale,Week 1,3359,12,-0.0,37.381,-54.117
2026,2026vaale,Week 1,611,12,-0.0,40.76,-59.459
2026,2026vaale,Week 1,3373,12,0.0,31.751,-55.837
2026,2026vaale,Week 1,620,12,-0.0,20.846,-32.896
2026,2026wiply,Week 1,1714,12,0.0,52.911,-110.625
2026,2026wiply,Week 1,1306,12,0.0,60.307,-110.625
2026,2026wiply,Week 1,3418,12,0.0,46.777,-110.625
2026,2026wiply,Week 1,2202,12,-0.0,28.941,-70.368
2026,2026wiply,Week 1,7915,12,0.0,27.998,-44.497
2026,2026wiply,Week 1,6381,12,0.0,33.603,-57.213
2026,2026wiply,Week 1,10430,12,0.0,18.613,-34.597
2026,2026wiply,Week 1,2077,12,0.0,30.859,-65.845
2026,2026wiply,Week 1,6318,12,0.0,33.727,-54.961
2026,2026wiply,Week 1,8531,12,0.0,33.546,-39.303
2026,2026wiply,Week 1,10522,12,-0.0,33.636,-36.452
2026,2026wiply,Week 1,2506,12,0.0,28.571,-57.213
2026,2026wiply,Week 1,6574,12,0.0,31.934,-54.961
2026,2026wiply,Week 1,1675,12,-0.0,23.409,-27.953
2026,2026wiply,Week 1,1732,12,0.0,37.604,-65.845
2026,2026wiply,Week 1,3197,12,0.0,46.388,-70.368
2026,2026wiply,Week 1,7900,12,0.0,33.055,-54.63
2026,2026wiply,Week 1,8847,12,-0.0,22.472,-33.938
2026,2026wiply,Week 1,9149,12,-0.0,33.185,-54.334
2026,2026wiply,Week 1,8701,12,0.0,20.119,-39.882
2026,2026wiply,Week 1,6421,12,-0.0,21.945,-39.882
2026,2026wiply,Week 1,1091,12,-0.0,19.999,-33.938
2026,2026wiply,Week 1,1220,12,-0.0,35.444,-49.405
2026,2026wiply,Week 1,2143,12,-0.0,22.106,-41.036
2026,2026wiply,Week 1,537,12,0.0,22.83,-34.645
2026,2026wiply,Week 1,930,12,0.0,33.465,-70.368
2026,2026wiply,Week 1,4021,12,-0.0,29.063,-54.334
2026,2026wiply,Week 1,4786,12,0.0,34.734,-57.213
2026,2026wiply,Week 1,6223,12,0.0,37.123,-54.63
2026,2026wiply,Week 1,2062,12,0.0,42.832,-47.574
2026,2026wiply,Week 1,8024,12,0.0,35.791,-84.9
2026,2026wiply,Week 1,7619,12,0.0,23.358,-41.036
2026,2026wiply,Week 1,3596,12,-0.0,35.088,-84.9
2026,2026cahal,Week 1,1458,12,-0.0,42.887,-46.4
2026,2026cahal,Week 1,6981,12,-0.0,30.759,-45.514
2026,2026cahal,Week 1,2473,12,-0.0,91.988,-270.731
2026,2026cahal,Week 1,971,12,-0.0,86.247,-270.731
2026,2026cahal,Week 1,10059,12,-0.0,49.219,-90.635
2026,2026cahal,Week 1,9584,12,-0.0,27.14,-45.514
2026,2026cahal,Week 1,6305,12,-0.0,25.313,-35.138
2026,2026cahal,Week 1,1678,12,-0.0,90.862,-270.731
2026,2026cahal,Week 1,10252,12,-0.0,32.485,-36.801
2026,2026cahal,Week 1,7607,12,-0.0,31.931,-45.514
2026,2026cahal,Week 1,3257,12,-0.0,44.897,-90.635
2026,2026cahal,Week 1,5924,12,-0.0,32.085,-50.791
2026,2026cahal,Week 1,9470,12,-0.0,50.196,-90.635
2026,2026cahal,Week 1,1857,12,-0.0,31.336,-41.623
2026,2026cahal,Week 1,7419,12,-0.0,52.933,-123.731
2026,2026cahal,Week 1,7413,12,-0.0,36.391,-68.72
2026,2026cahal,Week 1,3598,12,-0.0,43.866,-46.324
2026,2026cahal,Week 1,4990,12,-0.0,33.442,-46.324
2026,2026cahal,Week 1,1452,12,-0.0,32.71,-68.72
2026,2026cahal,Week 1,5760,12,-0.0,29.733,-39.581
2026,2026cahal,Week 1,8793,12,-0.0,58.354,-123.731
2026,2026cahal,Week 1,604,12,-0.0,64.461,-123.731
2026,2026cahal,Week 1,670,12,-0.0,46.593,-79.959
2026,2026cahal,Week 1,3045,12,-0.0,37.724,-79.959
2026,2026cahal,Week 1,852,12,-0.0,36.824,-46.4
2026,2026cahal,Week 1,4171,12,-0.0,36.754,-50.791
2026,2026capoh,Week 1,8060,11,-0.0,30.216,-36.49
2026,2026capoh,Week 1,5817,11,-0.0,42.521,-94.283
2026,2026capoh,Week 1,4079,11,-0.0,30.767,-45.336
2026,2026capoh,Week 1,9772,11,0.0,27.192,-48.623
2026,2026capoh,Week 1,1159,11,-0.0,42.153,-79.76
2026,2026capoh,Week 1,3863,11,-0.0,43.393,-92.623
2026,2026capoh,Week 1,4160,11,0.0,35.786,-80.106
2026,2026capoh,Week 1,3255,11,0.0,47.876,-80.106
2026,2026capoh,Week 1,6764,11,0.0,36.091,-80.106
2026,2026capoh,Week 1,3647,11,0.0,39.38,-95.515
2026,2026capoh,Week 1,9452,11,-0.0,46.539,-95.515
2026,2026capoh,Week 1,1138,11,-0.0,46.382,-95.515
2026,2026capoh,Week 1,2584,11,0.0,27.006,-33.509
2026,2026capoh,Week 1,702,11,0.0,32.848,-45.239
2026,2026capoh,Week 1,4019,11,0.0,16.261,-23.091
2026,2026capoh,Week 1,10147,11,0.0,28.729,-23.782
2026,2026capoh,Week 1,7157,11,-0.0,35.538,-33.509
2026,2026capoh,Week 1,5805,11,-0.0,48.169,-121.347
2026,2026capoh,Week 1,5136,11,-0.0,31.412,-45.336
2026,2026capoh,Week 1,3328,11,-0.0,50.253,-121.347
2026,2026capoh,Week 1,5025,11,-0.0,34.082,-40.732
2026,2026capoh,Week 1,1148,11,-0.0,24.543,-48.623
2026,2026capoh,Week 1,4711,11,-0.0,21.802,-27.053
2026,2026capoh,Week 1,2485,11,-0.0,32.812,-47.801
2026,2026capoh,Week 1,2710,11,0.0,39.946,-47.801
2026,2026capoh,Week 1,3759,11,0.0,22.792,-32.083
2026,2026capoh,Week 1,3473,11,0.0,25.854,-28.551
2026,2026capoh,Week 1,6515,11,0.0,28.638,-34.473
2026,2026capoh,Week 1,2984,11,0.0,48.768,-143.748
2026,2026capoh,Week 1,8,11,-0.0,42.119,-94.283
2026,2026capoh,Week 1,399,11,0.0,35.315,-49.064
2026,2026capoh,Week 1,3020,11,0.0,20.321,-27.053
2026,2026capoh,Week 1,2637,11,0.0,28.43,-36.49
2026,2026capoh,Week 1,7327,11,0.0,19.248,-20.89
2026,2026capoh,Week 1,968,11,0.0,30.457,-49.064
2026,2026capoh,Week 1,9084,11,0.0,47.574,-94.283
2026,2026capoh,Week 1,2429,11,-0.0,28.269,-50.433
2026,2026capoh,Week 1,6657,11,-0.0,50.678,-92.623
2026,2026capoh,Week 1,4276,11,-0.0,47.563,-143.748
2026,2026capoh,Week 1,3128,11,-0.0,85.096,-143.748
2026,2026capoh,Week 1,10166,11,0.0,35.815,-70.931
2026,2026capoh,Week 1,1972,11,-0.0,37.303,-70.931
2026,2026wabon,Week 1,10416,12,-0.0,45.253,-70.609
2026,2026wabon,Week 1,492,12,-0.0,22.363,-42.639
2026,2026wabon,Week 1,9446,12,-0.0,27.672,-42.639
2026,2026wabon,Week 1,2412,12,-0.0,47.077,-81.262
2026,2026wabon,Week 1,9450,12,-0.0,51.395,-118.571
2026,2026wabon,Week 1,5941,12,0.0,34.031,-81.262
2026,2026wabon,Week 1,360,12,-0.0,43.369,-57.678
2026,2026wabon,Week 1,1318,12,-0.0,38.167,-57.678
2026,2026wabon,Week 1,4450,12,-0.0,43.754,-57.678
2026,2026wabon,Week 1,2906,12,-0.0,32.109,-56.402
2026,2026wabon,Week 1,8302,12,-0.0,24.691,-33.386
2026,2026wabon,Week 1,948,12,0.0,56.286,-133.338
2026,2026wabon,Week 1,3393,12,-0.0,33.125,-69.34
2026,2026wabon,Week 1,8896,12,-0.0,54.737,-118.571
2026,2026wabon,Week 1,2976,12,-0.0,39.555,-69.34
2026,2026wabon,Week 1,2927,12,-0.0,38.551,-73.979
2026,2026wabon,Week 1,5683,12,-0.0,39.113,-44.103
2026,2026wabon,Week 1,8248,12,-0.0,45.286,-56.402
2026,2026wabon,Week 1,2557,12,-0.0,20.54,-33.386
2026,2026wabon,Week 1,6350,12,0.0,21.534,-36.914
2026,2026wabon,Week 1,4980,12,-0.0,27.28,-42.95
2026,2026wabon,Week 1,2046,12,0.0,52.118,-118.571
2026,2026wabon,Week 1,10455,12,-0.0,22.813,-25.388
2026,2026wabon,Week 1,5588,12,-0.0,17.399,-29.32
2026,2026wabon,Week 1,2929,12,-0.0,28.249,-41.938
2026,2026wabon,Week 1,1983,12,-0.0,41.744,-70.609
2026,2026wabon,Week 1,2147,12,-0.0,32.66,-54.058
2026,2026wabon,Week 1,8303,12,-0.0,22.225,-22.563
2026,2026wabon,Week 1,2928,12,-0.0,37.242,-70.609
2026,2026wabon,Week 1,3049,12,-0.0,46.597,-133.338
2026,2026wabon,Week 1,3218,12,-0.0,31.322,-73.979
2026,2026wabon,Week 1,10423,12,-0.0,36.986,-73.979
2026,2026wabon,Week 1,7461,12,-0.0,32.795,-32.621
2026,2026wabon,Week 1,4911,12,0.0,47.097,-133.338
2026,2026txcle,Week 1,5431,12,-0.0,34.502,-52.459
2026,2026txcle,Week 1,6645,12,-0.0,32.802,-41.857
2026,2026txcle,Week 1,7616,12,-0.0,38.435,-55.971
2026,2026txcle,Week 1,6800,12,-0.0,47.671,-99.297
2026,2026txcle,Week 1,9289,12,-0.0,36.627,-55.971
2026,2026txcle,Week 1,5788,12,0.0,15.991,-37.091
2026,2026txcle,Week 1,5261,12,-0.0,49.522,-79.202
2026,2026txcle,Week 1,8177,12,-0.0,36.768,-62.021
2026,2026txcle,Week 1,118,12,-0.0,38.512,-62.021
2026,2026txcle,Week 1,10340,12,-0.0,63.778,-76.907
2026,2026txcle,Week 1,5892,12,-0.0,37.137,-76.907
2026,2026txcle,Week 1,7492,12,-0.0,36.029,-76.907
2026,2026txcle,Week 1,5790,12,-0.0,36.097,-56.517
2026,2026txcle,Week 1,5923,12,-0.0,32.904,-74.487
2026,2026txcle,Week 1,3847,12,-0.0,45.311,-56.517
2026,2026txcle,Week 1,10118,12,-0.0,46.026,-74.487
2026,2026txcle,Week 1,9478,12,-0.0,23.105,-39.466
2026,2026txcle,Week 1,127,12,0.0,33.904,-56.415
2026,2026txcle,Week 1,6377,12,-0.0,25.272,-52.459
2026,2026txcle,Week 1,6243,12,-0.0,26.911,-41.857
2026,2026txcle,Week 1,5417,12,-0.0,31.418,-56.415
2026,2026txcle,Week 1,7115,12,-0.0,47.733,-89.802
2026,2026txcle,Week 1,9128,12,-0.0,50.41,-74.487
2026,2026txcle,Week 1,5414,12,-0.0,38.355,-53.566
2026,2026txcle,Week 1,9181,12,-0.0,35.986,-53.154
2026,2026txcle,Week 1,324,12,-0.0,34.739,-52.492
2026,2026txcle,Week 1,7312,12,-0.0,34.066,-89.802
2026,2026txcle,Week 1,11277,12,-0.0,45.199,-99.297
2026,2026txcle,Week 1,1477,12,-0.0,25.147,-43.081
2026,2026txcle,Week 1,9307,12,-0.0,30.728,-79.202
2026,2026txcle,Week 1,8370,12,-0.0,42.295,-99.297
2026,2026txcle,Week 1,4639,12,-0.0,48.146,-79.202
2026,2026tuis4,Week 2,8042,13,-0.0,34.22,-47.564
2026,2026tuis4,Week 2,10907,13,0.0,43.387,-89.548
2026,2026tuis4,Week 2,9519,14,0.0,37.334,-43.837
2026,2026tuis4,Week 2,6417,13,0.0,35.736,-58.643
2026,2026tuis4,Week 2,8584,13,-0.0,52.359,-89.548
2026,2026tuis4,Week 2,8169,13,-0.0,39.28,-50.723
2026,2026tuis4,Week 2,11010,13,-0.0,52.241,-116.925
2026,2026tuis4,Week 2,8151,13,-0.0,53.337,-116.925
2026,2026tuis4,Week 2,2905,13,0.0,50.196,-116.925
2026,2026tuis4,Week 2,9102,13,-0.0,35.661,-43.837
2026,2026tuis4,Week 2,5553,13,-0.0,20.936,-23.537
2026,2026tuis4,Week 2,6014,13,-0.0,43.225,-80.508
2026,2026tuis4,Week 2,8725,13,0.0,30.071,-80.508
2026,2026tuis4,Week 2,7632,13,-0.0,46.734,-90.744
2026,2026tuis4,Week 2,10396,13,0.0,39.592,-58.357
2026,2026tuis4,Week 2,6989,13,-0.0,51.424,-104.99
2026,2026tuis4,Week 2,6988,13,-0.0,50.558,-104.99
2026,2026tuis4,Week 2,8079,13,0.0,56.117,-104.99
2026,2026tuis4,Week 2,4481,13,0.0,45.012,-102.93
2026,2026tuis4,Week 2,9079,13,-0.0,31.141,-42.577
2026,2026tuis4,Week 2,9601,13,-0.0,38.699,-80.508
2026,2026tuis4,Week 2,9427,13,-0.0,54.063,-102.93
2026,2026tuis4,Week 2,8084,13,-0.0,29.459,-47.856
2026,2026tuis4,Week 2,6838,13,0.0,41.945,-37.946
2026,2026tuis4,Week 2,11300,13,-0.0,41.368,-90.744
2026,2026tuis4,Week 2,6232,13,-0.0,20.75,-38.333
2026,2026tuis4,Week 2,7576,13,-0.0,41.387,-55.094
2026,2026tuis4,Week 2,10064,13,0.0,37.147,-47.856
2026,2026tuis4,Week 2,7742,13,0.0,29.679,-58.357
2026,2026nyro,Week 2,810,9,-0.0,42.055,-47.808
2026,2026nyro,Week 2,564,9,-0.0,32.886,-33.232
2026,2026nyro,Week 2,10922,9,-0.0,49.346,-58.321
2026,2026nyro,Week 2,5528,9,-0.0,33.053,-77.343
2026,2026nyro,Week 2,1405,9,-0.0,53.781,-103.809
2026,2026nyro,Week 2,7030,9,-0.0,40.071,-87.285
2026,2026nyro,Week 2,1559,9,-0.0,54.578,-77.343
2026,2026nyro,Week 2,4253,9,-0.0,30.867,-46.037
2026,2026nyro,Week 2,271,9,-0.0,51.264,-99.479
2026,2026nyro,Week 2,1591,9,-0.0,43.918,-99.479
2026,2026nyro,Week 2,432,9,-0.0,42.242,-49.611
2026,2026nyro,Week 2,1468,9,-0.0,32.087,-51.571
2026,2026nyro,Week 2,3173,9,-0.0,49.679,-76.231
2026,2026nyro,Week 2,7903,10,-0.0,18.094,-26.251
2026,2026nyro,Week 2,3015,9,-0.0,44.494,-87.285
2026,2026nyro,Week 2,10223,9,-0.0,44.056,-93.018
2026,2026nyro,Week 2,191,9,-0.0,33.591,-65.51
2026,2026nyro,Week 2,578,9,-0.0,28.903,-40.642
2026,2026nyro,Week 2,1518,9,-0.0,36.743,-77.343
2026,2026nyro,Week 2,3799,9,-0.0,35.83,-76.231
2026,2026nyro,Week 2,378,9,-0.0,30.227,-45.738
2026,2026nyro,Week 2,1511,9,-0.0,43.11,-100.446
2026,2026nyro,Week 2,3951,9,-0.0,39.476,-58.321
2026,2026nyro,Week 2,4458,9,-0.0,39.286,-93.018
2026,2026nyro,Week 2,3181,9,-0.0,31.487,-47.808
2026,2026nyro,Week 2,1126,9,-0.0,33.994,-78.681
2026,2026nyro,Week 2,20,10,-0.0,44.571,-87.285
2026,2026nyro,Week 2,5590,9,-0.0,23.402,-29.463
2026,2026nyro,Week 2,6423,9,-0.0,59.825,-103.809
2026,2026nyro,Week 2,325,9,-0.0,20.734,-37.536
2026,2026nyro,Week 2,3003,9,-0.0,24.745,-47.374
2026,2026nyro,Week 2,4093,9,-0.0,39.08,-54.686
2026,2026nyro,Week 2,9767,9,-0.0,41.43,-78.681
2026,2026nyro,Week 2,1507,9,-0.0,40.177,-97.907
2026,2026nyro,Week 2,144,9,-0.0,45.132,-97.907
2026,2026nyro,Week 2,424,9,-0.0,38.964,-97.907
2026,2026nyro,Week 2,1781,9,-0.0,19.722,-30.509
2026,2026nyro,Week 2,1450,9,-0.0,26.049,-26.072
2026,2026nyro,Week 2,8503,9,-0.0,49.666,-103.809
2026,2026nyro,Week 2,4930,9,-0.0,24.968,-54.686
2026,2026nyro,Week 2,1056,9,0.0,32.335,-45.738
2026,2026nyro,Week 2,3044,9,-0.0,39.858,-93.018
2026,2026nyro,Week 2,340,9,-0.0,59.723,-100.446
2026,2026nyro,Week 2,1787,9,-0.0,38.896,-56.103
2026,2026nyro,Week 2,3838,10,-0.0,30.989,-47.808
2026,2026nyro,Week 2,9016,9,-0.0,42.623,-64.33
2026,2026nyro,Week 2,6947,9,-0.0,41.25,-64.33
2026,2026nyro,Week 2,6868,9,0.0,47.861,-64.33
2026,2026nyro,Week 2,1585,9,-0.0,41.984,-70.01
2026,2026nyro,Week 2,353,9,-0.0,56.628,-100.446
2026,2026nyro,Week 2,694,9,-0.0,54.981,-99.479
2026,2026nyro,Week 2,2340,9,-0.0,20.433,-26.072
2026,2026nyro,Week 2,639,9,-0.0,32.302,-65.51
2026,2026nyro,Week 2,2228,9,-0.0,27.223,-48.166
2026,2026nyro,Week 2,48,9,-0.0,34.871,-56.103
2026,2026ndgf,Week 2,5929,9,0.0,21.551,-41.852
2026,2026ndgf,Week 2,3293,9,0.0,28.933,-74.234
2026,2026ndgf,Week 2,7677,9,0.0,31.128,-38.781
2026,2026ndgf,Week 2,7028,9,0.0,39.147,-53.579
2026,2026ndgf,Week 2,3275,10,0.0,26.549,-53.579
2026,2026ndgf,Week 2,10173,9,0.0,24.098,-53.579
2026,2026ndgf,Week 2,3313,9,0.0,24.802,-54.87
2026,2026ndgf,Week 2,5658,9,-0.0,19.174,-42.317
2026,2026ndgf,Week 2,4226,9,0.0,25.868,-38.781
2026,2026ndgf,Week 2,4607,9,0.0,29.13,-41.852
2026,2026ndgf,Week 2,7068,9,-0.0,23.073,-40.059
2026,2026ndgf,Week 2,8188,9,0.0,33.111,-59.075
2026,2026ndgf,Week 2,8255,9,-0.0,35.882,-59.075
2026,2026ndgf,Week 2,5464,9,0.0,29.593,-42.317
2026,2026ndgf,Week 2,2883,9,0.0,22.55,-33.991
2026,2026ndgf,Week 2,2450,9,0.0,19.559,-24.408
2026,2026ndgf,Week 2,3026,9,-0.0,38.275,-41.791
2026,2026ndgf,Week 2,6749,9,0.0,15.216,-23.693
2026,2026ndgf,Week 2,7578,9,0.0,45.515,-79.293
2026,2026ndgf,Week 2,11283,9,0.0,32.012,-79.293
2026,2026ndgf,Week 2,5638,10,0.0,34.591,-79.293
2026,2026ndgf,Week 2,9745,9,0.0,42.917,-62.242
2026,2026ndgf,Week 2,876,9,0.0,23.486,-30.519
2026,2026ndgf,Week 2,3023,9,-0.0,16.591,-30.519
2026,2026ndgf,Week 2,8878,9,-0.0,25.969,-38.781
2026,2026ndgf,Week 2,2654,9,0.0,26.72,-62.242
2026,2026ndgf,Week 2,6175,9,0.0,21.66,-50.674
2026,2026ndgf,Week 2,4360,9,0.0,19.627,-31.056
2026,2026ndgf,Week 2,1710,9,0.0,42.936,-95.255
2026,2026ndgf,Week 2,7530,9,0.0,24.123,-37.386
2026,2026ndgf,Week 2,7048,9,0.0,21.65,-53.921
2026,2026ndgf,Week 2,4593,9,0.0,33.731,-54.87
2026,2026ndgf,Week 2,3278,9,0.0,29.521,-53.921
2026,2026ndgf,Week 2,877,9,0.0,19.581,-19.99
2026,2026ndgf,Week 2,6453,9,0.0,27.219,-30.792
2026,2026ndgf,Week 2,4239,9,0.0,23.321,-50.674
2026,2026ndgf,Week 2,8586,9,0.0,18.239,-19.82
2026,2026ndgf,Week 2,4539,9,0.0,36.981,-74.234
2026,2026ndgf,Week 2,6628,9,0.0,22.506,-40.059
2026,2026ndgf,Week 2,3277,9,-0.0,22.217,-25.742
2026,2026ndgf,Week 2,5653,9,0.0,27.343,-42.317
2026,2026ndgf,Week 2,3300,9,-0.0,22.522,-31.689
2026,2026ndgf,Week 2,4198,9,-0.0,41.314,-95.255
2026,2026ndgf,Week 2,6146,9,0.0,21.786,-38.202
2026,2026ndgf,Week 2,4480,10,0.0,23.693,-40.059
2026,2026ndgf,Week 2,7257,9,0.0,21.123,-30.792
2026,2026ndgf,Week 2,7235,9,0.0,36.886,-74.234
2026,2026ndgf,Week 2,3134,9,0.0,36.699,-62.242
2026,2026ndgf,Week 2,3276,9,0.0,36.39,-95.255
2026,2026ndgf,Week 2,6709,9,-0.0,35.746,-53.723
2026,2026ndgf,Week 2,4181,9,0.0,30.096,-54.87
2026,2026mxmo,Week 2,6652,10,-0.0,37.758,-90.342
2026,2026mxmo,Week 2,3933,10,-0.0,18.002,-24.579
2026,2026mxmo,Week 2,6106,10,-0.0,21.972,-30.78
2026,2026mxmo,Week 2,3794,10,-0.0,27.282,-28.676
2026,2026mxmo,Week 2,10931,10,-0.0,34.627,-79.998
2026,2026mxmo,Week 2,7421,10,0.0,40.497,-90.342
2026,2026mxmo,Week 2,4723,10,-0.0,28.25,-29.939
2026,2026mxmo,Week 2,3522,10,-0.0,24.255,-38.061
2026,2026mxmo,Week 2,7102,11,-0.0,23.985,-35.068
2026,2026mxmo,Week 2,3478,10,0.0,49.873,-106.511
2026,2026mxmo,Week 2,9060,10,0.0,41.121,-106.511
2026,2026mxmo,Week 2,9282,10,-0.0,48.81,-106.511
2026,2026mxmo,Week 2,6200,10,-0.0,16.851,-22.976
2026,2026mxmo,Week 2,6832,11,-0.0,25.925,-59.67
2026,2026mxmo,Week 2,9280,10,-0.0,22.867,-45.067
2026,2026mxmo,Week 2,4775,10,0.0,32.151,-48.879
2026,2026mxmo,Week 2,5932,10,-0.0,40.633,-79.998
2026,2026mxmo,Week 2,9053,10,0.0,28.238,-69.944
2026,2026mxmo,Week 2,4010,10,-0.0,22.084,-38.061
2026,2026mxmo,Week 2,6702,10,0.0,33.544,-32.908
2026,2026mxmo,Week 2,5133,10,-0.0,19.643,-32.091
2026,2026mxmo,Week 2,3472,10,0.0,42.23,-90.342
2026,2026mxmo,Week 2,10529,10,-0.0,25.182,-28.431
2026,2026mxmo,Week 2,7546,10,0.0,32.348,-48.879
2026,2026mxmo,Week 2,3354,10,0.0,32.437,-79.998
2026,2026mxmo,Week 2,4371,10,0.0,21.246,-21.291
2026,2026mxmo,Week 2,9213,10,-0.0,18.561,-32.908
2026,2026mxmo,Week 2,8741,10,0.0,20.452,-40.46
2026,2026mxmo,Week 2,6606,10,-0.0,30.315,-40.46
2026,2026mxmo,Week 2,11065,10,0.0,30.092,-40.46
2026,2026mxmo,Week 2,5959,10,-0.0,18.446,-30.78
2026,2026mxmo,Week 2,6017,10,0.0,41.832,-69.944
2026,2026mxmo,Week 2,8740,10,0.0,32.034,-45.067
2026,2026mxmo,Week 2,4635,10,0.0,41.008,-59.67
2026,2026mxmo,Week 2,6676,10,-0.0,25.079,-26.631
2026,2026mxmo,Week 2,6348,10,-0.0,23.483,-26.631
2026,2026mxmo,Week 2,3480,10,0.0,27.949,-51.129
2026,2026mxmo,Week 2,4782,10,0.0,32.81,-51.129
2026,2026mxmo,Week 2,5887,10,0.0,30.606,-51.129
2026,2026mxmo,Week 2,10225,10,-0.0,38.453,-69.944
2026,2026mxmo,Week 2,4584,10,-0.0,26.102,-33.689
2026,2026mxmo,Week 2,10565,10,0.0,24.983,-33.689
2026,2026mxmo,Week 2,6170,10,0.0,22.248,-35.068
2026,2026azfg,Week 2,6479,9,-0.0,32.934,-47.12
2026,2026azfg,Week 2,5933,9,-0.0,32.396,-48.224
2026,2026azfg,Week 2,9091,9,-0.0,15.229,-22.829
2026,2026azfg,Week 2,2840,9,-0.0,30.755,-50.862
2026,2026azfg,Week 2,2403,9,-0.0,27.596,-50.862
2026,2026azfg,Week 2,10114,9,-0.0,25.446,-50.862
2026,2026azfg,Week 2,10380,9,-0.0,35.056,-81.277
2026,2026azfg,Week 2,2478,9,0.0,21.318,-48.224
2026,2026azfg,Week 2,6833,9,0.0,29.128,-50.92
2026,2026azfg,Week 2,991,9,-0.0,26.895,-37.134
2026,2026azfg,Week 2,10905,9,-0.0,22.808,-30.583
2026,2026azfg,Week 2,2662,9,-0.0,25.839,-30.583
2026,2026azfg,Week 2,9704,9,-0.0,24.32,-34.158
2026,2026azfg,Week 2,3424,9,-0.0,28.414,-50.92
2026,2026azfg,Week 2,987,9,0.0,26.075,-40.54
2026,2026azfg,Week 2,10506,9,-0.0,31.442,-55.158
2026,2026azfg,Week 2,9059,9,-0.0,37.334,-50.92
2026,2026azfg,Week 2,7426,9,-0.0,47.77,-120.534
2026,2026azfg,Week 2,996,9,-0.0,34.054,-42.638
2026,2026azfg,Week 2,244,9,-0.0,20.057,-21.798
2026,2026azfg,Week 2,8717,9,-0.0,20.198,-23.076
2026,2026azfg,Week 2,288,10,-0.0,19.217,-18.772
2026,2026azfg,Week 2,698,9,-0.0,31.116,-41.581
2026,2026azfg,Week 2,2486,9,-0.0,29.237,-42.638
2026,2026azfg,Week 2,3019,10,-0.0,44.518,-120.534
2026,2026azfg,Week 2,6352,9,-0.0,35.75,-54.894
2026,2026azfg,Week 2,1165,9,-0.0,16.367,-22.829
2026,2026azfg,Week 2,3944,9,-0.0,22.685,-46.126
2026,2026azfg,Week 2,9534,9,-0.0,26.818,-46.126
2026,2026azfg,Week 2,6413,9,-0.0,32.624,-47.12
2026,2026azfg,Week 2,10988,9,-0.0,32.041,-41.581
2026,2026azfg,Week 2,10980,9,-0.0,28.921,-54.894
2026,2026azfg,Week 2,3216,9,-0.0,27.839,-43.968
2026,2026azfg,Week 2,11176,9,-0.0,26.916,-45.313
2026,2026azfg,Week 2,8012,9,-0.0,32.527,-55.158
2026,2026azfg,Week 2,11100,9,0.0,30.635,-36.019
2026,2026azfg,Week 2,10183,9,-0.0,30.506,-55.158
2026,2026azfg,Week 2,2122,10,-0.0,43.533,-81.277
2026,2026azfg,Week 2,60,9,-0.0,31.115,-41.581
2026,2026azfg,Week 2,11479,9,-0.0,16.598,-28.447
2026,2026azfg,Week 2,9777,9,-0.0,27.308,-45.313
2026,2026azfg,Week 2,9501,9,-0.0,36.154,-54.894
2026,2026azfg,Week 2,1212,9,-0.0,29.927,-34.158
2026,2026azfg,Week 2,4731,9,-0.0,28.166,-31.723
2026,2026azfg,Week 2,7333,9,-0.0,35.213,-81.277
2026,2026azfg,Week 2,2080,9,-0.0,45.921,-120.534
2026,2026azfg,Week 2,10933,9,-0.0,15.714,-29.04
2026,2026azfg,Week 2,1828,9,-0.0,15.014,-16.421
2026,2026azfg,Week 2,4146,9,-0.0,17.502,-35.545
2026,2026azfg,Week 2,3009,9,-0.0,21.459,-28.147
2026,2026azfg,Week 2,3243,9,-0.0,33.454,-45.313
2026,2026azfg,Week 2,7755,9,-0.0,33.527,-47.12
2026,2026azfg,Week 2,3245,9,-0.0,23.094,-42.815
2026,2026azfg,Week 2,1410,9,-0.0,28.807,-37.134
2026,2026azfg,Week 2,7425,9,-0.0,30.605,-48.224
2026,2026midtr,Week 2,10607,12,-0.0,16.794,-27.81
2026,2026midtr,Week 2,7692,12,-0.0,15.643,-25.911
2026,2026midtr,Week 2,3632,12,-0.0,18.068,-30.535
2026,2026midtr,Week 2,6616,12,-0.0,20.067,-63.78
2026,2026midtr,Week 2,123,12,0.0,34.378,-63.78
2026,2026midtr,Week 2,3175,12,-0.0,24.97,-63.78
2026,2026midtr,Week 2,5577,12,-0.0,25.184,-45.019
2026,2026midtr,Week 2,2048,12,-0.0,17.476,-45.019
2026,2026midtr,Week 2,5065,12,-0.0,22.831,-45.019
2026,2026midtr,Week 2,7196,12,-0.0,20.378,-43.247
2026,2026midtr,Week 2,5756,12,-0.0,21.872,-43.247
2026,2026midtr,Week 2,10577,12,-0.0,19.329,-43.247
2026,2026midtr,Week 2,1,12,-0.0,14.753,-27.589
2026,2026midtr,Week 2,8352,12,0.0,14.39,-17.864
2026,2026midtr,Week 2,5197,12,-0.0,16.653,-24.062
2026,2026midtr,Week 2,9255,12,-0.0,23.112,-30.076
2026,2026midtr,Week 2,3096,12,-0.0,16.469,-30.076
2026,2026midtr,Week 2,4680,12,-0.0,18.576,-31.427
2026,2026midtr,Week 2,5642,12,-0.0,13.772,-21.137
2026,2026midtr,Week 2,6099,12,-0.0,10.662,-26.768
2026,2026midtr,Week 2,4854,12,-0.0,16.224,-14.87
2026,2026midtr,Week 2,3619,12,-0.0,17.395,-27.589
2026,2026midtr,Week 2,11490,12,-0.0,16.81,-26.768
2026,2026midtr,Week 2,7145,12,-0.0,11.553,-18.173
2026,2026midtr,Week 2,6532,12,-0.0,22.458,-46.781
2026,2026midtr,Week 2,11423,12,-0.0,13.256,-27.81
2026,2026midtr,Week 2,4851,12,-0.0,14.376,-25.81
2026,2026midtr,Week 2,4838,12,-0.0,23.433,-46.781
2026,2026midtr,Week 2,9651,12,-0.0,14.245,-31.369
2026,2026midtr,Week 2,2673,12,-0.0,17.132,-31.369
2026,2026midtr,Week 2,11461,12,-0.0,17.599,-23.497
2026,2026midtr,Week 2,2591,12,-0.0,12.594,-24.062
2026,2026midtr,Week 2,7865,12,-0.0,12.783,-30.535
2026,2026midtr,Week 2,8899,12,-0.0,14.568,-23.497
2026,2026midtr,Week 2,5225,12,-0.0,12.713,-18.875
2026,2026midtr,Week 2,2224,12,-0.0,13.836,-27.589
2026,2026midtr,Week 2,6096,12,-0.0,14.425,-23.497
2026,2026midtr,Week 2,5478,12,-0.0,12.625,-22.667
2026,2026midtr,Week 2,5532,12,-0.0,12.759,-17.102
2026,2026midtr,Week 2,4758,12,-0.0,15.796,-19.405
2026,2026mimid,Week 2,5229,12,0.0,26.505,-38.728
2026,2026mimid,Week 2,6033,12,0.0,20.553,-30.793
2026,2026mimid,Week 2,5424,12,0.0,21.172,-49.466
2026,2026mimid,Week 2,10629,12,0.0,21.592,-44.875
2026,2026mimid,Week 2,5603,12,0.0,15.211,-30.793
2026,2026mimid,Week 2,5561,12,0.0,21.997,-50.212
2026,2026mimid,Week 2,9238,12,0.0,25.761,-35.235
2026,2026mimid,Week 2,5538,12,0.0,20.802,-48.721
2026,2026mimid,Week 2,6073,12,0.0,22.533,-50.212
2026,2026mimid,Week 2,9648,12,0.0,20.36,-39.423
2026,2026mimid,Week 2,6067,12,0.0,22.179,-39.423
2026,2026mimid,Week 2,5166,12,0.0,38.634,-85.958
2026,2026mimid,Week 2,5216,12,-0.0,31.954,-60.271
2026,2026mimid,Week 2,9731,12,0.0,30.075,-60.271
2026,2026mimid,Week 2,9736,12,0.0,32.74,-60.271
2026,2026mimid,Week 2,5231,12,0.0,30.18,-60.164
2026,2026mimid,Week 2,2619,12,0.0,23.06,-48.721
2026,2026mimid,Week 2,3770,12,0.0,17.269,-29.483
2026,2026mimid,Week 2,7784,12,0.0,24.961,-38.728
2026,2026mimid,Week 2,9662,12,0.0,26.46,-44.875
2026,2026mimid,Week 2,3425,12,0.0,20.894,-33.512
2026,2026mimid,Week 2,11458,12,0.0,15.049,-27.745
2026,2026mimid,Week 2,5525,12,0.0,20.471,-29.483
2026,2026mimid,Week 2,10587,12,0.0,20.28,-24.709
2026,2026mimid,Week 2,6533,12,0.0,25.446,-46.834
2026,2026mimid,Week 2,5533,12,-0.0,36.131,-60.164
2026,2026mimid,Week 2,9685,12,0.0,28.814,-46.397
2026,2026mimid,Week 2,6753,12,0.0,31.932,-73.392
2026,2026mimid,Week 2,5712,12,0.0,39.06,-73.392
2026,2026mimid,Week 2,5504,12,0.0,37.097,-73.392
2026,2026mimid,Week 2,9661,12,0.0,17.629,-27.745
2026,2026mimid,Week 2,1596,12,0.0,31.269,-66.713
2026,2026mimid,Week 2,8517,12,0.0,28.44,-50.212
2026,2026mimid,Week 2,3357,12,0.0,38.311,-85.958
2026,2026mimid,Week 2,11527,12,0.0,29.129,-56.38
2026,2026mimid,Week 2,10547,12,-0.0,30.991,-56.38
2026,2026mimid,Week 2,201,12,0.0,37.594,-66.713
2026,2026mimid,Week 2,8873,12,0.0,40.516,-85.958
2026,2026mimid,Week 2,5509,12,0.0,10.556,-21.791
2026,2026mimil,Week 2,10285,12,-0.0,31.198,-94.19
2026,2026mimil,Week 2,1023,12,-0.0,28.306,-67.801
2026,2026mimil,Week 2,8423,12,-0.0,43.507,-63.588
2026,2026mimil,Week 2,4737,12,0.0,29.502,-67.389
2026,2026mimil,Week 2,4384,12,-0.0,42.436,-52.486
2026,2026mimil,Week 2,67,12,-0.0,44.34,-63.337
2026,2026mimil,Week 2,3538,12,-0.0,82.106,-120.372
2026,2026mimil,Week 2,10612,12,-0.0,42.564,-112.055
2026,2026mimil,Week 2,11462,12,-0.0,50.551,-112.055
2026,2026mimil,Week 2,6615,12,-0.0,33.646,-63.906
2026,2026mimil,Week 2,5114,12,-0.0,41.693,-94.254
2026,2026mimil,Week 2,548,12,-0.0,34.67,-52.148
2026,2026mimil,Week 2,11486,12,-0.0,31.136,-54.245
2026,2026mimil,Week 2,7225,12,-0.0,25.743,-28.926
2026,2026mimil,Week 2,6078,12,-0.0,38.274,-66.19
2026,2026mimil,Week 2,5695,12,-0.0,25.297,-44.907
2026,2026mimil,Week 2,314,12,-0.0,35.3,-67.801
2026,2026mimil,Week 2,8424,12,-0.0,20.218,-28.646
2026,2026mimil,Week 2,830,12,-0.0,16.097,-28.179
2026,2026mimil,Week 2,3302,12,-0.0,21.601,-44.907
2026,2026mimil,Week 2,4362,12,-0.0,28.92,-38.775
2026,2026mimil,Week 2,7660,12,-0.0,39.837,-63.906
2026,2026mimil,Week 2,5674,12,0.0,45.647,-52.35
2026,2026mimil,Week 2,2145,12,-0.0,35.62,-67.389
2026,2026mimil,Week 2,7491,12,-0.0,34.632,-54.245
2026,2026mimil,Week 2,7178,12,-0.0,37.061,-36.06
2026,2026mimil,Week 2,308,12,-0.0,38.026,-63.588
2026,2026mimil,Week 2,5053,12,-0.0,36.401,-94.19
2026,2026mimil,Week 2,2137,12,-0.0,56.979,-120.372
2026,2026mimil,Week 2,6566,12,-0.0,32.59,-58.566
2026,2026mimil,Week 2,8426,12,-0.0,31.614,-54.245
2026,2026mimil,Week 2,5067,12,-0.0,29.393,-61.661
2026,2026mimil,Week 2,7762,12,-0.0,35.569,-66.19
2026,2026mimil,Week 2,11473,12,-0.0,23.312,-38.968
2026,2026mimil,Week 2,10652,12,-0.0,31.409,-52.35
2026,2026mimil,Week 2,11457,12,-0.0,40.316,-58.566
2026,2026mimil,Week 2,5066,12,-0.0,49.631,-63.588
2026,2026mimil,Week 2,6610,12,-0.0,32.995,-63.337
2026,2026mimil,Week 2,3707,12,-0.0,45.683,-94.254
2026,2026mimil,Week 2,7553,12,-0.0,43.594,-120.372
2026,2026ontor,Week 2,919,12,0.0,35.006,-46.738
2026,2026ontor,Week 2,7520,12,0.0,48.925,-87.932
2026,2026ontor,Week 2,10554,12,0.0,50.462,-90.698
2026,2026ontor,Week 2,1310,12,0.0,47.423,-99.699
2026,2026ontor,Week 2,8850,12,0.0,48.523,-99.699
2026,2026ontor,Week 2,3161,12,0.0,62.599,-90.698
2026,2026ontor,Week 2,1325,12,0.0,57.351,-99.012
2026,2026ontor,Week 2,9785,12,0.0,55.989,-79.304
2026,2026ontor,Week 2,4069,12,0.0,49.926,-63.433
2026,2026ontor,Week 2,4039,12,0.0,45.556,-77.783
2026,2026ontor,Week 2,6397,12,0.0,30.659,-79.304
2026,2026ontor,Week 2,854,12,0.0,50.08,-63.692
2026,2026ontor,Week 2,9782,12,0.0,24.256,-41.281
2026,2026ontor,Week 2,6632,12,0.0,25.023,-39.12
2026,2026ontor,Week 2,4015,12,0.0,30.797,-63.433
2026,2026ontor,Week 2,2935,12,0.0,39.899,-77.783
2026,2026ontor,Week 2,5031,12,0.0,47.7,-85.006
2026,2026ontor,Week 2,5719,12,0.0,35.052,-68.205
2026,2026ontor,Week 2,9659,12,0.0,41.601,-72.181
2026,2026ontor,Week 2,9562,12,0.0,33.476,-60.375
2026,2026ontor,Week 2,10167,12,0.0,37.734,-62.546
2026,2026ontor,Week 2,9575,12,0.0,54.268,-90.698
2026,2026ontor,Week 2,2634,12,0.0,41.546,-72.181
2026,2026ontor,Week 2,9262,12,0.0,35.302,-55.367
2026,2026ontor,Week 2,7558,12,0.0,65.019,-99.699
2026,2026ontor,Week 2,1360,12,0.0,38.578,-79.304
2026,2026ontor,Week 2,11270,12,0.0,48.453,-63.692
2026,2026ontor,Week 2,3560,12,0.0,40.249,-99.012
2026,2026ontor,Week 2,771,12,-0.0,36.607,-99.012
2026,2026schop,Week 2,281,12,-0.0,26.814,-49.594
2026,2026schop,Week 2,6961,12,0.0,16.822,-27.157
2026,2026schop,Week 2,4083,12,0.0,14.634,-19.288
2026,2026schop,Week 2,11308,12,-0.0,20.669,-44.929
2026,2026schop,Week 2,4451,12,0.0,43.755,-62.701
2026,2026schop,Week 2,1758,12,0.0,16.078,-22.824
2026,2026schop,Week 2,10599,12,0.0,13.727,-28.319
2026,2026schop,Week 2,343,12,-0.0,38.732,-49.594
2026,2026schop,Week 2,11368,12,-0.0,15.494,-33.061
2026,2026schop,Week 2,8575,12,0.0,37.425,-68.143
2026,2026schop,Week 2,1102,12,0.0,32.21,-68.143
2026,2026schop,Week 2,1319,12,0.0,31.315,-68.143
2026,2026schop,Week 2,9477,12,-0.0,24.694,-61.603
2026,2026schop,Week 2,6004,12,0.0,21.388,-29.017
2026,2026schop,Week 2,9005,12,-0.0,22.87,-62.701
2026,2026schop,Week 2,9315,12,-0.0,31.064,-61.492
2026,2026schop,Week 2,1051,12,-0.0,20.76,-29.017
2026,2026schop,Week 2,4864,12,-0.0,16.89,-22.824
2026,2026schop,Week 2,11475,12,-0.0,29.882,-62.701
2026,2026schop,Week 2,1287,12,0.0,32.103,-34.004
2026,2026schop,Week 2,5484,12,0.0,15.484,-32.869
2026,2026schop,Week 2,10388,12,0.0,13.291,-22.824
2026,2026schop,Week 2,10619,12,0.0,17.084,-27.112
2026,2026schop,Week 2,3976,12,-0.0,23.32,-61.492
2026,2026schop,Week 2,2815,12,0.0,29.836,-61.603
2026,2026schop,Week 2,1293,12,0.0,21.017,-27.157
2026,2026txmca,Week 2,118,12,0.0,41.251,-75.911
2026,2026txmca,Week 2,2158,12,-0.0,28.519,-75.911
2026,2026txmca,Week 2,4332,12,-0.0,29.548,-75.911
2026,2026txmca,Week 2,4597,12,-0.0,27.294,-48.215
2026,2026txmca,Week 2,4063,12,0.0,17.909,-28.216
2026,2026txmca,Week 2,6180,12,-0.0,16.139,-29.727
2026,2026txmca,Week 2,4295,12,0.0,25.612,-65.569
2026,2026txmca,Week 2,8750,12,0.0,22.7,-63.345
2026,2026txmca,Week 2,10385,12,-0.0,29.146,-59.365
2026,2026txmca,Week 2,2583,12,-0.0,46.909,-65.569
2026,2026txmca,Week 2,8591,12,0.0,34.806,-43.641
2026,2026txmca,Week 2,5829,12,0.0,30.514,-48.215
2026,2026txmca,Week 2,5894,12,-0.0,28.401,-59.365
2026,2026txmca,Week 2,8573,12,-0.0,13.392,-22.059
2026,2026txmca,Week 2,10118,12,0.0,21.208,-48.001
2026,2026txmca,Week 2,5427,12,-0.0,28.963,-65.569
2026,2026txmca,Week 2,7521,12,-0.0,26.333,-63.345
2026,2026txmca,Week 2,8818,12,0.0,33.507,-29.727
2026,2026txsan,Week 2,8114,12,0.0,17.241,-26.157
2026,2026txsan,Week 2,8732,12,-0.0,13.949,-22.984
2026,2026txsan,Week 2,9419,12,0.0,12.298,-22.984
2026,2026txsan,Week 2,6357,12,0.0,19.222,-29.66
2026,2026txsan,Week 2,5572,12,0.0,30.52,-69.158
2026,2026txsan,Week 2,6369,12,-0.0,23.034,-47.832
2026,2026txsan,Week 2,2969,12,0.0,14.469,-26.932
2026,2026txsan,Week 2,9658,12,0.0,18.864,-33.353
2026,2026txsan,Week 2,9311,12,0.0,18.994,-25.387
2026,2026txsan,Week 2,6974,12,-0.0,29.613,-46.37
2026,2026txsan,Week 2,11169,12,0.0,25.347,-52.41
2026,2026txsan,Week 2,3679,12,0.0,22.135,-40.418
2026,2026txsan,Week 2,4610,12,0.0,16.76,-25.457
2026,2026txsan,Week 2,4219,12,0.0,18.025,-30.304
2026,2026txsan,Week 2,3481,12,0.0,23.789,-45.008
2026,2026txsan,Week 2,2582,12,0.0,43.198,-75.934
2026,2026txsan,Week 2,11309,12,-0.0,28.608,-75.934
2026,2026txsan,Week 2,3561,12,0.0,34.814,-75.934
2026,2026txsan,Week 2,6155,12,0.0,25.165,-33.353
2026,2026txsan,Week 2,9444,12,0.0,29.051,-34.958
2026,2026txsan,Week 2,8507,12,0.0,20.99,-45.008
2026,2026txsan,Week 2,10518,12,0.0,16.276,-26.932
2026,2026txsan,Week 2,1745,12,0.0,25.922,-52.41
2026,2026txsan,Week 2,3240,12,-0.0,15.611,-38.652
2026,2026txsan,Week 2,9136,12,0.0,19.494,-25.032
2026,2026txsan,Week 2,4734,12,0.0,24.946,-46.37
2026,2026txsan,Week 2,5726,12,0.0,14.244,-25.032
2026,2026txsan,Week 2,3735,12,0.0,29.71,-47.832
2026,2026txsan,Week 2,3035,12,0.0,37.384,-69.158
2026,2026txsan,Week 2,4717,12,0.0,19.915,-38.652
2026,2026txsan,Week 2,10312,12,0.0,30.307,-69.158
2026,2026txsan,Week 2,8088,12,0.0,14.213,-25.387
2026,2026txsan,Week 2,457,12,0.0,31.191,-47.083
2026,2026txsan,Week 2,2657,12,0.0,21.034,-47.832
2026,2026txsan,Week 2,9140,12,0.0,29.649,-41.72
2026,2026txsan,Week 2,9034,12,0.0,25.03,-47.083
2026,2026txsan,Week 2,3545,12,0.0,26.994,-41.72
2026,2026ausc,Week 2,10002,10,-0.0,20.19,-30.131
2026,2026ausc,Week 2,5648,10,-0.0,21.927,-23.236
2026,2026ausc,Week 2,11379,10,0.0,34.246,-81.488
2026,2026ausc,Week 2,6508,10,0.0,26.941,-37.299
2026,2026ausc,Week 2,6434,10,0.0,30.21,-49.458
2026,2026ausc,Week 2,6510,10,0.0,32.941,-35.271
2026,2026ausc,Week 2,4739,10,-0.0,23.853,-33.767
2026,2026ausc,Week 2,7163,10,-0.0,32.529,-35.645
2026,2026ausc,Week 2,5331,10,-0.0,22.129,-33.767
2026,2026ausc,Week 2,9191,10,0.0,39.16,-81.488
2026,2026ausc,Week 2,6996,10,-0.0,31.976,-28.209
2026,2026ausc,Week 2,8844,10,-0.0,32.928,-61.643
2026,2026ausc,Week 2,8613,10,0.0,65.154,-84.408
2026,2026ausc,Week 2,11130,10,0.0,45.923,-64.298
2026,2026ausc,Week 2,10552,10,0.0,37.278,-30.469
2026,2026ausc,Week 2,5988,10,-0.0,33.865,-84.408
2026,2026ausc,Week 2,4774,10,-0.0,36.87,-83.75
2026,2026ausc,Week 2,9574,10,-0.0,27.119,-49.458
2026,2026ausc,Week 2,6432,10,-0.0,37.501,-64.298
2026,2026ausc,Week 2,10350,10,-0.0,26.781,-45.132
2026,2026ausc,Week 2,10342,10,0.0,31.868,-49.458
2026,2026ausc,Week 2,10958,10,-0.0,22.111,-31.358
2026,2026ausc,Week 2,4613,10,-0.0,26.679,-37.299
2026,2026ausc,Week 2,4729,10,-0.0,26.054,-45.132
2026,2026ausc,Week 2,3132,10,-0.0,41.166,-68.083
2026,2026ausc,Week 2,9146,10,0.0,33.067,-68.083
2026,2026ausc,Week 2,7113,10,-0.0,30.436,-68.083
2026,2026ausc,Week 2,7128,10,-0.0,47.632,-113.757
2026,2026ausc,Week 2,5584,10,0.0,48.014,-113.757
2026,2026ausc,Week 2,6083,10,-0.0,42.75,-113.757
2026,2026ausc,Week 2,5876,10,-0.0,27.241,-61.643
2026,2026ausc,Week 2,11429,10,0.0,28.23,-44.642
2026,2026ausc,Week 2,9433,10,0.0,33.287,-83.75
2026,2026ausc,Week 2,9189,10,-0.0,22.47,-34.557
2026,2026ausc,Week 2,5985,10,0.0,25.363,-35.645
2026,2026ausc,Week 2,7583,10,0.0,32.036,-32.684
2026,2026ausc,Week 2,7433,10,0.0,47.552,-84.408
2026,2026ausc,Week 2,10437,10,-0.0,27.079,-40.914
2026,2026ausc,Week 2,4788,10,-0.0,15.996,-21.461
2026,2026ausc,Week 2,9147,10,-0.0,28.151,-56.662
2026,2026ausc,Week 2,6476,10,-0.0,25.053,-56.662
2026,2026ausc,Week 2,6497,10,-0.0,44.895,-64.298
2026,2026cnsh,Week 2,6941,7,-0.0,67.014,-103.812
2026,2026cnsh,Week 2,11485,7,0.0,58.133,-103.812
2026,2026cnsh,Week 2,6986,7,0.0,77.515,-105.542
2026,2026cnsh,Week 2,6399,7,-0.0,32.242,-45.664
2026,2026cnsh,Week 2,10711,7,0.0,48.99,-58.629
2026,2026cnsh,Week 2,9597,7,-0.0,30.302,-31.726
2026,2026cnsh,Week 2,11328,7,-0.0,20.005,-31.662
2026,2026cnsh,Week 2,10016,7,-0.0,37.07,-59.331
2026,2026cnsh,Week 2,7594,7,-0.0,45.622,-55.833
2026,2026cnsh,Week 2,9635,7,-0.0,80.952,-120.105
2026,2026cnsh,Week 2,6433,7,-0.0,55.104,-80.862
2026,2026cnsh,Week 2,6766,7,0.0,48.115,-80.862
2026,2026cnsh,Week 2,6907,7,-0.0,72.959,-132.186
2026,2026cnsh,Week 2,8214,7,-0.0,51.765,-82.308
2026,2026cnsh,Week 2,5522,8,-0.0,51.936,-82.308
2026,2026cnsh,Week 2,5516,8,0.0,28.478,-31.662
2026,2026cnsh,Week 2,6487,7,0.0,59.519,-117.219
2026,2026cnsh,Week 2,9421,7,0.0,33.744,-59.331
2026,2026cnsh,Week 2,6304,7,0.0,42.839,-54.569
2026,2026cnsh,Week 2,7601,7,-0.0,55.64,-69.234
2026,2026cnsh,Week 2,6940,7,-0.0,33.52,-50.333
2026,2026cnsh,Week 2,8015,7,-0.0,56.856,-117.219
2026,2026cnsh,Week 2,6394,7,-0.0,25.35,-26.196
2026,2026cnsh,Week 2,11118,7,0.0,32.105,-40.392
2026,2026cnsh,Week 2,6494,7,-0.0,47.906,-49.851
2026,2026cnsh,Week 2,11019,7,0.0,25.994,-42.86
2026,2026cnsh,Week 2,11352,7,0.0,42.342,-45.664
2026,2026cnsh,Week 2,8011,7,-0.0,44.48,-58.629
2026,2026cnsh,Week 2,6414,7,0.0,61.398,-132.186
2026,2026cnsh,Week 2,10526,8,0.0,46.246,-54.569
2026,2026cnsh,Week 2,5849,7,-0.0,41.768,-55.031
2026,2026cnsh,Week 2,6353,7,0.0,66.321,-76.728
2026,2026cnsh,Week 2,10120,7,-0.0,57.195,-105.542
2026,2026cnsh,Week 2,10479,7,-0.0,52.584,-117.219
2026,2026cnsh,Week 2,8810,7,0.0,78.885,-120.105
2026,2026cnsh,Week 2,7002,7,-0.0,37.396,-50.333
2026,2026cnsh,Week 2,5449,7,0.0,33.908,-55.833
2026,2026cnsh,Week 2,10000,7,-0.0,67.877,-132.186
2026,2026cnsh,Week 2,6706,7,-0.0,24.207,-43.094
2026,2026cnsh,Week 2,10131,7,-0.0,66.943,-80.077
2026,2026cnsh,Week 2,11288,7,-0.0,72.187,-120.105
2026,2026cnsh,Week 2,5515,7,0.0,53.971,-80.077
2026,2026cnsh,Week 2,10541,7,0.0,67.401,-105.542
2026,2026cnsh,Week 2,11319,7,-0.0,44.399,-52.014
2026,2026cnsh,Week 2,11256,7,-0.0,42.008,-58.629
2026,2026cnsh,Week 2,8806,7,0.0,37.356,-62.715
2026,2026cnsh,Week 2,5823,8,-0.0,46.343,-62.715
2026,2026cnsh,Week 2,10558,7,-0.0,46.826,-62.715
2026,2026cnsh,Week 2,10214,7,0.0,26.804,-46.128
2026,2026cnsh,Week 2,7738,7,-0.0,27.979,-54.569
2026,2026brsp,Week 2,6404,10,-0.0,18.584,-25.037
2026,2026brsp,Week 2,11105,10,0.0,30.39,-58.359
2026,2026brsp,Week 2,9602,10,0.0,29.788,-82.899
2026,2026brsp,Week 2,9085,10,-0.0,33.799,-82.899
2026,2026brsp,Week 2,9459,10,0.0,45.219,-94.946
2026,2026brsp,Week 2,10019,10,0.0,29.902,-36.371
2026,2026brsp,Week 2,10190,10,-0.0,27.873,-61.639
2026,2026brsp,Week 2,9200,10,-0.0,47.009,-82.899
2026,2026brsp,Week 2,8882,10,0.0,28.381,-40.935
2026,2026brsp,Week 2,9162,11,0.0,35.136,-36.371
2026,2026brsp,Week 2,9657,10,0.0,36.304,-62.65
2026,2026brsp,Week 2,9219,10,-0.0,24.522,-39.542
2026,2026brsp,Week 2,7459,10,-0.0,31.496,-49.175
2026,2026brsp,Week 2,9611,10,0.0,26.258,-49.175
2026,2026brsp,Week 2,1772,10,0.0,36.066,-52.395
2026,2026brsp,Week 2,9178,10,0.0,32.698,-58.901
2026,2026brsp,Week 2,11201,10,0.0,20.688,-26.719
2026,2026brsp,Week 2,9593,10,-0.0,29.586,-59.665
2026,2026brsp,Week 2,9604,10,-0.0,23.212,-40.635
2026,2026brsp,Week 2,9487,10,0.0,34.55,-40.635
2026,2026brsp,Week 2,6902,10,-0.0,33.177,-52.395
2026,2026brsp,Week 2,7033,10,0.0,38.527,-58.359
2026,2026brsp,Week 2,9485,10,-0.0,29.741,-62.65
2026,2026brsp,Week 2,9168,10,-0.0,28.533,-59.665
2026,2026brsp,Week 2,9218,10,-0.0,26.025,-41.348
2026,2026brsp,Week 2,10343,10,0.0,26.087,-41.348
2026,2026brsp,Week 2,9199,10,0.0,24.7,-44.63
2026,2026brsp,Week 2,1156,10,-0.0,53.229,-94.946
2026,2026brsp,Week 2,7565,10,-0.0,30.096,-32.151
2026,2026brsp,Week 2,1884,10,-0.0,28.982,-29.326
2026,2026brsp,Week 2,1860,10,0.0,40.381,-62.65
2026,2026brsp,Week 2,9110,10,0.0,28.142,-47.779
2026,2026brsp,Week 2,8276,10,-0.0,17.947,-34.986
2026,2026brsp,Week 2,9484,10,-0.0,38.557,-60.066
2026,2026brsp,Week 2,9460,10,-0.0,31.791,-60.066
2026,2026brsp,Week 2,7563,10,-0.0,47.378,-61.639
2026,2026brsp,Week 2,11188,10,0.0,25.518,-30.033
2026,2026brsp,Week 2,10298,11,-0.0,45.126,-94.946
2026,2026brsp,Week 2,5800,10,-0.0,10.629,-14.27
2026,2026brsp,Week 2,9461,10,0.0,23.195,-39.965
2026,2026brsp,Week 2,9175,10,0.0,24.357,-37.097
2026,2026brsp,Week 2,10466,10,0.0,24.182,-44.63
2026,2026brsp,Week 2,9047,10,-0.0,29.999,-58.901
2026,2026brsp,Week 2,9458,10,-0.0,19.025,-25.037
2026,2026brsp,Week 2,9603,10,0.0,23.487,-34.986
2026,2026brsp,Week 2,10345,10,-0.0,29.453,-43.09
2026,2026brsp,Week 2,9486,10,0.0,26.879,-43.09
2026,2026brsp,Week 2,9169,10,0.0,40.47,-52.395
2026,2026brsp,Week 2,7567,10,-0.0,35.85,-47.779
2026,2026gagwi,Week 2,8100,12,0.0,26.201,-52.792
2026,2026gagwi,Week 2,1833,12,0.0,38.104,-77.752
2026,2026gagwi,Week 2,8815,12,0.0,46.276,-123.591
2026,2026gagwi,Week 2,6340,12,0.0,32.482,-46.871
2026,2026gagwi,Week 2,5074,12,-0.0,37.642,-55.368
2026,2026gagwi,Week 2,1261,12,-0.0,49.459,-51.871
2026,2026gagwi,Week 2,6705,12,0.0,46.057,-77.023
2026,2026gagwi,Week 2,4189,12,0.0,59.524,-64.693
2026,2026gagwi,Week 2,10482,12,0.0,36.012,-64.693
2026,2026gagwi,Week 2,2415,12,0.0,31.732,-59.941
2026,2026gagwi,Week 2,6910,12,0.0,24.697,-55.368
2026,2026gagwi,Week 2,7538,12,0.0,43.806,-123.591
2026,2026gagwi,Week 2,9522,12,0.0,35.218,-89.933
2026,2026gagwi,Week 2,3318,12,0.0,45.588,-101.739
2026,2026gagwi,Week 2,1648,12,0.0,56.257,-77.023
2026,2026gagwi,Week 2,1795,12,0.0,25.422,-35.037
2026,2026gagwi,Week 2,4701,12,0.0,25.996,-41.036
2026,2026gagwi,Week 2,9561,12,0.0,39.551,-77.752
2026,2026gagwi,Week 2,9057,12,-0.0,42.189,-56.877
2026,2026gagwi,Week 2,5293,12,-0.0,31.689,-56.877
2026,2026gagwi,Week 2,5109,12,-0.0,29.296,-56.877
2026,2026gagwi,Week 2,8865,12,0.0,21.939,-33.17
2026,2026gagwi,Week 2,1771,12,0.0,72.918,-123.591
2026,2026gagwi,Week 2,4509,12,-0.0,20.668,-35.037
2026,2026gagwi,Week 2,3091,12,-0.0,25.382,-53.406
2026,2026gagwi,Week 2,1683,12,0.0,59.897,-101.739
2026,2026gagwi,Week 2,5651,12,0.0,22.031,-46.871
2026,2026gagwi,Week 2,11174,12,0.0,36.285,-89.933
2026,2026gagwi,Week 2,4468,12,0.0,45.008,-46.871
2026,2026gagwi,Week 2,8577,12,0.0,33.413,-46.486
2026,2026marea,Week 2,2877,12,0.0,50.351,-93.982
2026,2026marea,Week 2,6201,12,-0.0,29.84,-53.425
2026,2026marea,Week 2,4169,12,-0.0,20.674,-34.175
2026,2026marea,Week 2,433,12,-0.0,33.309,-57.23
2026,2026marea,Week 2,9443,12,-0.0,30.901,-35.095
2026,2026marea,Week 2,88,12,-0.0,35.689,-34.175
2026,2026marea,Week 2,133,12,-0.0,63.239,-93.982
2026,2026marea,Week 2,3958,12,-0.0,25.648,-30.427
2026,2026marea,Week 2,125,12,-0.0,39.235,-97.574
2026,2026marea,Week 2,5459,12,-0.0,38.85,-73.815
2026,2026marea,Week 2,3566,12,-0.0,48.251,-97.574
2026,2026marea,Week 2,6367,12,-0.0,34.184,-68.143
2026,2026marea,Week 2,10912,12,-0.0,23.81,-43.8
2026,2026marea,Week 2,238,12,-0.0,48.293,-86.215
2026,2026marea,Week 2,4311,12,-0.0,59.279,-51.127
2026,2026marea,Week 2,151,12,-0.0,30.573,-53.251
2026,2026marea,Week 2,3205,12,-0.0,34.768,-76.199
2026,2026marea,Week 2,8626,12,-0.0,45.912,-73.815
2026,2026marea,Week 2,6731,12,-0.0,30.232,-60.759
2026,2026marea,Week 2,97,12,-0.0,34.441,-65.341
2026,2026marea,Week 2,5563,12,-0.0,48.726,-88.725
2026,2026marea,Week 2,1721,12,-0.0,32.818,-71.138
2026,2026marea,Week 2,2423,12,-0.0,49.832,-71.138
2026,2026marea,Week 2,4761,12,0.0,54.51,-71.138
2026,2026marea,Week 2,10156,12,-0.0,28.391,-53.251
2026,2026marea,Week 2,246,12,-0.0,37.152,-93.982
2026,2026marea,Week 2,2713,12,-0.0,45.834,-88.725
2026,2026marea,Week 2,2084,12,-0.0,22.048,-43.659
2026,2026marea,Week 2,5735,12,-0.0,39.236,-76.199
2026,2026marea,Week 2,1058,12,-0.0,50.144,-86.215
2026,2026marea,Week 2,78,12,-0.0,42.152,-69.505
2026,2026marea,Week 2,1922,12,-0.0,43.824,-88.725
2026,2026marea,Week 2,4546,12,-0.0,29.864,-35.095
2026,2026marea,Week 2,69,12,-0.0,38.918,-97.574
2026,2026marea,Week 2,2876,12,-0.0,40.411,-68.143
2026,2026marea,Week 2,5813,12,-0.0,41.099,-73.815
2026,2026marea,Week 2,1761,12,-0.0,32.143,-37.091
2026,2026marea,Week 2,11483,12,-0.0,59.569,-86.215
2026,2026mawne,Week 2,3654,12,0.0,38.111,-40.547
2026,2026mawne,Week 2,6895,12,0.0,24.14,-39.953
2026,2026mawne,Week 2,1100,12,0.0,57.774,-125.877
2026,2026mawne,Week 2,1991,12,0.0,34.39,-73.229
2026,2026mawne,Week 2,8567,12,0.0,34.547,-50.382
2026,2026mawne,Week 2,10910,12,0.0,26.891,-50.476
2026,2026mawne,Week 2,1027,12,0.0,29.003,-50.382
2026,2026mawne,Week 2,4176,12,0.0,21.956,-34.177
2026,2026mawne,Week 2,3146,12,0.0,39.631,-72.662
2026,2026mawne,Week 2,177,12,0.0,44.081,-67.109
2026,2026mawne,Week 2,230,12,0.0,38.263,-67.109
2026,2026mawne,Week 2,8709,12,0.0,40.795,-67.109
2026,2026mawne,Week 2,9101,12,0.0,23.614,-26.1
2026,2026mawne,Week 2,839,12,0.0,32.467,-46.388
2026,2026mawne,Week 2,429,12,0.0,30.388,-40.547
2026,2026mawne,Week 2,2170,12,0.0,46.476,-110.754
2026,2026mawne,Week 2,9710,12,0.0,45.891,-110.754
2026,2026mawne,Week 2,571,12,0.0,53.994,-110.754
2026,2026mawne,Week 2,5142,12,0.0,40.653,-49.454
2026,2026mawne,Week 2,3461,12,0.0,34.063,-49.454
2026,2026mawne,Week 2,1740,12,0.0,35.749,-64.891
2026,2026mawne,Week 2,176,12,0.0,38.681,-72.662
2026,2026mawne,Week 2,178,12,0.0,35.268,-64.891
2026,2026mawne,Week 2,4034,12,0.0,42.286,-95.383
2026,2026mawne,Week 2,237,12,0.0,50.505,-72.662
2026,2026mawne,Week 2,181,12,0.0,47.551,-56.442
2026,2026mawne,Week 2,10592,12,0.0,25.655,-31.031
2026,2026mawne,Week 2,173,12,0.0,34.849,-61.817
2026,2026mawne,Week 2,236,12,0.0,50.825,-61.817
2026,2026mawne,Week 2,6346,12,0.0,43.069,-61.817
2026,2026mawne,Week 2,7153,12,0.0,38.493,-83.321
2026,2026mawne,Week 2,195,12,0.0,67.416,-95.383
2026,2026mawne,Week 2,7694,12,0.0,59.845,-125.877
2026,2026mawne,Week 2,155,12,0.0,39.281,-91.045
2026,2026mawne,Week 2,2370,12,0.0,61.908,-125.877
2026,2026mawne,Week 2,7127,12,0.0,39.392,-91.045
2026,2026mawne,Week 2,2067,12,0.0,42.436,-50.382
2026,2026mawne,Week 2,10945,12,0.0,38.821,-73.229
2026,2026mdpas,Week 2,623,12,0.0,32.612,-52.03
2026,2026mdpas,Week 2,836,12,-0.0,42.893,-102.113
2026,2026mdpas,Week 2,5115,12,-0.0,32.744,-60.284
2026,2026mdpas,Week 2,2199,12,0.0,43.273,-102.113
2026,2026mdpas,Week 2,8622,12,0.0,24.364,-28.163
2026,2026mdpas,Week 2,11350,12,0.0,25.089,-45.614
2026,2026mdpas,Week 2,7886,12,0.0,36.636,-60.284
2026,2026mdpas,Week 2,9072,12,0.0,48.894,-72.73
2026,2026mdpas,Week 2,4505,12,-0.0,29.538,-58.796
2026,2026mdpas,Week 2,2421,12,0.0,22.732,-24.074
2026,2026mdpas,Week 2,2900,12,0.0,23.629,-30.759
2026,2026mdpas,Week 2,6863,12,0.0,22.676,-38.861
2026,2026mdpas,Week 2,10679,12,-0.0,25.455,-27.36
2026,2026mdpas,Week 2,2537,12,0.0,31.452,-63.691
2026,2026mdpas,Week 2,9033,12,0.0,25.405,-45.474
2026,2026mdpas,Week 2,1719,12,0.0,27.887,-72.73
2026,2026mdpas,Week 2,1418,12,0.0,13.901,-20.473
2026,2026mdpas,Week 2,8590,12,0.0,31.71,-40.571
2026,2026mdpas,Week 2,4541,12,0.0,19.301,-33.859
2026,2026mdpas,Week 2,686,12,-0.0,36.845,-63.691
2026,2026mdpas,Week 2,614,12,-0.0,29.075,-72.73
2026,2026mdpas,Week 2,5830,12,0.0,23.625,-40.571
2026,2026mdpas,Week 2,7770,12,0.0,16.277,-33.859
2026,2026mdpas,Week 2,3748,12,-0.0,31.713,-52.03
2026,2026mdpas,Week 2,1629,12,0.0,46.325,-102.113
2026,2026mdpas,Week 2,888,12,0.0,44.509,-68.088
2026,2026mdpas,Week 2,1111,12,-0.0,30.738,-68.088
2026,2026mdpas,Week 2,6326,12,-0.0,29.549,-45.474
2026,2026mdpas,Week 2,4464,12,0.0,28.888,-36.846
2026,2026mdpas,Week 2,8726,12,0.0,21.866,-30.28
2026,2026mdpas,Week 2,6239,12,0.0,38.902,-63.691
2026,2026mdpas,Week 2,2849,12,0.0,26.509,-45.614
2026,2026mdpas,Week 2,4821,12,0.0,33.39,-52.624
2026,2026mdpas,Week 2,5841,12,-0.0,28.408,-60.284
2026,2026mibro,Week 2,6528,12,0.0,26.112,-33.667
2026,2026mibro,Week 2,6057,12,0.0,23.754,-41.51
2026,2026mibro,Week 2,240,12,0.0,26.659,-52.457
2026,2026mibro,Week 2,5263,12,0.0,21.572,-40.111
2026,2026mibro,Week 2,6618,12,0.0,40.757,-51.145
2026,2026mibro,Week 2,815,12,0.0,24.16,-40.111
2026,2026mibro,Week 2,2620,12,0.0,35.322,-51.145
2026,2026mibro,Week 2,5901,12,0.0,16.838,-40.265
2026,2026mibro,Week 2,9182,12,0.0,39.441,-58.475
2026,2026mibro,Week 2,6861,12,0.0,26.413,-34.758
2026,2026mibro,Week 2,5498,12,0.0,47.135,-98.467
2026,2026mibro,Week 2,8427,12,0.0,39.436,-37.92
2026,2026mibro,Week 2,9226,12,0.0,27.864,-45.553
2026,2026mibro,Week 2,217,12,0.0,40.687,-62.541
2026,2026mibro,Week 2,1528,12,0.0,26.367,-52.457
2026,2026mibro,Week 2,6914,12,0.0,30.921,-52.335
2026,2026mibro,Week 2,247,12,-0.0,31.647,-66.03
2026,2026mibro,Week 2,2832,12,0.0,28.849,-62.541
2026,2026mibro,Week 2,3604,12,0.0,35.942,-98.467
2026,2026mibro,Week 2,6570,12,0.0,28.217,-37.92
2026,2026mibro,Week 2,9572,12,0.0,32.389,-55.619
2026,2026mibro,Week 2,6029,12,0.0,19.694,-43.974
2026,2026mibro,Week 2,5907,12,0.0,30.934,-40.265
2026,2026mibro,Week 2,9148,12,0.0,21.863,-55.619
2026,2026mibro,Week 2,8362,12,0.0,32.771,-62.23
2026,2026mibro,Week 2,1189,12,0.0,30.974,-62.23
2026,2026mibro,Week 2,910,12,0.0,54.246,-98.467
2026,2026mibro,Week 2,4390,12,0.0,32.097,-58.475
2026,2026mibro,Week 2,8124,12,0.0,24.991,-37.92
2026,2026mibro,Week 2,469,12,0.0,41.309,-66.03
2026,2026mibro,Week 2,7174,12,0.0,36.422,-55.619
2026,2026mibro,Week 2,6101,12,0.0,29.358,-56.494
2026,2026mibro,Week 2,3322,12,0.0,35.808,-46.933
2026,2026mibro,Week 2,8179,12,0.0,40.199,-69.854
2026,2026mibro,Week 2,7769,12,-0.0,38.615,-66.03
2026,2026mibro,Week 2,5050,12,0.0,32.968,-62.541
2026,2026mibro,Week 2,2834,12,0.0,24.035,-31.741
2026,2026mibro,Week 2,10606,12,0.0,23.546,-52.335
2026,2026mibro,Week 2,6152,12,0.0,41.396,-69.854
2026,2026mibro,Week 2,5090,12,0.0,14.391,-29.518
2026,2026milac,Week 2,2054,12,-0.0,46.045,-58.932
2026,2026milac,Week 2,5560,12,-0.0,35.599,-57.335
2026,2026milac,Week 2,7794,12,0.0,40.674,-78.965
2026,2026milac,Week 2,6114,12,0.0,37.63,-54.617
2026,2026milac,Week 2,8041,12,0.0,34.561,-47.351
2026,2026milac,Week 2,10421,12,-0.0,34.575,-55.457
2026,2026milac,Week 2,11437,12,0.0,34.723,-55.389
2026,2026milac,Week 2,4776,12,0.0,29.432,-55.457
2026,2026milac,Week 2,141,12,0.0,53.751,-78.965
2026,2026milac,Week 2,11435,12,0.0,13.808,-24.427
2026,2026milac,Week 2,226,12,0.0,40.33,-55.457
2026,2026milac,Week 2,9650,12,0.0,16.801,-38.623
2026,2026milac,Week 2,6121,12,-0.0,26.903,-44.558
2026,2026milac,Week 2,6087,12,-0.0,31.246,-53.26
2026,2026milac,Week 2,9541,12,-0.0,32.843,-44.558
2026,2026milac,Week 2,3537,12,0.0,36.423,-56.459
2026,2026milac,Week 2,5534,12,0.0,21.954,-25.936
2026,2026milac,Week 2,7790,12,0.0,28.096,-29.322
2026,2026milac,Week 2,1684,12,0.0,44.978,-58.932
2026,2026milac,Week 2,3603,12,-0.0,40.445,-56.581
2026,2026milac,Week 2,4983,12,0.0,25.544,-56.581
2026,2026milac,Week 2,7855,12,0.0,32.31,-57.352
2026,2026milac,Week 2,2586,12,-0.0,30.264,-37.295
2026,2026milac,Week 2,7155,12,0.0,39.611,-73.609
2026,2026milac,Week 2,5547,12,-0.0,35.289,-54.621
2026,2026milac,Week 2,4956,12,-0.0,35.457,-54.621
2026,2026milac,Week 2,9106,12,0.0,38.506,-58.932
2026,2026milac,Week 2,6963,12,-0.0,24.69,-70.819
2026,2026milac,Week 2,7250,12,-0.0,41.323,-78.965
2026,2026milac,Week 2,9568,12,0.0,34.798,-70.819
2026,2026milac,Week 2,3536,12,0.0,35.178,-56.459
2026,2026milac,Week 2,11440,12,-0.0,30.356,-49.799
2026,2026milac,Week 2,7202,12,0.0,37.342,-73.609
2026,2026milac,Week 2,7768,12,0.0,32.097,-57.352
2026,2026mimar,Week 2,33,12,-0.0,43.785,-79.861
2026,2026mimar,Week 2,453,12,-0.0,24.812,-25.262
2026,2026mimar,Week 2,5860,12,-0.0,28.207,-51.327
2026,2026mimar,Week 2,5612,12,0.0,35.459,-40.797
2026,2026mimar,Week 2,5167,12,-0.0,24.774,-31.158
2026,2026mimar,Week 2,7597,12,-0.0,27.668,-55.079
2026,2026mimar,Week 2,4994,12,-0.0,27.499,-51.327
2026,2026mimar,Week 2,9251,12,-0.0,26.01,-40.797
2026,2026mimar,Week 2,1506,12,-0.0,29.31,-37.36
2026,2026mimar,Week 2,4130,12,-0.0,29.396,-30.531
2026,2026mimar,Week 2,9183,12,-0.0,27.22,-33.243
2026,2026mimar,Week 2,1718,12,-0.0,44.468,-132.686
2026,2026mimar,Week 2,8364,12,-0.0,32.632,-61.313
2026,2026mimar,Week 2,6120,12,-0.0,34.314,-79.861
2026,2026mimar,Week 2,8728,12,0.0,48.712,-121.086
2026,2026mimar,Week 2,10349,12,0.0,29.054,-72.952
2026,2026mimar,Week 2,9558,12,-0.0,30.721,-61.313
2026,2026mimar,Week 2,11493,12,-0.0,26.918,-51.327
2026,2026mimar,Week 2,894,12,0.0,25.601,-48.85
2026,2026mimar,Week 2,818,12,-0.0,38.311,-48.85
2026,2026mimar,Week 2,4961,12,-0.0,28.976,-48.85
2026,2026mimar,Week 2,6091,12,0.0,45.63,-81.181
2026,2026mimar,Week 2,9252,12,-0.0,35.178,-81.181
2026,2026mimar,Week 2,2851,12,-0.0,54.835,-121.086
2026,2026mimar,Week 2,3539,12,0.0,63.587,-132.686
2026,2026mimar,Week 2,7813,12,-0.0,29.831,-73.209
2026,2026mimar,Week 2,7247,12,0.0,43.525,-79.861
2026,2026mimar,Week 2,7211,12,-0.0,28.053,-40.797
2026,2026mimar,Week 2,4779,12,-0.0,40.518,-39.238
2026,2026mimar,Week 2,9747,12,-0.0,23.248,-38.057
2026,2026mimar,Week 2,6344,12,-0.0,31.452,-40.297
2026,2026mimar,Week 2,9528,12,-0.0,35.215,-55.079
2026,2026mimar,Week 2,3667,12,0.0,34.356,-44.145
2026,2026mimar,Week 2,9245,12,-0.0,47.712,-121.086
2026,2026mimar,Week 2,5843,12,-0.0,15.942,-17.938
2026,2026mimar,Week 2,8280,12,0.0,28.187,-36.55
2026,2026mimar,Week 2,5926,12,0.0,30.883,-46.284
2026,2026mimar,Week 2,51,12,-0.0,59.466,-132.686
2026,2026mimar,Week 2,1498,12,-0.0,46.039,-72.952
2026,2026mimar,Week 2,5214,12,-0.0,33.501,-38.476
2026,2026ncash,Week 2,10583,12,0.0,25.051,-43.53
2026,2026ncash,Week 2,10704,12,0.0,19.916,-27.887
2026,2026ncash,Week 2,2682,12,-0.0,44.037,-108.448
2026,2026ncash,Week 2,9607,12,0.0,21.669,-43.402
2026,2026ncash,Week 2,9762,12,-0.0,27.597,-43.402
2026,2026ncash,Week 2,8727,12,-0.0,40.088,-79.101
2026,2026ncash,Week 2,5727,12,-0.0,20.283,-44.246
2026,2026ncash,Week 2,7763,12,0.0,19.959,-31.356
2026,2026ncash,Week 2,3680,12,-0.0,18.372,-26.138
2026,2026ncash,Week 2,11377,12,-0.0,33.593,-44.246
2026,2026ncash,Week 2,2724,12,-0.0,40.426,-93.166
2026,2026ncash,Week 2,6908,12,0.0,28.93,-49.566
2026,2026ncash,Week 2,9150,12,0.0,39.245,-93.166
2026,2026ncash,Week 2,5518,12,-0.0,36.703,-108.448
2026,2026ncash,Week 2,1225,12,0.0,32.407,-83.502
2026,2026ncash,Week 2,11417,12,0.0,30.823,-79.101
2026,2026ncash,Week 2,7918,12,0.0,33.861,-44.246
2026,2026ncash,Week 2,7890,12,0.0,41.63,-83.502
2026,2026ncash,Week 2,1533,12,0.0,44.656,-108.448
2026,2026ncash,Week 2,3229,12,-0.0,42.167,-93.166
2026,2026ncash,Week 2,6639,12,0.0,27.559,-36.183
2026,2026ncash,Week 2,6932,12,0.0,12.607,-31.356
2026,2026ncash,Week 2,9605,12,-0.0,28.177,-36.183
2026,2026ncash,Week 2,10077,12,-0.0,21.164,-27.776
2026,2026ncash,Week 2,4828,12,-0.0,50.135,-83.502
2026,2026ncash,Week 2,10304,12,-0.0,21.891,-41.864
2026,2026ncash,Week 2,3196,12,0.0,25.254,-43.53
2026,2026ncash,Week 2,9298,12,0.0,16.364,-44.254
2026,2026ncash,Week 2,10107,12,-0.0,31.968,-44.979
2026,2026ncash,Week 2,6888,12,-0.0,30.771,-44.254
2026,2026nhbed,Week 2,6690,12,-0.0,27.186,-47.201
2026,2026nhbed,Week 2,1247,12,0.0,31.28,-73.502
2026,2026nhbed,Week 2,509,12,0.0,30.061,-61.979
2026,2026nhbed,Week 2,1729,12,-0.0,42.205,-76.849
2026,2026nhbed,Week 2,10937,12,0.0,42.913,-83.136
2026,2026nhbed,Week 2,4925,12,0.0,44.794,-87.352
2026,2026nhbed,Week 2,58,12,-0.0,35.561,-73.502
2026,2026nhbed,Week 2,11175,12,0.0,25.102,-44.276
2026,2026nhbed,Week 2,138,12,0.0,40.097,-76.849
2026,2026nhbed,Week 2,8724,12,0.0,40.163,-70.3
2026,2026nhbed,Week 2,7314,12,-0.0,36.651,-87.352
2026,2026nhbed,Week 2,3323,12,-0.0,29.261,-60.239
2026,2026nhbed,Week 2,126,12,0.0,33.006,-70.3
2026,2026nhbed,Week 2,11157,12,0.0,37.135,-83.283
2026,2026nhbed,Week 2,9055,12,0.0,57.431,-158.198
2026,2026nhbed,Week 2,8421,12,0.0,31.419,-44.833
2026,2026nhbed,Week 2,95,12,-0.0,59.129,-158.198
2026,2026nhbed,Week 2,1277,12,-0.0,20.344,-28.949
2026,2026nhbed,Week 2,4905,12,0.0,32.604,-70.3
2026,2026nhbed,Week 2,2342,12,0.0,30.741,-71.554
2026,2026nhbed,Week 2,467,12,0.0,41.733,-53.005
2026,2026nhbed,Week 2,319,12,0.0,37.645,-87.352
2026,2026nhbed,Week 2,10138,12,-0.0,44.447,-76.849
2026,2026nhbed,Week 2,131,12,-0.0,40.357,-71.554
2026,2026nhbed,Week 2,7674,12,0.0,32.969,-48.886
2026,2026nhbed,Week 2,3467,12,-0.0,51.399,-83.283
2026,2026nhbed,Week 2,9096,12,0.0,36.179,-53.005
2026,2026nhbed,Week 2,501,12,0.0,40.332,-83.283
2026,2026nhbed,Week 2,166,12,0.0,46.519,-83.136
2026,2026nhbed,Week 2,11269,12,0.0,26.79,-27.713
2026,2026nhbed,Week 2,4909,12,-0.0,36.637,-73.502
2026,2026nhbed,Week 2,348,12,0.0,30.093,-48.886
2026,2026nhbed,Week 2,811,12,0.0,40.127,-83.136
2026,2026nhbed,Week 2,1073,12,-0.0,61.901,-158.198
2026,2026njtab,Week 2,1218,12,-0.0,31.087,-56.786
2026,2026njtab,Week 2,2720,12,-0.0,33.548,-54.371
2026,2026njtab,Week 2,1640,12,-0.0,35.363,-90.717
2026,2026njtab,Week 2,1257,12,0.0,20.407,-33.484
2026,2026njtab,Week 2,7414,12,-0.0,36.148,-100.787
2026,2026njtab,Week 2,8721,12,0.0,28.383,-56.196
2026,2026njtab,Week 2,7587,12,-0.0,33.65,-52.361
2026,2026njtab,Week 2,9094,12,-0.0,41.272,-87.828
2026,2026njtab,Week 2,9416,12,0.0,16.068,-28.302
2026,2026njtab,Week 2,4652,12,-0.0,25.798,-30.707
2026,2026njtab,Week 2,1712,12,-0.0,24.285,-35.083
2026,2026njtab,Week 2,2722,12,0.0,43.334,-90.717
2026,2026njtab,Week 2,5789,12,-0.0,29.597,-56.786
2026,2026njtab,Week 2,10157,12,-0.0,14.401,-19.055
2026,2026njtab,Week 2,1647,12,-0.0,26.902,-52.361
2026,2026njtab,Week 2,4637,12,-0.0,20.61,-35.083
2026,2026njtab,Week 2,103,12,-0.0,40.582,-100.787
2026,2026njtab,Week 2,8714,12,0.0,20.226,-27.252
2026,2026njtab,Week 2,1391,12,0.0,42.872,-90.717
2026,2026njtab,Week 2,8704,12,0.0,33.321,-52.361
2026,2026njtab,Week 2,190,12,-0.0,54.384,-100.787
2026,2026njtab,Week 2,834,12,0.0,20.789,-35.414
2026,2026njtab,Week 2,1807,12,-0.0,25.198,-54.209
2026,2026njtab,Week 2,10400,12,0.0,27.552,-47.838
2026,2026njtab,Week 2,365,12,0.0,31.263,-47.838
2026,2026njtab,Week 2,4342,12,-0.0,29.311,-32.198
2026,2026njtab,Week 2,5401,12,-0.0,33.809,-87.828
2026,2026njtab,Week 2,8130,12,-0.0,18.834,-30.655
2026,2026njtab,Week 2,11104,12,0.0,37.889,-87.828
2026,2026njtab,Week 2,1923,12,-0.0,18.576,-29.749
2026,2026njtab,Week 2,5732,12,-0.0,24.432,-30.655
2026,2026njtab,Week 2,2554,12,0.0,28.288,-56.786
2026,2026onosh,Week 2,5409,12,-0.0,39.956,-94.101
2026,2026onosh,Week 2,5024,12,-0.0,38.647,-86.702
2026,2026onosh,Week 2,6135,12,-0.0,33.667,-86.973
2026,2026onosh,Week 2,5870,12,-0.0,38.35,-86.507
2026,2026onosh,Week 2,7603,12,-0.0,52.879,-61.316
2026,2026onosh,Week 2,4976,12,-0.0,46.628,-78.252
2026,2026onosh,Week 2,11227,12,-0.0,33.677,-50.598
2026,2026onosh,Week 2,5036,12,-0.0,48.348,-91.638
2026,2026onosh,Week 2,7712,12,-0.0,38.242,-62.949
2026,2026onosh,Week 2,7480,12,-0.0,26.152,-32.333
2026,2026onosh,Week 2,5596,12,-0.0,53.633,-134.118
2026,2026onosh,Week 2,10015,12,-0.0,49.606,-91.638
2026,2026onosh,Week 2,3543,12,-0.0,24.115,-55.409
2026,2026onosh,Week 2,1241,12,-0.0,48.002,-94.101
2026,2026onosh,Week 2,7902,12,-0.0,27.385,-43.888
2026,2026onosh,Week 2,5689,12,-0.0,41.795,-86.702
2026,2026onosh,Week 2,8089,12,-0.0,48.507,-91.638
2026,2026onosh,Week 2,4152,12,-0.0,82.15,-209.668
2026,2026onosh,Week 2,9589,12,-0.0,35.153,-62.949
2026,2026onosh,Week 2,188,12,-0.0,67.779,-134.118
2026,2026onosh,Week 2,2708,12,-0.0,49.528,-86.507
2026,2026onosh,Week 2,5032,12,-0.0,44.826,-134.118
2026,2026onosh,Week 2,8729,12,-0.0,68.375,-209.668
2026,2026onosh,Week 2,4946,12,-0.0,84.412,-209.668
2026,2026onosh,Week 2,4476,12,-0.0,39.488,-86.702
2026,2026onosh,Week 2,9569,12,-0.0,38.706,-49.504
2026,2026onosh,Week 2,781,12,-0.0,51.402,-115.797
2026,2026onosh,Week 2,7757,12,-0.0,47.996,-94.101
2026,2026vagle,Week 2,2106,12,0.0,47.246,-46.362
2026,2026vagle,Week 2,1262,12,0.0,36.999,-70.243
2026,2026vagle,Week 2,6802,12,0.0,24.622,-31.929
2026,2026vagle,Week 2,8326,12,0.0,24.676,-60.184
2026,2026vagle,Week 2,3939,12,0.0,35.727,-54.694
2026,2026vagle,Week 2,10257,12,0.0,26.134,-45.89
2026,2026vagle,Week 2,540,12,0.0,45.232,-98.974
2026,2026vagle,Week 2,977,12,0.0,39.581,-54.694
2026,2026vagle,Week 2,10004,12,0.0,23.885,-51.427
2026,2026vagle,Week 2,619,12,0.0,28.071,-49.88
2026,2026vagle,Week 2,8592,12,0.0,37.499,-60.184
2026,2026vagle,Week 2,2998,12,0.0,38.338,-55.587
2026,2026vagle,Week 2,1522,12,0.0,23.226,-35.516
2026,2026vagle,Week 2,9709,12,0.0,24.034,-36.988
2026,2026vagle,Week 2,11425,12,0.0,37.891,-44.942
2026,2026vagle,Week 2,3072,12,0.0,33.468,-54.694
2026,2026vagle,Week 2,1599,12,-0.0,29.062,-51.427
2026,2026vagle,Week 2,1086,12,0.0,49.604,-98.974
2026,2026vagle,Week 2,3361,12,0.0,34.811,-70.243
2026,2026vagle,Week 2,4286,12,0.0,34.28,-51.427
2026,2026vagle,Week 2,9214,12,0.0,29.611,-46.362
2026,2026vagle,Week 2,5724,12,0.0,22.863,-39.828
2026,2026vagle,Week 2,346,12,0.0,56.794,-98.974
2026,2026vagle,Week 2,339,12,-0.0,24.808,-39.828
2026,2026vagle,Week 2,401,12,0.0,49.564,-88.666
2026,2026vagle,Week 2,617,12,0.0,38.054,-88.666
2026,2026vagle,Week 2,5804,12,0.0,37.353,-88.666
2026,2026vagle,Week 2,1915,12,0.0,40.643,-70.243
2026,2026vagle,Week 2,404,12,-0.0,21.741,-35.343
2026,2026vagle,Week 2,10224,12,0.0,27.797,-46.138
2026,2026casnf,Week 2,8016,12,0.0,29.007,-45.34
2026,2026casnf,Week 2,4765,12,0.0,20.215,-39.14
2026,2026casnf,Week 2,9114,12,0.0,27.522,-40.222
2026,2026casnf,Week 2,7245,12,0.0,25.981,-31.453
2026,2026casnf,Week 2,1323,12,0.0,61.452,-159.779
2026,2026casnf,Week 2,2551,12,0.0,33.643,-45.34
2026,2026casnf,Week 2,1280,12,0.0,19.47,-23.255
2026,2026casnf,Week 2,10281,12,0.0,54.557,-159.779
2026,2026casnf,Week 2,4904,12,0.0,29.295,-46.191
2026,2026casnf,Week 2,11243,12,0.0,30.728,-58.046
2026,2026casnf,Week 2,10615,12,0.0,43.947,-82.105
2026,2026casnf,Week 2,10221,12,0.0,38.646,-69.788
2026,2026casnf,Week 2,5104,12,0.0,44.466,-82.105
2026,2026casnf,Week 2,649,12,0.0,37.101,-79.104
2026,2026casnf,Week 2,5940,12,0.0,49.972,-100.346
2026,2026casnf,Week 2,5700,12,0.0,37.177,-61.624
2026,2026casnf,Week 2,8033,12,0.0,40.489,-79.104
2026,2026casnf,Week 2,840,12,0.0,40.073,-61.624
2026,2026casnf,Week 2,8852,12,0.0,34.647,-100.346
2026,2026casnf,Week 2,8751,12,-0.0,29.818,-49.836
2026,2026casnf,Week 2,11463,12,0.0,30.61,-44.995
2026,2026casnf,Week 2,253,12,0.0,21.677,-45.34
2026,2026casnf,Week 2,11230,12,0.0,30.847,-49.836
2026,2026casnf,Week 2,114,12,0.0,43.239,-82.027
2026,2026casnf,Week 2,2035,12,0.0,56.968,-159.779
2026,2026casnf,Week 2,841,12,0.0,20.386,-49.836
2026,2026casnf,Week 2,8045,12,-0.0,20.243,-41.895
2026,2026casnf,Week 2,6918,12,0.0,27.383,-44.995
2026,2026casnf,Week 2,3970,12,0.0,32.867,-38.026
2026,2026casnf,Week 2,8840,12,0.0,25.159,-35.949
2026,2026casnf,Week 2,7667,12,0.0,39.826,-79.104
2026,2026casnf,Week 2,6506,12,0.0,42.363,-100.346
2026,2026casnf,Week 2,4159,12,0.0,42.196,-82.027
2026,2026casnf,Week 2,4186,12,0.0,39.988,-82.105
2026,2026casnf,Week 2,4669,12,0.0,34.484,-69.788
2026,2026casnf,Week 2,5507,12,0.0,42.703,-65.247
2026,2026casnf,Week 2,5171,12,0.0,29.488,-46.034
2026,2026casnf,Week 2,4973,12,0.0,24.642,-39.14
2026,2026casnv,Week 2,6665,12,-0.0,50.189,-79.711
2026,2026casnv,Week 2,6822,12,0.0,45.134,-111.506
2026,2026casnv,Week 2,1700,12,0.0,47.409,-72.617
2026,2026casnv,Week 2,254,12,0.0,87.165,-155.906
2026,2026casnv,Week 2,1351,12,0.0,36.126,-92.648
2026,2026casnv,Week 2,6059,12,-0.0,70.856,-94.526
2026,2026casnv,Week 2,5026,12,0.0,60.696,-111.506
2026,2026casnv,Week 2,5419,12,-0.0,31.349,-63.251
2026,2026casnv,Week 2,9470,12,0.0,58.456,-73.988
2026,2026casnv,Week 2,100,12,0.0,52.021,-128.496
2026,2026casnv,Week 2,2367,12,-0.0,57.908,-155.906
2026,2026casnv,Week 2,5499,12,0.0,61.844,-131.216
2026,2026casnv,Week 2,8048,12,-0.0,46.14,-60.091
2026,2026casnv,Week 2,2854,12,0.0,50.942,-92.648
2026,2026casnv,Week 2,6962,12,-0.0,68.337,-85.939
2026,2026casnv,Week 2,581,12,0.0,50.974,-81.883
2026,2026casnv,Week 2,6814,12,-0.0,57.095,-155.906
2026,2026casnv,Week 2,11247,12,0.0,64.132,-157.938
2026,2026casnv,Week 2,4990,12,-0.0,40.382,-53.076
2026,2026casnv,Week 2,668,12,-0.0,48.498,-80.905
2026,2026casnv,Week 2,1854,12,0.0,43.425,-85.939
2026,2026casnv,Week 2,7528,12,0.0,55.904,-85.206
2026,2026casnv,Week 2,6238,12,-0.0,58.173,-72.893
2026,2026casnv,Week 2,1967,12,-0.0,51.705,-44.163
2026,2026casnv,Week 2,10644,12,0.0,38.439,-73.182
2026,2026casnv,Week 2,3256,12,-0.0,74.997,-131.216
2026,2026casnv,Week 2,1671,12,-0.0,51.561,-128.496
2026,2026casnv,Week 2,115,12,0.0,53.093,-94.526
2026,2026casnv,Week 2,6418,12,0.0,47.649,-73.988
2026,2026casnv,Week 2,972,12,0.0,66.771,-157.938
2026,2026casnv,Week 2,7607,12,0.0,41.37,-72.893
2026,2026casnv,Week 2,2643,12,0.0,40.366,-81.883
2026,2026casnv,Week 2,8404,12,0.0,60.882,-80.905
2026,2026casnv,Week 2,10372,12,-0.0,42.522,-85.939
2026,2026casnv,Week 2,1868,12,-0.0,65.203,-128.496
2026,2026casnv,Week 2,2813,12,0.0,88.633,-157.938
2026,2026casnv,Week 2,766,12,0.0,48.621,-111.506
2026,2026caven,Week 2,192,12,-0.0,38.215,-60.314
2026,2026caven,Week 2,3501,12,-0.0,31.623,-60.314
2026,2026caven,Week 2,1661,12,-0.0,37.648,-60.314
2026,2026caven,Week 2,9520,12,-0.0,41.805,-56.863
2026,2026caven,Week 2,6560,12,-0.0,37.154,-81.851
2026,2026caven,Week 2,5285,12,-0.0,27.4,-40.319
2026,2026caven,Week 2,10936,12,-0.0,32.557,-63.137
2026,2026caven,Week 2,6036,12,-0.0,39.505,-54.514
2026,2026caven,Week 2,5136,12,-0.0,51.683,-48.752
2026,2026caven,Week 2,8533,12,-0.0,51.726,-83.876
2026,2026caven,Week 2,691,12,-0.0,43.726,-83.876
2026,2026caven,Week 2,1538,12,-0.0,45.484,-83.876
2026,2026caven,Week 2,5869,12,-0.0,26.171,-74.14
2026,2026caven,Week 2,22,12,-0.0,32.191,-54.514
2026,2026caven,Week 2,3512,12,-0.0,53.014,-112.178
2026,2026caven,Week 2,5199,12,-0.0,45.694,-73.779
2026,2026caven,Week 2,3925,12,-0.0,37.098,-64.713
2026,2026caven,Week 2,11024,12,-0.0,25.131,-27.254
2026,2026caven,Week 2,7323,12,-0.0,43.198,-70.601
2026,2026caven,Week 2,6060,12,-0.0,42.132,-81.851
2026,2026caven,Week 2,6764,12,-0.0,39.114,-56.863
2026,2026caven,Week 2,7415,12,-0.0,67.991,-112.178
2026,2026caven,Week 2,973,12,-0.0,62.42,-101.836
2026,2026caven,Week 2,4414,12,-0.0,59.21,-101.836
2026,2026caven,Week 2,9271,12,-0.0,30.609,-56.282
2026,2026caven,Week 2,4711,12,-0.0,43.389,-63.137
2026,2026caven,Week 2,8521,12,-0.0,36.624,-64.713
2026,2026caven,Week 2,1388,12,-0.0,28.913,-31.853
2026,2026caven,Week 2,7327,12,-0.0,27.094,-45.042
2026,2026caven,Week 2,5012,12,-0.0,42.013,-81.851
2026,2026caven,Week 2,3309,12,-0.0,37.268,-45.836
2026,2026caven,Week 2,599,12,-0.0,50.017,-112.178
2026,2026caven,Week 2,5500,12,-0.0,40.292,-45.836
2026,2026caven,Week 2,1160,12,-0.0,28.034,-45.042
2026,2026caven,Week 2,589,12,-0.0,31.36,-70.601
2026,2026caven,Week 2,6934,12,-0.0,51.763,-73.779
2026,2026orwil,Week 2,2635,12,-0.0,36.124,-94.712
2026,2026orwil,Week 2,3673,12,-0.0,28.933,-50.953
2026,2026orwil,Week 2,3024,12,-0.0,33.243,-50.768
2026,2026orwil,Week 2,10444,12,-0.0,41.786,-93.96
2026,2026orwil,Week 2,2374,12,-0.0,41.208,-85.532
2026,2026orwil,Week 2,6831,12,-0.0,37.056,-82.911
2026,2026orwil,Week 2,847,12,-0.0,33.694,-69.848
2026,2026orwil,Week 2,2898,12,-0.0,47.211,-57.496
2026,2026orwil,Week 2,4043,12,-0.0,38.501,-78.981
2026,2026orwil,Week 2,4488,12,-0.0,32.464,-74.337
2026,2026orwil,Week 2,1540,12,-0.0,49.593,-82.911
2026,2026orwil,Week 2,2550,12,-0.0,29.985,-44.485
2026,2026orwil,Week 2,3574,12,-0.0,24.862,-26.06
2026,2026orwil,Week 2,3663,12,-0.0,51.057,-93.96
2026,2026orwil,Week 2,5970,12,-0.0,25.17,-35.739
2026,2026orwil,Week 2,6696,12,-0.0,57.026,-113.074
2026,2026orwil,Week 2,3636,12,-0.0,45.387,-113.074
2026,2026orwil,Week 2,5975,12,-0.0,45.231,-113.074
2026,2026orwil,Week 2,9613,12,-0.0,25.328,-57.496
2026,2026orwil,Week 2,6343,12,-0.0,39.905,-60.029
2026,2026orwil,Week 2,4662,12,-0.0,38.964,-74.559
2026,2026orwil,Week 2,1425,12,-0.0,58.06,-94.712
2026,2026orwil,Week 2,4513,12,-0.0,28.546,-57.656
2026,2026orwil,Week 2,5937,12,-0.0,52.921,-85.532
2026,2026orwil,Week 2,7034,12,-0.0,41.284,-69.848
2026,2026orwil,Week 2,2915,12,-0.0,35.976,-69.062
2026,2026orwil,Week 2,1595,12,-0.0,53.681,-85.532
2026,2026orwil,Week 2,2990,12,-0.0,44.591,-74.559
2026,2026orwil,Week 2,9600,12,-0.0,40.12,-94.712
2026,2026orwil,Week 2,9438,12,-0.0,19.468,-36.722
2026,2026orwil,Week 2,957,12,-0.0,40.656,-93.96
2026,2026orwil,Week 2,2471,12,-0.0,52.838,-78.981
2026,2026wasno,Week 2,3219,12,-0.0,41.441,-67.287
2026,2026wasno,Week 2,4131,12,-0.0,33.74,-61.115
2026,2026wasno,Week 2,3826,12,-0.0,42.41,-71.911
2026,2026wasno,Week 2,9317,12,-0.0,51.606,-123.836
2026,2026wasno,Week 2,1294,12,-0.0,38.527,-80.928
2026,2026wasno,Week 2,488,12,-0.0,36.183,-66.114
2026,2026wasno,Week 2,2930,12,-0.0,32.014,-57.131
2026,2026wasno,Week 2,4173,12,-0.0,36.189,-83.116
2026,2026wasno,Week 2,9036,12,-0.0,26.474,-57.131
2026,2026wasno,Week 2,3786,12,-0.0,21.936,-50.579
2026,2026wasno,Week 2,10079,12,-0.0,49.019,-85.49
2026,2026wasno,Week 2,4180,12,-0.0,34.952,-71.338
2026,2026wasno,Week 2,3681,12,-0.0,23.768,-36.018
2026,2026wasno,Week 2,4682,12,-0.0,57.347,-106.417
2026,2026wasno,Week 2,4089,12,-0.0,44.911,-85.49
2026,2026wasno,Week 2,2910,12,-0.0,64.73,-123.836
2026,2026wasno,Week 2,3070,12,-0.0,38.689,-46.121
2026,2026wasno,Week 2,8051,12,-0.0,30.228,-66.114
2026,2026wasno,Week 2,9442,12,-0.0,43.411,-66.114
2026,2026wasno,Week 2,2522,12,-0.0,50.1,-67.287
2026,2026wasno,Week 2,2980,12,-0.0,42.931,-85.49
2026,2026wasno,Week 2,4579,12,-0.0,43.898,-106.417
2026,2026wasno,Week 2,3268,12,-0.0,39.84,-71.338
2026,2026wasno,Week 2,1899,12,-0.0,27.303,-50.531
2026,2026wasno,Week 2,5941,12,-0.0,30.2,-67.287
2026,2026wasno,Week 2,1778,12,-0.0,41.885,-71.911
2026,2026wasno,Week 2,2903,12,-0.0,21.116,-33.482
2026,2026wasno,Week 2,4512,12,-0.0,47.653,-71.338
2026,2026wasno,Week 2,7627,12,-0.0,38.882,-71.911
2026,2026wasno,Week 2,4915,12,-0.0,63.706,-123.836
2026,2026flor,Week 3,10323,8,-0.0,29.44,-53.282
2026,2026flor,Week 3,180,9,-0.0,28.687,-36.325
2026,2026flor,Week 3,2797,8,0.0,16.572,-27.931
2026,2026flor,Week 3,9750,8,-0.0,21.336,-42.399
2026,2026flor,Week 3,179,8,-0.0,36.67,-47.562
2026,2026flor,Week 3,9670,8,-0.0,20.761,-20.31
2026,2026flor,Week 3,1523,8,0.0,26.878,-59.062
2026,2026flor,Week 3,5993,8,-0.0,17.984,-26.922
2026,2026flor,Week 3,10219,8,-0.0,23.858,-21.25
2026,2026flor,Week 3,5410,8,-0.0,30.591,-36.982
2026,2026flor,Week 3,6722,8,-0.0,37.368,-68.322
2026,2026flor,Week 3,79,8,-0.0,24.856,-44.0
2026,2026flor,Week 3,6527,8,-0.0,34.142,-75.092
2026,2026flor,Week 3,8159,8,0.0,50.467,-75.092
2026,2026flor,Week 3,11097,8,0.0,40.733,-75.092
2026,2026flor,Week 3,4024,8,-0.0,22.892,-38.764
2026,2026flor,Week 3,10017,8,0.0,30.217,-38.764
2026,2026flor,Week 3,1902,8,0.0,44.498,-79.03
2026,2026flor,Week 3,10211,8,0.0,17.528,-25.658
2026,2026flor,Week 3,9728,8,0.0,30.27,-53.282
2026,2026flor,Week 3,431,8,-0.0,23.28,-35.489
2026,2026flor,Week 3,3627,8,-0.0,18.525,-24.012
2026,2026flor,Week 3,6322,8,-0.0,13.884,-22.545
2026,2026flor,Week 3,11282,8,-0.0,31.363,-46.658
2026,2026flor,Week 3,1592,8,0.0,25.946,-30.59
2026,2026flor,Week 3,10228,8,-0.0,26.092,-47.562
2026,2026flor,Week 3,4622,8,0.0,11.913,-13.157
2026,2026flor,Week 3,3932,8,0.0,35.839,-44.0
2026,2026flor,Week 3,86,8,-0.0,32.051,-40.792
2026,2026flor,Week 3,2152,8,-0.0,25.341,-40.792
2026,2026flor,Week 3,7431,8,-0.0,18.493,-35.715
2026,2026flor,Week 3,386,8,-0.0,33.989,-53.282
2026,2026flor,Week 3,3164,9,-0.0,26.318,-36.982
2026,2026flor,Week 3,801,8,0.0,39.982,-79.03
2026,2026flor,Week 3,5816,8,0.0,12.826,-11.651
2026,2026flor,Week 3,8324,8,0.0,28.229,-39.742
2026,2026flor,Week 3,9404,8,-0.0,12.531,-15.788
2026,2026flor,Week 3,10650,8,-0.0,41.916,-68.322
2026,2026flor,Week 3,7500,8,-0.0,26.758,-24.012
2026,2026flor,Week 3,233,8,0.0,25.449,-47.562
2026,2026flor,Week 3,8841,9,0.0,31.056,-46.658
2026,2026flor,Week 3,21,8,0.0,17.213,-22.545
2026,2026flor,Week 3,9300,8,-0.0,39.306,-79.03
2026,2026flor,Week 3,7072,8,0.0,30.175,-33.841
2026,2026flor,Week 3,10981,8,-0.0,20.652,-35.489
2026,2026flor,Week 3,9160,8,-0.0,7.78,-10.018
2026,2026flor,Week 3,7717,9,0.0,23.739,-31.502
2026,2026flor,Week 3,8817,8,-0.0,29.048,-68.322
2026,2026flor,Week 3,1744,8,-0.0,24.207,-39.742
2026,2026flor,Week 3,8057,8,-0.0,12.695,-17.81
2026,2026flor,Week 3,744,8,-0.0,26.528,-33.841
2026,2026flor,Week 3,11222,8,0.0,32.828,-80.012
2026,2026flor,Week 3,5842,8,0.0,38.955,-80.012
2026,2026flor,Week 3,11363,8,0.0,36.893,-80.012
2026,2026flor,Week 3,11103,8,0.0,13.815,-15.788
2026,2026flor,Week 3,1557,8,-0.0,19.226,-38.437
2026,2026flor,Week 3,6473,8,-0.0,34.047,-46.658
2026,2026flor,Week 3,5145,8,-0.0,35.284,-59.062
2026,2026nyli2,Week 3,6423,9,0.0,41.243,-84.355
2026,2026nyli2,Week 3,1880,9,0.0,40.816,-51.276
2026,2026nyli2,Week 3,10621,9,-0.0,18.289,-24.065
2026,2026nyli2,Week 3,2161,9,-0.0,32.066,-40.923
2026,2026nyli2,Week 3,3624,9,0.0,37.755,-42.869
2026,2026nyli2,Week 3,2869,9,-0.0,37.799,-50.261
2026,2026nyli2,Week 3,810,9,-0.0,44.891,-88.75
2026,2026nyli2,Week 3,870,9,0.0,46.933,-88.75
2026,2026nyli2,Week 3,353,9,0.0,39.64,-88.75
2026,2026nyli2,Week 3,9016,9,-0.0,18.321,-18.653
2026,2026nyli2,Week 3,263,9,-0.0,42.544,-73.362
2026,2026nyli2,Week 3,527,9,-0.0,19.452,-34.703
2026,2026nyli2,Week 3,3171,9,-0.0,22.136,-40.295
2026,2026nyli2,Week 3,4458,9,0.0,37.092,-68.557
2026,2026nyli2,Week 3,358,9,0.0,33.61,-59.111
2026,2026nyli2,Week 3,7673,9,-0.0,36.429,-41.643
2026,2026nyli2,Week 3,2872,9,-0.0,33.473,-49.196
2026,2026nyli2,Week 3,329,9,-0.0,37.19,-46.213
2026,2026nyli2,Week 3,287,9,-0.0,33.245,-59.111
2026,2026nyli2,Week 3,5736,9,-0.0,43.722,-67.972
2026,2026nyli2,Week 3,3950,9,-0.0,41.982,-62.768
2026,2026nyli2,Week 3,11030,9,-0.0,21.923,-25.303
2026,2026nyli2,Week 3,2027,9,0.0,41.407,-84.355
2026,2026nyli2,Week 3,564,9,-0.0,30.496,-42.869
2026,2026nyli2,Week 3,1803,9,-0.0,45.239,-73.362
2026,2026nyli2,Week 3,496,9,-0.0,19.155,-21.277
2026,2026nyli2,Week 3,28,9,-0.0,22.973,-42.894
2026,2026nyli2,Week 3,6806,9,-0.0,41.846,-60.243
2026,2026nyli2,Week 3,1554,9,-0.0,31.652,-51.276
2026,2026nyli2,Week 3,871,9,-0.0,39.477,-82.365
2026,2026nyli2,Week 3,3137,9,0.0,40.668,-82.365
2026,2026nyli2,Week 3,601,9,0.0,19.941,-14.324
2026,2026nyli2,Week 3,5016,9,0.0,31.456,-46.213
2026,2026nyli2,Week 3,2487,9,-0.0,21.272,-30.373
2026,2026nyli2,Week 3,4567,9,0.0,20.973,-49.988
2026,2026nyli2,Week 3,1468,9,0.0,42.393,-84.355
2026,2026nyli2,Week 3,2875,9,-0.0,24.46,-42.894
2026,2026nyli2,Week 3,533,9,-0.0,36.727,-50.261
2026,2026nyli2,Week 3,806,9,-0.0,35.666,-49.988
2026,2026nyli2,Week 3,9646,9,-0.0,26.049,-48.499
2026,2026nyli2,Week 3,2347,9,-0.0,39.09,-67.972
2026,2026nyli2,Week 3,1546,9,-0.0,20.327,-22.316
2026,2026nyli2,Week 3,8267,9,-0.0,55.984,-82.365
2026,2026nyli2,Week 3,884,9,-0.0,29.859,-41.999
2026,2026nyli2,Week 3,514,9,-0.0,36.096,-62.768
2026,2026nyli2,Week 3,545,9,0.0,30.483,-29.111
2026,2026nyli2,Week 3,2638,9,-0.0,46.067,-68.557
2026,2026nyli2,Week 3,569,9,-0.0,44.129,-73.362
2026,2026nysu,Week 3,395,10,0.0,39.935,-56.455
2026,2026nysu,Week 3,1155,10,0.0,18.522,-41.371
2026,2026nysu,Week 3,3004,10,0.0,14.749,-34.216
2026,2026nysu,Week 3,250,10,0.0,26.293,-36.933
2026,2026nysu,Week 3,7589,10,0.0,28.853,-51.893
2026,2026nysu,Week 3,6969,10,0.0,21.327,-36.933
2026,2026nysu,Week 3,7318,10,0.0,39.09,-59.376
2026,2026nysu,Week 3,7748,10,0.0,26.915,-40.69
2026,2026nysu,Week 3,7718,10,0.0,16.322,-40.69
2026,2026nysu,Week 3,11331,10,-0.0,44.69,-47.22
2026,2026nysu,Week 3,2053,10,0.0,24.159,-44.535
2026,2026nysu,Week 3,6401,10,0.0,25.722,-41.893
2026,2026nysu,Week 3,2265,10,0.0,32.596,-66.377
2026,2026nysu,Week 3,7611,10,0.0,36.571,-66.377
2026,2026nysu,Week 3,3419,10,0.0,42.491,-66.377
2026,2026nysu,Week 3,7759,10,0.0,27.959,-50.686
2026,2026nysu,Week 3,10229,10,0.0,35.364,-62.342
2026,2026nysu,Week 3,10413,10,0.0,34.831,-50.686
2026,2026nysu,Week 3,1056,10,0.0,24.379,-41.893
2026,2026nysu,Week 3,6593,10,0.0,30.041,-41.669
2026,2026nysu,Week 3,1796,10,0.0,40.788,-62.342
2026,2026nysu,Week 3,10262,10,-0.0,25.957,-41.534
2026,2026nysu,Week 3,7668,10,0.0,41.368,-56.455
2026,2026nysu,Week 3,11339,10,0.0,20.694,-41.534
2026,2026nysu,Week 3,10452,10,0.0,22.23,-48.549
2026,2026nysu,Week 3,4122,10,0.0,52.164,-48.549
2026,2026nysu,Week 3,7504,10,0.0,32.38,-48.549
2026,2026nysu,Week 3,7730,10,0.0,22.62,-38.602
2026,2026nysu,Week 3,6463,10,-0.0,27.61,-46.906
2026,2026nysu,Week 3,9636,10,0.0,17.448,-35.477
2026,2026nysu,Week 3,2791,10,0.0,21.324,-47.22
2026,2026nysu,Week 3,6300,10,0.0,22.465,-28.177
2026,2026nysu,Week 3,10922,10,0.0,27.158,-38.602
2026,2026nysu,Week 3,369,10,0.0,17.135,-28.395
2026,2026nysu,Week 3,2601,10,0.0,27.976,-41.669
2026,2026nysu,Week 3,5123,10,0.0,28.945,-51.893
2026,2026nysu,Week 3,4091,10,0.0,19.252,-30.163
2026,2026nysu,Week 3,5298,10,0.0,20.627,-37.344
2026,2026nysu,Week 3,10213,10,0.0,25.219,-46.944
2026,2026nysu,Week 3,5806,10,0.0,26.689,-47.22
2026,2026nysu,Week 3,6621,10,0.0,30.448,-31.581
2026,2026nysu,Week 3,3204,10,0.0,19.275,-38.602
2026,2026nysu,Week 3,6911,10,0.0,45.163,-42.69
2026,2026nysu,Week 3,5881,10,0.0,41.227,-62.342
2026,2026nysu,Week 3,9077,10,0.0,30.005,-46.906
2026,2026nysu,Week 3,639,10,-0.0,34.486,-46.944
2026,2026nysu,Week 3,333,10,0.0,22.846,-27.797
2026,2026nysu,Week 3,10152,10,0.0,33.02,-59.376
2026,2026ohcl,Week 3,9767,11,0.0,20.224,-30.884
2026,2026ohcl,Week 3,8718,11,0.0,30.755,-30.126
2026,2026ohcl,Week 3,120,11,-0.0,22.305,-36.259
2026,2026ohcl,Week 3,10207,11,0.0,34.185,-50.425
2026,2026ohcl,Week 3,10011,11,0.0,34.051,-69.972
2026,2026ohcl,Week 3,3193,11,0.0,22.018,-38.639
2026,2026ohcl,Week 3,1014,11,0.0,25.513,-43.399
2026,2026ohcl,Week 3,8243,11,0.0,28.245,-43.399
2026,2026ohcl,Week 3,1308,11,0.0,22.85,-43.399
2026,2026ohcl,Week 3,9194,11,0.0,39.0,-74.207
2026,2026ohcl,Week 3,3201,11,0.0,31.136,-50.425
2026,2026ohcl,Week 3,7165,11,-0.0,21.128,-47.366
2026,2026ohcl,Week 3,2172,11,0.0,45.662,-74.207
2026,2026ohcl,Week 3,2399,11,0.0,27.122,-47.366
2026,2026ohcl,Week 3,1507,12,0.0,39.006,-86.372
2026,2026ohcl,Week 3,8713,11,0.0,15.373,-19.966
2026,2026ohcl,Week 3,5413,11,0.0,29.314,-50.425
2026,2026ohcl,Week 3,4121,11,0.0,38.268,-56.808
2026,2026ohcl,Week 3,7885,12,0.0,27.663,-36.486
2026,2026ohcl,Week 3,4085,11,0.0,22.76,-61.51
2026,2026ohcl,Week 3,4611,11,0.0,30.691,-56.808
2026,2026ohcl,Week 3,2603,11,0.0,27.592,-32.406
2026,2026ohcl,Week 3,9075,11,0.0,21.331,-30.884
2026,2026ohcl,Week 3,8140,11,-0.0,36.166,-86.372
2026,2026ohcl,Week 3,695,11,0.0,39.427,-74.207
2026,2026ohcl,Week 3,8393,11,0.0,29.943,-36.259
2026,2026ohcl,Week 3,6916,11,0.0,15.373,-30.126
2026,2026ohcl,Week 3,4145,11,-0.0,34.766,-48.711
2026,2026ohcl,Week 3,8222,11,0.0,20.158,-31.378
2026,2026ohcl,Week 3,6834,12,0.0,29.103,-36.259
2026,2026ohcl,Week 3,5811,12,0.0,32.178,-56.808
2026,2026ohcl,Week 3,10208,11,0.0,34.169,-47.366
2026,2026ohcl,Week 3,9622,11,0.0,23.647,-48.711
2026,2026ohcl,Week 3,3777,11,0.0,28.812,-45.543
2026,2026ohcl,Week 3,8145,11,0.0,32.614,-45.543
2026,2026ohcl,Week 3,9643,11,0.0,30.798,-45.543
2026,2026ohcl,Week 3,27,12,-0.0,61.154,-167.584
2026,2026ohcl,Week 3,291,11,0.0,60.709,-167.584
2026,2026ohcl,Week 3,6964,11,0.0,61.893,-167.584
2026,2026ohcl,Week 3,6936,11,0.0,38.848,-86.372
2026,2026ohcl,Week 3,2252,11,0.0,40.145,-69.972
2026,2026paca,Week 3,3484,8,-0.0,14.621,-23.321
2026,2026paca,Week 3,63,9,0.0,22.221,-35.582
2026,2026paca,Week 3,9406,8,-0.0,29.607,-49.309
2026,2026paca,Week 3,3504,8,-0.0,27.089,-51.035
2026,2026paca,Week 3,4467,8,-0.0,27.952,-44.98
2026,2026paca,Week 3,117,8,-0.0,44.31,-88.635
2026,2026paca,Week 3,3260,8,-0.0,28.199,-32.63
2026,2026paca,Week 3,9653,8,0.0,26.6,-43.774
2026,2026paca,Week 3,1816,8,-0.0,37.336,-49.309
2026,2026paca,Week 3,8705,8,-0.0,29.529,-65.346
2026,2026paca,Week 3,6032,8,-0.0,26.417,-44.98
2026,2026paca,Week 3,4150,8,0.0,15.893,-17.243
2026,2026paca,Week 3,4269,8,-0.0,34.639,-53.238
2026,2026paca,Week 3,7515,8,-0.0,22.456,-39.169
2026,2026paca,Week 3,709,8,-0.0,37.877,-39.169
2026,2026paca,Week 3,2095,8,0.0,21.629,-40.374
2026,2026paca,Week 3,3324,8,-0.0,23.09,-51.035
2026,2026paca,Week 3,9415,8,0.0,29.547,-55.912
2026,2026paca,Week 3,10513,8,-0.0,25.73,-44.656
2026,2026paca,Week 3,3015,8,-0.0,26.219,-51.035
2026,2026paca,Week 3,9475,8,-0.0,26.962,-38.648
2026,2026paca,Week 3,2614,8,0.0,58.104,-100.908
2026,2026paca,Week 3,3173,8,-0.0,49.502,-100.908
2026,2026paca,Week 3,1708,8,0.0,46.547,-100.908
2026,2026paca,Week 3,7274,8,-0.0,28.829,-37.88
2026,2026paca,Week 3,2010,8,0.0,32.914,-48.374
2026,2026paca,Week 3,10300,8,-0.0,35.455,-43.774
2026,2026paca,Week 3,1511,8,-0.0,42.753,-55.912
2026,2026paca,Week 3,2656,8,-0.0,24.052,-42.469
2026,2026paca,Week 3,5667,8,-0.0,36.52,-42.715
2026,2026paca,Week 3,9022,8,-0.0,34.195,-55.912
2026,2026paca,Week 3,9642,8,-0.0,34.158,-44.656
2026,2026paca,Week 3,340,8,-0.0,23.457,-42.715
2026,2026paca,Week 3,451,8,-0.0,24.768,-38.648
2026,2026paca,Week 3,11456,8,0.0,22.12,-40.374
2026,2026paca,Week 3,1317,8,-0.0,24.723,-53.238
2026,2026paca,Week 3,3990,8,-0.0,33.246,-65.346
2026,2026paca,Week 3,5740,8,-0.0,35.053,-53.238
2026,2026paca,Week 3,2641,8,-0.0,24.766,-48.374
2026,2026paca,Week 3,10515,8,-0.0,32.87,-77.421
2026,2026paca,Week 3,4027,8,-0.0,46.729,-77.421
2026,2026paca,Week 3,10582,8,-0.0,32.846,-77.421
2026,2026paca,Week 3,4028,8,-0.0,40.971,-88.635
2026,2026paca,Week 3,2234,8,-0.0,23.656,-43.774
2026,2026paca,Week 3,10512,8,-0.0,19.244,-38.648
2026,2026paca,Week 3,4991,9,0.0,26.868,-48.374
2026,2026paca,Week 3,1601,8,-0.0,28.836,-49.309
2026,2026paca,Week 3,10516,8,-0.0,22.543,-43.922
2026,2026paca,Week 3,4050,8,-0.0,38.815,-88.635
2026,2026paca,Week 3,10517,8,0.0,19.176,-29.339
2026,2026tnkn,Week 3,7428,10,-0.0,26.129,-34.092
2026,2026tnkn,Week 3,5744,10,0.0,23.655,-43.103
2026,2026tnkn,Week 3,4504,10,0.0,22.446,-61.377
2026,2026tnkn,Week 3,5492,10,-0.0,23.885,-37.409
2026,2026tnkn,Week 3,7917,10,0.0,25.63,-36.556
2026,2026tnkn,Week 3,4065,10,0.0,25.569,-37.365
2026,2026tnkn,Week 3,3821,10,0.0,33.548,-61.377
2026,2026tnkn,Week 3,9152,11,0.0,22.662,-26.498
2026,2026tnkn,Week 3,8778,10,0.0,12.069,-15.239
2026,2026tnkn,Week 3,3140,10,0.0,13.653,-17.876
2026,2026tnkn,Week 3,3966,10,0.0,30.769,-61.377
2026,2026tnkn,Week 3,4576,10,0.0,25.2,-46.502
2026,2026tnkn,Week 3,379,10,-0.0,31.615,-52.228
2026,2026tnkn,Week 3,4013,10,-0.0,26.732,-38.082
2026,2026tnkn,Week 3,4630,10,0.0,15.072,-32.435
2026,2026tnkn,Week 3,11337,10,-0.0,21.78,-37.461
2026,2026tnkn,Week 3,3984,10,-0.0,23.134,-49.323
2026,2026tnkn,Week 3,9097,10,0.0,15.291,-22.545
2026,2026tnkn,Week 3,1445,10,0.0,19.151,-36.556
2026,2026tnkn,Week 3,7111,10,0.0,36.808,-88.848
2026,2026tnkn,Week 3,7525,10,0.0,32.45,-49.323
2026,2026tnkn,Week 3,2856,10,0.0,26.763,-28.698
2026,2026tnkn,Week 3,6302,10,-0.0,21.041,-30.326
2026,2026tnkn,Week 3,6517,10,0.0,42.132,-88.848
2026,2026tnkn,Week 3,5276,10,0.0,23.68,-37.461
2026,2026tnkn,Week 3,3824,10,0.0,26.908,-30.338
2026,2026tnkn,Week 3,1466,10,-0.0,28.746,-38.602
2026,2026tnkn,Week 3,3814,10,0.0,26.405,-50.517
2026,2026tnkn,Week 3,9668,10,0.0,18.85,-38.082
2026,2026tnkn,Week 3,3138,10,0.0,15.366,-22.359
2026,2026tnkn,Week 3,4265,10,0.0,36.338,-88.848
2026,2026tnkn,Week 3,3959,10,0.0,20.005,-22.359
2026,2026tnkn,Week 3,547,10,0.0,25.649,-60.993
2026,2026tnkn,Week 3,6774,10,0.0,28.604,-43.103
2026,2026tnkn,Week 3,3492,10,0.0,23.754,-37.409
2026,2026tnkn,Week 3,11275,10,0.0,12.345,-11.563
2026,2026tnkn,Week 3,3843,10,0.0,17.957,-37.365
2026,2026tnkn,Week 3,7516,11,-0.0,23.721,-36.556
2026,2026tnkn,Week 3,3102,10,0.0,27.876,-46.502
2026,2026tnkn,Week 3,1038,10,-0.0,27.06,-37.409
2026,2026tnkn,Week 3,4020,10,0.0,25.91,-50.517
2026,2026tnkn,Week 3,2393,10,0.0,26.176,-37.365
2026,2026tnkn,Week 3,4674,10,0.0,37.412,-60.993
2026,2026tnkn,Week 3,1369,10,0.0,24.604,-52.228
2026,2026tnkn,Week 3,2783,10,-0.0,19.83,-38.082
2026,2026tnkn,Week 3,10137,10,0.0,21.337,-49.323
2026,2026arli,Week 3,3184,12,0.0,63.896,-160.415
2026,2026arli,Week 3,5454,12,-0.0,39.106,-70.113
2026,2026arli,Week 3,127,12,-0.0,53.345,-82.839
2026,2026arli,Week 3,6424,12,-0.0,32.062,-59.652
2026,2026arli,Week 3,7255,12,-0.0,36.797,-55.773
2026,2026arli,Week 3,1209,12,-0.0,26.983,-52.96
2026,2026arli,Week 3,6647,12,-0.0,61.777,-82.105
2026,2026arli,Week 3,16,12,-0.0,46.629,-82.105
2026,2026arli,Week 3,3937,12,-0.0,42.861,-82.105
2026,2026arli,Week 3,4499,12,-0.0,66.625,-160.415
2026,2026arli,Week 3,4603,12,-0.0,35.11,-70.113
2026,2026arli,Week 3,2341,12,-0.0,38.135,-53.245
2026,2026arli,Week 3,4766,12,-0.0,26.457,-55.489
2026,2026arli,Week 3,9067,12,-0.0,38.694,-70.113
2026,2026arli,Week 3,7483,12,0.0,42.601,-72.562
2026,2026arli,Week 3,6186,12,-0.0,33.267,-82.839
2026,2026arli,Week 3,5437,12,0.0,23.343,-53.509
2026,2026arli,Week 3,4522,12,-0.0,70.388,-160.415
2026,2026arli,Week 3,2036,12,-0.0,39.816,-55.773
2026,2026arli,Week 3,4764,12,-0.0,33.503,-51.81
2026,2026arli,Week 3,11102,12,-0.0,30.143,-54.346
2026,2026arli,Week 3,9073,12,-0.0,40.95,-55.773
2026,2026arli,Week 3,8753,12,-0.0,40.336,-55.371
2026,2026arli,Week 3,5472,12,0.0,31.992,-53.169
2026,2026arli,Week 3,3468,12,-0.0,25.044,-37.468
2026,2026ilpe,Week 3,2039,12,0.0,25.933,-40.303
2026,2026ilpe,Week 3,6237,12,-0.0,39.312,-48.749
2026,2026ilpe,Week 3,4645,12,0.0,38.883,-47.678
2026,2026ilpe,Week 3,2022,12,0.0,39.391,-64.953
2026,2026ilpe,Week 3,2040,12,0.0,43.766,-103.269
2026,2026ilpe,Week 3,9082,12,-0.0,53.219,-98.686
2026,2026ilpe,Week 3,3284,12,0.0,57.587,-154.904
2026,2026ilpe,Week 3,1756,12,0.0,64.948,-154.904
2026,2026ilpe,Week 3,4655,12,-0.0,63.013,-154.904
2026,2026ilpe,Week 3,3067,12,0.0,36.294,-54.992
2026,2026ilpe,Week 3,4143,12,0.0,42.655,-91.682
2026,2026ilpe,Week 3,7848,12,0.0,33.929,-69.248
2026,2026ilpe,Week 3,7417,12,0.0,37.279,-80.182
2026,2026ilpe,Week 3,4787,12,0.0,30.565,-54.992
2026,2026ilpe,Week 3,4213,12,0.0,36.142,-64.953
2026,2026ilpe,Week 3,1736,12,-0.0,31.197,-64.953
2026,2026ilpe,Week 3,5442,12,0.0,48.437,-98.686
2026,2026ilpe,Week 3,8719,12,0.0,40.022,-91.682
2026,2026ilpe,Week 3,1625,12,-0.0,36.467,-80.182
2026,2026ilpe,Week 3,3488,12,-0.0,49.752,-91.682
2026,2026ilpe,Week 3,4423,12,-0.0,34.835,-48.749
2026,2026ilpe,Week 3,8020,12,0.0,36.834,-64.596
2026,2026ilpe,Week 3,2861,12,0.0,29.414,-36.4
2026,2026ilpe,Week 3,648,12,0.0,27.72,-36.4
2026,2026ilpe,Week 3,8029,12,0.0,40.252,-75.29
2026,2026ilpe,Week 3,4096,12,-0.0,62.651,-103.269
2026,2026ilpe,Week 3,4156,12,0.0,43.502,-64.596
2026,2026ilpe,Week 3,8096,12,-0.0,76.054,-198.852
2026,2026ilpe,Week 3,7472,12,0.0,73.254,-198.852
2026,2026ilpe,Week 3,2481,12,0.0,80.825,-198.852
2026,2026ilpe,Week 3,6651,12,0.0,33.807,-54.992
2026,2026ksla,Week 3,1847,10,-0.0,15.558,-26.852
2026,2026ksla,Week 3,5189,10,-0.0,29.619,-54.93
2026,2026ksla,Week 3,8825,10,0.0,14.436,-29.022
2026,2026ksla,Week 3,1769,10,-0.0,29.416,-41.517
2026,2026ksla,Week 3,1994,10,0.0,30.936,-66.157
2026,2026ksla,Week 3,5013,10,0.0,32.151,-46.603
2026,2026ksla,Week 3,757,10,-0.0,40.162,-74.748
2026,2026ksla,Week 3,1986,10,0.0,38.417,-74.748
2026,2026ksla,Week 3,9551,10,-0.0,40.39,-74.748
2026,2026ksla,Week 3,1810,10,0.0,43.492,-72.096
2026,2026ksla,Week 3,2345,10,-0.0,33.572,-72.096
2026,2026ksla,Week 3,2357,10,0.0,43.164,-72.096
2026,2026ksla,Week 3,5268,10,-0.0,31.888,-51.519
2026,2026ksla,Week 3,9126,10,0.0,39.384,-63.322
2026,2026ksla,Week 3,2410,10,0.0,30.696,-63.991
2026,2026ksla,Week 3,935,10,-0.0,21.952,-43.871
2026,2026ksla,Week 3,1825,10,0.0,27.348,-43.871
2026,2026ksla,Week 3,1723,10,-0.0,33.04,-43.871
2026,2026ksla,Week 3,937,10,-0.0,32.84,-68.316
2026,2026ksla,Week 3,4418,10,-0.0,29.627,-54.93
2026,2026ksla,Week 3,5141,10,-0.0,26.847,-48.434
2026,2026ksla,Week 3,5801,10,-0.0,26.059,-46.703
2026,2026ksla,Week 3,1987,10,-0.0,35.756,-66.157
2026,2026ksla,Week 3,9445,10,0.0,17.243,-23.482
2026,2026ksla,Week 3,6843,11,-0.0,32.9,-52.775
2026,2026ksla,Week 3,1764,11,0.0,19.535,-40.269
2026,2026ksla,Week 3,2457,10,-0.0,35.562,-65.398
2026,2026ksla,Week 3,1775,11,0.0,32.107,-63.322
2026,2026ksla,Week 3,4809,10,0.0,25.943,-43.472
2026,2026ksla,Week 3,1763,10,-0.0,32.823,-48.434
2026,2026ksla,Week 3,1802,10,-0.0,46.187,-81.755
2026,2026ksla,Week 3,9410,10,0.0,39.745,-81.755
2026,2026ksla,Week 3,5147,10,0.0,45.198,-81.755
2026,2026ksla,Week 3,1730,10,-0.0,42.781,-65.398
2026,2026ksla,Week 3,5119,10,-0.0,39.887,-68.316
2026,2026ksla,Week 3,9316,10,0.0,32.618,-43.472
2026,2026ksla,Week 3,5126,10,0.0,38.257,-63.991
2026,2026ksla,Week 3,5098,10,0.0,21.07,-35.258
2026,2026ksla,Week 3,10682,10,0.0,19.663,-29.596
2026,2026ksla,Week 3,10453,10,0.0,31.758,-65.398
2026,2026ksla,Week 3,4959,11,-0.0,28.042,-43.472
2026,2026mslr,Week 3,9309,9,-0.0,46.735,-83.964
2026,2026mslr,Week 3,2183,9,0.0,36.978,-55.141
2026,2026mslr,Week 3,538,9,-0.0,34.139,-61.753
2026,2026mslr,Week 3,590,9,-0.0,47.879,-99.833
2026,2026mslr,Week 3,1927,9,0.0,30.962,-35.07
2026,2026mslr,Week 3,11265,9,0.0,44.579,-83.964
2026,2026mslr,Week 3,8044,9,-0.0,75.513,-105.692
2026,2026mslr,Week 3,2992,9,-0.0,32.807,-59.494
2026,2026mslr,Week 3,364,9,0.0,33.219,-67.827
2026,2026mslr,Week 3,11345,9,0.0,50.064,-105.692
2026,2026mslr,Week 3,4087,9,-0.0,54.769,-93.008
2026,2026mslr,Week 3,9717,9,-0.0,38.87,-56.264
2026,2026mslr,Week 3,10217,9,0.0,20.807,-29.505
2026,2026mslr,Week 3,456,9,0.0,29.034,-55.225
2026,2026mslr,Week 3,9153,9,0.0,41.975,-105.692
2026,2026mslr,Week 3,3753,9,-0.0,33.386,-49.411
2026,2026mslr,Week 3,6998,9,0.0,10.191,-25.705
2026,2026mslr,Week 3,3606,9,0.0,14.703,-20.309
2026,2026mslr,Week 3,4336,9,0.0,29.992,-54.632
2026,2026mslr,Week 3,1912,9,0.0,41.342,-54.632
2026,2026mslr,Week 3,9734,9,0.0,40.14,-59.494
2026,2026mslr,Week 3,10309,9,-0.0,22.092,-35.07
2026,2026mslr,Week 3,11343,9,0.0,34.324,-55.141
2026,2026mslr,Week 3,5863,9,0.0,41.949,-92.829
2026,2026mslr,Week 3,3039,9,0.0,42.55,-42.386
2026,2026mslr,Week 3,10961,9,0.0,16.555,-24.891
2026,2026mslr,Week 3,11287,9,0.0,33.294,-57.022
2026,2026mslr,Week 3,4107,9,-0.0,36.89,-92.829
2026,2026mslr,Week 3,9405,9,0.0,39.448,-57.022
2026,2026mslr,Week 3,10943,9,0.0,29.038,-59.494
2026,2026mslr,Week 3,3616,9,0.0,27.637,-44.938
2026,2026mslr,Week 3,8808,9,0.0,39.958,-57.022
2026,2026mslr,Week 3,10661,9,-0.0,35.153,-61.753
2026,2026mslr,Week 3,10101,9,-0.0,31.894,-38.904
2026,2026mslr,Week 3,4400,9,-0.0,44.469,-67.827
2026,2026mslr,Week 3,9503,9,-0.0,24.197,-38.904
2026,2026mslr,Week 3,2221,9,0.0,22.958,-42.386
2026,2026mslr,Week 3,11107,9,0.0,19.086,-31.352
2026,2026mslr,Week 3,2556,9,0.0,50.955,-93.008
2026,2026mslr,Week 3,7094,9,0.0,27.503,-55.141
2026,2026mslr,Week 3,10655,9,0.0,23.486,-22.245
2026,2026mslr,Week 3,1421,9,0.0,40.064,-93.008
2026,2026mslr,Week 3,7474,9,0.0,43.121,-99.833
2026,2026mslr,Week 3,6184,9,-0.0,46.368,-99.833
2026,2026mslr,Week 3,5045,9,0.0,32.181,-49.411
2026,2026mslr,Week 3,10929,9,0.0,26.804,-49.411
2026,2026gacol,Week 3,4188,12,0.0,43.655,-53.859
2026,2026gacol,Week 3,3329,12,0.0,21.987,-33.116
2026,2026gacol,Week 3,832,12,0.0,39.136,-116.705
2026,2026gacol,Week 3,4240,12,0.0,23.514,-32.723
2026,2026gacol,Week 3,3344,12,0.0,23.801,-53.859
2026,2026gacol,Week 3,6829,12,0.0,38.619,-78.041
2026,2026gacol,Week 3,5900,12,0.0,25.141,-53.63
2026,2026gacol,Week 3,9086,12,0.0,18.256,-31.352
2026,2026gacol,Week 3,4026,12,0.0,35.695,-66.864
2026,2026gacol,Week 3,2974,12,0.0,53.605,-116.705
2026,2026gacol,Week 3,4112,12,0.0,38.447,-76.648
2026,2026gacol,Week 3,9057,12,0.0,29.125,-76.648
2026,2026gacol,Week 3,9582,12,0.0,33.688,-78.041
2026,2026gacol,Week 3,7676,12,0.0,20.039,-33.116
2026,2026gacol,Week 3,6887,12,0.0,16.847,-21.607
2026,2026gacol,Week 3,10376,12,0.0,37.653,-58.862
2026,2026gacol,Week 3,6925,12,0.0,35.343,-58.862
2026,2026gacol,Week 3,9480,12,0.0,27.744,-58.862
2026,2026gacol,Week 3,1414,12,0.0,34.956,-59.166
2026,2026gacol,Week 3,3635,12,0.0,25.869,-59.166
2026,2026gacol,Week 3,9770,12,0.0,28.207,-59.166
2026,2026gacol,Week 3,7104,12,0.0,41.304,-116.705
2026,2026gacol,Week 3,6772,12,-0.0,32.66,-38.423
2026,2026gacol,Week 3,5828,12,0.0,24.22,-53.859
2026,2026gacol,Week 3,4459,12,0.0,36.731,-66.864
2026,2026gacol,Week 3,3815,12,0.0,20.963,-27.521
2026,2026gacol,Week 3,4468,12,0.0,27.348,-48.506
2026,2026gacol,Week 3,5608,12,0.0,17.097,-23.925
2026,2026gacol,Week 3,7451,12,0.0,40.395,-78.041
2026,2026mibel,Week 3,9735,12,0.0,31.129,-56.326
2026,2026mibel,Week 3,7220,12,0.0,53.878,-97.319
2026,2026mibel,Week 3,4395,12,0.0,27.32,-56.326
2026,2026mibel,Week 3,6618,12,0.0,32.425,-86.907
2026,2026mibel,Week 3,5067,12,0.0,37.341,-50.253
2026,2026mibel,Week 3,6344,12,-0.0,25.857,-38.326
2026,2026mibel,Week 3,245,12,0.0,41.655,-69.53
2026,2026mibel,Week 3,1250,12,0.0,41.529,-69.53
2026,2026mibel,Week 3,5708,12,0.0,38.034,-69.53
2026,2026mibel,Week 3,6029,12,0.0,18.732,-20.768
2026,2026mibel,Week 3,6528,12,0.0,32.305,-46.961
2026,2026mibel,Week 3,6120,12,0.0,30.062,-43.573
2026,2026mibel,Week 3,11505,12,0.0,29.915,-46.961
2026,2026mibel,Week 3,3656,12,0.0,34.493,-58.545
2026,2026mibel,Week 3,5263,12,0.0,43.342,-52.582
2026,2026mibel,Week 3,9455,12,0.0,31.242,-66.013
2026,2026mibel,Week 3,4391,12,0.0,45.769,-66.013
2026,2026mibel,Week 3,4405,12,0.0,52.665,-97.319
2026,2026mibel,Week 3,9751,12,0.0,26.369,-50.253
2026,2026mibel,Week 3,1701,12,0.0,36.664,-54.739
2026,2026mibel,Week 3,5498,12,0.0,30.371,-58.545
2026,2026mibel,Week 3,8373,12,0.0,50.838,-70.712
2026,2026mibel,Week 3,3098,12,0.0,31.945,-44.907
2026,2026mibel,Week 3,4737,12,0.0,33.099,-54.739
2026,2026mibel,Week 3,8832,12,0.0,32.861,-63.505
2026,2026mibel,Week 3,3641,12,0.0,56.643,-86.907
2026,2026mibel,Week 3,9204,12,0.0,38.119,-63.505
2026,2026mibel,Week 3,7247,12,0.0,29.757,-51.751
2026,2026mibel,Week 3,10672,12,0.0,26.394,-53.987
2026,2026mibel,Week 3,1528,12,0.0,25.25,-56.409
2026,2026mibel,Week 3,66,12,0.0,47.146,-97.319
2026,2026mibel,Week 3,5053,12,0.0,38.52,-62.234
2026,2026mibel,Week 3,10656,12,0.0,31.948,-56.409
2026,2026mibel,Week 3,8623,12,0.0,33.946,-86.907
2026,2026mibel,Week 3,6615,12,0.0,30.223,-51.751
2026,2026mibel,Week 3,6538,12,0.0,13.123,-20.768
2026,2026mibel,Week 3,94,12,0.0,23.987,-39.122
2026,2026mibel,Week 3,6190,12,0.0,28.663,-70.712
2026,2026mibel,Week 3,1188,12,0.0,36.058,-52.582
2026,2026mimus,Week 3,4827,12,-0.0,28.846,-55.394
2026,2026mimus,Week 3,4004,12,-0.0,39.472,-78.73
2026,2026mimus,Week 3,85,12,0.0,49.16,-55.394
2026,2026mimus,Week 3,8612,12,-0.0,41.539,-103.665
2026,2026mimus,Week 3,6090,12,-0.0,49.899,-123.371
2026,2026mimus,Week 3,2405,12,-0.0,36.508,-78.73
2026,2026mimus,Week 3,7248,12,-0.0,24.252,-37.185
2026,2026mimus,Week 3,4956,12,-0.0,21.436,-42.637
2026,2026mimus,Week 3,6079,12,0.0,25.572,-36.722
2026,2026mimus,Week 3,3458,12,0.0,28.575,-41.689
2026,2026mimus,Week 3,6005,12,0.0,23.174,-40.148
2026,2026mimus,Week 3,7810,12,-0.0,25.882,-42.349
2026,2026mimus,Week 3,9756,12,-0.0,33.293,-25.983
2026,2026mimus,Week 3,8285,12,0.0,20.924,-31.945
2026,2026mimus,Week 3,107,12,-0.0,22.411,-37.185
2026,2026mimus,Week 3,5470,12,0.0,23.241,-41.689
2026,2026mimus,Week 3,11522,12,0.0,44.986,-123.371
2026,2026mimus,Week 3,6094,12,-0.0,35.903,-40.852
2026,2026mimus,Week 3,2771,12,-0.0,22.117,-40.519
2026,2026mimus,Week 3,9754,12,-0.0,27.981,-57.58
2026,2026mimus,Week 3,10607,12,-0.0,40.598,-65.916
2026,2026mimus,Week 3,9541,12,-0.0,36.587,-103.665
2026,2026mimus,Week 3,2075,12,-0.0,30.755,-65.916
2026,2026mimus,Week 3,6877,12,-0.0,37.874,-41.689
2026,2026mimus,Week 3,6428,12,0.0,26.68,-44.584
2026,2026mimus,Week 3,11503,12,-0.0,39.959,-103.665
2026,2026mimus,Week 3,4967,12,-0.0,55.125,-123.371
2026,2026mimus,Week 3,9106,12,-0.0,24.99,-42.349
2026,2026mimus,Week 3,7054,12,-0.0,40.543,-78.73
2026,2026mimus,Week 3,7160,12,-0.0,30.21,-65.916
2026,2026mimus,Week 3,6128,12,-0.0,14.092,-25.868
2026,2026mimus,Week 3,9743,12,-0.0,18.896,-30.053
2026,2026mimus,Week 3,10654,12,0.0,30.242,-39.405
2026,2026mimus,Week 3,3572,12,-0.0,32.662,-57.58
2026,2026mimus,Week 3,5505,12,0.0,28.779,-42.637
2026,2026mitvc,Week 3,3688,12,0.0,27.295,-35.023
2026,2026mitvc,Week 3,7808,12,0.0,18.317,-34.072
2026,2026mitvc,Week 3,6569,12,0.0,23.053,-34.072
2026,2026mitvc,Week 3,5504,12,0.0,33.656,-56.676
2026,2026mitvc,Week 3,9542,12,0.0,21.302,-37.29
2026,2026mitvc,Week 3,4835,12,0.0,26.057,-65.637
2026,2026mitvc,Week 3,7155,12,0.0,14.046,-20.582
2026,2026mitvc,Week 3,5509,12,0.0,26.023,-71.138
2026,2026mitvc,Week 3,5086,12,0.0,37.638,-65.637
2026,2026mitvc,Week 3,3767,12,0.0,36.993,-61.4
2026,2026mitvc,Week 3,10614,12,0.0,27.108,-57.266
2026,2026mitvc,Week 3,6122,12,-0.0,25.895,-57.266
2026,2026mitvc,Week 3,9176,12,0.0,29.204,-61.4
2026,2026mitvc,Week 3,5560,12,0.0,22.11,-35.503
2026,2026mitvc,Week 3,7782,12,0.0,18.429,-35.503
2026,2026mitvc,Week 3,7598,12,0.0,17.148,-22.077
2026,2026mitvc,Week 3,5110,12,0.0,16.125,-31.444
2026,2026mitvc,Week 3,4398,12,0.0,36.455,-71.138
2026,2026mitvc,Week 3,3537,12,0.0,21.178,-39.925
2026,2026mitvc,Week 3,10181,12,0.0,16.992,-24.176
2026,2026mitvc,Week 3,5247,12,0.0,17.22,-24.176
2026,2026mitvc,Week 3,3602,12,0.0,22.045,-35.811
2026,2026mitvc,Week 3,10613,12,-0.0,28.564,-56.676
2026,2026mitvc,Week 3,4983,12,0.0,26.363,-65.637
2026,2026mitvc,Week 3,8611,12,0.0,38.096,-71.138
2026,2026mitvc,Week 3,5193,12,0.0,29.151,-55.153
2026,2026mitvc,Week 3,3618,12,0.0,38.416,-64.132
2026,2026mitvc,Week 3,5183,12,0.0,18.436,-26.211
2026,2026mitvc,Week 3,904,12,0.0,20.739,-35.811
2026,2026mitvc,Week 3,6087,12,0.0,17.747,-35.023
2026,2026mitvc,Week 3,11466,12,-0.0,22.899,-33.03
2026,2026mitvc,Week 3,7790,12,0.0,21.652,-29.558
2026,2026mitvc,Week 3,5534,12,0.0,26.598,-39.925
2026,2026mitvc,Week 3,7855,12,0.0,14.829,-22.295
2026,2026mitvc,Week 3,1711,12,0.0,28.615,-61.4
2026,2026mitvc,Week 3,9759,12,0.0,17.07,-31.442
2026,2026mitvc,Week 3,11440,12,0.0,23.125,-64.132
2026,2026mitvc,Week 3,9771,12,0.0,24.497,-31.442
2026,2026rikin,Week 3,3719,12,0.0,38.294,-56.051
2026,2026rikin,Week 3,10973,12,-0.0,29.355,-51.775
2026,2026rikin,Week 3,663,12,0.0,26.773,-41.022
2026,2026rikin,Week 3,10254,12,-0.0,51.595,-118.418
2026,2026rikin,Week 3,6333,12,-0.0,25.443,-48.109
2026,2026rikin,Week 3,2079,12,-0.0,34.695,-56.051
2026,2026rikin,Week 3,2262,12,0.0,31.543,-56.051
2026,2026rikin,Week 3,5687,12,-0.0,61.326,-167.277
2026,2026rikin,Week 3,5112,12,-0.0,42.987,-82.581
2026,2026rikin,Week 3,3623,12,0.0,22.35,-33.074
2026,2026rikin,Week 3,1350,12,0.0,32.211,-47.785
2026,2026rikin,Week 3,1119,12,-0.0,58.519,-82.581
2026,2026rikin,Week 3,3464,12,-0.0,38.804,-82.009
2026,2026rikin,Week 3,1699,12,0.0,26.809,-53.274
2026,2026rikin,Week 3,5494,12,0.0,30.32,-48.109
2026,2026rikin,Week 3,1735,12,-0.0,49.58,-90.989
2026,2026rikin,Week 3,1757,12,-0.0,33.14,-90.989
2026,2026rikin,Week 3,1768,12,-0.0,47.679,-90.989
2026,2026rikin,Week 3,2168,12,-0.0,36.102,-100.313
2026,2026rikin,Week 3,4176,12,0.0,57.306,-167.277
2026,2026rikin,Week 3,6367,12,-0.0,38.425,-53.274
2026,2026rikin,Week 3,78,12,-0.0,45.417,-100.186
2026,2026rikin,Week 3,1474,12,0.0,55.554,-118.418
2026,2026rikin,Week 3,8544,12,0.0,57.586,-100.313
2026,2026rikin,Week 3,1153,12,-0.0,53.283,-84.887
2026,2026rikin,Week 3,10063,12,-0.0,44.835,-84.887
2026,2026rikin,Week 3,6324,12,-0.0,56.686,-100.313
2026,2026rikin,Week 3,61,12,0.0,26.696,-58.582
2026,2026rikin,Week 3,5000,12,-0.0,55.12,-118.418
2026,2026rikin,Week 3,348,12,-0.0,53.991,-167.277
2026,2026rikin,Week 3,10066,12,-0.0,41.877,-51.775
2026,2026rikin,Week 3,6620,12,0.0,43.104,-46.962
2026,2026txfor,Week 3,4076,12,-0.0,50.432,-111.151
2026,2026txfor,Week 3,2728,12,0.0,66.001,-111.151
2026,2026txfor,Week 3,8858,12,0.0,39.987,-111.151
2026,2026txfor,Week 3,4206,12,0.0,39.639,-82.897
2026,2026txfor,Week 3,3310,12,-0.0,29.184,-54.336
2026,2026txfor,Week 3,3005,12,0.0,35.921,-75.344
2026,2026txfor,Week 3,7534,12,-0.0,22.248,-36.657
2026,2026txfor,Week 3,4641,12,-0.0,23.524,-36.018
2026,2026txfor,Week 3,9786,12,0.0,29.446,-75.344
2026,2026txfor,Week 3,9137,12,-0.0,28.68,-46.681
2026,2026txfor,Week 3,5212,12,-0.0,37.463,-60.029
2026,2026txfor,Week 3,4153,12,-0.0,40.615,-51.318
2026,2026txfor,Week 3,3676,12,-0.0,38.006,-95.966
2026,2026txfor,Week 3,7121,12,-0.0,37.1,-60.029
2026,2026txfor,Week 3,1164,12,0.0,34.296,-82.897
2026,2026txfor,Week 3,10032,12,0.0,37.203,-46.681
2026,2026txfor,Week 3,7503,12,-0.0,25.222,-54.652
2026,2026txfor,Week 3,6672,12,0.0,42.172,-95.966
2026,2026txfor,Week 3,7119,12,-0.0,29.733,-51.318
2026,2026txfor,Week 3,6901,12,0.0,42.602,-75.344
2026,2026txfor,Week 3,4192,12,-0.0,55.733,-95.966
2026,2026txfor,Week 3,2714,12,0.0,47.862,-49.509
2026,2026txfor,Week 3,7540,12,0.0,38.944,-72.159
2026,2026txfor,Week 3,148,12,-0.0,51.717,-82.897
2026,2026txhou,Week 3,10904,12,0.0,39.331,-66.626
2026,2026txhou,Week 3,10118,12,-0.0,34.534,-60.598
2026,2026txhou,Week 3,6488,12,-0.0,30.968,-63.637
2026,2026txhou,Week 3,5070,12,-0.0,20.044,-22.523
2026,2026txhou,Week 3,8515,12,-0.0,90.148,-66.626
2026,2026txhou,Week 3,11132,12,-0.0,91.08,-74.878
2026,2026txhou,Week 3,5414,12,-0.0,32.897,-51.019
2026,2026txhou,Week 3,1255,12,-0.0,32.539,-47.719
2026,2026txhou,Week 3,5923,12,-0.0,21.136,-32.588
2026,2026txhou,Week 3,2585,12,0.0,34.476,-51.476
2026,2026txhou,Week 3,9512,12,-0.0,90.229,-66.626
2026,2026txhou,Week 3,7115,12,-0.0,21.818,-48.493
2026,2026txhou,Week 3,118,12,0.0,31.48,-47.719
2026,2026txhou,Week 3,4328,12,-0.0,18.697,-51.476
2026,2026txhou,Week 3,7691,12,-0.0,29.477,-64.815
2026,2026txhou,Week 3,2882,12,-0.0,26.475,-51.019
2026,2026txhou,Week 3,231,12,0.0,24.917,-27.101
2026,2026txhou,Week 3,8818,12,-0.0,18.087,-25.205
2026,2026txhou,Week 3,11277,12,-0.0,25.525,-29.444
2026,2026txhou,Week 3,6645,12,-0.0,32.553,-63.637
2026,2026txhou,Week 3,11178,12,-0.0,29.798,-56.22
2026,2026txhou,Week 3,624,12,-0.0,30.922,-51.476
2026,2026txhou,Week 3,5261,12,-0.0,32.432,-61.175
2026,2026txhou,Week 3,8177,12,-0.0,31.688,-74.878
2026,2026txhou,Week 3,5726,12,-0.0,28.071,-56.22
2026,2026txhou,Week 3,4587,12,-0.0,33.52,-74.878
2026,2026txhou,Week 3,8576,12,-0.0,37.822,-64.815
2026,2026txhou,Week 3,5908,12,0.0,27.147,-45.018
2026,2026txhou,Week 3,9521,12,-0.0,16.914,-31.754
2026,2026txhou,Week 3,11242,12,-0.0,27.542,-38.214
2026,2026txwac,Week 3,2969,12,0.0,27.263,-45.303
2026,2026txwac,Week 3,5788,12,0.0,23.105,-27.88
2026,2026txwac,Week 3,2881,12,0.0,36.301,-88.681
2026,2026txwac,Week 3,10014,12,-0.0,34.94,-47.902
2026,2026txwac,Week 3,3282,12,0.0,34.16,-88.681
2026,2026txwac,Week 3,5682,12,0.0,27.014,-45.303
2026,2026txwac,Week 3,5866,12,0.0,27.866,-36.935
2026,2026txwac,Week 3,10994,12,0.0,23.768,-32.092
2026,2026txwac,Week 3,4295,12,0.0,22.39,-42.961
2026,2026txwac,Week 3,11469,12,0.0,34.974,-88.681
2026,2026txwac,Week 3,1477,12,0.0,27.788,-71.097
2026,2026txwac,Week 3,8370,12,-0.0,13.738,-23.911
2026,2026txwac,Week 3,2848,12,0.0,35.448,-87.879
2026,2026txwac,Week 3,6369,12,-0.0,44.211,-87.879
2026,2026txwac,Week 3,11200,12,0.0,30.632,-87.879
2026,2026txwac,Week 3,8769,12,0.0,21.263,-42.961
2026,2026txwac,Week 3,9121,12,0.0,25.933,-47.902
2026,2026txwac,Week 3,7506,12,0.0,18.206,-28.565
2026,2026txwac,Week 3,2950,12,-0.0,17.677,-32.458
2026,2026txwac,Week 3,5417,12,0.0,31.208,-71.097
2026,2026txwac,Week 3,8528,12,0.0,23.001,-46.579
2026,2026txwac,Week 3,3679,12,0.0,26.501,-46.579
2026,2026txwac,Week 3,9418,12,0.0,24.574,-45.303
2026,2026txwac,Week 3,7492,12,-0.0,28.219,-42.961
2026,2026txwac,Week 3,5613,12,0.0,20.678,-34.459
2026,2026wayak,Week 3,4131,12,-0.0,17.542,-21.955
2026,2026wayak,Week 3,2811,12,-0.0,34.898,-83.832
2026,2026wayak,Week 3,10423,12,-0.0,31.147,-57.849
2026,2026wayak,Week 3,3876,12,-0.0,33.074,-76.391
2026,2026wayak,Week 3,4061,12,-0.0,33.142,-54.306
2026,2026wayak,Week 3,10416,12,-0.0,37.988,-77.162
2026,2026wayak,Week 3,2147,12,0.0,20.045,-37.587
2026,2026wayak,Week 3,8532,12,-0.0,38.506,-71.756
2026,2026wayak,Week 3,6443,12,0.0,24.645,-36.706
2026,2026wayak,Week 3,4692,12,-0.0,32.891,-94.074
2026,2026wayak,Week 3,2926,12,-0.0,32.925,-83.832
2026,2026wayak,Week 3,3712,12,-0.0,31.833,-40.332
2026,2026wayak,Week 3,9023,12,-0.0,38.874,-94.074
2026,2026wayak,Week 3,11347,12,-0.0,39.139,-76.391
2026,2026wayak,Week 3,9613,12,0.0,28.789,-54.306
2026,2026wayak,Week 3,9450,12,-0.0,56.83,-94.074
2026,2026wayak,Week 3,753,12,-0.0,25.729,-45.62
2026,2026wayak,Week 3,3218,12,-0.0,40.848,-76.391
2026,2026wayak,Week 3,5920,12,0.0,26.745,-41.236
2026,2026wayak,Week 3,4980,12,-0.0,39.36,-77.162
2026,2026wayak,Week 3,4060,12,-0.0,26.821,-57.849
2026,2026wayak,Week 3,4125,12,-0.0,18.991,-27.261
2026,2026wayak,Week 3,5295,12,-0.0,32.726,-40.332
2026,2026wayak,Week 3,5468,12,-0.0,36.727,-83.832
2026,2026wayak,Week 3,4513,12,-0.0,45.013,-71.756
2026,2026wayak,Week 3,1595,12,-0.0,30.239,-46.112
2026,2026wayak,Week 3,6845,12,-0.0,28.759,-41.236
2026,2026hiho,Week 3,2445,12,-0.0,33.382,-61.149
2026,2026hiho,Week 3,2438,12,0.0,31.336,-61.997
2026,2026hiho,Week 3,11177,12,0.0,25.585,-35.757
2026,2026hiho,Week 3,6704,12,-0.0,30.242,-53.296
2026,2026hiho,Week 3,6191,12,-0.0,34.912,-61.997
2026,2026hiho,Week 3,2477,12,-0.0,37.694,-92.301
2026,2026hiho,Week 3,2441,12,-0.0,36.875,-61.997
2026,2026hiho,Week 3,3880,12,-0.0,40.112,-92.301
2026,2026hiho,Week 3,8005,12,0.0,37.148,-61.149
2026,2026hiho,Week 3,7724,12,0.0,34.687,-62.644
2026,2026hiho,Week 3,3008,12,-0.0,25.886,-42.311
2026,2026hiho,Week 3,359,12,0.0,48.711,-93.875
2026,2026hiho,Week 3,2465,12,-0.0,28.203,-53.296
2026,2026hiho,Week 3,4270,12,0.0,23.701,-36.747
2026,2026hiho,Week 3,9012,12,-0.0,19.087,-45.638
2026,2026hiho,Week 3,8569,12,-0.0,32.586,-93.875
2026,2026hiho,Week 3,9019,12,-0.0,33.255,-42.311
2026,2026hiho,Week 3,2348,12,0.0,24.954,-34.075
2026,2026hiho,Week 3,11019,12,-0.0,34.9,-64.013
2026,2026hiho,Week 3,2443,12,-0.0,40.187,-64.013
2026,2026hiho,Week 3,8585,12,-0.0,39.924,-64.013
2026,2026hiho,Week 3,11229,12,-0.0,28.853,-35.677
2026,2026hiho,Week 3,2853,12,-0.0,31.526,-61.587
2026,2026hiho,Week 3,3881,12,-0.0,21.49,-33.323
2026,2026hiho,Week 3,6497,12,-0.0,49.501,-92.301
2026,2026hiho,Week 3,3721,12,-0.0,26.12,-36.747
2026,2026hiho,Week 3,3882,12,0.0,28.05,-42.592
2026,2026hiho,Week 3,9715,12,-0.0,34.84,-62.644
2026,2026hiho,Week 3,8871,12,-0.0,36.996,-93.875
2026,2026hiho,Week 3,2896,12,0.0,20.163,-33.323
2026,2026ctwat,Week 3,2712,12,0.0,25.739,-47.713
2026,2026ctwat,Week 3,3654,12,0.0,32.945,-64.543
2026,2026ctwat,Week 3,10245,12,0.0,31.674,-46.794
2026,2026ctwat,Week 3,716,12,-0.0,56.806,-166.452
2026,2026ctwat,Week 3,2785,12,-0.0,24.951,-51.771
2026,2026ctwat,Week 3,10266,12,0.0,39.951,-96.972
2026,2026ctwat,Week 3,7127,12,0.0,44.343,-64.543
2026,2026ctwat,Week 3,8085,12,-0.0,27.666,-49.68
2026,2026ctwat,Week 3,173,12,-0.0,31.229,-69.423
2026,2026ctwat,Week 3,999,12,0.0,31.473,-46.794
2026,2026ctwat,Week 3,9193,12,-0.0,37.526,-96.972
2026,2026ctwat,Week 3,7907,12,0.0,36.902,-61.461
2026,2026ctwat,Week 3,7153,12,0.0,38.309,-69.423
2026,2026ctwat,Week 3,4572,12,-0.0,22.438,-39.437
2026,2026ctwat,Week 3,10133,12,0.0,59.191,-166.452
2026,2026ctwat,Week 3,7694,12,0.0,33.369,-61.461
2026,2026ctwat,Week 3,11409,12,0.0,28.788,-61.287
2026,2026ctwat,Week 3,8889,12,0.0,28.513,-67.828
2026,2026ctwat,Week 3,11464,12,0.0,44.136,-69.423
2026,2026ctwat,Week 3,10592,12,-0.0,19.533,-42.19
2026,2026ctwat,Week 3,5746,12,0.0,14.741,-25.878
2026,2026ctwat,Week 3,228,12,-0.0,44.147,-61.287
2026,2026ctwat,Week 3,4909,12,0.0,48.984,-67.828
2026,2026ctwat,Week 3,176,12,0.0,74.244,-166.452
2026,2026ctwat,Week 3,6933,12,0.0,31.413,-46.986
2026,2026ctwat,Week 3,1071,12,0.0,30.754,-48.18
2026,2026ctwat,Week 3,5856,12,-0.0,31.065,-47.838
2026,2026ctwat,Week 3,558,12,0.0,40.78,-64.543
2026,2026ctwat,Week 3,230,12,0.0,34.24,-48.18
2026,2026ctwat,Week 3,1099,12,0.0,31.055,-31.14
2026,2026ctwat,Week 3,2064,12,0.0,24.384,-49.68
2026,2026ctwat,Week 3,6328,12,0.0,54.651,-51.771
2026,2026incol,Week 3,234,12,0.0,38.896,-62.778
2026,2026incol,Week 3,4982,12,0.0,32.572,-49.59
2026,2026incol,Week 3,6498,12,0.0,33.112,-68.398
2026,2026incol,Week 3,8432,12,0.0,33.835,-92.051
2026,2026incol,Week 3,1024,12,0.0,32.252,-39.668
2026,2026incol,Week 3,1018,12,0.0,33.167,-64.713
2026,2026incol,Week 3,6956,12,0.0,34.833,-68.398
2026,2026incol,Week 3,7457,12,0.0,64.364,-131.035
2026,2026incol,Week 3,5188,12,-0.0,32.046,-55.089
2026,2026incol,Week 3,5010,12,0.0,49.079,-131.035
2026,2026incol,Week 3,3147,12,0.0,26.627,-35.248
2026,2026incol,Week 3,10411,12,0.0,35.498,-92.051
2026,2026incol,Week 3,4926,12,0.0,27.637,-49.59
2026,2026incol,Week 3,8430,12,0.0,21.811,-42.69
2026,2026incol,Week 3,9119,12,0.0,39.266,-62.778
2026,2026incol,Week 3,8103,12,0.0,24.576,-40.486
2026,2026incol,Week 3,9431,12,0.0,31.111,-47.866
2026,2026incol,Week 3,45,12,0.0,46.127,-131.035
2026,2026incol,Week 3,10021,12,0.0,33.497,-74.679
2026,2026incol,Week 3,3559,12,0.0,44.833,-74.679
2026,2026incol,Week 3,9491,12,-0.0,32.929,-74.679
2026,2026incol,Week 3,10434,12,0.0,32.01,-50.338
2026,2026incol,Week 3,292,12,0.0,28.2,-53.312
2026,2026incol,Week 3,8431,12,0.0,21.74,-40.373
2026,2026incol,Week 3,1741,12,0.0,22.761,-47.866
2026,2026incol,Week 3,8116,12,0.0,31.196,-64.713
2026,2026incol,Week 3,761,12,0.0,24.975,-44.888
2026,2026incol,Week 3,9071,12,0.0,40.204,-68.398
2026,2026incol,Week 3,10172,12,0.0,23.625,-40.486
2026,2026incol,Week 3,9790,12,0.0,36.514,-53.312
2026,2026incol,Week 3,3487,12,0.0,31.423,-35.248
2026,2026incol,Week 3,2171,12,0.0,20.568,-55.089
2026,2026incol,Week 3,4580,12,0.0,27.608,-41.165
2026,2026incol,Week 3,1720,12,0.0,42.014,-53.312
2026,2026incol,Week 3,868,12,0.0,47.557,-64.713
2026,2026incol,Week 3,1747,12,0.0,34.192,-35.248
2026,2026incol,Week 3,7657,12,0.0,24.738,-62.778
2026,2026mdbet,Week 3,1446,12,0.0,28.404,-48.575
2026,2026mdbet,Week 3,7886,12,0.0,56.807,-130.856
2026,2026mdbet,Week 3,11318,12,0.0,34.367,-62.513
2026,2026mdbet,Week 3,1389,12,0.0,27.885,-39.862
2026,2026mdbet,Week 3,888,12,0.0,39.979,-63.465
2026,2026mdbet,Week 3,6882,12,0.0,36.078,-85.058
2026,2026mdbet,Week 3,2186,12,0.0,31.139,-50.006
2026,2026mdbet,Week 3,2421,12,-0.0,50.656,-130.856
2026,2026mdbet,Week 3,3373,12,0.0,19.126,-35.823
2026,2026mdbet,Week 3,4821,12,0.0,24.603,-39.909
2026,2026mdbet,Week 3,4464,12,-0.0,34.547,-48.433
2026,2026mdbet,Week 3,116,12,-0.0,37.674,-72.939
2026,2026mdbet,Week 3,3714,12,-0.0,33.526,-35.823
2026,2026mdbet,Week 3,4472,12,0.0,43.959,-112.596
2026,2026mdbet,Week 3,5549,12,0.0,34.455,-62.513
2026,2026mdbet,Week 3,2900,12,-0.0,20.636,-49.422
2026,2026mdbet,Week 3,2537,12,-0.0,32.653,-49.422
2026,2026mdbet,Week 3,5243,12,0.0,32.096,-53.124
2026,2026mdbet,Week 3,1731,12,0.0,40.011,-85.058
2026,2026mdbet,Week 3,5841,12,0.0,33.289,-63.465
2026,2026mdbet,Week 3,1727,12,0.0,30.884,-47.027
2026,2026mdbet,Week 3,4638,12,-0.0,23.571,-31.375
2026,2026mdbet,Week 3,4456,12,-0.0,42.022,-53.124
2026,2026mdbet,Week 3,449,12,0.0,60.861,-130.856
2026,2026mdbet,Week 3,2988,12,0.0,16.465,-39.862
2026,2026mdbet,Week 3,2914,12,0.0,28.547,-35.032
2026,2026mdbet,Week 3,5353,12,0.0,41.865,-72.939
2026,2026mdbet,Week 3,8590,12,0.0,39.385,-85.058
2026,2026mdbet,Week 3,5338,12,0.0,45.786,-112.596
2026,2026mdbet,Week 3,5587,12,-0.0,39.564,-72.939
2026,2026mdbet,Week 3,2912,12,-0.0,28.61,-48.575
2026,2026mdbet,Week 3,6239,12,-0.0,29.897,-52.843
2026,2026mdbet,Week 3,11211,12,0.0,24.365,-30.323
2026,2026miber,Week 3,7203,12,0.0,53.914,-140.033
2026,2026miber,Week 3,3452,12,0.0,29.722,-52.788
2026,2026miber,Week 3,11399,12,0.0,22.758,-38.948
2026,2026miber,Week 3,6548,12,0.0,39.31,-68.899
2026,2026miber,Week 3,11431,12,-0.0,37.232,-53.447
2026,2026miber,Week 3,1504,12,-0.0,28.274,-53.447
2026,2026miber,Week 3,9182,12,0.0,31.661,-65.818
2026,2026miber,Week 3,11511,12,0.0,34.819,-51.227
2026,2026miber,Week 3,5927,12,0.0,37.685,-42.247
2026,2026miber,Week 3,6588,12,0.0,32.546,-48.722
2026,2026miber,Week 3,7814,12,0.0,35.313,-51.227
2026,2026miber,Week 3,6002,12,0.0,55.543,-139.398
2026,2026miber,Week 3,7809,12,0.0,32.355,-50.998
2026,2026miber,Week 3,11491,12,0.0,27.557,-39.739
2026,2026miber,Week 3,10633,12,-0.0,46.507,-93.046
2026,2026miber,Week 3,302,12,0.0,55.415,-70.601
2026,2026miber,Week 3,5227,12,-0.0,40.201,-57.013
2026,2026miber,Week 3,1940,12,0.0,52.147,-139.398
2026,2026miber,Week 3,74,12,0.0,52.794,-97.411
2026,2026miber,Week 3,5462,12,0.0,43.444,-97.411
2026,2026miber,Week 3,10642,12,-0.0,40.129,-97.411
2026,2026miber,Week 3,5182,12,0.0,57.655,-140.033
2026,2026miber,Week 3,10473,12,0.0,48.955,-52.788
2026,2026miber,Week 3,2960,12,0.0,40.093,-62.427
2026,2026miber,Week 3,9549,12,0.0,33.54,-49.156
2026,2026miber,Week 3,9208,12,0.0,31.883,-52.788
2026,2026miber,Week 3,4325,12,0.0,31.194,-51.227
2026,2026miber,Week 3,9758,12,0.0,37.291,-55.618
2026,2026miber,Week 3,2604,12,-0.0,26.683,-62.427
2026,2026miber,Week 3,2959,12,0.0,54.181,-68.899
2026,2026miber,Week 3,4237,12,0.0,69.287,-140.033
2026,2026miber,Week 3,503,12,0.0,53.58,-114.26
2026,2026miber,Week 3,10666,12,0.0,55.119,-114.26
2026,2026miber,Week 3,4855,12,0.0,52.561,-139.398
2026,2026miber,Week 3,5535,12,0.0,45.038,-70.601
2026,2026miber,Week 3,3620,12,0.0,57.343,-93.046
2026,2026mibkn,Week 3,11462,12,-0.0,47.616,-109.56
2026,2026mibkn,Week 3,4568,12,-0.0,33.258,-66.278
2026,2026mibkn,Week 3,4422,12,-0.0,28.196,-58.082
2026,2026mibkn,Week 3,9183,12,-0.0,32.213,-48.613
2026,2026mibkn,Week 3,4381,12,-0.0,34.676,-76.037
2026,2026mibkn,Week 3,7501,12,-0.0,33.625,-58.082
2026,2026mibkn,Week 3,1025,12,-0.0,41.026,-71.309
2026,2026mibkn,Week 3,9312,12,-0.0,44.43,-72.692
2026,2026mibkn,Week 3,11460,12,-0.0,22.972,-38.414
2026,2026mibkn,Week 3,11496,12,-0.0,35.22,-54.7
2026,2026mibkn,Week 3,5641,12,-0.0,40.75,-46.085
2026,2026mibkn,Week 3,4216,12,-0.0,30.771,-71.309
2026,2026mibkn,Week 3,5239,12,-0.0,42.078,-48.541
2026,2026mibkn,Week 3,11387,12,-0.0,25.03,-47.09
2026,2026mibkn,Week 3,7225,12,-0.0,27.254,-47.09
2026,2026mibkn,Week 3,11386,12,-0.0,27.518,-33.88
2026,2026mibkn,Week 3,8300,12,-0.0,30.311,-34.843
2026,2026mibkn,Week 3,9753,12,-0.0,26.107,-48.541
2026,2026mibkn,Week 3,9210,12,-0.0,40.404,-76.037
2026,2026mibkn,Week 3,11444,12,-0.0,28.775,-47.307
2026,2026mibkn,Week 3,7197,12,-0.0,33.255,-66.278
2026,2026mibkn,Week 3,2611,12,-0.0,49.232,-72.692
2026,2026mibkn,Week 3,6556,12,-0.0,24.428,-48.541
2026,2026mibkn,Week 3,9594,12,-0.0,28.915,-46.085
2026,2026mibkn,Week 3,5144,12,-0.0,46.939,-90.369
2026,2026mibkn,Week 3,3668,12,-0.0,55.195,-109.56
2026,2026mibkn,Week 3,5205,12,-0.0,26.718,-47.307
2026,2026mibkn,Week 3,3773,12,-0.0,20.793,-35.279
2026,2026mibkn,Week 3,4003,12,-0.0,27.607,-54.7
2026,2026mibkn,Week 3,7656,12,-0.0,27.071,-48.613
2026,2026mibkn,Week 3,862,12,-0.0,48.377,-116.076
2026,2026mibkn,Week 3,3414,12,-0.0,62.197,-116.076
2026,2026mibkn,Week 3,9212,12,-0.0,40.042,-116.076
2026,2026mibkn,Week 3,5530,12,-0.0,38.447,-90.369
2026,2026mibkn,Week 3,7221,12,-0.0,28.85,-32.248
2026,2026mibkn,Week 3,5676,12,-0.0,42.794,-109.56
2026,2026mibkn,Week 3,1481,12,-0.0,59.649,-76.037
2026,2026mifli,Week 3,9757,12,0.0,20.942,-36.575
2026,2026mifli,Week 3,9648,12,-0.0,25.112,-29.037
2026,2026mifli,Week 3,894,12,-0.0,34.491,-75.711
2026,2026mifli,Week 3,10587,12,-0.0,44.252,-138.62
2026,2026mifli,Week 3,68,12,-0.0,48.356,-127.578
2026,2026mifli,Week 3,4998,12,0.0,24.348,-29.663
2026,2026mifli,Week 3,2337,12,-0.0,50.848,-138.62
2026,2026mifli,Week 3,5697,12,0.0,20.494,-46.992
2026,2026mifli,Week 3,8385,12,0.0,18.786,-25.931
2026,2026mifli,Week 3,314,12,-0.0,21.335,-36.575
2026,2026mifli,Week 3,5214,12,0.0,21.578,-41.526
2026,2026mifli,Week 3,10665,12,-0.0,30.317,-75.711
2026,2026mifli,Week 3,5150,12,0.0,14.409,-18.099
2026,2026mifli,Week 3,10659,12,-0.0,47.259,-138.62
2026,2026mifli,Week 3,10667,12,0.0,19.171,-33.902
2026,2026mifli,Week 3,5167,12,-0.0,42.692,-127.578
2026,2026mifli,Week 3,5527,12,-0.0,16.295,-29.037
2026,2026mifli,Week 3,5561,12,-0.0,30.708,-75.711
2026,2026mifli,Week 3,5282,12,-0.0,19.088,-37.02
2026,2026mifli,Week 3,8767,12,-0.0,28.666,-43.873
2026,2026mifli,Week 3,5612,12,-0.0,25.639,-37.02
2026,2026mifli,Week 3,494,12,-0.0,23.919,-33.436
2026,2026mifli,Week 3,7597,12,0.0,21.069,-45.397
2026,2026mifli,Week 3,9697,12,-0.0,25.25,-33.436
2026,2026mifli,Week 3,5517,12,0.0,29.34,-57.377
2026,2026mifli,Week 3,1684,12,0.0,31.83,-57.377
2026,2026mifli,Week 3,10547,12,0.0,30.818,-57.377
2026,2026mifli,Week 3,11458,12,0.0,41.736,-127.578
2026,2026mifli,Week 3,7784,12,-0.0,21.167,-43.873
2026,2026mifli,Week 3,5046,12,-0.0,22.886,-36.575
2026,2026mifli,Week 3,70,12,-0.0,24.446,-49.546
2026,2026mifli,Week 3,7772,12,0.0,18.794,-46.992
2026,2026mifli,Week 3,1322,12,-0.0,26.295,-41.526
2026,2026mifli,Week 3,8193,12,-0.0,29.595,-83.146
2026,2026mifli,Week 3,5660,12,0.0,37.019,-83.146
2026,2026mifli,Week 3,6085,12,0.0,33.386,-83.146
2026,2026mifli,Week 3,5235,12,0.0,15.418,-29.037
2026,2026mifli,Week 3,9242,12,-0.0,23.86,-41.526
2026,2026mifli,Week 3,11527,12,0.0,29.743,-43.873
2026,2026mifli,Week 3,6610,12,-0.0,14.63,-27.1
2026,2026mifli,Week 3,9207,12,0.0,23.804,-49.546
2026,2026ncelo,Week 3,7763,12,-0.0,27.01,-51.976
2026,2026ncelo,Week 3,3822,12,-0.0,29.275,-51.976
2026,2026ncelo,Week 3,4829,12,0.0,33.232,-51.976
2026,2026ncelo,Week 3,6502,12,-0.0,43.579,-48.895
2026,2026ncelo,Week 3,4561,12,-0.0,24.343,-34.606
2026,2026ncelo,Week 3,7918,12,-0.0,41.482,-76.738
2026,2026ncelo,Week 3,6729,12,-0.0,21.867,-39.242
2026,2026ncelo,Week 3,11146,12,-0.0,21.481,-28.746
2026,2026ncelo,Week 3,900,12,-0.0,34.27,-76.738
2026,2026ncelo,Week 3,2640,12,-0.0,28.223,-45.198
2026,2026ncelo,Week 3,9297,12,-0.0,25.224,-45.198
2026,2026ncelo,Week 3,7890,12,-0.0,26.186,-45.198
2026,2026ncelo,Week 3,4861,12,-0.0,23.559,-34.094
2026,2026ncelo,Week 3,4795,12,-0.0,45.336,-87.727
2026,2026ncelo,Week 3,11285,12,-0.0,36.918,-76.738
2026,2026ncelo,Week 3,6240,12,-0.0,16.742,-20.079
2026,2026ncelo,Week 3,4935,12,-0.0,24.183,-41.812
2026,2026ncelo,Week 3,8429,12,-0.0,43.836,-87.727
2026,2026ncelo,Week 3,10412,12,0.0,29.102,-43.961
2026,2026ncelo,Week 3,10304,12,0.0,23.733,-37.869
2026,2026ncelo,Week 3,9559,12,-0.0,28.16,-48.895
2026,2026ncelo,Week 3,10354,12,-0.0,24.15,-35.221
2026,2026ncelo,Week 3,8757,12,-0.0,26.843,-48.895
2026,2026ncelo,Week 3,9607,12,-0.0,31.91,-43.961
2026,2026ncelo,Week 3,1533,12,-0.0,47.72,-87.727
2026,2026ncelo,Week 3,11297,12,-0.0,40.354,-41.812
2026,2026ncelo,Week 3,587,12,-0.0,46.666,-70.286
2026,2026ncelo,Week 3,5919,12,-0.0,22.426,-34.68
2026,2026ncelo,Week 3,3506,12,-0.0,24.749,-39.242
2026,2026ncwk2,Week 3,10248,12,0.0,35.058,-99.849
2026,2026ncwk2,Week 3,2682,12,0.0,23.438,-31.657
2026,2026ncwk2,Week 3,5160,12,0.0,23.38,-54.521
2026,2026ncwk2,Week 3,10260,12,0.0,21.211,-34.362
2026,2026ncwk2,Week 3,8746,12,0.0,19.183,-31.657
2026,2026ncwk2,Week 3,8758,12,0.0,21.649,-57.882
2026,2026ncwk2,Week 3,11179,12,0.0,21.091,-34.777
2026,2026ncwk2,Week 3,11161,12,0.0,26.592,-61.493
2026,2026ncwk2,Week 3,9032,12,0.0,50.074,-99.849
2026,2026ncwk2,Week 3,7443,12,0.0,34.124,-99.849
2026,2026ncwk2,Week 3,6908,12,-0.0,14.753,-13.377
2026,2026ncwk2,Week 3,10302,12,0.0,17.566,-34.777
2026,2026ncwk2,Week 3,5607,12,0.0,16.059,-23.179
2026,2026ncwk2,Week 3,5518,12,0.0,31.753,-61.493
2026,2026ncwk2,Week 3,3893,12,0.0,13.76,-23.179
2026,2026ncwk2,Week 3,10077,12,0.0,23.465,-34.766
2026,2026ncwk2,Week 3,8205,12,0.0,23.287,-34.766
2026,2026ncwk2,Week 3,9496,12,0.0,35.068,-64.53
2026,2026ncwk2,Week 3,10072,12,0.0,24.347,-54.521
2026,2026ncwk2,Week 3,11353,12,0.0,16.661,-26.738
2026,2026ncwk2,Week 3,10121,12,0.0,16.372,-26.207
2026,2026ncwk2,Week 3,5511,12,0.0,23.582,-34.777
2026,2026ncwk2,Week 3,6888,12,0.0,24.855,-64.53
2026,2026ncwk2,Week 3,6500,12,0.0,24.21,-32.931
2026,2026ncwk2,Week 3,6242,12,0.0,26.632,-57.882
2026,2026ncwk2,Week 3,9296,12,0.0,29.537,-54.521
2026,2026ncwk2,Week 3,8738,12,0.0,19.961,-24.467
2026,2026ncwk2,Week 3,6004,12,0.0,19.317,-32.931
2026,2026ncwk2,Week 3,5190,12,0.0,23.179,-29.141
2026,2026njrob,Week 3,5113,12,-0.0,39.322,-61.59
2026,2026njrob,Week 3,4573,12,-0.0,27.771,-54.381
2026,2026njrob,Week 3,1672,12,-0.0,30.377,-54.381
2026,2026njrob,Week 3,56,12,-0.0,27.972,-38.081
2026,2026njrob,Week 3,293,12,-0.0,25.423,-35.744
2026,2026njrob,Week 3,1923,12,-0.0,37.46,-60.18
2026,2026njrob,Week 3,486,12,-0.0,15.424,-26.855
2026,2026njrob,Week 3,204,12,-0.0,15.542,-32.138
2026,2026njrob,Week 3,25,12,-0.0,26.254,-36.616
2026,2026njrob,Week 3,2191,12,-0.0,33.831,-61.59
2026,2026njrob,Week 3,5624,12,-0.0,60.819,-50.909
2026,2026njrob,Week 3,9100,12,-0.0,24.543,-50.909
2026,2026njrob,Week 3,3340,12,-0.0,25.167,-36.616
2026,2026njrob,Week 3,6897,12,-0.0,24.002,-29.304
2026,2026njrob,Week 3,7110,12,-0.0,29.494,-60.18
2026,2026njrob,Week 3,303,12,-0.0,23.116,-40.199
2026,2026njrob,Week 3,2495,12,-0.0,23.85,-51.841
2026,2026njrob,Week 3,87,12,-0.0,21.267,-32.138
2026,2026njrob,Week 3,752,12,-0.0,28.071,-45.826
2026,2026njrob,Week 3,9015,12,-0.0,19.209,-42.104
2026,2026njrob,Week 3,4653,12,-0.0,24.701,-42.104
2026,2026njrob,Week 3,8075,12,-0.0,62.367,-45.44
2026,2026njrob,Week 3,5438,12,-0.0,24.191,-30.75
2026,2026njrob,Week 3,1403,12,-0.0,31.47,-52.803
2026,2026njrob,Week 3,2590,12,-0.0,38.829,-61.59
2026,2026njrob,Week 3,1647,12,0.0,27.251,-51.841
2026,2026njrob,Week 3,8588,12,-0.0,63.852,-52.803
2026,2026njrob,Week 3,2180,12,-0.0,24.459,-45.44
2026,2026njrob,Week 3,5684,12,-0.0,22.688,-29.591
2026,2026onham,Week 3,9062,12,-0.0,50.673,-129.444
2026,2026onham,Week 3,7200,12,0.0,25.992,-46.488
2026,2026onham,Week 3,6162,12,0.0,48.365,-146.454
2026,2026onham,Week 3,2056,12,0.0,66.465,-167.091
2026,2026onham,Week 3,11002,12,0.0,49.545,-129.444
2026,2026onham,Week 3,11362,12,0.0,37.828,-108.876
2026,2026onham,Week 3,9575,12,0.0,65.783,-172.831
2026,2026onham,Week 3,6978,12,0.0,47.429,-85.363
2026,2026onham,Week 3,5406,12,0.0,34.296,-50.518
2026,2026onham,Week 3,1325,12,-0.0,97.111,-201.446
2026,2026onham,Week 3,7902,12,0.0,66.77,-172.831
2026,2026onham,Week 3,9659,12,0.0,37.909,-85.363
2026,2026onham,Week 3,6135,12,0.0,61.344,-167.091
2026,2026onham,Week 3,6632,12,0.0,37.188,-72.694
2026,2026onham,Week 3,8764,12,0.0,40.003,-45.851
2026,2026onham,Week 3,4327,12,0.0,50.945,-146.454
2026,2026onham,Week 3,4308,12,0.0,46.033,-50.518
2026,2026onham,Week 3,10167,12,0.0,28.396,-38.786
2026,2026onham,Week 3,3560,12,0.0,67.605,-201.446
2026,2026onham,Week 3,5032,12,0.0,34.359,-46.987
2026,2026onham,Week 3,1229,12,0.0,38.335,-64.007
2026,2026onham,Week 3,10554,12,0.0,31.5,-64.007
2026,2026onham,Week 3,1114,12,0.0,76.434,-201.446
2026,2026onham,Week 3,4917,12,0.0,18.968,-40.494
2026,2026onham,Week 3,9098,12,0.0,66.186,-172.831
2026,2026onham,Week 3,4907,12,0.0,46.548,-108.876
2026,2026onham,Week 3,11428,12,0.0,41.356,-72.694
2026,2026onham,Week 3,2200,12,0.0,71.977,-167.091
2026,2026onham,Week 3,8850,12,0.0,24.621,-45.922
2026,2026onham,Week 3,2852,12,0.0,25.427,-46.488
2026,2026onnob,Week 3,9589,12,0.0,38.013,-53.753
2026,2026onnob,Week 3,9785,12,0.0,70.773,-130.737
2026,2026onnob,Week 3,2609,12,0.0,36.098,-55.407
2026,2026onnob,Week 3,7476,12,0.0,31.859,-59.933
2026,2026onnob,Week 3,5596,12,0.0,32.943,-63.488
2026,2026onnob,Week 3,6859,12,-0.0,52.937,-130.737
2026,2026onnob,Week 3,7520,12,-0.0,67.709,-108.431
2026,2026onnob,Week 3,9580,12,0.0,42.075,-72.739
2026,2026onnob,Week 3,8884,12,0.0,34.411,-72.739
2026,2026onnob,Week 3,8729,12,0.0,32.578,-51.675
2026,2026onnob,Week 3,7480,12,-0.0,45.681,-115.065
2026,2026onnob,Week 3,10015,12,-0.0,55.479,-130.508
2026,2026onnob,Week 3,1334,12,0.0,30.799,-55.407
2026,2026onnob,Week 3,2935,12,0.0,52.939,-108.431
2026,2026onnob,Week 3,6864,12,-0.0,23.689,-43.936
2026,2026onnob,Week 3,3543,12,-0.0,30.851,-63.488
2026,2026onnob,Week 3,610,12,0.0,44.519,-130.508
2026,2026onnob,Week 3,2708,12,0.0,41.672,-53.099
2026,2026onnob,Week 3,2013,12,-0.0,30.901,-49.64
2026,2026onnob,Week 3,11270,12,0.0,41.05,-53.753
2026,2026onnob,Week 3,5036,12,0.0,49.58,-130.737
2026,2026onnob,Week 3,7712,12,-0.0,31.846,-80.743
2026,2026onnob,Week 3,2706,12,0.0,54.068,-108.431
2026,2026onnob,Week 3,4152,12,0.0,42.715,-80.743
2026,2026onnob,Week 3,1305,12,0.0,69.321,-130.508
2026,2026pawar,Week 3,75,12,0.0,27.605,-37.337
2026,2026pawar,Week 3,10989,12,0.0,16.601,-35.067
2026,2026pawar,Week 3,10170,12,0.0,24.143,-53.052
2026,2026pawar,Week 3,9416,12,0.0,15.924,-19.7
2026,2026pawar,Week 3,10600,12,0.0,29.967,-56.678
2026,2026pawar,Week 3,6808,12,0.0,24.35,-52.783
2026,2026pawar,Week 3,6921,12,0.0,27.206,-53.052
2026,2026pawar,Week 3,708,12,0.0,19.893,-37.337
2026,2026pawar,Week 3,2607,12,0.0,42.773,-90.285
2026,2026pawar,Week 3,423,12,0.0,23.061,-38.999
2026,2026pawar,Week 3,10997,12,0.0,18.934,-32.9
2026,2026pawar,Week 3,1168,12,0.0,35.5,-106.06
2026,2026pawar,Week 3,2559,12,0.0,31.494,-49.409
2026,2026pawar,Week 3,484,12,0.0,44.437,-73.148
2026,2026pawar,Week 3,5490,12,0.0,24.922,-49.409
2026,2026pawar,Week 3,5181,12,0.0,33.726,-60.374
2026,2026pawar,Week 3,102,12,0.0,26.073,-50.237
2026,2026pawar,Week 3,11366,12,0.0,33.934,-61.906
2026,2026pawar,Week 3,10070,12,0.0,21.113,-39.796
2026,2026pawar,Week 3,5407,12,0.0,27.624,-53.052
2026,2026pawar,Week 3,341,12,0.0,43.003,-106.06
2026,2026pawar,Week 3,272,12,0.0,33.162,-73.148
2026,2026pawar,Week 3,11225,12,0.0,36.938,-61.906
2026,2026pawar,Week 3,428,12,0.0,14.104,-19.823
2026,2026pawar,Week 3,10157,12,0.0,42.726,-106.06
2026,2026pawar,Week 3,6226,12,0.0,25.963,-52.133
2026,2026pawar,Week 3,3314,12,0.0,35.883,-90.285
2026,2026pawar,Week 3,433,12,0.0,32.648,-73.148
2026,2026pawar,Week 3,10949,12,0.0,35.115,-90.285
2026,2026pawar,Week 3,10918,12,0.0,13.034,-21.04
2026,2026pawar,Week 3,10993,12,0.0,22.164,-39.796
2026,2026pawar,Week 3,203,12,0.0,23.278,-32.389
2026,2026pawar,Week 3,9014,12,0.0,40.957,-60.374
2026,2026vache,Week 3,2068,12,0.0,34.185,-75.713
2026,2026vache,Week 3,1793,12,0.0,31.5,-65.202
2026,2026vache,Week 3,2890,12,0.0,46.218,-86.583
2026,2026vache,Week 3,3359,12,0.0,14.469,-28.478
2026,2026vache,Week 3,4286,12,0.0,37.967,-75.713
2026,2026vache,Week 3,8230,12,0.0,32.31,-76.908
2026,2026vache,Week 3,6326,12,0.0,36.539,-65.202
2026,2026vache,Week 3,526,12,0.0,32.83,-48.667
2026,2026vache,Week 3,4099,12,0.0,47.71,-80.042
2026,2026vache,Week 3,9214,12,0.0,20.396,-34.526
2026,2026vache,Week 3,539,12,0.0,25.313,-47.617
2026,2026vache,Week 3,11252,12,0.0,37.185,-86.583
2026,2026vache,Week 3,612,12,0.0,33.841,-61.396
2026,2026vache,Week 3,11425,12,0.0,25.489,-53.082
2026,2026vache,Week 3,9003,12,0.0,30.474,-41.098
2026,2026vache,Week 3,611,12,0.0,31.881,-47.797
2026,2026vache,Week 3,10224,12,0.0,20.994,-42.941
2026,2026vache,Week 3,620,12,0.0,27.456,-37.635
2026,2026vache,Week 3,122,12,0.0,53.869,-86.583
2026,2026vache,Week 3,2998,12,0.0,22.146,-56.3
2026,2026vache,Week 3,2363,12,0.0,42.56,-56.3
2026,2026vache,Week 3,2028,12,0.0,46.102,-104.315
2026,2026vache,Week 3,1086,12,0.0,50.426,-104.315
2026,2026vache,Week 3,422,12,-0.0,55.417,-104.315
2026,2026vache,Week 3,9403,12,0.0,41.665,-53.082
2026,2026vache,Week 3,11415,12,0.0,27.805,-43.106
2026,2026vache,Week 3,404,12,0.0,39.322,-80.042
2026,2026vache,Week 3,1599,12,0.0,33.394,-80.042
2026,2026vache,Week 3,1895,12,0.0,24.447,-39.979
2026,2026vache,Week 3,1908,12,0.0,33.765,-76.908
2026,2026wiapp,Week 3,10553,12,0.0,39.658,-90.716
2026,2026wiapp,Week 3,11258,12,0.0,35.303,-62.242
2026,2026wiapp,Week 3,9760,12,0.0,22.065,-41.687
2026,2026wiapp,Week 3,2830,12,0.0,27.518,-43.759
2026,2026wiapp,Week 3,8802,12,-0.0,24.241,-36.242
2026,2026wiapp,Week 3,706,12,0.0,23.711,-35.195
2026,2026wiapp,Week 3,5826,12,0.0,37.417,-43.011
2026,2026wiapp,Week 3,8744,12,0.0,35.647,-60.281
2026,2026wiapp,Week 3,10264,12,0.0,46.601,-43.759
2026,2026wiapp,Week 3,3381,12,0.0,25.638,-60.371
2026,2026wiapp,Week 3,1792,12,0.0,32.827,-60.371
2026,2026wiapp,Week 3,8700,12,0.0,49.708,-70.659
2026,2026wiapp,Week 3,9425,12,0.0,27.063,-60.281
2026,2026wiapp,Week 3,8803,12,0.0,20.52,-30.583
2026,2026wiapp,Week 3,6643,12,0.0,30.234,-70.659
2026,2026wiapp,Week 3,1091,12,0.0,19.143,-29.701
2026,2026wiapp,Week 3,6223,12,0.0,29.743,-55.339
2026,2026wiapp,Week 3,93,12,-0.0,43.158,-90.716
2026,2026wiapp,Week 3,5148,12,0.0,34.58,-50.186
2026,2026wiapp,Week 3,5903,12,0.0,32.479,-50.186
2026,2026wiapp,Week 3,11139,12,0.0,31.306,-50.186
2026,2026wiapp,Week 3,10909,12,0.0,17.904,-30.425
2026,2026wiapp,Week 3,3197,12,0.0,43.881,-60.281
2026,2026wiapp,Week 3,6421,12,0.0,18.082,-27.388
2026,2026wiapp,Week 3,4054,12,0.0,24.058,-30.425
2026,2026wiapp,Week 3,10287,12,0.0,23.901,-55.339
2026,2026wiapp,Week 3,171,12,0.0,38.805,-95.536
2026,2026wiapp,Week 3,6732,12,0.0,21.986,-35.787
2026,2026wiapp,Week 3,5019,12,0.0,29.697,-49.762
2026,2026wiapp,Week 3,7103,12,0.0,24.75,-31.638
2026,2026wiapp,Week 3,6318,12,0.0,26.256,-50.165
2026,2026wiapp,Week 3,1259,12,0.0,55.109,-95.536
2026,2026wiapp,Week 3,5096,12,0.0,36.559,-62.242
2026,2026wiapp,Week 3,9578,12,0.0,35.907,-77.557
2026,2026wiapp,Week 3,1306,12,0.0,67.95,-95.536
2026,2026wiapp,Week 3,2826,12,0.0,30.669,-77.557
2026,2026wiapp,Week 3,1716,12,0.0,28.097,-43.759
2026,2026wiapp,Week 3,2194,12,0.0,38.398,-62.242
2026,2026calas,Week 3,2710,11,0.0,38.816,-33.112
2026,2026calas,Week 3,867,11,-0.0,31.137,-19.246
2026,2026calas,Week 3,687,11,0.0,49.607,-110.379
2026,2026calas,Week 3,6904,11,-0.0,31.666,-67.869
2026,2026calas,Week 3,5835,11,0.0,34.913,-67.869
2026,2026calas,Week 3,294,11,0.0,42.216,-67.869
2026,2026calas,Week 3,1159,11,0.0,39.836,-47.196
2026,2026calas,Week 3,6220,11,-0.0,34.76,-76.728
2026,2026calas,Week 3,5124,11,-0.0,20.897,-44.169
2026,2026calas,Week 3,4470,11,0.0,43.753,-68.258
2026,2026calas,Week 3,3408,11,0.0,37.918,-68.258
2026,2026calas,Week 3,4501,11,-0.0,36.07,-68.258
2026,2026calas,Week 3,4123,11,0.0,51.71,-81.465
2026,2026calas,Week 3,8898,11,-0.0,57.239,-110.379
2026,2026calas,Week 3,4322,11,-0.0,41.395,-81.465
2026,2026calas,Week 3,9408,11,0.0,73.919,-150.494
2026,2026calas,Week 3,597,11,0.0,56.6,-150.494
2026,2026calas,Week 3,1515,11,-0.0,56.48,-150.494
2026,2026calas,Week 3,1759,11,-0.0,20.587,-23.422
2026,2026calas,Week 3,1197,11,-0.0,47.875,-91.028
2026,2026calas,Week 3,5669,11,-0.0,25.181,-34.606
2026,2026calas,Week 3,4201,11,-0.0,31.901,-41.824
2026,2026calas,Week 3,11096,11,0.0,41.718,-91.028
2026,2026calas,Week 3,4964,11,0.0,43.039,-60.806
2026,2026calas,Week 3,5137,11,-0.0,42.72,-104.128
2026,2026calas,Week 3,5089,11,-0.0,36.772,-47.196
2026,2026calas,Week 3,6000,11,-0.0,29.331,-39.161
2026,2026calas,Week 3,7042,11,-0.0,9.416,-12.067
2026,2026calas,Week 3,7230,11,0.0,35.056,-58.5
2026,2026calas,Week 3,6072,11,0.0,31.26,-40.121
2026,2026calas,Week 3,5857,11,-0.0,29.213,-49.349
2026,2026calas,Week 3,4415,11,-0.0,33.185,-58.5
2026,2026calas,Week 3,3476,11,-0.0,50.732,-104.128
2026,2026calas,Week 3,9505,11,-0.0,43.593,-104.128
2026,2026calas,Week 3,4,11,0.0,49.083,-58.5
2026,2026calas,Week 3,2584,11,-0.0,45.248,-52.132
2026,2026calas,Week 3,4999,11,0.0,21.985,-34.675
2026,2026calas,Week 3,1836,11,-0.0,22.041,-31.091
2026,2026calas,Week 3,1661,11,-0.0,39.754,-76.728
2026,2026calas,Week 3,980,11,0.0,45.915,-110.379
2026,2026calas,Week 3,9696,11,-0.0,24.138,-21.607
2026,2026calas,Week 3,3759,11,-0.0,33.434,-40.585
2026,2026casac,Week 3,1138,12,0.0,29.631,-62.883
2026,2026casac,Week 3,9400,12,0.0,75.988,-158.085
2026,2026casac,Week 3,9125,12,-0.0,41.402,-69.393
2026,2026casac,Week 3,7137,12,-0.0,36.184,-43.166
2026,2026casac,Week 3,199,12,0.0,35.166,-51.504
2026,2026casac,Week 3,2288,12,0.0,36.073,-45.181
2026,2026casac,Week 3,2204,12,-0.0,35.537,-66.27
2026,2026casac,Week 3,846,12,-0.0,76.415,-171.079
2026,2026casac,Week 3,9111,12,-0.0,34.689,-57.671
2026,2026casac,Week 3,5458,12,-0.0,46.092,-51.395
2026,2026casac,Week 3,6619,12,-0.0,56.668,-171.079
2026,2026casac,Week 3,11274,12,-0.0,18.371,-19.117
2026,2026casac,Week 3,11296,12,0.0,32.303,-67.245
2026,2026casac,Week 3,1678,12,0.0,63.812,-149.332
2026,2026casac,Week 3,3598,12,-0.0,25.587,-58.073
2026,2026casac,Week 3,701,12,-0.0,27.301,-39.207
2026,2026casac,Week 3,2141,12,-0.0,42.16,-51.395
2026,2026casac,Week 3,4698,12,0.0,64.038,-158.085
2026,2026casac,Week 3,4135,12,0.0,29.014,-49.565
2026,2026casac,Week 3,5430,12,0.0,27.525,-49.565
2026,2026casac,Week 3,5940,12,-0.0,56.876,-158.085
2026,2026casac,Week 3,2135,12,-0.0,40.405,-45.056
2026,2026casac,Week 3,6884,12,-0.0,27.849,-58.073
2026,2026casac,Week 3,1072,12,-0.0,37.704,-69.393
2026,2026casac,Week 3,6662,12,-0.0,41.48,-48.011
2026,2026casac,Week 3,670,12,0.0,32.263,-57.671
2026,2026casac,Week 3,9038,12,0.0,28.692,-33.661
2026,2026casac,Week 3,751,12,-0.0,34.19,-71.511
2026,2026casac,Week 3,5274,12,0.0,28.335,-48.454
2026,2026casac,Week 3,10212,12,-0.0,57.813,-149.332
2026,2026casac,Week 3,2073,12,-0.0,39.847,-67.245
2026,2026casac,Week 3,1280,12,-0.0,35.29,-66.27
2026,2026casac,Week 3,5728,12,-0.0,31.864,-39.493
2026,2026casac,Week 3,3482,12,-0.0,30.011,-71.511
2026,2026casac,Week 3,3189,12,-0.0,40.723,-62.883
2026,2026casac,Week 3,1857,12,0.0,30.292,-34.336
2026,2026casac,Week 3,3257,12,0.0,69.266,-171.079
2026,2026casac,Week 3,6981,12,-0.0,29.262,-51.504
2026,2026casnd,Week 3,8006,12,0.0,34.807,-55.677
2026,2026casnd,Week 3,5025,12,0.0,30.507,-50.488
2026,2026casnd,Week 3,11459,12,-0.0,35.426,-59.256
2026,2026casnd,Week 3,10392,12,-0.0,18.423,-40.236
2026,2026casnd,Week 3,2827,12,0.0,24.83,-65.911
2026,2026casnd,Week 3,4738,12,-0.0,22.919,-52.09
2026,2026casnd,Week 3,3647,12,0.0,32.3,-53.564
2026,2026casnd,Week 3,1622,12,0.0,13.673,-29.39
2026,2026casnd,Week 3,5514,12,0.0,37.34,-107.558
2026,2026casnd,Week 3,3749,12,0.0,29.447,-78.431
2026,2026casnd,Week 3,10586,12,0.0,23.297,-38.08
2026,2026casnd,Week 3,8891,12,0.0,22.569,-34.534
2026,2026casnd,Week 3,2102,12,0.0,52.573,-107.558
2026,2026casnd,Week 3,4919,12,0.0,23.178,-30.683
2026,2026casnd,Week 3,8119,12,0.0,27.292,-33.574
2026,2026casnd,Week 3,3128,12,0.0,38.239,-55.677
2026,2026casnd,Week 3,3965,12,0.0,22.815,-52.09
2026,2026casnd,Week 3,6515,12,0.0,21.401,-36.095
2026,2026casnd,Week 3,4160,12,-0.0,44.366,-107.558
2026,2026casnd,Week 3,6695,12,0.0,30.665,-74.1
2026,2026casnd,Week 3,2839,12,0.0,28.015,-65.911
2026,2026casnd,Week 3,5474,12,0.0,31.336,-36.095
2026,2026casnd,Week 3,10625,12,0.0,30.892,-43.07
2026,2026casnd,Week 3,4419,12,-0.0,30.764,-51.65
2026,2026casnd,Week 3,2984,12,-0.0,31.963,-52.09
2026,2026casnd,Week 3,812,12,0.0,25.101,-41.712
2026,2026casnd,Week 3,4984,12,0.0,17.244,-30.683
2026,2026casnd,Week 3,9452,12,0.0,35.449,-78.431
2026,2026casnd,Week 3,8870,12,0.0,28.286,-51.65
2026,2026casnd,Week 3,3341,12,0.0,33.979,-55.677
2026,2026casnd,Week 3,3704,12,0.0,30.199,-82.354
2026,2026casnd,Week 3,9615,12,-0.0,36.394,-82.354
2026,2026casnd,Week 3,2485,12,-0.0,37.725,-82.354
2026,2026casnd,Week 3,1972,12,-0.0,25.186,-59.256
2026,2026casnd,Week 3,2543,12,0.0,24.476,-43.683
2026,2026casnd,Week 3,9730,12,0.0,30.803,-38.216
2026,2026casnd,Week 3,2658,12,0.0,30.012,-53.564
2026,2026casnd,Week 3,6885,12,-0.0,35.664,-74.1
2026,2026casnd,Week 3,9573,12,0.0,29.543,-78.431
2026,2026casnd,Week 3,6995,12,0.0,40.331,-65.911
2026,2026wasam,Week 3,1983,12,0.0,48.979,-65.511
2026,2026wasam,Week 3,9442,12,0.0,40.732,-90.978
2026,2026wasam,Week 3,2903,12,-0.0,54.796,-88.047
2026,2026wasam,Week 3,949,12,0.0,38.613,-91.794
2026,2026wasam,Week 3,1294,12,0.0,49.657,-105.042
2026,2026wasam,Week 3,9317,12,0.0,42.493,-58.744
2026,2026wasam,Week 3,1318,12,0.0,38.122,-67.147
2026,2026wasam,Week 3,3826,12,0.0,62.071,-182.204
2026,2026wasam,Week 3,7461,12,0.0,45.971,-88.047
2026,2026wasam,Week 3,1899,12,0.0,41.926,-69.194
2026,2026wasam,Week 3,6350,12,0.0,49.611,-81.094
2026,2026wasam,Week 3,2522,12,0.0,64.346,-105.042
2026,2026wasam,Week 3,948,12,0.0,72.544,-182.204
2026,2026wasam,Week 3,5937,12,0.0,52.682,-86.143
2026,2026wasam,Week 3,3268,12,0.0,46.966,-102.583
2026,2026wasam,Week 3,4180,12,0.0,38.39,-61.339
2026,2026wasam,Week 3,2976,12,0.0,43.557,-58.744
2026,2026wasam,Week 3,3681,12,0.0,56.954,-91.794
2026,2026wasam,Week 3,8248,12,0.0,51.153,-103.578
2026,2026wasam,Week 3,2046,12,0.0,58.071,-90.978
2026,2026wasam,Week 3,2412,12,0.0,59.982,-102.583
2026,2026wasam,Week 3,492,12,0.0,26.322,-43.689
2026,2026wasam,Week 3,8032,12,-0.0,46.233,-69.194
2026,2026wasam,Week 3,5588,12,0.0,50.9,-88.047
2026,2026wasam,Week 3,9036,12,0.0,57.914,-102.583
2026,2026wasam,Week 3,2928,12,0.0,47.265,-103.578
2026,2026wasam,Week 3,4911,12,0.0,58.085,-105.042
2026,2026wasam,Week 3,4469,12,0.0,78.223,-182.204
2026,2026wasam,Week 3,488,12,0.0,41.907,-58.744
2026,2026tuhc,Week 4,9247,7,-0.0,27.446,-48.099
2026,2026tuhc,Week 4,8595,7,0.0,25.123,-48.099
2026,2026tuhc,Week 4,10383,7,0.0,26.747,-48.099
2026,2026tuhc,Week 4,9089,7,0.0,24.393,-21.443
2026,2026tuhc,Week 4,11010,7,0.0,20.803,-22.44
2026,2026tuhc,Week 4,11392,7,0.0,27.329,-52.481
2026,2026tuhc,Week 4,10203,7,0.0,22.132,-24.794
2026,2026tuhc,Week 4,10521,8,0.0,31.072,-29.659
2026,2026tuhc,Week 4,10243,7,0.0,20.022,-23.286
2026,2026tuhc,Week 4,8151,7,0.0,7.981,-13.752
2026,2026tuhc,Week 4,6985,7,0.0,40.598,-57.268
2026,2026tuhc,Week 4,10689,7,0.0,33.819,-66.603
2026,2026tuhc,Week 4,11335,7,0.0,25.114,-29.659
2026,2026tuhc,Week 4,8859,8,0.0,27.928,-52.895
2026,2026tuhc,Week 4,8759,7,0.0,20.261,-26.365
2026,2026tuhc,Week 4,7444,7,-0.0,44.659,-89.977
2026,2026tuhc,Week 4,9232,7,0.0,35.364,-40.19
2026,2026tuhc,Week 4,7050,7,0.0,24.832,-52.481
2026,2026tuhc,Week 4,9020,7,0.0,24.017,-23.643
2026,2026tuhc,Week 4,8182,8,0.0,23.165,-23.643
2026,2026tuhc,Week 4,11216,7,-0.0,31.498,-39.312
2026,2026tuhc,Week 4,10549,7,0.0,27.416,-40.19
2026,2026tuhc,Week 4,6228,7,0.0,8.772,-11.935
2026,2026tuhc,Week 4,9025,7,0.0,33.84,-39.763
2026,2026tuhc,Week 4,11453,7,0.0,27.106,-30.602
2026,2026tuhc,Week 4,8806,7,0.0,26.335,-30.602
2026,2026tuhc,Week 4,11371,7,0.0,30.395,-48.225
2026,2026tuhc,Week 4,11388,7,0.0,44.846,-89.977
2026,2026tuhc,Week 4,9591,7,0.0,33.804,-66.603
2026,2026tuhc,Week 4,10236,8,-0.0,35.835,-52.895
2026,2026tuhc,Week 4,10598,7,0.0,25.073,-39.763
2026,2026tuhc,Week 4,10445,7,0.0,15.042,-13.752
2026,2026tuhc,Week 4,6429,7,0.0,48.408,-57.268
2026,2026tuhc,Week 4,11442,7,0.0,13.418,-19.973
2026,2026tuhc,Week 4,9555,7,-0.0,15.558,-19.973
2026,2026tuhc,Week 4,7840,8,-0.0,39.173,-52.895
2026,2026tuhc,Week 4,2905,7,0.0,48.15,-89.977
2026,2026tuhc,Week 4,10202,7,-0.0,20.253,-24.794
2026,2026tuhc,Week 4,8308,7,-0.0,32.552,-57.268
2026,2026tuhc,Week 4,6014,7,0.0,37.002,-66.603
2026,2026tuhc,Week 4,10251,7,-0.0,11.406,-20.933
2026,2026tuhc,Week 4,9231,7,0.0,26.516,-48.225
2026,2026tuhc,Week 4,9497,7,0.0,18.851,-26.384
2026,2026iacf,Week 4,648,8,-0.0,50.903,-94.001
2026,2026iacf,Week 4,8766,8,-0.0,28.949,-44.535
2026,2026iacf,Week 4,3723,8,-0.0,32.642,-33.955
2026,2026iacf,Week 4,8770,8,-0.0,44.007,-50.876
2026,2026iacf,Week 4,5837,8,-0.0,24.498,-42.08
2026,2026iacf,Week 4,6420,9,-0.0,43.736,-85.84
2026,2026iacf,Week 4,7531,8,0.0,32.246,-42.711
2026,2026iacf,Week 4,11219,8,-0.0,54.479,-95.956
2026,2026iacf,Week 4,5041,8,0.0,41.86,-58.471
2026,2026iacf,Week 4,3055,8,-0.0,40.138,-60.144
2026,2026iacf,Week 4,6419,8,0.0,65.649,-123.479
2026,2026iacf,Week 4,11241,8,0.0,31.236,-35.139
2026,2026iacf,Week 4,967,8,-0.0,57.674,-94.001
2026,2026iacf,Week 4,9543,8,0.0,37.909,-58.471
2026,2026iacf,Week 4,2847,8,0.0,42.905,-69.918
2026,2026iacf,Week 4,5557,8,-0.0,31.297,-54.007
2026,2026iacf,Week 4,4260,8,-0.0,27.201,-35.382
2026,2026iacf,Week 4,5442,8,-0.0,52.055,-85.84
2026,2026iacf,Week 4,11312,8,-0.0,28.332,-38.19
2026,2026iacf,Week 4,5809,8,-0.0,49.652,-95.956
2026,2026iacf,Week 4,1108,9,-0.0,19.855,-23.278
2026,2026iacf,Week 4,9092,8,0.0,33.19,-44.535
2026,2026iacf,Week 4,3298,8,-0.0,37.317,-50.876
2026,2026iacf,Week 4,6805,8,-0.0,44.489,-42.381
2026,2026iacf,Week 4,6455,8,-0.0,41.66,-56.256
2026,2026iacf,Week 4,3928,8,-0.0,52.627,-94.001
2026,2026iacf,Week 4,7257,8,0.0,54.093,-123.555
2026,2026iacf,Week 4,2654,8,-0.0,39.943,-53.9
2026,2026iacf,Week 4,8822,8,0.0,42.263,-69.918
2026,2026iacf,Week 4,7848,8,-0.0,33.549,-54.007
2026,2026iacf,Week 4,3267,8,-0.0,17.44,-30.0
2026,2026iacf,Week 4,8737,8,-0.0,29.967,-58.471
2026,2026iacf,Week 4,525,8,-0.0,38.985,-56.256
2026,2026iacf,Week 4,167,8,-0.0,45.232,-89.763
2026,2026iacf,Week 4,4728,8,-0.0,45.155,-89.763
2026,2026iacf,Week 4,6147,8,-0.0,43.248,-89.763
2026,2026iacf,Week 4,5935,8,-0.0,30.022,-57.508
2026,2026iacf,Week 4,7038,8,-0.0,34.014,-54.007
2026,2026iacf,Week 4,9579,8,-0.0,35.956,-60.144
2026,2026iacf,Week 4,10439,8,-0.0,19.624,-39.295
2026,2026iacf,Week 4,1997,8,-0.0,41.372,-44.535
2026,2026iacf,Week 4,5141,8,0.0,38.297,-60.144
2026,2026iacf,Week 4,5914,8,-0.0,45.525,-95.956
2026,2026iacf,Week 4,11210,8,-0.0,34.562,-57.508
2026,2026iacf,Week 4,8821,8,-0.0,27.774,-58.817
2026,2026iacf,Week 4,59,8,0.0,58.454,-123.555
2026,2026iacf,Week 4,4646,8,0.0,55.491,-123.479
2026,2026iacf,Week 4,5576,8,-0.0,29.26,-47.154
2026,2026iacf,Week 4,9570,8,-0.0,29.086,-29.71
2026,2026iacf,Week 4,2227,8,-0.0,57.04,-123.555
2026,2026iacf,Week 4,5275,8,0.0,43.125,-58.817
2026,2026iacf,Week 4,10476,8,0.0,45.176,-69.918
2026,2026iacf,Week 4,9061,8,-0.0,57.61,-123.479
2026,2026ilch,Week 4,2151,10,0.0,46.782,-83.958
2026,2026ilch,Week 4,6651,10,0.0,27.76,-44.505
2026,2026ilch,Week 4,7201,10,0.0,46.115,-101.746
2026,2026ilch,Week 4,8029,10,0.0,36.366,-84.844
2026,2026ilch,Week 4,5847,10,0.0,30.635,-47.01
2026,2026ilch,Week 4,4787,10,0.0,67.541,-128.833
2026,2026ilch,Week 4,3472,10,0.0,37.344,-64.312
2026,2026ilch,Week 4,3067,10,0.0,42.783,-64.312
2026,2026ilch,Week 4,5822,10,0.0,61.295,-112.93
2026,2026ilch,Week 4,4863,11,0.0,23.604,-40.009
2026,2026ilch,Week 4,8880,10,0.0,36.812,-55.092
2026,2026ilch,Week 4,8096,10,0.0,48.297,-128.833
2026,2026ilch,Week 4,4645,10,0.0,25.132,-24.258
2026,2026ilch,Week 4,5934,11,0.0,60.875,-112.93
2026,2026ilch,Week 4,2290,11,0.0,43.904,-83.958
2026,2026ilch,Week 4,112,10,0.0,39.804,-55.092
2026,2026ilch,Week 4,4296,10,0.0,39.361,-41.631
2026,2026ilch,Week 4,111,10,0.0,35.93,-42.777
2026,2026ilch,Week 4,2704,10,0.0,45.504,-88.762
2026,2026ilch,Week 4,7417,10,0.0,34.762,-88.762
2026,2026ilch,Week 4,3061,10,0.0,59.94,-88.762
2026,2026ilch,Week 4,2338,10,0.0,58.815,-84.844
2026,2026ilch,Week 4,48,10,0.0,45.858,-101.746
2026,2026ilch,Week 4,8020,10,0.0,50.62,-128.833
2026,2026ilch,Week 4,2022,10,0.0,47.438,-112.93
2026,2026ilch,Week 4,9669,10,0.0,28.808,-44.102
2026,2026ilch,Week 4,2358,10,0.0,27.479,-44.102
2026,2026ilch,Week 4,1781,10,0.0,35.017,-57.983
2026,2026ilch,Week 4,4702,10,0.0,28.412,-57.983
2026,2026ilch,Week 4,8122,10,0.0,45.874,-83.958
2026,2026ilch,Week 4,10435,10,0.0,45.869,-101.746
2026,2026ilch,Week 4,1739,10,0.0,41.344,-84.844
2026,2026ilch,Week 4,9280,11,0.0,28.379,-42.777
2026,2026ilch,Week 4,3734,10,0.0,30.323,-47.949
2026,2026ilch,Week 4,11173,10,0.0,23.09,-19.901
2026,2026mnmi,Week 4,2480,9,0.0,24.023,-37.116
2026,2026mnmi,Week 4,3745,9,0.0,29.503,-56.155
2026,2026mnmi,Week 4,5690,10,-0.0,27.938,-42.281
2026,2026mnmi,Week 4,2470,9,0.0,17.126,-40.977
2026,2026mnmi,Week 4,4009,9,-0.0,52.803,-129.65
2026,2026mnmi,Week 4,4229,9,-0.0,18.032,-29.043
2026,2026mnmi,Week 4,4215,9,0.0,47.742,-129.65
2026,2026mnmi,Week 4,4230,9,0.0,38.578,-81.165
2026,2026mnmi,Week 4,3407,9,0.0,26.348,-29.043
2026,2026mnmi,Week 4,7019,9,0.0,27.778,-56.155
2026,2026mnmi,Week 4,2491,9,-0.0,37.438,-50.713
2026,2026mnmi,Week 4,3454,9,-0.0,43.745,-39.71
2026,2026mnmi,Week 4,4539,9,-0.0,15.26,-24.843
2026,2026mnmi,Week 4,4174,9,0.0,54.474,-129.65
2026,2026mnmi,Week 4,2846,9,-0.0,30.261,-60.537
2026,2026mnmi,Week 4,2667,9,0.0,26.24,-37.677
2026,2026mnmi,Week 4,2508,9,0.0,32.404,-40.977
2026,2026mnmi,Week 4,4778,9,-0.0,18.856,-32.042
2026,2026mnmi,Week 4,7235,9,-0.0,19.297,-42.89
2026,2026mnmi,Week 4,4225,9,0.0,30.64,-65.581
2026,2026mnmi,Week 4,3926,9,-0.0,29.191,-50.713
2026,2026mnmi,Week 4,4239,9,-0.0,22.531,-30.153
2026,2026mnmi,Week 4,7068,10,0.0,21.053,-32.781
2026,2026mnmi,Week 4,2855,9,-0.0,24.437,-42.627
2026,2026mnmi,Week 4,4536,9,-0.0,31.57,-46.91
2026,2026mnmi,Week 4,2181,9,0.0,37.691,-50.079
2026,2026mnmi,Week 4,3871,9,0.0,33.659,-46.91
2026,2026mnmi,Week 4,4859,9,0.0,19.726,-37.116
2026,2026mnmi,Week 4,3880,10,0.0,20.101,-28.596
2026,2026mnmi,Week 4,7850,9,-0.0,17.217,-22.487
2026,2026mnmi,Week 4,2509,9,-0.0,31.609,-65.581
2026,2026mnmi,Week 4,2530,9,-0.0,53.424,-81.165
2026,2026mnmi,Week 4,7530,9,-0.0,30.089,-32.781
2026,2026mnmi,Week 4,5929,9,-0.0,38.346,-65.581
2026,2026mnmi,Week 4,4207,9,-0.0,27.019,-50.713
2026,2026mnmi,Week 4,2239,9,-0.0,30.74,-69.99
2026,2026mnmi,Week 4,3082,9,-0.0,50.35,-84.298
2026,2026mnmi,Week 4,2450,9,0.0,37.066,-84.298
2026,2026mnmi,Week 4,8234,9,-0.0,42.603,-84.298
2026,2026mnmi,Week 4,3297,9,0.0,32.068,-69.99
2026,2026mnmi,Week 4,4663,9,0.0,29.592,-37.677
2026,2026mnmi,Week 4,7849,9,-0.0,25.905,-42.627
2026,2026mnmi,Week 4,4664,9,0.0,17.849,-25.407
2026,2026mnmi,Week 4,2823,9,0.0,34.602,-60.537
2026,2026mnmi,Week 4,3038,9,-0.0,14.191,-25.407
2026,2026mnmi,Week 4,2177,9,0.0,27.993,-69.99
2026,2026mnmi,Week 4,2531,9,0.0,45.3,-81.165
2026,2026mnmi,Week 4,5143,9,0.0,18.793,-39.71
2026,2026mnmi,Week 4,4277,9,-0.0,25.429,-39.71
2026,2026mnmi,Week 4,5278,9,-0.0,27.452,-53.452
2026,2026mnmi,Week 4,8422,9,-0.0,23.588,-31.929
2026,2026mosl,Week 4,7496,11,0.0,21.106,-30.769
2026,2026mosl,Week 4,1785,10,0.0,20.96,-31.975
2026,2026mosl,Week 4,10317,10,-0.0,22.755,-26.197
2026,2026mosl,Week 4,9401,10,-0.0,25.566,-44.253
2026,2026mosl,Week 4,6817,10,0.0,40.162,-76.433
2026,2026mosl,Week 4,7452,10,-0.0,18.909,-37.972
2026,2026mosl,Week 4,2408,10,-0.0,17.893,-24.976
2026,2026mosl,Week 4,3200,11,0.0,48.827,-71.339
2026,2026mosl,Week 4,5002,10,0.0,41.037,-79.417
2026,2026mosl,Week 4,8719,10,0.0,36.931,-71.339
2026,2026mosl,Week 4,4330,10,0.0,24.28,-37.972
2026,2026mosl,Week 4,4931,10,0.0,17.681,-29.269
2026,2026mosl,Week 4,5583,10,0.0,27.594,-35.35
2026,2026mosl,Week 4,4329,10,-0.0,12.829,-24.976
2026,2026mosl,Week 4,1178,10,0.0,33.434,-44.838
2026,2026mosl,Week 4,4314,10,0.0,27.072,-44.838
2026,2026mosl,Week 4,9428,10,0.0,16.437,-20.659
2026,2026mosl,Week 4,1329,10,0.0,16.804,-30.54
2026,2026mosl,Week 4,2978,10,-0.0,27.702,-63.075
2026,2026mosl,Week 4,4256,10,-0.0,37.127,-63.075
2026,2026mosl,Week 4,11195,10,0.0,54.444,-63.075
2026,2026mosl,Week 4,9031,10,0.0,26.574,-40.263
2026,2026mosl,Week 4,3792,10,0.0,20.894,-31.975
2026,2026mosl,Week 4,8069,10,0.0,19.652,-37.728
2026,2026mosl,Week 4,7117,10,-0.0,26.259,-40.263
2026,2026mosl,Week 4,1706,10,0.0,46.002,-79.417
2026,2026mosl,Week 4,4500,10,0.0,28.696,-76.433
2026,2026mosl,Week 4,5823,10,0.0,51.97,-100.188
2026,2026mosl,Week 4,6391,10,0.0,39.286,-100.188
2026,2026mosl,Week 4,931,10,0.0,40.588,-100.188
2026,2026mosl,Week 4,5176,10,0.0,49.652,-87.986
2026,2026mosl,Week 4,7472,11,0.0,32.531,-87.986
2026,2026mosl,Week 4,3931,10,-0.0,59.782,-87.986
2026,2026mosl,Week 4,1208,10,0.0,32.289,-28.114
2026,2026mosl,Week 4,1982,10,-0.0,16.781,-18.629
2026,2026mosl,Week 4,3397,10,0.0,18.755,-18.89
2026,2026mosl,Week 4,8077,10,-0.0,10.699,-18.402
2026,2026mosl,Week 4,6744,10,-0.0,26.907,-37.728
2026,2026mosl,Week 4,1288,10,-0.0,23.244,-25.612
2026,2026mosl,Week 4,10322,10,0.0,16.563,-35.731
2026,2026mosl,Week 4,5060,11,0.0,28.613,-40.263
2026,2026mxto,Week 4,4735,10,-0.0,13.449,-30.681
2026,2026mxto,Week 4,4603,10,0.0,32.177,-51.953
2026,2026mxto,Week 4,4977,10,-0.0,13.664,-23.573
2026,2026mxto,Week 4,6199,10,-0.0,25.469,-32.762
2026,2026mxto,Week 4,9593,10,-0.0,30.977,-57.601
2026,2026mxto,Week 4,6647,10,-0.0,25.845,-31.012
2026,2026mxto,Week 4,8291,10,-0.0,16.891,-35.221
2026,2026mxto,Week 4,11304,10,-0.0,19.708,-28.253
2026,2026mxto,Week 4,7687,10,-0.0,32.779,-57.871
2026,2026mxto,Week 4,2283,11,-0.0,22.24,-57.601
2026,2026mxto,Week 4,4400,11,-0.0,37.764,-78.018
2026,2026mxto,Week 4,5705,10,-0.0,45.877,-56.011
2026,2026mxto,Week 4,11380,10,-0.0,22.109,-39.342
2026,2026mxto,Week 4,9301,10,-0.0,39.425,-57.871
2026,2026mxto,Week 4,8266,10,0.0,32.886,-78.018
2026,2026mxto,Week 4,10562,10,-0.0,36.055,-45.518
2026,2026mxto,Week 4,5312,10,-0.0,22.054,-45.518
2026,2026mxto,Week 4,5526,10,-0.0,33.407,-45.518
2026,2026mxto,Week 4,6483,10,-0.0,32.966,-37.709
2026,2026mxto,Week 4,11040,10,-0.0,20.667,-37.709
2026,2026mxto,Week 4,4731,10,-0.0,23.575,-37.709
2026,2026mxto,Week 4,9120,10,-0.0,24.084,-35.221
2026,2026mxto,Week 4,7725,10,-0.0,58.083,-85.1
2026,2026mxto,Week 4,5716,10,-0.0,26.378,-51.953
2026,2026mxto,Week 4,7018,10,-0.0,14.338,-27.918
2026,2026mxto,Week 4,8105,10,-0.0,15.807,-19.87
2026,2026mxto,Week 4,8290,10,-0.0,37.207,-56.011
2026,2026mxto,Week 4,5874,10,-0.0,14.417,-27.762
2026,2026mxto,Week 4,9513,10,-0.0,30.74,-78.018
2026,2026mxto,Week 4,4401,10,-0.0,14.031,-18.323
2026,2026mxto,Week 4,11351,10,-0.0,30.939,-85.1
2026,2026mxto,Week 4,7577,10,-0.0,22.832,-35.195
2026,2026mxto,Week 4,3527,10,-0.0,27.622,-31.012
2026,2026mxto,Week 4,4355,10,-0.0,34.039,-85.1
2026,2026mxto,Week 4,3158,10,-0.0,27.047,-40.675
2026,2026mxto,Week 4,7037,10,-0.0,28.574,-57.601
2026,2026mxto,Week 4,5948,10,-0.0,44.505,-88.39
2026,2026mxto,Week 4,4403,10,-0.0,54.795,-88.39
2026,2026mxto,Week 4,6896,10,-0.0,41.806,-88.39
2026,2026mxto,Week 4,8293,10,-0.0,27.866,-60.982
2026,2026mxto,Week 4,11031,10,-0.0,27.83,-60.982
2026,2026mxto,Week 4,9134,10,-0.0,25.603,-60.982
2026,2026mxto,Week 4,6608,10,-0.0,16.58,-30.446
2026,2026mxto,Week 4,3526,10,-0.0,16.497,-27.918
2026,2026mxto,Week 4,9499,10,-0.0,21.529,-47.459
2026,2026mxto,Week 4,7653,10,-0.0,28.567,-40.886
2026,2026gaalb,Week 4,8736,12,0.0,36.352,-43.938
2026,2026gaalb,Week 4,10338,12,0.0,50.155,-80.404
2026,2026gaalb,Week 4,5828,12,0.0,62.281,-166.555
2026,2026gaalb,Week 4,1771,12,0.0,59.285,-87.891
2026,2026gaalb,Week 4,6905,12,0.0,43.156,-54.312
2026,2026gaalb,Week 4,6910,12,0.0,31.673,-40.695
2026,2026gaalb,Week 4,4240,12,0.0,40.895,-49.28
2026,2026gaalb,Week 4,8866,12,0.0,44.14,-55.616
2026,2026gaalb,Week 4,6925,12,0.0,32.603,-43.938
2026,2026gaalb,Week 4,8080,12,0.0,28.507,-76.617
2026,2026gaalb,Week 4,4701,12,0.0,44.425,-87.891
2026,2026gaalb,Week 4,4188,12,0.0,37.598,-55.552
2026,2026gaalb,Week 4,8100,12,0.0,37.37,-55.616
2026,2026gaalb,Week 4,3635,12,0.0,45.789,-56.071
2026,2026gaalb,Week 4,5074,12,0.0,32.722,-43.221
2026,2026gaalb,Week 4,6919,12,0.0,57.747,-80.404
2026,2026gaalb,Week 4,1261,12,0.0,41.093,-46.815
2026,2026gaalb,Week 4,1002,12,0.0,60.539,-166.555
2026,2026gaalb,Week 4,7104,12,0.0,34.179,-46.19
2026,2026gaalb,Week 4,7538,12,0.0,27.94,-67.413
2026,2026gaalb,Week 4,11214,12,0.0,26.716,-42.208
2026,2026gaalb,Week 4,7514,12,0.0,32.118,-55.616
2026,2026gaalb,Week 4,9477,12,0.0,57.735,-166.555
2026,2026gaalb,Week 4,3091,12,0.0,44.927,-67.413
2026,2026gaalb,Week 4,6023,12,0.0,42.285,-56.071
2026,2026gaalb,Week 4,1648,12,0.0,50.612,-80.404
2026,2026gaalb,Week 4,5109,12,0.0,36.249,-54.312
2026,2026gaalb,Week 4,4730,12,0.0,45.62,-87.891
2026,2026inlaf,Week 4,4485,12,0.0,42.23,-79.859
2026,2026inlaf,Week 4,10332,12,0.0,39.23,-54.009
2026,2026inlaf,Week 4,4580,12,0.0,39.18,-60.401
2026,2026inlaf,Week 4,7477,12,0.0,32.527,-63.108
2026,2026inlaf,Week 4,829,12,0.0,39.806,-82.513
2026,2026inlaf,Week 4,328,12,0.0,29.579,-43.101
2026,2026inlaf,Week 4,1646,12,0.0,40.35,-60.401
2026,2026inlaf,Week 4,6956,12,0.0,29.986,-60.167
2026,2026inlaf,Week 4,1741,12,0.0,40.745,-79.859
2026,2026inlaf,Week 4,2867,12,0.0,48.927,-70.598
2026,2026inlaf,Week 4,3176,12,0.0,36.057,-79.536
2026,2026inlaf,Week 4,7617,12,0.0,43.508,-79.859
2026,2026inlaf,Week 4,461,12,0.0,51.583,-102.578
2026,2026inlaf,Week 4,1018,12,0.0,44.289,-101.419
2026,2026inlaf,Week 4,2171,12,0.0,41.23,-79.536
2026,2026inlaf,Week 4,1501,12,0.0,52.974,-82.513
2026,2026inlaf,Week 4,1555,12,0.0,44.397,-73.122
2026,2026inlaf,Week 4,71,12,0.0,17.635,-46.004
2026,2026inlaf,Week 4,3487,12,0.0,47.736,-75.378
2026,2026inlaf,Week 4,3494,12,0.0,29.443,-60.167
2026,2026inlaf,Week 4,4982,12,0.0,32.943,-54.009
2026,2026inlaf,Week 4,7695,12,0.0,48.505,-60.167
2026,2026inlaf,Week 4,5402,12,0.0,38.27,-56.273
2026,2026inlaf,Week 4,7198,12,0.0,30.466,-53.802
2026,2026inlaf,Week 4,10172,12,0.0,29.439,-42.589
2026,2026inlaf,Week 4,292,12,0.0,33.571,-54.696
2026,2026inlaf,Week 4,4272,12,0.0,45.035,-82.513
2026,2026inlaf,Week 4,3865,12,0.0,36.309,-56.665
2026,2026inlaf,Week 4,7457,12,0.0,39.05,-75.378
2026,2026inlaf,Week 4,234,12,0.0,35.711,-43.101
2026,2026inlaf,Week 4,9530,12,0.0,41.24,-102.578
2026,2026inlaf,Week 4,8742,12,0.0,33.811,-60.401
2026,2026inlaf,Week 4,135,12,0.0,38.171,-73.122
2026,2026inlaf,Week 4,10021,12,0.0,46.848,-101.419
2026,2026inlaf,Week 4,6721,12,0.0,62.659,-102.578
2026,2026milsu,Week 4,9548,12,-0.0,26.299,-46.833
2026,2026milsu,Week 4,7814,12,-0.0,26.033,-63.505
2026,2026milsu,Week 4,9682,12,-0.0,25.289,-52.188
2026,2026milsu,Week 4,3536,12,-0.0,30.731,-48.452
2026,2026milsu,Week 4,9249,12,-0.0,24.326,-25.24
2026,2026milsu,Week 4,8517,12,-0.0,31.693,-46.6
2026,2026milsu,Week 4,3452,12,-0.0,22.038,-53.042
2026,2026milsu,Week 4,10595,12,-0.0,24.285,-53.042
2026,2026milsu,Week 4,4377,12,-0.0,35.889,-53.042
2026,2026milsu,Week 4,5314,12,-0.0,39.106,-88.071
2026,2026milsu,Week 4,4398,12,-0.0,47.49,-88.071
2026,2026milsu,Week 4,6077,12,-0.0,45.619,-88.071
2026,2026milsu,Week 4,5486,12,-0.0,27.468,-59.108
2026,2026milsu,Week 4,4392,12,-0.0,44.295,-59.108
2026,2026milsu,Week 4,5424,12,-0.0,29.238,-59.108
2026,2026milsu,Week 4,6637,12,-0.0,33.926,-53.277
2026,2026milsu,Week 4,6088,12,-0.0,18.944,-38.075
2026,2026milsu,Week 4,6121,12,-0.0,22.24,-36.457
2026,2026milsu,Week 4,6113,12,-0.0,25.775,-39.254
2026,2026milsu,Week 4,10622,12,-0.0,32.19,-53.277
2026,2026milsu,Week 4,9674,12,-0.0,24.802,-46.833
2026,2026milsu,Week 4,7768,12,-0.0,37.847,-70.749
2026,2026milsu,Week 4,6112,12,-0.0,18.896,-38.075
2026,2026milsu,Week 4,5216,12,-0.0,14.858,-27.172
2026,2026milsu,Week 4,4375,12,-0.0,25.441,-46.6
2026,2026milsu,Week 4,5213,12,-0.0,16.853,-25.527
2026,2026milsu,Week 4,1596,12,-0.0,28.22,-56.823
2026,2026milsu,Week 4,10666,12,-0.0,26.914,-63.253
2026,2026milsu,Week 4,6558,12,-0.0,37.624,-63.253
2026,2026milsu,Week 4,4779,12,-0.0,57.218,-70.749
2026,2026milsu,Week 4,5547,12,-0.0,28.049,-44.312
2026,2026milsu,Week 4,7713,12,-0.0,29.557,-56.823
2026,2026milsu,Week 4,5878,12,-0.0,34.237,-63.505
2026,2026milsu,Week 4,10589,12,-0.0,34.28,-70.749
2026,2026milsu,Week 4,10605,12,-0.0,34.882,-48.452
2026,2026milsu,Week 4,9733,12,-0.0,28.28,-49.029
2026,2026milsu,Week 4,9722,12,-0.0,45.59,-63.505
2026,2026milsu,Week 4,857,12,-0.0,24.87,-34.819
2026,2026milsu,Week 4,4967,12,-0.0,24.166,-52.152
2026,2026milsu,Week 4,5706,12,-0.0,18.478,-34.819
2026,2026milsu,Week 4,6098,12,-0.0,32.26,-56.823
2026,2026miwmi,Week 4,6428,12,0.0,29.41,-69.66
2026,2026miwmi,Week 4,141,12,-0.0,30.152,-46.967
2026,2026miwmi,Week 4,5256,12,0.0,30.819,-58.756
2026,2026miwmi,Week 4,3357,12,-0.0,24.161,-46.568
2026,2026miwmi,Week 4,6753,12,0.0,37.788,-82.152
2026,2026miwmi,Week 4,9721,12,0.0,23.511,-46.568
2026,2026miwmi,Week 4,3572,12,-0.0,47.124,-89.46
2026,2026miwmi,Week 4,7195,12,0.0,44.965,-90.802
2026,2026miwmi,Week 4,5623,12,0.0,32.741,-44.042
2026,2026miwmi,Week 4,288,12,-0.0,28.968,-69.66
2026,2026miwmi,Week 4,9542,12,-0.0,29.918,-78.332
2026,2026miwmi,Week 4,5927,12,0.0,27.235,-44.73
2026,2026miwmi,Week 4,3458,12,-0.0,37.918,-66.947
2026,2026miwmi,Week 4,6877,12,-0.0,30.026,-47.44
2026,2026miwmi,Week 4,11522,12,-0.0,42.408,-49.03
2026,2026miwmi,Week 4,5610,12,-0.0,26.946,-57.193
2026,2026miwmi,Week 4,85,12,-0.0,44.232,-95.897
2026,2026miwmi,Week 4,4680,12,0.0,24.133,-57.193
2026,2026miwmi,Week 4,107,12,-0.0,23.327,-43.438
2026,2026miwmi,Week 4,6094,12,-0.0,24.661,-47.243
2026,2026miwmi,Week 4,7210,12,-0.0,31.957,-89.46
2026,2026miwmi,Week 4,74,12,0.0,26.054,-66.947
2026,2026miwmi,Week 4,4003,12,-0.0,45.811,-90.802
2026,2026miwmi,Week 4,7248,12,-0.0,26.411,-44.336
2026,2026miwmi,Week 4,244,12,0.0,32.716,-47.243
2026,2026miwmi,Week 4,3539,12,-0.0,52.802,-89.46
2026,2026miwmi,Week 4,6090,12,0.0,38.05,-69.66
2026,2026miwmi,Week 4,9206,12,-0.0,28.555,-44.042
2026,2026miwmi,Week 4,7054,12,0.0,30.191,-58.756
2026,2026miwmi,Week 4,1918,12,-0.0,49.239,-95.897
2026,2026miwmi,Week 4,9754,12,0.0,31.933,-82.152
2026,2026miwmi,Week 4,6114,12,0.0,26.721,-40.417
2026,2026miwmi,Week 4,5470,12,-0.0,21.228,-26.792
2026,2026miwmi,Week 4,6128,12,-0.0,37.012,-84.343
2026,2026miwmi,Week 4,9671,12,-0.0,20.204,-46.967
2026,2026miwmi,Week 4,2619,12,0.0,50.149,-78.332
2026,2026miwmi,Week 4,8397,12,0.0,36.744,-95.897
2026,2026miwmi,Week 4,3425,12,-0.0,34.579,-44.336
2026,2026miwmi,Week 4,11491,12,0.0,33.626,-76.064
2026,2026miwmi,Week 4,2054,12,-0.0,48.484,-90.802
2026,2026onwat,Week 4,8089,12,0.0,38.028,-75.085
2026,2026onwat,Week 4,4940,12,0.0,62.604,-97.176
2026,2026onwat,Week 4,5912,12,0.0,34.03,-69.915
2026,2026onwat,Week 4,6975,12,0.0,51.839,-97.176
2026,2026onwat,Week 4,3683,12,0.0,67.712,-124.037
2026,2026onwat,Week 4,11227,12,0.0,56.922,-138.824
2026,2026onwat,Week 4,9263,12,0.0,76.223,-209.523
2026,2026onwat,Week 4,610,12,0.0,85.345,-209.523
2026,2026onwat,Week 4,2609,12,0.0,88.31,-209.523
2026,2026onwat,Week 4,772,12,0.0,60.724,-127.286
2026,2026onwat,Week 4,5409,12,0.0,70.14,-138.824
2026,2026onwat,Week 4,4976,12,0.0,43.241,-57.438
2026,2026onwat,Week 4,2702,12,0.0,64.488,-118.937
2026,2026onwat,Week 4,2200,12,0.0,77.189,-110.983
2026,2026onwat,Week 4,10514,12,0.0,48.026,-102.023
2026,2026onwat,Week 4,4917,12,0.0,43.767,-75.085
2026,2026onwat,Week 4,6875,12,0.0,51.153,-127.286
2026,2026onwat,Week 4,6725,12,0.0,56.464,-138.824
2026,2026onwat,Week 4,6854,12,0.0,73.758,-124.037
2026,2026onwat,Week 4,4946,12,0.0,60.212,-118.937
2026,2026onwat,Week 4,4308,12,0.0,68.473,-110.983
2026,2026onwat,Week 4,5870,12,0.0,24.301,-31.049
2026,2026onwat,Week 4,5408,12,0.0,28.265,-31.637
2026,2026onwat,Week 4,3756,12,0.0,24.805,-29.893
2026,2026onwat,Week 4,7058,12,0.0,55.593,-110.983
2026,2026onwat,Week 4,4617,12,0.0,61.305,-124.037
2026,2026onwat,Week 4,2386,12,0.0,32.34,-59.417
2026,2026onwat,Week 4,9098,12,0.0,33.299,-53.888
2026,2026onwat,Week 4,1334,12,0.0,40.044,-64.025
2026,2026onwat,Week 4,4678,12,0.0,60.449,-97.176
2026,2026onwat,Week 4,8764,12,0.0,42.615,-75.268
2026,2026schar,Week 4,11167,12,-0.0,14.594,-18.968
2026,2026schar,Week 4,10591,12,-0.0,21.749,-37.333
2026,2026schar,Week 4,3490,12,-0.0,35.762,-62.084
2026,2026schar,Week 4,11368,12,-0.0,28.711,-35.508
2026,2026schar,Week 4,11424,12,-0.0,19.759,-30.861
2026,2026schar,Week 4,11254,12,-0.0,29.45,-57.592
2026,2026schar,Week 4,10599,12,-0.0,34.696,-58.487
2026,2026schar,Week 4,10361,12,-0.0,25.645,-40.472
2026,2026schar,Week 4,1102,12,-0.0,24.513,-40.472
2026,2026schar,Week 4,342,12,-0.0,29.573,-38.076
2026,2026schar,Week 4,8137,12,-0.0,24.673,-38.076
2026,2026schar,Week 4,9315,12,-0.0,20.362,-38.076
2026,2026schar,Week 4,1319,12,-0.0,16.152,-29.098
2026,2026schar,Week 4,6366,12,-0.0,34.265,-62.084
2026,2026schar,Week 4,1287,12,-0.0,16.923,-18.876
2026,2026schar,Week 4,11398,12,-0.0,19.685,-29.65
2026,2026schar,Week 4,343,12,-0.0,16.634,-20.71
2026,2026schar,Week 4,1758,12,-0.0,21.443,-30.47
2026,2026schar,Week 4,281,12,-0.0,31.991,-58.487
2026,2026schar,Week 4,2815,12,-0.0,22.51,-49.998
2026,2026schar,Week 4,11475,12,-0.0,26.53,-33.234
2026,2026schar,Week 4,3489,12,-0.0,26.753,-51.884
2026,2026schar,Week 4,7085,12,-0.0,28.05,-62.084
2026,2026schar,Week 4,6961,12,-0.0,20.214,-35.383
2026,2026schar,Week 4,4533,12,-0.0,23.011,-35.508
2026,2026schar,Week 4,1051,12,-0.0,24.831,-49.998
2026,2026schar,Week 4,10231,12,-0.0,23.998,-58.487
2026,2026schar,Week 4,10367,12,-0.0,23.14,-51.884
2026,2026schar,Week 4,8575,12,-0.0,35.382,-57.592
2026,2026schar,Week 4,6167,12,-0.0,24.485,-35.922
2026,2026schar,Week 4,11308,12,-0.0,16.337,-32.842
2026,2026idbo,Week 4,2130,12,-0.0,21.48,-39.233
2026,2026idbo,Week 4,3006,12,-0.0,44.526,-85.51
2026,2026idbo,Week 4,8005,12,-0.0,30.466,-52.799
2026,2026idbo,Week 4,7436,12,-0.0,29.356,-33.041
2026,2026idbo,Week 4,5871,12,0.0,20.659,-33.041
2026,2026idbo,Week 4,7334,12,-0.0,33.247,-51.63
2026,2026idbo,Week 4,10903,12,-0.0,39.825,-85.51
2026,2026idbo,Week 4,8885,12,0.0,43.748,-73.722
2026,2026idbo,Week 4,1569,12,-0.0,37.608,-31.775
2026,2026idbo,Week 4,7497,12,-0.0,33.951,-54.814
2026,2026idbo,Week 4,8229,12,0.0,55.638,-129.715
2026,2026idbo,Week 4,2726,12,0.0,38.956,-113.243
2026,2026idbo,Week 4,4175,12,-0.0,38.225,-73.722
2026,2026idbo,Week 4,3729,12,-0.0,28.413,-54.814
2026,2026idbo,Week 4,8756,12,-0.0,24.357,-41.212
2026,2026idbo,Week 4,5515,12,-0.0,22.655,-40.667
2026,2026idbo,Week 4,1828,12,-0.0,46.5,-113.243
2026,2026idbo,Week 4,4183,12,-0.0,41.582,-69.492
2026,2026idbo,Week 4,9449,12,-0.0,44.916,-51.118
2026,2026idbo,Week 4,6358,12,-0.0,40.088,-85.51
2026,2026idbo,Week 4,8551,12,-0.0,30.2,-52.412
2026,2026idbo,Week 4,8550,12,0.0,36.86,-67.022
2026,2026idbo,Week 4,7895,12,-0.0,31.388,-52.242
2026,2026idbo,Week 4,9726,12,-0.0,32.833,-52.242
2026,2026idbo,Week 4,11025,12,-0.0,33.651,-64.27
2026,2026idbo,Week 4,1891,12,0.0,27.622,-54.814
2026,2026idbo,Week 4,2594,12,-0.0,52.184,-129.715
2026,2026idbo,Week 4,2122,12,-0.0,55.65,-113.243
2026,2026idbo,Week 4,9438,12,-0.0,37.769,-69.492
2026,2026idbo,Week 4,1566,12,-0.0,31.855,-53.158
2026,2026idbo,Week 4,4585,12,-0.0,17.758,-33.596
2026,2026idbo,Week 4,5461,12,-0.0,33.578,-52.412
2026,2026idbo,Week 4,3216,12,-0.0,51.804,-129.715
2026,2026idbo,Week 4,2486,12,-0.0,31.938,-61.943
2026,2026idbo,Week 4,359,12,-0.0,56.726,-69.492
2026,2026orore,Week 4,2635,12,0.0,40.996,-73.241
2026,2026orore,Week 4,2557,12,0.0,38.545,-53.204
2026,2026orore,Week 4,3669,12,0.0,54.614,-87.538
2026,2026orore,Week 4,2898,12,0.0,56.172,-151.67
2026,2026orore,Week 4,10991,12,0.0,38.947,-105.052
2026,2026orore,Week 4,8032,12,0.0,33.593,-62.111
2026,2026orore,Week 4,4915,12,0.0,58.219,-70.065
2026,2026orore,Week 4,4662,12,0.0,48.052,-105.052
2026,2026orore,Week 4,6465,12,0.0,26.801,-41.905
2026,2026orore,Week 4,9567,12,0.0,40.941,-80.203
2026,2026orore,Week 4,2521,12,0.0,44.603,-80.203
2026,2026orore,Week 4,4488,12,0.0,40.701,-80.203
2026,2026orore,Week 4,3674,12,0.0,81.295,-234.469
2026,2026orore,Week 4,1425,12,0.0,40.251,-93.067
2026,2026orore,Week 4,3636,12,0.0,30.601,-47.686
2026,2026orore,Week 4,2733,12,0.0,63.18,-151.67
2026,2026orore,Week 4,2811,12,0.0,45.708,-75.724
2026,2026orore,Week 4,2550,12,-0.0,42.481,-93.067
2026,2026orore,Week 4,5970,12,0.0,33.314,-70.065
2026,2026orore,Week 4,9430,12,0.0,40.255,-75.724
2026,2026orore,Week 4,957,12,0.0,26.15,-53.204
2026,2026orore,Week 4,1359,12,0.0,40.218,-70.065
2026,2026orore,Week 4,6831,12,0.0,37.079,-62.111
2026,2026orore,Week 4,2990,12,0.0,56.233,-93.067
2026,2026orore,Week 4,5975,12,0.0,43.973,-87.538
2026,2026orore,Week 4,749,12,0.0,31.278,-53.672
2026,2026orore,Week 4,997,12,-0.0,77.098,-234.469
2026,2026orore,Week 4,955,12,0.0,85.025,-234.469
2026,2026orore,Week 4,2471,12,0.0,52.3,-105.052
2026,2026orore,Week 4,10444,12,0.0,28.958,-52.19
2026,2026orore,Week 4,9600,12,0.0,53.19,-112.268
2026,2026orore,Week 4,1540,12,0.0,77.315,-151.67
2026,2026orore,Week 4,2915,12,0.0,46.005,-112.268
2026,2026orore,Week 4,6696,12,0.0,54.051,-73.241
2026,2026orore,Week 4,2930,12,0.0,27.145,-41.905
2026,2026cthar,Week 4,155,12,-0.0,31.197,-44.125
2026,2026cthar,Week 4,11409,12,0.0,31.74,-44.62
2026,2026cthar,Week 4,558,12,0.0,20.796,-41.4
2026,2026cthar,Week 4,181,12,0.0,40.965,-78.654
2026,2026cthar,Week 4,175,12,-0.0,23.711,-34.429
2026,2026cthar,Week 4,10133,12,0.0,30.135,-41.856
2026,2026cthar,Week 4,5856,12,0.0,37.722,-98.807
2026,2026cthar,Week 4,10266,12,0.0,26.285,-74.555
2026,2026cthar,Week 4,3182,12,-0.0,26.369,-46.373
2026,2026cthar,Week 4,8889,12,0.0,37.572,-76.274
2026,2026cthar,Week 4,1699,12,-0.0,55.433,-122.971
2026,2026cthar,Week 4,429,12,0.0,34.288,-41.4
2026,2026cthar,Week 4,3146,12,-0.0,29.534,-68.704
2026,2026cthar,Week 4,6346,12,0.0,45.521,-98.807
2026,2026cthar,Week 4,3461,12,0.0,36.922,-53.014
2026,2026cthar,Week 4,10245,12,0.0,41.133,-51.416
2026,2026cthar,Week 4,7760,12,0.0,39.179,-41.662
2026,2026cthar,Week 4,3634,12,0.0,38.668,-96.889
2026,2026cthar,Week 4,2785,12,0.0,29.846,-52.079
2026,2026cthar,Week 4,236,12,0.0,45.552,-96.889
2026,2026cthar,Week 4,5746,12,0.0,31.705,-51.416
2026,2026cthar,Week 4,2170,12,0.0,28.879,-41.067
2026,2026cthar,Week 4,11131,12,-0.0,26.236,-43.045
2026,2026cthar,Week 4,7407,12,0.0,62.122,-122.971
2026,2026cthar,Week 4,2067,12,-0.0,32.425,-53.809
2026,2026cthar,Week 4,228,12,-0.0,38.164,-78.654
2026,2026cthar,Week 4,9710,12,0.0,37.478,-43.045
2026,2026cthar,Week 4,4628,12,0.0,26.077,-47.327
2026,2026cthar,Week 4,126,12,-0.0,34.15,-74.555
2026,2026cthar,Week 4,177,12,0.0,46.123,-98.807
2026,2026cthar,Week 4,178,12,-0.0,58.221,-96.889
2026,2026cthar,Week 4,571,12,0.0,37.644,-74.555
2026,2026cthar,Week 4,1991,12,0.0,25.635,-44.125
2026,2026cthar,Week 4,3719,12,0.0,46.758,-122.971
2026,2026cthar,Week 4,11464,12,0.0,35.634,-47.327
2026,2026cthar,Week 4,9193,12,-0.0,44.797,-76.274
2026,2026cthar,Week 4,5142,12,0.0,40.053,-52.079
2026,2026mabos,Week 4,5491,12,-0.0,35.187,-58.747
2026,2026mabos,Week 4,4048,12,0.0,37.453,-68.503
2026,2026mabos,Week 4,125,12,0.0,42.343,-82.251
2026,2026mabos,Week 4,1277,12,0.0,62.659,-144.106
2026,2026mabos,Week 4,10156,12,0.0,46.43,-62.959
2026,2026mabos,Week 4,5563,12,0.0,43.609,-91.336
2026,2026mabos,Week 4,8023,12,0.0,43.301,-68.503
2026,2026mabos,Week 4,5735,12,0.0,37.493,-76.944
2026,2026mabos,Week 4,2877,12,0.0,51.432,-124.424
2026,2026mabos,Week 4,6201,12,0.0,31.127,-51.006
2026,2026mabos,Week 4,5813,12,0.0,55.707,-117.939
2026,2026mabos,Week 4,3958,12,0.0,64.472,-84.795
2026,2026mabos,Week 4,1153,12,0.0,55.984,-98.37
2026,2026mabos,Week 4,2876,12,0.0,58.87,-144.106
2026,2026mabos,Week 4,1761,12,0.0,58.338,-61.112
2026,2026mabos,Week 4,131,12,0.0,63.261,-144.106
2026,2026mabos,Week 4,2713,12,0.0,97.774,-262.581
2026,2026mabos,Week 4,501,12,0.0,36.853,-76.944
2026,2026mabos,Week 4,2084,12,-0.0,38.408,-61.555
2026,2026mabos,Week 4,10973,12,0.0,38.953,-58.747
2026,2026mabos,Week 4,190,12,0.0,54.766,-91.336
2026,2026mabos,Week 4,6731,12,0.0,45.752,-59.455
2026,2026mabos,Week 4,8013,12,0.0,49.293,-59.455
2026,2026mabos,Week 4,151,12,0.0,48.195,-83.662
2026,2026mabos,Week 4,9729,12,0.0,34.356,-57.361
2026,2026mabos,Week 4,5459,12,0.0,96.729,-262.581
2026,2026mabos,Week 4,3323,12,0.0,33.265,-31.502
2026,2026mabos,Week 4,10912,12,0.0,58.298,-117.939
2026,2026mabos,Week 4,8709,12,0.0,75.813,-124.424
2026,2026mabos,Week 4,88,12,-0.0,92.754,-262.581
2026,2026mabos,Week 4,246,12,0.0,44.451,-53.486
2026,2026mabos,Week 4,4572,12,0.0,58.444,-98.37
2026,2026mabos,Week 4,4909,12,0.0,63.678,-124.424
2026,2026mabos,Week 4,2423,12,0.0,54.373,-117.939
2026,2026mabos,Week 4,8626,12,0.0,33.541,-51.85
2026,2026mabos,Week 4,5962,12,0.0,53.369,-71.086
2026,2026mabos,Week 4,4311,12,0.0,56.263,-84.795
2026,2026mdsev,Week 4,1719,12,-0.0,21.03,-27.248
2026,2026mdsev,Week 4,11350,12,-0.0,47.087,-128.27
2026,2026mdsev,Week 4,1727,12,-0.0,44.204,-106.656
2026,2026mdsev,Week 4,10449,12,-0.0,22.14,-40.043
2026,2026mdsev,Week 4,623,12,-0.0,25.583,-53.666
2026,2026mdsev,Week 4,2377,12,-0.0,28.793,-40.043
2026,2026mdsev,Week 4,1111,12,-0.0,22.967,-53.334
2026,2026mdsev,Week 4,9033,12,-0.0,25.855,-73.713
2026,2026mdsev,Week 4,11318,12,-0.0,20.526,-31.333
2026,2026mdsev,Week 4,1915,12,-0.0,35.419,-73.62
2026,2026mdsev,Week 4,3714,12,-0.0,22.115,-27.248
2026,2026mdsev,Week 4,7770,12,-0.0,29.003,-46.137
2026,2026mdsev,Week 4,1389,12,-0.0,44.111,-106.656
2026,2026mdsev,Week 4,2199,12,-0.0,35.504,-56.554
2026,2026mdsev,Week 4,614,12,-0.0,40.065,-88.761
2026,2026mdsev,Week 4,2914,12,-0.0,30.268,-56.547
2026,2026mdsev,Week 4,8622,12,-0.0,26.55,-46.757
2026,2026mdsev,Week 4,2912,12,-0.0,25.767,-53.666
2026,2026mdsev,Week 4,2849,12,-0.0,34.221,-56.554
2026,2026mdsev,Week 4,686,12,-0.0,54.613,-88.761
2026,2026mdsev,Week 4,836,12,-0.0,58.212,-128.27
2026,2026mdsev,Week 4,11211,12,-0.0,29.046,-43.589
2026,2026mdsev,Week 4,2534,12,-0.0,30.929,-56.547
2026,2026mdsev,Week 4,2963,12,-0.0,39.381,-88.761
2026,2026mdsev,Week 4,6863,12,-0.0,45.255,-106.656
2026,2026mdsev,Week 4,1629,12,-0.0,44.116,-73.62
2026,2026mdsev,Week 4,4541,12,-0.0,20.984,-28.718
2026,2026mdsev,Week 4,4505,12,-0.0,45.92,-128.27
2026,2026mdsev,Week 4,8726,12,-0.0,29.496,-55.06
2026,2026mdsev,Week 4,8592,12,-0.0,51.712,-72.261
2026,2026mdsev,Week 4,339,12,-0.0,22.589,-37.601
2026,2026mdsev,Week 4,10679,12,-0.0,26.907,-73.713
2026,2026mdsev,Week 4,1446,12,-0.0,27.328,-28.456
2026,2026mdsev,Week 4,3748,12,-0.0,38.494,-56.554
2026,2026mdsev,Week 4,1418,12,-0.0,18.968,-46.137
2026,2026mibat,Week 4,9758,12,0.0,13.876,-39.723
2026,2026mibat,Week 4,7865,12,0.0,31.261,-46.202
2026,2026mibat,Week 4,9672,12,0.0,28.915,-53.26
2026,2026mibat,Week 4,5462,12,0.0,31.786,-65.675
2026,2026mibat,Week 4,6556,12,0.0,22.392,-44.216
2026,2026mibat,Week 4,5150,12,0.0,37.42,-93.758
2026,2026mibat,Week 4,11511,12,0.0,22.441,-40.124
2026,2026mibat,Week 4,4453,12,0.0,26.792,-45.194
2026,2026mibat,Week 4,1502,12,0.0,43.895,-86.383
2026,2026mibat,Week 4,11496,12,0.0,25.762,-53.26
2026,2026mibat,Week 4,5675,12,0.0,34.59,-93.758
2026,2026mibat,Week 4,5248,12,0.0,19.622,-38.517
2026,2026mibat,Week 4,7211,12,0.0,31.86,-45.194
2026,2026mibat,Week 4,10654,12,0.0,32.926,-45.395
2026,2026mibat,Week 4,6002,12,0.0,51.07,-107.352
2026,2026mibat,Week 4,8126,12,0.0,30.296,-59.641
2026,2026mibat,Week 4,11407,12,0.0,28.664,-51.805
2026,2026mibat,Week 4,5577,12,0.0,23.747,-41.829
2026,2026mibat,Week 4,5227,12,0.0,26.627,-51.805
2026,2026mibat,Week 4,9239,12,0.0,35.082,-59.641
2026,2026mibat,Week 4,11460,12,0.0,28.398,-77.787
2026,2026mibat,Week 4,9776,12,0.0,35.125,-59.641
2026,2026mibat,Week 4,3234,12,0.0,27.764,-45.395
2026,2026mibat,Week 4,9703,12,0.0,24.103,-44.216
2026,2026mibat,Week 4,10651,12,0.0,47.532,-107.352
2026,2026mibat,Week 4,4237,12,0.0,24.006,-49.567
2026,2026mibat,Week 4,6588,12,0.0,36.751,-46.202
2026,2026mibat,Week 4,9743,12,0.0,26.26,-38.051
2026,2026mibat,Week 4,11431,12,0.0,42.186,-107.352
2026,2026mibat,Week 4,4810,12,0.0,32.305,-65.675
2026,2026mibat,Week 4,4568,12,0.0,46.555,-126.284
2026,2026mibat,Week 4,4855,12,0.0,53.62,-126.284
2026,2026mibat,Week 4,2767,12,0.0,55.317,-126.284
2026,2026mibat,Week 4,9205,12,0.0,21.689,-43.088
2026,2026mibat,Week 4,5538,12,0.0,32.907,-65.675
2026,2026mibat,Week 4,9215,12,0.0,27.811,-49.567
2026,2026mibat,Week 4,11423,12,0.0,36.436,-77.787
2026,2026mibat,Week 4,5152,12,0.0,39.268,-93.758
2026,2026mibat,Week 4,3658,12,0.0,26.123,-46.202
2026,2026mimas,Week 4,4327,12,-0.0,15.173,-34.041
2026,2026mimas,Week 4,10577,12,-0.0,26.142,-49.914
2026,2026mimas,Week 4,7491,12,-0.0,30.143,-74.0
2026,2026mimas,Week 4,9238,12,-0.0,20.545,-25.583
2026,2026mimas,Week 4,6085,12,-0.0,22.505,-30.242
2026,2026mimas,Week 4,4776,12,-0.0,22.689,-46.803
2026,2026mimas,Week 4,1504,12,-0.0,27.495,-62.936
2026,2026mimas,Week 4,6078,12,-0.0,30.056,-40.078
2026,2026mimas,Week 4,7289,12,-0.0,36.067,-91.504
2026,2026mimas,Week 4,5674,12,-0.0,11.011,-14.151
2026,2026mimas,Week 4,9203,12,-0.0,12.157,-17.301
2026,2026mimas,Week 4,5704,12,-0.0,17.396,-30.242
2026,2026mimas,Week 4,11503,12,-0.0,31.786,-46.084
2026,2026mimas,Week 4,9255,12,-0.0,13.92,-30.194
2026,2026mimas,Week 4,7226,12,-0.0,31.994,-39.615
2026,2026mimas,Week 4,3655,12,-0.0,19.477,-49.535
2026,2026mimas,Week 4,8362,12,-0.0,14.8,-30.242
2026,2026mimas,Week 4,11444,12,-0.0,17.243,-30.521
2026,2026mimas,Week 4,6591,12,-0.0,18.399,-37.419
2026,2026mimas,Week 4,5225,12,-0.0,24.355,-46.084
2026,2026mimas,Week 4,5712,12,-0.0,20.775,-39.615
2026,2026mimas,Week 4,7818,12,-0.0,20.817,-35.515
2026,2026mimas,Week 4,10629,12,-0.0,36.9,-91.504
2026,2026mimas,Week 4,7166,12,-0.0,25.966,-49.535
2026,2026mimas,Week 4,2137,12,-0.0,38.886,-74.0
2026,2026mimas,Week 4,8179,12,-0.0,32.658,-62.936
2026,2026mimas,Week 4,7056,12,-0.0,25.002,-46.803
2026,2026mimas,Week 4,11490,12,-0.0,19.027,-30.521
2026,2026mimas,Week 4,1940,12,-0.0,21.505,-46.803
2026,2026mimas,Week 4,9753,12,-0.0,27.532,-49.535
2026,2026mimas,Week 4,9237,12,-0.0,21.955,-39.615
2026,2026mimas,Week 4,8374,12,-0.0,20.665,-38.252
2026,2026mimas,Week 4,910,12,-0.0,31.562,-38.89
2026,2026mimas,Week 4,8424,12,-0.0,23.884,-29.086
2026,2026mimas,Week 4,9312,12,-0.0,22.89,-38.89
2026,2026mimas,Week 4,9251,12,-0.0,29.265,-74.0
2026,2026mimas,Week 4,3707,12,-0.0,27.284,-49.914
2026,2026mimas,Week 4,10606,12,-0.0,26.095,-49.914
2026,2026mimas,Week 4,5926,12,-0.0,26.351,-46.084
2026,2026mimas,Week 4,8608,12,-0.0,37.116,-91.504
2026,2026misal,Week 4,4994,12,-0.0,35.964,-80.504
2026,2026misal,Week 4,3604,12,0.0,26.264,-34.739
2026,2026misal,Week 4,11455,12,-0.0,35.425,-50.047
2026,2026misal,Week 4,5460,12,0.0,75.435,-94.621
2026,2026misal,Week 4,3322,12,0.0,57.192,-106.49
2026,2026misal,Week 4,1506,12,-0.0,51.346,-80.504
2026,2026misal,Week 4,3632,12,0.0,29.128,-61.723
2026,2026misal,Week 4,5066,12,-0.0,42.102,-106.49
2026,2026misal,Week 4,3773,12,-0.0,39.55,-94.621
2026,2026misal,Week 4,2834,12,0.0,31.73,-54.782
2026,2026misal,Week 4,3568,12,0.0,25.393,-55.86
2026,2026misal,Week 4,5567,12,0.0,23.937,-53.966
2026,2026misal,Week 4,6101,12,0.0,37.243,-40.989
2026,2026misal,Week 4,67,12,0.0,61.401,-94.892
2026,2026misal,Week 4,7147,12,0.0,24.813,-44.363
2026,2026misal,Week 4,10656,12,0.0,22.852,-41.069
2026,2026misal,Week 4,8899,12,0.0,28.414,-41.069
2026,2026misal,Week 4,8297,12,0.0,39.785,-75.263
2026,2026misal,Week 4,548,12,0.0,39.618,-72.63
2026,2026misal,Week 4,66,12,0.0,33.335,-75.263
2026,2026misal,Week 4,4395,12,0.0,42.95,-94.892
2026,2026misal,Week 4,1076,12,0.0,47.705,-94.621
2026,2026misal,Week 4,9226,12,-0.0,35.614,-50.04
2026,2026misal,Week 4,9727,12,-0.0,27.74,-50.047
2026,2026misal,Week 4,1,12,0.0,26.266,-72.63
2026,2026misal,Week 4,6532,12,-0.0,20.012,-53.966
2026,2026misal,Week 4,9242,12,0.0,21.966,-33.384
2026,2026misal,Week 4,815,12,0.0,25.42,-42.174
2026,2026misal,Week 4,6057,12,-0.0,45.097,-84.383
2026,2026misal,Week 4,2620,12,0.0,64.04,-106.49
2026,2026misal,Week 4,308,12,0.0,27.126,-61.723
2026,2026misal,Week 4,7178,12,0.0,33.283,-84.383
2026,2026misal,Week 4,453,12,-0.0,32.448,-45.692
2026,2026misal,Week 4,4838,12,-0.0,23.505,-44.363
2026,2026misal,Week 4,7692,12,0.0,31.436,-53.966
2026,2026misal,Week 4,7660,12,0.0,31.325,-51.069
2026,2026misal,Week 4,10590,12,0.0,20.921,-45.692
2026,2026misal,Week 4,9148,12,0.0,16.643,-29.261
2026,2026misal,Week 4,5090,12,-0.0,29.884,-40.989
2026,2026mitry,Week 4,5436,12,-0.0,29.476,-53.29
2026,2026mitry,Week 4,7769,12,-0.0,48.564,-97.076
2026,2026mitry,Week 4,4768,12,-0.0,35.027,-70.989
2026,2026mitry,Week 4,8728,12,-0.0,36.11,-48.871
2026,2026mitry,Week 4,4384,12,-0.0,19.749,-32.759
2026,2026mitry,Week 4,5467,12,-0.0,47.02,-67.784
2026,2026mitry,Week 4,226,12,-0.0,53.554,-105.327
2026,2026mitry,Week 4,4362,12,-0.0,56.4,-105.327
2026,2026mitry,Week 4,9245,12,-0.0,58.576,-105.327
2026,2026mitry,Week 4,11486,12,-0.0,36.665,-72.069
2026,2026mitry,Week 4,10612,12,-0.0,63.766,-72.069
2026,2026mitry,Week 4,5860,12,-0.0,44.616,-72.069
2026,2026mitry,Week 4,10652,12,-0.0,36.618,-70.989
2026,2026mitry,Week 4,5197,12,0.0,31.488,-66.966
2026,2026mitry,Week 4,9651,12,0.0,44.543,-62.505
2026,2026mitry,Week 4,10665,12,-0.0,45.369,-84.345
2026,2026mitry,Week 4,469,12,-0.0,73.079,-84.345
2026,2026mitry,Week 4,7188,12,-0.0,51.109,-84.345
2026,2026mitry,Week 4,9679,12,0.0,37.606,-64.112
2026,2026mitry,Week 4,11493,12,-0.0,26.651,-40.742
2026,2026mitry,Week 4,5478,12,-0.0,21.339,-26.209
2026,2026mitry,Week 4,7762,12,-0.0,35.929,-61.478
2026,2026mitry,Week 4,7716,12,0.0,22.744,-27.147
2026,2026mitry,Week 4,4961,12,-0.0,38.764,-44.195
2026,2026mitry,Week 4,5527,12,-0.0,49.214,-75.95
2026,2026mitry,Week 4,9747,12,-0.0,42.013,-60.896
2026,2026mitry,Week 4,4998,12,-0.0,35.389,-60.896
2026,2026mitry,Week 4,33,12,-0.0,47.286,-67.784
2026,2026mitry,Week 4,1498,12,-0.0,60.725,-75.95
2026,2026mitry,Week 4,3302,12,-0.0,38.984,-97.076
2026,2026mitry,Week 4,7813,12,-0.0,23.873,-44.195
2026,2026mitry,Week 4,3175,12,-0.0,33.471,-58.747
2026,2026mitry,Week 4,9528,12,0.0,52.593,-97.076
2026,2026mitry,Week 4,9252,12,-0.0,31.592,-56.258
2026,2026mitry,Week 4,11361,12,-0.0,27.02,-38.586
2026,2026mitry,Week 4,9618,12,-0.0,25.673,-32.759
2026,2026mitry,Week 4,8364,12,0.0,37.088,-75.95
2026,2026mitry,Week 4,5065,12,-0.0,39.297,-56.258
2026,2026mitry,Week 4,5531,12,0.0,24.014,-27.834
2026,2026mitry,Week 4,201,12,0.0,40.556,-75.864
2026,2026mitry,Week 4,2851,12,-0.0,47.297,-75.864
2026,2026mitry,Week 4,573,12,-0.0,38.86,-75.864
2026,2026mitry,Week 4,8115,12,-0.0,29.614,-51.262
2026,2026ncpem,Week 4,7443,12,0.0,28.911,-41.153
2026,2026ncpem,Week 4,5190,12,0.0,11.233,-24.694
2026,2026ncpem,Week 4,11146,12,0.0,29.022,-65.247
2026,2026ncpem,Week 4,4829,12,0.0,36.69,-94.431
2026,2026ncpem,Week 4,8205,12,0.0,34.403,-101.507
2026,2026ncpem,Week 4,6894,12,0.0,31.718,-73.836
2026,2026ncpem,Week 4,9496,12,0.0,55.688,-101.507
2026,2026ncpem,Week 4,3893,12,0.0,26.894,-27.981
2026,2026ncpem,Week 4,11417,12,0.0,44.303,-115.017
2026,2026ncpem,Week 4,9005,12,0.0,16.422,-22.32
2026,2026ncpem,Week 4,3822,12,0.0,31.411,-65.247
2026,2026ncpem,Week 4,2059,12,0.0,30.965,-41.153
2026,2026ncpem,Week 4,9296,12,0.0,47.205,-101.507
2026,2026ncpem,Week 4,6729,12,0.0,21.421,-48.72
2026,2026ncpem,Week 4,9198,12,0.0,30.934,-53.448
2026,2026ncpem,Week 4,6004,12,0.0,20.615,-41.396
2026,2026ncpem,Week 4,3336,12,0.0,34.755,-94.431
2026,2026ncpem,Week 4,9297,12,0.0,30.442,-53.448
2026,2026ncpem,Week 4,6242,12,0.0,43.842,-115.017
2026,2026ncpem,Week 4,9789,12,0.0,33.846,-45.597
2026,2026ncpem,Week 4,10583,12,0.0,24.052,-41.396
2026,2026ncpem,Week 4,11297,12,0.0,24.068,-41.396
2026,2026ncpem,Week 4,9032,12,0.0,54.747,-115.017
2026,2026ncpem,Week 4,435,12,0.0,25.129,-50.357
2026,2026ncpem,Week 4,10260,12,0.0,21.595,-25.463
2026,2026ncpem,Week 4,4816,12,0.0,36.007,-49.71
2026,2026ncpem,Week 4,6639,12,0.0,21.528,-36.359
2026,2026ncpem,Week 4,3459,12,0.0,23.962,-48.151
2026,2026ncpem,Week 4,9042,12,0.0,33.635,-48.151
2026,2026ncpem,Week 4,4534,12,0.0,44.239,-73.836
2026,2026ncpem,Week 4,9788,12,0.0,16.091,-24.784
2026,2026ncpem,Week 4,5607,12,0.0,32.622,-53.448
2026,2026ncpem,Week 4,8758,12,0.0,37.67,-73.836
2026,2026nhdur,Week 4,8046,12,-0.0,62.983,-134.255
2026,2026nhdur,Week 4,2523,12,-0.0,41.338,-116.98
2026,2026nhdur,Week 4,1307,12,-0.0,28.625,-64.919
2026,2026nhdur,Week 4,7314,12,-0.0,40.264,-92.93
2026,2026nhdur,Week 4,4761,12,-0.0,45.896,-92.93
2026,2026nhdur,Week 4,6324,12,-0.0,47.295,-92.93
2026,2026nhdur,Week 4,238,12,-0.0,41.454,-60.132
2026,2026nhdur,Week 4,9055,12,-0.0,28.941,-54.745
2026,2026nhdur,Week 4,11157,12,-0.0,26.842,-43.496
2026,2026nhdur,Week 4,11336,12,-0.0,35.198,-75.649
2026,2026nhdur,Week 4,7674,12,-0.0,36.505,-75.649
2026,2026nhdur,Week 4,1350,12,-0.0,55.098,-134.255
2026,2026nhdur,Week 4,69,12,-0.0,34.028,-53.004
2026,2026nhdur,Week 4,3597,12,-0.0,36.391,-60.301
2026,2026nhdur,Week 4,1058,12,-0.0,50.205,-91.177
2026,2026nhdur,Week 4,9056,12,-0.0,45.951,-127.429
2026,2026nhdur,Week 4,811,12,-0.0,36.087,-64.919
2026,2026nhdur,Week 4,4564,12,-0.0,52.834,-116.98
2026,2026nhdur,Week 4,509,12,-0.0,31.103,-53.004
2026,2026nhdur,Week 4,1922,12,-0.0,41.978,-116.98
2026,2026nhdur,Week 4,4041,12,-0.0,24.796,-34.211
2026,2026nhdur,Week 4,58,12,-0.0,42.37,-91.177
2026,2026nhdur,Week 4,172,12,-0.0,60.166,-127.429
2026,2026nhdur,Week 4,8410,12,-0.0,43.185,-65.445
2026,2026nhdur,Week 4,4034,12,-0.0,31.865,-76.798
2026,2026nhdur,Week 4,4546,12,-0.0,41.607,-62.595
2026,2026nhdur,Week 4,6762,12,-0.0,25.352,-34.793
2026,2026nhdur,Week 4,2712,12,-0.0,35.135,-73.902
2026,2026nhdur,Week 4,5902,12,-0.0,29.294,-50.412
2026,2026nhdur,Week 4,2648,12,-0.0,47.131,-134.255
2026,2026nhdur,Week 4,133,12,-0.0,47.607,-73.902
2026,2026nhdur,Week 4,1721,12,-0.0,24.73,-35.036
2026,2026nhdur,Week 4,9443,12,-0.0,33.846,-60.301
2026,2026nhdur,Week 4,1512,12,-0.0,24.984,-34.211
2026,2026nhdur,Week 4,4473,12,-0.0,58.626,-91.177
2026,2026nhdur,Week 4,4925,12,-0.0,35.476,-50.544
2026,2026nhdur,Week 4,6895,12,-0.0,32.876,-73.902
2026,2026njfla,Week 4,4652,12,0.0,29.484,-46.022
2026,2026njfla,Week 4,10366,12,0.0,29.218,-73.946
2026,2026njfla,Week 4,41,12,0.0,18.877,-38.653
2026,2026njfla,Week 4,10232,12,-0.0,24.233,-46.022
2026,2026njfla,Week 4,1676,12,0.0,47.581,-87.907
2026,2026njfla,Week 4,6860,12,-0.0,35.24,-32.548
2026,2026njfla,Week 4,9116,12,-0.0,18.84,-30.016
2026,2026njfla,Week 4,9424,12,0.0,48.139,-125.281
2026,2026njfla,Week 4,8707,12,-0.0,29.867,-48.398
2026,2026njfla,Week 4,7045,12,0.0,27.872,-53.643
2026,2026njfla,Week 4,4653,12,0.0,57.639,-125.281
2026,2026njfla,Week 4,555,12,-0.0,47.735,-48.398
2026,2026njfla,Week 4,223,12,0.0,34.828,-99.899
2026,2026njfla,Week 4,1626,12,0.0,29.58,-53.643
2026,2026njfla,Week 4,8075,12,-0.0,22.921,-46.006
2026,2026njfla,Week 4,3142,12,-0.0,25.081,-63.163
2026,2026njfla,Week 4,10995,12,-0.0,33.902,-63.163
2026,2026njfla,Week 4,8513,12,0.0,63.237,-125.281
2026,2026njfla,Week 4,5732,12,-0.0,50.488,-76.215
2026,2026njfla,Week 4,6016,12,0.0,22.404,-41.204
2026,2026njfla,Week 4,8117,12,0.0,38.175,-48.398
2026,2026njfla,Week 4,11,12,0.0,42.27,-76.215
2026,2026njfla,Week 4,8706,12,-0.0,35.594,-53.643
2026,2026njfla,Week 4,10997,12,0.0,19.619,-41.64
2026,2026njfla,Week 4,5992,12,0.0,25.598,-45.229
2026,2026njfla,Week 4,193,12,0.0,32.998,-87.907
2026,2026njfla,Week 4,219,12,0.0,37.978,-99.899
2026,2026njfla,Week 4,430,12,-0.0,25.187,-42.436
2026,2026njfla,Week 4,5624,12,-0.0,18.535,-21.242
2026,2026njfla,Week 4,222,12,0.0,54.201,-99.899
2026,2026njfla,Week 4,8771,12,-0.0,25.503,-41.204
2026,2026njfla,Week 4,1811,12,-0.0,31.899,-76.215
2026,2026njfla,Week 4,6945,12,-0.0,13.656,-28.435
2026,2026onbar,Week 4,9580,12,-0.0,50.143,-124.273
2026,2026onbar,Week 4,2706,12,-0.0,22.198,-40.934
2026,2026onbar,Week 4,7603,12,-0.0,36.236,-57.498
2026,2026onbar,Week 4,188,12,-0.0,50.31,-76.135
2026,2026onbar,Week 4,8081,12,-0.0,51.974,-102.628
2026,2026onbar,Week 4,6864,12,-0.0,40.253,-75.072
2026,2026onbar,Week 4,7659,12,-0.0,57.463,-166.429
2026,2026onbar,Week 4,5672,12,-0.0,39.791,-58.919
2026,2026onbar,Week 4,8884,12,-0.0,42.711,-82.286
2026,2026onbar,Week 4,4069,12,-0.0,64.545,-102.628
2026,2026onbar,Week 4,4951,12,-0.0,45.003,-67.877
2026,2026onbar,Week 4,9782,12,-0.0,33.952,-67.877
2026,2026onbar,Week 4,1310,12,-0.0,41.393,-56.105
2026,2026onbar,Week 4,7200,12,-0.0,44.558,-57.498
2026,2026onbar,Week 4,9592,12,-0.0,41.352,-77.312
2026,2026onbar,Week 4,6865,12,-0.0,63.607,-166.429
2026,2026onbar,Week 4,4688,12,-0.0,37.851,-82.286
2026,2026onbar,Week 4,5031,12,-0.0,22.275,-32.761
2026,2026onbar,Week 4,9569,12,-0.0,50.954,-76.135
2026,2026onbar,Week 4,6859,12,-0.0,38.571,-82.286
2026,2026onbar,Week 4,1305,12,-0.0,46.896,-124.273
2026,2026onbar,Week 4,5885,12,-0.0,75.268,-186.181
2026,2026onbar,Week 4,7558,12,-0.0,90.25,-186.181
2026,2026onbar,Week 4,3739,12,-0.0,76.691,-186.181
2026,2026onbar,Week 4,4920,12,-0.0,43.102,-102.628
2026,2026onbar,Week 4,854,12,-0.0,42.34,-77.312
2026,2026onbar,Week 4,6110,12,-0.0,48.298,-57.455
2026,2026onbar,Week 4,8349,12,-0.0,37.583,-56.105
2026,2026onbar,Week 4,4015,12,-0.0,32.672,-53.482
2026,2026onbar,Week 4,865,12,-0.0,25.734,-58.919
2026,2026onbar,Week 4,10611,12,-0.0,32.908,-42.886
2026,2026onbar,Week 4,6397,12,-0.0,22.417,-42.886
2026,2026paben,Week 4,2539,12,-0.0,62.94,-99.931
2026,2026paben,Week 4,4342,12,-0.0,38.518,-59.649
2026,2026paben,Week 4,8704,12,-0.0,43.905,-71.306
2026,2026paben,Week 4,4750,12,-0.0,34.099,-56.478
2026,2026paben,Week 4,5401,12,-0.0,37.302,-60.621
2026,2026paben,Week 4,1807,12,0.0,41.855,-56.478
2026,2026paben,Week 4,2554,12,-0.0,54.046,-71.306
2026,2026paben,Week 4,9100,12,-0.0,41.633,-60.058
2026,2026paben,Week 4,87,12,-0.0,65.716,-76.161
2026,2026paben,Week 4,1257,12,-0.0,48.413,-60.621
2026,2026paben,Week 4,834,12,-0.0,54.809,-88.34
2026,2026paben,Week 4,4575,12,-0.0,52.435,-96.831
2026,2026paben,Week 4,2016,12,0.0,52.651,-63.808
2026,2026paben,Week 4,1640,12,-0.0,48.138,-94.363
2026,2026paben,Week 4,5490,12,-0.0,32.989,-51.332
2026,2026paben,Week 4,321,12,-0.0,44.082,-88.34
2026,2026paben,Week 4,1712,12,0.0,52.058,-94.363
2026,2026paben,Week 4,2722,12,-0.0,30.18,-69.807
2026,2026paben,Week 4,9027,12,-0.0,32.578,-47.209
2026,2026paben,Week 4,103,12,-0.0,54.537,-99.931
2026,2026paben,Week 4,316,12,0.0,83.694,-96.831
2026,2026paben,Week 4,8721,12,-0.0,46.169,-76.161
2026,2026paben,Week 4,7587,12,0.0,49.126,-72.37
2026,2026paben,Week 4,10143,12,0.0,36.183,-69.807
2026,2026paben,Week 4,7414,12,-0.0,70.397,-96.581
2026,2026paben,Week 4,4285,12,0.0,49.826,-96.581
2026,2026paben,Week 4,8630,12,-0.0,50.386,-96.581
2026,2026paben,Week 4,10584,12,-0.0,36.48,-76.161
2026,2026paben,Week 4,1089,12,-0.0,37.874,-61.683
2026,2026paben,Week 4,5789,12,-0.0,44.668,-99.931
2026,2026paben,Week 4,427,12,0.0,26.731,-35.201
2026,2026paben,Week 4,2590,12,0.0,53.495,-72.37
2026,2026paben,Week 4,4637,12,-0.0,51.386,-96.831
2026,2026paben,Week 4,714,12,-0.0,40.108,-66.596
2026,2026vabla,Week 4,617,12,0.0,33.919,-71.159
2026,2026vabla,Week 4,3939,12,-0.0,35.601,-58.218
2026,2026vabla,Week 4,1885,12,0.0,27.912,-32.064
2026,2026vabla,Week 4,1522,12,0.0,44.279,-75.504
2026,2026vabla,Week 4,9003,12,0.0,41.011,-75.504
2026,2026vabla,Week 4,10257,12,0.0,33.384,-75.504
2026,2026vabla,Week 4,5830,12,0.0,40.757,-62.538
2026,2026vabla,Week 4,540,12,0.0,37.473,-59.859
2026,2026vabla,Week 4,346,12,0.0,65.722,-183.012
2026,2026vabla,Week 4,4456,12,-0.0,31.406,-68.58
2026,2026vabla,Week 4,11252,12,0.0,28.303,-56.317
2026,2026vabla,Week 4,11443,12,0.0,42.973,-71.159
2026,2026vabla,Week 4,6802,12,0.0,36.979,-81.102
2026,2026vabla,Week 4,2106,12,-0.0,45.102,-71.159
2026,2026vabla,Week 4,10004,12,0.0,35.5,-42.971
2026,2026vabla,Week 4,3136,12,-0.0,42.244,-59.859
2026,2026vabla,Week 4,3258,12,-0.0,33.721,-47.833
2026,2026vabla,Week 4,10370,12,-0.0,42.769,-50.699
2026,2026vabla,Week 4,619,12,0.0,43.832,-86.574
2026,2026vabla,Week 4,422,12,0.0,78.407,-183.012
2026,2026vabla,Week 4,3361,12,-0.0,39.236,-86.574
2026,2026vabla,Week 4,11415,12,0.0,40.957,-50.699
2026,2026vabla,Week 4,9709,12,0.0,31.161,-62.538
2026,2026vabla,Week 4,3072,12,0.0,28.106,-55.614
2026,2026vabla,Week 4,1262,12,-0.0,50.813,-68.58
2026,2026vabla,Week 4,5804,12,0.0,53.679,-62.538
2026,2026vabla,Week 4,401,12,0.0,76.274,-183.012
2026,2026vabla,Week 4,977,12,0.0,36.062,-56.317
2026,2026vabla,Week 4,5115,12,0.0,27.72,-58.218
2026,2026vabla,Week 4,5724,12,-0.0,27.315,-54.377
2026,2026txfar,Week 4,9034,12,0.0,26.647,-57.748
2026,2026txfar,Week 4,5431,12,0.0,41.466,-76.687
2026,2026txfar,Week 4,5682,12,0.0,27.164,-58.971
2026,2026txfar,Week 4,9128,12,0.0,73.777,-170.363
2026,2026txfar,Week 4,8749,12,-0.0,47.572,-68.457
2026,2026txfar,Week 4,4717,12,-0.0,46.941,-86.938
2026,2026txfar,Week 4,5790,12,0.0,59.76,-144.992
2026,2026txfar,Week 4,2582,12,-0.0,65.549,-170.363
2026,2026txfar,Week 4,7091,12,0.0,37.034,-96.316
2026,2026txfar,Week 4,7506,12,-0.0,56.02,-144.992
2026,2026txfar,Week 4,6526,12,0.0,37.93,-100.267
2026,2026txfar,Week 4,7121,12,0.0,56.507,-170.363
2026,2026txfar,Week 4,9105,12,0.0,44.406,-119.319
2026,2026txfar,Week 4,10340,12,-0.0,61.12,-119.319
2026,2026txfar,Week 4,8858,12,0.0,46.066,-119.319
2026,2026txfar,Week 4,8816,12,-0.0,43.261,-68.457
2026,2026txfar,Week 4,5411,12,-0.0,39.908,-63.155
2026,2026txfar,Week 4,1745,12,-0.0,45.399,-96.316
2026,2026txfar,Week 4,6171,12,-0.0,38.01,-86.938
2026,2026txfar,Week 4,7503,12,-0.0,26.682,-46.121
2026,2026txfar,Week 4,9492,12,0.0,28.597,-76.687
2026,2026txfar,Week 4,6773,12,-0.0,44.132,-100.267
2026,2026txfar,Week 4,3005,12,0.0,50.556,-57.748
2026,2026txfar,Week 4,1296,12,0.0,61.026,-144.992
2026,2026txfar,Week 4,7119,12,-0.0,37.485,-96.316
2026,2026txfar,Week 4,2848,12,0.0,46.479,-58.971
2026,2026txfar,Week 4,8408,12,0.0,21.044,-46.121
2026,2026txfar,Week 4,3282,12,-0.0,26.026,-61.821
2026,2026txfar,Week 4,9289,12,0.0,47.696,-100.267
2026,2026txfar,Week 4,7125,12,0.0,27.073,-53.584
2026,2026txfar,Week 4,4641,12,0.0,29.326,-48.184
2026,2026txman,Week 4,5892,12,0.0,24.431,-46.491
2026,2026txman,Week 4,9506,12,0.0,43.133,-77.414
2026,2026txman,Week 4,418,12,0.0,53.072,-98.91
2026,2026txman,Week 4,9577,12,0.0,20.93,-38.607
2026,2026txman,Week 4,5103,12,0.0,42.3,-98.91
2026,2026txman,Week 4,6800,12,0.0,58.146,-106.431
2026,2026txman,Week 4,11309,12,-0.0,23.887,-47.681
2026,2026txman,Week 4,1255,12,0.0,31.775,-59.487
2026,2026txman,Week 4,2789,12,-0.0,33.037,-55.338
2026,2026txman,Week 4,6243,12,0.0,38.358,-71.273
2026,2026txman,Week 4,436,12,-0.0,34.77,-50.402
2026,2026txman,Week 4,7138,12,0.0,38.886,-71.343
2026,2026txman,Week 4,4076,12,0.0,37.872,-106.431
2026,2026txman,Week 4,6180,12,0.0,28.871,-59.487
2026,2026txman,Week 4,6901,12,0.0,29.138,-47.681
2026,2026txman,Week 4,8573,12,-0.0,38.627,-71.343
2026,2026txman,Week 4,2583,12,0.0,42.534,-47.681
2026,2026txman,Week 4,118,12,0.0,24.074,-36.171
2026,2026txman,Week 4,10913,12,0.0,31.09,-40.04
2026,2026txman,Week 4,5572,12,0.0,42.863,-98.91
2026,2026txman,Week 4,3545,12,0.0,43.649,-55.338
2026,2026txman,Week 4,8750,12,0.0,45.498,-114.27
2026,2026txman,Week 4,6377,12,0.0,56.472,-114.27
2026,2026txman,Week 4,2587,12,-0.0,45.013,-114.27
2026,2026txman,Week 4,11224,12,0.0,37.866,-77.414
2026,2026txman,Week 4,9140,12,0.0,60.931,-106.431
2026,2026txman,Week 4,7088,12,0.0,36.858,-56.424
2026,2026wimuk,Week 4,93,12,-0.0,50.609,-95.101
2026,2026wimuk,Week 4,1220,12,-0.0,28.319,-39.471
2026,2026wimuk,Week 4,1732,12,0.0,31.372,-65.398
2026,2026wimuk,Week 4,3692,12,-0.0,36.24,-73.289
2026,2026wimuk,Week 4,6381,12,-0.0,35.972,-87.051
2026,2026wimuk,Week 4,8701,12,-0.0,19.33,-34.584
2026,2026wimuk,Week 4,5586,12,-0.0,34.783,-95.101
2026,2026wimuk,Week 4,1675,12,-0.0,33.558,-73.289
2026,2026wimuk,Week 4,2830,12,-0.0,26.655,-56.107
2026,2026wimuk,Week 4,10909,12,-0.0,25.285,-33.613
2026,2026wimuk,Week 4,2506,12,-0.0,30.485,-61.269
2026,2026wimuk,Week 4,9760,12,-0.0,21.937,-33.613
2026,2026wimuk,Week 4,11158,12,-0.0,32.453,-65.398
2026,2026wimuk,Week 4,2062,12,-0.0,26.912,-55.396
2026,2026wimuk,Week 4,6643,12,-0.0,28.959,-36.243
2026,2026wimuk,Week 4,10522,12,-0.0,29.263,-47.176
2026,2026wimuk,Week 4,5096,12,-0.0,30.662,-45.128
2026,2026wimuk,Week 4,4531,12,-0.0,29.062,-73.289
2026,2026wimuk,Week 4,4786,12,-0.0,39.83,-56.107
2026,2026wimuk,Week 4,10287,12,-0.0,27.825,-55.396
2026,2026wimuk,Week 4,7103,12,-0.0,27.811,-47.176
2026,2026wimuk,Week 4,10553,12,-0.0,32.296,-76.628
2026,2026wimuk,Week 4,2202,12,-0.0,21.94,-30.369
2026,2026wimuk,Week 4,7900,12,-0.0,17.59,-30.087
2026,2026wimuk,Week 4,3596,12,-0.0,42.085,-87.051
2026,2026wimuk,Week 4,8531,12,-0.0,32.59,-90.973
2026,2026wimuk,Week 4,8847,12,-0.0,40.947,-95.101
2026,2026wimuk,Week 4,2077,12,-0.0,26.501,-47.623
2026,2026wimuk,Week 4,7915,12,-0.0,49.466,-90.973
2026,2026wimuk,Week 4,6166,12,-0.0,43.729,-87.051
2026,2026wimuk,Week 4,537,12,-0.0,28.601,-77.773
2026,2026wimuk,Week 4,8802,12,-0.0,21.989,-30.586
2026,2026wimuk,Week 4,9425,12,-0.0,29.289,-47.623
2026,2026wimuk,Week 4,1714,12,-0.0,38.829,-76.628
2026,2026wimuk,Week 4,5148,12,-0.0,31.781,-77.773
2026,2026wimuk,Week 4,10430,12,-0.0,29.836,-65.398
2026,2026caclv,Week 4,100,12,0.0,52.578,-69.986
2026,2026caclv,Week 4,973,12,0.0,64.419,-91.835
2026,2026caclv,Week 4,971,12,0.0,44.255,-77.097
2026,2026caclv,Week 4,6822,12,0.0,33.293,-57.947
2026,2026caclv,Week 4,3925,12,0.0,57.945,-83.157
2026,2026caclv,Week 4,2367,12,0.0,47.153,-102.228
2026,2026caclv,Week 4,114,12,0.0,55.999,-77.097
2026,2026caclv,Week 4,5817,12,0.0,73.388,-109.7
2026,2026caclv,Week 4,5700,12,0.0,64.116,-122.984
2026,2026caclv,Week 4,6305,12,0.0,43.822,-78.926
2026,2026caclv,Week 4,1323,12,0.0,54.357,-88.335
2026,2026caclv,Week 4,254,12,0.0,91.479,-122.984
2026,2026caclv,Week 4,9584,12,0.0,46.691,-69.986
2026,2026caclv,Week 4,4643,12,0.0,52.1,-91.835
2026,2026caclv,Week 4,8793,12,0.0,58.008,-122.984
2026,2026caclv,Week 4,8768,12,0.0,55.774,-121.401
2026,2026caclv,Week 4,1671,12,0.0,41.209,-54.489
2026,2026caclv,Week 4,1351,12,0.0,62.452,-109.7
2026,2026caclv,Week 4,9706,12,0.0,54.548,-109.7
2026,2026caclv,Week 4,766,12,0.0,51.595,-121.401
2026,2026caclv,Week 4,4765,12,0.0,72.005,-150.666
2026,2026caclv,Week 4,3970,12,0.0,45.68,-83.157
2026,2026caclv,Week 4,11296,12,0.0,68.391,-150.666
2026,2026caclv,Week 4,6657,12,0.0,51.469,-79.018
2026,2026caclv,Week 4,1388,12,0.0,60.282,-150.666
2026,2026caclv,Week 4,840,12,0.0,32.386,-34.658
2026,2026cagle,Week 4,9520,12,0.0,37.027,-70.396
2026,2026cagle,Week 4,5026,12,0.0,78.866,-126.641
2026,2026cagle,Week 4,4,12,0.0,56.052,-90.123
2026,2026cagle,Week 4,597,12,0.0,23.007,-32.406
2026,2026cagle,Week 4,702,12,0.0,38.875,-59.53
2026,2026cagle,Week 4,7415,12,0.0,73.915,-126.641
2026,2026cagle,Week 4,6934,12,-0.0,62.732,-90.131
2026,2026cagle,Week 4,696,12,0.0,61.037,-90.131
2026,2026cagle,Week 4,2659,12,0.0,47.294,-90.131
2026,2026cagle,Week 4,9505,12,0.0,49.039,-61.416
2026,2026cagle,Week 4,8033,12,-0.0,51.442,-65.671
2026,2026cagle,Week 4,3255,12,-0.0,66.539,-123.017
2026,2026cagle,Week 4,4964,12,0.0,55.115,-91.214
2026,2026cagle,Week 4,1148,12,-0.0,56.941,-107.511
2026,2026cagle,Week 4,8533,12,0.0,45.699,-83.307
2026,2026cagle,Week 4,6658,12,-0.0,35.074,-53.455
2026,2026cagle,Week 4,8060,12,-0.0,45.293,-90.123
2026,2026cagle,Week 4,7323,12,0.0,48.355,-107.511
2026,2026cagle,Week 4,6036,12,0.0,32.617,-74.148
2026,2026cagle,Week 4,3965,12,-0.0,31.956,-45.291
2026,2026cagle,Week 4,9084,12,0.0,53.357,-99.73
2026,2026cagle,Week 4,6000,12,0.0,45.271,-110.56
2026,2026cagle,Week 4,2429,12,0.0,31.331,-83.307
2026,2026cagle,Week 4,10936,12,-0.0,43.663,-123.017
2026,2026cagle,Week 4,5089,12,-0.0,56.878,-61.416
2026,2026cagle,Week 4,11024,12,-0.0,67.37,-126.641
2026,2026cagle,Week 4,3501,12,-0.0,51.728,-71.618
2026,2026cagle,Week 4,9772,12,0.0,27.82,-30.885
2026,2026cagle,Week 4,9696,12,0.0,39.152,-61.416
2026,2026cagle,Week 4,3328,12,0.0,40.708,-40.148
2026,2026cagle,Week 4,10147,12,-0.0,53.51,-99.73
2026,2026cagle,Week 4,22,12,0.0,52.58,-59.53
2026,2026cagle,Week 4,10166,12,0.0,49.27,-91.214
2026,2026cagle,Week 4,3512,12,0.0,45.974,-103.499
2026,2026cagle,Week 4,6560,12,0.0,72.263,-110.56
2026,2026cagle,Week 4,2404,12,0.0,40.342,-103.499
2026,2026cagle,Week 4,6995,12,0.0,38.983,-99.73
2026,2026capin,Week 4,10252,12,-0.0,30.023,-67.054
2026,2026capin,Week 4,5104,12,-0.0,68.19,-110.918
2026,2026capin,Week 4,6059,12,-0.0,62.26,-99.048
2026,2026capin,Week 4,11247,12,-0.0,63.65,-187.196
2026,2026capin,Week 4,7413,12,-0.0,22.941,-32.955
2026,2026capin,Week 4,10339,12,-0.0,19.153,-41.137
2026,2026capin,Week 4,1868,12,-0.0,53.199,-72.788
2026,2026capin,Week 4,2643,12,-0.0,53.498,-110.918
2026,2026capin,Week 4,6884,12,-0.0,38.67,-45.472
2026,2026capin,Week 4,7528,12,-0.0,46.878,-52.177
2026,2026capin,Week 4,2813,12,-0.0,85.994,-128.696
2026,2026capin,Week 4,3045,12,-0.0,96.212,-187.196
2026,2026capin,Week 4,7777,12,-0.0,36.387,-77.343
2026,2026capin,Week 4,6410,12,-0.0,40.165,-67.054
2026,2026capin,Week 4,4171,12,-0.0,30.394,-66.7
2026,2026capin,Week 4,5760,12,-0.0,79.421,-239.178
2026,2026capin,Week 4,6238,12,-0.0,66.703,-128.696
2026,2026capin,Week 4,581,12,-0.0,100.285,-187.196
2026,2026capin,Week 4,604,12,-0.0,82.749,-239.178
2026,2026capin,Week 4,4135,12,-0.0,54.281,-77.343
2026,2026capin,Week 4,10059,12,-0.0,36.891,-70.806
2026,2026capin,Week 4,6665,12,-0.0,49.736,-111.376
2026,2026capin,Week 4,2854,12,-0.0,86.833,-239.178
2026,2026capin,Week 4,6506,12,-0.0,45.683,-51.724
2026,2026capin,Week 4,2035,12,-0.0,62.13,-128.696
2026,2026capin,Week 4,649,12,-0.0,51.062,-99.048
2026,2026capin,Week 4,4255,12,-0.0,24.39,-52.831
2026,2026capin,Week 4,668,12,-0.0,65.837,-111.376
2026,2026casgv,Week 4,4501,12,0.0,29.74,-49.906
2026,2026casgv,Week 4,1836,12,0.0,39.521,-84.651
2026,2026casgv,Week 4,4999,12,0.0,38.431,-75.594
2026,2026casgv,Week 4,867,12,0.0,20.278,-49.757
2026,2026casgv,Week 4,3473,12,0.0,19.847,-22.066
2026,2026casgv,Week 4,3952,12,0.0,24.394,-49.906
2026,2026casgv,Week 4,4141,12,0.0,34.487,-50.151
2026,2026casgv,Week 4,7230,12,0.0,42.223,-78.74
2026,2026casgv,Week 4,4123,12,0.0,55.458,-131.247
2026,2026casgv,Week 4,6904,12,0.0,38.756,-82.843
2026,2026casgv,Week 4,7447,12,0.0,32.233,-50.504
2026,2026casgv,Week 4,1538,12,0.0,46.981,-84.651
2026,2026casgv,Week 4,9408,12,0.0,38.891,-82.843
2026,2026casgv,Week 4,968,12,0.0,22.733,-32.146
2026,2026casgv,Week 4,812,12,0.0,51.297,-131.247
2026,2026casgv,Week 4,9573,12,0.0,29.197,-57.074
2026,2026casgv,Week 4,8006,12,0.0,17.365,-32.146
2026,2026casgv,Week 4,4415,12,0.0,52.807,-131.247
2026,2026casgv,Week 4,5669,12,0.0,32.187,-49.757
2026,2026casgv,Week 4,4470,12,0.0,29.057,-39.853
2026,2026casgv,Week 4,599,12,0.0,46.211,-78.74
2026,2026casgv,Week 4,1160,12,0.0,45.775,-82.843
2026,2026casgv,Week 4,4079,12,0.0,25.822,-39.853
2026,2026casgv,Week 4,8898,12,0.0,24.698,-40.452
2026,2026casgv,Week 4,5851,12,0.0,28.49,-36.982
2026,2026casgv,Week 4,5285,12,0.0,14.931,-25.419
2026,2026casgv,Week 4,2102,12,0.0,44.705,-75.284
2026,2026casgv,Week 4,1197,12,0.0,36.881,-75.594
2026,2026casgv,Week 4,5124,12,0.0,31.949,-75.284
2026,2026waahs,Week 4,2046,12,0.0,59.16,-80.999
2026,2026waahs,Week 4,11347,12,0.0,51.877,-80.999
2026,2026waahs,Week 4,4450,12,-0.0,36.223,-80.999
2026,2026waahs,Week 4,3049,12,0.0,45.85,-80.419
2026,2026waahs,Week 4,3574,12,-0.0,44.518,-66.795
2026,2026waahs,Week 4,4682,12,0.0,52.515,-108.858
2026,2026waahs,Week 4,4089,12,-0.0,76.237,-158.959
2026,2026waahs,Week 4,8051,12,0.0,59.157,-158.959
2026,2026waahs,Week 4,4469,12,-0.0,85.361,-173.537
2026,2026waahs,Week 4,4512,12,-0.0,45.041,-83.449
2026,2026waahs,Week 4,9023,12,-0.0,61.434,-134.377
2026,2026waahs,Week 4,8896,12,-0.0,53.306,-63.988
2026,2026waahs,Week 4,9446,12,-0.0,47.026,-70.083
2026,2026waahs,Week 4,949,12,-0.0,52.447,-72.578
2026,2026waahs,Week 4,3219,12,-0.0,48.215,-92.718
2026,2026waahs,Week 4,10079,12,-0.0,31.341,-62.115
2026,2026waahs,Week 4,2929,12,0.0,43.053,-72.578
2026,2026waahs,Week 4,1778,12,-0.0,59.645,-92.718
2026,2026waahs,Week 4,7627,12,-0.0,45.813,-57.48
2026,2026waahs,Week 4,2910,12,-0.0,66.727,-83.449
2026,2026waahs,Week 4,3876,12,-0.0,41.752,-42.148
2026,2026waahs,Week 4,5295,12,-0.0,68.051,-80.419
2026,2026waahs,Week 4,3070,12,-0.0,57.893,-173.537
2026,2026waahs,Week 4,360,12,0.0,61.136,-134.377
2026,2026waahs,Week 4,5683,12,-0.0,61.425,-173.537
2026,2026waahs,Week 4,10455,12,-0.0,40.252,-43.905
2026,2026waahs,Week 4,2906,12,-0.0,39.297,-70.083
2026,2026waahs,Week 4,3393,12,0.0,35.589,-43.905
2026,2026waahs,Week 4,3786,12,-0.0,33.684,-62.073
2026,2026waahs,Week 4,3663,12,0.0,72.615,-134.377
2026,2026waahs,Week 4,8302,12,-0.0,22.472,-24.401
2026,2026waahs,Week 4,2927,12,-0.0,27.966,-49.157
2026,2026waahs,Week 4,4579,12,-0.0,35.689,-70.558
2026,2026waahs,Week 4,8303,12,0.0,44.956,-108.858
2026,2026waahs,Week 4,4173,12,-0.0,45.913,-80.419
2026,2026waahs,Week 4,2980,12,0.0,35.165,-33.707
2026,2026tuis3,Week 4,9025,9,-0.0,43.29,-97.416
2026,2026tuis3,Week 4,10132,9,-0.0,41.361,-49.264
2026,2026tuis3,Week 4,10959,9,-0.0,48.092,-58.746
2026,2026tuis3,Week 4,10502,9,-0.0,28.64,-33.075
2026,2026tuis3,Week 4,6941,9,-0.0,74.836,-104.033
2026,2026tuis3,Week 4,8159,9,0.0,43.131,-72.293
2026,2026tuis3,Week 4,10205,9,-0.0,35.255,-31.624
2026,2026tuis3,Week 4,9043,9,-0.0,47.124,-76.617
2026,2026tuis3,Week 4,7742,9,-0.0,34.181,-57.502
2026,2026tuis3,Week 4,6038,10,-0.0,40.547,-62.352
2026,2026tuis3,Week 4,7466,9,-0.0,42.038,-97.416
2026,2026tuis3,Week 4,9468,9,-0.0,33.583,-72.293
2026,2026tuis3,Week 4,10598,9,-0.0,47.09,-51.91
2026,2026tuis3,Week 4,10234,9,-0.0,35.274,-49.351
2026,2026tuis3,Week 4,7086,9,-0.0,30.083,-39.954
2026,2026tuis3,Week 4,11000,9,-0.0,27.929,-37.484
2026,2026tuis3,Week 4,8795,9,-0.0,26.159,-37.484
2026,2026tuis3,Week 4,6459,9,-0.0,53.002,-67.269
2026,2026tuis3,Week 4,10131,9,-0.0,38.362,-76.617
2026,2026tuis3,Week 4,10999,9,-0.0,28.303,-51.91
2026,2026tuis3,Week 4,8209,9,-0.0,43.512,-72.293
2026,2026tuis3,Week 4,9692,9,-0.0,40.448,-84.637
2026,2026tuis3,Week 4,8056,9,-0.0,26.913,-51.91
2026,2026tuis3,Week 4,10953,9,-0.0,24.318,-57.502
2026,2026tuis3,Week 4,9026,9,-0.0,33.07,-43.956
2026,2026tuis3,Week 4,10947,9,-0.0,42.594,-104.033
2026,2026tuis3,Week 4,5655,9,-0.0,21.976,-33.075
2026,2026tuis3,Week 4,8806,9,0.0,33.629,-67.269
2026,2026tuis3,Week 4,5665,9,-0.0,23.018,-24.418
2026,2026tuis3,Week 4,8595,9,-0.0,42.499,-62.352
2026,2026tuis3,Week 4,8747,9,-0.0,22.159,-38.945
2026,2026tuis3,Week 4,10383,9,-0.0,50.807,-97.416
2026,2026tuis3,Week 4,11240,9,-0.0,57.543,-107.504
2026,2026tuis3,Week 4,9020,10,-0.0,48.275,-104.033
2026,2026tuis3,Week 4,11216,9,-0.0,34.079,-58.746
2026,2026tuis3,Week 4,9451,9,-0.0,29.188,-29.291
2026,2026tuis3,Week 4,8153,9,-0.0,24.615,-43.956
2026,2026tuis3,Week 4,9231,10,-0.0,51.292,-107.504
2026,2026tuis3,Week 4,9028,9,-0.0,20.293,-33.114
2026,2026tuis3,Week 4,6948,9,-0.0,74.856,-107.504
2026,2026tuis3,Week 4,10185,9,-0.0,49.03,-84.637
2026,2026tuis3,Week 4,10576,9,-0.0,32.227,-61.062
2026,2026tuis3,Week 4,11120,9,-0.0,35.004,-46.877
2026,2026tuis5,Week 5,10675,9,0.0,38.306,-51.901
2026,2026tuis5,Week 5,8158,9,0.0,22.75,-35.923
2026,2026tuis5,Week 5,10906,9,0.0,22.035,-34.944
2026,2026tuis5,Week 5,10692,9,0.0,19.326,-31.699
2026,2026tuis5,Week 5,10234,9,0.0,30.262,-31.699
2026,2026tuis5,Week 5,6232,9,0.0,17.69,-31.699
2026,2026tuis5,Week 5,9545,9,0.0,39.614,-62.104
2026,2026tuis5,Week 5,7298,9,0.0,39.2,-37.086
2026,2026tuis5,Week 5,7758,9,0.0,50.732,-128.776
2026,2026tuis5,Week 5,9264,9,0.0,29.49,-50.738
2026,2026tuis5,Week 5,9024,9,0.0,36.55,-78.05
2026,2026tuis5,Week 5,11371,9,0.0,23.625,-29.009
2026,2026tuis5,Week 5,9694,9,0.0,25.427,-51.901
2026,2026tuis5,Week 5,6459,9,0.0,49.784,-128.776
2026,2026tuis5,Week 5,10131,9,-0.0,59.409,-84.113
2026,2026tuis5,Week 5,8263,9,0.0,43.572,-99.375
2026,2026tuis5,Week 5,9483,9,0.0,57.489,-99.375
2026,2026tuis5,Week 5,6415,9,0.0,46.531,-99.375
2026,2026tuis5,Week 5,9692,9,0.0,28.404,-35.923
2026,2026tuis5,Week 5,8784,9,0.0,28.889,-50.738
2026,2026tuis5,Week 5,11303,9,0.0,17.908,-29.487
2026,2026tuis5,Week 5,8264,9,0.0,45.42,-78.05
2026,2026tuis5,Week 5,8092,9,0.0,18.322,-16.531
2026,2026tuis5,Week 5,10542,9,0.0,9.369,-16.531
2026,2026tuis5,Week 5,10604,9,0.0,30.95,-62.228
2026,2026tuis5,Week 5,10425,9,0.0,11.491,-18.269
2026,2026tuis5,Week 5,7439,9,0.0,27.676,-35.116
2026,2026tuis5,Week 5,10623,9,0.0,31.052,-50.23
2026,2026tuis5,Week 5,11404,9,0.0,33.785,-84.113
2026,2026tuis5,Week 5,10415,9,0.0,32.349,-62.228
2026,2026tuis5,Week 5,9043,9,0.0,48.494,-128.776
2026,2026tuis5,Week 5,11382,9,0.0,24.864,-56.038
2026,2026tuis5,Week 5,7748,9,0.0,27.337,-51.901
2026,2026tuis5,Week 5,10951,9,0.0,54.024,-62.228
2026,2026tuis5,Week 5,7536,9,0.0,45.405,-84.113
2026,2026tuis5,Week 5,8084,9,0.0,16.957,-23.7
2026,2026tuis5,Week 5,7576,9,0.0,32.219,-56.038
2026,2026tuis5,Week 5,10932,9,0.0,32.431,-56.518
2026,2026tuis5,Week 5,7035,9,0.0,30.716,-62.104
2026,2026tuis5,Week 5,11389,9,0.0,15.599,-17.597
2026,2026ohmv,Week 5,379,9,0.0,45.875,-108.184
2026,2026ohmv,Week 5,4611,9,0.0,47.017,-108.184
2026,2026ohmv,Week 5,4096,9,0.0,45.577,-108.184
2026,2026ohmv,Week 5,4467,9,0.0,54.087,-96.747
2026,2026ohmv,Week 5,10011,9,0.0,40.404,-44.317
2026,2026ohmv,Week 5,432,9,0.0,27.867,-56.565
2026,2026ohmv,Week 5,3324,9,0.0,63.107,-151.927
2026,2026ohmv,Week 5,4028,9,-0.0,67.845,-151.927
2026,2026ohmv,Week 5,6964,9,0.0,76.092,-151.927
2026,2026ohmv,Week 5,9097,9,0.0,31.19,-44.332
2026,2026ohmv,Week 5,4601,9,-0.0,34.612,-64.625
2026,2026ohmv,Week 5,1014,9,0.0,25.12,-27.541
2026,2026ohmv,Week 5,2399,9,0.0,41.472,-44.332
2026,2026ohmv,Week 5,10207,9,0.0,72.694,-167.335
2026,2026ohmv,Week 5,10987,9,0.0,43.984,-56.565
2026,2026ohmv,Week 5,3814,9,0.0,46.336,-64.625
2026,2026ohmv,Week 5,2172,9,0.0,44.088,-71.15
2026,2026ohmv,Week 5,1756,9,0.0,48.69,-101.18
2026,2026ohmv,Week 5,4145,9,0.0,27.065,-48.952
2026,2026ohmv,Week 5,1736,9,0.0,26.539,-43.507
2026,2026ohmv,Week 5,2010,9,0.0,26.4,-43.435
2026,2026ohmv,Week 5,6237,9,0.0,43.406,-42.53
2026,2026ohmv,Week 5,554,9,0.0,31.726,-43.507
2026,2026ohmv,Week 5,325,9,0.0,34.064,-64.133
2026,2026ohmv,Week 5,9139,9,0.0,57.864,-96.747
2026,2026ohmv,Week 5,10208,9,0.0,27.541,-53.722
2026,2026ohmv,Week 5,9075,9,0.0,36.883,-64.133
2026,2026ohmv,Week 5,578,9,0.0,36.368,-40.453
2026,2026ohmv,Week 5,3138,9,0.0,48.354,-53.96
2026,2026ohmv,Week 5,2338,9,0.0,74.575,-167.335
2026,2026ohmv,Week 5,144,9,0.0,66.892,-149.677
2026,2026ohmv,Week 5,4085,9,0.0,56.887,-149.677
2026,2026ohmv,Week 5,695,9,0.0,76.407,-149.677
2026,2026ohmv,Week 5,2228,9,0.0,49.007,-59.014
2026,2026ohmv,Week 5,2614,9,0.0,55.47,-87.395
2026,2026ohmv,Week 5,8145,9,-0.0,46.32,-59.014
2026,2026ohmv,Week 5,2603,9,0.0,62.662,-101.18
2026,2026ohmv,Week 5,2252,9,0.0,40.894,-39.712
2026,2026ohmv,Week 5,1787,9,0.0,54.555,-105.575
2026,2026ohmv,Week 5,6302,9,0.0,44.522,-105.575
2026,2026ohmv,Week 5,5667,9,0.0,29.804,-27.644
2026,2026ohmv,Week 5,677,9,0.0,47.724,-87.395
2026,2026ohmv,Week 5,5811,9,0.0,35.085,-44.317
2026,2026ohmv,Week 5,3504,9,0.0,50.466,-56.565
2026,2026ohmv,Week 5,8243,9,0.0,32.775,-47.61
2026,2026ohmv,Week 5,451,9,0.0,31.808,-64.133
2026,2026ohmv,Week 5,1038,9,0.0,54.551,-101.18
2026,2026ohmv,Week 5,117,9,0.0,35.653,-64.625
2026,2026ohmv,Week 5,3484,9,0.0,62.919,-167.335
2026,2026ohmv,Week 5,9152,9,0.0,44.649,-71.15
2026,2026lake,Week 5,10497,8,-0.0,37.865,-55.258
2026,2026lake,Week 5,5863,9,0.0,44.078,-82.833
2026,2026lake,Week 5,9768,8,0.0,30.153,-62.775
2026,2026lake,Week 5,9456,8,0.0,28.195,-46.159
2026,2026lake,Week 5,10446,8,0.0,26.368,-36.33
2026,2026lake,Week 5,9309,8,0.0,30.392,-68.708
2026,2026lake,Week 5,7288,8,0.0,25.272,-39.434
2026,2026lake,Week 5,10101,8,0.0,46.999,-67.902
2026,2026lake,Week 5,10943,8,0.0,37.007,-62.775
2026,2026lake,Week 5,9761,8,0.0,40.294,-59.432
2026,2026lake,Week 5,9699,8,0.0,32.232,-59.432
2026,2026lake,Week 5,5965,8,0.0,43.715,-59.432
2026,2026lake,Week 5,5887,8,0.0,11.871,-23.501
2026,2026lake,Week 5,6068,8,0.0,38.125,-82.833
2026,2026lake,Week 5,6489,8,0.0,40.401,-58.915
2026,2026lake,Week 5,3039,8,0.0,52.277,-91.292
2026,2026lake,Week 5,9787,8,0.0,47.168,-91.292
2026,2026lake,Week 5,10929,8,0.0,42.082,-91.292
2026,2026lake,Week 5,9717,8,0.0,49.397,-64.422
2026,2026lake,Week 5,10217,9,0.0,42.11,-77.974
2026,2026lake,Week 5,1902,8,0.0,23.972,-41.832
2026,2026lake,Week 5,4635,8,0.0,60.583,-82.833
2026,2026lake,Week 5,2992,8,0.0,30.639,-67.902
2026,2026lake,Week 5,3753,8,0.0,29.734,-55.258
2026,2026lake,Week 5,7094,8,0.0,36.833,-77.974
2026,2026lake,Week 5,1421,8,0.0,27.313,-39.434
2026,2026lake,Week 5,3468,8,0.0,28.99,-40.526
2026,2026lake,Week 5,16,8,0.0,60.896,-75.339
2026,2026lake,Week 5,9313,8,0.0,40.967,-75.339
2026,2026lake,Week 5,456,8,0.0,43.36,-75.339
2026,2026lake,Week 5,8044,8,0.0,33.396,-58.292
2026,2026lake,Week 5,11276,8,0.0,13.844,-18.346
2026,2026lake,Week 5,3937,8,0.0,35.786,-58.915
2026,2026lake,Week 5,9660,8,0.0,39.215,-67.246
2026,2026lake,Week 5,5705,8,0.0,28.132,-40.62
2026,2026lake,Week 5,1818,8,0.0,16.379,-28.635
2026,2026lake,Week 5,364,8,0.0,51.875,-81.602
2026,2026lake,Week 5,8808,8,0.0,53.652,-81.602
2026,2026lake,Week 5,3478,8,0.0,52.703,-81.602
2026,2026lake,Week 5,3284,8,0.0,28.358,-39.698
2026,2026lake,Week 5,2183,8,0.0,55.07,-77.974
2026,2026lake,Week 5,4336,8,0.0,35.742,-46.159
2026,2026lake,Week 5,10550,8,0.0,24.703,-55.258
2026,2026lake,Week 5,3616,8,0.0,28.455,-28.921
2026,2026lake,Week 5,11342,8,0.0,35.055,-67.902
2026,2026lake,Week 5,2221,8,0.0,34.839,-45.459
2026,2026lake,Week 5,7072,8,0.0,48.411,-67.246
2026,2026lake,Week 5,11260,8,0.0,29.239,-35.896
2026,2026lake,Week 5,9708,8,0.0,55.024,-110.97
2026,2026lake,Week 5,4087,8,0.0,52.64,-110.97
2026,2026lake,Week 5,9405,8,0.0,46.309,-110.97
2026,2026lake,Week 5,2080,8,0.0,15.956,-28.921
2026,2026lake,Week 5,3824,8,0.0,47.226,-67.246
2026,2026mnum,Week 5,4693,10,0.0,37.329,-63.75
2026,2026mnum,Week 5,6217,11,0.0,28.508,-58.994
2026,2026mnum,Week 5,2129,10,0.0,30.026,-67.714
2026,2026mnum,Week 5,3883,10,0.0,32.621,-58.994
2026,2026mnum,Week 5,2169,10,-0.0,18.428,-26.283
2026,2026mnum,Week 5,3291,10,-0.0,37.027,-45.229
2026,2026mnum,Week 5,5434,10,0.0,31.79,-59.747
2026,2026mnum,Week 5,2498,11,-0.0,19.401,-37.003
2026,2026mnum,Week 5,5464,10,-0.0,25.123,-33.713
2026,2026mnum,Week 5,2526,11,-0.0,25.325,-31.038
2026,2026mnum,Week 5,8234,10,-0.0,20.929,-32.532
2026,2026mnum,Week 5,10490,10,-0.0,24.614,-36.738
2026,2026mnum,Week 5,6147,10,-0.0,32.183,-58.87
2026,2026mnum,Week 5,7273,10,-0.0,29.726,-58.87
2026,2026mnum,Week 5,2207,10,-0.0,29.446,-58.87
2026,2026mnum,Week 5,3042,10,-0.0,28.73,-67.714
2026,2026mnum,Week 5,5271,10,0.0,19.071,-38.511
2026,2026mnum,Week 5,10479,10,0.0,43.51,-69.46
2026,2026mnum,Week 5,2574,11,-0.0,24.593,-45.229
2026,2026mnum,Week 5,3293,10,-0.0,39.169,-67.714
2026,2026mnum,Week 5,2472,10,-0.0,36.433,-41.257
2026,2026mnum,Week 5,2513,10,-0.0,14.706,-28.409
2026,2026mnum,Week 5,3630,10,0.0,31.198,-41.257
2026,2026mnum,Week 5,2606,10,0.0,27.314,-63.75
2026,2026mnum,Week 5,8878,10,-0.0,19.211,-41.05
2026,2026mnum,Week 5,8787,10,-0.0,24.789,-51.59
2026,2026mnum,Week 5,3100,10,-0.0,34.622,-36.738
2026,2026mnum,Week 5,4198,10,-0.0,17.658,-19.667
2026,2026mnum,Week 5,4655,10,-0.0,35.112,-69.46
2026,2026mnum,Week 5,3751,10,0.0,24.723,-41.19
2026,2026mnum,Week 5,2052,10,-0.0,22.361,-38.511
2026,2026mnum,Week 5,2502,10,-0.0,31.067,-69.46
2026,2026mnum,Week 5,9157,10,-0.0,23.562,-33.38
2026,2026mnum,Week 5,3206,10,-0.0,31.689,-59.572
2026,2026mnum,Week 5,2518,10,0.0,19.126,-32.532
2026,2026mnum,Week 5,3130,10,0.0,30.049,-59.629
2026,2026mnum,Week 5,3691,10,0.0,24.664,-33.8
2026,2026mnum,Week 5,3891,10,-0.0,27.736,-59.629
2026,2026mnum,Week 5,6909,10,-0.0,28.38,-37.003
2026,2026mnum,Week 5,2500,10,-0.0,24.673,-59.747
2026,2026mnum,Week 5,10950,10,0.0,25.834,-58.994
2026,2026mnum,Week 5,4166,10,-0.0,19.846,-37.003
2026,2026mnum,Week 5,2175,10,-0.0,29.292,-59.747
2026,2026mnum,Week 5,2549,10,-0.0,31.853,-59.572
2026,2026mnum,Week 5,5996,10,-0.0,27.834,-41.257
2026,2026mnum,Week 5,2264,10,0.0,20.419,-36.495
2026,2026mnum,Week 5,2225,10,-0.0,27.787,-51.59
2026,2026mose,Week 5,10435,10,0.0,54.363,-90.16
2026,2026mose,Week 5,2457,10,0.0,31.948,-56.261
2026,2026mose,Week 5,7064,10,0.0,12.409,-22.723
2026,2026mose,Week 5,8112,10,0.0,42.451,-90.16
2026,2026mose,Week 5,2357,10,-0.0,51.527,-76.266
2026,2026mose,Week 5,1810,10,0.0,37.252,-89.601
2026,2026mose,Week 5,6843,10,-0.0,29.392,-54.627
2026,2026mose,Week 5,757,10,-0.0,30.793,-47.75
2026,2026mose,Week 5,10453,10,-0.0,23.004,-37.861
2026,2026mose,Week 5,2220,11,-0.0,33.995,-74.08
2026,2026mose,Week 5,9626,10,-0.0,41.437,-89.601
2026,2026mose,Week 5,9410,10,-0.0,36.262,-59.409
2026,2026mose,Week 5,8825,10,0.0,33.104,-47.381
2026,2026mose,Week 5,1986,10,-0.0,36.636,-65.53
2026,2026mose,Week 5,1625,10,0.0,35.465,-54.793
2026,2026mose,Week 5,10225,10,0.0,43.57,-76.266
2026,2026mose,Week 5,6017,10,-0.0,41.236,-74.08
2026,2026mose,Week 5,1994,10,-0.0,28.411,-37.861
2026,2026mose,Week 5,4624,10,-0.0,36.878,-51.87
2026,2026mose,Week 5,1827,10,0.0,25.254,-51.87
2026,2026mose,Week 5,5041,10,0.0,47.404,-65.53
2026,2026mose,Week 5,9316,10,-0.0,29.104,-47.381
2026,2026mose,Week 5,1987,10,0.0,41.349,-72.495
2026,2026mose,Week 5,1769,10,0.0,41.395,-90.16
2026,2026mose,Week 5,5126,10,-0.0,40.188,-76.266
2026,2026mose,Week 5,8880,11,-0.0,33.126,-54.793
2026,2026mose,Week 5,935,10,0.0,24.419,-59.409
2026,2026mose,Week 5,1847,10,0.0,26.026,-29.133
2026,2026mose,Week 5,2704,10,0.0,34.95,-45.239
2026,2026mose,Week 5,11171,10,-0.0,40.465,-72.495
2026,2026mose,Week 5,4455,10,-0.0,43.214,-89.601
2026,2026mose,Week 5,5013,10,0.0,29.628,-43.669
2026,2026mose,Week 5,1763,10,-0.0,16.768,-30.867
2026,2026mose,Week 5,5098,10,-0.0,14.47,-21.07
2026,2026mose,Week 5,4959,10,0.0,24.967,-40.076
2026,2026mose,Week 5,8740,10,-0.0,35.575,-49.754
2026,2026mose,Week 5,937,10,-0.0,46.442,-56.261
2026,2026mose,Week 5,7102,10,-0.0,36.419,-56.261
2026,2026mose,Week 5,10333,10,-0.0,26.46,-45.239
2026,2026mose,Week 5,7483,10,-0.0,23.736,-36.242
2026,2026oktu,Week 5,3313,10,0.0,34.443,-66.432
2026,2026oktu,Week 5,3465,10,-0.0,38.984,-41.841
2026,2026oktu,Week 5,2341,11,-0.0,50.595,-117.803
2026,2026oktu,Week 5,6026,10,0.0,36.501,-53.896
2026,2026oktu,Week 5,9244,10,0.0,39.503,-48.346
2026,2026oktu,Week 5,3134,10,-0.0,62.063,-112.664
2026,2026oktu,Week 5,9631,10,-0.0,37.554,-62.904
2026,2026oktu,Week 5,2333,10,-0.0,38.764,-63.193
2026,2026oktu,Week 5,3277,10,0.0,46.124,-117.803
2026,2026oktu,Week 5,5454,10,0.0,58.269,-95.371
2026,2026oktu,Week 5,3275,10,0.0,31.511,-42.455
2026,2026oktu,Week 5,2165,11,0.0,49.58,-110.405
2026,2026oktu,Week 5,10980,10,-0.0,58.441,-94.148
2026,2026oktu,Week 5,2359,10,0.0,34.966,-49.809
2026,2026oktu,Week 5,5653,10,0.0,46.59,-95.371
2026,2026oktu,Week 5,31,10,0.0,34.472,-66.432
2026,2026oktu,Week 5,2345,10,0.0,22.177,-43.503
2026,2026oktu,Week 5,10377,10,-0.0,34.169,-48.743
2026,2026oktu,Week 5,4523,10,-0.0,51.508,-117.803
2026,2026oktu,Week 5,9472,10,-0.0,25.495,-50.446
2026,2026oktu,Week 5,498,10,0.0,63.35,-110.405
2026,2026oktu,Week 5,3278,10,-0.0,30.446,-49.809
2026,2026oktu,Week 5,2718,10,-0.0,29.1,-46.267
2026,2026oktu,Week 5,6353,10,-0.0,45.295,-68.758
2026,2026oktu,Week 5,1819,10,-0.0,16.497,-28.358
2026,2026oktu,Week 5,4005,10,0.0,45.361,-73.165
2026,2026oktu,Week 5,1775,10,-0.0,18.343,-23.236
2026,2026oktu,Week 5,1561,10,0.0,55.786,-112.664
2026,2026oktu,Week 5,9007,10,-0.0,32.627,-68.758
2026,2026oktu,Week 5,2373,10,-0.0,74.057,-94.148
2026,2026oktu,Week 5,3179,10,0.0,44.351,-78.247
2026,2026oktu,Week 5,5550,10,-0.0,33.256,-78.247
2026,2026oktu,Week 5,2773,10,0.0,38.289,-78.247
2026,2026oktu,Week 5,6424,10,-0.0,29.652,-68.349
2026,2026oktu,Week 5,1209,10,-0.0,59.667,-110.405
2026,2026oktu,Week 5,2403,10,-0.0,50.395,-85.848
2026,2026oktu,Week 5,4403,10,-0.0,54.164,-112.664
2026,2026oktu,Week 5,10626,10,-0.0,35.459,-42.669
2026,2026oktu,Week 5,3163,10,-0.0,33.193,-53.094
2026,2026oktu,Week 5,10661,10,-0.0,36.951,-85.848
2026,2026oktu,Week 5,9498,10,-0.0,27.922,-50.446
2026,2026oktu,Week 5,3160,10,-0.0,45.172,-94.148
2026,2026oktu,Week 5,1832,10,0.0,34.888,-41.856
2026,2026oktu,Week 5,9462,10,-0.0,43.54,-62.904
2026,2026oktu,Week 5,8711,10,-0.0,37.623,-68.349
2026,2026oktu,Week 5,2352,10,0.0,32.906,-43.503
2026,2026gagai,Week 5,8761,12,0.0,26.289,-44.698
2026,2026gagai,Week 5,5293,12,-0.0,29.492,-23.479
2026,2026gagai,Week 5,6340,12,-0.0,25.272,-36.352
2026,2026gagai,Week 5,6705,12,-0.0,48.338,-82.067
2026,2026gagai,Week 5,5651,12,-0.0,28.03,-25.549
2026,2026gagai,Week 5,3815,12,-0.0,40.288,-57.441
2026,2026gagai,Week 5,2415,12,-0.0,20.982,-35.943
2026,2026gagai,Week 5,1683,12,-0.0,39.616,-66.23
2026,2026gagai,Week 5,9522,12,-0.0,27.101,-30.669
2026,2026gagai,Week 5,4189,12,-0.0,48.328,-82.067
2026,2026gagai,Week 5,9086,12,-0.0,28.856,-44.23
2026,2026gagai,Week 5,11174,12,-0.0,27.547,-39.847
2026,2026gagai,Week 5,1746,12,-0.0,39.863,-57.441
2026,2026gagai,Week 5,6712,12,-0.0,31.185,-59.352
2026,2026gagai,Week 5,10482,12,0.0,28.866,-56.803
2026,2026gagai,Week 5,9582,12,-0.0,29.521,-57.441
2026,2026gagai,Week 5,3318,12,-0.0,36.3,-44.698
2026,2026gagai,Week 5,1414,12,-0.0,35.983,-56.718
2026,2026gagai,Week 5,5219,12,0.0,25.427,-37.313
2026,2026gagai,Week 5,8815,12,0.0,25.013,-35.404
2026,2026gagai,Week 5,8865,12,-0.0,39.31,-59.352
2026,2026gagai,Week 5,1795,12,-0.0,30.849,-35.404
2026,2026gagai,Week 5,3344,12,-0.0,37.354,-58.747
2026,2026gagai,Week 5,9561,12,-0.0,38.235,-56.718
2026,2026gagai,Week 5,8080,12,0.0,51.062,-95.109
2026,2026gagai,Week 5,4509,12,-0.0,44.062,-95.109
2026,2026gagai,Week 5,8577,12,-0.0,42.892,-95.109
2026,2026gagai,Week 5,8849,12,0.0,75.252,-182.762
2026,2026gagai,Week 5,4459,12,-0.0,60.564,-182.762
2026,2026gagai,Week 5,1833,12,-0.0,65.703,-182.762
2026,2026inwas,Week 5,7198,12,-0.0,42.626,-83.209
2026,2026inwas,Week 5,9491,12,0.0,24.314,-34.557
2026,2026inwas,Week 5,10029,12,-0.0,28.152,-62.205
2026,2026inwas,Week 5,9554,12,0.0,35.498,-75.629
2026,2026inwas,Week 5,6498,12,0.0,31.215,-75.629
2026,2026inwas,Week 5,5188,12,0.0,41.318,-83.209
2026,2026inwas,Week 5,8742,12,0.0,18.586,-25.242
2026,2026inwas,Week 5,7657,12,-0.0,22.249,-60.996
2026,2026inwas,Week 5,9453,12,0.0,25.928,-60.879
2026,2026inwas,Week 5,8116,12,-0.0,28.75,-62.205
2026,2026inwas,Week 5,4926,12,0.0,25.294,-53.723
2026,2026inwas,Week 5,8430,12,0.0,15.838,-19.967
2026,2026inwas,Week 5,1747,12,0.0,19.174,-34.699
2026,2026inwas,Week 5,5484,12,0.0,25.648,-60.996
2026,2026inwas,Week 5,3940,12,-0.0,38.076,-53.723
2026,2026inwas,Week 5,761,12,0.0,29.965,-60.879
2026,2026inwas,Week 5,7617,12,0.0,20.841,-56.719
2026,2026inwas,Week 5,3559,12,0.0,16.42,-26.525
2026,2026inwas,Week 5,447,12,-0.0,38.6,-60.996
2026,2026inwas,Week 5,4485,12,0.0,27.79,-40.679
2026,2026inwas,Week 5,9790,12,-0.0,30.124,-60.879
2026,2026inwas,Week 5,234,12,0.0,23.963,-53.723
2026,2026inwas,Week 5,1720,12,-0.0,34.804,-62.205
2026,2026inwas,Week 5,868,12,0.0,30.079,-83.209
2026,2026inwas,Week 5,2197,12,-0.0,22.874,-23.446
2026,2026miliv,Week 5,5843,12,-0.0,36.542,-72.29
2026,2026miliv,Week 5,8297,12,0.0,30.892,-74.61
2026,2026miliv,Week 5,10590,12,0.0,34.484,-60.139
2026,2026miliv,Week 5,5533,12,-0.0,50.259,-99.937
2026,2026miliv,Week 5,6152,12,-0.0,47.597,-106.014
2026,2026miliv,Week 5,123,12,-0.0,46.675,-81.528
2026,2026miliv,Week 5,7553,12,-0.0,41.614,-92.195
2026,2026miliv,Week 5,3538,12,-0.0,60.315,-74.61
2026,2026miliv,Week 5,7147,12,-0.0,47.067,-81.734
2026,2026miliv,Week 5,10672,12,0.0,30.358,-61.609
2026,2026miliv,Week 5,11455,12,0.0,33.019,-61.609
2026,2026miliv,Week 5,4768,12,0.0,43.758,-61.609
2026,2026miliv,Week 5,3414,12,0.0,40.125,-60.2
2026,2026miliv,Week 5,9735,12,-0.0,31.104,-81.528
2026,2026miliv,Week 5,7145,12,0.0,36.688,-63.114
2026,2026miliv,Week 5,9751,12,-0.0,30.134,-48.074
2026,2026miliv,Week 5,1481,12,0.0,38.693,-60.757
2026,2026miliv,Week 5,9572,12,-0.0,41.207,-63.114
2026,2026miliv,Week 5,8115,12,-0.0,50.488,-81.528
2026,2026miliv,Week 5,5467,12,0.0,25.362,-36.529
2026,2026miliv,Week 5,8623,12,0.0,39.64,-76.862
2026,2026miliv,Week 5,7174,12,-0.0,63.059,-106.014
2026,2026miliv,Week 5,5907,12,0.0,60.361,-99.937
2026,2026miliv,Week 5,2604,12,0.0,35.463,-71.427
2026,2026miliv,Week 5,10664,12,0.0,52.462,-92.195
2026,2026miliv,Week 5,8426,12,0.0,31.208,-59.774
2026,2026miliv,Week 5,1189,12,-0.0,62.267,-76.862
2026,2026miliv,Week 5,8427,12,0.0,36.352,-63.114
2026,2026miliv,Week 5,6099,12,-0.0,40.764,-87.351
2026,2026miliv,Week 5,9205,12,-0.0,55.506,-92.195
2026,2026miliv,Week 5,10659,12,0.0,32.541,-87.351
2026,2026miliv,Week 5,1250,12,-0.0,37.79,-60.757
2026,2026miliv,Week 5,5050,12,-0.0,31.467,-40.633
2026,2026miliv,Week 5,5559,12,-0.0,43.003,-76.862
2026,2026miliv,Week 5,830,12,-0.0,61.687,-106.014
2026,2026miliv,Week 5,6914,12,0.0,50.656,-99.937
2026,2026miliv,Week 5,27,12,-0.0,74.49,-201.532
2026,2026miliv,Week 5,6861,12,-0.0,73.664,-201.532
2026,2026miliv,Week 5,11361,12,-0.0,67.077,-201.532
2026,2026miliv,Week 5,4405,12,-0.0,51.709,-74.61
2026,2026miliv,Week 5,2832,12,-0.0,41.98,-71.427
2026,2026mitr2,Week 5,2048,12,0.0,30.904,-52.606
2026,2026mitr2,Week 5,9558,12,0.0,36.044,-47.131
2026,2026mitr2,Week 5,818,12,0.0,30.447,-47.131
2026,2026mitr2,Week 5,7188,12,0.0,42.553,-65.297
2026,2026mitr2,Week 5,10349,12,0.0,35.182,-58.276
2026,2026mitr2,Week 5,5531,12,0.0,39.154,-82.882
2026,2026mitr2,Week 5,51,12,0.0,57.912,-149.803
2026,2026mitr2,Week 5,7716,12,0.0,24.537,-39.222
2026,2026mitr2,Week 5,5239,12,0.0,24.607,-43.412
2026,2026mitr2,Week 5,4758,12,0.0,35.427,-48.482
2026,2026mitr2,Week 5,3667,12,0.0,51.968,-149.803
2026,2026mitr2,Week 5,2673,12,0.0,37.93,-44.945
2026,2026mitr2,Week 5,2960,12,0.0,40.121,-63.122
2026,2026mitr2,Week 5,5695,12,0.0,21.13,-39.283
2026,2026mitr2,Week 5,2591,12,0.0,35.959,-52.606
2026,2026mitr2,Week 5,7196,12,-0.0,29.696,-31.161
2026,2026mitr2,Week 5,2224,12,0.0,36.294,-58.276
2026,2026mitr2,Week 5,10690,12,0.0,33.738,-88.235
2026,2026mitr2,Week 5,9727,12,0.0,30.675,-63.122
2026,2026mitr2,Week 5,6566,12,0.0,36.511,-82.882
2026,2026mitr2,Week 5,9679,12,0.0,25.501,-39.495
2026,2026mitr2,Week 5,5901,12,0.0,39.966,-65.297
2026,2026mitr2,Week 5,1025,12,0.0,39.423,-63.043
2026,2026mitr2,Week 5,1701,12,0.0,43.687,-59.673
2026,2026mitr2,Week 5,503,12,0.0,65.571,-149.803
2026,2026mitr2,Week 5,3096,12,0.0,36.525,-63.122
2026,2026mitr2,Week 5,3619,12,0.0,44.851,-103.88
2026,2026mitr2,Week 5,6616,12,0.0,36.698,-63.043
2026,2026mitr2,Week 5,4851,12,0.0,40.25,-103.88
2026,2026mitr2,Week 5,8352,12,-0.0,32.667,-49.703
2026,2026mitr2,Week 5,247,12,0.0,38.647,-49.959
2026,2026mitr2,Week 5,11457,12,0.0,31.464,-59.673
2026,2026mitr2,Week 5,217,12,0.0,20.665,-25.727
2026,2026mitr2,Week 5,5756,12,0.0,33.363,-31.565
2026,2026mitr2,Week 5,6096,12,0.0,36.992,-88.235
2026,2026mitr2,Week 5,5642,12,0.0,25.585,-34.295
2026,2026mitr2,Week 5,8280,12,0.0,54.245,-103.88
2026,2026mitr2,Week 5,9212,12,0.0,19.23,-28.965
2026,2026mitr2,Week 5,11461,12,0.0,33.768,-58.276
2026,2026mitr2,Week 5,11473,12,0.0,32.981,-39.222
2026,2026paphi,Week 5,365,12,0.0,18.082,-27.669
2026,2026paphi,Week 5,10949,12,0.0,28.776,-46.56
2026,2026paphi,Week 5,2180,12,0.0,27.572,-52.815
2026,2026paphi,Week 5,204,12,0.0,19.567,-28.872
2026,2026paphi,Week 5,10143,12,0.0,26.147,-41.213
2026,2026paphi,Week 5,1811,12,0.0,38.742,-89.845
2026,2026paphi,Week 5,10918,12,0.0,19.459,-32.336
2026,2026paphi,Week 5,5789,12,0.0,29.249,-52.815
2026,2026paphi,Week 5,1391,12,0.0,43.475,-77.919
2026,2026paphi,Week 5,501,12,0.0,26.602,-52.815
2026,2026paphi,Week 5,2016,12,0.0,38.332,-83.247
2026,2026paphi,Week 5,6921,12,0.0,25.07,-40.372
2026,2026paphi,Week 5,8630,12,0.0,33.65,-45.23
2026,2026paphi,Week 5,321,12,0.0,37.168,-77.919
2026,2026paphi,Week 5,2720,12,0.0,37.177,-89.845
2026,2026paphi,Week 5,10979,12,0.0,25.08,-51.909
2026,2026paphi,Week 5,1218,12,0.0,28.003,-51.909
2026,2026paphi,Week 5,816,12,0.0,29.225,-51.909
2026,2026paphi,Week 5,10600,12,0.0,35.468,-77.919
2026,2026paphi,Week 5,714,12,0.0,32.873,-83.247
2026,2026paphi,Week 5,10170,12,0.0,24.094,-40.372
2026,2026paphi,Week 5,708,12,0.0,28.175,-53.58
2026,2026paphi,Week 5,4575,12,0.0,25.192,-53.58
2026,2026paphi,Week 5,203,12,0.0,29.047,-53.58
2026,2026paphi,Week 5,4638,12,0.0,33.51,-43.43
2026,2026paphi,Week 5,10989,12,0.0,30.975,-39.342
2026,2026paphi,Week 5,1279,12,0.0,20.897,-34.596
2026,2026paphi,Week 5,423,12,0.0,25.62,-46.56
2026,2026paphi,Week 5,9014,12,0.0,24.359,-43.43
2026,2026paphi,Week 5,9094,12,0.0,46.839,-89.845
2026,2026paphi,Week 5,6808,12,0.0,26.958,-46.56
2026,2026vtbur,Week 5,10910,12,-0.0,37.792,-73.818
2026,2026vtbur,Week 5,9101,12,0.0,37.434,-73.818
2026,2026vtbur,Week 5,5687,12,0.0,63.001,-90.574
2026,2026vtbur,Week 5,9096,12,0.0,49.888,-107.589
2026,2026vtbur,Week 5,319,12,-0.0,47.424,-107.589
2026,2026vtbur,Week 5,10138,12,-0.0,42.844,-107.589
2026,2026vtbur,Week 5,11175,12,-0.0,28.685,-46.305
2026,2026vtbur,Week 5,10066,12,0.0,44.477,-88.01
2026,2026vtbur,Week 5,10945,12,0.0,39.913,-90.574
2026,2026vtbur,Week 5,6690,12,-0.0,46.81,-71.08
2026,2026vtbur,Week 5,11468,12,0.0,37.863,-45.853
2026,2026vtbur,Week 5,138,12,0.0,49.51,-84.399
2026,2026vtbur,Week 5,4909,12,-0.0,48.128,-105.531
2026,2026vtbur,Week 5,10937,12,-0.0,61.142,-112.655
2026,2026vtbur,Week 5,6329,12,-0.0,55.682,-105.531
2026,2026vtbur,Week 5,195,12,-0.0,49.321,-112.655
2026,2026vtbur,Week 5,1247,12,-0.0,40.514,-42.784
2026,2026vtbur,Week 5,95,12,-0.0,57.832,-137.918
2026,2026vtbur,Week 5,6933,12,-0.0,36.599,-90.574
2026,2026vtbur,Week 5,10108,12,-0.0,48.727,-112.655
2026,2026vtbur,Week 5,166,12,-0.0,43.737,-62.268
2026,2026vtbur,Week 5,2342,12,0.0,36.26,-43.742
2026,2026vtbur,Week 5,9056,12,-0.0,33.127,-43.742
2026,2026vtbur,Week 5,8421,12,0.0,56.67,-65.84
2026,2026vtbur,Week 5,8708,12,0.0,42.758,-68.137
2026,2026vtbur,Week 5,2523,12,0.0,36.257,-71.08
2026,2026vtbur,Week 5,11269,12,0.0,55.355,-137.918
2026,2026vtbur,Week 5,839,12,0.0,43.358,-50.144
2026,2026vtbur,Week 5,1512,12,0.0,54.393,-68.137
2026,2026vtbur,Week 5,125,12,-0.0,45.675,-88.01
2026,2026vtbur,Week 5,8085,12,-0.0,38.652,-56.261
2026,2026vtbur,Week 5,1073,12,-0.0,60.27,-137.918
2026,2026vtbur,Week 5,6153,12,0.0,42.112,-71.08
2026,2026vtbur,Week 5,1729,12,0.0,51.616,-88.01
2026,2026txama,Week 5,6768,12,0.0,21.504,-40.819
2026,2026txama,Week 5,8732,12,0.0,33.138,-72.971
2026,2026txama,Week 5,4206,12,-0.0,54.178,-105.062
2026,2026txama,Week 5,7540,12,0.0,28.639,-59.748
2026,2026txama,Week 5,5411,12,0.0,42.378,-59.748
2026,2026txama,Week 5,10312,12,0.0,37.154,-59.748
2026,2026txama,Week 5,5866,12,0.0,37.902,-43.603
2026,2026txama,Week 5,6526,12,0.0,25.008,-40.442
2026,2026txama,Week 5,6974,12,-0.0,23.562,-35.838
2026,2026txama,Week 5,4734,12,-0.0,34.397,-54.039
2026,2026txama,Week 5,9105,12,0.0,39.793,-59.766
2026,2026txama,Week 5,9457,12,0.0,41.045,-46.86
2026,2026txama,Week 5,3561,12,-0.0,33.648,-59.766
2026,2026txama,Week 5,6773,12,-0.0,51.446,-105.062
2026,2026txama,Week 5,4192,12,0.0,29.321,-54.039
2026,2026txama,Week 5,8528,12,0.0,24.941,-46.955
2026,2026txama,Week 5,5613,12,0.0,26.978,-46.955
2026,2026txama,Week 5,6369,12,0.0,36.067,-77.205
2026,2026txama,Week 5,9080,12,-0.0,30.388,-55.197
2026,2026txama,Week 5,4153,12,0.0,30.129,-77.205
2026,2026txama,Week 5,1164,12,-0.0,23.955,-43.603
2026,2026txama,Week 5,11200,12,0.0,36.365,-59.766
2026,2026txama,Week 5,8512,12,0.0,19.855,-24.77
2026,2026txama,Week 5,9136,12,-0.0,50.927,-105.062
2026,2026txama,Week 5,3310,12,-0.0,41.623,-72.971
2026,2026txama,Week 5,2657,12,0.0,31.775,-54.039
2026,2026txama,Week 5,4063,12,0.0,28.427,-45.099
2026,2026txama,Week 5,7271,12,-0.0,23.292,-50.103
2026,2026txama,Week 5,11469,12,-0.0,27.722,-45.099
2026,2026txama,Week 5,9492,12,0.0,14.0,-24.77
2026,2026txama,Week 5,10994,12,0.0,22.553,-40.442
2026,2026txcl2,Week 5,118,12,-0.0,16.512,-37.564
2026,2026txcl2,Week 5,2585,12,-0.0,46.192,-105.373
2026,2026txcl2,Week 5,5829,12,-0.0,28.03,-43.782
2026,2026txcl2,Week 5,9512,12,-0.0,32.129,-56.837
2026,2026txcl2,Week 5,3676,12,-0.0,32.187,-56.837
2026,2026txcl2,Week 5,9307,12,0.0,32.595,-56.837
2026,2026txcl2,Week 5,7091,12,-0.0,23.846,-42.396
2026,2026txcl2,Week 5,11242,12,-0.0,29.88,-50.616
2026,2026txcl2,Week 5,9181,12,-0.0,15.677,-20.674
2026,2026txcl2,Week 5,10904,12,-0.0,40.62,-78.944
2026,2026txcl2,Week 5,231,12,-0.0,29.393,-58.861
2026,2026txcl2,Week 5,2969,12,-0.0,29.918,-58.861
2026,2026txcl2,Week 5,5908,12,0.0,26.674,-42.545
2026,2026txcl2,Week 5,3847,12,-0.0,49.05,-134.549
2026,2026txcl2,Week 5,127,12,-0.0,39.928,-45.114
2026,2026txcl2,Week 5,9658,12,0.0,14.717,-33.563
2026,2026txcl2,Week 5,2882,12,-0.0,47.44,-134.549
2026,2026txcl2,Week 5,8515,12,0.0,49.676,-105.373
2026,2026txcl2,Week 5,3728,12,-0.0,39.033,-42.027
2026,2026txcl2,Week 5,5986,12,-0.0,30.403,-54.617
2026,2026txcl2,Week 5,11132,12,-0.0,28.295,-42.027
2026,2026txcl2,Week 5,4587,12,0.0,20.308,-43.782
2026,2026txcl2,Week 5,7691,12,-0.0,50.629,-104.762
2026,2026txcl2,Week 5,7312,12,-0.0,25.849,-41.837
2026,2026txcl2,Week 5,7616,12,-0.0,52.41,-134.549
2026,2026txcl2,Week 5,5070,12,-0.0,26.387,-41.502
2026,2026txcl2,Week 5,5427,12,-0.0,32.121,-50.616
2026,2026txcl2,Week 5,324,12,-0.0,43.326,-105.373
2026,2026txcl2,Week 5,6488,12,-0.0,24.289,-50.616
2026,2026txcl2,Week 5,3735,12,-0.0,19.152,-29.529
2026,2026txcl2,Week 5,457,12,-0.0,46.454,-104.762
2026,2026txcl2,Week 5,3481,12,-0.0,28.443,-47.71
2026,2026txcl2,Week 5,8576,12,0.0,40.799,-104.762
2026,2026txcl2,Week 5,2587,12,-0.0,31.264,-78.944
2026,2026txdri,Week 5,4328,12,-0.0,23.157,-32.665
2026,2026txdri,Week 5,2468,12,-0.0,30.677,-54.782
2026,2026txdri,Week 5,5503,12,-0.0,30.166,-67.336
2026,2026txdri,Week 5,4639,12,-0.0,49.045,-67.336
2026,2026txdri,Week 5,2687,12,-0.0,36.626,-65.548
2026,2026txdri,Week 5,10913,12,-0.0,30.817,-65.548
2026,2026txdri,Week 5,9137,12,-0.0,27.354,-36.166
2026,2026txdri,Week 5,7521,12,-0.0,27.206,-57.449
2026,2026txdri,Week 5,4219,12,-0.0,30.582,-34.997
2026,2026txdri,Week 5,4332,12,-0.0,21.957,-27.653
2026,2026txdri,Week 5,9577,12,-0.0,28.911,-34.483
2026,2026txdri,Week 5,2158,12,-0.0,28.002,-29.753
2026,2026txdri,Week 5,3035,12,-0.0,30.12,-44.861
2026,2026txdri,Week 5,4364,12,-0.0,21.945,-32.362
2026,2026txdri,Week 5,9478,12,-0.0,29.566,-41.681
2026,2026txdri,Week 5,7088,12,-0.0,24.971,-41.681
2026,2026txdri,Week 5,6357,12,-0.0,33.243,-41.681
2026,2026txdri,Week 5,8088,12,-0.0,33.771,-54.782
2026,2026txdri,Week 5,9311,12,-0.0,25.097,-31.004
2026,2026txdri,Week 5,10385,12,-0.0,38.348,-54.782
2026,2026txdri,Week 5,8114,12,-0.0,19.791,-33.669
2026,2026txdri,Week 5,11224,12,-0.0,31.225,-41.681
2026,2026txdri,Week 5,9444,12,-0.0,35.488,-67.336
2026,2026txdri,Week 5,2950,12,-0.0,33.323,-59.44
2026,2026txdri,Week 5,5894,12,-0.0,29.923,-57.449
2026,2026txdri,Week 5,11169,12,-0.0,30.278,-59.44
2026,2026txdri,Week 5,4597,12,-0.0,17.497,-27.653
2026,2026txdri,Week 5,7138,12,-0.0,21.413,-41.275
2026,2026txdri,Week 5,2689,12,-0.0,22.215,-39.929
2026,2026txdri,Week 5,10032,12,-0.0,28.548,-39.539
2026,2026txdri,Week 5,8507,12,-0.0,22.537,-32.665
2026,2026wilax,Week 5,2826,12,0.0,33.59,-41.695
2026,2026wilax,Week 5,4021,12,0.0,51.149,-116.466
2026,2026wilax,Week 5,11258,12,0.0,26.742,-50.667
2026,2026wilax,Week 5,5903,12,0.0,48.852,-88.913
2026,2026wilax,Week 5,2143,12,0.0,38.77,-97.597
2026,2026wilax,Week 5,8782,12,0.0,46.124,-79.424
2026,2026wilax,Week 5,6574,12,0.0,69.655,-158.224
2026,2026wilax,Week 5,4054,12,0.0,29.927,-52.439
2026,2026wilax,Week 5,6166,12,0.0,35.74,-68.901
2026,2026wilax,Week 5,9149,12,0.0,31.115,-57.241
2026,2026wilax,Week 5,8024,12,0.0,32.023,-71.626
2026,2026wilax,Week 5,6732,12,0.0,37.792,-48.844
2026,2026wilax,Week 5,8744,12,0.0,39.743,-71.626
2026,2026wilax,Week 5,171,12,0.0,44.435,-79.424
2026,2026wilax,Week 5,930,12,0.0,63.859,-116.466
2026,2026wilax,Week 5,1259,12,0.0,65.064,-158.224
2026,2026wilax,Week 5,706,12,0.0,45.254,-84.939
2026,2026wilax,Week 5,9578,12,0.0,41.604,-75.509
2026,2026wilax,Week 5,2194,12,0.0,45.687,-75.509
2026,2026wilax,Week 5,5826,12,0.0,33.672,-59.122
2026,2026wilax,Week 5,11139,12,0.0,41.968,-57.239
2026,2026wilax,Week 5,3692,12,0.0,44.013,-84.939
2026,2026wilax,Week 5,5586,12,0.0,52.616,-104.916
2026,2026wilax,Week 5,3418,12,0.0,30.645,-88.913
2026,2026wilax,Week 5,1716,12,0.0,47.825,-116.466
2026,2026wilax,Week 5,135,12,0.0,38.31,-79.424
2026,2026wilax,Week 5,10264,12,0.0,62.578,-158.224
2026,2026wilax,Week 5,4531,12,0.0,45.907,-75.509
2026,2026wilax,Week 5,11158,12,0.0,28.384,-48.061
2026,2026wilax,Week 5,1792,12,0.0,51.935,-104.916
2026,2026wilax,Week 5,7619,12,0.0,52.662,-104.916
2026,2026wilax,Week 5,8700,12,0.0,37.065,-68.901
2026,2026wilax,Week 5,5019,12,0.0,36.287,-57.241
2026,2026wilax,Week 5,3381,12,0.0,39.605,-48.844
2026,2026caasv,Week 5,696,12,0.0,57.34,-84.479
2026,2026caasv,Week 5,3863,12,0.0,67.372,-196.528
2026,2026caasv,Week 5,399,12,0.0,32.708,-58.797
2026,2026caasv,Week 5,4738,12,0.0,27.397,-42.241
2026,2026caasv,Week 5,2659,12,-0.0,53.687,-93.108
2026,2026caasv,Week 5,6060,12,0.0,34.305,-67.929
2026,2026caasv,Week 5,2839,12,0.0,42.753,-110.051
2026,2026caasv,Week 5,980,12,0.0,57.068,-142.523
2026,2026caasv,Week 5,5012,12,0.0,62.63,-177.555
2026,2026caasv,Week 5,7419,12,0.0,33.832,-48.758
2026,2026caasv,Week 5,1515,12,0.0,29.352,-67.929
2026,2026caasv,Week 5,2543,12,0.0,61.112,-177.555
2026,2026caasv,Week 5,11096,12,0.0,28.605,-49.436
2026,2026caasv,Week 5,3341,12,0.0,37.629,-77.776
2026,2026caasv,Week 5,687,12,0.0,71.74,-177.555
2026,2026caasv,Week 5,691,12,0.0,34.327,-77.776
2026,2026caasv,Week 5,4419,12,0.0,48.919,-110.051
2026,2026caasv,Week 5,1452,12,-0.0,50.023,-144.217
2026,2026caasv,Week 5,589,12,0.0,35.382,-58.728
2026,2026caasv,Week 5,8119,12,0.0,67.536,-144.217
2026,2026caasv,Week 5,3749,12,0.0,30.351,-60.434
2026,2026caasv,Week 5,2073,12,0.0,71.834,-173.137
2026,2026caasv,Week 5,8768,12,0.0,55.725,-144.217
2026,2026caasv,Week 5,846,12,0.0,81.989,-196.528
2026,2026caasv,Week 5,6658,12,-0.0,45.318,-84.479
2026,2026caasv,Week 5,9471,12,0.0,49.648,-97.406
2026,2026caasv,Week 5,7607,12,0.0,65.348,-173.137
2026,2026caasv,Week 5,9615,12,0.0,73.263,-196.528
2026,2026caasv,Week 5,2637,12,0.0,58.965,-142.523
2026,2026caasv,Week 5,9706,12,0.0,60.957,-173.137
2026,2026caasv,Week 5,5869,12,0.0,37.863,-60.434
2026,2026caasv,Week 5,294,12,0.0,47.68,-97.406
2026,2026caasv,Week 5,1622,12,0.0,51.92,-97.406
2026,2026caasv,Week 5,2404,12,0.0,60.533,-142.523
2026,2026cacac,Week 5,751,12,-0.0,26.445,-46.421
2026,2026cacac,Week 5,5507,12,-0.0,33.223,-56.002
2026,2026cacac,Week 5,7667,12,-0.0,25.714,-63.78
2026,2026cacac,Week 5,4159,12,-0.0,42.292,-76.285
2026,2026cacac,Week 5,5458,12,-0.0,42.565,-56.002
2026,2026cacac,Week 5,7137,12,-0.0,40.57,-101.113
2026,2026cacac,Week 5,8404,12,-0.0,28.619,-76.285
2026,2026cacac,Week 5,8840,12,-0.0,41.526,-38.416
2026,2026cacac,Week 5,3189,12,-0.0,26.706,-35.3
2026,2026cacac,Week 5,8,12,-0.0,59.073,-101.113
2026,2026cacac,Week 5,8048,12,-0.0,47.818,-66.348
2026,2026cacac,Week 5,10212,12,-0.0,32.032,-59.825
2026,2026cacac,Week 5,5924,12,-0.0,28.908,-44.988
2026,2026cacac,Week 5,11463,12,-0.0,37.168,-44.988
2026,2026cacac,Week 5,1458,12,-0.0,30.781,-44.988
2026,2026cacac,Week 5,852,12,-0.0,35.742,-101.113
2026,2026cacac,Week 5,2288,12,-0.0,22.779,-38.044
2026,2026cacac,Week 5,6662,12,-0.0,27.256,-38.416
2026,2026cacac,Week 5,6619,12,-0.0,40.885,-58.854
2026,2026cacac,Week 5,5728,12,-0.0,31.826,-59.857
2026,2026cacac,Week 5,3669,12,-0.0,31.322,-56.002
2026,2026cacac,Week 5,253,12,-0.0,44.488,-58.854
2026,2026cacac,Week 5,5274,12,-0.0,31.837,-66.348
2026,2026cacac,Week 5,8016,12,-0.0,26.907,-63.78
2026,2026cacac,Week 5,701,12,-0.0,32.226,-59.857
2026,2026cacac,Week 5,9125,12,-0.0,39.131,-76.285
2026,2026cacac,Week 5,11243,12,-0.0,38.729,-63.78
2026,2026cacac,Week 5,2135,12,-0.0,27.957,-43.527
2026,2026cacac,Week 5,2141,12,-0.0,28.201,-46.421
2026,2026cacac,Week 5,9114,12,-0.0,18.173,-28.715
2026,2026cacac,Week 5,3482,12,-0.0,23.047,-49.873
2026,2026cacac,Week 5,1967,12,-0.0,29.736,-49.873
2026,2026cacac,Week 5,7777,12,-0.0,34.678,-49.873
2026,2026cacac,Week 5,1072,12,-0.0,27.395,-39.447
2026,2026cacac,Week 5,5430,12,-0.0,26.76,-66.348
2026,2026caetb,Week 5,6418,12,0.0,33.933,-61.147
2026,2026caetb,Week 5,5027,12,0.0,49.358,-112.017
2026,2026caetb,Week 5,8045,12,-0.0,26.482,-47.727
2026,2026caetb,Week 5,4904,12,-0.0,36.701,-81.53
2026,2026caetb,Week 5,192,12,-0.0,29.975,-64.555
2026,2026caetb,Week 5,10644,12,-0.0,29.676,-47.511
2026,2026caetb,Week 5,6814,12,0.0,31.713,-46.516
2026,2026caetb,Week 5,4186,12,0.0,45.602,-71.251
2026,2026caetb,Week 5,10221,12,-0.0,50.893,-84.89
2026,2026caetb,Week 5,3256,12,-0.0,63.979,-121.274
2026,2026caetb,Week 5,2204,12,-0.0,37.123,-84.722
2026,2026caetb,Week 5,6962,12,0.0,63.493,-112.017
2026,2026caetb,Week 5,1854,12,0.0,30.82,-57.102
2026,2026caetb,Week 5,1700,12,0.0,47.796,-87.231
2026,2026caetb,Week 5,10615,12,0.0,37.78,-84.89
2026,2026caetb,Week 5,4669,12,-0.0,28.855,-81.53
2026,2026caetb,Week 5,6918,12,0.0,51.934,-87.231
2026,2026caetb,Week 5,8852,12,0.0,49.706,-71.251
2026,2026caetb,Week 5,5171,12,-0.0,48.879,-84.722
2026,2026caetb,Week 5,9111,12,-0.0,29.987,-54.304
2026,2026caetb,Week 5,9038,12,-0.0,35.135,-64.674
2026,2026caetb,Week 5,10372,12,0.0,44.649,-84.722
2026,2026caetb,Week 5,9400,12,-0.0,39.242,-70.604
2026,2026caetb,Week 5,11274,12,-0.0,41.97,-68.961
2026,2026caetb,Week 5,7245,12,-0.0,17.778,-32.886
2026,2026caetb,Week 5,4973,12,-0.0,40.321,-106.089
2026,2026caetb,Week 5,10500,12,0.0,35.759,-71.251
2026,2026caetb,Week 5,2473,12,-0.0,29.971,-53.809
2026,2026caetb,Week 5,5499,12,0.0,55.964,-68.961
2026,2026caetb,Week 5,4255,12,-0.0,25.381,-49.536
2026,2026caetb,Week 5,841,12,0.0,50.016,-56.345
2026,2026caetb,Week 5,972,12,0.0,44.964,-61.147
2026,2026caetb,Week 5,4698,12,0.0,67.515,-121.274
2026,2026caetb,Week 5,10339,12,-0.0,29.17,-47.727
2026,2026caetb,Week 5,10281,12,-0.0,58.836,-106.089
2026,2026caetb,Week 5,11230,12,-0.0,51.001,-112.017
2026,2026caetb,Week 5,5419,12,0.0,45.06,-121.274
2026,2026caetb,Week 5,2551,12,0.0,33.064,-42.782
2026,2026caetb,Week 5,199,12,-0.0,29.987,-64.674
2026,2026caoec,Week 5,3952,12,0.0,49.222,-86.479
2026,2026caoec,Week 5,3408,12,-0.0,45.907,-75.578
2026,2026caoec,Week 5,8521,12,-0.0,67.639,-199.912
2026,2026caoec,Week 5,5474,12,0.0,41.43,-55.613
2026,2026caoec,Week 5,3020,12,-0.0,42.611,-82.065
2026,2026caoec,Week 5,3476,12,-0.0,95.632,-220.148
2026,2026caoec,Week 5,4619,12,0.0,41.703,-65.317
2026,2026caoec,Week 5,9730,12,-0.0,56.305,-65.317
2026,2026caoec,Week 5,3295,12,0.0,65.137,-82.691
2026,2026caoec,Week 5,6695,12,0.0,41.486,-70.172
2026,2026caoec,Week 5,2658,12,-0.0,43.262,-77.645
2026,2026caoec,Week 5,4919,12,0.0,47.922,-82.691
2026,2026caoec,Week 5,6220,12,0.0,38.185,-55.846
2026,2026caoec,Week 5,4201,12,0.0,56.676,-127.543
2026,2026caoec,Week 5,6885,12,0.0,71.842,-199.912
2026,2026caoec,Week 5,4984,12,-0.0,39.857,-73.3
2026,2026caoec,Week 5,10336,12,-0.0,60.122,-129.397
2026,2026caoec,Week 5,5137,12,-0.0,75.608,-86.479
2026,2026caoec,Week 5,4141,12,-0.0,71.426,-127.543
2026,2026caoec,Week 5,4322,12,-0.0,66.541,-108.328
2026,2026caoec,Week 5,4276,12,-0.0,67.932,-129.397
2026,2026caoec,Week 5,8891,12,-0.0,34.918,-67.941
2026,2026caoec,Week 5,4414,12,-0.0,84.447,-199.912
2026,2026caoec,Week 5,5199,12,0.0,100.269,-220.148
2026,2026caoec,Week 5,115,12,0.0,63.456,-108.662
2026,2026caoec,Week 5,5857,12,-0.0,46.519,-86.479
2026,2026caoec,Week 5,5835,12,-0.0,43.299,-108.328
2026,2026caoec,Week 5,3309,12,-0.0,80.302,-220.148
2026,2026caoec,Week 5,5500,12,0.0,38.095,-77.645
2026,2026caoec,Week 5,6072,12,-0.0,54.537,-108.662
2026,2026caoec,Week 5,7157,12,0.0,41.078,-53.859
2026,2026caoec,Week 5,7447,12,-0.0,49.638,-108.328
2026,2026caoec,Week 5,7042,12,-0.0,45.055,-80.416
2026,2026caoec,Week 5,5805,12,-0.0,47.934,-64.068
2026,2026caoec,Week 5,5514,12,-0.0,51.624,-108.662
2026,2026caoec,Week 5,10586,12,-0.0,32.181,-55.613
2026,2026caoec,Week 5,9271,12,-0.0,41.439,-70.172
2026,2026mawor,Week 5,1768,12,-0.0,70.572,-128.639
2026,2026mawor,Week 5,5422,12,-0.0,53.867,-82.729
2026,2026mawor,Week 5,716,12,-0.0,34.728,-49.743
2026,2026mawor,Week 5,5112,12,-0.0,35.403,-48.355
2026,2026mawor,Week 5,4628,12,-0.0,51.676,-63.007
2026,2026mawor,Week 5,7760,12,-0.0,29.806,-35.987
2026,2026mawor,Week 5,237,12,-0.0,38.233,-82.729
2026,2026mawor,Week 5,1757,12,0.0,54.478,-138.131
2026,2026mawor,Week 5,190,12,-0.0,54.567,-103.393
2026,2026mawor,Week 5,10254,12,-0.0,47.091,-101.914
2026,2026mawor,Week 5,467,12,-0.0,51.534,-103.127
2026,2026mawor,Week 5,6762,12,-0.0,35.586,-48.355
2026,2026mawor,Week 5,2262,12,-0.0,45.183,-103.127
2026,2026mawor,Week 5,1740,12,-0.0,62.78,-101.914
2026,2026mawor,Week 5,8567,12,-0.0,57.582,-163.27
2026,2026mawor,Week 5,3634,12,-0.0,40.232,-81.727
2026,2026mawor,Week 5,5491,12,-0.0,43.903,-82.729
2026,2026mawor,Week 5,97,12,-0.0,38.472,-55.033
2026,2026mawor,Week 5,4048,12,-0.0,38.937,-46.836
2026,2026mawor,Week 5,8724,12,-0.0,46.786,-71.035
2026,2026mawor,Week 5,2370,12,-0.0,72.189,-123.013
2026,2026mawor,Week 5,11483,12,-0.0,47.169,-81.727
2026,2026mawor,Week 5,2079,12,-0.0,48.198,-59.893
2026,2026mawor,Week 5,2168,12,-0.0,35.077,-52.676
2026,2026mawor,Week 5,5494,12,-0.0,49.251,-103.393
2026,2026mawor,Week 5,5347,12,-0.0,68.301,-128.639
2026,2026mawor,Week 5,10393,12,-0.0,38.965,-70.461
2026,2026mawor,Week 5,1474,12,-0.0,29.099,-34.768
2026,2026mawor,Week 5,9644,12,-0.0,41.618,-81.727
2026,2026mawor,Week 5,348,12,-0.0,42.269,-123.013
2026,2026mawor,Week 5,3467,12,-0.0,57.282,-93.832
2026,2026mawor,Week 5,1100,12,-0.0,55.599,-103.393
2026,2026mawor,Week 5,8544,12,-0.0,58.541,-107.705
2026,2026mawor,Week 5,999,12,-0.0,51.661,-107.705
2026,2026mawor,Week 5,157,12,-0.0,65.762,-163.27
2026,2026mawor,Week 5,1027,12,-0.0,42.059,-49.411
2026,2026mawor,Week 5,3205,12,-0.0,69.093,-138.131
2026,2026mawor,Week 5,6333,12,-0.0,53.077,-123.013
2026,2026mawor,Week 5,5000,12,-0.0,82.423,-163.27
2026,2026nyn2,Week 6,335,10,-0.0,47.394,-108.47
2026,2026nyn2,Week 6,6402,10,-0.0,33.766,-64.285
2026,2026nyn2,Week 6,3193,10,-0.0,47.736,-118.721
2026,2026nyn2,Week 6,7636,10,-0.0,21.268,-21.773
2026,2026nyn2,Week 6,6024,10,-0.0,72.72,-201.569
2026,2026nyn2,Week 6,2265,10,-0.0,42.349,-67.334
2026,2026nyn2,Week 6,7272,10,-0.0,34.939,-64.285
2026,2026nyn2,Week 6,6880,10,-0.0,32.18,-52.301
2026,2026nyn2,Week 6,4122,10,-0.0,51.364,-80.083
2026,2026nyn2,Week 6,8739,10,-0.0,34.395,-42.285
2026,2026nyn2,Week 6,1155,10,-0.0,29.597,-42.285
2026,2026nyn2,Week 6,516,10,-0.0,38.891,-47.392
2026,2026nyn2,Week 6,8393,10,-0.0,53.636,-118.721
2026,2026nyn2,Week 6,1796,10,-0.0,85.598,-201.569
2026,2026nyn2,Week 6,9030,10,-0.0,42.297,-39.599
2026,2026nyn2,Week 6,2869,10,-0.0,62.778,-140.341
2026,2026nyn2,Week 6,694,10,-0.0,64.146,-140.341
2026,2026nyn2,Week 6,3950,10,-0.0,60.587,-140.341
2026,2026nyn2,Week 6,10045,10,-0.0,41.32,-72.316
2026,2026nyn2,Week 6,2875,10,-0.0,77.766,-201.569
2026,2026nyn2,Week 6,3646,10,-0.0,42.716,-48.076
2026,2026nyn2,Week 6,334,10,-0.0,35.311,-42.324
2026,2026nyn2,Week 6,8267,10,-0.0,34.653,-48.076
2026,2026nyn2,Week 6,1880,10,-0.0,42.802,-52.301
2026,2026nyn2,Week 6,10262,10,-0.0,41.941,-64.285
2026,2026nyn2,Week 6,1156,10,-0.0,31.263,-44.065
2026,2026nyn2,Week 6,3158,10,0.0,43.253,-72.316
2026,2026nyn2,Week 6,9642,10,-0.0,23.565,-36.893
2026,2026nyn2,Week 6,11313,10,-0.0,23.393,-39.599
2026,2026nyn2,Week 6,6911,10,-0.0,42.759,-74.444
2026,2026nyn2,Week 6,6348,10,0.0,21.67,-22.295
2026,2026nyn2,Week 6,4571,10,-0.0,33.357,-80.083
2026,2026nyn2,Week 6,358,10,0.0,42.98,-72.316
2026,2026nyn2,Week 6,7551,10,-0.0,40.108,-47.392
2026,2026nyn2,Week 6,4027,10,-0.0,44.172,-108.47
2026,2026nyn2,Week 6,7840,10,-0.0,39.53,-80.083
2026,2026nyn2,Week 6,10390,10,0.0,35.056,-48.344
2026,2026nyn2,Week 6,8011,10,-0.0,29.255,-46.343
2026,2026nyn2,Week 6,3760,10,-0.0,60.961,-118.721
2026,2026tuak,Week 6,9232,11,0.0,38.714,-85.189
2026,2026tuak,Week 6,9502,11,-0.0,37.075,-36.687
2026,2026tuak,Week 6,10216,11,-0.0,31.239,-57.376
2026,2026tuak,Week 6,11154,11,0.0,38.662,-49.535
2026,2026tuak,Week 6,10548,11,-0.0,30.552,-55.457
2026,2026tuak,Week 6,9025,11,0.0,34.392,-37.759
2026,2026tuak,Week 6,8777,11,0.0,25.319,-43.602
2026,2026tuak,Week 6,10043,11,0.0,24.907,-46.651
2026,2026tuak,Week 6,10353,11,0.0,35.333,-33.949
2026,2026tuak,Week 6,10142,12,-0.0,34.459,-77.087
2026,2026tuak,Week 6,11141,12,-0.0,46.458,-77.087
2026,2026tuak,Week 6,9609,11,0.0,48.147,-77.087
2026,2026tuak,Week 6,9021,11,0.0,28.216,-43.602
2026,2026tuak,Week 6,7594,11,0.0,49.587,-130.504
2026,2026tuak,Week 6,6025,11,-0.0,27.886,-50.293
2026,2026tuak,Week 6,8500,11,-0.0,48.457,-85.189
2026,2026tuak,Week 6,10470,11,0.0,32.857,-57.376
2026,2026tuak,Week 6,9024,11,-0.0,26.977,-46.651
2026,2026tuak,Week 6,9473,11,0.0,22.144,-29.217
2026,2026tuak,Week 6,9029,11,0.0,58.465,-130.504
2026,2026tuak,Week 6,7672,11,0.0,28.749,-49.535
2026,2026tuak,Week 6,9479,11,-0.0,29.432,-55.457
2026,2026tuak,Week 6,9074,11,0.0,27.563,-40.286
2026,2026tuak,Week 6,8220,11,-0.0,29.079,-50.293
2026,2026tuak,Week 6,9523,11,0.0,50.46,-130.504
2026,2026tuak,Week 6,9583,12,0.0,29.704,-46.61
2026,2026tuak,Week 6,10502,11,0.0,33.314,-49.535
2026,2026tuak,Week 6,6989,11,0.0,42.955,-75.926
2026,2026tuak,Week 6,10244,11,0.0,33.465,-46.681
2026,2026tuak,Week 6,9467,11,-0.0,21.159,-46.61
2026,2026tuak,Week 6,10247,11,0.0,28.512,-49.037
2026,2026tuak,Week 6,8783,11,-0.0,25.684,-36.687
2026,2026tuak,Week 6,7539,11,-0.0,40.407,-85.189
2026,2026flwp,Week 6,179,11,0.0,66.749,-134.126
2026,2026flwp,Week 6,6404,10,0.0,51.852,-134.126
2026,2026flwp,Week 6,108,10,-0.0,72.539,-134.126
2026,2026flwp,Week 6,7403,10,0.0,46.854,-87.556
2026,2026flwp,Week 6,1592,10,0.0,46.769,-87.556
2026,2026flwp,Week 6,3954,10,-0.0,47.458,-87.556
2026,2026flwp,Week 6,10323,10,0.0,34.513,-48.309
2026,2026flwp,Week 6,9404,10,-0.0,28.737,-46.934
2026,2026flwp,Week 6,9494,10,0.0,35.772,-49.585
2026,2026flwp,Week 6,1369,10,0.0,43.905,-87.223
2026,2026flwp,Week 6,1523,10,0.0,43.499,-112.488
2026,2026flwp,Week 6,7652,10,0.0,27.803,-56.183
2026,2026flwp,Week 6,6743,11,0.0,57.081,-138.776
2026,2026flwp,Week 6,5410,10,0.0,49.031,-100.582
2026,2026flwp,Week 6,8859,10,-0.0,45.286,-61.949
2026,2026flwp,Week 6,9779,10,0.0,31.765,-65.823
2026,2026flwp,Week 6,2383,11,0.0,43.18,-87.223
2026,2026flwp,Week 6,8791,10,0.0,37.933,-54.999
2026,2026flwp,Week 6,4707,10,0.0,37.706,-46.934
2026,2026flwp,Week 6,8581,10,0.0,22.835,-35.008
2026,2026flwp,Week 6,11436,10,-0.0,21.363,-28.142
2026,2026flwp,Week 6,59,10,-0.0,63.398,-112.488
2026,2026flwp,Week 6,10616,10,-0.0,37.057,-61.119
2026,2026flwp,Week 6,11267,10,-0.0,39.962,-61.119
2026,2026flwp,Week 6,48,10,-0.0,41.727,-65.823
2026,2026flwp,Week 6,9040,10,-0.0,21.28,-35.869
2026,2026flwp,Week 6,4010,10,0.0,51.195,-68.1
2026,2026flwp,Week 6,10635,10,0.0,56.835,-127.115
2026,2026flwp,Week 6,9155,10,0.0,60.075,-127.115
2026,2026flwp,Week 6,180,10,0.0,81.16,-138.776
2026,2026flwp,Week 6,5872,10,0.0,30.356,-56.183
2026,2026flwp,Week 6,7833,10,-0.0,24.194,-23.484
2026,2026flwp,Week 6,5472,10,0.0,34.231,-53.985
2026,2026flwp,Week 6,7570,10,-0.0,27.434,-49.568
2026,2026flwp,Week 6,10424,10,-0.0,36.951,-67.599
2026,2026flwp,Week 6,79,10,-0.0,27.839,-45.003
2026,2026flwp,Week 6,6686,10,-0.0,50.588,-138.776
2026,2026flwp,Week 6,2641,10,0.0,23.724,-41.168
2026,2026flwp,Week 6,2152,10,0.0,18.731,-36.364
2026,2026flwp,Week 6,11138,10,0.0,41.931,-53.493
2026,2026flwp,Week 6,3627,10,0.0,40.316,-65.823
2026,2026flwp,Week 6,8817,10,0.0,52.737,-100.582
2026,2026flwp,Week 6,1744,11,0.0,33.742,-51.767
2026,2026flwp,Week 6,3932,10,0.0,43.671,-100.582
2026,2026flwp,Week 6,11474,10,0.0,34.391,-68.1
2026,2026flwp,Week 6,9201,10,0.0,53.241,-53.985
2026,2026flwp,Week 6,5557,10,-0.0,47.516,-87.223
2026,2026gacmp,Week 6,832,12,-0.0,42.768,-76.089
2026,2026gacmp,Week 6,6910,12,-0.0,53.137,-89.286
2026,2026gacmp,Week 6,8577,12,0.0,37.964,-61.503
2026,2026gacmp,Week 6,7451,12,0.0,44.621,-89.286
2026,2026gacmp,Week 6,1414,12,-0.0,55.277,-57.946
2026,2026gacmp,Week 6,4189,12,0.0,22.647,-44.856
2026,2026gacmp,Week 6,4509,12,-0.0,38.32,-62.964
2026,2026gacmp,Week 6,5219,12,0.0,47.61,-127.496
2026,2026gacmp,Week 6,4188,12,0.0,60.034,-141.216
2026,2026gacmp,Week 6,3344,12,-0.0,59.981,-127.496
2026,2026gacmp,Week 6,3329,12,0.0,45.688,-75.684
2026,2026gacmp,Week 6,5608,12,0.0,35.217,-46.452
2026,2026gacmp,Week 6,6023,12,0.0,30.971,-51.03
2026,2026gacmp,Week 6,6887,12,-0.0,39.193,-53.739
2026,2026gacmp,Week 6,6340,12,0.0,27.941,-35.043
2026,2026gacmp,Week 6,11174,12,0.0,46.814,-74.36
2026,2026gacmp,Week 6,11214,12,0.0,41.69,-68.698
2026,2026gacmp,Week 6,1648,12,-0.0,54.557,-91.643
2026,2026gacmp,Week 6,8866,12,0.0,77.76,-133.96
2026,2026gacmp,Week 6,10482,12,-0.0,57.585,-46.14
2026,2026gacmp,Week 6,1683,12,0.0,70.766,-106.546
2026,2026gacmp,Week 6,4112,12,-0.0,48.546,-68.698
2026,2026gacmp,Week 6,1771,12,0.0,54.817,-127.496
2026,2026gacmp,Week 6,2974,12,-0.0,62.989,-141.216
2026,2026gacmp,Week 6,1833,12,0.0,42.165,-74.36
2026,2026gacmp,Week 6,8736,12,0.0,33.756,-57.946
2026,2026gacmp,Week 6,3635,12,-0.0,57.159,-133.96
2026,2026gacmp,Week 6,6705,12,0.0,34.735,-56.106
2026,2026gacmp,Week 6,6925,12,0.0,56.201,-106.546
2026,2026gacmp,Week 6,1746,12,-0.0,38.993,-74.36
2026,2026gacmp,Week 6,1261,12,-0.0,46.81,-91.643
2026,2026gacmp,Week 6,3091,12,0.0,46.698,-69.866
2026,2026gacmp,Week 6,9477,12,0.0,39.728,-61.503
2026,2026gacmp,Week 6,9522,12,0.0,23.681,-33.653
2026,2026gacmp,Week 6,6772,12,-0.0,44.99,-76.089
2026,2026gacmp,Week 6,8080,12,-0.0,46.311,-57.834
2026,2026gacmp,Week 6,3815,12,-0.0,40.905,-53.739
2026,2026gacmp,Week 6,5109,12,0.0,31.857,-41.763
2026,2026gacmp,Week 6,1002,12,-0.0,61.417,-106.546
2026,2026gacmp,Week 6,9480,12,-0.0,36.186,-46.14
2026,2026gacmp,Week 6,6829,12,-0.0,71.233,-133.96
2026,2026gacmp,Week 6,4026,12,0.0,38.831,-68.698
2026,2026gacmp,Week 6,5900,12,0.0,32.168,-48.195
2026,2026gacmp,Week 6,6905,12,0.0,38.603,-64.603
2026,2026gacmp,Week 6,6919,12,0.0,60.818,-141.216
2026,2026qcmo,Week 6,8152,11,0.0,19.723,-30.331
2026,2026qcmo,Week 6,3533,11,0.0,29.563,-76.572
2026,2026qcmo,Week 6,3117,11,-0.0,28.956,-43.119
2026,2026qcmo,Week 6,6929,11,0.0,27.939,-53.33
2026,2026qcmo,Week 6,6364,11,0.0,38.722,-59.669
2026,2026qcmo,Week 6,4952,11,0.0,26.226,-32.335
2026,2026qcmo,Week 6,4947,11,0.0,40.028,-81.908
2026,2026qcmo,Week 6,5443,11,-0.0,24.303,-25.788
2026,2026qcmo,Week 6,3986,11,0.0,27.677,-32.261
2026,2026qcmo,Week 6,8067,11,-0.0,32.826,-62.381
2026,2026qcmo,Week 6,5439,11,0.0,31.299,-39.827
2026,2026qcmo,Week 6,5528,11,0.0,40.865,-94.548
2026,2026qcmo,Week 6,3360,11,0.0,22.892,-29.157
2026,2026qcmo,Week 6,7605,11,-0.0,23.301,-35.914
2026,2026qcmo,Week 6,3975,11,-0.0,41.076,-81.908
2026,2026qcmo,Week 6,9234,11,0.0,32.93,-67.01
2026,2026qcmo,Week 6,7471,11,-0.0,32.682,-67.01
2026,2026qcmo,Week 6,3550,11,-0.0,28.646,-67.01
2026,2026qcmo,Week 6,8132,11,0.0,34.73,-59.669
2026,2026qcmo,Week 6,3544,11,0.0,45.394,-76.572
2026,2026qcmo,Week 6,6622,11,-0.0,26.31,-53.476
2026,2026qcmo,Week 6,9220,11,-0.0,34.905,-71.957
2026,2026qcmo,Week 6,4955,11,-0.0,32.943,-71.957
2026,2026qcmo,Week 6,3996,11,0.0,46.966,-94.548
2026,2026qcmo,Week 6,6869,11,-0.0,34.761,-76.572
2026,2026qcmo,Week 6,3532,11,-0.0,44.976,-81.908
2026,2026qcmo,Week 6,3985,11,-0.0,36.601,-53.33
2026,2026qcmo,Week 6,5800,11,-0.0,43.691,-86.47
2026,2026qcmo,Week 6,8224,11,0.0,46.952,-86.47
2026,2026qcmo,Week 6,5618,11,0.0,35.633,-86.47
2026,2026qcmo,Week 6,6872,11,-0.0,29.692,-59.669
2026,2026qcmo,Week 6,9624,11,-0.0,32.576,-53.33
2026,2026qcmo,Week 6,2626,11,-0.0,25.869,-31.154
2026,2026qcmo,Week 6,7700,11,-0.0,35.7,-52.507
2026,2026qcmo,Week 6,296,11,-0.0,18.2,-27.675
2026,2026qcmo,Week 6,4627,11,0.0,41.026,-94.548
2026,2026alhu,Week 6,4306,10,-0.0,31.085,-76.764
2026,2026alhu,Week 6,2481,10,0.0,88.466,-197.054
2026,2026alhu,Week 6,538,10,0.0,21.239,-34.62
2026,2026alhu,Week 6,3984,10,-0.0,38.173,-46.341
2026,2026alhu,Week 6,6517,10,0.0,55.428,-98.752
2026,2026alhu,Week 6,9067,10,0.0,58.713,-137.282
2026,2026alhu,Week 6,9401,10,0.0,58.84,-78.729
2026,2026alhu,Week 6,1466,10,0.0,40.564,-98.752
2026,2026alhu,Week 6,11037,10,-0.0,39.988,-39.117
2026,2026alhu,Week 6,2556,10,0.0,52.135,-112.718
2026,2026alhu,Week 6,2783,10,-0.0,55.651,-137.282
2026,2026alhu,Week 6,5492,10,-0.0,44.988,-78.729
2026,2026alhu,Week 6,11173,10,0.0,40.486,-52.25
2026,2026alhu,Week 6,4265,10,-0.0,81.134,-197.054
2026,2026alhu,Week 6,4107,10,0.0,39.125,-98.752
2026,2026alhu,Week 6,5125,10,0.0,40.616,-54.174
2026,2026alhu,Week 6,3792,10,-0.0,39.888,-39.117
2026,2026alhu,Week 6,9153,10,-0.0,34.369,-36.425
2026,2026alhu,Week 6,3140,10,-0.0,29.404,-54.92
2026,2026alhu,Week 6,744,10,0.0,56.077,-141.889
2026,2026alhu,Week 6,10961,10,-0.0,39.742,-54.92
2026,2026alhu,Week 6,1308,10,0.0,36.389,-63.114
2026,2026alhu,Week 6,4150,10,0.0,23.742,-50.591
2026,2026alhu,Week 6,5740,10,-0.0,53.994,-114.304
2026,2026alhu,Week 6,7917,10,0.0,33.009,-54.174
2026,2026alhu,Week 6,5002,10,-0.0,40.378,-67.767
2026,2026alhu,Week 6,8624,10,-0.0,54.086,-76.764
2026,2026alhu,Week 6,7428,10,0.0,65.274,-112.718
2026,2026alhu,Week 6,34,10,-0.0,31.382,-48.737
2026,2026alhu,Week 6,1912,10,0.0,55.931,-141.889
2026,2026alhu,Week 6,3492,10,0.0,45.92,-63.114
2026,2026alhu,Week 6,3959,10,-0.0,62.954,-114.304
2026,2026alhu,Week 6,5045,10,0.0,32.76,-72.56
2026,2026alhu,Week 6,7515,10,-0.0,36.093,-54.174
2026,2026alhu,Week 6,2393,10,-0.0,62.079,-112.718
2026,2026alhu,Week 6,4020,10,0.0,52.123,-114.304
2026,2026alhu,Week 6,2973,10,-0.0,35.313,-72.56
2026,2026alhu,Week 6,3201,10,-0.0,78.08,-197.054
2026,2026alhu,Week 6,5842,10,-0.0,35.961,-43.822
2026,2026alhu,Week 6,10137,10,0.0,38.01,-63.114
2026,2026alhu,Week 6,7525,10,0.0,39.775,-67.767
2026,2026alhu,Week 6,7111,10,0.0,52.941,-141.889
2026,2026alhu,Week 6,2638,10,-0.0,53.149,-137.282
2026,2026alhu,Week 6,4504,10,-0.0,46.099,-53.795
2026,2026alhu,Week 6,3966,10,-0.0,46.873,-72.56
2026,2026alhu,Week 6,3260,10,-0.0,30.282,-57.721
2026,2026alhu,Week 6,120,10,-0.0,38.893,-53.941
2026,2026alhu,Week 6,6107,10,-0.0,24.588,-31.908
2026,2026mnmi2,Week 6,8255,9,0.0,45.61,-65.56
2026,2026mnmi2,Week 6,2538,9,0.0,40.117,-49.596
2026,2026mnmi2,Week 6,3848,9,-0.0,33.188,-59.558
2026,2026mnmi2,Week 6,2987,9,-0.0,18.505,-27.008
2026,2026mnmi2,Week 6,5541,9,-0.0,22.585,-27.008
2026,2026mnmi2,Week 6,3276,9,-0.0,41.473,-66.365
2026,2026mnmi2,Week 6,8887,10,0.0,27.259,-33.747
2026,2026mnmi2,Week 6,7028,9,0.0,40.808,-74.989
2026,2026mnmi2,Week 6,7048,9,0.0,47.378,-49.596
2026,2026mnmi2,Week 6,4687,9,-0.0,60.094,-80.032
2026,2026mnmi2,Week 6,8821,9,-0.0,24.801,-36.642
2026,2026mnmi2,Week 6,7541,9,-0.0,47.829,-71.867
2026,2026mnmi2,Week 6,3740,9,0.0,43.275,-71.867
2026,2026mnmi2,Week 6,3026,9,-0.0,36.237,-80.032
2026,2026mnmi2,Week 6,7578,9,0.0,40.289,-61.539
2026,2026mnmi2,Week 6,6244,9,-0.0,34.318,-66.365
2026,2026mnmi2,Week 6,5913,9,-0.0,55.767,-115.423
2026,2026mnmi2,Week 6,4360,9,-0.0,43.066,-91.465
2026,2026mnmi2,Week 6,4511,9,-0.0,37.246,-82.752
2026,2026mnmi2,Week 6,5837,9,0.0,33.85,-44.87
2026,2026mnmi2,Week 6,6709,9,-0.0,39.216,-67.183
2026,2026mnmi2,Week 6,4632,9,0.0,25.098,-44.87
2026,2026mnmi2,Week 6,2509,9,0.0,40.66,-83.248
2026,2026mnmi2,Week 6,2512,9,0.0,20.623,-28.389
2026,2026mnmi2,Week 6,6175,9,0.0,30.679,-43.83
2026,2026mnmi2,Week 6,4607,9,-0.0,40.771,-67.183
2026,2026mnmi2,Week 6,3610,9,0.0,33.797,-74.989
2026,2026mnmi2,Week 6,1816,9,0.0,47.798,-115.423
2026,2026mnmi2,Week 6,876,9,-0.0,34.77,-71.867
2026,2026mnmi2,Week 6,2503,9,-0.0,53.778,-82.752
2026,2026mnmi2,Week 6,2511,9,0.0,48.879,-82.752
2026,2026mnmi2,Week 6,4226,9,-0.0,30.188,-35.207
2026,2026mnmi2,Week 6,5232,9,0.0,37.19,-60.638
2026,2026mnmi2,Week 6,4238,9,0.0,37.164,-66.365
2026,2026mnmi2,Week 6,4728,9,-0.0,56.622,-83.248
2026,2026mnmi2,Week 6,4182,9,0.0,22.823,-37.054
2026,2026mnmi2,Week 6,6045,9,-0.0,45.121,-91.465
2026,2026mnmi2,Week 6,6628,9,0.0,34.9,-57.751
2026,2026mnmi2,Week 6,5348,9,0.0,32.752,-67.183
2026,2026mnmi2,Week 6,3018,9,-0.0,44.504,-65.328
2026,2026mnmi2,Week 6,7038,9,-0.0,38.24,-65.328
2026,2026mnmi2,Week 6,4480,9,-0.0,45.259,-65.328
2026,2026mnmi2,Week 6,2977,9,0.0,37.517,-60.086
2026,2026mnmi2,Week 6,2470,10,-0.0,33.435,-57.751
2026,2026mnmi2,Week 6,2883,10,0.0,42.14,-80.032
2026,2026mnmi2,Week 6,3023,9,0.0,43.369,-61.539
2026,2026mnmi2,Week 6,10173,9,0.0,29.483,-28.187
2026,2026mnmi2,Week 6,8372,9,-0.0,57.029,-91.465
2026,2026mnmi2,Week 6,8516,9,-0.0,22.953,-43.83
2026,2026mnmi2,Week 6,8188,9,-0.0,67.289,-115.423
2026,2026mnmi2,Week 6,7677,9,-0.0,27.271,-47.001
2026,2026mokc,Week 6,1939,11,0.0,43.414,-87.162
2026,2026mokc,Week 6,6817,12,0.0,39.249,-57.968
2026,2026mokc,Week 6,1825,12,-0.0,37.46,-52.566
2026,2026mokc,Week 6,9031,11,0.0,46.812,-87.162
2026,2026mokc,Week 6,8112,11,0.0,25.611,-42.54
2026,2026mokc,Week 6,1802,11,0.0,34.403,-66.798
2026,2026mokc,Week 6,4213,11,-0.0,25.983,-40.92
2026,2026mokc,Week 6,2333,11,0.0,33.791,-52.352
2026,2026mokc,Week 6,2040,11,0.0,34.868,-57.968
2026,2026mokc,Week 6,9570,12,0.0,31.854,-39.788
2026,2026mokc,Week 6,8770,11,-0.0,33.517,-40.154
2026,2026mokc,Week 6,11171,11,0.0,45.933,-89.556
2026,2026mokc,Week 6,1710,11,-0.0,47.044,-57.968
2026,2026mokc,Week 6,1108,11,0.0,39.094,-87.162
2026,2026mokc,Week 6,2410,11,0.0,35.35,-44.093
2026,2026mokc,Week 6,1723,11,-0.0,34.408,-49.731
2026,2026mokc,Week 6,5268,11,0.0,30.347,-49.76
2026,2026mokc,Week 6,1982,11,0.0,37.256,-87.757
2026,2026mokc,Week 6,7064,11,0.0,45.811,-87.757
2026,2026mokc,Week 6,1997,11,0.0,31.388,-49.731
2026,2026mokc,Week 6,1208,11,0.0,29.495,-42.54
2026,2026mokc,Week 6,5968,11,-0.0,47.814,-101.032
2026,2026mokc,Week 6,4766,11,0.0,31.067,-49.731
2026,2026mokc,Week 6,11195,11,0.0,31.0,-52.566
2026,2026mokc,Week 6,1730,11,-0.0,34.552,-63.5
2026,2026mokc,Week 6,5809,11,0.0,54.949,-89.556
2026,2026mokc,Week 6,9445,11,-0.0,39.506,-63.5
2026,2026mokc,Week 6,3184,12,0.0,46.313,-67.154
2026,2026mokc,Week 6,4329,12,0.0,38.018,-67.154
2026,2026mokc,Week 6,4455,11,0.0,48.081,-101.032
2026,2026mokc,Week 6,1806,11,0.0,29.238,-42.54
2026,2026mokc,Week 6,5801,11,-0.0,41.353,-89.556
2026,2026mokc,Week 6,1764,11,0.0,17.602,-21.882
2026,2026mokc,Week 6,2001,11,-0.0,35.245,-66.798
2026,2026mokc,Week 6,1785,11,0.0,25.167,-39.179
2026,2026mokc,Week 6,1827,11,0.0,27.653,-49.76
2026,2026mokc,Week 6,1987,11,-0.0,33.456,-44.093
2026,2026mokc,Week 6,9428,11,-0.0,34.111,-52.566
2026,2026mokc,Week 6,2560,11,0.0,36.297,-59.059
2026,2026mokc,Week 6,5098,11,-0.0,30.915,-52.352
2026,2026mokc,Week 6,4522,11,-0.0,52.811,-101.032
2026,2026code,Week 6,7725,9,-0.0,30.905,-39.848
2026,2026code,Week 6,4068,9,0.0,48.171,-77.719
2026,2026code,Week 6,4293,9,0.0,24.149,-29.953
2026,2026code,Week 6,4593,9,-0.0,53.015,-96.265
2026,2026code,Week 6,7546,10,-0.0,25.212,-52.108
2026,2026code,Week 6,1619,9,-0.0,55.344,-60.687
2026,2026code,Week 6,2465,9,0.0,41.809,-55.073
2026,2026code,Week 6,9585,9,-0.0,37.721,-55.818
2026,2026code,Week 6,1303,10,0.0,24.05,-55.073
2026,2026code,Week 6,3807,9,0.0,46.04,-50.543
2026,2026code,Week 6,11220,9,0.0,49.295,-46.853
2026,2026code,Week 6,5526,9,0.0,39.409,-73.537
2026,2026code,Week 6,4388,9,0.0,36.671,-54.285
2026,2026code,Week 6,6704,9,-0.0,38.868,-60.286
2026,2026code,Week 6,2945,9,-0.0,38.87,-71.766
2026,2026code,Week 6,10333,9,-0.0,45.655,-93.569
2026,2026code,Week 6,1799,9,-0.0,55.316,-68.764
2026,2026code,Week 6,2996,9,-0.0,40.257,-61.055
2026,2026code,Week 6,2486,9,0.0,49.807,-77.719
2026,2026code,Week 6,2261,9,0.0,42.213,-65.817
2026,2026code,Week 6,2240,9,0.0,61.192,-65.817
2026,2026code,Week 6,7737,9,0.0,49.274,-48.595
2026,2026code,Week 6,2972,9,-0.0,37.864,-73.537
2026,2026code,Week 6,3354,9,-0.0,52.467,-96.265
2026,2026code,Week 6,1977,9,0.0,11.942,-16.928
2026,2026code,Week 6,9552,9,0.0,38.179,-48.989
2026,2026code,Week 6,118,9,-0.0,34.369,-52.108
2026,2026code,Week 6,8334,9,-0.0,73.426,-181.948
2026,2026code,Week 6,9301,9,-0.0,74.792,-181.948
2026,2026code,Week 6,4499,9,-0.0,76.889,-181.948
2026,2026code,Week 6,6652,9,0.0,48.908,-51.986
2026,2026code,Week 6,1339,9,0.0,44.272,-68.764
2026,2026code,Week 6,5493,9,-0.0,46.843,-66.187
2026,2026code,Week 6,159,9,-0.0,31.453,-77.719
2026,2026code,Week 6,10686,9,0.0,45.907,-51.986
2026,2026code,Week 6,1822,9,-0.0,37.231,-68.982
2026,2026code,Week 6,9586,9,0.0,31.077,-51.986
2026,2026code,Week 6,7479,10,0.0,42.341,-68.982
2026,2026code,Week 6,11025,9,0.0,42.93,-71.766
2026,2026code,Week 6,3648,9,-0.0,42.065,-71.766
2026,2026code,Week 6,6702,9,0.0,56.537,-93.569
2026,2026code,Week 6,2259,9,-0.0,50.387,-96.265
2026,2026code,Week 6,7485,9,0.0,40.334,-66.342
2026,2026code,Week 6,4418,9,-0.0,63.961,-66.342
2026,2026code,Week 6,1410,9,-0.0,38.537,-66.342
2026,2026code,Week 6,4944,9,-0.0,32.144,-40.641
2026,2026code,Week 6,9068,9,-0.0,55.648,-73.537
2026,2026code,Week 6,662,9,-0.0,43.699,-40.273
2026,2026code,Week 6,2036,9,-0.0,33.024,-60.687
2026,2026code,Week 6,2443,9,0.0,38.005,-54.285
2026,2026code,Week 6,7421,9,0.0,55.44,-66.187
2026,2026code,Week 6,3200,9,-0.0,47.096,-93.569
2026,2026code,Week 6,2083,9,-0.0,43.12,-48.989
2026,2026code,Week 6,10682,9,-0.0,35.574,-47.487
2026,2026code,Week 6,3729,9,-0.0,43.473,-60.687
2026,2026nvlv,Week 6,8229,10,-0.0,35.911,-74.386
2026,2026nvlv,Week 6,4421,10,0.0,69.036,-166.24
2026,2026nvlv,Week 6,3577,10,-0.0,41.494,-74.386
2026,2026nvlv,Week 6,7654,10,-0.0,31.777,-73.769
2026,2026nvlv,Week 6,2438,10,-0.0,66.323,-166.24
2026,2026nvlv,Week 6,1165,10,-0.0,19.644,-36.38
2026,2026nvlv,Week 6,6413,10,0.0,56.009,-73.769
2026,2026nvlv,Week 6,1726,10,-0.0,33.813,-40.899
2026,2026nvlv,Week 6,991,10,-0.0,46.129,-96.248
2026,2026nvlv,Week 6,988,10,0.0,33.878,-60.715
2026,2026nvlv,Week 6,1011,10,-0.0,54.945,-71.067
2026,2026nvlv,Week 6,8387,10,-0.0,43.356,-55.454
2026,2026nvlv,Week 6,3882,10,-0.0,50.789,-69.449
2026,2026nvlv,Week 6,5049,10,-0.0,66.096,-68.371
2026,2026nvlv,Week 6,60,10,-0.0,69.196,-166.24
2026,2026nvlv,Week 6,8503,10,-0.0,45.138,-82.698
2026,2026nvlv,Week 6,8717,10,0.0,38.114,-63.836
2026,2026nvlv,Week 6,7426,10,0.0,84.613,-178.087
2026,2026nvlv,Week 6,8338,10,0.0,19.383,-40.045
2026,2026nvlv,Week 6,8005,10,-0.0,36.812,-60.715
2026,2026nvlv,Week 6,6824,10,0.0,35.263,-69.449
2026,2026nvlv,Week 6,7425,10,-0.0,33.006,-50.555
2026,2026nvlv,Week 6,10903,10,-0.0,38.62,-50.555
2026,2026nvlv,Week 6,6479,10,-0.0,40.549,-51.593
2026,2026nvlv,Week 6,11235,10,-0.0,50.852,-67.286
2026,2026nvlv,Week 6,9233,10,-0.0,50.416,-55.454
2026,2026nvlv,Week 6,9426,10,-0.0,53.549,-109.137
2026,2026nvlv,Week 6,9534,10,-0.0,38.99,-69.564
2026,2026nvlv,Week 6,9037,10,-0.0,49.368,-113.958
2026,2026nvlv,Week 6,987,10,0.0,72.842,-96.248
2026,2026nvlv,Week 6,7183,10,0.0,48.393,-71.067
2026,2026nvlv,Week 6,9018,10,-0.0,25.91,-60.557
2026,2026nvlv,Week 6,9002,10,-0.0,39.065,-69.449
2026,2026nvlv,Week 6,3990,10,-0.0,52.171,-109.137
2026,2026nvlv,Week 6,10905,10,0.0,27.161,-40.045
2026,2026nvlv,Week 6,5851,10,0.0,20.806,-55.296
2026,2026nvlv,Week 6,4253,10,-0.0,53.634,-82.698
2026,2026nvlv,Week 6,9151,10,-0.0,57.907,-96.248
2026,2026nvlv,Week 6,10183,10,-0.0,52.517,-73.769
2026,2026nvlv,Week 6,3009,10,-0.0,69.771,-113.958
2026,2026nvlv,Week 6,2375,10,-0.0,71.872,-109.137
2026,2026nvlv,Week 6,4270,10,-0.0,99.26,-178.087
2026,2026nvlv,Week 6,9059,10,0.0,55.617,-82.698
2026,2026nvlv,Week 6,9406,10,-0.0,77.588,-178.087
2026,2026nvlv,Week 6,10186,10,0.0,31.534,-54.714
2026,2026pncmp,Week 6,753,12,0.0,63.123,-157.092
2026,2026pncmp,Week 6,4488,12,0.0,85.603,-157.092
2026,2026pncmp,Week 6,948,12,0.0,93.443,-164.018
2026,2026pncmp,Week 6,3218,12,0.0,66.579,-99.989
2026,2026pncmp,Week 6,10991,12,0.0,45.643,-80.48
2026,2026pncmp,Week 6,2471,12,0.0,76.198,-118.267
2026,2026pncmp,Week 6,955,12,-0.0,92.001,-110.805
2026,2026pncmp,Week 6,4469,12,0.0,97.132,-215.515
2026,2026pncmp,Week 6,10079,12,0.0,62.977,-68.652
2026,2026pncmp,Week 6,1294,12,0.0,47.036,-70.745
2026,2026pncmp,Week 6,3674,12,0.0,35.019,-86.64
2026,2026pncmp,Week 6,4131,12,0.0,46.774,-99.989
2026,2026pncmp,Week 6,8248,12,0.0,63.412,-113.211
2026,2026pncmp,Week 6,1425,12,0.0,80.68,-118.267
2026,2026pncmp,Week 6,4512,12,0.0,47.533,-54.765
2026,2026pncmp,Week 6,7034,12,0.0,36.027,-42.985
2026,2026pncmp,Week 6,4915,12,0.0,52.248,-114.764
2026,2026pncmp,Week 6,1778,12,0.0,58.82,-110.805
2026,2026pncmp,Week 6,6696,12,0.0,68.351,-114.764
2026,2026pncmp,Week 6,2522,12,0.0,73.971,-118.267
2026,2026pncmp,Week 6,997,12,0.0,86.668,-112.778
2026,2026pncmp,Week 6,1540,12,0.0,61.304,-99.343
2026,2026pncmp,Week 6,9450,12,0.0,43.664,-100.195
2026,2026pncmp,Week 6,488,12,0.0,57.013,-110.178
2026,2026pncmp,Week 6,2976,12,-0.0,42.181,-80.746
2026,2026pncmp,Week 6,2046,12,0.0,80.599,-110.178
2026,2026pncmp,Week 6,5468,12,0.0,100.126,-236.329
2026,2026pncmp,Week 6,4089,12,0.0,67.619,-121.092
2026,2026pncmp,Week 6,2374,12,0.0,40.796,-98.702
2026,2026pncmp,Week 6,2521,12,-0.0,56.597,-76.077
2026,2026pncmp,Week 6,2926,12,0.0,50.676,-98.473
2026,2026pncmp,Week 6,8896,12,0.0,63.848,-86.64
2026,2026pncmp,Week 6,4125,12,0.0,56.979,-68.652
2026,2026pncmp,Week 6,2412,12,0.0,81.144,-164.018
2026,2026pncmp,Week 6,1318,12,-0.0,55.696,-103.934
2026,2026pncmp,Week 6,9430,12,0.0,72.461,-113.211
2026,2026pncmp,Week 6,2910,12,0.0,88.925,-215.515
2026,2026pncmp,Week 6,8051,12,0.0,61.377,-112.778
2026,2026pncmp,Week 6,4450,12,0.0,63.193,-106.047
2026,2026pncmp,Week 6,3663,12,0.0,69.534,-114.764
2026,2026pncmp,Week 6,957,12,0.0,78.879,-140.388
2026,2026pncmp,Week 6,492,12,0.0,64.868,-121.092
2026,2026pncmp,Week 6,1595,12,0.0,82.53,-236.329
2026,2026pncmp,Week 6,4061,12,0.0,80.327,-106.047
2026,2026pncmp,Week 6,10416,12,0.0,74.811,-112.778
2026,2026pncmp,Week 6,360,12,0.0,108.28,-215.515
2026,2026pncmp,Week 6,2811,12,0.0,37.212,-76.077
2026,2026pncmp,Week 6,1983,12,0.0,58.413,-61.362
2026,2026pncmp,Week 6,5937,12,0.0,79.795,-140.388
2026,2026pncmp,Week 6,9023,12,0.0,97.186,-236.329
2026,2026mibig,Week 6,7109,12,-0.0,24.997,-29.749
2026,2026mibig,Week 6,9771,12,0.0,34.24,-54.387
2026,2026mibig,Week 6,9176,12,0.0,48.367,-78.466
2026,2026mibig,Week 6,9721,12,-0.0,26.952,-52.199
2026,2026mibig,Week 6,7203,12,0.0,28.216,-59.576
2026,2026mibig,Week 6,5213,12,0.0,25.697,-63.972
2026,2026mibig,Week 6,11435,12,0.0,38.339,-80.06
2026,2026mibig,Week 6,9673,12,0.0,25.21,-36.285
2026,2026mibig,Week 6,3618,12,0.0,19.986,-27.67
2026,2026mibig,Week 6,7810,12,0.0,24.51,-35.509
2026,2026mibig,Week 6,6100,12,-0.0,23.215,-31.204
2026,2026mibig,Week 6,6963,12,0.0,33.046,-59.576
2026,2026mibig,Week 6,4004,12,-0.0,38.753,-78.466
2026,2026mibig,Week 6,6642,12,-0.0,21.54,-42.72
2026,2026mibig,Week 6,10421,12,0.0,17.768,-30.546
2026,2026mibig,Week 6,6077,12,-0.0,48.31,-81.51
2026,2026mibig,Week 6,7794,12,-0.0,23.547,-40.308
2026,2026mibig,Week 6,288,12,0.0,41.133,-80.06
2026,2026mibig,Week 6,3603,12,-0.0,33.728,-81.51
2026,2026mibig,Week 6,5182,12,0.0,26.197,-54.387
2026,2026mibig,Week 6,9736,12,0.0,24.303,-48.598
2026,2026mibig,Week 6,6005,12,-0.0,29.529,-52.199
2026,2026mibig,Week 6,1918,12,0.0,40.934,-59.576
2026,2026mibig,Week 6,8611,12,-0.0,36.201,-81.51
2026,2026mibig,Week 6,6122,12,-0.0,31.583,-59.095
2026,2026mibig,Week 6,5982,12,0.0,41.501,-63.972
2026,2026mibig,Week 6,5704,12,-0.0,25.625,-47.286
2026,2026mibig,Week 6,244,12,-0.0,41.619,-80.06
2026,2026mibig,Week 6,7160,12,-0.0,20.667,-27.448
2026,2026mibig,Week 6,7911,12,0.0,44.904,-37.354
2026,2026mibig,Week 6,5535,12,-0.0,49.058,-54.387
2026,2026mibig,Week 6,9731,12,-0.0,24.207,-29.178
2026,2026mibig,Week 6,6091,12,-0.0,20.765,-37.354
2026,2026mibig,Week 6,8286,12,0.0,19.507,-30.708
2026,2026mibig,Week 6,5183,12,-0.0,23.741,-30.708
2026,2026mibig,Week 6,1718,12,0.0,34.319,-48.598
2026,2026mibig,Week 6,5525,12,0.0,22.807,-47.286
2026,2026mibig,Week 6,6098,12,-0.0,35.422,-69.843
2026,2026mibig,Week 6,5162,12,-0.0,33.495,-78.466
2026,2026mibig,Week 6,5247,12,-0.0,22.449,-40.6
2026,2026mibig,Week 6,5878,12,0.0,29.587,-69.843
2026,2026miesc,Week 6,9722,12,0.0,27.605,-60.579
2026,2026miesc,Week 6,5505,12,-0.0,34.065,-47.461
2026,2026miesc,Week 6,6569,12,0.0,35.113,-58.285
2026,2026miesc,Week 6,5086,12,-0.0,63.339,-167.579
2026,2026miesc,Week 6,6079,12,0.0,25.728,-44.769
2026,2026miesc,Week 6,3602,12,-0.0,45.833,-117.711
2026,2026miesc,Week 6,8612,12,0.0,60.628,-167.579
2026,2026miesc,Week 6,11466,12,-0.0,36.805,-76.724
2026,2026miesc,Week 6,7782,12,-0.0,52.939,-85.139
2026,2026miesc,Week 6,4392,12,-0.0,40.395,-66.56
2026,2026miesc,Week 6,7250,12,0.0,59.548,-80.126
2026,2026miesc,Week 6,9674,12,-0.0,26.389,-55.1
2026,2026miesc,Week 6,4377,12,-0.0,19.074,-40.985
2026,2026miesc,Week 6,10622,12,0.0,64.016,-167.579
2026,2026miesc,Week 6,10589,12,-0.0,36.943,-55.769
2026,2026miesc,Week 6,10605,12,-0.0,24.961,-66.56
2026,2026miesc,Week 6,9755,12,0.0,24.526,-44.351
2026,2026miesc,Week 6,6558,12,0.0,45.67,-85.139
2026,2026miesc,Week 6,9773,12,-0.0,22.102,-45.169
2026,2026miesc,Week 6,9249,12,0.0,28.762,-60.579
2026,2026miesc,Week 6,6637,12,0.0,42.881,-85.139
2026,2026miesc,Week 6,6113,12,-0.0,24.769,-56.193
2026,2026miesc,Week 6,4827,12,-0.0,33.991,-55.769
2026,2026miesc,Week 6,9682,12,0.0,36.734,-43.42
2026,2026miesc,Week 6,2586,12,0.0,31.07,-47.461
2026,2026miesc,Week 6,4835,12,-0.0,44.192,-117.711
2026,2026miesc,Week 6,9548,12,0.0,31.921,-80.126
2026,2026miesc,Week 6,10595,12,-0.0,28.619,-54.456
2026,2026miesc,Week 6,5486,12,0.0,25.726,-36.615
2026,2026miesc,Week 6,857,12,-0.0,22.684,-37.498
2026,2026miesc,Week 6,5193,12,0.0,61.525,-147.065
2026,2026miesc,Week 6,3770,12,0.0,59.708,-147.065
2026,2026miesc,Week 6,5706,12,-0.0,52.863,-147.065
2026,2026miesc,Week 6,4375,12,-0.0,35.227,-56.193
2026,2026miesc,Week 6,9733,12,-0.0,23.026,-26.598
2026,2026miesc,Week 6,4391,12,0.0,36.83,-66.56
2026,2026miesc,Week 6,6112,12,0.0,16.04,-33.311
2026,2026miesc,Week 6,7713,12,0.0,34.517,-60.579
2026,2026miesc,Week 6,5702,12,-0.0,42.312,-117.711
2026,2026miesc,Week 6,6088,12,-0.0,28.304,-30.241
2026,2026miken,Week 6,858,12,-0.0,45.421,-99.861
2026,2026miken,Week 6,10181,12,0.0,19.222,-25.499
2026,2026miken,Week 6,8285,12,-0.0,16.027,-42.85
2026,2026miken,Week 6,3620,12,0.0,55.082,-110.719
2026,2026miken,Week 6,7256,12,0.0,37.146,-72.307
2026,2026miken,Week 6,2771,12,-0.0,31.604,-65.953
2026,2026miken,Week 6,9671,12,-0.0,40.453,-93.002
2026,2026miken,Week 6,9756,12,0.0,25.302,-32.423
2026,2026miken,Week 6,7658,12,-0.0,36.639,-42.608
2026,2026miken,Week 6,7220,12,-0.0,61.654,-110.719
2026,2026miken,Week 6,9685,12,-0.0,35.9,-90.816
2026,2026miken,Week 6,10664,12,0.0,39.37,-90.816
2026,2026miken,Week 6,7809,12,0.0,25.037,-41.329
2026,2026miken,Week 6,9208,12,0.0,29.619,-55.985
2026,2026miken,Week 6,3234,12,0.0,51.526,-68.067
2026,2026miken,Week 6,10642,12,-0.0,33.367,-51.248
2026,2026miken,Week 6,7656,12,0.0,52.03,-93.002
2026,2026miken,Week 6,9206,12,-0.0,32.974,-94.838
2026,2026miken,Week 6,7808,12,0.0,30.494,-72.307
2026,2026miken,Week 6,9549,12,-0.0,36.396,-58.008
2026,2026miken,Week 6,3875,12,0.0,30.935,-65.953
2026,2026miken,Week 6,8767,12,0.0,37.492,-44.82
2026,2026miken,Week 6,7818,12,0.0,36.925,-69.553
2026,2026miken,Week 6,5980,12,0.0,34.983,-42.85
2026,2026miken,Week 6,4325,12,-0.0,20.195,-40.726
2026,2026miken,Week 6,2075,12,0.0,61.259,-110.719
2026,2026miken,Week 6,7221,12,-0.0,32.787,-50.64
2026,2026miken,Week 6,4967,12,0.0,33.053,-51.248
2026,2026miken,Week 6,10633,12,0.0,45.755,-72.307
2026,2026miken,Week 6,9638,12,0.0,41.614,-48.363
2026,2026miken,Week 6,6081,12,-0.0,51.566,-94.838
2026,2026miken,Week 6,904,12,0.0,40.339,-69.553
2026,2026miken,Week 6,9566,12,0.0,46.27,-99.861
2026,2026miken,Week 6,1023,12,0.0,35.023,-58.008
2026,2026miken,Week 6,7289,12,0.0,29.601,-58.624
2026,2026miken,Week 6,11399,12,-0.0,53.768,-94.838
2026,2026miken,Week 6,5166,12,0.0,37.948,-68.067
2026,2026miken,Week 6,5256,12,0.0,38.809,-93.002
2026,2026miken,Week 6,8423,12,0.0,30.478,-28.353
2026,2026onwin,Week 6,4920,12,-0.0,44.432,-63.853
2026,2026onwin,Week 6,781,12,0.0,31.938,-64.577
2026,2026onwin,Week 6,4951,12,0.0,49.525,-84.971
2026,2026onwin,Week 6,4907,12,-0.0,51.135,-94.298
2026,2026onwin,Week 6,5689,12,0.0,44.779,-66.162
2026,2026onwin,Week 6,771,12,-0.0,57.712,-101.013
2026,2026onwin,Week 6,8789,12,-0.0,51.468,-81.127
2026,2026onwin,Week 6,4678,12,0.0,55.651,-101.013
2026,2026onwin,Week 6,6875,12,-0.0,34.723,-64.577
2026,2026onwin,Week 6,4688,12,-0.0,44.148,-60.817
2026,2026onwin,Week 6,2634,12,0.0,37.611,-56.232
2026,2026onwin,Week 6,5912,12,-0.0,45.098,-90.041
2026,2026onwin,Week 6,4039,12,-0.0,33.29,-49.735
2026,2026onwin,Week 6,4617,12,-0.0,34.709,-49.735
2026,2026onwin,Week 6,2702,12,-0.0,82.195,-209.516
2026,2026onwin,Week 6,7058,12,0.0,49.068,-90.041
2026,2026onwin,Week 6,10611,12,-0.0,57.64,-84.971
2026,2026onwin,Week 6,5408,12,-0.0,40.127,-75.043
2026,2026onwin,Week 6,8081,12,-0.0,38.494,-49.86
2026,2026onwin,Week 6,6162,12,-0.0,26.651,-54.882
2026,2026onwin,Week 6,5719,12,-0.0,30.623,-46.714
2026,2026onwin,Week 6,11215,12,-0.0,24.888,-49.642
2026,2026onwin,Week 6,2386,12,-0.0,75.968,-209.516
2026,2026onwin,Week 6,6725,12,-0.0,47.197,-97.508
2026,2026onwin,Week 6,865,12,-0.0,74.221,-97.508
2026,2026onwin,Week 6,3756,12,0.0,41.779,-33.567
2026,2026onwin,Week 6,5024,12,-0.0,72.781,-101.013
2026,2026onwin,Week 6,772,12,0.0,38.455,-66.162
2026,2026onwin,Week 6,11362,12,0.0,55.628,-73.563
2026,2026onwin,Week 6,1229,12,-0.0,49.185,-75.043
2026,2026onwin,Week 6,9262,12,0.0,34.994,-90.067
2026,2026onwin,Week 6,3739,12,-0.0,49.02,-94.298
2026,2026onwin,Week 6,5885,12,-0.0,85.567,-209.516
2026,2026onwin,Week 6,4940,12,0.0,22.611,-40.636
2026,2026onwin,Week 6,5406,12,-0.0,41.676,-90.067
2026,2026sccmp,Week 6,3490,12,-0.0,39.096,-68.395
2026,2026sccmp,Week 6,10231,12,-0.0,20.386,-41.547
2026,2026sccmp,Week 6,7085,12,-0.0,25.428,-45.476
2026,2026sccmp,Week 6,1287,12,-0.0,54.045,-101.643
2026,2026sccmp,Week 6,10388,12,-0.0,27.266,-55.415
2026,2026sccmp,Week 6,10367,12,-0.0,26.43,-45.476
2026,2026sccmp,Week 6,1102,12,0.0,37.189,-52.375
2026,2026sccmp,Week 6,8575,12,0.0,24.472,-42.953
2026,2026sccmp,Week 6,8137,12,-0.0,24.058,-45.476
2026,2026sccmp,Week 6,1293,12,-0.0,29.486,-55.415
2026,2026sccmp,Week 6,342,12,0.0,44.496,-113.878
2026,2026sccmp,Week 6,4083,12,0.0,36.198,-68.395
2026,2026sccmp,Week 6,9315,12,0.0,30.566,-41.547
2026,2026sccmp,Week 6,1758,12,-0.0,29.052,-68.395
2026,2026sccmp,Week 6,4451,12,-0.0,31.945,-80.762
2026,2026sccmp,Week 6,11424,12,-0.0,31.606,-42.953
2026,2026sccmp,Week 6,281,12,-0.0,29.621,-42.953
2026,2026sccmp,Week 6,3489,12,-0.0,42.558,-101.643
2026,2026sccmp,Week 6,11254,12,-0.0,23.047,-47.591
2026,2026sccmp,Week 6,343,12,0.0,43.165,-101.643
2026,2026sccmp,Week 6,2815,12,-0.0,41.265,-113.878
2026,2026sccmp,Week 6,11398,12,0.0,26.255,-51.274
2026,2026sccmp,Week 6,4533,12,-0.0,37.534,-80.762
2026,2026sccmp,Week 6,6366,12,-0.0,54.036,-113.878
2026,2026sccmp,Week 6,10619,12,-0.0,16.652,-31.19
2026,2026sccmp,Week 6,10591,12,-0.0,33.323,-64.438
2026,2026sccmp,Week 6,4864,12,-0.0,23.62,-31.19
2026,2026sccmp,Week 6,11167,12,0.0,19.474,-28.074
2026,2026sccmp,Week 6,1319,12,-0.0,31.259,-64.438
2026,2026sccmp,Week 6,6167,12,-0.0,25.182,-36.692
2026,2026sccmp,Week 6,11308,12,-0.0,22.988,-52.375
2026,2026chcmp,Week 6,1719,12,-0.0,35.959,-47.83
2026,2026chcmp,Week 6,2106,12,-0.0,60.179,-100.979
2026,2026chcmp,Week 6,401,12,0.0,75.537,-104.007
2026,2026chcmp,Week 6,449,12,-0.0,55.555,-95.12
2026,2026chcmp,Week 6,540,12,-0.0,42.846,-95.12
2026,2026chcmp,Week 6,9072,12,0.0,74.618,-100.979
2026,2026chcmp,Week 6,3748,12,-0.0,44.76,-60.735
2026,2026chcmp,Week 6,8590,12,-0.0,22.748,-31.744
2026,2026chcmp,Week 6,4472,12,-0.0,58.276,-113.211
2026,2026chcmp,Week 6,2890,12,-0.0,41.351,-80.986
2026,2026chcmp,Week 6,3258,12,-0.0,70.569,-101.777
2026,2026chcmp,Week 6,8592,12,0.0,54.622,-95.88
2026,2026chcmp,Week 6,10224,12,-0.0,57.284,-93.181
2026,2026chcmp,Week 6,1111,12,-0.0,56.952,-93.181
2026,2026chcmp,Week 6,5549,12,0.0,63.851,-125.938
2026,2026chcmp,Week 6,346,12,-0.0,53.047,-69.186
2026,2026chcmp,Week 6,1086,12,-0.0,57.522,-80.546
2026,2026chcmp,Week 6,2068,12,-0.0,52.753,-90.807
2026,2026chcmp,Week 6,1731,12,-0.0,64.197,-113.211
2026,2026chcmp,Week 6,4099,12,-0.0,67.661,-102.108
2026,2026chcmp,Week 6,2199,12,-0.0,60.833,-85.93
2026,2026chcmp,Week 6,5804,12,-0.0,45.944,-100.979
2026,2026chcmp,Week 6,2537,12,-0.0,37.892,-65.002
2026,2026chcmp,Week 6,3361,12,-0.0,39.975,-53.445
2026,2026chcmp,Week 6,5724,12,-0.0,38.016,-63.739
2026,2026chcmp,Week 6,11318,12,-0.0,50.294,-85.228
2026,2026chcmp,Week 6,422,12,-0.0,58.49,-90.807
2026,2026chcmp,Week 6,10679,12,0.0,62.274,-95.88
2026,2026chcmp,Week 6,1389,12,-0.0,45.532,-80.546
2026,2026chcmp,Week 6,122,12,-0.0,49.945,-125.938
2026,2026chcmp,Week 6,5587,12,-0.0,56.664,-125.938
2026,2026chcmp,Week 6,619,12,-0.0,51.218,-98.391
2026,2026chcmp,Week 6,620,12,-0.0,50.72,-55.916
2026,2026chcmp,Week 6,836,12,-0.0,78.653,-180.942
2026,2026chcmp,Week 6,3939,12,-0.0,48.139,-104.007
2026,2026chcmp,Week 6,614,12,-0.0,65.796,-85.228
2026,2026chcmp,Week 6,2421,12,-0.0,62.885,-93.709
2026,2026chcmp,Week 6,1629,12,-0.0,75.914,-180.942
2026,2026chcmp,Week 6,1727,12,-0.0,51.565,-93.709
2026,2026chcmp,Week 6,11425,12,-0.0,43.576,-75.85
2026,2026chcmp,Week 6,1895,12,-0.0,47.682,-62.131
2026,2026chcmp,Week 6,686,12,-0.0,54.508,-61.18
2026,2026chcmp,Week 6,1908,12,-0.0,53.366,-62.877
2026,2026chcmp,Week 6,5243,12,-0.0,52.282,-90.807
2026,2026chcmp,Week 6,10004,12,-0.0,65.683,-95.88
2026,2026chcmp,Week 6,1262,12,-0.0,46.319,-83.831
2026,2026chcmp,Week 6,4541,12,-0.0,58.82,-102.108
2026,2026chcmp,Week 6,11415,12,-0.0,60.674,-85.93
2026,2026chcmp,Week 6,9033,12,-0.0,77.197,-180.942
2026,2026chcmp,Week 6,5338,12,-0.0,61.871,-129.393
2026,2026chcmp,Week 6,3136,12,-0.0,65.822,-129.393
2026,2026chcmp,Week 6,2377,12,-0.0,48.255,-71.635
2026,2026chcmp,Week 6,339,12,-0.0,38.396,-65.584
2026,2026chcmp,Week 6,888,12,-0.0,56.148,-113.211
2026,2026nccmp,Week 6,5607,12,-0.0,54.053,-118.94
2026,2026nccmp,Week 6,10248,12,-0.0,33.503,-58.634
2026,2026nccmp,Week 6,6502,12,-0.0,55.861,-87.738
2026,2026nccmp,Week 6,4828,12,0.0,67.71,-112.412
2026,2026nccmp,Week 6,1533,12,-0.0,50.407,-99.377
2026,2026nccmp,Week 6,10121,12,-0.0,34.47,-65.72
2026,2026nccmp,Week 6,3229,12,-0.0,62.197,-152.541
2026,2026nccmp,Week 6,9150,12,-0.0,28.168,-60.759
2026,2026nccmp,Week 6,3506,12,-0.0,36.338,-51.339
2026,2026nccmp,Week 6,3336,12,-0.0,38.39,-82.681
2026,2026nccmp,Week 6,9297,12,-0.0,52.621,-70.189
2026,2026nccmp,Week 6,2682,12,0.0,33.468,-61.223
2026,2026nccmp,Week 6,4561,12,-0.0,69.58,-118.94
2026,2026nccmp,Week 6,11285,12,0.0,46.142,-112.412
2026,2026nccmp,Week 6,6888,12,-0.0,40.654,-93.083
2026,2026nccmp,Week 6,10077,12,-0.0,50.574,-70.189
2026,2026nccmp,Week 6,7763,12,-0.0,55.376,-152.541
2026,2026nccmp,Week 6,11353,12,-0.0,24.931,-49.242
2026,2026nccmp,Week 6,7890,12,-0.0,31.829,-62.276
2026,2026nccmp,Week 6,11146,12,-0.0,63.967,-154.336
2026,2026nccmp,Week 6,8429,12,-0.0,63.449,-99.377
2026,2026nccmp,Week 6,2059,12,-0.0,53.191,-87.738
2026,2026nccmp,Week 6,6500,12,-0.0,46.863,-80.729
2026,2026nccmp,Week 6,4534,12,-0.0,48.045,-93.083
2026,2026nccmp,Week 6,9559,12,-0.0,53.896,-60.759
2026,2026nccmp,Week 6,9032,12,-0.0,87.748,-152.541
2026,2026nccmp,Week 6,2640,12,0.0,62.962,-118.94
2026,2026nccmp,Week 6,8205,12,-0.0,33.176,-49.242
2026,2026nccmp,Week 6,9788,12,-0.0,37.561,-87.546
2026,2026nccmp,Week 6,1225,12,-0.0,53.233,-80.729
2026,2026nccmp,Week 6,6004,12,-0.0,37.278,-87.546
2026,2026nccmp,Week 6,4795,12,0.0,46.608,-75.548
2026,2026nccmp,Week 6,9496,12,0.0,77.071,-154.336
2026,2026nccmp,Week 6,2724,12,-0.0,31.283,-50.83
2026,2026nccmp,Week 6,6894,12,-0.0,39.802,-68.013
2026,2026nccmp,Week 6,8738,12,-0.0,48.764,-51.339
2026,2026nccmp,Week 6,8757,12,-0.0,49.731,-99.377
2026,2026nccmp,Week 6,4829,12,-0.0,42.032,-70.189
2026,2026nccmp,Week 6,7918,12,-0.0,39.18,-56.239
2026,2026nccmp,Week 6,8746,12,-0.0,59.344,-111.167
2026,2026nccmp,Week 6,6639,12,-0.0,51.636,-70.548
2026,2026nccmp,Week 6,3196,12,-0.0,33.643,-70.548
2026,2026nccmp,Week 6,11179,12,-0.0,34.067,-41.295
2026,2026nccmp,Week 6,11417,12,-0.0,38.111,-74.551
2026,2026nccmp,Week 6,4935,12,-0.0,32.643,-40.236
2026,2026nccmp,Week 6,8727,12,-0.0,47.801,-93.083
2026,2026nccmp,Week 6,10302,12,-0.0,53.615,-111.167
2026,2026nccmp,Week 6,3459,12,-0.0,62.536,-154.336
2026,2026nccmp,Week 6,5160,12,-0.0,37.229,-74.551
2026,2026nccmp,Week 6,11377,12,-0.0,42.188,-53.987
2026,2026nyny,Week 6,7036,8,0.0,20.224,-42.872
2026,2026nyny,Week 6,3204,8,0.0,22.324,-27.592
2026,2026nyny,Week 6,4383,8,0.0,19.038,-28.345
2026,2026nyny,Week 6,640,8,0.0,15.06,-28.345
2026,2026nyny,Week 6,334,8,-0.0,21.799,-28.332
2026,2026nyny,Week 6,354,8,-0.0,30.189,-56.187
2026,2026nyny,Week 6,2344,8,0.0,22.779,-25.779
2026,2026nyny,Week 6,10452,8,0.0,19.627,-37.634
2026,2026nyny,Week 6,7668,8,0.0,30.704,-47.77
2026,2026nyny,Week 6,3004,8,0.0,30.766,-27.592
2026,2026nyny,Week 6,4571,8,0.0,29.948,-65.882
2026,2026nyny,Week 6,6401,8,0.0,30.08,-66.448
2026,2026nyny,Week 6,9030,8,0.0,23.513,-45.888
2026,2026nyny,Week 6,6969,8,0.0,22.618,-26.512
2026,2026nyny,Week 6,6985,8,0.0,28.484,-47.77
2026,2026nyny,Week 6,2601,8,-0.0,28.346,-55.88
2026,2026nyny,Week 6,10229,8,-0.0,36.658,-55.88
2026,2026nyny,Week 6,3017,8,0.0,29.338,-55.88
2026,2026nyny,Week 6,395,8,0.0,15.702,-16.546
2026,2026nyny,Week 6,11090,8,0.0,23.64,-42.28
2026,2026nyny,Week 6,9509,8,0.0,21.978,-23.365
2026,2026nyny,Week 6,7730,8,0.0,21.207,-36.481
2026,2026nyny,Week 6,2872,8,0.0,35.851,-61.946
2026,2026nyny,Week 6,5421,8,-0.0,28.757,-54.221
2026,2026nyny,Week 6,9295,8,-0.0,31.229,-66.448
2026,2026nyny,Week 6,3419,8,-0.0,39.797,-65.882
2026,2026nyny,Week 6,4729,8,0.0,33.496,-63.43
2026,2026nyny,Week 6,6024,8,0.0,20.08,-28.332
2026,2026nyny,Week 6,3053,8,0.0,21.249,-22.069
2026,2026nyny,Week 6,1601,8,-0.0,30.755,-47.77
2026,2026nyny,Week 6,3390,8,0.0,21.987,-37.634
2026,2026nyny,Week 6,1635,8,0.0,22.285,-23.306
2026,2026nyny,Week 6,6873,8,0.0,19.675,-23.306
2026,2026nyny,Week 6,9642,8,-0.0,29.278,-56.187
2026,2026nyny,Week 6,5806,8,-0.0,36.773,-63.43
2026,2026nyny,Week 6,333,8,-0.0,21.81,-37.634
2026,2026nyny,Week 6,6648,8,0.0,16.422,-19.726
2026,2026nyny,Week 6,516,8,-0.0,16.466,-19.726
2026,2026nyny,Week 6,5123,8,-0.0,22.789,-23.365
2026,2026nyny,Week 6,8739,8,-0.0,26.093,-61.946
2026,2026nyny,Week 6,6593,8,0.0,39.091,-45.888
2026,2026nyny,Week 6,6590,8,0.0,25.206,-35.278
2026,2026nyny,Week 6,369,8,0.0,28.834,-42.28
2026,2026nyny,Week 6,4972,8,0.0,36.559,-63.43
2026,2026nyny,Week 6,9636,8,0.0,28.458,-61.946
2026,2026nyny,Week 6,10454,8,-0.0,16.849,-26.012
2026,2026nyny,Week 6,743,8,-0.0,35.216,-54.221
2026,2026nyny,Week 6,4299,8,-0.0,18.099,-26.512
2026,2026nyny,Week 6,694,8,-0.0,23.329,-45.888
2026,2026nyny,Week 6,5298,8,0.0,13.553,-16.35
2026,2026nyny,Week 6,3015,8,-0.0,54.253,-66.448
2026,2026cancmp,Week 6,5507,12,-0.0,88.473,-127.083
2026,2026cancmp,Week 6,4135,12,-0.0,58.875,-117.491
2026,2026cancmp,Week 6,670,12,-0.0,75.657,-107.914
2026,2026cancmp,Week 6,8033,12,-0.0,72.19,-155.983
2026,2026cancmp,Week 6,1868,12,0.0,67.238,-95.942
2026,2026cancmp,Week 6,6814,12,0.0,42.724,-76.809
2026,2026cancmp,Week 6,581,12,-0.0,76.787,-177.714
2026,2026cancmp,Week 6,3501,12,0.0,55.398,-155.983
2026,2026cancmp,Week 6,2813,12,-0.0,55.739,-86.138
2026,2026cancmp,Week 6,846,12,0.0,48.563,-86.39
2026,2026cancmp,Week 6,1323,12,-0.0,89.375,-126.534
2026,2026cancmp,Week 6,3045,12,-0.0,113.353,-242.111
2026,2026cancmp,Week 6,9470,12,-0.0,76.931,-151.606
2026,2026cancmp,Week 6,5104,12,-0.0,80.625,-177.714
2026,2026cancmp,Week 6,10339,12,-0.0,77.185,-160.982
2026,2026cancmp,Week 6,3970,12,0.0,65.871,-119.107
2026,2026cancmp,Week 6,2204,12,-0.0,73.459,-132.02
2026,2026cancmp,Week 6,7137,12,-0.0,65.623,-119.536
2026,2026cancmp,Week 6,6305,12,0.0,51.197,-85.103
2026,2026cancmp,Week 6,254,12,-0.0,52.557,-75.966
2026,2026cancmp,Week 6,1671,12,-0.0,72.34,-184.206
2026,2026cancmp,Week 6,1678,12,-0.0,77.948,-128.986
2026,2026cancmp,Week 6,3256,12,-0.0,126.889,-235.685
2026,2026cancmp,Week 6,972,12,-0.0,59.906,-128.986
2026,2026cancmp,Week 6,6418,12,-0.0,58.739,-89.638
2026,2026cancmp,Week 6,115,12,0.0,93.967,-177.714
2026,2026cancmp,Week 6,7667,12,0.0,46.766,-114.278
2026,2026cancmp,Week 6,1967,12,-0.0,102.125,-242.111
2026,2026cancmp,Week 6,5026,12,-0.0,118.143,-235.685
2026,2026cancmp,Week 6,6238,12,0.0,91.683,-184.206
2026,2026cancmp,Week 6,841,12,-0.0,51.976,-89.03
2026,2026cancmp,Week 6,2073,12,-0.0,59.94,-125.683
2026,2026cancmp,Week 6,971,12,0.0,49.521,-86.39
2026,2026cancmp,Week 6,7419,12,-0.0,73.828,-117.491
2026,2026cancmp,Week 6,5817,12,-0.0,72.513,-148.373
2026,2026cancmp,Week 6,701,12,-0.0,61.24,-93.19
2026,2026cancmp,Week 6,253,12,-0.0,34.609,-67.243
2026,2026cancmp,Week 6,5419,12,-0.0,73.924,-151.606
2026,2026cancmp,Week 6,3257,12,0.0,72.048,-125.683
2026,2026cancmp,Week 6,2135,12,-0.0,51.032,-93.19
2026,2026cancmp,Week 6,1072,12,-0.0,81.635,-121.281
2026,2026cancmp,Week 6,649,12,-0.0,64.516,-117.491
2026,2026cancmp,Week 6,8793,12,-0.0,67.359,-151.606
2026,2026cancmp,Week 6,840,12,0.0,73.652,-121.281
2026,2026cancmp,Week 6,114,12,-0.0,71.08,-126.534
2026,2026cancmp,Week 6,6036,12,0.0,68.321,-184.206
2026,2026cancmp,Week 6,9400,12,0.0,60.377,-119.536
2026,2026cancmp,Week 6,604,12,-0.0,82.836,-242.111
2026,2026cancmp,Week 6,766,12,-0.0,50.566,-77.023
2026,2026cancmp,Week 6,6962,12,-0.0,58.32,-86.138
2026,2026cancmp,Week 6,6665,12,-0.0,68.822,-160.982
2026,2026cancmp,Week 6,3598,12,0.0,54.213,-119.107
2026,2026cancmp,Week 6,4698,12,-0.0,66.214,-127.083
2026,2026cancmp,Week 6,5700,12,-0.0,71.278,-95.201
2026,2026cancmp,Week 6,5940,12,-0.0,83.972,-148.373
2026,2026cancmp,Week 6,6662,12,-0.0,52.826,-107.914
2026,2026cancmp,Week 6,8048,12,-0.0,46.002,-95.942
2026,2026cancmp,Week 6,4990,12,0.0,82.152,-235.685
2026,2026cancmp,Week 6,8,12,0.0,57.662,-93.19
2026,2026cancmp,Week 6,192,12,-0.0,53.835,-121.281
2026,2026cascmp,Week 6,3255,12,-0.0,67.815,-108.492
2026,2026cascmp,Week 6,4419,12,-0.0,47.323,-68.439
2026,2026cascmp,Week 6,5199,12,0.0,84.681,-144.273
2026,2026cascmp,Week 6,11024,12,0.0,54.954,-79.624
2026,2026cascmp,Week 6,4322,12,-0.0,92.262,-172.211
2026,2026cascmp,Week 6,4079,12,-0.0,55.543,-86.193
2026,2026cascmp,Week 6,687,12,-0.0,83.199,-189.273
2026,2026cascmp,Week 6,4414,12,0.0,58.417,-83.863
2026,2026cascmp,Week 6,2637,12,-0.0,69.872,-171.237
2026,2026cascmp,Week 6,2659,12,0.0,48.304,-79.624
2026,2026cascmp,Week 6,6695,12,-0.0,60.387,-80.361
2026,2026cascmp,Week 6,6995,12,-0.0,32.096,-49.676
2026,2026cascmp,Week 6,9408,12,0.0,67.145,-103.975
2026,2026cascmp,Week 6,1388,12,0.0,59.934,-90.677
2026,2026cascmp,Week 6,4,12,-0.0,58.781,-92.422
2026,2026cascmp,Week 6,3128,12,-0.0,70.233,-112.342
2026,2026cascmp,Week 6,2984,12,-0.0,90.392,-185.244
2026,2026cascmp,Week 6,1538,12,-0.0,89.492,-189.273
2026,2026cascmp,Week 6,5136,12,0.0,56.529,-70.653
2026,2026cascmp,Week 6,5805,12,0.0,48.058,-64.611
2026,2026cascmp,Week 6,7042,12,-0.0,65.116,-108.492
2026,2026cascmp,Week 6,1148,12,-0.0,76.897,-172.211
2026,2026cascmp,Week 6,599,12,0.0,78.798,-128.396
2026,2026cascmp,Week 6,6220,12,0.0,53.864,-102.221
2026,2026cascmp,Week 6,2584,12,0.0,34.629,-65.765
2026,2026cascmp,Week 6,3647,12,0.0,66.087,-64.48
2026,2026cascmp,Week 6,2658,12,0.0,57.738,-83.863
2026,2026cascmp,Week 6,968,12,-0.0,45.742,-57.254
2026,2026cascmp,Week 6,4999,12,0.0,48.401,-122.39
2026,2026cascmp,Week 6,9452,12,0.0,65.962,-90.547
2026,2026cascmp,Week 6,3408,12,0.0,39.711,-57.159
2026,2026cascmp,Week 6,1138,12,0.0,50.999,-77.242
2026,2026cascmp,Week 6,7157,12,0.0,88.027,-121.596
2026,2026cascmp,Week 6,7415,12,0.0,80.453,-148.139
2026,2026cascmp,Week 6,696,12,0.0,75.264,-112.342
2026,2026cascmp,Week 6,3749,12,-0.0,57.37,-64.48
2026,2026cascmp,Week 6,294,12,0.0,68.5,-102.236
2026,2026cascmp,Week 6,3512,12,0.0,51.932,-80.361
2026,2026cascmp,Week 6,3476,12,0.0,90.936,-171.237
2026,2026cascmp,Week 6,2429,12,0.0,54.84,-128.396
2026,2026cascmp,Week 6,5474,12,-0.0,78.118,-122.39
2026,2026cascmp,Week 6,10586,12,0.0,79.288,-185.244
2026,2026cascmp,Week 6,4201,12,-0.0,66.026,-86.193
2026,2026cascmp,Week 6,8119,12,-0.0,50.197,-90.547
2026,2026cascmp,Week 6,4415,12,-0.0,47.511,-70.476
2026,2026cascmp,Week 6,1197,12,0.0,61.581,-148.139
2026,2026cascmp,Week 6,3925,12,-0.0,77.132,-103.975
2026,2026cascmp,Week 6,2710,12,-0.0,65.866,-144.273
2026,2026cascmp,Week 6,9084,12,-0.0,76.181,-172.211
2026,2026cascmp,Week 6,2485,12,0.0,108.099,-171.237
2026,2026cascmp,Week 6,5137,12,-0.0,53.109,-88.093
2026,2026cascmp,Week 6,3309,12,-0.0,35.724,-67.949
2026,2026cascmp,Week 6,2404,12,-0.0,78.768,-189.273
2026,2026cascmp,Week 6,1160,12,-0.0,53.976,-144.273
2026,2026cascmp,Week 6,4123,12,-0.0,80.351,-128.396
2026,2026cascmp,Week 6,2102,12,-0.0,54.242,-88.006
2026,2026cascmp,Week 6,812,12,0.0,70.101,-88.006
2026,2026cascmp,Week 6,973,12,0.0,92.886,-185.244
2026,2026cascmp,Week 6,4738,12,0.0,50.952,-80.361
2026,2026cascmp,Week 6,589,12,-0.0,58.255,-122.39
2026,2026tuak2,Week 6,10998,11,0.0,30.111,-37.594
2026,2026tuak2,Week 6,10478,11,0.0,28.389,-49.007
2026,2026tuak2,Week 6,11098,11,0.0,34.625,-62.196
2026,2026tuak2,Week 6,6431,11,0.0,38.985,-58.819
2026,2026tuak2,Week 6,11022,12,0.0,27.085,-48.502
2026,2026tuak2,Week 6,8557,11,0.0,24.204,-31.058
2026,2026tuak2,Week 6,6874,11,0.0,37.813,-50.08
2026,2026tuak2,Week 6,5665,11,0.0,30.61,-55.98
2026,2026tuak2,Week 6,8780,12,0.0,21.681,-39.173
2026,2026tuak2,Week 6,8561,11,0.0,26.749,-50.566
2026,2026tuak2,Week 6,8863,12,0.0,34.693,-84.381
2026,2026tuak2,Week 6,8828,11,0.0,29.102,-50.615
2026,2026tuak2,Week 6,11257,11,0.0,34.61,-45.38
2026,2026tuak2,Week 6,10542,11,0.0,44.623,-78.818
2026,2026tuak2,Week 6,10246,11,0.0,44.202,-84.381
2026,2026tuak2,Week 6,10472,11,0.0,32.832,-62.196
2026,2026tuak2,Week 6,9247,11,0.0,19.751,-50.08
2026,2026tuak2,Week 6,11300,11,0.0,43.21,-98.3
2026,2026tuak2,Week 6,6430,11,0.0,29.931,-39.042
2026,2026tuak2,Week 6,9583,11,0.0,37.051,-78.818
2026,2026tuak2,Week 6,8056,11,0.0,40.483,-51.972
2026,2026tuak2,Week 6,7539,11,0.0,40.571,-98.3
2026,2026tuak2,Week 6,10940,11,0.0,18.54,-48.502
2026,2026tuak2,Week 6,11141,11,0.0,36.419,-62.196
2026,2026tuak2,Week 6,7594,11,0.0,48.603,-58.819
2026,2026tuak2,Week 6,6399,11,0.0,24.617,-48.502
2026,2026tuak2,Week 6,11064,11,0.0,20.593,-50.615
2026,2026tuak2,Week 6,4191,11,0.0,26.819,-45.38
2026,2026tuak2,Week 6,10396,11,0.0,31.054,-51.972
2026,2026tuak2,Week 6,11099,11,0.0,19.294,-26.758
2026,2026tuak2,Week 6,10180,11,0.0,40.147,-98.3
2026,2026tuak2,Week 6,9609,11,0.0,51.015,-84.381
2026,2026tuak2,Week 6,8079,11,0.0,32.822,-78.818
2026,2026mifen,Week 6,10690,12,0.0,45.133,-67.842
2026,2026mifen,Week 6,70,12,0.0,49.994,-78.092
2026,2026mifen,Week 6,9759,12,0.0,42.338,-67.842
2026,2026mifen,Week 6,8193,12,0.0,39.09,-64.149
2026,2026mifen,Week 6,9237,12,0.0,33.717,-38.944
2026,2026mifen,Week 6,5084,12,0.0,36.324,-71.499
2026,2026mifen,Week 6,6538,12,0.0,34.175,-64.674
2026,2026mifen,Week 6,862,12,0.0,34.093,-65.356
2026,2026mifen,Week 6,494,12,0.0,35.18,-61.017
2026,2026mifen,Week 6,6073,12,0.0,43.375,-71.499
2026,2026mifen,Week 6,4130,12,-0.0,39.739,-53.55
2026,2026mifen,Week 6,5532,12,0.0,19.091,-33.267
2026,2026mifen,Week 6,7202,12,0.0,36.516,-93.231
2026,2026mifen,Week 6,68,12,0.0,59.014,-133.721
2026,2026mifen,Week 6,5517,12,0.0,45.259,-93.231
2026,2026mifen,Week 6,9757,12,0.0,44.17,-64.149
2026,2026mifen,Week 6,6190,12,0.0,47.935,-133.721
2026,2026mifen,Week 6,2145,12,0.0,34.711,-43.09
2026,2026mifen,Week 6,9776,12,0.0,33.248,-52.327
2026,2026mifen,Week 6,5260,12,0.0,37.958,-52.327
2026,2026mifen,Week 6,5660,12,0.0,59.442,-145.319
2026,2026mifen,Week 6,10667,12,0.0,49.626,-78.092
2026,2026mifen,Week 6,4810,12,0.0,51.121,-145.319
2026,2026mifen,Week 6,5114,12,0.0,67.518,-146.489
2026,2026mifen,Week 6,5282,12,0.0,50.124,-146.489
2026,2026mifen,Week 6,5641,12,0.0,35.763,-65.356
2026,2026mifen,Week 6,7598,12,0.0,37.442,-63.318
2026,2026mifen,Week 6,5603,12,0.0,21.831,-58.498
2026,2026mifen,Week 6,3568,12,0.0,32.706,-51.946
2026,2026mifen,Week 6,5234,12,0.0,37.951,-63.318
2026,2026mifen,Week 6,8385,12,-0.0,31.373,-39.036
2026,2026mifen,Week 6,1322,12,0.0,32.023,-64.149
2026,2026mifen,Week 6,5229,12,0.0,47.578,-71.499
2026,2026mifen,Week 6,7772,12,-0.0,58.267,-145.319
2026,2026mifen,Week 6,6548,12,0.0,33.984,-47.114
2026,2026mifen,Week 6,6067,12,0.0,22.931,-41.693
2026,2026mifen,Week 6,9207,12,0.0,52.335,-146.489
2026,2026mifen,Week 6,3098,12,0.0,36.364,-53.55
2026,2026mifen,Week 6,10978,12,0.0,42.095,-58.498
2026,2026mifen,Week 6,6071,12,0.0,34.494,-53.55
2026,2026mifen,Week 6,9455,12,0.0,24.725,-35.547
2026,2026mifen,Week 6,9697,12,0.0,49.343,-133.721
2026,2026njski,Week 6,2191,12,0.0,33.929,-90.394
2026,2026njski,Week 6,4361,12,-0.0,42.622,-90.394
2026,2026njski,Week 6,3314,12,0.0,51.797,-90.394
2026,2026njski,Week 6,428,12,-0.0,28.157,-50.772
2026,2026njski,Week 6,5895,12,-0.0,33.715,-71.2
2026,2026njski,Week 6,3340,12,0.0,30.41,-50.772
2026,2026njski,Week 6,10232,12,0.0,35.883,-58.783
2026,2026njski,Week 6,303,12,-0.0,20.082,-38.316
2026,2026njski,Week 6,9424,12,-0.0,16.912,-30.845
2026,2026njski,Week 6,75,12,-0.0,31.435,-37.841
2026,2026njski,Week 6,433,12,0.0,21.925,-25.892
2026,2026njski,Week 6,10366,12,-0.0,27.082,-56.587
2026,2026njski,Week 6,6860,12,-0.0,29.397,-84.157
2026,2026njski,Week 6,3637,12,0.0,40.353,-84.157
2026,2026njski,Week 6,2495,12,0.0,37.774,-84.157
2026,2026njski,Week 6,293,12,-0.0,26.566,-53.392
2026,2026njski,Week 6,11104,12,-0.0,24.299,-53.392
2026,2026njski,Week 6,102,12,-0.0,44.843,-71.2
2026,2026njski,Week 6,1403,12,0.0,39.56,-58.783
2026,2026njski,Week 6,56,12,-0.0,30.715,-71.2
2026,2026njski,Week 6,6897,12,-0.0,20.908,-30.493
2026,2026njski,Week 6,1279,12,-0.0,36.951,-78.488
2026,2026njski,Week 6,25,12,-0.0,25.971,-48.73
2026,2026njski,Week 6,5438,12,-0.0,49.218,-119.823
2026,2026njski,Week 6,4573,12,-0.0,17.126,-26.226
2026,2026njski,Week 6,2458,12,0.0,26.073,-46.08
2026,2026njski,Week 6,8588,12,-0.0,28.894,-78.488
2026,2026njski,Week 6,8130,12,-0.0,32.523,-58.783
2026,2026njski,Week 6,9439,12,-0.0,36.956,-55.914
2026,2026njski,Week 6,484,12,0.0,43.982,-119.823
2026,2026njski,Week 6,7045,12,0.0,36.35,-78.488
2026,2026njski,Week 6,8714,12,-0.0,39.083,-119.823
2026,2026njski,Week 6,4750,12,-0.0,31.92,-55.914
2026,2026njski,Week 6,5407,12,0.0,33.229,-55.888
2026,2026onwel,Week 6,9263,12,0.0,88.243,-226.073
2026,2026onwel,Week 6,6978,12,-0.0,52.05,-65.894
2026,2026onwel,Week 6,9562,12,-0.0,79.941,-192.943
2026,2026onwel,Week 6,7757,12,-0.0,65.687,-116.747
2026,2026onwel,Week 6,919,12,-0.0,59.703,-80.912
2026,2026onwel,Week 6,2056,12,-0.0,107.471,-192.943
2026,2026onwel,Week 6,9062,12,-0.0,66.647,-123.384
2026,2026onwel,Week 6,3161,12,-0.0,84.99,-175.484
2026,2026onwel,Week 6,1325,12,-0.0,86.448,-226.073
2026,2026onwel,Week 6,6865,12,-0.0,88.013,-164.025
2026,2026onwel,Week 6,8349,12,-0.0,79.355,-175.484
2026,2026onwel,Week 6,5672,12,-0.0,56.822,-85.336
2026,2026onwel,Week 6,7476,12,-0.0,49.202,-110.629
2026,2026onwel,Week 6,2852,12,-0.0,63.049,-175.484
2026,2026onwel,Week 6,1241,12,-0.0,104.847,-192.943
2026,2026onwel,Week 6,6975,12,-0.0,61.592,-110.374
2026,2026onwel,Week 6,1114,12,0.0,100.427,-123.384
2026,2026onwel,Week 6,1360,12,-0.0,67.697,-110.374
2026,2026onwel,Week 6,2013,12,0.0,51.098,-85.336
2026,2026onwel,Week 6,3683,12,0.0,86.639,-226.073
2026,2026onwel,Week 6,10514,12,-0.0,64.719,-123.384
2026,2026onwel,Week 6,11428,12,-0.0,29.899,-36.229
2026,2026onwel,Week 6,6110,12,0.0,49.851,-115.864
2026,2026onwel,Week 6,6854,12,-0.0,64.459,-116.747
2026,2026onwel,Week 6,11002,12,0.0,64.359,-164.025
2026,2026onwel,Week 6,7659,12,-0.0,39.137,-79.963
2026,2026onwel,Week 6,4476,12,-0.0,60.257,-115.864
2026,2026flta,Week 7,10162,9,-0.0,25.523,-30.354
2026,2026flta,Week 7,801,9,-0.0,72.34,-149.833
2026,2026flta,Week 7,233,9,-0.0,19.658,-26.295
2026,2026flta,Week 7,4065,9,-0.0,49.993,-90.726
2026,2026flta,Week 7,4179,10,-0.0,21.188,-34.272
2026,2026flta,Week 7,2797,9,-0.0,31.052,-47.584
2026,2026flta,Week 7,4576,10,-0.0,28.825,-47.584
2026,2026flta,Week 7,5410,9,-0.0,20.326,-43.197
2026,2026flta,Week 7,4118,9,-0.0,25.276,-51.51
2026,2026flta,Week 7,10159,9,-0.0,20.291,-31.626
2026,2026flta,Week 7,4622,9,-0.0,38.572,-100.551
2026,2026flta,Week 7,86,9,-0.0,42.422,-61.272
2026,2026flta,Week 7,7130,9,-0.0,63.564,-81.074
2026,2026flta,Week 7,9698,9,-0.0,45.463,-86.126
2026,2026flta,Week 7,3164,9,-0.0,46.943,-100.551
2026,2026flta,Week 7,10996,9,-0.0,47.541,-33.778
2026,2026flta,Week 7,9493,9,-0.0,41.925,-58.819
2026,2026flta,Week 7,10471,9,-0.0,27.137,-36.516
2026,2026flta,Week 7,8841,9,-0.0,33.499,-74.967
2026,2026flta,Week 7,10219,9,-0.0,27.517,-42.402
2026,2026flta,Week 7,10228,9,-0.0,18.31,-30.429
2026,2026flta,Week 7,7431,9,-0.0,21.609,-40.391
2026,2026flta,Week 7,386,9,-0.0,33.538,-58.538
2026,2026flta,Week 7,3502,9,-0.0,30.191,-74.967
2026,2026flta,Week 7,9720,9,-0.0,16.112,-28.97
2026,2026flta,Week 7,21,9,-0.0,24.894,-43.197
2026,2026flta,Week 7,6722,9,-0.0,33.916,-72.818
2026,2026flta,Week 7,4013,9,-0.0,64.379,-149.833
2026,2026flta,Week 7,5276,9,-0.0,39.481,-58.819
2026,2026flta,Week 7,9313,9,-0.0,19.357,-31.626
2026,2026flta,Week 7,744,9,-0.0,28.81,-42.122
2026,2026flta,Week 7,6145,10,-0.0,24.833,-50.896
2026,2026flta,Week 7,8324,9,-0.0,46.391,-61.272
2026,2026flta,Week 7,5816,9,-0.0,40.244,-74.967
2026,2026flta,Week 7,2992,9,-0.0,74.34,-149.833
2026,2026flta,Week 7,6184,9,-0.0,45.875,-90.726
2026,2026flta,Week 7,9627,9,-0.0,23.076,-42.402
2026,2026flta,Week 7,6647,9,0.0,56.819,-86.126
2026,2026flta,Week 7,5472,9,-0.0,17.708,-24.075
2026,2026flta,Week 7,6473,9,-0.0,41.627,-90.726
2026,2026flta,Week 7,108,9,-0.0,51.313,-100.551
2026,2026flta,Week 7,10981,9,-0.0,53.522,-81.074
2026,2026flta,Week 7,8753,9,-0.0,33.466,-72.154
2026,2026flta,Week 7,3242,9,-0.0,47.298,-72.818
2026,2026flta,Week 7,364,9,-0.0,30.576,-47.228
2026,2026mrcmp,Week 7,10070,12,-0.0,55.269,-61.602
2026,2026mrcmp,Week 7,1672,12,0.0,41.711,-58.201
2026,2026mrcmp,Week 7,1712,12,-0.0,52.786,-105.436
2026,2026mrcmp,Week 7,484,12,0.0,58.056,-81.075
2026,2026mrcmp,Week 7,1640,12,-0.0,56.125,-84.604
2026,2026mrcmp,Week 7,708,12,0.0,66.769,-181.55
2026,2026mrcmp,Week 7,5181,12,-0.0,53.639,-119.438
2026,2026mrcmp,Week 7,1391,12,0.0,66.37,-119.438
2026,2026mrcmp,Week 7,10918,12,0.0,53.926,-119.438
2026,2026mrcmp,Week 7,5401,12,-0.0,69.372,-105.371
2026,2026mrcmp,Week 7,9015,12,0.0,43.26,-71.384
2026,2026mrcmp,Week 7,10979,12,0.0,46.127,-105.532
2026,2026mrcmp,Week 7,4285,12,0.0,51.958,-69.139
2026,2026mrcmp,Week 7,1676,12,0.0,75.516,-124.003
2026,2026mrcmp,Week 7,6921,12,0.0,57.086,-102.113
2026,2026mrcmp,Week 7,272,12,-0.0,59.644,-98.435
2026,2026mrcmp,Week 7,193,12,-0.0,51.801,-91.597
2026,2026mrcmp,Week 7,1089,12,0.0,60.614,-117.845
2026,2026mrcmp,Week 7,5438,12,-0.0,47.866,-88.575
2026,2026mrcmp,Week 7,10993,12,-0.0,46.115,-98.435
2026,2026mrcmp,Week 7,5113,12,-0.0,68.067,-120.969
2026,2026mrcmp,Week 7,9027,12,0.0,52.744,-88.575
2026,2026mrcmp,Week 7,8075,12,-0.0,62.815,-124.003
2026,2026mrcmp,Week 7,293,12,0.0,43.904,-78.804
2026,2026mrcmp,Week 7,2590,12,-0.0,55.366,-120.969
2026,2026mrcmp,Week 7,555,12,-0.0,66.582,-102.113
2026,2026mrcmp,Week 7,8706,12,0.0,51.506,-73.526
2026,2026mrcmp,Week 7,365,12,-0.0,57.45,-105.436
2026,2026mrcmp,Week 7,223,12,0.0,42.283,-71.384
2026,2026mrcmp,Week 7,486,12,-0.0,55.993,-105.532
2026,2026mrcmp,Week 7,423,12,0.0,36.02,-88.575
2026,2026mrcmp,Week 7,103,12,0.0,42.4,-50.815
2026,2026mrcmp,Week 7,56,12,-0.0,56.099,-120.969
2026,2026mrcmp,Week 7,1403,12,-0.0,49.761,-79.25
2026,2026mrcmp,Week 7,316,12,-0.0,65.756,-102.113
2026,2026mrcmp,Week 7,3637,12,-0.0,66.273,-91.597
2026,2026mrcmp,Week 7,41,12,0.0,57.288,-80.057
2026,2026mrcmp,Week 7,2539,12,-0.0,41.249,-54.703
2026,2026mrcmp,Week 7,2607,12,-0.0,54.154,-105.532
2026,2026mrcmp,Week 7,5895,12,-0.0,89.796,-181.55
2026,2026mrcmp,Week 7,9416,12,0.0,23.613,-46.108
2026,2026mrcmp,Week 7,8117,12,0.0,26.895,-41.117
2026,2026mrcmp,Week 7,1923,12,0.0,68.743,-129.562
2026,2026mrcmp,Week 7,11,12,0.0,74.072,-129.562
2026,2026mrcmp,Week 7,222,12,-0.0,71.436,-129.562
2026,2026mrcmp,Week 7,2016,12,-0.0,47.785,-92.049
2026,2026mrcmp,Week 7,9094,12,0.0,45.918,-92.049
2026,2026mrcmp,Week 7,1168,12,0.0,47.37,-92.049
2026,2026mrcmp,Week 7,10157,12,-0.0,28.981,-58.485
2026,2026mrcmp,Week 7,7587,12,-0.0,50.628,-92.32
2026,2026mrcmp,Week 7,427,12,-0.0,56.488,-77.103
2026,2026mrcmp,Week 7,1218,12,-0.0,70.067,-117.601
2026,2026mrcmp,Week 7,8513,12,-0.0,38.931,-41.117
2026,2026mrcmp,Week 7,10949,12,-0.0,44.058,-58.962
2026,2026mrcmp,Week 7,433,12,0.0,33.935,-68.806
2026,2026mrcmp,Week 7,7110,12,0.0,50.325,-86.157
2026,2026mrcmp,Week 7,303,12,0.0,49.725,-124.003
2026,2026mrcmp,Week 7,1807,12,-0.0,57.178,-117.845
2026,2026mrcmp,Week 7,25,12,0.0,45.454,-85.543
2026,2026mrcmp,Week 7,10584,12,-0.0,72.77,-181.55
2026,2026mrcmp,Week 7,7045,12,0.0,72.285,-110.825
2026,2026mrcmp,Week 7,3314,12,-0.0,61.9,-110.825
2026,2026mrcmp,Week 7,2554,12,0.0,56.149,-110.825
2026,2026mrcmp,Week 7,4575,12,-0.0,41.453,-61.602
2026,2026mrcmp,Week 7,75,12,-0.0,55.501,-117.845
2026,2026mrcmp,Week 7,341,12,0.0,36.67,-69.139
2026,2026necmp1,Week 7,1073,12,-0.0,69.055,-133.413
2026,2026necmp1,Week 7,9644,12,0.0,77.149,-101.634
2026,2026necmp1,Week 7,125,12,-0.0,55.68,-111.563
2026,2026necmp1,Week 7,509,12,-0.0,57.656,-92.708
2026,2026necmp1,Week 7,58,12,-0.0,40.126,-57.765
2026,2026necmp1,Week 7,10254,12,-0.0,72.418,-152.563
2026,2026necmp1,Week 7,3623,12,-0.0,62.427,-101.634
2026,2026necmp1,Week 7,5687,12,-0.0,51.062,-130.546
2026,2026necmp1,Week 7,1512,12,-0.0,63.435,-152.563
2026,2026necmp1,Week 7,2876,12,0.0,43.773,-80.963
2026,2026necmp1,Week 7,155,12,0.0,72.811,-154.82
2026,2026necmp1,Week 7,151,12,-0.0,52.815,-102.516
2026,2026necmp1,Week 7,1729,12,-0.0,35.296,-71.667
2026,2026necmp1,Week 7,131,12,-0.0,30.647,-49.959
2026,2026necmp1,Week 7,5112,12,-0.0,65.288,-130.546
2026,2026necmp1,Week 7,2067,12,-0.0,57.029,-92.708
2026,2026necmp1,Week 7,11175,12,-0.0,50.476,-89.937
2026,2026necmp1,Week 7,8709,12,0.0,48.348,-89.937
2026,2026necmp1,Week 7,10910,12,0.0,52.335,-67.976
2026,2026necmp1,Week 7,4905,12,-0.0,79.976,-111.563
2026,2026necmp1,Week 7,2713,12,0.0,71.838,-106.58
2026,2026necmp1,Week 7,6324,12,-0.0,100.761,-154.82
2026,2026necmp1,Week 7,3958,12,-0.0,35.813,-72.102
2026,2026necmp1,Week 7,4925,12,-0.0,39.583,-59.699
2026,2026necmp1,Week 7,8724,12,-0.0,64.555,-78.896
2026,2026necmp1,Week 7,78,12,-0.0,60.956,-151.331
2026,2026necmp1,Week 7,2370,12,-0.0,55.064,-71.667
2026,2026necmp1,Week 7,175,12,-0.0,51.771,-92.708
2026,2026necmp1,Week 7,236,12,0.0,45.135,-66.238
2026,2026necmp1,Week 7,2079,12,-0.0,75.25,-98.088
2026,2026necmp1,Week 7,5000,12,-0.0,64.757,-106.58
2026,2026necmp1,Week 7,5813,12,-0.0,48.638,-97.383
2026,2026necmp1,Week 7,3146,12,-0.0,38.737,-74.517
2026,2026necmp1,Week 7,3654,12,-0.0,43.761,-111.563
2026,2026necmp1,Week 7,133,12,-0.0,83.528,-154.82
2026,2026necmp1,Week 7,173,12,-0.0,53.916,-133.413
2026,2026necmp1,Week 7,2170,12,-0.0,56.383,-104.959
2026,2026necmp1,Week 7,4311,12,-0.0,70.518,-88.529
2026,2026necmp1,Week 7,230,12,-0.0,51.365,-62.529
2026,2026necmp1,Week 7,1768,12,-0.0,63.467,-133.413
2026,2026necmp1,Week 7,9710,12,-0.0,63.215,-87.812
2026,2026necmp1,Week 7,571,12,0.0,73.356,-104.959
2026,2026necmp1,Week 7,7127,12,-0.0,66.176,-152.563
2026,2026necmp1,Week 7,10063,12,-0.0,41.788,-87.812
2026,2026necmp1,Week 7,1058,12,-0.0,77.69,-151.331
2026,2026necmp1,Week 7,348,12,-0.0,30.899,-80.963
2026,2026necmp1,Week 7,8567,12,-0.0,48.762,-98.088
2026,2026necmp1,Week 7,172,12,-0.0,49.789,-106.58
2026,2026necmp1,Week 7,8708,12,-0.0,39.604,-49.959
2026,2026necmp1,Week 7,195,12,-0.0,65.941,-151.331
2026,2026necmp2,Week 7,190,12,0.0,78.187,-112.873
2026,2026necmp2,Week 7,1071,12,-0.0,49.509,-114.991
2026,2026necmp2,Week 7,1735,12,-0.0,74.818,-105.028
2026,2026necmp2,Week 7,6329,12,-0.0,64.782,-152.473
2026,2026necmp2,Week 7,1991,12,0.0,70.349,-152.473
2026,2026necmp2,Week 7,177,12,-0.0,92.898,-171.68
2026,2026necmp2,Week 7,2423,12,0.0,66.523,-190.658
2026,2026necmp2,Week 7,1350,12,-0.0,78.75,-171.68
2026,2026necmp2,Week 7,1153,12,-0.0,78.802,-100.429
2026,2026necmp2,Week 7,7674,12,0.0,62.28,-141.37
2026,2026necmp2,Week 7,3467,12,0.0,89.534,-190.658
2026,2026necmp2,Week 7,88,12,-0.0,63.536,-152.402
2026,2026necmp2,Week 7,5422,12,-0.0,69.942,-94.502
2026,2026necmp2,Week 7,238,12,-0.0,67.679,-126.862
2026,2026necmp2,Week 7,3597,12,-0.0,49.321,-86.628
2026,2026necmp2,Week 7,1699,12,0.0,82.687,-124.371
2026,2026necmp2,Week 7,178,12,0.0,58.626,-112.873
2026,2026necmp2,Week 7,3566,12,-0.0,73.361,-152.402
2026,2026necmp2,Week 7,3323,12,-0.0,52.115,-85.149
2026,2026necmp2,Week 7,3182,12,-0.0,54.903,-100.429
2026,2026necmp2,Week 7,8046,12,-0.0,56.688,-86.628
2026,2026necmp2,Week 7,7407,12,-0.0,67.899,-124.371
2026,2026necmp2,Week 7,6328,12,-0.0,97.966,-171.68
2026,2026necmp2,Week 7,319,12,-0.0,71.855,-126.862
2026,2026necmp2,Week 7,61,12,-0.0,63.969,-152.402
2026,2026necmp2,Week 7,8889,12,-0.0,40.994,-65.601
2026,2026necmp2,Week 7,10973,12,-0.0,41.669,-55.368
2026,2026necmp2,Week 7,839,12,-0.0,65.849,-114.991
2026,2026necmp2,Week 7,228,12,-0.0,42.085,-100.429
2026,2026necmp2,Week 7,95,12,-0.0,44.26,-60.826
2026,2026necmp2,Week 7,2648,12,-0.0,43.531,-94.502
2026,2026necmp2,Week 7,176,12,-0.0,64.521,-132.775
2026,2026necmp2,Week 7,1119,12,-0.0,68.101,-190.658
2026,2026necmp2,Week 7,2877,12,-0.0,70.686,-132.775
2026,2026necmp2,Week 7,4909,12,0.0,61.521,-75.446
2026,2026necmp2,Week 7,8544,12,0.0,56.099,-77.021
2026,2026necmp2,Week 7,1100,12,-0.0,46.576,-71.699
2026,2026necmp2,Week 7,4041,12,-0.0,78.691,-126.862
2026,2026necmp2,Week 7,1922,12,-0.0,66.313,-124.65
2026,2026necmp2,Week 7,11131,12,0.0,80.208,-141.37
2026,2026necmp2,Week 7,467,12,-0.0,61.747,-105.028
2026,2026necmp2,Week 7,11483,12,-0.0,44.194,-77.662
2026,2026necmp2,Week 7,8085,12,-0.0,52.138,-79.89
2026,2026necmp2,Week 7,6201,12,0.0,50.527,-103.743
2026,2026necmp2,Week 7,8013,12,-0.0,67.444,-141.37
2026,2026necmp2,Week 7,7153,12,0.0,65.78,-132.775
2026,2026necmp2,Week 7,4761,12,0.0,59.789,-97.181
2026,2026necmp2,Week 7,558,12,-0.0,50.878,-97.181
2026,2026necmp2,Week 7,166,12,0.0,81.525,-124.371
2026,2026necmp2,Week 7,5962,12,-0.0,52.97,-103.743
2026,2026nytr,Week 7,9545,8,-0.0,32.125,-49.024
2026,2026nytr,Week 7,10413,8,0.0,16.581,-34.263
2026,2026nytr,Week 7,7718,8,-0.0,31.339,-66.349
2026,2026nytr,Week 7,3171,8,-0.0,27.436,-42.506
2026,2026nytr,Week 7,7903,8,0.0,36.253,-57.438
2026,2026nytr,Week 7,7605,8,0.0,35.423,-50.991
2026,2026nytr,Week 7,20,8,-0.0,43.609,-66.907
2026,2026nytr,Week 7,677,8,0.0,34.873,-66.907
2026,2026nytr,Week 7,5881,8,-0.0,48.87,-66.907
2026,2026nytr,Week 7,7759,8,0.0,43.962,-82.065
2026,2026nytr,Week 7,1880,8,0.0,40.869,-66.349
2026,2026nytr,Week 7,1796,8,0.0,39.016,-50.991
2026,2026nytr,Week 7,287,8,0.0,39.176,-39.868
2026,2026nytr,Week 7,3044,8,-0.0,42.62,-76.265
2026,2026nytr,Week 7,8222,8,0.0,20.894,-29.38
2026,2026nytr,Week 7,4121,8,-0.0,46.283,-87.936
2026,2026nytr,Week 7,6806,8,-0.0,30.535,-57.328
2026,2026nytr,Week 7,578,8,-0.0,25.957,-57.328
2026,2026nytr,Week 7,3624,8,0.0,37.064,-82.065
2026,2026nytr,Week 7,3173,8,0.0,50.339,-76.265
2026,2026nytr,Week 7,263,8,0.0,43.102,-87.936
2026,2026nytr,Week 7,9624,8,-0.0,31.629,-60.727
2026,2026nytr,Week 7,4601,8,-0.0,47.629,-76.974
2026,2026nytr,Week 7,2340,8,0.0,23.142,-24.689
2026,2026nytr,Week 7,4122,8,-0.0,43.359,-47.359
2026,2026nytr,Week 7,7504,8,-0.0,31.715,-36.346
2026,2026nytr,Week 7,3003,8,0.0,32.818,-50.991
2026,2026nytr,Week 7,250,8,0.0,41.458,-87.936
2026,2026nytr,Week 7,7031,8,0.0,33.236,-66.349
2026,2026nytr,Week 7,1559,8,0.0,45.029,-93.406
2026,2026nytr,Week 7,229,8,0.0,49.389,-60.759
2026,2026nytr,Week 7,533,8,0.0,30.403,-41.912
2026,2026nytr,Week 7,6621,8,0.0,51.11,-82.758
2026,2026nytr,Week 7,4930,8,-0.0,34.905,-60.727
2026,2026nytr,Week 7,5590,8,-0.0,35.891,-45.437
2026,2026nytr,Week 7,870,8,0.0,54.097,-93.406
2026,2026nytr,Week 7,5149,8,0.0,33.188,-41.912
2026,2026nytr,Week 7,1591,8,0.0,42.332,-57.438
2026,2026nytr,Week 7,11010,8,0.0,23.345,-39.866
2026,2026nytr,Week 7,6463,8,0.0,37.501,-45.437
2026,2026nytr,Week 7,10714,8,0.0,17.087,-20.839
2026,2026nytr,Week 7,271,8,0.0,32.641,-60.759
2026,2026nytr,Week 7,806,8,0.0,43.913,-99.494
2026,2026nytr,Week 7,5736,8,0.0,51.84,-99.494
2026,2026nytr,Week 7,10202,8,0.0,54.328,-99.494
2026,2026nytr,Week 7,10582,8,0.0,37.768,-47.399
2026,2026nytr,Week 7,424,8,0.0,51.182,-82.065
2026,2026nytr,Week 7,1493,8,0.0,32.614,-57.438
2026,2026nytr,Week 7,1126,8,-0.0,50.353,-77.759
2026,2026nytr,Week 7,191,8,-0.0,37.184,-77.759
2026,2026nytr,Week 7,6300,8,-0.0,38.077,-77.759
2026,2026nytr,Week 7,2053,8,-0.0,33.708,-82.758
2026,2026nytr,Week 7,5016,8,-0.0,44.784,-76.974
2026,2026nytr,Week 7,3181,8,-0.0,30.85,-47.359
2026,2026nytr,Week 7,10604,8,-0.0,45.126,-82.758
2026,2026nytr,Week 7,6648,8,0.0,40.191,-93.406
2026,2026nytr,Week 7,2791,8,0.0,49.286,-76.265
2026,2026nytr,Week 7,1405,8,0.0,32.329,-32.862
2026,2026nytr,Week 7,6436,8,0.0,41.151,-45.405
2026,2026nytr,Week 7,9194,8,0.0,26.078,-29.442
2026,2026txcmp1,Week 7,3481,12,-0.0,49.635,-87.48
2026,2026txcmp1,Week 7,3735,12,0.0,28.418,-52.488
2026,2026txcmp1,Week 7,11242,12,-0.0,48.801,-71.473
2026,2026txcmp1,Week 7,6672,12,-0.0,51.109,-87.931
2026,2026txcmp1,Week 7,10032,12,0.0,58.69,-134.809
2026,2026txcmp1,Week 7,5261,12,-0.0,36.71,-87.48
2026,2026txcmp1,Week 7,2881,12,-0.0,46.183,-80.681
2026,2026txcmp1,Week 7,5829,12,-0.0,50.229,-134.809
2026,2026txcmp1,Week 7,10014,12,-0.0,59.097,-74.787
2026,2026txcmp1,Week 7,2468,12,-0.0,69.06,-145.165
2026,2026txcmp1,Week 7,1296,12,0.0,86.436,-222.388
2026,2026txcmp1,Week 7,2728,12,0.0,44.977,-87.48
2026,2026txcmp1,Week 7,2582,12,-0.0,39.319,-57.089
2026,2026txcmp1,Week 7,7506,12,-0.0,61.662,-102.389
2026,2026txcmp1,Week 7,1255,12,0.0,34.633,-57.089
2026,2026txcmp1,Week 7,3005,12,-0.0,39.748,-80.681
2026,2026txcmp1,Week 7,3679,12,-0.0,50.435,-145.165
2026,2026txcmp1,Week 7,7691,12,-0.0,54.665,-87.931
2026,2026txcmp1,Week 7,9492,12,-0.0,63.765,-134.809
2026,2026txcmp1,Week 7,10340,12,0.0,70.325,-87.574
2026,2026txcmp1,Week 7,5417,12,0.0,71.245,-119.133
2026,2026txcmp1,Week 7,9444,12,0.0,35.622,-44.744
2026,2026txcmp1,Week 7,6377,12,0.0,38.656,-79.65
2026,2026txcmp1,Week 7,4734,12,-0.0,30.394,-40.652
2026,2026txcmp1,Week 7,2587,12,-0.0,42.993,-102.389
2026,2026txcmp1,Week 7,9577,12,-0.0,37.777,-66.242
2026,2026txcmp1,Week 7,9418,12,0.0,58.72,-145.165
2026,2026txcmp1,Week 7,1477,12,0.0,51.032,-102.389
2026,2026txcmp1,Week 7,118,12,0.0,44.903,-84.708
2026,2026txcmp1,Week 7,2687,12,-0.0,46.555,-84.708
2026,2026txcmp1,Week 7,11277,12,-0.0,38.4,-71.473
2026,2026txcmp1,Week 7,5892,12,-0.0,43.454,-79.65
2026,2026txcmp1,Week 7,10994,12,0.0,37.344,-47.504
2026,2026txcmp1,Week 7,8088,12,-0.0,80.265,-222.388
2026,2026txcmp1,Week 7,6800,12,-0.0,53.533,-119.133
2026,2026txcmp1,Week 7,324,12,-0.0,51.828,-78.208
2026,2026txcmp1,Week 7,4295,12,0.0,44.041,-82.55
2026,2026txcmp1,Week 7,3676,12,-0.0,42.582,-74.842
2026,2026txcmp1,Week 7,624,12,0.0,45.686,-74.787
2026,2026txcmp1,Week 7,8370,12,-0.0,46.929,-78.208
2026,2026txcmp1,Week 7,8507,12,-0.0,35.367,-66.242
2026,2026txcmp1,Week 7,7503,12,-0.0,39.639,-82.55
2026,2026txcmp1,Week 7,6901,12,-0.0,38.409,-80.681
2026,2026txcmp1,Week 7,11200,12,-0.0,35.778,-53.042
2026,2026txcmp1,Week 7,3847,12,0.0,84.523,-222.388
2026,2026txcmp2,Week 7,4063,12,0.0,46.764,-69.598
2026,2026txcmp2,Week 7,457,12,0.0,51.471,-89.577
2026,2026txcmp2,Week 7,2583,12,0.0,69.627,-136.844
2026,2026txcmp2,Week 7,5503,12,0.0,42.601,-62.425
2026,2026txcmp2,Week 7,8818,12,0.0,51.58,-85.441
2026,2026txcmp2,Week 7,2158,12,0.0,48.645,-55.78
2026,2026txcmp2,Week 7,10913,12,0.0,72.665,-126.122
2026,2026txcmp2,Week 7,4206,12,0.0,64.317,-126.122
2026,2026txcmp2,Week 7,8858,12,0.0,56.806,-126.122
2026,2026txcmp2,Week 7,8177,12,0.0,55.919,-111.163
2026,2026txcmp2,Week 7,8769,12,0.0,74.201,-111.163
2026,2026txcmp2,Week 7,3035,12,0.0,53.398,-111.163
2026,2026txcmp2,Week 7,5411,12,0.0,69.604,-89.577
2026,2026txcmp2,Week 7,4192,12,0.0,25.358,-62.425
2026,2026txcmp2,Week 7,9136,12,-0.0,34.319,-69.598
2026,2026txcmp2,Week 7,6357,12,0.0,40.596,-87.005
2026,2026txcmp2,Week 7,7492,12,0.0,64.208,-136.844
2026,2026txcmp2,Week 7,5572,12,0.0,66.469,-116.882
2026,2026txcmp2,Week 7,9140,12,0.0,62.818,-88.79
2026,2026txcmp2,Week 7,10385,12,-0.0,59.843,-98.879
2026,2026txcmp2,Week 7,4153,12,0.0,57.122,-116.882
2026,2026txcmp2,Week 7,5427,12,0.0,50.457,-87.005
2026,2026txcmp2,Week 7,2848,12,0.0,35.148,-61.112
2026,2026txcmp2,Week 7,8576,12,0.0,59.334,-97.312
2026,2026txcmp2,Week 7,418,12,0.0,59.125,-121.617
2026,2026txcmp2,Week 7,4639,12,0.0,52.129,-97.312
2026,2026txcmp2,Week 7,3310,12,0.0,55.208,-76.324
2026,2026txcmp2,Week 7,8114,12,0.0,36.274,-88.79
2026,2026txcmp2,Week 7,8749,12,0.0,94.259,-107.285
2026,2026txcmp2,Week 7,231,12,0.0,72.184,-150.572
2026,2026txcmp2,Week 7,10518,12,0.0,43.781,-85.441
2026,2026txcmp2,Week 7,7312,12,0.0,61.289,-136.844
2026,2026txcmp2,Week 7,7616,12,0.0,66.992,-85.98
2026,2026txcmp2,Week 7,11169,12,0.0,77.052,-133.617
2026,2026txcmp2,Week 7,6773,12,0.0,56.734,-133.617
2026,2026txcmp2,Week 7,148,12,0.0,63.302,-133.617
2026,2026txcmp2,Week 7,6369,12,0.0,58.295,-121.617
2026,2026txcmp2,Week 7,2689,12,0.0,44.384,-59.339
2026,2026txcmp2,Week 7,127,12,0.0,73.6,-150.572
2026,2026txcmp2,Week 7,9128,12,0.0,77.652,-150.572
2026,2026txcmp2,Week 7,11178,12,0.0,44.366,-116.882
2026,2026txcmp2,Week 7,5414,12,0.0,65.74,-77.123
2026,2026txcmp2,Week 7,9506,12,0.0,38.735,-57.525
2026,2026txcmp2,Week 7,3561,12,0.0,54.742,-75.608
2026,2026txcmp2,Week 7,2714,12,0.0,57.564,-77.123
2026,2026micmp1,Week 7,27,12,0.0,97.759,-232.032
2026,2026micmp1,Week 7,4680,12,0.0,57.366,-98.017
2026,2026micmp1,Week 7,3875,12,-0.0,46.072,-99.259
2026,2026micmp1,Week 7,217,12,0.0,35.991,-57.43
2026,2026micmp1,Week 7,3357,12,-0.0,60.672,-151.618
2026,2026micmp1,Week 7,85,12,0.0,40.215,-91.212
2026,2026micmp1,Week 7,8517,12,-0.0,100.645,-217.047
2026,2026micmp1,Week 7,3620,12,0.0,72.102,-157.053
2026,2026micmp1,Week 7,5505,12,-0.0,56.349,-144.894
2026,2026micmp1,Week 7,4362,12,-0.0,123.965,-314.618
2026,2026micmp1,Week 7,8352,12,-0.0,52.995,-64.835
2026,2026micmp1,Week 7,51,12,0.0,97.174,-272.41
2026,2026micmp1,Week 7,10666,12,-0.0,73.862,-175.649
2026,2026micmp1,Week 7,2054,12,0.0,72.905,-151.618
2026,2026micmp1,Week 7,5567,12,0.0,51.183,-105.706
2026,2026micmp1,Week 7,5144,12,0.0,86.849,-105.706
2026,2026micmp1,Week 7,2075,12,0.0,99.867,-272.41
2026,2026micmp1,Week 7,10633,12,-0.0,92.781,-217.047
2026,2026micmp1,Week 7,9771,12,-0.0,39.78,-75.821
2026,2026micmp1,Week 7,4381,12,0.0,70.606,-170.151
2026,2026micmp1,Week 7,10978,12,0.0,61.838,-157.053
2026,2026micmp1,Week 7,3668,12,-0.0,91.763,-217.047
2026,2026micmp1,Week 7,67,12,-0.0,92.72,-170.151
2026,2026micmp1,Week 7,1189,12,0.0,28.926,-54.086
2026,2026micmp1,Week 7,9572,12,0.0,52.141,-100.802
2026,2026micmp1,Week 7,245,12,-0.0,40.219,-91.212
2026,2026micmp1,Week 7,8126,12,0.0,68.81,-134.61
2026,2026micmp1,Week 7,7160,12,0.0,99.885,-144.894
2026,2026micmp1,Week 7,7769,12,0.0,129.198,-272.41
2026,2026micmp1,Week 7,1506,12,-0.0,96.076,-170.151
2026,2026micmp1,Week 7,1502,12,0.0,75.71,-134.61
2026,2026micmp1,Week 7,7220,12,0.0,88.944,-151.066
2026,2026micmp1,Week 7,5907,12,-0.0,109.202,-314.618
2026,2026micmp1,Week 7,6002,12,-0.0,69.276,-151.066
2026,2026micmp1,Week 7,11493,12,0.0,90.633,-157.053
2026,2026micmp1,Week 7,6088,12,0.0,59.405,-98.017
2026,2026micmp1,Week 7,5660,12,-0.0,47.339,-99.259
2026,2026micmp1,Week 7,1025,12,0.0,95.273,-175.649
2026,2026micmp1,Week 7,6121,12,-0.0,104.527,-232.032
2026,2026micmp1,Week 7,5676,12,-0.0,108.144,-314.618
2026,2026micmp2,Week 7,1023,12,-0.0,57.449,-111.338
2026,2026micmp2,Week 7,2611,12,-0.0,92.475,-186.574
2026,2026micmp2,Week 7,3414,12,-0.0,67.929,-125.671
2026,2026micmp2,Week 7,9255,12,-0.0,53.267,-74.337
2026,2026micmp2,Week 7,5982,12,-0.0,43.265,-82.198
2026,2026micmp2,Week 7,6090,12,-0.0,68.391,-153.07
2026,2026micmp2,Week 7,9210,12,-0.0,62.561,-84.377
2026,2026micmp2,Week 7,5577,12,-0.0,47.755,-82.63
2026,2026micmp2,Week 7,247,12,-0.0,72.739,-149.55
2026,2026micmp2,Week 7,4855,12,-0.0,45.772,-125.671
2026,2026micmp2,Week 7,8608,12,-0.0,83.152,-156.108
2026,2026micmp2,Week 7,4398,12,-0.0,54.434,-88.529
2026,2026micmp2,Week 7,9245,12,-0.0,41.585,-106.359
2026,2026micmp2,Week 7,9215,12,0.0,45.161,-106.359
2026,2026micmp2,Week 7,201,12,-0.0,69.973,-149.55
2026,2026micmp2,Week 7,3602,12,-0.0,56.612,-82.5
2026,2026micmp2,Week 7,5046,12,0.0,57.336,-114.044
2026,2026micmp2,Week 7,7250,12,-0.0,67.247,-155.355
2026,2026micmp2,Week 7,8424,12,0.0,63.619,-155.355
2026,2026micmp2,Week 7,2767,12,-0.0,66.273,-153.07
2026,2026micmp2,Week 7,8767,12,-0.0,36.615,-41.964
2026,2026micmp2,Week 7,244,12,-0.0,71.594,-114.044
2026,2026micmp2,Week 7,5114,12,0.0,81.406,-156.108
2026,2026micmp2,Week 7,3572,12,-0.0,71.104,-111.338
2026,2026micmp2,Week 7,1076,12,-0.0,42.983,-66.947
2026,2026micmp2,Week 7,3656,12,0.0,69.8,-110.562
2026,2026micmp2,Week 7,1684,12,0.0,62.439,-125.671
2026,2026micmp2,Week 7,5535,12,-0.0,65.043,-107.543
2026,2026micmp2,Week 7,10349,12,-0.0,65.539,-93.843
2026,2026micmp2,Week 7,1498,12,-0.0,41.401,-51.658
2026,2026micmp2,Week 7,5462,12,-0.0,64.988,-93.843
2026,2026micmp2,Week 7,3767,12,-0.0,70.874,-111.338
2026,2026micmp2,Week 7,862,12,-0.0,54.716,-94.449
2026,2026micmp2,Week 7,6528,12,-0.0,57.145,-93.843
2026,2026micmp2,Week 7,5193,12,-0.0,74.501,-153.07
2026,2026micmp2,Week 7,226,12,-0.0,81.624,-156.108
2026,2026micmp2,Week 7,469,12,-0.0,88.07,-186.574
2026,2026micmp2,Week 7,7598,12,-0.0,65.791,-155.355
2026,2026micmp2,Week 7,302,12,-0.0,80.001,-186.574
2026,2026micmp2,Week 7,2586,12,-0.0,58.457,-110.562
2026,2026micmp3,Week 7,4967,12,-0.0,51.272,-114.415
2026,2026micmp3,Week 7,7188,12,-0.0,45.34,-83.094
2026,2026micmp3,Week 7,70,12,-0.0,67.073,-93.153
2026,2026micmp3,Week 7,8612,12,-0.0,47.84,-123.846
2026,2026micmp3,Week 7,910,12,0.0,51.209,-69.54
2026,2026micmp3,Week 7,6637,12,0.0,65.34,-93.153
2026,2026micmp3,Week 7,5712,12,-0.0,55.601,-92.386
2026,2026micmp3,Week 7,288,12,-0.0,43.725,-93.153
2026,2026micmp3,Week 7,5843,12,-0.0,50.308,-81.335
2026,2026micmp3,Week 7,2137,12,-0.0,37.775,-50.489
2026,2026micmp3,Week 7,1711,12,0.0,61.21,-88.523
2026,2026micmp3,Week 7,123,12,-0.0,47.39,-83.094
2026,2026micmp3,Week 7,5066,12,-0.0,58.205,-89.464
2026,2026micmp3,Week 7,33,12,0.0,52.364,-81.335
2026,2026micmp3,Week 7,4956,12,-0.0,62.041,-112.477
2026,2026micmp3,Week 7,7054,12,-0.0,56.029,-126.274
2026,2026micmp3,Week 7,818,12,-0.0,44.424,-73.275
2026,2026micmp3,Week 7,4392,12,0.0,69.433,-112.477
2026,2026micmp3,Week 7,5675,12,0.0,40.924,-73.754
2026,2026micmp3,Week 7,3322,12,-0.0,55.701,-82.328
2026,2026micmp3,Week 7,3452,12,-0.0,48.121,-73.14
2026,2026micmp3,Week 7,894,12,0.0,58.264,-135.523
2026,2026micmp3,Week 7,6152,12,-0.0,44.865,-100.761
2026,2026micmp3,Week 7,1481,12,-0.0,65.722,-123.846
2026,2026micmp3,Week 7,5086,12,-0.0,56.688,-104.457
2026,2026micmp3,Week 7,4810,12,0.0,42.618,-126.274
2026,2026micmp3,Week 7,7056,12,-0.0,65.554,-182.218
2026,2026micmp3,Week 7,2851,12,0.0,41.171,-92.386
2026,2026micmp3,Week 7,2960,12,0.0,70.832,-112.477
2026,2026micmp3,Week 7,1718,12,0.0,45.415,-73.285
2026,2026micmp3,Week 7,8280,12,-0.0,86.476,-182.218
2026,2026micmp3,Week 7,3618,12,-0.0,47.715,-89.464
2026,2026micmp3,Week 7,4779,12,0.0,49.297,-114.415
2026,2026micmp3,Week 7,7166,12,0.0,71.428,-126.274
2026,2026micmp3,Week 7,8373,12,-0.0,63.453,-135.523
2026,2026micmp3,Week 7,68,12,-0.0,34.616,-86.242
2026,2026micmp3,Week 7,4391,12,0.0,61.001,-89.464
2026,2026micmp3,Week 7,2337,12,0.0,45.257,-73.754
2026,2026micmp3,Week 7,5229,12,-0.0,85.858,-182.218
2026,2026micmp3,Week 7,548,12,-0.0,47.884,-100.761
2026,2026micmp3,Week 7,8397,12,-0.0,41.935,-50.33
2026,2026micmp4,Week 7,3604,12,0.0,42.971,-73.897
2026,2026micmp4,Week 7,3538,12,0.0,78.929,-132.728
2026,2026micmp4,Week 7,1188,12,0.0,63.683,-108.65
2026,2026micmp4,Week 7,494,12,-0.0,65.949,-129.245
2026,2026micmp4,Week 7,11503,12,-0.0,71.38,-174.736
2026,2026micmp4,Week 7,3175,12,-0.0,39.244,-99.795
2026,2026micmp4,Week 7,5533,12,0.0,89.607,-132.728
2026,2026micmp4,Week 7,9312,12,-0.0,39.203,-98.774
2026,2026micmp4,Week 7,4327,12,-0.0,32.203,-68.785
2026,2026micmp4,Week 7,6615,12,-0.0,84.838,-99.795
2026,2026micmp4,Week 7,1701,12,0.0,54.841,-112.495
2026,2026micmp4,Week 7,3688,12,0.0,47.918,-69.584
2026,2026micmp4,Week 7,4422,12,0.0,48.603,-81.217
2026,2026micmp4,Week 7,3707,12,0.0,82.158,-182.909
2026,2026micmp4,Week 7,7197,12,-0.0,65.481,-98.774
2026,2026micmp4,Week 7,6085,12,0.0,53.54,-140.12
2026,2026micmp4,Week 7,2619,12,0.0,71.037,-140.12
2026,2026micmp4,Week 7,4237,12,-0.0,109.472,-154.681
2026,2026micmp4,Week 7,3536,12,-0.0,59.719,-112.495
2026,2026micmp4,Week 7,503,12,0.0,65.492,-132.457
2026,2026micmp4,Week 7,7768,12,0.0,69.022,-182.909
2026,2026micmp4,Week 7,1918,12,0.0,87.912,-174.736
2026,2026micmp4,Week 7,6753,12,0.0,67.599,-100.245
2026,2026micmp4,Week 7,3603,12,-0.0,52.637,-68.836
2026,2026micmp4,Week 7,3641,12,0.0,87.193,-132.457
2026,2026micmp4,Week 7,573,12,-0.0,72.732,-154.681
2026,2026micmp4,Week 7,5460,12,0.0,102.594,-182.909
2026,2026micmp4,Week 7,8179,12,0.0,61.042,-120.405
2026,2026micmp4,Week 7,2224,12,-0.0,54.635,-108.65
2026,2026micmp4,Week 7,8873,12,0.0,53.001,-129.245
2026,2026micmp4,Week 7,858,12,0.0,52.496,-75.55
2026,2026micmp4,Week 7,3632,12,0.0,60.025,-154.681
2026,2026micmp4,Week 7,3770,12,0.0,31.784,-73.518
2026,2026micmp4,Week 7,5216,12,0.0,53.508,-106.261
2026,2026micmp4,Week 7,9757,12,0.0,71.536,-132.457
2026,2026micmp4,Week 7,11386,12,0.0,46.635,-112.495
2026,2026micmp4,Week 7,5534,12,0.0,63.856,-132.728
2026,2026micmp4,Week 7,3539,12,0.0,71.872,-106.261
2026,2026micmp4,Week 7,5152,12,-0.0,70.909,-129.245
2026,2026micmp4,Week 7,5166,12,-0.0,50.409,-92.86
2026,2026utwv,Week 7,2726,10,-0.0,65.776,-133.639
2026,2026utwv,Week 7,11100,10,-0.0,29.824,-31.092
2026,2026utwv,Week 7,3245,10,-0.0,49.604,-98.668
2026,2026utwv,Week 7,3243,10,-0.0,72.167,-132.816
2026,2026utwv,Week 7,9037,10,-0.0,30.913,-49.104
2026,2026utwv,Week 7,6487,10,-0.0,47.174,-49.104
2026,2026utwv,Week 7,8839,10,-0.0,51.738,-71.222
2026,2026utwv,Week 7,9277,10,0.0,41.022,-71.185
2026,2026utwv,Week 7,10988,10,-0.0,62.448,-150.781
2026,2026utwv,Week 7,4550,10,-0.0,78.104,-206.921
2026,2026utwv,Week 7,359,10,-0.0,99.628,-206.921
2026,2026utwv,Week 7,3288,10,-0.0,70.092,-206.921
2026,2026utwv,Week 7,7426,10,-0.0,50.507,-53.5
2026,2026utwv,Week 7,4598,10,-0.0,49.608,-98.668
2026,2026utwv,Week 7,10384,10,-0.0,52.671,-108.05
2026,2026utwv,Week 7,3424,10,-0.0,33.78,-56.059
2026,2026utwv,Week 7,5933,10,0.0,47.848,-85.094
2026,2026utwv,Week 7,5071,10,0.0,40.398,-60.618
2026,2026utwv,Week 7,7906,10,-0.0,30.67,-34.835
2026,2026utwv,Week 7,7436,10,-0.0,55.421,-60.618
2026,2026utwv,Week 7,4585,10,-0.0,55.608,-108.061
2026,2026utwv,Week 7,7634,10,0.0,61.227,-150.781
2026,2026utwv,Week 7,1569,10,-0.0,47.644,-71.185
2026,2026utwv,Week 7,3166,10,-0.0,24.273,-37.372
2026,2026utwv,Week 7,1566,10,-0.0,49.13,-61.95
2026,2026utwv,Week 7,3006,10,-0.0,75.93,-132.816
2026,2026utwv,Week 7,10034,10,-0.0,44.611,-71.222
2026,2026utwv,Week 7,2972,10,-0.0,30.986,-45.083
2026,2026utwv,Week 7,8805,10,-0.0,46.42,-108.061
2026,2026utwv,Week 7,2122,10,-0.0,65.393,-133.639
2026,2026utwv,Week 7,7895,10,0.0,60.662,-98.668
2026,2026utwv,Week 7,10256,10,-0.0,57.752,-132.816
2026,2026utwv,Week 7,2594,10,-0.0,39.744,-50.281
2026,2026utwv,Week 7,7755,10,-0.0,42.047,-85.094
2026,2026utwv,Week 7,7183,10,-0.0,76.167,-108.061
2026,2026utwv,Week 7,9726,10,-0.0,46.039,-60.618
2026,2026utwv,Week 7,1891,10,-0.0,44.078,-53.5
2026,2026utwv,Week 7,8885,10,-0.0,57.426,-133.639
2026,2026utwv,Week 7,4175,10,-0.0,48.725,-85.094
2026,2026utwv,Week 7,9138,10,-0.0,49.73,-108.05
2026,2026utwv,Week 7,1708,10,-0.0,25.69,-57.634
2026,2026utwv,Week 7,10933,10,-0.0,25.576,-61.95
2026,2026oncmp1,Week 7,5036,12,-0.0,63.028,-149.159
2026,2026oncmp1,Week 7,9580,12,0.0,66.733,-149.159
2026,2026oncmp1,Week 7,2056,12,0.0,90.946,-168.462
2026,2026oncmp1,Week 7,11428,12,0.0,74.805,-168.462
2026,2026oncmp1,Week 7,3756,12,0.0,50.764,-101.036
2026,2026oncmp1,Week 7,5406,12,-0.0,57.911,-155.419
2026,2026oncmp1,Week 7,1114,12,0.0,82.535,-136.604
2026,2026oncmp1,Week 7,10015,12,0.0,82.067,-155.419
2026,2026oncmp1,Week 7,4920,12,0.0,94.539,-168.462
2026,2026oncmp1,Week 7,4069,12,0.0,39.571,-67.098
2026,2026oncmp1,Week 7,2386,12,-0.0,62.071,-97.555
2026,2026oncmp1,Week 7,865,12,0.0,51.069,-100.519
2026,2026oncmp1,Week 7,5596,12,0.0,48.167,-103.621
2026,2026oncmp1,Week 7,772,12,0.0,44.507,-68.689
2026,2026oncmp1,Week 7,4308,12,0.0,40.953,-68.783
2026,2026oncmp1,Week 7,1334,12,0.0,77.529,-194.63
2026,2026oncmp1,Week 7,5870,12,0.0,61.087,-103.833
2026,2026oncmp1,Week 7,7757,12,-0.0,44.032,-53.299
2026,2026oncmp1,Week 7,9659,12,0.0,51.549,-71.655
2026,2026oncmp1,Week 7,1305,12,0.0,36.409,-56.204
2026,2026oncmp1,Week 7,5689,12,0.0,43.618,-67.021
2026,2026oncmp1,Week 7,1325,12,0.0,97.608,-194.63
2026,2026oncmp1,Week 7,10514,12,0.0,56.524,-100.519
2026,2026oncmp1,Week 7,9569,12,-0.0,66.174,-141.179
2026,2026oncmp1,Week 7,9263,12,0.0,75.813,-100.519
2026,2026oncmp1,Week 7,6975,12,0.0,66.244,-194.63
2026,2026oncmp1,Week 7,4678,12,0.0,60.477,-101.036
2026,2026oncmp1,Week 7,3560,12,-0.0,45.201,-72.94
2026,2026oncmp1,Week 7,2706,12,0.0,26.869,-43.226
2026,2026oncmp1,Week 7,2708,12,0.0,36.691,-68.579
2026,2026oncmp1,Week 7,9575,12,0.0,69.801,-103.621
2026,2026oncmp1,Week 7,9562,12,0.0,60.539,-141.179
2026,2026oncmp1,Week 7,5672,12,0.0,50.905,-98.544
2026,2026oncmp1,Week 7,4976,12,0.0,44.901,-68.579
2026,2026oncmp1,Week 7,11227,12,0.0,35.698,-66.94
2026,2026oncmp1,Week 7,6875,12,-0.0,59.852,-141.179
2026,2026oncmp1,Week 7,7476,12,-0.0,51.155,-101.036
2026,2026oncmp1,Week 7,3161,12,0.0,68.631,-122.626
2026,2026oncmp1,Week 7,7200,12,-0.0,42.693,-72.94
2026,2026oncmp1,Week 7,2200,12,0.0,47.449,-68.579
2026,2026oncmp1,Week 7,919,12,0.0,56.104,-136.604
2026,2026oncmp1,Week 7,9262,12,-0.0,49.543,-95.465
2026,2026oncmp1,Week 7,4476,12,0.0,53.317,-95.465
2026,2026oncmp1,Week 7,7712,12,0.0,62.28,-136.604
2026,2026oncmp1,Week 7,5409,12,0.0,49.579,-71.655
2026,2026oncmp1,Week 7,7902,12,0.0,51.494,-91.0
2026,2026oncmp1,Week 7,7520,12,-0.0,63.258,-103.833
2026,2026oncmp1,Week 7,7659,12,0.0,65.628,-67.021
2026,2026oncmp1,Week 7,1360,12,0.0,47.684,-122.626
2026,2026oncmp1,Week 7,4907,12,0.0,48.049,-103.833
2026,2026oncmp2,Week 7,5885,12,0.0,67.825,-134.079
2026,2026oncmp2,Week 7,1241,12,-0.0,68.133,-94.727
2026,2026oncmp2,Week 7,9785,12,0.0,74.933,-112.921
2026,2026oncmp2,Week 7,5032,12,0.0,65.77,-116.038
2026,2026oncmp2,Week 7,188,12,-0.0,61.522,-130.012
2026,2026oncmp2,Week 7,3683,12,0.0,77.773,-150.145
2026,2026oncmp2,Week 7,2852,12,-0.0,49.271,-61.02
2026,2026oncmp2,Week 7,6865,12,-0.0,21.191,-40.738
2026,2026oncmp2,Week 7,6632,12,0.0,48.57,-112.921
2026,2026oncmp2,Week 7,2013,12,0.0,51.61,-75.856
2026,2026oncmp2,Week 7,4688,12,-0.0,63.232,-93.8
2026,2026oncmp2,Week 7,2609,12,-0.0,81.155,-134.079
2026,2026oncmp2,Week 7,1229,12,0.0,50.342,-74.287
2026,2026oncmp2,Week 7,5024,12,0.0,48.021,-61.948
2026,2026oncmp2,Week 7,8884,12,-0.0,89.357,-213.615
2026,2026oncmp2,Week 7,4039,12,-0.0,74.294,-106.565
2026,2026oncmp2,Week 7,9589,12,-0.0,28.217,-70.956
2026,2026oncmp2,Week 7,7480,12,-0.0,48.946,-63.693
2026,2026oncmp2,Week 7,5719,12,0.0,46.482,-76.51
2026,2026oncmp2,Week 7,2634,12,-0.0,38.251,-91.616
2026,2026oncmp2,Week 7,8089,12,0.0,41.609,-70.956
2026,2026oncmp2,Week 7,11270,12,0.0,123.895,-213.615
2026,2026oncmp2,Week 7,1310,12,0.0,76.75,-162.406
2026,2026oncmp2,Week 7,6978,12,0.0,63.924,-162.406
2026,2026oncmp2,Week 7,8729,12,-0.0,38.095,-59.157
2026,2026oncmp2,Week 7,781,12,0.0,61.392,-150.145
2026,2026oncmp2,Week 7,3739,12,0.0,60.471,-128.426
2026,2026oncmp2,Week 7,771,12,0.0,95.859,-150.145
2026,2026oncmp2,Week 7,10554,12,0.0,73.605,-128.426
2026,2026oncmp2,Week 7,4951,12,0.0,57.038,-109.398
2026,2026oncmp2,Week 7,11002,12,-0.0,48.055,-116.038
2026,2026oncmp2,Week 7,10167,12,0.0,47.829,-74.287
2026,2026oncmp2,Week 7,9062,12,0.0,62.852,-76.51
2026,2026oncmp2,Week 7,854,12,-0.0,57.984,-130.012
2026,2026oncmp2,Week 7,10611,12,-0.0,47.328,-68.383
2026,2026oncmp2,Week 7,2935,12,-0.0,68.935,-116.038
2026,2026oncmp2,Week 7,8789,12,0.0,66.082,-134.079
2026,2026oncmp2,Week 7,9098,12,0.0,31.875,-38.467
2026,2026oncmp2,Week 7,8349,12,0.0,63.107,-109.398
2026,2026oncmp2,Week 7,3543,12,0.0,59.098,-75.08
2026,2026oncmp2,Week 7,4946,12,0.0,66.459,-130.012
2026,2026oncmp2,Week 7,5408,12,0.0,60.73,-76.183
2026,2026oncmp2,Week 7,2702,12,0.0,92.947,-175.613
2026,2026oncmp2,Week 7,9782,12,-0.0,68.133,-175.613
2026,2026oncmp2,Week 7,610,12,0.0,94.816,-175.613
2026,2026oncmp2,Week 7,7558,12,-0.0,86.284,-213.615
2026,2026oncmp2,Week 7,4152,12,0.0,45.074,-72.408
2026,2026oncmp2,Week 7,5031,12,-0.0,48.84,-86.86
2026,2026oncmp2,Week 7,4917,12,-0.0,63.912,-128.426
2026,2026incmp,Week 7,4580,12,-0.0,41.032,-65.602
2026,2026incmp,Week 7,7457,12,-0.0,90.262,-157.64
2026,2026incmp,Week 7,8116,12,-0.0,49.538,-73.429
2026,2026incmp,Week 7,135,12,-0.0,44.19,-73.429
2026,2026incmp,Week 7,1024,12,-0.0,57.215,-146.811
2026,2026incmp,Week 7,234,12,-0.0,47.833,-78.45
2026,2026incmp,Week 7,9119,12,-0.0,55.649,-85.881
2026,2026incmp,Week 7,3176,12,-0.0,65.777,-157.64
2026,2026incmp,Week 7,1741,12,-0.0,69.773,-149.447
2026,2026incmp,Week 7,829,12,-0.0,49.566,-130.393
2026,2026incmp,Week 7,10021,12,-0.0,58.234,-85.881
2026,2026incmp,Week 7,4982,12,-0.0,48.067,-91.689
2026,2026incmp,Week 7,761,12,-0.0,50.564,-127.954
2026,2026incmp,Week 7,5402,12,-0.0,44.513,-64.506
2026,2026incmp,Week 7,3940,12,-0.0,50.251,-78.857
2026,2026incmp,Week 7,2867,12,-0.0,72.318,-130.393
2026,2026incmp,Week 7,6721,12,-0.0,68.195,-146.811
2026,2026incmp,Week 7,868,12,-0.0,52.871,-91.689
2026,2026incmp,Week 7,7657,12,-0.0,57.332,-127.954
2026,2026incmp,Week 7,447,12,-0.0,42.901,-69.35
2026,2026incmp,Week 7,6956,12,-0.0,52.589,-110.461
2026,2026incmp,Week 7,6498,12,-0.0,42.289,-69.35
2026,2026incmp,Week 7,9491,12,-0.0,38.117,-59.236
2026,2026incmp,Week 7,45,12,-0.0,48.384,-65.602
2026,2026incmp,Week 7,461,12,-0.0,70.537,-146.811
2026,2026incmp,Week 7,7617,12,-0.0,63.012,-110.969
2026,2026incmp,Week 7,5484,12,-0.0,45.171,-78.45
2026,2026incmp,Week 7,3494,12,-0.0,81.981,-149.447
2026,2026incmp,Week 7,4926,12,-0.0,35.629,-52.776
2026,2026incmp,Week 7,8430,12,-0.0,40.879,-78.857
2026,2026incmp,Week 7,1646,12,-0.0,54.935,-85.881
2026,2026incmp,Week 7,4272,12,-0.0,31.298,-55.903
2026,2026incmp,Week 7,5010,12,-0.0,75.405,-157.64
2026,2026incmp,Week 7,1720,12,-0.0,83.84,-149.447
2026,2026incmp,Week 7,9431,12,-0.0,31.715,-58.046
2026,2026incmp,Week 7,10434,12,-0.0,39.253,-73.429
2026,2026incmp,Week 7,1501,12,-0.0,67.466,-130.393
2026,2026incmp,Week 7,1747,12,-0.0,41.777,-80.483
2026,2026wicmp,Week 7,706,12,-0.0,53.739,-74.987
2026,2026wicmp,Week 7,5586,12,0.0,53.659,-81.286
2026,2026wicmp,Week 7,2194,12,-0.0,71.172,-117.583
2026,2026wicmp,Week 7,1259,12,-0.0,65.197,-115.953
2026,2026wicmp,Week 7,6381,12,-0.0,47.283,-71.024
2026,2026wicmp,Week 7,4786,12,-0.0,44.105,-67.589
2026,2026wicmp,Week 7,930,12,-0.0,62.107,-88.198
2026,2026wicmp,Week 7,10909,12,-0.0,51.799,-87.645
2026,2026wicmp,Week 7,171,12,-0.0,57.843,-87.645
2026,2026wicmp,Week 7,6732,12,-0.0,48.696,-94.24
2026,2026wicmp,Week 7,2826,12,-0.0,58.822,-117.583
2026,2026wicmp,Week 7,7915,12,-0.0,38.057,-87.204
2026,2026wicmp,Week 7,4531,12,-0.0,48.8,-97.27
2026,2026wicmp,Week 7,93,12,-0.0,43.55,-59.129
2026,2026wicmp,Week 7,1732,12,-0.0,64.409,-115.953
2026,2026wicmp,Week 7,6421,12,-0.0,48.686,-115.953
2026,2026wicmp,Week 7,7900,12,-0.0,62.605,-103.331
2026,2026wicmp,Week 7,2830,12,-0.0,41.364,-88.198
2026,2026wicmp,Week 7,10553,12,-0.0,46.964,-88.198
2026,2026wicmp,Week 7,1306,12,-0.0,70.46,-94.24
2026,2026wicmp,Week 7,2506,12,-0.0,38.405,-56.091
2026,2026wicmp,Week 7,8744,12,-0.0,40.482,-56.091
2026,2026wicmp,Week 7,537,12,-0.0,45.015,-103.331
2026,2026wicmp,Week 7,9149,12,-0.0,50.789,-87.204
2026,2026wicmp,Week 7,4021,12,-0.0,57.47,-111.553
2026,2026wicmp,Week 7,2202,12,-0.0,56.373,-117.583
2026,2026wicmp,Week 7,6574,12,-0.0,52.704,-103.331
2026,2026wicmp,Week 7,8701,12,-0.0,25.851,-45.31
2026,2026wicmp,Week 7,10264,12,-0.0,38.113,-81.286
2026,2026wicmp,Week 7,1675,12,0.0,30.968,-45.796
2026,2026wicmp,Week 7,5826,12,-0.0,42.222,-104.68
2026,2026wicmp,Week 7,2062,12,-0.0,50.673,-104.68
2026,2026wicmp,Week 7,3197,12,-0.0,59.275,-104.68
2026,2026wicmp,Week 7,1714,12,-0.0,58.75,-139.384
2026,2026wicmp,Week 7,1792,12,-0.0,65.632,-139.384
2026,2026wicmp,Week 7,6223,12,-0.0,65.551,-139.384
2026,2026arc,FIRST Championship,9427,10,-0.0,61.962,-71.33
2026,2026arc,FIRST Championship,971,10,-0.0,65.798,-96.438
2026,2026arc,FIRST Championship,1912,10,-0.0,77.964,-140.274
2026,2026arc,FIRST Championship,5338,10,-0.0,55.073,-59.459
2026,2026arc,FIRST Championship,2583,10,0.0,105.569,-193.463
2026,2026arc,FIRST Championship,2137,10,0.0,76.99,-173.09
2026,2026arc,FIRST Championship,167,10,-0.0,108.432,-180.56
2026,2026arc,FIRST Championship,2106,10,-0.0,63.178,-131.966
2026,2026arc,FIRST Championship,10021,10,-0.0,60.337,-131.966
2026,2026arc,FIRST Championship,1218,10,0.0,49.83,-69.916
2026,2026arc,FIRST Championship,1241,10,-0.0,88.817,-193.463
2026,2026arc,FIRST Championship,2881,10,-0.0,89.624,-173.09
2026,2026arc,FIRST Championship,7525,10,-0.0,72.912,-111.555
2026,2026arc,FIRST Championship,10015,10,0.0,91.02,-263.984
2026,2026arc,FIRST Championship,6907,10,-0.0,67.082,-140.274
2026,2026arc,FIRST Championship,3604,10,-0.0,40.209,-73.56
2026,2026arc,FIRST Championship,4403,10,-0.0,58.592,-101.003
2026,2026arc,FIRST Championship,1619,10,-0.0,72.013,-139.662
2026,2026arc,FIRST Championship,3494,10,-0.0,62.955,-68.393
2026,2026arc,FIRST Championship,11019,10,0.0,66.533,-90.717
2026,2026arc,FIRST Championship,9470,10,-0.0,78.104,-101.003
2026,2026arc,FIRST Championship,11297,10,-0.0,71.866,-148.708
2026,2026arc,FIRST Championship,27,10,-0.0,77.337,-148.708
2026,2026arc,FIRST Championship,5066,10,-0.0,79.957,-148.708
2026,2026arc,FIRST Championship,5940,10,-0.0,67.387,-119.298
2026,2026arc,FIRST Championship,1189,10,-0.0,60.444,-58.866
2026,2026arc,FIRST Championship,3476,10,-0.0,89.03,-134.842
2026,2026arc,FIRST Championship,587,10,-0.0,48.717,-96.438
2026,2026arc,FIRST Championship,8817,10,0.0,66.952,-126.64
2026,2026arc,FIRST Championship,1646,10,0.0,58.717,-90.717
2026,2026arc,FIRST Championship,7166,10,-0.0,40.568,-71.33
2026,2026arc,FIRST Championship,9126,10,-0.0,97.432,-173.09
2026,2026arc,FIRST Championship,2767,10,-0.0,104.461,-263.984
2026,2026arc,FIRST Championship,9084,10,0.0,67.033,-139.662
2026,2026arc,FIRST Championship,2826,10,-0.0,87.367,-193.463
2026,2026arc,FIRST Championship,548,10,-0.0,82.436,-166.4
2026,2026arc,FIRST Championship,1261,10,-0.0,61.6,-101.021
2026,2026arc,FIRST Championship,10162,10,0.0,73.678,-174.769
2026,2026arc,FIRST Championship,5801,10,-0.0,58.348,-111.555
2026,2026arc,FIRST Championship,1114,10,-0.0,84.841,-140.274
2026,2026arc,FIRST Championship,5665,10,0.0,42.699,-67.536
2026,2026arc,FIRST Championship,4593,10,-0.0,46.508,-70.353
2026,2026arc,FIRST Championship,1511,10,-0.0,75.019,-134.842
2026,2026arc,FIRST Championship,7598,10,0.0,46.639,-76.039
2026,2026arc,FIRST Championship,5010,10,-0.0,61.691,-126.64
2026,2026arc,FIRST Championship,2075,10,-0.0,81.633,-174.769
2026,2026arc,FIRST Championship,5829,10,-0.0,89.203,-132.746
2026,2026arc,FIRST Championship,5468,10,0.0,61.658,-72.228
2026,2026arc,FIRST Championship,4646,10,0.0,85.293,-78.497
2026,2026arc,FIRST Championship,131,10,-0.0,75.476,-166.4
2026,2026arc,FIRST Championship,1868,10,0.0,53.336,-61.538
2026,2026arc,FIRST Championship,8884,10,-0.0,48.926,-132.746
2026,2026arc,FIRST Championship,3045,10,-0.0,74.902,-139.662
2026,2026arc,FIRST Championship,3006,10,-0.0,48.744,-91.97
2026,2026arc,FIRST Championship,2960,10,-0.0,97.451,-172.179
2026,2026arc,FIRST Championship,4272,10,0.0,115.051,-263.984
2026,2026arc,FIRST Championship,9032,10,-0.0,81.512,-172.179
2026,2026arc,FIRST Championship,1501,10,0.0,70.803,-94.878
2026,2026arc,FIRST Championship,2851,10,-0.0,81.858,-180.56
2026,2026arc,FIRST Championship,11387,10,-0.0,82.97,-118.468
2026,2026arc,FIRST Championship,4728,10,-0.0,44.676,-76.019
2026,2026arc,FIRST Championship,9001,10,-0.0,56.972,-76.039
2026,2026arc,FIRST Championship,1731,10,0.0,58.655,-76.019
2026,2026arc,FIRST Championship,7407,10,-0.0,74.259,-174.769
2026,2026arc,FIRST Championship,2539,10,0.0,52.62,-119.298
2026,2026arc,FIRST Championship,3284,10,-0.0,85.333,-166.4
2026,2026arc,FIRST Championship,6459,10,-0.0,26.356,-46.054
2026,2026arc,FIRST Championship,4096,10,-0.0,39.119,-90.717
2026,2026arc,FIRST Championship,2847,10,0.0,54.5,-66.853
2026,2026arc,FIRST Championship,8608,10,-0.0,56.529,-118.468
2026,2026arc,FIRST Championship,3572,10,-0.0,96.377,-180.56
2026,2026arc,FIRST Championship,9401,10,-0.0,84.07,-132.746
2026,2026arc,FIRST Championship,103,10,-0.0,42.569,-73.56
2026,2026arc,FIRST Championship,1648,10,-0.0,51.113,-73.56
2026,2026arc,FIRST Championship,9771,10,-0.0,48.256,-58.866
2026,2026cur,FIRST Championship,589,10,-0.0,54.745,-85.66
2026,2026cur,FIRST Championship,254,10,0.0,78.059,-140.071
2026,2026cur,FIRST Championship,10254,10,-0.0,68.22,-116.839
2026,2026cur,FIRST Championship,5193,10,-0.0,52.516,-90.231
2026,2026cur,FIRST Championship,3792,11,0.0,74.375,-111.191
2026,2026cur,FIRST Championship,7567,10,-0.0,36.131,-80.749
2026,2026cur,FIRST Championship,7421,10,0.0,63.003,-109.565
2026,2026cur,FIRST Championship,8575,10,0.0,78.221,-140.071
2026,2026cur,FIRST Championship,5166,10,-0.0,42.882,-61.131
2026,2026cur,FIRST Championship,1684,10,-0.0,60.018,-105.663
2026,2026cur,FIRST Championship,6615,10,-0.0,50.071,-60.154
2026,2026cur,FIRST Championship,2053,10,-0.0,66.592,-117.915
2026,2026cur,FIRST Championship,5460,10,-0.0,71.328,-103.321
2026,2026cur,FIRST Championship,9200,10,-0.0,63.317,-72.717
2026,2026cur,FIRST Championship,1498,10,-0.0,79.856,-133.597
2026,2026cur,FIRST Championship,9609,10,-0.0,87.753,-146.32
2026,2026cur,FIRST Championship,5987,10,-0.0,56.024,-113.959
2026,2026cur,FIRST Championship,5712,10,0.0,75.057,-105.663
2026,2026cur,FIRST Championship,8280,10,-0.0,91.625,-146.32
2026,2026cur,FIRST Championship,6045,10,-0.0,94.973,-189.006
2026,2026cur,FIRST Championship,125,10,-0.0,77.26,-97.678
2026,2026cur,FIRST Championship,2357,10,-0.0,61.139,-75.481
2026,2026cur,FIRST Championship,6417,10,0.0,58.032,-98.127
2026,2026cur,FIRST Championship,6510,10,-0.0,78.225,-133.597
2026,2026cur,FIRST Championship,5199,10,-0.0,78.113,-107.71
2026,2026cur,FIRST Championship,1714,10,-0.0,88.726,-167.178
2026,2026cur,FIRST Championship,5907,10,-0.0,94.612,-189.006
2026,2026cur,FIRST Championship,987,10,-0.0,53.587,-101.886
2026,2026cur,FIRST Championship,166,11,0.0,81.435,-156.653
2026,2026cur,FIRST Championship,3932,10,-0.0,57.377,-98.127
2026,2026cur,FIRST Championship,2682,10,0.0,55.067,-117.915
2026,2026cur,FIRST Championship,7565,10,-0.0,51.687,-98.127
2026,2026cur,FIRST Championship,2412,10,-0.0,66.935,-141.9
2026,2026cur,FIRST Championship,10349,10,0.0,63.456,-93.251
2026,2026cur,FIRST Championship,10922,11,-0.0,63.664,-97.678
2026,2026cur,FIRST Championship,7539,10,-0.0,48.696,-88.071
2026,2026cur,FIRST Championship,11304,10,-0.0,66.241,-113.959
2026,2026cur,FIRST Championship,2443,10,-0.0,68.682,-93.251
2026,2026cur,FIRST Championship,571,10,-0.0,62.047,-68.803
2026,2026cur,FIRST Championship,9023,10,-0.0,58.123,-88.089
2026,2026cur,FIRST Championship,11318,10,-0.0,78.745,-117.915
2026,2026cur,FIRST Championship,7028,10,-0.0,75.05,-167.178
2026,2026cur,FIRST Championship,6497,10,-0.0,68.724,-141.9
2026,2026cur,FIRST Championship,2724,10,-0.0,58.427,-111.191
2026,2026cur,FIRST Championship,2637,11,-0.0,76.55,-156.653
2026,2026cur,FIRST Championship,3128,10,-0.0,101.619,-133.597
2026,2026cur,FIRST Championship,6773,10,-0.0,92.278,-138.57
2026,2026cur,FIRST Championship,9066,10,0.0,51.468,-84.403
2026,2026cur,FIRST Championship,9068,10,-0.0,58.783,-146.32
2026,2026cur,FIRST Championship,6369,10,-0.0,75.537,-138.57
2026,2026cur,FIRST Championship,6366,10,-0.0,69.088,-113.202
2026,2026cur,FIRST Championship,11167,10,0.0,64.526,-140.071
2026,2026cur,FIRST Championship,1024,10,-0.0,68.529,-76.896
2026,2026cur,FIRST Championship,3197,10,0.0,77.182,-141.9
2026,2026cur,FIRST Championship,4611,10,0.0,70.988,-105.663
2026,2026cur,FIRST Championship,5572,10,-0.0,57.606,-109.565
2026,2026cur,FIRST Championship,294,10,0.0,59.995,-84.403
2026,2026cur,FIRST Championship,3847,10,-0.0,70.795,-83.618
2026,2026cur,FIRST Championship,59,10,-0.0,81.744,-86.121
2026,2026cur,FIRST Championship,4027,10,-0.0,72.024,-104.755
2026,2026cur,FIRST Championship,1477,10,-0.0,69.384,-90.231
2026,2026cur,FIRST Championship,6800,10,0.0,74.153,-116.839
2026,2026cur,FIRST Championship,4256,10,0.0,73.411,-167.178
2026,2026cur,FIRST Championship,4786,10,0.0,52.822,-93.251
2026,2026cur,FIRST Championship,3181,10,0.0,82.684,-111.191
2026,2026cur,FIRST Championship,2992,10,-0.0,54.092,-80.749
2026,2026cur,FIRST Championship,8595,10,-0.0,50.883,-77.339
2026,2026cur,FIRST Championship,870,10,-0.0,51.559,-77.339
2026,2026cur,FIRST Championship,9077,10,-0.0,50.583,-77.339
2026,2026cur,FIRST Championship,6413,10,-0.0,71.023,-101.886
2026,2026cur,FIRST Championship,1987,10,-0.0,83.506,-88.089
2026,2026cur,FIRST Championship,8613,10,0.0,86.445,-156.653
2026,2026cur,FIRST Championship,302,10,-0.0,83.641,-113.202
2026,2026cur,FIRST Championship,8725,10,-0.0,92.229,-189.006
2026,2026dal,FIRST Championship,9094,10,0.0,68.146,-109.854
2026,2026dal,FIRST Championship,3339,10,0.0,65.534,-112.369
2026,2026dal,FIRST Championship,3656,10,0.0,52.357,-85.617
2026,2026dal,FIRST Championship,1323,10,-0.0,37.763,-85.617
2026,2026dal,FIRST Championship,1720,10,0.0,44.158,-91.99
2026,2026dal,FIRST Championship,9175,10,0.0,42.663,-61.796
2026,2026dal,FIRST Championship,10002,10,0.0,31.837,-54.808
2026,2026dal,FIRST Championship,1155,10,0.0,55.905,-130.846
2026,2026dal,FIRST Championship,469,10,0.0,67.755,-128.819
2026,2026dal,FIRST Championship,1676,10,-0.0,71.889,-75.234
2026,2026dal,FIRST Championship,5847,10,0.0,85.675,-109.533
2026,2026dal,FIRST Championship,3478,10,0.0,72.821,-85.539
2026,2026dal,FIRST Championship,9545,10,0.0,71.982,-145.487
2026,2026dal,FIRST Championship,3880,10,0.0,64.869,-145.487
2026,2026dal,FIRST Championship,3990,10,0.0,68.141,-145.487
2026,2026dal,FIRST Championship,11,10,0.0,102.258,-203.853
2026,2026dal,FIRST Championship,10213,10,0.0,27.811,-52.648
2026,2026dal,FIRST Championship,6919,10,0.0,66.686,-111.544
2026,2026dal,FIRST Championship,1325,10,0.0,83.275,-190.578
2026,2026dal,FIRST Championship,4028,10,0.0,72.983,-130.846
2026,2026dal,FIRST Championship,4414,10,0.0,62.917,-95.385
2026,2026dal,FIRST Championship,1880,10,0.0,48.57,-98.024
2026,2026dal,FIRST Championship,340,10,0.0,68.681,-98.024
2026,2026dal,FIRST Championship,624,10,0.0,69.638,-98.024
2026,2026dal,FIRST Championship,972,10,0.0,46.588,-99.306
2026,2026dal,FIRST Championship,10229,10,0.0,63.058,-130.846
2026,2026dal,FIRST Championship,999,10,0.0,71.849,-108.038
2026,2026dal,FIRST Championship,272,10,0.0,69.166,-114.18
2026,2026dal,FIRST Championship,5550,10,0.0,72.554,-136.385
2026,2026dal,FIRST Championship,1538,10,0.0,47.929,-55.921
2026,2026dal,FIRST Championship,6941,10,0.0,44.565,-54.809
2026,2026dal,FIRST Championship,1939,10,0.0,74.268,-187.922
2026,2026dal,FIRST Championship,1058,10,0.0,76.26,-114.18
2026,2026dal,FIRST Championship,3646,10,-0.0,57.707,-109.533
2026,2026dal,FIRST Championship,2399,10,0.0,54.295,-59.303
2026,2026dal,FIRST Championship,4678,10,0.0,83.556,-203.853
2026,2026dal,FIRST Championship,3314,10,0.0,68.609,-156.043
2026,2026dal,FIRST Championship,3538,10,0.0,67.569,-156.043
2026,2026dal,FIRST Championship,8393,10,0.0,82.187,-156.043
2026,2026dal,FIRST Championship,1629,10,0.0,74.9,-190.578
2026,2026dal,FIRST Championship,5813,10,0.0,48.932,-81.506
2026,2026dal,FIRST Championship,5534,10,0.0,59.57,-121.327
2026,2026dal,FIRST Championship,3008,10,0.0,51.522,-77.32
2026,2026dal,FIRST Championship,4674,10,0.0,56.622,-77.32
2026,2026dal,FIRST Championship,7520,10,0.0,57.622,-77.32
2026,2026dal,FIRST Championship,2073,10,0.0,83.622,-190.578
2026,2026dal,FIRST Championship,7632,10,0.0,60.36,-111.544
2026,2026dal,FIRST Championship,4189,10,0.0,68.838,-128.819
2026,2026dal,FIRST Championship,176,10,-0.0,97.604,-187.922
2026,2026dal,FIRST Championship,4065,10,0.0,49.322,-85.539
2026,2026dal,FIRST Championship,6106,10,0.0,80.533,-128.819
2026,2026dal,FIRST Championship,8724,10,0.0,63.669,-109.854
2026,2026dal,FIRST Championship,2338,10,0.0,102.856,-203.853
2026,2026dal,FIRST Championship,316,10,0.0,66.667,-114.18
2026,2026dal,FIRST Championship,6998,10,0.0,60.387,-56.211
2026,2026dal,FIRST Championship,7712,10,0.0,73.177,-82.069
2026,2026dal,FIRST Championship,10619,10,0.0,62.453,-86.897
2026,2026dal,FIRST Championship,2530,10,0.0,69.376,-99.306
2026,2026dal,FIRST Championship,4188,10,0.0,84.877,-187.922
2026,2026dal,FIRST Championship,2883,10,0.0,51.203,-109.854
2026,2026dal,FIRST Championship,6391,10,0.0,42.807,-77.976
2026,2026dal,FIRST Championship,11141,10,0.0,63.439,-77.981
2026,2026dal,FIRST Championship,2472,10,0.0,69.387,-87.529
2026,2026dal,FIRST Championship,6696,10,0.0,95.17,-136.385
2026,2026dal,FIRST Championship,3100,10,0.0,62.066,-112.369
2026,2026dal,FIRST Championship,6017,10,0.0,72.67,-80.201
2026,2026dal,FIRST Championship,2718,10,0.0,58.341,-86.897
2026,2026dal,FIRST Championship,5937,10,0.0,68.86,-87.529
2026,2026dal,FIRST Championship,1727,10,0.0,56.082,-112.369
2026,2026dal,FIRST Championship,1156,10,0.0,56.16,-121.327
2026,2026dal,FIRST Championship,303,10,0.0,49.56,-99.306
2026,2026dal,FIRST Championship,1741,10,0.0,48.828,-52.355
2026,2026dal,FIRST Championship,2429,10,0.0,57.453,-121.327
2026,2026dal,FIRST Championship,5557,10,0.0,56.866,-77.976
2026,2026dal,FIRST Championship,11178,10,0.0,74.611,-91.99
2026,2026gal,FIRST Championship,8069,10,0.0,60.791,-86.523
2026,2026gal,FIRST Championship,6665,10,0.0,46.124,-73.669
2026,2026gal,FIRST Championship,11214,10,0.0,78.196,-106.352
2026,2026gal,FIRST Championship,2491,10,0.0,105.726,-208.963
2026,2026gal,FIRST Championship,4450,10,0.0,82.534,-208.963
2026,2026gal,FIRST Championship,10991,10,-0.0,89.102,-208.963
2026,2026gal,FIRST Championship,9572,10,0.0,48.734,-102.94
2026,2026gal,FIRST Championship,2582,10,0.0,60.467,-108.257
2026,2026gal,FIRST Championship,11242,10,0.0,79.578,-158.113
2026,2026gal,FIRST Championship,5895,10,-0.0,63.404,-132.799
2026,2026gal,FIRST Championship,2813,10,0.0,88.766,-132.799
2026,2026gal,FIRST Championship,7915,10,0.0,64.201,-132.799
2026,2026gal,FIRST Championship,2635,10,0.0,74.593,-86.64
2026,2026gal,FIRST Championship,16,10,0.0,57.452,-84.354
2026,2026gal,FIRST Championship,6487,10,0.0,77.05,-154.125
2026,2026gal,FIRST Championship,7769,10,0.0,79.877,-179.559
2026,2026gal,FIRST Championship,449,10,-0.0,84.488,-146.553
2026,2026gal,FIRST Championship,6429,10,0.0,72.461,-110.219
2026,2026gal,FIRST Championship,1756,10,0.0,82.247,-159.593
2026,2026gal,FIRST Championship,3931,10,0.0,79.744,-154.125
2026,2026gal,FIRST Championship,1816,10,0.0,39.804,-57.2
2026,2026gal,FIRST Championship,8858,10,0.0,70.471,-88.287
2026,2026gal,FIRST Championship,6528,10,0.0,43.19,-93.203
2026,2026gal,FIRST Championship,7183,10,0.0,49.903,-102.559
2026,2026gal,FIRST Championship,2556,10,0.0,69.539,-159.593
2026,2026gal,FIRST Championship,364,10,-0.0,59.786,-92.244
2026,2026gal,FIRST Championship,2468,10,0.0,72.009,-160.661
2026,2026gal,FIRST Championship,4607,10,0.0,47.568,-61.984
2026,2026gal,FIRST Championship,8119,10,-0.0,64.82,-110.149
2026,2026gal,FIRST Championship,4125,10,0.0,67.764,-110.219
2026,2026gal,FIRST Championship,2393,10,0.0,41.354,-77.751
2026,2026gal,FIRST Championship,3501,10,0.0,77.836,-179.559
2026,2026gal,FIRST Championship,4655,10,0.0,79.103,-116.711
2026,2026gal,FIRST Championship,3937,10,0.0,56.648,-80.844
2026,2026gal,FIRST Championship,6985,10,0.0,67.894,-86.64
2026,2026gal,FIRST Championship,10034,10,0.0,64.631,-95.918
2026,2026gal,FIRST Championship,5705,10,0.0,48.35,-84.354
2026,2026gal,FIRST Championship,3753,10,0.0,37.685,-41.224
2026,2026gal,FIRST Championship,3082,10,0.0,32.118,-36.718
2026,2026gal,FIRST Championship,5913,10,0.0,86.715,-154.125
2026,2026gal,FIRST Championship,484,10,0.0,81.642,-160.661
2026,2026gal,FIRST Championship,4020,10,0.0,74.005,-110.149
2026,2026gal,FIRST Championship,5577,10,-0.0,66.31,-159.593
2026,2026gal,FIRST Championship,1506,10,0.0,76.702,-158.113
2026,2026gal,FIRST Championship,51,10,-0.0,49.781,-98.643
2026,2026gal,FIRST Championship,1391,10,0.0,81.02,-210.28
2026,2026gal,FIRST Championship,5181,10,0.0,74.22,-121.87
2026,2026gal,FIRST Championship,1023,10,0.0,67.26,-108.257
2026,2026gal,FIRST Championship,1533,10,0.0,70.546,-145.857
2026,2026gal,FIRST Championship,10980,10,-0.0,51.66,-67.921
2026,2026gal,FIRST Championship,9496,10,0.0,89.613,-210.28
2026,2026gal,FIRST Championship,3243,10,-0.0,78.359,-105.881
2026,2026gal,FIRST Championship,2231,10,0.0,63.537,-98.643
2026,2026gal,FIRST Championship,11417,10,0.0,70.482,-146.553
2026,2026gal,FIRST Championship,614,10,0.0,80.147,-210.28
2026,2026gal,FIRST Championship,2590,10,0.0,69.69,-110.149
2026,2026gal,FIRST Championship,4469,10,0.0,72.353,-93.203
2026,2026gal,FIRST Championship,7415,10,0.0,96.444,-179.559
2026,2026gal,FIRST Championship,6201,10,0.0,65.034,-108.257
2026,2026gal,FIRST Championship,5653,10,0.0,49.366,-77.751
2026,2026gal,FIRST Championship,8229,10,0.0,72.96,-158.113
2026,2026gal,FIRST Championship,111,10,0.0,68.441,-86.64
2026,2026gal,FIRST Championship,2054,10,-0.0,63.035,-84.533
2026,2026gal,FIRST Championship,11244,10,-0.0,54.597,-106.352
2026,2026gal,FIRST Championship,1768,10,0.0,67.553,-145.857
2026,2026gal,FIRST Championship,6911,10,0.0,44.494,-57.82
2026,2026gal,FIRST Championship,1403,10,0.0,130.263,-332.497
2026,2026gal,FIRST Championship,1690,10,-0.0,134.932,-332.497
2026,2026gal,FIRST Championship,4766,10,0.0,126.148,-332.497
2026,2026gal,FIRST Championship,4087,10,-0.0,59.977,-84.533
2026,2026gal,FIRST Championship,3544,10,0.0,69.135,-121.87
2026,2026gal,FIRST Championship,7840,10,0.0,66.424,-160.661
2026,2026gal,FIRST Championship,8159,10,0.0,61.415,-105.881
2026,2026gal,FIRST Championship,931,10,0.0,78.217,-101.962
2026,2026gal,FIRST Championship,4322,10,0.0,93.118,-145.857
2026,2026hop,FIRST Championship,8749,11,0.0,66.255,-157.513
2026,2026hop,FIRST Championship,2486,10,-0.0,75.066,-100.213
2026,2026hop,FIRST Championship,4201,10,-0.0,57.11,-91.878
2026,2026hop,FIRST Championship,3175,10,-0.0,83.507,-187.51
2026,2026hop,FIRST Championship,1710,10,-0.0,90.035,-147.45
2026,2026hop,FIRST Championship,3512,10,0.0,75.478,-139.792
2026,2026hop,FIRST Championship,5000,10,-0.0,69.018,-78.272
2026,2026hop,FIRST Championship,2056,10,0.0,70.933,-89.868
2026,2026hop,FIRST Championship,2659,10,-0.0,71.849,-91.428
2026,2026hop,FIRST Championship,2834,11,0.0,58.009,-83.608
2026,2026hop,FIRST Championship,3015,10,0.0,67.991,-151.847
2026,2026hop,FIRST Championship,1259,10,-0.0,94.181,-158.991
2026,2026hop,FIRST Championship,1787,10,0.0,96.667,-133.547
2026,2026hop,FIRST Championship,6328,10,-0.0,73.581,-137.559
2026,2026hop,FIRST Championship,3641,10,-0.0,94.147,-136.514
2026,2026hop,FIRST Championship,8005,10,0.0,48.846,-78.272
2026,2026hop,FIRST Championship,9449,10,-0.0,73.723,-139.792
2026,2026hop,FIRST Championship,10131,10,-0.0,56.064,-87.749
2026,2026hop,FIRST Championship,910,10,0.0,88.552,-185.78
2026,2026hop,FIRST Championship,8044,10,0.0,93.755,-185.78
2026,2026hop,FIRST Championship,238,10,0.0,76.399,-185.78
2026,2026hop,FIRST Championship,540,10,-0.0,84.683,-128.338
2026,2026hop,FIRST Championship,5454,10,-0.0,88.992,-187.51
2026,2026hop,FIRST Championship,6200,10,0.0,83.102,-133.547
2026,2026hop,FIRST Championship,6121,10,-0.0,77.026,-147.45
2026,2026hop,FIRST Championship,1701,10,-0.0,60.984,-91.428
2026,2026hop,FIRST Championship,3539,10,-0.0,90.294,-154.764
2026,2026hop,FIRST Championship,188,10,0.0,83.569,-154.764
2026,2026hop,FIRST Championship,11118,10,-0.0,60.797,-111.999
2026,2026hop,FIRST Championship,3467,10,0.0,68.642,-111.999
2026,2026hop,FIRST Championship,7451,10,0.0,85.525,-109.234
2026,2026hop,FIRST Championship,6639,10,0.0,74.096,-109.234
2026,2026hop,FIRST Championship,8214,10,0.0,79.189,-136.514
2026,2026hop,FIRST Championship,1706,10,0.0,116.003,-196.229
2026,2026hop,FIRST Championship,503,10,0.0,98.724,-196.229
2026,2026hop,FIRST Championship,1986,11,0.0,89.203,-196.229
2026,2026hop,FIRST Championship,11270,10,-0.0,87.283,-130.687
2026,2026hop,FIRST Championship,1014,10,0.0,84.043,-187.51
2026,2026hop,FIRST Championship,7287,10,0.0,75.488,-139.792
2026,2026hop,FIRST Championship,4143,10,0.0,79.3,-165.804
2026,2026hop,FIRST Championship,761,10,0.0,83.823,-118.124
2026,2026hop,FIRST Championship,6152,10,0.0,72.458,-101.666
2026,2026hop,FIRST Championship,4191,10,0.0,88.405,-174.684
2026,2026hop,FIRST Championship,2383,10,-0.0,78.841,-136.514
2026,2026hop,FIRST Championship,10907,10,0.0,88.344,-130.083
2026,2026hop,FIRST Championship,3506,10,-0.0,75.02,-137.559
2026,2026hop,FIRST Championship,494,10,-0.0,41.071,-58.039
2026,2026hop,FIRST Championship,5348,11,0.0,69.447,-157.513
2026,2026hop,FIRST Championship,8267,10,-0.0,64.061,-87.476
2026,2026hop,FIRST Championship,9692,10,-0.0,97.191,-210.111
2026,2026hop,FIRST Championship,2607,10,-0.0,52.165,-91.878
2026,2026hop,FIRST Championship,11024,10,0.0,70.434,-80.571
2026,2026hop,FIRST Championship,5406,10,0.0,79.723,-165.804
2026,2026hop,FIRST Championship,1625,10,-0.0,77.636,-151.847
2026,2026hop,FIRST Championship,1732,10,0.0,87.72,-157.513
2026,2026hop,FIRST Championship,4698,10,0.0,64.132,-76.44
2026,2026hop,FIRST Championship,3297,10,0.0,78.241,-107.759
2026,2026hop,FIRST Championship,573,10,-0.0,78.192,-160.491
2026,2026hop,FIRST Championship,9785,10,0.0,73.648,-158.991
2026,2026hop,FIRST Championship,581,10,-0.0,70.487,-83.447
2026,2026hop,FIRST Championship,6517,10,0.0,51.983,-87.749
2026,2026hop,FIRST Championship,5086,10,-0.0,80.477,-118.124
2026,2026hop,FIRST Championship,4174,10,0.0,86.999,-160.491
2026,2026hop,FIRST Championship,11493,10,-0.0,71.97,-94.782
2026,2026hop,FIRST Championship,1296,10,0.0,86.978,-210.111
2026,2026hop,FIRST Championship,6329,10,-0.0,94.335,-174.684
2026,2026hop,FIRST Championship,8513,10,0.0,110.876,-210.111
2026,2026hop,FIRST Championship,2102,10,0.0,64.04,-100.213
2026,2026hop,FIRST Championship,2220,10,0.0,50.834,-80.571
2026,2026hop,FIRST Championship,4613,10,0.0,63.048,-118.124
2026,2026hop,FIRST Championship,3035,10,-0.0,74.69,-174.684
2026,2026hop,FIRST Championship,1287,10,0.0,83.979,-158.991
2026,2026hop,FIRST Championship,2199,10,-0.0,83.322,-147.45
2026,2026hop,FIRST Championship,401,10,0.0,79.62,-137.559
2026,2026joh,FIRST Championship,422,10,-0.0,71.293,-62.677
2026,2026joh,FIRST Championship,1908,10,-0.0,51.732,-70.504
2026,2026joh,FIRST Championship,1076,10,-0.0,37.098,-56.727
2026,2026joh,FIRST Championship,179,10,0.0,75.64,-129.984
2026,2026joh,FIRST Championship,6940,10,0.0,84.125,-200.214
2026,2026joh,FIRST Championship,6652,10,0.0,84.507,-174.349
2026,2026joh,FIRST Championship,7563,10,0.0,62.88,-123.496
2026,2026joh,FIRST Championship,2704,10,-0.0,49.805,-106.821
2026,2026joh,FIRST Championship,7551,10,-0.0,76.589,-140.099
2026,2026joh,FIRST Championship,11269,10,-0.0,42.981,-74.731
2026,2026joh,FIRST Championship,2337,10,0.0,82.557,-164.574
2026,2026joh,FIRST Championship,4635,10,0.0,94.904,-174.349
2026,2026joh,FIRST Championship,4451,10,-0.0,70.733,-123.496
2026,2026joh,FIRST Championship,619,10,0.0,56.192,-85.636
2026,2026joh,FIRST Championship,6766,10,-0.0,78.271,-145.779
2026,2026joh,FIRST Championship,5026,10,0.0,88.812,-148.498
2026,2026joh,FIRST Championship,3414,10,0.0,40.15,-62.522
2026,2026joh,FIRST Championship,190,10,-0.0,47.535,-75.006
2026,2026joh,FIRST Championship,9484,10,-0.0,58.002,-77.684
2026,2026joh,FIRST Championship,360,10,-0.0,44.459,-81.249
2026,2026joh,FIRST Championship,955,10,0.0,71.768,-101.385
2026,2026joh,FIRST Championship,3603,10,0.0,59.456,-106.821
2026,2026joh,FIRST Championship,2619,10,0.0,47.453,-70.746
2026,2026joh,FIRST Championship,2877,10,-0.0,101.555,-141.646
2026,2026joh,FIRST Championship,10014,10,-0.0,61.845,-129.984
2026,2026joh,FIRST Championship,9597,10,0.0,66.701,-85.636
2026,2026joh,FIRST Championship,3536,10,0.0,61.866,-103.527
2026,2026joh,FIRST Championship,4967,10,0.0,59.146,-128.502
2026,2026joh,FIRST Championship,1002,10,0.0,69.282,-134.173
2026,2026joh,FIRST Championship,9757,10,0.0,79.237,-140.099
2026,2026joh,FIRST Championship,5968,10,-0.0,59.706,-127.641
2026,2026joh,FIRST Championship,3620,10,0.0,72.368,-129.984
2026,2026joh,FIRST Championship,10217,10,-0.0,82.089,-164.574
2026,2026joh,FIRST Championship,7220,10,-0.0,44.211,-69.879
2026,2026joh,FIRST Championship,3255,10,0.0,35.612,-55.667
2026,2026joh,FIRST Championship,117,10,0.0,51.477,-89.222
2026,2026joh,FIRST Championship,6829,10,-0.0,71.65,-127.641
2026,2026joh,FIRST Championship,2638,10,0.0,68.397,-174.349
2026,2026joh,FIRST Championship,3630,10,0.0,74.751,-114.342
2026,2026joh,FIRST Championship,4391,10,-0.0,69.544,-105.805
2026,2026joh,FIRST Championship,2096,10,-0.0,60.338,-127.641
2026,2026joh,FIRST Championship,33,10,0.0,104.176,-141.646
2026,2026joh,FIRST Championship,48,10,-0.0,44.367,-64.564
2026,2026joh,FIRST Championship,7403,10,0.0,42.593,-54.081
2026,2026joh,FIRST Championship,10114,10,-0.0,60.319,-105.805
2026,2026joh,FIRST Championship,1073,10,0.0,89.32,-148.498
2026,2026joh,FIRST Championship,7257,10,0.0,93.183,-176.679
2026,2026joh,FIRST Championship,6324,10,0.0,63.667,-101.385
2026,2026joh,FIRST Championship,9277,10,0.0,57.016,-80.235
2026,2026joh,FIRST Championship,7558,10,0.0,54.641,-66.134
2026,2026joh,FIRST Championship,2040,10,0.0,71.307,-145.779
2026,2026joh,FIRST Championship,67,10,0.0,100.231,-176.679
2026,2026joh,FIRST Championship,118,10,0.0,91.078,-164.574
2026,2026joh,FIRST Championship,1792,10,0.0,38.927,-78.55
2026,2026joh,FIRST Championship,10396,10,0.0,59.715,-122.377
2026,2026joh,FIRST Championship,245,10,0.0,77.308,-134.173
2026,2026joh,FIRST Championship,9072,10,-0.0,86.619,-123.496
2026,2026joh,FIRST Championship,836,10,0.0,56.685,-62.677
2026,2026joh,FIRST Championship,9483,10,0.0,109.514,-200.214
2026,2026joh,FIRST Championship,1306,10,0.0,59.215,-115.239
2026,2026joh,FIRST Championship,3770,10,0.0,57.355,-93.984
2026,2026joh,FIRST Championship,10340,10,-0.0,136.645,-288.079
2026,2026joh,FIRST Championship,2522,10,-0.0,63.286,-94.65
2026,2026joh,FIRST Championship,334,10,-0.0,90.452,-176.679
2026,2026joh,FIRST Championship,321,10,0.0,96.618,-134.173
2026,2026joh,FIRST Championship,8,10,-0.0,78.031,-145.779
2026,2026joh,FIRST Championship,2252,10,0.0,59.149,-116.483
2026,2026joh,FIRST Championship,2848,10,-0.0,105.592,-288.079
2026,2026joh,FIRST Championship,8612,10,-0.0,85.437,-140.099
2026,2026joh,FIRST Championship,9646,10,0.0,73.333,-128.502
2026,2026joh,FIRST Championship,772,10,-0.0,55.065,-122.795
2026,2026joh,FIRST Championship,3061,10,0.0,72.162,-128.328
2026,2026joh,FIRST Championship,4522,10,0.0,65.18,-122.795
2026,2026joh,FIRST Championship,4946,10,0.0,87.69,-128.328
2026,2026joh,FIRST Championship,498,10,0.0,141.623,-288.079
2026,2026mil,FIRST Championship,2601,10,0.0,54.596,-88.974
2026,2026mil,FIRST Championship,3075,10,-0.0,66.233,-110.925
2026,2026mil,FIRST Championship,7890,10,-0.0,59.335,-79.902
2026,2026mil,FIRST Championship,7457,11,-0.0,49.993,-107.506
2026,2026mil,FIRST Championship,2905,10,-0.0,105.334,-146.048
2026,2026mil,FIRST Championship,6925,10,0.0,58.384,-105.187
2026,2026mil,FIRST Championship,6989,10,-0.0,81.387,-140.037
2026,2026mil,FIRST Championship,353,10,0.0,71.616,-108.041
2026,2026mil,FIRST Championship,4907,10,0.0,50.465,-95.174
2026,2026mil,FIRST Championship,3637,10,-0.0,69.609,-126.472
2026,2026mil,FIRST Championship,1671,10,-0.0,42.456,-48.74
2026,2026mil,FIRST Championship,10101,10,-0.0,35.967,-72.686
2026,2026mil,FIRST Championship,7426,10,-0.0,66.849,-162.286
2026,2026mil,FIRST Championship,686,10,-0.0,63.555,-123.635
2026,2026mil,FIRST Championship,3492,10,0.0,60.837,-146.048
2026,2026mil,FIRST Championship,8158,10,-0.0,59.171,-113.561
2026,2026mil,FIRST Championship,10950,11,-0.0,54.402,-88.974
2026,2026mil,FIRST Championship,4089,10,-0.0,69.193,-126.629
2026,2026mil,FIRST Championship,4476,10,-0.0,51.344,-58.98
2026,2026mil,FIRST Championship,68,10,-0.0,66.579,-135.473
2026,2026mil,FIRST Championship,8020,10,-0.0,48.363,-70.694
2026,2026mil,FIRST Championship,9140,10,-0.0,105.232,-113.561
2026,2026mil,FIRST Championship,1640,10,-0.0,45.71,-75.473
2026,2026mil,FIRST Championship,2200,10,-0.0,49.088,-79.902
2026,2026mil,FIRST Championship,2974,10,0.0,69.115,-125.11
2026,2026mil,FIRST Championship,694,10,-0.0,78.252,-140.037
2026,2026mil,FIRST Championship,7763,10,0.0,56.371,-108.041
2026,2026mil,FIRST Championship,2481,10,0.0,80.006,-108.275
2026,2026mil,FIRST Championship,7717,10,-0.0,66.512,-108.275
2026,2026mil,FIRST Championship,2122,10,0.0,85.205,-130.54
2026,2026mil,FIRST Championship,4122,10,0.0,54.048,-79.712
2026,2026mil,FIRST Championship,3707,10,-0.0,61.466,-97.729
2026,2026mil,FIRST Championship,10604,10,-0.0,62.021,-119.639
2026,2026mil,FIRST Championship,7039,10,-0.0,75.582,-133.448
2026,2026mil,FIRST Championship,343,10,0.0,73.623,-111.645
2026,2026mil,FIRST Championship,1678,10,0.0,71.844,-107.506
2026,2026mil,FIRST Championship,4270,10,0.0,70.216,-123.635
2026,2026mil,FIRST Championship,4362,10,-0.0,71.98,-146.048
2026,2026mil,FIRST Championship,201,10,0.0,54.146,-119.639
2026,2026mil,FIRST Championship,2630,10,-0.0,72.989,-114.084
2026,2026mil,FIRST Championship,10633,10,0.0,69.624,-137.533
2026,2026mil,FIRST Championship,2403,10,-0.0,73.909,-162.286
2026,2026mil,FIRST Championship,3277,10,0.0,96.34,-137.533
2026,2026mil,FIRST Championship,3928,10,-0.0,62.042,-162.286
2026,2026mil,FIRST Championship,2333,10,0.0,60.52,-125.11
2026,2026mil,FIRST Championship,287,10,0.0,81.703,-130.54
2026,2026mil,FIRST Championship,4795,11,-0.0,54.455,-111.645
2026,2026mil,FIRST Championship,7250,10,-0.0,64.33,-81.478
2026,2026mil,FIRST Championship,8429,11,-0.0,70.747,-130.54
2026,2026mil,FIRST Championship,3245,10,-0.0,64.616,-79.902
2026,2026mil,FIRST Championship,8808,10,-0.0,110.888,-123.635
2026,2026mil,FIRST Championship,4499,10,-0.0,79.055,-114.084
2026,2026mil,FIRST Championship,6002,10,0.0,61.454,-75.394
2026,2026mil,FIRST Championship,5985,10,-0.0,41.483,-53.151
2026,2026mil,FIRST Championship,359,10,-0.0,44.32,-82.653
2026,2026mil,FIRST Championship,9644,10,0.0,81.289,-126.472
2026,2026mil,FIRST Championship,7594,10,0.0,46.312,-72.686
2026,2026mil,FIRST Championship,5462,10,-0.0,64.881,-81.478
2026,2026mil,FIRST Championship,4481,10,-0.0,71.79,-126.629
2026,2026mil,FIRST Championship,2811,10,0.0,53.046,-80.417
2026,2026mil,FIRST Championship,11065,10,0.0,81.894,-113.561
2026,2026mil,FIRST Championship,263,10,-0.0,52.826,-81.478
2026,2026mil,FIRST Championship,4915,10,0.0,96.572,-114.084
2026,2026mil,FIRST Championship,2846,10,0.0,58.515,-97.729
2026,2026mil,FIRST Championship,6090,10,0.0,61.276,-95.174
2026,2026mil,FIRST Championship,6238,10,0.0,86.44,-97.73
2026,2026mil,FIRST Championship,4905,10,-0.0,100.556,-140.037
2026,2026mil,FIRST Championship,1771,10,0.0,98.171,-107.506
2026,2026mil,FIRST Championship,2169,10,-0.0,37.098,-58.98
2026,2026mil,FIRST Championship,70,10,0.0,65.852,-132.803
2026,2026mil,FIRST Championship,3419,10,-0.0,58.94,-132.803
2026,2026mil,FIRST Championship,4421,10,-0.0,90.793,-135.473
2026,2026mil,FIRST Championship,9635,10,-0.0,52.735,-77.124
2026,2026mil,FIRST Championship,8873,10,-0.0,62.116,-98.675
2026,2026new,FIRST Championship,4253,10,-0.0,66.564,-109.534
2026,2026new,FIRST Championship,4099,10,-0.0,53.173,-109.534
2026,2026new,FIRST Championship,6436,10,-0.0,92.353,-144.746
2026,2026new,FIRST Championship,1796,10,-0.0,48.864,-77.134
2026,2026new,FIRST Championship,5549,10,-0.0,57.535,-114.193
2026,2026new,FIRST Championship,604,10,-0.0,60.29,-88.931
2026,2026new,FIRST Championship,2052,10,-0.0,48.011,-71.909
2026,2026new,FIRST Championship,6352,10,-0.0,72.002,-142.826
2026,2026new,FIRST Championship,5414,10,-0.0,74.753,-183.415
2026,2026new,FIRST Championship,2370,10,-0.0,89.457,-144.746
2026,2026new,FIRST Championship,868,10,-0.0,65.774,-74.451
2026,2026new,FIRST Championship,687,10,-0.0,80.81,-121.68
2026,2026new,FIRST Championship,6647,10,-0.0,106.078,-264.712
2026,2026new,FIRST Championship,10291,10,-0.0,114.954,-264.712
2026,2026new,FIRST Championship,346,10,-0.0,114.108,-264.712
2026,2026new,FIRST Championship,148,10,-0.0,74.671,-125.686
2026,2026new,FIRST Championship,6988,10,-0.0,86.488,-125.686
2026,2026new,FIRST Championship,5948,10,-0.0,109.26,-183.415
2026,2026new,FIRST Championship,9408,10,-0.0,87.241,-95.873
2026,2026new,FIRST Championship,930,10,-0.0,57.885,-80.646
2026,2026new,FIRST Championship,1108,10,-0.0,50.604,-56.875
2026,2026new,FIRST Championship,3005,10,-0.0,75.343,-133.171
2026,2026new,FIRST Championship,10979,10,0.0,69.735,-114.193
2026,2026new,FIRST Championship,386,10,-0.0,76.581,-121.68
2026,2026new,FIRST Championship,10903,10,-0.0,112.143,-196.245
2026,2026new,FIRST Championship,2783,10,-0.0,88.332,-137.793
2026,2026new,FIRST Championship,3276,10,-0.0,77.447,-137.793
2026,2026new,FIRST Championship,11463,10,-0.0,54.987,-80.646
2026,2026new,FIRST Championship,948,10,-0.0,79.597,-85.275
2026,2026new,FIRST Championship,4561,10,0.0,85.659,-187.379
2026,2026new,FIRST Championship,2194,10,-0.0,65.992,-142.826
2026,2026new,FIRST Championship,5951,10,-0.0,82.554,-115.958
2026,2026new,FIRST Championship,2996,10,-0.0,60.889,-88.931
2026,2026new,FIRST Championship,9450,10,-0.0,71.902,-187.379
2026,2026new,FIRST Championship,9029,10,-0.0,78.179,-96.869
2026,2026new,FIRST Championship,1540,10,-0.0,66.44,-122.703
2026,2026new,FIRST Championship,1884,10,-0.0,64.41,-82.867
2026,2026new,FIRST Championship,1833,10,-0.0,96.132,-187.379
2026,2026new,FIRST Championship,8046,10,-0.0,58.053,-139.374
2026,2026new,FIRST Championship,9128,10,-0.0,96.89,-221.096
2026,2026new,FIRST Championship,10935,10,-0.0,41.78,-104.233
2026,2026new,FIRST Championship,341,10,-0.0,79.216,-122.703
2026,2026new,FIRST Championship,4206,10,-0.0,66.166,-119.341
2026,2026new,FIRST Championship,233,10,-0.0,75.837,-196.245
2026,2026new,FIRST Championship,9245,10,-0.0,55.576,-63.472
2026,2026new,FIRST Championship,5216,10,-0.0,87.156,-196.245
2026,2026new,FIRST Championship,195,10,-0.0,83.624,-115.958
2026,2026new,FIRST Championship,2910,10,-0.0,41.768,-82.867
2026,2026new,FIRST Championship,3256,10,-0.0,94.973,-137.479
2026,2026new,FIRST Championship,3044,10,-0.0,77.385,-142.826
2026,2026new,FIRST Championship,7160,10,-0.0,83.245,-108.263
2026,2026new,FIRST Championship,3966,10,-0.0,79.683,-137.479
2026,2026new,FIRST Championship,6036,10,-0.0,82.28,-221.096
2026,2026new,FIRST Championship,1577,10,-0.0,71.178,-119.341
2026,2026new,FIRST Championship,1922,10,-0.0,84.439,-142.019
2026,2026new,FIRST Championship,599,10,-0.0,105.723,-183.415
2026,2026new,FIRST Championship,4590,10,-0.0,96.888,-142.019
2026,2026new,FIRST Championship,2586,10,-0.0,42.856,-82.391
2026,2026new,FIRST Championship,8373,10,-0.0,71.826,-115.193
2026,2026new,FIRST Championship,1807,10,-0.0,83.084,-82.391
2026,2026new,FIRST Championship,695,10,-0.0,77.356,-139.374
2026,2026new,FIRST Championship,180,10,-0.0,83.502,-144.746
2026,2026new,FIRST Championship,9067,10,-0.0,58.054,-88.057
2026,2026new,FIRST Championship,10553,10,-0.0,45.435,-87.426
2026,2026new,FIRST Championship,424,10,-0.0,71.889,-133.171
2026,2026new,FIRST Championship,5736,10,-0.0,77.317,-114.193
2026,2026new,FIRST Championship,3354,10,-0.0,75.154,-139.374
2026,2026new,FIRST Championship,2713,10,-0.0,74.088,-87.426
2026,2026new,FIRST Championship,2046,10,-0.0,100.342,-133.171
2026,2026new,FIRST Championship,1902,10,-0.0,109.738,-221.096
2026,2026new,FIRST Championship,2067,10,0.0,94.643,-166.224
2026,2026new,FIRST Championship,88,10,-0.0,76.434,-166.224
2026,2026new,FIRST Championship,973,10,-0.0,65.822,-84.996
2026,2026new,FIRST Championship,818,10,-0.0,62.266,-74.451
2026,2026new,FIRST Championship,4400,10,-0.0,35.956,-57.177
2026,2026isde1,Week 17,9739,12,0.0,65.099,-102.18
2026,2026isde1,Week 17,10935,12,0.0,59.423,-110.111
2026,2026isde1,Week 17,6738,12,0.0,50.026,-44.722
2026,2026isde1,Week 17,5135,12,0.0,50.573,-86.189
2026,2026isde1,Week 17,3065,12,0.0,78.851,-110.111
2026,2026isde1,Week 17,3083,12,0.0,74.995,-123.924
2026,2026isde1,Week 17,9740,12,0.0,37.876,-80.93
2026,2026isde1,Week 17,9738,12,0.0,46.438,-93.495
2026,2026isde1,Week 17,1574,12,0.0,65.886,-121.749
2026,2026isde1,Week 17,1690,12,0.0,58.971,-148.665
2026,2026isde1,Week 17,7039,12,0.0,51.352,-75.62
2026,2026isde1,Week 17,2231,12,0.0,65.543,-123.924
2026,2026isde1,Week 17,3211,12,0.0,46.542,-97.921
2026,2026isde1,Week 17,11480,12,0.0,48.694,-53.179
2026,2026isde1,Week 17,1577,12,0.0,79.147,-110.111
2026,2026isde1,Week 17,3339,12,0.0,64.404,-97.921
2026,2026isde1,Week 17,10986,12,0.0,58.666,-121.749
2026,2026isde1,Week 17,1580,12,0.0,59.016,-148.665
2026,2026isde1,Week 17,3835,12,0.0,61.026,-148.665
2026,2026isde1,Week 17,7067,12,0.0,62.271,-88.841
2026,2026isde1,Week 17,9303,12,0.0,55.818,-98.259
2026,2026isde1,Week 17,8223,12,0.0,56.363,-102.18
2026,2026isde1,Week 17,4590,12,0.0,75.609,-123.924
2026,2026isde1,Week 17,4586,12,0.0,55.688,-98.259
2026,2026isde1,Week 17,2679,12,0.0,31.517,-44.722
2026,2026isde1,Week 17,4416,12,0.0,50.3,-93.495
2026,2026isde1,Week 17,5635,12,0.0,44.855,-86.189
2026,2026isde2,Week 18,1942,12,-0.0,54.676,-85.452
2026,2026isde2,Week 18,5715,12,-0.0,62.951,-102.88
2026,2026isde2,Week 18,11390,12,0.0,44.091,-69.436
2026,2026isde2,Week 18,3316,12,0.0,83.79,-104.16
2026,2026isde2,Week 18,11478,12,0.0,51.372,-70.918
2026,2026isde2,Week 18,1943,12,0.0,47.574,-118.618
2026,2026isde2,Week 18,2212,12,-0.0,61.947,-102.88
2026,2026isde2,Week 18,11471,12,0.0,52.451,-90.182
2026,2026isde2,Week 18,1937,12,-0.0,57.396,-104.641
2026,2026isde2,Week 18,7845,12,0.0,76.77,-103.139
2026,2026isde2,Week 18,4320,12,-0.0,22.634,-37.871
2026,2026isde2,Week 18,11332,12,-0.0,51.132,-104.16
2026,2026isde2,Week 18,7177,12,-0.0,52.117,-90.182
2026,2026isde2,Week 18,5990,12,0.0,35.677,-50.377
2026,2026isde2,Week 18,2230,12,-0.0,76.839,-118.618
2026,2026isde2,Week 18,3075,12,0.0,61.703,-118.618
2026,2026isde2,Week 18,6740,12,-0.0,51.702,-103.139
2026,2026isde2,Week 18,11329,12,-0.0,42.418,-87.475
2026,2026isde2,Week 18,4744,12,-0.0,43.88,-103.139
2026,2026isde2,Week 18,11070,12,0.0,48.412,-85.252
2026,2026isde2,Week 18,5614,12,-0.0,71.061,-104.641
2026,2026isde2,Week 18,8175,12,-0.0,38.88,-87.475
2026,2026isde2,Week 18,6230,12,0.0,48.986,-104.641
2026,2026isde2,Week 18,5928,12,-0.0,31.649,-54.065
2026,2026iscmp,Week 19,7845,10,-0.0,55.597,-94.721
2026,2026iscmp,Week 19,3835,10,-0.0,56.297,-99.293
2026,2026iscmp,Week 19,5715,10,-0.0,72.997,-132.405
2026,2026iscmp,Week 19,7039,10,-0.0,73.107,-125.124
2026,2026iscmp,Week 19,2230,10,-0.0,42.308,-99.293
2026,2026iscmp,Week 19,8223,10,-0.0,50.915,-86.908
2026,2026iscmp,Week 19,1690,10,-0.0,119.592,-260.983
2026,2026iscmp,Week 19,2231,10,-0.0,91.445,-260.983
2026,2026iscmp,Week 19,3075,10,-0.0,121.958,-260.983
2026,2026iscmp,Week 19,3316,10,-0.0,66.421,-91.947
2026,2026iscmp,Week 19,2212,10,0.0,73.852,-97.05
2026,2026iscmp,Week 19,11070,10,0.0,65.296,-125.124
2026,2026iscmp,Week 19,11390,10,-0.0,48.341,-85.506
2026,2026iscmp,Week 19,6740,10,-0.0,57.158,-99.293
2026,2026iscmp,Week 19,11478,10,-0.0,32.801,-42.556
2026,2026iscmp,Week 19,11329,10,-0.0,61.214,-71.96
2026,2026iscmp,Week 19,3339,10,-0.0,78.86,-132.405
2026,2026iscmp,Week 19,5990,10,-0.0,67.694,-85.506
2026,2026iscmp,Week 19,1942,10,-0.0,73.794,-94.721
2026,2026iscmp,Week 19,1574,10,-0.0,78.33,-149.41
2026,2026iscmp,Week 19,3083,10,-0.0,58.863,-91.53
2026,2026iscmp,Week 19,11332,10,-0.0,63.037,-94.721
2026,2026iscmp,Week 19,1577,10,-0.0,57.555,-79.805
2026,2026iscmp,Week 19,8175,10,-0.0,62.463,-91.947
2026,2026iscmp,Week 19,4320,10,-0.0,45.494,-55.933
2026,2026iscmp,Week 19,4744,10,-0.0,43.997,-82.209
2026,2026iscmp,Week 19,4586,10,0.0,67.894,-86.908
2026,2026iscmp,Week 19,2679,10,-0.0,55.337,-97.05
2026,2026iscmp,Week 19,4590,10,-0.0,68.47,-149.41
2026,2026iscmp,Week 19,9303,10,-0.0,51.496,-68.602
2026,2026iscmp,Week 19,4416,10,-0.0,45.015,-61.603
2026,2026iscmp,Week 19,1937,10,-0.0,54.919,-91.947
2026,2026iscmp,Week 19,11471,10,-0.0,83.941,-132.405
2026,2026iscmp,Week 19,5614,10,-0.0,38.055,-61.011
2026,2026iscmp,Week 19,3065,10,-0.0,51.67,-82.209
2026,2026iscmp,Week 19,11480,10,-0.0,58.029,-71.96
