year,event,week,red1,red2,red3,blue1,blue2,blue3,red_score,blue_score
2024,2024isde1,Week 1,4338,4320,5990,4319,1690,9303,26,59
2024,2024isde1,Week 1,6230,6740,7177,3211,1576,1577,24,37
2024,2024isde1,Week 1,5135,1574,9740,1580,1942,9738,15,36
2024,2024isde1,Week 1,3065,8175,6738,3316,2230,2630,58,23
2024,2024isde1,Week 1,2679,3339,7067,3083,5654,5951,40,46
2024,2024isde1,Week 1,5715,4338,7177,6230,5990,5135,33,31
2024,2024isde1,Week 1,8175,4319,2230,1942,9740,3083,13,44
2024,2024isde1,Week 1,2630,7067,1576,4320,3065,2679,36,38
2024,2024isde1,Week 1,6738,3316,9738,1580,5715,1577,43,71
2024,2024isde1,Week 1,3211,9303,1574,3339,6740,5951,35,86
2024,2024isde1,Week 1,9740,5654,4319,1690,6230,3083,43,49
2024,2024isde1,Week 1,1576,2230,3339,9303,5135,6740,41,28
2024,2024isde1,Week 1,2679,3211,3316,9738,2630,5990,13,64
2024,2024isde1,Week 1,7177,5951,1690,7067,5715,6738,81,36
2024,2024isde1,Week 1,4320,5654,3065,1574,1577,8175,35,52
2024,2024isde1,Week 1,1942,7067,6230,3316,1580,4338,37,26
2024,2024isde1,Week 1,2679,5951,9740,5990,6738,1690,53,94
2024,2024isde1,Week 1,4320,3339,1942,3083,8175,9738,68,44
2024,2024isde1,Week 1,4319,1577,6740,9303,1576,2630,44,45
2024,2024isde1,Week 1,2230,5135,5654,7177,1580,1574,29,35
2024,2024isde1,Week 1,5715,5951,3211,3065,4338,1577,55,37
2024,2024isde1,Week 1,3316,1690,5135,1580,4320,7067,76,30
2024,2024isde1,Week 1,8175,5990,6740,5654,6738,1574,43,51
2024,2024isde1,Week 1,1576,9738,5715,6230,9740,3211,53,8
2024,2024isde1,Week 1,4338,3083,9303,2230,2679,1942,19,36
2024,2024isde1,Week 1,3339,7177,3065,2630,4319,4320,42,32
2024,2024isde1,Week 1,5135,1942,6738,1577,9303,6230,60,12
2024,2024isde1,Week 1,2230,3065,9738,1576,4338,5654,29,40
2024,2024isde1,Week 1,3083,5715,3316,3211,1574,4319,40,58
2024,2024isde1,Week 1,6740,1690,1580,3339,7067,9740,68,53
2024,2024isde1,Week 1,5990,5951,7177,2630,2679,8175,45,35
2024,2024isde1,Week 1,1690,3339,5715,5654,3316,1577,83,77
2024,2024isde1,Week 1,2679,7177,3083,1574,1576,3065,18,44
2024,2024isde1,Week 1,6738,1580,9303,9740,9738,4338,44,22
2024,2024isde1,Week 1,6230,2630,5135,5951,4320,1942,40,75
2024,2024isde1,Week 1,5990,4319,7067,6740,3211,2230,32,25
2024,2024isde1,Week 1,8175,9303,5951,1576,6230,3316,46,23
2024,2024isde1,Week 1,9740,3083,1580,4338,6740,2230,30,31
2024,2024isde1,Week 1,7067,1577,6738,5654,3211,3339,64,78
2024,2024isde1,Week 1,2630,3065,5715,9738,1690,8175,42,73
2024,2024isde1,Week 1,4319,7177,1942,1574,5990,2679,27,88
2024,2024isde1,Week 1,4320,5715,9740,6740,5135,1576,64,33
2024,2024isde1,Week 1,1577,1942,2630,2230,1580,5990,83,25
2024,2024isde1,Week 1,6738,3211,6230,5135,8175,5951,51,29
2024,2024isde1,Week 1,3316,4319,3339,7177,7067,5654,47,42
2024,2024isde1,Week 1,9738,4320,1574,1690,4338,2679,63,31
2024,2024isde1,Week 1,3065,3083,5654,5715,9303,5990,60,30
2024,2024isde1,Week 1,4338,8175,3339,1577,9738,5135,49,27
2024,2024isde1,Week 1,4319,2630,3211,7067,2230,1690,50,75
2024,2024isde1,Week 1,1574,3316,6740,1942,3065,9303,91,38
2024,2024isde1,Week 1,1580,2679,1576,3083,6738,4320,11,52
2024,2024isde1,Week 1,5951,6230,4338,7177,9740,2630,61,38
2024,2024isde1,Week 1,3065,5990,3211,5135,3339,1580,59,53
2024,2024isde1,Week 1,7067,3316,8175,5951,1576,4319,37,33
2024,2024isde1,Week 1,1942,1574,1690,9303,7177,4320,98,25
2024,2024isde1,Week 1,9738,5654,2679,5715,6230,2230,36,51
2024,2024isde1,Week 1,1577,6740,3083,9740,6738,3316,66,41
2024,2024isde1,Week 1,9303,9738,7067,8175,2230,7177,44,27
2024,2024isde1,Week 1,3211,5135,4338,6738,2679,4319,40,31
2024,2024isde1,Week 1,5990,3083,1576,3339,1574,6230,23,94
2024,2024isde1,Week 1,5654,2630,1580,6740,1942,5715,44,71
2024,2024isde1,Week 1,1690,1577,4320,5951,9740,3065,95,73
2024,2024isde2,Week 1,4744,1937,5554,5635,4416,6104,62,14
2024,2024isde2,Week 1,3075,3835,5614,3388,1943,5987,59,35
2024,2024isde2,Week 1,4586,1954,5951,9739,7039,1657,56,62
2024,2024isde2,Week 1,5928,2096,4590,7845,2231,4661,51,44
2024,2024isde2,Week 1,8223,6741,6168,7112,2212,9304,31,24
2024,2024isde2,Week 1,1937,7039,1943,5554,2231,2096,45,61
2024,2024isde2,Week 1,5987,6104,5951,3075,7112,5928,58,25
2024,2024isde2,Week 1,7845,1954,6741,3388,9304,4416,11,33
2024,2024isde2,Week 1,5635,4586,9739,8223,5614,4661,28,43
2024,2024isde2,Week 1,1657,6168,2212,4590,3835,4744,63,21
2024,2024isde2,Week 1,6104,1954,3075,4661,5635,6741,79,3
2024,2024isde2,Week 1,5928,3835,3388,7112,7845,1657,37,57
2024,2024isde2,Week 1,2096,4744,5987,2231,4586,1937,31,72
2024,2024isde2,Week 1,4590,9304,6168,5554,5614,7039,58,60
2024,2024isde2,Week 1,8223,1943,4416,2212,5951,9739,9,49
2024,2024isde2,Week 1,2231,4744,7112,9304,7039,5635,56,39
2024,2024isde2,Week 1,6104,5928,1657,5614,6168,1954,36,45
2024,2024isde2,Week 1,4661,1937,7845,3835,5554,1943,58,77
2024,2024isde2,Week 1,9739,4590,4416,6741,5987,4586,34,27
2024,2024isde2,Week 1,3388,2096,2212,3075,8223,5951,42,69
2024,2024isde2,Week 1,1943,1954,4661,1937,9304,6741,45,67
2024,2024isde2,Week 1,2096,4744,5635,3388,4586,3075,30,31
2024,2024isde2,Week 1,4416,5614,7845,6104,2212,2231,43,60
2024,2024isde2,Week 1,5951,7112,5554,5928,9739,6168,77,39
2024,2024isde2,Week 1,3835,1657,8223,5987,4590,7039,46,53
2024,2024isde2,Week 1,4661,9304,5928,4586,4416,6168,15,30
2024,2024isde2,Week 1,1943,6104,9739,2231,8223,2096,11,71
2024,2024isde2,Week 1,6741,1657,3075,7039,7845,4744,56,72
2024,2024isde2,Week 1,5987,7112,3835,1954,5554,3388,54,30
2024,2024isde2,Week 1,4590,5951,1937,5614,5635,2212,38,38
2024,2024isde2,Week 1,9304,8223,4744,6168,3388,6104,12,45
2024,2024isde2,Week 1,4590,3075,7845,2096,4416,1954,63,32
2024,2024isde2,Week 1,2212,5987,5554,9739,1937,7112,31,37
2024,2024isde2,Week 1,1943,5635,1657,5928,6741,7039,48,28
2024,2024isde2,Week 1,5951,2231,5614,4586,4661,3835,94,18
2024,2024isde2,Week 1,9304,6104,7845,1954,5928,8223,32,5
2024,2024isde2,Week 1,3075,4661,1937,5951,1657,5987,49,89
2024,2024isde2,Week 1,6741,2096,5614,5635,5554,4590,59,45
2024,2024isde2,Week 1,6168,2212,1943,4744,7112,4586,36,11
2024,2024isde2,Week 1,4416,2231,3835,7039,9739,3388,59,42
2024,2024isde2,Week 1,2096,5987,9304,5951,5928,5635,44,53
2024,2024isde2,Week 1,2212,6741,4590,3835,1937,6104,27,34
2024,2024isde2,Week 1,5554,8223,3388,7845,1943,4586,33,59
2024,2024isde2,Week 1,6168,3075,2231,4416,1657,4661,77,33
2024,2024isde2,Week 1,7112,7039,1954,4744,5614,9739,43,45
2024,2024isde2,Week 1,4416,6741,5554,1657,6168,2096,43,57
2024,2024isde2,Week 1,5614,4586,3835,8223,7845,5928,56,28
2024,2024isde2,Week 1,7039,4661,5951,2212,4744,1954,64,12
2024,2024isde2,Week 1,5635,3388,1937,7112,4590,1943,45,32
2024,2024isde2,Week 1,2231,9739,5987,6104,3075,9304,78,52
2024,2024isde2,Week 1,4586,2096,7039,1943,5951,6741,60,38
2024,2024isde2,Week 1,3835,9739,9304,7845,5635,3075,46,53
2024,2024isde2,Week 1,4661,6168,7112,1954,4590,2231,52,73
2024,2024isde2,Week 1,1657,3388,5614,5554,2212,6104,72,39
2024,2024isde2,Week 1,4744,4416,5928,1937,5987,8223,15,42
2024,2024isde2,Week 1,1657,5554,4586,9304,1943,2231,94,44
2024,2024isde2,Week 1,7039,3075,4416,5614,6104,4590,73,53
2024,2024isde2,Week 1,1937,5928,2212,1954,3835,2096,50,34
2024,2024isde2,Week 1,5987,7845,5635,6168,5951,4744,40,55
2024,2024isde2,Week 1,9739,4661,8223,6741,3388,7112,17,30
2024,2024brbr,Week 1,9200,9049,9617,9302,9196,9168,31,18
2024,2024brbr,Week 1,9604,8066,9602,9050,9110,9614,37,24
2024,2024brbr,Week 1,1156,9485,9175,9484,9169,1772,63,51
2024,2024brbr,Week 1,8276,9085,9603,9162,9163,7567,55,24
2024,2024brbr,Week 1,9199,7033,9195,9458,9460,9487,21,46
2024,2024brbr,Week 1,9045,9461,9486,7563,9046,9657,38,26
2024,2024brbr,Week 1,9218,9178,9047,5800,7565,9066,9,47
2024,2024brbr,Week 1,9459,1860,7459,8882,9219,9048,40,26
2024,2024brbr,Week 1,9165,9164,9305,9611,6404,9675,19,20
2024,2024brbr,Week 1,9166,9162,9458,9302,8066,9110,31,45
2024,2024brbr,Week 1,9657,9484,8276,9617,9614,7033,34,16
2024,2024brbr,Week 1,9175,9047,7563,9487,9085,9485,45,40
2024,2024brbr,Week 1,9199,9196,1860,9218,9459,9486,39,17
2024,2024brbr,Week 1,6404,9168,5800,7565,8882,9461,36,43
2024,2024brbr,Week 1,9675,9165,7459,1772,9049,9603,14,63
2024,2024brbr,Week 1,9166,9604,9169,9164,9048,9200,42,44
2024,2024brbr,Week 1,9178,9046,9305,9602,9219,7567,29,40
2024,2024brbr,Week 1,9163,9611,9066,9195,9045,1156,38,39
2024,2024brbr,Week 1,9050,9485,6404,9460,7033,9168,44,45
2024,2024brbr,Week 1,5800,9175,9199,9162,9110,9165,56,38
2024,2024brbr,Week 1,9085,8066,9169,7565,9657,9459,53,49
2024,2024brbr,Week 1,8276,9164,9604,9046,9603,9458,33,52
2024,2024brbr,Week 1,1772,9302,9219,9486,9602,9163,29,39
2024,2024brbr,Week 1,9045,9611,9047,8882,9178,9166,26,22
2024,2024brbr,Week 1,9050,9200,9487,9049,9675,9305,40,30
2024,2024brbr,Week 1,9460,9617,9196,9066,7459,7563,19,33
2024,2024brbr,Week 1,9461,1156,9484,7567,9195,9218,75,23
2024,2024brbr,Week 1,6404,9302,9614,9048,1860,9085,20,42
2024,2024brbr,Week 1,9485,7033,9046,9110,8882,9163,49,38
2024,2024brbr,Week 1,1772,9657,9045,9168,9050,9199,35,60
2024,2024brbr,Week 1,9617,9169,7565,9611,9602,9162,40,48
2024,2024brbr,Week 1,9175,9486,9460,8066,9218,9675,48,6
2024,2024brbr,Week 1,9048,9195,9459,9047,9305,8276,34,41
2024,2024brbr,Week 1,9458,9614,9200,7459,9178,9461,43,34
2024,2024brbr,Week 1,1860,7563,9484,9049,9164,5800,64,42
2024,2024brbr,Week 1,9219,9166,9603,1156,9487,9196,35,47
2024,2024brbr,Week 1,9604,7567,9302,9165,9066,9485,39,44
2024,2024brbr,Week 1,9602,6404,9047,9218,9199,9045,37,17
2024,2024brbr,Week 1,7565,1772,9085,8276,9200,9460,58,42
2024,2024brbr,Week 1,9175,9458,9657,9305,1860,8882,56,32
2024,2024brbr,Week 1,9487,9617,9048,9164,1156,8066,25,59
2024,2024brbr,Week 1,7459,7567,7033,9486,5800,9604,36,42
2024,2024brbr,Week 1,9163,9050,9461,9196,9165,9178,46,26
2024,2024brbr,Week 1,9162,9066,9049,9459,9166,9046,31,31
2024,2024brbr,Week 1,9195,9614,9611,9603,9168,7563,25,60
2024,2024brbr,Week 1,9219,9110,9484,9047,9675,9169,31,31
2024,2024brbr,Week 1,7567,9657,5800,9048,9460,1772,24,42
2024,2024brbr,Week 1,1156,8276,9602,1860,9461,9165,82,44
2024,2024brbr,Week 1,9617,9163,9459,9166,9175,9050,39,58
2024,2024brbr,Week 1,9305,7563,9218,7033,9162,9302,31,33
2024,2024brbr,Week 1,9178,9168,9611,9110,9487,7459,34,24
2024,2024brbr,Week 1,9200,9199,8882,9603,9484,8066,60,44
2024,2024brbr,Week 1,9164,7565,9485,9045,9219,9614,57,7
2024,2024brbr,Week 1,9169,9458,9066,6404,9486,9049,52,34
2024,2024brbr,Week 1,9085,9604,9046,9196,9675,9195,57,14
2024,2024brbr,Week 1,7459,9047,1156,7563,8276,9050,48,47
2024,2024brbr,Week 1,9460,5800,9178,9603,9459,9302,54,53
2024,2024brbr,Week 1,9200,9045,9165,1860,9175,7033,38,40
2024,2024brbr,Week 1,9485,9486,9110,9461,9305,9617,45,45
2024,2024brbr,Week 1,9168,9066,9166,9085,9484,9602,43,46
2024,2024brbr,Week 1,9195,9604,9219,9657,6404,9162,51,22
2024,2024brbr,Week 1,9163,9048,9675,9458,9199,7565,27,74
2024,2024brbr,Week 1,8066,1772,9611,9046,9218,9049,41,23
2024,2024brbr,Week 1,9487,8882,7567,9614,9169,9196,41,34
2024,2024brbr,Week 1,7033,9603,9164,9066,9602,9175,32,58
2024,2024brbr,Week 1,7563,1156,6404,9459,9200,9110,66,43
2024,2024brbr,Week 1,9168,9163,1860,9047,9460,9604,32,60
2024,2024brbr,Week 1,9484,9050,9486,7565,9611,9048,49,44
2024,2024brbr,Week 1,9165,9458,9218,9085,9617,9219,19,52
2024,2024brbr,Week 1,9675,9166,8276,9178,9485,9657,19,57
2024,2024brbr,Week 1,9196,9305,9045,9614,5800,8066,27,26
2024,2024brbr,Week 1,9302,9046,9195,9169,7459,9199,43,44
2024,2024brbr,Week 1,8882,9162,1772,9461,9487,9164,63,39
2024,2024brbr,Week 1,9049,9110,7565,7567,9175,9085,37,41
2024,2024flwp,Week 1,2383,9040,9725,744,806,4458,22,41
2024,2024flwp,Week 1,348,8861,6686,9404,6743,4388,7,75
2024,2024flwp,Week 1,5410,59,7833,5472,6317,8817,28,58
2024,2024flwp,Week 1,179,180,5842,3173,694,108,61,41
2024,2024flwp,Week 1,6300,2152,5872,4206,9779,1744,28,40
2024,2024flwp,Week 1,1523,9693,5557,9402,7652,3932,45,36
2024,2024flwp,Week 1,3390,3627,3173,8775,5410,6317,19,75
2024,2024flwp,Week 1,4388,5472,9040,8817,6300,179,58,55
2024,2024flwp,Week 1,59,744,1523,806,4206,694,26,31
2024,2024flwp,Week 1,8861,6743,5872,5842,5557,3627,25,28
2024,2024flwp,Week 1,348,3932,1744,2152,3390,8775,20,35
2024,2024flwp,Week 1,9779,2383,7652,9725,6686,9693,22,26
2024,2024flwp,Week 1,7833,180,108,9404,4458,9402,55,41
2024,2024flwp,Week 1,5842,8775,8861,59,806,6300,41,38
2024,2024flwp,Week 1,9040,3627,6686,2152,7652,4206,27,29
2024,2024flwp,Week 1,5557,3932,8817,180,6317,9725,35,56
2024,2024flwp,Week 1,179,5410,9404,7833,1523,2383,48,20
2024,2024flwp,Week 1,3173,9693,4458,6743,1744,5472,38,58
2024,2024flwp,Week 1,9779,694,744,4388,348,108,27,73
2024,2024flwp,Week 1,9402,179,6686,3390,5872,8817,54,28
2024,2024flwp,Week 1,9693,8775,5472,7833,8861,5557,39,37
2024,2024flwp,Week 1,1744,9725,6300,3627,806,348,51,27
2024,2024flwp,Week 1,3932,9404,3390,3173,9040,7652,28,43
2024,2024flwp,Week 1,9402,2383,180,2152,5842,744,65,13
2024,2024flwp,Week 1,6743,4206,59,5410,108,1523,48,49
2024,2024flwp,Week 1,6317,4458,694,9779,4388,5872,69,21
2024,2024flwp,Week 1,744,179,3932,5472,6686,806,53,40
2024,2024flwp,Week 1,1744,8817,7833,108,5557,2383,8,80
2024,2024flwp,Week 1,5410,9779,348,8861,7652,180,22,43
2024,2024flwp,Week 1,4458,4206,4388,3390,5842,9402,54,50
2024,2024flwp,Week 1,6743,1523,694,9040,59,5872,63,37
2024,2024flwp,Week 1,3173,6300,6317,9693,2152,3627,66,22
2024,2024flwp,Week 1,4206,108,9725,8775,9404,2383,35,60
2024,2024flwp,Week 1,3390,348,9040,8817,59,5842,10,62
2024,2024flwp,Week 1,6317,1744,806,9402,5472,694,34,41
2024,2024flwp,Week 1,6686,4388,180,9693,7833,6743,52,34
2024,2024flwp,Week 1,6300,3627,4458,3932,5872,5410,43,35
2024,2024flwp,Week 1,9779,3173,9404,5557,744,8775,27,58
2024,2024flwp,Week 1,1523,9725,7652,179,8861,2152,43,44
2024,2024flwp,Week 1,59,180,3932,5872,2383,6317,47,52
2024,2024flwp,Week 1,3627,4206,9402,8817,9040,9779,28,35
2024,2024flwp,Week 1,6743,108,2152,744,7833,5472,50,37
2024,2024flwp,Week 1,7652,4458,8775,1523,3173,4388,51,53
2024,2024flwp,Week 1,8861,5410,9725,6686,694,1744,29,28
2024,2024flwp,Week 1,806,9693,179,5842,9404,348,62,23
2024,2024flwp,Week 1,6300,3390,108,180,5557,6743,41,73
2024,2024flwp,Week 1,4388,9402,59,3932,9725,3627,29,38
2024,2024flwp,Week 1,7652,5872,806,4458,8817,348,29,44
2024,2024flwp,Week 1,744,2383,6300,5557,9779,3390,36,58
2024,2024flwp,Week 1,694,8775,179,4206,6317,9693,74,48
2024,2024flwp,Week 1,7833,6686,9404,8861,1744,9040,11,12
2024,2024flwp,Week 1,5410,5842,3173,5472,2152,1523,41,51
2024,2024flwp,Week 1,9725,8817,806,694,9693,3390,27,41
2024,2024flwp,Week 1,6317,179,6743,9404,7652,59,74,37
2024,2024flwp,Week 1,2152,4388,5557,180,4458,5410,56,62
2024,2024flwp,Week 1,5872,1523,6686,108,5472,9779,26,63
2024,2024flwp,Week 1,4206,3173,2383,6300,9402,8861,56,26
2024,2024flwp,Week 1,5842,7833,3932,1744,744,3627,51,20
2024,2024flwp,Week 1,5472,348,7652,9040,8775,180,48,52
2024,2024flwp,Week 1,6317,9779,2152,806,6743,3390,28,37
2024,2024flwp,Week 1,3627,8817,1523,694,9404,6300,34,83
2024,2024flwp,Week 1,108,744,9040,9693,3932,8861,52,32
2024,2024flwp,Week 1,348,59,3173,2383,6686,4458,62,50
2024,2024flwp,Week 1,5872,5842,4206,8775,9725,7833,40,33
2024,2024flwp,Week 1,5557,9402,5410,179,1744,4388,43,62
2024,2024flwp,Week 1,6686,3390,744,1523,3932,6317,11,28
2024,2024flwp,Week 1,2383,694,2152,8775,348,6743,56,29
2024,2024flwp,Week 1,5872,5557,5472,9404,9040,4206,55,29
2024,2024flwp,Week 1,1744,180,9693,59,179,9779,37,76
2024,2024flwp,Week 1,7652,6300,7833,9725,3173,9402,36,33
2024,2024flwp,Week 1,108,806,5842,4388,3627,5410,57,13
2024,2024flwp,Week 1,8817,8861,9404,4458,2152,59,21,53
2024,2024flwp,Week 1,180,1523,9779,348,7833,4206,36,39
2024,2024flwp,Week 1,9040,5410,9693,9725,5872,744,23,31
2024,2024flwp,Week 1,806,9402,8775,6686,6300,5557,49,74
2024,2024flwp,Week 1,694,4388,8817,3932,6743,3173,52,69
2024,2024flwp,Week 1,4458,108,1744,7652,6317,5842,43,30
2024,2024flwp,Week 1,3627,5472,8861,2383,3390,179,43,64
2024,2024paca,Week 1,1126,9475,2172,8393,695,3201,26,28
2024,2024paca,Week 1,4991,2013,4050,578,2656,144,30,24
2024,2024paca,Week 1,2614,4145,9022,1787,3260,325,33,65
2024,2024paca,Week 1,3484,3954,3015,117,4150,8705,67,40
2024,2024paca,Week 1,5740,4611,5413,9139,2053,2228,37,39
2024,2024paca,Week 1,3492,3181,9415,677,1559,379,23,32
2024,2024paca,Week 1,7515,8096,4121,2252,2638,2641,54,34
2024,2024paca,Week 1,1708,7274,4027,6834,9004,3504,53,24
2024,2024paca,Week 1,117,578,340,2399,5413,3260,35,37
2024,2024paca,Week 1,2656,2053,1559,8393,3484,2614,50,52
2024,2024paca,Week 1,2013,3015,2252,1787,144,5740,40,66
2024,2024paca,Week 1,7274,8705,2638,4991,3504,3181,25,38
2024,2024paca,Week 1,3492,9139,4027,9415,2228,2641,45,37
2024,2024paca,Week 1,9475,379,2399,4611,6834,2172,43,83
2024,2024paca,Week 1,8096,340,325,9004,1708,695,67,58
2024,2024paca,Week 1,3954,4145,7515,1126,3201,4050,50,60
2024,2024paca,Week 1,4121,677,8393,9022,4150,578,44,36
2024,2024paca,Week 1,2013,5413,117,1559,2641,3504,34,66
2024,2024paca,Week 1,325,2252,4611,8705,6834,3492,81,31
2024,2024paca,Week 1,9415,9004,3015,4145,2399,1126,40,47
2024,2024paca,Week 1,4027,1787,2053,2638,677,9475,75,46
2024,2024paca,Week 1,2614,4991,5740,2172,3201,4121,53,64
2024,2024paca,Week 1,4150,144,695,7515,3260,2228,76,41
2024,2024paca,Week 1,2656,9022,379,3954,8096,1708,56,54
2024,2024paca,Week 1,340,4050,9139,3181,7274,3484,54,42
2024,2024paca,Week 1,4121,4991,8705,5413,9004,3492,51,30
2024,2024paca,Week 1,325,8393,6834,677,9415,144,48,37
2024,2024paca,Week 1,8096,4150,3260,1126,4027,2013,38,54
2024,2024paca,Week 1,379,1787,3201,2228,117,7274,80,46
2024,2024paca,Week 1,695,3484,2656,4611,2638,4145,52,69
2024,2024paca,Week 1,9475,2614,9139,3954,9022,340,53,58
2024,2024paca,Week 1,2252,1708,1559,578,4050,2399,79,21
2024,2024paca,Week 1,2172,2641,7515,3504,3015,2053,37,99
2024,2024paca,Week 1,2228,5740,6834,3181,4121,117,39,74
2024,2024paca,Week 1,3260,2013,2656,3492,4611,9475,37,54
2024,2024paca,Week 1,7274,3201,9415,5413,3484,1708,50,45
2024,2024paca,Week 1,9004,2638,3954,1559,2172,1787,41,63
2024,2024paca,Week 1,3504,695,2614,379,9139,2252,62,75
2024,2024paca,Week 1,144,3181,9022,2053,2399,4150,61,61
2024,2024paca,Week 1,2641,8096,8393,4050,8705,5740,33,23
2024,2024paca,Week 1,578,7515,4991,4145,4027,325,25,78
2024,2024paca,Week 1,3015,117,1126,677,340,4611,80,46
2024,2024paca,Week 1,2638,2656,1787,9139,9415,4150,76,36
2024,2024paca,Week 1,6834,3954,2399,3504,8393,5413,60,29
2024,2024paca,Week 1,3484,9022,8705,4027,695,2172,30,72
2024,2024paca,Week 1,5740,1126,7515,2614,3492,7274,49,44
2024,2024paca,Week 1,3201,578,677,8096,144,9004,63,35
2024,2024paca,Week 1,1708,3181,2641,9475,2252,3260,53,59
2024,2024paca,Week 1,2053,4145,4121,379,340,2013,54,58
2024,2024paca,Week 1,2228,1559,4050,4991,325,3015,34,69
2024,2024paca,Week 1,144,3504,4611,9415,2614,8096,66,36
2024,2024paca,Week 1,4027,3260,677,2172,5740,2252,42,42
2024,2024paca,Week 1,7274,4121,578,695,2053,3954,48,57
2024,2024paca,Week 1,4145,3492,8393,2638,117,1708,27,55
2024,2024paca,Week 1,4050,379,4150,8705,9475,9004,60,15
2024,2024paca,Week 1,3201,325,5413,2656,3015,3181,86,69
2024,2024paca,Week 1,2013,2228,3484,2399,7515,9022,41,47
2024,2024paca,Week 1,2641,1787,6834,340,1126,4991,92,45
2024,2024paca,Week 1,1559,9475,4145,9139,7274,8096,48,34
2024,2024paca,Week 1,3260,5740,695,4050,3954,9415,75,31
2024,2024paca,Week 1,3181,5413,2638,144,2614,2013,35,56
2024,2024paca,Week 1,9004,2172,340,2252,2656,2228,41,80
2024,2024paca,Week 1,9022,3492,2053,3015,6834,3201,30,94
2024,2024paca,Week 1,1708,4991,9139,7515,677,117,54,37
2024,2024paca,Week 1,8705,578,3504,3484,1126,1787,57,61
2024,2024paca,Week 1,4121,4611,379,8393,4027,1559,70,44
2024,2024paca,Week 1,2399,2641,7274,4150,325,2656,42,60
2024,2024paca,Week 1,117,2172,3492,5413,4050,8096,32,40
2024,2024paca,Week 1,2053,9415,1126,9022,2252,4991,35,51
2024,2024paca,Week 1,1787,7515,9004,4611,8393,3181,52,50
2024,2024paca,Week 1,4150,2228,2614,6834,1708,4145,73,51
2024,2024paca,Week 1,325,3504,3484,5740,4121,9475,81,56
2024,2024paca,Week 1,3015,9139,2638,3260,379,578,66,44
2024,2024paca,Week 1,3201,1559,144,340,8705,4027,74,46
2024,2024paca,Week 1,695,2399,677,2641,2013,3954,71,50
2024,2024mndu,Week 1,4009,7915,2531,5690,4693,8836,54,42
2024,2024mndu,Week 1,930,4624,5826,8298,5143,2503,18,12
2024,2024mndu,Week 1,3294,3267,4011,5914,3291,8516,34,39
2024,2024mndu,Week 1,2847,6709,2977,4021,2861,4778,58,35
2024,2024mndu,Week 1,7068,6160,5903,8422,6381,2239,43,52
2024,2024mndu,Week 1,5348,1816,2823,5653,9532,6318,79,8
2024,2024mndu,Week 1,7038,5253,2526,6217,4656,4511,33,39
2024,2024mndu,Week 1,2052,3197,2181,3055,93,4741,54,51
2024,2024mndu,Week 1,7864,4174,6421,1732,4181,5278,34,34
2024,2024mndu,Week 1,7797,8298,2977,3294,6160,5143,57,17
2024,2024mndu,Week 1,5903,4778,6318,5348,3267,4009,49,81
2024,2024mndu,Week 1,4511,8422,2503,2847,3291,9532,35,32
2024,2024mndu,Week 1,7068,8516,4624,1816,3197,2531,40,65
2024,2024mndu,Week 1,5253,2181,2861,5278,8836,4174,46,35
2024,2024mndu,Week 1,2239,5653,3055,2526,930,93,22,41
2024,2024mndu,Week 1,4181,2823,6381,5914,7797,7038,48,47
2024,2024mndu,Week 1,4741,6217,6421,7915,4021,6709,37,39
2024,2024mndu,Week 1,5690,4011,7864,4656,2052,5826,47,41
2024,2024mndu,Week 1,8422,2181,1732,2503,5348,4693,61,41
2024,2024mndu,Week 1,6318,2526,2977,5278,3197,8298,41,30
2024,2024mndu,Week 1,5253,3291,930,4778,4181,6160,42,38
2024,2024mndu,Week 1,4174,1816,7915,5143,5914,93,74,57
2024,2024mndu,Week 1,4656,4741,8516,2239,8836,5826,25,4
2024,2024mndu,Week 1,6421,2847,5653,6381,4693,2052,55,57
2024,2024mndu,Week 1,4011,9532,4021,5903,7038,1732,38,75
2024,2024mndu,Week 1,4511,5690,3267,6217,3294,7068,56,37
2024,2024mndu,Week 1,2531,4624,2823,6709,3055,7864,56,35
2024,2024mndu,Week 1,4656,4009,2861,3197,4741,7797,52,73
2024,2024mndu,Week 1,2052,930,6318,3291,8422,8836,46,24
2024,2024mndu,Week 1,6160,7038,5278,4778,2503,8516,16,26
2024,2024mndu,Week 1,4181,5690,4021,2181,5143,1816,41,51
2024,2024mndu,Week 1,3294,2526,2239,9532,1732,6709,32,72
2024,2024mndu,Week 1,6381,5348,6217,93,2531,2861,86,56
2024,2024mndu,Week 1,8298,5253,4009,2823,4011,2847,36,54
2024,2024mndu,Week 1,2977,5903,5653,7068,7864,7915,70,36
2024,2024mndu,Week 1,7797,4511,4693,3055,5914,4624,54,50
2024,2024mndu,Week 1,3267,6421,9532,5826,4174,3197,41,52
2024,2024mndu,Week 1,5143,1732,4741,6318,5278,2531,39,29
2024,2024mndu,Week 1,7038,5690,2239,5348,2847,8836,26,61
2024,2024mndu,Week 1,6217,2503,4181,4011,4009,2977,29,52
2024,2024mndu,Week 1,5653,93,6381,4624,3294,5253,70,34
2024,2024mndu,Week 1,2861,8516,4511,6421,7915,930,54,55
2024,2024mndu,Week 1,3291,2052,7797,4174,7068,2526,74,43
2024,2024mndu,Week 1,7864,2823,4693,4021,3267,6160,46,20
2024,2024mndu,Week 1,8298,5903,5914,2181,4656,4778,49,51
2024,2024mndu,Week 1,6709,5826,8422,1816,3055,5253,41,55
2024,2024mndu,Week 1,7915,2503,3294,4181,2239,3197,35,38
2024,2024mndu,Week 1,930,7068,5143,7038,5348,4741,52,52
2024,2024mndu,Week 1,6421,93,4511,2823,2977,5690,58,87
2024,2024mndu,Week 1,6160,5914,9532,6318,4009,2847,31,46
2024,2024mndu,Week 1,4624,6217,4011,8422,4778,4174,50,61
2024,2024mndu,Week 1,8516,8836,4021,2526,8298,6381,22,31
2024,2024mndu,Week 1,2861,3055,3291,1732,7864,4656,27,61
2024,2024mndu,Week 1,1816,6709,2052,4693,5278,5903,63,54
2024,2024mndu,Week 1,2181,2531,7797,5826,5653,3267,54,37
2024,2024mndu,Week 1,2977,3294,93,4009,7038,8422,71,53
2024,2024mndu,Week 1,8836,6318,7068,2503,4624,6421,39,24
2024,2024mndu,Week 1,3197,5253,5914,5690,930,1732,48,75
2024,2024mndu,Week 1,8516,4174,3055,4741,5903,2847,51,61
2024,2024mndu,Week 1,5278,4021,5348,4011,7797,7915,48,51
2024,2024mndu,Week 1,3267,1816,4181,6160,2861,2526,81,46
2024,2024mndu,Week 1,6709,5143,4778,9532,6381,4656,56,34
2024,2024mndu,Week 1,2823,5826,3291,4693,2239,6217,28,22
2024,2024mndu,Week 1,2531,2052,7864,4511,8298,2181,58,34
2024,2024mndu,Week 1,3055,4021,5903,2503,5653,5690,24,62
2024,2024mndu,Week 1,1732,2847,3267,2977,4741,4624,49,36
2024,2024mndu,Week 1,93,5278,4656,9532,7068,4181,41,31
2024,2024mndu,Week 1,5253,4693,4174,8516,6318,5348,66,51
2024,2024mndu,Week 1,4778,5826,3294,2052,7915,2823,33,55
2024,2024mndu,Week 1,4009,2181,5653,3291,6709,7038,67,41
2024,2024mndu,Week 1,2531,2239,8298,2861,6421,8422,20,52
2024,2024mndu,Week 1,8836,6160,3197,5143,4511,4011,32,39
2024,2024mndu,Week 1,6381,7797,1816,930,7864,6217,72,28
2024,2024mndu,Week 1,5914,2977,5348,2526,8516,2052,66,44
2024,2024mndu,Week 1,7915,4181,7038,3267,6318,3055,47,37
2024,2024mndu,Week 1,4741,9532,5690,4624,3291,8298,51,29
2024,2024mndu,Week 1,4693,2861,6709,93,4011,7068,51,51
2024,2024mndu,Week 1,2847,8422,930,5278,2823,2181,58,57
2024,2024mndu,Week 1,7797,2526,5143,5903,6421,5253,38,68
2024,2024mndu,Week 1,8836,1732,5914,5653,6217,6160,59,29
2024,2024mndu,Week 1,2239,4778,4009,7864,4511,1816,45,48
2024,2024mndu,Week 1,4174,4656,3294,4021,2531,2503,51,41
2024,2024mndu,Week 1,5826,6381,5278,3197,2977,3291,42,54
2024,2024mndu2,Week 1,2062,4786,2987,2169,6147,7619,65,37
2024,2024mndu2,Week 1,8803,5913,4229,7530,3100,6758,29,28
2024,2024mndu2,Week 1,6047,2175,1716,6045,2039,6419,14,43
2024,2024mndu2,Week 1,4703,8700,1714,3212,4230,4623,50,50
2024,2024mndu2,Week 1,5275,2512,2129,2855,5232,2472,36,40
2024,2024mndu2,Week 1,8122,6044,1806,3023,4182,6132,41,16
2024,2024mndu2,Week 1,4166,3297,2491,3206,1792,2264,37,63
2024,2024mndu2,Week 1,6574,3883,5339,7273,3418,2574,28,41
2024,2024mndu2,Week 1,2227,3082,5271,5720,3130,2846,17,67
2024,2024mndu2,Week 1,2501,2175,6758,2512,4623,4786,41,52
2024,2024mndu2,Week 1,5913,4230,7530,2987,5275,2855,23,41
2024,2024mndu2,Week 1,1716,2169,6132,1714,3100,8803,21,39
2024,2024mndu2,Week 1,6419,6574,3297,4166,6044,3212,43,4
2024,2024mndu2,Week 1,1792,4703,8122,3418,6147,2227,61,44
2024,2024mndu2,Week 1,3082,2846,8700,7273,7619,4182,50,13
2024,2024mndu2,Week 1,3206,2501,5339,2039,2129,3023,54,35
2024,2024mndu2,Week 1,2264,2472,3883,6047,5271,4229,50,10
2024,2024mndu2,Week 1,5720,2062,2491,2574,5232,1806,59,29
2024,2024mndu2,Week 1,6044,6132,3130,2512,5913,6045,26,55
2024,2024mndu2,Week 1,2227,4230,1792,4786,6419,7530,37,40
2024,2024mndu2,Week 1,8700,7619,3212,3418,6758,3206,16,52
2024,2024mndu2,Week 1,2264,3023,1716,4703,2472,2129,31,42
2024,2024mndu2,Week 1,5275,2169,6574,3082,2491,2175,20,45
2024,2024mndu2,Week 1,2062,4182,2039,1714,4166,5720,49,47
2024,2024mndu2,Week 1,2846,5339,2574,3100,6047,2855,49,49
2024,2024mndu2,Week 1,3130,7273,3883,8122,2501,2987,25,41
2024,2024mndu2,Week 1,5271,6045,6147,8803,4623,5232,56,28
2024,2024mndu2,Week 1,4229,3297,3082,2129,1806,4786,43,36
2024,2024mndu2,Week 1,7619,6574,2512,4182,2264,2227,33,39
2024,2024mndu2,Week 1,6132,8700,4166,5339,7530,6047,4,9
2024,2024mndu2,Week 1,3418,3100,2039,2491,3023,4230,40,73
2024,2024mndu2,Week 1,2175,4703,3206,2855,3883,6044,45,47
2024,2024mndu2,Week 1,5720,7273,5275,6147,8803,3297,38,68
2024,2024mndu2,Week 1,2987,1792,4623,5232,4229,1716,46,8
2024,2024mndu2,Week 1,2574,2501,6419,2472,5271,1714,39,59
2024,2024mndu2,Week 1,2846,8122,5913,2169,3212,6045,59,40
2024,2024mndu2,Week 1,1806,2855,2062,6758,3130,8700,21,47
2024,2024mndu2,Week 1,2264,2039,4703,6132,4786,7273,57,47
2024,2024mndu2,Week 1,8803,1716,2491,6044,5339,3082,42,24
2024,2024mndu2,Week 1,3100,5232,3023,3883,6419,2227,50,40
2024,2024mndu2,Week 1,4230,2129,4166,2512,2846,2169,74,26
2024,2024mndu2,Week 1,2062,3212,8122,1792,7530,2501,67,48
2024,2024mndu2,Week 1,4623,2574,3206,5275,3130,1806,52,50
2024,2024mndu2,Week 1,1714,2987,6147,6758,6047,6574,69,20
2024,2024mndu2,Week 1,4229,6045,2472,3297,3418,4182,59,25
2024,2024mndu2,Week 1,2175,5720,5271,7619,5913,2129,36,44
2024,2024mndu2,Week 1,3883,3082,4230,6132,2062,1792,80,47
2024,2024mndu2,Week 1,5232,5275,6044,5339,8122,2264,58,46
2024,2024mndu2,Week 1,6047,1714,2169,1806,3206,7273,66,41
2024,2024mndu2,Week 1,2501,2846,8803,6574,4229,4703,29,28
2024,2024mndu2,Week 1,4182,6419,4623,5913,4786,3418,28,70
2024,2024mndu2,Week 1,2491,2227,7619,1716,2855,3212,59,56
2024,2024mndu2,Week 1,3023,2512,5720,6045,8700,2987,43,39
2024,2024mndu2,Week 1,7530,3297,2574,5271,6758,2039,58,13
2024,2024mndu2,Week 1,3130,2472,4166,2175,6147,3100,52,61
2024,2024mndu2,Week 1,4623,7273,6047,4230,6044,2062,22,55
2024,2024mndu2,Week 1,4786,3206,5232,6574,6132,2846,80,33
2024,2024mndu2,Week 1,4229,5720,2264,5339,1714,6419,39,48
2024,2024mndu2,Week 1,8700,1716,3418,5913,5275,2501,27,69
2024,2024mndu2,Week 1,2129,2491,6045,3883,7530,6147,70,60
2024,2024mndu2,Week 1,2169,3023,2175,4182,6758,1792,39,37
2024,2024mndu2,Week 1,2039,1806,8803,3212,2987,2472,43,45
2024,2024mndu2,Week 1,3100,2512,3130,3297,4703,7619,56,51
2024,2024mndu2,Week 1,2574,2855,5271,3082,4166,8122,49,48
2024,2024mndu2,Week 1,6045,2062,7273,2227,3206,4229,50,44
2024,2024mndu2,Week 1,6758,2169,6044,5232,5720,2501,28,39
2024,2024mndu2,Week 1,1806,3418,7530,2846,2264,2175,36,58
2024,2024mndu2,Week 1,6419,1792,5275,7619,2039,6132,48,52
2024,2024mndu2,Week 1,5271,5339,4182,4230,2987,4703,7,67
2024,2024mndu2,Week 1,2855,3082,5913,3297,1714,3023,46,83
2024,2024mndu2,Week 1,2129,8122,3100,8700,4623,6574,99,24
2024,2024mndu2,Week 1,4786,2227,3130,4166,8803,6047,73,13
2024,2024mndu2,Week 1,6147,3212,2512,1716,2574,3883,51,24
2024,2024mndu2,Week 1,2472,6132,6758,7273,2491,2846,45,43
2024,2024mndu2,Week 1,1792,1806,5913,4703,6045,5339,34,33
2024,2024mndu2,Week 1,2987,4182,3100,2501,2264,2855,40,67
2024,2024mndu2,Week 1,6419,2129,3418,3130,8803,2062,60,57
2024,2024mndu2,Week 1,2039,3883,3297,8700,2227,2169,51,29
2024,2024mndu2,Week 1,7530,4166,5232,4623,7619,3082,24,18
2024,2024mndu2,Week 1,2491,4229,1714,8122,2175,2512,60,42
2024,2024mndu2,Week 1,2472,1716,4230,3206,6574,5720,68,58
2024,2024mndu2,Week 1,3212,6047,4786,3023,5271,5275,35,59
2024,2024mndu2,Week 1,6147,2574,1792,6044,6419,8700,76,12
2024,2024mxmo,Week 1,4775,5716,4010,3933,7725,4403,27,33
2024,2024mxmo,Week 1,6106,4723,6652,5948,6647,4635,18,54
2024,2024mxmo,Week 1,3158,9065,7421,3522,8734,3526,51,50
2024,2024mxmo,Week 1,9053,6170,9213,6676,9282,9593,16,9
2024,2024mxmo,Week 1,6832,3472,5959,4400,5887,4782,23,41
2024,2024mxmo,Week 1,8740,4735,9280,6017,4371,7546,16,48
2024,2024mxmo,Week 1,7102,5133,4584,6483,3478,5932,43,44
2024,2024mxmo,Week 1,4400,6832,9301,3526,5948,3794,41,40
2024,2024mxmo,Week 1,3158,4775,6676,4010,7546,5959,39,24
2024,2024mxmo,Week 1,9282,4584,4735,9280,6647,5133,6,36
2024,2024mxmo,Week 1,4782,6106,4635,4371,7725,9065,60,13
2024,2024mxmo,Week 1,3794,3472,8734,3478,9593,5716,30,44
2024,2024mxmo,Week 1,6483,6652,6017,7421,4403,6170,41,58
2024,2024mxmo,Week 1,5887,3522,4723,3933,9213,7102,47,34
2024,2024mxmo,Week 1,9301,9053,5959,8740,5932,4010,41,3
2024,2024mxmo,Week 1,3158,6170,6832,5133,4635,7725,24,42
2024,2024mxmo,Week 1,7421,4775,9280,3794,4400,6647,41,34
2024,2024mxmo,Week 1,5887,9593,9301,6106,3478,4735,25,54
2024,2024mxmo,Week 1,9065,7546,3522,6652,4584,5932,46,17
2024,2024mxmo,Week 1,5948,6483,3933,9213,8740,3472,34,23
2024,2024mxmo,Week 1,3526,4782,7102,9282,4403,9053,40,54
2024,2024mxmo,Week 1,8734,5716,6017,4723,6676,4371,23,25
2024,2024mxmo,Week 1,9213,7725,5887,5133,6652,3794,15,22
2024,2024mxmo,Week 1,8740,3933,9593,6647,7546,3158,10,32
2024,2024mxmo,Week 1,4782,9301,4010,4584,6017,9065,20,27
2024,2024mxmo,Week 1,6106,5959,3522,6832,3526,9282,38,24
2024,2024mxmo,Week 1,4400,7102,7421,6170,6676,4635,48,44
2024,2024mxmo,Week 1,5932,4735,5948,5716,6483,9280,40,24
2024,2024mxmo,Week 1,4723,3478,9053,4775,3472,4371,50,16
2024,2024mxmo,Week 1,4403,3794,7546,9301,4635,8734,38,49
2024,2024mxmo,Week 1,5716,6647,6832,5887,4010,6652,28,14
2024,2024mxmo,Week 1,4584,5948,4371,5959,4775,7102,48,45
2024,2024mxmo,Week 1,3472,9282,3478,4403,3158,6106,47,48
2024,2024mxmo,Week 1,4782,9065,9213,6483,7421,8740,45,45
2024,2024mxmo,Week 1,9053,3933,5932,8734,4735,6170,37,14
2024,2024mxmo,Week 1,9593,5133,4400,6017,3526,4723,46,60
2024,2024mxmo,Week 1,3478,3522,7725,9280,6676,5948,45,39
2024,2024mxmo,Week 1,7421,4635,5716,3158,9301,7102,62,40
2024,2024mxmo,Week 1,5887,4371,4403,9065,9593,4723,45,19
2024,2024mxmo,Week 1,5932,8734,5133,5959,4782,6647,16,50
2024,2024mxmo,Week 1,6170,9280,4400,4010,9213,6106,65,3
2024,2024mxmo,Week 1,7725,7546,6483,3522,9282,3933,25,40
2024,2024mxmo,Week 1,6676,8740,3526,4735,6652,4775,8,33
2024,2024mxmo,Week 1,6832,4584,3794,6017,9053,3472,15,30
2024,2024mxmo,Week 1,6170,4010,9282,5948,8734,3478,13,59
2024,2024mxmo,Week 1,7546,4400,9213,5716,3158,4782,20,29
2024,2024mxmo,Week 1,6647,4403,8740,3522,6832,6676,57,27
2024,2024mxmo,Week 1,4635,5887,6483,9593,9053,4775,41,21
2024,2024mxmo,Week 1,3526,4371,7421,3472,5932,7725,23,12
2024,2024mxmo,Week 1,6652,9280,5959,3933,4723,9301,38,27
2024,2024mxmo,Week 1,4735,3794,6017,9065,7102,6106,21,29
2024,2024mxmo,Week 1,4584,6676,9053,5133,5948,3158,15,54
2024,2024mxmo,Week 1,4371,8740,3478,6652,4400,9282,38,31
2024,2024mxmo,Week 1,6647,9301,3472,7102,6170,7725,19,35
2024,2024mxmo,Week 1,5932,9065,4775,5133,7421,6832,26,28
2024,2024mxmo,Week 1,4635,6017,9280,8734,5887,3933,63,10
2024,2024mxmo,Week 1,7546,6106,3526,4010,4723,6483,39,53
2024,2024mxmo,Week 1,9213,5716,4735,4403,5959,4584,11,57
2024,2024mxmo,Week 1,3522,9593,6652,4775,4782,3794,40,27
2024,2024mxmo,Week 1,6676,7102,6483,9065,9280,6832,39,14
2024,2024mxmo,Week 1,3478,6017,6647,9213,5959,4635,81,48
2024,2024mxmo,Week 1,9282,4723,3158,3794,9301,5932,40,50
2024,2024mxmo,Week 1,6170,4782,8740,3526,5716,5887,21,26
2024,2024mxmo,Week 1,4371,6106,9593,3933,7421,4584,22,54
2024,2024mxmo,Week 1,7725,8734,4010,4735,3522,4400,31,60
2024,2024mxmo,Week 1,5948,3472,4403,9053,5133,7546,72,19
2024,2024mxmo,Week 1,5959,3794,3158,4371,6483,6170,70,29
2024,2024mxmo,Week 1,4723,4584,8734,7725,6832,8740,32,11
2024,2024mxmo,Week 1,6647,3933,9065,3478,3526,4400,12,58
2024,2024mxmo,Week 1,7102,4010,9280,9593,4403,4782,48,42
2024,2024mxmo,Week 1,4775,9213,5133,9301,6106,5716,27,17
2024,2024mxmo,Week 1,7546,9282,5948,6017,7421,5887,40,55
2024,2024mxmo,Week 1,4635,5932,3522,3472,4735,6676,65,24
2024,2024mxmo,Week 1,6652,7725,6647,9280,3158,9053,41,48
2024,2024utwv,Week 1,3200,8087,4944,5933,9423,159,26,16
2024,2024utwv,Week 1,8839,4598,9044,3009,7634,3288,18,20
2024,2024utwv,Week 1,5071,1891,4183,8885,1339,1569,20,42
2024,2024utwv,Week 1,3245,3374,4585,2486,6560,4068,58,67
2024,2024utwv,Week 1,9138,1828,3405,7426,1410,2240,21,85
2024,2024utwv,Week 1,3006,6400,3501,7895,2594,6411,52,28
2024,2024utwv,Week 1,1619,3243,2122,9037,7436,4348,50,30
2024,2024utwv,Week 1,7906,5851,8839,8174,3288,3166,23,26
2024,2024utwv,Week 1,7426,2594,8087,1339,6411,3245,38,32
2024,2024utwv,Week 1,4598,6560,3405,9044,3243,8885,55,8
2024,2024utwv,Week 1,8174,7436,1619,7634,9423,3006,37,36
2024,2024utwv,Week 1,1891,7895,4068,2122,2240,3200,56,42
2024,2024utwv,Week 1,4183,3009,3374,4585,3501,159,32,41
2024,2024utwv,Week 1,2486,1828,9037,5071,9138,3166,40,7
2024,2024utwv,Week 1,5933,1410,6400,1569,4944,7906,36,30
2024,2024utwv,Week 1,5851,2240,8885,7634,4348,3501,48,38
2024,2024utwv,Week 1,3405,5071,3006,4068,8087,4183,45,38
2024,2024utwv,Week 1,1339,6400,9037,3374,8174,3243,38,22
2024,2024utwv,Week 1,9423,7906,9138,2594,2122,4598,14,68
2024,2024utwv,Week 1,9044,7426,5933,4585,2486,1619,41,40
2024,2024utwv,Week 1,1569,3166,8839,6411,1828,3200,24,20
2024,2024utwv,Week 1,159,7436,6560,4348,4944,7895,42,50
2024,2024utwv,Week 1,3288,1410,5851,3009,3245,1891,55,46
2024,2024utwv,Week 1,7906,4183,1339,3006,9044,4585,51,27
2024,2024utwv,Week 1,6411,8885,8087,3243,6400,9138,23,12
2024,2024utwv,Week 1,3245,3405,3166,7436,9423,1891,62,49
2024,2024utwv,Week 1,2240,3288,5933,159,3374,2594,43,21
2024,2024utwv,Week 1,2122,5071,3009,1619,1569,6560,58,45
2024,2024utwv,Week 1,4598,7426,4068,8839,9037,7895,64,32
2024,2024utwv,Week 1,1410,2486,4348,5851,3200,8174,31,23
2024,2024utwv,Week 1,1339,7634,1828,4944,3501,3009,41,76
2024,2024utwv,Week 1,3243,3006,3288,6560,5933,5071,33,37
2024,2024utwv,Week 1,4348,3405,1891,7906,2486,2594,34,38
2024,2024utwv,Week 1,1410,3245,7895,2240,9037,8087,68,44
2024,2024utwv,Week 1,6400,2122,7436,4585,8174,7426,76,27
2024,2024utwv,Week 1,4944,4068,159,3166,8885,3501,64,29
2024,2024utwv,Week 1,4598,9138,3374,7634,1569,4183,32,29
2024,2024utwv,Week 1,1619,5851,9044,9423,8839,1828,40,27
2024,2024utwv,Week 1,3200,1339,2486,6411,3288,3405,48,27
2024,2024utwv,Week 1,9037,3245,8174,6560,4183,7895,49,60
2024,2024utwv,Week 1,8839,4585,4348,1828,4598,1410,24,50
2024,2024utwv,Week 1,9044,159,6411,2122,4068,5851,7,93
2024,2024utwv,Week 1,5071,2594,8885,7436,3200,7426,4,101
2024,2024utwv,Week 1,9138,3006,2240,3166,3009,6400,55,19
2024,2024utwv,Week 1,3374,4944,7634,1891,1619,7906,24,29
2024,2024utwv,Week 1,8087,3243,9423,3501,1569,5933,8,24
2024,2024utwv,Week 1,7436,3245,3288,3006,2122,1828,53,64
2024,2024utwv,Week 1,2594,1339,9044,3374,9037,3166,46,17
2024,2024utwv,Week 1,1569,4585,5071,7895,9138,5851,20,39
2024,2024utwv,Week 1,7634,7426,3243,159,1410,3200,55,37
2024,2024utwv,Week 1,8885,3009,7906,6411,5933,1619,25,33
2024,2024utwv,Week 1,3405,8087,3501,1891,8174,8839,49,33
2024,2024utwv,Week 1,4944,6560,2240,4183,4598,2486,72,40
2024,2024utwv,Week 1,6400,9423,1569,4068,4348,1339,32,72
2024,2024utwv,Week 1,1410,8174,8087,1828,3374,8885,32,28
2024,2024utwv,Week 1,6560,4585,2122,2594,3501,2240,43,53
2024,2024utwv,Week 1,9138,5933,4944,7426,5851,3245,28,76
2024,2024utwv,Week 1,4598,1891,7634,5071,6411,3243,30,8
2024,2024utwv,Week 1,2486,9044,9423,7906,7895,7436,17,46
2024,2024utwv,Week 1,4183,159,3405,1619,8839,6400,42,42
2024,2024utwv,Week 1,4348,3009,3200,4068,3166,3006,32,75
2024,2024utwv,Week 1,9037,6411,1569,3288,4944,4585,39,34
2024,2024utwv,Week 1,7895,3374,2486,8885,7634,1410,17,37
2024,2024utwv,Week 1,9423,5071,1339,2240,159,8839,35,51
2024,2024utwv,Week 1,1828,3166,4183,2122,1891,5933,46,58
2024,2024utwv,Week 1,2594,5851,9037,8087,7436,4598,39,44
2024,2024utwv,Week 1,3245,3501,6560,9044,3200,6400,90,34
2024,2024utwv,Week 1,7426,3006,3009,3243,3405,7906,88,14
2024,2024utwv,Week 1,3288,1619,4348,8174,9138,4068,16,51
2024,2024utwv,Week 1,1828,5933,5851,6400,7634,6560,43,34
2024,2024utwv,Week 1,1569,4598,3243,2486,8839,3245,36,59
2024,2024utwv,Week 1,7895,159,3006,8885,4585,1891,58,11
2024,2024utwv,Week 1,3501,9037,3288,9423,4348,7426,34,47
2024,2024utwv,Week 1,3200,7906,3374,9138,1339,2122,34,39
2024,2024utwv,Week 1,4944,6411,8174,2240,9044,5071,27,49
2024,2024utwv,Week 1,3009,4068,1410,7436,4183,2594,84,52
2024,2024utwv,Week 1,8087,3166,4585,3405,1619,7634,12,36
2024,2024utwv,Week 1,159,6400,8174,9037,3200,4598,13,55
2024,2024utwv,Week 1,3501,8839,9138,3006,8885,7436,62,44
2024,2024utwv,Week 1,4348,7906,9044,3245,8087,5071,6,54
2024,2024utwv,Week 1,3374,1891,7426,5851,4183,9423,49,30
2024,2024utwv,Week 1,4068,2594,1828,3243,2486,4944,41,20
2024,2024utwv,Week 1,3166,2122,6411,1339,6560,1410,48,71
2024,2024utwv,Week 1,3009,2240,1619,3288,7895,1569,52,26
2024,2024utwv,Week 1,5933,7906,7634,3405,4068,9037,35,61
2024,2024utwv,Week 1,3166,7426,2486,8087,3006,3374,58,39
2024,2024utwv,Week 1,3200,8885,9423,4585,1828,3009,34,34
2024,2024utwv,Week 1,1891,1569,159,6560,9044,9138,31,45
2024,2024utwv,Week 1,1410,1619,2594,3501,5071,4598,58,45
2024,2024utwv,Week 1,5851,3243,7436,4183,2240,6411,37,53
2024,2024utwv,Week 1,8839,3288,2122,6400,3405,4944,54,52
2024,2024utwv,Week 1,8174,7895,1339,5933,4348,3245,36,50
2024,2024bcvi,Week 1,9641,359,9277,8503,7287,216,60,34
2024,2024bcvi,Week 1,288,8339,5461,4270,7688,9649,32,37
2024,2024bcvi,Week 1,1622,9719,7173,9550,4421,6364,19,34
2024,2024bcvi,Week 1,244,7135,6188,9449,5516,1452,39,4
2024,2024bcvi,Week 1,4627,7190,6351,8338,9292,6902,24,26
2024,2024bcvi,Week 1,7167,4253,9180,7796,7332,6390,39,22
2024,2024bcvi,Week 1,9649,9641,5461,6364,359,9449,20,75
2024,2024bcvi,Week 1,9277,7173,7287,9292,7135,1452,13,20
2024,2024bcvi,Week 1,9550,6390,7167,8338,244,7190,24,20
2024,2024bcvi,Week 1,6902,6188,8503,4421,288,7332,32,47
2024,2024bcvi,Week 1,5516,4270,6351,7688,9180,8339,42,16
2024,2024bcvi,Week 1,216,4627,9719,1622,4253,7796,47,19
2024,2024bcvi,Week 1,7173,6364,7332,7190,6902,6390,29,37
2024,2024bcvi,Week 1,9649,244,9550,6188,6351,9641,25,35
2024,2024bcvi,Week 1,7796,4627,8339,9449,8503,1622,32,44
2024,2024bcvi,Week 1,8338,216,4253,4270,359,5461,43,78
2024,2024bcvi,Week 1,288,5516,9180,1452,4421,7287,39,46
2024,2024bcvi,Week 1,7167,7135,9277,9292,9719,7688,17,23
2024,2024bcvi,Week 1,6902,4270,9550,7173,7796,9641,48,28
2024,2024bcvi,Week 1,4253,7287,4627,6364,8338,8339,13,39
2024,2024bcvi,Week 1,9719,8503,288,9277,244,6351,35,15
2024,2024bcvi,Week 1,9292,1622,7190,6390,9449,9180,16,52
2024,2024bcvi,Week 1,7332,9649,216,4421,7135,5516,51,26
2024,2024bcvi,Week 1,7688,5461,1452,6188,7167,359,32,55
2024,2024bcvi,Week 1,6351,9180,8503,9550,8338,7287,46,22
2024,2024bcvi,Week 1,8339,4270,1622,5516,9277,6902,49,8
2024,2024bcvi,Week 1,244,7167,7332,7173,359,4627,12,61
2024,2024bcvi,Week 1,6364,9719,6390,9649,6188,1452,53,16
2024,2024bcvi,Week 1,7190,9641,9449,4421,7688,4253,26,42
2024,2024bcvi,Week 1,7796,9292,288,5461,216,7135,46,51
2024,2024bcvi,Week 1,1452,9180,8338,8339,7332,6902,46,10
2024,2024bcvi,Week 1,7173,6188,5516,4253,9649,8503,30,19
2024,2024bcvi,Week 1,4270,7190,7135,5461,244,1622,49,26
2024,2024bcvi,Week 1,6351,7796,4421,7167,4627,6364,38,40
2024,2024bcvi,Week 1,9277,9292,216,6390,9641,7688,43,37
2024,2024bcvi,Week 1,9449,9550,288,359,9719,7287,34,67
2024,2024bcvi,Week 1,1622,8338,5516,9649,7173,7167,32,20
2024,2024bcvi,Week 1,4421,8339,6188,7688,7796,7190,33,29
2024,2024bcvi,Week 1,4627,8503,6390,359,6351,7135,24,64
2024,2024bcvi,Week 1,9180,9550,9292,216,6902,288,12,56
2024,2024bcvi,Week 1,244,4270,9449,9719,1452,9277,46,8
2024,2024bcvi,Week 1,7287,6364,9641,4253,5461,7332,39,34
2024,2024bcvi,Week 1,7135,9550,7796,8339,7190,9649,21,30
2024,2024bcvi,Week 1,9449,6351,9719,216,7167,4270,13,68
2024,2024bcvi,Week 1,6902,5461,6364,8503,5516,7688,53,40
2024,2024bcvi,Week 1,9180,7287,244,6188,4627,9292,51,20
2024,2024bcvi,Week 1,6390,1452,7173,9641,288,4253,44,60
2024,2024bcvi,Week 1,359,7332,1622,8338,9277,4421,47,36
2024,2024bcvi,Week 1,7688,7287,7167,7135,6902,9719,20,14
2024,2024bcvi,Week 1,1452,9550,9641,288,9649,4627,27,47
2024,2024bcvi,Week 1,7332,6351,8338,7796,9449,216,27,52
2024,2024bcvi,Week 1,5516,4253,359,1622,6188,9277,73,16
2024,2024bcvi,Week 1,9292,6390,4421,4270,6364,8503,33,73
2024,2024bcvi,Week 1,244,7173,8339,7190,5461,9180,21,57
2024,2024bcvi,Week 1,288,7688,6188,4627,9449,8338,20,17
2024,2024bcvi,Week 1,9641,1622,6902,7287,6390,7135,31,35
2024,2024bcvi,Week 1,8503,7167,7796,9180,9277,4270,23,45
2024,2024bcvi,Week 1,9719,4421,9649,5461,7173,9292,14,46
2024,2024bcvi,Week 1,8339,216,359,6364,5516,244,70,39
2024,2024bcvi,Week 1,6351,1452,4253,7332,7190,9550,51,14
2024,2024bcvi,Week 1,6188,8338,7796,9641,9292,4270,22,51
2024,2024bcvi,Week 1,216,4421,7173,7287,8339,9449,56,49
2024,2024bcvi,Week 1,359,6902,9649,9180,7332,9719,71,19
2024,2024bcvi,Week 1,4253,6364,7190,6351,288,7167,51,28
2024,2024bcvi,Week 1,7135,1622,7688,8503,1452,244,40,42
2024,2024bcvi,Week 1,5516,6390,5461,4627,9277,9550,56,18
2024,2024bcvi,Week 1,7332,9449,6188,7167,8339,9292,20,16
2024,2024bcvi,Week 1,7287,7796,4270,1452,288,359,66,66
2024,2024bcvi,Week 1,5461,8503,4421,6390,1622,6351,97,31
2024,2024bcvi,Week 1,9277,9649,6364,7135,9180,4627,42,42
2024,2024bcvi,Week 1,6902,7688,244,9550,4253,7173,17,23
2024,2024bcvi,Week 1,9719,9641,8338,7190,216,5516,21,60
2024,2024miket,Week 1,5282,5538,5213,5697,70,9242,26,28
2024,2024miket,Week 1,4779,5460,7247,9648,5260,3618,53,13
2024,2024miket,Week 1,1,7202,7166,4998,245,9662,28,44
2024,2024miket,Week 1,6631,7784,894,1506,9697,33,52,52
2024,2024miket,Week 1,3668,6067,5084,1504,7491,7818,36,17
2024,2024miket,Week 1,5660,9757,9245,8767,2145,9673,38,13
2024,2024miket,Week 1,27,9650,9662,4994,6610,5282,43,9
2024,2024miket,Week 1,9242,894,1504,7247,5213,9697,42,9
2024,2024miket,Week 1,9648,2145,33,9673,3668,1,52,25
2024,2024miket,Week 1,7818,5084,5697,27,6067,4779,39,48
2024,2024miket,Week 1,7202,5260,7491,9757,9650,1506,23,39
2024,2024miket,Week 1,7166,5460,8767,245,5660,6631,49,45
2024,2024miket,Week 1,70,9245,6610,4998,7784,4994,42,37
2024,2024miket,Week 1,1,3618,27,9242,2145,5538,59,35
2024,2024miket,Week 1,33,7202,894,1504,8767,5660,43,31
2024,2024miket,Week 1,1506,7166,7247,5460,70,9673,39,60
2024,2024miket,Week 1,9662,5538,7491,6631,9245,9650,23,24
2024,2024miket,Week 1,5260,9757,7818,9648,5213,4998,18,31
2024,2024miket,Week 1,9697,3668,4994,3618,5084,4779,22,46
2024,2024miket,Week 1,245,6610,7784,6067,5282,5697,39,33
2024,2024miket,Week 1,7166,5260,9242,5660,4998,7202,43,36
2024,2024miket,Week 1,70,9662,3668,7247,27,9757,56,63
2024,2024miket,Week 1,4994,6067,3618,9650,1,5282,26,35
2024,2024miket,Week 1,1504,1506,6631,5697,245,9648,33,18
2024,2024miket,Week 1,9673,7818,5538,5084,9697,7784,14,60
2024,2024miket,Week 1,9245,5460,894,5213,4779,2145,55,53
2024,2024miket,Week 1,6610,33,9242,7491,8767,245,48,17
2024,2024miket,Week 1,9697,5697,7202,7784,1,1506,21,36
2024,2024miket,Week 1,9650,9673,5660,27,7818,5213,38,61
2024,2024miket,Week 1,894,4779,5282,9757,7491,7166,62,36
2024,2024miket,Week 1,5260,7247,70,6067,6610,6631,40,23
2024,2024miket,Week 1,4998,9245,2145,3668,33,5538,51,52
2024,2024miket,Week 1,8767,9648,5084,9662,4994,1504,54,31
2024,2024miket,Week 1,5260,6631,5460,3618,7818,70,38,43
2024,2024miket,Week 1,7784,9650,9242,7166,894,3668,28,45
2024,2024miket,Week 1,7202,5213,245,33,4994,7491,30,43
2024,2024miket,Week 1,6610,7247,5084,9757,9697,2145,51,25
2024,2024miket,Week 1,6067,1,9648,9245,27,8767,43,49
2024,2024miket,Week 1,5538,3618,1504,1506,4779,5660,40,92
2024,2024miket,Week 1,5282,4998,9673,5697,9662,5460,67,25
2024,2024miket,Week 1,5213,6631,9757,27,9242,245,31,69
2024,2024miket,Week 1,8767,9650,7818,9245,1504,1,17,53
2024,2024miket,Week 1,2145,9662,1506,4779,5697,4994,64,29
2024,2024miket,Week 1,4998,7166,6067,3618,9673,33,62,41
2024,2024miket,Week 1,7784,5660,5460,7491,3668,7247,48,55
2024,2024miket,Week 1,5084,70,7202,894,6610,9648,62,30
2024,2024miket,Week 1,9697,5282,245,5538,9245,5260,41,45
2024,2024miket,Week 1,5213,5697,8767,3668,6631,3618,25,36
2024,2024miket,Week 1,9242,9662,4779,7247,7784,33,41,66
2024,2024miket,Week 1,5282,9648,9757,9697,5660,70,36,42
2024,2024miket,Week 1,4994,7202,27,9673,5260,6067,66,33
2024,2024miket,Week 1,7818,2145,7166,1506,7491,6610,55,46
2024,2024miket,Week 1,1,5460,4998,9650,5084,1504,72,39
2024,2024miket,Week 1,5538,4994,5660,894,7247,5697,30,43
2024,2024miket,Week 1,9673,9648,1506,9242,5282,9245,56,46
2024,2024miket,Week 1,4779,1504,9697,6631,4998,27,37,70
2024,2024miket,Week 1,7491,894,1,6610,3668,5260,48,48
2024,2024miket,Week 1,2145,3618,5460,7818,7202,9662,63,11
2024,2024miket,Week 1,7784,5213,6067,9757,8767,5538,16,7
2024,2024miket,Week 1,245,33,5084,9650,7166,70,70,42
2024,2024miket,Week 1,7247,7818,4998,7202,6631,5282,41,38
2024,2024miket,Week 1,7491,6067,9245,3618,9242,9697,52,38
2024,2024miket,Week 1,9648,27,3668,7166,5538,7784,80,41
2024,2024miket,Week 1,70,1506,5213,1,4779,8767,46,61
2024,2024miket,Week 1,245,1504,2145,9662,894,9673,54,64
2024,2024miket,Week 1,33,9757,5697,5460,4994,9650,42,31
2024,2024miket,Week 1,6610,5660,3618,5260,5084,5213,34,48
2024,2024miket,Week 1,4779,9673,7491,70,245,1,69,84
2024,2024miket,Week 1,3668,4998,9757,894,1506,6067,46,63
2024,2024miket,Week 1,5538,27,6610,5460,1504,7202,62,33
2024,2024miket,Week 1,8767,9697,6631,2145,7247,9650,7,35
2024,2024miket,Week 1,5660,5697,5260,9245,7166,9662,34,58
2024,2024miket,Week 1,5084,9242,4994,7818,7784,9648,48,30
2024,2024miket,Week 1,5282,7491,27,33,8767,4998,60,71
2024,2024miket,Week 1,6631,5538,4779,7202,9673,6610,50,35
2024,2024miket,Week 1,5697,3618,9245,5084,9757,894,31,56
2024,2024miket,Week 1,4994,1506,7818,5213,33,7166,28,71
2024,2024miket,Week 1,1504,70,7784,2145,5282,5260,56,47
2024,2024miket,Week 1,9662,1,9697,5460,9242,3668,37,37
2024,2024miket,Week 1,6067,245,9650,5660,9648,7247,65,53
2024,2024mimil,Week 1,7225,3175,7660,9735,7813,4961,58,6
2024,2024mimil,Week 1,9765,1701,7553,8124,9455,3538,44,26
2024,2024mimil,Week 1,2832,7220,5167,67,5860,2224,22,41
2024,2024mimil,Week 1,5478,308,4362,3322,7178,5642,53,40
2024,2024mimil,Week 1,7056,9204,5561,8774,4384,8364,38,22
2024,2024mimil,Week 1,503,6861,5424,4130,8519,548,70,42
2024,2024mimil,Week 1,6344,3175,7553,9685,7220,1701,72,25
2024,2024mimil,Week 1,9455,5642,2224,7056,3322,308,6,48
2024,2024mimil,Week 1,7813,7225,8364,5860,2832,7178,22,52
2024,2024mimil,Week 1,8519,5167,503,7660,5561,6861,45,40
2024,2024mimil,Week 1,9765,548,9735,67,4130,6344,33,47
2024,2024mimil,Week 1,9204,5478,9685,8124,4961,4362,7,50
2024,2024mimil,Week 1,308,8774,3538,4384,5424,3322,20,35
2024,2024mimil,Week 1,5642,7225,6344,7813,5860,5561,39,24
2024,2024mimil,Week 1,8364,4961,6861,4130,503,8124,15,52
2024,2024mimil,Week 1,7553,8774,7220,2832,9685,9765,28,31
2024,2024mimil,Week 1,3175,3538,5424,7178,67,5478,83,35
2024,2024mimil,Week 1,548,4362,4384,7660,2224,7056,40,39
2024,2024mimil,Week 1,9455,9204,8519,9735,1701,5167,30,39
2024,2024mimil,Week 1,3538,3322,4961,6344,6861,5860,57,38
2024,2024mimil,Week 1,503,8364,7178,7056,9765,3175,48,54
2024,2024mimil,Week 1,5424,9735,9685,548,5642,5167,17,50
2024,2024mimil,Week 1,2832,4130,7660,5478,7553,4384,54,35
2024,2024mimil,Week 1,7220,9455,5561,9204,308,7813,38,22
2024,2024mimil,Week 1,8519,8774,1701,4362,7225,67,31,82
2024,2024mimil,Week 1,5860,9685,8124,5478,2224,503,13,70
2024,2024mimil,Week 1,5424,6344,7178,5167,4384,3175,39,53
2024,2024mimil,Week 1,4961,9765,8774,67,3538,548,15,54
2024,2024mimil,Week 1,4130,7056,9455,5561,2832,8519,70,39
2024,2024mimil,Week 1,5642,6861,7553,8364,9204,1701,49,37
2024,2024mimil,Week 1,2224,8124,3322,7225,9735,7220,41,34
2024,2024mimil,Week 1,7813,4362,9765,308,5167,7660,48,51
2024,2024mimil,Week 1,7178,7553,7056,5424,5478,4961,67,26
2024,2024mimil,Week 1,2224,548,6861,3538,8519,7225,46,36
2024,2024mimil,Week 1,7660,7220,67,5642,5561,8774,37,19
2024,2024mimil,Week 1,9455,6344,7813,9685,4362,503,41,68
2024,2024mimil,Week 1,308,2832,8364,9735,8124,9204,34,6
2024,2024mimil,Week 1,3322,3175,5860,1701,4384,4130,52,33
2024,2024mimil,Week 1,4362,2224,8774,503,9455,9765,47,44
2024,2024mimil,Week 1,548,5478,7225,8364,5167,67,31,53
2024,2024mimil,Week 1,7178,9685,6861,9735,6344,308,42,34
2024,2024mimil,Week 1,1701,8124,5642,4384,4961,5561,24,37
2024,2024mimil,Week 1,8519,3322,7813,7553,5424,2832,41,55
2024,2024mimil,Week 1,7056,3538,7220,9204,7660,5860,62,20
2024,2024mimil,Week 1,5642,8364,4130,3175,7178,4362,42,71
2024,2024mimil,Week 1,7813,8124,4384,67,9685,8519,9,61
2024,2024mimil,Week 1,5167,5561,9765,3322,6861,5478,22,48
2024,2024mimil,Week 1,4961,7056,1701,308,7220,4130,62,48
2024,2024mimil,Week 1,3538,503,6344,9204,2832,7225,53,36
2024,2024mimil,Week 1,5860,548,5424,7553,9735,9455,39,49
2024,2024mimil,Week 1,8774,7660,7813,2224,3175,8364,18,40
2024,2024mimil,Week 1,4384,7056,9685,6861,9765,7225,45,40
2024,2024mimil,Week 1,5561,503,308,5860,7553,3538,69,49
2024,2024mimil,Week 1,4362,7660,9735,7220,5424,8124,41,13
2024,2024mimil,Week 1,3175,67,2832,4961,548,9455,84,32
2024,2024mimil,Week 1,5167,4130,7178,8774,9204,3322,72,53
2024,2024mimil,Week 1,1701,6344,2224,8519,5642,5478,56,21
2024,2024mimil,Week 1,7553,67,4961,6861,308,9455,65,43
2024,2024mimil,Week 1,4384,7178,9204,7220,7813,548,38,26
2024,2024mimil,Week 1,4130,5860,8774,8124,5478,6344,43,28
2024,2024mimil,Week 1,7225,3322,5167,4362,7056,5642,51,56
2024,2024mimil,Week 1,2832,2224,9735,5561,1701,3175,26,76
2024,2024mimil,Week 1,9685,7660,3538,8364,8519,5424,31,40
2024,2024mimil,Week 1,9765,67,9204,503,5642,5860,39,56
2024,2024mimil,Week 1,6861,9735,4384,5561,4362,7553,34,67
2024,2024mimil,Week 1,8124,8519,308,548,8774,3175,23,67
2024,2024mimil,Week 1,3538,4130,5478,9685,7813,2224,67,16
2024,2024mimil,Week 1,7220,4961,503,6344,8364,7056,32,46
2024,2024mimil,Week 1,3322,1701,2832,9765,5424,7660,54,28
2024,2024mimil,Week 1,7225,7178,8124,5167,9455,9685,41,36
2024,2024mimil,Week 1,5478,5561,9735,8774,503,7056,25,105
2024,2024mimil,Week 1,3175,7813,5642,6861,3538,2832,53,44
2024,2024mimil,Week 1,1701,5860,4362,7178,308,548,59,62
2024,2024mimil,Week 1,4961,5167,9204,2224,7553,8519,24,24
2024,2024mimil,Week 1,5424,7225,4130,6344,9765,7220,46,41
2024,2024mimil,Week 1,9455,4384,67,7660,8364,3322,50,37
2024,2024nhgrs,Week 1,126,5265,9056,95,1512,6153,29,15
2024,2024nhgrs,Week 1,7913,1307,58,131,8724,4473,35,57
2024,2024nhgrs,Week 1,4906,1922,811,6329,4905,1277,52,74
2024,2024nhgrs,Week 1,5687,8023,1058,9443,6328,2648,60,59
2024,2024nhgrs,Week 1,138,157,3467,8708,9055,238,51,28
2024,2024nhgrs,Week 1,3566,5491,4041,1512,1247,4909,18,41
2024,2024nhgrs,Week 1,9443,5687,95,1922,238,6153,58,48
2024,2024nhgrs,Week 1,6329,3467,9055,58,4909,1277,74,51
2024,2024nhgrs,Week 1,1247,8708,3566,5265,4473,4905,36,8
2024,2024nhgrs,Week 1,1307,9056,6328,4041,7913,138,40,37
2024,2024nhgrs,Week 1,157,1058,5491,131,811,8023,41,72
2024,2024nhgrs,Week 1,4041,8724,4906,2648,126,4473,39,46
2024,2024nhgrs,Week 1,1512,131,4905,9055,58,1058,44,63
2024,2024nhgrs,Week 1,6153,1247,8023,1277,1922,8708,14,41
2024,2024nhgrs,Week 1,238,1307,126,811,3566,7913,18,47
2024,2024nhgrs,Week 1,8724,9056,5687,5265,157,95,55,27
2024,2024nhgrs,Week 1,4906,6328,3467,5491,4909,9443,67,22
2024,2024nhgrs,Week 1,2648,6329,58,138,811,238,93,36
2024,2024nhgrs,Week 1,8708,1512,5687,1058,1247,3467,14,77
2024,2024nhgrs,Week 1,4905,1922,138,1277,4473,157,62,41
2024,2024nhgrs,Week 1,4906,4909,2648,9056,4041,131,68,49
2024,2024nhgrs,Week 1,9443,6153,1307,5491,5265,6329,54,44
2024,2024nhgrs,Week 1,7913,9055,126,6328,95,8023,22,58
2024,2024nhgrs,Week 1,8724,6329,8708,3566,6153,9056,70,26
2024,2024nhgrs,Week 1,4041,95,58,5265,1277,131,58,49
2024,2024nhgrs,Week 1,4909,3566,4905,126,6328,8724,53,54
2024,2024nhgrs,Week 1,238,2648,7913,1058,1512,1922,18,65
2024,2024nhgrs,Week 1,3467,9443,4473,8023,138,5491,76,38
2024,2024nhgrs,Week 1,811,157,9055,1307,4906,1247,17,17
2024,2024nhgrs,Week 1,1277,238,4041,5687,126,5491,36,34
2024,2024nhgrs,Week 1,4909,6153,811,6328,4473,1512,55,59
2024,2024nhgrs,Week 1,95,138,8724,1922,131,1247,45,52
2024,2024nhgrs,Week 1,4905,1307,9055,2648,1058,8708,31,68
2024,2024nhgrs,Week 1,8023,5265,9443,7913,157,6329,27,66
2024,2024nhgrs,Week 1,3566,5687,3467,9056,58,4906,29,57
2024,2024nhgrs,Week 1,126,131,138,157,1922,1307,74,42
2024,2024nhgrs,Week 1,9055,4473,1247,6329,9056,9443,34,67
2024,2024nhgrs,Week 1,1512,3467,7913,5687,4905,4906,54,54
2024,2024nhgrs,Week 1,811,5491,2648,8708,95,4909,57,61
2024,2024nhgrs,Week 1,1058,4041,5265,8724,8023,3566,68,49
2024,2024nhgrs,Week 1,6153,1277,6328,58,238,157,59,35
2024,2024nhgrs,Week 1,4473,5687,6329,1247,4905,2648,85,44
2024,2024nhgrs,Week 1,1922,7913,5265,3467,4041,4909,43,92
2024,2024nhgrs,Week 1,1512,126,1277,9055,9443,3566,44,28
2024,2024nhgrs,Week 1,5491,4906,95,6153,138,1058,41,81
2024,2024nhgrs,Week 1,58,131,6328,811,8708,9056,80,37
2024,2024nhgrs,Week 1,1307,8724,1058,3467,8023,238,47,19
2024,2024nhgrs,Week 1,6328,8708,157,4473,6153,4041,32,38
2024,2024nhgrs,Week 1,9056,138,1512,8023,4909,126,19,35
2024,2024nhgrs,Week 1,238,1247,5491,7913,4906,131,12,44
2024,2024nhgrs,Week 1,9443,58,4905,95,3566,1307,56,44
2024,2024nhgrs,Week 1,1277,811,8724,9055,2648,5687,52,70
2024,2024nhgrs,Week 1,1922,6329,126,5265,3467,1307,72,32
2024,2024nhgrs,Week 1,4909,1058,238,157,9056,1247,94,21
2024,2024nhgrs,Week 1,4906,1277,8023,4041,4905,811,49,56
2024,2024nhgrs,Week 1,6328,5687,1922,131,8708,9443,101,52
2024,2024nhgrs,Week 1,4473,5491,7913,6153,5265,9055,31,59
2024,2024nhgrs,Week 1,138,58,3566,2648,1512,8724,70,48
2024,2024nhgrs,Week 1,95,1058,131,6329,6328,4041,110,84
2024,2024nhgrs,Week 1,1247,8724,5265,126,9443,811,25,66
2024,2024nhgrs,Week 1,4473,1307,4909,5687,1277,138,46,83
2024,2024nhgrs,Week 1,4905,238,9056,5491,9055,1922,49,43
2024,2024nhgrs,Week 1,8708,7913,6153,3566,4906,6329,31,54
2024,2024nhgrs,Week 1,157,8023,1512,3467,2648,95,21,81
2024,2024nhgrs,Week 1,58,126,8708,4909,7913,5687,54,87
2024,2024nhgrs,Week 1,9056,95,4473,1307,6329,1512,75,57
2024,2024nhgrs,Week 1,238,3566,5265,138,9055,4906,7,43
2024,2024nhgrs,Week 1,8023,4041,1922,8724,5491,58,52,33
2024,2024nhgrs,Week 1,131,2648,157,4905,3467,6153,65,85
2024,2024nhgrs,Week 1,1247,9443,1277,1058,811,6328,44,74
2024,2024txkat,Week 1,2882,8576,2969,7616,9478,3728,41,16
2024,2024txkat,Week 1,624,2582,7492,9051,4328,6645,66,3
2024,2024txkat,Week 1,9448,9521,8144,231,7312,6488,2,58
2024,2024txkat,Week 1,5923,4587,9307,7418,8177,4639,15,33
2024,2024txkat,Week 1,3029,1255,9517,9512,8818,8556,6,17
2024,2024txkat,Week 1,9289,9515,9121,9081,9514,1477,3,41
2024,2024txkat,Week 1,5829,8369,9051,118,7616,8515,0,52
2024,2024txkat,Week 1,9517,9448,6645,9521,8576,7418,4,20
2024,2024txkat,Week 1,8556,1477,9289,2582,9512,9515,33,47
2024,2024txkat,Week 1,231,2882,9514,8177,8818,8369,43,13
2024,2024txkat,Week 1,7312,8515,7492,3029,3728,9121,39,4
2024,2024txkat,Week 1,4587,118,4328,1255,9478,8144,14,23
2024,2024txkat,Week 1,624,5923,9081,4639,2969,5829,41,27
2024,2024txkat,Week 1,6488,8818,9514,9307,2582,8515,11,51
2024,2024txkat,Week 1,9512,231,8576,2882,118,9051,26,38
2024,2024txkat,Week 1,7312,4328,1255,7616,9081,9289,27,6
2024,2024txkat,Week 1,9515,6488,5829,6645,4587,7418,7,7
2024,2024txkat,Week 1,8369,1477,9448,5923,3029,4639,55,23
2024,2024txkat,Week 1,9521,9121,9478,8556,8177,624,25,40
2024,2024txkat,Week 1,9517,8144,9307,2969,7492,3728,9,27
2024,2024txkat,Week 1,9051,4639,9515,118,6488,2582,26,62
2024,2024txkat,Week 1,6645,9521,9512,4328,5923,8818,31,7
2024,2024txkat,Week 1,3029,8369,7616,9517,9121,8177,10,11
2024,2024txkat,Week 1,1477,8515,8576,231,624,4587,30,32
2024,2024txkat,Week 1,7492,2882,5829,9448,3728,9081,18,6
2024,2024txkat,Week 1,8144,2969,9514,8556,7418,1255,22,15
2024,2024txkat,Week 1,9478,9307,4639,9289,7312,3029,45,20
2024,2024txkat,Week 1,8576,9121,624,2882,4587,9512,43,22
2024,2024txkat,Week 1,8177,7616,1477,9521,1255,8515,50,13
2024,2024txkat,Week 1,2969,7418,7312,8818,9051,7492,48,21
2024,2024txkat,Week 1,9081,5829,6645,2582,9517,9478,26,37
2024,2024txkat,Week 1,9307,8556,118,5923,9289,9448,28,4
2024,2024txkat,Week 1,8369,4328,3728,9515,8144,231,8,49
2024,2024txkat,Week 1,1255,9514,7616,6488,6645,624,8,35
2024,2024txkat,Week 1,2882,1477,9517,7312,9051,9307,39,41
2024,2024txkat,Week 1,118,9081,8144,3029,8818,9521,29,21
2024,2024txkat,Week 1,8515,9478,8177,7492,5923,9515,45,33
2024,2024txkat,Week 1,7418,9121,231,9448,4639,2582,25,47
2024,2024txkat,Week 1,3728,4587,6488,8369,9512,9289,6,26
2024,2024txkat,Week 1,4328,2969,8556,5829,8576,9514,35,27
2024,2024txkat,Week 1,8177,118,5923,624,8144,7312,33,58
2024,2024txkat,Week 1,9478,231,9081,1477,9512,7418,56,54
2024,2024txkat,Week 1,9521,4639,8556,9307,2882,4328,32,6
2024,2024txkat,Week 1,9514,3029,9051,4587,9517,5829,9,18
2024,2024txkat,Week 1,3728,8515,8818,6488,7616,9448,13,23
2024,2024txkat,Week 1,2582,6645,8576,8369,1255,9121,67,10
2024,2024txkat,Week 1,9289,7492,4328,2969,9515,3029,17,21
2024,2024txkat,Week 1,8144,4639,9512,9448,5829,8515,35,53
2024,2024txkat,Week 1,5923,9521,7312,3728,9514,2582,33,18
2024,2024txkat,Week 1,9289,7418,624,8177,1255,2882,41,21
2024,2024txkat,Week 1,9515,9478,4587,8818,9307,7616,27,24
2024,2024txkat,Week 1,1477,7492,6488,8576,118,9517,32,37
2024,2024txkat,Week 1,231,8556,8369,9081,9051,2969,37,4
2024,2024txkat,Week 1,6645,9289,8177,9121,7312,9512,9,61
2024,2024txkat,Week 1,1255,3728,118,8515,9517,7418,55,32
2024,2024txkat,Week 1,9051,6488,9521,9478,8369,2882,19,13
2024,2024txkat,Week 1,4587,7616,4639,7492,8144,8556,50,32
2024,2024txkat,Week 1,9081,3029,9307,6645,231,5923,10,52
2024,2024txkat,Week 1,9121,5829,2582,8818,2969,1477,31,40
2024,2024txkat,Week 1,8576,9515,9448,9514,624,4328,31,38
2024,2024txkat,Week 1,7616,5923,9517,118,9512,9478,14,47
2024,2024txkat,Week 1,5829,9521,231,4587,9289,1255,41,10
2024,2024txkat,Week 1,8515,6645,2969,8556,7312,2882,34,37
2024,2024txkat,Week 1,8818,9081,9515,4639,6488,8576,13,50
2024,2024txkat,Week 1,2582,8177,3029,3728,624,9051,35,20
2024,2024txkat,Week 1,4328,7418,8144,9307,1477,9121,6,61
2024,2024txkat,Week 1,9514,9448,118,7492,8369,9081,42,49
2024,2024txkat,Week 1,6488,2882,3029,2969,8177,4587,14,29
2024,2024txkat,Week 1,4639,9517,7312,9515,4328,9521,40,17
2024,2024txkat,Week 1,7418,9307,8369,5829,624,7616,13,44
2024,2024txkat,Week 1,1255,2582,8818,9478,9448,7492,43,40
2024,2024txkat,Week 1,8576,9051,9289,8144,8515,5923,33,35
2024,2024txkat,Week 1,1477,231,3728,9121,8556,6645,80,31
2024,2024txkat,Week 1,9512,7492,1255,9514,9307,9521,42,22
2024,2024txkat,Week 1,624,9448,8818,9517,9289,2969,33,18
2024,2024txkat,Week 1,7418,5829,9478,7312,8576,8369,24,57
2024,2024txkat,Week 1,9051,8556,5923,9121,9081,6488,31,28
2024,2024txkat,Week 1,9512,3728,8177,4639,6645,118,18,59
2024,2024txkat,Week 1,8515,9514,4587,4328,3029,231,20,37
2024,2024txkat,Week 1,7616,9515,2882,8144,2582,1477,17,74
2024,2024txwac,Week 1,3743,5866,2950,6180,3310,6800,6,41
2024,2024txwac,Week 1,8088,8858,9655,8408,4734,8769,47,19
2024,2024txwac,Week 1,3005,9533,5986,2789,2687,6377,51,31
2024,2024txwac,Week 1,1164,3481,2714,2881,9088,5503,39,15
2024,2024txwac,Week 1,2689,1745,2468,7125,5613,9577,50,13
2024,2024txwac,Week 1,3802,8874,2848,8842,8528,2158,22,10
2024,2024txwac,Week 1,6974,9311,9088,5212,5986,2950,12,10
2024,2024txwac,Week 1,6800,5503,2687,6377,7125,4734,43,24
2024,2024txwac,Week 1,8408,2158,6180,9577,8769,2714,13,45
2024,2024txwac,Week 1,9533,3310,2468,2689,1164,3802,69,35
2024,2024txwac,Week 1,9655,2881,1745,8874,8842,8088,42,44
2024,2024txwac,Week 1,9311,5212,3481,5866,2789,8528,20,30
2024,2024txwac,Week 1,8858,3743,6974,5613,3005,2848,28,29
2024,2024txwac,Week 1,6377,6800,1164,9577,2158,8088,44,28
2024,2024txwac,Week 1,3310,2689,8874,9088,5986,9655,51,31
2024,2024txwac,Week 1,3005,2950,1745,5212,6180,2881,67,13
2024,2024txwac,Week 1,3743,3802,5613,5866,3481,4734,29,13
2024,2024txwac,Week 1,2848,2468,9311,5503,6974,9533,54,13
2024,2024txwac,Week 1,2687,8842,7125,2714,8528,8858,27,52
2024,2024txwac,Week 1,8769,1164,5866,2789,8408,2881,39,18
2024,2024txwac,Week 1,9655,3802,6377,9533,6180,9088,40,18
2024,2024txwac,Week 1,6800,8088,7125,5212,3005,8874,52,28
2024,2024txwac,Week 1,2950,2689,2789,2687,2714,8408,34,45
2024,2024txwac,Week 1,6974,2848,3310,2468,2158,5503,55,49
2024,2024txwac,Week 1,8842,1745,8769,5986,3743,3481,30,13
2024,2024txwac,Week 1,4734,5613,8528,9311,9577,8858,21,20
2024,2024txwac,Week 1,2881,6377,8088,2689,6974,7125,70,27
2024,2024txwac,Week 1,8769,9088,8874,2950,3802,2687,45,32
2024,2024txwac,Week 1,9655,8528,6180,5986,5503,5613,18,16
2024,2024txwac,Week 1,3481,3310,8842,1164,3005,2158,38,78
2024,2024txwac,Week 1,3743,6800,8408,9533,1745,9311,75,9
2024,2024txwac,Week 1,2789,2714,5212,4734,2468,9577,10,73
2024,2024txwac,Week 1,8858,2848,9088,5866,2689,8088,33,55
2024,2024txwac,Week 1,8528,7125,8408,3743,3310,5503,30,49
2024,2024txwac,Week 1,2468,6800,5212,2950,9655,3481,68,47
2024,2024txwac,Week 1,1164,9577,2687,1745,2848,6180,44,9
2024,2024txwac,Week 1,2789,8769,9533,5613,6974,8874,25,24
2024,2024txwac,Week 1,4734,3802,2158,8842,9311,3005,24,58
2024,2024txwac,Week 1,5986,2881,2714,8858,6377,5866,42,44
2024,2024txwac,Week 1,8769,8088,2848,3481,2468,7125,40,73
2024,2024txwac,Week 1,9088,4734,2789,8874,5503,8528,20,25
2024,2024txwac,Week 1,3310,9655,1164,9311,2687,2881,46,46
2024,2024txwac,Week 1,2158,8858,2689,5212,9533,3743,40,16
2024,2024txwac,Week 1,5613,2950,6377,3802,5866,8842,38,30
2024,2024txwac,Week 1,2714,3005,6974,1745,9577,6800,60,51
2024,2024txwac,Week 1,5986,6180,4734,8408,5212,2848,15,44
2024,2024txwac,Week 1,2468,2881,3743,9088,2158,2687,49,77
2024,2024txwac,Week 1,3005,9577,5866,2689,9533,9655,77,22
2024,2024txwac,Week 1,5613,8088,1745,3802,8408,3310,33,50
2024,2024txwac,Week 1,6377,8874,2714,6974,1164,8528,62,33
2024,2024txwac,Week 1,8858,2789,5503,2950,6800,8842,37,45
2024,2024txwac,Week 1,7125,9311,5986,6180,3481,8769,17,31
2024,2024txwac,Week 1,8088,5212,9088,2714,5613,3310,70,51
2024,2024txwac,Week 1,8408,8874,2950,2848,6377,3743,14,38
2024,2024txwac,Week 1,4734,2687,2689,3481,2789,6974,50,26
2024,2024txwac,Week 1,5503,1164,6180,6800,8858,8769,20,64
2024,2024txwac,Week 1,5866,9655,2158,7125,1745,3802,15,42
2024,2024txwac,Week 1,2881,9533,9577,8842,5986,2468,33,48
2024,2024txwac,Week 1,9311,8528,3310,3005,8769,6377,50,81
2024,2024txwac,Week 1,3802,5503,3481,2687,6974,5212,36,30
2024,2024txwac,Week 1,9577,8842,2689,8874,6180,5866,24,17
2024,2024txwac,Week 1,9088,8408,5613,2848,2881,6800,18,61
2024,2024txwac,Week 1,1745,5986,8858,8088,2789,9311,74,30
2024,2024txwac,Week 1,8528,3743,3005,2468,2714,9655,72,92
2024,2024txwac,Week 1,2158,7125,9533,1164,2950,4734,13,18
2024,2024txwac,Week 1,2881,8769,5613,6377,5212,8842,26,34
2024,2024txwac,Week 1,8528,2468,3802,6800,2689,5986,51,26
2024,2024txwac,Week 1,6180,2950,6974,3481,8408,8858,11,44
2024,2024txwac,Week 1,2158,2848,2789,9655,7125,3743,43,20
2024,2024txwac,Week 1,5503,5866,9311,8088,2687,3005,34,68
2024,2024txwac,Week 1,2714,4734,9533,1745,9088,1164,44,35
2024,2024txwac,Week 1,9577,8874,2789,3310,8858,2881,24,64
2024,2024txwac,Week 1,2687,5866,5986,2158,5613,6800,31,50
2024,2024txwac,Week 1,2848,2714,2689,8769,9311,3802,68,23
2024,2024txwac,Week 1,5503,9655,5212,8874,3743,1164,21,39
2024,2024txwac,Week 1,6180,6377,2468,3310,4734,1745,71,60
2024,2024txwac,Week 1,8528,3481,9577,9533,8088,2950,23,20
2024,2024txwac,Week 1,6974,8842,8408,7125,9088,3005,13,57
2024,2024orore,Week 1,6443,1540,847,9600,2733,4662,30,21
2024,2024orore,Week 1,2550,955,3674,2811,2926,2557,32,65
2024,2024orore,Week 1,2915,9567,4127,3218,6831,5970,14,14
2024,2024orore,Week 1,9430,9438,5468,2635,6696,6343,26,16
2024,2024orore,Week 1,7034,4488,1359,749,4061,9613,34,13
2024,2024orore,Week 1,2915,2733,6343,5920,2557,1540,19,27
2024,2024orore,Week 1,6696,749,4488,9600,2926,7034,47,35
2024,2024orore,Week 1,4061,9567,2550,955,4662,5970,34,7
2024,2024orore,Week 1,3218,5468,1359,2811,3674,6443,36,47
2024,2024orore,Week 1,9613,5920,9438,4127,6831,9430,5,33
2024,2024orore,Week 1,2635,5970,9567,7034,847,955,33,37
2024,2024orore,Week 1,4662,5920,6696,4488,9438,2733,10,53
2024,2024orore,Week 1,4061,2915,6443,2557,749,3218,15,30
2024,2024orore,Week 1,2550,9613,2811,6343,1540,4127,37,14
2024,2024orore,Week 1,9430,1359,2635,5468,3674,6831,40,39
2024,2024orore,Week 1,9600,847,6343,9613,955,2926,37,25
2024,2024orore,Week 1,6831,4662,4488,2811,9430,5970,37,61
2024,2024orore,Week 1,1540,2550,3674,6696,4061,847,57,17
2024,2024orore,Week 1,7034,5920,1359,9600,2915,2557,36,33
2024,2024orore,Week 1,9567,6443,3218,9438,2635,2926,42,19
2024,2024orore,Week 1,4127,5468,955,749,2733,2915,10,26
2024,2024orore,Week 1,9613,6343,4662,3674,847,3218,22,71
2024,2024orore,Week 1,749,9600,2811,6696,9430,9567,70,19
2024,2024orore,Week 1,6831,2635,1540,5468,5970,4488,23,40
2024,2024orore,Week 1,2926,1359,2550,6443,9438,7034,36,39
2024,2024orore,Week 1,2557,4061,6831,5920,4127,2733,41,27
2024,2024orore,Week 1,1540,2915,9613,4662,3218,2635,21,22
2024,2024orore,Week 1,5920,2811,4061,9438,4127,847,68,9
2024,2024orore,Week 1,5970,749,2926,1359,2557,955,11,40
2024,2024orore,Week 1,4488,6343,6443,3674,6696,9567,69,53
2024,2024orore,Week 1,2733,7034,9430,5468,2550,9600,62,27
2024,2024orore,Week 1,3674,2926,4127,2635,9567,4488,36,64
2024,2024orore,Week 1,2557,3218,9438,1359,1540,9600,41,35
2024,2024orore,Week 1,7034,9613,6696,955,6443,5920,35,34
2024,2024orore,Week 1,2733,5970,4061,9430,4662,749,13,48
2024,2024orore,Week 1,847,2811,2915,6831,2550,6343,43,14
2024,2024orore,Week 1,1540,955,2926,5468,9567,4662,40,29
2024,2024orore,Week 1,2635,3674,5920,6443,6831,749,35,31
2024,2024orore,Week 1,2915,5468,2557,4488,4127,9613,59,34
2024,2024orore,Week 1,6343,3218,9430,6696,1359,2733,49,25
2024,2024orore,Week 1,9438,9600,4061,2550,5970,7034,13,36
2024,2024orore,Week 1,847,6343,2557,1540,4488,2811,51,58
2024,2024orore,Week 1,4127,2550,749,3674,6696,5970,15,42
2024,2024orore,Week 1,2926,4061,9430,6831,7034,2915,44,21
2024,2024orore,Week 1,3218,955,2811,9613,9600,2635,52,22
2024,2024orore,Week 1,6443,2733,5468,9567,5920,847,30,31
2024,2024orore,Week 1,1359,2811,2635,4662,9438,2915,57,16
2024,2024orore,Week 1,9567,749,1540,847,5468,9613,45,34
2024,2024orore,Week 1,4127,6696,6443,4662,2557,7034,26,74
2024,2024orore,Week 1,5920,4488,9600,4061,1359,3674,33,52
2024,2024orore,Week 1,955,6831,9438,2550,3218,2733,17,16
2024,2024orore,Week 1,5970,9430,9600,6343,2926,5468,33,57
2024,2024orore,Week 1,3218,1540,6696,2811,7034,4061,42,54
2024,2024orore,Week 1,2733,2557,9567,1359,9613,6831,57,34
2024,2024orore,Week 1,9438,3674,749,2926,2915,5920,63,37
2024,2024orore,Week 1,4488,847,4662,9430,6443,2550,49,41
2024,2024orore,Week 1,5970,2635,4127,4061,6343,955,19,22
2024,2024orore,Week 1,2733,9613,5920,2926,4488,3218,30,44
2024,2024orore,Week 1,5970,6443,1359,847,9430,1540,52,55
2024,2024orore,Week 1,6343,4662,3674,2915,2635,2550,41,32
2024,2024orore,Week 1,2557,4127,6831,955,9600,6696,41,40
2024,2024orore,Week 1,749,7034,5468,9567,2811,9438,55,45
2024,2024caph,Week 1,4,3863,1159,9452,3328,2485,27,53
2024,2024caph,Week 1,5199,3759,696,3512,3255,5124,55,47
2024,2024caph,Week 1,4414,1165,8891,1197,1572,9635,12,30
2024,2024caph,Week 1,8119,9408,2102,8020,7157,5419,82,42
2024,2024caph,Week 1,9520,980,9505,4415,1148,2543,4,38
2024,2024caph,Week 1,9538,6036,4481,3647,3473,8006,51,43
2024,2024caph,Week 1,973,2429,6658,4501,2839,7777,29,12
2024,2024caph,Week 1,4201,3128,2658,4322,2710,498,63,39
2024,2024caph,Week 1,5137,2485,2543,6764,5124,8119,53,8
2024,2024caph,Week 1,980,8020,9452,8891,4481,3512,25,63
2024,2024caph,Week 1,9635,2429,2839,1148,4,9505,64,46
2024,2024caph,Week 1,4201,4415,3328,696,2658,1572,37,48
2024,2024caph,Week 1,5419,6658,3759,1165,6036,3128,36,64
2024,2024caph,Week 1,9408,1197,3647,1159,6764,973,72,17
2024,2024caph,Week 1,4414,4501,3473,9520,5199,3863,73,21
2024,2024caph,Week 1,2710,7777,8006,2102,7157,4322,22,53
2024,2024caph,Week 1,3255,9635,5137,9538,3328,498,26,15
2024,2024caph,Week 1,1159,1197,3512,6658,4201,9505,36,58
2024,2024caph,Week 1,2658,9408,5124,2429,4481,9520,36,60
2024,2024caph,Week 1,3759,4322,2839,8119,3863,3647,7,60
2024,2024caph,Week 1,9538,4,7157,980,5419,4501,17,41
2024,2024caph,Week 1,1148,696,2710,8006,5137,5199,22,28
2024,2024caph,Week 1,6036,9452,7777,498,4414,4415,37,78
2024,2024caph,Week 1,3128,3255,1572,973,2543,8020,35,53
2024,2024caph,Week 1,3473,2102,1165,8891,6764,2485,32,42
2024,2024caph,Week 1,3863,3328,6658,9408,1148,8006,25,69
2024,2024caph,Week 1,3647,4322,9635,9452,696,9520,62,39
2024,2024caph,Week 1,4201,2839,498,8020,5199,4501,46,22
2024,2024caph,Week 1,2485,9505,1165,7157,973,2658,40,80
2024,2024caph,Week 1,980,8119,3255,2710,1197,6036,20,72
2024,2024caph,Week 1,3512,6764,3759,5419,1572,2429,35,53
2024,2024caph,Week 1,5124,1159,3128,2102,4415,9538,34,76
2024,2024caph,Week 1,3473,2543,8891,4414,4,5137,9,60
2024,2024caph,Week 1,4481,1165,980,7777,4201,8119,36,37
2024,2024caph,Week 1,6764,5419,9452,2839,2710,2658,49,28
2024,2024caph,Week 1,8020,5124,6036,3863,7157,9635,76,38
2024,2024caph,Week 1,3647,4501,5137,9505,9408,3128,78,53
2024,2024caph,Week 1,8006,8891,9538,3512,4415,2429,1,25
2024,2024caph,Week 1,1572,1159,3473,3255,7777,1148,10,51
2024,2024caph,Week 1,1197,498,2543,3328,696,2102,45,32
2024,2024caph,Week 1,973,4414,5199,4322,4481,4,69,53
2024,2024caph,Week 1,6658,9520,2710,3759,2485,9538,34,33
2024,2024caph,Week 1,9505,9452,3255,1165,8006,5124,43,17
2024,2024caph,Week 1,7777,2658,5419,8891,3863,696,56,10
2024,2024caph,Week 1,7157,5199,1197,2543,3128,2429,69,44
2024,2024caph,Week 1,2485,2839,4481,3328,4322,3512,75,25
2024,2024caph,Week 1,1572,980,4,498,6658,9408,61,45
2024,2024caph,Week 1,5137,1159,4201,6036,9520,973,41,73
2024,2024caph,Week 1,1148,3647,6764,2102,8020,4414,37,60
2024,2024caph,Week 1,4415,9635,4501,3759,8119,3473,38,24
2024,2024caph,Week 1,2658,8006,4322,1197,5124,980,17,33
2024,2024caph,Week 1,9520,8891,1572,2839,6036,7157,18,69
2024,2024caph,Week 1,6764,9538,8020,696,9505,7777,3,45
2024,2024caph,Week 1,5199,4201,2485,9635,3759,9408,63,43
2024,2024caph,Week 1,8119,3512,9452,3473,973,1148,28,64
2024,2024caph,Week 1,2543,1165,2710,498,4501,1159,26,17
2024,2024caph,Week 1,2429,3647,4414,5419,5137,3328,71,49
2024,2024caph,Week 1,4481,2102,3863,4415,6658,3255,50,36
2024,2024caph,Week 1,4,8006,6764,3128,9520,8119,31,43
2024,2024caph,Week 1,7777,9538,9408,9452,2543,3759,74,29
2024,2024caph,Week 1,9505,973,3328,5199,2710,8891,37,53
2024,2024caph,Week 1,4322,8020,4415,6658,5137,1165,37,50
2024,2024caph,Week 1,4501,3512,2102,9635,2658,6036,47,59
2024,2024caph,Week 1,7157,2429,980,3255,4414,1159,29,40
2024,2024caph,Week 1,2485,498,1148,4481,5419,4201,60,69
2024,2024caph,Week 1,696,3128,1197,3863,3473,2839,70,7
2024,2024caph,Week 1,5124,1572,4415,2710,3647,4,40,69
2024,2024caph,Week 1,2658,8119,8020,1159,9538,5199,31,39
2024,2024caph,Week 1,5137,498,973,8006,3759,7157,39,53
2024,2024caph,Week 1,3328,9635,4481,3128,980,6764,56,40
2024,2024caph,Week 1,4,3512,9520,1165,7777,1197,26,16
2024,2024caph,Week 1,2839,3255,696,9408,2485,4414,51,75
2024,2024caph,Week 1,2429,9452,3863,1572,2102,4201,36,74
2024,2024caph,Week 1,4501,1148,6658,5124,8891,3647,32,40
2024,2024caph,Week 1,6036,3473,5419,2543,9505,4322,107,20
2024,2024casj,Week 1,841,8546,253,6884,5104,6918,30,27
2024,2024casj,Week 1,5026,9125,2367,7419,2035,8404,27,13
2024,2024casj,Week 1,2473,668,1351,6348,2073,4990,54,32
2024,2024casj,Week 1,972,1967,2288,192,581,3309,46,53
2024,2024casj,Week 1,8048,670,5027,3008,2813,604,36,39
2024,2024casj,Week 1,3859,100,3256,1868,987,3189,49,38
2024,2024casj,Week 1,7413,1678,6238,9470,9114,9504,62,29
2024,2024casj,Week 1,8404,9125,581,253,668,5027,49,17
2024,2024casj,Week 1,972,5104,2813,2288,3256,2073,24,27
2024,2024casj,Week 1,1868,192,9114,2367,9504,4990,14,29
2024,2024casj,Week 1,6884,3008,3859,670,2473,7419,30,62
2024,2024casj,Week 1,1678,8048,2035,3309,987,7413,80,51
2024,2024casj,Week 1,1351,604,841,6348,1967,9470,119,32
2024,2024casj,Week 1,6918,100,8546,3189,5026,6238,12,41
2024,2024casj,Week 1,668,2288,2367,4990,7413,6884,34,25
2024,2024casj,Week 1,2073,9114,7419,3309,841,5027,29,15
2024,2024casj,Week 1,9504,8546,5026,972,2473,1868,32,45
2024,2024casj,Week 1,100,253,2035,3859,9470,8048,24,35
2024,2024casj,Week 1,3008,670,3189,581,1967,1351,34,51
2024,2024casj,Week 1,5104,604,8404,1678,6918,2813,71,71
2024,2024casj,Week 1,192,3256,6348,987,6238,9125,44,45
2024,2024casj,Week 1,841,7413,5026,670,2288,3859,40,53
2024,2024casj,Week 1,2813,4990,100,9504,1967,7419,58,34
2024,2024casj,Week 1,1868,2367,8048,604,6238,581,37,92
2024,2024casj,Week 1,987,972,2073,6884,8404,253,86,41
2024,2024casj,Week 1,9114,8546,668,1678,3008,3256,22,84
2024,2024casj,Week 1,9125,2473,3309,6918,192,1351,48,42
2024,2024casj,Week 1,6348,5104,3189,5027,2035,9470,29,28
2024,2024casj,Week 1,7419,581,3859,8404,8048,2073,75,53
2024,2024casj,Week 1,3309,1868,1967,668,6884,670,43,34
2024,2024casj,Week 1,192,972,9504,2035,987,8546,35,50
2024,2024casj,Week 1,9470,3189,2288,6918,2367,9114,51,20
2024,2024casj,Week 1,6348,3008,253,100,7413,5104,18,58
2024,2024casj,Week 1,5027,604,3256,4990,5026,1351,71,45
2024,2024casj,Week 1,6238,2813,2473,1678,841,9125,51,88
2024,2024casj,Week 1,3859,6918,8404,5104,670,192,43,34
2024,2024casj,Week 1,5026,9470,987,4990,3309,3008,52,16
2024,2024casj,Week 1,2073,6884,1967,3189,3256,7413,35,42
2024,2024casj,Week 1,1868,1678,2288,5027,7419,6348,60,31
2024,2024casj,Week 1,6238,100,668,2473,2035,604,56,69
2024,2024casj,Week 1,8546,972,9125,9114,8048,841,37,58
2024,2024casj,Week 1,253,581,2367,2813,1351,9504,66,30
2024,2024casj,Week 1,2288,3309,6918,100,1868,2073,36,40
2024,2024casj,Week 1,5104,7419,3008,192,3189,604,35,59
2024,2024casj,Week 1,2813,668,987,1351,3859,8546,49,38
2024,2024casj,Week 1,9504,670,1678,3256,9125,9470,92,48
2024,2024casj,Week 1,2035,841,581,4990,253,9114,86,23
2024,2024casj,Week 1,8048,6238,6884,8404,5026,1967,14,59
2024,2024casj,Week 1,972,5027,7413,2367,6348,2473,36,48
2024,2024casj,Week 1,604,9504,3309,2073,3859,3189,72,49
2024,2024casj,Week 1,581,987,9114,6918,5026,670,70,37
2024,2024casj,Week 1,2288,2473,4990,1967,8048,9125,56,49
2024,2024casj,Week 1,253,9470,1678,5027,6884,192,88,5
2024,2024casj,Week 1,1351,6238,5104,7419,668,972,27,47
2024,2024casj,Week 1,841,100,6348,2367,3256,8404,58,31
2024,2024casj,Week 1,7413,2035,3008,8546,2813,1868,33,35
2024,2024casj,Week 1,668,4990,1678,3189,6918,972,96,35
2024,2024casj,Week 1,3309,6348,3859,581,5027,9504,26,34
2024,2024casj,Week 1,2473,9114,1967,987,2367,5104,62,62
2024,2024casj,Week 1,3008,8546,9470,6238,2288,7419,31,121
2024,2024casj,Week 1,7413,8404,670,9125,1351,100,51,48
2024,2024casj,Week 1,3256,1868,6884,604,253,8048,45,35
2024,2024casj,Week 1,5026,192,2035,841,2073,2813,23,59
2024,2024casj,Week 1,5104,5027,4990,6238,8404,972,17,55
2024,2024casj,Week 1,604,3859,668,9114,7413,2288,42,48
2024,2024casj,Week 1,987,1351,8048,9470,841,1868,56,61
2024,2024casj,Week 1,7419,3309,5026,3256,253,2473,53,67
2024,2024casj,Week 1,1967,3008,6918,9504,6348,2035,28,29
2024,2024casj,Week 1,670,2073,581,8546,1678,2367,73,51
2024,2024casj,Week 1,2813,9125,192,6884,3189,100,28,41
2024,2024casj,Week 1,1967,5027,987,3859,5104,253,62,36
2024,2024casj,Week 1,9470,6918,7413,3256,581,972,27,84
2024,2024casj,Week 1,2367,2073,604,9125,1868,3008,32,45
2024,2024casj,Week 1,8546,4990,6238,670,2813,3309,29,70
2024,2024casj,Week 1,3189,9504,2473,2288,8404,841,32,58
2024,2024casj,Week 1,2035,1351,6884,9114,1678,100,21,76
2024,2024casj,Week 1,8048,7419,192,5026,6348,668,60,31
2024,2024cthar,Week 1,2170,1740,6346,7869,5746,228,36,21
2024,2024cthar,Week 1,8085,7760,1768,3634,2064,3314,42,30
2024,2024cthar,Week 1,7407,181,571,3182,3146,7694,40,42
2024,2024cthar,Week 1,97,7127,1991,4987,1071,5112,22,13
2024,2024cthar,Week 1,173,236,1699,175,4572,9193,35,20
2024,2024cthar,Week 1,8013,7694,228,7760,177,3464,43,34
2024,2024cthar,Week 1,7127,5746,4572,9193,1699,7869,37,55
2024,2024cthar,Week 1,3634,175,7407,1768,6346,8013,49,52
2024,2024cthar,Week 1,2170,3146,4987,97,2064,3464,16,27
2024,2024cthar,Week 1,181,236,1991,3314,8085,177,23,49
2024,2024cthar,Week 1,571,1740,1071,3182,173,5112,46,32
2024,2024cthar,Week 1,7760,8013,4572,5746,3314,181,30,9
2024,2024cthar,Week 1,2170,7127,7694,3182,228,236,37,53
2024,2024cthar,Week 1,7407,177,9193,173,175,2064,63,43
2024,2024cthar,Week 1,8085,1991,3146,7869,6346,1071,49,29
2024,2024cthar,Week 1,3634,97,1740,1768,571,4987,12,55
2024,2024cthar,Week 1,3464,8085,2170,1699,5112,175,30,44
2024,2024cthar,Week 1,571,3634,5746,3314,3146,6346,24,53
2024,2024cthar,Week 1,1991,7869,8013,1699,7694,2064,57,54
2024,2024cthar,Week 1,228,1071,177,1768,9193,236,47,50
2024,2024cthar,Week 1,173,181,4572,1740,4987,7760,24,35
2024,2024cthar,Week 1,5112,97,7407,3464,7127,3182,26,31
2024,2024cthar,Week 1,1991,4572,2170,228,571,8085,18,64
2024,2024cthar,Week 1,2064,7760,6346,173,97,1071,22,10
2024,2024cthar,Week 1,5112,3314,7127,1740,175,177,33,52
2024,2024cthar,Week 1,1768,3182,1699,3464,7869,181,65,37
2024,2024cthar,Week 1,236,7694,3634,4987,7407,5746,38,39
2024,2024cthar,Week 1,9193,228,3146,8013,571,3464,38,59
2024,2024cthar,Week 1,175,2170,3314,7127,1699,3634,61,41
2024,2024cthar,Week 1,7694,5746,97,8085,173,1740,20,66
2024,2024cthar,Week 1,2064,7869,3182,4572,177,3146,22,62
2024,2024cthar,Week 1,9193,5112,7760,6346,1991,4987,18,47
2024,2024cthar,Week 1,181,1071,1768,8013,7407,236,66,79
2024,2024cthar,Week 1,3146,175,97,1740,228,4572,44,39
2024,2024cthar,Week 1,7694,1768,7869,4987,8085,7127,70,36
2024,2024cthar,Week 1,177,173,6346,236,5112,571,59,39
2024,2024cthar,Week 1,3182,181,9193,2170,3634,8013,35,29
2024,2024cthar,Week 1,1071,5746,1699,1991,7407,2064,68,22
2024,2024cthar,Week 1,3464,3146,5112,7760,3314,7869,39,16
2024,2024cthar,Week 1,4987,2064,228,175,7694,571,22,67
2024,2024cthar,Week 1,7407,3182,7760,4572,8085,236,57,61
2024,2024cthar,Week 1,3314,8013,1071,177,2170,97,54,43
2024,2024cthar,Week 1,5746,6346,9193,181,1740,7127,36,47
2024,2024cthar,Week 1,1699,3464,1991,3634,1768,173,63,47
2024,2024cthar,Week 1,3146,236,2064,5746,2170,5112,37,26
2024,2024cthar,Week 1,177,4987,7694,6346,1699,8085,22,76
2024,2024cthar,Week 1,9193,3314,173,181,97,228,56,31
2024,2024cthar,Week 1,175,8013,3182,1740,1991,1768,60,49
2024,2024cthar,Week 1,4572,3464,3634,7407,1071,7127,27,62
2024,2024cthar,Week 1,7869,571,177,7760,1699,97,55,50
2024,2024cthar,Week 1,228,7127,173,8085,8013,5746,43,60
2024,2024cthar,Week 1,571,7760,2170,4572,7407,1768,16,88
2024,2024cthar,Week 1,6346,5112,181,1071,3464,7694,27,37
2024,2024cthar,Week 1,2064,9193,1740,1991,3182,3314,38,71
2024,2024cthar,Week 1,236,4987,175,7869,3634,3146,44,28
2024,2024cthar,Week 1,3314,1768,3464,7694,1991,173,88,24
2024,2024cthar,Week 1,6346,4572,571,177,3634,181,56,33
2024,2024cthar,Week 1,5112,7869,8085,7127,9193,8013,35,73
2024,2024cthar,Week 1,3146,1740,7407,228,2170,1699,59,51
2024,2024cthar,Week 1,97,4987,3182,5746,7760,175,33,30
2024,2024cthar,Week 1,1071,2064,8085,236,3464,1740,48,82
2024,2024cthar,Week 1,1699,4572,3314,7694,6346,7407,72,62
2024,2024cthar,Week 1,97,236,7869,571,9193,1991,35,39
2024,2024cthar,Week 1,8013,173,4987,1071,3182,2170,63,33
2024,2024cthar,Week 1,7127,1768,175,3146,181,7760,88,29
2024,2024cthar,Week 1,5112,228,3634,2064,177,5746,44,45
2024,2024inmis,Week 1,461,6956,5402,45,1024,5484,43,47
2024,2024inmis,Week 1,7477,3936,135,2909,9554,1646,38,8
2024,2024inmis,Week 1,2197,9530,2867,9071,9119,9431,48,5
2024,2024inmis,Week 1,6721,7198,8103,2171,1501,829,39,55
2024,2024inmis,Week 1,3940,71,328,3176,1555,4272,51,63
2024,2024inmis,Week 1,9530,3865,5402,3147,135,9554,9,44
2024,2024inmis,Week 1,6956,3940,5484,7477,9431,461,46,19
2024,2024inmis,Week 1,2867,3176,328,8103,3936,1501,47,52
2024,2024inmis,Week 1,829,1555,9119,45,9071,7198,54,19
2024,2024inmis,Week 1,6721,1024,3147,4272,2171,2909,38,24
2024,2024inmis,Week 1,3865,1646,7198,2197,71,1555,22,51
2024,2024inmis,Week 1,8103,7477,9119,5484,3936,3147,42,12
2024,2024inmis,Week 1,2867,3940,461,3865,6721,328,71,31
2024,2024inmis,Week 1,6956,4272,9530,71,5402,2171,49,41
2024,2024inmis,Week 1,829,45,9554,3176,2197,2909,60,27
2024,2024inmis,Week 1,9071,1501,1024,135,9431,1646,64,34
2024,2024inmis,Week 1,7477,829,4272,9530,9119,2171,38,9
2024,2024inmis,Week 1,461,8103,9071,3176,5402,9431,49,40
2024,2024inmis,Week 1,7198,5484,135,3147,328,2909,42,33
2024,2024inmis,Week 1,3936,9554,6721,6956,45,3865,20,30
2024,2024inmis,Week 1,2867,1646,1501,3940,1555,1024,65,53
2024,2024inmis,Week 1,135,2197,9071,71,45,3936,39,47
2024,2024inmis,Week 1,1555,2909,3865,461,1024,3176,16,53
2024,2024inmis,Week 1,1646,6956,7477,8103,829,3147,40,61
2024,2024inmis,Week 1,1501,9554,3940,7198,71,2867,63,32
2024,2024inmis,Week 1,9119,6721,5402,9431,328,2171,60,18
2024,2024inmis,Week 1,3940,4272,2197,5484,9530,1501,61,43
2024,2024inmis,Week 1,7198,9554,9431,2867,6721,7477,19,40
2024,2024inmis,Week 1,328,3936,1024,2197,829,6956,27,49
2024,2024inmis,Week 1,45,3147,461,9071,9530,71,58,21
2024,2024inmis,Week 1,3865,3176,9119,4272,8103,1646,25,81
2024,2024inmis,Week 1,2171,135,1555,5402,5484,2909,43,57
2024,2024inmis,Week 1,328,7477,45,1024,1646,71,34,48
2024,2024inmis,Week 1,1501,2909,9431,3865,4272,5484,43,57
2024,2024inmis,Week 1,5402,8103,2867,135,829,6721,64,57
2024,2024inmis,Week 1,1555,461,9530,2171,2197,3936,22,33
2024,2024inmis,Week 1,7198,6956,3147,9071,3940,3176,30,40
2024,2024inmis,Week 1,9119,2909,71,5484,2867,9554,15,34
2024,2024inmis,Week 1,9530,9431,45,328,1555,8103,32,35
2024,2024inmis,Week 1,2197,3147,3865,1501,3176,7477,49,71
2024,2024inmis,Week 1,4272,461,7198,135,9119,6956,56,22
2024,2024inmis,Week 1,3936,1646,9071,6721,2171,3940,27,40
2024,2024inmis,Week 1,829,1024,3865,9554,5402,1555,59,42
2024,2024inmis,Week 1,9431,8103,2197,71,461,1501,33,85
2024,2024inmis,Week 1,2909,2867,3936,1646,5402,829,25,63
2024,2024inmis,Week 1,6956,3176,6721,45,135,4272,44,70
2024,2024inmis,Week 1,1024,7198,2171,7477,9071,5484,47,38
2024,2024inmis,Week 1,9119,328,9554,3147,9530,3940,17,54
2024,2024inmis,Week 1,9431,3865,3936,3176,7198,829,17,41
2024,2024inmis,Week 1,9554,71,7477,4272,9071,328,4,59
2024,2024inmis,Week 1,5402,135,3940,6721,2197,461,73,55
2024,2024inmis,Week 1,1024,2909,9530,1555,1501,6956,26,75
2024,2024inmis,Week 1,8103,2171,45,9119,3147,2867,60,36
2024,2024inmis,Week 1,71,5484,3176,9530,6721,1646,67,37
2024,2024inmis,Week 1,1501,45,5402,3940,7477,7198,68,32
2024,2024inmis,Week 1,1646,328,2197,2909,6956,8103,53,70
2024,2024inmis,Week 1,9431,3147,1555,3936,9119,4272,23,44
2024,2024inmis,Week 1,5484,461,829,1024,2867,135,55,47
2024,2024inmis,Week 1,2171,9071,6956,9554,3865,8103,24,38
2024,2024inmis,Week 1,829,9431,71,2909,3940,45,15,64
2024,2024inmis,Week 1,1646,5484,9119,461,3865,135,50,67
2024,2024inmis,Week 1,9554,4272,1024,3936,7198,9530,65,15
2024,2024inmis,Week 1,3147,2171,3176,5402,7477,2197,58,54
2024,2024inmis,Week 1,1555,2867,9071,328,1501,6721,18,42
2024,2024mibat,Week 1,3536,1528,8608,9743,858,7256,27,12
2024,2024mibat,Week 1,4422,5256,9763,6078,9703,4327,45,33
2024,2024mibat,Week 1,5623,3357,6005,3658,9215,9106,45,27
2024,2024mibat,Week 1,5152,9239,8126,4381,9207,6002,19,50
2024,2024mibat,Week 1,7811,7203,7658,9759,4453,5248,10,13
2024,2024mibat,Week 1,6073,4810,3767,6618,9238,9542,37,27
2024,2024mibat,Week 1,5256,9239,9215,858,4327,9203,16,25
2024,2024mibat,Week 1,7256,7203,5248,9763,8126,3357,19,55
2024,2024mibat,Week 1,9207,7811,3658,3536,9743,3767,11,47
2024,2024mibat,Week 1,1528,9238,6078,4453,5152,4381,18,42
2024,2024mibat,Week 1,9106,5623,4422,9703,9542,6073,42,22
2024,2024mibat,Week 1,9759,6005,9203,4810,6618,6002,6,61
2024,2024mibat,Week 1,8608,6078,7256,7658,9215,9743,37,19
2024,2024mibat,Week 1,9106,4327,3357,6073,9207,9239,54,34
2024,2024mibat,Week 1,7203,6002,8126,9238,7811,858,37,13
2024,2024mibat,Week 1,4810,9203,5623,7658,1528,3658,14,24
2024,2024mibat,Week 1,9759,4381,9703,3767,4453,8608,31,45
2024,2024mibat,Week 1,9763,5152,5248,6618,5256,6005,45,60
2024,2024mibat,Week 1,4422,9239,9542,3536,9207,7658,37,29
2024,2024mibat,Week 1,9203,6002,9743,3357,6073,4453,38,58
2024,2024mibat,Week 1,858,9106,7203,4381,4810,1528,18,30
2024,2024mibat,Week 1,5256,3767,5152,4422,8608,6005,49,62
2024,2024mibat,Week 1,9703,3658,5248,4327,7256,9238,23,23
2024,2024mibat,Week 1,5623,9763,9215,8126,9542,9759,41,15
2024,2024mibat,Week 1,6618,6078,4453,7811,3536,4422,43,39
2024,2024mibat,Week 1,9239,9703,9743,6005,4327,1528,13,22
2024,2024mibat,Week 1,8608,7203,9207,3658,6073,5623,31,27
2024,2024mibat,Week 1,3357,9542,858,5256,6078,7658,69,56
2024,2024mibat,Week 1,9106,9238,4381,9763,6002,7811,49,36
2024,2024mibat,Week 1,7256,8126,3536,4810,5152,9215,34,45
2024,2024mibat,Week 1,5248,9203,9207,3767,9759,6618,11,37
2024,2024mibat,Week 1,9106,4453,7811,6002,858,5256,7,64
2024,2024mibat,Week 1,5623,4381,4327,7203,3536,4810,29,42
2024,2024mibat,Week 1,9743,9238,6005,5248,7658,9542,11,25
2024,2024mibat,Week 1,9703,3357,6618,6073,8126,8608,57,41
2024,2024mibat,Week 1,9203,5152,3658,6078,9763,9759,39,23
2024,2024mibat,Week 1,9239,1528,3767,9215,7256,4422,32,48
2024,2024mibat,Week 1,9238,5256,4810,4453,9743,5623,28,8
2024,2024mibat,Week 1,5248,6078,3536,9207,9106,8126,50,4
2024,2024mibat,Week 1,6618,3658,858,7256,4381,3357,28,44
2024,2024mibat,Week 1,4327,6073,9215,5152,4422,7658,40,48
2024,2024mibat,Week 1,6005,7811,9239,9203,8608,9703,10,33
2024,2024mibat,Week 1,9542,6002,3767,1528,9763,7203,68,20
2024,2024mibat,Week 1,3357,7658,9759,3536,6618,9106,24,46
2024,2024mibat,Week 1,5623,7811,5152,4327,5248,9239,29,30
2024,2024mibat,Week 1,6002,7256,9703,9238,3767,9203,51,8
2024,2024mibat,Week 1,9743,7203,6073,6005,858,6078,16,25
2024,2024mibat,Week 1,8126,4453,1528,5256,9207,9542,27,51
2024,2024mibat,Week 1,8608,4810,9763,3658,4422,4381,44,52
2024,2024mibat,Week 1,9759,3536,9238,9215,3357,9203,7,81
2024,2024mibat,Week 1,6078,5623,9207,3767,7256,7811,21,34
2024,2024mibat,Week 1,7203,9542,4381,9703,9106,5256,21,31
2024,2024mibat,Week 1,9763,6618,6073,9239,4810,858,57,39
2024,2024mibat,Week 1,6002,7658,4453,1528,5248,4422,45,43
2024,2024mibat,Week 1,9215,8608,9759,4327,8126,9743,32,38
2024,2024mibat,Week 1,3658,6005,7256,5152,9106,6073,32,47
2024,2024mibat,Week 1,9207,9763,9238,1528,5256,5623,37,24
2024,2024mibat,Week 1,7658,8608,4327,9203,4381,8126,57,39
2024,2024mibat,Week 1,7811,5248,3357,9542,3658,4810,42,19
2024,2024mibat,Week 1,4453,858,3536,6005,9703,5152,38,53
2024,2024mibat,Week 1,3767,9215,6078,9239,6618,7203,34,38
2024,2024mibat,Week 1,6002,4422,4327,9743,9759,9106,56,7
2024,2024mibat,Week 1,9542,3536,9763,858,5248,8608,19,35
2024,2024mibat,Week 1,7658,9703,4810,9207,3357,5152,32,69
2024,2024mibat,Week 1,4422,9203,6618,7203,5623,9238,46,3
2024,2024mibat,Week 1,6073,1528,7256,7811,9759,5256,41,25
2024,2024mibat,Week 1,4381,9743,6078,9215,6005,6002,48,39
2024,2024mibat,Week 1,8126,3767,3658,4453,9239,9763,29,45
2024,2024mibat,Week 1,858,9759,9207,9238,4422,9703,30,26
2024,2024mibat,Week 1,5248,6073,5256,4381,9215,3536,29,47
2024,2024mibat,Week 1,4810,4327,7811,6078,9203,9106,17,24
2024,2024mibat,Week 1,8126,7658,6618,8608,3658,6002,31,56
2024,2024mibat,Week 1,5152,9743,1528,3357,3767,7203,40,65
2024,2024mibat,Week 1,9542,6005,4453,7256,5623,9239,36,32
2024,2024miber,Week 1,5535,8297,6538,7814,1741,4337,12,35
2024,2024miber,Week 1,5314,4983,4237,7809,5182,7174,38,31
2024,2024miber,Week 1,3875,9758,573,7769,3452,7810,29,39
2024,2024miber,Week 1,5462,9566,2959,201,9754,5086,49,23
2024,2024miber,Week 1,4325,4956,9208,302,9228,2075,31,59
2024,2024miber,Week 1,7109,6588,9754,5086,8612,7602,12,49
2024,2024miber,Week 1,302,8297,4237,5182,1741,9566,50,34
2024,2024miber,Week 1,4983,4956,7814,6588,7810,7809,32,5
2024,2024miber,Week 1,201,9208,9758,4325,7109,3875,35,8
2024,2024miber,Week 1,7602,9228,5535,2075,7174,2959,33,36
2024,2024miber,Week 1,6538,8612,4337,573,7769,5314,28,51
2024,2024miber,Week 1,5462,5182,5535,3452,7809,4325,16,30
2024,2024miber,Week 1,1741,201,4237,9754,8297,5314,51,9
2024,2024miber,Week 1,9208,7602,7109,7174,9758,3452,30,52
2024,2024miber,Week 1,7814,6538,9228,8612,4956,573,17,41
2024,2024miber,Week 1,5462,2075,7769,2959,302,6588,53,53
2024,2024miber,Week 1,5086,9566,7810,3875,4337,4983,23,10
2024,2024miber,Week 1,9228,6588,3452,8297,7809,201,16,7
2024,2024miber,Week 1,4337,5314,2075,7602,4237,5462,39,45
2024,2024miber,Week 1,9758,4956,5182,7109,2959,5535,29,37
2024,2024miber,Week 1,4325,9754,7174,8612,7814,7810,39,28
2024,2024miber,Week 1,1741,9208,7769,9566,4983,6538,78,26
2024,2024miber,Week 1,3875,5086,8297,7810,573,302,26,44
2024,2024miber,Week 1,9228,9758,9566,7602,6588,6538,26,34
2024,2024miber,Week 1,7174,4983,7109,7769,4237,4325,37,56
2024,2024miber,Week 1,3452,2075,8612,1741,302,7809,72,54
2024,2024miber,Week 1,9208,573,5086,9754,5535,4956,32,29
2024,2024miber,Week 1,3875,5462,201,2959,7814,5182,15,51
2024,2024miber,Week 1,4337,7810,9754,3452,302,5314,8,38
2024,2024miber,Week 1,7814,7174,9566,201,9228,4956,45,35
2024,2024miber,Week 1,6588,4983,8297,6538,7109,4237,23,48
2024,2024miber,Week 1,7769,5182,8612,9208,5462,4337,79,29
2024,2024miber,Week 1,2075,4325,5086,5535,9758,5314,80,25
2024,2024miber,Week 1,2959,7809,3875,573,7602,1741,34,53
2024,2024miber,Week 1,8297,9228,7810,5086,4337,7769,6,66
2024,2024miber,Week 1,4956,7174,6588,9758,8612,5462,39,32
2024,2024miber,Week 1,5314,4325,7602,201,5182,4983,46,19
2024,2024miber,Week 1,9566,573,9754,2075,6538,3875,27,74
2024,2024miber,Week 1,7814,5535,9208,2959,1741,3452,36,34
2024,2024miber,Week 1,7809,4237,9228,7109,302,9758,70,46
2024,2024miber,Week 1,5182,7602,2075,8297,7769,7814,42,57
2024,2024miber,Week 1,7809,9754,8612,4956,5314,9566,32,56
2024,2024miber,Week 1,4325,2959,4337,5086,1741,7109,45,49
2024,2024miber,Week 1,7810,6538,201,4237,9208,6588,6,54
2024,2024miber,Week 1,302,3875,5535,4983,3452,5462,47,39
2024,2024miber,Week 1,4237,2959,573,7174,9208,9228,63,49
2024,2024miber,Week 1,7810,5314,5462,5535,9566,201,7,57
2024,2024miber,Week 1,5182,5086,302,7174,6538,1741,49,54
2024,2024miber,Week 1,7109,7809,7814,7769,3875,9754,10,43
2024,2024miber,Week 1,8297,2075,9758,4983,4325,8612,48,59
2024,2024miber,Week 1,4956,3452,7602,4337,6588,573,37,32
2024,2024miber,Week 1,6538,2959,7769,5182,7810,4325,90,14
2024,2024miber,Week 1,4337,4237,3452,2075,9566,9208,53,116
2024,2024miber,Week 1,4983,573,7809,9754,5462,9228,29,6
2024,2024miber,Week 1,5314,3875,1741,4956,7109,8297,42,25
2024,2024miber,Week 1,302,7174,7602,8612,5535,6588,52,40
2024,2024miber,Week 1,3452,201,7814,9758,5086,4983,16,37
2024,2024miber,Week 1,5535,7769,7174,4237,3875,4956,60,59
2024,2024miber,Week 1,6588,7814,5086,7809,5314,9208,15,39
2024,2024miber,Week 1,9754,2075,1741,9228,4337,5182,82,14
2024,2024miber,Week 1,8612,201,7109,6538,5462,302,32,47
2024,2024miber,Week 1,9758,7602,2959,9566,4325,8297,62,41
2024,2024miber,Week 1,7810,5535,4983,573,7109,2075,28,83
2024,2024miber,Week 1,9208,9754,6538,5462,8297,7174,35,44
2024,2024miber,Week 1,5314,5086,2959,9228,8612,3875,68,44
2024,2024miber,Week 1,1741,7810,4956,7602,7769,7809,47,52
2024,2024miber,Week 1,9566,4337,302,4237,7814,9758,56,46
2024,2024miber,Week 1,573,3452,5182,6588,201,4325,33,51
2024,2024mibkn,Week 1,8373,4568,6081,7221,7226,5577,46,43
2024,2024mibkn,Week 1,4216,3414,6556,8423,1023,8522,36,34
2024,2024mibkn,Week 1,7656,5066,5205,5708,6150,7254,30,10
2024,2024mibkn,Week 1,9312,7501,4377,9210,5559,5704,35,10
2024,2024mibkn,Week 1,6570,5676,9209,5144,9183,7197,22,43
2024,2024mibkn,Week 1,3773,1076,8374,2611,7289,8728,25,58
2024,2024mibkn,Week 1,6150,8300,6591,7790,8424,9210,23,20
2024,2024mibkn,Week 1,9183,5577,5704,5559,1023,5066,22,49
2024,2024mibkn,Week 1,6081,3414,6570,4568,7501,1076,87,36
2024,2024mibkn,Week 1,5676,7221,3773,4216,9209,5205,42,20
2024,2024mibkn,Week 1,7790,8300,5144,6556,8423,7254,29,31
2024,2024mibkn,Week 1,8374,8373,4377,9312,8522,7289,22,56
2024,2024mibkn,Week 1,6591,2611,7226,7197,8728,7656,31,60
2024,2024mibkn,Week 1,5708,7221,9183,8424,8300,4568,21,4
2024,2024mibkn,Week 1,1023,9210,6150,7289,5066,5144,30,42
2024,2024mibkn,Week 1,5704,8522,6556,8373,9209,2611,25,38
2024,2024mibkn,Week 1,5205,4377,7790,4216,1076,6081,29,70
2024,2024mibkn,Week 1,8728,7254,3414,5577,7501,7197,46,70
2024,2024mibkn,Week 1,5676,7226,5559,8374,5708,6591,53,17
2024,2024mibkn,Week 1,8423,7656,8424,3773,9312,6570,28,39
2024,2024mibkn,Week 1,8522,9183,3414,6081,7790,7501,44,45
2024,2024mibkn,Week 1,8374,7254,9209,4568,4216,6150,4,37
2024,2024mibkn,Week 1,5144,7226,8728,8300,8423,5559,52,16
2024,2024mibkn,Week 1,6591,1023,3773,4377,7221,6570,25,40
2024,2024mibkn,Week 1,7289,5704,7197,6556,7656,5708,45,31
2024,2024mibkn,Week 1,5066,9312,9210,2611,1076,5676,34,86
2024,2024mibkn,Week 1,5577,5144,8373,5205,8424,9183,71,12
2024,2024mibkn,Week 1,5704,8423,8728,9209,6150,7289,35,41
2024,2024mibkn,Week 1,7254,7197,7790,9210,6081,7221,28,50
2024,2024mibkn,Week 1,9312,5205,1076,5066,7501,8300,66,37
2024,2024mibkn,Week 1,8424,8373,7226,1023,6556,5676,59,50
2024,2024mibkn,Week 1,5708,4568,3414,3773,8522,7656,12,25
2024,2024mibkn,Week 1,2611,8374,4216,6570,6591,5577,34,44
2024,2024mibkn,Week 1,4377,5066,8423,6081,5559,8424,17,82
2024,2024mibkn,Week 1,7197,3773,9209,1023,1076,8373,24,79
2024,2024mibkn,Week 1,7254,7289,5577,7226,5708,9312,34,52
2024,2024mibkn,Week 1,7501,6570,7656,7790,7221,6556,62,8
2024,2024mibkn,Week 1,8522,5205,4568,5704,6591,5144,25,31
2024,2024mibkn,Week 1,5559,4216,9183,3414,2611,6150,15,71
2024,2024mibkn,Week 1,8728,8374,8300,4377,9210,5676,38,39
2024,2024mibkn,Week 1,1076,7289,8424,8522,6591,7254,56,46
2024,2024mibkn,Week 1,7197,5559,6556,5066,5577,4216,35,52
2024,2024mibkn,Week 1,6570,9210,8300,8373,5704,7221,55,21
2024,2024mibkn,Week 1,5205,6081,1023,9209,3414,9312,60,52
2024,2024mibkn,Week 1,7656,6150,5676,4377,4568,7226,51,34
2024,2024mibkn,Week 1,2611,5708,7501,8423,5144,8374,52,31
2024,2024mibkn,Week 1,6556,8728,3773,7790,9183,9312,25,50
2024,2024mibkn,Week 1,8522,9209,5559,1076,7254,6570,20,73
2024,2024mibkn,Week 1,7221,4568,7289,7197,8300,3414,30,62
2024,2024mibkn,Week 1,5708,6081,8423,6591,5205,8728,56,32
2024,2024mibkn,Week 1,6150,7790,5066,1023,5577,8374,55,41
2024,2024mibkn,Week 1,9210,5144,7501,7226,4216,7656,22,45
2024,2024mibkn,Week 1,8424,4377,5704,9183,2611,3773,28,45
2024,2024mibkn,Week 1,8373,6570,8522,5676,5066,5708,47,39
2024,2024mibkn,Week 1,8300,4216,1023,6081,7656,9209,35,63
2024,2024mibkn,Week 1,3414,8374,7221,5144,4377,2611,39,60
2024,2024mibkn,Week 1,5676,7289,7501,3773,8424,5577,62,52
2024,2024mibkn,Week 1,6591,9312,8423,6150,8373,7197,50,42
2024,2024mibkn,Week 1,5559,7790,1076,7226,7254,5704,79,44
2024,2024mibkn,Week 1,6556,9210,5205,4568,8728,9183,8,34
2024,2024mibkn,Week 1,6150,6081,4377,7289,6570,5708,76,45
2024,2024mibkn,Week 1,9312,1023,2611,8300,5676,7254,90,29
2024,2024mibkn,Week 1,9210,7197,8522,5559,3773,5205,47,19
2024,2024mibkn,Week 1,7501,8423,4216,5066,5704,4568,37,25
2024,2024mibkn,Week 1,9183,9209,6591,7226,8374,7790,9,46
2024,2024mibkn,Week 1,5577,6556,1076,7221,7656,5144,58,44
2024,2024mibkn,Week 1,3414,8424,1023,8728,8373,9210,68,43
2024,2024mibkn,Week 1,7254,3773,6081,5704,5676,8374,61,34
2024,2024mibkn,Week 1,5577,2611,8300,7501,7226,8522,58,66
2024,2024mibkn,Week 1,1076,7197,7221,9183,6150,8423,65,29
2024,2024mibkn,Week 1,7289,5559,8373,4216,5708,7790,39,14
2024,2024mibkn,Week 1,9209,6556,5066,3414,6591,4377,31,29
2024,2024mibkn,Week 1,6570,5144,4568,8424,8728,9312,35,69
2024,2024mibkn,Week 1,7656,7790,7289,8423,5205,2611,42,41
2024,2024mibkn,Week 1,9209,5577,5708,1076,3414,9210,34,55
2024,2024mibkn,Week 1,7221,9312,4216,8728,8522,5066,38,67
2024,2024mibkn,Week 1,5144,3773,6150,8300,6556,6081,32,41
2024,2024mibkn,Week 1,4568,5676,6591,7501,5704,1023,24,70
2024,2024mibkn,Week 1,5205,7197,7226,8374,6570,8424,52,32
2024,2024mibkn,Week 1,7254,9183,8373,7656,4377,5559,30,38
2024,2024ncwak,Week 1,435,6512,4816,6240,3489,7890,13,30
2024,2024ncwak,Week 1,5190,2642,4795,8804,8090,9150,36,1
2024,2024ncwak,Week 1,9259,6908,5607,587,8746,2059,15,32
2024,2024ncwak,Week 1,6502,8429,900,7671,3349,4829,33,19
2024,2024ncwak,Week 1,4861,6004,3229,8757,8758,7763,20,74
2024,2024ncwak,Week 1,8746,5190,7671,435,587,3349,32,35
2024,2024ncwak,Week 1,7763,9259,4861,900,6240,8758,31,30
2024,2024ncwak,Week 1,9150,3229,6512,4816,8090,6502,18,17
2024,2024ncwak,Week 1,2059,8804,7890,6004,2642,6908,21,38
2024,2024ncwak,Week 1,4829,3489,8757,5607,4795,8429,14,30
2024,2024ncwak,Week 1,6502,9150,4861,5190,7890,8746,32,37
2024,2024ncwak,Week 1,7763,3349,6240,5607,4795,7671,35,15
2024,2024ncwak,Week 1,9259,2059,4816,3489,3229,8804,10,19
2024,2024ncwak,Week 1,8090,435,900,8429,8758,6004,26,22
2024,2024ncwak,Week 1,6908,8757,587,6512,2642,4829,17,55
2024,2024ncwak,Week 1,900,8804,8746,3229,5607,3349,21,23
2024,2024ncwak,Week 1,7890,4795,6004,4829,5190,9259,44,17
2024,2024ncwak,Week 1,6240,8757,6512,9150,2059,8758,11,28
2024,2024ncwak,Week 1,2642,8090,3489,7671,6502,6908,29,18
2024,2024ncwak,Week 1,587,7763,435,4861,4816,8429,33,32
2024,2024ncwak,Week 1,3349,5607,8757,7890,900,6004,7,28
2024,2024ncwak,Week 1,9150,4816,4829,6240,7671,587,32,2
2024,2024ncwak,Week 1,3489,8429,7763,5190,6512,8804,43,13
2024,2024ncwak,Week 1,8746,8758,8090,9259,6502,4795,10,45
2024,2024ncwak,Week 1,2059,2642,6908,435,4861,3229,42,15
2024,2024ncwak,Week 1,4795,3349,3489,8757,587,9150,46,4
2024,2024ncwak,Week 1,3229,8746,6502,8429,7890,435,61,20
2024,2024ncwak,Week 1,6512,4861,5607,7671,6004,9259,25,16
2024,2024ncwak,Week 1,2059,6240,8090,2642,7763,900,12,65
2024,2024ncwak,Week 1,5190,4816,8804,4829,8758,6908,13,39
2024,2024ncwak,Week 1,6004,435,6502,3489,5607,587,21,5
2024,2024ncwak,Week 1,4816,6908,3229,9150,6240,5190,26,16
2024,2024ncwak,Week 1,4861,900,7671,6512,8090,4795,43,37
2024,2024ncwak,Week 1,4829,8804,7763,7890,8757,8746,52,35
2024,2024ncwak,Week 1,8758,9259,2642,2059,8429,3349,23,27
2024,2024ncwak,Week 1,435,8804,8757,7763,900,6512,4,56
2024,2024ncwak,Week 1,8746,3349,4816,4795,4861,2059,17,59
2024,2024ncwak,Week 1,6908,3489,5190,6240,6502,2642,18,27
2024,2024ncwak,Week 1,8429,7671,9150,5607,3229,8758,19,30
2024,2024ncwak,Week 1,7890,4829,587,6004,9259,8090,63,19
2024,2024ncwak,Week 1,8758,5190,5607,8757,7671,2059,73,18
2024,2024ncwak,Week 1,900,587,9259,4795,7763,4816,41,70
2024,2024ncwak,Week 1,2642,3229,6240,6502,435,4829,14,42
2024,2024ncwak,Week 1,3489,9150,8746,8429,6004,6512,33,58
2024,2024ncwak,Week 1,4861,7890,8090,8804,6908,3349,30,10
2024,2024ncwak,Week 1,4795,4829,8429,8746,5607,6240,61,28
2024,2024ncwak,Week 1,4816,7671,8758,7763,6908,7890,10,56
2024,2024ncwak,Week 1,587,6512,6502,3229,2059,900,32,57
2024,2024ncwak,Week 1,3349,9150,6004,8804,4861,2642,35,34
2024,2024ncwak,Week 1,8090,8757,5190,9259,435,3489,10,15
2024,2024ncwak,Week 1,6908,4795,6240,3349,900,4861,37,20
2024,2024ncwak,Week 1,8090,4829,2059,5607,7763,9150,55,45
2024,2024ncwak,Week 1,3229,9259,8429,4816,3489,8757,34,8
2024,2024ncwak,Week 1,8758,6502,8804,587,6004,5190,25,55
2024,2024ncwak,Week 1,2642,7890,7671,6512,8746,435,33,48
2024,2024ncwak,Week 1,6004,2059,5607,900,4816,3489,50,44
2024,2024ncwak,Week 1,8758,587,4795,8757,8429,2642,86,34
2024,2024ncwak,Week 1,3349,6512,7890,8090,4829,3229,34,42
2024,2024ncwak,Week 1,7671,6240,435,8804,9150,9259,6,46
2024,2024ncwak,Week 1,6502,5190,7763,6908,8746,4861,71,37
2024,2024njfla,Week 1,41,193,5310,8117,8588,8771,27,14
2024,2024njfla,Week 1,75,3340,219,56,5624,2577,3,31
2024,2024njfla,Week 1,5732,752,1218,3142,1279,1676,38,54
2024,2024njfla,Week 1,428,8075,9439,9424,11,5438,14,19
2024,2024njfla,Week 1,1811,4361,9116,223,6945,8513,34,49
2024,2024njfla,Week 1,222,1672,8588,8704,6016,56,39,29
2024,2024njfla,Week 1,1676,8117,9116,3142,8771,8513,27,39
2024,2024njfla,Week 1,5310,428,6945,219,1672,6016,13,40
2024,2024njfla,Week 1,1218,1811,1279,3340,8704,2577,58,20
2024,2024njfla,Week 1,5438,223,193,752,11,75,30,43
2024,2024njfla,Week 1,5732,9424,8075,41,222,9439,2,51
2024,2024njfla,Week 1,75,8704,5624,4361,752,428,32,38
2024,2024njfla,Week 1,223,6016,1279,219,193,8117,38,58
2024,2024njfla,Week 1,41,8513,9116,3340,1218,56,29,34
2024,2024njfla,Week 1,1811,2577,8771,1672,3142,5732,32,36
2024,2024njfla,Week 1,8588,8075,4361,1676,9424,9439,27,11
2024,2024njfla,Week 1,222,6945,11,5310,5438,5624,41,10
2024,2024njfla,Week 1,1218,8513,4361,1811,5732,8588,46,29
2024,2024njfla,Week 1,5310,219,8771,2577,41,11,37,30
2024,2024njfla,Week 1,5438,8704,1672,56,8117,9424,14,28
2024,2024njfla,Week 1,223,222,1676,75,428,6016,62,49
2024,2024njfla,Week 1,8075,3340,1279,9116,193,3142,7,48
2024,2024njfla,Week 1,752,5624,1676,6945,9439,1218,48,28
2024,2024njfla,Week 1,3142,2577,428,8075,5310,8513,29,40
2024,2024njfla,Week 1,6016,8588,5438,5624,9116,8771,21,24
2024,2024njfla,Week 1,9424,219,41,1672,3340,223,27,41
2024,2024njfla,Week 1,75,1811,56,1279,11,4361,46,49
2024,2024njfla,Week 1,193,752,6945,8117,5732,222,9,33
2024,2024njfla,Week 1,9439,4361,75,8704,219,8513,41,62
2024,2024njfla,Week 1,428,9424,193,752,8588,2577,49,0
2024,2024njfla,Week 1,8704,8075,223,1279,5732,5624,37,33
2024,2024njfla,Week 1,8771,11,1672,6945,9116,3340,48,22
2024,2024njfla,Week 1,1676,56,41,6016,5310,1811,47,45
2024,2024njfla,Week 1,8117,9439,3142,222,1218,5438,28,48
2024,2024njfla,Week 1,8771,56,193,9424,8704,5310,33,2
2024,2024njfla,Week 1,8075,8117,1218,428,223,11,32,42
2024,2024njfla,Week 1,5438,1811,41,222,1279,75,32,58
2024,2024njfla,Week 1,9116,1672,752,4361,219,3142,32,54
2024,2024njfla,Week 1,5624,6016,3340,8513,9439,5732,28,24
2024,2024njfla,Week 1,11,1676,8588,2577,6945,75,57,30
2024,2024njfla,Week 1,6016,8075,3142,1218,8771,8704,41,38
2024,2024njfla,Week 1,8588,56,6945,5732,41,428,28,43
2024,2024njfla,Week 1,8513,1676,5438,9424,223,752,49,47
2024,2024njfla,Week 1,1672,9439,1811,193,5624,222,40,38
2024,2024njfla,Week 1,2577,1279,5310,8117,3340,4361,30,37
2024,2024njfla,Week 1,9116,5732,8704,1676,428,219,25,64
2024,2024njfla,Week 1,8513,56,11,193,1672,1279,58,33
2024,2024njfla,Week 1,219,1218,5624,3340,222,1811,41,54
2024,2024njfla,Week 1,6945,3142,41,8588,9424,9116,35,21
2024,2024njfla,Week 1,2577,6016,9439,5438,75,8117,29,49
2024,2024njfla,Week 1,4361,5310,223,752,8771,8075,43,27
2024,2024njfla,Week 1,1279,6945,8704,9439,8588,193,20,23
2024,2024njfla,Week 1,8513,2577,8117,5624,41,223,45,33
2024,2024njfla,Week 1,8771,4361,5732,428,5438,3340,51,29
2024,2024njfla,Week 1,1672,75,9424,1218,9116,5310,32,41
2024,2024njfla,Week 1,56,222,219,1811,1676,8075,56,68
2024,2024njfla,Week 1,41,752,6016,11,3142,8704,42,51
2024,2024njfla,Week 1,6945,5624,8117,9116,2577,8075,41,23
2024,2024njfla,Week 1,5310,3142,222,1279,8513,428,45,59
2024,2024njfla,Week 1,8588,75,1218,56,5438,5732,58,28
2024,2024njfla,Week 1,6016,8771,9424,219,1811,752,30,57
2024,2024njfla,Week 1,11,193,3340,4361,1676,1672,25,64
2024,2024njfla,Week 1,223,9116,56,9439,5310,752,49,6
2024,2024njfla,Week 1,8704,4361,222,193,1218,2577,48,41
2024,2024njfla,Week 1,5624,428,8588,3142,223,1811,24,66
2024,2024njfla,Week 1,3340,8513,9424,11,8117,6016,39,43
2024,2024njfla,Week 1,5732,75,1676,8075,41,1672,52,20
2024,2024njfla,Week 1,9439,1279,219,8771,5438,6945,57,21
2024,2024pahat,Week 1,25,709,1403,6808,2590,427,45,44
2024,2024pahat,Week 1,4637,9027,5895,5684,5401,5407,47,34
2024,2024pahat,Week 1,2607,433,4285,303,1089,2559,56,15
2024,2024pahat,Week 1,3637,2234,2458,7414,423,1143,16,32
2024,2024pahat,Week 1,341,1391,816,5181,2095,1168,28,60
2024,2024pahat,Week 1,2539,708,423,2559,6226,5407,49,25
2024,2024pahat,Week 1,1168,2458,1089,6808,709,2234,58,21
2024,2024pahat,Week 1,816,2607,9027,341,4285,5684,50,71
2024,2024pahat,Week 1,2539,7414,2590,433,4637,427,33,25
2024,2024pahat,Week 1,6226,3637,2095,5181,5401,25,30,47
2024,2024pahat,Week 1,1143,303,1391,1403,708,5895,26,66
2024,2024pahat,Week 1,2559,1168,427,709,9027,2458,59,15
2024,2024pahat,Week 1,4285,5181,1089,5407,1143,25,58,29
2024,2024pahat,Week 1,433,341,708,1391,423,1403,44,44
2024,2024pahat,Week 1,303,2607,5895,816,6226,4637,73,12
2024,2024pahat,Week 1,5401,2539,6808,7414,2095,2234,46,20
2024,2024pahat,Week 1,2590,3637,341,1168,1391,5684,64,52
2024,2024pahat,Week 1,5895,427,2458,2095,6808,2607,40,39
2024,2024pahat,Week 1,4637,5407,3637,7414,2559,816,24,18
2024,2024pahat,Week 1,1403,2234,5181,708,9027,5401,44,36
2024,2024pahat,Week 1,2590,303,6226,25,423,4285,51,30
2024,2024pahat,Week 1,709,5684,1143,1089,2539,433,26,54
2024,2024pahat,Week 1,4285,1391,2095,2607,427,708,31,43
2024,2024pahat,Week 1,2539,2559,709,2458,816,25,65,29
2024,2024pahat,Week 1,9027,1403,303,7414,1168,3637,26,59
2024,2024pahat,Week 1,423,433,6808,5181,5895,341,16,82
2024,2024pahat,Week 1,1143,6226,2234,2590,5684,4637,28,54
2024,2024pahat,Week 1,5401,1089,7414,5407,1403,816,36,49
2024,2024pahat,Week 1,1391,2559,2458,427,2234,5684,35,49
2024,2024pahat,Week 1,433,1143,5401,25,341,9027,26,54
2024,2024pahat,Week 1,5895,1089,2095,6226,2539,1168,55,80
2024,2024pahat,Week 1,2590,5407,2607,303,3637,6808,69,42
2024,2024pahat,Week 1,4637,5181,423,708,4285,709,35,101
2024,2024pahat,Week 1,5684,2095,303,2234,1089,9027,39,21
2024,2024pahat,Week 1,427,709,5407,6226,2607,341,31,74
2024,2024pahat,Week 1,1168,5895,2590,1143,5181,2559,60,42
2024,2024pahat,Week 1,25,433,1391,2458,708,4637,33,15
2024,2024pahat,Week 1,4285,6808,7414,816,5401,423,49,39
2024,2024pahat,Week 1,3637,1403,5684,2539,5407,2095,61,50
2024,2024pahat,Week 1,6808,25,2559,6226,7414,1391,39,58
2024,2024pahat,Week 1,709,303,4637,341,1143,2539,26,64
2024,2024pahat,Week 1,423,2458,2607,5401,1168,1403,36,66
2024,2024pahat,Week 1,3637,427,4285,2234,5895,433,53,52
2024,2024pahat,Week 1,1089,816,708,5181,2590,9027,39,60
2024,2024pahat,Week 1,5401,5895,6226,2458,433,303,48,8
2024,2024pahat,Week 1,9027,6808,1168,4637,4285,2234,48,39
2024,2024pahat,Week 1,816,2095,1143,423,2590,2559,23,17
2024,2024pahat,Week 1,5684,7414,25,2607,709,3637,50,45
2024,2024pahat,Week 1,1403,2539,427,5407,1391,5181,76,25
2024,2024pahat,Week 1,1089,341,709,708,2559,3637,71,43
2024,2024pahat,Week 1,9027,6226,433,1391,2607,2539,26,84
2024,2024pahat,Week 1,427,816,5181,1143,4637,1089,39,38
2024,2024pahat,Week 1,341,7414,1403,4285,2458,2590,69,59
2024,2024pahat,Week 1,423,5407,1168,303,2234,5401,38,16
2024,2024pahat,Week 1,2095,25,708,5895,5684,6808,34,77
2024,2024pahat,Week 1,1168,4285,816,2559,1403,433,71,26
2024,2024pahat,Week 1,6808,2458,6226,9027,3637,1143,38,19
2024,2024pahat,Week 1,708,5684,5181,427,303,7414,46,33
2024,2024pahat,Week 1,2095,4637,5401,709,2590,1391,28,74
2024,2024pahat,Week 1,2234,341,5407,5895,25,2539,56,84
2024,2024pahat,Week 1,2607,4637,7414,1089,423,6226,33,36
2024,2024pahat,Week 1,5407,708,303,433,1168,709,26,34
2024,2024pahat,Week 1,2234,25,2590,3637,816,5895,55,59
2024,2024pahat,Week 1,5684,9027,423,1391,6808,1089,55,47
2024,2024pahat,Week 1,2559,5401,2607,2458,5181,2539,70,61
2024,2024pahat,Week 1,1403,1143,4285,2095,427,341,67,68
2024,2024qcmo,Week 1,296,6869,3990,5910,9406,3985,38,27
2024,2024qcmo,Week 1,3117,3533,9076,6929,9623,4952,17,14
2024,2024qcmo,Week 1,8132,7700,4955,5443,9234,7605,17,48
2024,2024qcmo,Week 1,5528,3360,4947,9102,3550,6872,54,21
2024,2024qcmo,Week 1,3544,2626,9624,7471,3532,3975,51,8
2024,2024qcmo,Week 1,8224,6622,5440,5439,6540,3996,26,44
2024,2024qcmo,Week 1,5528,3986,8152,8067,5618,3117,45,45
2024,2024qcmo,Week 1,5910,3975,9102,9234,6929,3532,36,42
2024,2024qcmo,Week 1,6872,296,8132,7700,7471,6622,25,41
2024,2024qcmo,Week 1,8224,9624,7605,3533,3986,5618,51,56
2024,2024qcmo,Week 1,9623,3550,3360,4952,3985,5440,35,27
2024,2024qcmo,Week 1,8152,4955,6869,6540,5443,9076,49,17
2024,2024qcmo,Week 1,8067,3990,9406,4947,3996,3544,61,63
2024,2024qcmo,Week 1,2626,3533,3985,5439,5440,8132,16,70
2024,2024qcmo,Week 1,9076,5618,8224,5528,296,5910,41,46
2024,2024qcmo,Week 1,9624,9102,3996,8152,9623,7471,41,19
2024,2024qcmo,Week 1,7605,4947,5439,3544,6540,3550,76,15
2024,2024qcmo,Week 1,2626,7700,9234,3117,3360,9406,40,42
2024,2024qcmo,Week 1,6869,8067,4952,6872,3975,6929,36,45
2024,2024qcmo,Week 1,3532,5443,4955,6622,3986,3990,36,47
2024,2024qcmo,Week 1,3996,9234,9076,3544,8224,3360,54,61
2024,2024qcmo,Week 1,7471,4947,5910,5440,7700,3550,50,28
2024,2024qcmo,Week 1,5443,5528,5439,6929,9624,5618,61,52
2024,2024qcmo,Week 1,6540,6872,3990,2626,3986,9623,43,45
2024,2024qcmo,Week 1,8152,4952,6622,3985,9102,296,41,23
2024,2024qcmo,Week 1,8132,7605,8067,6869,3117,3532,45,16
2024,2024qcmo,Week 1,3975,9406,4947,4955,3533,5528,72,26
2024,2024qcmo,Week 1,296,3550,7471,5618,3990,9234,20,44
2024,2024qcmo,Week 1,8132,9624,4952,6869,8224,5910,55,30
2024,2024qcmo,Week 1,9102,8152,6929,4955,2626,9406,35,38
2024,2024qcmo,Week 1,6872,9076,3532,6540,5440,3533,10,22
2024,2024qcmo,Week 1,3544,5439,3975,9623,7700,3117,80,39
2024,2024qcmo,Week 1,3986,7605,3360,3985,6622,3996,66,31
2024,2024qcmo,Week 1,9234,8067,3550,3533,9624,5443,46,43
2024,2024qcmo,Week 1,5439,3117,8152,3990,4947,5440,40,68
2024,2024qcmo,Week 1,6540,3360,7700,6929,5528,6869,14,71
2024,2024qcmo,Week 1,9102,3544,5443,296,9623,8224,77,13
2024,2024qcmo,Week 1,7471,9076,4952,3986,9406,3532,22,35
2024,2024qcmo,Week 1,6622,5910,8132,3996,8067,3975,47,49
2024,2024qcmo,Week 1,5618,6872,2626,4955,7605,3985,33,41
2024,2024qcmo,Week 1,5443,7471,6869,9102,5439,3360,28,37
2024,2024qcmo,Week 1,3986,5440,5910,8132,9406,6929,45,69
2024,2024qcmo,Week 1,3532,9623,7605,8224,9234,5528,59,46
2024,2024qcmo,Week 1,3550,3996,5618,9076,2626,3975,55,30
2024,2024qcmo,Week 1,7700,4952,3533,8152,3544,6872,37,48
2024,2024qcmo,Week 1,9624,3117,296,4947,4955,6540,35,16
2024,2024qcmo,Week 1,6929,8067,6622,3990,3985,3550,41,61
2024,2024qcmo,Week 1,7605,4952,5618,9623,8132,9102,71,27
2024,2024qcmo,Week 1,3533,5439,7471,5910,9076,4955,49,31
2024,2024qcmo,Week 1,3985,6869,3544,9624,5528,6622,35,41
2024,2024qcmo,Week 1,9406,3996,8224,6872,3117,5443,65,28
2024,2024qcmo,Week 1,2626,3532,5440,3986,296,4947,44,56
2024,2024qcmo,Week 1,9234,3975,6540,3360,8152,8067,30,50
2024,2024qcmo,Week 1,7700,9102,5528,3990,8132,3533,41,50
2024,2024qcmo,Week 1,7471,6929,3986,3996,6869,7605,48,95
2024,2024qcmo,Week 1,5910,8152,9234,6622,6540,2626,63,39
2024,2024qcmo,Week 1,4955,3360,296,8067,9623,5439,26,45
2024,2024qcmo,Week 1,5440,5618,5443,4952,3990,3544,14,69
2024,2024qcmo,Week 1,9406,6872,7700,3550,3532,9624,55,39
2024,2024qcmo,Week 1,3975,8224,3117,9076,4947,3985,25,32
2024,2024qcmo,Week 1,5528,3996,9623,4952,4955,3986,50,49
2024,2024qcmo,Week 1,3532,6622,3533,5618,5439,7700,23,46
2024,2024qcmo,Week 1,3990,6929,9076,4947,9234,6872,54,45
2024,2024qcmo,Week 1,3550,5910,2626,8224,5443,8067,55,33
2024,2024qcmo,Week 1,9406,3544,296,3360,3975,8132,26,52
2024,2024qcmo,Week 1,9624,3985,6540,3117,7471,9102,30,43
2024,2024qcmo,Week 1,6869,5440,9623,7605,8152,2626,18,64
2024,2024qcmo,Week 1,9234,8132,3986,3550,4952,5439,52,33
2024,2024qcmo,Week 1,8067,6540,9102,6622,9076,9406,45,45
2024,2024qcmo,Week 1,3117,4955,6929,5618,3544,5910,42,51
2024,2024qcmo,Week 1,9624,6869,6872,3533,296,3996,25,53
2024,2024qcmo,Week 1,3975,3990,5528,5440,7605,7471,56,38
2024,2024qcmo,Week 1,3985,3532,8224,7700,5443,8152,13,42
2024,2024qcmo,Week 1,4947,5618,9623,3360,5910,9624,45,68
2024,2024vaash,Week 1,2421,4505,620,8592,2998,1731,17,63
2024,2024vaash,Week 1,1522,3373,1599,2199,422,339,34,35
2024,2024vaash,Week 1,4286,540,2534,3136,612,4099,10,46
2024,2024vaash,Week 1,5954,9709,8590,539,1895,836,27,40
2024,2024vaash,Week 1,5587,6863,8326,2106,617,1731,21,72
2024,2024vaash,Week 1,5954,8592,1522,3136,4099,1599,39,59
2024,2024vaash,Week 1,4505,6863,9709,540,620,422,40,77
2024,2024vaash,Week 1,339,539,617,8590,2421,2106,33,24
2024,2024vaash,Week 1,8326,836,2998,612,2199,5587,45,25
2024,2024vaash,Week 1,2534,1895,2106,3373,4286,5954,48,8
2024,2024vaash,Week 1,9709,1599,2421,836,4505,617,30,23
2024,2024vaash,Week 1,422,6863,539,3136,5587,1522,42,34
2024,2024vaash,Week 1,4286,8592,2199,1731,620,8590,55,65
2024,2024vaash,Week 1,2998,1895,339,2534,8326,540,25,50
2024,2024vaash,Week 1,3373,612,6863,9709,836,4099,9,59
2024,2024vaash,Week 1,422,3136,8590,2998,4505,2534,53,15
2024,2024vaash,Week 1,1895,1599,612,1522,4286,2106,51,14
2024,2024vaash,Week 1,620,2199,8592,5954,617,540,43,0
2024,2024vaash,Week 1,4099,339,3373,1731,539,8326,37,83
2024,2024vaash,Week 1,2421,2199,2534,5587,1599,8590,38,34
2024,2024vaash,Week 1,620,4286,612,422,3373,4505,18,43
2024,2024vaash,Week 1,4099,2998,617,339,5954,9709,26,44
2024,2024vaash,Week 1,8326,8592,3136,6863,1731,1895,58,88
2024,2024vaash,Week 1,836,2421,1522,5587,2106,540,27,35
2024,2024vaash,Week 1,539,9709,4286,1599,8592,4505,32,45
2024,2024vaash,Week 1,620,1522,8326,2998,8590,3373,28,19
2024,2024vaash,Week 1,1731,422,2199,540,339,836,66,52
2024,2024vaash,Week 1,4099,2534,5587,2421,539,612,35,17
2024,2024vaash,Week 1,2106,5954,1895,6863,617,3136,33,59
2024,2024vaash,Week 1,1599,1731,2998,4099,422,8592,61,84
2024,2024vaash,Week 1,2534,836,6863,4286,5587,617,16,15
2024,2024vaash,Week 1,540,8590,539,1895,3373,620,12,45
2024,2024vaash,Week 1,339,612,2106,2421,3136,5954,24,30
2024,2024vaash,Week 1,8326,9709,4505,2199,1522,1895,44,52
2024,2024vaash,Week 1,8592,339,540,422,5587,539,33,48
2024,2024vaash,Week 1,2106,3136,836,1599,2998,4286,67,26
2024,2024vaash,Week 1,1731,2421,3373,2534,620,9709,63,34
2024,2024vaash,Week 1,1522,4099,6863,5954,2199,4505,40,33
2024,2024vaash,Week 1,617,8590,422,612,8326,2421,30,24
2024,2024vaash,Week 1,3136,540,2199,9709,1895,5587,33,39
2024,2024vaash,Week 1,8590,4099,8326,6863,2106,1599,34,27
2024,2024vaash,Week 1,836,1731,4286,539,5954,620,57,44
2024,2024vaash,Week 1,617,3373,8592,339,2534,1522,40,42
2024,2024vaash,Week 1,4505,612,1731,2998,836,539,49,59
2024,2024vaash,Week 1,2199,617,3373,8592,2534,3136,37,43
2024,2024vaash,Week 1,1522,540,2998,8326,2106,4099,19,34
2024,2024vaash,Week 1,4286,8590,1895,6863,339,2421,31,16
2024,2024vaash,Week 1,4505,5587,5954,612,9709,422,6,52
2024,2024vaash,Week 1,1599,8326,339,8592,620,836,51,36
2024,2024vaash,Week 1,3373,3136,5587,9709,1522,1731,55,52
2024,2024vaash,Week 1,620,1599,422,1895,4286,2421,59,24
2024,2024vaash,Week 1,4505,539,4099,2106,2998,2199,50,44
2024,2024vaash,Week 1,612,5954,2534,8590,540,6863,30,32
2024,2024vaash,Week 1,617,4099,620,1895,4505,3136,53,53
2024,2024vaash,Week 1,539,2106,9709,8590,2534,8592,46,42
2024,2024vaash,Week 1,5587,2421,2998,3373,6863,339,12,34
2024,2024vaash,Week 1,836,422,5954,2199,8326,4286,65,34
2024,2024vaash,Week 1,540,1731,1599,617,1522,612,55,3
2024,2024vabla,Week 1,1086,449,3361,1885,1629,9403,49,37
2024,2024vabla,Week 1,8230,6194,1793,6802,141,5724,10,29
2024,2024vabla,Week 1,3939,977,9033,5830,9496,9003,38,45
2024,2024vabla,Week 1,4575,4456,6189,401,1262,5804,26,48
2024,2024vabla,Week 1,4967,1885,449,9403,6194,977,40,18
2024,2024vabla,Week 1,5830,9003,3361,6802,4575,3939,15,47
2024,2024vabla,Week 1,5804,1262,5724,6189,8230,9033,40,23
2024,2024vabla,Week 1,4456,4967,401,141,1793,1629,38,39
2024,2024vabla,Week 1,9496,977,9033,1086,1262,3939,57,32
2024,2024vabla,Week 1,1793,5724,6189,141,6194,9403,18,14
2024,2024vabla,Week 1,1086,1629,5804,3361,9496,6802,63,56
2024,2024vabla,Week 1,8230,5830,401,4456,449,9003,33,31
2024,2024vabla,Week 1,6194,4967,4575,1885,9033,3361,31,16
2024,2024vabla,Week 1,5724,9003,141,4456,1793,977,29,36
2024,2024vabla,Week 1,9496,3939,8230,1885,1629,449,63,49
2024,2024vabla,Week 1,4967,401,1086,5830,1262,6189,80,22
2024,2024vabla,Week 1,449,6802,9403,6194,5804,4575,52,38
2024,2024vabla,Week 1,4967,141,5830,1262,4456,9496,30,50
2024,2024vabla,Week 1,6189,977,1885,1793,3939,3361,26,41
2024,2024vabla,Week 1,4575,6802,1629,9033,401,5724,48,46
2024,2024vabla,Week 1,9003,1086,8230,5804,9403,1793,35,46
2024,2024vabla,Week 1,3939,1629,1262,401,5724,6802,76,62
2024,2024vabla,Week 1,1885,9003,6194,9496,1086,141,22,58
2024,2024vabla,Week 1,977,5830,4575,5804,4967,8230,34,77
2024,2024vabla,Week 1,449,3361,4456,9033,9403,6189,54,21
2024,2024vabla,Week 1,401,9496,6194,1793,4575,9003,70,37
2024,2024vabla,Week 1,6189,449,5804,1629,5830,977,66,56
2024,2024vabla,Week 1,5724,3361,8230,1885,1086,4967,21,35
2024,2024vabla,Week 1,9403,9033,6802,1262,141,4456,50,36
2024,2024vabla,Week 1,1793,1629,6189,3939,1885,5830,54,29
2024,2024vabla,Week 1,3361,5804,977,5724,6802,9496,46,65
2024,2024vabla,Week 1,4456,9003,8230,6194,449,3939,25,30
2024,2024vabla,Week 1,401,141,4575,9403,1086,4967,49,44
2024,2024vabla,Week 1,6802,1262,5830,3939,9033,6194,36,8
2024,2024vabla,Week 1,6189,4456,1885,977,9003,5724,22,36
2024,2024vabla,Week 1,4575,1793,1086,8230,4967,1629,36,41
2024,2024vabla,Week 1,141,9033,5804,449,3361,401,37,79
2024,2024vabla,Week 1,1262,5724,6194,9496,9403,1885,44,19
2024,2024vabla,Week 1,1086,3939,9033,5804,4456,1793,45,23
2024,2024vabla,Week 1,9403,5830,3361,1262,4575,9003,20,34
2024,2024vabla,Week 1,1629,8230,6802,6189,9496,4967,49,54
2024,2024vabla,Week 1,141,401,3939,449,977,1086,42,54
2024,2024vabla,Week 1,1793,5804,6194,4967,3361,1262,35,46
2024,2024vabla,Week 1,4575,141,9496,449,5830,5724,58,34
2024,2024vabla,Week 1,9403,6802,1885,977,8230,401,21,58
2024,2024vabla,Week 1,9033,1629,4456,9003,6189,4967,55,53
2024,2024vabla,Week 1,1262,977,449,5830,6194,1793,14,15
2024,2024vabla,Week 1,1629,1885,141,9003,5804,9033,51,40
2024,2024vabla,Week 1,1086,4575,5724,6802,6189,3939,44,48
2024,2024vabla,Week 1,3361,4456,9496,401,9403,8230,59,30
2024,2024vabla,Week 1,1262,1885,9003,5804,6802,1086,13,77
2024,2024vabla,Week 1,449,1793,9496,8230,9033,4575,95,18
2024,2024vabla,Week 1,4967,3939,5830,3361,6189,141,46,17
2024,2024vabla,Week 1,4456,5724,9403,1629,401,6194,15,70
2024,2024vabla,Week 1,977,6189,6802,141,8230,449,52,34
2024,2024vabla,Week 1,9003,9403,1262,1629,5724,4967,27,65
2024,2024vabla,Week 1,3361,6194,4575,4456,3939,977,24,61
2024,2024vabla,Week 1,401,1885,1793,5830,9496,5804,48,76
2024,2024vabla,Week 1,9033,449,1262,1086,3361,4456,26,56
2024,2024vabla,Week 1,977,5804,141,9403,4575,1629,50,54
2024,2024vabla,Week 1,6194,6802,9496,1793,401,6189,64,38
2024,2024vabla,Week 1,5724,8230,1885,9033,1086,5830,35,40
2024,2024vabla,Week 1,3939,5804,449,9003,4967,401,70,68
2024,2024vabla,Week 1,9496,977,9403,6802,5830,4456,66,59
2024,2024vabla,Week 1,8230,1793,1262,4575,3361,1885,24,33
2024,2024vabla,Week 1,6194,6189,1086,141,9003,1629,29,80
2024,2024vabla,Week 1,9033,4967,1793,5724,3939,9403,45,46
2024,2024wasno,Week 1,2903,4513,6350,4918,3826,4512,12,9
2024,2024wasno,Week 1,5827,4915,2522,7627,4682,9450,11,27
2024,2024wasno,Week 1,4450,8248,4180,949,5941,4089,62,58
2024,2024wasno,Week 1,5937,3049,2930,3588,4173,360,21,46
2024,2024wasno,Week 1,3681,2412,948,1318,2980,4131,55,29
2024,2024wasno,Week 1,3268,9036,4180,2930,1778,2910,29,49
2024,2024wasno,Week 1,4089,2522,360,3681,1318,4513,68,44
2024,2024wasno,Week 1,4682,3268,4131,4918,949,2903,26,2
2024,2024wasno,Week 1,1778,3588,6350,948,4173,7627,31,27
2024,2024wasno,Week 1,3049,8248,9450,2910,4450,4512,23,68
2024,2024wasno,Week 1,3826,2412,2980,9036,5827,5937,45,51
2024,2024wasno,Week 1,4915,4918,4450,5941,6350,2522,32,44
2024,2024wasno,Week 1,4513,2910,4173,2412,5827,949,68,23
2024,2024wasno,Week 1,2930,4915,3681,4180,2903,1318,53,17
2024,2024wasno,Week 1,948,5941,4512,360,4682,9036,56,64
2024,2024wasno,Week 1,3268,2980,1778,8248,5937,4089,41,36
2024,2024wasno,Week 1,4131,9450,3826,7627,3049,3588,27,13
2024,2024wasno,Week 1,3268,360,1318,4450,4173,9036,61,42
2024,2024wasno,Week 1,4512,4180,5937,4915,2412,3049,24,24
2024,2024wasno,Week 1,8248,948,2910,2522,2930,9450,68,83
2024,2024wasno,Week 1,4131,3588,5941,1778,5827,4682,24,62
2024,2024wasno,Week 1,6350,3826,949,3681,4918,4089,26,63
2024,2024wasno,Week 1,4513,7627,2930,2903,2980,3049,48,41
2024,2024wasno,Week 1,4180,948,4918,3681,1778,8248,41,50
2024,2024wasno,Week 1,4450,3588,2980,4131,4915,4173,48,46
2024,2024wasno,Week 1,360,9450,2903,2412,6350,3268,46,20
2024,2024wasno,Week 1,4089,4512,5827,4682,2522,3826,45,58
2024,2024wasno,Week 1,1318,949,2910,4513,5941,5937,70,45
2024,2024wasno,Week 1,9450,9036,2980,7627,3681,6350,61,28
2024,2024wasno,Week 1,2412,1318,4512,4180,2910,4089,30,73
2024,2024wasno,Week 1,8248,7627,5827,3588,2930,3268,51,41
2024,2024wasno,Week 1,4682,4915,4513,9036,3049,5941,46,43
2024,2024wasno,Week 1,4173,5937,2903,2522,4131,4918,19,47
2024,2024wasno,Week 1,360,949,4450,1778,3826,948,44,66
2024,2024wasno,Week 1,4918,3268,3049,5941,8248,4682,16,47
2024,2024wasno,Week 1,4512,1778,2522,2930,2980,949,54,23
2024,2024wasno,Week 1,4173,3681,5827,2903,9036,2412,37,40
2024,2024wasno,Week 1,3588,3826,4513,4915,2910,360,33,98
2024,2024wasno,Week 1,4450,1318,6350,4180,4131,7627,26,46
2024,2024wasno,Week 1,9450,4089,3268,948,5937,360,28,46
2024,2024wasno,Week 1,2522,2412,3588,3049,6350,4180,32,46
2024,2024wasno,Week 1,9036,4918,4513,9450,4512,4173,50,23
2024,2024wasno,Week 1,2980,5941,4915,4089,4131,2903,65,51
2024,2024wasno,Week 1,5827,4450,3826,2930,948,1318,55,53
2024,2024wasno,Week 1,2910,3681,4682,5937,7627,1778,71,41
2024,2024wasno,Week 1,949,4512,4915,8248,1318,3588,15,23
2024,2024wasno,Week 1,9450,4180,3681,4173,4682,2980,49,67
2024,2024wasno,Week 1,5941,2903,1778,2910,2522,9036,53,82
2024,2024wasno,Week 1,4513,5827,948,3268,4450,5937,60,41
2024,2024wasno,Week 1,949,4131,3049,6350,4089,2930,49,43
2024,2024wasno,Week 1,4918,7627,2412,3826,360,8248,33,64
2024,2024wasno,Week 1,3049,948,4450,4512,2903,3681,54,36
2024,2024wasno,Week 1,2980,4089,7627,2910,4918,3588,51,54
2024,2024wasno,Week 1,3826,2930,5941,949,4173,4180,49,36
2024,2024wasno,Week 1,6350,5937,4682,9036,8248,4915,52,35
2024,2024wasno,Week 1,2412,360,4131,2522,4513,3268,56,55
2024,2024wasno,Week 1,1318,3049,1778,6350,9450,5827,70,36
2024,2024wasno,Week 1,5937,3588,3681,5941,4450,2412,30,63
2024,2024wasno,Week 1,7627,2903,2910,948,949,9450,51,41
2024,2024wasno,Week 1,2980,4180,2522,3826,3268,4915,76,31
2024,2024wasno,Week 1,4089,1778,4173,4512,4513,8248,50,36
2024,2024wasno,Week 1,4131,9036,2930,1318,4682,4918,45,58
2024,2024wasno,Week 1,360,4512,7627,5827,4180,5941,56,61
2024,2024wasno,Week 1,4915,9450,1318,2903,3268,948,21,29
2024,2024wasno,Week 1,4682,2930,2412,1778,4513,4450,49,77
2024,2024wasno,Week 1,3588,4089,9036,3049,3681,3826,34,41
2024,2024wasno,Week 1,4173,6350,8248,5827,2910,4131,34,87
2024,2024wasno,Week 1,5937,2522,949,2980,360,4918,38,53
2024,2024isde3,Week 1,7067,1690,7845,1580,3065,5135,74,48
2024,2024isde3,Week 1,7177,3339,1576,9303,3083,1577,62,24
2024,2024isde3,Week 1,6740,1574,9740,6230,3316,4416,66,34
2024,2024isde3,Week 1,4338,3835,5654,5635,5715,6741,47,47
2024,2024isde3,Week 1,2679,6738,5291,9740,5987,8175,61,37
2024,2024isde3,Week 1,3339,6230,9303,3835,7067,3065,66,61
2024,2024isde3,Week 1,7177,1580,3316,4338,5291,1574,35,64
2024,2024isde3,Week 1,6738,5987,5715,8175,1576,3083,66,12
2024,2024isde3,Week 1,2679,4416,5654,6741,5135,7845,38,31
2024,2024isde3,Week 1,9740,6740,1577,1690,9303,5635,45,81
2024,2024isde3,Week 1,3083,2679,7845,3835,1580,1574,43,72
2024,2024isde3,Week 1,6740,5987,6741,1577,7067,3316,71,51
2024,2024isde3,Week 1,4338,6230,7177,3065,3339,1576,33,68
2024,2024isde3,Week 1,4416,5291,1690,6738,5654,5635,79,64
2024,2024isde3,Week 1,3339,5715,8175,5135,1576,5987,72,13
2024,2024isde3,Week 1,6741,9303,6738,2679,1577,4338,54,58
2024,2024isde3,Week 1,8175,1690,7067,3083,1574,4416,59,46
2024,2024isde3,Week 1,3316,5715,3835,5135,6230,5654,78,42
2024,2024isde3,Week 1,7845,3065,9740,5291,7177,6740,69,36
2024,2024isde3,Week 1,8175,6230,5635,1580,1690,4338,15,87
2024,2024isde3,Week 1,9303,2679,5135,1576,4416,3065,30,33
2024,2024isde3,Week 1,6738,3316,7177,3339,3083,5291,62,82
2024,2024isde3,Week 1,7067,5654,6740,1577,1580,1574,72,53
2024,2024isde3,Week 1,5715,7845,5987,5635,9740,3835,51,59
2024,2024isde3,Week 1,6741,2679,3065,6740,1576,4338,50,54
2024,2024isde3,Week 1,5635,3835,3083,5135,6738,7067,50,59
2024,2024isde3,Week 1,5715,9303,1580,9740,7177,1690,26,93
2024,2024isde3,Week 1,3339,4416,6741,3316,7845,8175,68,55
2024,2024isde3,Week 1,1577,5654,5291,5987,1574,6230,45,54
2024,2024isde3,Week 1,7067,5635,1580,5715,2679,6740,33,63
2024,2024isde3,Week 1,1576,3835,9303,6738,4338,4416,38,27
2024,2024isde3,Week 1,3065,1574,5291,5987,1577,3339,46,104
2024,2024isde3,Week 1,6230,3083,9740,8175,6741,5135,36,27
2024,2024isde3,Week 1,5654,3316,1690,7845,7177,9303,96,22
2024,2024isde3,Week 1,6230,1580,2679,3835,3339,6738,7,104
2024,2024isde3,Week 1,1577,7067,6741,5654,9740,1576,41,65
2024,2024isde3,Week 1,5635,7845,4416,7177,5987,3083,40,52
2024,2024isde3,Week 1,6740,3065,8175,5135,5291,5715,58,70
2024,2024isde3,Week 1,6741,4338,3316,1690,7067,1574,49,115
2024,2024isde3,Week 1,3065,7845,6738,5654,8175,9303,79,30
2024,2024isde3,Week 1,4416,1577,5135,2679,5635,7177,6,38
2024,2024isde3,Week 1,3083,4338,3339,5291,9740,1580,89,28
2024,2024isde3,Week 1,3835,6740,1690,5987,3316,5715,120,45
2024,2024isde3,Week 1,1574,6741,1576,6230,6738,1580,50,0
2024,2024isde3,Week 1,1690,3065,1577,3083,5715,5654,81,55
2024,2024isde3,Week 1,5291,8175,4338,7067,5635,3339,44,82
2024,2024isde3,Week 1,1574,5135,7177,5987,3835,2679,43,47
2024,2024isde3,Week 1,4416,9303,9740,7845,6740,6230,50,54
2024,2024isde3,Week 1,1576,1690,5715,3316,3339,2679,85,62
2024,2024isde3,Week 1,9740,3083,7067,7177,6741,3835,67,45
2024,2024isde3,Week 1,3316,1576,6230,3065,5654,7845,41,76
2024,2024isde3,Week 1,1580,4338,5987,4416,8175,1577,63,70
2024,2024isde3,Week 1,5291,5135,5635,9303,6738,6740,29,60
2024,2024isde3,Week 1,1574,8175,2679,5715,7177,7067,57,62
2024,2024isde3,Week 1,9303,5291,5987,1690,6741,6230,42,78
2024,2024isde3,Week 1,1574,5635,3316,4338,9740,3065,99,62
2024,2024isde3,Week 1,5654,5135,3339,1580,6740,3083,86,42
2024,2024isde3,Week 1,1576,1577,6738,7845,4416,3835,65,78
2024,2024tnkn,Week 1,2010,9097,3140,3984,1014,4020,24,59
2024,2024tnkn,Week 1,9152,3824,6302,4630,6517,3843,11,31
2024,2024tnkn,Week 1,3966,7431,4265,2872,801,4462,41,57
2024,2024tnkn,Week 1,1592,2393,7428,2783,9668,5744,43,35
2024,2024tnkn,Week 1,6107,5005,1466,3139,7516,2856,41,16
2024,2024tnkn,Week 1,234,538,6517,4630,3821,3140,63,20
2024,2024tnkn,Week 1,2393,4462,7516,3824,3139,3984,23,49
2024,2024tnkn,Week 1,5744,9097,538,234,801,6107,14,73
2024,2024tnkn,Week 1,4020,6302,2783,4265,1592,2872,63,87
2024,2024tnkn,Week 1,7431,1466,9152,1014,3821,3966,42,23
2024,2024tnkn,Week 1,3843,9668,7428,2856,2010,5005,46,52
2024,2024tnkn,Week 1,2872,6107,2393,801,7431,3821,33,40
2024,2024tnkn,Week 1,1014,3140,3139,9152,4630,5744,34,30
2024,2024tnkn,Week 1,2010,4265,3984,2783,7428,5005,50,51
2024,2024tnkn,Week 1,9668,538,4462,6517,1466,4020,35,56
2024,2024tnkn,Week 1,2856,3966,9097,3824,1592,3843,14,28
2024,2024tnkn,Week 1,6302,7516,6107,234,9152,5005,18,29
2024,2024tnkn,Week 1,5744,2010,2872,4265,4462,6517,41,58
2024,2024tnkn,Week 1,1592,1466,801,3843,3140,3966,65,24
2024,2024tnkn,Week 1,9668,3139,3821,3984,6302,9097,8,32
2024,2024tnkn,Week 1,2783,538,4630,3824,2856,7431,51,41
2024,2024tnkn,Week 1,2393,1014,234,7428,4020,7516,34,72
2024,2024tnkn,Week 1,4462,3140,2783,6302,9668,5005,50,23
2024,2024tnkn,Week 1,538,3843,4265,6107,4630,3984,26,44
2024,2024tnkn,Week 1,1014,2856,1466,234,2872,3821,56,45
2024,2024tnkn,Week 1,4020,7431,1592,7516,6517,9097,77,47
2024,2024tnkn,Week 1,5744,3824,801,2010,2393,9152,36,31
2024,2024tnkn,Week 1,7428,3966,234,3139,4462,6302,47,53
2024,2024tnkn,Week 1,7516,9668,3984,4020,801,4630,29,50
2024,2024tnkn,Week 1,3824,2872,2783,9152,3966,6517,38,40
2024,2024tnkn,Week 1,9097,2393,1466,5005,7431,3140,38,60
2024,2024tnkn,Week 1,1592,5744,1014,6107,538,2010,12,38
2024,2024tnkn,Week 1,3821,3843,2856,3139,7428,4265,33,50
2024,2024tnkn,Week 1,801,3984,3966,1466,5744,6302,60,29
2024,2024tnkn,Week 1,2856,4265,2783,9097,234,3139,60,30
2024,2024tnkn,Week 1,9668,1592,4630,9152,1014,2872,30,51
2024,2024tnkn,Week 1,4462,3843,2010,7516,3821,538,67,8
2024,2024tnkn,Week 1,6517,5005,3824,7431,7428,6107,49,49
2024,2024tnkn,Week 1,3140,4020,5744,2393,2783,3843,38,50
2024,2024tnkn,Week 1,5005,7516,2872,538,3966,1592,38,21
2024,2024tnkn,Week 1,6107,3824,3821,9668,3140,801,43,58
2024,2024tnkn,Week 1,6517,2393,3139,4265,6302,1014,56,41
2024,2024tnkn,Week 1,4630,9097,7431,2010,7428,1466,32,102
2024,2024tnkn,Week 1,4462,3984,9152,2856,4020,234,36,37
2024,2024tnkn,Week 1,6302,6517,3140,7516,2783,7431,33,60
2024,2024tnkn,Week 1,3139,2872,3843,4630,234,2010,48,44
2024,2024tnkn,Week 1,3821,9152,7428,1466,3984,538,17,65
2024,2024tnkn,Week 1,4265,6107,4020,3966,3824,2393,54,32
2024,2024tnkn,Week 1,9097,1014,9668,4462,5744,2856,29,36
2024,2024tnkn,Week 1,5005,1592,3139,801,9152,538,32,52
2024,2024tnkn,Week 1,5744,4265,7516,3140,1466,3824,21,43
2024,2024tnkn,Week 1,7428,801,6302,1592,2783,2010,59,56
2024,2024tnkn,Week 1,7431,3843,234,3966,6107,9668,34,20
2024,2024tnkn,Week 1,5005,4630,1014,4020,9097,4462,36,69
2024,2024tnkn,Week 1,2872,2856,6517,3984,3821,2393,55,47
2024,2024tnkn,Week 1,801,2010,7516,1466,4265,9668,40,23
2024,2024tnkn,Week 1,3821,5005,4020,7431,3139,5744,51,43
2024,2024tnkn,Week 1,3140,6107,9152,9097,2872,7428,28,31
2024,2024tnkn,Week 1,3984,234,1592,1014,4462,3824,47,44
2024,2024tnkn,Week 1,3966,6302,4630,538,2856,2393,16,39
2024,2024tnkn,Week 1,2783,6517,801,3843,6107,1014,75,28
2024,2024tuis,Week 2,6436,6941,9124,7636,6232,6014,43,45
2024,2024tuis,Week 2,7536,4972,8263,8863,8725,7539,31,66
2024,2024tuis,Week 2,7683,7840,8806,4191,8584,9647,53,15
2024,2024tuis,Week 2,7758,2905,9231,9026,7551,8780,35,39
2024,2024tuis,Week 2,8500,9001,9024,9043,6038,7444,4,39
2024,2024tuis,Week 2,8557,8784,7742,6838,9095,9232,17,27
2024,2024tuis,Week 2,9547,9440,8613,7632,9155,6431,30,47
2024,2024tuis,Week 2,8264,8796,8169,8127,9510,8561,30,21
2024,2024tuis,Week 2,7465,7536,9043,6014,7458,9247,44,38
2024,2024tuis,Week 2,6038,9647,7551,9232,7539,6232,12,26
2024,2024tuis,Week 2,7758,8613,7742,7840,9024,7444,37,54
2024,2024tuis,Week 2,8500,8806,8561,8780,7683,9510,46,30
2024,2024tuis,Week 2,7636,2905,9155,9001,8264,8784,47,24
2024,2024tuis,Week 2,6431,9124,9026,8557,8263,8584,26,11
2024,2024tuis,Week 2,6941,4191,7458,8796,9440,4972,25,19
2024,2024tuis,Week 2,8127,7632,9547,9247,8863,9095,45,5
2024,2024tuis,Week 2,8725,6838,9231,7465,8169,6436,30,42
2024,2024tuis,Week 2,9043,8500,8584,7536,7551,8613,23,85
2024,2024tuis,Week 2,9155,7444,7458,8561,2905,6941,28,55
2024,2024tuis,Week 2,9001,8557,7632,4972,7758,6232,45,31
2024,2024tuis,Week 2,6436,9095,8796,8264,8263,9440,51,7
2024,2024tuis,Week 2,8169,6014,6431,8863,8806,9232,34,40
2024,2024tuis,Week 2,4191,7636,8725,9026,9024,8127,40,15
2024,2024tuis,Week 2,9231,7539,7840,9510,9247,6838,41,7
2024,2024tuis,Week 2,9547,8780,9647,9124,7742,7465,22,31
2024,2024tuis,Week 2,8784,6038,8263,7683,8561,8169,12,13
2024,2024tuis,Week 2,9095,6232,4191,7536,8500,7758,27,43
2024,2024tuis,Week 2,9232,6436,9026,7840,9510,9001,28,27
2024,2024tuis,Week 2,7742,8584,8780,7632,7458,7636,36,55
2024,2024tuis,Week 2,7444,7465,8863,9124,9440,6038,43,19
2024,2024tuis,Week 2,9024,9155,6014,7539,8127,8557,37,61
2024,2024tuis,Week 2,7551,7683,8796,8725,6431,9247,43,41
2024,2024tuis,Week 2,2905,8264,8806,4972,9547,6838,88,24
2024,2024tuis,Week 2,6941,8613,9043,9647,9231,8784,98,20
2024,2024tuis,Week 2,9440,8169,8500,7539,7636,7536,28,69
2024,2024tuis,Week 2,6038,7758,9155,9247,7742,6436,13,42
2024,2024tuis,Week 2,8806,7632,6232,8561,9026,7465,43,20
2024,2024tuis,Week 2,8784,8780,9043,8796,8557,4191,29,23
2024,2024tuis,Week 2,4972,8863,8264,7444,9231,8584,28,30
2024,2024tuis,Week 2,7458,8127,6838,9001,8613,7683,31,62
2024,2024tuis,Week 2,6431,9647,7840,6014,8725,2905,13,46
2024,2024tuis,Week 2,9510,9024,6941,9124,9095,7551,67,30
2024,2024tuis,Week 2,7444,8500,9232,8263,9547,9231,32,33
2024,2024tuis,Week 2,8169,7539,9001,8796,7742,7632,37,65
2024,2024tuis,Week 2,8863,6431,7683,8780,6232,8264,10,38
2024,2024tuis,Week 2,6014,9510,6038,8613,4972,2905,30,50
2024,2024tuis,Week 2,9024,7551,8557,7465,7840,9440,56,25
2024,2024tuis,Week 2,8263,9247,8127,8806,6941,8784,18,84
2024,2024tuis,Week 2,7458,9232,7758,8725,9124,9155,5,52
2024,2024tuis,Week 2,8584,7536,9095,6436,8561,9647,26,37
2024,2024tuis,Week 2,6838,9026,7636,4191,9043,9547,30,5
2024,2024tuis,Week 2,9440,9001,9247,8263,8780,8613,22,54
2024,2024tuis,Week 2,7840,8264,7758,6941,6038,8169,22,62
2024,2024tuis,Week 2,9231,9124,7536,8806,9155,8796,52,46
2024,2024tuis,Week 2,6232,6436,7551,9024,7458,9547,50,21
2024,2024tuis,Week 2,8584,7632,8725,8784,6014,8500,58,49
2024,2024tuis,Week 2,7742,8561,7539,9026,4191,8863,57,16
2024,2024tuis,Week 2,8127,7465,9095,6431,9043,4972,14,46
2024,2024tuis,Week 2,9647,6838,8557,9510,7444,7636,46,23
2024,2024tuis,Week 2,2905,7683,9024,9232,7536,7632,45,85
2024,2024tuis,Week 2,9155,4191,8780,7551,8169,8263,27,35
2024,2024tuis,Week 2,8561,4972,9124,9043,6436,7840,37,24
2024,2024tuis,Week 2,7539,8784,9510,9547,7758,6431,42,8
2024,2024tuis,Week 2,2905,9232,7465,8584,8127,6941,35,77
2024,2024tuis,Week 2,9647,9247,9026,8264,8500,7458,4,42
2024,2024tuis,Week 2,8613,6838,7444,6232,8796,8863,84,22
2024,2024tuis,Week 2,6038,8806,9001,9095,8557,8725,54,46
2024,2024tuis,Week 2,9440,7636,7742,9231,6014,7683,18,31
2024,2024tuis,Week 2,8780,7840,9124,7536,8784,8127,38,58
2024,2024tuis,Week 2,7758,8863,6436,8500,8796,2905,35,59
2024,2024tuis,Week 2,9247,8584,4972,8169,9647,9024,22,33
2024,2024tuis,Week 2,7683,9026,7539,9095,7444,6941,56,74
2024,2024tuis,Week 2,7551,9547,6014,6838,9001,8561,33,45
2024,2024tuis,Week 2,6232,8725,9510,9155,9043,9440,60,13
2024,2024tuis,Week 2,7632,8263,4191,7458,9231,6038,57,35
2024,2024tuis,Week 2,7636,9232,8264,8613,7465,8806,19,90
2024,2024tuis,Week 2,8557,6431,7536,7742,6941,8500,61,53
2024,2024isde4,Week 2,4319,5614,4661,2212,6168,7112,28,46
2024,2024isde4,Week 2,5990,2096,4320,5928,6104,1937,62,50
2024,2024isde4,Week 2,5291,4586,1657,1943,1954,4590,23,14
2024,2024isde4,Week 2,5554,9739,1942,9304,2231,2230,62,57
2024,2024isde4,Week 2,3075,7039,3211,9738,2630,4744,45,61
2024,2024isde4,Week 2,5554,2212,8223,5291,4319,3388,77,37
2024,2024isde4,Week 2,2231,7112,3211,2230,5614,5990,97,88
2024,2024isde4,Week 2,4744,1954,7039,1657,3075,9304,37,95
2024,2024isde4,Week 2,1942,1943,4661,1937,9738,2096,40,94
2024,2024isde4,Week 2,9739,4590,2630,6104,8223,3388,69,39
2024,2024isde4,Week 2,5928,4586,5614,4320,6168,2231,32,85
2024,2024isde4,Week 2,3211,1954,6104,7112,5291,1937,53,48
2024,2024isde4,Week 2,2230,5928,5554,1657,2212,2630,57,41
2024,2024isde4,Week 2,4320,1942,3075,4661,8223,4590,86,23
2024,2024isde4,Week 2,3388,1943,6168,7039,2096,9304,63,64
2024,2024isde4,Week 2,4586,4319,9738,5990,4744,9739,31,56
2024,2024isde4,Week 2,2630,3388,2230,5291,3211,4590,64,65
2024,2024isde4,Week 2,7112,5928,4320,4586,5554,2096,33,42
2024,2024isde4,Week 2,5614,4744,8223,9738,5990,1657,33,73
2024,2024isde4,Week 2,1943,7039,4319,6104,4661,2231,44,87
2024,2024isde4,Week 2,9304,2212,1954,6168,1937,3075,18,59
2024,2024isde4,Week 2,9739,1657,5928,4590,1942,4319,60,56
2024,2024isde4,Week 2,5614,2231,1943,1954,9738,5554,84,56
2024,2024isde4,Week 2,8223,9304,4586,2096,3075,2230,22,63
2024,2024isde4,Week 2,1937,4744,2212,7039,6104,9739,46,36
2024,2024isde4,Week 2,4661,4320,5291,2630,1942,5990,44,96
2024,2024isde4,Week 2,3388,7112,9739,3211,6168,5928,48,46
2024,2024isde4,Week 2,2630,5614,7039,4661,1657,2096,89,63
2024,2024isde4,Week 2,4590,2231,3388,1937,4320,2230,85,56
2024,2024isde4,Week 2,4319,3075,4744,4586,1942,3211,65,65
2024,2024isde4,Week 2,9738,6104,2212,5554,7112,9304,50,49
2024,2024isde4,Week 2,1943,6168,5990,1954,8223,5291,63,44
2024,2024isde4,Week 2,2212,2096,2231,4590,4744,6104,76,58
2024,2024isde4,Week 2,9739,3211,9738,1954,5990,4586,80,34
2024,2024isde4,Week 2,9304,1937,1943,5928,2630,4319,51,39
2024,2024isde4,Week 2,2230,1657,8223,7039,4661,6168,77,66
2024,2024isde4,Week 2,5291,5554,3075,5614,3388,1942,74,66
2024,2024isde4,Week 2,7112,4590,1657,4320,2630,9304,94,41
2024,2024isde4,Week 2,1942,2230,9738,4319,5554,6168,71,56
2024,2024isde4,Week 2,1954,4661,3388,4744,2231,5928,15,100
2024,2024isde4,Week 2,6104,5291,1943,7112,3075,5614,44,64
2024,2024isde4,Week 2,8223,5990,1937,2212,9739,4586,70,44
2024,2024isde4,Week 2,4320,7039,5554,2096,3211,4319,76,67
2024,2024isde4,Week 2,1942,9304,6104,5990,5928,5291,43,73
2024,2024isde4,Week 2,5614,4590,2096,4744,2230,4661,62,48
2024,2024isde4,Week 2,3388,2212,3075,9738,1943,7112,61,58
2024,2024isde4,Week 2,1657,4320,3211,2231,8223,9739,68,80
2024,2024isde4,Week 2,2630,1954,6168,4586,7039,1937,19,57
2024,2024isde4,Week 2,9304,4661,5990,3211,5554,4744,51,55
2024,2024isde4,Week 2,6168,9738,5614,4590,4320,2212,63,35
2024,2024isde4,Week 2,6104,2230,4586,5928,3388,7039,41,57
2024,2024isde4,Week 2,2096,5291,2630,3075,9739,1954,96,46
2024,2024isde4,Week 2,2231,1937,1657,8223,7112,1942,93,19
2024,2024isde4,Week 2,4319,2230,2212,1943,3211,2630,38,56
2024,2024isde4,Week 2,5990,6104,7112,1942,1657,1954,67,60
2024,2024isde4,Week 2,6168,9304,4744,8223,1943,4320,61,60
2024,2024isde4,Week 2,7039,9738,4590,9739,5614,5291,65,64
2024,2024isde4,Week 2,1937,3388,5554,3075,4586,4661,80,50
2024,2024isde4,Week 2,2096,5928,8223,2231,4319,1954,50,69
2024,2024isde4,Week 2,4744,4586,4320,2212,5291,7039,63,45
2024,2024isde4,Week 2,3075,4590,5928,5554,5990,2231,52,88
2024,2024isde4,Week 2,6168,2096,1942,3211,1937,5614,81,94
2024,2024isde4,Week 2,1657,4319,6104,3388,9304,9738,33,44
2024,2024isde4,Week 2,4661,2630,7112,2230,9739,1943,61,51
2024,2024nysu,Week 2,1796,6969,8871,20,48,3171,67,73
2024,2024nysu,Week 2,353,2601,3004,1155,4122,6806,53,32
2024,2024nysu,Week 2,2791,6880,7504,6911,2265,358,26,20
2024,2024nysu,Week 2,9016,6401,7318,7730,287,9642,42,32
2024,2024nysu,Week 2,6463,810,7718,4571,5016,395,24,4
2024,2024nysu,Week 2,3950,6423,7668,1884,263,6593,20,82
2024,2024nysu,Week 2,2875,369,250,7759,7748,1797,11,15
2024,2024nysu,Week 2,5298,354,3624,3204,5736,9713,40,30
2024,2024nysu,Week 2,7730,7318,2265,6911,3004,20,16,36
2024,2024nysu,Week 2,48,358,6880,7718,353,9642,37,43
2024,2024nysu,Week 2,395,2791,9016,6593,5016,3171,35,35
2024,2024nysu,Week 2,1155,287,1797,4571,1884,8871,49,42
2024,2024nysu,Week 2,250,6401,2601,2875,354,810,14,18
2024,2024nysu,Week 2,9713,1796,5298,3950,7504,369,65,23
2024,2024nysu,Week 2,5736,6463,6423,3204,7668,4122,50,42
2024,2024nysu,Week 2,3624,7759,263,7748,6969,6806,45,10
2024,2024nysu,Week 2,1797,353,1884,6911,7730,395,95,23
2024,2024nysu,Week 2,6401,20,358,6593,2265,250,38,19
2024,2024nysu,Week 2,8871,2791,287,6880,9713,369,65,7
2024,2024nysu,Week 2,7504,48,5736,3204,2601,2875,68,30
2024,2024nysu,Week 2,1155,7748,3624,7668,7718,7318,52,7
2024,2024nysu,Week 2,7759,4571,6423,1796,3004,5016,21,55
2024,2024nysu,Week 2,9642,810,5298,3171,263,4122,38,39
2024,2024nysu,Week 2,354,9016,6969,3950,6806,6463,42,5
2024,2024nysu,Week 2,6401,6593,353,9713,2601,1884,53,50
2024,2024nysu,Week 2,369,7718,395,7668,7504,1155,2,32
2024,2024nysu,Week 2,2875,358,5016,3624,8871,3004,31,36
2024,2024nysu,Week 2,6423,810,20,48,5298,287,63,41
2024,2024nysu,Week 2,3171,6463,7730,7318,6880,3950,38,25
2024,2024nysu,Week 2,4571,1796,7748,354,6911,3204,76,29
2024,2024nysu,Week 2,6806,9642,7759,5736,2265,2791,32,36
2024,2024nysu,Week 2,6969,263,250,4122,1797,9016,29,35
2024,2024nysu,Week 2,7504,6593,395,287,3624,358,32,44
2024,2024nysu,Week 2,3004,1884,3950,8871,6463,48,34,30
2024,2024nysu,Week 2,369,3171,354,353,6423,3204,53,66
2024,2024nysu,Week 2,810,7759,6911,20,7668,9642,31,32
2024,2024nysu,Week 2,5016,4122,9713,6880,2265,7748,27,18
2024,2024nysu,Week 2,263,6806,5736,1155,6401,4571,46,26
2024,2024nysu,Week 2,7318,2601,6969,250,1796,2791,47,91
2024,2024nysu,Week 2,7730,9016,7718,5298,1797,2875,28,33
2024,2024nysu,Week 2,1884,9642,3204,3004,369,810,49,33
2024,2024nysu,Week 2,395,354,4122,8871,7759,2265,34,6
2024,2024nysu,Week 2,7748,20,353,6463,7504,6401,74,30
2024,2024nysu,Week 2,7318,6911,5016,2601,358,5736,20,94
2024,2024nysu,Week 2,6593,1155,5298,6969,2875,6880,58,31
2024,2024nysu,Week 2,9016,7668,263,48,7718,9713,47,57
2024,2024nysu,Week 2,4571,1797,7730,6423,3624,2791,28,48
2024,2024nysu,Week 2,3171,3950,1796,287,250,6806,103,26
2024,2024nysu,Week 2,369,7748,2601,20,395,6463,56,33
2024,2024nysu,Week 2,6593,8871,6880,7759,3204,6401,22,22
2024,2024nysu,Week 2,353,5016,354,9642,7318,263,95,22
2024,2024nysu,Week 2,810,48,2791,3624,5736,9016,76,47
2024,2024nysu,Week 2,3004,2875,1155,9713,3171,6911,33,26
2024,2024nysu,Week 2,358,3950,1797,6423,4122,1796,44,69
2024,2024nysu,Week 2,7718,250,5298,2265,6806,1884,30,18
2024,2024nysu,Week 2,287,4571,7504,6969,7668,7730,42,44
2024,2024nysu,Week 2,263,395,3204,2791,7318,20,19,18
2024,2024nysu,Week 2,6401,6880,6911,48,369,3624,21,55
2024,2024nysu,Week 2,3004,6463,6593,5736,1797,1796,20,94
2024,2024nysu,Week 2,5298,1884,3171,7748,358,354,81,41
2024,2024nysu,Week 2,287,6969,3950,2601,7718,7759,42,32
2024,2024nysu,Week 2,6806,5016,7668,4122,7730,2875,18,15
2024,2024nysu,Week 2,7504,9713,8871,250,6423,9642,24,51
2024,2024nysu,Week 2,353,1155,2265,810,9016,4571,71,45
2024,2024nysu,Week 2,1884,20,5736,6880,3624,3171,52,27
2024,2024nysu,Week 2,6463,287,7759,358,5298,263,34,60
2024,2024nysu,Week 2,4122,3004,7718,354,2791,6401,12,28
2024,2024nysu,Week 2,9642,6911,2875,6969,395,6423,30,21
2024,2024nysu,Week 2,250,3204,48,5016,7730,1155,40,31
2024,2024nysu,Week 2,9713,6806,7318,1797,7504,810,13,58
2024,2024nysu,Week 2,2265,4571,369,2601,3950,6593,13,54
2024,2024nysu,Week 2,7748,8871,7668,9016,1796,353,8,131
2024,2024nysu,Week 2,4122,5736,6911,7718,20,287,36,41
2024,2024nysu,Week 2,395,250,6880,263,6423,3004,10,49
2024,2024nysu,Week 2,5016,3204,6969,1797,9713,6401,16,9
2024,2024nysu,Week 2,6806,354,7730,358,6593,369,25,45
2024,2024nysu,Week 2,8871,3171,2601,7668,5298,4571,55,16
2024,2024nysu,Week 2,2791,2875,7748,3950,353,810,13,57
2024,2024nysu,Week 2,9016,1884,48,7759,7318,7504,96,34
2024,2024nysu,Week 2,2265,9642,3624,1796,1155,6463,45,77
2024,2024arli,Week 2,3616,5454,3102,5437,6586,8044,60,26
2024,2024arli,Week 2,6186,5002,16,2190,9429,2992,43,25
2024,2024arli,Week 2,4107,9608,7483,6055,323,2357,25,28
2024,2024arli,Week 2,9073,3937,1622,1038,3792,2341,59,49
2024,2024arli,Week 2,4336,9067,3102,1781,16,7525,27,94
2024,2024arli,Week 2,2992,4107,6186,9608,6586,5454,37,28
2024,2024arli,Week 2,9429,2341,6055,2357,7483,5002,24,42
2024,2024arli,Week 2,7525,1038,323,2190,8044,3792,60,45
2024,2024arli,Week 2,1622,9067,1781,3937,4336,5437,71,49
2024,2024arli,Week 2,3616,3102,2992,2341,9073,6186,73,19
2024,2024arli,Week 2,7483,8044,3792,4107,5002,7525,29,47
2024,2024arli,Week 2,6586,323,4336,6055,3937,2190,25,48
2024,2024arli,Week 2,1622,5454,2357,16,3616,9067,53,58
2024,2024arli,Week 2,5437,1781,9608,9073,1038,9429,30,27
2024,2024arli,Week 2,7525,7483,2190,4107,3102,6586,41,24
2024,2024arli,Week 2,5002,2992,1622,3616,6186,9067,70,36
2024,2024arli,Week 2,5437,6055,3792,2341,1781,8044,19,44
2024,2024arli,Week 2,323,9608,9429,5454,16,3937,23,79
2024,2024arli,Week 2,2357,9073,6186,1038,4107,4336,25,51
2024,2024arli,Week 2,6055,2190,6586,1622,3792,3102,16,72
2024,2024arli,Week 2,9067,2341,5454,8044,9608,5002,49,32
2024,2024arli,Week 2,7525,5437,9073,7483,323,3937,32,52
2024,2024arli,Week 2,1781,1038,3616,4336,2357,9429,61,66
2024,2024arli,Week 2,2992,8044,6055,3102,16,9608,47,41
2024,2024arli,Week 2,323,1622,5437,3937,7525,4107,59,66
2024,2024arli,Week 2,9067,6586,1038,5002,3616,9429,19,34
2024,2024arli,Week 2,6186,3792,5454,1781,2357,2190,60,55
2024,2024arli,Week 2,4336,2341,16,7483,9073,2992,42,26
2024,2024arli,Week 2,9067,9429,4107,3102,1038,6055,41,74
2024,2024arli,Week 2,1781,5002,3937,2357,7525,9608,50,38
2024,2024arli,Week 2,9073,1622,8044,6186,6586,7483,34,15
2024,2024arli,Week 2,16,3792,2992,5454,323,5437,53,22
2024,2024arli,Week 2,9608,4336,2190,2341,4107,3616,44,48
2024,2024arli,Week 2,3937,3102,6186,6055,9067,7483,58,34
2024,2024arli,Week 2,3792,1781,323,1038,1622,5002,67,40
2024,2024arli,Week 2,2341,3616,6586,5437,16,2357,25,38
2024,2024arli,Week 2,9429,8044,5454,4336,2190,9073,41,10
2024,2024arli,Week 2,9608,2992,1038,3792,7525,9067,41,65
2024,2024arli,Week 2,7483,5437,3616,2357,3102,323,28,64
2024,2024arli,Week 2,1622,2190,16,6586,9073,1781,53,35
2024,2024arli,Week 2,5002,2992,2341,5454,6055,4107,38,62
2024,2024arli,Week 2,3937,9429,7525,6186,4336,8044,67,43
2024,2024arli,Week 2,2190,2357,1038,9067,9608,1622,63,38
2024,2024arli,Week 2,16,5454,9073,3102,5437,5002,48,36
2024,2024arli,Week 2,4107,7483,1781,8044,3937,3616,52,108
2024,2024arli,Week 2,6586,9429,3792,2992,2341,323,34,86
2024,2024arli,Week 2,5454,4336,6055,7525,6186,1622,54,60
2024,2024arli,Week 2,2190,5437,4107,16,7483,1038,32,62
2024,2024arli,Week 2,6586,2357,3937,9073,2992,9067,58,33
2024,2024arli,Week 2,3792,5002,4336,3616,6055,9608,57,35
2024,2024arli,Week 2,3102,7525,2341,9429,6186,1781,58,47
2024,2024arli,Week 2,8044,9067,2357,323,4107,9073,55,42
2024,2024arli,Week 2,5002,6055,6586,1038,5454,5437,31,37
2024,2024arli,Week 2,9608,3937,2341,9429,1622,7483,48,41
2024,2024arli,Week 2,8044,6186,16,3792,3616,7525,69,58
2024,2024arli,Week 2,323,2190,3102,2992,1781,4336,39,91
2024,2024mose,Week 2,9428,1987,5098,4455,4646,9126,42,58
2024,2024mose,Week 2,4766,1706,1723,5312,6420,3931,90,26
2024,2024mose,Week 2,4550,4522,2718,3928,1982,4593,51,14
2024,2024mose,Week 2,5809,6391,7747,7662,167,3729,36,36
2024,2024mose,Week 2,5801,1208,5141,5442,6823,1997,41,31
2024,2024mose,Week 2,2502,2457,5013,1785,9031,5968,42,48
2024,2024mose,Week 2,3931,4455,5098,1982,2718,1723,19,50
2024,2024mose,Week 2,4522,3928,167,5809,4593,9126,73,59
2024,2024mose,Week 2,1706,6823,4550,5312,5141,3729,65,61
2024,2024mose,Week 2,2457,4646,9428,1208,5442,6391,57,62
2024,2024mose,Week 2,1785,1987,5013,1997,9031,7747,50,36
2024,2024mose,Week 2,5968,6420,2502,5801,4766,7662,27,72
2024,2024mose,Week 2,4455,167,1982,5098,5141,4522,27,37
2024,2024mose,Week 2,4593,5312,6391,2718,3931,2457,36,66
2024,2024mose,Week 2,1723,1208,1997,9031,1706,5809,43,80
2024,2024mose,Week 2,9126,1987,4550,4766,9428,2502,86,52
2024,2024mose,Week 2,7662,5013,3928,3729,5968,6823,67,32
2024,2024mose,Week 2,4646,6420,5801,7747,5442,1785,59,48
2024,2024mose,Week 2,9031,5312,167,5809,4455,1208,36,43
2024,2024mose,Week 2,6391,1997,5141,4522,2502,1987,31,103
2024,2024mose,Week 2,1982,5013,4766,1706,3928,2457,65,66
2024,2024mose,Week 2,4550,3729,3931,6420,1785,9126,52,70
2024,2024mose,Week 2,2718,4646,5098,6823,7747,7662,35,6
2024,2024mose,Week 2,4593,5801,5968,9428,1723,5442,52,32
2024,2024mose,Week 2,1987,1997,4455,3928,4766,6391,53,84
2024,2024mose,Week 2,4522,3729,1706,1208,4550,6420,87,55
2024,2024mose,Week 2,6823,2457,1785,2502,5098,1982,23,36
2024,2024mose,Week 2,4646,4593,5442,5013,7747,5312,64,35
2024,2024mose,Week 2,5968,5809,167,9126,2718,5801,45,83
2024,2024mose,Week 2,5141,1723,3931,9428,7662,9031,35,33
2024,2024mose,Week 2,2457,6391,1987,5098,4550,6420,64,24
2024,2024mose,Week 2,2502,5442,3928,3729,4766,4455,38,54
2024,2024mose,Week 2,1997,1785,5312,7747,1706,4593,37,74
2024,2024mose,Week 2,5013,9428,4522,6823,167,1723,90,44
2024,2024mose,Week 2,1208,9126,9031,5968,7662,2718,50,50
2024,2024mose,Week 2,3931,5801,5809,5141,1982,4646,64,30
2024,2024mose,Week 2,3729,5442,6420,5098,2457,1997,52,24
2024,2024mose,Week 2,4455,1723,5312,167,1987,4593,14,48
2024,2024mose,Week 2,3928,1208,7747,9126,9428,1706,40,94
2024,2024mose,Week 2,1785,4550,5141,5809,5013,2718,45,69
2024,2024mose,Week 2,9031,4522,1982,5968,4646,4766,70,43
2024,2024mose,Week 2,5801,6823,6391,7662,2502,3931,45,43
2024,2024mose,Week 2,167,9126,5442,1987,6420,1706,44,98
2024,2024mose,Week 2,7747,5141,2718,1723,2457,4550,47,28
2024,2024mose,Week 2,1785,1208,4766,4455,3928,5968,83,41
2024,2024mose,Week 2,4593,5098,3729,9031,3931,6823,54,24
2024,2024mose,Week 2,6391,4522,7662,1997,5013,5801,63,83
2024,2024mose,Week 2,4646,5809,2502,1982,5312,9428,44,33
2024,2024mose,Week 2,167,2718,1706,1987,5141,5968,63,65
2024,2024mose,Week 2,5442,9031,4550,5098,1785,3928,43,54
2024,2024mose,Week 2,1208,4593,6823,6420,6391,4455,41,23
2024,2024mose,Week 2,2502,3729,5801,5013,1723,4646,67,75
2024,2024mose,Week 2,3931,7747,9428,4766,1997,4522,38,58
2024,2024mose,Week 2,5312,7662,9126,1982,5809,2457,24,45
2024,2024mose,Week 2,6391,1706,5098,5141,4593,9031,94,41
2024,2024mose,Week 2,2718,2502,1208,5013,167,6420,62,41
2024,2024mose,Week 2,1997,3928,4646,4550,4455,9428,64,29
2024,2024mose,Week 2,3931,5968,1982,3729,7747,1987,58,61
2024,2024mose,Week 2,4766,9126,6823,1723,1785,7662,40,27
2024,2024mose,Week 2,4522,5312,5809,5442,5801,2457,86,17
2024,2024mose,Week 2,6420,9428,5141,2718,9031,3928,46,70
2024,2024mose,Week 2,7747,4455,2502,1706,3931,1208,59,111
2024,2024mose,Week 2,7662,1997,4593,4646,4550,167,22,44
2024,2024mose,Week 2,1987,5809,4766,6823,5098,5013,52,60
2024,2024mose,Week 2,5312,5968,5442,6391,1982,1785,36,87
2024,2024mose,Week 2,2457,9126,3729,5801,4522,1723,83,57
2024,2024mose,Week 2,1706,7662,4646,4593,2718,4455,47,48
2024,2024mose,Week 2,6420,4766,7747,5141,6823,5809,50,36
2024,2024mose,Week 2,167,3931,1785,4550,6391,5013,43,62
2024,2024mose,Week 2,1723,5098,9031,3928,5801,5312,27,80
2024,2024mose,Week 2,5442,1982,1987,9428,3729,1208,59,92
2024,2024mose,Week 2,2457,5968,4522,9126,2502,1997,68,45
2024,2024ndgf,Week 2,4360,8586,7028,3134,9576,3058,21,40
2024,2024ndgf,Week 2,4536,6175,3313,3275,3278,4238,75,27
2024,2024ndgf,Week 2,3871,2450,3276,876,6453,5576,59,46
2024,2024ndgf,Week 2,8255,2883,5464,2654,4674,877,23,33
2024,2024ndgf,Week 2,6146,4198,3042,2549,7677,2177,58,14
2024,2024ndgf,Week 2,7235,4539,5172,8878,3926,5929,78,35
2024,2024ndgf,Week 2,3293,6628,4239,9745,8188,4181,71,44
2024,2024ndgf,Week 2,2500,4226,3755,2530,9474,2508,47,60
2024,2024ndgf,Week 2,3298,3026,7257,5658,3277,5638,53,27
2024,2024ndgf,Week 2,7048,3134,3313,3058,6453,4663,38,48
2024,2024ndgf,Week 2,3278,3276,9576,7028,5464,2177,64,26
2024,2024ndgf,Week 2,6175,3042,3871,877,3926,4536,34,37
2024,2024ndgf,Week 2,5172,2654,4181,5576,8878,8586,55,25
2024,2024ndgf,Week 2,3755,2508,4238,2450,4539,2883,33,69
2024,2024ndgf,Week 2,5638,2530,3026,7677,4239,5929,65,36
2024,2024ndgf,Week 2,2549,6628,7235,2500,3277,8255,19,53
2024,2024ndgf,Week 2,9474,3298,8188,7257,4198,7048,26,51
2024,2024ndgf,Week 2,4674,9745,876,5658,4360,3275,73,25
2024,2024ndgf,Week 2,4226,4663,5464,6146,3293,2177,33,80
2024,2024ndgf,Week 2,3278,8878,5172,3276,3042,6453,51,60
2024,2024ndgf,Week 2,877,4238,3058,9576,5638,3926,29,79
2024,2024ndgf,Week 2,6628,3871,2654,3313,4539,2530,28,47
2024,2024ndgf,Week 2,4536,4239,2549,3298,7235,7048,74,18
2024,2024ndgf,Week 2,8188,5576,3026,2883,9745,2500,35,55
2024,2024ndgf,Week 2,8255,4360,2508,4663,3277,3293,19,75
2024,2024ndgf,Week 2,4198,7677,3134,3755,3275,4674,55,45
2024,2024ndgf,Week 2,4181,8586,876,4226,6175,7257,69,54
2024,2024ndgf,Week 2,2450,9474,6146,7028,5929,5658,53,44
2024,2024ndgf,Week 2,4239,3298,3058,3042,5464,6628,54,42
2024,2024ndgf,Week 2,9576,2549,9745,5172,3871,2883,48,59
2024,2024ndgf,Week 2,3926,2177,7048,3313,3026,4360,58,20
2024,2024ndgf,Week 2,2530,3278,4198,8878,4238,8255,56,25
2024,2024ndgf,Week 2,7677,2500,4536,7257,876,4539,16,99
2024,2024ndgf,Week 2,6146,3134,3277,9474,2654,6175,64,50
2024,2024ndgf,Week 2,3275,5576,2450,3293,4226,7235,55,54
2024,2024ndgf,Week 2,4674,6453,7028,5638,2508,4663,44,85
2024,2024ndgf,Week 2,8586,5658,8188,3276,3755,877,51,59
2024,2024ndgf,Week 2,3298,2549,5929,4181,3313,9576,40,40
2024,2024ndgf,Week 2,4238,5464,4360,7677,8255,5172,31,60
2024,2024ndgf,Week 2,8878,6146,7257,3871,3058,9745,64,42
2024,2024ndgf,Week 2,3293,3134,2530,3042,2883,3926,86,34
2024,2024ndgf,Week 2,6628,4536,7028,3026,4226,4198,40,46
2024,2024ndgf,Week 2,4239,3275,5638,8586,2500,3276,63,58
2024,2024ndgf,Week 2,3277,7048,3278,4539,877,5576,56,55
2024,2024ndgf,Week 2,8188,4674,4663,6175,5929,2450,55,62
2024,2024ndgf,Week 2,2177,7235,2654,6453,3755,5658,31,39
2024,2024ndgf,Week 2,2508,4181,3042,876,9576,9474,42,70
2024,2024ndgf,Week 2,8255,3313,3926,7257,7028,7677,35,45
2024,2024ndgf,Week 2,2883,2530,4239,5172,4536,6146,71,64
2024,2024ndgf,Week 2,3277,3026,3275,5464,7048,8878,62,34
2024,2024ndgf,Week 2,4539,9745,4226,3134,3276,4674,51,66
2024,2024ndgf,Week 2,5929,3293,6453,4198,8586,6628,23,35
2024,2024ndgf,Week 2,5658,3058,6175,5576,2549,2508,60,46
2024,2024ndgf,Week 2,4663,3871,877,4181,3755,7235,12,42
2024,2024ndgf,Week 2,2500,4360,3298,2654,2450,3278,30,48
2024,2024ndgf,Week 2,9474,5638,4238,8188,2177,876,53,79
2024,2024ndgf,Week 2,3313,7257,3277,4226,3276,2883,61,61
2024,2024ndgf,Week 2,6453,9576,8878,4536,3293,4674,33,82
2024,2024ndgf,Week 2,6175,4198,4539,3026,5172,4239,58,68
2024,2024ndgf,Week 2,7048,6628,7677,2508,5658,3871,46,36
2024,2024ndgf,Week 2,3926,4663,3755,5464,5576,3298,38,50
2024,2024ndgf,Week 2,5929,2177,4181,3134,3275,2500,47,52
2024,2024ndgf,Week 2,3042,2450,8255,9745,5638,8586,29,60
2024,2024ndgf,Week 2,7235,876,3278,3058,8188,6146,57,50
2024,2024ndgf,Week 2,877,7028,9474,2549,2530,4360,51,32
2024,2024ndgf,Week 2,2654,5658,4226,4238,4239,9576,35,49
2024,2024ndgf,Week 2,2883,6175,7677,6628,8878,3298,71,6
2024,2024ndgf,Week 2,3755,7257,3293,7048,5929,3026,58,25
2024,2024ndgf,Week 2,5638,8255,4536,5576,4181,3134,83,57
2024,2024ndgf,Week 2,7235,2508,9745,8586,3278,5464,66,56
2024,2024ndgf,Week 2,2177,877,3313,876,5172,2450,40,74
2024,2024ndgf,Week 2,3058,2500,2654,3276,4663,4198,61,68
2024,2024ndgf,Week 2,6453,3926,4539,3275,9474,2549,48,47
2024,2024ndgf,Week 2,4238,8188,3042,3277,7028,3871,58,48
2024,2024ndgf,Week 2,4360,4674,5576,2530,6146,6628,37,72
2024,2024ndgf,Week 2,9576,7048,3755,9745,8255,6175,47,67
2024,2024ndgf,Week 2,2450,877,8878,4239,7257,3134,12,52
2024,2024ndgf,Week 2,5464,7235,5658,4198,3313,5638,35,42
2024,2024ndgf,Week 2,4663,7677,8586,3278,4536,9474,46,51
2024,2024ndgf,Week 2,3926,5172,3275,2508,2654,8188,49,61
2024,2024ndgf,Week 2,4539,4181,3277,2177,3058,2530,27,61
2024,2024ndgf,Week 2,4360,2883,6453,5929,3042,4226,28,26
2024,2024ndgf,Week 2,3871,876,2500,7028,3298,3293,60,92
2024,2024ndgf,Week 2,3026,4238,3276,4674,6146,2549,39,44
2024,2024oktu,Week 2,2352,4523,1730,5889,2945,7744,43,29
2024,2024oktu,Week 2,3507,3160,2359,1209,4329,118,29,61
2024,2024oktu,Week 2,6809,2395,3284,5550,4500,1819,10,85
2024,2024oktu,Week 2,8711,9007,9472,6026,2036,3179,9,57
2024,2024oktu,Week 2,9244,9410,2972,9462,662,4499,32,34
2024,2024oktu,Week 2,2165,2773,2996,6424,5484,3465,39,89
2024,2024oktu,Week 2,1561,4005,4293,31,4418,9631,48,42
2024,2024oktu,Week 2,4329,2352,1819,2945,2333,5550,21,47
2024,2024oktu,Week 2,2395,4523,3160,6809,9007,2036,30,17
2024,2024oktu,Week 2,9244,118,3507,3179,9410,1730,43,76
2024,2024oktu,Week 2,1209,3284,9462,2773,4499,6424,32,58
2024,2024oktu,Week 2,2359,4418,4500,7744,662,1561,78,35
2024,2024oktu,Week 2,8711,4005,2333,2972,2165,9472,22,28
2024,2024oktu,Week 2,9631,6026,5889,3465,2996,31,37,43
2024,2024oktu,Week 2,5484,1819,6809,4293,2352,9410,48,22
2024,2024oktu,Week 2,2395,9462,6424,4523,3179,2945,57,37
2024,2024oktu,Week 2,118,9007,2773,4418,7744,4329,37,47
2024,2024oktu,Week 2,4005,1209,2165,2036,9244,8711,26,35
2024,2024oktu,Week 2,4499,31,9472,2996,1730,662,33,71
2024,2024oktu,Week 2,5889,2972,3284,4293,3160,4500,39,45
2024,2024oktu,Week 2,1561,9631,2333,6026,5550,5484,35,48
2024,2024oktu,Week 2,2359,3465,2945,3507,6809,3179,36,27
2024,2024oktu,Week 2,7744,2395,9410,8711,4418,1209,21,40
2024,2024oktu,Week 2,2996,9462,9007,1819,9244,4005,37,31
2024,2024oktu,Week 2,2165,2036,662,3160,2773,5889,37,20
2024,2024oktu,Week 2,2333,2972,4329,6424,1561,6026,76,60
2024,2024oktu,Week 2,5550,4293,2359,4499,1730,3465,52,72
2024,2024oktu,Week 2,2352,5484,31,3284,3507,4523,57,52
2024,2024oktu,Week 2,4500,9631,2945,9472,118,9462,62,42
2024,2024oktu,Week 2,2773,3179,8711,9410,2996,3160,12,52
2024,2024oktu,Week 2,5889,1561,6809,2333,9244,9007,36,45
2024,2024oktu,Week 2,662,4329,5550,2036,1730,4005,36,53
2024,2024oktu,Week 2,31,6424,7744,3465,2972,2395,57,21
2024,2024oktu,Week 2,2352,9472,3284,4418,5484,118,26,54
2024,2024oktu,Week 2,6026,4293,3507,4500,4499,1209,21,72
2024,2024oktu,Week 2,1819,2165,9410,4523,9631,2359,54,29
2024,2024oktu,Week 2,6809,3160,4329,5889,3179,2996,55,56
2024,2024oktu,Week 2,662,2945,31,7744,5550,8711,38,40
2024,2024oktu,Week 2,2036,9472,6424,9462,2352,1561,59,43
2024,2024oktu,Week 2,1730,3507,4418,1209,4293,5484,35,73
2024,2024oktu,Week 2,4523,2333,4500,9244,3465,2773,63,11
2024,2024oktu,Week 2,4005,2972,9631,9007,3284,2359,38,38
2024,2024oktu,Week 2,2395,1819,118,2165,6026,4499,56,42
2024,2024oktu,Week 2,3160,2945,2036,9410,6809,6424,65,72
2024,2024oktu,Week 2,5484,8711,9462,3507,5889,5550,42,46
2024,2024oktu,Week 2,4293,31,9244,4329,9472,2773,29,41
2024,2024oktu,Week 2,9007,3465,2352,2359,1209,662,37,46
2024,2024oktu,Week 2,1561,4500,2972,3179,2395,4005,42,30
2024,2024oktu,Week 2,1730,7744,2165,1819,3284,6026,47,56
2024,2024oktu,Week 2,2333,4499,118,4523,2996,4418,81,32
2024,2024oktu,Week 2,9631,2773,5484,2945,4329,9244,37,67
2024,2024oktu,Week 2,6424,1209,5550,9410,5889,9007,78,31
2024,2024oktu,Week 2,4500,8711,2395,2972,2359,2352,42,24
2024,2024oktu,Week 2,3465,1561,3160,1730,9462,1819,37,53
2024,2024oktu,Week 2,4005,7744,4523,9472,6809,2996,21,25
2024,2024oktu,Week 2,3284,118,3179,2036,4293,2333,57,44
2024,2024oktu,Week 2,4418,662,6026,2165,3507,9631,41,29
2024,2024oktu,Week 2,5484,9410,4499,31,4500,9007,57,57
2024,2024oktu,Week 2,2773,5550,1730,3160,6424,2972,47,80
2024,2024oktu,Week 2,1209,1819,5889,9472,4005,2945,49,41
2024,2024oktu,Week 2,3284,2996,2036,2395,2359,9244,90,22
2024,2024oktu,Week 2,2333,3507,7744,3179,9631,4293,44,28
2024,2024oktu,Week 2,4418,2165,6809,4329,31,9462,39,44
2024,2024oktu,Week 2,662,8711,3465,118,1561,4523,46,51
2024,2024oktu,Week 2,2945,6026,2352,4499,3160,4005,47,47
2024,2024oktu,Week 2,9472,5889,2395,9410,2359,2773,14,62
2024,2024oktu,Week 2,5484,2036,3507,2972,1819,7744,64,24
2024,2024oktu,Week 2,9462,4500,3179,31,2333,2165,60,41
2024,2024oktu,Week 2,3465,4523,1209,3284,4329,1561,58,64
2024,2024oktu,Week 2,2996,9244,6026,5550,2352,4418,50,60
2024,2024oktu,Week 2,9631,4499,6809,118,6424,8711,54,82
2024,2024oktu,Week 2,2945,1730,4293,9007,662,2395,58,12
2024,2024gadal,Week 2,3344,1683,6023,5608,7451,8866,11,46
2024,2024gadal,Week 2,5900,832,6944,5219,1746,9770,3,27
2024,2024gadal,Week 2,6887,8761,9500,6340,6705,9057,5,40
2024,2024gadal,Week 2,8080,9480,6905,8849,6712,7538,11,4
2024,2024gadal,Week 2,7514,9582,4516,5828,1758,4240,2,9
2024,2024gadal,Week 2,4026,4112,6919,3815,4701,1102,51,15
2024,2024gadal,Week 2,9500,6340,7451,5608,5219,1683,40,9
2024,2024gadal,Week 2,8866,8761,3344,9057,6712,6944,11,12
2024,2024gadal,Week 2,6887,832,6705,5828,9770,5900,21,38
2024,2024gadal,Week 2,7514,4240,6905,1102,8080,1746,3,50
2024,2024gadal,Week 2,9582,6919,8849,4516,3815,4026,24,16
2024,2024gadal,Week 2,1758,4112,4701,6023,9480,7538,10,17
2024,2024gadal,Week 2,6340,5828,6887,5608,3344,9057,27,4
2024,2024gadal,Week 2,4240,8080,6705,8866,6905,6712,24,24
2024,2024gadal,Week 2,5900,9582,1102,3815,8849,7451,22,52
2024,2024gadal,Week 2,6023,1746,4026,9770,7538,6919,31,35
2024,2024gadal,Week 2,8761,6944,5219,1758,1683,9480,4,22
2024,2024gadal,Week 2,832,4701,4516,7514,4112,9500,14,2
2024,2024gadal,Week 2,7451,4240,1102,3815,6705,5608,26,24
2024,2024gadal,Week 2,3344,8849,9770,6023,6905,5900,10,11
2024,2024gadal,Week 2,1758,9582,6944,6919,8761,1683,6,50
2024,2024gadal,Week 2,6712,5219,4701,4026,6340,832,13,33
2024,2024gadal,Week 2,9057,9500,5828,9480,7514,1746,6,35
2024,2024gadal,Week 2,7538,8866,8080,4112,4516,6887,17,21
2024,2024gadal,Week 2,1683,9770,4240,1102,8849,6023,17,57
2024,2024gadal,Week 2,4026,3344,6944,4701,6905,6705,10,30
2024,2024gadal,Week 2,5900,7514,7451,8761,1758,6340,34,23
2024,2024gadal,Week 2,6712,5828,4516,5219,8866,4112,15,35
2024,2024gadal,Week 2,7538,5608,6887,6919,9480,3815,21,48
2024,2024gadal,Week 2,8080,9057,9582,1746,9500,832,9,21
2024,2024gadal,Week 2,9770,7451,8761,4240,4026,4701,41,30
2024,2024gadal,Week 2,4112,3344,1102,6944,7514,1683,33,25
2024,2024gadal,Week 2,6705,5900,6712,6919,5608,1758,28,31
2024,2024gadal,Week 2,9057,4516,7538,1746,9582,5828,21,37
2024,2024gadal,Week 2,5219,9500,9480,8080,6887,3815,23,45
2024,2024gadal,Week 2,6905,832,8849,6340,8866,6023,18,32
2024,2024gadal,Week 2,4026,1758,7514,4240,5608,5900,7,22
2024,2024gadal,Week 2,1746,6705,7451,4112,1683,9582,41,45
2024,2024gadal,Week 2,6712,8080,9770,6887,1102,9057,6,35
2024,2024gadal,Week 2,6023,5219,3815,4516,6905,8761,36,9
2024,2024gadal,Week 2,832,9480,5828,3344,6919,6340,25,27
2024,2024gadal,Week 2,8849,6944,8866,4701,7538,9500,8,14
2024,2024gadal,Week 2,1758,1102,6712,7451,6887,4026,53,16
2024,2024gadal,Week 2,6905,1746,5608,6705,4516,5219,27,22
2024,2024gadal,Week 2,6340,3815,7514,9770,6023,9582,34,16
2024,2024gadal,Week 2,1683,8866,9500,7538,5900,3344,21,29
2024,2024gadal,Week 2,9480,4240,8761,4112,9057,832,22,37
2024,2024gadal,Week 2,4701,5828,8849,6919,6944,8080,14,37
2024,2024gadal,Week 2,6705,7514,9770,9582,7451,5219,27,47
2024,2024gadal,Week 2,3815,7538,1746,6712,6340,3344,70,24
2024,2024gadal,Week 2,8866,1758,832,1102,9500,6905,10,32
2024,2024gadal,Week 2,6887,6919,4701,8761,9057,8849,43,17
2024,2024gadal,Week 2,1683,4026,8080,6944,5828,5608,37,28
2024,2024gadal,Week 2,9480,4516,5900,4240,6023,4112,22,20
2024,2024gadal,Week 2,7538,6340,9582,6705,1102,8866,32,42
2024,2024gadal,Week 2,1746,9057,6919,8849,5219,1758,56,17
2024,2024gadal,Week 2,832,3815,1683,7514,6712,6887,49,16
2024,2024gadal,Week 2,5608,4112,9480,6905,9770,4026,35,29
2024,2024gadal,Week 2,9500,5900,3344,4516,6944,4240,15,20
2024,2024gadal,Week 2,5828,6023,8761,7451,4701,8080,21,44
2024,2024gadal,Week 2,9057,3815,1758,1683,8849,6705,25,70
2024,2024gadal,Week 2,8866,6887,1746,9582,4026,9480,38,28
2024,2024gadal,Week 2,6944,9770,4112,9500,5608,6712,37,26
2024,2024gadal,Week 2,8080,6023,4516,4701,5900,6340,22,44
2024,2024gadal,Week 2,7451,7538,6905,832,6919,4240,51,29
2024,2024gadal,Week 2,5828,3344,5219,1102,8761,7514,23,39
2024,2024gadal,Week 2,8849,1746,4112,9770,6887,1758,84,12
2024,2024gadal,Week 2,6944,4701,6023,9582,6712,3815,25,31
2024,2024gadal,Week 2,5900,4026,8866,9480,7451,9057,9,35
2024,2024gadal,Week 2,4516,1102,5608,8761,832,7538,37,30
2024,2024gadal,Week 2,9500,6705,6919,3344,8080,7514,47,14
2024,2024gadal,Week 2,5219,4240,6340,6905,1683,5828,29,57
2024,2024mibel,Week 2,9775,3707,217,7211,469,4737,46,61
2024,2024mibel,Week 2,9211,1188,7598,830,8179,8895,6,34
2024,2024mibel,Week 2,240,4405,1528,7147,9735,6120,28,21
2024,2024mibel,Week 2,6570,66,1481,3656,226,94,43,61
2024,2024mibel,Week 2,7220,8519,5531,1250,51,6150,14,65
2024,2024mibel,Week 2,6538,9727,8373,6057,6615,4395,30,38
2024,2024mibel,Week 2,6101,8832,7147,3707,8899,830,12,50
2024,2024mibel,Week 2,7211,240,1188,217,469,226,35,67
2024,2024mibel,Week 2,66,1250,4405,1481,4737,9775,57,32
2024,2024mibel,Week 2,9735,94,6150,6538,6570,6615,25,62
2024,2024mibel,Week 2,7598,7220,6057,4395,8899,6101,27,18
2024,2024mibel,Week 2,9211,1528,8373,51,8895,3656,41,43
2024,2024mibel,Week 2,9727,5531,8179,8832,8519,6120,22,46
2024,2024mibel,Week 2,3707,1188,6570,4405,1481,469,53,21
2024,2024mibel,Week 2,830,7147,6057,1250,94,6615,21,64
2024,2024mibel,Week 2,7598,8895,6150,4737,7220,240,58,18
2024,2024mibel,Week 2,51,6101,9727,7211,226,8832,13,64
2024,2024mibel,Week 2,217,8179,4395,1528,9775,3656,37,10
2024,2024mibel,Week 2,6120,6538,66,9735,8899,9211,54,14
2024,2024mibel,Week 2,94,8373,5531,3707,6057,8519,24,54
2024,2024mibel,Week 2,6570,4737,51,240,9727,830,34,38
2024,2024mibel,Week 2,7211,217,6150,1481,1250,8179,66,64
2024,2024mibel,Week 2,4395,3656,7598,8899,7147,6538,30,28
2024,2024mibel,Week 2,4405,7220,8895,8519,8373,1188,39,50
2024,2024mibel,Week 2,9775,9211,6101,8832,469,5531,11,36
2024,2024mibel,Week 2,226,6120,6615,9735,66,1528,63,26
2024,2024mibel,Week 2,3656,6570,1250,8179,3707,7598,87,45
2024,2024mibel,Week 2,6538,7211,1481,51,240,8519,57,34
2024,2024mibel,Week 2,94,4405,4737,4395,6150,8832,17,53
2024,2024mibel,Week 2,1188,9735,217,8899,5531,6615,27,33
2024,2024mibel,Week 2,6057,66,469,9727,1528,8895,53,6
2024,2024mibel,Week 2,6101,830,6120,7220,9775,8373,51,33
2024,2024mibel,Week 2,226,9211,4405,7147,8519,94,49,18
2024,2024mibel,Week 2,240,8832,3656,1188,6615,4737,43,64
2024,2024mibel,Week 2,8179,7211,51,8895,6057,9735,55,11
2024,2024mibel,Week 2,217,8899,66,6101,6150,3707,24,56
2024,2024mibel,Week 2,8373,830,1481,5531,1528,7598,27,6
2024,2024mibel,Week 2,9211,6120,4395,469,6570,9727,33,60
2024,2024mibel,Week 2,7147,9775,226,6538,1250,7220,37,64
2024,2024mibel,Week 2,6057,240,94,6101,3656,66,22,46
2024,2024mibel,Week 2,8519,6615,7211,4405,7598,830,62,37
2024,2024mibel,Week 2,8899,6120,469,1481,51,1188,49,58
2024,2024mibel,Week 2,226,8179,6538,5531,4395,3707,10,31
2024,2024mibel,Week 2,9775,8832,9735,8895,1250,8373,8,71
2024,2024mibel,Week 2,6150,7147,7220,9727,217,9211,78,17
2024,2024mibel,Week 2,1528,4737,830,6570,6057,8899,6,22
2024,2024mibel,Week 2,4395,66,51,3656,1188,4405,38,80
2024,2024mibel,Week 2,226,5531,1250,7598,8373,469,47,18
2024,2024mibel,Week 2,6615,1481,9727,8895,6538,9775,48,18
2024,2024mibel,Week 2,8832,3707,1528,6150,9211,240,42,48
2024,2024mibel,Week 2,7147,4737,8179,6120,94,7211,28,51
2024,2024mibel,Week 2,217,6101,7220,8519,9735,6570,49,38
2024,2024mibel,Week 2,7598,226,8899,4405,9727,9775,42,10
2024,2024mibel,Week 2,8373,3656,3707,830,6150,1188,49,57
2024,2024mibel,Week 2,1481,8895,7147,5531,7211,66,59,15
2024,2024mibel,Week 2,6615,6101,9735,51,94,9211,25,34
2024,2024mibel,Week 2,1250,217,6057,6120,6570,240,35,46
2024,2024mibel,Week 2,469,6538,1528,8179,7220,8832,46,30
2024,2024mibel,Week 2,8519,4395,8895,4737,6150,226,27,68
2024,2024mibel,Week 2,8373,51,8899,9211,7147,7211,60,27
2024,2024mibel,Week 2,94,830,6570,66,1188,9775,32,27
2024,2024mibel,Week 2,8832,4405,6057,240,7598,217,27,17
2024,2024mibel,Week 2,1250,9727,8519,8179,1528,6101,29,45
2024,2024mibel,Week 2,5531,1481,9735,4737,4395,6538,45,26
2024,2024mibel,Week 2,6615,469,3707,7220,3656,6120,68,45
2024,2024mibel,Week 2,6570,7598,8832,66,8373,7147,34,49
2024,2024mibel,Week 2,1188,8895,94,8899,240,1250,38,17
2024,2024mibel,Week 2,6150,9775,8519,1528,6057,1481,43,55
2024,2024mibel,Week 2,4737,6101,5531,6615,8179,4405,23,53
2024,2024mibel,Week 2,3656,6538,9211,7220,3707,7211,57,71
2024,2024mibel,Week 2,830,4395,226,6120,217,51,26,63
2024,2024mibel,Week 2,469,9735,1250,9727,7598,7147,65,16
2024,2024mibel,Week 2,8373,6615,240,66,8519,8179,62,46
2024,2024mibel,Week 2,9775,7211,8899,6150,5531,6570,27,85
2024,2024mibel,Week 2,6057,9211,4737,1188,226,6101,19,69
2024,2024mibel,Week 2,3707,6120,9727,8895,8832,217,60,30
2024,2024mibel,Week 2,1528,51,7220,94,1481,4395,51,71
2024,2024mibel,Week 2,469,830,3656,9735,4405,6538,90,39
2024,2024miesc,Week 2,4835,5486,6345,1322,3537,3655,8,22
2024,2024miesc,Week 2,2586,4988,6558,7782,9188,7713,6,40
2024,2024miesc,Week 2,7768,6637,6113,1596,6088,9249,30,15
2024,2024miesc,Week 2,9755,7826,5878,9548,3602,5702,22,27
2024,2024miesc,Week 2,6112,5534,6569,9674,4391,5706,40,46
2024,2024miesc,Week 2,857,9773,6079,9733,4827,9722,41,8
2024,2024miesc,Week 2,4375,6637,3537,5486,6088,7154,27,39
2024,2024miesc,Week 2,3602,1322,9188,6113,1596,4988,28,7
2024,2024miesc,Week 2,5878,3655,9548,6558,7768,4835,29,41
2024,2024miesc,Week 2,2586,9722,5706,9674,9733,6112,35,26
2024,2024miesc,Week 2,5534,6345,9773,7713,6569,857,27,44
2024,2024miesc,Week 2,4827,7782,7154,4391,9755,5702,51,37
2024,2024miesc,Week 2,9548,9249,4375,6079,1322,7826,37,21
2024,2024miesc,Week 2,4988,5878,3602,9733,6088,6558,21,18
2024,2024miesc,Week 2,9188,7768,6569,9722,6637,5486,54,17
2024,2024miesc,Week 2,3655,2586,6112,857,7154,9755,70,36
2024,2024miesc,Week 2,5534,4835,1596,9773,4375,7782,25,36
2024,2024miesc,Week 2,6345,5706,4827,7713,5702,6079,10,20
2024,2024miesc,Week 2,3537,6113,4391,9674,9249,7826,51,43
2024,2024miesc,Week 2,6112,4988,9755,1322,5486,5878,25,21
2024,2024miesc,Week 2,9548,7154,2586,7768,9722,5534,48,59
2024,2024miesc,Week 2,6637,6558,7713,5702,4835,9773,25,14
2024,2024miesc,Week 2,4391,6569,7782,3602,6079,6088,66,20
2024,2024miesc,Week 2,1596,3537,857,9188,9733,5706,43,10
2024,2024miesc,Week 2,4375,6345,3655,9249,6113,4827,40,11
2024,2024miesc,Week 2,9674,9755,1322,9773,7154,7826,26,52
2024,2024miesc,Week 2,5534,9548,5486,7713,6088,4988,30,22
2024,2024miesc,Week 2,5706,6637,1596,7782,9722,6558,36,22
2024,2024miesc,Week 2,6113,3655,9733,4391,5878,2586,20,75
2024,2024miesc,Week 2,6112,7768,6345,4827,7826,3602,38,51
2024,2024miesc,Week 2,9249,6569,6079,9188,4375,4835,41,56
2024,2024miesc,Week 2,857,7782,5702,3537,9674,9548,43,26
2024,2024miesc,Week 2,9722,1596,4391,5486,9773,3655,57,61
2024,2024miesc,Week 2,3602,9755,6558,1322,6345,9733,36,18
2024,2024miesc,Week 2,2586,7713,4827,6569,4375,6088,25,36
2024,2024miesc,Week 2,6079,7768,9674,5878,3537,9188,33,12
2024,2024miesc,Week 2,7154,5702,5706,6112,9249,4835,52,13
2024,2024miesc,Week 2,7826,6113,857,4988,5534,6637,57,20
2024,2024miesc,Week 2,6569,9755,9722,4375,6558,4391,29,58
2024,2024miesc,Week 2,5878,4827,9674,1596,9548,6345,29,45
2024,2024miesc,Week 2,6088,9773,7768,5702,9188,6112,40,16
2024,2024miesc,Week 2,7826,7782,3537,5534,1322,2586,33,43
2024,2024miesc,Week 2,7713,5486,9249,3602,857,9733,14,36
2024,2024miesc,Week 2,5706,6079,4988,7154,3655,6637,17,40
2024,2024miesc,Week 2,9548,4391,4835,6113,6112,9773,53,23
2024,2024miesc,Week 2,6345,9188,9674,9755,5534,6088,42,24
2024,2024miesc,Week 2,5486,3602,3537,6558,5702,9249,15,5
2024,2024miesc,Week 2,1322,7713,7154,6569,5878,6637,20,52
2024,2024miesc,Week 2,7782,9733,6079,7826,3655,7768,6,53
2024,2024miesc,Week 2,4827,857,4988,4375,2586,1596,41,76
2024,2024miesc,Week 2,9722,6113,9188,4835,5706,9755,32,26
2024,2024miesc,Week 2,9773,9548,6637,4391,6345,9249,28,65
2024,2024miesc,Week 2,6088,6112,7782,7154,6558,5878,30,28
2024,2024miesc,Week 2,9733,7826,5702,3655,6569,1596,30,70
2024,2024miesc,Week 2,6113,9674,4375,3537,7713,7768,36,44
2024,2024miesc,Week 2,4835,2586,3602,6079,4827,5534,40,28
2024,2024miesc,Week 2,5706,857,5486,4988,9722,1322,50,17
2024,2024miesc,Week 2,3655,4391,6088,9755,9548,9188,76,29
2024,2024miesc,Week 2,9733,4375,7713,6637,9674,7782,26,39
2024,2024miesc,Week 2,9249,3537,5534,1596,4827,6112,36,62
2024,2024miesc,Week 2,5706,9773,1322,7768,5486,2586,18,58
2024,2024miesc,Week 2,5702,4988,6569,6345,6079,5878,43,17
2024,2024miesc,Week 2,4835,857,9722,7154,3602,6113,51,57
2024,2024miesc,Week 2,7826,4391,7713,6558,6112,3537,72,25
2024,2024miesc,Week 2,9755,1596,9733,7768,5706,9548,30,29
2024,2024miesc,Week 2,9249,9188,3655,2586,7782,6345,30,47
2024,2024miesc,Week 2,4988,7154,4375,6569,3602,9773,50,53
2024,2024miesc,Week 2,6558,5534,9674,5486,6079,6113,39,38
2024,2024miesc,Week 2,6088,7826,9722,6637,4835,4827,40,44
2024,2024miesc,Week 2,5702,5878,7768,857,1322,4391,21,82
2024,2024miesc,Week 2,3537,9733,6569,7782,4988,9548,45,39
2024,2024miesc,Week 2,6079,1596,7154,9773,7713,9755,57,23
2024,2024miesc,Week 2,4827,6558,5486,9188,2586,7826,16,44
2024,2024miesc,Week 2,6088,4835,1322,3655,9674,857,45,65
2024,2024miesc,Week 2,6345,5702,6113,9722,6112,4375,21,58
2024,2024miesc,Week 2,6637,9249,3602,5878,5706,5534,50,28
2024,2024mike2,Week 2,6091,9776,6753,3534,7784,5533,11,57
2024,2024mike2,Week 2,453,5674,5641,9572,5193,3568,31,30
2024,2024mike2,Week 2,5183,9207,7772,7289,7195,8385,33,22
2024,2024mike2,Week 2,68,494,5517,9251,5612,2604,41,35
2024,2024mike2,Week 2,1718,5046,5150,3667,9237,8193,17,23
2024,2024mike2,Week 2,5603,6071,1684,6085,5561,5114,57,44
2024,2024mike2,Week 2,5907,6091,5235,3534,314,5527,59,30
2024,2024mike2,Week 2,6753,494,3568,9207,9572,8385,45,32
2024,2024mike2,Week 2,9237,7772,7784,5641,5193,1718,39,43
2024,2024mike2,Week 2,5150,5603,6085,2604,9776,7289,29,31
2024,2024mike2,Week 2,1684,5561,5517,5533,5183,5674,37,42
2024,2024mike2,Week 2,5046,5907,5612,6071,314,9251,70,36
2024,2024mike2,Week 2,5527,3667,453,5114,68,8193,21,83
2024,2024mike2,Week 2,7195,6091,5603,6753,5641,5235,25,33
2024,2024mike2,Week 2,2604,5150,9237,7772,5674,5517,40,37
2024,2024mike2,Week 2,1684,6085,494,7289,3568,5907,24,53
2024,2024mike2,Week 2,5527,5561,5193,314,9207,5533,31,46
2024,2024mike2,Week 2,3534,5612,6071,1718,9572,68,35,60
2024,2024mike2,Week 2,453,9251,8193,7195,7784,5183,36,32
2024,2024mike2,Week 2,8385,3667,5235,5046,5114,9776,28,51
2024,2024mike2,Week 2,5150,5527,7289,5533,6091,5641,26,52
2024,2024mike2,Week 2,5612,5674,9207,7772,3534,5907,34,57
2024,2024mike2,Week 2,453,68,6071,9237,5517,5603,32,48
2024,2024mike2,Week 2,5114,2604,9572,7784,8385,5046,47,35
2024,2024mike2,Week 2,5193,5235,7195,1718,1684,3667,7,76
2024,2024mike2,Week 2,3568,6085,9776,6753,5183,5561,25,61
2024,2024mike2,Week 2,8193,314,5674,5641,494,9251,64,47
2024,2024mike2,Week 2,5603,9572,3534,9237,6071,5533,39,43
2024,2024mike2,Week 2,7772,5193,2604,5907,7195,5114,22,62
2024,2024mike2,Week 2,7784,5561,9776,5517,6085,9207,48,33
2024,2024mike2,Week 2,494,453,5183,6091,5046,3667,33,35
2024,2024mike2,Week 2,6753,8385,5150,5527,1684,9251,33,39
2024,2024mike2,Week 2,314,68,7289,8193,3568,1718,68,46
2024,2024mike2,Week 2,5235,5114,7784,5612,9572,9237,47,51
2024,2024mike2,Week 2,2604,5907,5641,5603,3667,5561,56,57
2024,2024mike2,Week 2,5527,6753,7195,6085,5046,5674,17,13
2024,2024mike2,Week 2,9776,5533,9251,453,7772,1684,34,25
2024,2024mike2,Week 2,5612,5193,5183,68,3534,5150,24,40
2024,2024mike2,Week 2,1718,5517,7289,8385,314,494,39,38
2024,2024mike2,Week 2,6091,8193,6071,9207,3568,5235,36,31
2024,2024mike2,Week 2,5046,5533,5527,9251,7772,5603,38,33
2024,2024mike2,Week 2,5183,5907,68,6085,5641,7784,71,47
2024,2024mike2,Week 2,9572,7195,314,5150,9776,494,32,37
2024,2024mike2,Week 2,6071,6753,5193,3667,2604,3568,29,41
2024,2024mike2,Week 2,8193,9207,1684,5612,1718,453,36,25
2024,2024mike2,Week 2,9237,5674,3534,5561,7289,6091,34,56
2024,2024mike2,Week 2,5114,8385,7772,5235,5517,314,67,36
2024,2024mike2,Week 2,9776,5641,68,5183,2604,5046,51,12
2024,2024mike2,Week 2,494,7195,5612,5533,5603,5193,55,48
2024,2024mike2,Week 2,9572,3667,6085,6091,9251,9237,42,37
2024,2024mike2,Week 2,5561,1718,9207,5114,7289,6753,32,56
2024,2024mike2,Week 2,5674,5527,8385,6071,5150,5907,40,59
2024,2024mike2,Week 2,1684,5235,3534,5517,7784,453,47,30
2024,2024mike2,Week 2,3568,5183,6091,8193,7772,5046,31,34
2024,2024mike2,Week 2,314,9237,5114,3667,5612,6753,72,60
2024,2024mike2,Week 2,7195,5641,5561,68,9251,8385,60,46
2024,2024mike2,Week 2,2604,1684,7784,9572,5527,6071,47,35
2024,2024mike2,Week 2,7289,8193,6085,494,3534,5193,39,51
2024,2024mike2,Week 2,5517,5533,3568,5907,9776,1718,26,81
2024,2024mike2,Week 2,9207,5603,453,5150,5235,5674,42,24
2024,2024mike2,Week 2,314,6091,2604,7195,9237,1684,25,32
2024,2024mike2,Week 2,3667,494,7772,5561,3534,8193,57,51
2024,2024mike2,Week 2,5907,6753,5533,6071,5183,5114,72,42
2024,2024mike2,Week 2,9776,5517,5612,3568,5527,5641,26,35
2024,2024mike2,Week 2,9251,5046,9572,5193,7289,9207,44,43
2024,2024mike2,Week 2,5674,1718,5603,8385,453,6085,72,33
2024,2024mike2,Week 2,68,5235,5561,7784,5150,6091,54,52
2024,2024mike2,Week 2,494,5907,5527,9776,6071,7195,71,15
2024,2024mike2,Week 2,5193,8193,5517,7772,6753,9572,34,48
2024,2024mike2,Week 2,5641,9207,9237,5183,1684,314,61,50
2024,2024mike2,Week 2,5674,7289,3667,7784,5612,68,53,59
2024,2024mike2,Week 2,6085,5533,2604,5235,453,5046,37,18
2024,2024mike2,Week 2,3568,9251,5150,3534,5114,1718,34,86
2024,2024mike2,Week 2,8385,9237,5907,5603,8193,9776,62,59
2024,2024mike2,Week 2,5641,6071,7772,1684,68,6753,13,51
2024,2024mike2,Week 2,7289,7784,9572,5561,453,314,72,46
2024,2024mike2,Week 2,5046,3568,3534,5517,5150,7195,42,8
2024,2024mike2,Week 2,5533,8385,5612,5193,6085,6091,74,10
2024,2024mike2,Week 2,9207,5114,3667,5674,2604,494,51,45
2024,2024mike2,Week 2,9251,1718,5183,5235,5603,5527,64,44
2024,2024misjo,Week 2,5501,9758,894,5227,5559,9771,35,13
2024,2024misjo,Week 2,9763,5926,7811,5182,5610,5843,31,43
2024,2024misjo,Week 2,4776,4325,5927,9239,74,5056,42,39
2024,2024misjo,Week 2,3546,6588,2767,4237,5675,3620,56,51
2024,2024misjo,Week 2,9228,7814,4216,9549,9671,7210,33,8
2024,2024misjo,Week 2,2054,9743,7054,3452,9638,5712,64,56
2024,2024misjo,Week 2,1940,9763,5843,74,4855,4776,38,51
2024,2024misjo,Week 2,5227,5182,5501,5559,5610,9239,23,35
2024,2024misjo,Week 2,5056,5926,6588,7210,3620,3546,25,43
2024,2024misjo,Week 2,5675,9743,9671,2767,9771,7811,36,49
2024,2024misjo,Week 2,9549,9758,4325,9228,5927,2054,23,66
2024,2024misjo,Week 2,894,4855,9638,7814,1940,3452,58,16
2024,2024misjo,Week 2,4216,74,5712,5843,7054,4237,61,54
2024,2024misjo,Week 2,5610,9771,3546,9743,5926,9239,36,40
2024,2024misjo,Week 2,5675,7210,6588,9549,5501,5927,41,44
2024,2024misjo,Week 2,9671,9763,9638,1940,9758,5056,19,25
2024,2024misjo,Week 2,2054,3452,4855,5559,4776,7811,62,30
2024,2024misjo,Week 2,5182,9228,4325,7814,4237,2767,12,74
2024,2024misjo,Week 2,3620,5712,5227,4216,7054,894,52,51
2024,2024misjo,Week 2,9549,1940,5926,74,5501,9743,26,46
2024,2024misjo,Week 2,5610,4855,9763,5927,9671,5559,57,36
2024,2024misjo,Week 2,9228,3546,4237,9771,5843,4776,65,39
2024,2024misjo,Week 2,5227,7814,7210,5712,2767,9758,22,91
2024,2024misjo,Week 2,7811,5056,5675,894,4325,3452,26,67
2024,2024misjo,Week 2,6588,9638,9239,4216,2054,3620,26,52
2024,2024misjo,Week 2,5182,5559,9763,74,9228,7054,37,48
2024,2024misjo,Week 2,5712,1940,7210,5501,4237,4776,34,62
2024,2024misjo,Week 2,2767,5227,4855,4325,5610,5926,54,37
2024,2024misjo,Week 2,3620,894,5056,9758,7811,2054,53,58
2024,2024misjo,Week 2,9239,5927,5675,9638,7814,9771,20,19
2024,2024misjo,Week 2,7054,3452,9671,6588,9549,5843,24,27
2024,2024misjo,Week 2,5182,4216,1940,9743,3546,4325,31,71
2024,2024misjo,Week 2,7210,5501,5610,2054,74,9763,33,81
2024,2024misjo,Week 2,9239,894,5712,3620,2767,5926,46,76
2024,2024misjo,Week 2,3452,9228,4776,5227,9638,9549,48,23
2024,2024misjo,Week 2,5927,5843,9758,4216,3546,5675,30,64
2024,2024misjo,Week 2,5056,5559,7814,9771,9743,6588,32,32
2024,2024misjo,Week 2,7811,7054,5182,4237,4855,9671,6,64
2024,2024misjo,Week 2,4325,5227,74,3620,3452,5501,41,44
2024,2024misjo,Week 2,5610,4776,9638,5675,5712,5843,37,88
2024,2024misjo,Week 2,894,3546,1940,6588,5559,9228,50,29
2024,2024misjo,Week 2,5926,2054,4237,7811,5927,7814,68,15
2024,2024misjo,Week 2,9758,7054,4855,2767,5182,9743,30,64
2024,2024misjo,Week 2,9771,9239,4216,7210,9763,5056,49,23
2024,2024misjo,Week 2,5675,9549,74,9671,6588,5227,69,21
2024,2024misjo,Week 2,7814,3620,5610,4237,3452,5927,47,54
2024,2024misjo,Week 2,9638,5843,5926,1940,4325,5559,40,36
2024,2024misjo,Week 2,5712,7811,9743,9763,9239,9758,63,50
2024,2024misjo,Week 2,3546,5182,9549,4776,894,7210,41,51
2024,2024misjo,Week 2,5056,9228,2767,4855,4216,5501,66,49
2024,2024misjo,Week 2,2054,9671,5610,7054,9771,1940,53,30
2024,2024misjo,Week 2,4325,6588,4237,5559,9638,9758,55,24
2024,2024misjo,Week 2,3452,5675,5227,9763,7814,3546,56,37
2024,2024misjo,Week 2,2767,4216,9549,74,894,7811,38,62
2024,2024misjo,Week 2,4776,9743,3620,5926,9671,9228,54,38
2024,2024misjo,Week 2,9771,7210,2054,4855,5712,5182,52,46
2024,2024misjo,Week 2,5843,9239,5501,5056,5927,7054,34,50
2024,2024misjo,Week 2,6588,7811,3452,1940,5610,2767,30,67
2024,2024misjo,Week 2,5559,3620,74,9758,4776,4216,39,43
2024,2024misjo,Week 2,4237,7210,9638,9743,5227,894,49,60
2024,2024misjo,Week 2,5843,5056,4325,9671,9771,5182,55,10
2024,2024misjo,Week 2,3546,9239,4855,9763,9549,5712,51,58
2024,2024misjo,Week 2,5501,5926,7054,7814,2054,5675,45,72
2024,2024misjo,Week 2,9638,74,5927,7811,5227,9228,65,16
2024,2024misjo,Week 2,4776,5056,9671,5610,4237,894,34,67
2024,2024misjo,Week 2,3546,5712,5559,4325,2767,9763,63,64
2024,2024misjo,Week 2,5501,1940,2054,9743,5843,7814,61,47
2024,2024misjo,Week 2,9228,9549,9771,7054,3620,9239,34,43
2024,2024misjo,Week 2,5927,4216,6588,5926,5182,3452,43,49
2024,2024misjo,Week 2,4855,7210,5559,9758,5675,5610,19,37
2024,2024misjo,Week 2,9671,2767,74,9638,2054,3546,59,64
2024,2024misjo,Week 2,5843,7811,3620,5712,5501,9228,46,81
2024,2024misjo,Week 2,5927,9763,9743,894,6588,5182,49,65
2024,2024misjo,Week 2,9239,4237,5227,4855,5675,1940,40,52
2024,2024misjo,Week 2,7054,4776,7814,7210,4325,4216,20,45
2024,2024misjo,Week 2,5926,9758,9771,3452,5056,9549,35,41
2024,2024scand,Week 2,8736,9561,4451,3091,1648,1319,39,4
2024,2024scand,Week 2,2815,342,9571,1539,5130,2974,10,72
2024,2024scand,Week 2,3329,7676,8137,9477,6961,343,3,25
2024,2024scand,Week 2,1293,9315,6167,1051,4533,281,16,24
2024,2024scand,Week 2,3976,4189,3490,8575,3489,1287,0,36
2024,2024scand,Week 2,7085,8736,1539,6366,343,9561,3,34
2024,2024scand,Week 2,6167,281,6961,4451,9571,3091,20,37
2024,2024scand,Week 2,3329,1648,8575,342,1293,2974,20,66
2024,2024scand,Week 2,4189,1287,5130,4533,8137,6366,34,55
2024,2024scand,Week 2,7085,1051,1319,3489,7676,3976,17,20
2024,2024scand,Week 2,3490,2815,343,9477,9315,281,49,18
2024,2024scand,Week 2,5130,3091,1293,6167,8137,1539,24,4
2024,2024scand,Week 2,9561,7676,342,3976,1051,6961,27,15
2024,2024scand,Week 2,3489,3329,3490,8736,9571,6366,28,41
2024,2024scand,Week 2,1287,7085,1648,8575,4451,9315,38,43
2024,2024scand,Week 2,2974,1319,4533,2815,4189,9477,59,18
2024,2024scand,Week 2,343,9571,3329,8137,8736,342,21,26
2024,2024scand,Week 2,7676,6167,4451,5130,9561,1648,29,31
2024,2024scand,Week 2,1293,6961,3489,3490,9477,1319,24,25
2024,2024scand,Week 2,1539,4533,3976,7085,4189,2974,21,72
2024,2024scand,Week 2,3091,6366,1287,9315,1051,2815,32,34
2024,2024scand,Week 2,8575,342,9477,3489,8736,281,40,22
2024,2024scand,Week 2,1648,9571,7085,1293,3329,4189,6,22
2024,2024scand,Week 2,1051,1539,9561,1287,4451,4533,15,48
2024,2024scand,Week 2,6167,5130,2815,6366,3976,8575,38,45
2024,2024scand,Week 2,7676,3091,9315,6961,8137,3490,6,21
2024,2024scand,Week 2,1319,343,3489,2974,281,1287,39,60
2024,2024scand,Week 2,5130,9477,6366,1293,9561,7085,67,8
2024,2024scand,Week 2,4189,9315,9571,8736,3490,7676,18,15
2024,2024scand,Week 2,1319,4451,8137,8575,343,1051,39,56
2024,2024scand,Week 2,281,3976,2815,1648,6961,1539,30,14
2024,2024scand,Week 2,2974,3091,6167,3329,4533,342,50,47
2024,2024scand,Week 2,9477,1293,8736,9315,1319,1287,44,5
2024,2024scand,Week 2,2815,1539,8575,9561,3489,8137,26,23
2024,2024scand,Week 2,343,7676,281,342,6167,4189,51,34
2024,2024scand,Week 2,5130,6961,3329,3976,7085,4451,26,36
2024,2024scand,Week 2,6366,2974,1051,3490,4533,1648,66,21
2024,2024scand,Week 2,3091,1539,3489,9571,1287,1293,41,38
2024,2024scand,Week 2,342,9315,3976,1319,2815,8736,7,42
2024,2024scand,Week 2,8137,1051,4189,9561,281,3329,24,24
2024,2024scand,Week 2,4451,3490,1648,4533,5130,343,58,42
2024,2024scand,Week 2,6961,2974,9571,6366,6167,8575,72,29
2024,2024scand,Week 2,9477,1287,7676,3091,2815,7085,31,22
2024,2024scand,Week 2,9315,9561,4533,3489,342,5130,12,45
2024,2024scand,Week 2,9571,3490,1051,3329,6167,8736,45,37
2024,2024scand,Week 2,4189,281,6366,7085,2974,7676,76,62
2024,2024scand,Week 2,8137,1648,9477,6961,8575,3091,31,20
2024,2024scand,Week 2,1319,1293,3976,343,1539,4451,6,64
2024,2024scand,Week 2,281,342,7085,1287,3490,9561,53,39
2024,2024scand,Week 2,6961,8736,4533,8137,8575,5130,53,37
2024,2024scand,Week 2,1051,9477,3091,343,3976,2974,24,67
2024,2024scand,Week 2,2815,4451,3329,7676,6366,1293,32,26
2024,2024scand,Week 2,1648,3489,6167,4189,1319,1539,43,21
2024,2024scand,Week 2,9315,7085,8137,9571,3976,9561,10,17
2024,2024scand,Week 2,1051,1287,342,7676,2815,6961,34,36
2024,2024scand,Week 2,281,8575,1319,4533,3329,3091,47,38
2024,2024scand,Week 2,1539,6366,3490,8736,5130,9315,38,27
2024,2024scand,Week 2,1648,343,4189,6167,9477,9571,56,21
2024,2024scand,Week 2,2974,3489,2815,4451,1293,1051,71,24
2024,2024scand,Week 2,4533,8575,7676,1539,3329,9315,41,26
2024,2024scand,Week 2,1287,8137,343,3490,7085,6167,39,47
2024,2024scand,Week 2,342,6366,6961,4451,4189,3489,54,48
2024,2024scand,Week 2,9561,2974,9477,9571,1319,5130,65,29
2024,2024scand,Week 2,3976,3091,8736,281,1648,1293,30,33
2024,2024txbel,Week 2,8598,8610,5103,9506,9418,9140,3,32
2024,2024txbel,Week 2,9137,9524,9448,4597,418,8625,8,34
2024,2024txbel,Week 2,5503,6369,8114,8827,4610,4332,36,11
2024,2024txbel,Week 2,9664,5726,8879,2789,3743,9054,12,15
2024,2024txbel,Week 2,8507,2583,5052,5414,4364,7138,24,9
2024,2024txbel,Week 2,9121,6357,4717,8749,3561,3679,13,51
2024,2024txbel,Week 2,3802,8019,5894,5892,6155,3847,9,55
2024,2024txbel,Week 2,9418,418,8598,8625,8114,8610,53,8
2024,2024txbel,Week 2,4332,9054,9140,2789,9524,8879,9,16
2024,2024txbel,Week 2,2583,5726,5503,8507,5103,9137,23,8
2024,2024txbel,Week 2,4364,4610,9448,8749,4717,3743,10,19
2024,2024txbel,Week 2,5894,5892,3679,9121,5414,8019,38,57
2024,2024txbel,Week 2,3847,7138,4597,6357,3802,6155,45,14
2024,2024txbel,Week 2,9506,8827,6369,5052,9664,3561,30,16
2024,2024txbel,Week 2,9418,2789,8507,9140,9137,2583,38,17
2024,2024txbel,Week 2,4364,8879,8610,4610,8749,5103,25,45
2024,2024txbel,Week 2,8114,9054,8019,3743,8625,5726,49,17
2024,2024txbel,Week 2,4332,3802,7138,4717,8598,5894,17,27
2024,2024txbel,Week 2,8827,3679,5414,6357,5892,5503,48,52
2024,2024txbel,Week 2,6369,4597,6155,418,9506,3561,18,46
2024,2024txbel,Week 2,5052,3847,9524,9448,9121,9664,74,14
2024,2024txbel,Week 2,8019,5103,9140,9137,9054,4364,51,20
2024,2024txbel,Week 2,4610,8114,2789,7138,8598,8749,18,33
2024,2024txbel,Week 2,5503,4717,3679,3743,8879,5894,43,24
2024,2024txbel,Week 2,4332,6369,5892,3561,8610,6357,37,33
2024,2024txbel,Week 2,5414,8507,9664,4597,9418,5052,65,26
2024,2024txbel,Week 2,5726,3802,418,3847,9506,9448,32,65
2024,2024txbel,Week 2,2583,8625,8827,9524,6155,9121,28,18
2024,2024txbel,Week 2,4610,9137,3743,9054,5894,5103,22,20
2024,2024txbel,Week 2,9140,7138,5503,3561,5892,8598,9,27
2024,2024txbel,Week 2,2789,4597,9664,3679,8114,4364,4,19
2024,2024txbel,Week 2,3802,5052,9506,4332,8749,8507,28,28
2024,2024txbel,Week 2,8610,9448,2583,6369,6357,8625,33,37
2024,2024txbel,Week 2,5414,9418,3847,4717,8019,9524,65,24
2024,2024txbel,Week 2,8879,6155,418,5726,8827,9121,13,31
2024,2024txbel,Week 2,9664,5892,3743,8598,8114,9137,33,55
2024,2024txbel,Week 2,8749,3802,4597,2789,3679,5052,37,27
2024,2024txbel,Week 2,6357,9140,4610,2583,9506,4332,20,34
2024,2024txbel,Week 2,5103,8625,3847,5414,6369,4717,64,54
2024,2024txbel,Week 2,9054,9418,6155,7138,9448,8827,41,20
2024,2024txbel,Week 2,9121,8879,3561,8610,8507,8019,84,15
2024,2024txbel,Week 2,5894,4364,5726,418,5503,9524,19,51
2024,2024txbel,Week 2,5052,4610,8598,3679,9137,3802,37,46
2024,2024txbel,Week 2,8749,3847,8114,8625,5414,9140,40,48
2024,2024txbel,Week 2,9054,9664,6357,6155,4332,4717,17,18
2024,2024txbel,Week 2,5103,8879,4597,9418,7138,6369,29,18
2024,2024txbel,Week 2,9506,9524,5726,3743,2583,9121,17,34
2024,2024txbel,Week 2,4364,8827,2789,8507,9448,5892,24,42
2024,2024txbel,Week 2,5894,418,8610,5503,3561,8019,40,59
2024,2024txbel,Week 2,3847,4717,9137,8114,6357,4332,44,16
2024,2024txbel,Week 2,6155,5052,5414,8598,9140,8879,46,27
2024,2024txbel,Week 2,8625,9054,9121,4597,9506,4610,29,33
2024,2024txbel,Week 2,8507,3679,6369,9524,3743,4364,38,2
2024,2024txbel,Week 2,9448,8019,2789,5103,5503,8827,41,30
2024,2024txbel,Week 2,3802,8610,9418,418,2583,5892,36,43
2024,2024txbel,Week 2,3561,7138,5726,9664,5894,8749,40,10
2024,2024txbel,Week 2,9137,6357,9506,8114,5414,8879,23,44
2024,2024txbel,Week 2,3847,8507,8598,6369,4610,9054,67,32
2024,2024txbel,Week 2,9524,4332,3679,5103,6155,4364,35,21
2024,2024txbel,Week 2,5892,4717,9418,5503,9121,5052,52,32
2024,2024txbel,Week 2,7138,9664,2583,8019,8749,418,13,77
2024,2024txbel,Week 2,8610,9140,3743,5726,4597,9448,10,28
2024,2024txbel,Week 2,8827,5894,3561,3802,2789,8625,39,25
2024,2024txbel,Week 2,9054,8598,9506,6357,3679,3847,25,69
2024,2024txbel,Week 2,4717,4364,8507,9137,9121,6369,7,44
2024,2024txbel,Week 2,6155,2583,8749,9418,9664,5503,26,33
2024,2024txbel,Week 2,5892,5414,4597,8019,5726,4610,55,29
2024,2024txbel,Week 2,8114,3561,5103,8879,9448,3802,34,49
2024,2024txbel,Week 2,9524,8625,7138,8610,4332,2789,33,34
2024,2024txbel,Week 2,418,3743,8827,9140,5052,5894,65,16
2024,2024txbel,Week 2,9506,9121,8507,6155,5503,9137,45,24
2024,2024txbel,Week 2,5892,8749,9054,6369,3847,2583,40,82
2024,2024txbel,Week 2,8879,8019,6357,8598,4364,3802,33,38
2024,2024txbel,Week 2,8625,3561,4332,3679,5726,9418,36,67
2024,2024txbel,Week 2,9140,8827,9664,4717,4597,8610,53,23
2024,2024txbel,Week 2,5894,9524,4610,9448,5052,8114,26,26
2024,2024txbel,Week 2,3743,5103,5414,7138,2789,418,42,55
2024,2024txbel,Week 2,4364,5503,9506,8879,3847,9054,28,64
2024,2024txbel,Week 2,8019,8598,8625,5726,8507,6357,36,35
2024,2024txbel,Week 2,9121,9140,5892,9664,6369,3802,65,31
2024,2024txbel,Week 2,5052,9137,8749,8827,8610,9524,34,32
2024,2024txbel,Week 2,9448,4332,5414,3679,3743,7138,59,46
2024,2024txbel,Week 2,4597,5894,8114,2583,5103,9418,14,27
2024,2024txbel,Week 2,3561,2789,6155,4610,418,4717,40,49
2024,2024orsal,Week 2,3636,6465,1540,4043,749,3673,35,51
2024,2024orsal,Week 2,2046,1359,3024,997,2374,4125,38,68
2024,2024orsal,Week 2,847,2521,957,2990,6845,753,75,18
2024,2024orsal,Week 2,2898,2915,3712,8532,2471,4060,22,34
2024,2024orsal,Week 2,3674,955,3636,2046,4043,5975,45,59
2024,2024orsal,Week 2,3024,2374,1540,2990,6465,847,20,43
2024,2024orsal,Week 2,749,4060,2898,957,4125,3712,16,45
2024,2024orsal,Week 2,3674,753,2521,5975,997,3673,89,21
2024,2024orsal,Week 2,2915,8532,955,1359,2471,6845,25,34
2024,2024orsal,Week 2,4043,3712,3024,1540,957,2046,48,81
2024,2024orsal,Week 2,749,3674,5975,2374,6465,2521,47,57
2024,2024orsal,Week 2,955,847,6845,2471,3673,2898,55,30
2024,2024orsal,Week 2,997,2990,3636,4060,2915,4125,42,43
2024,2024orsal,Week 2,6465,5975,753,1359,8532,2374,11,53
2024,2024orsal,Week 2,2046,749,2521,955,1540,3712,89,54
2024,2024orsal,Week 2,4060,2990,2471,3024,3674,3673,47,38
2024,2024orsal,Week 2,997,6845,8532,3636,2898,4043,33,61
2024,2024orsal,Week 2,753,4125,847,957,2915,1359,36,59
2024,2024orsal,Week 2,2521,5975,955,3674,3024,2990,62,42
2024,2024orsal,Week 2,2046,997,2471,6465,8532,3636,81,28
2024,2024orsal,Week 2,3673,1359,4060,2374,3712,957,27,50
2024,2024orsal,Week 2,6845,4125,4043,1540,847,2915,67,29
2024,2024orsal,Week 2,753,2898,8532,749,2471,955,35,51
2024,2024orsal,Week 2,3673,957,2990,3636,3024,5975,54,14
2024,2024orsal,Week 2,2521,1540,4125,4060,2046,6465,78,59
2024,2024orsal,Week 2,3712,1359,3674,4043,997,847,57,59
2024,2024orsal,Week 2,6845,2374,2898,753,749,2915,21,24
2024,2024orsal,Week 2,2471,5975,957,1540,3024,4060,42,27
2024,2024orsal,Week 2,4125,955,847,8532,3712,2046,47,53
2024,2024orsal,Week 2,3636,753,1359,3674,6845,749,30,67
2024,2024orsal,Week 2,2374,3673,2990,2898,2521,997,15,67
2024,2024orsal,Week 2,6465,4043,3024,2915,8532,2471,56,17
2024,2024orsal,Week 2,5975,4060,753,3712,847,749,15,47
2024,2024orsal,Week 2,2374,2046,3674,6845,957,3636,77,34
2024,2024orsal,Week 2,2898,4125,1359,1540,4043,2990,42,68
2024,2024orsal,Week 2,6465,2915,997,2521,955,3673,34,70
2024,2024orsal,Week 2,8532,847,3024,749,3636,2374,42,43
2024,2024orsal,Week 2,1359,1540,5975,2990,2898,2046,39,75
2024,2024orsal,Week 2,3673,6845,6465,4125,2471,3674,20,96
2024,2024orsal,Week 2,4060,3712,997,957,753,955,14,31
2024,2024orsal,Week 2,2915,5975,2374,4043,2521,8532,16,83
2024,2024orsal,Week 2,2990,749,1359,4125,3636,2046,26,106
2024,2024orsal,Week 2,847,3673,1540,997,957,3674,54,35
2024,2024orsal,Week 2,2915,4060,4043,2898,955,6465,73,52
2024,2024orsal,Week 2,3712,2521,6845,3024,753,2471,56,34
2024,2024orsal,Week 2,8532,1540,749,5975,3673,4125,42,24
2024,2024orsal,Week 2,955,3674,4043,847,2374,4060,80,30
2024,2024orsal,Week 2,6845,2046,2915,3712,2990,6465,47,43
2024,2024orsal,Week 2,3024,2898,957,1359,3636,2521,43,64
2024,2024orsal,Week 2,2471,4043,2374,753,997,1540,76,69
2024,2024orsal,Week 2,4125,2990,8532,5975,4060,6845,57,23
2024,2024orsal,Week 2,957,6465,749,847,3674,2898,44,76
2024,2024orsal,Week 2,3673,2046,753,2521,3024,2915,24,58
2024,2024orsal,Week 2,2471,3636,3712,955,1359,997,20,50
2024,2024casf,Week 2,6814,8016,6962,8793,9006,9111,34,8
2024,2024casf,Week 2,7245,6418,1458,9143,5700,7130,24,11
2024,2024casf,Week 2,5507,4973,4698,4669,8840,8033,44,49
2024,2024casf,Week 2,4186,1671,1700,971,9114,2489,27,51
2024,2024casf,Week 2,7426,4765,5940,846,9038,6822,120,24
2024,2024casf,Week 2,114,9584,2854,5924,852,6662,46,29
2024,2024casf,Week 2,2643,841,2551,8852,4904,840,30,63
2024,2024casf,Week 2,8016,9111,649,4669,1458,6962,37,31
2024,2024casf,Week 2,9006,4186,9143,8793,4698,5700,22,37
2024,2024casf,Week 2,971,7130,5507,2489,846,6814,54,53
2024,2024casf,Week 2,852,114,8033,1700,7245,5940,95,79
2024,2024casf,Week 2,8840,9584,7426,2854,841,1671,45,56
2024,2024casf,Week 2,4904,5924,2643,4765,4973,840,29,49
2024,2024casf,Week 2,9114,6662,6822,649,6418,8852,61,54
2024,2024casf,Week 2,9038,4669,9006,1458,2551,971,23,63
2024,2024casf,Week 2,5700,5507,8016,4186,5940,852,64,53
2024,2024casf,Week 2,6814,114,7130,4698,1671,6962,63,51
2024,2024casf,Week 2,8793,2489,5924,8033,7245,9584,41,45
2024,2024casf,Week 2,846,9111,841,840,649,9114,39,64
2024,2024casf,Week 2,2551,4904,9143,2854,2643,6822,30,37
2024,2024casf,Week 2,9038,8852,6662,1700,8840,4973,39,36
2024,2024casf,Week 2,4765,6418,4669,114,7426,4186,60,84
2024,2024casf,Week 2,6962,5507,5940,971,5924,7245,83,35
2024,2024casf,Week 2,2489,9584,1458,846,840,4698,58,55
2024,2024casf,Week 2,6822,6814,2551,841,8033,8016,21,83
2024,2024casf,Week 2,9143,4973,9038,9111,2854,8852,21,39
2024,2024casf,Week 2,1671,5700,649,6418,8840,852,52,30
2024,2024casf,Week 2,8793,1700,9114,7130,4765,4904,38,20
2024,2024casf,Week 2,6662,9006,2489,2643,7426,4669,40,48
2024,2024casf,Week 2,2551,4698,4186,5924,846,6962,50,46
2024,2024casf,Week 2,6822,8852,9584,9111,6814,5507,18,16
2024,2024casf,Week 2,9038,971,852,841,114,6418,36,89
2024,2024casf,Week 2,7245,840,8840,9114,1458,4904,41,49
2024,2024casf,Week 2,5700,6662,2643,7130,8016,1700,34,35
2024,2024casf,Week 2,8033,5940,4973,1671,8793,7426,83,57
2024,2024casf,Week 2,9143,2854,4765,5507,649,9006,20,52
2024,2024casf,Week 2,852,2489,8852,6418,6962,6822,55,54
2024,2024casf,Week 2,7245,9114,6814,2551,4669,114,24,68
2024,2024casf,Week 2,9111,4698,2643,5700,4186,9038,36,34
2024,2024casf,Week 2,7426,1700,846,4973,8793,4904,53,14
2024,2024casf,Week 2,971,8033,4765,8840,6662,1458,63,51
2024,2024casf,Week 2,2854,9006,5940,840,7130,9584,81,42
2024,2024casf,Week 2,8016,1671,5924,841,649,9143,60,64
2024,2024casf,Week 2,4186,2643,6814,6962,9038,7245,22,55
2024,2024casf,Week 2,5507,846,8793,852,5700,2551,23,40
2024,2024casf,Week 2,4904,9111,2489,6662,4765,114,37,77
2024,2024casf,Week 2,840,971,6418,4698,8033,2854,60,84
2024,2024casf,Week 2,649,5924,7130,8852,7426,8016,48,56
2024,2024casf,Week 2,4669,9143,1700,8840,5940,841,24,78
2024,2024casf,Week 2,1458,6822,4973,9584,9114,9006,35,45
2024,2024casf,Week 2,1671,6814,9038,4186,4904,5507,34,41
2024,2024casf,Week 2,5700,840,8033,114,6962,971,62,75
2024,2024casf,Week 2,8016,2854,6418,4765,7245,846,63,44
2024,2024casf,Week 2,852,4669,7130,9111,9143,8840,26,36
2024,2024casf,Week 2,6662,841,8793,6822,4698,9006,48,16
2024,2024casf,Week 2,7426,9114,5924,2643,1458,1700,72,32
2024,2024casf,Week 2,5940,649,2551,4973,2489,1671,75,33
2024,2024casf,Week 2,8852,5700,114,9584,4186,8016,45,38
2024,2024casf,Week 2,846,4904,8840,8033,9143,6814,32,42
2024,2024casf,Week 2,6962,840,841,6418,5507,6662,69,47
2024,2024casf,Week 2,5924,1700,2854,4669,6822,9111,59,22
2024,2024casf,Week 2,4698,852,7426,4973,2551,9114,64,55
2024,2024casf,Week 2,9006,1458,4765,5940,1671,8852,42,88
2024,2024casf,Week 2,649,9584,971,2643,7130,7245,107,23
2024,2024casf,Week 2,8840,9038,8793,2489,8016,840,20,49
2024,2024casf,Week 2,4904,6418,5700,6814,5924,4669,37,45
2024,2024casf,Week 2,4973,4186,846,1700,6822,114,50,61
2024,2024casf,Week 2,1458,8852,4698,5507,852,2854,62,34
2024,2024casf,Week 2,9584,6962,4765,7426,971,9143,48,69
2024,2024casf,Week 2,7245,6662,9111,9006,2551,1671,29,42
2024,2024casf,Week 2,7130,8793,8033,9038,2643,649,48,12
2024,2024casf,Week 2,9114,841,4186,5940,2489,5700,36,88
2024,2024cave,Week 2,589,3970,3881,7323,1138,7327,25,18
2024,2024cave,Week 2,687,9635,3216,9084,3863,5817,21,67
2024,2024cave,Week 2,115,5136,4014,5285,5012,2375,46,2
2024,2024cave,Week 2,1661,1388,691,9421,8533,6995,30,46
2024,2024cave,Week 2,8005,4738,4817,3328,8,6060,43,35
2024,2024cave,Week 2,3476,8521,4481,6885,696,6934,77,23
2024,2024cave,Week 2,399,3925,6764,9172,8768,4414,21,58
2024,2024cave,Week 2,5835,4711,8060,3749,4276,4019,31,44
2024,2024cave,Week 2,6995,5136,3216,9084,589,1138,52,36
2024,2024cave,Week 2,115,3328,5285,8533,3863,1661,40,32
2024,2024cave,Week 2,4481,696,5817,4817,3881,9421,84,15
2024,2024cave,Week 2,4738,7327,4414,8768,691,8521,89,22
2024,2024cave,Week 2,8005,687,3749,6934,3476,5012,45,29
2024,2024cave,Week 2,6885,3925,8060,4276,6764,9635,30,39
2024,2024cave,Week 2,399,6060,9172,4711,3970,2375,17,24
2024,2024cave,Week 2,4019,7323,5835,8,4014,1388,16,39
2024,2024cave,Week 2,3863,3328,696,6995,691,3881,52,30
2024,2024cave,Week 2,4414,1138,5012,5817,3476,4738,70,60
2024,2024cave,Week 2,4481,589,9421,8768,115,9635,62,73
2024,2024cave,Week 2,4817,8533,687,7327,3749,3970,18,47
2024,2024cave,Week 2,8521,4276,1388,8060,8005,3216,46,27
2024,2024cave,Week 2,5835,2375,8,3925,1661,4711,24,40
2024,2024cave,Week 2,9172,6934,5136,6885,399,4014,26,18
2024,2024cave,Week 2,6060,4019,9084,6764,5285,7323,62,46
2024,2024cave,Week 2,5012,9635,8533,4414,4817,3476,32,84
2024,2024cave,Week 2,3970,5817,691,4276,589,115,60,60
2024,2024cave,Week 2,3881,8768,687,8,3216,1661,49,40
2024,2024cave,Week 2,7327,9172,8521,6934,5835,6995,7,53
2024,2024cave,Week 2,4711,6060,6764,5136,1388,3863,12,73
2024,2024cave,Week 2,6885,4019,3328,9421,7323,3749,21,28
2024,2024cave,Week 2,4738,9084,8060,696,2375,4014,55,31
2024,2024cave,Week 2,3925,8005,5285,4481,399,1138,35,57
2024,2024cave,Week 2,8,6995,8768,3970,5012,4276,52,30
2024,2024cave,Week 2,5835,9172,1388,3476,3863,115,32,80
2024,2024cave,Week 2,1661,7323,8521,3749,5136,5817,19,63
2024,2024cave,Week 2,4014,6764,4738,3216,4817,6060,41,41
2024,2024cave,Week 2,8533,9084,4711,4481,4019,3925,35,54
2024,2024cave,Week 2,3328,9421,4414,6934,8060,687,80,61
2024,2024cave,Week 2,5285,696,399,9635,7327,589,42,54
2024,2024cave,Week 2,691,6885,2375,1138,3881,8005,25,21
2024,2024cave,Week 2,7323,4276,6995,4817,4014,8768,37,26
2024,2024cave,Week 2,3863,4738,5835,8533,4481,3970,49,82
2024,2024cave,Week 2,5817,1661,5012,6764,9172,8060,28,6
2024,2024cave,Week 2,589,6934,5285,1388,687,3925,44,83
2024,2024cave,Week 2,399,2375,9635,3749,8521,6060,53,39
2024,2024cave,Week 2,115,6885,7327,3216,3328,9084,47,69
2024,2024cave,Week 2,4414,3881,696,8005,4019,4711,81,33
2024,2024cave,Week 2,3476,1138,5136,9421,691,8,55,7
2024,2024cave,Week 2,9172,4276,1661,1388,4738,4481,13,122
2024,2024cave,Week 2,7323,4014,687,8521,399,8533,71,30
2024,2024cave,Week 2,2375,3925,3863,5012,3328,7327,23,11
2024,2024cave,Week 2,115,6995,4817,3881,4711,6934,59,17
2024,2024cave,Week 2,3476,9421,3970,3216,5285,4019,58,39
2024,2024cave,Week 2,8060,8,4414,589,6060,6885,69,32
2024,2024cave,Week 2,3749,9084,6764,691,1138,696,61,46
2024,2024cave,Week 2,9635,5817,8005,8768,5835,5136,103,43
2024,2024cave,Week 2,7327,4711,4481,4738,5012,7323,55,59
2024,2024cave,Week 2,3216,9421,8521,3925,115,8533,23,61
2024,2024cave,Week 2,2375,1661,4817,3863,4414,6885,16,59
2024,2024cave,Week 2,6060,6934,1138,696,9084,4276,26,63
2024,2024cave,Week 2,4014,6995,589,8005,3476,6764,45,51
2024,2024cave,Week 2,5136,8060,691,687,3970,5835,21,60
2024,2024cave,Week 2,3881,3749,8,5285,9635,9172,49,38
2024,2024cave,Week 2,3328,8768,399,5817,1388,4019,24,65
2024,2024cave,Week 2,1138,3216,3863,6934,4414,7323,37,45
2024,2024cave,Week 2,6060,4014,8005,1661,7327,9421,48,24
2024,2024cave,Week 2,4276,4481,5835,6764,687,2375,49,48
2024,2024cave,Week 2,3925,3749,3476,5136,3881,4738,60,41
2024,2024cave,Week 2,4019,691,589,5012,4817,9172,41,27
2024,2024cave,Week 2,8768,5817,4711,5285,6885,8533,46,33
2024,2024cave,Week 2,3970,1388,3328,8521,9635,9084,47,76
2024,2024cave,Week 2,696,8,115,6995,8060,399,94,43
2024,2024cave,Week 2,7327,3863,4276,4014,4414,3749,35,85
2024,2024cave,Week 2,691,3216,3476,6060,4481,1661,63,123
2024,2024cave,Week 2,4019,8533,6934,2375,589,5136,26,51
2024,2024cave,Week 2,7323,8005,3970,9172,5817,3925,53,53
2024,2024cave,Week 2,1138,6764,8,4711,8521,3328,50,14
2024,2024cave,Week 2,9084,9421,5012,399,5835,3881,59,37
2024,2024cave,Week 2,1388,5285,8768,8060,4817,696,52,39
2024,2024cave,Week 2,9635,6995,6885,687,115,4738,34,101
2024,2024tuis2,Week 2,8800,9468,5665,8570,6989,8084,29,44
2024,2024tuis2,Week 2,9497,9043,8725,8209,9483,9647,39,90
2024,2024tuis2,Week 2,9422,6988,6431,7632,7466,7636,8,73
2024,2024tuis2,Week 2,9001,9409,8058,9625,8261,9089,31,7
2024,2024tuis2,Week 2,8153,8799,9024,7570,9610,6985,28,33
2024,2024tuis2,Week 2,9451,4613,6014,9547,6941,9479,88,51
2024,2024tuis2,Week 2,8169,6459,9174,7551,7576,8079,68,25
2024,2024tuis2,Week 2,9020,9132,9159,8056,8806,8054,15,109
2024,2024tuis2,Week 2,8127,8725,8795,9029,8084,9409,61,3
2024,2024tuis2,Week 2,8261,9001,8800,6988,8209,9497,33,30
2024,2024tuis2,Week 2,7466,9610,5665,6014,7570,8058,24,24
2024,2024tuis2,Week 2,9547,9647,8153,7636,8079,8570,9,48
2024,2024tuis2,Week 2,9174,9132,9422,6459,6985,6989,10,63
2024,2024tuis2,Week 2,9483,9089,8799,9479,7551,8056,89,22
2024,2024tuis2,Week 2,4613,9468,6941,9029,9020,7632,112,36
2024,2024tuis2,Week 2,8806,9625,9043,8169,8054,6431,37,79
2024,2024tuis2,Week 2,9024,8795,7576,9451,9159,8127,79,31
2024,2024tuis2,Week 2,8725,9422,8570,9132,8153,8261,77,38
2024,2024tuis2,Week 2,9483,6014,7466,9174,9089,9001,73,14
2024,2024tuis2,Week 2,8799,8056,9029,8084,7632,9647,30,74
2024,2024tuis2,Week 2,4613,8058,7636,8806,9497,8800,67,28
2024,2024tuis2,Week 2,7576,6985,9547,6431,9043,7551,42,22
2024,2024tuis2,Week 2,9479,9468,8169,9159,5665,9409,22,32
2024,2024tuis2,Week 2,6459,9024,9625,6988,8795,6941,49,66
2024,2024tuis2,Week 2,8079,8209,9610,6989,9451,9020,19,23
2024,2024tuis2,Week 2,8127,7570,9647,8054,8800,4613,27,76
2024,2024tuis2,Week 2,9001,8153,6014,9132,8084,8056,42,40
2024,2024tuis2,Week 2,9422,7466,9089,9043,7576,9468,4,27
2024,2024tuis2,Week 2,8570,7551,8806,6941,8725,9409,70,49
2024,2024tuis2,Week 2,6459,9479,9029,6431,9610,7636,45,14
2024,2024tuis2,Week 2,8169,8127,9625,9174,8209,7570,26,16
2024,2024tuis2,Week 2,8261,9020,9483,6989,9024,7632,42,45
2024,2024tuis2,Week 2,9547,8054,8795,9497,5665,8799,43,23
2024,2024tuis2,Week 2,9451,6988,8079,6985,8058,9159,18,34
2024,2024tuis2,Week 2,9647,6941,6431,9089,9132,8725,43,67
2024,2024tuis2,Week 2,8127,8570,8056,9610,9043,6459,55,48
2024,2024tuis2,Week 2,8084,9174,8261,8806,9479,7570,30,39
2024,2024tuis2,Week 2,9497,7632,7551,6014,5665,6989,57,65
2024,2024tuis2,Week 2,9024,9159,4613,8799,9409,9422,86,20
2024,2024tuis2,Week 2,8209,6985,8153,9468,8058,8795,38,25
2024,2024tuis2,Week 2,7576,7636,9451,9001,8169,9020,33,43
2024,2024tuis2,Week 2,8800,9029,7466,9625,9547,8079,8,17
2024,2024tuis2,Week 2,9610,8261,6988,8054,9483,6941,14,139
2024,2024tuis2,Week 2,7570,7632,9132,9479,9409,9497,76,21
2024,2024tuis2,Week 2,8209,8056,8058,5665,6431,9024,39,41
2024,2024tuis2,Week 2,9159,7636,6989,6014,9089,8127,32,54
2024,2024tuis2,Week 2,6985,8079,8084,7576,4613,9625,43,75
2024,2024tuis2,Week 2,9043,8570,9020,6988,8799,9174,27,7
2024,2024tuis2,Week 2,9468,9001,6459,9647,8725,8800,64,42
2024,2024tuis2,Week 2,9029,7551,8054,8153,9451,7466,36,4
2024,2024tuis2,Week 2,8795,8806,8169,9422,9483,9547,68,64
2024,2024tuis2,Week 2,5665,7636,8209,6941,7576,9132,32,69
2024,2024tuis2,Week 2,9625,6431,8084,9159,9497,9610,37,15
2024,2024tuis2,Week 2,8725,8079,9001,8799,8127,7632,55,45
2024,2024tuis2,Week 2,9089,9020,4613,8570,6459,8153,72,87
2024,2024tuis2,Week 2,7551,9547,9174,9468,9024,8261,49,42
2024,2024tuis2,Week 2,7570,9029,9451,9483,6988,8806,20,97
2024,2024tuis2,Week 2,8800,9479,6014,8795,9422,9043,44,28
2024,2024tuis2,Week 2,9409,6989,8169,8058,9647,8054,41,54
2024,2024tuis2,Week 2,9020,8056,6985,7466,9497,8127,55,30
2024,2024tuis2,Week 2,7636,9625,9132,7551,8799,9468,30,25
2024,2024tuis2,Week 2,6431,9451,9483,8261,4613,8570,53,77
2024,2024tuis2,Week 2,9043,6941,7570,8795,9159,9001,43,19
2024,2024tuis2,Week 2,9409,8806,8209,8079,6014,6459,43,58
2024,2024tuis2,Week 2,7632,8800,6985,9089,8169,9610,50,33
2024,2024tuis2,Week 2,8054,7466,9024,8725,8084,9479,48,62
2024,2024tuis2,Week 2,6989,9547,6988,8056,8153,7576,10,23
2024,2024tuis2,Week 2,8058,9422,5665,9647,9174,9029,62,1
2024,2024tuis2,Week 2,8079,8127,9483,9132,6431,9468,68,24
2024,2024tuis2,Week 2,9610,8795,7551,4613,9001,8806,26,108
2024,2024tuis2,Week 2,6985,8054,8570,7632,6014,8209,89,16
2024,2024tuis2,Week 2,8084,9089,9159,9020,6459,9547,31,57
2024,2024tuis2,Week 2,5665,9647,9479,8153,9625,6988,42,11
2024,2024tuis2,Week 2,8058,6989,9043,7636,7570,8725,33,45
2024,2024tuis2,Week 2,6941,8261,8799,7466,8169,7576,58,46
2024,2024tuis2,Week 2,9409,9174,9451,8056,8800,9422,6,34
2024,2024tuis2,Week 2,9132,9029,9497,9024,8570,9089,39,69
2024,2024ctwat,Week 2,7869,4572,3461,999,5746,195,35,44
2024,2024ctwat,Week 2,230,3146,9710,3654,7694,6723,84,29
2024,2024ctwat,Week 2,558,8889,3634,228,237,8709,31,42
2024,2024ctwat,Week 2,1991,176,178,3719,1099,6346,81,23
2024,2024ctwat,Week 2,2064,5142,155,9193,2168,716,69,57
2024,2024ctwat,Week 2,237,839,558,2067,9710,3654,34,47
2024,2024ctwat,Week 2,8889,176,3461,7869,3634,1991,86,14
2024,2024ctwat,Week 2,3146,228,1099,178,155,716,36,48
2024,2024ctwat,Week 2,5746,3719,2064,6346,7694,230,27,71
2024,2024ctwat,Week 2,2067,195,5142,6723,4572,9193,50,40
2024,2024ctwat,Week 2,839,8709,3654,999,2168,7869,33,52
2024,2024ctwat,Week 2,716,3461,7694,9710,3719,178,77,10
2024,2024ctwat,Week 2,230,558,155,3146,1991,4572,73,44
2024,2024ctwat,Week 2,195,2064,237,3634,6723,839,47,30
2024,2024ctwat,Week 2,8889,999,1099,228,9193,2067,57,49
2024,2024ctwat,Week 2,5746,6346,176,2168,5142,8709,91,34
2024,2024ctwat,Week 2,195,716,1991,9710,237,3634,65,33
2024,2024ctwat,Week 2,3461,2067,6723,228,155,7694,38,58
2024,2024ctwat,Week 2,3654,230,4572,176,9193,839,50,54
2024,2024ctwat,Week 2,3146,5142,3719,5746,8889,8709,45,50
2024,2024ctwat,Week 2,6346,178,7869,2064,999,558,44,78
2024,2024ctwat,Week 2,2168,4572,237,1099,6723,716,38,51
2024,2024ctwat,Week 2,7694,839,5746,228,195,8889,51,49
2024,2024ctwat,Week 2,2064,2067,6346,155,3654,176,37,59
2024,2024ctwat,Week 2,9710,558,1991,5142,230,999,34,68
2024,2024ctwat,Week 2,3634,3719,2168,9193,3461,3146,20,73
2024,2024ctwat,Week 2,8709,7869,155,178,1099,2064,45,35
2024,2024ctwat,Week 2,1991,6346,228,5142,4572,839,58,62
2024,2024ctwat,Week 2,6723,3146,176,999,716,3719,72,52
2024,2024ctwat,Week 2,7869,3654,558,8889,7694,9193,39,25
2024,2024ctwat,Week 2,2067,5746,2168,237,178,230,66,49
2024,2024ctwat,Week 2,1099,9710,8709,3461,195,3634,40,39
2024,2024ctwat,Week 2,6723,1991,3719,716,2064,3654,30,33
2024,2024ctwat,Week 2,3146,8889,7869,6346,558,4572,55,42
2024,2024ctwat,Week 2,3634,7694,5142,176,2067,999,70,71
2024,2024ctwat,Week 2,839,230,228,9710,2168,155,47,56
2024,2024ctwat,Week 2,195,1099,9193,237,5746,3461,36,54
2024,2024ctwat,Week 2,178,999,6723,8709,1991,7694,57,58
2024,2024ctwat,Week 2,176,228,9710,558,3146,2067,58,64
2024,2024ctwat,Week 2,7869,716,5746,3461,3654,5142,53,56
2024,2024ctwat,Week 2,9193,6346,237,155,3719,195,46,37
2024,2024ctwat,Week 2,839,178,2168,3634,1099,4572,36,42
2024,2024ctwat,Week 2,230,8709,3461,2064,8889,9710,34,51
2024,2024ctwat,Week 2,155,6723,237,5142,7869,228,39,67
2024,2024ctwat,Week 2,3654,5746,1099,839,6346,999,54,70
2024,2024ctwat,Week 2,558,8709,716,1991,2067,3719,63,38
2024,2024ctwat,Week 2,9193,3634,2064,2168,3146,7694,31,65
2024,2024ctwat,Week 2,4572,178,8889,176,195,230,45,90
2024,2024ctwat,Week 2,3719,228,558,1099,7869,839,57,35
2024,2024ctwat,Week 2,5746,9710,9193,155,3634,6346,62,51
2024,2024ctwat,Week 2,5142,6723,8889,178,3654,3146,55,39
2024,2024ctwat,Week 2,7694,237,2067,4572,8709,176,63,90
2024,2024ctwat,Week 2,999,3461,1991,2168,2064,230,43,57
2024,2024ctwat,Week 2,195,839,3146,716,5142,6346,63,56
2024,2024ctwat,Week 2,1099,155,2067,6723,558,5746,54,45
2024,2024ctwat,Week 2,3719,9193,3654,3461,228,178,45,68
2024,2024ctwat,Week 2,716,230,3634,237,176,7869,63,52
2024,2024ctwat,Week 2,7694,9710,195,8889,1991,2168,39,51
2024,2024ctwat,Week 2,4572,999,228,8709,2064,3146,77,74
2024,2024ctwat,Week 2,3654,237,5142,558,3461,1099,67,64
2024,2024ctwat,Week 2,2067,3634,178,1991,155,5746,62,57
2024,2024ctwat,Week 2,8709,9193,999,4572,716,9710,80,40
2024,2024ctwat,Week 2,6346,2168,195,230,7869,6723,66,48
2024,2024ctwat,Week 2,7694,176,2064,3719,839,8889,83,39
2024,2024mabri,Week 2,3623,78,5422,6367,69,61,78,22
2024,2024mabri,Week 2,2342,5494,4048,5962,467,1119,45,47
2024,2024mabri,Week 2,9644,9286,1965,6731,4169,4909,21,44
2024,2024mabri,Week 2,3958,2423,2713,246,1153,2877,47,52
2024,2024mabri,Week 2,8567,2262,8626,125,5813,88,14,97
2024,2024mabri,Week 2,3566,4908,319,5000,2079,8046,46,34
2024,2024mabri,Week 2,1965,78,5962,61,1119,3623,62,41
2024,2024mabri,Week 2,5494,4909,9644,4169,2342,6367,34,26
2024,2024mabri,Week 2,5422,88,2423,5813,9286,3958,67,43
2024,2024mabri,Week 2,6731,2877,8626,8567,4908,8046,51,41
2024,2024mabri,Week 2,1153,69,2262,2079,3566,467,29,79
2024,2024mabri,Week 2,125,246,5000,4048,319,2713,68,62
2024,2024mabri,Week 2,2342,3623,88,2423,9286,6367,69,26
2024,2024mabri,Week 2,4909,5813,2877,8046,8626,5422,86,37
2024,2024mabri,Week 2,9644,1119,4908,467,3958,69,25,28
2024,2024mabri,Week 2,5962,61,8567,2262,5000,319,49,27
2024,2024mabri,Week 2,1965,125,5494,3566,2713,6731,77,36
2024,2024mabri,Week 2,78,4169,1153,246,4048,2079,52,54
2024,2024mabri,Week 2,69,2423,4908,9286,467,8626,54,38
2024,2024mabri,Week 2,3623,5962,5813,61,319,4909,54,32
2024,2024mabri,Week 2,5422,2713,5000,2877,5494,3566,60,63
2024,2024mabri,Week 2,88,4048,6367,1119,1965,2262,76,41
2024,2024mabri,Week 2,78,8046,246,2342,9644,6731,57,43
2024,2024mabri,Week 2,125,3958,4169,2079,8567,1153,60,63
2024,2024mabri,Week 2,69,319,2877,9286,4909,5962,46,59
2024,2024mabri,Week 2,2262,61,2423,8626,4048,3566,25,79
2024,2024mabri,Week 2,8046,88,6731,78,467,9644,59,69
2024,2024mabri,Week 2,246,6367,5422,4908,2079,125,52,64
2024,2024mabri,Week 2,5813,1965,5000,5494,3958,1153,47,55
2024,2024mabri,Week 2,1119,2713,2342,4169,3623,8567,72,27
2024,2024mabri,Week 2,467,2877,61,3566,88,69,43,43
2024,2024mabri,Week 2,4908,5962,2423,5422,9644,125,30,47
2024,2024mabri,Week 2,5813,8626,2079,1965,6731,3958,68,39
2024,2024mabri,Week 2,2262,4169,4048,2342,246,319,45,49
2024,2024mabri,Week 2,8567,1119,4909,2713,5494,78,63,66
2024,2024mabri,Week 2,1153,6367,8046,3623,5000,9286,42,8
2024,2024mabri,Week 2,3958,3566,9644,61,4908,5813,23,67
2024,2024mabri,Week 2,6731,5962,246,2877,5422,2262,29,35
2024,2024mabri,Week 2,4048,4909,125,88,2079,1965,56,33
2024,2024mabri,Week 2,319,8046,1119,5000,1153,2342,40,38
2024,2024mabri,Week 2,9286,69,4169,2713,3623,8626,22,54
2024,2024mabri,Week 2,5494,6367,467,2423,8567,78,30,91
2024,2024mabri,Week 2,88,4909,3958,2262,6731,125,69,35
2024,2024mabri,Week 2,319,5813,1153,2877,4908,1965,69,55
2024,2024mabri,Week 2,5422,2342,9286,2079,2713,61,50,41
2024,2024mabri,Week 2,3623,246,467,5000,8626,5494,51,29
2024,2024mabri,Week 2,2423,8046,4169,1119,78,69,38,61
2024,2024mabri,Week 2,6367,8567,3566,9644,4048,5962,39,46
2024,2024mabri,Week 2,125,61,2342,1153,6731,4908,62,42
2024,2024mabri,Week 2,4909,1965,467,5813,246,2713,75,78
2024,2024mabri,Week 2,8626,88,78,319,5422,5494,89,37
2024,2024mabri,Week 2,8567,9286,4048,4169,3566,1119,73,45
2024,2024mabri,Week 2,69,3623,8046,3958,5962,2262,38,11
2024,2024mabri,Week 2,9644,2423,2079,5000,6367,2877,36,48
2024,2024mabri,Week 2,1153,125,2713,78,319,61,79,61
2024,2024mabri,Week 2,6731,5422,8567,9286,1119,88,42,38
2024,2024mabri,Week 2,246,3566,1965,5962,2342,69,60,47
2024,2024mabri,Week 2,4169,467,5813,6367,2262,9644,62,42
2024,2024mabri,Week 2,4908,5000,3958,4909,8626,2423,28,60
2024,2024mabri,Week 2,5494,2079,3623,8046,2877,4048,60,52
2024,2024mabri,Week 2,5962,1153,3566,88,8567,246,63,46
2024,2024mabri,Week 2,2713,2262,9286,6367,78,5813,33,76
2024,2024mabri,Week 2,467,2342,4908,1965,5422,4169,52,43
2024,2024mabri,Week 2,4909,69,5000,4048,2423,6731,60,51
2024,2024mabri,Week 2,8626,125,319,2877,9644,3623,62,55
2024,2024mabri,Week 2,1119,3958,2079,8046,61,5494,61,50
2024,2024mabri,Week 2,2713,4169,5962,467,1153,88,24,82
2024,2024mabri,Week 2,3566,5000,78,4908,2262,4909,76,48
2024,2024mabri,Week 2,319,6731,3623,4048,5813,5422,59,96
2024,2024mabri,Week 2,2079,2877,9286,2423,125,1119,58,77
2024,2024mabri,Week 2,61,9644,246,69,5494,8567,71,45
2024,2024mabri,Week 2,8626,1965,6367,3958,8046,2342,51,39
2024,2024mibro,Week 2,2620,3096,5436,9744,5697,9182,39,35
2024,2024mibro,Week 2,5050,8427,9736,5263,5695,815,17,17
2024,2024mibro,Week 2,9748,8362,1189,6618,8124,2851,13,39
2024,2024mibro,Week 2,5619,9747,9226,5090,8623,7191,2,36
2024,2024mibro,Week 2,7174,5067,3604,280,6029,5567,58,10
2024,2024mibro,Week 2,5498,247,6528,8426,6914,9255,44,35
2024,2024mibro,Week 2,1025,5555,5263,5697,2620,5053,30,43
2024,2024mibro,Week 2,3096,1189,815,9226,9748,5695,54,4
2024,2024mibro,Week 2,5619,5090,9182,8124,6029,8427,48,11
2024,2024mibro,Week 2,2851,280,6914,247,7191,9736,25,35
2024,2024mibro,Week 2,3604,8362,1025,5498,5555,9744,63,4
2024,2024mibro,Week 2,5050,5053,9255,5067,8623,5436,40,44
2024,2024mibro,Week 2,8426,5567,6528,6618,9747,7174,27,56
2024,2024mibro,Week 2,9182,8124,5695,9748,6029,2620,34,16
2024,2024mibro,Week 2,5263,5498,6914,815,5619,280,13,22
2024,2024mibro,Week 2,1189,5053,8623,1025,5050,3096,39,48
2024,2024mibro,Week 2,5555,9736,9747,6528,9226,9744,11,37
2024,2024mibro,Week 2,7174,5436,5567,8427,247,8426,75,43
2024,2024mibro,Week 2,2851,5697,8362,5067,9255,7191,39,20
2024,2024mibro,Week 2,6618,5090,5050,6914,3604,2620,62,43
2024,2024mibro,Week 2,5053,6528,1025,280,5695,9747,64,9
2024,2024mibro,Week 2,8124,5263,7174,5498,3096,9182,44,35
2024,2024mibro,Week 2,6029,247,5697,1189,9736,9744,34,47
2024,2024mibro,Week 2,815,2851,7191,5436,3604,5619,32,78
2024,2024mibro,Week 2,5555,9226,6618,9255,5090,8427,48,57
2024,2024mibro,Week 2,8426,8623,9748,5567,5067,8362,28,38
2024,2024mibro,Week 2,5263,5050,6029,280,9744,3096,43,7
2024,2024mibro,Week 2,3604,7191,8124,5695,247,1025,41,31
2024,2024mibro,Week 2,9226,9255,2851,9747,5697,815,31,55
2024,2024mibro,Week 2,8362,9736,5498,5053,5436,8427,9,52
2024,2024mibro,Week 2,5067,6528,5619,5567,1189,2620,51,67
2024,2024mibro,Week 2,9182,6618,8623,5090,8426,5555,54,51
2024,2024mibro,Week 2,247,9748,6914,7174,9226,3096,34,33
2024,2024mibro,Week 2,5436,815,9255,8124,1025,280,57,46
2024,2024mibro,Week 2,7191,9747,9744,1189,5263,8427,6,17
2024,2024mibro,Week 2,6528,6618,6029,5619,5498,5053,39,17
2024,2024mibro,Week 2,2851,8426,5067,9182,2620,5050,72,27
2024,2024mibro,Week 2,5695,5555,8362,5567,6914,5090,3,48
2024,2024mibro,Week 2,9748,5697,7174,8623,9736,3604,35,47
2024,2024mibro,Week 2,8427,3096,7191,5436,1025,6618,21,86
2024,2024mibro,Week 2,8124,9226,8426,5263,5053,2851,34,50
2024,2024mibro,Week 2,8362,6029,5619,815,5050,247,17,80
2024,2024mibro,Week 2,5567,5695,9736,5555,9255,8623,36,21
2024,2024mibro,Week 2,280,1189,5498,2620,9747,5090,36,41
2024,2024mibro,Week 2,5067,9182,9748,5697,3604,6528,43,51
2024,2024mibro,Week 2,9744,6914,5053,7174,8426,5619,4,65
2024,2024mibro,Week 2,9736,6618,815,247,8362,8124,40,24
2024,2024mibro,Week 2,2620,1025,8623,9747,5567,5263,62,24
2024,2024mibro,Week 2,3096,5090,5067,3604,5498,9226,47,49
2024,2024mibro,Week 2,9744,7174,5050,1189,7191,5555,51,32
2024,2024mibro,Week 2,5695,6914,5697,6029,9182,5436,24,53
2024,2024mibro,Week 2,8427,2851,9748,6528,9255,280,41,30
2024,2024mibro,Week 2,9226,2620,5263,8362,6618,8426,30,44
2024,2024mibro,Week 2,3604,815,5090,3096,5053,9736,55,21
2024,2024mibro,Week 2,6914,5619,8124,9747,5436,1189,29,47
2024,2024mibro,Week 2,9744,5067,247,9255,9748,1025,38,42
2024,2024mibro,Week 2,5697,5498,5567,5050,6528,5695,44,54
2024,2024mibro,Week 2,8427,280,7174,9182,2851,5555,42,46
2024,2024mibro,Week 2,6029,8623,9747,7191,5436,8362,21,53
2024,2024mibro,Week 2,9255,1189,3604,9736,5263,8426,62,27
2024,2024mibro,Week 2,6528,815,6914,5050,8124,5697,64,25
2024,2024mibro,Week 2,9226,280,5067,5619,5695,6618,38,37
2024,2024mibro,Week 2,2620,8427,5555,8623,3096,247,46,41
2024,2024mibro,Week 2,5053,5567,9182,5498,7191,9748,53,17
2024,2024mibro,Week 2,5090,9744,6029,1025,7174,2851,48,82
2024,2024mibro,Week 2,9736,8124,5436,6914,5050,5067,47,59
2024,2024mibro,Week 2,247,280,3604,8623,8427,9226,58,33
2024,2024mibro,Week 2,8426,9182,1189,815,8362,5053,37,50
2024,2024mibro,Week 2,3096,2851,9747,6618,9744,5567,61,47
2024,2024mibro,Week 2,9255,2620,5695,6029,7174,5498,31,54
2024,2024mibro,Week 2,7191,5619,5263,9748,5555,6528,10,32
2024,2024mibro,Week 2,5090,1025,1189,5697,8426,280,64,44
2024,2024mibro,Week 2,8623,9744,8124,6914,8427,6618,7,63
2024,2024mibro,Week 2,9736,9182,9226,2851,5567,5050,24,107
2024,2024mibro,Week 2,5555,815,6029,9747,5067,5498,43,21
2024,2024mibro,Week 2,1025,5619,5697,8362,7174,9255,56,39
2024,2024mibro,Week 2,5436,5263,247,5053,9748,5090,50,48
2024,2024mibro,Week 2,5695,3604,3096,7191,6528,2620,45,53
2024,2024milac,Week 2,9225,2137,3688,4422,3536,8041,50,58
2024,2024milac,Week 2,9650,5110,5509,3603,5547,5980,18,59
2024,2024milac,Week 2,7808,5216,5525,6121,7155,8517,21,44
2024,2024milac,Week 2,1711,8873,6087,6077,2619,7855,50,34
2024,2024milac,Week 2,7794,4003,1918,5982,5247,6642,25,34
2024,2024milac,Week 2,6033,3618,5505,5166,5086,3641,55,77
2024,2024milac,Week 2,9227,2246,5980,7155,9568,4422,10,46
2024,2024milac,Week 2,2137,1711,5509,5110,8873,7808,38,37
2024,2024milac,Week 2,3688,6121,6087,5525,6642,7794,46,28
2024,2024milac,Week 2,7855,5086,3536,5547,5247,5505,53,22
2024,2024milac,Week 2,2246,6033,8041,9568,3603,9225,13,31
2024,2024milac,Week 2,3641,2619,4003,5216,3618,6077,43,60
2024,2024milac,Week 2,1918,5982,9227,5166,9650,8517,18,30
2024,2024milac,Week 2,5086,7808,7155,5509,6087,4422,29,36
2024,2024milac,Week 2,5980,5505,1711,2246,9225,6121,49,42
2024,2024milac,Week 2,5110,8041,2619,5216,7855,4003,12,41
2024,2024milac,Week 2,3688,3603,9227,2137,1918,5166,41,45
2024,2024milac,Week 2,8517,6033,5525,8873,6077,5247,50,40
2024,2024milac,Week 2,9650,5547,3536,3641,6642,9568,71,38
2024,2024milac,Week 2,3618,7794,7155,5982,1711,5110,27,54
2024,2024milac,Week 2,9225,5216,5166,5505,3688,5086,41,54
2024,2024milac,Week 2,3603,8517,2246,6087,9227,7855,62,17
2024,2024milac,Week 2,6642,4422,5547,1918,8873,8041,43,40
2024,2024milac,Week 2,5525,3641,2137,6033,4003,5980,72,18
2024,2024milac,Week 2,3618,9568,9650,7794,5509,2619,40,23
2024,2024milac,Week 2,6121,3536,5247,7808,6077,5982,63,34
2024,2024milac,Week 2,5216,6642,5086,2246,5166,1711,52,48
2024,2024milac,Week 2,8517,9227,4422,4003,5547,5525,64,18
2024,2024milac,Week 2,3688,9568,5980,8873,3603,7155,27,51
2024,2024milac,Week 2,6077,9650,5505,7808,6087,9225,47,22
2024,2024milac,Week 2,2619,1918,3536,5110,6033,7794,65,18
2024,2024milac,Week 2,5247,5509,3618,8041,2137,6121,41,49
2024,2024milac,Week 2,7855,3641,2246,5980,5982,5166,26,48
2024,2024milac,Week 2,7808,1711,6642,5525,5505,8873,38,57
2024,2024milac,Week 2,5547,1918,3688,2619,6033,5216,52,40
2024,2024milac,Week 2,9227,8041,9568,5086,6121,3618,12,61
2024,2024milac,Week 2,4003,2137,5110,6087,9650,5982,61,25
2024,2024milac,Week 2,3536,5509,6077,5247,4422,3603,52,48
2024,2024milac,Week 2,7794,8517,3641,7855,7155,9225,40,18
2024,2024milac,Week 2,6642,8873,6121,3618,5980,2619,44,37
2024,2024milac,Week 2,9650,2137,6033,1711,9227,5525,35,43
2024,2024milac,Week 2,5086,6077,9568,5216,2246,5110,41,58
2024,2024milac,Week 2,5982,8517,5509,4422,3688,7794,19,60
2024,2024milac,Week 2,7155,5247,4003,3536,9225,5505,34,51
2024,2024milac,Week 2,5166,8041,7808,3641,6087,5547,23,83
2024,2024milac,Week 2,3603,7855,3618,1918,5525,2246,53,58
2024,2024milac,Week 2,8873,4422,5086,6121,7794,9650,68,41
2024,2024milac,Week 2,6033,3688,5982,5505,5110,6642,48,33
2024,2024milac,Week 2,3641,8041,5216,5980,5247,7808,68,28
2024,2024milac,Week 2,2619,5547,9225,2137,3603,6077,23,65
2024,2024milac,Week 2,7855,5166,5509,3536,7155,9227,43,52
2024,2024milac,Week 2,6087,9568,4003,1711,8517,1918,36,56
2024,2024milac,Week 2,5505,7808,7794,8873,3618,3688,31,73
2024,2024milac,Week 2,5980,5110,4422,8041,9650,5247,68,22
2024,2024milac,Week 2,2619,2246,7155,2137,5086,5547,12,42
2024,2024milac,Week 2,9227,6077,3641,5509,9225,1918,44,31
2024,2024milac,Week 2,5525,5982,7855,9568,3536,5216,30,49
2024,2024milac,Week 2,6033,5166,3603,4003,6121,1711,50,56
2024,2024milac,Week 2,6642,6087,3618,8517,5980,2137,49,31
2024,2024milac,Week 2,6077,7155,1918,2246,3688,9650,72,30
2024,2024milac,Week 2,9225,7794,8873,5547,5216,9227,28,31
2024,2024milac,Week 2,4422,5505,5982,3603,2619,7808,42,36
2024,2024milac,Week 2,8517,5086,8041,3536,3641,1711,50,67
2024,2024milac,Week 2,4003,5509,6642,6121,7855,6033,39,38
2024,2024milac,Week 2,5247,5525,9568,5110,5166,6087,41,53
2024,2024milac,Week 2,7794,5980,6077,5505,9227,2137,31,54
2024,2024milac,Week 2,5547,2246,8873,5982,3618,3536,39,50
2024,2024milac,Week 2,8041,4003,3603,5086,1918,9650,57,13
2024,2024milac,Week 2,4422,7808,6033,9568,7855,8517,44,26
2024,2024milac,Week 2,5166,6121,2619,7155,3641,5110,50,33
2024,2024milac,Week 2,1711,9225,5247,5509,5525,3688,39,67
2024,2024milac,Week 2,6087,5216,3603,6642,3536,2137,48,60
2024,2024milac,Week 2,9650,5980,7855,6077,4003,8517,32,61
2024,2024milac,Week 2,7155,5505,5166,8041,7794,5547,45,23
2024,2024milac,Week 2,1918,5110,6121,5509,7808,2246,58,19
2024,2024milac,Week 2,9225,5525,5086,9568,5982,8873,32,54
2024,2024milac,Week 2,5247,2619,6087,9227,6642,6033,45,13
2024,2024milac,Week 2,3688,1711,5216,3618,4422,3641,52,71
2024,2024ncpem,Week 2,9042,9707,9724,3336,3737,5511,10,18
2024,2024ncpem,Week 2,4534,4828,3822,8738,4561,3196,44,54
2024,2024ncpem,Week 2,9005,6500,5160,4935,8304,5919,32,22
2024,2024ncpem,Week 2,9008,5518,6894,9198,2640,8727,28,38
2024,2024ncpem,Week 2,2642,8205,6729,7443,1533,3459,35,7
2024,2024ncpem,Week 2,4534,3737,8738,9707,3822,6500,49,25
2024,2024ncpem,Week 2,9005,8727,3196,4561,5919,9198,42,9
2024,2024ncpem,Week 2,4828,1533,2642,3336,6894,3459,54,29
2024,2024ncpem,Week 2,9042,8304,2640,7443,9008,8205,10,23
2024,2024ncpem,Week 2,6729,4935,5160,9724,5511,5518,32,11
2024,2024ncpem,Week 2,5919,1533,3196,6894,9707,8738,26,43
2024,2024ncpem,Week 2,3459,9042,2642,8304,4534,9198,39,30
2024,2024ncpem,Week 2,5518,5160,2640,3822,9724,7443,6,25
2024,2024ncpem,Week 2,8727,9008,3336,3737,9005,8205,12,37
2024,2024ncpem,Week 2,5511,6500,4935,4828,4561,6729,6,53
2024,2024ncpem,Week 2,3196,3822,9198,5518,5919,1533,33,15
2024,2024ncpem,Week 2,2640,9724,3459,8738,7443,8727,14,71
2024,2024ncpem,Week 2,4828,9707,9005,4561,5511,9008,21,42
2024,2024ncpem,Week 2,3336,8205,4935,6500,2642,6894,17,82
2024,2024ncpem,Week 2,8304,6729,3737,5160,4534,9042,34,29
2024,2024ncpem,Week 2,3822,1533,4561,9008,8738,9005,42,28
2024,2024ncpem,Week 2,2640,4935,7443,3196,9707,3336,35,46
2024,2024ncpem,Week 2,3459,8727,4534,5518,9042,6500,57,15
2024,2024ncpem,Week 2,8304,5160,2642,5511,9198,3737,52,17
2024,2024ncpem,Week 2,5919,6894,6729,9724,4828,8205,44,33
2024,2024ncpem,Week 2,2640,9008,1533,9707,3196,4534,34,45
2024,2024ncpem,Week 2,9198,6500,8738,7443,5518,2642,17,39
2024,2024ncpem,Week 2,8205,3822,3459,4935,5511,3737,21,33
2024,2024ncpem,Week 2,4828,6894,5160,6729,8727,9042,48,44
2024,2024ncpem,Week 2,5919,3336,9724,9005,4561,8304,17,31
2024,2024ncpem,Week 2,5511,8738,1533,2642,2640,6500,28,43
2024,2024ncpem,Week 2,3822,3737,6894,9198,6729,4828,41,38
2024,2024ncpem,Week 2,4534,7443,3336,5160,5919,9008,21,37
2024,2024ncpem,Week 2,4561,8205,5518,9707,3459,8304,31,12
2024,2024ncpem,Week 2,9042,3196,9005,9724,4935,8727,39,41
2024,2024ncpem,Week 2,5160,3336,9198,1533,6894,7443,25,42
2024,2024ncpem,Week 2,3737,3459,5919,8738,8205,2640,24,43
2024,2024ncpem,Week 2,8727,4828,9042,3822,8304,5511,78,20
2024,2024ncpem,Week 2,4935,4561,9707,5518,6729,3196,15,58
2024,2024ncpem,Week 2,9008,4534,6500,2642,9005,9724,43,41
2024,2024ncpem,Week 2,1533,9042,5919,3459,8738,5160,32,37
2024,2024ncpem,Week 2,8205,3196,8304,6729,3336,5518,34,28
2024,2024ncpem,Week 2,4935,9005,3822,6894,4534,2640,37,71
2024,2024ncpem,Week 2,7443,5511,9707,8727,2642,4561,17,49
2024,2024ncpem,Week 2,9724,9198,9008,6500,3737,4828,23,62
2024,2024ncpem,Week 2,8738,5518,3822,9005,3459,6729,34,55
2024,2024ncpem,Week 2,4534,7443,5919,6894,9042,5511,41,33
2024,2024ncpem,Week 2,3737,8727,9707,8205,9198,1533,23,23
2024,2024ncpem,Week 2,5160,9724,4561,2642,4935,9008,35,48
2024,2024ncpem,Week 2,3196,2640,4828,3336,6500,8304,60,47
2024,2024ncpem,Week 2,6894,9005,8738,3737,7443,9042,50,31
2024,2024ncpem,Week 2,9198,5518,4935,8205,5160,9707,11,31
2024,2024ncpem,Week 2,4561,2642,3336,6729,2640,3822,68,21
2024,2024ncpem,Week 2,3459,3196,5511,1533,9724,4534,54,64
2024,2024ncpem,Week 2,9008,8304,4828,6500,5919,8727,64,48
2024,2024ncpem,Week 2,9707,9198,7443,9042,3822,4935,24,32
2024,2024ncpem,Week 2,5511,6729,4534,2640,3336,9005,65,18
2024,2024ncpem,Week 2,8304,8738,9724,8727,5160,8205,32,57
2024,2024ncpem,Week 2,6500,3459,4561,3196,9008,6894,65,62
2024,2024ncpem,Week 2,1533,2642,3737,5919,4828,5518,53,33
2024,2024njall,Week 2,2180,2495,2554,4653,103,4652,44,48
2024,2024njall,Week 2,1807,2577,4573,5666,9015,2016,36,25
2024,2024njall,Week 2,2191,3515,1626,8707,834,25,19,36
2024,2024njall,Week 2,8628,5624,6897,293,3340,1923,7,53
2024,2024njall,Week 2,9100,8588,4573,9015,2577,555,12,38
2024,2024njall,Week 2,103,2180,2495,8707,2016,2191,81,17
2024,2024njall,Week 2,6897,1626,2554,1923,5624,3340,26,51
2024,2024njall,Week 2,25,4653,1807,293,9100,5666,38,39
2024,2024njall,Week 2,834,555,8588,4652,3515,8628,60,13
2024,2024njall,Week 2,9015,1923,2554,2016,4573,1626,50,29
2024,2024njall,Week 2,2191,2495,5666,25,6897,2180,41,35
2024,2024njall,Week 2,2577,8588,8707,4652,1807,293,11,12
2024,2024njall,Week 2,5624,3515,555,8628,9100,4653,38,14
2024,2024njall,Week 2,834,3340,2191,103,9015,5666,68,44
2024,2024njall,Week 2,6897,2016,1923,2577,2554,25,65,38
2024,2024njall,Week 2,2495,8707,5624,3515,4652,9100,36,20
2024,2024njall,Week 2,4653,2180,293,1626,8588,8628,54,24
2024,2024njall,Week 2,1807,4573,3340,555,103,834,50,65
2024,2024njall,Week 2,9015,2191,6897,2554,8707,9100,26,11
2024,2024njall,Week 2,2016,2577,3515,5624,2180,4652,38,38
2024,2024njall,Week 2,3340,25,103,4573,293,555,42,55
2024,2024njall,Week 2,5666,834,4653,1923,8588,2495,38,61
2024,2024njall,Week 2,1807,1626,9015,8628,8707,2180,54,26
2024,2024njall,Week 2,2191,293,2577,3515,2554,3340,38,33
2024,2024njall,Week 2,8588,4653,4573,6897,834,2495,23,39
2024,2024njall,Week 2,1626,1923,25,555,4652,9100,56,35
2024,2024njall,Week 2,2016,8628,103,5624,5666,1807,59,48
2024,2024njall,Week 2,8588,2554,3515,6897,4573,8707,49,12
2024,2024njall,Week 2,2180,555,3340,2495,4653,9015,57,47
2024,2024njall,Week 2,293,2016,103,1626,9100,5624,94,29
2024,2024njall,Week 2,834,4652,2577,1807,8628,1923,18,64
2024,2024njall,Week 2,25,5666,555,4653,2191,2554,63,30
2024,2024njall,Week 2,2016,9015,2180,8707,293,3515,47,31
2024,2024njall,Week 2,9100,1807,834,3340,1923,2577,41,41
2024,2024njall,Week 2,4573,2495,4652,5624,25,2191,41,24
2024,2024njall,Week 2,8628,5666,1626,103,6897,8588,40,28
2024,2024njall,Week 2,9100,3340,8707,4653,555,2016,13,28
2024,2024njall,Week 2,2554,5624,293,3515,1807,834,33,42
2024,2024njall,Week 2,25,8628,4573,2577,2495,6897,50,25
2024,2024njall,Week 2,2180,5666,1923,9015,4652,8588,61,17
2024,2024njall,Week 2,103,834,5624,1626,2191,4653,61,42
2024,2024njall,Week 2,2495,9100,8628,2554,2016,1807,32,65
2024,2024njall,Week 2,4652,3340,9015,293,25,8588,16,52
2024,2024njall,Week 2,1923,555,8707,4573,103,2191,41,77
2024,2024njall,Week 2,5666,6897,3515,2180,1626,2577,31,31
2024,2024njall,Week 2,4652,2554,4653,834,9015,293,22,60
2024,2024njall,Week 2,1923,2191,9100,3340,8628,2016,80,20
2024,2024njall,Week 2,555,6897,1807,3515,2180,25,55,48
2024,2024njall,Week 2,8707,103,1626,2495,2577,5666,43,43
2024,2024njall,Week 2,8588,5624,2016,4573,1923,834,31,71
2024,2024njall,Week 2,3340,4653,6897,2191,1807,2180,32,58
2024,2024njall,Week 2,2577,293,8628,555,1626,2495,47,54
2024,2024njall,Week 2,5666,8707,4652,2554,4573,5624,13,39
2024,2024njall,Week 2,9100,25,9015,8588,3515,103,47,53
2024,2024njtab,Week 2,365,1640,6921,8721,203,5113,70,11
2024,2024njtab,Week 2,316,8630,2722,321,9094,4342,54,55
2024,2024njtab,Week 2,272,8706,6860,484,2720,8130,21,32
2024,2024njtab,Week 2,1647,5457,1257,204,486,7110,9,21
2024,2024njtab,Week 2,1640,203,714,4575,1712,365,31,49
2024,2024njtab,Week 2,272,321,484,9094,5113,6921,58,46
2024,2024njtab,Week 2,4342,6860,486,2722,2720,204,27,44
2024,2024njtab,Week 2,7110,8130,4575,8706,714,5457,40,5
2024,2024njtab,Week 2,8630,8721,1647,316,1257,1712,14,49
2024,2024njtab,Week 2,2722,1640,4342,486,272,6921,51,48
2024,2024njtab,Week 2,7110,203,2720,4575,8706,9094,22,28
2024,2024njtab,Week 2,8721,714,8630,5113,1712,484,13,15
2024,2024njtab,Week 2,204,5457,1257,1647,321,365,5,41
2024,2024njtab,Week 2,316,8130,272,6860,6921,2720,48,56
2024,2024njtab,Week 2,1712,8706,8721,203,8630,9094,7,45
2024,2024njtab,Week 2,365,4342,204,1257,484,4575,49,34
2024,2024njtab,Week 2,714,7110,5113,1647,316,2722,37,73
2024,2024njtab,Week 2,486,5457,321,8130,1640,6860,44,37
2024,2024njtab,Week 2,484,6921,204,8630,4575,272,34,47
2024,2024njtab,Week 2,714,2722,203,4342,1257,365,42,43
2024,2024njtab,Week 2,1640,9094,7110,486,8721,316,66,47
2024,2024njtab,Week 2,8130,5457,1712,2720,5113,321,26,62
2024,2024njtab,Week 2,1647,6860,4342,8706,6921,8630,63,48
2024,2024njtab,Week 2,9094,486,484,272,1257,7110,34,50
2024,2024njtab,Week 2,8130,321,203,8721,2722,5457,43,37
2024,2024njtab,Week 2,5113,4575,1647,8706,2720,1640,40,62
2024,2024njtab,Week 2,1712,6860,365,204,714,316,33,53
2024,2024njtab,Week 2,1257,6921,8721,5457,272,9094,32,45
2024,2024njtab,Week 2,321,8630,8706,486,1647,8130,38,39
2024,2024njtab,Week 2,5113,204,4342,6860,7110,2722,33,37
2024,2024njtab,Week 2,1712,365,2720,316,484,1640,53,52
2024,2024njtab,Week 2,4575,203,486,714,8130,8630,41,21
2024,2024njtab,Week 2,1257,204,9094,8706,5113,2722,36,46
2024,2024njtab,Week 2,1712,4342,272,7110,365,8721,16,24
2024,2024njtab,Week 2,2720,1647,316,5457,484,203,63,15
2024,2024njtab,Week 2,6921,4575,714,6860,1640,321,48,42
2024,2024njtab,Week 2,8130,365,5113,7110,4342,8706,39,35
2024,2024njtab,Week 2,8630,484,486,203,204,1647,25,29
2024,2024njtab,Week 2,5457,6860,4575,2722,9094,1712,19,59
2024,2024njtab,Week 2,714,321,1257,272,8721,2720,46,28
2024,2024njtab,Week 2,6921,316,8706,1640,5113,486,59,44
2024,2024njtab,Week 2,484,1647,7110,4342,1712,203,39,46
2024,2024njtab,Week 2,365,2722,272,321,4575,8721,77,46
2024,2024njtab,Week 2,9094,2720,714,6921,8130,204,40,44
2024,2024njtab,Week 2,5457,316,1640,8630,1257,6860,68,17
2024,2024njtab,Week 2,2722,486,321,484,365,8706,38,30
2024,2024njtab,Week 2,8721,9094,8130,4342,714,1647,55,56
2024,2024njtab,Week 2,4575,272,5113,203,316,6860,62,53
2024,2024njtab,Week 2,2720,204,8630,6921,7110,5457,38,59
2024,2024njtab,Week 2,1640,1647,1712,1257,2722,8130,56,36
2024,2024njtab,Week 2,6860,8721,484,365,486,714,13,54
2024,2024njtab,Week 2,5113,8630,5457,2720,4342,4575,22,54
2024,2024njtab,Week 2,203,8706,1257,321,1712,6921,22,29
2024,2024njtab,Week 2,9094,7110,316,204,272,1640,70,99
2024,2024onnew,Week 2,6854,4976,7757,4152,7476,865,24,40
2024,2024onnew,Week 2,6975,9062,1305,4343,9127,1114,45,21
2024,2024onnew,Week 2,4039,4476,5024,4015,4951,4940,72,20
2024,2024onnew,Week 2,6978,2386,2056,8349,8089,771,93,9
2024,2024onnew,Week 2,6987,610,9580,7200,8764,2706,35,51
2024,2024onnew,Week 2,6514,9098,9127,7480,8729,6854,49,39
2024,2024onnew,Week 2,4015,4976,4476,7476,1305,6978,21,55
2024,2024onnew,Week 2,610,771,4039,8089,4152,6975,74,35
2024,2024onnew,Week 2,1114,9062,7200,8729,7757,9098,55,33
2024,2024onnew,Week 2,865,6514,4343,2706,9580,2386,43,72
2024,2024onnew,Week 2,4940,8764,8349,5024,6987,7480,22,57
2024,2024onnew,Week 2,2056,1305,4152,7476,7200,4951,92,28
2024,2024onnew,Week 2,771,8729,1114,6854,8089,4343,27,39
2024,2024onnew,Week 2,610,2706,9062,2386,4039,4976,55,94
2024,2024onnew,Week 2,8349,4951,6987,9580,6514,8764,23,41
2024,2024onnew,Week 2,7480,4476,9127,865,5024,7757,36,65
2024,2024onnew,Week 2,2056,9098,4940,6975,6978,4015,104,12
2024,2024onnew,Week 2,8089,610,8729,6987,4976,6514,57,39
2024,2024onnew,Week 2,9580,865,4476,2386,771,4152,66,48
2024,2024onnew,Week 2,8764,5024,7476,7200,4343,2056,46,112
2024,2024onnew,Week 2,4940,9127,7757,9098,1114,2706,13,58
2024,2024onnew,Week 2,8349,6978,7480,4951,9062,4039,34,59
2024,2024onnew,Week 2,1305,9580,4015,6975,6854,6987,35,6
2024,2024onnew,Week 2,2056,9127,8089,4940,4476,610,75,70
2024,2024onnew,Week 2,4152,2706,4976,7200,9098,7480,57,56
2024,2024onnew,Week 2,1114,6854,6978,6514,8349,5024,30,66
2024,2024onnew,Week 2,4343,4015,771,7476,7757,9062,34,25
2024,2024onnew,Week 2,8729,6975,2386,4039,865,8764,51,76
2024,2024onnew,Week 2,4951,2706,7480,1305,4476,8089,42,59
2024,2024onnew,Week 2,7200,5024,6978,610,4152,1114,43,69
2024,2024onnew,Week 2,4343,7476,6975,4940,6514,2386,24,42
2024,2024onnew,Week 2,771,865,6854,4951,2056,4976,25,94
2024,2024onnew,Week 2,9127,9580,8729,7757,4015,8349,49,15
2024,2024onnew,Week 2,9098,4039,1305,9062,8764,6987,74,49
2024,2024onnew,Week 2,2386,4343,4951,4152,7480,4940,65,62
2024,2024onnew,Week 2,8729,7200,8349,771,2706,6975,66,39
2024,2024onnew,Week 2,4039,8089,6514,9098,9062,4476,45,70
2024,2024onnew,Week 2,8764,4976,9127,9580,7476,2056,43,83
2024,2024onnew,Week 2,6987,1114,865,5024,610,4015,42,63
2024,2024onnew,Week 2,6978,7757,4152,1305,6854,2386,52,43
2024,2024onnew,Week 2,4976,4940,9062,8764,4951,4476,46,52
2024,2024onnew,Week 2,1114,7480,8089,771,7200,9580,50,27
2024,2024onnew,Week 2,2056,7757,4039,5024,6975,6514,101,65
2024,2024onnew,Week 2,7476,6987,8729,9127,6978,610,29,78
2024,2024onnew,Week 2,2706,8349,4343,9098,4015,6854,44,47
2024,2024onnew,Week 2,6975,7480,865,1305,1114,8764,30,57
2024,2024onnew,Week 2,9127,2386,7476,6987,4039,6978,37,86
2024,2024onnew,Week 2,4951,4152,5024,4015,8729,2706,63,56
2024,2024onnew,Week 2,9062,4343,9580,4476,8349,2056,44,77
2024,2024onnew,Week 2,6854,6514,7200,8089,865,4940,56,37
2024,2024onnew,Week 2,7757,771,1305,4976,9098,610,27,89
2024,2024onnew,Week 2,6978,9580,4951,4039,7476,2706,58,75
2024,2024onnew,Week 2,1114,2056,6975,4476,8729,4152,80,68
2024,2024onnew,Week 2,4976,7480,771,7757,6987,4343,36,49
2024,2024onnew,Week 2,2386,7200,610,6854,8349,9062,51,18
2024,2024onnew,Week 2,8089,8764,9098,865,4015,9127,73,21
2024,2024onnew,Week 2,5024,4940,9580,6514,1305,8729,39,47
2024,2024onnew,Week 2,2706,2056,6987,7757,2386,1114,101,79
2024,2024onnew,Week 2,4476,6975,7200,9127,4951,6854,48,30
2024,2024onnew,Week 2,9062,8089,5024,7480,4940,7476,64,30
2024,2024onnew,Week 2,4152,4039,8349,4976,1305,865,61,65
2024,2024onnew,Week 2,610,4343,8764,6978,771,9098,102,35
2024,2024onnew,Week 2,4015,6987,7200,7480,2056,6514,31,105
2024,2024onnew,Week 2,4476,6854,7476,9580,1114,4039,51,80
2024,2024onnew,Week 2,865,610,4951,4343,4940,1305,48,55
2024,2024onnew,Week 2,8764,6975,7757,2706,6978,8089,26,51
2024,2024onnew,Week 2,8349,2386,9098,8729,5024,4976,53,90
2024,2024onnew,Week 2,6514,4152,4015,9062,9127,771,51,38
2024,2024onsca,Week 2,6135,5031,1310,5719,2852,4069,16,29
2024,2024onsca,Week 2,1325,5032,188,6977,9569,7712,63,18
2024,2024onsca,Week 2,7659,9263,8574,9659,6141,7558,10,15
2024,2024onsca,Week 2,7902,9562,9621,9262,854,7603,29,14
2024,2024onsca,Week 2,6140,2198,5036,7520,5834,6135,33,13
2024,2024onsca,Week 2,6977,5719,188,9659,9263,7712,35,20
2024,2024onsca,Week 2,1310,7659,1325,9569,9621,5031,36,19
2024,2024onsca,Week 2,9562,5032,4069,7520,8574,7558,27,39
2024,2024onsca,Week 2,9262,7902,2852,7603,6141,5834,38,5
2024,2024onsca,Week 2,854,5036,9621,6140,2198,9263,14,42
2024,2024onsca,Week 2,7712,188,7520,5031,9562,9659,53,25
2024,2024onsca,Week 2,6135,1310,6977,8574,2852,7603,9,42
2024,2024onsca,Week 2,1325,9262,4069,7902,5036,7659,45,25
2024,2024onsca,Week 2,6140,854,5834,9569,5032,6141,9,29
2024,2024onsca,Week 2,6977,5719,7558,2198,7603,9562,42,41
2024,2024onsca,Week 2,9263,7902,6135,7712,1325,2852,25,57
2024,2024onsca,Week 2,9659,6140,9262,4069,7520,1310,16,42
2024,2024onsca,Week 2,8574,9621,5032,9569,2198,5719,8,46
2024,2024onsca,Week 2,854,188,6141,7558,5036,5031,18,45
2024,2024onsca,Week 2,5834,9562,1325,7659,7520,9262,27,38
2024,2024onsca,Week 2,2198,4069,6977,9621,7712,1310,49,34
2024,2024onsca,Week 2,5031,6141,7902,6135,5032,5719,24,23
2024,2024onsca,Week 2,7558,854,2852,5036,188,5834,45,25
2024,2024onsca,Week 2,7603,6140,7659,9659,9569,8574,31,25
2024,2024onsca,Week 2,9263,6977,9262,5032,1310,2198,12,33
2024,2024onsca,Week 2,9562,6141,7520,7712,6135,854,22,16
2024,2024onsca,Week 2,9569,5719,7603,5834,7902,8574,44,29
2024,2024onsca,Week 2,4069,9659,5036,2852,7659,188,31,28
2024,2024onsca,Week 2,9621,7558,6140,9263,5031,1325,37,22
2024,2024onsca,Week 2,1310,5834,9569,6141,6135,9262,22,29
2024,2024onsca,Week 2,9562,5036,2852,5032,7712,7603,38,24
2024,2024onsca,Week 2,7520,9263,854,7659,5031,6977,21,27
2024,2024onsca,Week 2,5719,9659,9621,1325,7558,7902,28,41
2024,2024onsca,Week 2,188,8574,2198,4069,6140,6135,38,43
2024,2024onsca,Week 2,5036,7603,5032,854,7659,9562,24,29
2024,2024onsca,Week 2,9263,7558,9569,7902,9659,6977,51,29
2024,2024onsca,Week 2,5719,7712,6141,4069,5834,9621,40,43
2024,2024onsca,Week 2,188,7520,5031,8574,9262,6140,44,25
2024,2024onsca,Week 2,2852,2198,9659,1310,1325,854,55,42
2024,2024onsca,Week 2,7558,7659,4069,5032,6977,5834,56,33
2024,2024onsca,Week 2,5031,8574,7712,9262,9562,9569,14,20
2024,2024onsca,Week 2,6141,1310,5036,2198,1325,5719,32,49
2024,2024onsca,Week 2,6135,7603,7520,9621,9263,188,42,14
2024,2024onsca,Week 2,2852,4069,9569,6140,7902,5032,40,38
2024,2024onsca,Week 2,5036,9262,7712,6141,6977,8574,44,6
2024,2024onsca,Week 2,5719,9621,7659,7558,188,6135,35,46
2024,2024onsca,Week 2,7603,1325,9659,5031,854,2198,48,29
2024,2024onsca,Week 2,5834,2852,9263,9562,6140,1310,32,15
2024,2024onsca,Week 2,7902,9569,5719,7520,6977,5036,27,33
2024,2024onsca,Week 2,9262,7558,5032,9621,6135,1325,56,19
2024,2024onsca,Week 2,7603,5031,9562,6141,4069,9263,19,17
2024,2024onsca,Week 2,854,8574,7902,188,1310,9659,32,35
2024,2024onsca,Week 2,7659,7712,2198,2852,7520,6140,42,38
2024,2024onsca,Week 2,5834,9262,5031,5036,5719,9263,18,36
2024,2024onsca,Week 2,8574,6135,9562,5032,9659,854,27,34
2024,2024onsca,Week 2,1325,9569,7520,188,4069,7902,55,51
2024,2024onsca,Week 2,7712,5834,6140,1310,7603,7558,20,55
2024,2024onsca,Week 2,2198,9621,6141,6977,2852,7659,25,37
2024,2024vapor,Week 2,6882,1610,2912,9003,1908,2988,17,30
2024,2024vapor,Week 2,2363,422,9235,2028,122,623,65,30
2024,2024vapor,Week 2,619,5549,404,1793,6189,3359,34,16
2024,2024vapor,Week 2,1610,611,346,1915,2068,2890,53,37
2024,2024vapor,Week 2,404,3359,6882,422,2988,623,1,48
2024,2024vapor,Week 2,2028,619,2363,9003,1915,2068,39,30
2024,2024vapor,Week 2,9235,346,1793,2912,122,5549,35,27
2024,2024vapor,Week 2,611,1908,3359,6189,2890,623,12,21
2024,2024vapor,Week 2,346,6882,619,5549,1915,422,41,65
2024,2024vapor,Week 2,404,2028,9235,2988,2890,122,20,41
2024,2024vapor,Week 2,1610,2912,6189,2363,9003,611,19,41
2024,2024vapor,Week 2,1793,2068,346,1908,422,6882,50,54
2024,2024vapor,Week 2,9235,2912,2988,1915,3359,2890,16,40
2024,2024vapor,Week 2,5549,2068,1908,619,9003,122,37,46
2024,2024vapor,Week 2,1793,404,6189,2028,2363,1610,13,36
2024,2024vapor,Week 2,5549,611,9235,623,9003,6882,39,8
2024,2024vapor,Week 2,122,1610,2890,619,3359,2028,32,22
2024,2024vapor,Week 2,2363,1915,346,2912,404,623,62,10
2024,2024vapor,Week 2,2988,611,1793,2068,6189,422,24,68
2024,2024vapor,Week 2,2028,1908,5549,2912,3359,2363,33,51
2024,2024vapor,Week 2,346,122,6189,6882,623,2068,79,11
2024,2024vapor,Week 2,1908,619,1793,1915,611,2988,50,33
2024,2024vapor,Week 2,1610,9003,9235,422,2890,404,36,44
2024,2024vapor,Week 2,1793,623,5549,2068,2028,2988,39,23
2024,2024vapor,Week 2,2890,619,2912,6882,122,611,32,18
2024,2024vapor,Week 2,2363,9235,6189,9003,346,3359,56,59
2024,2024vapor,Week 2,1908,404,1915,2912,1610,422,29,50
2024,2024vapor,Week 2,2890,6882,5549,9003,1793,2028,41,51
2024,2024vapor,Week 2,122,9235,1908,404,2363,1610,24,45
2024,2024vapor,Week 2,422,1915,619,3359,623,2068,54,10
2024,2024vapor,Week 2,346,2988,1908,611,6189,2028,34,24
2024,2024vapor,Week 2,2890,1793,1610,623,619,2912,54,11
2024,2024vapor,Week 2,2068,2363,122,6189,6882,1915,58,26
2024,2024vapor,Week 2,422,346,9003,3359,2988,404,80,10
2024,2024vapor,Week 2,1610,5549,611,9235,6882,2028,45,20
2024,2024vapor,Week 2,1915,1793,122,404,422,9003,35,54
2024,2024vapor,Week 2,3359,9235,619,623,2912,346,45,72
2024,2024vapor,Week 2,2988,5549,2363,6189,2890,1908,46,45
2024,2024vapor,Week 2,611,2028,422,2068,2912,9003,51,24
2024,2024vapor,Week 2,623,1908,2363,6882,404,1793,35,16
2024,2024vapor,Week 2,6189,2988,619,2890,9235,2068,34,39
2024,2024vapor,Week 2,122,5549,3359,611,1610,1915,42,9
2024,2024vapor,Week 2,346,2028,2890,1908,1793,2912,69,43
2024,2024vapor,Week 2,5549,6189,9003,9235,623,1915,50,14
2024,2024vapor,Week 2,122,346,404,619,2068,611,68,53
2024,2024vapor,Week 2,2988,2363,6882,3359,422,1610,24,51
2024,2024txpla,Week 2,4641,3282,7121,7091,8573,1296,31,20
2024,2024txpla,Week 2,5431,1745,6526,9533,8732,7119,67,14
2024,2024txpla,Week 2,6901,5572,9128,7521,6768,4192,54,22
2024,2024txpla,Week 2,9752,9786,5788,9034,5417,7503,40,16
2024,2024txpla,Week 2,6171,8573,3735,148,9407,2848,32,65
2024,2024txpla,Week 2,1745,6901,4192,9533,1296,4641,29,33
2024,2024txpla,Week 2,7091,3282,9128,9034,6526,9786,43,3
2024,2024txpla,Week 2,7121,2848,3735,7521,5572,5417,32,19
2024,2024txpla,Week 2,9407,5431,6768,7503,5788,8732,19,15
2024,2024txpla,Week 2,7119,9128,148,3282,9752,6171,72,40
2024,2024txpla,Week 2,8573,7121,4192,9034,6526,3735,30,27
2024,2024txpla,Week 2,8732,4641,7521,9533,2848,9786,33,18
2024,2024txpla,Week 2,6171,7503,1296,6901,7119,5788,33,22
2024,2024txpla,Week 2,6768,148,9752,7091,1745,9407,82,13
2024,2024txpla,Week 2,5572,9533,5431,9128,5417,8573,59,55
2024,2024txpla,Week 2,7521,7121,7503,5788,1296,3282,20,36
2024,2024txpla,Week 2,7119,9752,9407,4192,3735,7091,50,56
2024,2024txpla,Week 2,4641,9034,5431,6526,5572,148,48,58
2024,2024txpla,Week 2,9786,6768,5417,6171,8732,1745,25,34
2024,2024txpla,Week 2,2848,7119,1296,6901,7121,9752,57,47
2024,2024txpla,Week 2,4192,7503,5788,5431,148,7521,45,44
2024,2024txpla,Week 2,5572,7091,9034,6171,6768,9533,44,39
2024,2024txpla,Week 2,4641,2848,8573,6901,9407,5417,57,18
2024,2024txpla,Week 2,8732,9128,6526,1745,3735,3282,76,35
2024,2024txpla,Week 2,7091,5431,9786,7121,9034,6171,13,31
2024,2024txpla,Week 2,6768,7119,8573,5788,9533,6901,37,24
2024,2024txpla,Week 2,5572,9407,7503,9128,1745,4641,20,84
2024,2024txpla,Week 2,3735,7521,9752,6526,4192,2848,59,24
2024,2024txpla,Week 2,5417,1296,148,9786,3282,8732,68,6
2024,2024txpla,Week 2,4641,7091,6768,7119,7503,5431,46,17
2024,2024txpla,Week 2,7121,6526,6171,2848,9128,6901,16,69
2024,2024txpla,Week 2,3282,148,9533,4192,9752,8732,44,59
2024,2024txpla,Week 2,5788,5417,1745,3735,1296,5572,19,78
2024,2024txpla,Week 2,9034,8573,9407,9786,7521,7119,32,20
2024,2024txpla,Week 2,148,8732,7091,2848,6901,5431,50,42
2024,2024txpla,Week 2,6526,5417,9752,5572,6171,4641,54,41
2024,2024txpla,Week 2,9533,7521,9034,9407,5788,3735,17,28
2024,2024txpla,Week 2,9128,4192,9786,1296,1745,7121,24,55
2024,2024txpla,Week 2,6768,3282,5572,8573,7503,6526,46,31
2024,2024txpla,Week 2,148,6171,6901,7521,7091,9533,54,15
2024,2024txpla,Week 2,7119,3735,5417,5431,5788,7121,30,38
2024,2024txpla,Week 2,9407,9786,1745,8732,8573,3282,17,28
2024,2024txpla,Week 2,1296,4192,9034,7503,2848,6768,49,56
2024,2024txpla,Week 2,9128,5788,7521,9752,4641,7091,56,47
2024,2024txpla,Week 2,1745,7119,5572,9407,7121,3282,47,38
2024,2024txpla,Week 2,3735,9533,6526,8573,9786,148,22,52
2024,2024txpla,Week 2,4192,4641,6901,5417,5431,6171,45,22
2024,2024txpla,Week 2,8732,9034,2848,1296,6768,9128,44,59
2024,2024txpla,Week 2,8573,9752,5572,9786,3735,7503,66,31
2024,2024txpla,Week 2,5788,6171,7091,3282,4192,7119,61,32
2024,2024txpla,Week 2,6526,6901,7521,6768,9034,1745,29,61
2024,2024txpla,Week 2,1296,9407,8732,7503,148,4641,39,60
2024,2024txpla,Week 2,5417,9533,7121,9752,5431,9128,31,92
2024,2024txpla,Week 2,2848,6171,4192,1745,7521,8573,60,60
2024,2024txpla,Week 2,3282,6901,9034,148,4641,5788,25,77
2024,2024txpla,Week 2,5431,9786,1296,9752,6526,9407,42,33
2024,2024txpla,Week 2,3735,8732,6768,7121,5572,7119,36,49
2024,2024txpla,Week 2,7503,9128,9533,5417,7091,2848,54,69
2024,2024waahs,Week 2,8051,8896,9023,4469,2929,2927,16,24
2024,2024waahs,Week 2,8302,5683,8032,5295,4450,3786,31,15
2024,2024waahs,Week 2,1425,3588,2903,1899,2907,3219,8,32
2024,2024waahs,Week 2,3663,9446,3070,1983,9442,5588,69,56
2024,2024waahs,Week 2,8303,2906,2976,4579,3393,1294,10,38
2024,2024waahs,Week 2,2928,3876,488,4911,2147,1425,55,23
2024,2024waahs,Week 2,3663,1983,3219,5295,9023,4469,43,23
2024,2024waahs,Week 2,8051,5588,5683,9446,1899,8302,52,52
2024,2024waahs,Week 2,3393,2906,2929,3588,2907,3070,0,38
2024,2024waahs,Week 2,2927,9442,2903,4450,4911,1294,44,52
2024,2024waahs,Week 2,2928,2147,8896,4579,8303,488,35,17
2024,2024waahs,Week 2,8032,2976,3393,3786,3876,9023,24,27
2024,2024waahs,Week 2,4450,8051,9446,3070,4469,5588,50,39
2024,2024waahs,Week 2,2907,1294,9442,488,1983,5683,39,41
2024,2024waahs,Week 2,8302,3588,4579,3663,8032,2147,3,44
2024,2024waahs,Week 2,1899,1425,2976,8896,4911,2929,32,8
2024,2024waahs,Week 2,3876,2903,3219,3786,2928,2927,23,23
2024,2024waahs,Week 2,8303,5295,8051,9023,4579,2906,9,10
2024,2024waahs,Week 2,3070,1294,1899,4469,4450,8896,54,50
2024,2024waahs,Week 2,2147,5588,3876,2976,2929,3663,32,60
2024,2024waahs,Week 2,4911,3786,8302,3588,9446,8303,12,13
2024,2024waahs,Week 2,2906,5683,2903,9442,488,8032,21,51
2024,2024waahs,Week 2,1983,2907,3393,3219,2928,5295,31,49
2024,2024waahs,Week 2,2927,8051,3588,1425,3663,8302,15,68
2024,2024waahs,Week 2,2906,488,4469,2929,5588,3786,49,21
2024,2024waahs,Week 2,9023,3219,9446,2903,8896,2976,46,13
2024,2024waahs,Week 2,4579,1899,5683,2928,1425,1294,40,54
2024,2024waahs,Week 2,2927,1983,4911,3393,8303,4450,48,29
2024,2024waahs,Week 2,5295,2907,2147,3876,3070,8032,24,55
2024,2024waahs,Week 2,9442,3663,9023,3786,2906,1425,53,31
2024,2024waahs,Week 2,2903,5588,4450,3219,4579,8051,38,32
2024,2024waahs,Week 2,4911,488,9446,2929,8032,2907,25,14
2024,2024waahs,Week 2,8302,1294,4469,2976,1983,3876,59,51
2024,2024waahs,Week 2,5683,3070,5295,1899,3588,2928,57,6
2024,2024waahs,Week 2,8303,2147,9442,8896,3393,2927,64,3
2024,2024waahs,Week 2,9023,8302,2929,5588,3219,4911,21,23
2024,2024waahs,Week 2,4469,3876,3663,488,5295,3588,52,43
2024,2024waahs,Week 2,2906,2927,4450,9446,1294,5683,36,48
2024,2024waahs,Week 2,8896,8303,3786,2903,8051,2907,11,15
2024,2024waahs,Week 2,2976,4579,2928,1425,9442,3070,34,89
2024,2024waahs,Week 2,1983,8032,3588,3393,1899,2147,49,23
2024,2024waahs,Week 2,1294,2929,488,8303,8302,3219,64,25
2024,2024waahs,Week 2,4450,2928,3663,8896,9446,2906,69,9
2024,2024waahs,Week 2,1899,9023,5588,4911,3876,9442,31,41
2024,2024waahs,Week 2,3070,3393,8051,1983,1425,5295,54,51
2024,2024waahs,Week 2,4579,3786,2147,2927,2976,2907,37,11
2024,2024waahs,Week 2,4469,5683,9442,8032,2903,1899,34,42
2024,2024waahs,Week 2,3588,4450,3876,2928,8051,1983,34,52
2024,2024waahs,Week 2,2976,3219,3786,5588,5295,2906,29,29
2024,2024waahs,Week 2,1294,9023,8303,2147,2929,9446,53,32
2024,2024waahs,Week 2,1425,4469,4579,5683,3393,4911,42,18
2024,2024waahs,Week 2,2907,3663,8896,8302,3070,2903,45,60
2024,2024waahs,Week 2,8032,2927,8303,488,2976,5588,21,55
2024,2024waahs,Week 2,4450,1425,2929,3786,9446,1983,42,56
2024,2024waahs,Week 2,3876,8896,1899,2907,2906,8302,20,4
2024,2024waahs,Week 2,9442,5295,4579,1294,3663,3588,37,80
2024,2024waahs,Week 2,488,2147,8051,2903,4469,3393,68,34
2024,2024waahs,Week 2,8032,4911,2928,9023,2927,3070,63,63
2024,2024waahs,Week 2,3219,8896,1425,5683,8303,3663,29,59
2024,2024waahs,Week 2,3393,3786,488,8051,9442,1899,20,78
2024,2024waahs,Week 2,1294,2903,1983,2906,3588,4911,71,7
2024,2024waahs,Week 2,2929,3070,2928,3219,4469,8032,52,53
2024,2024waahs,Week 2,5683,4450,2907,2147,9023,2976,55,53
2024,2024waahs,Week 2,9446,2927,4579,5295,8302,3876,11,36
2024,2024waahs,Week 2,5588,8032,1425,8051,3786,1294,62,31
2024,2024waahs,Week 2,3663,1899,2906,2147,3219,4450,39,58
2024,2024waahs,Week 2,3588,2976,4469,2907,488,9023,31,47
2024,2024waahs,Week 2,5588,8302,8896,9442,2928,3393,21,52
2024,2024waahs,Week 2,9446,2903,5295,2929,4579,1983,39,24
2024,2024waahs,Week 2,3070,4911,8303,3876,5683,2927,59,57
2024,2024flta,Week 3,9711,108,5472,233,8624,8841,62,37
2024,2024flta,Week 3,5872,180,9300,4562,5276,9698,47,21
2024,2024flta,Week 3,7111,9764,5816,4179,1056,5722,50,13
2024,2024flta,Week 3,2641,6184,21,6473,4118,9404,42,30
2024,2024flta,Week 3,79,3164,7500,1902,8778,86,20,39
2024,2024flta,Week 3,7072,9720,9313,6722,4576,386,5,40
2024,2024flta,Week 3,2383,8788,9493,5145,5410,2556,20,46
2024,2024flta,Week 3,108,7111,118,8324,5816,5872,81,34
2024,2024flta,Week 3,6184,9764,8841,1056,5276,2641,31,41
2024,2024flta,Week 3,86,4179,3164,180,5722,8624,2,60
2024,2024flta,Week 3,233,7072,6473,7500,4562,4118,11,26
2024,2024flta,Week 3,79,4576,5410,5472,9698,6722,52,37
2024,2024flta,Week 3,9404,1902,8788,118,9711,9493,41,53
2024,2024flta,Week 3,21,386,5145,8778,2556,9720,45,29
2024,2024flta,Week 3,2383,9313,8624,8324,9300,6184,12,33
2024,2024flta,Week 3,7500,1056,7111,7072,3164,180,20,70
2024,2024flta,Week 3,108,4179,5410,5872,5472,2641,38,45
2024,2024flta,Week 3,86,4562,9764,9404,118,4576,44,93
2024,2024flta,Week 3,9698,21,4118,2556,386,5276,40,60
2024,2024flta,Week 3,9711,1902,8324,6473,5145,6722,33,34
2024,2024flta,Week 3,9300,9720,2383,9493,233,5816,16,39
2024,2024flta,Week 3,9313,5722,8841,8778,8788,79,34,23
2024,2024flta,Week 3,180,6184,4179,4576,5472,7500,31,51
2024,2024flta,Week 3,7072,2641,2556,1056,86,9698,45,45
2024,2024flta,Week 3,1902,9764,386,4562,21,7111,54,68
2024,2024flta,Week 3,5276,9493,6473,9711,5816,6722,30,49
2024,2024flta,Week 3,9313,8778,233,9404,5410,8624,2,30
2024,2024flta,Week 3,4118,8324,5145,108,8841,3164,41,58
2024,2024flta,Week 3,5872,118,8788,79,5722,9720,59,25
2024,2024flta,Week 3,9300,7111,4576,86,2641,2383,30,69
2024,2024flta,Week 3,386,9711,9698,180,7500,5816,35,95
2024,2024flta,Week 3,9493,1056,4562,8778,4179,5276,26,25
2024,2024flta,Week 3,5472,2556,3164,9764,9404,9313,60,45
2024,2024flta,Week 3,8624,8324,6722,5722,8788,4118,44,17
2024,2024flta,Week 3,8841,79,9300,21,108,7072,37,57
2024,2024flta,Week 3,6184,1902,9720,5872,2383,5410,31,55
2024,2024flta,Week 3,233,5145,9698,6473,118,1056,23,65
2024,2024flta,Week 3,9711,7500,9313,7111,5472,86,65,59
2024,2024flta,Week 3,180,4562,8778,8788,2556,8324,40,65
2024,2024flta,Week 3,5816,9404,4179,4118,7072,79,51,29
2024,2024flta,Week 3,9720,386,8841,9493,9300,1902,64,35
2024,2024flta,Week 3,8624,108,6473,9764,5410,5276,55,35
2024,2024flta,Week 3,21,6722,118,3164,2383,6184,56,31
2024,2024flta,Week 3,2641,233,4576,5722,5872,5145,27,49
2024,2024flta,Week 3,5816,1056,5472,8788,86,7072,56,36
2024,2024flta,Week 3,9698,8778,9404,4179,4118,7111,29,21
2024,2024flta,Week 3,7500,6473,9764,9720,180,108,10,84
2024,2024flta,Week 3,2383,8841,4562,9313,6722,79,50,11
2024,2024flta,Week 3,4576,9493,5872,2556,8624,21,40,40
2024,2024flta,Week 3,1902,5276,3164,5722,233,9300,45,32
2024,2024flta,Week 3,5410,2641,9711,118,6184,386,25,71
2024,2024flta,Week 3,5472,9404,8324,5145,9720,7500,43,44
2024,2024flta,Week 3,6722,2383,108,1056,9764,8778,88,22
2024,2024flta,Week 3,5872,6473,21,9493,9313,4179,37,17
2024,2024flta,Week 3,4576,86,180,8841,4118,1902,66,53
2024,2024flta,Week 3,118,5410,5722,9300,2556,9711,55,27
2024,2024flta,Week 3,386,79,2641,3164,8324,233,42,31
2024,2024flta,Week 3,8624,5145,6184,5816,7072,4562,36,29
2024,2024flta,Week 3,5472,5276,8788,7111,9698,2383,54,39
2024,2024flta,Week 3,6722,8841,1056,7500,5872,9404,56,44
2024,2024flta,Week 3,9300,4118,8778,9720,9711,9764,26,10
2024,2024flta,Week 3,5410,233,86,4179,21,8324,29,14
2024,2024flta,Week 3,7072,9493,5722,4562,6184,108,11,35
2024,2024flta,Week 3,4576,6473,2556,386,3164,8788,41,28
2024,2024flta,Week 3,5276,180,7111,79,5145,118,97,49
2024,2024flta,Week 3,8624,5816,1902,2641,9698,9313,31,36
2024,2024flta,Week 3,4118,5872,1056,5410,9300,5472,41,21
2024,2024flta,Week 3,8324,7500,7072,9764,21,9493,64,34
2024,2024flta,Week 3,9404,5722,86,386,2383,6473,46,65
2024,2024flta,Week 3,2556,79,180,6184,6722,233,73,38
2024,2024flta,Week 3,9720,8624,4562,3164,7111,2641,23,50
2024,2024flta,Week 3,5145,4179,9711,108,9313,1902,26,67
2024,2024flta,Week 3,9698,5816,118,8841,4576,8778,63,35
2024,2024flta,Week 3,8788,7500,5410,5276,7072,5872,32,23
2024,2024nyro,Week 3,5528,2228,639,578,5740,3181,49,59
2024,2024nyro,Week 3,1518,3003,6300,6353,191,7903,41,25
2024,2024nyro,Week 3,7709,3015,340,1468,2340,27,76,91
2024,2024nyro,Week 3,1308,4991,694,271,1507,1126,64,54
2024,2024nyro,Week 3,3117,8595,4093,870,7036,424,28,58
2024,2024nyro,Week 3,533,6868,229,1591,1559,3193,40,62
2024,2024nyro,Week 3,8145,6621,1450,4930,1511,120,31,52
2024,2024nyro,Week 3,3951,6911,3838,1405,378,1585,37,38
2024,2024nyro,Week 3,334,4458,3173,3044,3799,564,90,32
2024,2024nyro,Week 3,271,1468,1308,578,1518,7903,69,34
2024,2024nyro,Week 3,2340,1126,6353,870,4093,5740,28,66
2024,2024nyro,Week 3,5528,340,191,1507,533,694,63,54
2024,2024nyro,Week 3,4991,639,1450,1591,229,3003,16,85
2024,2024nyro,Week 3,1559,4930,3181,6911,378,3117,48,42
2024,2024nyro,Week 3,27,4458,8595,2228,6868,334,84,53
2024,2024nyro,Week 3,1405,3015,3799,3044,3193,6621,68,61
2024,2024nyro,Week 3,1511,7036,3951,3838,564,7709,31,48
2024,2024nyro,Week 3,120,8145,6300,424,3173,1585,46,56
2024,2024nyro,Week 3,6353,870,229,1308,1591,5528,34,51
2024,2024nyro,Week 3,340,3181,271,191,1450,578,67,47
2024,2024nyro,Week 3,694,4930,334,639,4093,4458,36,39
2024,2024nyro,Week 3,3003,533,3117,1405,2228,2340,45,68
2024,2024nyro,Week 3,27,1518,378,3799,5740,4991,48,30
2024,2024nyro,Week 3,1511,6911,1559,1507,7036,3173,77,70
2024,2024nyro,Week 3,1468,6621,424,3193,564,1585,51,44
2024,2024nyro,Week 3,3015,120,7903,3951,7709,8595,39,35
2024,2024nyro,Week 3,3838,8145,1126,6300,3044,6868,52,42
2024,2024nyro,Week 3,3181,1308,4093,3003,1405,4458,40,105
2024,2024nyro,Week 3,6353,271,578,3799,533,4930,25,42
2024,2024nyro,Week 3,5740,3117,229,1511,3173,340,40,96
2024,2024nyro,Week 3,424,378,5528,7036,334,6621,49,32
2024,2024nyro,Week 3,564,2340,694,120,1450,1518,84,35
2024,2024nyro,Week 3,1585,3044,6911,6868,7709,27,21,77
2024,2024nyro,Week 3,1591,1126,8595,1559,1468,3838,72,56
2024,2024nyro,Week 3,3193,639,1507,7903,6300,3951,63,25
2024,2024nyro,Week 3,870,3015,191,2228,4991,8145,65,58
2024,2024nyro,Week 3,3181,6353,7036,229,271,334,38,18
2024,2024nyro,Week 3,1308,120,564,340,3799,3003,29,68
2024,2024nyro,Week 3,1518,6911,6868,1450,5528,4093,59,37
2024,2024nyro,Week 3,27,424,1591,694,1511,1405,98,56
2024,2024nyro,Week 3,6300,578,7709,4458,6621,3117,39,66
2024,2024nyro,Week 3,1507,1585,4930,8595,3838,3015,56,71
2024,2024nyro,Week 3,5740,191,8145,3193,3951,1468,51,67
2024,2024nyro,Week 3,3173,7903,2340,1126,2228,378,51,54
2024,2024nyro,Week 3,3044,4991,870,639,1559,533,56,38
2024,2024nyro,Week 3,6868,120,1591,7036,1518,1308,72,23
2024,2024nyro,Week 3,7709,1450,1405,334,5528,6300,28,56
2024,2024nyro,Week 3,4093,229,564,3015,1585,578,27,58
2024,2024nyro,Week 3,1468,4458,5740,6911,3003,1507,59,63
2024,2024nyro,Week 3,2228,694,3193,378,6353,1511,88,38
2024,2024nyro,Week 3,1559,8595,271,2340,8145,639,21,37
2024,2024nyro,Week 3,3951,340,424,1126,3181,3044,56,49
2024,2024nyro,Week 3,6621,7903,3799,3117,3838,4991,43,39
2024,2024nyro,Week 3,533,27,870,4930,3173,191,88,49
2024,2024nyro,Week 3,5740,1507,1405,229,578,120,87,48
2024,2024nyro,Week 3,7709,3193,7036,1450,1308,2228,52,40
2024,2024nyro,Week 3,694,5528,4458,1585,2340,1559,80,27
2024,2024nyro,Week 3,271,6300,3015,378,1591,340,47,60
2024,2024nyro,Week 3,3838,4093,3799,639,424,3181,45,79
2024,2024nyro,Week 3,3173,6868,3951,3003,4930,4991,65,27
2024,2024nyro,Week 3,564,3117,6353,6911,27,8145,31,85
2024,2024nyro,Week 3,6621,1126,533,191,8595,1518,47,29
2024,2024nyro,Week 3,334,3044,1511,7903,870,1468,38,82
2024,2024nyro,Week 3,7036,1559,3015,6300,694,5740,71,136
2024,2024nyro,Week 3,2340,1591,7709,3799,3181,1507,61,87
2024,2024nyro,Week 3,4093,578,3193,4991,3951,120,59,44
2024,2024nyro,Week 3,1450,1585,3838,3173,1308,6353,27,61
2024,2024nyro,Week 3,1126,27,3003,5528,271,6621,80,38
2024,2024nyro,Week 3,7903,334,6911,8145,340,533,29,60
2024,2024nyro,Week 3,191,1511,1468,3117,639,6868,60,50
2024,2024nyro,Week 3,4458,564,378,8595,1405,870,70,66
2024,2024nyro,Week 3,1518,229,2228,4930,424,3044,68,53
2024,2024nyro,Week 3,4991,3193,2340,578,3838,7036,58,51
2024,2024nyro,Week 3,6621,5740,3173,4093,694,1591,88,68
2024,2024nyro,Week 3,533,6300,1308,3181,3951,27,42,81
2024,2024nyro,Week 3,1585,3117,1511,3015,334,1126,44,79
2024,2024nyro,Week 3,6868,1507,5528,564,870,271,60,41
2024,2024nyro,Week 3,424,7903,1450,4458,191,1559,30,77
2024,2024nyro,Week 3,120,3799,2228,229,1468,6911,68,70
2024,2024nyro,Week 3,340,1405,3044,8595,6353,4930,74,42
2024,2024nyro,Week 3,378,3003,639,8145,7709,1518,58,54
2024,2024ilpe,Week 3,5041,4096,4143,8880,4213,3695,58,22
2024,2024ilpe,Week 3,111,2039,7417,2826,3352,325,40,65
2024,2024ilpe,Week 3,4314,1736,5934,5847,8024,8122,47,38
2024,2024ilpe,Week 3,3067,1756,171,9082,5442,2481,66,88
2024,2024ilpe,Week 3,112,5125,4028,144,2338,3488,43,86
2024,2024ilpe,Week 3,2704,7848,2040,6651,6237,2022,39,19
2024,2024ilpe,Week 3,6317,4314,111,5822,7417,4213,58,50
2024,2024ilpe,Week 3,1756,2481,4143,8122,5934,8880,100,71
2024,2024ilpe,Week 3,1736,5442,4028,3067,325,3695,75,49
2024,2024ilpe,Week 3,2826,6651,2338,3488,4096,8024,86,18
2024,2024ilpe,Week 3,5822,5125,2704,2040,6317,9082,41,26
2024,2024ilpe,Week 3,3352,2022,5041,112,7848,5847,33,58
2024,2024ilpe,Week 3,6237,2039,4213,144,171,4143,43,83
2024,2024ilpe,Week 3,8122,2338,1756,6651,7417,5934,105,34
2024,2024ilpe,Week 3,8024,2040,2826,4028,2481,6317,28,95
2024,2024ilpe,Week 3,3488,111,5822,3067,7848,4096,74,52
2024,2024ilpe,Week 3,3695,5847,3352,112,6237,2704,42,34
2024,2024ilpe,Week 3,5041,8880,5442,5125,2022,144,33,42
2024,2024ilpe,Week 3,325,1736,2039,9082,4314,171,84,27
2024,2024ilpe,Week 3,4028,1756,4096,7848,4143,7417,82,50
2024,2024ilpe,Week 3,111,8122,6237,2040,5822,5847,42,58
2024,2024ilpe,Week 3,2481,3067,2338,6317,8880,5125,96,27
2024,2024ilpe,Week 3,8024,112,2022,2039,5442,5934,19,66
2024,2024ilpe,Week 3,144,3695,1736,3352,2704,6651,52,21
2024,2024ilpe,Week 3,325,3488,4314,4213,9082,2826,71,36
2024,2024ilpe,Week 3,171,6237,2338,5041,1756,5822,60,88
2024,2024ilpe,Week 3,5442,5125,2040,8122,4143,2022,30,60
2024,2024ilpe,Week 3,7417,144,4096,1736,8024,3352,60,29
2024,2024ilpe,Week 3,8880,112,111,2039,4028,4314,53,54
2024,2024ilpe,Week 3,5041,6651,325,3067,5934,6317,68,33
2024,2024ilpe,Week 3,171,3695,2704,2481,4213,3488,44,76
2024,2024ilpe,Week 3,5847,144,2826,7848,9082,1756,78,77
2024,2024ilpe,Week 3,2040,4096,3352,2338,5442,4314,29,65
2024,2024ilpe,Week 3,2022,325,7417,6651,5822,3067,51,55
2024,2024ilpe,Week 3,5934,2481,112,4213,6317,8122,85,56
2024,2024ilpe,Week 3,3488,4143,8880,171,5847,1736,61,74
2024,2024ilpe,Week 3,2826,111,4028,2704,5041,2039,68,90
2024,2024ilpe,Week 3,5125,8024,9082,3695,6237,7848,30,41
2024,2024ilpe,Week 3,325,2481,8122,4096,2338,112,127,72
2024,2024ilpe,Week 3,6317,6651,171,4314,4143,3352,63,54
2024,2024ilpe,Week 3,5442,2022,3067,2704,3488,5847,49,54
2024,2024ilpe,Week 3,1756,1736,4213,2039,5125,2826,51,46
2024,2024ilpe,Week 3,144,5041,7848,111,2040,3695,71,42
2024,2024ilpe,Week 3,8880,9082,5822,4028,5934,8024,49,73
2024,2024ilpe,Week 3,7417,8122,4314,6237,3488,5442,64,58
2024,2024ilpe,Week 3,2039,5847,6651,2481,4096,5125,89,68
2024,2024ilpe,Week 3,4213,2704,144,1736,5041,2338,57,79
2024,2024ilpe,Week 3,8024,3067,4143,171,111,7848,49,41
2024,2024ilpe,Week 3,9082,3352,112,2040,8880,7417,49,17
2024,2024ilpe,Week 3,5822,5934,2022,3695,2826,1756,60,86
2024,2024ilpe,Week 3,6237,4028,144,6317,325,4096,64,61
2024,2024ilpe,Week 3,8024,4314,4213,5125,3067,5041,13,37
2024,2024ilpe,Week 3,5847,7417,5442,2338,2040,2039,35,71
2024,2024ilpe,Week 3,2022,3695,2481,1736,9082,111,87,58
2024,2024ilpe,Week 3,6651,7848,8122,4028,171,8880,75,79
2024,2024ilpe,Week 3,4143,2704,6317,112,1756,325,60,79
2024,2024ilpe,Week 3,5934,2826,3488,5822,3352,6237,65,50
2024,2024ilpe,Week 3,7417,3695,9082,4314,5041,2481,43,76
2024,2024ilpe,Week 3,4096,4213,171,2022,5847,4028,22,94
2024,2024ilpe,Week 3,7848,6317,2039,2704,8122,1736,67,73
2024,2024ilpe,Week 3,5442,2826,5822,4143,112,6651,56,63
2024,2024ilpe,Week 3,5125,3352,1756,111,8024,325,68,88
2024,2024ilpe,Week 3,5934,2040,6237,8880,3067,144,43,52
2024,2024ilpe,Week 3,2338,6317,5847,3488,2039,3695,83,63
2024,2024ilpe,Week 3,6651,1736,2481,4314,5822,112,89,59
2024,2024ilpe,Week 3,8122,4028,5041,3352,111,5442,77,71
2024,2024ilpe,Week 3,4096,2704,5934,7417,171,5125,63,19
2024,2024ilpe,Week 3,2338,2022,9082,4143,2826,6237,72,61
2024,2024ilpe,Week 3,7848,8880,8024,4213,325,2040,38,51
2024,2024ilpe,Week 3,8122,3488,3067,1756,144,6651,56,102
2024,2024ksla,Week 3,5141,7421,2357,1730,1723,2345,76,57
2024,2024ksla,Week 3,1847,4809,1763,9551,5119,9445,30,37
2024,2024ksla,Week 3,1710,5801,4959,937,2457,2410,44,25
2024,2024ksla,Week 3,1827,3061,1994,1986,1987,8825,30,102
2024,2024ksla,Week 3,2470,8719,5126,1764,1775,2560,50,34
2024,2024ksla,Week 3,5189,5098,5268,3184,935,1769,27,39
2024,2024ksla,Week 3,2410,2357,1763,7421,2457,9551,42,72
2024,2024ksla,Week 3,5141,1847,1827,1994,1986,1710,38,63
2024,2024ksla,Week 3,5119,5126,4809,3061,1730,4959,33,69
2024,2024ksla,Week 3,1723,2470,937,5098,9445,8719,55,4
2024,2024ksla,Week 3,5268,1987,935,2560,5801,5189,42,53
2024,2024ksla,Week 3,2345,1764,1769,3184,1775,8825,45,33
2024,2024ksla,Week 3,2457,1827,1730,2410,1994,5126,52,29
2024,2024ksla,Week 3,3061,1710,9551,1723,5119,1847,74,40
2024,2024ksla,Week 3,2357,8719,5189,5098,935,1763,36,34
2024,2024ksla,Week 3,5801,5268,1775,2345,4959,8825,43,37
2024,2024ksla,Week 3,4809,1987,5141,7421,937,1764,74,50
2024,2024ksla,Week 3,9445,3184,1986,1769,2560,2470,50,36
2024,2024ksla,Week 3,1763,8719,1723,2457,3061,5098,17,70
2024,2024ksla,Week 3,935,4959,1847,2345,5801,5126,25,53
2024,2024ksla,Week 3,1827,5189,1987,5119,7421,1775,36,48
2024,2024ksla,Week 3,2560,9551,2410,2470,5141,1764,28,99
2024,2024ksla,Week 3,937,1986,2357,5268,1769,9445,79,39
2024,2024ksla,Week 3,8825,1994,1730,1710,4809,3184,33,43
2024,2024ksla,Week 3,1763,1775,4959,1847,7421,5801,8,91
2024,2024ksla,Week 3,1764,1827,5098,935,2345,2457,45,38
2024,2024ksla,Week 3,5141,9445,5126,2357,5268,3061,46,85
2024,2024ksla,Week 3,8825,1769,8719,1987,1994,9551,36,69
2024,2024ksla,Week 3,3184,1723,2560,4809,1986,2410,37,70
2024,2024ksla,Week 3,5119,937,1730,1710,5189,2470,60,54
2024,2024ksla,Week 3,7421,2345,5098,935,1775,3061,51,68
2024,2024ksla,Week 3,4959,9445,1987,1769,5141,1994,47,42
2024,2024ksla,Week 3,1847,2560,1986,2457,8825,4809,54,47
2024,2024ksla,Week 3,5126,5189,1764,1827,2410,1723,44,36
2024,2024ksla,Week 3,5268,1763,1710,2357,5119,2470,51,83
2024,2024ksla,Week 3,1730,3184,5801,8719,9551,937,55,16
2024,2024ksla,Week 3,1775,9445,1847,2560,5098,1994,24,35
2024,2024ksla,Week 3,3061,7421,5189,5126,2457,1769,71,43
2024,2024ksla,Week 3,2470,8825,2410,4809,2357,1723,44,62
2024,2024ksla,Week 3,9551,1986,2345,4959,937,1827,69,25
2024,2024ksla,Week 3,935,1730,1710,1763,1764,1987,87,75
2024,2024ksla,Week 3,5801,5141,5119,8719,3184,5268,69,14
2024,2024ksla,Week 3,9445,2457,2470,5126,8825,3061,36,74
2024,2024ksla,Week 3,1994,4959,2357,5189,1847,937,44,36
2024,2024ksla,Week 3,9551,1723,5098,1987,2560,1730,28,88
2024,2024ksla,Week 3,3184,1763,7421,1986,935,5141,51,63
2024,2024ksla,Week 3,5268,2345,4809,1775,1710,8719,33,72
2024,2024ksla,Week 3,1769,1827,5119,5801,2410,1764,37,61
2024,2024ksla,Week 3,2560,5126,937,1723,5189,4959,37,33
2024,2024ksla,Week 3,9445,935,8825,1730,9551,5141,59,65
2024,2024ksla,Week 3,1994,5268,2457,2345,2470,1763,27,51
2024,2024ksla,Week 3,1986,1764,5119,5098,2357,5801,56,76
2024,2024ksla,Week 3,2410,1987,3184,8719,3061,1847,78,49
2024,2024ksla,Week 3,7421,1769,1710,1775,4809,1827,58,43
2024,2024ksla,Week 3,5189,1994,935,8825,5268,1723,29,48
2024,2024ksla,Week 3,1986,4959,2457,1764,9551,2357,46,78
2024,2024ksla,Week 3,1987,937,2345,5126,1847,3184,60,55
2024,2024ksla,Week 3,1775,5098,1769,1710,2410,5141,19,66
2024,2024ksla,Week 3,4809,5801,8719,2470,1827,7421,66,58
2024,2024ksla,Week 3,3061,5119,2560,1730,1763,9445,66,43
2024,2024ksla,Week 3,937,3184,1994,2357,5126,935,33,76
2024,2024ksla,Week 3,1769,1847,9551,4959,1764,5268,42,66
2024,2024ksla,Week 3,5141,1723,2457,1987,2470,1775,44,78
2024,2024ksla,Week 3,9445,3061,4809,5801,1763,1827,64,53
2024,2024ksla,Week 3,8825,2560,7421,5098,1710,5119,63,64
2024,2024ksla,Week 3,2410,8719,2345,5189,1730,1986,36,76
2024,2024ksla,Week 3,2457,2357,1775,1723,1769,1987,59,59
2024,2024ksla,Week 3,1764,4809,935,937,5141,3061,36,52
2024,2024ksla,Week 3,1827,1710,2560,4959,5098,3184,45,20
2024,2024ksla,Week 3,9551,8825,5801,1763,5126,1986,70,54
2024,2024ksla,Week 3,5119,2410,5189,1994,2345,9445,41,24
2024,2024ksla,Week 3,1847,2470,5268,8719,1730,7421,44,90
2024,2024mslr,Week 3,9503,7255,9718,9712,8044,7428,16,67
2024,2024mslr,Week 3,1927,364,2183,3039,8808,4107,21,57
2024,2024mslr,Week 3,3959,4087,1421,34,9435,9153,24,20
2024,2024mslr,Week 3,4400,3753,590,4336,1466,2992,35,81
2024,2024mslr,Week 3,1622,3468,9734,5863,4013,2221,18,32
2024,2024mslr,Week 3,9717,7094,456,9309,9768,2987,37,33
2024,2024mslr,Week 3,9435,1912,364,8044,1421,9153,11,79
2024,2024mslr,Week 3,9712,1466,3753,9718,3959,4400,16,35
2024,2024mslr,Week 3,9503,590,4336,3468,2221,4107,39,41
2024,2024mslr,Week 3,9309,5863,4087,2987,7428,8808,28,72
2024,2024mslr,Week 3,1912,7255,1622,34,2183,9717,17,26
2024,2024mslr,Week 3,4013,9734,7094,1927,9768,3039,28,24
2024,2024mslr,Week 3,456,3959,9712,2992,9435,4107,41,52
2024,2024mslr,Week 3,4087,8044,9718,3468,9153,8808,52,58
2024,2024mslr,Week 3,9503,364,5863,9309,590,7255,40,20
2024,2024mslr,Week 3,4013,2183,1466,3753,9734,1421,42,14
2024,2024mslr,Week 3,1927,4336,9717,7428,456,1622,45,58
2024,2024mslr,Week 3,2992,34,9768,2987,3039,1912,45,70
2024,2024mslr,Week 3,2221,7094,9309,4400,4107,8044,18,78
2024,2024mslr,Week 3,9734,5863,9712,590,2183,4087,36,31
2024,2024mslr,Week 3,3753,9153,9717,1466,456,7255,29,49
2024,2024mslr,Week 3,34,1927,1622,9435,4013,9503,49,14
2024,2024mslr,Week 3,4400,2987,364,3468,4336,1912,72,41
2024,2024mslr,Week 3,9718,7094,3039,7428,3959,2221,27,55
2024,2024mslr,Week 3,8044,9768,8808,1421,2992,5863,73,61
2024,2024mslr,Week 3,7255,9712,34,1466,9309,1927,25,33
2024,2024mslr,Week 3,4107,2987,2183,3753,4087,9435,56,29
2024,2024mslr,Week 3,590,3468,456,4336,2221,1622,34,39
2024,2024mslr,Week 3,8808,1912,4400,3959,9503,7094,70,34
2024,2024mslr,Week 3,3039,9717,1421,9734,2992,9718,66,57
2024,2024mslr,Week 3,9768,7428,4013,364,9153,9712,39,25
2024,2024mslr,Week 3,8044,3468,2987,1927,3753,7255,74,23
2024,2024mslr,Week 3,2221,1466,9435,2183,9503,1912,38,28
2024,2024mslr,Week 3,5863,456,4336,7094,8808,34,73,44
2024,2024mslr,Week 3,3959,9768,9153,9309,3039,9734,30,19
2024,2024mslr,Week 3,1421,1622,9718,9717,590,364,24,19
2024,2024mslr,Week 3,7428,4107,4087,2992,4013,4400,55,56
2024,2024mslr,Week 3,7094,2987,1927,2221,3753,9503,89,9
2024,2024mslr,Week 3,3039,1466,3468,1912,9309,3959,73,24
2024,2024mslr,Week 3,9712,4336,9768,9435,5863,8044,53,56
2024,2024mslr,Week 3,4087,7255,364,1622,9717,8808,42,36
2024,2024mslr,Week 3,4400,1421,34,9734,4107,590,59,38
2024,2024mslr,Week 3,9718,9153,4013,2183,2992,456,30,56
2024,2024mslr,Week 3,7428,1927,9435,3959,2987,1466,41,61
2024,2024mslr,Week 3,1622,3039,3753,4087,9712,1912,51,45
2024,2024mslr,Week 3,590,1421,9768,9734,7255,4336,16,40
2024,2024mslr,Week 3,2221,8808,2992,34,364,4013,74,32
2024,2024mslr,Week 3,9503,9309,3468,2183,7428,4400,19,56
2024,2024mslr,Week 3,4107,7094,9153,9718,9717,5863,35,55
2024,2024mslr,Week 3,456,9435,9734,7255,8044,3039,32,67
2024,2024mslr,Week 3,2987,2221,4087,364,1421,1466,30,51
2024,2024mslr,Week 3,4336,3753,7428,1622,2183,9768,56,44
2024,2024mslr,Week 3,9153,1927,2992,5863,590,7094,59,33
2024,2024mslr,Week 3,8808,4013,3959,9717,9503,8044,50,64
2024,2024mslr,Week 3,456,9309,34,3468,4400,9712,45,67
2024,2024mslr,Week 3,1912,9734,7428,4107,9718,4336,34,63
2024,2024mslr,Week 3,7255,9435,2183,7094,4087,2992,40,55
2024,2024mslr,Week 3,590,3959,3039,4013,1622,2987,45,55
2024,2024mslr,Week 3,8808,5863,3753,9717,9712,2221,50,20
2024,2024mslr,Week 3,9153,4400,9503,9768,9718,3468,47,23
2024,2024mslr,Week 3,1421,4107,9309,1912,456,1927,40,48
2024,2024mslr,Week 3,1466,34,9734,8044,364,7094,31,81
2024,2024mslr,Week 3,3039,2221,2183,5863,7428,7255,44,47
2024,2024mslr,Week 3,8808,9718,590,9768,4400,9435,55,57
2024,2024mslr,Week 3,4013,9717,3468,1421,9712,2987,55,38
2024,2024mslr,Week 3,364,4336,9309,3753,34,3959,37,28
2024,2024mslr,Week 3,4107,1927,9503,9153,4087,456,44,45
2024,2024mslr,Week 3,2992,1912,8044,1466,1622,5863,79,70
2024,2024mslr,Week 3,9435,8808,1421,7094,3468,7428,45,58
2024,2024mslr,Week 3,7255,4400,9717,4336,3039,4013,28,93
2024,2024mslr,Week 3,456,9718,3753,4087,9734,1927,54,22
2024,2024mslr,Week 3,2183,8044,3959,2987,34,590,60,30
2024,2024mslr,Week 3,9712,2992,9309,9153,1912,2221,47,29
2024,2024mslr,Week 3,364,1622,4107,9768,9503,1466,58,36
2024,2024mxpu,Week 3,9280,3472,4010,6608,3527,6896,38,8
2024,2024mxpu,Week 3,6017,9134,9702,5887,5705,3354,41,34
2024,2024mxpu,Week 3,9593,6694,9103,4782,6606,6702,23,78
2024,2024mxpu,Week 3,9282,4775,6605,3478,4355,7102,19,73
2024,2024mxpu,Week 3,9060,5948,6647,4735,4731,3472,47,23
2024,2024mxpu,Week 3,6608,9702,5705,4782,6694,3354,4,29
2024,2024mxpu,Week 3,3527,4775,9280,9134,4355,9593,14,20
2024,2024mxpu,Week 3,5887,6605,9060,5948,4731,6896,7,36
2024,2024mxpu,Week 3,4735,7102,6647,9282,6702,4010,50,33
2024,2024mxpu,Week 3,9103,6017,3472,6606,3478,4775,54,53
2024,2024mxpu,Week 3,5948,4782,9702,9280,9060,5705,47,39
2024,2024mxpu,Week 3,6647,6608,9282,4731,3527,9134,33,13
2024,2024mxpu,Week 3,6606,4735,4355,6896,6605,3478,15,35
2024,2024mxpu,Week 3,9593,6017,3354,4010,6694,7102,53,52
2024,2024mxpu,Week 3,9103,6702,9060,6608,9134,5887,45,21
2024,2024mxpu,Week 3,5948,3472,4735,5705,6605,4782,43,46
2024,2024mxpu,Week 3,6694,9282,9702,4010,6647,6017,22,58
2024,2024mxpu,Week 3,6702,9593,3527,4731,9103,5887,25,19
2024,2024mxpu,Week 3,9280,6896,6606,4775,3354,7102,23,35
2024,2024mxpu,Week 3,6694,3478,9134,4355,9282,4782,72,28
2024,2024mxpu,Week 3,4010,4735,9593,3472,9702,6605,23,27
2024,2024mxpu,Week 3,5887,7102,6606,5705,9060,4775,38,44
2024,2024mxpu,Week 3,4731,6647,3478,6017,9280,6702,55,55
2024,2024mxpu,Week 3,4355,3354,6896,9103,6608,5948,39,36
2024,2024mxpu,Week 3,7102,9282,9593,3472,3527,9060,51,20
2024,2024mxpu,Week 3,6702,5705,4731,3478,5887,4010,51,75
2024,2024mxpu,Week 3,6608,4782,9280,6606,4355,6017,57,42
2024,2024mxpu,Week 3,3527,3354,5948,6647,6605,6694,41,32
2024,2024mxpu,Week 3,9702,6896,9103,4735,9134,4775,35,28
2024,2024mxpu,Week 3,3472,4355,6608,7102,9060,4782,53,14
2024,2024mxpu,Week 3,3478,3527,6017,9593,5948,5705,42,34
2024,2024mxpu,Week 3,9280,6694,5887,9103,4735,9282,48,2
2024,2024mxpu,Week 3,6605,6606,9134,6896,6647,6702,21,65
2024,2024mxpu,Week 3,4782,4775,4731,3354,4010,9702,39,40
2024,2024mxpu,Week 3,3478,5948,9280,9282,3472,5705,110,34
2024,2024mxpu,Week 3,6896,5887,4735,6694,6017,6608,31,57
2024,2024mxpu,Week 3,4010,9103,6605,3354,4731,6606,33,21
2024,2024mxpu,Week 3,4775,6702,4355,9060,9593,9702,49,21
2024,2024mxpu,Week 3,3527,6647,4782,9134,7102,6896,46,64
2024,2024mxpu,Week 3,6606,4010,6608,9282,5887,5948,30,45
2024,2024mxpu,Week 3,4355,5705,6694,9593,4731,9280,43,51
2024,2024mxpu,Week 3,9060,3354,3478,9702,4735,3527,56,11
2024,2024mxpu,Week 3,6702,9134,3472,6605,7102,6017,28,28
2024,2024mxpu,Week 3,6647,9103,5705,4775,9593,6608,62,32
2024,2024mxpu,Week 3,9060,6896,9282,4355,4010,3527,25,42
2024,2024mxpu,Week 3,5948,6606,6694,6702,3478,4735,32,63
2024,2024mxpu,Week 3,7102,9702,4731,6017,4782,9103,28,39
2024,2024mxpu,Week 3,4775,5887,6647,6605,9280,3354,67,26
2024,2024mxpu,Week 3,9134,4010,9060,3472,3478,9593,39,67
2024,2024mxpu,Week 3,6606,3527,9282,9702,6702,5948,24,54
2024,2024mxpu,Week 3,5705,6017,4735,6647,9280,4355,86,66
2024,2024mxpu,Week 3,4782,3472,5887,3354,9103,9134,50,17
2024,2024mxpu,Week 3,4731,6608,6605,6694,6896,4775,32,41
2024,2024mxpu,Week 3,7102,5705,3527,6647,9702,6606,71,24
2024,2024azva,Week 3,9091,8012,9704,6413,4565,498,4,49
2024,2024azva,Week 3,5430,6036,6907,7645,698,9501,41,17
2024,2024azva,Week 3,991,60,2478,3648,5025,3853,13,29
2024,2024azva,Week 3,9432,6127,696,6833,9777,3158,53,28
2024,2024azva,Week 3,4146,6560,9059,2840,4415,7755,42,37
2024,2024azva,Week 3,3309,3256,7214,5059,3128,3019,37,41
2024,2024azva,Week 3,2659,1165,2662,2403,6352,5430,62,40
2024,2024azva,Week 3,7645,3158,9091,3648,9432,698,43,52
2024,2024azva,Week 3,2840,991,6036,498,7755,60,13,69
2024,2024azva,Week 3,9777,4565,3128,3019,6907,6560,34,73
2024,2024azva,Week 3,2478,3256,2662,6352,2659,4415,46,63
2024,2024azva,Week 3,1165,6413,3853,6127,4146,5059,36,16
2024,2024azva,Week 3,5025,6833,9059,8012,9501,2403,20,35
2024,2024azva,Week 3,7214,9704,6907,3309,696,991,39,61
2024,2024azva,Week 3,4565,698,3019,60,3648,5430,17,54
2024,2024azva,Week 3,6127,2478,6352,2840,9777,6413,21,39
2024,2024azva,Week 3,5059,3158,9501,7645,6833,8012,50,34
2024,2024azva,Week 3,498,2403,4146,696,6036,3256,43,99
2024,2024azva,Week 3,6560,7214,7755,9091,2662,5025,37,24
2024,2024azva,Week 3,1165,3309,9432,9704,9059,4415,48,44
2024,2024azva,Week 3,3128,8012,3158,3853,2659,2840,50,47
2024,2024azva,Week 3,6833,6036,3648,6413,6352,3256,33,77
2024,2024azva,Week 3,60,9777,698,498,2662,6127,32,54
2024,2024azva,Week 3,9059,2403,6907,5059,5430,9704,66,12
2024,2024azva,Week 3,9432,9091,9501,4146,5025,3019,51,17
2024,2024azva,Week 3,7214,3128,696,2478,6560,1165,82,46
2024,2024azva,Week 3,4565,3309,2659,7755,7645,3853,51,42
2024,2024azva,Week 3,4415,6413,8012,2403,991,9777,37,28
2024,2024azva,Week 3,698,2662,6352,4146,3256,9704,18,45
2024,2024azva,Week 3,3128,6833,6560,3158,60,6036,69,69
2024,2024azva,Week 3,9432,5430,2840,2659,7214,6127,39,31
2024,2024azva,Week 3,3648,5059,4565,9501,7755,5025,37,44
2024,2024azva,Week 3,3019,7645,991,696,4415,1165,16,29
2024,2024azva,Week 3,6907,498,9091,3853,9059,2478,59,23
2024,2024azva,Week 3,698,3309,8012,6560,2403,9432,42,89
2024,2024azva,Week 3,6413,3158,4146,2662,7214,4565,69,16
2024,2024azva,Week 3,6127,5430,9777,6036,5059,7755,24,46
2024,2024azva,Week 3,9704,2840,696,3128,3648,4415,42,74
2024,2024azva,Week 3,5025,2478,7645,3256,9059,1165,27,60
2024,2024azva,Week 3,6833,6907,3309,9091,60,2659,47,41
2024,2024azva,Week 3,3853,991,498,3019,9501,6352,47,46
2024,2024azva,Week 3,5430,4146,7214,8012,9777,3648,11,26
2024,2024azva,Week 3,1165,9704,7645,2662,5059,2840,46,29
2024,2024azva,Week 3,4415,60,6127,4565,9091,2403,18,28
2024,2024azva,Week 3,6560,3853,3158,991,6907,3256,50,78
2024,2024azva,Week 3,6833,498,6352,3128,5025,3309,39,63
2024,2024azva,Week 3,696,9501,6413,698,2659,9059,71,58
2024,2024azva,Week 3,7755,3019,2478,8012,6036,9432,32,83
2024,2024azva,Week 3,2840,4146,60,9777,6907,5059,11,61
2024,2024azva,Week 3,3256,2403,6127,7214,7645,498,89,55
2024,2024azva,Week 3,6352,4565,5025,696,3158,5430,46,73
2024,2024azva,Week 3,1165,3128,7755,9091,6413,698,63,34
2024,2024azva,Week 3,9501,3853,6036,2662,9432,4415,52,68
2024,2024azva,Week 3,3019,9059,3648,2659,6560,9704,18,67
2024,2024azva,Week 3,4565,6833,991,3309,2478,4146,3,66
2024,2024azva,Week 3,7755,9091,696,8012,2840,3256,45,35
2024,2024azva,Week 3,2662,6413,2403,6907,9432,3853,29,59
2024,2024azva,Week 3,9059,6127,7645,60,6352,3128,24,60
2024,2024azva,Week 3,6036,2659,9777,991,1165,5025,87,26
2024,2024azva,Week 3,4415,7214,5059,3158,498,698,45,72
2024,2024azva,Week 3,5430,2478,9501,3648,3309,6560,47,68
2024,2024azva,Week 3,9704,3019,2662,6127,2840,6833,34,14
2024,2024azva,Week 3,9059,9432,9777,3256,3853,4565,46,58
2024,2024azva,Week 3,7645,696,2659,6036,4146,9091,42,56
2024,2024azva,Week 3,6352,3648,1165,7755,8012,6907,60,42
2024,2024azva,Week 3,2403,5025,5059,2478,698,3128,35,64
2024,2024azva,Week 3,4415,498,6560,6413,5430,6833,99,25
2024,2024azva,Week 3,9501,9704,60,3158,3019,7214,41,51
2024,2024azva,Week 3,991,2662,3648,3309,2840,9091,40,54
2024,2024azva,Week 3,5025,6127,8012,6907,6352,7645,24,55
2024,2024azva,Week 3,5059,3256,2659,5430,6560,4565,76,48
2024,2024azva,Week 3,4146,9501,3128,9777,9704,2478,72,27
2024,2024azva,Week 3,3158,4415,3309,498,1165,6036,84,97
2024,2024azva,Week 3,698,3853,6833,7214,991,9059,34,41
2024,2024azva,Week 3,9432,7755,6413,60,696,3019,58,47
2024,2024azva,Week 3,2403,3648,2840,4565,6127,9501,57,26
2024,2024cada,Week 3,2551,3257,1678,604,7667,5458,84,77
2024,2024cada,Week 3,3880,2204,2073,6981,5515,5274,74,21
2024,2024cada,Week 3,3482,6947,4643,6619,199,701,50,55
2024,2024cada,Week 3,8048,6665,4159,3598,5419,3189,36,56
2024,2024cada,Week 3,1072,1662,8404,4135,7686,254,47,64
2024,2024cada,Week 3,2135,7130,7528,8015,9125,5728,37,21
2024,2024cada,Week 3,751,4643,2073,2141,2551,2204,54,19
2024,2024cada,Week 3,5274,604,1678,4159,3257,6981,86,7
2024,2024cada,Week 3,6947,7667,6619,3189,8404,6665,41,50
2024,2024cada,Week 3,8048,254,5515,9125,3482,701,89,10
2024,2024cada,Week 3,5728,2141,4135,3880,5419,7528,10,67
2024,2024cada,Week 3,751,3598,7130,5458,1662,2135,34,59
2024,2024cada,Week 3,199,8015,6981,7686,1072,604,21,36
2024,2024cada,Week 3,254,9125,2204,6665,1678,7667,55,94
2024,2024cada,Week 3,5274,701,3257,7528,6947,2551,18,49
2024,2024cada,Week 3,4135,8404,751,3482,8048,7130,30,57
2024,2024cada,Week 3,4643,4159,1662,8015,2141,2135,19,42
2024,2024cada,Week 3,199,3598,5515,2073,5419,5728,20,61
2024,2024cada,Week 3,7686,6619,5458,3880,3189,1072,61,39
2024,2024cada,Week 3,3257,751,6947,6981,7130,4135,45,32
2024,2024cada,Week 3,604,7528,1662,3482,2204,6665,70,19
2024,2024cada,Week 3,5274,8404,5419,701,4643,2135,71,26
2024,2024cada,Week 3,1072,4159,199,5515,9125,7667,8,19
2024,2024cada,Week 3,3189,5728,8048,8015,2073,1678,54,74
2024,2024cada,Week 3,2551,3598,5458,3880,6619,254,75,109
2024,2024cada,Week 3,2141,7528,3482,7686,2135,3257,19,39
2024,2024cada,Week 3,4643,6981,6665,7130,5515,8404,18,31
2024,2024cada,Week 3,1072,5728,751,701,7667,3189,8,40
2024,2024cada,Week 3,1662,1678,3880,6947,2073,254,71,96
2024,2024cada,Week 3,8015,2551,604,8048,4135,5419,79,76
2024,2024cada,Week 3,199,9125,7686,3598,5274,6619,23,55
2024,2024cada,Week 3,2204,7528,4159,2141,5458,4643,12,38
2024,2024cada,Week 3,3189,2135,5515,701,254,6981,62,62
2024,2024cada,Week 3,8404,3880,8048,5728,3482,1662,47,17
2024,2024cada,Week 3,7686,8015,751,2551,2073,9125,17,53
2024,2024cada,Week 3,7130,4159,6619,6947,604,2204,62,95
2024,2024cada,Week 3,6665,3598,3257,5458,199,4135,26,36
2024,2024cada,Week 3,5274,1072,7667,1678,5419,2141,43,122
2024,2024cada,Week 3,5515,3880,4643,1662,751,2551,10,36
2024,2024cada,Week 3,6947,2135,9125,5728,7686,2204,51,9
2024,2024cada,Week 3,4135,701,8015,8404,604,3598,21,66
2024,2024cada,Week 3,6665,5274,7528,3257,1072,8048,26,46
2024,2024cada,Week 3,5419,6981,3482,2073,4159,5458,50,50
2024,2024cada,Week 3,2141,3189,254,7667,199,7130,86,40
2024,2024cada,Week 3,6619,5515,604,1678,701,7686,91,61
2024,2024cada,Week 3,3598,8048,8015,2204,751,5274,54,33
2024,2024cada,Week 3,2135,6665,3880,4159,4135,6947,33,34
2024,2024cada,Week 3,199,3482,2073,2551,7130,1072,47,44
2024,2024cada,Week 3,5728,6981,7667,1662,6619,2141,30,57
2024,2024cada,Week 3,9125,1678,3189,3257,4643,8404,67,14
2024,2024cada,Week 3,5419,5458,6947,254,7528,8015,98,86
2024,2024cada,Week 3,2135,1072,3598,3482,2551,4159,42,56
2024,2024cada,Week 3,7667,7686,2141,604,8048,6981,22,70
2024,2024cada,Week 3,2204,1678,7130,4135,3880,9125,93,16
2024,2024cada,Week 3,7528,2073,701,6619,6665,751,36,54
2024,2024cada,Week 3,5458,5728,8404,4643,254,5274,42,77
2024,2024cada,Week 3,3189,3257,199,5419,5515,1662,22,70
2024,2024cada,Week 3,7130,6947,2141,1678,3482,3598,63,86
2024,2024cada,Week 3,701,2204,1072,751,3880,4159,26,34
2024,2024cada,Week 3,7667,4643,4135,8048,5274,7686,37,70
2024,2024cada,Week 3,254,1662,3257,6619,8015,5419,79,72
2024,2024cada,Week 3,2073,604,3189,9125,8404,7528,76,31
2024,2024cada,Week 3,6981,2551,2135,6665,199,5728,33,9
2024,2024cada,Week 3,5458,2204,8048,5515,6947,1072,60,59
2024,2024cada,Week 3,4159,701,5419,4643,7130,7686,59,30
2024,2024cada,Week 3,9125,1662,5274,751,3189,3482,29,44
2024,2024cada,Week 3,254,7667,2551,7528,6981,3598,98,24
2024,2024cada,Week 3,3257,5458,3880,604,2135,199,48,75
2024,2024cada,Week 3,2073,4135,6619,1678,5728,5515,60,71
2024,2024cada,Week 3,1072,2141,6665,8404,8015,6947,23,67
2024,2024cada,Week 3,5419,7686,2551,2204,3189,4643,54,32
2024,2024cada,Week 3,6981,5458,9125,1662,8048,701,34,51
2024,2024cada,Week 3,2135,4135,3482,7667,3257,2073,24,68
2024,2024cada,Week 3,5515,6665,8015,3598,2141,3880,26,30
2024,2024cada,Week 3,7130,254,604,4159,5274,5728,95,27
2024,2024cada,Week 3,8404,6619,1678,7528,751,199,93,15
2024,2024midtr,Week 3,7856,9751,7145,4680,5065,3619,1,10
2024,2024midtr,Week 3,6096,815,9651,9255,7865,4758,37,12
2024,2024midtr,Week 3,7196,3632,1701,7769,4768,5478,41,46
2024,2024midtr,Week 3,123,6029,7224,2048,5901,7174,52,49
2024,2024midtr,Week 3,8280,2620,9618,5756,6099,4390,37,19
2024,2024midtr,Week 3,3539,5197,8352,5532,3096,4851,49,9
2024,2024midtr,Week 3,5467,2591,9751,3632,4838,2673,4,21
2024,2024midtr,Week 3,7196,4768,9651,815,7174,123,21,70
2024,2024midtr,Week 3,2048,4680,7865,8280,5756,7856,9,15
2024,2024midtr,Week 3,5901,4390,1701,6096,9618,3096,49,10
2024,2024midtr,Week 3,6029,3619,4851,5065,7769,4838,16,51
2024,2024midtr,Week 3,8352,6099,5478,2591,7224,9255,47,20
2024,2024midtr,Week 3,2620,2673,5467,5532,7145,4758,45,11
2024,2024midtr,Week 3,1701,3539,4768,9651,5197,7856,42,8
2024,2024midtr,Week 3,5756,3619,7769,5901,7196,815,64,43
2024,2024midtr,Week 3,4851,5065,9255,7224,4838,9618,24,15
2024,2024midtr,Week 3,2673,3096,8280,5467,5532,5478,44,6
2024,2024midtr,Week 3,8352,7145,4390,9751,123,2048,51,43
2024,2024midtr,Week 3,3539,4758,7174,6029,2591,4680,68,18
2024,2024midtr,Week 3,5197,6096,2620,3632,6099,7865,48,25
2024,2024midtr,Week 3,9618,9651,5901,4851,5467,7196,22,25
2024,2024midtr,Week 3,7769,7856,815,4390,9751,5532,62,3
2024,2024midtr,Week 3,2591,7145,3539,1701,3096,123,53,57
2024,2024midtr,Week 3,6099,4758,6096,4838,7174,5756,22,52
2024,2024midtr,Week 3,4680,5478,7224,2673,7865,5197,25,15
2024,2024midtr,Week 3,8280,3632,3619,5065,6029,8352,20,73
2024,2024midtr,Week 3,9255,2620,3096,4768,2048,7145,56,28
2024,2024midtr,Week 3,4838,3539,7856,9651,7769,5467,33,52
2024,2024midtr,Week 3,5532,7196,6099,4680,4851,4390,35,10
2024,2024midtr,Week 3,8352,9618,2591,7865,6096,6029,26,16
2024,2024midtr,Week 3,7174,2673,9751,8280,1701,2048,51,36
2024,2024midtr,Week 3,9255,5478,815,2620,3632,4758,55,33
2024,2024midtr,Week 3,5901,7224,5065,3619,4768,5197,25,23
2024,2024midtr,Week 3,5756,7865,5467,123,4390,2591,13,36
2024,2024midtr,Week 3,3096,9651,6029,7196,6096,9751,19,19
2024,2024midtr,Week 3,3632,5478,7145,7856,4851,6099,10,18
2024,2024midtr,Week 3,7769,5532,4680,7174,2620,5065,51,39
2024,2024midtr,Week 3,123,4758,8280,3539,7224,3619,43,38
2024,2024midtr,Week 3,5197,5756,1701,2673,9255,5901,45,26
2024,2024midtr,Week 3,8352,2048,4838,4768,815,9618,17,37
2024,2024midtr,Week 3,7174,5532,3632,4390,7865,3096,61,41
2024,2024midtr,Week 3,5467,7145,6096,5065,7196,3539,2,23
2024,2024midtr,Week 3,9255,123,5756,4851,8280,7769,36,63
2024,2024midtr,Week 3,6029,9751,4768,5478,9618,4758,44,26
2024,2024midtr,Week 3,6099,5197,2048,4838,2620,3619,26,37
2024,2024midtr,Week 3,7856,8352,5901,9651,2591,2673,31,26
2024,2024midtr,Week 3,7865,1701,7224,815,3096,4680,39,61
2024,2024midtr,Week 3,4758,4390,4768,5478,3539,4851,27,52
2024,2024midtr,Week 3,3619,9255,5532,6029,3632,5756,11,37
2024,2024midtr,Week 3,9618,2673,5065,123,6099,9651,27,48
2024,2024midtr,Week 3,6096,1701,7769,7224,5467,8352,64,29
2024,2024midtr,Week 3,815,8280,2591,7145,4680,5197,66,34
2024,2024midtr,Week 3,7856,7174,7196,9751,5901,2620,47,53
2024,2024midtr,Week 3,9651,4838,7865,2048,5065,5532,6,3
2024,2024midtr,Week 3,5467,4390,6029,6099,9255,1701,30,57
2024,2024midtr,Week 3,5478,123,2673,6096,4680,3539,38,45
2024,2024midtr,Week 3,2620,4851,5756,9751,8352,815,47,43
2024,2024midtr,Week 3,4768,2591,4838,7145,7196,8280,18,61
2024,2024midtr,Week 3,3096,7174,5197,3619,9618,7856,50,13
2024,2024midtr,Week 3,4758,2048,7224,7769,5901,3632,23,73
2024,2024midtr,Week 3,4390,815,2620,3539,6029,2673,60,57
2024,2024midtr,Week 3,1701,5065,5467,5478,5756,9651,45,19
2024,2024midtr,Week 3,9751,3619,6099,7865,123,4768,30,66
2024,2024midtr,Week 3,5197,8280,5532,2591,2048,6096,24,29
2024,2024midtr,Week 3,7196,4758,4838,7224,7856,3096,20,35
2024,2024midtr,Week 3,9618,4680,7174,3632,8352,9255,57,25
2024,2024midtr,Week 3,4851,5901,7865,7145,7769,6029,31,75
2024,2024midtr,Week 3,3619,5467,123,1701,5478,2620,36,93
2024,2024midtr,Week 3,3096,3539,2048,5065,815,6099,42,42
2024,2024midtr,Week 3,4768,7856,3632,2673,5756,6096,49,38
2024,2024midtr,Week 3,2591,7769,7196,9618,9255,9751,60,22
2024,2024midtr,Week 3,4758,8352,4680,4838,5197,4390,23,6
2024,2024midtr,Week 3,7145,9651,4851,7224,8280,7174,26,54
2024,2024midtr,Week 3,815,5532,3539,5756,4768,5901,48,18
2024,2024midtr,Week 3,6099,2673,7769,7865,3619,7196,66,34
2024,2024midtr,Week 3,4390,6096,5065,4758,1701,2591,10,55
2024,2024midtr,Week 3,2048,4851,9618,2620,7224,7145,35,41
2024,2024midtr,Week 3,5197,6029,9255,5532,7856,123,22,65
2024,2024midtr,Week 3,3096,4838,5478,7174,9651,8352,37,60
2024,2024midtr,Week 3,4680,9751,3632,5901,5467,8280,28,45
2024,2024milsu,Week 3,2586,9205,5486,4391,6637,6113,47,57
2024,2024milsu,Week 3,5213,9188,141,7782,5314,5501,22,36
2024,2024milsu,Week 3,9548,7250,7713,4392,7202,1596,29,45
2024,2024milsu,Week 3,6345,4988,5577,6088,9755,857,31,51
2024,2024milsu,Week 3,5706,3602,6569,7154,6077,4375,43,40
2024,2024milsu,Week 3,5547,6558,7794,4967,6098,9249,28,51
2024,2024milsu,Week 3,5878,9674,9722,6079,4398,5702,40,23
2024,2024milsu,Week 3,1596,7713,4391,5213,5501,9548,68,41
2024,2024milsu,Week 3,5486,5577,9188,6637,4392,7250,25,27
2024,2024milsu,Week 3,6088,4375,9205,5314,6569,6345,40,56
2024,2024milsu,Week 3,6113,6558,5706,141,9755,6077,10,48
2024,2024milsu,Week 3,4398,9249,5878,6098,7154,4988,42,27
2024,2024milsu,Week 3,3602,5547,5702,857,6079,7794,53,43
2024,2024milsu,Week 3,9722,4967,2586,7202,9674,7782,80,51
2024,2024milsu,Week 3,4375,6637,5213,1596,6088,7250,49,40
2024,2024milsu,Week 3,5314,7713,4392,6558,4391,141,11,75
2024,2024milsu,Week 3,5501,5577,7154,6113,5878,5486,50,38
2024,2024milsu,Week 3,5702,9755,9205,6079,9548,6098,5,58
2024,2024milsu,Week 3,857,6345,4967,9188,6569,6077,83,71
2024,2024milsu,Week 3,9674,9249,4988,5706,9722,7782,29,46
2024,2024milsu,Week 3,4398,3602,7794,5547,7202,2586,28,61
2024,2024milsu,Week 3,5577,4391,7250,5878,1596,141,70,59
2024,2024milsu,Week 3,6113,5314,7154,6079,7713,6558,35,15
2024,2024milsu,Week 3,4392,6345,9205,5702,4967,5213,49,50
2024,2024milsu,Week 3,9249,5706,5501,9674,6088,9548,24,44
2024,2024milsu,Week 3,4375,2586,6098,3602,4988,9188,54,54
2024,2024milsu,Week 3,7782,857,6077,5486,5547,4398,67,49
2024,2024milsu,Week 3,7202,7794,9755,9722,6569,6637,39,51
2024,2024milsu,Week 3,5213,6079,6345,5577,6113,4967,26,55
2024,2024milsu,Week 3,7250,9674,9205,7154,5706,4392,31,39
2024,2024milsu,Week 3,1596,3602,5501,2586,6558,9249,75,39
2024,2024milsu,Week 3,7713,6077,4398,5314,9188,5702,47,40
2024,2024milsu,Week 3,6088,7794,4391,9755,7782,6098,56,27
2024,2024milsu,Week 3,857,5878,4375,141,9722,7202,46,38
2024,2024milsu,Week 3,5486,9548,6637,6569,4988,5547,51,55
2024,2024milsu,Week 3,7250,7154,3602,6345,6113,9674,47,11
2024,2024milsu,Week 3,6077,4392,6079,9205,4398,5577,47,39
2024,2024milsu,Week 3,9188,6088,6098,9755,1596,5213,27,61
2024,2024milsu,Week 3,5702,857,9722,2586,5501,4391,39,100
2024,2024milsu,Week 3,7202,5486,6569,9249,141,5547,73,38
2024,2024milsu,Week 3,4967,6637,7782,7713,5706,5878,76,18
2024,2024milsu,Week 3,9548,6558,5314,7794,4375,4988,48,44
2024,2024milsu,Week 3,5577,3602,9755,9188,4398,1596,56,62
2024,2024milsu,Week 3,6098,4391,6345,9205,5501,9722,60,34
2024,2024milsu,Week 3,7154,7202,6079,4392,857,2586,66,97
2024,2024milsu,Week 3,6088,5547,5706,7713,5486,5702,39,31
2024,2024milsu,Week 3,4988,5314,6637,9674,141,4967,36,68
2024,2024milsu,Week 3,6077,9249,9548,5878,7794,5213,51,23
2024,2024milsu,Week 3,7782,7250,6113,6558,6569,4375,43,44
2024,2024milsu,Week 3,9755,2586,4398,6098,5501,857,46,62
2024,2024milsu,Week 3,1596,5486,5706,6345,9188,7202,70,33
2024,2024milsu,Week 3,5547,4392,9722,5314,5577,6088,35,56
2024,2024milsu,Week 3,9674,7154,6637,4391,5213,6077,36,71
2024,2024milsu,Week 3,7794,5702,7782,9548,4988,6113,36,36
2024,2024milsu,Week 3,7250,4375,9249,7713,9205,4967,18,55
2024,2024milsu,Week 3,6569,141,6079,3602,5878,6558,58,53
2024,2024milsu,Week 3,4398,7202,5314,5501,6088,5486,75,36
2024,2024milsu,Week 3,4391,857,5547,5706,6098,9674,92,41
2024,2024milsu,Week 3,4988,6077,1596,6113,4392,7794,32,42
2024,2024milsu,Week 3,9188,9722,9755,9249,7154,7713,31,31
2024,2024milsu,Week 3,7250,4967,6569,5213,2586,3602,68,48
2024,2024milsu,Week 3,5702,9548,5878,6637,6345,6558,34,33
2024,2024milsu,Week 3,7782,9205,141,6079,4375,5577,60,73
2024,2024milsu,Week 3,6098,6113,1596,5706,5314,857,62,51
2024,2024milsu,Week 3,9722,7713,6088,7794,5486,9674,30,44
2024,2024milsu,Week 3,6569,9249,4391,4398,7250,4988,70,37
2024,2024milsu,Week 3,6558,5213,7154,6637,5702,7202,58,33
2024,2024milsu,Week 3,141,2586,5577,9548,9205,9188,84,24
2024,2024milsu,Week 3,5501,6077,6345,3602,7782,6079,46,78
2024,2024milsu,Week 3,4967,5878,4392,9755,5547,4375,79,40
2024,2024milsu,Week 3,7794,6098,6569,5486,7250,5314,30,62
2024,2024milsu,Week 3,857,4398,6558,9249,6637,6088,53,40
2024,2024milsu,Week 3,4988,5706,2586,5577,5213,7713,50,39
2024,2024milsu,Week 3,141,5702,6113,9722,6345,3602,30,60
2024,2024milsu,Week 3,6077,4967,7202,4391,9548,9755,62,65
2024,2024milsu,Week 3,5878,7782,5547,9205,1596,7154,28,42
2024,2024milsu,Week 3,5501,6079,9674,4375,9188,4392,52,48
2024,2024milsu,Week 3,6637,6098,7713,6569,5577,857,41,77
2024,2024milsu,Week 3,2586,7794,5314,6345,141,5706,32,29
2024,2024milsu,Week 3,7202,5213,6088,6077,6113,3602,46,58
2024,2024milsu,Week 3,4967,1596,9548,7154,9722,4398,47,53
2024,2024milsu,Week 3,4375,7782,5486,4392,5702,9249,59,9
2024,2024milsu,Week 3,6558,9674,9188,9205,4391,5878,38,59
2024,2024milsu,Week 3,4988,9755,5501,5547,6079,7250,37,40
2024,2024mimus,Week 3,6094,503,4453,9754,4004,7602,15,35
2024,2024mimus,Week 3,910,6100,4337,8612,4381,9106,30,47
2024,2024mimus,Week 3,1025,6428,8285,2771,9594,5167,51,56
2024,2024mimus,Week 3,6090,3458,7501,9248,6005,2405,55,22
2024,2024mimus,Week 3,9756,85,5152,9648,9223,9742,83,23
2024,2024mimus,Week 3,7810,9225,3572,5470,3538,7911,48,38
2024,2024mimus,Week 3,5162,4004,7256,6877,6128,9594,46,17
2024,2024mimus,Week 3,5167,3458,4381,7602,9106,503,54,34
2024,2024mimus,Week 3,5152,9742,6428,8285,2405,6100,45,41
2024,2024mimus,Week 3,7501,2771,9756,5470,8612,6094,68,33
2024,2024mimus,Week 3,7911,6005,910,4337,9754,9648,52,27
2024,2024mimus,Week 3,4453,3572,3538,6128,85,1025,73,69
2024,2024mimus,Week 3,9225,9223,6090,6877,7810,5162,54,13
2024,2024mimus,Week 3,7501,9248,503,7256,6428,8612,41,38
2024,2024mimus,Week 3,9754,5167,5470,3458,9756,6100,55,21
2024,2024mimus,Week 3,1025,910,9648,7602,9742,2405,64,39
2024,2024mimus,Week 3,6128,6094,4337,9223,3572,8285,20,47
2024,2024mimus,Week 3,2771,7256,9248,5162,6090,85,45,73
2024,2024mimus,Week 3,4004,4453,9106,9225,6877,7911,48,14
2024,2024mimus,Week 3,5152,3538,9594,7810,4381,6005,66,30
2024,2024mimus,Week 3,6428,7602,910,6128,9756,3572,25,49
2024,2024mimus,Week 3,7501,9754,5162,9223,9248,4337,41,7
2024,2024mimus,Week 3,6094,2771,9225,3458,85,9648,41,56
2024,2024mimus,Week 3,4381,6100,9594,2405,7911,4453,42,37
2024,2024mimus,Week 3,9742,3538,5167,4004,7810,6090,68,49
2024,2024mimus,Week 3,7256,6877,9106,8285,6005,8612,13,33
2024,2024mimus,Week 3,503,5470,6428,1025,5152,6094,28,85
2024,2024mimus,Week 3,7501,9225,4337,9756,4453,9594,45,29
2024,2024mimus,Week 3,9754,9248,9742,9223,2771,4381,12,61
2024,2024mimus,Week 3,7911,7602,3572,5167,6090,7256,64,69
2024,2024mimus,Week 3,9648,7810,2405,1025,6877,503,44,58
2024,2024mimus,Week 3,6128,4004,8612,9106,85,910,51,67
2024,2024mimus,Week 3,5152,5470,3458,3538,8285,5162,35,31
2024,2024mimus,Week 3,6005,9594,9223,6100,9225,7602,26,41
2024,2024mimus,Week 3,4337,6877,9756,4381,1025,9248,8,68
2024,2024mimus,Week 3,7810,7911,9742,8612,4453,2771,3,60
2024,2024mimus,Week 3,503,5162,6128,3572,3458,9754,20,47
2024,2024mimus,Week 3,6100,5470,85,6428,6090,9106,42,59
2024,2024mimus,Week 3,4004,8285,9648,3538,2405,7501,54,76
2024,2024mimus,Week 3,6094,5167,6005,910,7256,5152,45,68
2024,2024mimus,Week 3,9223,8612,6877,7911,503,3458,35,30
2024,2024mimus,Week 3,9756,7810,7602,9106,5162,6100,14,20
2024,2024mimus,Week 3,8285,4381,4453,2771,4004,5470,59,47
2024,2024mimus,Week 3,9594,9754,85,9742,7501,7256,72,34
2024,2024mimus,Week 3,9648,6005,6428,3572,910,5167,48,64
2024,2024mimus,Week 3,3538,1025,9225,6090,9248,6094,76,39
2024,2024mimus,Week 3,2405,4337,4004,7602,6128,5152,47,68
2024,2024mimus,Week 3,7256,9756,5470,3458,9742,6877,23,10
2024,2024mimus,Week 3,4453,5167,9223,3572,6428,4381,27,70
2024,2024mimus,Week 3,9648,9106,2771,9248,9594,7810,49,15
2024,2024mimus,Week 3,2405,8612,1025,8285,6094,9754,88,26
2024,2024mimus,Week 3,9225,6128,910,5152,7501,7911,66,64
2024,2024mimus,Week 3,6090,6100,503,6005,4337,3538,27,56
2024,2024mimus,Week 3,7602,9648,5162,85,6428,4453,53,62
2024,2024mimus,Week 3,2405,9223,9754,7810,9106,6094,15,19
2024,2024mimus,Week 3,3572,5152,4004,8612,9225,9248,82,48
2024,2024mimus,Week 3,6877,910,7501,6100,2771,3538,64,56
2024,2024mimus,Week 3,7256,8285,6128,5470,4381,6090,36,76
2024,2024mimus,Week 3,6005,503,85,7911,5167,9756,74,46
2024,2024mimus,Week 3,9594,9742,1025,5162,4337,3458,60,21
2024,2024mimus,Week 3,6877,3572,2771,6100,5152,9754,70,48
2024,2024mimus,Week 3,9106,9223,3538,9225,4453,7256,61,28
2024,2024mimus,Week 3,85,7602,9248,910,503,8285,46,56
2024,2024mimus,Week 3,3458,1025,7810,4381,7501,4004,50,126
2024,2024mimus,Week 3,9742,5162,6005,5167,2405,6128,32,65
2024,2024mimus,Week 3,9756,6094,6428,9594,7911,6090,22,53
2024,2024mimus,Week 3,4337,7602,8612,5470,9648,9225,36,20
2024,2024mimus,Week 3,4381,9754,6877,85,7501,8285,42,69
2024,2024mimus,Week 3,503,5152,2771,9106,6128,6005,67,37
2024,2024mimus,Week 3,6090,2405,3572,4004,9756,9223,80,46
2024,2024mimus,Week 3,5162,1025,7911,9248,910,5470,53,49
2024,2024mimus,Week 3,3538,8612,7810,6428,4337,5167,71,20
2024,2024mimus,Week 3,6094,7256,3458,4453,9648,6100,16,59
2024,2024mimus,Week 3,9594,9106,7501,503,3572,9742,50,69
2024,2024mimus,Week 3,85,7911,9223,6005,5470,1025,39,57
2024,2024mimus,Week 3,2771,8285,7602,9754,3538,9756,39,54
2024,2024mimus,Week 3,910,3458,2405,4337,7256,7810,72,12
2024,2024mimus,Week 3,4453,6090,6128,8612,9648,5152,44,77
2024,2024mimus,Week 3,9248,6100,6877,6428,9594,4004,35,49
2024,2024mimus,Week 3,9742,6094,4381,5167,5162,9225,54,40
2024,2024mitvc,Week 3,5183,9771,5535,6097,5504,7855,64,14
2024,2024mitvc,Week 3,9568,6963,3603,1711,6087,7160,30,64
2024,2024mitvc,Week 3,904,3770,107,3688,6122,7155,37,53
2024,2024mitvc,Week 3,9773,5560,9541,8041,3537,8611,14,34
2024,2024mitvc,Week 3,2834,2246,9673,5534,3767,5247,36,64
2024,2024mitvc,Week 3,6091,9665,8286,8873,4779,9176,23,80
2024,2024mitvc,Week 3,4983,7790,6963,7855,5110,7808,46,35
2024,2024mitvc,Week 3,8041,6122,5504,9541,9568,9771,52,17
2024,2024mitvc,Week 3,3537,3770,6097,9673,107,3603,34,54
2024,2024mitvc,Week 3,4779,5534,7160,904,5183,1711,68,26
2024,2024mitvc,Week 3,5535,8873,5560,5247,5110,7790,50,55
2024,2024mitvc,Week 3,3688,8286,6087,3767,7155,2834,49,43
2024,2024mitvc,Week 3,8611,9176,9665,9773,2246,7808,21,19
2024,2024mitvc,Week 3,6091,3537,107,9771,7160,4983,40,56
2024,2024mitvc,Week 3,6963,5560,6097,5504,1711,7790,19,56
2024,2024mitvc,Week 3,9541,3767,5535,4779,9568,8286,32,47
2024,2024mitvc,Week 3,5110,3603,6122,9773,9673,5247,65,35
2024,2024mitvc,Week 3,3688,2834,9176,904,4983,9665,65,35
2024,2024mitvc,Week 3,5534,7855,2246,6087,3770,7155,40,37
2024,2024mitvc,Week 3,7808,8041,6091,8873,8611,5183,27,42
2024,2024mitvc,Week 3,107,9771,9773,1711,5535,5247,71,65
2024,2024mitvc,Week 3,3537,3603,4983,904,5110,4779,70,41
2024,2024mitvc,Week 3,8286,3767,7790,5504,3688,2246,50,41
2024,2024mitvc,Week 3,6097,6091,6087,7808,9665,5534,43,40
2024,2024mitvc,Week 3,3770,7855,8873,2834,6122,9568,51,35
2024,2024mitvc,Week 3,6963,9673,5183,7155,8611,9541,32,21
2024,2024mitvc,Week 3,5110,9176,5560,7160,8041,904,21,21
2024,2024mitvc,Week 3,9771,7808,3688,3537,4779,9773,69,67
2024,2024mitvc,Week 3,8286,8873,5504,6087,107,4983,45,52
2024,2024mitvc,Week 3,5183,9665,9541,9673,1711,3770,12,41
2024,2024mitvc,Week 3,2246,5535,8611,7160,2834,6963,22,57
2024,2024mitvc,Week 3,9176,8041,7790,6097,3603,7155,63,45
2024,2024mitvc,Week 3,6122,3767,7855,5560,5534,6091,48,31
2024,2024mitvc,Week 3,5247,3770,5183,6087,3537,9568,37,34
2024,2024mitvc,Week 3,5110,4983,1711,8611,7808,2834,68,43
2024,2024mitvc,Week 3,7160,9773,8873,7790,7155,9771,51,44
2024,2024mitvc,Week 3,4779,2246,6122,5504,9176,3603,58,61
2024,2024mitvc,Week 3,9568,5247,9665,107,5560,3767,12,54
2024,2024mitvc,Week 3,9673,3688,8041,6963,6091,5535,68,29
2024,2024mitvc,Week 3,7855,9541,8286,5534,6097,904,30,41
2024,2024mitvc,Week 3,4983,7808,6122,2246,5183,3537,47,9
2024,2024mitvc,Week 3,1711,9568,9176,3603,9773,2834,58,61
2024,2024mitvc,Week 3,9673,7155,4779,5504,9665,5560,68,12
2024,2024mitvc,Week 3,6091,5247,904,5534,3688,6963,24,63
2024,2024mitvc,Week 3,3770,8611,5110,8286,9771,6097,32,49
2024,2024mitvc,Week 3,5535,7855,7160,8873,9541,8041,46,43
2024,2024mitvc,Week 3,3767,6087,9673,107,7790,4779,47,86
2024,2024mitvc,Week 3,9665,6963,9773,4983,5183,5504,21,45
2024,2024mitvc,Week 3,9568,3688,904,2246,9771,5110,55,37
2024,2024mitvc,Week 3,1711,8873,5534,5535,9176,3537,70,51
2024,2024mitvc,Week 3,3603,5247,6087,7790,9541,6091,48,24
2024,2024mitvc,Week 3,5560,8611,7160,6122,8286,3770,35,58
2024,2024mitvc,Week 3,107,6097,7808,7855,2834,8041,47,45
2024,2024mitvc,Week 3,3767,9773,5504,7155,904,8873,66,48
2024,2024mitvc,Week 3,6087,5534,9771,9541,4983,3688,40,36
2024,2024mitvc,Week 3,5110,5535,9568,8611,6091,6122,51,18
2024,2024mitvc,Week 3,2834,7790,3770,8041,6963,4779,58,72
2024,2024mitvc,Week 3,5247,2246,107,7855,5183,9176,42,37
2024,2024mitvc,Week 3,3603,7808,1711,5560,8286,9673,52,53
2024,2024mitvc,Week 3,7155,7160,3537,9665,6097,3767,36,42
2024,2024mitvc,Week 3,8611,7790,9568,5535,5534,4983,40,60
2024,2024mitvc,Week 3,3770,4779,9541,2834,107,5110,64,63
2024,2024mitvc,Week 3,5560,1711,7855,9773,6091,3688,51,50
2024,2024mitvc,Week 3,3537,5504,5247,8286,7160,7808,15,52
2024,2024mitvc,Week 3,5183,3603,3767,9176,6963,9771,87,24
2024,2024mitvc,Week 3,2246,904,6087,8873,9673,6097,30,71
2024,2024mitvc,Week 3,8041,7155,5560,9665,6122,5535,31,46
2024,2024mitvc,Week 3,4983,2834,8286,6091,7160,3770,37,37
2024,2024mitvc,Week 3,3603,4779,8611,3688,7855,107,70,59
2024,2024mitvc,Week 3,9771,5504,9673,9176,9541,5534,49,61
2024,2024mitvc,Week 3,6122,904,3537,7790,6087,9665,22,71
2024,2024mitvc,Week 3,5183,5110,8041,3767,1711,2246,38,74
2024,2024mitvc,Week 3,7808,8873,6963,6097,9568,9773,66,22
2024,2024mitvc,Week 3,7155,5504,6091,5247,4983,8611,39,45
2024,2024mitvc,Week 3,9771,3537,2834,9665,9673,7855,43,29
2024,2024mitvc,Week 3,7160,107,5183,7790,5560,3688,48,40
2024,2024mitvc,Week 3,7808,904,3767,3770,5535,3603,45,66
2024,2024mitvc,Week 3,4779,6097,1711,6122,5247,8873,77,49
2024,2024mitvc,Week 3,9568,8041,5534,6963,8286,2246,48,40
2024,2024mitvc,Week 3,9176,9773,7155,9541,6087,5110,44,40
2024,2024rikin,Week 3,1740,4909,95,6620,663,6690,77,24
2024,2024rikin,Week 3,6333,190,1071,3719,126,3464,37,59
2024,2024rikin,Week 3,7153,181,2262,175,1768,1735,22,54
2024,2024rikin,Week 3,4925,1058,97,8544,157,4905,41,27
2024,2024rikin,Week 3,4908,1740,1350,8085,190,5112,35,71
2024,2024rikin,Week 3,1735,7153,4909,6620,3719,175,60,37
2024,2024rikin,Week 3,4925,157,1768,1071,126,6333,42,44
2024,2024rikin,Week 3,4905,1350,2262,95,181,4908,30,47
2024,2024rikin,Week 3,5112,6690,1058,8085,663,3464,44,51
2024,2024rikin,Week 3,97,7153,6620,8544,4925,4909,9,48
2024,2024rikin,Week 3,4905,1071,1740,126,6333,4908,72,40
2024,2024rikin,Week 3,1058,8085,175,1350,6690,157,72,16
2024,2024rikin,Week 3,5112,3719,663,3464,97,1735,34,48
2024,2024rikin,Week 3,2262,8544,95,190,1768,181,33,58
2024,2024rikin,Week 3,175,1740,7153,126,1058,4905,52,84
2024,2024rikin,Week 3,663,1735,1350,97,6333,3719,43,15
2024,2024rikin,Week 3,2262,6620,5112,190,4908,6690,22,30
2024,2024rikin,Week 3,3464,8544,1768,8085,157,4909,66,84
2024,2024rikin,Week 3,1071,4925,3719,181,95,1350,4,35
2024,2024rikin,Week 3,1058,6333,7153,1740,663,2262,31,69
2024,2024rikin,Week 3,8085,97,126,8544,6620,190,53,20
2024,2024rikin,Week 3,4908,175,3464,6690,1071,1735,64,26
2024,2024rikin,Week 3,4909,1768,95,4905,5112,4925,78,37
2024,2024rikin,Week 3,181,8085,6620,157,2262,126,52,67
2024,2024rikin,Week 3,7153,8544,3719,6690,1740,6333,24,47
2024,2024rikin,Week 3,95,3464,1058,663,1768,97,59,36
2024,2024rikin,Week 3,1735,157,190,4908,5112,1071,49,35
2024,2024rikin,Week 3,4909,4905,181,1350,175,4925,91,29
2024,2024rikin,Week 3,3719,2262,6690,1768,6620,1740,33,69
2024,2024rikin,Week 3,6333,3464,157,7153,95,5112,34,60
2024,2024rikin,Week 3,4908,97,8544,181,175,1071,8,54
2024,2024rikin,Week 3,190,4909,663,1735,8085,4905,88,49
2024,2024rikin,Week 3,4925,126,6620,1058,1350,3719,17,54
2024,2024rikin,Week 3,175,6690,157,1768,2262,4908,50,56
2024,2024rikin,Week 3,1740,181,97,6333,5112,4909,41,63
2024,2024rikin,Week 3,1735,1058,8544,95,190,4905,43,56
2024,2024rikin,Week 3,1350,8085,1071,663,4925,7153,71,32
2024,2024rikin,Week 3,126,4908,1740,3464,5112,97,41,30
2024,2024rikin,Week 3,6333,1735,95,157,1058,6620,45,71
2024,2024rikin,Week 3,3719,663,175,8544,181,4925,62,15
2024,2024rikin,Week 3,1768,4905,6690,1071,7153,8085,52,43
2024,2024rikin,Week 3,190,1350,126,4909,3464,2262,39,71
2024,2024rikin,Week 3,663,6333,181,6620,4908,1058,37,57
2024,2024rikin,Week 3,157,1071,1768,5112,1740,8544,69,54
2024,2024rikin,Week 3,6690,95,8085,4925,126,1735,57,40
2024,2024rikin,Week 3,2262,3464,190,97,4905,175,62,64
2024,2024rikin,Week 3,3719,4909,4908,7153,1350,1768,33,20
2024,2024rikin,Week 3,126,6690,8544,95,1071,663,39,63
2024,2024rikin,Week 3,1740,4925,8085,2262,175,3464,48,39
2024,2024rikin,Week 3,4905,6620,6333,4909,97,1350,32,63
2024,2024rikin,Week 3,5112,1735,181,1058,7153,190,34,52
2024,2024rikin,Week 3,157,4908,663,1768,3719,8085,34,70
2024,2024rikin,Week 3,175,95,126,1350,8544,6333,73,19
2024,2024rikin,Week 3,6690,4909,5112,1071,2262,1058,31,71
2024,2024rikin,Week 3,3464,4905,7153,181,3719,157,76,36
2024,2024rikin,Week 3,97,190,4925,6620,1735,1740,45,25
2024,2024txfor,Week 3,7540,4153,6672,7271,9407,9081,39,2
2024,2024txfor,Week 3,9492,9105,7503,7321,3310,2687,33,70
2024,2024txfor,Week 3,3005,8512,9156,4251,7492,5908,61,11
2024,2024txfor,Week 3,9088,9080,2582,8088,2689,7534,43,51
2024,2024txfor,Week 3,9752,5411,4206,4295,418,2468,61,38
2024,2024txfor,Week 3,7506,9407,8512,9081,3310,9156,11,56
2024,2024txfor,Week 3,6672,7271,4251,2689,7503,5908,24,64
2024,2024txfor,Week 3,5411,9105,9080,7534,3005,4206,42,61
2024,2024txfor,Week 3,9088,8088,4295,7492,9752,2687,52,88
2024,2024txfor,Week 3,2468,4153,7506,7321,7540,418,78,17
2024,2024txfor,Week 3,9081,2582,3005,7271,9080,9492,75,7
2024,2024txfor,Week 3,3310,5908,9752,2687,4206,6672,72,65
2024,2024txfor,Week 3,8512,418,8088,9105,9156,4295,58,25
2024,2024txfor,Week 3,7492,2468,2689,4153,7321,9407,114,3
2024,2024txfor,Week 3,2582,4251,7534,7540,5411,7503,32,73
2024,2024txfor,Week 3,2687,9492,9088,7506,9080,3310,49,45
2024,2024txfor,Week 3,9407,6672,7492,418,2689,3005,7,76
2024,2024txfor,Week 3,9156,9752,7540,4153,4295,5411,43,37
2024,2024txfor,Week 3,8088,4206,7506,7503,4251,8512,63,19
2024,2024txfor,Week 3,9088,7271,7534,5908,2468,9105,25,78
2024,2024txfor,Week 3,9081,9492,4295,6672,2582,7321,31,55
2024,2024txfor,Week 3,4251,9156,7540,9080,8512,7492,9,28
2024,2024txfor,Week 3,5411,5908,418,3005,8088,3310,44,111
2024,2024txfor,Week 3,7321,7503,4206,2687,7534,4153,42,35
2024,2024txfor,Week 3,9407,2468,9088,2582,7506,9492,81,24
2024,2024txfor,Week 3,9105,2689,7271,9081,9752,4251,32,38
2024,2024txfor,Week 3,4295,7540,3310,418,7503,9080,58,29
2024,2024txfor,Week 3,9492,7321,3005,9156,7534,9407,53,18
2024,2024txfor,Week 3,5908,2687,7271,2582,2468,5411,48,60
2024,2024txfor,Week 3,7492,9081,8512,9105,8088,9752,34,74
2024,2024txfor,Week 3,2689,4206,4153,6672,7506,9088,35,64
2024,2024txfor,Week 3,9080,9156,7321,7271,3005,2468,18,116
2024,2024txfor,Week 3,7492,2687,9105,4251,9081,5411,65,22
2024,2024txfor,Week 3,8088,4153,2582,4206,8512,7540,53,48
2024,2024txfor,Week 3,7534,3310,418,9752,2689,6672,32,76
2024,2024txfor,Week 3,4295,7503,7506,9492,9088,9407,45,43
2024,2024txfor,Week 3,5908,9081,7321,9080,7540,8088,10,65
2024,2024txfor,Week 3,2468,7534,9752,418,9156,2582,87,43
2024,2024txfor,Week 3,2689,9407,2687,4206,7492,4295,56,3
2024,2024txfor,Week 3,7503,3310,4153,8512,5411,7271,58,21
2024,2024txfor,Week 3,9492,5908,6672,4251,9105,7506,39,27
2024,2024txfor,Week 3,3005,4295,2687,9088,9081,7540,47,34
2024,2024txfor,Week 3,7503,7492,8088,4153,7271,9752,35,66
2024,2024txfor,Week 3,2468,4206,9156,6672,9492,5411,52,86
2024,2024txfor,Week 3,2689,7321,4251,3310,2582,9105,16,89
2024,2024txfor,Week 3,9407,418,9080,8512,9088,5908,40,19
2024,2024txfor,Week 3,7506,7534,9081,4153,3005,7492,22,79
2024,2024txfor,Week 3,7540,7271,8088,3310,9492,2468,49,76
2024,2024txfor,Week 3,9080,4251,2689,4206,418,9088,29,50
2024,2024txfor,Week 3,3005,9407,7503,2687,5411,9156,64,46
2024,2024txfor,Week 3,7534,6672,9105,9752,7506,7321,56,49
2024,2024txfor,Week 3,4206,5908,2582,8512,4295,2689,47,24
2024,2024txfor,Week 3,5411,9088,3310,9156,7492,7271,51,25
2024,2024txfor,Week 3,9752,9080,9492,418,4251,4153,61,58
2024,2024txfor,Week 3,7321,8512,7534,7506,2687,5908,13,57
2024,2024txfor,Week 3,7540,9105,3005,7503,6672,2468,67,94
2024,2024txfor,Week 3,4295,2582,9081,9407,8088,4206,38,52
2024,2024txfor,Week 3,5411,7321,7492,3310,9088,4251,8,62
2024,2024txfor,Week 3,9156,4153,9492,7534,7540,2689,55,31
2024,2024txfor,Week 3,2468,2687,8512,8088,6672,9081,94,67
2024,2024txfor,Week 3,7271,7506,418,9105,4295,9407,33,22
2024,2024txfor,Week 3,2582,9752,7503,5908,3005,9080,73,58
2024,2024txsan,Week 3,9444,3679,5103,8114,9054,8610,37,17
2024,2024txsan,Week 3,9181,8750,9577,7138,457,3035,12,18
2024,2024txsan,Week 3,7621,4328,7088,7616,9524,324,9,38
2024,2024txsan,Week 3,8573,9658,9051,6155,9311,5829,25,20
2024,2024txsan,Week 3,9136,2969,6377,4063,1477,5572,42,80
2024,2024txsan,Week 3,2657,8819,3561,8576,2881,4219,39,57
2024,2024txsan,Week 3,6800,5427,9664,624,5726,9577,44,50
2024,2024txsan,Week 3,9311,9054,3035,324,7621,7138,35,26
2024,2024txsan,Week 3,8114,457,9524,7616,9181,6377,30,56
2024,2024txsan,Week 3,9444,8576,2969,6155,8610,1477,19,54
2024,2024txsan,Week 3,8750,9136,2881,3679,8573,5726,29,54
2024,2024txsan,Week 3,3561,4219,4063,7088,624,5427,63,46
2024,2024txsan,Week 3,4328,8819,5829,9658,9664,5572,28,42
2024,2024txsan,Week 3,1477,2657,6800,5103,7138,9051,82,19
2024,2024txsan,Week 3,9524,5726,9054,8576,9577,7616,25,47
2024,2024txsan,Week 3,9444,624,8750,9136,8114,9311,53,33
2024,2024txsan,Week 3,2881,2969,3035,457,4328,9664,46,7
2024,2024txsan,Week 3,4219,5572,3679,6800,9181,3561,59,58
2024,2024txsan,Week 3,324,9051,5829,6377,7088,2657,48,39
2024,2024txsan,Week 3,8573,7621,5103,9658,4063,5427,24,38
2024,2024txsan,Week 3,8610,9444,5726,8819,6155,457,21,53
2024,2024txsan,Week 3,8750,4219,6800,3561,4328,7616,54,35
2024,2024txsan,Week 3,6377,8576,9311,3035,5829,5572,42,65
2024,2024txsan,Week 3,8114,9658,7621,2881,4063,9051,11,67
2024,2024txsan,Week 3,5427,1477,9136,8573,9664,9054,76,31
2024,2024txsan,Week 3,324,5103,624,2657,2969,9181,63,29
2024,2024txsan,Week 3,3679,7088,8610,9577,9524,8819,36,25
2024,2024txsan,Week 3,4219,7138,9658,3035,6155,4063,16,54
2024,2024txsan,Week 3,457,7621,5726,8573,9311,6800,27,79
2024,2024txsan,Week 3,1477,9181,324,5427,9444,2881,69,35
2024,2024txsan,Week 3,9577,2657,9136,8819,7616,8750,26,21
2024,2024txsan,Week 3,9054,5103,4328,7088,5829,9524,37,25
2024,2024txsan,Week 3,6377,7138,5572,624,3679,8576,42,69
2024,2024txsan,Week 3,2969,9664,6155,3561,9051,8114,20,47
2024,2024txsan,Week 3,4063,8610,8819,324,8750,9311,52,32
2024,2024txsan,Week 3,9658,9577,1477,5829,9181,4219,54,17
2024,2024txsan,Week 3,7138,7616,9444,624,8573,4328,21,55
2024,2024txsan,Week 3,457,6800,7088,9136,9524,8576,45,42
2024,2024txsan,Week 3,7621,6377,8610,9664,2881,2657,34,29
2024,2024txsan,Week 3,3679,3561,5427,9051,2969,9054,42,14
2024,2024txsan,Week 3,3035,8114,5103,5572,5726,6155,38,49
2024,2024txsan,Week 3,8576,457,9181,9136,4219,4328,33,32
2024,2024txsan,Week 3,7088,324,9658,8750,1477,8573,35,66
2024,2024txsan,Week 3,7616,9054,3679,8819,9664,6377,56,38
2024,2024txsan,Week 3,6155,6800,8114,7621,5427,9311,54,31
2024,2024txsan,Week 3,5829,8610,5103,7138,3561,5726,42,48
2024,2024txsan,Week 3,2969,4063,9524,9051,9577,9444,46,9
2024,2024txsan,Week 3,2881,5572,624,3035,2657,7616,62,36
2024,2024txsan,Week 3,9658,8576,6155,3679,324,9136,28,74
2024,2024txsan,Week 3,5427,8573,8819,4328,8114,7138,50,39
2024,2024txsan,Week 3,7621,8750,9664,5103,6377,4219,2,56
2024,2024txsan,Week 3,9051,624,457,9054,5829,2881,62,59
2024,2024txsan,Week 3,5726,3035,9181,1477,7088,2969,25,55
2024,2024txsan,Week 3,9311,5572,3561,9524,9444,2657,46,25
2024,2024txsan,Week 3,9577,4063,8573,6800,8610,8576,32,70
2024,2024txsan,Week 3,4219,324,6155,5829,3679,8750,52,44
2024,2024txsan,Week 3,9181,9136,624,9051,7621,8819,68,15
2024,2024txsan,Week 3,2657,5427,8114,7088,3035,9444,53,30
2024,2024txsan,Week 3,5726,5103,9664,457,9054,4063,36,58
2024,2024txsan,Week 3,9524,2881,9658,2969,6800,7138,59,46
2024,2024txsan,Week 3,4328,9311,9577,6377,1477,3561,18,112
2024,2024txsan,Week 3,5572,7616,9051,8610,8573,324,53,30
2024,2024txsan,Week 3,9054,6155,2657,4063,7088,9181,35,59
2024,2024txsan,Week 3,9664,5829,7138,9444,9136,6800,19,74
2024,2024txsan,Week 3,2881,8819,3679,9524,3035,7621,66,23
2024,2024txsan,Week 3,4328,5726,6377,8610,9658,624,42,46
2024,2024txsan,Week 3,8114,8576,1477,8750,3561,457,65,34
2024,2024txsan,Week 3,9311,4219,7616,5427,5103,2969,33,35
2024,2024txsan,Week 3,9577,7138,7088,5572,9136,7621,14,77
2024,2024txsan,Week 3,4063,6377,9444,2657,4328,9658,61,13
2024,2024txsan,Week 3,9181,9051,3679,5726,8750,8576,44,49
2024,2024txsan,Week 3,4219,5427,9054,9311,2881,8610,32,49
2024,2024txsan,Week 3,5829,457,9577,5572,324,8114,12,60
2024,2024txsan,Week 3,7616,624,1477,5103,6155,9524,76,34
2024,2024txsan,Week 3,8819,6800,3035,2969,3561,8573,46,36
2024,2024txsan,Week 3,9664,9311,7088,9181,9444,7621,23,9
2024,2024txsan,Week 3,8576,5572,5427,9054,9658,8750,60,17
2024,2024txsan,Week 3,624,2657,4063,1477,3679,457,52,75
2024,2024txsan,Week 3,8610,7616,2969,6800,6377,5829,37,67
2024,2024txsan,Week 3,7138,9524,8573,9664,8114,4219,47,43
2024,2024txsan,Week 3,3561,3035,324,5726,8819,9136,48,43
2024,2024txsan,Week 3,6155,9051,4328,5103,9577,2881,23,56
2024,2024wayak,Week 3,4061,4513,3712,5468,6076,5920,46,38
2024,2024wayak,Week 3,9613,2147,8532,4692,1318,3574,34,59
2024,2024wayak,Week 3,6831,6443,4980,4131,9680,2926,67,58
2024,2024wayak,Week 3,2811,492,3876,4104,4125,1595,57,45
2024,2024wayak,Week 3,9438,4060,8532,5920,4089,6343,28,45
2024,2024wayak,Week 3,4131,3574,9680,4513,2147,1318,43,84
2024,2024wayak,Week 3,6831,3712,4980,6076,5468,492,86,59
2024,2024wayak,Week 3,4060,1595,4089,2926,6443,4125,49,80
2024,2024wayak,Week 3,4061,2811,4104,9438,4692,9613,63,19
2024,2024wayak,Week 3,2147,3876,4131,6343,3712,6076,30,47
2024,2024wayak,Week 3,8532,9680,4513,6831,5920,2926,48,55
2024,2024wayak,Week 3,1318,1595,4060,4089,4980,5468,79,51
2024,2024wayak,Week 3,3574,6343,4104,4061,9613,4125,44,51
2024,2024wayak,Week 3,3876,6443,4692,2811,492,9438,51,69
2024,2024wayak,Week 3,4060,2926,6076,8532,4131,3712,46,52
2024,2024wayak,Week 3,4980,9613,6343,1318,4513,1595,46,59
2024,2024wayak,Week 3,3876,3574,5468,5920,2811,2147,45,65
2024,2024wayak,Week 3,492,4125,6443,6831,4692,4061,87,31
2024,2024wayak,Week 3,4089,9438,4513,4104,9680,4980,57,28
2024,2024wayak,Week 3,4060,2811,6343,9613,1595,3574,81,43
2024,2024wayak,Week 3,6443,6076,2147,4061,492,4131,57,64
2024,2024wayak,Week 3,9680,4125,5920,4692,4104,4089,40,24
2024,2024wayak,Week 3,2926,1318,9438,3876,8532,6831,61,50
2024,2024wayak,Week 3,2811,3574,3712,5468,6443,4060,63,55
2024,2024wayak,Week 3,1595,6076,4061,4692,6343,4513,38,37
2024,2024wayak,Week 3,2147,4089,4125,4131,6831,9438,82,42
2024,2024wayak,Week 3,5920,9613,492,4980,2926,8532,65,54
2024,2024wayak,Week 3,4104,3876,9680,3712,1318,5468,23,58
2024,2024wayak,Week 3,6076,4089,4692,4513,6831,3574,23,47
2024,2024wayak,Week 3,492,5920,8532,4131,9613,2811,53,71
2024,2024wayak,Week 3,5468,4104,9438,6443,1595,9680,43,63
2024,2024wayak,Week 3,3712,4061,2147,3876,4060,2926,39,39
2024,2024wayak,Week 3,6343,4131,1318,4125,4980,2811,71,65
2024,2024wayak,Week 3,4104,8532,6076,3574,4089,6443,26,79
2024,2024wayak,Week 3,9438,4061,9680,1595,3712,492,16,37
2024,2024wayak,Week 3,2926,4513,9613,4125,3876,6343,70,41
2024,2024wayak,Week 3,4980,1318,5920,4060,2147,6831,78,60
2024,2024wayak,Week 3,8532,4692,1595,9680,5468,2811,37,83
2024,2024wayak,Week 3,4125,4513,4131,4089,4061,3876,39,37
2024,2024wayak,Week 3,1318,6831,9613,3712,9438,6443,36,28
2024,2024wayak,Week 3,4980,4060,4692,5920,3574,6076,29,23
2024,2024wayak,Week 3,6343,5468,2926,492,2147,4104,63,58
2024,2024wayak,Week 3,2811,8532,6443,1318,3876,4061,91,74
2024,2024wayak,Week 3,6076,4125,6831,9613,9680,4060,33,25
2024,2024wayak,Week 3,1595,492,4980,4513,4131,4104,51,54
2024,2024wayak,Week 3,4692,6343,2147,3712,2926,4089,52,59
2024,2024wayak,Week 3,3574,5468,6831,9438,5920,3876,48,45
2024,2024wayak,Week 3,6443,4104,9613,492,4060,4513,53,67
2024,2024wayak,Week 3,4089,2811,1318,8532,6343,4061,90,48
2024,2024wayak,Week 3,1595,5920,4131,9680,4692,3712,51,17
2024,2024wayak,Week 3,5468,9438,4125,2147,4980,3574,46,53
2024,2024wayak,Week 3,4513,6076,2811,2926,4104,4060,31,52
2024,2024wayak,Week 3,9613,3712,3876,9680,6831,4089,34,81
2024,2024wayak,Week 3,6443,4061,5920,2147,4980,1595,38,61
2024,2024wayak,Week 3,3574,2926,492,6076,9438,1318,62,34
2024,2024wayak,Week 3,6343,4131,5468,4125,8532,4692,47,38
2024,2024wimi,Week 3,2202,1714,3692,8847,9760,8701,68,29
2024,2024wimi,Week 3,3381,1732,6381,9425,4531,2077,69,46
2024,2024wimi,Week 3,5586,6823,8744,1675,537,6643,59,31
2024,2024wimi,Week 3,1091,2830,930,2667,7103,8531,40,53
2024,2024wimi,Week 3,6574,1792,9676,4786,4645,2220,48,24
2024,2024wimi,Week 3,93,4787,7900,6421,2062,9535,33,87
2024,2024wimi,Week 3,5148,2506,3630,8029,3891,3197,70,32
2024,2024wimi,Week 3,2194,706,3734,8096,1259,6223,45,67
2024,2024wimi,Week 3,1306,2358,1781,3596,8802,5096,58,28
2024,2024wimi,Week 3,537,1732,5586,2667,2830,1714,55,96
2024,2024wimi,Week 3,4645,1792,8847,4531,8701,6823,37,39
2024,2024wimi,Week 3,9535,8531,6643,2077,9676,93,29,49
2024,2024wimi,Week 3,2220,9425,5148,7103,3692,8744,42,47
2024,2024wimi,Week 3,4787,1259,706,4786,9760,8029,11,35
2024,2024wimi,Week 3,6223,2202,2358,1781,7900,3381,47,42
2024,2024wimi,Week 3,3197,3734,6574,1306,1091,2062,60,39
2024,2024wimi,Week 3,3891,3630,3596,8096,6421,8802,78,48
2024,2024wimi,Week 3,2506,6381,1675,930,2194,5096,49,69
2024,2024wimi,Week 3,5586,8847,8531,7103,1732,1792,29,83
2024,2024wimi,Week 3,9760,4787,2077,2220,2667,8701,25,47
2024,2024wimi,Week 3,9425,1781,1259,4645,7900,537,66,25
2024,2024wimi,Week 3,5148,2202,9676,2358,3197,706,37,38
2024,2024wimi,Week 3,6421,4786,3381,8744,6643,1306,58,53
2024,2024wimi,Week 3,2830,3891,1675,93,1091,2194,51,63
2024,2024wimi,Week 3,2506,8096,3596,3692,6223,6381,46,55
2024,2024wimi,Week 3,8802,6823,8029,4531,2062,3734,48,70
2024,2024wimi,Week 3,1714,5096,6574,9535,3630,930,25,81
2024,2024wimi,Week 3,5586,9760,1781,9676,8701,8531,73,29
2024,2024wimi,Week 3,537,3381,2220,3197,5148,6421,29,57
2024,2024wimi,Week 3,3891,4787,2194,706,4645,9425,55,31
2024,2024wimi,Week 3,2506,1306,2077,7103,1675,2202,37,41
2024,2024wimi,Week 3,3692,1091,1732,6223,7900,6823,37,51
2024,2024wimi,Week 3,4786,1714,8744,3734,2667,3596,89,31
2024,2024wimi,Week 3,6643,5096,8096,930,6574,4531,18,85
2024,2024wimi,Week 3,2062,3630,8802,8847,93,1259,67,71
2024,2024wimi,Week 3,8029,9535,2358,2830,1792,6381,42,69
2024,2024wimi,Week 3,537,8531,1781,1306,3381,3891,42,45
2024,2024wimi,Week 3,6823,2077,3692,2194,5586,6421,36,70
2024,2024wimi,Week 3,1675,8701,706,7103,3596,7900,33,55
2024,2024wimi,Week 3,5148,6574,1732,2202,2506,4787,63,54
2024,2024wimi,Week 3,6643,3734,6223,5096,8847,2220,54,37
2024,2024wimi,Week 3,4531,2358,1091,3630,4786,1259,34,69
2024,2024wimi,Week 3,2667,8096,8029,9535,93,4645,40,63
2024,2024wimi,Week 3,2830,2062,9676,1714,6381,9425,62,83
2024,2024wimi,Week 3,1792,3197,8802,9760,930,8744,49,60
2024,2024wimi,Week 3,8531,3381,6823,3596,1675,4787,41,37
2024,2024wimi,Week 3,1781,5148,8847,2077,2194,6574,62,42
2024,2024wimi,Week 3,2202,5586,5096,1091,3891,4786,15,47
2024,2024wimi,Week 3,2220,7103,8029,8096,1732,7900,32,74
2024,2024wimi,Week 3,8701,6223,1306,3630,2830,9425,50,34
2024,2024wimi,Week 3,93,3197,1714,1259,3692,1792,96,22
2024,2024wimi,Week 3,6381,9676,9535,8744,537,8802,74,47
2024,2024wimi,Week 3,6643,4531,2667,2062,706,2506,36,65
2024,2024wimi,Week 3,3734,930,4645,2358,6421,9760,54,46
2024,2024wimi,Week 3,8096,2220,4787,6823,1781,1091,30,51
2024,2024wimi,Week 3,3596,8531,4786,7900,5148,2194,25,45
2024,2024wimi,Week 3,5096,8029,2830,3197,8847,9425,28,40
2024,2024wimi,Week 3,6381,8744,93,8701,2202,1732,69,57
2024,2024wimi,Week 3,3891,8802,7103,2062,1714,6643,47,37
2024,2024wimi,Week 3,1306,706,930,2077,9535,5586,45,44
2024,2024wimi,Week 3,3692,4645,3630,1675,3734,3381,28,60
2024,2024wimi,Week 3,6223,4531,9760,6574,2358,537,47,32
2024,2024wimi,Week 3,1792,6421,2667,1259,9676,2506,53,47
2024,2024wimi,Week 3,6381,1781,3197,1732,6823,4786,36,59
2024,2024wimi,Week 3,8701,9425,1091,8802,6643,5148,47,47
2024,2024wimi,Week 3,930,8096,8847,4787,5586,1306,44,23
2024,2024wimi,Week 3,4645,2077,2062,8744,3596,2830,38,66
2024,2024wimi,Week 3,3381,7103,2358,6574,93,9760,39,55
2024,2024wimi,Week 3,9535,537,706,2506,3734,3692,49,39
2024,2024wimi,Week 3,7900,5096,6421,1792,1714,4531,38,58
2024,2024wimi,Week 3,9676,2667,3891,8029,6223,1675,49,53
2024,2024wimi,Week 3,8531,1259,2194,3630,2220,2202,58,72
2024,2024wimi,Week 3,9425,4786,930,6823,3596,8847,59,46
2024,2024wimi,Week 3,9760,1306,4645,1091,6381,5148,32,59
2024,2024wimi,Week 3,537,2062,8096,2358,2077,8701,61,37
2024,2024wimi,Week 3,706,3381,93,5096,2506,1792,41,31
2024,2024wimi,Week 3,6421,8744,1675,1714,8029,1781,58,81
2024,2024wimi,Week 3,3692,8802,2667,8531,6574,2202,40,66
2024,2024wimi,Week 3,3734,7900,3630,9676,6643,5586,55,47
2024,2024wimi,Week 3,1259,2220,3891,1732,2830,9535,53,79
2024,2024wimi,Week 3,4531,4787,7103,2194,6223,3197,60,98
2024,2024wimi,Week 3,93,930,2062,4786,5148,537,71,34
2024,2024wimi,Week 3,9760,9425,2506,1781,1675,8096,47,89
2024,2024wimi,Week 3,8847,6421,1714,706,6381,8531,72,35
2024,2024wimi,Week 3,1792,8029,3596,1091,6643,2202,28,38
2024,2024wimi,Week 3,7900,6574,8701,2077,3891,3734,36,35
2024,2024wimi,Week 3,2220,2194,2358,1732,1306,2667,46,54
2024,2024wimi,Week 3,3630,8744,4531,4787,3692,2830,92,41
2024,2024wimi,Week 3,8802,9535,6223,3197,5586,4645,77,40
2024,2024wimi,Week 3,9676,6823,7103,3381,1259,5096,62,62
2024,2024cala,Week 3,2443,1197,2465,9408,3759,2710,55,90
2024,2024cala,Week 3,8898,1452,368,3408,702,1759,64,43
2024,2024cala,Week 3,980,7230,4079,1836,1159,2584,38,38
2024,2024cala,Week 3,6000,599,4201,4501,6658,968,37,12
2024,2024cala,Week 3,5199,3473,5089,5857,2637,6904,37,12
2024,2024cala,Week 3,687,4999,7415,5669,7042,597,66,41
2024,2024cala,Week 3,7137,1515,3859,9564,4123,1160,48,31
2024,2024cala,Week 3,1148,1452,4079,1197,1661,8898,82,48
2024,2024cala,Week 3,3759,1759,7230,3408,4501,2465,6,48
2024,2024cala,Week 3,2710,1836,6658,6904,9408,1159,61,39
2024,2024cala,Week 3,2637,4999,5199,980,968,5857,39,26
2024,2024cala,Week 3,597,4201,9564,368,1160,1515,56,73
2024,2024cala,Week 3,599,3859,4123,687,5089,2443,32,62
2024,2024cala,Week 3,1661,1148,7042,702,3473,6000,61,15
2024,2024cala,Week 3,5669,7415,1197,2584,7137,7230,49,45
2024,2024cala,Week 3,6658,980,1159,4501,2637,3759,31,30
2024,2024cala,Week 3,4999,4079,2465,1515,4201,1452,37,74
2024,2024cala,Week 3,597,5857,1759,2443,9564,2710,31,46
2024,2024cala,Week 3,5089,6000,1661,1836,687,8898,18,77
2024,2024cala,Week 3,3473,1160,3408,7415,4123,9408,27,67
2024,2024cala,Week 3,6904,968,702,7042,2584,3859,21,59
2024,2024cala,Week 3,5199,1148,368,7137,599,5669,110,16
2024,2024cala,Week 3,7230,4201,2637,4999,5857,2710,42,32
2024,2024cala,Week 3,1515,687,6000,2443,1759,4079,55,50
2024,2024cala,Week 3,2465,1661,6658,3473,980,7415,39,49
2024,2024cala,Week 3,9408,5089,9564,2584,968,1452,72,68
2024,2024cala,Week 3,1160,1197,7137,599,702,1159,68,35
2024,2024cala,Week 3,1148,1836,3859,368,4501,7042,62,74
2024,2024cala,Week 3,4123,597,3759,8898,5199,6904,50,44
2024,2024cala,Week 3,980,2443,3408,5669,4999,3473,40,14
2024,2024cala,Week 3,4201,5089,7415,1759,9408,6000,58,54
2024,2024cala,Week 3,1452,7137,702,968,2710,1159,52,37
2024,2024cala,Week 3,9564,6658,7042,1197,7230,1148,37,52
2024,2024cala,Week 3,1661,1515,2637,6904,3859,597,39,27
2024,2024cala,Week 3,4123,1836,5669,599,3759,5857,25,34
2024,2024cala,Week 3,3408,2584,687,4501,1160,5199,98,44
2024,2024cala,Week 3,2465,368,9408,4079,8898,7137,101,47
2024,2024cala,Week 3,702,2443,1148,5089,1159,7230,58,30
2024,2024cala,Week 3,1759,3859,3473,6658,1197,4999,17,77
2024,2024cala,Week 3,1452,597,980,7042,3759,4201,60,83
2024,2024cala,Week 3,1515,2710,599,1661,5199,2584,55,89
2024,2024cala,Week 3,2637,3408,8898,1160,968,1836,17,43
2024,2024cala,Week 3,2465,5857,5669,6000,368,4123,44,76
2024,2024cala,Week 3,4079,4501,687,6904,7415,9564,67,35
2024,2024cala,Week 3,4999,597,9408,5089,1148,7137,57,48
2024,2024cala,Week 3,1159,7042,5199,4201,1661,1759,75,45
2024,2024cala,Week 3,1515,3473,3759,7230,599,1836,42,10
2024,2024cala,Week 3,1197,368,2584,2637,6658,2443,89,32
2024,2024cala,Week 3,2710,6904,4501,1160,5669,1452,38,50
2024,2024cala,Week 3,5857,6000,4079,3859,3408,968,35,37
2024,2024cala,Week 3,9564,702,687,4123,2465,980,92,68
2024,2024cala,Week 3,8898,4999,1159,7415,5199,599,42,68
2024,2024cala,Week 3,3759,2584,5089,368,3473,1661,53,68
2024,2024cala,Week 3,7042,6904,2443,4201,7137,4501,65,78
2024,2024cala,Week 3,7230,5669,6000,9408,2637,1160,9,76
2024,2024cala,Week 3,2710,3408,1148,3859,687,980,37,48
2024,2024cala,Week 3,7415,8898,6658,5857,9564,1515,45,33
2024,2024cala,Week 3,968,597,2465,1836,702,1197,56,29
2024,2024cala,Week 3,1759,1452,4501,3473,4079,4123,29,42
2024,2024cala,Week 3,2584,6000,6904,4999,7230,368,21,59
2024,2024cala,Week 3,1160,980,1661,3759,2443,7137,37,39
2024,2024cala,Week 3,1159,5669,4201,9564,8898,3859,71,10
2024,2024cala,Week 3,2710,7042,702,1515,3408,5089,84,45
2024,2024cala,Week 3,6658,1759,599,597,4079,1836,11,61
2024,2024cala,Week 3,968,4123,2637,1148,2465,7415,28,79
2024,2024cala,Week 3,5199,687,5857,1452,9408,1197,51,103
2024,2024cala,Week 3,1159,1661,3759,6000,9564,4999,25,20
2024,2024cala,Week 3,7137,2710,3473,4501,1515,8898,31,30
2024,2024cala,Week 3,702,5089,1160,4079,6658,5669,50,44
2024,2024cala,Week 3,599,6904,3408,7042,2465,2637,25,51
2024,2024cala,Week 3,7230,9408,968,687,368,597,59,90
2024,2024cala,Week 3,5199,1452,1836,3859,7415,2443,58,60
2024,2024cala,Week 3,2584,5857,4201,1148,1759,4123,49,45
2024,2024cala,Week 3,980,4501,4999,1197,1159,1515,15,65
2024,2024ausc,Week 3,4537,9146,7738,8844,7583,9144,19,28
2024,2024ausc,Week 3,9599,7433,6508,5331,6487,9587,63,32
2024,2024ausc,Week 3,4788,9189,5584,7497,6996,9433,49,31
2024,2024ausc,Week 3,5985,6083,8503,8011,9574,4774,22,90
2024,2024ausc,Week 3,9147,4613,6434,9427,4253,7561,72,8
2024,2024ausc,Week 3,7128,3132,5564,4739,5648,6510,51,43
2024,2024ausc,Week 3,6191,5876,6476,4817,6432,9616,7,35
2024,2024ausc,Week 3,4729,9411,8814,9715,5988,4537,34,30
2024,2024ausc,Week 3,9146,5584,8844,4774,6083,4788,31,59
2024,2024ausc,Week 3,7497,9427,7583,4253,7433,5985,42,56
2024,2024ausc,Week 3,3132,6434,9574,6510,6996,9599,51,54
2024,2024ausc,Week 3,4739,7561,6191,9144,8011,6508,11,74
2024,2024ausc,Week 3,9715,6476,7738,8503,9433,5876,5,32
2024,2024ausc,Week 3,5988,9411,9189,7128,6487,4817,4,52
2024,2024ausc,Week 3,4613,8814,5331,5564,9587,4729,82,17
2024,2024ausc,Week 3,9147,9616,6510,6432,5648,9146,46,23
2024,2024ausc,Week 3,4774,7433,6191,6434,4537,7497,46,45
2024,2024ausc,Week 3,9144,3132,6996,9715,5985,4788,48,24
2024,2024ausc,Week 3,4253,8011,5584,5988,9599,7738,81,40
2024,2024ausc,Week 3,9574,5331,8844,5876,8814,7128,9,54
2024,2024ausc,Week 3,7583,9189,6487,6476,5648,4613,20,66
2024,2024ausc,Week 3,9433,4729,4817,6432,4739,6083,21,16
2024,2024ausc,Week 3,8503,6508,9587,9411,9427,9147,30,63
2024,2024ausc,Week 3,4537,9616,5564,9599,5584,7561,25,60
2024,2024ausc,Week 3,4788,9146,8814,8011,6434,6191,92,63
2024,2024ausc,Week 3,7583,9715,5648,7497,5988,9574,10,22
2024,2024ausc,Week 3,9144,6083,7433,6510,4253,9189,39,68
2024,2024ausc,Week 3,9427,6432,3132,4817,5331,9411,49,31
2024,2024ausc,Week 3,9587,6476,6996,8844,4739,5564,35,9
2024,2024ausc,Week 3,9147,5985,4729,6487,7561,5876,16,32
2024,2024ausc,Week 3,7128,8503,9616,9433,7738,4613,5,78
2024,2024ausc,Week 3,6508,9715,9189,4774,4537,4253,37,63
2024,2024ausc,Week 3,6434,5331,5648,6083,9411,8011,37,62
2024,2024ausc,Week 3,9574,6476,4739,9587,6191,5584,10,48
2024,2024ausc,Week 3,9427,8844,6487,6510,7583,6432,27,56
2024,2024ausc,Week 3,7561,5564,9433,3132,7738,7433,25,62
2024,2024ausc,Week 3,4817,9147,9599,4729,4788,8503,26,34
2024,2024ausc,Week 3,7128,7497,9144,9616,8814,4774,20,69
2024,2024ausc,Week 3,4613,6508,5876,9146,6996,5988,77,15
2024,2024ausc,Week 3,5584,6510,5985,9715,6191,5331,60,14
2024,2024ausc,Week 3,4537,9587,9427,6476,9433,6083,43,35
2024,2024ausc,Week 3,7433,9574,4729,9411,4788,5564,52,43
2024,2024ausc,Week 3,4774,9599,7128,7561,4817,7583,40,55
2024,2024ausc,Week 3,5876,3132,8844,4613,9616,4253,34,108
2024,2024ausc,Week 3,7738,7497,8011,6487,9147,6996,57,63
2024,2024ausc,Week 3,8503,5988,6432,9189,9144,6434,20,30
2024,2024ausc,Week 3,5985,8814,5648,6508,4739,9146,51,34
2024,2024ausc,Week 3,9599,6191,4788,6083,9715,7128,64,30
2024,2024ausc,Week 3,9587,4613,6510,5584,4774,4817,75,77
2024,2024ausc,Week 3,8011,9427,9433,8844,9411,7497,62,20
2024,2024ausc,Week 3,6434,5564,6487,9144,4537,5876,25,46
2024,2024ausc,Week 3,9189,5985,4739,7738,9147,9574,6,14
2024,2024ausc,Week 3,4253,5648,6996,6432,7561,8814,52,55
2024,2024ausc,Week 3,6476,9616,5988,7433,5331,9146,10,71
2024,2024ausc,Week 3,5584,8503,7583,4729,6508,3132,57,54
2024,2024ausc,Week 3,5564,5876,8011,6191,7128,9427,59,10
2024,2024ausc,Week 3,9411,9433,9599,5985,9144,4613,24,90
2024,2024ausc,Week 3,4739,4253,7738,4788,6432,4537,38,49
2024,2024ausc,Week 3,7433,4817,9715,5648,8844,9147,39,30
2024,2024ausc,Week 3,8814,6510,6508,9189,4729,6476,66,7
2024,2024ausc,Week 3,5988,6434,6083,9587,7497,3132,33,41
2024,2024ausc,Week 3,9616,9146,7561,6487,9574,8503,25,48
2024,2024ausc,Week 3,6996,4774,9411,5331,7583,4253,50,34
2024,2024ausc,Week 3,9715,8011,6432,5564,7433,4613,59,73
2024,2024ausc,Week 3,5648,9144,6191,4729,5584,9427,3,67
2024,2024ausc,Week 3,7738,8844,4817,6508,5985,6434,11,58
2024,2024ausc,Week 3,9433,6487,5988,8814,6083,9574,35,81
2024,2024ausc,Week 3,4774,9189,9147,9616,9599,3132,47,42
2024,2024ausc,Week 3,7561,4788,7497,5331,6510,6476,46,53
2024,2024ausc,Week 3,6996,8503,4537,9146,7128,9587,57,33
2024,2024ausc,Week 3,5876,4739,5584,6434,7583,7433,47,40
2024,2024ausc,Week 3,6083,4817,6508,9144,5564,9715,70,15
2024,2024ausc,Week 3,5988,4729,4774,9427,7738,9616,24,38
2024,2024ausc,Week 3,9147,7561,5331,6191,8844,9433,53,12
2024,2024ausc,Week 3,8814,8011,4537,3132,8503,6510,71,66
2024,2024ausc,Week 3,7583,5876,4788,5648,9587,9189,53,14
2024,2024ausc,Week 3,6476,6432,4253,9574,7128,5985,52,25
2024,2024ausc,Week 3,9146,4613,9411,9599,7497,4739,101,52
2024,2024ausc,Week 3,6487,4774,9144,6996,6434,9715,55,33
2024,2024gagwi,Week 3,4468,6829,7538,1795,4509,1261,22,62
2024,2024gagwi,Week 3,5293,1002,5074,9480,5651,1746,11,30
2024,2024gagwi,Week 3,9477,7470,8865,8577,8100,9561,19,0
2024,2024gagwi,Week 3,8736,4188,2415,9522,1683,5608,40,27
2024,2024gagwi,Week 3,9086,5109,1771,4730,6910,8815,55,3
2024,2024gagwi,Week 3,1261,6829,7470,8100,5293,4468,42,23
2024,2024gagwi,Week 3,5608,2415,9480,5651,7538,8736,19,35
2024,2024gagwi,Week 3,5109,1002,1683,9477,6910,9522,29,24
2024,2024gagwi,Week 3,4730,1746,4509,8865,5074,8577,47,0
2024,2024gagwi,Week 3,8815,1771,9561,9086,4188,1795,54,17
2024,2024gagwi,Week 3,2415,8736,6910,9477,9522,5293,52,27
2024,2024gagwi,Week 3,7470,4468,5651,4730,7538,5074,3,44
2024,2024gagwi,Week 3,1746,8815,8865,8577,4509,5608,28,39
2024,2024gagwi,Week 3,8100,1261,9086,1795,1683,1771,40,79
2024,2024gagwi,Week 3,4188,9561,1002,5109,9480,6829,18,29
2024,2024gagwi,Week 3,5651,5608,4730,8815,7470,1746,5,15
2024,2024gagwi,Week 3,4509,1771,6910,2415,4468,9522,83,18
2024,2024gagwi,Week 3,8736,1002,1795,8577,1261,5293,19,56
2024,2024gagwi,Week 3,8100,4188,5074,9477,9086,6829,22,30
2024,2024gagwi,Week 3,7538,9480,1683,8865,5109,9561,76,29
2024,2024gagwi,Week 3,5608,1746,1795,7470,2415,1002,30,19
2024,2024gagwi,Week 3,8577,6829,6910,9086,4730,4509,8,44
2024,2024gagwi,Week 3,9480,9522,8100,1771,8815,7538,24,66
2024,2024gagwi,Week 3,4188,5651,5109,5293,8865,1683,27,44
2024,2024gagwi,Week 3,1261,4468,9477,5074,9561,8736,55,29
2024,2024gagwi,Week 3,7470,9480,4730,1746,6829,2415,24,37
2024,2024gagwi,Week 3,1795,7538,8865,6910,5651,9086,29,3
2024,2024gagwi,Week 3,9561,9477,8577,1261,9522,1002,15,68
2024,2024gagwi,Week 3,4468,5608,5109,4509,1683,4188,11,80
2024,2024gagwi,Week 3,8815,5293,8736,5074,8100,1771,56,57
2024,2024gagwi,Week 3,8865,2415,5651,6829,4730,9561,25,30
2024,2024gagwi,Week 3,4468,1795,8577,9522,1746,4188,5,61
2024,2024gagwi,Week 3,1683,9086,5293,9480,9477,5074,60,34
2024,2024gagwi,Week 3,7538,7470,6910,1771,8736,5608,19,73
2024,2024gagwi,Week 3,8100,4509,1002,8815,5109,1261,39,52
2024,2024gagwi,Week 3,4468,9086,9480,9561,1795,5651,21,1
2024,2024gagwi,Week 3,5074,8577,7470,6829,6910,4188,0,38
2024,2024gagwi,Week 3,5109,1746,5293,8736,8865,8100,43,31
2024,2024gagwi,Week 3,1683,1261,8815,4509,9477,2415,78,51
2024,2024gagwi,Week 3,7538,5608,9522,1002,1771,4730,24,52
2024,2024gagwi,Week 3,6910,8865,4188,5651,5293,7470,21,23
2024,2024gagwi,Week 3,1683,8100,1746,9086,8577,8815,16,4
2024,2024gagwi,Week 3,1261,2415,1771,5074,1795,9480,109,28
2024,2024gagwi,Week 3,9522,4730,5109,9561,4468,5608,17,14
2024,2024gagwi,Week 3,4509,8736,6829,1002,7538,9477,58,39
2024,2024gagwi,Week 3,4188,8577,9480,6910,1795,8100,34,19
2024,2024gagwi,Week 3,5293,9561,2415,4730,8815,4468,33,8
2024,2024gagwi,Week 3,7538,9477,5109,1746,1771,6829,43,65
2024,2024gagwi,Week 3,5608,5074,1261,8865,1002,9086,66,13
2024,2024gagwi,Week 3,5651,4509,9522,7470,1683,8736,37,50
2024,2024gagwi,Week 3,6829,5293,1795,2415,8577,7538,23,44
2024,2024gagwi,Week 3,5608,8100,4730,9480,8865,1261,8,73
2024,2024gagwi,Week 3,1771,4188,9477,1002,5651,8815,99,15
2024,2024gagwi,Week 3,9522,5074,9086,5109,7470,4509,13,42
2024,2024gagwi,Week 3,6910,9561,1683,1746,8736,4468,34,9
2024,2024gagwi,Week 3,1795,8815,9477,6829,5608,8865,37,13
2024,2024gagwi,Week 3,1771,9522,7470,5293,9480,4509,63,47
2024,2024gagwi,Week 3,1002,6910,4468,2415,5109,8100,15,46
2024,2024gagwi,Week 3,9561,9086,1746,4188,1261,7538,55,75
2024,2024gagwi,Week 3,8736,4730,8577,1683,5074,5651,23,7
2024,2024gagwi,Week 3,5608,1683,1746,9086,9561,1771,9561,1771
2024,2024gagwi,Week 3,7538,8100,4509,1002,9480,5651,9480,5651
2024,2024incol,Week 3,3494,7657,6498,8116,8430,1555,43,15
2024,2024incol,Week 3,7454,4580,8742,7198,2171,7617,38,20
2024,2024incol,Week 3,71,292,1018,3559,9491,4982,45,22
2024,2024incol,Week 3,7457,1720,4272,9453,1024,5188,95,33
2024,2024incol,Week 3,1646,447,5010,8564,45,4926,68,50
2024,2024incol,Week 3,6498,3147,8103,3487,1741,4580,40,60
2024,2024incol,Week 3,9491,9453,1555,7457,8430,4982,30,38
2024,2024incol,Week 3,8564,7198,4272,71,3559,7454,50,37
2024,2024incol,Week 3,8116,4926,5010,45,1018,8103,57,53
2024,2024incol,Week 3,3494,3147,3487,7657,8742,292,62,27
2024,2024incol,Week 3,1741,447,2171,1024,1720,1646,34,53
2024,2024incol,Week 3,5188,6498,7454,7617,8103,3559,22,26
2024,2024incol,Week 3,1018,8742,4926,3487,71,8564,37,26
2024,2024incol,Week 3,7198,1024,45,292,1555,2171,56,46
2024,2024incol,Week 3,7457,7617,4580,4982,1720,3147,61,27
2024,2024incol,Week 3,5188,1741,1646,7657,9491,8430,47,25
2024,2024incol,Week 3,4272,8116,447,5010,9453,3494,55,64
2024,2024incol,Week 3,4926,1720,2171,71,6498,7457,31,72
2024,2024incol,Week 3,7454,3487,1555,4580,1024,9491,68,49
2024,2024incol,Week 3,4982,7657,7198,8103,5010,4272,38,77
2024,2024incol,Week 3,1018,3494,5188,292,1646,3147,58,54
2024,2024incol,Week 3,8430,7617,8742,1741,45,8116,39,56
2024,2024incol,Week 3,1720,3559,9453,7657,8564,447,13,25
2024,2024incol,Week 3,4580,3494,7198,1018,4982,3487,15,35
2024,2024incol,Week 3,3147,5010,8430,7617,4926,7454,51,38
2024,2024incol,Week 3,8103,9491,7457,45,447,9453,74,39
2024,2024incol,Week 3,1741,8564,3559,2171,4272,5188,36,69
2024,2024incol,Week 3,6498,292,1024,1646,8742,71,55,39
2024,2024incol,Week 3,8116,7454,9491,1555,7457,1018,22,79
2024,2024incol,Week 3,5188,7617,8564,1720,8103,8430,25,52
2024,2024incol,Week 3,8742,3487,447,1741,4272,7657,35,81
2024,2024incol,Week 3,4982,292,3494,3559,6498,45,73,65
2024,2024incol,Week 3,4926,1646,9453,3147,7198,1555,33,42
2024,2024incol,Week 3,71,1024,8116,5010,2171,4580,60,54
2024,2024incol,Week 3,3487,7457,45,3559,5188,7657,69,36
2024,2024incol,Week 3,9491,1018,4272,4926,6498,1741,57,51
2024,2024incol,Week 3,4580,292,1720,2171,7454,8430,57,36
2024,2024incol,Week 3,9453,8742,4982,1555,1646,5010,30,68
2024,2024incol,Week 3,7198,8116,8103,3147,8564,1024,42,58
2024,2024incol,Week 3,7617,71,1741,3494,447,7457,49,45
2024,2024incol,Week 3,8430,4580,1018,292,4272,9453,36,80
2024,2024incol,Week 3,9491,45,1646,5010,3559,7198,25,65
2024,2024incol,Week 3,8564,4982,6498,1024,3487,7657,41,61
2024,2024incol,Week 3,5188,3147,4926,8116,2171,8742,52,11
2024,2024incol,Week 3,1555,8103,71,7617,3494,1720,38,42
2024,2024incol,Week 3,7454,7457,7657,447,7198,6498,71,34
2024,2024incol,Week 3,45,8430,292,9491,5010,8564,62,51
2024,2024incol,Week 3,8103,2171,3487,1646,1018,7617,57,42
2024,2024incol,Week 3,8742,5188,1720,4272,1555,3494,32,61
2024,2024incol,Week 3,3147,9453,71,1024,1741,7454,30,64
2024,2024incol,Week 3,447,4926,3559,4982,4580,8116,38,44
2024,2024incol,Week 3,4272,7617,45,7457,8564,292,72,62
2024,2024incol,Week 3,1720,7657,5010,8742,7198,9491,64,53
2024,2024incol,Week 3,1646,7454,4982,1024,3494,4926,48,62
2024,2024incol,Week 3,4580,1555,6498,1018,3147,447,45,31
2024,2024incol,Week 3,8430,5188,71,3487,9453,8116,38,29
2024,2024incol,Week 3,2171,3559,7457,8103,1741,8742,17,85
2024,2024incol,Week 3,7657,45,3147,1720,7454,1018,47,42
2024,2024incol,Week 3,8564,1646,3494,6498,9491,7617,74,36
2024,2024incol,Week 3,1555,4982,1741,5010,5188,3487,58,69
2024,2024incol,Week 3,292,8116,3559,4272,71,4580,37,56
2024,2024incol,Week 3,447,8103,1024,8430,4926,7198,68,40
2024,2024incol,Week 3,9453,7657,7617,45,4982,2171,15,43
2024,2024incol,Week 3,3494,71,9491,8742,4272,3147,44,62
2024,2024incol,Week 3,3559,8430,1024,4926,4580,8103,55,51
2024,2024incol,Week 3,7454,5010,292,9453,7457,1741,92,59
2024,2024incol,Week 3,2171,1018,8564,447,1555,5188,39,36
2024,2024incol,Week 3,7198,3487,1646,6498,8116,1720,48,42
2024,2024marea,Week 3,138,7674,6201,1307,4761,9443,19,30
2024,2024marea,Week 3,4546,509,5563,2876,9729,3958,29,39
2024,2024marea,Week 3,2084,2370,8724,6328,1721,88,39,85
2024,2024marea,Week 3,4176,1153,7913,1277,3467,1831,58,53
2024,2024marea,Week 3,1073,501,5902,4311,1474,1761,38,29
2024,2024marea,Week 3,811,3205,1119,151,348,4169,44,20
2024,2024marea,Week 3,4761,4546,7674,5563,138,3958,56,26
2024,2024marea,Week 3,9729,4176,3467,1721,2370,7913,67,35
2024,2024marea,Week 3,1277,9443,2084,6328,1831,1073,66,70
2024,2024marea,Week 3,509,1307,8724,4169,1474,1119,29,27
2024,2024marea,Week 3,151,3205,2876,4311,1153,5902,37,79
2024,2024marea,Week 3,501,1761,811,6201,88,348,40,52
2024,2024marea,Week 3,9443,3958,6328,4176,7674,1721,75,24
2024,2024marea,Week 3,7913,2084,138,4761,509,3467,51,67
2024,2024marea,Week 3,1153,151,1474,4169,9729,1307,61,38
2024,2024marea,Week 3,1831,348,501,2876,8724,1761,6,77
2024,2024marea,Week 3,4546,1119,2370,1073,4311,88,48,47
2024,2024marea,Week 3,6201,1277,811,5902,5563,3205,52,7
2024,2024marea,Week 3,1721,1153,9443,509,2084,4169,78,46
2024,2024marea,Week 3,1831,151,1307,501,3467,3958,23,48
2024,2024marea,Week 3,1761,1073,4761,6328,8724,348,30,79
2024,2024marea,Week 3,1277,2876,88,9729,7674,3205,69,23
2024,2024marea,Week 3,1474,6201,7913,2370,5563,4311,51,63
2024,2024marea,Week 3,811,5902,4546,1119,4176,138,40,60
2024,2024marea,Week 3,8724,9443,151,3467,1761,1721,72,41
2024,2024marea,Week 3,501,7674,509,3205,348,4761,37,25
2024,2024marea,Week 3,3958,4169,2370,88,7913,1831,33,64
2024,2024marea,Week 3,4311,6201,1119,9729,811,2084,33,47
2024,2024marea,Week 3,5902,4176,1277,1307,4546,1073,32,41
2024,2024marea,Week 3,138,1474,6328,1153,2876,5563,87,81
2024,2024marea,Week 3,1831,2370,3205,1761,7913,9443,12,61
2024,2024marea,Week 3,3958,4761,4311,348,1721,2084,38,44
2024,2024marea,Week 3,1119,1073,9729,3467,151,7674,31,62
2024,2024marea,Week 3,811,509,2876,1474,1307,1277,62,38
2024,2024marea,Week 3,5563,4176,6201,8724,88,501,45,59
2024,2024marea,Week 3,1153,6328,4546,5902,138,4169,98,29
2024,2024marea,Week 3,4311,3467,3205,348,3958,7674,91,31
2024,2024marea,Week 3,1761,9729,1277,4761,7913,811,10,45
2024,2024marea,Week 3,9443,88,2370,1119,501,151,68,25
2024,2024marea,Week 3,4169,1831,5563,4176,6328,509,12,67
2024,2024marea,Week 3,1474,2084,1073,2876,138,4546,37,74
2024,2024marea,Week 3,5902,1721,8724,1153,1307,6201,42,40
2024,2024marea,Week 3,3467,9443,348,2370,1277,501,108,55
2024,2024marea,Week 3,88,1761,4169,3958,151,4176,66,23
2024,2024marea,Week 3,1474,1831,509,2084,4311,4546,28,50
2024,2024marea,Week 3,1307,3205,138,6328,6201,9729,48,77
2024,2024marea,Week 3,7674,8724,1153,1073,811,5563,32,19
2024,2024marea,Week 3,2876,7913,5902,1119,4761,1721,64,47
2024,2024marea,Week 3,509,348,2370,9443,4546,4176,53,72
2024,2024marea,Week 3,9729,501,4311,3205,6328,2084,33,96
2024,2024marea,Week 3,151,5563,1761,138,1277,1153,36,81
2024,2024marea,Week 3,3467,5902,1119,88,1474,4761,57,67
2024,2024marea,Week 3,4169,8724,1073,7913,1307,7674,52,31
2024,2024marea,Week 3,811,1831,3958,6201,2876,1721,42,27
2024,2024marea,Week 3,5563,1277,348,2370,138,151,28,74
2024,2024marea,Week 3,88,3205,4176,9443,509,4311,71,63
2024,2024marea,Week 3,4546,501,1474,7913,3467,8724,31,100
2024,2024marea,Week 3,7674,2084,2876,1761,5902,6201,63,21
2024,2024marea,Week 3,1721,4169,811,1831,4761,9729,71,18
2024,2024marea,Week 3,1307,1119,6328,1073,3958,1153,69,67
2024,2024marea,Week 3,348,4311,7913,8724,5563,1474,40,34
2024,2024marea,Week 3,138,88,3467,501,2876,9443,95,59
2024,2024marea,Week 3,4761,4169,4176,2084,6201,151,27,33
2024,2024marea,Week 3,3958,5902,1307,2370,811,6328,34,98
2024,2024marea,Week 3,1721,4546,9729,3205,1073,1277,38,39
2024,2024marea,Week 3,509,1153,1761,7674,1119,1831,91,29
2024,2024marea,Week 3,4176,4311,2876,7913,4169,501,68,49
2024,2024marea,Week 3,2084,3958,88,8724,811,138,65,68
2024,2024marea,Week 3,151,6328,4761,3205,9443,1474,70,37
2024,2024marea,Week 3,348,9729,1153,7674,2370,5902,68,36
2024,2024marea,Week 3,5563,1721,1307,4546,1761,1831,34,43
2024,2024marea,Week 3,6201,1073,3467,1277,1119,509,66,51
2024,2024mdsev,Week 3,1719,686,4464,2377,8726,116,20,28
2024,2024mdsev,Week 3,8622,4638,5841,1111,1418,2199,20,24
2024,2024mdsev,Week 3,6213,5243,7886,614,2914,1629,0,50
2024,2024mdsev,Week 3,2537,9072,1446,6326,3748,8326,57,41
2024,2024mdsev,Week 3,3793,7770,1389,888,1908,1727,18,64
2024,2024mdsev,Week 3,4456,2849,8514,2900,4541,5115,31,35
2024,2024mdsev,Week 3,2914,2199,5243,2377,5841,1719,15,59
2024,2024mdsev,Week 3,8326,7886,8622,6213,3748,686,24,53
2024,2024mdsev,Week 3,1908,2537,614,6326,3793,9072,46,42
2024,2024mdsev,Week 3,4638,116,1418,1389,8514,5115,26,22
2024,2024mdsev,Week 3,4464,1111,888,1629,4541,1727,24,105
2024,2024mdsev,Week 3,4456,2900,8726,7770,1446,2849,60,12
2024,2024mdsev,Week 3,7886,2377,6326,3793,8326,5243,17,33
2024,2024mdsev,Week 3,2914,1418,686,3748,5115,9072,21,55
2024,2024mdsev,Week 3,1719,1111,1629,5841,1908,8514,46,21
2024,2024mdsev,Week 3,8726,4638,1446,4541,116,4456,23,55
2024,2024mdsev,Week 3,6213,1727,1389,2199,2900,7770,61,7
2024,2024mdsev,Week 3,888,614,2849,4464,8622,2537,27,19
2024,2024mdsev,Week 3,9072,5841,1418,1719,7886,3793,37,11
2024,2024mdsev,Week 3,1111,2914,116,1446,8326,1629,7,66
2024,2024mdsev,Week 3,3748,2900,1908,5243,2377,4541,40,29
2024,2024mdsev,Week 3,8726,5115,614,7770,1727,8622,46,34
2024,2024mdsev,Week 3,2537,6213,2199,4456,4464,1389,21,34
2024,2024mdsev,Week 3,888,8514,4638,2849,686,6326,43,50
2024,2024mdsev,Week 3,116,9072,8326,2377,3793,1908,34,34
2024,2024mdsev,Week 3,1629,5841,2900,2914,3748,7770,53,33
2024,2024mdsev,Week 3,5115,1719,8622,1446,6213,4541,40,27
2024,2024mdsev,Week 3,888,6326,1418,5243,4464,8726,51,30
2024,2024mdsev,Week 3,2849,1389,1111,614,4456,686,30,52
2024,2024mdsev,Week 3,2199,1727,4638,8514,2537,7886,27,9
2024,2024mdsev,Week 3,4541,9072,1719,2900,6213,116,60,4
2024,2024mdsev,Week 3,1418,8622,2377,1629,6326,1908,39,63
2024,2024mdsev,Week 3,686,888,5115,4456,5841,3793,52,44
2024,2024mdsev,Week 3,1727,8514,8726,1446,2914,4464,6,5
2024,2024mdsev,Week 3,614,5243,3748,4638,1389,2537,36,27
2024,2024mdsev,Week 3,2849,2199,7886,8326,1111,7770,27,21
2024,2024mdsev,Week 3,1908,1418,4456,9072,1629,6213,42,60
2024,2024mdsev,Week 3,2377,8514,2914,116,8622,888,18,44
2024,2024mdsev,Week 3,614,3793,1446,686,1389,5841,41,32
2024,2024mdsev,Week 3,5243,7770,5115,8726,2537,1111,24,23
2024,2024mdsev,Week 3,2900,6326,4464,4638,7886,3748,13,20
2024,2024mdsev,Week 3,2199,4541,8326,1727,2849,1719,59,27
2024,2024mdsev,Week 3,6213,3793,888,1418,1446,8514,65,17
2024,2024mdsev,Week 3,7770,686,2537,5115,1629,2377,31,69
2024,2024mdsev,Week 3,1389,1908,8726,7886,1111,2900,47,1
2024,2024mdsev,Week 3,4464,3748,116,5841,614,8326,30,39
2024,2024mdsev,Week 3,4541,4638,2849,1727,9072,5243,29,88
2024,2024mdsev,Week 3,6326,1719,2914,8622,4456,2199,25,58
2024,2024mdsev,Week 3,1418,2900,2537,686,1908,7886,25,40
2024,2024mdsev,Week 3,4464,2377,6213,116,1389,1446,19,28
2024,2024mdsev,Week 3,1111,1727,5841,9072,8726,2849,75,45
2024,2024mdsev,Week 3,4541,7770,888,6326,2199,614,47,52
2024,2024mdsev,Week 3,5243,1629,8622,5115,8326,4456,44,53
2024,2024mdsev,Week 3,8514,1719,3748,4638,2914,3793,38,12
2024,2024mdsev,Week 3,686,2377,2900,1727,4464,1418,76,55
2024,2024mdsev,Week 3,1389,614,9072,8726,888,2199,52,61
2024,2024mdsev,Week 3,7886,1446,5841,1908,8622,4541,2,39
2024,2024mdsev,Week 3,3793,2537,3748,1111,4456,6213,32,35
2024,2024mdsev,Week 3,1629,7770,8514,8326,1719,4638,54,31
2024,2024mdsev,Week 3,116,5243,6326,2849,5115,2914,32,38
2024,2024mdsev,Week 3,1446,686,1727,2900,888,9072,76,57
2024,2024mdsev,Week 3,5841,4464,4541,3748,2199,2377,32,55
2024,2024mdsev,Week 3,1389,7886,1629,8622,8726,3793,65,36
2024,2024mdsev,Week 3,2537,6326,4456,7770,116,1719,35,35
2024,2024mdsev,Week 3,2914,8326,1908,5115,4638,1111,37,33
2024,2024mdsev,Week 3,8514,614,6213,1418,2849,5243,35,25
2024,2024mdsev,Week 3,8622,1446,2900,2199,1629,686,19,79
2024,2024mdsev,Week 3,7886,116,1727,3748,888,1389,61,59
2024,2024mdsev,Week 3,3793,5115,4464,2537,4541,2914,33,41
2024,2024mdsev,Week 3,8326,2849,2377,1719,1418,614,56,42
2024,2024mdsev,Week 3,9072,4456,7770,8514,5243,1111,64,11
2024,2024mdsev,Week 3,1908,6213,4638,5841,8726,6326,43,53
2024,2024mdsev,Week 3,0,0,0,0,0,0,0,0
2024,2024mdsev,Week 3,0,0,0,0,0,0,0,0
2024,2024melew,Week 3,5265,9101,8023,9055,5687,9732,37,53
2024,2024melew,Week 3,6153,3451,4473,58,4906,166,23,103
2024,2024melew,Week 3,4041,7907,6161,5459,6329,9096,26,72
2024,2024melew,Week 3,2523,172,1100,2712,133,8410,36,59
2024,2024melew,Week 3,1729,6895,2648,4564,166,8421,21,57
2024,2024melew,Week 3,4473,58,4041,6153,6161,4906,45,51
2024,2024melew,Week 3,133,7907,6329,8410,9732,172,102,12
2024,2024melew,Week 3,3451,8023,2648,1100,6895,9101,16,39
2024,2024melew,Week 3,9096,8421,5265,5687,2712,2523,21,49
2024,2024melew,Week 3,4564,1729,6153,5459,133,9055,63,72
2024,2024melew,Week 3,166,4473,1100,9101,4041,2648,65,89
2024,2024melew,Week 3,2523,6161,5265,8421,7907,6895,20,5
2024,2024melew,Week 3,9096,9055,1729,172,4906,2712,36,50
2024,2024melew,Week 3,8410,58,5459,6329,8023,5687,44,106
2024,2024melew,Week 3,9101,4473,9732,4564,3451,2523,25,61
2024,2024melew,Week 3,9096,133,4041,6161,2648,8421,69,27
2024,2024melew,Week 3,4906,6895,5687,166,1729,1100,38,57
2024,2024melew,Week 3,6329,4564,9055,5459,8023,2712,107,23
2024,2024melew,Week 3,5265,8410,6153,3451,9732,7907,55,21
2024,2024melew,Week 3,58,5687,6161,172,9096,9101,86,43
2024,2024melew,Week 3,166,8421,2523,1100,9055,4473,51,64
2024,2024melew,Week 3,7907,6153,2712,2648,5459,4564,32,75
2024,2024melew,Week 3,8023,8410,3451,1729,172,58,33,90
2024,2024melew,Week 3,133,4906,9732,6329,4041,6895,51,89
2024,2024melew,Week 3,2712,5265,166,2523,5459,9101,42,50
2024,2024melew,Week 3,9055,8410,8421,3451,6161,1729,41,26
2024,2024melew,Week 3,5687,4473,7907,4041,6153,172,68,49
2024,2024melew,Week 3,58,4564,6895,5265,1100,133,80,52
2024,2024melew,Week 3,2648,6329,9732,4906,9096,8023,86,20
2024,2024melew,Week 3,172,6161,5459,2712,9055,7907,51,19
2024,2024melew,Week 3,4041,5265,3451,133,4564,1729,33,86
2024,2024melew,Week 3,2648,5687,1100,4906,2523,4473,92,42
2024,2024melew,Week 3,9096,8410,166,9732,6895,8023,65,27
2024,2024melew,Week 3,8421,6329,2712,9101,6153,58,61,73
2024,2024melew,Week 3,1100,4906,9055,4041,5265,5687,46,84
2024,2024melew,Week 3,5459,9732,4564,4473,2648,8410,75,57
2024,2024melew,Week 3,8023,166,172,133,8421,58,38,96
2024,2024melew,Week 3,6895,9096,3451,6153,2523,6329,23,94
2024,2024melew,Week 3,7907,1729,4906,6161,9101,8410,31,34
2024,2024melew,Week 3,8421,172,4564,8023,1100,4041,54,66
2024,2024melew,Week 3,2523,9055,6895,58,3451,6329,16,99
2024,2024melew,Week 3,9732,2712,6161,166,2648,6153,18,96
2024,2024melew,Week 3,1729,5687,5459,4473,133,9096,78,58
2024,2024melew,Week 3,6329,9101,4906,7907,5265,4564,71,29
2024,2024melew,Week 3,9732,166,4041,172,3451,9055,67,30
2024,2024melew,Week 3,8023,1729,2523,6161,1100,9096,53,33
2024,2024melew,Week 3,6153,5459,8421,8410,9101,5687,55,93
2024,2024melew,Week 3,6895,2648,133,5265,58,7907,80,52
2024,2024melew,Week 3,2712,4564,9096,4473,6329,166,53,106
2024,2024melew,Week 3,8410,4041,4906,5687,8421,3451,63,33
2024,2024melew,Week 3,9101,6153,133,9055,8023,6161,56,33
2024,2024melew,Week 3,9732,2523,58,2648,2712,172,57,42
2024,2024melew,Week 3,1100,7907,5459,1729,4473,5265,33,50
2024,2024melew,Week 3,5687,9096,6153,6895,166,133,86,73
2024,2024melew,Week 3,3451,2712,9101,4564,4041,8023,29,73
2024,2024melew,Week 3,6161,1100,6329,4906,5459,5265,100,31
2024,2024melew,Week 3,9055,58,2648,7907,2523,8410,62,33
2024,2024melew,Week 3,6895,172,4473,8421,9732,1729,59,22
2024,2024miann,Week 3,3098,8297,9241,8895,9672,7147,38,29
2024,2024miann,Week 3,9211,6344,5530,2960,5227,5498,38,56
2024,2024miann,Week 3,9209,5263,2337,8832,7660,862,32,30
2024,2024miann,Week 3,9212,8728,9210,9183,5239,4395,22,15
2024,2024miann,Week 3,4362,3322,5067,5708,4327,1502,77,58
2024,2024miann,Week 3,6615,1076,302,9204,5144,67,125,79
2024,2024miann,Week 3,3668,6528,5282,6190,6101,8300,34,10
2024,2024miann,Week 3,7147,7660,9211,9672,9209,8832,42,14
2024,2024miann,Week 3,2960,862,9241,9210,3098,5498,31,35
2024,2024miann,Week 3,4395,6344,1502,8895,9212,2337,39,44
2024,2024miann,Week 3,6615,5708,67,5227,1076,5144,79,63
2024,2024miann,Week 3,5282,8300,8728,5530,4327,6528,51,59
2024,2024miann,Week 3,9204,6190,5067,9183,3322,8297,28,59
2024,2024miann,Week 3,6101,302,5239,5263,3668,4362,41,62
2024,2024miann,Week 3,7660,4395,2960,9212,1502,9672,52,25
2024,2024miann,Week 3,9210,5144,5708,9241,9209,9211,76,14
2024,2024miann,Week 3,8895,5498,8728,6528,2337,67,44,79
2024,2024miann,Week 3,7147,3322,8832,1076,8300,8297,64,48
2024,2024miann,Week 3,302,5530,5263,6101,4327,3098,65,40
2024,2024miann,Week 3,9204,9183,4362,5067,5282,5227,54,54
2024,2024miann,Week 3,862,6615,6344,3668,5239,6190,60,25
2024,2024miann,Week 3,9209,67,8895,9672,9211,8728,39,51
2024,2024miann,Week 3,3322,2337,1076,9210,9241,6528,81,34
2024,2024miann,Week 3,5530,5708,4395,8297,7660,302,71,46
2024,2024miann,Week 3,5263,9183,6101,1502,2960,4362,20,84
2024,2024miann,Week 3,9204,8300,5227,862,3668,5498,32,49
2024,2024miann,Week 3,6190,7147,4327,6344,5239,5144,43,66
2024,2024miann,Week 3,5282,3098,6615,5067,8832,9212,47,26
2024,2024miann,Week 3,5708,8297,8728,9241,67,5530,51,72
2024,2024miann,Week 3,2960,1076,6528,4362,302,2337,73,63
2024,2024miann,Week 3,3668,9183,9672,862,3322,9210,33,38
2024,2024miann,Week 3,5144,6101,7147,7660,6344,9204,41,45
2024,2024miann,Week 3,5239,5498,4327,1502,5263,8895,52,28
2024,2024miann,Week 3,8832,4395,8300,6190,6615,5227,27,57
2024,2024miann,Week 3,3098,5067,9209,5282,9212,9211,52,23
2024,2024miann,Week 3,8297,9672,6528,1076,862,5708,49,79
2024,2024miann,Week 3,9183,8728,9241,6344,302,3322,19,55
2024,2024miann,Week 3,7147,3668,9204,5263,2960,4327,36,33
2024,2024miann,Week 3,5227,8832,2337,6615,8895,6101,46,47
2024,2024miann,Week 3,5498,9211,5144,4362,4395,5282,39,70
2024,2024miann,Week 3,67,9212,3098,9209,6190,5530,47,28
2024,2024miann,Week 3,5239,1502,9210,7660,8300,5067,19,55
2024,2024miann,Week 3,6344,2960,3668,302,6528,5708,70,82
2024,2024miann,Week 3,6101,9241,5227,4327,8832,8895,43,34
2024,2024miann,Week 3,9183,5282,862,8728,1076,7147,41,63
2024,2024miann,Week 3,9212,5498,3322,5144,8297,9209,65,46
2024,2024miann,Week 3,9672,7660,5263,4395,5067,6615,18,68
2024,2024miann,Week 3,67,4362,5239,8300,2337,3098,95,56
2024,2024miann,Week 3,9211,9210,6190,1502,5530,9204,9,42
2024,2024miann,Week 3,8895,6344,9183,8832,9241,3668,41,39
2024,2024miann,Week 3,5144,4327,9212,5498,6528,6101,56,34
2024,2024miann,Week 3,5263,862,5067,1076,9209,4395,59,27
2024,2024miann,Week 3,67,5227,7660,3322,3098,2960,76,42
2024,2024miann,Week 3,9211,1502,8300,8728,302,6190,34,51
2024,2024miann,Week 3,8297,9210,5530,4362,7147,6615,35,83
2024,2024miann,Week 3,2337,5282,9204,5239,9672,5708,47,43
2024,2024miann,Week 3,6528,9209,862,4327,4395,9241,68,36
2024,2024miann,Week 3,3668,3098,7660,5498,9183,1076,51,47
2024,2024miann,Week 3,3322,8895,6190,5067,6101,9211,33,38
2024,2024miann,Week 3,7147,5227,9212,302,67,1502,57,72
2024,2024miann,Week 3,8832,8728,5239,5708,9204,2960,25,65
2024,2024miann,Week 3,8300,5530,4362,2337,5144,9672,57,52
2024,2024miann,Week 3,6344,8297,5282,6615,5263,9210,68,29
2024,2024miann,Week 3,4395,6101,3322,3098,9211,1076,70,32
2024,2024miann,Week 3,302,5498,9209,5067,3668,67,44,85
2024,2024miann,Week 3,6528,9204,5239,1502,9241,7660,52,52
2024,2024miann,Week 3,5144,4362,8895,5530,7147,862,70,37
2024,2024miann,Week 3,8297,5263,8832,8728,5227,6344,26,76
2024,2024miann,Week 3,4327,6615,8300,9212,5708,9183,42,18
2024,2024miann,Week 3,2337,9210,2960,5282,6190,9672,58,53
2024,2024miann,Week 3,3098,6528,4395,9211,9204,3322,57,55
2024,2024miann,Week 3,1076,5067,1502,5530,5144,3668,66,54
2024,2024miann,Week 3,9209,8728,7660,6101,4362,6344,44,50
2024,2024miann,Week 3,9241,6615,9212,5227,5239,5263,36,34
2024,2024miann,Week 3,8300,2960,302,862,8895,8297,87,41
2024,2024miann,Week 3,67,9672,4327,9210,8832,9183,59,32
2024,2024miann,Week 3,2337,6190,5498,5708,5282,7147,49,49
2024,2024miann,Week 3,6528,5067,5144,8728,9204,3098,68,32
2024,2024miann,Week 3,9241,4362,1076,4395,9212,3668,87,46
2024,2024miann,Week 3,3322,1502,9209,2960,5530,6615,68,73
2024,2024miann,Week 3,9672,862,6101,8300,67,6344,42,60
2024,2024miann,Week 3,4327,9211,9183,5239,2337,8297,39,45
2024,2024miann,Week 3,6190,5708,8832,5498,7147,5263,53,28
2024,2024miann,Week 3,5227,8895,302,7660,9210,5282,59,39
2024,2024ncash,Week 3,7763,8727,9150,5679,9496,3680,46,38
2024,2024ncash,Week 3,4861,435,8429,3506,9298,9607,41,29
2024,2024ncash,Week 3,9605,1225,6888,9032,7890,9042,33,17
2024,2024ncash,Week 3,900,5727,4290,9789,6932,4795,66,37
2024,2024ncash,Week 3,6639,3506,587,7763,9762,9297,61,41
2024,2024ncash,Week 3,9496,5679,9298,9042,4861,1225,50,23
2024,2024ncash,Week 3,6888,7890,6932,8727,9789,5727,17,42
2024,2024ncash,Week 3,9297,900,6639,8429,4795,9607,47,70
2024,2024ncash,Week 3,9762,587,9032,9605,435,9150,45,17
2024,2024ncash,Week 3,3680,7763,5727,4290,4861,5679,48,23
2024,2024ncash,Week 3,9298,7890,9789,9297,9042,3506,33,30
2024,2024ncash,Week 3,9762,900,9032,8727,9605,6932,35,60
2024,2024ncash,Week 3,9607,1225,3680,9150,6639,9496,21,62
2024,2024ncash,Week 3,435,4290,4795,8429,587,6888,38,48
2024,2024ncash,Week 3,9042,9605,5727,7890,900,4861,13,31
2024,2024ncash,Week 3,9298,9150,9762,9297,3506,7763,4,72
2024,2024ncash,Week 3,5679,9789,8429,587,8727,1225,30,66
2024,2024ncash,Week 3,435,9607,9496,6888,3680,4290,54,31
2024,2024ncash,Week 3,4795,9032,9150,6932,6639,9298,71,28
2024,2024ncash,Week 3,5679,3506,9605,4861,5727,9297,41,26
2024,2024ncash,Week 3,9042,900,8429,1225,9762,9496,56,46
2024,2024ncash,Week 3,7890,3680,6639,6888,435,4795,23,50
2024,2024ncash,Week 3,8727,9789,587,4290,9032,9607,65,33
2024,2024ncash,Week 3,6932,8429,9150,7763,9042,9762,33,51
2024,2024ncash,Week 3,4795,1225,3506,9605,9297,7890,45,19
2024,2024ncash,Week 3,4290,587,9298,5679,6888,900,82,35
2024,2024ncash,Week 3,3680,6932,435,9607,4861,8727,21,41
2024,2024ncash,Week 3,5727,9032,9496,9789,6639,7763,48,49
2024,2024ncash,Week 3,9150,587,9042,9297,9298,4795,38,47
2024,2024ncash,Week 3,8727,8429,3680,900,9605,6932,51,12
2024,2024ncash,Week 3,3506,9496,4861,9762,5679,4290,63,16
2024,2024ncash,Week 3,7890,7763,9607,9789,9032,435,45,33
2024,2024ncash,Week 3,6888,6639,8727,1225,5727,9298,73,23
2024,2024ncash,Week 3,8429,4290,9297,3680,9042,6932,24,35
2024,2024ncash,Week 3,7890,9150,3506,587,9605,4861,42,32
2024,2024ncash,Week 3,1225,6888,9032,900,9496,7763,34,77
2024,2024ncash,Week 3,9607,9762,9789,4795,5679,5727,5,78
2024,2024ncash,Week 3,6639,4290,9042,3506,8727,435,50,72
2024,2024ncash,Week 3,7763,1225,8429,9032,6932,4861,69,52
2024,2024ncash,Week 3,587,7890,5679,9150,9607,900,54,64
2024,2024ncash,Week 3,4795,9789,9605,9298,435,6639,54,27
2024,2024ncash,Week 3,9496,3680,9297,5727,6888,9762,48,84
2024,2024ncash,Week 3,3506,6932,900,9150,4290,1225,42,19
2024,2024ncash,Week 3,4861,4795,8727,435,7763,587,79,82
2024,2024ncash,Week 3,9042,9298,9789,3680,9762,7890,8,43
2024,2024ncash,Week 3,9607,9297,6888,9032,5679,6639,6,43
2024,2024ncash,Week 3,9605,9496,4290,8429,5727,3506,50,33
2024,2024ncash,Week 3,4861,3680,9789,1225,4795,7890,38,65
2024,2024ncash,Week 3,9762,9297,435,900,9298,8727,23,55
2024,2024ncash,Week 3,5727,9150,5679,6639,8429,9605,15,25
2024,2024ncash,Week 3,6932,9607,7763,9496,6888,9042,49,35
2024,2024ncash,Week 3,587,4795,900,9032,3506,3680,86,48
2024,2024ncash,Week 3,6639,4861,9762,4290,8727,7890,20,48
2024,2024ncash,Week 3,6932,9297,1225,9789,9150,6888,5,21
2024,2024ncash,Week 3,435,9042,5679,9496,8429,9032,23,64
2024,2024ncash,Week 3,9298,7763,9605,5727,9607,587,43,28
2024,2024njski,Week 3,1403,222,5310,223,8714,1143,65,32
2024,2024njski,Week 3,433,1257,3515,1089,5438,3637,13,68
2024,2024njski,Week 3,1676,2590,5992,6897,293,4750,108,41
2024,2024njski,Week 3,2191,9116,8513,7587,1923,6860,59,55
2024,2024njski,Week 3,7045,102,1807,7110,5490,8130,71,29
2024,2024njski,Week 3,708,5457,8075,3314,4361,9424,70,48
2024,2024njski,Week 3,433,1676,293,4750,1143,1257,73,25
2024,2024njski,Week 3,3637,3515,223,8513,222,2590,29,93
2024,2024njski,Week 3,102,7110,6860,1923,2191,7045,23,67
2024,2024njski,Week 3,8714,9424,9116,6897,1089,3314,29,83
2024,2024njski,Week 3,1807,708,5490,5992,7587,8075,71,27
2024,2024njski,Week 3,5310,8130,5438,4361,5457,1403,35,36
2024,2024njski,Week 3,8513,1257,1923,1143,3637,6860,61,40
2024,2024njski,Week 3,7045,9424,2590,8714,4750,433,51,9
2024,2024njski,Week 3,6897,223,222,7587,3314,5490,66,43
2024,2024njski,Week 3,1676,1403,2191,293,8075,8130,79,21
2024,2024njski,Week 3,5992,9116,4361,5457,1807,3515,72,43
2024,2024njski,Week 3,5310,7110,1089,5438,708,102,43,32
2024,2024njski,Week 3,5490,6860,8714,223,1923,9424,9,81
2024,2024njski,Week 3,4750,1403,7587,222,1257,7045,35,41
2024,2024njski,Week 3,3314,8130,2191,4361,1143,2590,42,55
2024,2024njski,Week 3,8075,5310,1676,9116,708,3515,52,52
2024,2024njski,Week 3,5457,1089,8513,293,7110,1807,73,82
2024,2024njski,Week 3,5438,6897,433,102,5992,3637,39,38
2024,2024njski,Week 3,1403,8130,8714,6860,2191,223,34,60
2024,2024njski,Week 3,4361,8075,5490,2590,1257,9116,28,50
2024,2024njski,Week 3,5457,1143,1923,708,1089,7045,58,67
2024,2024njski,Week 3,3515,5438,4750,1807,8513,433,32,77
2024,2024njski,Week 3,7110,222,3637,9424,6897,1676,68,46
2024,2024njski,Week 3,5992,3314,293,7587,5310,102,69,24
2024,2024njski,Week 3,2590,6860,5457,1257,8075,8714,43,29
2024,2024njski,Week 3,9116,1143,1089,5438,7045,223,60,54
2024,2024njski,Week 3,433,2191,708,4750,222,1807,44,71
2024,2024njski,Week 3,9424,7587,7110,5992,8130,3515,14,51
2024,2024njski,Week 3,3637,4361,6897,1923,293,1403,53,69
2024,2024njski,Week 3,5310,3314,8513,1676,102,5490,70,42
2024,2024njski,Week 3,8075,7045,4750,222,5438,2191,7,77
2024,2024njski,Week 3,1089,9424,8130,433,5992,6860,13,21
2024,2024njski,Week 3,6897,1923,7110,2590,3515,1403,49,55
2024,2024njski,Week 3,8513,293,223,5310,1807,9116,74,53
2024,2024njski,Week 3,1143,5490,102,3314,3637,5457,17,47
2024,2024njski,Week 3,8714,4361,708,1257,1676,7587,63,50
2024,2024njski,Week 3,1923,4750,1089,8075,2191,7110,80,34
2024,2024njski,Week 3,7045,9116,6897,9424,5310,433,40,10
2024,2024njski,Week 3,222,5457,5992,3637,8513,1403,32,79
2024,2024njski,Week 3,4361,6860,1257,102,223,2590,45,63
2024,2024njski,Week 3,1143,3515,3314,8130,1676,708,45,59
2024,2024njski,Week 3,1807,7587,8714,5490,5438,293,56,51
2024,2024njski,Week 3,1403,5992,7110,9116,433,8075,76,30
2024,2024njski,Week 3,223,5310,4361,2191,5457,6897,79,20
2024,2024njski,Week 3,8130,2590,1923,708,8513,1143,79,52
2024,2024njski,Week 3,5490,4750,3637,293,1089,7587,57,46
2024,2024njski,Week 3,1257,102,9424,3515,8714,222,59,38
2024,2024njski,Week 3,6860,1807,5438,7045,1676,3314,45,90
2024,2024njski,Week 3,223,433,5457,1923,708,5310,48,49
2024,2024njski,Week 3,7587,6897,1143,4750,7110,4361,27,52
2024,2024njski,Week 3,8130,102,9116,2191,3637,1257,31,68
2024,2024njski,Week 3,293,3515,7045,222,6860,3314,31,65
2024,2024njski,Week 3,5490,1403,1089,8513,8714,1676,70,64
2024,2024njski,Week 3,5438,2590,8075,1807,9424,5992,62,69
2024,2024njski,Week 3,708,223,4750,7110,9116,5457,71,43
2024,2024njski,Week 3,102,433,222,2191,4361,7587,62,32
2024,2024njski,Week 3,3515,8513,6897,6860,7045,8130,41,43
2024,2024njski,Week 3,1257,3314,5438,8714,5992,1923,76,45
2024,2024njski,Week 3,1089,1807,1676,2590,5490,5310,83,45
2024,2024njski,Week 3,9424,3637,293,8075,1403,1143,38,50
2024,2024njski,Week 3,7110,7045,8513,8130,433,4361,92,30
2024,2024njski,Week 3,9116,7587,5438,5457,8714,102,66,30
2024,2024njski,Week 3,1676,1923,222,1089,223,5992,69,74
2024,2024njski,Week 3,1143,293,2191,3515,5490,9424,62,16
2024,2024njski,Week 3,3637,2590,708,6860,4750,5310,68,10
2024,2024njski,Week 3,3314,8075,1807,1403,6897,1257,76,70
2024,2024onbar,Week 3,5031,8789,9098,1325,216,4015,26,61
2024,2024onbar,Week 3,7722,4917,7690,9525,2702,9782,42,19
2024,2024onbar,Week 3,5870,5408,7022,4688,288,9580,23,48
2024,2024onbar,Week 3,3683,3560,6859,8081,6864,244,50,21
2024,2024onbar,Week 3,4917,8765,4907,9782,4015,9592,86,16
2024,2024onbar,Week 3,216,7022,7722,7690,8789,5870,32,6
2024,2024onbar,Week 3,4688,3683,9098,5408,244,9580,86,38
2024,2024onbar,Week 3,2702,4907,9592,1325,6859,6864,61,47
2024,2024onbar,Week 3,3560,8081,5031,288,8765,9525,26,46
2024,2024onbar,Week 3,9580,216,7690,9098,9782,244,30,40
2024,2024onbar,Week 3,3683,1325,4907,7022,8789,4688,84,16
2024,2024onbar,Week 3,5408,2702,8081,4015,7722,8765,40,3
2024,2024onbar,Week 3,3560,288,6864,5031,9525,4917,41,30
2024,2024onbar,Week 3,5870,4688,9592,216,6859,9782,33,51
2024,2024onbar,Week 3,1325,7690,5408,4907,8081,9580,45,94
2024,2024onbar,Week 3,2702,3560,8765,8789,3683,4917,20,77
2024,2024onbar,Week 3,9525,7022,244,9098,288,9592,48,55
2024,2024onbar,Week 3,5870,6859,4015,5031,6864,7722,19,17
2024,2024onbar,Week 3,9782,8081,9580,2702,1325,8789,23,77
2024,2024onbar,Week 3,5408,9592,3683,4907,9098,9525,51,66
2024,2024onbar,Week 3,4688,5031,4015,6859,7722,7690,10,23
2024,2024onbar,Week 3,8765,244,288,216,3560,5870,24,41
2024,2024onbar,Week 3,1325,9580,7022,6864,4917,5408,61,30
2024,2024onbar,Week 3,9098,5031,7722,4688,9782,4907,34,50
2024,2024onbar,Week 3,7690,9525,3560,8081,6859,8789,7,51
2024,2024onbar,Week 3,3683,244,216,288,4015,2702,50,56
2024,2024onbar,Week 3,4917,9592,7022,8765,6864,5870,53,26
2024,2024onbar,Week 3,9525,4688,6859,9098,1325,3560,42,70
2024,2024onbar,Week 3,8789,4015,244,4907,7722,288,24,95
2024,2024onbar,Week 3,6864,3683,2702,9782,5408,216,53,33
2024,2024onbar,Week 3,9592,9580,8765,5031,7022,7690,46,22
2024,2024onbar,Week 3,4917,4015,9098,8081,5870,1325,50,75
2024,2024onbar,Week 3,6859,4907,5408,244,7722,3560,60,23
2024,2024onbar,Week 3,9782,8789,5031,3683,7022,8765,15,56
2024,2024onbar,Week 3,7690,5870,288,2702,4917,4688,33,78
2024,2024onbar,Week 3,9580,6864,9525,9592,216,8081,51,48
2024,2024onbar,Week 3,7722,9782,1325,7022,4907,3560,45,61
2024,2024onbar,Week 3,6859,2702,5031,8789,9098,5408,50,36
2024,2024onbar,Week 3,288,4688,6864,9525,8765,216,46,33
2024,2024onbar,Week 3,8081,9580,4917,4015,7690,3683,66,58
2024,2024onbar,Week 3,244,5870,2702,9592,1325,5031,42,64
2024,2024onbar,Week 3,7022,9782,288,8765,9098,6859,38,50
2024,2024onbar,Week 3,3560,216,4917,9580,5408,7722,38,34
2024,2024onbar,Week 3,4015,8081,9525,4907,3683,5870,36,73
2024,2024onbar,Week 3,6864,9592,8789,7690,244,4688,34,31
2024,2024onbar,Week 3,288,5031,216,6859,9580,2702,50,50
2024,2024onbar,Week 3,5870,8765,1325,7722,9525,3683,63,25
2024,2024onbar,Week 3,7022,9098,8081,8789,4688,4907,57,45
2024,2024onbar,Week 3,6864,7690,9782,5408,3560,4015,33,29
2024,2024onbar,Week 3,244,9592,6859,4917,288,1325,45,92
2024,2024onbar,Week 3,7722,9525,8789,9580,5031,3683,10,79
2024,2024onbar,Week 3,4015,4907,6864,3560,2702,7022,56,47
2024,2024onbar,Week 3,8765,5408,4688,244,4917,9782,16,63
2024,2024onbar,Week 3,216,5870,9098,9592,7690,8081,75,37
2024,2024onosh,Week 3,6070,9621,5036,1360,7712,6110,27,45
2024,2024onosh,Week 3,1285,2708,5596,9589,2634,2935,35,68
2024,2024onosh,Week 3,5689,188,9569,5406,8731,8884,15,50
2024,2024onosh,Week 3,3543,1241,2609,6866,7902,2013,89,34
2024,2024onosh,Week 3,5460,2935,7136,2708,781,5036,58,22
2024,2024onosh,Week 3,1285,1360,9589,6110,9621,5596,25,51
2024,2024onosh,Week 3,188,3543,5406,7902,5689,7712,52,47
2024,2024onosh,Week 3,5460,2013,8884,7136,6070,2634,62,30
2024,2024onosh,Week 3,781,8731,1241,9569,2609,6866,44,12
2024,2024onosh,Week 3,188,7712,9589,5036,1285,3543,36,44
2024,2024onosh,Week 3,1360,5406,7136,2708,6110,2935,49,42
2024,2024onosh,Week 3,781,9621,7902,9569,8884,2013,29,38
2024,2024onosh,Week 3,5689,5596,2609,8731,5460,6070,13,62
2024,2024onosh,Week 3,6866,1241,9589,2634,1360,188,47,23
2024,2024onosh,Week 3,3543,6110,7902,5036,9569,5406,33,57
2024,2024onosh,Week 3,7712,2609,2013,2935,5596,781,56,53
2024,2024onosh,Week 3,8884,6866,5689,2708,7136,8731,44,26
2024,2024onosh,Week 3,9621,1241,2634,6070,1285,5460,74,50
2024,2024onosh,Week 3,2609,6110,5406,2013,3543,781,46,34
2024,2024onosh,Week 3,7136,9569,7712,7902,9589,5596,66,5
2024,2024onosh,Week 3,8884,2708,6070,188,5460,9621,34,54
2024,2024onosh,Week 3,5689,2935,1360,1285,8731,6866,61,31
2024,2024onosh,Week 3,2634,5036,3543,1241,5596,7712,21,74
2024,2024onosh,Week 3,2708,5406,5460,6110,9589,9569,76,27
2024,2024onosh,Week 3,6070,188,6866,2609,2935,8884,17,61
2024,2024onosh,Week 3,2634,781,1285,8731,7902,1360,52,27
2024,2024onosh,Week 3,5036,5689,1241,9621,7136,2013,82,43
2024,2024onosh,Week 3,6070,3543,2708,5596,6866,5406,18,47
2024,2024onosh,Week 3,6110,8731,1285,7902,2609,188,26,53
2024,2024onosh,Week 3,8884,9589,5036,781,1360,9569,40,35
2024,2024onosh,Week 3,7712,2935,9621,5689,2013,2634,55,42
2024,2024onosh,Week 3,5460,1241,6110,7136,188,2609,54,37
2024,2024onosh,Week 3,6866,5036,1360,9569,5406,6070,15,37
2024,2024onosh,Week 3,2935,2013,8731,3543,9621,9589,49,23
2024,2024onosh,Week 3,781,7136,5689,1241,7902,2708,44,58
2024,2024onosh,Week 3,5596,2634,5460,7712,8884,1285,54,44
2024,2024onosh,Week 3,5406,6866,2935,9621,2609,5036,60,27
2024,2024onosh,Week 3,2013,1360,2708,1241,188,8731,25,29
2024,2024onosh,Week 3,1285,7712,781,3543,8884,7136,74,30
2024,2024onosh,Week 3,7902,2634,9569,6110,6070,5689,39,22
2024,2024onosh,Week 3,9589,5596,188,5460,6866,9621,27,51
2024,2024onosh,Week 3,8731,5406,7712,1241,1285,7136,47,71
2024,2024onosh,Week 3,8884,781,7902,2935,6070,1360,54,41
2024,2024onosh,Week 3,5596,9569,3543,2609,2634,2708,28,28
2024,2024onosh,Week 3,2013,5036,6110,9589,5689,5460,51,18
2024,2024onosh,Week 3,6866,7136,7902,1360,8884,9621,49,36
2024,2024onosh,Week 3,8731,9569,2634,2935,3543,1241,44,57
2024,2024onosh,Week 3,2609,781,6110,7712,2708,188,37,45
2024,2024onosh,Week 3,2013,9589,6070,5406,5689,1285,15,36
2024,2024onosh,Week 3,5596,7902,8731,5036,5460,3543,33,66
2024,2024onosh,Week 3,188,6110,8884,2634,7712,6866,38,31
2024,2024onosh,Week 3,9621,2708,5689,9589,6070,781,33,34
2024,2024onosh,Week 3,9569,1285,2935,7136,5036,5596,59,35
2024,2024onosh,Week 3,1360,5460,2609,5406,2013,1241,78,60
2024,2024paphi,Week 3,2539,1218,752,9416,6808,2607,55,45
2024,2024paphi,Week 3,8704,2495,5113,5181,5407,1168,29,64
2024,2024paphi,Week 3,1391,2458,204,341,365,9094,25,83
2024,2024paphi,Week 3,5684,8721,4342,816,4637,1811,37,45
2024,2024paphi,Week 3,4373,2234,2095,2539,423,709,24,58
2024,2024paphi,Week 3,365,5113,6808,9094,1391,2607,47,106
2024,2024paphi,Week 3,4637,5407,204,752,1168,2458,31,42
2024,2024paphi,Week 3,5684,4373,5181,4342,709,1218,58,65
2024,2024paphi,Week 3,2095,8704,816,9416,8721,341,18,75
2024,2024paphi,Week 3,2234,423,2607,1811,2495,5407,64,59
2024,2024paphi,Week 3,5113,1218,9094,4637,752,5684,68,60
2024,2024paphi,Week 3,9416,2458,2095,5181,4373,204,19,58
2024,2024paphi,Week 3,6808,1391,1168,2234,1811,4342,84,59
2024,2024paphi,Week 3,2495,365,816,8704,341,2539,44,56
2024,2024paphi,Week 3,709,8721,5181,423,5407,752,74,23
2024,2024paphi,Week 3,4342,204,2095,4637,6808,9094,37,54
2024,2024paphi,Week 3,4373,1391,2495,5684,2234,8704,73,42
2024,2024paphi,Week 3,1168,9416,365,2607,341,423,58,77
2024,2024paphi,Week 3,709,1811,2458,5113,8721,2539,44,59
2024,2024paphi,Week 3,1218,6808,5684,5407,4342,816,54,45
2024,2024paphi,Week 3,752,5181,2234,341,365,2095,37,72
2024,2024paphi,Week 3,8721,2607,4637,2458,8704,423,67,19
2024,2024paphi,Week 3,1391,709,4373,1811,2539,5113,57,72
2024,2024paphi,Week 3,204,816,9094,1218,9416,2495,49,65
2024,2024paphi,Week 3,8704,1168,8721,341,5181,4342,49,89
2024,2024paphi,Week 3,365,2539,4637,709,2607,5684,66,70
2024,2024paphi,Week 3,9094,2495,423,1811,204,9416,76,42
2024,2024paphi,Week 3,816,5113,752,1168,2095,2234,36,48
2024,2024paphi,Week 3,5407,1218,1391,6808,2458,4373,61,46
2024,2024paphi,Week 3,2607,4342,2495,204,423,8721,96,39
2024,2024paphi,Week 3,9416,5684,5113,752,8704,709,62,12
2024,2024paphi,Week 3,1168,1218,341,2095,1811,1391,94,47
2024,2024paphi,Week 3,2458,2234,4637,816,6808,5181,14,70
2024,2024paphi,Week 3,4373,2539,5407,365,9094,8704,62,57
2024,2024paphi,Week 3,1168,341,1811,204,423,1218,101,57
2024,2024paphi,Week 3,4637,709,9416,2234,1391,8721,35,69
2024,2024paphi,Week 3,9094,2539,4342,5181,2458,365,73,74
2024,2024paphi,Week 3,6808,5407,5113,2095,5684,2495,32,81
2024,2024paphi,Week 3,2607,752,1811,4373,816,341,72,45
2024,2024paphi,Week 3,2539,204,2234,1218,8704,4637,54,43
2024,2024paphi,Week 3,5684,9094,5181,709,2095,5407,74,17
2024,2024paphi,Week 3,365,2607,1391,2495,752,6808,77,40
2024,2024paphi,Week 3,5113,4342,2458,423,9416,4373,52,42
2024,2024paphi,Week 3,8721,816,2234,9094,1168,709,36,86
2024,2024paphi,Week 3,5181,2607,8704,1391,5684,204,52,67
2024,2024paphi,Week 3,423,365,1811,752,4342,9416,71,28
2024,2024paphi,Week 3,816,1168,2539,5113,4637,4373,89,28
2024,2024paphi,Week 3,5407,341,2458,2495,2095,1218,67,62
2024,2024paphi,Week 3,8704,1811,6808,8721,9094,752,52,54
2024,2024paphi,Week 3,2539,5181,9416,2607,5113,1168,77,70
2024,2024paphi,Week 3,2495,709,341,4342,4637,1391,71,87
2024,2024paphi,Week 3,6808,2095,423,2458,5684,816,41,43
2024,2024paphi,Week 3,5407,4373,8721,1218,2234,365,34,65
2024,2024paphi,Week 3,1391,752,8704,204,5113,709,30,28
2024,2024paphi,Week 3,4342,4637,1168,2095,9094,2607,45,67
2024,2024paphi,Week 3,1811,5181,1218,8721,4373,365,85,36
2024,2024paphi,Week 3,341,204,6808,2234,9416,5407,69,15
2024,2024paphi,Week 3,423,816,5684,2458,2495,2539,65,68
2024,2024vagle,Week 3,2106,2068,5338,540,3939,6882,71,35
2024,2024vagle,Week 3,2988,1086,4286,5804,2998,346,24,47
2024,2024vagle,Week 3,6194,5724,617,1599,3136,4472,21,60
2024,2024vagle,Week 3,6802,3361,977,1262,9709,2186,28,41
2024,2024vagle,Week 3,2890,5954,1610,4821,1522,404,37,31
2024,2024vagle,Week 3,6882,5804,4286,2106,4472,617,51,40
2024,2024vagle,Week 3,3939,6802,2068,977,5724,1086,50,31
2024,2024vagle,Week 3,4821,5338,540,1610,2988,1522,35,41
2024,2024vagle,Week 3,1262,346,2998,6194,2890,2186,60,37
2024,2024vagle,Week 3,3136,3361,9709,5954,1599,404,53,16
2024,2024vagle,Week 3,617,6882,4821,1610,1086,5804,29,59
2024,2024vagle,Week 3,4286,2106,2186,2890,5724,3939,61,51
2024,2024vagle,Week 3,4472,9709,1599,6194,540,1262,67,29
2024,2024vagle,Week 3,2998,3361,2988,1522,2068,6802,37,37
2024,2024vagle,Week 3,3136,5954,977,404,5338,346,51,42
2024,2024vagle,Week 3,1086,1262,2106,5804,2186,540,82,42
2024,2024vagle,Week 3,5724,6882,2068,9709,4286,2890,36,46
2024,2024vagle,Week 3,1522,404,977,2988,617,3136,33,46
2024,2024vagle,Week 3,346,3939,4472,3361,4821,1610,82,36
2024,2024vagle,Week 3,1599,6194,5338,5954,6802,2998,57,32
2024,2024vagle,Week 3,2106,1522,5804,2988,2890,1262,86,47
2024,2024vagle,Week 3,6882,3136,1086,9709,617,3939,56,54
2024,2024vagle,Week 3,346,4286,5724,5338,404,6802,67,60
2024,2024vagle,Week 3,2186,4472,5954,2068,1610,6194,30,30
2024,2024vagle,Week 3,540,1599,3361,2998,977,4821,42,30
2024,2024vagle,Week 3,6802,2988,2106,1262,3136,3939,61,70
2024,2024vagle,Week 3,2890,5338,1086,404,1610,4286,42,24
2024,2024vagle,Week 3,2186,3361,617,5954,540,9709,31,27
2024,2024vagle,Week 3,2068,6194,4472,5724,4821,5804,31,59
2024,2024vagle,Week 3,977,346,6882,2998,1522,1599,28,28
2024,2024vagle,Week 3,1262,617,404,6802,540,2186,13,26
2024,2024vagle,Week 3,4821,6194,2890,3136,4286,5338,33,58
2024,2024vagle,Week 3,346,1522,5954,9709,977,2068,43,49
2024,2024vagle,Week 3,1599,5804,2988,3361,3939,1086,49,66
2024,2024vagle,Week 3,4472,2998,1610,2106,6882,5724,32,58
2024,2024vagle,Week 3,4286,540,617,1522,6194,9709,4,54
2024,2024vagle,Week 3,1086,1599,4821,2988,2186,346,39,51
2024,2024vagle,Week 3,2068,1262,3361,5338,1610,5724,46,77
2024,2024vagle,Week 3,2998,404,6882,3939,5954,5804,16,38
2024,2024vagle,Week 3,977,4472,6802,3136,2106,2890,51,105
2024,2024vagle,Week 3,2186,1610,1599,1522,4286,3361,39,25
2024,2024vagle,Week 3,3939,404,6194,6882,2988,5338,60,33
2024,2024vagle,Week 3,4821,2068,3136,9709,2106,2998,52,51
2024,2024vagle,Week 3,540,6802,2890,4472,5804,977,40,40
2024,2024vagle,Week 3,5724,1262,5954,617,1086,346,50,59
2024,2024vagle,Week 3,6194,2998,3136,404,2106,3361,44,59
2024,2024vagle,Week 3,977,2186,3939,4286,4821,4472,37,21
2024,2024vagle,Week 3,1610,346,540,2068,1086,5954,63,45
2024,2024vagle,Week 3,5724,9709,2988,5338,5804,1262,44,54
2024,2024vagle,Week 3,6882,2890,1522,1599,617,6802,44,67
2024,2024vagle,Week 3,3939,2998,4286,3361,346,6194,36,63
2024,2024vagle,Week 3,1086,9709,404,540,977,2106,34,53
2024,2024vagle,Week 3,5804,6802,1610,2890,1599,2068,70,51
2024,2024vagle,Week 3,2186,3136,5724,5954,4821,2988,68,31
2024,2024vagle,Week 3,617,5338,1522,4472,6882,1262,46,45
2024,2024vagle,Week 3,1610,3939,2106,4286,977,6194,54,35
2024,2024vagle,Week 3,404,2988,540,346,5724,1599,22,95
2024,2024vagle,Week 3,5804,2890,3136,617,2068,2998,92,25
2024,2024vagle,Week 3,6802,1262,4821,3361,5954,6882,48,42
2024,2024vagle,Week 3,5338,4472,9709,1086,2186,1522,66,36
2024,2024wabon,Week 3,4469,1778,2930,8302,9581,9446,100,28
2024,2024wabon,Week 3,4512,2910,8303,8896,4579,3786,38,13
2024,2024wabon,Week 3,7627,3393,2522,2907,3219,5937,89,36
2024,2024wabon,Week 3,3218,2980,2046,5683,3049,3663,57,55
2024,2024wabon,Week 3,3826,4915,2906,5941,7461,2557,30,85
2024,2024wabon,Week 3,2929,4682,4579,8032,6350,4911,51,18
2024,2024wabon,Week 3,8896,3049,7627,4512,1778,3219,35,91
2024,2024wabon,Week 3,2907,2522,4915,5683,3826,9446,44,51
2024,2024wabon,Week 3,7461,3786,3218,8303,2929,2930,58,52
2024,2024wabon,Week 3,2557,4469,5937,9581,3663,4682,63,75
2024,2024wabon,Week 3,6350,2906,5941,2046,3393,4911,21,49
2024,2024wabon,Week 3,2910,2980,8896,8032,8302,3049,42,45
2024,2024wabon,Week 3,2929,3218,3663,4579,3219,4915,60,48
2024,2024wabon,Week 3,3786,4512,9446,9581,2906,3393,55,9
2024,2024wabon,Week 3,4682,2930,8302,6350,2046,7627,44,65
2024,2024wabon,Week 3,8032,2557,8303,5937,2980,1778,40,66
2024,2024wabon,Week 3,2910,5683,2907,5941,4469,3826,47,53
2024,2024wabon,Week 3,8896,4911,3663,7461,2522,4512,96,45
2024,2024wabon,Week 3,7627,9446,1778,2046,9581,8032,82,46
2024,2024wabon,Week 3,2910,8302,4469,3219,3218,5941,51,51
2024,2024wabon,Week 3,5937,4915,6350,2907,3393,7461,59,4
2024,2024wabon,Week 3,3826,3049,2557,2929,4911,3786,83,23
2024,2024wabon,Week 3,2522,4579,5683,2980,2930,2906,54,54
2024,2024wabon,Week 3,4682,9446,7461,8303,5937,3218,59,40
2024,2024wabon,Week 3,3219,8302,3393,4915,2929,3049,15,47
2024,2024wabon,Week 3,3786,2930,2557,5941,2910,9581,48,51
2024,2024wabon,Week 3,8896,2907,8303,4911,7627,5683,11,40
2024,2024wabon,Week 3,1778,6350,4579,2522,4469,2046,49,109
2024,2024wabon,Week 3,3663,4512,3826,8032,4682,2906,75,33
2024,2024wabon,Week 3,2980,9581,4911,4915,8896,3218,40,71
2024,2024wabon,Week 3,8303,2046,3049,2930,5937,2910,42,108
2024,2024wabon,Week 3,7461,8032,3219,9446,3663,5941,41,75
2024,2024wabon,Week 3,2906,2929,4469,1778,4682,2522,27,80
2024,2024wabon,Week 3,4512,2557,4579,8302,7627,2907,61,31
2024,2024wabon,Week 3,3393,3786,3826,6350,2980,5683,47,47
2024,2024wabon,Week 3,2930,3219,9446,4915,4911,2910,34,76
2024,2024wabon,Week 3,9581,8303,7461,2522,2557,8896,29,100
2024,2024wabon,Week 3,4469,3786,6350,5937,8032,4512,35,67
2024,2024wabon,Week 3,2046,3826,4682,3218,5683,8302,88,41
2024,2024wabon,Week 3,3393,5941,1778,3663,2907,4579,63,52
2024,2024wabon,Week 3,7627,2929,2980,3049,2906,4911,52,47
2024,2024wabon,Week 3,9446,8032,3218,8302,2557,6350,52,44
2024,2024wabon,Week 3,4915,2046,5941,2522,8303,3786,73,48
2024,2024wabon,Week 3,7461,7627,3663,3049,4469,3393,77,13
2024,2024wabon,Week 3,2906,5937,8896,4579,2930,3826,22,66
2024,2024wabon,Week 3,2980,2907,4512,3219,9581,2929,31,14
2024,2024wabon,Week 3,4682,5683,3786,1778,2910,7461,19,111
2024,2024wabon,Week 3,7627,3826,8032,3393,4579,8303,69,16
2024,2024wabon,Week 3,9581,6350,2522,3049,5941,4512,60,49
2024,2024wabon,Week 3,8302,4915,2980,9446,8896,4469,50,56
2024,2024wabon,Week 3,4911,5937,4682,5683,2046,2929,34,56
2024,2024wabon,Week 3,2906,3219,2910,2557,3218,2907,73,43
2024,2024wabon,Week 3,1778,3663,8032,2930,4512,4915,79,90
2024,2024wabon,Week 3,4469,4579,9581,3826,8303,6350,43,19
2024,2024wabon,Week 3,2906,7461,5683,3219,3786,7627,56,45
2024,2024wabon,Week 3,5941,8896,2929,3393,3218,2930,38,56
2024,2024wabon,Week 3,3663,8302,5937,4911,1778,2907,73,65
2024,2024wabon,Week 3,2557,2910,2046,9446,2522,2980,85,43
2024,2024wabon,Week 3,6350,3049,3219,4682,8303,4915,28,48
2024,2024wabon,Week 3,3218,3826,1778,2930,7627,9581,96,61
2024,2024wabon,Week 3,2929,2907,8032,2046,7461,8896,31,95
2024,2024wabon,Week 3,2980,3393,2557,4469,4512,4682,22,71
2024,2024wabon,Week 3,2910,9446,3049,4579,5941,5937,92,25
2024,2024wabon,Week 3,4911,2522,8302,3786,3663,2906,69,71
2024,2024wabon,Week 3,4512,5683,3393,2557,1778,2929,26,67
2024,2024wabon,Week 3,5937,9446,2046,3826,8896,3219,82,26
2024,2024wabon,Week 3,3786,4915,9581,4579,7461,8302,29,24
2024,2024wabon,Week 3,8303,2906,7627,3663,6350,2910,27,95
2024,2024wabon,Week 3,2907,5941,2930,3049,4682,2980,60,34
2024,2024wabon,Week 3,3218,4911,2522,5683,8032,4469,89,41
2024,2024ontor,Week 4,7136,9575,854,6977,7058,6397,53,20
2024,2024ontor,Week 4,7520,8574,5719,2198,9785,4946,59,87
2024,2024ontor,Week 4,6866,4920,5912,6141,5032,7558,63,44
2024,2024ontor,Week 4,3161,1246,6140,7603,7475,6975,55,17
2024,2024ontor,Week 4,9262,854,2200,4308,6632,2198,40,48
2024,2024ontor,Week 4,9785,5032,6397,6866,8574,6141,31,13
2024,2024ontor,Week 4,7136,7520,7603,7058,7558,4946,63,64
2024,2024ontor,Week 4,6975,5912,3161,2200,6977,6140,48,37
2024,2024ontor,Week 4,1246,4920,6632,9262,7475,9575,55,27
2024,2024ontor,Week 4,5719,7603,6141,4946,854,4308,29,52
2024,2024ontor,Week 4,5912,6397,2198,7136,5032,7558,49,80
2024,2024ontor,Week 4,9785,9575,8574,6632,6975,2200,30,31
2024,2024ontor,Week 4,7475,4308,4920,5719,6140,3161,35,52
2024,2024ontor,Week 4,1246,6866,6977,9262,7058,7520,6,53
2024,2024ontor,Week 4,854,6632,5032,7603,5912,8574,36,51
2024,2024ontor,Week 4,6397,7136,5719,9785,6975,4308,66,44
2024,2024ontor,Week 4,7058,6141,4920,6977,2198,9262,39,39
2024,2024ontor,Week 4,2200,1246,9575,4946,3161,7520,32,79
2024,2024ontor,Week 4,6140,7558,854,6632,7475,6866,63,17
2024,2024ontor,Week 4,7058,5719,9785,4920,6975,5032,60,50
2024,2024ontor,Week 4,4308,9262,5912,1246,7136,4946,42,44
2024,2024ontor,Week 4,7520,6141,6140,7475,2200,6397,34,52
2024,2024ontor,Week 4,9575,7603,7558,3161,6977,8574,48,43
2024,2024ontor,Week 4,2198,5719,6975,854,7058,6866,46,39
2024,2024ontor,Week 4,4946,2200,5032,9785,4920,7520,57,64
2024,2024ontor,Week 4,8574,6632,7475,5912,6397,1246,19,32
2024,2024ontor,Week 4,6141,6977,4308,7136,2198,7558,4,53
2024,2024ontor,Week 4,3161,9575,7603,6866,6140,9262,63,22
2024,2024ontor,Week 4,5912,4946,7058,5719,6397,4920,53,58
2024,2024ontor,Week 4,2198,8574,2200,6632,6141,7136,50,22
2024,2024ontor,Week 4,7558,9785,6866,9575,6140,6975,42,25
2024,2024ontor,Week 4,5032,7520,7475,854,9262,3161,77,68
2024,2024ontor,Week 4,6977,7603,6632,4308,1246,5719,25,41
2024,2024ontor,Week 4,6140,6866,7136,9575,4946,6141,42,69
2024,2024ontor,Week 4,5032,2198,7058,2200,9785,3161,38,103
2024,2024ontor,Week 4,7603,1246,854,4920,4308,8574,26,45
2024,2024ontor,Week 4,9262,6975,6397,5912,7520,6977,31,46
2024,2024ontor,Week 4,7558,6866,2200,4946,5719,7475,78,79
2024,2024ontor,Week 4,6140,7603,7058,1246,6141,9785,34,30
2024,2024ontor,Week 4,5032,5912,4308,7520,6632,9575,56,33
2024,2024ontor,Week 4,7475,3161,2198,6975,7136,6977,65,26
2024,2024ontor,Week 4,7558,4920,9262,6397,8574,854,82,30
2024,2024ontor,Week 4,4308,2200,7058,7603,6866,5032,71,30
2024,2024ontor,Week 4,6141,3161,4946,5719,5912,6632,70,42
2024,2024ontor,Week 4,8574,9262,7136,6140,7475,9785,52,35
2024,2024ontor,Week 4,854,6977,4920,7558,7520,1246,52,72
2024,2024ontor,Week 4,6975,2198,6141,9575,6397,7603,46,26
2024,2024ontor,Week 4,6632,4946,9262,7058,3161,7136,91,79
2024,2024ontor,Week 4,6977,7558,7475,2200,9785,5912,32,95
2024,2024ontor,Week 4,6866,5719,9575,2198,854,1246,71,36
2024,2024ontor,Week 4,6397,4308,7520,8574,5032,6140,46,51
2024,2024ontor,Week 4,6975,4946,6977,4920,2200,7603,19,66
2024,2024ontor,Week 4,7475,7058,1246,6141,854,5912,37,51
2024,2024ontor,Week 4,6397,6140,6632,5032,9262,5719,19,43
2024,2024ontor,Week 4,8574,7558,6975,3161,4308,6866,40,61
2024,2024ontor,Week 4,7520,7136,9785,4920,9575,2198,88,49
2024,2024tuhc,Week 4,8058,9565,7522,5883,9490,7575,28,9
2024,2024tuhc,Week 4,9464,6430,7035,8084,6024,8042,40,33
2024,2024tuhc,Week 4,4191,9447,9609,9070,9247,9231,29,42
2024,2024tuhc,Week 4,9281,8220,6064,9523,9025,7672,38,36
2024,2024tuhc,Week 4,6415,7086,9690,9583,8308,9692,25,35
2024,2024tuhc,Week 4,7444,6417,7050,9468,6874,8557,37,48
2024,2024tuhc,Week 4,9625,2905,8500,6429,9591,6985,41,60
2024,2024tuhc,Week 4,9469,6838,8777,3646,9502,8173,61,6
2024,2024tuhc,Week 4,9436,8158,7035,8159,8214,8058,27,47
2024,2024tuhc,Week 4,9583,7522,7575,6430,4191,8042,45,31
2024,2024tuhc,Week 4,9070,9692,9523,5883,9231,8084,21,77
2024,2024tuhc,Week 4,6415,6985,9247,9464,8557,9281,61,29
2024,2024tuhc,Week 4,9609,8173,6024,9690,9025,9565,52,31
2024,2024tuhc,Week 4,6064,9468,9469,8214,9625,6429,42,67
2024,2024tuhc,Week 4,9502,7050,8159,9490,8500,9447,33,31
2024,2024tuhc,Week 4,8777,8220,7086,9436,6417,9591,34,8
2024,2024tuhc,Week 4,8308,7444,2905,8158,7672,3646,82,22
2024,2024tuhc,Week 4,6838,7522,9281,6874,8084,9070,54,38
2024,2024tuhc,Week 4,4191,6985,6064,6415,8173,9469,55,27
2024,2024tuhc,Week 4,9502,8058,8557,9565,9583,6024,36,23
2024,2024tuhc,Week 4,9692,9490,8214,9609,9591,8220,83,47
2024,2024tuhc,Week 4,5883,9436,9464,9690,7050,9468,18,41
2024,2024tuhc,Week 4,7575,6874,7672,8500,3646,8777,14,45
2024,2024tuhc,Week 4,9447,6417,6429,7444,8158,6430,58,47
2024,2024tuhc,Week 4,9523,6838,8159,8308,9625,9247,80,12
2024,2024tuhc,Week 4,2905,9231,9025,7035,8042,7086,69,52
2024,2024tuhc,Week 4,7522,9591,9502,9690,6985,9436,34,46
2024,2024tuhc,Week 4,8557,3646,7050,6064,9692,8058,39,66
2024,2024tuhc,Week 4,8500,5883,9583,6417,9609,8158,22,63
2024,2024tuhc,Week 4,8159,8084,8173,6874,6429,8220,61,41
2024,2024tuhc,Week 4,7672,7035,4191,9625,9464,9565,26,28
2024,2024tuhc,Week 4,9468,8777,9281,9447,9231,6430,22,28
2024,2024tuhc,Week 4,9523,7575,6415,7086,2905,6838,23,85
2024,2024tuhc,Week 4,8308,9070,9490,6024,7444,8214,33,74
2024,2024tuhc,Week 4,9025,8042,9692,9469,9247,9436,33,30
2024,2024tuhc,Week 4,6417,5883,3646,9625,4191,8173,42,23
2024,2024tuhc,Week 4,8159,6429,9231,7672,9583,6985,73,55
2024,2024tuhc,Week 4,7086,8084,6430,8557,8500,6064,47,27
2024,2024tuhc,Week 4,9490,8777,9565,8158,9070,6415,17,24
2024,2024tuhc,Week 4,8058,8042,9690,6838,8214,6874,13,87
2024,2024tuhc,Week 4,7050,9469,9447,7035,9523,7522,35,32
2024,2024tuhc,Week 4,9591,9281,8308,9609,7575,9464,8,75
2024,2024tuhc,Week 4,9247,9502,9468,2905,8220,6024,25,42
2024,2024tuhc,Week 4,9025,9436,9625,7444,9490,9231,20,51
2024,2024tuhc,Week 4,8042,7672,6838,9692,6415,6429,38,42
2024,2024tuhc,Week 4,9447,7035,8214,7086,8557,5883,54,41
2024,2024tuhc,Week 4,6430,6874,9591,9565,8308,9469,30,40
2024,2024tuhc,Week 4,3646,9609,9523,6985,9468,7522,58,49
2024,2024tuhc,Week 4,8173,7444,9583,9281,9247,7050,48,23
2024,2024tuhc,Week 4,8220,9464,9025,8058,9070,8500,26,33
2024,2024tuhc,Week 4,8777,2905,8158,4191,9690,8084,40,38
2024,2024tuhc,Week 4,6024,6064,9502,6417,8159,7575,35,58
2024,2024tuhc,Week 4,6429,8557,7672,9436,9523,9490,71,16
2024,2024tuhc,Week 4,3646,6415,6874,9247,7035,9609,20,63
2024,2024tuhc,Week 4,8173,8058,8308,9468,9447,8042,28,26
2024,2024tuhc,Week 4,6985,6430,8220,6838,8158,5883,58,39
2024,2024tuhc,Week 4,9469,9690,9625,7050,7575,9070,50,5
2024,2024tuhc,Week 4,2905,9281,6417,9692,9565,8159,52,67
2024,2024tuhc,Week 4,7522,6024,4191,8500,7086,7444,51,37
2024,2024tuhc,Week 4,8214,6064,9464,9231,9502,8777,59,41
2024,2024tuhc,Week 4,8084,9583,9447,9591,9025,3646,68,25
2024,2024tuhc,Week 4,9490,6429,7035,7575,8308,9690,58,11
2024,2024tuhc,Week 4,9070,6430,8557,8173,7672,2905,45,46
2024,2024tuhc,Week 4,6024,8500,9436,9281,9469,5883,22,39
2024,2024tuhc,Week 4,6874,7086,9692,8158,9625,9502,37,10
2024,2024tuhc,Week 4,9025,6838,9468,9591,8159,4191,52,49
2024,2024tuhc,Week 4,8214,9565,9247,6985,7050,8084,32,60
2024,2024tuhc,Week 4,9231,9464,6415,8220,7522,6417,53,36
2024,2024tuhc,Week 4,8042,9609,7444,8777,9523,8058,50,19
2024,2024tuhc,Week 4,9583,9436,6874,6064,9447,2905,23,95
2024,2024tuhc,Week 4,6429,5883,8308,9502,9281,9025,96,11
2024,2024tuhc,Week 4,9247,3646,7086,6430,9690,9490,92,28
2024,2024tuhc,Week 4,9231,6024,8158,7050,6415,6838,52,62
2024,2024tuhc,Week 4,8084,9469,9591,7672,8058,6417,58,52
2024,2024tuhc,Week 4,8220,9468,9070,7035,6064,9583,31,40
2024,2024tuhc,Week 4,8557,8159,9625,7522,8777,9609,68,72
2024,2024tuhc,Week 4,7575,9692,7444,9464,8173,6985,55,24
2024,2024tuhc,Week 4,9565,4191,8500,8042,8214,9523,24,60
2024,2024iscmp,Week 4,4416,1690,2630,5554,5987,5654,108,65
2024,2024iscmp,Week 4,3211,8223,6738,3316,5928,1576,35,44
2024,2024iscmp,Week 4,3835,7845,7112,4338,3075,5715,59,55
2024,2024iscmp,Week 4,3339,4320,5990,7067,7177,2231,78,38
2024,2024iscmp,Week 4,3083,1937,1657,6104,6740,2096,69,84
2024,2024iscmp,Week 4,1942,9738,5635,1577,1574,4590,42,90
2024,2024iscmp,Week 4,2679,5951,9739,7039,3065,6168,57,83
2024,2024iscmp,Week 4,9740,5135,5987,5654,6738,5614,28,63
2024,2024iscmp,Week 4,5554,5928,3211,3339,7112,4338,40,76
2024,2024iscmp,Week 4,1690,2231,2096,5715,8223,3083,110,46
2024,2024iscmp,Week 4,1937,3075,3316,5635,1576,1577,64,52
2024,2024iscmp,Week 4,1657,4590,7039,7067,3835,2630,90,86
2024,2024iscmp,Week 4,7177,9739,6740,5135,3065,4416,66,46
2024,2024iscmp,Week 4,2679,6104,6168,7845,4320,9738,54,55
2024,2024iscmp,Week 4,5614,1574,9740,5951,5990,1942,85,94
2024,2024iscmp,Week 4,3316,5554,1577,5987,3211,1690,64,66
2024,2024iscmp,Week 4,8223,7039,4338,4590,6738,1937,47,50
2024,2024iscmp,Week 4,3083,7112,2231,5635,7177,5135,68,54
2024,2024iscmp,Week 4,7067,9738,4416,3075,3339,3065,45,101
2024,2024iscmp,Week 4,5951,6740,5654,1942,2679,5715,85,53
2024,2024iscmp,Week 4,5928,4320,6104,3835,9739,5990,53,56
2024,2024iscmp,Week 4,7845,1576,5614,2096,6168,1657,84,80
2024,2024iscmp,Week 4,2630,4338,1574,9740,1937,3211,72,50
2024,2024iscmp,Week 4,8223,7067,4590,4416,5987,5635,40,66
2024,2024iscmp,Week 4,3339,1577,2231,7039,5715,5951,131,76
2024,2024iscmp,Week 4,5990,3075,5654,5135,9738,6740,73,60
2024,2024iscmp,Week 4,5614,6168,5554,3835,6738,3083,89,77
2024,2024iscmp,Week 4,3065,7177,3316,1657,4320,2630,58,106
2024,2024iscmp,Week 4,2096,7112,9739,2679,7845,9740,38,74
2024,2024iscmp,Week 4,1942,6104,1576,1690,1574,5928,40,86
2024,2024iscmp,Week 4,9738,4338,5987,6740,2231,5715,77,92
2024,2024iscmp,Week 4,5614,3835,1577,8223,5654,3339,101,47
2024,2024iscmp,Week 4,5951,5635,4590,7177,3211,6168,85,63
2024,2024iscmp,Week 4,3083,7039,2096,4320,5554,3075,53,47
2024,2024iscmp,Week 4,6738,9740,7067,5928,2630,2679,47,59
2024,2024iscmp,Week 4,7112,3316,4416,6104,1937,1574,53,88
2024,2024iscmp,Week 4,1576,1690,3065,5135,1942,7845,94,27
2024,2024iscmp,Week 4,1657,5990,5987,9739,1577,8223,84,55
2024,2024iscmp,Week 4,5554,6740,3835,3211,2231,5951,54,107
2024,2024iscmp,Week 4,6738,2630,7039,2096,7177,9738,104,30
2024,2024iscmp,Week 4,5928,9740,6168,1937,7067,5614,53,85
2024,2024iscmp,Week 4,4590,1576,4320,7112,5654,1574,48,75
2024,2024iscmp,Week 4,7845,5715,1690,5990,3065,5635,144,60
2024,2024iscmp,Week 4,3083,4338,1942,9739,4416,1657,67,65
2024,2024iscmp,Week 4,3075,5135,2679,3339,6104,3316,46,85
2024,2024iscmp,Week 4,9740,7039,7177,8223,5614,9738,57,63
2024,2024iscmp,Week 4,1937,2630,1576,5987,5951,4320,73,86
2024,2024iscmp,Week 4,6168,6738,7845,5990,1574,2231,51,110
2024,2024iscmp,Week 4,1577,3083,6740,7112,7067,5928,92,22
2024,2024iscmp,Week 4,3835,3211,1942,3075,2096,4416,98,52
2024,2024iscmp,Week 4,5554,9739,5135,5635,1657,3339,41,102
2024,2024iscmp,Week 4,4338,2679,3065,4590,1690,3316,63,90
2024,2024iscmp,Week 4,6104,5654,7177,5715,6168,1576,51,57
2024,2024iscmp,Week 4,2630,5951,8223,5990,7845,3083,110,71
2024,2024iscmp,Week 4,1937,2096,4320,1577,9740,3075,79,121
2024,2024iscmp,Week 4,5987,3339,6738,6740,7112,1942,114,61
2024,2024iscmp,Week 4,2231,4416,5554,2679,3316,5614,89,75
2024,2024iscmp,Week 4,5715,1657,1574,7039,5928,5135,106,58
2024,2024iscmp,Week 4,7067,3065,6104,3211,5654,4338,79,100
2024,2024iscmp,Week 4,5635,1690,9739,9738,4590,3835,103,61
2024,2024iscmp,Week 4,6168,1942,3339,2630,5987,3075,62,91
2024,2024iscmp,Week 4,6740,2679,4320,8223,5554,1937,50,60
2024,2024iscmp,Week 4,6738,4416,5928,5951,1657,7845,27,75
2024,2024iscmp,Week 4,1574,5135,7067,1577,4338,7177,82,77
2024,2024iscmp,Week 4,3211,5635,6104,7039,5614,1690,58,97
2024,2024iscmp,Week 4,9738,5990,7112,3316,3835,2096,70,70
2024,2024iscmp,Week 4,3065,4590,5715,1576,3083,9740,61,37
2024,2024iscmp,Week 4,5654,9739,1937,2231,2679,6738,67,77
2024,2024iscmp,Week 4,7177,1942,8223,4320,6168,4338,36,69
2024,2024iscmp,Week 4,5987,1577,7067,6104,5554,7845,90,57
2024,2024iscmp,Week 4,1574,3075,3835,5614,6740,2630,101,89
2024,2024iscmp,Week 4,1657,5135,7112,1690,9738,5951,47,144
2024,2024iscmp,Week 4,1576,5990,7039,4416,4590,3339,69,63
2024,2024iscmp,Week 4,2231,5635,5928,9740,2096,3065,91,55
2024,2024iscmp,Week 4,3316,5715,5654,9739,3083,3211,82,55
2024,2024iscmp,Week 4,5987,7845,1937,7177,3835,2679,52,47
2024,2024iscmp,Week 4,9738,2630,1577,4338,5614,6104,98,76
2024,2024iscmp,Week 4,5135,8223,5990,1942,5554,7039,61,68
2024,2024iscmp,Week 4,6168,4416,6740,7112,9740,1690,77,64
2024,2024iscmp,Week 4,2096,1576,5951,9739,3316,7067,69,64
2024,2024iscmp,Week 4,3075,5928,1657,5654,2231,4590,68,49
2024,2024iscmp,Week 4,5715,3339,3211,4320,5635,6738,68,89
2024,2024iscmp,Week 4,3065,3083,5554,1574,5987,8223,57,68
2024,2024flor,Week 4,4622,744,2152,8581,5842,6948,17,86
2024,2024flor,Week 4,179,21,1523,3164,4013,2080,58,22
2024,2024flor,Week 4,8841,7431,79,1369,9627,8057,52,13
2024,2024flor,Week 4,1744,8817,1592,5816,4024,3627,35,27
2024,2024flor,Week 4,6527,9728,9040,7403,8788,233,23,57
2024,2024flor,Week 4,8753,8066,1056,8791,2797,9778,26,1
2024,2024flor,Week 4,7459,5145,9670,6722,9313,6322,33,20
2024,2024flor,Week 4,86,3932,7072,180,1557,9300,63,52
2024,2024flor,Week 4,8324,801,6473,1860,386,1902,63,70
2024,2024flor,Week 4,4065,59,3242,5557,9402,4091,33,45
2024,2024flor,Week 4,744,8775,8841,1592,7431,4622,56,41
2024,2024flor,Week 4,6948,8817,8057,9728,2080,1523,39,40
2024,2024flor,Week 4,79,8581,8788,1056,5816,2797,20,45
2024,2024flor,Week 4,233,21,5842,1744,8753,6322,64,16
2024,2024flor,Week 4,9627,180,6527,5145,9778,1369,56,23
2024,2024flor,Week 4,6722,6473,1902,3164,3627,3932,54,30
2024,2024flor,Week 4,7459,4091,8791,9300,179,386,13,77
2024,2024flor,Week 4,9402,2152,59,801,1860,8775,62,74
2024,2024flor,Week 4,9670,3242,4013,4065,9040,1557,15,38
2024,2024flor,Week 4,4024,8324,5557,8066,7403,86,55,53
2024,2024flor,Week 4,9313,1056,79,7072,21,744,49,35
2024,2024flor,Week 4,1592,8581,6527,180,8753,7431,54,89
2024,2024flor,Week 4,2797,233,6473,1523,6722,8841,41,81
2024,2024flor,Week 4,8817,4622,8788,7459,179,3932,14,67
2024,2024flor,Week 4,6948,1902,5145,9300,8775,9402,59,17
2024,2024flor,Week 4,801,9670,4091,4013,9778,1744,40,41
2024,2024flor,Week 4,8057,4065,5816,6322,3164,86,43,31
2024,2024flor,Week 4,8066,5842,1860,9728,9627,3242,71,17
2024,2024flor,Week 4,386,7072,4024,2152,9040,5557,41,56
2024,2024flor,Week 4,59,7403,3627,1557,1369,9313,64,30
2024,2024flor,Week 4,6722,2080,8791,8324,8841,8788,30,69
2024,2024flor,Week 4,6527,7459,744,8775,1523,1902,20,38
2024,2024flor,Week 4,4622,1744,9670,8817,180,1056,17,87
2024,2024flor,Week 4,6473,4013,9402,1592,86,79,37,44
2024,2024flor,Week 4,3242,8581,5816,3932,8057,21,49,45
2024,2024flor,Week 4,8753,9627,386,4065,4024,179,32,79
2024,2024flor,Week 4,9778,7403,7431,2152,9300,6322,40,24
2024,2024flor,Week 4,2080,8066,801,9313,3627,7072,50,42
2024,2024flor,Week 4,5557,233,1557,2797,1860,5145,63,38
2024,2024flor,Week 4,3164,1369,9040,4091,9728,8324,30,39
2024,2024flor,Week 4,86,8791,6948,59,79,5842,53,64
2024,2024flor,Week 4,8057,744,8581,9402,6722,1744,58,43
2024,2024flor,Week 4,3932,1523,1592,386,1056,4065,43,61
2024,2024flor,Week 4,9670,2152,179,6473,6527,21,43,42
2024,2024flor,Week 4,9300,8841,8753,8788,801,3242,60,44
2024,2024flor,Week 4,9778,6322,2080,1860,1557,4622,26,59
2024,2024flor,Week 4,8775,3164,233,8066,4024,1369,51,11
2024,2024flor,Week 4,6948,180,7459,5816,8324,7403,83,70
2024,2024flor,Week 4,9728,2797,4013,59,7072,5145,27,88
2024,2024flor,Week 4,1902,9313,8817,7431,8791,5557,54,60
2024,2024flor,Week 4,3627,5842,9627,9040,4091,21,42,20
2024,2024flor,Week 4,86,1523,4065,1744,8788,2152,70,29
2024,2024flor,Week 4,8581,3932,9300,2080,744,9670,62,30
2024,2024flor,Week 4,79,1557,3164,233,6527,801,24,60
2024,2024flor,Week 4,4622,5816,1369,386,6722,8066,40,68
2024,2024flor,Week 4,179,1592,7403,7072,3242,2797,75,26
2024,2024flor,Week 4,8791,1902,9728,180,4013,8775,12,88
2024,2024flor,Week 4,9627,59,1860,8817,8753,7459,86,25
2024,2024flor,Week 4,7431,6322,8324,1056,9402,3627,38,50
2024,2024flor,Week 4,9040,6948,9778,5557,6473,8841,32,72
2024,2024flor,Week 4,4024,4091,5842,5145,8057,9313,48,32
2024,2024flor,Week 4,21,4622,6722,6527,8066,1557,58,29
2024,2024flor,Week 4,744,86,801,179,1369,2797,65,55
2024,2024flor,Week 4,2080,386,8775,79,1744,180,40,53
2024,2024flor,Week 4,8788,1902,3164,1592,9670,59,31,66
2024,2024flor,Week 4,3627,2152,233,3242,1056,7459,43,45
2024,2024flor,Week 4,6322,5557,8581,9627,8791,4013,65,47
2024,2024flor,Week 4,7431,7072,1860,4091,6948,5816,46,52
2024,2024flor,Week 4,8324,5145,9040,1523,8057,8753,55,37
2024,2024flor,Week 4,7403,9300,8817,5842,4065,6473,26,76
2024,2024flor,Week 4,4024,9313,9402,3932,9778,9728,10,36
2024,2024flor,Week 4,8841,1744,8066,1902,179,59,36,103
2024,2024flor,Week 4,1369,1592,1056,1557,7459,2080,47,8
2024,2024flor,Week 4,3242,5557,180,8788,6722,744,84,18
2024,2024flor,Week 4,2797,3164,9627,2152,386,6948,20,75
2024,2024flor,Week 4,801,5816,7431,9670,9040,8791,97,11
2024,2024flor,Week 4,3627,1860,9300,4013,6527,8057,55,37
2024,2024flor,Week 4,6322,3932,4024,4091,79,1523,26,49
2024,2024flor,Week 4,9313,4065,9778,233,8324,8581,31,72
2024,2024flor,Week 4,21,8841,7403,8775,5145,8817,61,46
2024,2024flor,Week 4,8753,9728,7072,6473,4622,86,26,36
2024,2024flor,Week 4,9402,2797,180,5842,7459,3164,62,34
2024,2024flor,Week 4,1369,6948,1744,8791,3242,1592,92,45
2024,2024flor,Week 4,4013,8788,386,8057,7431,8066,60,39
2024,2024flor,Week 4,1056,9300,6722,9040,59,4024,63,68
2024,2024flor,Week 4,1860,79,179,8581,3627,4065,61,65
2024,2024flor,Week 4,5145,233,4091,1902,2080,2152,46,29
2024,2024flor,Week 4,7072,6322,6527,744,8817,8324,36,53
2024,2024flor,Week 4,5842,5557,9728,8841,801,3932,81,79
2024,2024flor,Week 4,1523,9670,9627,7403,9402,4622,44,30
2024,2024flor,Week 4,1557,6473,8753,5816,8775,9313,21,53
2024,2024flor,Week 4,9778,1592,6722,21,86,7431,41,84
2024,2024nyli2,Week 4,5553,3624,2638,3950,5099,329,40,81
2024,2024nyli2,Week 4,8595,527,353,2872,884,545,62,28
2024,2024nyli2,Week 4,569,1468,358,6423,1554,8020,51,83
2024,2024nyli2,Week 4,2027,2869,601,3990,4567,8267,11,49
2024,2024nyli2,Week 4,533,871,287,496,810,263,31,51
2024,2024nyli2,Week 4,9646,2487,28,2161,6806,5736,22,47
2024,2024nyli2,Week 4,2347,806,5599,1803,2875,3137,19,53
2024,2024nyli2,Week 4,564,271,9016,1546,9220,870,56,49
2024,2024nyli2,Week 4,4567,514,2872,3950,6423,2638,33,39
2024,2024nyli2,Week 4,545,3990,5553,3624,496,533,52,29
2024,2024nyli2,Week 4,2161,28,8595,569,871,2869,13,43
2024,2024nyli2,Week 4,5736,8020,263,527,3137,2347,66,38
2024,2024nyli2,Week 4,1546,564,353,2487,1468,601,99,50
2024,2024nyli2,Week 4,870,271,514,2027,9016,2875,61,48
2024,2024nyli2,Week 4,5599,884,810,9646,329,806,36,47
2024,2024nyli2,Week 4,287,8267,1803,6806,358,9220,52,59
2024,2024nyli2,Week 4,5099,3990,2638,2347,2161,1554,69,23
2024,2024nyli2,Week 4,3624,2872,601,5736,871,1468,41,76
2024,2024nyli2,Week 4,496,514,3137,1546,569,527,26,64
2024,2024nyli2,Week 4,2875,870,263,9646,884,4567,91,21
2024,2024nyli2,Week 4,1803,329,810,2487,545,6806,68,40
2024,2024nyli2,Week 4,287,806,8020,2869,5099,1554,60,25
2024,2024nyli2,Week 4,8267,3950,28,353,6423,271,45,105
2024,2024nyli2,Week 4,533,358,5599,2027,5553,9220,39,53
2024,2024nyli2,Week 4,3137,2638,564,8595,9016,3990,45,70
2024,2024nyli2,Week 4,514,9646,6806,4567,601,545,44,22
2024,2024nyli2,Week 4,2869,3624,870,810,527,1468,61,85
2024,2024nyli2,Week 4,1554,569,2487,2872,8267,496,28,48
2024,2024nyli2,Week 4,271,358,871,884,2347,5099,34,22
2024,2024nyli2,Week 4,2875,3950,533,1803,564,8595,61,47
2024,2024nyli2,Week 4,9016,329,5553,5736,287,6423,77,85
2024,2024nyli2,Week 4,5599,2027,1546,8020,353,2161,42,63
2024,2024nyli2,Week 4,9220,806,601,3624,263,28,24,53
2024,2024nyli2,Week 4,271,545,1554,871,2638,514,31,79
2024,2024nyli2,Week 4,810,2869,9646,3137,358,3950,65,69
2024,2024nyli2,Week 4,884,2875,2487,5553,287,569,38,57
2024,2024nyli2,Week 4,2161,2872,564,8267,8020,329,55,69
2024,2024nyli2,Week 4,870,527,3990,5599,6806,28,61,31
2024,2024nyli2,Week 4,1803,263,4567,9016,5099,353,35,68
2024,2024nyli2,Week 4,806,496,5736,1468,8595,2027,73,63
2024,2024nyli2,Week 4,9220,6423,2347,533,1546,810,66,53
2024,2024nyli2,Week 4,9646,5553,2161,287,271,2872,44,77
2024,2024nyli2,Week 4,6806,3624,871,564,2875,8020,63,49
2024,2024nyli2,Week 4,569,870,9016,2869,5599,1803,74,31
2024,2024nyli2,Week 4,2638,1468,8267,5736,28,514,91,63
2024,2024nyli2,Week 4,8595,9220,496,353,4567,2347,32,62
2024,2024nyli2,Week 4,263,545,806,358,3990,1546,43,69
2024,2024nyli2,Week 4,6423,2027,884,3137,601,5099,57,27
2024,2024nyli2,Week 4,3950,1554,527,533,2487,329,61,45
2024,2024nyli2,Week 4,28,8020,5553,810,9016,514,63,76
2024,2024nyli2,Week 4,4567,2638,287,5599,564,871,56,38
2024,2024nyli2,Week 4,545,9220,5736,2869,2161,2875,38,64
2024,2024nyli2,Week 4,3624,569,8267,263,2347,9646,56,35
2024,2024nyli2,Week 4,1468,1554,1546,3950,8595,884,60,56
2024,2024nyli2,Week 4,358,353,2487,870,3137,533,69,63
2024,2024nyli2,Week 4,329,496,527,601,1803,271,37,27
2024,2024nyli2,Week 4,6423,2872,6806,3990,806,2027,58,44
2024,2024nyli2,Week 4,5099,5736,564,545,810,569,45,59
2024,2024nyli2,Week 4,514,1546,8595,3624,5599,287,57,48
2024,2024nyli2,Week 4,8020,884,3137,28,533,4567,38,42
2024,2024nyli2,Week 4,2347,601,358,9016,3950,2161,21,53
2024,2024nyli2,Week 4,353,5553,8267,871,870,806,87,68
2024,2024nyli2,Week 4,5099,9220,2875,2872,2487,3990,14,78
2024,2024nyli2,Week 4,527,9646,1803,2027,1554,2638,12,56
2024,2024nyli2,Week 4,263,2869,1468,329,6806,271,66,77
2024,2024nyli2,Week 4,6423,5599,2161,496,564,884,55,42
2024,2024nyli2,Week 4,871,9016,545,806,569,3950,68,67
2024,2024nyli2,Week 4,5099,287,8595,601,8267,870,47,67
2024,2024nyli2,Week 4,9220,353,3990,2638,8020,9646,84,41
2024,2024nyli2,Week 4,1554,4567,3137,271,5736,3624,39,72
2024,2024nyli2,Week 4,2487,2347,2869,514,263,6423,35,59
2024,2024nyli2,Week 4,358,2027,496,329,28,2875,56,58
2024,2024nyli2,Week 4,1546,1803,6806,810,5553,2872,24,70
2024,2024nyli2,Week 4,527,533,5099,1468,9646,9016,34,77
2024,2024nyli2,Week 4,601,5736,3950,8020,870,5599,63,71
2024,2024nyli2,Week 4,2487,2161,271,806,8595,3624,30,58
2024,2024nyli2,Week 4,329,3137,569,8267,871,9220,67,69
2024,2024nyli2,Week 4,2875,810,6423,1554,353,263,85,60
2024,2024nyli2,Week 4,6806,533,2869,2638,1546,496,58,89
2024,2024nyli2,Week 4,28,2872,2027,2347,545,287,53,49
2024,2024nyli2,Week 4,564,1468,4567,5553,527,358,73,49
2024,2024nyli2,Week 4,3990,514,3624,884,1803,5736,45,50
2024,2024nytr,Week 4,3951,5149,1559,1880,229,3360,32,41
2024,2024nytr,Week 4,5590,5993,1591,6911,333,1601,70,30
2024,2024nytr,Week 4,5016,1493,7030,3181,6648,5881,50,35
2024,2024nytr,Week 4,9750,1796,9624,9076,6300,3003,91,55
2024,2024nytr,Week 4,7031,2095,7605,6969,3044,250,70,41
2024,2024nytr,Week 4,3171,3986,4122,3173,7504,639,62,90
2024,2024nytr,Week 4,6621,2234,2053,3799,3550,2791,27,75
2024,2024nytr,Week 4,20,7718,1511,3419,2601,6401,71,53
2024,2024nytr,Week 4,7709,6463,3181,9076,229,296,36,15
2024,2024nytr,Week 4,250,3003,2095,5149,6911,5016,42,41
2024,2024nytr,Week 4,7605,5993,6969,1880,5590,1493,45,65
2024,2024nytr,Week 4,7030,3173,3171,9750,3044,1601,59,45
2024,2024nytr,Week 4,6621,5881,6401,4122,1796,3419,48,80
2024,2024nytr,Week 4,6648,3550,7504,9624,2791,296,30,40
2024,2024nytr,Week 4,6463,3360,7031,2601,1591,3799,39,111
2024,2024nytr,Week 4,3986,1559,1511,7709,6300,2234,50,70
2024,2024nytr,Week 4,20,3951,639,2053,7718,333,64,29
2024,2024nytr,Week 4,9076,6621,3171,6969,1493,5881,92,40
2024,2024nytr,Week 4,6911,7605,2791,7030,9624,3181,74,31
2024,2024nytr,Week 4,296,250,5016,3799,6401,3360,43,72
2024,2024nytr,Week 4,3044,2601,7709,5149,1591,2234,65,47
2024,2024nytr,Week 4,1601,3419,3173,2095,639,1880,89,37
2024,2024nytr,Week 4,7031,1796,1559,333,4122,20,76,52
2024,2024nytr,Week 4,1511,2053,9750,3986,6463,6648,63,28
2024,2024nytr,Week 4,3003,3550,7718,6300,3951,5993,53,45
2024,2024nytr,Week 4,5149,3799,229,5590,7504,9076,30,37
2024,2024nytr,Week 4,9624,6911,2601,3173,5016,7709,37,114
2024,2024nytr,Week 4,1880,2234,7605,3171,296,1796,41,96
2024,2024nytr,Week 4,6463,9750,5881,2791,639,1559,31,46
2024,2024nytr,Week 4,4122,1601,250,3550,1493,1511,30,64
2024,2024nytr,Week 4,3003,6969,1591,20,6401,3986,63,54
2024,2024nytr,Week 4,7504,3360,333,6300,3181,2095,65,53
2024,2024nytr,Week 4,3044,6648,5590,7718,3951,6621,57,33
2024,2024nytr,Week 4,3419,7030,229,2053,7031,5993,42,33
2024,2024nytr,Week 4,639,296,9750,1493,7709,5149,52,42
2024,2024nytr,Week 4,2234,250,9624,5881,20,1880,40,72
2024,2024nytr,Week 4,1591,3181,6911,6969,4122,3550,86,47
2024,2024nytr,Week 4,7605,6621,3003,2601,3173,3360,76,70
2024,2024nytr,Week 4,6401,333,3044,229,2053,6463,58,33
2024,2024nytr,Week 4,7504,2791,7031,1796,1601,7718,70,45
2024,2024nytr,Week 4,5016,1511,6300,3171,5590,3419,74,85
2024,2024nytr,Week 4,3951,3986,9076,5993,2095,7030,30,38
2024,2024nytr,Week 4,6648,2601,6969,3799,1559,4122,53,63
2024,2024nytr,Week 4,1591,9624,20,296,1493,6621,92,56
2024,2024nytr,Week 4,7718,3360,2234,229,9750,6911,52,50
2024,2024nytr,Week 4,639,6300,1601,6401,5016,7605,57,55
2024,2024nytr,Week 4,2095,3173,3550,5881,3171,7031,60,49
2024,2024nytr,Week 4,3951,250,6648,7504,6463,5993,31,22
2024,2024nytr,Week 4,3181,333,5149,3419,3799,3986,51,55
2024,2024nytr,Week 4,1559,7709,5590,2053,7030,1796,33,86
2024,2024nytr,Week 4,1511,9076,1880,2791,3003,3044,52,53
2024,2024nytr,Week 4,5881,6911,7718,296,7605,20,45,45
2024,2024nytr,Week 4,1493,4122,6300,2234,229,2095,101,15
2024,2024nytr,Week 4,1601,3171,6463,9624,5149,6969,32,34
2024,2024nytr,Week 4,2601,5590,2053,9750,3181,250,57,61
2024,2024nytr,Week 4,1591,5016,2791,5993,1559,3173,56,89
2024,2024nytr,Week 4,3550,3419,333,3360,9076,6648,73,34
2024,2024nytr,Week 4,1796,3799,639,3044,1511,3951,109,39
2024,2024nytr,Week 4,7030,7709,7504,3003,1880,6401,58,47
2024,2024nytr,Week 4,3986,296,6300,6621,7031,6911,88,40
2024,2024nytr,Week 4,6463,6969,3173,1493,7718,229,60,31
2024,2024nytr,Week 4,5993,5881,4122,3360,2053,5149,44,54
2024,2024nytr,Week 4,3550,9624,5590,1559,2095,3044,64,44
2024,2024nytr,Week 4,1511,1591,3419,7605,7504,9750,100,32
2024,2024nytr,Week 4,333,639,3171,250,7030,6621,62,35
2024,2024nytr,Week 4,7031,6401,3951,3181,2234,9076,18,40
2024,2024nytr,Week 4,1601,6648,3799,7709,20,3003,44,44
2024,2024nytr,Week 4,2791,1880,1796,5016,3986,2601,96,76
2024,2024nytr,Week 4,6911,3044,1493,1559,3419,7504,65,60
2024,2024nytr,Week 4,3173,5149,296,333,6969,7030,82,22
2024,2024nytr,Week 4,3360,5993,3181,639,1511,9624,56,57
2024,2024nytr,Week 4,2234,20,3171,5590,3003,6463,57,43
2024,2024nytr,Week 4,2095,9750,3799,1796,7605,3550,48,93
2024,2024nytr,Week 4,7718,9076,7709,4122,6621,5016,41,51
2024,2024nytr,Week 4,229,1601,3986,250,5881,2601,38,56
2024,2024nytr,Week 4,6648,1880,2053,6300,7031,1591,51,69
2024,2024nytr,Week 4,6401,2791,1493,6911,3171,3951,65,55
2024,2024ohcl,Week 4,8140,4121,3015,8718,695,9767,79,32
2024,2024ohcl,Week 4,8145,3484,1708,4085,9643,2603,67,46
2024,2024ohcl,Week 4,3954,5413,1787,6964,7515,4327,78,48
2024,2024ohcl,Week 4,451,7885,3504,9194,9622,7165,41,46
2024,2024ohcl,Week 4,120,5811,379,291,9075,4504,83,32
2024,2024ohcl,Week 4,4027,7460,6181,8243,48,3138,62,64
2024,2024ohcl,Week 4,2172,4467,9597,4050,8222,4601,68,19
2024,2024ohcl,Week 4,9653,8713,2252,2399,5492,4145,41,78
2024,2024ohcl,Week 4,4150,3777,5667,1405,7525,3954,49,71
2024,2024ohcl,Week 4,5413,451,291,8718,1708,4121,39,43
2024,2024ohcl,Week 4,4085,4327,695,7460,7885,9194,75,30
2024,2024ohcl,Week 4,4601,8243,2172,7515,120,2603,46,55
2024,2024ohcl,Week 4,7165,3015,4050,379,3484,48,64,88
2024,2024ohcl,Week 4,4504,9767,4150,8713,4145,3777,45,54
2024,2024ohcl,Week 4,3504,1405,5667,6181,8145,4467,74,45
2024,2024ohcl,Week 4,5492,3138,9653,7525,9597,8140,23,92
2024,2024ohcl,Week 4,8222,2399,9622,5811,9643,6964,19,45
2024,2024ohcl,Week 4,4027,4121,9075,2252,1787,7885,54,50
2024,2024ohcl,Week 4,3484,291,3954,4601,8713,9767,58,35
2024,2024ohcl,Week 4,3777,120,8718,8145,7515,4085,28,49
2024,2024ohcl,Week 4,4145,8140,451,6181,2172,1405,51,53
2024,2024ohcl,Week 4,4150,695,7460,9622,4467,2603,49,62
2024,2024ohcl,Week 4,3138,4050,2252,5413,4504,9643,45,37
2024,2024ohcl,Week 4,7525,7165,379,9597,2399,1787,62,66
2024,2024ohcl,Week 4,9194,4027,48,8222,5667,9075,59,29
2024,2024ohcl,Week 4,1708,3015,6964,9653,8243,5811,74,45
2024,2024ohcl,Week 4,4327,5492,3777,3504,4601,120,13,60
2024,2024ohcl,Week 4,7885,8140,6181,9643,8713,3954,38,37
2024,2024ohcl,Week 4,2603,9767,3138,1787,379,451,41,83
2024,2024ohcl,Week 4,1405,4145,8718,7460,7165,9075,62,23
2024,2024ohcl,Week 4,2172,6964,4504,4121,3484,9194,26,98
2024,2024ohcl,Week 4,3015,8222,4085,2399,291,5667,37,43
2024,2024ohcl,Week 4,4027,7525,9653,3504,5413,695,67,51
2024,2024ohcl,Week 4,7515,9597,9622,2252,4467,4327,41,74
2024,2024ohcl,Week 4,8145,4150,8243,5492,4050,5811,52,68
2024,2024ohcl,Week 4,4504,1708,4601,48,7885,1405,41,87
2024,2024ohcl,Week 4,6964,2603,8222,7165,6181,9767,35,45
2024,2024ohcl,Week 4,9653,379,5413,3777,7460,2172,70,27
2024,2024ohcl,Week 4,2399,9194,7515,4145,4121,3138,42,59
2024,2024ohcl,Week 4,5492,9622,8140,4085,4027,291,39,49
2024,2024ohcl,Week 4,451,9075,9643,3015,4150,3504,33,66
2024,2024ohcl,Week 4,3954,48,1708,120,2252,9597,60,70
2024,2024ohcl,Week 4,1787,8713,5811,4467,8718,4050,53,37
2024,2024ohcl,Week 4,7525,695,8145,4327,8243,3484,56,56
2024,2024ohcl,Week 4,5667,9653,9622,379,4601,4121,16,85
2024,2024ohcl,Week 4,9075,5492,4085,5413,9767,2172,54,25
2024,2024ohcl,Week 4,6181,120,3015,7165,2252,4150,62,53
2024,2024ohcl,Week 4,3777,3954,2399,48,4050,451,41,68
2024,2024ohcl,Week 4,291,3504,8713,3484,3138,7460,59,60
2024,2024ohcl,Week 4,4467,9194,9643,8243,8718,7525,45,65
2024,2024ohcl,Week 4,5667,5811,4145,2603,4327,8140,58,39
2024,2024ohcl,Week 4,8222,1787,7515,1708,1405,695,59,38
2024,2024ohcl,Week 4,9597,6964,8145,4504,4027,7885,43,45
2024,2024ohcl,Week 4,4601,6181,5492,7460,3015,2399,31,74
2024,2024ohcl,Week 4,8713,48,8718,2172,9622,7525,23,66
2024,2024ohcl,Week 4,9643,7165,4327,291,3777,4121,63,54
2024,2024ohcl,Week 4,9767,2252,1708,695,5667,4050,75,72
2024,2024ohcl,Week 4,7515,4145,379,451,8145,4027,66,54
2024,2024ohcl,Week 4,1405,9194,5413,2603,5811,9597,50,65
2024,2024ohcl,Week 4,7885,4085,3484,4150,9653,8222,67,24
2024,2024ohcl,Week 4,1787,3504,8243,3954,8140,4504,69,27
2024,2024ohcl,Week 4,120,9075,4467,6964,3138,3777,71,16
2024,2024ohcl,Week 4,8713,2172,7165,4327,1708,4027,51,72
2024,2024ohcl,Week 4,695,9643,4145,48,9597,4601,60,62
2024,2024ohcl,Week 4,7885,8718,7515,3484,5667,5492,27,84
2024,2024ohcl,Week 4,4050,1787,291,9194,6181,9653,69,38
2024,2024ohcl,Week 4,3138,4504,8222,9622,3954,3015,22,70
2024,2024ohcl,Week 4,5811,7525,7460,9767,451,120,63,58
2024,2024ohcl,Week 4,379,4085,1405,2252,6964,8243,60,80
2024,2024ohcl,Week 4,8140,8145,2399,9075,4150,5413,57,50
2024,2024ohcl,Week 4,4121,2603,48,4467,3504,5492,77,62
2024,2024ohcl,Week 4,8718,4504,7165,695,9653,3954,31,41
2024,2024ohcl,Week 4,3015,2172,3484,9622,3777,1787,69,48
2024,2024ohcl,Week 4,5667,4085,6964,9597,451,8713,44,62
2024,2024ohcl,Week 4,8145,4601,2252,8140,8222,9194,60,27
2024,2024ohcl,Week 4,4050,2603,6181,9075,7515,7525,59,52
2024,2024ohcl,Week 4,9767,1405,4027,9643,2399,120,78,52
2024,2024ohcl,Week 4,3138,4327,3504,1708,379,4150,65,82
2024,2024ohcl,Week 4,8243,291,4467,4145,5413,7885,53,43
2024,2024ohcl,Week 4,4121,7460,8713,5811,3954,8145,55,51
2024,2024iacf,Week 4,2847,6419,6706,4728,1785,8824,56,67
2024,2024iacf,Week 4,7848,2526,8737,9579,9543,9061,60,14
2024,2024iacf,Week 4,9570,7309,5935,5576,4624,6455,19,25
2024,2024iacf,Week 4,3928,8298,8766,3723,967,525,49,61
2024,2024iacf,Week 4,4260,1156,6217,7531,8821,7021,81,46
2024,2024iacf,Week 4,9508,6424,167,5041,6420,5837,63,56
2024,2024iacf,Week 4,4655,8744,1625,9092,7541,8770,49,46
2024,2024iacf,Week 4,6805,9495,4859,9639,5275,648,43,42
2024,2024iacf,Week 4,4607,2654,8822,4143,4646,8737,62,71
2024,2024iacf,Week 4,8824,9061,9570,8821,5935,6217,26,41
2024,2024iacf,Week 4,167,6419,4624,4260,8766,5576,64,17
2024,2024iacf,Week 4,2847,7848,9543,1156,9092,9508,44,86
2024,2024iacf,Week 4,6455,4728,7541,2526,9639,7531,73,47
2024,2024iacf,Week 4,4646,9579,1625,6805,6706,3723,88,20
2024,2024iacf,Week 4,3928,4655,967,5837,4607,9495,51,64
2024,2024iacf,Week 4,7021,4859,8744,5041,2654,6424,60,77
2024,2024iacf,Week 4,8822,7309,6420,1785,5275,8298,34,63
2024,2024iacf,Week 4,648,8770,7848,4143,525,5935,23,92
2024,2024iacf,Week 4,167,7531,9543,9570,1625,2847,42,60
2024,2024iacf,Week 4,4607,8824,6706,3928,9508,9495,62,57
2024,2024iacf,Week 4,1156,5837,2526,8766,2654,4646,61,68
2024,2024iacf,Week 4,9092,3723,7309,967,7541,7021,18,85
2024,2024iacf,Week 4,6217,4655,5041,648,6805,8822,61,24
2024,2024iacf,Week 4,4624,8821,1785,6424,9639,9579,70,63
2024,2024iacf,Week 4,4143,8744,4728,5275,6455,4260,78,28
2024,2024iacf,Week 4,6419,8737,5576,8298,4859,8770,25,29
2024,2024iacf,Week 4,9061,6420,7541,7021,4607,525,47,72
2024,2024iacf,Week 4,7309,5041,7848,1625,7531,3723,56,40
2024,2024iacf,Week 4,8766,1785,967,6217,9543,648,49,50
2024,2024iacf,Week 4,8744,4260,3928,4646,9570,6805,81,65
2024,2024iacf,Week 4,2526,6424,4143,8737,167,6706,112,38
2024,2024iacf,Week 4,1156,4728,8298,5935,4624,4655,86,54
2024,2024iacf,Week 4,8770,8824,8822,4859,6455,9092,34,62
2024,2024iacf,Week 4,6420,9495,9639,2654,9061,6419,46,56
2024,2024iacf,Week 4,9579,5576,5275,9508,525,2847,49,69
2024,2024iacf,Week 4,8821,648,9570,5837,8737,7309,25,24
2024,2024iacf,Week 4,9543,8298,4607,7531,6805,6424,35,49
2024,2024iacf,Week 4,7541,4646,1785,5935,5041,167,82,48
2024,2024iacf,Week 4,8766,7021,9639,7848,6706,3928,6,50
2024,2024iacf,Week 4,1625,2526,9508,6419,8822,9495,51,35
2024,2024iacf,Week 4,5275,8821,2654,4655,8770,5576,68,28
2024,2024iacf,Week 4,3723,4728,6420,4859,6217,4143,64,87
2024,2024iacf,Week 4,8824,525,9579,8744,967,1156,40,61
2024,2024iacf,Week 4,9092,5837,2847,9061,4260,4624,96,45
2024,2024iacf,Week 4,6455,9508,6419,4646,7021,648,38,82
2024,2024iacf,Week 4,6424,9570,8766,7541,8822,5275,47,53
2024,2024iacf,Week 4,4859,5935,4607,9543,1625,8821,53,43
2024,2024iacf,Week 4,8737,5041,4728,525,9495,7309,30,38
2024,2024iacf,Week 4,9639,8298,6217,5837,8744,9579,49,52
2024,2024iacf,Week 4,8770,4143,9061,7531,3928,1156,57,67
2024,2024iacf,Week 4,2654,6706,6455,3723,4624,2847,58,68
2024,2024iacf,Week 4,967,9092,6805,6420,5576,2526,52,61
2024,2024iacf,Week 4,4260,1785,167,8824,4655,7848,59,42
2024,2024iacf,Week 4,525,5275,6424,6419,6217,4646,72,68
2024,2024iacf,Week 4,9579,5935,7531,8822,8766,5837,43,29
2024,2024iacf,Week 4,2847,6455,8821,9495,7541,8298,47,56
2024,2024iacf,Week 4,7021,2526,4624,4607,8737,8744,61,34
2024,2024iacf,Week 4,4728,648,2654,167,3928,9092,87,79
2024,2024iacf,Week 4,6706,9543,5041,6420,4260,8770,58,24
2024,2024iacf,Week 4,967,4143,1625,9508,9061,4655,73,35
2024,2024iacf,Week 4,1785,3723,9639,5576,1156,9570,52,69
2024,2024iacf,Week 4,6805,7848,5837,7309,8824,4859,41,30
2024,2024iacf,Week 4,3928,7021,5935,2526,2847,5275,76,73
2024,2024iacf,Week 4,9495,7531,4646,4624,9092,9543,77,55
2024,2024iacf,Week 4,8737,9579,8766,4655,6420,6455,12,52
2024,2024iacf,Week 4,5576,648,3723,8744,6424,9061,23,79
2024,2024iacf,Week 4,8822,967,8821,4728,7848,6419,42,66
2024,2024iacf,Week 4,9639,1625,5041,8298,4143,8824,49,35
2024,2024iacf,Week 4,7541,6805,4260,1785,9508,2654,32,69
2024,2024iacf,Week 4,8770,167,1156,6217,7309,4607,71,74
2024,2024iacf,Week 4,525,4859,4655,6706,9570,2526,55,49
2024,2024iacf,Week 4,4624,8822,8744,8821,3928,6420,62,41
2024,2024iacf,Week 4,5275,3723,8824,648,7531,8737,28,29
2024,2024iacf,Week 4,8298,4646,9508,9061,8766,4728,53,56
2024,2024iacf,Week 4,6424,2847,4260,7309,9639,967,101,35
2024,2024iacf,Week 4,6455,1156,525,1625,167,4859,51,52
2024,2024iacf,Week 4,9543,5576,7541,6706,5837,4143,24,73
2024,2024iacf,Week 4,5935,6419,9092,5041,4607,6805,72,73
2024,2024iacf,Week 4,9495,8770,7021,9570,9579,1785,35,39
2024,2024iacf,Week 4,7848,6217,7531,2654,2847,3928,67,73
2024,2024mosl,Week 4,8719,3397,1288,3814,9428,2978,30,53
2024,2024mosl,Week 4,1732,1178,4766,2531,4522,3284,79,52
2024,2024mosl,Week 4,6391,2408,7417,5176,6237,7452,41,28
2024,2024mosl,Week 4,1756,4187,1329,5045,7117,4256,99,33
2024,2024mosl,Week 4,9031,1706,4931,3843,2783,5147,72,62
2024,2024mosl,Week 4,1939,931,5060,7472,9401,5583,24,57
2024,2024mosl,Week 4,4329,7662,8069,3937,8077,7496,43,67
2024,2024mosl,Week 4,6391,4330,6817,8719,1208,6744,43,39
2024,2024mosl,Week 4,4766,7417,1329,1178,1288,9428,66,55
2024,2024mosl,Week 4,6237,5147,3814,2531,2783,4187,41,71
2024,2024mosl,Week 4,5045,3284,5583,1939,2978,5176,33,47
2024,2024mosl,Week 4,7452,4931,7117,3937,931,8069,20,92
2024,2024mosl,Week 4,4330,4329,4522,3843,6817,3397,88,35
2024,2024mosl,Week 4,5060,7662,1756,9031,1732,9401,59,97
2024,2024mosl,Week 4,7496,6744,2408,1706,7472,4256,11,96
2024,2024mosl,Week 4,2531,2978,8077,1208,6391,5176,52,72
2024,2024mosl,Week 4,1939,5045,1178,2783,7117,1288,9,47
2024,2024mosl,Week 4,6237,4931,4329,4522,3397,5583,51,83
2024,2024mosl,Week 4,6817,3814,9031,7417,5147,3937,30,79
2024,2024mosl,Week 4,4187,8069,8719,1706,5060,9401,52,101
2024,2024mosl,Week 4,2408,1208,9428,6744,1329,7662,24,29
2024,2024mosl,Week 4,7472,7496,3843,1756,8077,1732,25,120
2024,2024mosl,Week 4,4256,3284,4766,931,4330,7452,76,49
2024,2024mosl,Week 4,1288,7417,5176,3937,4931,2783,35,100
2024,2024mosl,Week 4,9031,4329,2978,1178,6391,7117,73,31
2024,2024mosl,Week 4,8069,9428,2531,5583,6744,4187,78,19
2024,2024mosl,Week 4,6237,5060,1208,1756,1706,5045,69,117
2024,2024mosl,Week 4,7472,1732,4330,4766,7452,3814,53,66
2024,2024mosl,Week 4,1329,7496,3284,8077,6817,9401,45,42
2024,2024mosl,Week 4,4522,4256,5147,7662,1939,3397,36,39
2024,2024mosl,Week 4,7117,3843,2408,8719,931,9428,35,49
2024,2024mosl,Week 4,4931,8069,5583,6744,1756,1178,31,84
2024,2024mosl,Week 4,5060,2531,7472,4330,7417,1706,45,98
2024,2024mosl,Week 4,4187,3814,6391,9401,3937,3284,59,89
2024,2024mosl,Week 4,3397,8077,5147,7496,5176,5045,55,21
2024,2024mosl,Week 4,6817,4766,931,2783,7662,2408,55,8
2024,2024mosl,Week 4,4256,1732,6237,4329,1288,1208,62,63
2024,2024mosl,Week 4,1939,8719,4522,1329,9031,3843,39,48
2024,2024mosl,Week 4,7452,5583,1706,7117,4187,2978,65,26
2024,2024mosl,Week 4,5147,1756,4330,3284,6391,6744,56,72
2024,2024mosl,Week 4,7496,3397,1178,5176,3814,7662,10,26
2024,2024mosl,Week 4,7472,3937,1208,9428,9401,4931,60,35
2024,2024mosl,Week 4,9031,2531,8719,5045,4766,4329,9,59
2024,2024mosl,Week 4,6817,2978,7417,3843,6237,1288,44,48
2024,2024mosl,Week 4,8069,1939,1732,2408,4256,931,58,48
2024,2024mosl,Week 4,8077,2783,5060,1329,7452,4522,29,61
2024,2024mosl,Week 4,9428,5583,3937,5147,1208,3284,46,67
2024,2024mosl,Week 4,7662,9031,4187,6391,4329,2531,47,52
2024,2024mosl,Week 4,9401,3843,4330,2978,6237,1178,40,37
2024,2024mosl,Week 4,8719,7117,1732,4931,1939,4256,75,37
2024,2024mosl,Week 4,4522,7496,1288,5060,7452,2408,59,6
2024,2024mosl,Week 4,3397,5045,7472,8069,6817,2783,22,55
2024,2024mosl,Week 4,7417,6744,931,8077,1329,3814,50,56
2024,2024mosl,Week 4,1756,5176,3937,4766,1706,3843,50,102
2024,2024mosl,Week 4,7117,2531,7662,1732,4931,2978,25,61
2024,2024mosl,Week 4,9428,4256,7452,1178,5147,9031,40,40
2024,2024mosl,Week 4,2783,8719,6391,5583,5060,7496,28,17
2024,2024mosl,Week 4,6817,1329,1939,4330,8069,6237,43,69
2024,2024mosl,Week 4,3814,9401,5045,4522,2408,1706,48,95
2024,2024mosl,Week 4,1288,1756,931,5176,4329,6744,95,56
2024,2024mosl,Week 4,3397,4187,4766,1208,7417,8077,51,56
2024,2024mosl,Week 4,7662,5147,7472,3284,1178,8719,49,32
2024,2024mosl,Week 4,2978,5583,2783,3937,4256,4330,33,96
2024,2024mosl,Week 4,7117,9428,1706,2531,6817,6237,82,34
2024,2024mosl,Week 4,931,3843,4329,3814,5060,8069,65,65
2024,2024mosl,Week 4,9401,6744,1939,7417,7452,3397,40,37
2024,2024mosl,Week 4,4931,5045,1208,7496,4766,6391,47,61
2024,2024mosl,Week 4,2408,1288,8077,3284,9031,1756,33,102
2024,2024mosl,Week 4,1329,7472,5176,4187,1732,4522,51,87
2024,2024mosl,Week 4,1706,8719,6817,1178,5583,7662,60,25
2024,2024mosl,Week 4,5060,3937,7117,6744,2531,3397,32,61
2024,2024mosl,Week 4,3814,1208,4256,7417,5045,3843,64,31
2024,2024mosl,Week 4,7452,2783,4329,9401,2408,1756,58,81
2024,2024mosl,Week 4,8077,4766,4931,6237,3284,1939,55,24
2024,2024mosl,Week 4,1288,2978,1329,6391,7472,8069,29,69
2024,2024mosl,Week 4,4187,4330,7496,931,4522,9031,48,71
2024,2024mosl,Week 4,1732,5176,5060,5147,9428,6817,62,28
2024,2024mosl,Week 4,2408,1178,2531,1208,3397,1756,32,105
2024,2024mosl,Week 4,1706,3814,3937,5583,8077,1939,86,31
2024,2024mosl,Week 4,3843,3284,7452,4329,1329,8719,46,57
2024,2024mosl,Week 4,5045,1288,4187,7662,4330,4931,48,31
2024,2024mosl,Week 4,8069,7496,9401,5147,7117,4766,50,53
2024,2024mosl,Week 4,2783,4522,7417,1732,6391,9428,78,74
2024,2024mosl,Week 4,6744,6237,9031,2978,931,7472,55,61
2024,2024mosl,Week 4,5176,1178,8077,4256,8719,5060,32,31
2024,2024mosl,Week 4,7452,7662,5045,5583,3843,3814,11,47
2024,2024mosl,Week 4,4330,2408,1329,4931,4187,5147,28,34
2024,2024mosl,Week 4,9428,1939,7417,4329,1756,7496,42,91
2024,2024mosl,Week 4,3397,9031,6391,931,1706,1732,62,138
2024,2024mosl,Week 4,3284,5176,2783,1208,8069,7117,68,71
2024,2024mosl,Week 4,4256,9401,2531,1288,7472,6817,70,47
2024,2024mosl,Week 4,2978,3937,6744,4766,4522,6237,55,65
2024,2024code,Week 4,9068,1339,4388,1799,4593,1108,81,35
2024,2024code,Week 4,1303,5493,662,7737,2259,1011,39,10
2024,2024code,Week 4,2240,4010,2261,4418,2036,3807,39,45
2024,2024code,Week 4,9112,3374,7485,4293,1977,2945,31,79
2024,2024code,Week 4,1619,159,1138,1868,5690,4550,46,55
2024,2024code,Week 4,7243,3648,9552,1822,568,4068,42,41
2024,2024code,Week 4,3006,4499,1410,4009,5232,3200,95,71
2024,2024code,Week 4,3729,2996,4944,2083,7479,9586,75,28
2024,2024code,Week 4,7737,1108,9068,2259,8334,9112,27,18
2024,2024code,Week 4,7485,2240,5493,3374,1339,159,54,43
2024,2024code,Week 4,2945,662,4550,1822,2036,9552,42,50
2024,2024code,Week 4,1138,4418,4068,5232,1619,3006,57,95
2024,2024code,Week 4,4593,4009,4499,2261,7243,568,90,15
2024,2024code,Week 4,2083,3200,1303,3807,1977,5690,45,42
2024,2024code,Week 4,4944,9586,4293,1799,3648,1011,54,31
2024,2024code,Week 4,7479,3729,1410,1868,4388,8334,75,88
2024,2024code,Week 4,2996,7737,1339,4010,4068,1619,29,48
2024,2024code,Week 4,5232,2945,4418,159,7243,1108,89,28
2024,2024code,Week 4,4009,2083,2259,4550,1138,2261,60,60
2024,2024code,Week 4,2240,9552,1303,3200,9112,4944,35,25
2024,2024code,Week 4,4593,8334,1977,662,4388,3648,57,67
2024,2024code,Week 4,4010,9068,1868,5493,4499,9586,40,36
2024,2024code,Week 4,3729,1822,1799,4293,7485,2996,70,75
2024,2024code,Week 4,5690,1011,7479,3006,3374,3807,34,76
2024,2024code,Week 4,1410,568,2083,2036,159,7737,56,15
2024,2024code,Week 4,1303,4550,9112,8334,662,4068,56,47
2024,2024code,Week 4,4593,4418,2261,9586,2945,9552,41,34
2024,2024code,Week 4,3200,1138,7485,3648,4010,2996,37,78
2024,2024code,Week 4,4009,1822,1339,7479,1799,9068,75,24
2024,2024code,Week 4,3006,4944,2036,7243,5232,3374,32,40
2024,2024code,Week 4,1108,1410,1977,1619,1011,2240,65,44
2024,2024code,Week 4,5690,2259,4499,3729,568,4388,68,61
2024,2024code,Week 4,3807,4293,4593,5493,1868,1138,44,46
2024,2024code,Week 4,159,3648,7479,4418,1303,4010,36,35
2024,2024code,Week 4,7485,2261,5232,2083,8334,9068,41,44
2024,2024code,Week 4,4550,9586,3374,7737,1410,7243,42,54
2024,2024code,Week 4,1339,4068,1799,1011,2945,3200,21,70
2024,2024code,Week 4,568,1619,662,3006,4293,2240,29,89
2024,2024code,Week 4,3807,9112,1822,4388,4499,2036,39,97
2024,2024code,Week 4,9552,2996,1108,5493,5690,3729,54,84
2024,2024code,Week 4,1977,4009,1868,2259,4944,5232,38,69
2024,2024code,Week 4,4593,7243,4550,7479,1339,7485,66,54
2024,2024code,Week 4,9068,2261,3374,1303,1619,3648,30,69
2024,2024code,Week 4,8334,1138,568,9586,1822,3200,50,51
2024,2024code,Week 4,159,3729,1011,4388,9112,4418,53,73
2024,2024code,Week 4,4293,2259,5493,1410,2240,4068,42,79
2024,2024code,Week 4,2945,3807,7737,5690,4009,4944,51,71
2024,2024code,Week 4,2996,2036,1799,1868,9552,3006,54,74
2024,2024code,Week 4,662,1977,2083,1108,4499,4010,36,99
2024,2024code,Week 4,4550,3200,4418,3374,4593,4388,62,54
2024,2024code,Week 4,1619,7479,2259,9112,159,9586,43,43
2024,2024code,Week 4,4944,4068,3807,1410,7485,8334,64,55
2024,2024code,Week 4,568,1868,5232,2945,2996,1303,47,44
2024,2024code,Week 4,2036,4010,7243,4293,5690,9068,23,66
2024,2024code,Week 4,1108,3006,3729,1977,2261,1822,94,41
2024,2024code,Week 4,9552,7737,4499,1011,1138,1339,50,41
2024,2024code,Week 4,3648,2083,5493,662,1799,4009,84,47
2024,2024code,Week 4,5232,4388,2240,4068,9586,2996,78,69
2024,2024code,Week 4,8334,3374,5690,4010,2259,4593,43,33
2024,2024code,Week 4,3200,4293,159,1108,2261,7479,74,43
2024,2024code,Week 4,4944,568,2945,4550,9068,3729,49,65
2024,2024code,Week 4,1011,2036,2083,4009,5493,1619,38,47
2024,2024code,Week 4,3648,3006,1977,1339,3807,9552,82,47
2024,2024code,Week 4,4418,7485,1822,7737,662,1868,60,37
2024,2024code,Week 4,4499,2240,7243,1138,1303,1799,75,26
2024,2024code,Week 4,1410,5232,4010,9112,4593,3729,105,64
2024,2024code,Week 4,2261,8334,159,2996,1011,4009,28,70
2024,2024code,Week 4,4388,1619,2945,9552,7479,5493,91,26
2024,2024code,Week 4,9586,9068,2036,4068,3200,1977,38,69
2024,2024code,Week 4,4499,1868,3648,2240,4550,7737,98,76
2024,2024code,Week 4,1822,3006,2259,2083,7485,4944,50,62
2024,2024code,Week 4,5690,1303,1339,4418,1410,4293,40,75
2024,2024code,Week 4,568,1799,3374,1138,1108,9112,35,48
2024,2024code,Week 4,3200,3807,662,7243,3729,1619,47,68
2024,2024code,Week 4,2036,3648,2240,4499,7479,2945,70,79
2024,2024code,Week 4,4068,7737,3006,159,2083,4593,68,50
2024,2024code,Week 4,4010,1011,4293,5232,4550,1822,41,95
2024,2024code,Week 4,9586,1108,4388,7485,1303,4009,73,33
2024,2024code,Week 4,2261,9112,5690,1339,4944,1868,45,56
2024,2024code,Week 4,7243,5493,8334,1977,4418,568,31,58
2024,2024code,Week 4,9068,2996,1138,3374,662,1410,72,63
2024,2024code,Week 4,1799,9552,5232,2259,3807,159,45,34
2024,2024idbo,Week 4,3405,9726,7634,1569,2594,8756,26,42
2024,2024idbo,Week 4,2130,846,8551,8546,1891,5461,15,62
2024,2024idbo,Week 4,2288,8839,9114,3245,7895,2584,41,68
2024,2024idbo,Week 4,7906,4175,3288,2122,6358,5933,29,77
2024,2024idbo,Week 4,9314,192,9438,6364,114,5480,12,89
2024,2024idbo,Week 4,4598,9243,3166,3669,4698,9044,26,69
2024,2024idbo,Week 4,399,6036,9138,9737,2813,5871,77,19
2024,2024idbo,Week 4,7895,2288,1566,9114,1569,8551,53,38
2024,2024idbo,Week 4,3245,9726,4175,3405,846,5933,33,45
2024,2024idbo,Week 4,9438,8546,2122,9314,7906,7634,54,17
2024,2024idbo,Week 4,4598,3288,114,2130,1891,9044,68,34
2024,2024idbo,Week 4,2594,5461,2584,192,9138,5871,50,14
2024,2024idbo,Week 4,2813,6036,6364,3669,1566,9737,62,7
2024,2024idbo,Week 4,9243,8756,5480,6358,4698,8839,12,66
2024,2024idbo,Week 4,9314,399,8551,7906,3166,846,37,52
2024,2024idbo,Week 4,3405,4175,9114,5933,9438,2130,34,29
2024,2024idbo,Week 4,3245,2288,1891,9044,2584,4598,52,52
2024,2024idbo,Week 4,2594,3288,192,7895,8546,2813,31,50
2024,2024idbo,Week 4,9726,5480,6358,5461,9737,4698,49,69
2024,2024idbo,Week 4,8756,3669,2122,8839,1569,6036,42,73
2024,2024idbo,Week 4,7634,9138,9243,399,3166,6364,25,80
2024,2024idbo,Week 4,5871,7906,114,1566,4598,8551,73,26
2024,2024idbo,Week 4,5933,1891,2813,9438,2594,2288,40,57
2024,2024idbo,Week 4,6358,9737,3245,9314,5480,8546,60,24
2024,2024idbo,Week 4,5461,9044,4175,6036,3669,7895,55,70
2024,2024idbo,Week 4,3166,4698,9726,2584,9138,3288,56,57
2024,2024idbo,Week 4,9243,1566,846,7634,192,2122,10,85
2024,2024idbo,Week 4,2130,5871,9114,8756,114,399,31,71
2024,2024idbo,Week 4,1569,3405,8546,8839,6364,4598,51,58
2024,2024idbo,Week 4,9044,7895,2594,6358,4175,9438,53,44
2024,2024idbo,Week 4,9726,2813,3669,2584,7906,2288,21,88
2024,2024idbo,Week 4,2122,9737,9243,1891,8551,9138,27,30
2024,2024idbo,Week 4,3288,9314,6036,9114,5480,7634,59,32
2024,2024idbo,Week 4,5871,4698,399,3405,114,192,46,58
2024,2024idbo,Week 4,1569,5933,1566,2130,3166,8756,39,27
2024,2024idbo,Week 4,846,5461,6364,3245,8839,2594,45,57
2024,2024idbo,Week 4,1891,2122,7895,7906,8546,9726,79,49
2024,2024idbo,Week 4,9114,3669,9138,9044,6358,9314,40,48
2024,2024idbo,Week 4,2288,5480,399,114,9243,4175,66,56
2024,2024idbo,Week 4,1566,7634,2584,9737,3405,4598,66,39
2024,2024idbo,Week 4,5933,8551,5461,4698,8756,9438,47,49
2024,2024idbo,Week 4,6364,5871,1569,3288,2813,846,52,55
2024,2024idbo,Week 4,192,2130,8839,3166,6036,3245,23,85
2024,2024idbo,Week 4,399,9114,7895,6358,9243,1891,77,48
2024,2024idbo,Week 4,114,3669,2584,8546,7634,4175,61,27
2024,2024idbo,Week 4,4598,5933,4698,2122,9314,2594,63,46
2024,2024idbo,Week 4,9138,6364,2288,8756,3405,1566,55,39
2024,2024idbo,Week 4,8551,3245,7906,5480,3288,2130,72,31
2024,2024idbo,Week 4,2813,9044,3166,5871,9726,5461,53,39
2024,2024idbo,Week 4,6036,192,9737,9438,846,1569,57,67
2024,2024idbo,Week 4,8839,1891,7634,4175,5933,9314,41,45
2024,2024idbo,Week 4,6364,6358,7895,4598,2122,2288,61,61
2024,2024idbo,Week 4,5480,2594,3405,3288,399,3669,34,57
2024,2024idbo,Week 4,8546,2130,4698,2813,9114,9243,52,18
2024,2024idbo,Week 4,846,192,9044,7906,9737,8756,75,18
2024,2024idbo,Week 4,8551,8839,9726,1566,5871,6036,22,36
2024,2024idbo,Week 4,114,9438,3166,9138,1569,3245,71,66
2024,2024idbo,Week 4,5933,2584,6364,5461,399,6358,47,55
2024,2024idbo,Week 4,1891,9114,9314,4175,4598,3669,39,53
2024,2024idbo,Week 4,2594,2130,7906,5480,7895,9737,34,53
2024,2024idbo,Week 4,9044,8839,3405,192,8551,2813,57,46
2024,2024idbo,Week 4,9243,3245,8546,9138,8756,9726,90,21
2024,2024idbo,Week 4,4698,2584,2122,6036,114,846,83,105
2024,2024idbo,Week 4,5461,1566,9438,7634,2288,3288,38,64
2024,2024idbo,Week 4,3166,1569,5480,5871,2594,1891,52,44
2024,2024idbo,Week 4,9737,9044,5933,3405,6364,2130,35,42
2024,2024idbo,Week 4,8756,4598,8546,4175,399,192,55,61
2024,2024idbo,Week 4,8839,7895,7906,4698,9138,114,57,83
2024,2024idbo,Week 4,2813,3245,5461,1566,2122,9114,76,38
2024,2024idbo,Week 4,846,7634,6358,3166,8551,5871,53,37
2024,2024idbo,Week 4,2584,9438,6036,9243,3288,1569,72,42
2024,2024idbo,Week 4,3669,9314,2130,2288,9726,192,30,77
2024,2024idbo,Week 4,7895,4598,9138,5480,5933,8839,59,45
2024,2024idbo,Week 4,399,2122,3405,8546,9044,1566,62,32
2024,2024idbo,Week 4,1891,4175,3166,8551,6364,4698,56,68
2024,2024idbo,Week 4,1569,7634,9737,9114,5461,7906,48,35
2024,2024idbo,Week 4,114,2288,6358,9726,6036,2594,79,55
2024,2024idbo,Week 4,9438,3245,3288,3669,5871,9243,62,38
2024,2024idbo,Week 4,846,8756,9314,2584,2813,3405,35,41
2024,2024mxto,Week 4,4603,4735,8291,7653,4401,6170,32,27
2024,2024mxto,Week 4,9513,8558,5312,4400,4635,7018,23,91
2024,2024mxto,Week 4,3354,5705,7687,3480,3526,5526,25,30
2024,2024mxto,Week 4,8293,4355,6199,9134,9120,2283,22,40
2024,2024mxto,Week 4,6896,8105,7577,6200,7669,7161,33,29
2024,2024mxto,Week 4,6702,4775,9499,8290,4403,7546,67,44
2024,2024mxto,Week 4,7037,7040,5874,8266,6348,4735,24,37
2024,2024mxto,Week 4,2283,4401,3354,8293,7687,7018,47,33
2024,2024mxto,Week 4,5312,7669,3480,4603,7653,9120,29,36
2024,2024mxto,Week 4,5705,6896,6200,8291,8558,7546,45,28
2024,2024mxto,Week 4,8105,4403,4355,6199,5526,5874,55,28
2024,2024mxto,Week 4,4635,9134,8266,3526,7577,6702,86,59
2024,2024mxto,Week 4,6170,4775,7161,7040,9499,6348,48,37
2024,2024mxto,Week 4,8290,7037,6896,9513,4400,8293,18,54
2024,2024mxto,Week 4,8558,5705,4403,7687,9120,4401,75,43
2024,2024mxto,Week 4,7546,4603,8266,4735,8105,5312,37,21
2024,2024mxto,Week 4,9499,3480,4635,7040,6200,2283,65,52
2024,2024mxto,Week 4,5874,7653,9134,7669,6702,6170,31,54
2024,2024mxto,Week 4,7577,4775,6348,8291,4400,4355,40,75
2024,2024mxto,Week 4,7161,7018,8290,6199,7037,3526,10,53
2024,2024mxto,Week 4,3354,7040,9513,5526,2283,7546,57,31
2024,2024mxto,Week 4,7653,6896,8293,5705,8266,5874,31,50
2024,2024mxto,Week 4,6200,6170,4400,7669,7687,4355,83,16
2024,2024mxto,Week 4,6702,7018,6199,7577,4401,9499,40,55
2024,2024mxto,Week 4,8291,4635,3354,4735,7037,9120,54,35
2024,2024mxto,Week 4,9513,8105,5526,4775,4403,4603,38,51
2024,2024mxto,Week 4,5312,6348,9134,8558,8290,3480,17,26
2024,2024mxto,Week 4,3526,7018,7653,9499,7161,6896,47,23
2024,2024mxto,Week 4,6170,9120,7546,4355,7577,7037,43,35
2024,2024mxto,Week 4,4603,4400,5874,4635,5705,7040,67,67
2024,2024mxto,Week 4,4775,7669,9134,5312,8266,7687,51,34
2024,2024mxto,Week 4,5526,4403,4735,8290,3526,6200,44,35
2024,2024mxto,Week 4,7161,3354,8105,8558,4401,6702,29,28
2024,2024mxto,Week 4,6348,8293,8291,6199,9513,3480,30,26
2024,2024mxto,Week 4,2283,6896,4775,9134,4603,7577,22,43
2024,2024mxto,Week 4,7669,5526,5705,7018,7037,5312,46,30
2024,2024mxto,Week 4,4355,6702,6200,9120,7040,3526,50,31
2024,2024mxto,Week 4,3480,7161,4403,4735,7546,8293,56,26
2024,2024mxto,Week 4,4401,8291,9513,4400,8266,9499,37,91
2024,2024mxto,Week 4,6348,7687,2283,7653,4635,8105,55,68
2024,2024mxto,Week 4,8290,6199,6170,3354,5874,8558,27,39
2024,2024mxto,Week 4,7037,4603,7669,3526,5705,4775,32,68
2024,2024mxto,Week 4,7546,9134,7040,7018,8291,4403,43,34
2024,2024mxto,Week 4,6896,5312,6702,4355,6348,9513,58,28
2024,2024mxto,Week 4,4401,6200,4735,2283,8293,6170,32,45
2024,2024mxto,Week 4,7687,5874,3480,7577,7161,6199,35,34
2024,2024mxto,Week 4,8266,8558,7653,5526,4635,8290,46,50
2024,2024mxto,Week 4,4400,3354,9120,8105,9499,9134,79,37
2024,2024mxto,Week 4,8293,4603,3526,7546,6348,7018,58,32
2024,2024mxto,Week 4,4401,6199,7669,6200,9513,4775,9,70
2024,2024mxto,Week 4,7653,8290,7040,4735,7577,5705,26,49
2024,2024mxto,Week 4,7037,7687,8558,9499,4355,3354,38,41
2024,2024mxto,Week 4,3480,6702,9120,5526,6896,4400,28,47
2024,2024mxto,Week 4,4635,7161,5312,5874,6170,4403,54,73
2024,2024mxto,Week 4,8266,8291,8290,2283,8105,4603,25,69
2024,2024mxto,Week 4,7018,9134,6200,4735,7653,9513,33,18
2024,2024mxto,Week 4,8558,8293,5526,7040,7669,7577,43,25
2024,2024mxto,Week 4,4403,6702,4635,3354,3480,6896,55,26
2024,2024mxto,Week 4,4400,5312,3526,7161,8291,2283,78,27
2024,2024mxto,Week 4,9120,5874,6348,7687,7546,4775,37,55
2024,2024mxto,Week 4,7037,6170,5705,8105,6199,8266,41,26
2024,2024mxto,Week 4,4401,4355,4635,9499,8290,7669,68,29
2024,2024mxto,Week 4,6200,7577,7653,5312,3354,4603,46,67
2024,2024mxto,Week 4,7018,2283,8558,5874,7546,6702,40,29
2024,2024mxto,Week 4,7687,5526,7040,8291,6199,6896,33,18
2024,2024mxto,Week 4,3526,9499,4735,4775,8293,8105,31,47
2024,2024mxto,Week 4,9120,4355,5705,9513,8266,7161,53,51
2024,2024mxto,Week 4,6348,3480,7037,4403,9134,4401,55,66
2024,2024mxto,Week 4,6199,7546,4400,4635,6170,4603,47,100
2024,2024mxto,Week 4,9499,6200,8291,8293,5874,8290,42,36
2024,2024mxto,Week 4,7577,9513,7687,6896,4735,8558,40,35
2024,2024mxto,Week 4,9134,5526,3354,7161,5705,6348,37,44
2024,2024mxto,Week 4,7669,2283,7653,4403,4400,7037,36,68
2024,2024mxto,Week 4,4775,9120,8266,6170,3480,7018,42,30
2024,2024mxto,Week 4,8105,3526,4401,7040,5312,4355,55,36
2024,2024mxto,Week 4,5705,4603,9499,6702,4735,7687,56,49
2024,2024azgl,Week 4,9777,6479,2662,8,2375,6413,37,31
2024,2024azgl,Week 4,3179,3853,9059,5026,7419,498,43,67
2024,2024azgl,Week 4,698,9432,2478,2486,1165,3019,67,55
2024,2024azgl,Week 4,5449,7755,294,9704,4183,5539,48,33
2024,2024azgl,Week 4,670,2429,3944,1726,3577,7703,90,18
2024,2024azgl,Week 4,7645,6833,2647,8087,6352,6922,6,17
2024,2024azgl,Week 4,1212,8848,3187,1828,4146,698,31,35
2024,2024azgl,Week 4,2478,2486,5026,8,5539,7755,52,31
2024,2024azgl,Week 4,1726,5449,6413,3577,3019,7419,96,18
2024,2024azgl,Week 4,8087,9059,3944,2662,294,6352,51,70
2024,2024azgl,Week 4,9432,7645,8848,670,6922,3853,61,69
2024,2024azgl,Week 4,2647,4183,2429,1828,1212,2375,67,30
2024,2024azgl,Week 4,3179,1165,9777,3187,7703,6479,61,16
2024,2024azgl,Week 4,9704,6833,6413,2486,498,4146,25,36
2024,2024azgl,Week 4,3853,7645,7755,1726,5539,8087,40,22
2024,2024azgl,Week 4,8,5026,6352,1828,3019,294,49,44
2024,2024azgl,Week 4,698,9777,3187,6922,9432,3577,31,58
2024,2024azgl,Week 4,2647,8848,6479,498,2429,9704,25,59
2024,2024azgl,Week 4,2478,3944,2375,9059,7419,5449,37,41
2024,2024azgl,Week 4,1165,4146,2662,670,3179,4183,43,61
2024,2024azgl,Week 4,8,7703,1212,6833,5539,6922,60,4
2024,2024azgl,Week 4,7755,1828,1726,698,6479,498,18,40
2024,2024azgl,Week 4,6352,7645,2486,9704,9777,8848,31,54
2024,2024azgl,Week 4,9432,2647,3179,5026,6413,4183,53,78
2024,2024azgl,Week 4,3577,670,2662,2429,9059,6833,58,27
2024,2024azgl,Week 4,294,3187,1165,5449,2375,3019,56,38
2024,2024azgl,Week 4,2478,7703,7419,4146,8087,1212,42,31
2024,2024azgl,Week 4,3853,498,6413,3944,698,2647,111,15
2024,2024azgl,Week 4,6833,9777,1726,8848,5026,1828,40,85
2024,2024azgl,Week 4,3019,3179,2429,6922,9059,7645,49,43
2024,2024azgl,Week 4,2662,1212,9704,5449,2478,4146,22,56
2024,2024azgl,Week 4,7419,294,3944,7755,6479,9432,41,28
2024,2024azgl,Week 4,5539,3187,2486,1165,670,8087,26,69
2024,2024azgl,Week 4,7703,6352,2375,4183,3853,8,40,91
2024,2024azgl,Week 4,1828,2478,3179,3577,5449,2647,60,26
2024,2024azgl,Week 4,9432,6413,9059,294,1726,7645,51,45
2024,2024azgl,Week 4,3019,2662,6922,5026,9704,6479,20,53
2024,2024azgl,Week 4,3187,4146,4183,9777,3944,8,40,84
2024,2024azgl,Week 4,1212,2429,7419,6352,1165,3853,61,78
2024,2024azgl,Week 4,2375,698,5539,6833,670,498,33,64
2024,2024azgl,Week 4,8848,7755,3577,2486,7703,8087,14,25
2024,2024azgl,Week 4,9059,1726,5026,3187,2662,8,39,31
2024,2024azgl,Week 4,9704,3853,1828,3944,6922,1165,45,38
2024,2024azgl,Week 4,4183,3019,498,670,2478,1212,82,31
2024,2024azgl,Week 4,6352,7755,4146,2429,5449,9432,30,65
2024,2024azgl,Week 4,294,2647,5539,7419,2486,9777,20,62
2024,2024azgl,Week 4,8087,2375,3577,698,8848,3179,18,75
2024,2024azgl,Week 4,6413,6479,7645,7703,6833,1165,70,36
2024,2024azgl,Week 4,6352,9432,1828,498,2662,2478,54,70
2024,2024azgl,Week 4,5449,6922,9704,7419,8,670,35,65
2024,2024azgl,Week 4,9777,4183,8087,3019,698,1726,71,32
2024,2024azgl,Week 4,7703,7645,3944,2375,2647,2486,41,32
2024,2024azgl,Week 4,3853,5539,5026,4146,3577,6479,68,28
2024,2024azgl,Week 4,8848,294,2429,3179,3187,6833,82,27
2024,2024azgl,Week 4,7755,9059,670,1212,6413,9777,62,38
2024,2024azgl,Week 4,4183,2662,698,7419,9704,7645,45,68
2024,2024azgl,Week 4,2486,6922,1828,2375,1726,4146,27,32
2024,2024azgl,Week 4,7703,498,5449,5026,8087,9432,55,94
2024,2024azgl,Week 4,5539,6413,2478,2429,3853,3187,62,64
2024,2024azgl,Week 4,1165,2647,8,6833,7755,3019,56,36
2024,2024azgl,Week 4,6479,3179,1212,3944,6352,8848,46,67
2024,2024azgl,Week 4,9059,3577,698,294,9704,7703,34,42
2024,2024azgl,Week 4,8087,7419,3853,2429,1828,9777,58,49
2024,2024azgl,Week 4,7755,3187,5026,7645,2375,2662,53,44
2024,2024azgl,Week 4,8848,670,1726,2647,6352,2478,55,26
2024,2024azgl,Week 4,8,3019,9432,3179,3944,5539,95,36
2024,2024azgl,Week 4,6479,6833,2486,1212,4183,9059,46,66
2024,2024azgl,Week 4,498,3577,1165,4146,294,6922,94,54
2024,2024azgl,Week 4,698,5026,5449,6413,2429,6352,55,92
2024,2024azgl,Week 4,2375,9704,3179,1726,9432,3187,34,38
2024,2024azgl,Week 4,7645,9777,670,6479,2478,8087,75,50
2024,2024azgl,Week 4,3577,8,294,1165,1212,7755,67,50
2024,2024azgl,Week 4,2662,5449,6833,3944,2486,3853,52,38
2024,2024azgl,Week 4,5539,4146,7703,9059,1828,2647,31,32
2024,2024azgl,Week 4,6922,7419,4183,6413,8848,3019,43,101
2024,2024azgl,Week 4,498,8087,294,7645,8,698,76,64
2024,2024gacar,Week 4,9500,4026,1414,8865,6712,8100,36,15
2024,2024gacar,Week 4,1795,9522,1648,5109,7451,3635,2,67
2024,2024gacar,Week 4,9582,8866,4188,5900,6887,9260,45,23
2024,2024gacar,Week 4,5293,6944,5848,4516,4459,8761,32,8
2024,2024gacar,Week 4,9770,8080,6705,4451,3815,832,17,51
2024,2024gacar,Week 4,3091,6340,2974,8577,1002,9057,66,10
2024,2024gacar,Week 4,3635,9582,4189,5109,5651,4188,23,41
2024,2024gacar,Week 4,5848,9522,5900,8865,1795,5293,13,38
2024,2024gacar,Week 4,4451,8100,7451,6887,9770,4516,75,7
2024,2024gacar,Week 4,6712,832,2974,3091,4459,6944,71,5
2024,2024gacar,Week 4,8080,8577,6340,5651,9500,4189,37,22
2024,2024gacar,Week 4,8761,1648,8866,1414,6705,1002,15,42
2024,2024gacar,Week 4,9260,9057,8100,3815,4026,5109,21,35
2024,2024gacar,Week 4,6712,9522,4459,9582,832,3091,19,18
2024,2024gacar,Week 4,8577,5848,4516,6944,4188,8080,6,49
2024,2024gacar,Week 4,5900,8866,1795,1002,9770,5651,41,7
2024,2024gacar,Week 4,5293,6887,4451,4026,2974,3635,52,56
2024,2024gacar,Week 4,7451,6705,1648,9260,6340,1414,39,24
2024,2024gacar,Week 4,8761,9500,8865,4189,3815,9057,9,26
2024,2024gacar,Week 4,8866,5651,8100,9522,832,1002,37,9
2024,2024gacar,Week 4,1795,4451,8080,6887,6944,6712,35,37
2024,2024gacar,Week 4,7451,5848,9260,9770,4026,8577,46,30
2024,2024gacar,Week 4,4188,1414,3815,6705,9582,6340,40,13
2024,2024gacar,Week 4,2974,8865,4459,3091,5109,8761,64,6
2024,2024gacar,Week 4,9500,5900,9057,3635,1648,4516,31,24
2024,2024gacar,Week 4,5293,7451,9770,4189,1002,8866,48,24
2024,2024gacar,Week 4,6712,8577,9582,5848,3815,8100,13,24
2024,2024gacar,Week 4,8865,5109,6887,832,6944,5651,13,13
2024,2024gacar,Week 4,9500,4459,4451,9260,1648,3091,32,35
2024,2024gacar,Week 4,6340,8761,9057,9522,8080,3635,20,38
2024,2024gacar,Week 4,1414,5293,2974,4516,4188,1795,95,25
2024,2024gacar,Week 4,4189,6712,4026,6705,5900,8865,32,27
2024,2024gacar,Week 4,6944,1002,5109,9260,9500,8577,22,22
2024,2024gacar,Week 4,9582,4451,5651,9057,7451,4459,32,33
2024,2024gacar,Week 4,8761,3635,9770,3815,4516,2974,7,46
2024,2024gacar,Week 4,6887,4189,6705,9522,8866,5293,10,28
2024,2024gacar,Week 4,8080,1414,1648,4026,3091,5848,55,24
2024,2024gacar,Week 4,4188,5900,6340,832,8100,1795,59,13
2024,2024gacar,Week 4,1002,9582,8865,3635,4451,6712,7,51
2024,2024gacar,Week 4,2974,9770,6944,7451,3815,8866,73,52
2024,2024gacar,Week 4,4516,9260,9522,8080,4189,4459,32,36
2024,2024gacar,Week 4,1795,6887,4026,6340,9500,1648,26,62
2024,2024gacar,Week 4,3091,8577,4188,5651,5293,8761,40,16
2024,2024gacar,Week 4,5900,5109,832,9057,5848,1414,44,22
2024,2024gacar,Week 4,8100,4516,1002,4459,3635,6705,12,37
2024,2024gacar,Week 4,1648,8865,3815,2974,8080,9582,29,64
2024,2024gacar,Week 4,6712,5651,3091,4188,9260,9770,28,57
2024,2024gacar,Week 4,832,9057,5293,8577,1414,6887,34,27
2024,2024gacar,Week 4,8100,5900,4026,6944,4189,9522,39,30
2024,2024gacar,Week 4,8761,6705,4451,7451,1795,9500,71,8
2024,2024gacar,Week 4,5109,8866,8080,6340,5848,6712,40,41
2024,2024gacar,Week 4,9582,5293,3815,5651,1648,8577,38,35
2024,2024gacar,Week 4,1414,4516,832,1002,4026,9260,37,40
2024,2024gacar,Week 4,6705,3091,9500,5900,2974,7451,28,78
2024,2024gacar,Week 4,4188,8761,9522,5109,4451,5848,37,44
2024,2024gacar,Week 4,9057,8865,6944,8866,3635,6340,14,50
2024,2024gacar,Week 4,1795,4189,9770,4459,8100,6887,29,19
2024,2024gacar,Week 4,832,8080,7451,5293,3091,5900,61,37
2024,2024gacar,Week 4,4516,5651,4026,1002,8761,6712,42,21
2024,2024gacar,Week 4,3635,9260,3815,5848,4188,8865,54,38
2024,2024gacar,Week 4,4459,1795,5109,6705,9057,8866,28,25
2024,2024gacar,Week 4,1414,6944,9582,9770,9522,9500,41,20
2024,2024gacar,Week 4,8100,6340,4189,1648,2974,4451,39,97
2024,2024gacar,Week 4,6887,832,3635,8577,8761,7451,21,55
2024,2024gacar,Week 4,4459,4188,1002,4026,9057,8080,44,70
2024,2024gacar,Week 4,9770,6712,5900,9500,5293,5109,33,46
2024,2024gacar,Week 4,8866,4516,3091,1648,8100,9582,41,45
2024,2024gacar,Week 4,4189,8865,9260,6340,1795,6944,39,52
2024,2024gacar,Week 4,2974,6705,5848,5651,6887,9522,60,19
2024,2024gacar,Week 4,3815,4459,8577,4451,1414,5900,18,96
2024,2024gacar,Week 4,4026,7451,4188,8866,6712,9500,80,26
2024,2024gacar,Week 4,1648,9770,832,8865,6340,4516,49,70
2024,2024gacar,Week 4,8080,9260,5293,8100,2974,8761,68,60
2024,2024gacar,Week 4,3815,1002,6887,9522,5109,1414,26,55
2024,2024gacar,Week 4,6944,8577,6705,9057,9582,1795,45,10
2024,2024gacar,Week 4,5848,3635,5651,4451,3091,4189,23,59
2024,2024milan,Week 4,9753,5234,6591,7195,5676,9241,9,59
2024,2024milan,Week 4,5517,5533,5641,830,5704,7166,28,42
2024,2024milan,Week 4,9237,1504,8424,8522,9203,6078,46,37
2024,2024milan,Week 4,9238,9703,3620,6548,7818,6556,26,49
2024,2024milan,Week 4,3707,7225,5623,5660,5205,3655,52,65
2024,2024milan,Week 4,5674,1322,2611,7056,6610,7254,76,36
2024,2024milan,Week 4,8374,94,9203,6085,8608,5533,27,65
2024,2024milan,Week 4,5676,8424,6556,7195,5517,5234,53,19
2024,2024milan,Week 4,3655,830,9238,7166,9237,5205,29,44
2024,2024milan,Week 4,5704,5660,8522,9241,7254,3620,45,39
2024,2024milan,Week 4,94,6085,9703,5674,7056,1504,28,55
2024,2024milan,Week 4,8374,8608,3707,2611,6078,6591,44,61
2024,2024milan,Week 4,6548,5623,5641,1322,7225,9753,33,58
2024,2024milan,Week 4,5234,7818,5660,9203,6610,5533,27,34
2024,2024milan,Week 4,8522,5676,94,5704,5517,9238,50,15
2024,2024milan,Week 4,3620,7056,2611,5205,7195,6085,91,21
2024,2024milan,Week 4,1322,830,8374,8424,5674,3655,50,52
2024,2024milan,Week 4,6078,6548,9237,7225,5641,7818,81,25
2024,2024milan,Week 4,9753,6610,5623,3707,7254,9703,6,55
2024,2024milan,Week 4,1504,7166,9241,8608,6591,6556,43,49
2024,2024milan,Week 4,1322,8522,3620,5660,5533,94,60,41
2024,2024milan,Week 4,5674,9237,5641,7818,2611,9238,49,50
2024,2024milan,Week 4,3655,5704,3707,8374,5234,6078,71,26
2024,2024milan,Week 4,830,5623,9241,8424,6548,6085,28,40
2024,2024milan,Week 4,5517,9203,9703,7254,6591,1504,23,37
2024,2024milan,Week 4,6610,5676,8608,7056,9753,5205,62,49
2024,2024milan,Week 4,7225,7195,6078,6556,7166,8522,38,44
2024,2024milan,Week 4,6085,3707,2611,1322,94,6548,75,48
2024,2024milan,Week 4,5623,5704,6591,9241,9238,9203,29,7
2024,2024milan,Week 4,7818,5533,830,9703,5660,7056,60,55
2024,2024milan,Week 4,6610,7195,5674,3620,3655,7166,23,56
2024,2024milan,Week 4,8608,7254,5517,9237,5234,7225,53,54
2024,2024milan,Week 4,1504,6556,5205,5641,8374,9753,39,24
2024,2024milan,Week 4,5676,7056,3707,8424,7818,5704,111,41
2024,2024milan,Week 4,7195,9238,8522,5533,5674,5623,32,54
2024,2024milan,Week 4,6085,7254,1322,7166,6078,5517,43,31
2024,2024milan,Week 4,6556,9237,3620,94,1504,9753,55,29
2024,2024milan,Week 4,5234,8424,8608,9703,7225,830,59,35
2024,2024milan,Week 4,8374,6591,5205,5660,9203,6548,18,72
2024,2024milan,Week 4,6610,9241,3655,5641,2611,5676,9,78
2024,2024milan,Week 4,6078,6556,5533,5517,5623,7056,51,40
2024,2024milan,Week 4,7166,94,8608,3707,8522,8424,56,60
2024,2024milan,Week 4,7818,3620,7195,7254,8374,9238,35,25
2024,2024milan,Week 4,2611,5660,9753,9703,5674,5704,77,32
2024,2024milan,Week 4,5676,6085,7225,6591,830,5641,65,36
2024,2024milan,Week 4,6548,5205,6610,3655,1504,5234,51,29
2024,2024milan,Week 4,9203,1322,7056,9241,8374,9237,67,30
2024,2024milan,Week 4,9238,6078,5660,8424,2611,94,34,49
2024,2024milan,Week 4,7225,7166,7254,3707,3620,5533,31,67
2024,2024milan,Week 4,5234,9703,6610,830,8522,6085,9,63
2024,2024milan,Week 4,6591,6548,7195,9753,9237,5704,38,49
2024,2024milan,Week 4,5676,3655,1322,1504,8608,9203,58,55
2024,2024milan,Week 4,5205,7818,5674,5517,9241,6556,50,35
2024,2024milan,Week 4,5660,5623,8374,5641,5234,8522,38,40
2024,2024milan,Week 4,9238,8424,6591,6078,3620,6610,18,55
2024,2024milan,Week 4,9753,3707,7166,830,2611,9203,44,66
2024,2024milan,Week 4,3655,5533,9237,6556,5704,6085,80,41
2024,2024milan,Week 4,7225,5517,6548,94,9241,7056,53,54
2024,2024milan,Week 4,5205,5641,8608,5674,5676,7254,46,62
2024,2024milan,Week 4,7818,9703,1504,5623,7195,1322,42,49
2024,2024milan,Week 4,6556,3707,5660,9237,6085,6610,45,42
2024,2024milan,Week 4,6548,3655,2611,8522,6591,5517,81,43
2024,2024milan,Week 4,9241,5674,7225,5533,8374,5676,48,54
2024,2024milan,Week 4,7254,5641,94,7195,9753,8424,36,51
2024,2024milan,Week 4,7056,8608,830,5623,9238,1504,76,44
2024,2024milan,Week 4,5704,5205,5234,7166,1322,7818,22,65
2024,2024milan,Week 4,3620,9203,5674,9703,6078,5676,53,62
2024,2024milan,Week 4,94,5517,9237,6610,7225,8374,47,30
2024,2024milan,Week 4,2611,6556,7195,7254,830,5660,59,62
2024,2024milan,Week 4,5533,8424,9241,1504,6548,3707,44,79
2024,2024milan,Week 4,5704,5641,6078,5205,9703,1322,54,33
2024,2024milan,Week 4,6591,7056,7166,5234,3620,5623,64,61
2024,2024milan,Week 4,6085,9753,7818,8608,8522,3655,20,93
2024,2024milan,Week 4,9238,6556,5674,9203,3707,7195,18,43
2024,2024milan,Week 4,5533,1504,7225,2611,6610,5704,52,51
2024,2024milan,Week 4,3620,5205,5517,5641,1322,8424,60,27
2024,2024milan,Week 4,6078,94,830,6591,9241,7818,49,17
2024,2024milan,Week 4,9203,6085,5234,8608,9238,6548,16,79
2024,2024milan,Week 4,5623,7166,9703,9237,5660,5676,27,51
2024,2024milan,Week 4,8522,9753,7254,7056,3655,8374,40,89
2024,2024mimid,Week 4,5982,9245,6073,6753,5193,8517,50,53
2024,2024mimid,Week 4,3770,7250,4382,5229,5603,7491,13,32
2024,2024mimid,Week 4,5166,6067,5231,9227,6533,6631,55,6
2024,2024mimid,Week 4,4956,5114,7772,5504,9731,9685,76,17
2024,2024mimid,Week 4,9662,4776,5538,5424,5150,9661,47,32
2024,2024mimid,Week 4,2619,8193,4377,5084,9759,6097,51,41
2024,2024mimid,Week 4,5509,6071,6753,3770,5216,5712,47,63
2024,2024mimid,Week 4,6631,5231,5114,9245,9731,7250,61,47
2024,2024mimid,Week 4,5982,9661,5504,6533,5603,5193,14,39
2024,2024mimid,Week 4,5229,4382,2619,5084,8517,5150,16,76
2024,2024mimid,Week 4,8193,5538,6097,6067,4776,6071,28,63
2024,2024mimid,Week 4,5712,7491,5424,9662,4377,6073,58,39
2024,2024mimid,Week 4,9227,5166,4956,7772,5216,5509,40,46
2024,2024mimid,Week 4,4382,9759,6631,2619,9685,5982,10,58
2024,2024mimid,Week 4,5114,5193,5229,6067,8193,5603,59,53
2024,2024mimid,Week 4,5150,4377,5231,7491,3770,9662,40,68
2024,2024mimid,Week 4,6071,7772,5712,5509,4776,4956,57,43
2024,2024mimid,Week 4,6073,9731,9759,6097,9661,9227,20,30
2024,2024mimid,Week 4,5504,5166,6753,9245,5538,8517,67,35
2024,2024mimid,Week 4,5424,6533,5216,5084,9685,7250,67,42
2024,2024mimid,Week 4,5231,5509,5229,4377,6631,4776,51,62
2024,2024mimid,Week 4,5193,5712,9662,9227,5982,6067,67,42
2024,2024mimid,Week 4,5504,9245,5114,6073,4382,6071,62,19
2024,2024mimid,Week 4,5603,3770,9759,5538,7772,6753,49,63
2024,2024mimid,Week 4,5150,7250,6097,5084,5216,4956,34,59
2024,2024mimid,Week 4,9661,8193,9731,2619,7491,5166,29,87
2024,2024mimid,Week 4,6067,6533,9685,8517,5424,6073,22,67
2024,2024mimid,Week 4,5982,5229,4377,9227,9245,7772,36,13
2024,2024mimid,Week 4,9662,6097,5509,5504,5231,5538,32,38
2024,2024mimid,Week 4,5216,5603,6071,4382,5084,8193,58,48
2024,2024mimid,Week 4,6631,5150,5193,9759,5114,5712,43,88
2024,2024mimid,Week 4,9661,2619,6753,5424,4956,7250,36,90
2024,2024mimid,Week 4,4776,3770,8517,5166,9731,6533,77,33
2024,2024mimid,Week 4,7491,5982,5084,9685,5509,5538,71,20
2024,2024mimid,Week 4,6067,6073,5193,7772,9759,4377,43,28
2024,2024mimid,Week 4,4956,6753,9662,6097,4382,5114,44,65
2024,2024mimid,Week 4,9731,2619,9227,4776,5504,5216,26,46
2024,2024mimid,Week 4,5150,5712,6533,6631,8193,7491,57,34
2024,2024mimid,Week 4,5231,7250,5603,9685,8517,5166,46,66
2024,2024mimid,Week 4,9245,9661,5229,3770,6071,5424,51,61
2024,2024mimid,Week 4,5538,5084,6067,6073,5216,2619,58,60
2024,2024mimid,Week 4,6533,7491,4776,9759,6753,9227,49,43
2024,2024mimid,Week 4,9731,5712,6631,5509,4382,5603,56,62
2024,2024mimid,Week 4,5166,9662,9245,5229,4956,9685,79,43
2024,2024mimid,Week 4,8193,3770,5150,5424,5504,7772,55,44
2024,2024mimid,Week 4,5114,5982,8517,9661,6071,5231,98,26
2024,2024mimid,Week 4,7250,4377,5509,5193,6097,2619,40,34
2024,2024mimid,Week 4,9731,6067,4956,9759,9662,6533,65,24
2024,2024mimid,Week 4,3770,9227,5504,5712,9685,6073,29,67
2024,2024mimid,Week 4,7772,5084,9661,6753,6631,9245,63,53
2024,2024mimid,Week 4,4382,5231,5216,5538,5193,5424,41,44
2024,2024mimid,Week 4,8517,4377,7491,5114,4776,8193,57,68
2024,2024mimid,Week 4,7250,5229,5166,5603,6097,5982,55,51
2024,2024mimid,Week 4,6071,9685,9245,5150,2619,6067,37,67
2024,2024mimid,Week 4,5216,9227,5193,5231,6753,3770,48,44
2024,2024mimid,Week 4,6533,5509,8193,9661,5538,4382,43,11
2024,2024mimid,Week 4,6097,4956,7491,5982,6631,5424,62,46
2024,2024mimid,Week 4,4377,5712,5084,9731,5229,5150,98,27
2024,2024mimid,Week 4,7772,6073,4776,5166,5114,5603,58,67
2024,2024mimid,Week 4,6071,8517,9759,7250,9662,5504,55,29
2024,2024mimid,Week 4,4956,5982,8193,6631,6067,3770,67,53
2024,2024mimid,Week 4,9685,5150,4382,6753,6097,4377,31,64
2024,2024mimid,Week 4,4776,5424,9245,5193,5509,9731,76,39
2024,2024mimid,Week 4,5229,5504,5084,7491,9759,9661,47,31
2024,2024mimid,Week 4,5216,7250,5538,8517,9227,5712,44,72
2024,2024mimid,Week 4,9662,5603,7772,6533,5231,2619,48,33
2024,2024mimid,Week 4,6073,5114,5150,6071,5166,5982,76,49
2024,2024mimid,Week 4,9685,5193,9661,4776,6753,9731,31,45
2024,2024mimid,Week 4,5216,6067,9759,9245,7491,5509,31,73
2024,2024mimid,Week 4,8517,7772,6533,5712,5229,6097,42,62
2024,2024mimid,Week 4,4956,2619,3770,8193,6073,5231,63,35
2024,2024mimid,Week 4,5603,5424,5084,5114,9227,9662,86,56
2024,2024mimid,Week 4,5538,6631,5166,4377,6071,5504,55,27
2024,2024mimid,Week 4,4382,7772,6067,7250,9661,4776,39,50
2024,2024mimid,Week 4,5231,8517,9731,5509,5150,5982,35,55
2024,2024mimid,Week 4,6097,6533,3770,2619,5084,5114,35,87
2024,2024mimid,Week 4,7491,5538,9227,5193,4956,6071,40,54
2024,2024mimid,Week 4,5603,5504,6631,4377,9245,5216,36,83
2024,2024mimid,Week 4,9759,5424,9685,5712,5166,4382,25,64
2024,2024mimid,Week 4,6753,6073,7250,8193,9662,5229,62,52
2024,2024miwmi,Week 4,3357,5248,6094,6090,2959,3458,49,85
2024,2024miwmi,Week 4,2767,5675,5610,6877,9248,3572,85,52
2024,2024miwmi,Week 4,6428,5980,5470,5927,4003,9206,30,70
2024,2024miwmi,Week 4,216,85,6121,9223,8397,3546,68,43
2024,2024miwmi,Week 4,6114,3234,107,7054,7248,2145,53,32
2024,2024miwmi,Week 4,288,7598,9721,9205,4855,6002,41,34
2024,2024miwmi,Week 4,74,141,1918,8611,7211,244,53,52
2024,2024miwmi,Week 4,3572,6090,5470,5927,3357,6877,85,68
2024,2024miwmi,Week 4,3458,85,2767,4003,216,5980,79,45
2024,2024miwmi,Week 4,107,5248,2145,9248,6094,3546,57,38
2024,2024miwmi,Week 4,4855,288,6114,6121,7598,5675,41,55
2024,2024miwmi,Week 4,8611,1918,7054,7211,141,2959,38,57
2024,2024miwmi,Week 4,74,6428,6002,9205,7248,8397,47,14
2024,2024miwmi,Week 4,3234,9206,9223,5610,244,9721,24,46
2024,2024miwmi,Week 4,6094,4003,2145,6877,5980,6090,35,56
2024,2024miwmi,Week 4,216,5470,9248,5927,6114,6121,38,66
2024,2024miwmi,Week 4,2959,7598,2767,141,107,8611,89,62
2024,2024miwmi,Week 4,8397,85,4855,5248,6428,3458,53,29
2024,2024miwmi,Week 4,5610,1918,3357,288,3234,74,65,41
2024,2024miwmi,Week 4,9721,9223,7248,3572,3546,7211,29,69
2024,2024miwmi,Week 4,7054,9205,244,5675,6002,9206,38,60
2024,2024miwmi,Week 4,6114,2959,5470,5980,2767,6094,53,72
2024,2024miwmi,Week 4,3458,6121,107,6428,6877,7598,50,31
2024,2024miwmi,Week 4,8397,3234,141,4003,1918,288,41,48
2024,2024miwmi,Week 4,9248,7248,85,7211,9721,4855,46,58
2024,2024miwmi,Week 4,244,5927,2145,6090,9223,3357,36,70
2024,2024miwmi,Week 4,3546,8611,74,3572,9206,9205,71,44
2024,2024miwmi,Week 4,5248,216,5675,5610,6002,7054,67,61
2024,2024miwmi,Week 4,107,2767,6877,288,6121,8397,78,54
2024,2024miwmi,Week 4,3234,5980,7248,7598,1918,3458,30,49
2024,2024miwmi,Week 4,244,4003,4855,85,7211,6094,62,53
2024,2024miwmi,Week 4,9205,74,9223,3357,9248,141,40,44
2024,2024miwmi,Week 4,2959,6002,5927,3546,5675,6090,86,86
2024,2024miwmi,Week 4,216,2145,8611,5470,9206,5248,61,21
2024,2024miwmi,Week 4,7054,3572,9721,6428,6114,5610,70,45
2024,2024miwmi,Week 4,4003,7598,85,7211,288,107,80,80
2024,2024miwmi,Week 4,3357,8397,5980,7248,6094,74,67,29
2024,2024miwmi,Week 4,6002,6877,3546,9248,9223,1918,80,31
2024,2024miwmi,Week 4,5470,5675,5927,2145,3458,3234,76,62
2024,2024miwmi,Week 4,141,6428,216,244,3572,6114,59,78
2024,2024miwmi,Week 4,5248,5610,8611,9721,9205,2959,50,54
2024,2024miwmi,Week 4,6090,9206,7054,4855,6121,2767,47,85
2024,2024miwmi,Week 4,6877,6094,8397,85,3357,288,35,101
2024,2024miwmi,Week 4,5675,74,9248,7598,5470,107,66,60
2024,2024miwmi,Week 4,3234,3572,4003,3458,216,6114,71,52
2024,2024miwmi,Week 4,6002,7211,1918,2145,9205,6428,66,31
2024,2024miwmi,Week 4,6090,8611,6121,9206,5610,5980,81,22
2024,2024miwmi,Week 4,9223,5248,244,7248,2959,4855,43,57
2024,2024miwmi,Week 4,7054,3546,5927,2767,9721,141,74,66
2024,2024miwmi,Week 4,6877,5675,288,5470,3458,74,54,44
2024,2024miwmi,Week 4,6094,3572,216,1918,3234,9205,79,62
2024,2024miwmi,Week 4,6002,9248,6090,6114,85,8611,57,81
2024,2024miwmi,Week 4,2145,3357,2959,7248,6121,4003,129,46
2024,2024miwmi,Week 4,141,3546,5610,4855,7054,6428,78,49
2024,2024miwmi,Week 4,9206,244,7598,8397,5927,5248,43,55
2024,2024miwmi,Week 4,9721,107,5980,9223,2767,7211,63,73
2024,2024miwmi,Week 4,9205,6090,85,5675,8611,3234,72,47
2024,2024miwmi,Week 4,6121,5470,6094,6002,7248,216,45,64
2024,2024miwmi,Week 4,4003,9248,2959,74,7054,6877,41,53
2024,2024miwmi,Week 4,5927,5610,7598,1918,244,3546,50,101
2024,2024miwmi,Week 4,3458,8397,7211,141,5980,9223,44,35
2024,2024miwmi,Week 4,3357,9721,6114,107,6428,9206,65,60
2024,2024miwmi,Week 4,288,5248,2767,2145,4855,3572,74,90
2024,2024miwmi,Week 4,6121,6877,9205,3234,7054,5470,22,34
2024,2024miwmi,Week 4,7248,5927,1918,74,5610,85,59,81
2024,2024miwmi,Week 4,7211,6090,4003,3546,216,7598,92,68
2024,2024miwmi,Week 4,8397,8611,9721,5980,6114,5675,28,61
2024,2024miwmi,Week 4,2959,9223,6428,9206,2145,288,45,41
2024,2024miwmi,Week 4,6094,107,6002,5248,141,3572,41,72
2024,2024miwmi,Week 4,9248,4855,3458,2767,3357,244,32,98
2024,2024miwmi,Week 4,216,74,7211,5610,6090,3234,87,79
2024,2024miwmi,Week 4,7598,6114,7248,85,5470,6877,39,64
2024,2024miwmi,Week 4,9206,2959,6121,1918,2145,8397,62,49
2024,2024miwmi,Week 4,9223,6002,3572,9721,4003,5248,69,30
2024,2024miwmi,Week 4,4855,107,3357,8611,3458,5927,76,44
2024,2024miwmi,Week 4,2767,3546,6428,6094,9205,5675,79,51
2024,2024miwmi,Week 4,244,288,141,5980,7054,9248,69,27
2024,2024miwmi,Week 4,6114,7211,9206,2959,6877,3234,50,77
2024,2024miwmi,Week 4,1918,9721,6090,5470,8397,4003,73,43
2024,2024miwmi,Week 4,3572,3458,5610,85,2145,6002,55,80
2024,2024miwmi,Week 4,3546,4855,5248,6121,74,3357,63,76
2024,2024miwmi,Week 4,5675,141,7054,7598,6094,9223,62,19
2024,2024miwmi,Week 4,6428,244,7248,8611,2767,9248,47,65
2024,2024miwmi,Week 4,5980,288,9205,107,5927,216,31,85
2024,2024onwat,Week 4,9659,6992,9525,2609,6725,4917,31,70
2024,2024onwat,Week 4,4903,7509,7722,6162,5024,5912,35,67
2024,2024onwat,Week 4,9562,3683,3756,6070,4678,6875,42,50
2024,2024onwat,Week 4,772,9062,3739,2702,6978,4617,42,59
2024,2024onwat,Week 4,8089,8765,1360,4476,7022,9663,54,97
2024,2024onwat,Week 4,5912,9659,2609,3756,4917,4903,62,31
2024,2024onwat,Week 4,9062,7722,6875,3683,6725,4617,57,59
2024,2024onwat,Week 4,8765,9663,6162,2702,4678,9562,12,91
2024,2024onwat,Week 4,4476,3739,6070,5024,772,8089,48,88
2024,2024onwat,Week 4,6978,1360,9525,7022,7509,6992,52,46
2024,2024onwat,Week 4,6162,4617,2609,6875,5912,9562,43,40
2024,2024onwat,Week 4,4476,3756,8089,772,4903,6725,60,28
2024,2024onwat,Week 4,8765,9062,5024,1360,4917,7509,64,70
2024,2024onwat,Week 4,6992,9663,6978,6070,9525,7722,48,17
2024,2024onwat,Week 4,2702,3739,3683,9659,4678,7022,91,72
2024,2024onwat,Week 4,1360,9562,5024,2609,8089,7509,67,53
2024,2024onwat,Week 4,4617,6875,6992,4476,6978,9062,34,70
2024,2024onwat,Week 4,7722,9663,6725,3683,6162,4903,20,104
2024,2024onwat,Week 4,4678,9525,8765,7022,3756,3739,39,62
2024,2024onwat,Week 4,4917,6070,5912,9659,2702,772,65,46
2024,2024onwat,Week 4,4617,4476,8089,7722,6162,2609,75,39
2024,2024onwat,Week 4,5024,3683,7509,6725,9562,3739,97,29
2024,2024onwat,Week 4,9525,5912,2702,8765,6992,4917,56,57
2024,2024onwat,Week 4,9663,6070,9659,4903,7022,9062,25,48
2024,2024onwat,Week 4,6978,3756,4678,6875,1360,772,91,31
2024,2024onwat,Week 4,4917,5024,3739,7722,3683,5912,86,87
2024,2024onwat,Week 4,9663,8089,4903,9062,9525,4617,52,29
2024,2024onwat,Week 4,6992,4678,772,6978,6070,7022,73,49
2024,2024onwat,Week 4,1360,2609,4476,7509,9562,9659,84,42
2024,2024onwat,Week 4,6162,6875,2702,6725,8765,3756,48,30
2024,2024onwat,Week 4,5912,4903,6978,5024,4617,4678,87,82
2024,2024onwat,Week 4,7022,4917,3683,2609,9663,6070,86,49
2024,2024onwat,Week 4,3739,9659,8089,9062,6162,9562,38,61
2024,2024onwat,Week 4,772,7722,8765,9525,7509,3756,28,28
2024,2024onwat,Week 4,6725,4476,6875,6992,2702,1360,59,45
2024,2024onwat,Week 4,3683,9062,4678,3739,4903,2609,121,43
2024,2024onwat,Week 4,8089,6978,7722,6070,5912,8765,60,52
2024,2024onwat,Week 4,1360,9659,6162,3756,6992,4476,55,57
2024,2024onwat,Week 4,9562,772,7022,9525,5024,6875,57,48
2024,2024onwat,Week 4,7509,6725,2702,4917,4617,9663,42,53
2024,2024onwat,Week 4,9062,9659,3756,3683,6070,6162,47,88
2024,2024onwat,Week 4,4903,4476,5024,6978,2609,8765,84,67
2024,2024onwat,Week 4,4917,6875,2702,9663,772,9525,78,30
2024,2024onwat,Week 4,7509,6725,4678,8089,6992,5912,70,78
2024,2024onwat,Week 4,7022,9562,4617,3739,7722,1360,31,60
2024,2024onwat,Week 4,3756,2609,5024,9663,2702,9062,77,39
2024,2024onwat,Week 4,4678,6162,6978,9525,8089,3683,70,68
2024,2024onwat,Week 4,4617,5912,772,6725,1360,6070,38,45
2024,2024onwat,Week 4,9562,4903,6992,7722,8765,7022,61,71
2024,2024onwat,Week 4,3739,6875,7509,9659,4917,4476,36,71
2024,2024onwat,Week 4,2609,9525,9062,5912,3756,1360,60,52
2024,2024onwat,Week 4,6070,8089,9562,2702,5024,7722,67,82
2024,2024onwat,Week 4,8765,7509,4476,6875,3683,9663,56,71
2024,2024onwat,Week 4,4903,4617,9659,4678,3739,6992,41,45
2024,2024onwat,Week 4,6162,7022,6725,772,6978,4917,18,74
2024,2024onwat,Week 4,3756,2702,6070,9562,4476,9525,44,60
2024,2024onwat,Week 4,4617,1360,4903,6875,8765,9659,53,40
2024,2024onwat,Week 4,5912,7022,9663,7509,3739,6978,57,45
2024,2024onwat,Week 4,6992,2609,3683,8089,772,6162,108,50
2024,2024onwat,Week 4,4678,7722,4917,5024,9062,6725,79,70
2024,2024sccha,Week 4,1287,281,1293,343,9571,6961,59,28
2024,2024sccha,Week 4,1319,3490,6925,4533,8137,3489,36,34
2024,2024sccha,Week 4,342,8575,1102,3976,2815,6167,77,33
2024,2024sccha,Week 4,4701,6366,5130,1539,9315,7085,50,44
2024,2024sccha,Week 4,1051,1758,6910,9086,1319,7104,31,17
2024,2024sccha,Week 4,4533,343,2815,3976,281,8575,95,30
2024,2024sccha,Week 4,5130,9571,1293,342,1539,6925,34,61
2024,2024sccha,Week 4,9086,1287,9315,3490,1102,3489,49,74
2024,2024sccha,Week 4,6961,8137,1758,6167,7085,1051,25,32
2024,2024sccha,Week 4,6910,6366,281,4701,7104,4533,65,27
2024,2024sccha,Week 4,3489,1287,1319,1539,1102,9315,39,45
2024,2024sccha,Week 4,5130,1051,8137,6961,1758,3490,49,30
2024,2024sccha,Week 4,6925,6167,7104,4701,1293,8575,39,46
2024,2024sccha,Week 4,6366,343,7085,6910,3976,342,64,31
2024,2024sccha,Week 4,9571,9086,3490,2815,5130,9315,64,54
2024,2024sccha,Week 4,3489,6961,281,1758,8575,1287,43,49
2024,2024sccha,Week 4,1293,343,4701,6925,8137,6366,35,61
2024,2024sccha,Week 4,9086,1539,3976,7085,1319,9571,24,17
2024,2024sccha,Week 4,2815,7104,1102,4533,6167,6910,33,36
2024,2024sccha,Week 4,6366,1051,3490,1287,8137,342,46,51
2024,2024sccha,Week 4,7085,3976,1758,9571,1539,8575,10,44
2024,2024sccha,Week 4,281,6167,4533,5130,6910,1293,68,35
2024,2024sccha,Week 4,343,9315,342,1102,9086,1051,69,21
2024,2024sccha,Week 4,4701,6961,2815,7104,6925,3489,50,51
2024,2024sccha,Week 4,1319,1287,4533,1293,6167,6366,49,49
2024,2024sccha,Week 4,1102,6910,1758,1539,3490,5130,71,35
2024,2024sccha,Week 4,7104,7085,342,8575,9086,6961,42,31
2024,2024sccha,Week 4,9571,3976,8137,2815,1319,281,28,55
2024,2024sccha,Week 4,9315,3489,4701,343,1051,6925,44,58
2024,2024sccha,Week 4,6961,342,1102,7085,3490,1293,46,43
2024,2024sccha,Week 4,6167,1758,1539,5130,7104,281,33,50
2024,2024sccha,Week 4,1051,9315,8575,4533,6366,3976,16,66
2024,2024sccha,Week 4,2815,3489,6910,343,9571,1287,46,56
2024,2024sccha,Week 4,8137,1319,1539,6925,4701,9086,6,41
2024,2024sccha,Week 4,3976,1293,7104,3490,9315,6167,15,46
2024,2024sccha,Week 4,8575,3489,5130,9571,1102,6366,45,56
2024,2024sccha,Week 4,1287,6925,2815,1319,1051,6961,57,39
2024,2024sccha,Week 4,342,4533,9086,281,1758,343,35,67
2024,2024sccha,Week 4,6910,9571,4701,8137,7085,1102,20,67
2024,2024sccha,Week 4,1319,3976,5130,7104,1287,3490,53,31
2024,2024sccha,Week 4,281,1293,6925,6366,2815,9086,45,64
2024,2024sccha,Week 4,6167,6961,8575,9315,6910,8137,47,34
2024,2024sccha,Week 4,7085,4533,1539,1051,342,3489,56,34
2024,2024sccha,Week 4,343,1102,1319,1758,4701,9086,84,27
2024,2024sccha,Week 4,3490,2815,9571,6925,8575,6910,51,44
2024,2024sccha,Week 4,9315,6961,3976,1539,1293,4533,15,46
2024,2024sccha,Week 4,1051,1287,6167,7085,4701,281,49,31
2024,2024sccha,Week 4,1758,5130,6366,8137,343,7104,55,56
2024,2024sccha,Week 4,3489,1293,6961,342,2815,1319,27,33
2024,2024sccha,Week 4,9315,4533,9571,3976,1102,4701,29,42
2024,2024sccha,Week 4,1287,6925,7085,1758,6366,7104,49,42
2024,2024sccha,Week 4,8137,9086,3489,5130,342,6167,41,49
2024,2024sccha,Week 4,8575,3490,343,281,1539,1051,85,44
2024,2024sccha,Week 4,6910,4701,1319,1293,9315,1758,19,23
2024,2024sccha,Week 4,1102,5130,7085,6961,4533,6925,68,52
2024,2024sccha,Week 4,6366,1539,1287,8137,8575,2815,67,48
2024,2024sccha,Week 4,9086,7104,1051,3489,281,9571,32,73
2024,2024sccha,Week 4,3490,342,3976,6167,6910,343,41,32
2024,2024sccha,Week 4,8575,6366,9315,6961,5130,1287,49,34
2024,2024sccha,Week 4,1051,4533,2815,1293,7085,9086,56,34
2024,2024sccha,Week 4,4701,6167,8137,3976,3489,343,28,63
2024,2024sccha,Week 4,3490,281,342,1319,1758,9571,74,26
2024,2024sccha,Week 4,7104,6910,1539,1102,6925,1287,16,95
2024,2024txdal,Week 4,4597,9506,7506,9140,4641,5212,10,27
2024,2024txdal,Week 4,7091,1296,4332,8598,8874,8732,40,23
2024,2024txdal,Week 4,6901,5431,6171,5894,4364,5788,35,17
2024,2024txdal,Week 4,4717,6526,148,8827,8816,8749,22,21
2024,2024txdal,Week 4,8019,3676,4610,5417,6357,8858,37,55
2024,2024txdal,Week 4,3282,2583,9156,8625,2714,9034,23,40
2024,2024txdal,Week 4,7321,7119,4639,9418,6672,7121,38,64
2024,2024txdal,Week 4,8769,6901,8598,8732,4364,5212,23,29
2024,2024txdal,Week 4,4597,4641,7091,6171,4717,1296,36,39
2024,2024txdal,Week 4,4610,4332,8749,7506,8827,8019,31,40
2024,2024txdal,Week 4,9140,6357,9156,8816,5417,2583,41,40
2024,2024txdal,Week 4,8874,4639,8625,6672,5788,6526,42,68
2024,2024txdal,Week 4,7321,3282,8769,5894,7121,2714,6,57
2024,2024txdal,Week 4,8858,7119,3676,9034,9506,148,44,58
2024,2024txdal,Week 4,5431,4610,4597,9418,1296,8827,32,69
2024,2024txdal,Week 4,8816,6901,4364,2583,8749,8019,12,54
2024,2024txdal,Week 4,8625,7506,4641,5788,9140,4639,43,61
2024,2024txdal,Week 4,7121,8874,8769,9156,8732,5417,45,20
2024,2024txdal,Week 4,6526,4332,9506,2714,148,3676,26,69
2024,2024txdal,Week 4,4717,9034,8858,8598,7321,5431,29,39
2024,2024txdal,Week 4,7119,7091,9418,5212,5894,6357,52,49
2024,2024txdal,Week 4,8816,6672,3282,6171,7506,4610,40,48
2024,2024txdal,Week 4,7121,4597,8732,8019,8625,6901,48,39
2024,2024txdal,Week 4,4364,8769,9140,4332,148,4641,38,50
2024,2024txdal,Week 4,9034,5788,8827,9506,5431,1296,55,54
2024,2024txdal,Week 4,5894,3676,9418,4639,2583,7091,41,34
2024,2024txdal,Week 4,8874,5417,6171,3282,2714,4717,46,36
2024,2024txdal,Week 4,8598,7119,6357,6526,8749,7321,49,41
2024,2024txdal,Week 4,6672,5212,7506,8858,9156,4610,54,25
2024,2024txdal,Week 4,9506,8625,8816,8769,8732,5431,19,63
2024,2024txdal,Week 4,148,4364,4639,7091,8019,5894,36,31
2024,2024txdal,Week 4,8874,9140,2583,6171,4597,8827,65,26
2024,2024txdal,Week 4,4641,9418,3282,9034,6526,8598,45,23
2024,2024txdal,Week 4,1296,5212,6901,4332,5417,7321,48,34
2024,2024txdal,Week 4,5788,4717,7119,7121,3676,9156,31,41
2024,2024txdal,Week 4,2714,8858,6672,6357,7091,8749,95,54
2024,2024txdal,Week 4,2583,7506,8769,4597,5894,8874,22,24
2024,2024txdal,Week 4,5431,4639,8019,9034,3282,6171,65,27
2024,2024txdal,Week 4,148,5212,5417,4610,6526,4364,67,23
2024,2024txdal,Week 4,7321,9418,8816,3676,5788,8625,21,58
2024,2024txdal,Week 4,8858,8749,1296,9140,7121,7119,62,51
2024,2024txdal,Week 4,6901,6672,9506,6357,2714,4332,54,44
2024,2024txdal,Week 4,8598,4641,9156,8732,4717,8827,55,39
2024,2024txdal,Week 4,4639,6526,5212,4364,9034,2583,49,40
2024,2024txdal,Week 4,5417,3282,7091,5788,7321,4597,66,57
2024,2024txdal,Week 4,8816,6171,8858,1296,8769,7119,35,58
2024,2024txdal,Week 4,6901,148,7121,7506,8874,6357,60,49
2024,2024txdal,Week 4,4332,5894,8625,4610,4717,8598,26,33
2024,2024txdal,Week 4,3676,8749,8732,4641,5431,6672,56,84
2024,2024txdal,Week 4,9156,9418,2714,9506,9140,8019,17,50
2024,2024txdal,Week 4,8827,2583,6526,7091,8858,8769,27,34
2024,2024txdal,Week 4,6357,7321,6901,1296,3282,148,23,82
2024,2024txdal,Week 4,6171,7121,4332,4597,8816,8598,39,32
2024,2024txdal,Week 4,8874,9034,8749,4639,4610,5894,44,63
2024,2024txdal,Week 4,5212,9156,4717,6672,8625,9140,39,81
2024,2024txdal,Week 4,3676,5431,7506,4641,5417,2714,64,70
2024,2024txdal,Week 4,8827,7119,4364,5788,8732,9418,26,41
2024,2024txdal,Week 4,8019,1296,7121,9506,8598,2583,80,31
2024,2024txdal,Week 4,148,8769,8816,3282,4639,4597,71,53
2024,2024txdal,Week 4,6672,4610,9034,4717,6901,9140,78,36
2024,2024txdal,Week 4,2714,7091,6526,5431,9156,4332,46,45
2024,2024txdal,Week 4,8749,6171,5788,5212,9418,8858,36,47
2024,2024txdal,Week 4,8732,8019,7321,3676,9506,8874,53,49
2024,2024txdal,Week 4,5894,8827,4641,5417,8625,7119,62,26
2024,2024txdal,Week 4,6357,1296,4597,7506,4364,4717,70,24
2024,2024txdal,Week 4,2583,4332,6672,5431,8816,7121,78,45
2024,2024txdal,Week 4,4610,2714,5788,5212,8598,7091,46,48
2024,2024txdal,Week 4,9156,148,8874,9418,6901,4639,77,58
2024,2024txdal,Week 4,8625,6171,8732,8749,9506,5417,21,47
2024,2024txdal,Week 4,3282,8858,5894,4364,4641,3676,52,51
2024,2024txdal,Week 4,9140,7321,7506,7119,8019,6526,39,42
2024,2024txdal,Week 4,7121,6357,9034,8827,8769,4610,80,23
2024,2024txdal,Week 4,2714,5212,5431,1296,8816,8874,63,65
2024,2024txdal,Week 4,5417,8598,5788,8749,6672,148,26,94
2024,2024txdal,Week 4,8625,4597,4364,4639,8858,9506,31,21
2024,2024txdal,Week 4,4332,8019,4717,7119,2583,4641,36,54
2024,2024txdal,Week 4,7321,3676,6171,9156,8827,6901,43,24
2024,2024txdal,Week 4,8732,9140,5894,6526,6357,3282,60,29
2024,2024txdal,Week 4,8769,9034,9418,7506,7091,8816,46,27
2024,2024txdal,Week 4,4364,8874,2714,8858,7121,8625,55,36
2024,2024txdal,Week 4,4717,4639,5417,7119,4332,5212,47,32
2024,2024txdal,Week 4,2583,5788,5431,148,4610,7321,48,63
2024,2024txdal,Week 4,6526,5894,1296,8019,9156,6672,50,74
2024,2024txdal,Week 4,7091,8827,9506,6901,7506,3282,25,29
2024,2024txdal,Week 4,4641,8732,9034,9418,6171,6357,49,45
2024,2024txdal,Week 4,8749,8598,9140,8769,4597,3676,63,26
2024,2024orwil,Week 4,1425,2898,2990,5970,5295,9600,39,22
2024,2024orwil,Week 4,9430,7034,5975,2550,2471,4662,37,57
2024,2024orwil,Week 4,6465,6845,4127,6343,2811,9680,16,67
2024,2024orwil,Week 4,4488,2521,1540,6696,4060,753,92,36
2024,2024orwil,Week 4,997,3024,9567,957,4692,2733,38,39
2024,2024orwil,Week 4,6443,2635,3636,3673,4043,2374,52,56
2024,2024orwil,Week 4,9600,9430,2990,7034,6465,1425,60,32
2024,2024orwil,Week 4,753,6343,2521,2898,5975,5970,92,25
2024,2024orwil,Week 4,6845,9680,5295,957,2471,4488,8,75
2024,2024orwil,Week 4,1540,2374,9567,4043,6443,2733,34,79
2024,2024orwil,Week 4,3024,4060,3673,2635,6696,2811,37,56
2024,2024orwil,Week 4,3636,4662,4692,2550,997,4127,47,30
2024,2024orwil,Week 4,6343,4488,7034,2990,5970,9680,76,37
2024,2024orwil,Week 4,6443,753,957,6465,9567,9430,53,43
2024,2024orwil,Week 4,3673,2471,6696,2811,3024,1425,49,60
2024,2024orwil,Week 4,4692,4043,2521,1540,2733,4662,90,38
2024,2024orwil,Week 4,5975,5295,997,4060,3636,6845,21,50
2024,2024orwil,Week 4,4127,9600,2898,2635,2374,2550,15,40
2024,2024orwil,Week 4,9567,1425,9680,753,3673,9430,41,36
2024,2024orwil,Week 4,6696,4662,6443,5970,4692,4488,70,35
2024,2024orwil,Week 4,7034,3636,4043,2811,1540,6465,73,64
2024,2024orwil,Week 4,2471,2990,997,2898,6845,2550,60,32
2024,2024orwil,Week 4,2374,957,9600,2733,6343,3024,74,33
2024,2024orwil,Week 4,5295,4060,2521,5975,4127,2635,89,25
2024,2024orwil,Week 4,5970,6465,4043,9430,9680,3636,47,35
2024,2024orwil,Week 4,3673,4488,2898,6845,6696,997,58,44
2024,2024orwil,Week 4,4662,9600,6343,2471,1540,6443,38,47
2024,2024orwil,Week 4,5295,3024,2635,2521,2550,957,20,84
2024,2024orwil,Week 4,1425,4692,4060,7034,4127,9567,71,48
2024,2024orwil,Week 4,2733,2374,2811,5975,2990,753,45,31
2024,2024orwil,Week 4,4488,9680,6465,4043,2898,2471,49,93
2024,2024orwil,Week 4,9600,3024,6696,4662,2521,6845,47,54
2024,2024orwil,Week 4,9430,997,4060,6343,4127,5970,44,17
2024,2024orwil,Week 4,2374,753,1425,3636,2990,2733,35,61
2024,2024orwil,Week 4,957,2635,1540,4692,2811,5975,75,53
2024,2024orwil,Week 4,6443,2550,7034,9567,3673,5295,66,40
2024,2024orwil,Week 4,4043,4662,997,4488,9600,4060,75,62
2024,2024orwil,Week 4,2733,4127,9430,2898,6696,3636,23,43
2024,2024orwil,Week 4,753,9680,1540,2635,1425,2471,60,52
2024,2024orwil,Week 4,7034,2811,2990,6465,5295,957,85,52
2024,2024orwil,Week 4,2550,5970,9567,3024,2374,5975,46,37
2024,2024orwil,Week 4,6845,6343,4692,2521,6443,3673,38,74
2024,2024orwil,Week 4,1425,3636,4127,2635,997,4488,31,51
2024,2024orwil,Week 4,6696,4043,2990,753,4662,5295,73,26
2024,2024orwil,Week 4,2898,9430,2374,3024,1540,2550,61,57
2024,2024orwil,Week 4,3673,5975,6343,9600,6465,4692,6,52
2024,2024orwil,Week 4,957,9567,6845,2521,7034,5970,40,83
2024,2024orwil,Week 4,2471,2733,9680,6443,4060,2811,53,57
2024,2024orwil,Week 4,2990,1540,4127,9430,4488,3024,42,61
2024,2024orwil,Week 4,5295,4043,2550,997,9600,3673,64,21
2024,2024orwil,Week 4,4692,2635,753,2374,6845,7034,35,42
2024,2024orwil,Week 4,4060,957,4662,9680,2898,6443,46,47
2024,2024orwil,Week 4,5970,3636,2811,5975,2521,1425,56,57
2024,2024orwil,Week 4,6696,2733,6465,9567,6343,2471,53,32
2024,2024orwil,Week 4,3024,7034,4692,4127,753,4043,32,66
2024,2024orwil,Week 4,997,6443,2374,5295,9430,1540,62,99
2024,2024orwil,Week 4,2811,957,2898,2990,4488,4662,50,71
2024,2024orwil,Week 4,2471,6845,9600,3636,9567,2521,52,80
2024,2024orwil,Week 4,6465,3673,2635,2733,5970,4060,20,57
2024,2024orwil,Week 4,9680,2550,5975,1425,6696,6343,41,62
2024,2024orwil,Week 4,4127,6443,3024,1540,2898,7034,47,64
2024,2024orwil,Week 4,2811,753,9600,3636,997,957,57,29
2024,2024orwil,Week 4,2521,2471,9430,4692,2990,3673,92,43
2024,2024orwil,Week 4,9567,5975,6696,9680,2635,4043,61,35
2024,2024orwil,Week 4,4488,2733,5295,4060,2550,6343,76,43
2024,2024orwil,Week 4,6845,1425,5970,4662,6465,2374,47,71
2024,2024orwil,Week 4,1540,3673,3636,2990,957,3024,65,65
2024,2024orwil,Week 4,9680,2521,6696,997,7034,753,73,45
2024,2024orwil,Week 4,4127,2811,4488,9600,9567,6443,76,47
2024,2024orwil,Week 4,2550,1425,2733,4043,9430,6845,54,56
2024,2024orwil,Week 4,4662,5970,2635,6343,5295,2898,46,26
2024,2024orwil,Week 4,4060,5975,6465,2374,4692,2471,49,72
2024,2024cafr,Week 4,3491,4322,6804,9400,5817,9143,21,37
2024,2024cafr,Week 4,581,841,6947,8404,766,1280,77,32
2024,2024cafr,Week 4,1671,1351,7589,1323,3512,2367,51,83
2024,2024cafr,Week 4,4141,6657,5171,840,8768,6305,27,55
2024,2024cafr,Week 4,3501,7157,3925,3970,6998,6711,57,62
2024,2024cafr,Week 4,972,6059,2489,9634,8840,6662,59,40
2024,2024cafr,Week 4,9706,5940,3491,6947,3598,1671,44,66
2024,2024cafr,Week 4,1323,7589,5817,841,840,8404,50,69
2024,2024cafr,Week 4,581,3925,6804,3501,4322,6305,70,90
2024,2024cafr,Week 4,6662,3970,9400,6711,6657,3512,74,47
2024,2024cafr,Week 4,972,2367,9706,1280,8768,9143,62,71
2024,2024cafr,Week 4,4141,8840,6998,2489,1351,9634,55,44
2024,2024cafr,Week 4,6059,5171,766,5940,3598,7157,28,99
2024,2024cafr,Week 4,7589,6305,8404,3512,3491,3501,39,75
2024,2024cafr,Week 4,5817,8768,972,9400,9706,3925,69,45
2024,2024cafr,Week 4,4322,9143,841,1280,1671,8840,91,55
2024,2024cafr,Week 4,2367,6711,9634,5940,2489,840,27,118
2024,2024cafr,Week 4,6657,1351,6998,4141,581,766,68,75
2024,2024cafr,Week 4,1323,3970,3598,6947,6059,6662,109,53
2024,2024cafr,Week 4,6804,8404,8840,5171,8768,7157,38,75
2024,2024cafr,Week 4,1280,3501,7589,9706,1671,2489,48,76
2024,2024cafr,Week 4,5817,3491,4141,6657,3925,2367,68,44
2024,2024cafr,Week 4,3512,581,9143,841,6711,5940,57,95
2024,2024cafr,Week 4,766,6305,9400,9634,1323,6059,26,62
2024,2024cafr,Week 4,6998,6662,7157,840,6947,4322,59,90
2024,2024cafr,Week 4,3598,6804,972,1351,5171,3970,44,67
2024,2024cafr,Week 4,581,7589,8840,6711,4141,1280,63,28
2024,2024cafr,Week 4,3501,1323,1671,9400,6657,5940,114,79
2024,2024cafr,Week 4,8404,3925,6662,6305,3512,6059,67,47
2024,2024cafr,Week 4,8768,6998,2489,5817,841,3598,36,116
2024,2024cafr,Week 4,9143,6804,5171,6947,3970,9634,28,83
2024,2024cafr,Week 4,7157,4322,2367,1351,766,9706,61,22
2024,2024cafr,Week 4,3491,581,840,972,3512,4141,93,64
2024,2024cafr,Week 4,6998,8404,5940,8840,9400,3598,65,34
2024,2024cafr,Week 4,3925,5817,3970,1280,2489,6804,72,33
2024,2024cafr,Week 4,6305,1323,6947,9143,766,6711,118,23
2024,2024cafr,Week 4,840,6059,1351,4322,1671,8768,61,70
2024,2024cafr,Week 4,6662,3501,841,2367,5171,3491,90,29
2024,2024cafr,Week 4,7157,9706,7589,9634,6657,972,42,81
2024,2024cafr,Week 4,766,8840,5940,2489,8404,3970,78,66
2024,2024cafr,Week 4,3925,1671,3512,4141,9143,6059,67,52
2024,2024cafr,Week 4,8768,6947,6711,840,3501,5817,45,100
2024,2024cafr,Week 4,6662,1280,9706,7157,9400,1351,62,78
2024,2024cafr,Week 4,581,3598,5171,6804,2367,7589,73,16
2024,2024cafr,Week 4,6998,9634,4322,6657,3491,1323,17,85
2024,2024cafr,Week 4,6305,841,2489,972,6947,3501,83,82
2024,2024cafr,Week 4,3970,4141,840,6059,8840,9706,58,30
2024,2024cafr,Week 4,8768,766,6804,7589,6662,9143,31,46
2024,2024cafr,Week 4,3598,9634,3512,6657,1280,4322,47,44
2024,2024cafr,Week 4,3491,841,1351,3925,5940,1323,71,126
2024,2024cafr,Week 4,8404,2367,9400,7157,6711,581,52,80
2024,2024cafr,Week 4,5171,972,6305,1671,5817,6998,58,82
2024,2024cafr,Week 4,6947,2489,6657,8840,4322,3512,64,37
2024,2024cafr,Week 4,5940,1280,6059,3491,7589,8768,57,22
2024,2024cafr,Week 4,6711,840,9400,1351,9143,3598,27,94
2024,2024cafr,Week 4,766,972,6662,6804,6998,3501,67,37
2024,2024cafr,Week 4,1671,9634,4141,5817,7157,8404,59,96
2024,2024cafr,Week 4,5171,1323,841,9706,581,3970,80,57
2024,2024cafr,Week 4,2367,1351,8840,3925,6305,3491,37,40
2024,2024cafr,Week 4,3512,840,1280,6998,6947,766,65,70
2024,2024cafr,Week 4,3501,5940,4141,3598,7589,4322,100,36
2024,2024cafr,Week 4,9143,7157,1323,5171,2489,5817,102,45
2024,2024cafr,Week 4,9634,9400,581,841,972,3925,45,86
2024,2024cafr,Week 4,6059,8404,6711,6804,9706,6657,35,52
2024,2024cafr,Week 4,3970,6305,1671,8768,6662,2367,57,58
2024,2024cafr,Week 4,1351,1280,5817,8840,3501,5171,63,79
2024,2024cafr,Week 4,841,9634,7157,3598,840,3925,63,64
2024,2024cafr,Week 4,7589,9400,6998,8404,4141,6947,42,89
2024,2024cafr,Week 4,3512,5940,8768,6662,6804,1323,112,69
2024,2024cafr,Week 4,6711,3491,972,4322,3970,766,39,51
2024,2024cafr,Week 4,1671,6059,6657,2489,2367,581,52,72
2024,2024cafr,Week 4,9143,9706,840,6305,6998,1280,64,31
2024,2024cafr,Week 4,8840,3925,8768,7589,5171,9634,53,35
2024,2024cafr,Week 4,4322,4141,1351,3970,3512,841,61,74
2024,2024cafr,Week 4,766,3598,6657,9400,6804,1671,59,38
2024,2024cafr,Week 4,2489,6711,3501,6059,7157,3491,50,45
2024,2024cafr,Week 4,2367,9143,6947,1323,972,8404,43,97
2024,2024cafr,Week 4,9706,5817,6305,5940,6662,581,74,86
2024,2024casd,Week 4,4738,812,3965,3882,2658,5474,43,56
2024,2024casd,Week 4,3255,4919,5137,9030,1572,5025,40,28
2024,2024casd,Week 4,359,8119,3128,9452,8888,6515,90,57
2024,2024casd,Week 4,4160,1266,2543,9730,3749,4419,51,46
2024,2024casd,Week 4,6695,2827,3880,2839,2485,8891,29,64
2024,2024casd,Week 4,6885,973,6995,1538,1972,1622,80,46
2024,2024casd,Week 4,3647,5805,5514,2984,2102,6072,74,49
2024,2024casd,Week 4,8870,3341,4984,9615,3704,9573,60,17
2024,2024casd,Week 4,7441,4160,8888,9084,3255,4270,33,95
2024,2024casd,Week 4,4738,2839,9730,5025,8119,4919,60,36
2024,2024casd,Week 4,8891,359,1572,1538,3749,5474,88,58
2024,2024casd,Week 4,6995,9452,2543,5805,3965,6072,94,10
2024,2024casd,Week 4,2658,2102,1622,3341,5137,9615,73,51
2024,2024casd,Week 4,2485,8870,9084,1972,4984,3647,48,19
2024,2024casd,Week 4,6515,9573,9030,1266,3882,2827,28,28
2024,2024casd,Week 4,973,4270,812,5514,6695,4419,62,19
2024,2024casd,Week 4,3704,3880,2984,6885,7441,3128,28,53
2024,2024casd,Week 4,8891,3255,2658,9730,359,5805,60,63
2024,2024casd,Week 4,5137,4984,1538,3647,3965,8119,46,58
2024,2024casd,Week 4,1572,1622,4738,9452,9573,4160,83,14
2024,2024casd,Week 4,5474,5025,1972,4270,4419,1266,34,32
2024,2024casd,Week 4,3749,6885,8870,5514,6515,4919,49,26
2024,2024casd,Week 4,2839,812,6995,9084,973,3880,63,81
2024,2024casd,Week 4,7441,6072,3341,3128,2485,9030,24,64
2024,2024casd,Week 4,8888,2102,6695,2827,3704,2543,61,35
2024,2024casd,Week 4,3882,9615,4984,2984,9452,1572,45,54
2024,2024casd,Week 4,3965,1622,359,4419,8870,5805,90,25
2024,2024casd,Week 4,5514,6885,1266,6995,4160,9084,23,79
2024,2024casd,Week 4,3341,6515,4270,812,9730,5137,73,40
2024,2024casd,Week 4,4738,2658,1972,3128,3647,2827,77,55
2024,2024casd,Week 4,3749,9030,9615,8888,3880,2839,31,39
2024,2024casd,Week 4,3255,6072,8119,973,8891,9573,62,56
2024,2024casd,Week 4,6695,2543,1538,3882,5025,7441,47,47
2024,2024casd,Week 4,5474,2984,2485,2102,4919,3704,68,66
2024,2024casd,Week 4,1972,4419,3965,3341,5514,4738,1,52
2024,2024casd,Week 4,3880,3647,1572,9730,1622,6515,83,48
2024,2024casd,Week 4,2827,6072,6885,359,812,3255,27,85
2024,2024casd,Week 4,5805,9573,1538,4270,9615,6695,35,52
2024,2024casd,Week 4,4984,8888,2984,1266,8891,2102,9,77
2024,2024casd,Week 4,3128,4919,9452,2543,9084,5137,71,77
2024,2024casd,Week 4,7441,9030,5474,8870,6995,8119,34,47
2024,2024casd,Week 4,3704,2485,3882,3749,2658,973,61,70
2024,2024casd,Week 4,6515,5025,2839,4160,3965,3341,28,37
2024,2024casd,Week 4,9573,1572,4419,6885,5805,8888,52,35
2024,2024casd,Week 4,812,3647,1266,4919,1538,359,55,65
2024,2024casd,Week 4,2543,8891,3880,8870,5137,1972,62,47
2024,2024casd,Week 4,6995,4270,3704,2485,4738,3255,73,86
2024,2024casd,Week 4,9030,9730,9452,2102,5514,973,27,74
2024,2024casd,Week 4,4160,2839,9615,6072,5474,3128,42,73
2024,2024casd,Week 4,2658,8119,9084,5025,2984,6695,72,19
2024,2024casd,Week 4,1622,3882,3749,2827,4984,7441,85,22
2024,2024casd,Week 4,1572,1266,5805,3880,3341,812,23,75
2024,2024casd,Week 4,5137,4738,8888,2485,1538,6885,89,87
2024,2024casd,Week 4,9573,2543,5514,5474,2839,3647,34,72
2024,2024casd,Week 4,9452,1972,359,9030,6695,4160,87,37
2024,2024casd,Week 4,1622,9084,5025,6072,3704,8891,74,44
2024,2024casd,Week 4,4419,6995,3255,4984,6515,2658,77,39
2024,2024casd,Week 4,2102,3128,3749,4270,8870,3882,91,43
2024,2024casd,Week 4,973,9730,4919,3965,9615,7441,26,36
2024,2024casd,Week 4,8119,2827,3341,2984,2543,6885,66,40
2024,2024casd,Week 4,3647,9030,8891,812,4160,3704,57,35
2024,2024casd,Week 4,359,3880,5514,4984,4738,5025,77,59
2024,2024casd,Week 4,2839,1266,8870,2658,9452,2485,20,76
2024,2024casd,Week 4,4919,3882,6072,8888,1972,4270,46,62
2024,2024casd,Week 4,3255,3749,3965,8119,2984,1622,78,66
2024,2024casd,Week 4,4419,9084,6515,9615,1538,2102,66,67
2024,2024casd,Week 4,5137,5474,2827,5805,7441,973,58,35
2024,2024casd,Week 4,6695,3128,9573,1572,6995,9730,63,45
2024,2024casd,Week 4,3647,4270,2658,8891,6885,9452,94,59
2024,2024casd,Week 4,8119,8888,2485,1622,5514,812,76,43
2024,2024casd,Week 4,1538,3341,3882,3880,3255,8870,50,42
2024,2024casd,Week 4,6515,973,4160,2543,5805,4984,51,39
2024,2024casd,Week 4,3704,7441,2839,1972,1572,2102,47,65
2024,2024casd,Week 4,3965,5474,9730,9084,2827,9030,32,59
2024,2024casd,Week 4,4919,4419,2984,9573,359,6995,26,96
2024,2024casd,Week 4,6072,6695,4738,1266,5137,3749,56,39
2024,2024casd,Week 4,9615,3128,5805,5025,3255,3647,65,104
2024,2024tuis3,Week 4,9473,9020,9409,6989,5655,9029,2,34
2024,2024tuis3,Week 4,7576,8561,8783,8500,8798,9028,23,13
2024,2024tuis3,Week 4,7672,9021,9074,8166,6024,9440,25,27
2024,2024tuis3,Week 4,9690,5665,8182,6940,9441,9467,47,8
2024,2024tuis3,Week 4,9694,9185,7228,5883,6459,5773,26,73
2024,2024tuis3,Week 4,7522,9077,9583,8159,7292,8054,59,52
2024,2024tuis3,Week 4,9093,7539,9483,9160,9523,9232,53,64
2024,2024tuis3,Week 4,9692,9545,9601,6417,8070,7439,47,44
2024,2024tuis3,Week 4,6874,9555,8146,9281,8151,8166,57,4
2024,2024tuis3,Week 4,9409,6024,8500,9473,6459,9467,34,29
2024,2024tuis3,Week 4,8561,9694,8159,9074,9029,5665,47,39
2024,2024tuis3,Week 4,7539,9441,9021,9185,7672,9583,74,24
2024,2024tuis3,Week 4,6940,9692,9077,7228,7576,9160,46,66
2024,2024tuis3,Week 4,8146,9020,9690,7439,9601,9093,24,15
2024,2024tuis3,Week 4,6417,8182,8151,9232,7522,8070,38,64
2024,2024tuis3,Week 4,9545,5773,9523,8798,9555,8783,50,12
2024,2024tuis3,Week 4,9483,7292,6989,9440,6874,9028,80,24
2024,2024tuis3,Week 4,5883,8054,8166,5655,9281,8500,54,39
2024,2024tuis3,Week 4,9074,6940,8159,8146,9093,9021,51,34
2024,2024tuis3,Week 4,7228,6417,6459,9232,8561,8151,71,16
2024,2024tuis3,Week 4,5665,9473,9692,9185,8783,9020,72,3
2024,2024tuis3,Week 4,8182,9694,7522,6874,7539,9601,35,74
2024,2024tuis3,Week 4,9523,7292,7576,9545,9690,9409,57,32
2024,2024tuis3,Week 4,9555,8054,5655,9441,9028,9029,56,20
2024,2024tuis3,Week 4,9583,9467,5883,5773,9160,9440,48,37
2024,2024tuis3,Week 4,7672,9281,8070,9077,8798,9483,29,63
2024,2024tuis3,Week 4,8783,6989,6024,7439,7522,6874,42,62
2024,2024tuis3,Week 4,8151,8500,6459,8159,9545,9021,64,73
2024,2024tuis3,Week 4,8146,9473,7228,9694,9523,9441,19,22
2024,2024tuis3,Week 4,5655,9690,9028,9440,9185,9232,22,27
2024,2024tuis3,Week 4,9692,5883,8798,7539,8182,9555,77,48
2024,2024tuis3,Week 4,8166,9409,6417,5665,8054,9077,17,48
2024,2024tuis3,Week 4,7672,9467,7292,8561,6989,7439,41,31
2024,2024tuis3,Week 4,7576,9583,8070,9093,9029,6024,47,66
2024,2024tuis3,Week 4,9601,5773,9020,9281,9074,9160,25,14
2024,2024tuis3,Week 4,9483,5655,9440,9545,9694,6940,85,66
2024,2024tuis3,Week 4,9692,6417,8054,8798,6459,8146,49,54
2024,2024tuis3,Week 4,9077,6874,9690,5883,8561,9021,37,43
2024,2024tuis3,Week 4,7522,9028,9093,9467,8500,5665,56,90
2024,2024tuis3,Week 4,9232,9601,8159,5773,9473,7672,48,22
2024,2024tuis3,Week 4,9555,6024,9185,9020,6989,6940,38,43
2024,2024tuis3,Week 4,9523,7439,8151,9583,8182,9281,16,35
2024,2024tuis3,Week 4,9483,9074,9441,9409,7576,7539,69,71
2024,2024tuis3,Week 4,8070,9029,8166,8783,7228,7292,24,8
2024,2024tuis3,Week 4,9160,8798,9473,9021,7522,9690,16,63
2024,2024tuis3,Week 4,9028,5883,7672,6417,9020,9545,50,37
2024,2024tuis3,Week 4,6459,9440,6989,9077,8146,9523,96,33
2024,2024tuis3,Week 4,9281,9232,9694,9409,9583,8561,40,12
2024,2024tuis3,Week 4,7539,7439,8500,9029,6940,5773,64,33
2024,2024tuis3,Week 4,7228,9074,9692,9467,8159,5655,45,26
2024,2024tuis3,Week 4,9441,5665,9555,8070,9160,6874,47,30
2024,2024tuis3,Week 4,9185,9093,7576,7292,8166,8182,44,34
2024,2024tuis3,Week 4,6024,8151,9601,8054,9483,8783,16,107
2024,2024tuis3,Week 4,7522,9281,6459,9029,9690,7672,64,20
2024,2024tuis3,Week 4,8500,9077,6417,9020,7539,9694,35,54
2024,2024tuis3,Week 4,9583,9021,6874,9555,7228,9409,57,20
2024,2024tuis3,Week 4,8070,9028,6940,9523,8159,5883,18,54
2024,2024tuis3,Week 4,8054,9440,9545,8182,9093,9473,55,26
2024,2024tuis3,Week 4,8166,9483,5773,9441,9692,6989,77,29
2024,2024tuis3,Week 4,6024,9232,8798,7292,9601,5665,40,49
2024,2024tuis3,Week 4,8151,8146,9185,9074,7576,9467,17,43
2024,2024tuis3,Week 4,8561,9160,7539,5655,8783,7439,66,39
2024,2024tuis3,Week 4,9020,9440,7228,8054,9409,7522,12,54
2024,2024tuis3,Week 4,8500,9523,9029,6874,7672,9692,20,65
2024,2024tuis3,Week 4,9601,5883,9281,9093,9441,7292,57,21
2024,2024tuis3,Week 4,6989,5665,8798,9074,8151,9583,40,15
2024,2024tuis3,Week 4,7439,9232,9545,9021,9185,9077,29,21
2024,2024tuis3,Week 4,8182,5655,8561,5773,8146,6024,22,40
2024,2024tuis3,Week 4,9473,8159,6417,7576,9555,9483,49,92
2024,2024tuis3,Week 4,9028,9467,9160,6459,8166,9694,12,50
2024,2024tuis3,Week 4,8783,8070,9074,9690,6940,8054,5,46
2024,2024tuis3,Week 4,9440,9077,9441,8151,9692,7522,27,50
2024,2024tuis3,Week 4,6024,9545,7539,6989,7228,9281,58,9
2024,2024tuis3,Week 4,7292,5773,5655,9021,6417,9523,33,34
2024,2024tuis3,Week 4,9160,9409,9185,8159,8500,8146,5,73
2024,2024tuis3,Week 4,9467,6874,9232,8798,8070,9020,54,38
2024,2024tuis3,Week 4,9690,8783,9093,9694,7672,9555,11,81
2024,2024tuis3,Week 4,6940,8166,8561,9601,9583,9473,37,16
2024,2024tuis3,Week 4,6459,7439,7576,5665,9483,5883,70,111
2024,2024tuis3,Week 4,9029,9021,8182,9028,6417,9074,36,46
2024,2024inpla,Week 4,2867,7457,234,447,4008,9071,104,24
2024,2024inpla,Week 4,1018,868,3940,6721,3947,1741,68,61
2024,2024inpla,Week 4,9530,9431,4982,6956,7477,7617,43,36
2024,2024inpla,Week 4,3936,3865,328,4580,4485,461,16,41
2024,2024inpla,Week 4,292,3890,1747,8742,9119,1501,58,51
2024,2024inpla,Week 4,3487,829,135,5010,3494,7477,75,59
2024,2024inpla,Week 4,3940,3865,4485,328,6956,7457,38,55
2024,2024inpla,Week 4,6721,9119,447,1501,9530,3890,36,38
2024,2024inpla,Week 4,3947,3494,868,2867,3936,1747,44,64
2024,2024inpla,Week 4,234,461,4008,4580,9431,5010,83,40
2024,2024inpla,Week 4,3487,1018,9071,1741,829,8742,16,77
2024,2024inpla,Week 4,292,4982,3936,7617,135,4485,70,37
2024,2024inpla,Week 4,6956,3940,4580,9530,3494,4008,65,43
2024,2024inpla,Week 4,829,6721,9431,9119,3487,7457,40,68
2024,2024inpla,Week 4,2867,7477,328,3947,9071,234,51,37
2024,2024inpla,Week 4,1747,3865,8742,5010,135,3890,51,7
2024,2024inpla,Week 4,868,1501,292,461,4982,1741,76,110
2024,2024inpla,Week 4,3494,447,2867,1018,7617,9431,58,57
2024,2024inpla,Week 4,4008,4485,3947,3940,1747,829,4,79
2024,2024inpla,Week 4,9071,6721,1501,3487,6956,292,43,81
2024,2024inpla,Week 4,234,8742,7477,7617,3936,9530,47,51
2024,2024inpla,Week 4,135,461,3865,1018,4580,3890,60,28
2024,2024inpla,Week 4,9119,4982,868,7457,5010,447,59,89
2024,2024inpla,Week 4,328,234,1501,1741,4008,6956,88,57
2024,2024inpla,Week 4,9431,292,2867,9071,3890,4485,82,13
2024,2024inpla,Week 4,3947,5010,3487,3865,9530,1018,63,20
2024,2024inpla,Week 4,8742,461,447,3494,328,6721,48,51
2024,2024inpla,Week 4,868,7457,1747,135,7477,4982,106,60
2024,2024inpla,Week 4,829,4580,3936,3940,9119,1741,39,92
2024,2024inpla,Week 4,4008,1501,7617,3494,8742,9431,67,45
2024,2024inpla,Week 4,461,9530,3487,6956,2867,4982,56,51
2024,2024inpla,Week 4,1747,9071,9119,6721,868,3865,32,85
2024,2024inpla,Week 4,7477,292,1018,234,3940,3936,59,48
2024,2024inpla,Week 4,7457,7617,829,135,4580,328,97,45
2024,2024inpla,Week 4,5010,1741,4485,3890,447,3947,75,19
2024,2024inpla,Week 4,4982,9071,8742,461,3940,3494,26,77
2024,2024inpla,Week 4,6956,3936,6721,2867,829,3865,34,60
2024,2024inpla,Week 4,7457,3890,1741,7477,868,9530,56,31
2024,2024inpla,Week 4,7617,292,5010,4580,1747,3947,76,27
2024,2024inpla,Week 4,9431,328,4008,447,1501,1018,44,73
2024,2024inpla,Week 4,135,234,9119,3487,4485,868,41,41
2024,2024inpla,Week 4,1741,7617,3494,3865,5010,9071,46,33
2024,2024inpla,Week 4,829,461,3890,3936,4008,7457,80,58
2024,2024inpla,Week 4,4485,328,4982,9530,6721,135,45,31
2024,2024inpla,Week 4,1018,234,6956,9431,3947,9119,55,10
2024,2024inpla,Week 4,1501,4580,2867,3940,8742,3487,67,59
2024,2024inpla,Week 4,7477,1747,461,292,447,829,68,81
2024,2024inpla,Week 4,3494,3936,9119,4982,1018,7457,36,97
2024,2024inpla,Week 4,3865,3487,7617,9431,234,868,66,68
2024,2024inpla,Week 4,1747,5010,9530,9071,328,3940,43,30
2024,2024inpla,Week 4,4485,447,6956,8742,6721,4580,47,34
2024,2024inpla,Week 4,4008,2867,135,1501,1741,7477,44,77
2024,2024inpla,Week 4,3890,3487,3494,292,3947,328,55,52
2024,2024inpla,Week 4,6721,7457,461,447,7617,234,101,65
2024,2024inpla,Week 4,868,1741,4580,4485,8742,2867,64,44
2024,2024inpla,Week 4,3890,9431,3940,4982,829,1501,40,100
2024,2024inpla,Week 4,7477,3947,3865,9119,4008,292,25,45
2024,2024inpla,Week 4,9071,6956,9530,1747,1018,135,44,71
2024,2024inpla,Week 4,5010,3940,6721,3936,1741,9431,61,49
2024,2024inpla,Week 4,1501,3865,3494,4485,7477,829,76,48
2024,2024inpla,Week 4,8742,6956,3947,7457,135,292,43,96
2024,2024inpla,Week 4,4982,3890,4008,234,3487,1747,31,75
2024,2024inpla,Week 4,328,9530,447,868,9071,3936,21,54
2024,2024inpla,Week 4,9119,1018,5010,7617,2867,461,62,101
2024,2024inpla,Week 4,4580,7457,7477,4008,1747,6721,65,24
2024,2024inpla,Week 4,9530,292,8742,829,3494,234,76,60
2024,2024inpla,Week 4,3936,4485,1018,461,1501,5010,33,115
2024,2024inpla,Week 4,1741,2867,9071,3865,4982,4580,46,41
2024,2024inpla,Week 4,3947,135,3940,447,9431,3487,47,50
2024,2024inpla,Week 4,328,868,7617,3890,9119,6956,59,27
2024,2024mabos,Week 4,8567,1073,4925,716,5735,7907,25,53
2024,2024mabos,Week 4,4176,9729,2877,5347,2876,2084,62,49
2024,2024mabos,Week 4,1757,2067,4311,3467,2713,190,66,116
2024,2024mabos,Week 4,1922,8421,3323,8626,509,1965,45,49
2024,2024mabos,Week 4,246,6367,131,6324,6691,3597,80,25
2024,2024mabos,Week 4,2423,1761,78,5563,238,8604,45,19
2024,2024mabos,Week 4,4176,6201,2876,5735,1757,125,39,75
2024,2024mabos,Week 4,3323,7907,2713,8567,1965,1922,42,75
2024,2024mabos,Week 4,3467,716,4311,2084,2877,6367,74,53
2024,2024mabos,Week 4,1761,4925,9729,6324,2423,190,23,45
2024,2024mabos,Week 4,78,125,6201,8421,131,238,86,35
2024,2024mabos,Week 4,2067,1073,8626,3597,246,509,66,51
2024,2024mabos,Week 4,3467,5563,6691,8604,5347,1922,46,57
2024,2024mabos,Week 4,1761,190,716,1965,1757,2423,70,16
2024,2024mabos,Week 4,131,78,2713,4925,2876,2877,92,69
2024,2024mabos,Week 4,3323,6367,8626,1073,4311,125,51,74
2024,2024mabos,Week 4,246,6201,8604,8421,9729,3597,68,4
2024,2024mabos,Week 4,2084,6324,5735,2067,4176,6691,41,36
2024,2024mabos,Week 4,509,5347,5563,238,7907,8567,26,29
2024,2024mabos,Week 4,2876,8626,2713,4925,1922,2423,70,57
2024,2024mabos,Week 4,3467,8421,246,125,9729,190,69,71
2024,2024mabos,Week 4,2877,1965,6691,5735,4311,131,63,65
2024,2024mabos,Week 4,3597,8567,5347,6201,509,1757,42,68
2024,2024mabos,Week 4,5563,2084,4176,8604,1073,3323,52,45
2024,2024mabos,Week 4,716,238,78,6367,2067,6324,79,36
2024,2024mabos,Week 4,190,246,7907,1922,1761,4311,45,53
2024,2024mabos,Week 4,9729,8567,8626,131,509,2876,42,70
2024,2024mabos,Week 4,6691,2713,2084,4176,4925,8421,75,35
2024,2024mabos,Week 4,6324,1965,238,1757,716,1073,37,79
2024,2024mabos,Week 4,2877,8604,1761,6201,7907,2067,54,42
2024,2024mabos,Week 4,5347,5735,3323,6367,78,3467,43,86
2024,2024mabos,Week 4,2423,3597,2084,125,5563,2713,45,105
2024,2024mabos,Week 4,2876,8567,1757,4176,6324,246,87,41
2024,2024mabos,Week 4,7907,1922,2877,6691,8421,6201,79,20
2024,2024mabos,Week 4,1073,131,5347,190,8604,2067,59,69
2024,2024mabos,Week 4,125,2423,716,4311,3323,5563,72,49
2024,2024mabos,Week 4,238,3467,509,1965,9729,6367,83,41
2024,2024mabos,Week 4,3597,1761,5735,8626,4925,78,49,49
2024,2024mabos,Week 4,1922,2084,1073,8421,190,8567,82,64
2024,2024mabos,Week 4,131,2877,2067,2423,5347,7907,111,17
2024,2024mabos,Week 4,1757,3323,3467,246,1965,2876,74,64
2024,2024mabos,Week 4,4925,5563,6367,6201,8626,1761,26,60
2024,2024mabos,Week 4,78,5735,509,2713,8604,716,86,84
2024,2024mabos,Week 4,125,3597,4176,4311,6691,238,67,25
2024,2024mabos,Week 4,6324,7907,1757,9729,3323,2423,16,61
2024,2024mabos,Week 4,1965,190,4925,2876,2067,5563,32,62
2024,2024mabos,Week 4,2713,8421,5735,1761,3467,131,79,57
2024,2024mabos,Week 4,8626,1922,3597,716,4176,5347,64,55
2024,2024mabos,Week 4,246,6691,78,8567,2084,509,76,80
2024,2024mabos,Week 4,238,6367,125,9729,6324,8604,64,50
2024,2024mabos,Week 4,4311,2877,190,1073,6201,5563,85,44
2024,2024mabos,Week 4,5735,3467,1965,7907,4176,8626,87,50
2024,2024mabos,Week 4,8421,2876,2423,131,3597,716,60,81
2024,2024mabos,Week 4,2084,125,2067,6367,2713,8567,101,65
2024,2024mabos,Week 4,1757,6691,8604,3323,238,1761,38,11
2024,2024mabos,Week 4,509,1922,9729,78,2877,1073,89,71
2024,2024mabos,Week 4,4925,6201,6324,5347,4311,246,23,59
2024,2024mabos,Week 4,2423,6367,4176,7907,125,8421,74,39
2024,2024mabos,Week 4,190,5563,1757,8626,131,6691,58,60
2024,2024mabos,Week 4,509,1073,1761,2876,3467,1922,28,113
2024,2024mabos,Week 4,8567,4311,6324,78,8604,3597,79,52
2024,2024mabos,Week 4,716,2067,9729,1965,2084,6201,71,36
2024,2024mabos,Week 4,3323,4925,246,5735,238,2877,39,79
2024,2024mabos,Week 4,5347,1757,6367,2713,4176,1922,39,94
2024,2024mabos,Week 4,8604,2423,8567,1073,3597,3467,60,83
2024,2024mabos,Week 4,7907,131,1965,4311,78,2084,53,74
2024,2024mabos,Week 4,6691,716,4925,1761,125,2876,32,79
2024,2024mabos,Week 4,2067,2713,5347,238,246,9729,61,93
2024,2024mabos,Week 4,2877,6324,8421,5563,8626,5735,62,33
2024,2024mabos,Week 4,6201,190,131,509,3323,4176,64,65
2024,2024mabos,Week 4,3597,2876,4311,6367,1761,7907,54,57
2024,2024mabos,Week 4,1922,246,125,2067,78,1965,81,96
2024,2024mabos,Week 4,9729,5347,3467,5563,716,6324,81,43
2024,2024mabos,Week 4,8604,509,8421,2084,1757,4925,43,49
2024,2024mabos,Week 4,6691,5735,1073,2713,2423,6201,50,72
2024,2024mabos,Week 4,190,8626,238,2877,8567,3323,72,81
2024,2024mawne,Week 4,467,1740,1099,7407,571,236,81,65
2024,2024mawne,Week 4,230,8085,5142,178,228,8709,90,35
2024,2024mawne,Week 4,3654,6933,2170,6723,7153,177,54,52
2024,2024mawne,Week 4,195,173,1735,1699,5494,319,24,104
2024,2024mawne,Week 4,839,558,61,9710,1027,3182,58,36
2024,2024mawne,Week 4,999,8889,176,155,7127,3461,119,62
2024,2024mawne,Week 4,467,3654,6723,8085,178,1099,47,57
2024,2024mawne,Week 4,195,571,177,319,7153,173,86,52
2024,2024mawne,Week 4,6933,1735,3182,236,8709,61,69,61
2024,2024mawne,Week 4,999,9710,7407,1740,2170,839,81,44
2024,2024mawne,Week 4,1699,1027,230,8889,5142,7127,76,62
2024,2024mawne,Week 4,228,3461,5494,176,558,155,51,95
2024,2024mawne,Week 4,236,1735,8085,195,467,7153,54,51
2024,2024mawne,Week 4,999,839,8709,3654,178,571,67,48
2024,2024mawne,Week 4,5142,6933,177,3182,230,8889,79,59
2024,2024mawne,Week 4,1099,7127,319,5494,2170,176,53,63
2024,2024mawne,Week 4,3461,1740,7407,558,1699,228,107,72
2024,2024mawne,Week 4,61,155,1027,9710,6723,173,48,39
2024,2024mawne,Week 4,3182,839,3654,236,230,195,52,63
2024,2024mawne,Week 4,5494,571,5142,6933,176,8085,58,90
2024,2024mawne,Week 4,177,1735,178,7407,1099,228,83,69
2024,2024mawne,Week 4,9710,8709,155,319,8889,2170,58,77
2024,2024mawne,Week 4,7153,1740,558,6723,1027,7127,102,33
2024,2024mawne,Week 4,999,173,467,61,3461,1699,90,70
2024,2024mawne,Week 4,230,839,571,176,1099,1735,62,98
2024,2024mawne,Week 4,236,9710,5142,7407,8889,195,70,61
2024,2024mawne,Week 4,319,6723,8085,155,6933,1740,36,61
2024,2024mawne,Week 4,2170,1699,999,1027,177,228,51,55
2024,2024mawne,Week 4,5494,467,61,3654,3461,7153,47,72
2024,2024mawne,Week 4,558,7127,178,8709,3182,173,59,75
2024,2024mawne,Week 4,319,1735,839,1740,6723,8889,72,54
2024,2024mawne,Week 4,1099,155,230,8085,999,195,60,84
2024,2024mawne,Week 4,2170,236,7153,3461,5142,1027,60,51
2024,2024mawne,Week 4,7127,3182,571,3654,228,173,79,68
2024,2024mawne,Week 4,178,7407,1699,6933,5494,8709,116,64
2024,2024mawne,Week 4,177,467,558,9710,61,176,82,86
2024,2024mawne,Week 4,3461,319,230,1735,999,1027,55,46
2024,2024mawne,Week 4,155,8085,8889,173,236,839,64,82
2024,2024mawne,Week 4,5494,3182,6723,7153,1699,1099,48,73
2024,2024mawne,Week 4,8709,177,3654,7127,9710,467,99,64
2024,2024mawne,Week 4,571,228,6933,5142,558,7407,54,91
2024,2024mawne,Week 4,1740,195,176,61,2170,178,105,31
2024,2024mawne,Week 4,1099,999,5494,1027,319,236,64,67
2024,2024mawne,Week 4,7127,177,1699,839,155,467,88,52
2024,2024mawne,Week 4,8889,3654,1735,8085,7407,3182,23,71
2024,2024mawne,Week 4,5142,176,7153,6933,173,558,77,62
2024,2024mawne,Week 4,3461,195,8709,571,61,1740,81,72
2024,2024mawne,Week 4,2170,9710,228,6723,230,178,38,22
2024,2024mawne,Week 4,1699,236,155,7407,7127,3654,71,48
2024,2024mawne,Week 4,3182,5142,467,173,1099,177,39,69
2024,2024mawne,Week 4,8709,176,319,7153,61,999,85,52
2024,2024mawne,Week 4,2170,195,6723,230,558,1735,63,52
2024,2024mawne,Week 4,1027,178,6933,571,3461,9710,47,66
2024,2024mawne,Week 4,228,8085,1740,8889,5494,839,95,62
2024,2024mawne,Week 4,176,1699,3654,5142,319,999,111,75
2024,2024mawne,Week 4,173,7407,61,467,8709,230,76,92
2024,2024mawne,Week 4,3182,178,236,1735,6723,571,81,47
2024,2024mawne,Week 4,7127,1740,5494,8085,177,9710,51,82
2024,2024mawne,Week 4,558,2170,3461,839,1099,6933,52,71
2024,2024mawne,Week 4,8889,7153,1027,195,228,155,49,82
2024,2024mawne,Week 4,176,236,6723,8709,571,1699,105,129
2024,2024mawne,Week 4,230,999,7127,1735,5494,9710,96,39
2024,2024mawne,Week 4,173,8085,3461,177,7407,2170,70,87
2024,2024mawne,Week 4,155,7153,3182,178,5142,1740,70,55
2024,2024mawne,Week 4,839,1027,195,467,6933,319,42,81
2024,2024mawne,Week 4,228,61,8889,1099,3654,558,60,62
2024,2024mawne,Week 4,6723,8709,7407,177,176,3461,57,92
2024,2024mawne,Week 4,571,173,2170,1740,3182,999,52,90
2024,2024mawne,Week 4,7153,230,6933,1699,467,8085,45,95
2024,2024mawne,Week 4,1027,3654,5494,1735,155,5142,47,58
2024,2024mawne,Week 4,61,195,1099,228,839,7127,65,50
2024,2024mawne,Week 4,178,319,9710,558,8889,236,63,87
2024,2024mdowi,Week 4,5830,5841,2377,3748,4541,1727,15,75
2024,2024mdowi,Week 4,8622,888,686,449,8514,9072,37,88
2024,2024mdowi,Week 4,1111,8592,2849,7886,6863,3793,48,22
2024,2024mdowi,Week 4,5115,6326,6213,4099,4638,2914,47,34
2024,2024mdowi,Week 4,7770,1389,614,4464,4505,1719,46,29
2024,2024mdowi,Week 4,2537,2534,3793,8726,836,7886,43,55
2024,2024mdowi,Week 4,4099,3748,8592,4541,8622,1111,65,24
2024,2024mdowi,Week 4,9072,4638,5841,614,1719,2377,58,65
2024,2024mdowi,Week 4,2914,4505,5830,6326,686,2534,38,64
2024,2024mdowi,Week 4,449,6213,1727,8514,4464,2849,116,10
2024,2024mdowi,Week 4,6863,8726,1389,836,5115,7770,50,67
2024,2024mdowi,Week 4,2537,2377,8622,5830,888,614,44,44
2024,2024mdowi,Week 4,5841,1719,6213,8592,6326,3793,36,45
2024,2024mdowi,Week 4,7886,4541,4464,9072,686,6863,32,85
2024,2024mdowi,Week 4,836,1389,1727,1111,888,449,81,56
2024,2024mdowi,Week 4,3748,7770,4505,4099,2537,8726,47,47
2024,2024mdowi,Week 4,4638,2849,5115,2914,8514,2534,54,42
2024,2024mdowi,Week 4,3793,4464,1111,1389,2377,4541,8,63
2024,2024mdowi,Week 4,4099,6213,7770,1727,9072,2537,39,89
2024,2024mdowi,Week 4,8592,8514,888,4638,6863,5830,39,32
2024,2024mdowi,Week 4,1719,449,686,2914,2849,8726,104,41
2024,2024mdowi,Week 4,4505,836,6326,8622,5841,5115,64,41
2024,2024mdowi,Week 4,614,3748,3793,2534,7886,4638,65,34
2024,2024mdowi,Week 4,2849,2537,1389,8592,6213,9072,30,91
2024,2024mdowi,Week 4,6863,5841,449,8514,2377,4099,47,50
2024,2024mdowi,Week 4,836,4464,8622,3748,2914,888,45,62
2024,2024mdowi,Week 4,5115,4541,2534,1727,614,686,53,98
2024,2024mdowi,Week 4,7886,5830,6326,1719,7770,1111,15,28
2024,2024mdowi,Week 4,4505,4099,449,8726,4638,3748,82,57
2024,2024mdowi,Week 4,1727,6863,8514,4464,2537,614,61,31
2024,2024mdowi,Week 4,2377,5115,1111,3793,8622,2849,33,22
2024,2024mdowi,Week 4,1389,8592,5830,5841,836,686,40,74
2024,2024mdowi,Week 4,7886,2914,6213,888,2534,4505,20,56
2024,2024mdowi,Week 4,1719,6326,8726,4541,7770,9072,61,76
2024,2024mdowi,Week 4,686,4638,2537,5841,3748,1389,51,24
2024,2024mdowi,Week 4,888,4464,4099,8592,4505,5115,44,54
2024,2024mdowi,Week 4,9072,1719,7886,2534,449,8622,31,79
2024,2024mdowi,Week 4,836,5830,4541,6213,614,2849,63,31
2024,2024mdowi,Week 4,1111,8514,6326,7770,8726,2377,34,63
2024,2024mdowi,Week 4,6863,2914,8622,3793,1727,1719,26,47
2024,2024mdowi,Week 4,449,7886,2537,686,5115,5830,46,57
2024,2024mdowi,Week 4,2849,9072,3748,7770,6326,4464,74,19
2024,2024mdowi,Week 4,614,2914,8592,8726,1111,4505,44,44
2024,2024mdowi,Week 4,3793,4099,836,8514,4541,5841,49,28
2024,2024mdowi,Week 4,6863,2377,888,6213,1389,2534,43,28
2024,2024mdowi,Week 4,4638,8622,1719,1727,2849,4505,27,83
2024,2024mdowi,Week 4,614,4099,4541,2537,836,2914,52,69
2024,2024mdowi,Week 4,2534,8726,5841,4464,6863,8592,44,49
2024,2024mdowi,Week 4,7770,449,4638,6213,3793,2377,72,18
2024,2024mdowi,Week 4,686,1111,7886,888,1727,6326,36,77
2024,2024mdowi,Week 4,8514,5830,3748,9072,5115,1389,34,72
2024,2024mdowi,Week 4,2377,2534,836,2537,8592,1719,80,37
2024,2024mdowi,Week 4,888,3793,4638,2849,686,7770,45,42
2024,2024mdowi,Week 4,8622,1389,8514,4541,8726,6213,35,67
2024,2024mdowi,Week 4,4464,1727,2914,5830,9072,4099,55,72
2024,2024mdowi,Week 4,4505,614,6863,6326,3748,449,56,74
2024,2024mdowi,Week 4,5115,7886,8514,5841,1111,2537,28,23
2024,2024mdowi,Week 4,8622,1727,7770,4638,8592,836,46,50
2024,2024mdowi,Week 4,4505,3793,4541,449,5830,4464,51,65
2024,2024mdowi,Week 4,686,6213,3748,1719,4099,6863,62,56
2024,2024mdowi,Week 4,5115,888,8726,2849,5841,7886,58,16
2024,2024mdowi,Week 4,2534,614,9072,1389,1111,2914,79,26
2024,2024mdowi,Week 4,6326,2537,6863,2377,449,8592,53,95
2024,2024mdowi,Week 4,4541,2849,888,3748,1719,5115,57,41
2024,2024mdowi,Week 4,8726,3793,8514,5830,2534,1727,41,85
2024,2024mdowi,Week 4,1111,9072,836,6213,4505,4638,76,15
2024,2024mdowi,Week 4,2914,7770,5841,1389,7886,4099,23,54
2024,2024mdowi,Week 4,2377,686,4464,6326,8622,614,45,59
2024,2024miliv,Week 4,5090,7221,7692,7553,3604,4854,61,52
2024,2024miliv,Week 4,3414,2048,8623,5066,51,8115,37,36
2024,2024miliv,Week 4,6152,4737,9572,6914,548,9226,43,52
2024,2024miliv,Week 4,8427,5907,6861,9148,8179,3641,80,61
2024,2024miliv,Week 4,6057,240,7174,66,5144,5053,59,47
2024,2024miliv,Week 4,5197,1250,33,5843,8426,3773,82,52
2024,2024miliv,Week 4,7191,2832,2048,8774,280,3604,24,56
2024,2024miliv,Week 4,51,7553,6861,9226,5907,7692,55,71
2024,2024miliv,Week 4,3641,7174,6914,9148,3414,4737,78,30
2024,2024miliv,Week 4,5144,548,7221,33,8426,8623,39,67
2024,2024miliv,Week 4,8774,5197,240,4854,5090,8179,28,34
2024,2024miliv,Week 4,7191,3773,1250,8115,9572,5053,74,39
2024,2024miliv,Week 4,8427,5843,5066,66,6057,6152,61,32
2024,2024miliv,Week 4,2832,6861,8426,280,51,7174,37,91
2024,2024miliv,Week 4,5197,9226,9148,2048,7221,3641,37,71
2024,2024miliv,Week 4,8115,5090,3773,548,7553,7191,47,73
2024,2024miliv,Week 4,7692,8179,9572,33,8427,66,38,56
2024,2024miliv,Week 4,4737,2832,4854,8774,5144,1250,42,90
2024,2024miliv,Week 4,6152,6914,3604,6057,8623,5907,65,60
2024,2024miliv,Week 4,280,3414,5066,5053,240,5843,66,44
2024,2024miliv,Week 4,7221,8179,51,7191,8115,9148,49,24
2024,2024miliv,Week 4,33,7692,548,7174,1250,4737,72,77
2024,2024miliv,Week 4,3604,6057,8426,6861,3641,5197,52,69
2024,2024miliv,Week 4,3414,5144,6914,280,4854,9226,83,45
2024,2024miliv,Week 4,5053,3773,2832,5843,8623,5090,38,59
2024,2024miliv,Week 4,2048,66,8774,7553,6152,5907,35,83
2024,2024miliv,Week 4,3641,8427,240,8426,9572,5066,45,28
2024,2024miliv,Week 4,548,9148,280,6914,5197,51,50,76
2024,2024miliv,Week 4,5144,8115,5843,6057,7692,6861,82,37
2024,2024miliv,Week 4,5090,33,2048,66,8623,7191,69,25
2024,2024miliv,Week 4,1250,4854,5907,2832,5066,8179,89,51
2024,2024miliv,Week 4,9572,8774,7553,7221,6152,3414,54,44
2024,2024miliv,Week 4,3604,8427,7174,240,3773,9226,74,33
2024,2024miliv,Week 4,4737,66,3641,5053,7191,51,68,30
2024,2024miliv,Week 4,548,5843,8179,5907,2048,5144,71,69
2024,2024miliv,Week 4,8623,6861,1250,7553,5197,280,69,54
2024,2024miliv,Week 4,9226,7174,5066,7692,6914,8774,64,51
2024,2024miliv,Week 4,6152,8426,5090,4737,5053,8427,43,48
2024,2024miliv,Week 4,8115,6057,3414,4854,240,33,60,47
2024,2024miliv,Week 4,3604,3773,7221,9148,2832,9572,54,28
2024,2024miliv,Week 4,8623,7553,3641,5843,8774,7191,39,73
2024,2024miliv,Week 4,8179,5053,5907,8426,7692,5197,70,37
2024,2024miliv,Week 4,8427,280,6152,7174,8115,4854,42,56
2024,2024miliv,Week 4,6861,2048,9572,240,6914,2832,31,53
2024,2024miliv,Week 4,4737,5066,5090,9148,7221,6057,48,21
2024,2024miliv,Week 4,1250,3604,548,9226,3414,66,101,63
2024,2024miliv,Week 4,3773,33,7553,5144,51,8427,67,71
2024,2024miliv,Week 4,5197,5843,4854,9572,7191,7174,58,48
2024,2024miliv,Week 4,6861,9148,240,7692,4737,8623,49,21
2024,2024miliv,Week 4,2048,5053,9226,8426,1250,7221,51,45
2024,2024miliv,Week 4,5066,33,5144,3604,5090,51,76,92
2024,2024miliv,Week 4,6057,280,6914,8774,8179,3773,53,41
2024,2024miliv,Week 4,66,548,8115,2832,3641,6152,44,101
2024,2024miliv,Week 4,5907,9572,7221,3414,7174,5843,57,87
2024,2024miliv,Week 4,5197,4737,5144,7553,2048,8427,58,40
2024,2024miliv,Week 4,9226,7191,8179,3773,5066,8623,62,39
2024,2024miliv,Week 4,6914,66,8426,8115,3604,33,23,74
2024,2024miliv,Week 4,7692,51,3414,5090,2832,6057,56,62
2024,2024miliv,Week 4,1250,240,280,5907,3641,548,53,84
2024,2024miliv,Week 4,6152,5053,9148,6861,4854,8774,28,39
2024,2024miliv,Week 4,5843,9226,3604,8179,4737,8115,83,42
2024,2024miliv,Week 4,7174,5144,2832,7191,5066,5197,86,17
2024,2024miliv,Week 4,5907,5090,66,9572,3641,280,79,59
2024,2024miliv,Week 4,51,4854,6057,240,8426,2048,47,25
2024,2024miliv,Week 4,5053,7221,7553,6914,33,6861,38,74
2024,2024miliv,Week 4,8623,8774,9148,548,8427,3414,24,78
2024,2024miliv,Week 4,3641,1250,7692,3773,6152,5144,64,44
2024,2024miliv,Week 4,2048,5843,6057,9572,9226,5090,43,57
2024,2024miliv,Week 4,240,66,3604,7221,5197,8115,71,31
2024,2024miliv,Week 4,4854,6914,5053,51,8623,548,47,71
2024,2024miliv,Week 4,33,280,7191,5066,6152,7692,84,31
2024,2024miliv,Week 4,3414,5907,8774,3773,6861,4737,78,47
2024,2024miliv,Week 4,8426,9148,8427,1250,7553,2832,29,64
2024,2024miliv,Week 4,7174,548,5053,8179,3604,2048,75,67
2024,2024miliv,Week 4,8623,8115,6152,5144,9572,240,29,64
2024,2024miliv,Week 4,51,8774,4737,280,7692,5843,40,65
2024,2024miliv,Week 4,7221,7191,6914,8427,6057,1250,11,68
2024,2024miliv,Week 4,4854,9148,3773,5066,6861,66,14,70
2024,2024miliv,Week 4,8179,7174,5197,5090,3414,7553,61,60
2024,2024miliv,Week 4,3641,9226,8426,2832,5907,33,67,68
2024,2024mitry,Week 4,1188,1718,308,8826,201,9528,70,5
2024,2024mitry,Week 4,6616,6566,217,6532,7716,573,32,19
2024,2024mitry,Week 4,9679,5046,4998,4384,27,7762,58,48
2024,2024mitry,Week 4,5214,68,6567,8364,226,7597,49,52
2024,2024mitry,Week 4,7178,7188,9252,5225,7145,1,26,32
2024,2024mitry,Week 4,2834,9558,910,469,9618,3302,57,44
2024,2024mitry,Week 4,2960,2851,818,247,5436,245,70,73
2024,2024mitry,Week 4,308,217,27,6566,1188,201,80,40
2024,2024mitry,Week 4,5046,6532,6567,6616,1718,5214,22,46
2024,2024mitry,Week 4,226,8826,573,7188,7145,7597,76,17
2024,2024mitry,Week 4,910,9252,469,9679,4384,8364,56,6
2024,2024mitry,Week 4,7716,9618,1,4998,247,818,45,76
2024,2024mitry,Week 4,3302,7178,245,2960,7762,68,63,67
2024,2024mitry,Week 4,2851,2834,5225,9558,5436,9528,61,58
2024,2024mitry,Week 4,7145,8826,6566,217,5046,5214,17,39
2024,2024mitry,Week 4,9252,6616,7597,1718,226,469,1,81
2024,2024mitry,Week 4,27,4998,1188,8364,910,247,112,28
2024,2024mitry,Week 4,68,245,308,1,9679,3302,76,39
2024,2024mitry,Week 4,7178,7762,9558,2834,7716,5436,35,68
2024,2024mitry,Week 4,818,9528,9618,7188,573,2960,20,58
2024,2024mitry,Week 4,2851,6567,4384,201,6532,5225,68,23
2024,2024mitry,Week 4,217,247,1188,1718,9252,8826,58,47
2024,2024mitry,Week 4,8364,5046,68,3302,7145,226,42,34
2024,2024mitry,Week 4,7762,7716,6566,7597,1,27,39,80
2024,2024mitry,Week 4,9679,6616,7178,818,2834,7188,34,69
2024,2024mitry,Week 4,573,469,4998,5436,201,2851,70,72
2024,2024mitry,Week 4,910,2960,5214,4384,308,9558,28,33
2024,2024mitry,Week 4,245,9528,6532,9618,5225,6567,52,15
2024,2024mitry,Week 4,226,7716,9252,1718,217,8364,42,23
2024,2024mitry,Week 4,9679,8826,2834,7188,27,68,30,63
2024,2024mitry,Week 4,201,3302,5046,2851,573,247,22,87
2024,2024mitry,Week 4,6566,4384,469,5214,1188,7178,41,56
2024,2024mitry,Week 4,7145,5436,6532,9618,308,2960,60,66
2024,2024mitry,Week 4,7597,5225,9558,245,1,818,16,80
2024,2024mitry,Week 4,9528,6567,7762,6616,910,4998,43,64
2024,2024mitry,Week 4,7716,247,27,573,68,9679,90,62
2024,2024mitry,Week 4,226,2851,6566,9252,4384,2834,54,26
2024,2024mitry,Week 4,308,7188,6532,9618,8364,201,22,35
2024,2024mitry,Week 4,8826,9558,245,7178,469,5046,77,58
2024,2024mitry,Week 4,1,6567,6616,1188,2960,7145,46,56
2024,2024mitry,Week 4,3302,7762,910,9528,5225,1718,78,54
2024,2024mitry,Week 4,5214,4998,5436,7597,818,217,70,10
2024,2024mitry,Week 4,6532,2851,9618,226,27,9679,52,93
2024,2024mitry,Week 4,6566,5046,247,308,7178,8826,34,61
2024,2024mitry,Week 4,9252,9558,201,7145,68,6616,35,57
2024,2024mitry,Week 4,1188,1,4384,2834,7762,573,45,64
2024,2024mitry,Week 4,818,5214,5225,6567,217,910,39,56
2024,2024mitry,Week 4,2960,245,8364,1718,4998,7716,54,79
2024,2024mitry,Week 4,9528,3302,7188,469,7597,5436,29,74
2024,2024mitry,Week 4,247,9679,201,9558,6616,226,40,52
2024,2024mitry,Week 4,27,9252,9618,7762,308,5046,82,45
2024,2024mitry,Week 4,818,573,7145,5225,910,4384,40,6
2024,2024mitry,Week 4,8826,8364,4998,7178,6532,2834,27,86
2024,2024mitry,Week 4,5436,3302,1718,245,5214,6566,80,46
2024,2024mitry,Week 4,7716,7597,2851,6567,1188,7188,50,39
2024,2024mitry,Week 4,68,217,1,9528,2960,469,66,40
2024,2024mitry,Week 4,201,308,7145,7762,818,226,30,75
2024,2024mitry,Week 4,4384,247,6616,8364,27,6532,19,97
2024,2024mitry,Week 4,9558,9618,1718,573,6566,7178,56,73
2024,2024mitry,Week 4,910,8826,7188,2851,9252,3302,56,51
2024,2024mitry,Week 4,5046,2834,1,6567,5436,2960,57,63
2024,2024mitry,Week 4,68,469,1188,217,4998,5225,65,47
2024,2024mitry,Week 4,7597,5214,9528,245,9679,7716,14,57
2024,2024mitry,Week 4,9618,4384,573,6616,8364,308,43,17
2024,2024mitry,Week 4,6532,1718,7762,8826,818,3302,98,15
2024,2024mitry,Week 4,201,226,910,1,7178,5436,61,72
2024,2024mitry,Week 4,4998,7188,2851,9558,6566,68,63,51
2024,2024mitry,Week 4,27,245,6567,9252,9528,217,74,34
2024,2024mitry,Week 4,247,2834,7145,7716,469,5214,61,41
2024,2024mitry,Week 4,2960,7597,9679,5225,1188,5046,29,10
2024,2024mitry,Week 4,5436,9618,7762,4384,6532,8826,108,9
2024,2024mitry,Week 4,6566,7188,8364,68,910,818,38,83
2024,2024mitry,Week 4,573,201,6616,4998,245,9252,45,72
2024,2024mitry,Week 4,217,7178,7716,308,3302,2834,45,53
2024,2024mitry,Week 4,1188,9528,9679,5214,7145,2851,49,53
2024,2024mitry,Week 4,6567,1718,7597,247,1,9558,43,72
2024,2024mitry,Week 4,469,5225,27,5046,2960,226,68,53
2024,2024mitry,Week 4,6532,68,9252,910,573,245,38,92
2024,2024mitry,Week 4,5436,818,4384,3302,6616,7716,66,27
2024,2024mitry,Week 4,7145,8364,7178,7762,2851,1188,54,62
2024,2024mitry,Week 4,7188,9679,1718,4998,6567,308,38,52
2024,2024mitry,Week 4,1,201,2960,27,5214,8826,48,55
2024,2024mitry,Week 4,469,9558,217,5046,7597,9618,49,30
2024,2024mitry,Week 4,5225,226,247,2834,6566,9528,54,53
2024,2024ncmec,Week 4,3196,2640,5919,3680,8030,9005,88,19
2024,2024ncmec,Week 4,9724,9496,6639,6512,6932,9762,55,9
2024,2024ncmec,Week 4,9605,4935,6729,9298,8757,4829,27,23
2024,2024ncmec,Week 4,9198,4290,5727,5679,1225,6888,32,33
2024,2024ncmec,Week 4,9607,6908,6894,3349,3506,1533,52,38
2024,2024ncmec,Week 4,6512,9005,9298,8757,6639,6932,53,22
2024,2024ncmec,Week 4,9605,9496,8030,5919,5727,4829,39,27
2024,2024ncmec,Week 4,6888,1533,2640,9724,3506,6729,46,53
2024,2024ncmec,Week 4,9607,3349,4290,5679,3196,9198,28,17
2024,2024ncmec,Week 4,1225,6894,3680,4935,6908,9762,30,30
2024,2024ncmec,Week 4,1533,9605,6932,2640,3506,6639,28,84
2024,2024ncmec,Week 4,6729,8757,5679,5727,6888,9607,44,36
2024,2024ncmec,Week 4,6908,8030,6894,9724,4829,6512,28,41
2024,2024ncmec,Week 4,4935,3680,4290,9198,3349,9496,38,75
2024,2024ncmec,Week 4,9005,9762,5919,1225,9298,3196,27,44
2024,2024ncmec,Week 4,1533,5727,6639,9605,4829,2640,74,20
2024,2024ncmec,Week 4,5679,6894,6932,4290,6729,3680,40,50
2024,2024ncmec,Week 4,9198,6512,8030,9762,9298,3506,13,12
2024,2024ncmec,Week 4,6888,9005,3349,9496,6908,1225,40,60
2024,2024ncmec,Week 4,8757,4935,9724,3196,5919,9607,27,38
2024,2024ncmec,Week 4,4829,9762,5679,2640,6894,9298,42,52
2024,2024ncmec,Week 4,6512,6888,3680,9005,9198,9605,37,20
2024,2024ncmec,Week 4,6908,4935,3506,9496,6639,4290,34,69
2024,2024ncmec,Week 4,3196,8757,5727,6932,9607,9724,45,19
2024,2024ncmec,Week 4,3349,1225,5919,6729,1533,8030,20,61
2024,2024ncmec,Week 4,9198,9298,4935,6888,6908,4829,17,43
2024,2024ncmec,Week 4,9496,9607,9005,4290,9724,2640,76,14
2024,2024ncmec,Week 4,6932,3680,1533,8030,5727,1225,54,22
2024,2024ncmec,Week 4,3506,8757,5919,6639,3349,5679,40,39
2024,2024ncmec,Week 4,3196,9605,9762,6512,6894,6729,48,71
2024,2024ncmec,Week 4,6908,9607,9198,4935,2640,8030,22,34
2024,2024ncmec,Week 4,9298,9724,1533,8757,3680,6888,29,38
2024,2024ncmec,Week 4,6932,4829,3349,9762,1225,9605,21,17
2024,2024ncmec,Week 4,5919,6639,6512,6894,4290,9005,43,46
2024,2024ncmec,Week 4,3506,5679,9496,6729,5727,3196,55,51
2024,2024ncmec,Week 4,9298,6888,6932,2640,3349,6908,41,21
2024,2024ncmec,Week 4,9005,1225,6639,9607,9762,8757,41,12
2024,2024ncmec,Week 4,5679,6512,9605,8030,3196,4935,15,50
2024,2024ncmec,Week 4,6894,9198,3506,3680,9724,5727,85,11
2024,2024ncmec,Week 4,4829,6729,9496,4290,5919,1533,65,31
2024,2024ncmec,Week 4,6908,9005,3196,8030,6888,9762,47,37
2024,2024ncmec,Week 4,5727,6512,2640,1225,6932,4935,16,40
2024,2024ncmec,Week 4,6639,9724,6894,3349,6729,9298,54,48
2024,2024ncmec,Week 4,3680,4829,9496,1533,5679,9607,74,28
2024,2024ncmec,Week 4,3506,9605,4290,5919,9198,8757,69,17
2024,2024ncmec,Week 4,2640,6729,1225,4935,9005,6512,20,28
2024,2024ncmec,Week 4,8030,5679,9298,6894,3196,3349,9,70
2024,2024ncmec,Week 4,4290,6932,6908,9607,3506,4829,36,56
2024,2024ncmec,Week 4,9724,5919,6888,6639,9605,3680,37,53
2024,2024ncmec,Week 4,9762,1533,9198,5727,9496,8757,24,53
2024,2024ncmec,Week 4,3506,3196,6512,4829,4290,1225,52,46
2024,2024ncmec,Week 4,9605,4935,3349,6932,3680,9724,24,34
2024,2024ncmec,Week 4,8757,2640,9005,9496,1533,6894,30,82
2024,2024ncmec,Week 4,6639,8030,9607,6729,9198,6888,46,55
2024,2024ncmec,Week 4,5727,9762,5679,5919,9298,6908,12,10
2024,2024ncmec,Week 4,4829,4290,3196,1533,6512,8757,78,39
2024,2024ncmec,Week 4,6888,9496,4935,9005,6932,3506,60,47
2024,2024ncmec,Week 4,9762,6639,6729,3680,5679,6908,49,25
2024,2024ncmec,Week 4,1225,2640,9198,6894,5919,9605,30,60
2024,2024ncmec,Week 4,9298,9607,5727,3349,8030,9724,13,22
2024,2024ncwa2,Week 4,9032,3737,9707,5607,6004,6500,48,36
2024,2024ncwa2,Week 4,8205,2059,4534,9788,8304,5511,49,17
2024,2024ncwa2,Week 4,4828,3822,7671,4816,8746,6240,24,15
2024,2024ncwa2,Week 4,3459,7443,5160,9297,8738,6502,44,43
2024,2024ncwa2,Week 4,5190,8758,8804,4561,5518,3336,20,21
2024,2024ncwa2,Week 4,9259,9789,8090,9008,3229,3822,2,60
2024,2024ncwa2,Week 4,6500,3459,8746,6502,7443,9032,54,40
2024,2024ncwa2,Week 4,4816,8205,5607,5160,5518,9297,40,55
2024,2024ncwa2,Week 4,2059,7671,5190,4828,9259,3737,33,65
2024,2024ncwa2,Week 4,8758,3336,8304,3229,9788,4534,40,42
2024,2024ncwa2,Week 4,6240,8738,9707,9008,8804,9789,45,45
2024,2024ncwa2,Week 4,8090,5511,6502,4561,6004,4828,29,37
2024,2024ncwa2,Week 4,4534,6500,7443,5518,2059,4816,32,16
2024,2024ncwa2,Week 4,3822,3336,9297,9008,8304,8738,26,44
2024,2024ncwa2,Week 4,9707,9789,3459,5511,8205,9259,31,33
2024,2024ncwa2,Week 4,8090,4561,9788,3737,5607,8746,33,53
2024,2024ncwa2,Week 4,5160,6240,8804,8758,9032,6004,36,35
2024,2024ncwa2,Week 4,9297,7671,3229,6502,8304,5190,46,54
2024,2024ncwa2,Week 4,4816,9008,6500,8746,9707,5511,50,39
2024,2024ncwa2,Week 4,7443,8758,4561,3822,9259,2059,40,33
2024,2024ncwa2,Week 4,8738,3459,9788,3737,7671,6240,56,17
2024,2024ncwa2,Week 4,4828,9032,5160,5518,4534,9789,78,41
2024,2024ncwa2,Week 4,6004,3229,8205,5190,5607,8090,27,36
2024,2024ncwa2,Week 4,3336,9788,9259,8804,6502,4816,11,36
2024,2024ncwa2,Week 4,8304,6240,3822,9707,4534,4561,23,85
2024,2024ncwa2,Week 4,8746,6004,7671,8205,5518,8758,32,29
2024,2024ncwa2,Week 4,8738,8804,2059,3336,8090,6500,49,29
2024,2024ncwa2,Week 4,5190,9789,4828,5607,5160,9008,41,41
2024,2024ncwa2,Week 4,9297,9032,5511,3229,7443,3737,46,39
2024,2024ncwa2,Week 4,8304,3459,5518,8090,3822,8758,58,17
2024,2024ncwa2,Week 4,7671,9707,9259,8746,3336,5160,31,47
2024,2024ncwa2,Week 4,6004,5190,5511,8738,4816,3737,33,36
2024,2024ncwa2,Week 4,6240,9297,9008,4534,3459,9032,49,94
2024,2024ncwa2,Week 4,6502,4828,3229,4561,6500,8205,58,53
2024,2024ncwa2,Week 4,7443,2059,9789,8804,9788,5607,36,15
2024,2024ncwa2,Week 4,8304,9259,8746,8758,6240,3459,51,33
2024,2024ncwa2,Week 4,7671,5511,5518,9707,9008,3336,39,65
2024,2024ncwa2,Week 4,5607,6502,4561,4534,3822,8804,52,36
2024,2024ncwa2,Week 4,9032,4816,9788,8738,4828,8090,57,90
2024,2024ncwa2,Week 4,3737,6500,2059,8205,5160,5190,58,56
2024,2024ncwa2,Week 4,9789,8758,3229,9297,7443,6004,21,62
2024,2024ncwa2,Week 4,3459,5607,3822,5511,3336,4828,43,44
2024,2024ncwa2,Week 4,9788,3737,8205,9008,6502,7671,49,79
2024,2024ncwa2,Week 4,8804,9032,8304,6500,5190,9259,49,33
2024,2024ncwa2,Week 4,4534,5160,8738,3229,8746,5518,65,50
2024,2024ncwa2,Week 4,2059,4561,6240,9789,9297,4816,57,30
2024,2024ncwa2,Week 4,6004,8090,8804,7443,3822,9707,41,42
2024,2024ncwa2,Week 4,5511,3737,8758,8304,6500,4828,38,80
2024,2024ncwa2,Week 4,9259,4816,4561,9032,8205,8738,23,51
2024,2024ncwa2,Week 4,9789,8746,6502,2059,8090,9297,30,53
2024,2024ncwa2,Week 4,6004,9008,4534,3336,7671,7443,67,34
2024,2024ncwa2,Week 4,3229,5190,3459,5160,9788,9707,66,30
2024,2024ncwa2,Week 4,5518,5607,9032,6240,9259,6502,59,28
2024,2024ncwa2,Week 4,8090,9008,3737,8758,4816,4534,56,28
2024,2024ncwa2,Week 4,3822,6004,5160,6500,9789,9788,50,38
2024,2024ncwa2,Week 4,4561,3229,8738,3459,4828,2059,86,56
2024,2024ncwa2,Week 4,5607,9707,8304,5518,6240,7443,43,37
2024,2024ncwa2,Week 4,8205,8804,3336,5190,9297,8746,24,42
2024,2024ncwa2,Week 4,7671,8090,9032,5511,2059,3229,61,81
2024,2024ncwa2,Week 4,9259,5518,6004,3459,4561,9008,31,68
2024,2024ncwa2,Week 4,4828,8804,7443,3737,5160,8304,74,38
2024,2024ncwa2,Week 4,9707,9297,8205,9788,6502,8758,58,38
2024,2024ncwa2,Week 4,3822,8738,6500,7671,4534,5607,60,38
2024,2024ncwa2,Week 4,4816,5190,3336,6240,5511,9789,19,10
2024,2024ncwa2,Week 4,8746,4828,9008,2059,9707,6004,70,47
2024,2024ncwa2,Week 4,6500,8758,9297,9259,8738,5607,38,59
2024,2024ncwa2,Week 4,6502,3737,5518,9789,8304,7671,68,14
2024,2024ncwa2,Week 4,9788,8746,3822,9032,4561,5190,33,59
2024,2024ncwa2,Week 4,3336,4534,6240,7443,8205,8090,25,42
2024,2024ncwa2,Week 4,5160,3229,4816,8804,5511,3459,37,43
2024,2024njwas,Week 4,714,303,6016,8117,8707,5732,42,11
2024,2024njwas,Week 4,428,4652,9439,8628,75,193,26,35
2024,2024njwas,Week 4,4285,8706,1279,4573,5992,219,58,62
2024,2024njwas,Week 4,41,4653,8771,56,6945,102,44,51
2024,2024njwas,Week 4,11,834,8630,3142,1672,1626,51,53
2024,2024njwas,Week 4,1279,555,219,5732,7045,714,78,28
2024,2024njwas,Week 4,193,5992,56,8707,6945,6016,48,39
2024,2024njwas,Week 4,4652,8630,8706,9439,4285,834,31,80
2024,2024njwas,Week 4,8628,303,7045,102,11,41,27,45
2024,2024njwas,Week 4,3142,75,428,1626,555,4653,24,72
2024,2024njwas,Week 4,1672,8117,4652,4573,8771,834,13,62
2024,2024njwas,Week 4,7045,4285,219,714,193,6945,78,44
2024,2024njwas,Week 4,8707,1279,428,9439,8706,5992,30,38
2024,2024njwas,Week 4,8628,41,5732,4653,3142,8117,34,46
2024,2024njwas,Week 4,1626,8630,8771,102,555,4573,26,74
2024,2024njwas,Week 4,56,6016,75,303,11,1672,40,19
2024,2024njwas,Week 4,219,8117,8706,193,4653,428,58,47
2024,2024njwas,Week 4,4652,5992,6945,8630,714,41,44,39
2024,2024njwas,Week 4,7045,6016,4573,8628,1626,9439,55,38
2024,2024njwas,Week 4,11,3142,8707,1279,75,5732,58,31
2024,2024njwas,Week 4,8771,4285,303,555,56,834,34,75
2024,2024njwas,Week 4,714,9439,1672,102,8706,8628,63,54
2024,2024njwas,Week 4,1626,11,4573,8707,7045,75,69,42
2024,2024njwas,Week 4,5732,5992,555,4652,219,4653,67,44
2024,2024njwas,Week 4,303,3142,1279,8771,56,428,27,43
2024,2024njwas,Week 4,41,193,1672,6016,8117,8630,39,42
2024,2024njwas,Week 4,834,4653,102,4285,6945,1626,68,64
2024,2024njwas,Week 4,8706,8771,8707,11,56,4652,32,55
2024,2024njwas,Week 4,8630,5732,193,75,41,303,39,24
2024,2024njwas,Week 4,9439,555,3142,219,1672,102,47,68
2024,2024njwas,Week 4,4285,4573,714,428,7045,8117,77,53
2024,2024njwas,Week 4,834,8628,6945,5992,6016,1279,50,36
2024,2024njwas,Week 4,8706,1672,75,303,8707,102,39,15
2024,2024njwas,Week 4,41,9439,11,219,8771,714,48,50
2024,2024njwas,Week 4,1279,1626,193,4653,4285,6016,48,65
2024,2024njwas,Week 4,555,4652,7045,8630,428,5992,81,28
2024,2024njwas,Week 4,56,4573,8628,5732,834,3142,47,29
2024,2024njwas,Week 4,8117,75,4285,6945,9439,1279,86,30
2024,2024njwas,Week 4,8630,102,7045,6016,428,11,64,50
2024,2024njwas,Week 4,193,8707,4573,8771,8628,555,37,77
2024,2024njwas,Week 4,8117,41,6945,834,219,303,33,64
2024,2024njwas,Week 4,3142,8706,56,714,1626,4652,63,39
2024,2024njwas,Week 4,4653,5732,11,5992,1672,4285,57,64
2024,2024njwas,Week 4,6016,219,41,75,4573,8630,73,41
2024,2024njwas,Week 4,428,303,555,4652,3142,8628,31,38
2024,2024njwas,Week 4,56,8707,714,834,193,8117,30,61
2024,2024njwas,Week 4,5992,102,1626,1672,1279,4653,43,42
2024,2024njwas,Week 4,9439,5732,8771,7045,6945,8706,33,43
2024,2024njwas,Week 4,41,4652,8707,428,8628,4285,36,67
2024,2024njwas,Week 4,75,834,5992,102,714,3142,48,61
2024,2024njwas,Week 4,7045,1279,56,8706,6016,555,75,63
2024,2024njwas,Week 4,5732,219,1626,193,303,9439,70,37
2024,2024njwas,Week 4,6945,8630,4653,11,8117,8771,42,48
2024,2024njwas,Week 4,1672,834,7045,4573,1279,4652,28,62
2024,2024njwas,Week 4,75,102,9439,555,193,41,41,70
2024,2024njwas,Week 4,5992,8628,8117,303,1626,8706,41,61
2024,2024njwas,Week 4,6945,428,219,1672,5732,56,60,48
2024,2024njwas,Week 4,3142,8771,6016,8707,8630,4285,46,58
2024,2024njwas,Week 4,4573,4653,303,555,714,11,47,68
2024,2024njwas,Week 4,8706,428,1672,1626,41,834,39,46
2024,2024njwas,Week 4,6016,102,5732,8771,4652,75,44,59
2024,2024njwas,Week 4,4285,11,193,6945,4573,3142,57,61
2024,2024njwas,Week 4,8117,9439,8707,4653,7045,5992,31,52
2024,2024njwas,Week 4,1279,714,8628,219,56,8630,44,63
2024,2024onnob,Week 4,9127,4152,1305,1310,7757,5672,70,20
2024,2024onnob,Week 4,1334,3543,6514,781,5409,4039,27,86
2024,2024onnob,Week 4,7480,5885,4069,9592,6864,2013,64,25
2024,2024onnob,Week 4,4992,2706,865,2935,6859,7476,70,54
2024,2024onnob,Week 4,6865,4343,9589,6110,8729,6987,41,29
2024,2024onnob,Week 4,2708,1334,1310,4152,6514,8731,47,42
2024,2024onnob,Week 4,4039,9127,865,7480,5672,2013,85,51
2024,2024onnob,Week 4,9592,781,4069,5409,6865,7476,59,41
2024,2024onnob,Week 4,8729,2708,5885,1305,6987,2935,37,47
2024,2024onnob,Week 4,6859,3543,9589,4343,4992,6864,30,45
2024,2024onnob,Week 4,2706,6110,2013,8731,7757,781,47,45
2024,2024onnob,Week 4,1310,6514,7476,4069,2935,6987,49,48
2024,2024onnob,Week 4,9127,8729,6859,9589,4152,2708,24,47
2024,2024onnob,Week 4,5885,8731,5672,6864,5409,2706,43,46
2024,2024onnob,Week 4,6865,6110,9592,1305,865,3543,20,77
2024,2024onnob,Week 4,7757,4992,1334,4039,7480,4343,11,72
2024,2024onnob,Week 4,7476,2706,8731,4152,5409,6859,51,94
2024,2024onnob,Week 4,2708,9592,2935,6110,1310,3543,46,38
2024,2024onnob,Week 4,7757,1305,6865,6514,5672,4343,45,38
2024,2024onnob,Week 4,1334,2013,5885,4069,4992,8729,53,44
2024,2024onnob,Week 4,865,7480,6987,781,9589,9127,58,16
2024,2024onnob,Week 4,6864,3543,4152,7757,6859,4039,45,62
2024,2024onnob,Week 4,5672,7476,4069,8729,4343,8731,38,41
2024,2024onnob,Week 4,5409,9592,9127,4992,6514,7480,20,51
2024,2024onnob,Week 4,9589,2935,6864,1334,1305,4039,42,89
2024,2024onnob,Week 4,6987,2706,5885,2708,865,6110,59,69
2024,2024onnob,Week 4,8729,2013,781,4152,1310,6865,72,58
2024,2024onnob,Week 4,4343,1305,7476,3543,8731,9127,54,32
2024,2024onnob,Week 4,4069,9589,6514,5885,6864,6110,39,44
2024,2024onnob,Week 4,2708,2013,4992,781,1334,865,56,66
2024,2024onnob,Week 4,2935,5672,5409,7480,9592,7757,61,47
2024,2024onnob,Week 4,6865,6859,2706,4039,6987,1310,55,82
2024,2024onnob,Week 4,7476,6110,781,6864,1334,9127,67,15
2024,2024onnob,Week 4,4343,865,4152,1305,4069,5409,111,45
2024,2024onnob,Week 4,8731,2708,7480,4992,5885,6865,61,29
2024,2024onnob,Week 4,1310,8729,9589,9592,2706,6514,45,52
2024,2024onnob,Week 4,3543,2935,2013,5672,6987,6859,57,37
2024,2024onnob,Week 4,4039,7476,6864,5409,7757,2708,50,51
2024,2024onnob,Week 4,2706,4069,1334,7480,8729,1305,55,55
2024,2024onnob,Week 4,4152,6987,781,9589,6110,8731,61,39
2024,2024onnob,Week 4,6859,2013,4343,1310,2935,4992,61,54
2024,2024onnob,Week 4,6514,5885,7757,6865,9127,5672,56,23
2024,2024onnob,Week 4,8731,865,9592,3543,4039,8729,40,76
2024,2024onnob,Week 4,6110,4069,6859,9589,1334,7480,60,40
2024,2024onnob,Week 4,6864,781,6514,2935,4343,2706,38,98
2024,2024onnob,Week 4,2013,4039,6865,7476,9127,2708,55,17
2024,2024onnob,Week 4,5885,1310,1305,7757,3543,865,74,58
2024,2024onnob,Week 4,6987,4992,5409,5672,4152,9592,41,55
2024,2024onnob,Week 4,6514,9127,2935,8731,6859,1334,48,39
2024,2024onnob,Week 4,3543,6865,7480,2706,781,1305,39,70
2024,2024onnob,Week 4,4343,1310,5409,865,5885,9589,76,58
2024,2024onnob,Week 4,6110,4039,5672,2013,4069,4152,50,54
2024,2024onnob,Week 4,6987,6864,7757,8729,7476,4992,38,48
2024,2024onnob,Week 4,781,2708,4343,6859,9592,5885,72,26
2024,2024onnob,Week 4,5409,7480,6110,2013,8731,1310,47,31
2024,2024onnob,Week 4,7476,4152,7757,2706,9589,4039,67,78
2024,2024onnob,Week 4,1334,5672,8729,865,6865,2935,50,58
2024,2024onnob,Week 4,6987,2708,3543,9127,6864,4069,39,41
2024,2024onnob,Week 4,4992,4039,9592,6514,1305,6110,43,52
2024,2024onnob,Week 4,865,5409,8729,6859,781,1310,75,70
2024,2024onnob,Week 4,2935,7480,4152,5885,7476,3543,76,41
2024,2024onnob,Week 4,1305,8731,6864,2013,6514,6987,62,51
2024,2024onnob,Week 4,9127,7757,2706,9592,4343,1334,54,38
2024,2024onnob,Week 4,5672,9589,4992,4069,6865,2708,28,36
2024,2024paben,Week 4,8714,2180,3314,5666,6226,1647,69,40
2024,2024paben,Week 4,5401,103,7414,5490,4750,486,55,26
2024,2024paben,Week 4,9015,7587,6921,203,9416,4575,37,46
2024,2024paben,Week 4,2720,9027,272,5895,1640,4373,61,87
2024,2024paben,Week 4,2016,2722,321,87,427,2554,63,24
2024,2024paben,Week 4,484,9100,316,2180,2559,1712,49,42
2024,2024paben,Week 4,103,9015,203,5895,3314,7414,54,86
2024,2024paben,Week 4,8714,1640,1647,427,7587,2016,45,41
2024,2024paben,Week 4,9416,272,6921,321,4750,5401,53,52
2024,2024paben,Week 4,2559,316,5490,2554,4373,2720,43,38
2024,2024paben,Week 4,4575,1712,87,486,484,2722,37,44
2024,2024paben,Week 4,9100,6226,103,9027,5666,5401,57,53
2024,2024paben,Week 4,321,427,3314,1647,2720,316,58,63
2024,2024paben,Week 4,9416,8714,4750,2722,2554,1712,20,51
2024,2024paben,Week 4,484,4575,272,2016,203,5490,86,74
2024,2024paben,Week 4,87,7414,9027,6921,5895,6226,55,93
2024,2024paben,Week 4,4373,5666,9100,2180,486,7587,45,39
2024,2024paben,Week 4,9015,2559,3314,1640,2016,4750,80,59
2024,2024paben,Week 4,2720,4575,5490,2554,321,5895,41,85
2024,2024paben,Week 4,486,103,9027,5401,6921,316,71,88
2024,2024paben,Week 4,7414,1647,2559,1712,6226,9015,51,36
2024,2024paben,Week 4,2722,5666,427,484,9416,4373,69,50
2024,2024paben,Week 4,203,7587,1640,9100,8714,87,48,23
2024,2024paben,Week 4,2180,2554,6921,272,1712,103,57,77
2024,2024paben,Week 4,9416,2722,5490,6226,2559,9027,43,62
2024,2024paben,Week 4,1647,87,321,9100,9015,7414,41,61
2024,2024paben,Week 4,1640,484,2720,7587,8714,5895,43,66
2024,2024paben,Week 4,4373,2016,272,3314,5401,486,61,66
2024,2024paben,Week 4,5666,203,2180,316,4750,4575,40,41
2024,2024paben,Week 4,5895,427,2720,1640,6226,9416,72,55
2024,2024paben,Week 4,1712,486,9100,2016,3314,1647,27,82
2024,2024paben,Week 4,6921,7414,4750,103,2559,484,48,72
2024,2024paben,Week 4,5401,7587,4575,316,2554,8714,63,42
2024,2024paben,Week 4,9015,9027,427,272,2180,2722,56,65
2024,2024paben,Week 4,5490,321,5666,87,4373,203,44,51
2024,2024paben,Week 4,3314,9100,9416,2720,6921,103,65,67
2024,2024paben,Week 4,2559,5401,1640,4575,1647,2722,61,44
2024,2024paben,Week 4,4373,4750,6226,8714,1712,321,51,30
2024,2024paben,Week 4,5895,484,9027,2016,5666,2554,85,54
2024,2024paben,Week 4,427,316,203,272,486,9015,44,56
2024,2024paben,Week 4,5490,7414,2180,7587,3314,87,31,55
2024,2024paben,Week 4,484,2016,6921,9027,1647,4373,61,47
2024,2024paben,Week 4,2554,4575,6226,5666,9015,4750,60,31
2024,2024paben,Week 4,9416,2720,7587,7414,486,316,23,83
2024,2024paben,Week 4,8714,2722,2559,5490,272,9100,50,57
2024,2024paben,Week 4,87,1712,5895,427,2180,5401,70,63
2024,2024paben,Week 4,103,1640,2554,203,321,7414,53,60
2024,2024paben,Week 4,5666,6921,2559,9015,2016,8714,54,50
2024,2024paben,Week 4,316,87,9416,1647,5490,484,80,16
2024,2024paben,Week 4,4750,203,1712,2722,9027,1640,27,82
2024,2024paben,Week 4,4575,103,5895,427,4373,486,95,77
2024,2024paben,Week 4,272,3314,6226,7587,9100,321,92,45
2024,2024paben,Week 4,2720,5401,9015,2180,484,87,108,39
2024,2024paben,Week 4,1712,316,2016,6921,5490,427,40,67
2024,2024paben,Week 4,321,4373,2559,9027,9100,4575,35,35
2024,2024paben,Week 4,486,2554,203,6226,2720,2180,32,52
2024,2024paben,Week 4,5401,272,8714,7414,9416,5666,66,55
2024,2024paben,Week 4,4750,5895,2722,1647,103,7587,90,71
2024,2024paben,Week 4,3314,5490,4373,1640,2180,9015,60,68
2024,2024paben,Week 4,321,6921,486,6226,8714,484,63,15
2024,2024paben,Week 4,9100,5895,2016,2722,316,103,70,92
2024,2024paben,Week 4,9027,9416,2554,3314,4575,1640,26,78
2024,2024paben,Week 4,203,1647,5401,4750,87,2720,65,27
2024,2024paben,Week 4,1712,7414,427,7587,272,5666,57,36
2024,2024paben,Week 4,4575,321,2180,2559,5895,9416,32,69
2024,2024paben,Week 4,2554,9015,1647,103,5490,8714,50,53
2024,2024paben,Week 4,6226,2722,7587,316,9027,3314,43,80
2024,2024paben,Week 4,7414,2720,2016,4373,5401,1712,72,54
2024,2024paben,Week 4,4750,427,484,6921,1640,9100,48,61
2024,2024paben,Week 4,486,87,5666,2559,203,272,27,70
2024,2024vafal,Week 4,612,2186,9033,623,2900,611,20,39
2024,2024vafal,Week 4,620,339,5549,2363,1895,5587,42,57
2024,2024vafal,Week 4,3359,1731,619,2028,9403,8590,95,27
2024,2024vafal,Week 4,2912,116,1885,5338,539,1418,17,56
2024,2024vafal,Week 4,2421,9235,4821,401,4472,8230,40,49
2024,2024vafal,Week 4,1915,5243,9403,3373,5549,122,22,52
2024,2024vafal,Week 4,1418,8590,3359,2363,5338,612,28,62
2024,2024vafal,Week 4,5587,2421,539,116,1731,611,57,69
2024,2024vafal,Week 4,619,9235,2186,3373,4821,1915,61,37
2024,2024vafal,Week 4,623,339,2912,620,122,401,28,76
2024,2024vafal,Week 4,9033,8230,2900,2028,4472,5243,30,51
2024,2024vafal,Week 4,5338,3373,1895,1885,611,9235,47,39
2024,2024vafal,Week 4,122,1915,5587,1731,612,4821,49,75
2024,2024vafal,Week 4,2028,116,623,8590,8230,2912,40,23
2024,2024vafal,Week 4,3359,9033,4472,620,539,1885,50,57
2024,2024vafal,Week 4,339,2186,401,5549,9403,2363,35,39
2024,2024vafal,Week 4,5243,619,2900,2421,1418,1895,48,77
2024,2024vafal,Week 4,1915,612,4472,5338,5587,1731,29,114
2024,2024vafal,Week 4,3373,8230,539,9403,116,3359,60,42
2024,2024vafal,Week 4,2186,620,611,9235,5243,2363,60,58
2024,2024vafal,Week 4,4821,623,8590,2900,1895,339,47,48
2024,2024vafal,Week 4,401,1885,5549,9033,2028,2912,39,29
2024,2024vafal,Week 4,619,1418,3373,122,2421,612,70,43
2024,2024vafal,Week 4,339,9403,1731,116,5338,2900,75,37
2024,2024vafal,Week 4,611,3359,5587,1895,2912,5549,34,43
2024,2024vafal,Week 4,4472,620,9235,9033,619,8590,51,43
2024,2024vafal,Week 4,2363,539,401,8230,1915,1418,79,30
2024,2024vafal,Week 4,122,1885,2028,2186,623,2421,48,43
2024,2024vafal,Week 4,9403,4821,5338,5587,5243,9033,54,39
2024,2024vafal,Week 4,5549,8590,612,9235,539,1731,37,72
2024,2024vafal,Week 4,8230,2028,620,116,339,4472,46,43
2024,2024vafal,Week 4,2900,2363,3373,1895,623,122,58,70
2024,2024vafal,Week 4,401,2421,611,619,1885,1915,40,40
2024,2024vafal,Week 4,3359,2912,1418,5243,4821,2186,29,33
2024,2024vafal,Week 4,5587,2028,5549,620,8590,5338,65,76
2024,2024vafal,Week 4,122,339,9235,9033,2363,2421,43,54
2024,2024vafal,Week 4,401,5243,623,116,612,619,52,30
2024,2024vafal,Week 4,1895,4472,1731,2912,2186,3373,94,32
2024,2024vafal,Week 4,8230,611,4821,9403,1418,1885,28,60
2024,2024vafal,Week 4,539,1915,623,3359,2900,620,52,41
2024,2024vafal,Week 4,2912,5338,5243,339,3373,2421,42,45
2024,2024vafal,Week 4,1418,2363,2028,4472,5587,619,66,35
2024,2024vafal,Week 4,611,9033,1895,8590,401,1915,46,27
2024,2024vafal,Week 4,2900,1885,4821,5549,9235,116,26,47
2024,2024vafal,Week 4,1731,2186,122,539,3359,8230,83,39
2024,2024vafal,Week 4,612,620,5587,9403,401,9033,36,64
2024,2024vafal,Week 4,2912,1915,2900,1885,5338,339,19,35
2024,2024vafal,Week 4,2421,5549,4472,623,9235,1418,58,60
2024,2024vafal,Week 4,8230,116,2363,1895,8590,2186,59,21
2024,2024vafal,Week 4,611,122,9403,612,3359,2028,47,25
2024,2024vafal,Week 4,4821,619,539,5243,1731,3373,57,77
2024,2024vafal,Week 4,1915,9033,9235,8590,5587,116,53,70
2024,2024vafal,Week 4,1885,612,1895,2186,5549,8230,44,48
2024,2024vafal,Week 4,5338,619,2421,623,9403,620,86,56
2024,2024vafal,Week 4,3373,401,3359,1731,2900,2028,50,63
2024,2024vafal,Week 4,4472,1418,122,339,611,5243,61,40
2024,2024vafal,Week 4,4821,2363,620,539,2912,612,68,46
2024,2024vafal,Week 4,2186,3359,5338,9235,2900,401,48,42
2024,2024vafal,Week 4,5243,122,116,5549,611,1915,44,30
2024,2024vafal,Week 4,2028,1895,619,539,9033,339,51,48
2024,2024vafal,Week 4,2363,1731,8590,2421,8230,1885,92,33
2024,2024vafal,Week 4,5587,2912,9403,4472,3373,623,53,35
2024,2024vafal,Week 4,1418,620,116,4821,122,3359,68,44
2024,2024vafal,Week 4,9235,1895,8230,1915,2028,5338,38,39
2024,2024vafal,Week 4,612,3373,9403,611,4472,2363,39,60
2024,2024vafal,Week 4,1731,623,9033,1418,4821,339,76,81
2024,2024vafal,Week 4,8590,2421,5243,1885,5587,2186,38,54
2024,2024vafal,Week 4,2900,5549,539,619,401,2912,60,56
2024,2024txhou,Week 4,5070,2585,9517,2587,9307,2882,1,28
2024,2024txhou,Week 4,3847,9512,7691,8144,3029,8392,53,10
2024,2024txhou,Week 4,9181,7521,9478,5414,9516,9521,42,66
2024,2024txhou,Week 4,9515,7115,8556,4587,3735,8370,22,41
2024,2024txhou,Week 4,3481,8515,5261,6488,1255,118,51,52
2024,2024txhou,Week 4,6180,8144,9517,5414,9512,2585,13,71
2024,2024txhou,Week 4,3029,4587,9181,9521,3847,7521,9,73
2024,2024txhou,Week 4,3481,7691,1255,2882,5070,9478,16,35
2024,2024txhou,Week 4,9307,118,9516,2587,7115,8515,78,27
2024,2024txhou,Week 4,8392,8556,3735,5261,6180,8370,45,39
2024,2024txhou,Week 4,9478,9515,1255,6488,3847,9517,54,49
2024,2024txhou,Week 4,9516,7521,8144,3481,9521,7115,8,63
2024,2024txhou,Week 4,2587,7691,5261,2585,8392,5070,29,12
2024,2024txhou,Week 4,9307,6488,3029,2882,8556,9181,16,26
2024,2024txhou,Week 4,8515,8370,9512,118,9515,5414,36,99
2024,2024txhou,Week 4,4587,2585,3481,9478,6180,3735,36,55
2024,2024txhou,Week 4,7115,2882,7691,5261,7521,9517,21,19
2024,2024txhou,Week 4,118,8144,9512,2587,9521,8370,67,28
2024,2024txhou,Week 4,8392,9181,9307,9515,8515,3735,22,82
2024,2024txhou,Week 4,1255,4587,9516,5414,3029,6180,25,72
2024,2024txhou,Week 4,5070,3847,2587,8556,6488,3481,51,58
2024,2024txhou,Week 4,8392,9478,5261,9515,9517,9307,46,15
2024,2024txhou,Week 4,8370,7115,3029,2585,3735,5414,17,57
2024,2024txhou,Week 4,8144,9181,3847,8556,2882,9516,81,9
2024,2024txhou,Week 4,7691,118,9521,6180,9512,4587,65,35
2024,2024txhou,Week 4,5070,6488,8392,8515,1255,7521,14,31
2024,2024txhou,Week 4,8370,9516,9515,8144,9307,3481,27,38
2024,2024txhou,Week 4,9517,118,4587,3029,5261,2882,74,18
2024,2024txhou,Week 4,6488,9478,2585,7691,5070,8556,42,23
2024,2024txhou,Week 4,3847,6180,8515,9512,7521,7115,73,24
2024,2024txhou,Week 4,9181,3735,9521,5414,1255,2587,49,61
2024,2024txhou,Week 4,2882,9515,8144,118,2585,8556,19,59
2024,2024txhou,Week 4,9516,5261,3847,8515,9307,7691,42,24
2024,2024txhou,Week 4,9517,5414,9478,3029,3481,2587,59,45
2024,2024txhou,Week 4,7115,4587,6488,8392,8370,9181,27,29
2024,2024txhou,Week 4,1255,6180,5070,9512,9521,3735,13,71
2024,2024txhou,Week 4,8556,2587,7521,2585,8144,9478,26,51
2024,2024txhou,Week 4,8370,3481,118,3847,9516,8392,70,46
2024,2024txhou,Week 4,9515,3029,9512,4587,5070,8515,25,47
2024,2024txhou,Week 4,9181,5414,7115,6180,7691,6488,58,33
2024,2024txhou,Week 4,3735,9307,7521,2882,9517,1255,34,27
2024,2024txhou,Week 4,5261,8515,2585,9521,8144,4587,32,21
2024,2024txhou,Week 4,6180,2587,9516,7691,8392,9515,21,38
2024,2024txhou,Week 4,9307,8370,5414,7521,3029,5070,56,10
2024,2024txhou,Week 4,9478,3735,3481,9521,2882,6488,71,29
2024,2024txhou,Week 4,8556,9517,3847,118,1255,9512,45,50
2024,2024txhou,Week 4,7115,8392,6180,5070,9181,5261,23,11
2024,2024txhou,Week 4,3029,8515,9521,8370,2587,8144,36,27
2024,2024txhou,Week 4,3481,2882,3847,7691,5414,4587,68,71
2024,2024txhou,Week 4,7521,2585,9515,9512,9517,9181,11,24
2024,2024txhou,Week 4,9307,8556,1255,7115,9478,118,30,64
2024,2024txhou,Week 4,3735,9516,3029,5261,6488,8144,38,12
2024,2024txhou,Week 4,9517,8392,2587,7521,3481,6180,26,35
2024,2024txhou,Week 4,2585,8370,2882,9478,8556,8515,18,66
2024,2024txhou,Week 4,3735,5070,118,9516,9181,7691,58,55
2024,2024txhou,Week 4,6488,9512,5414,4587,5261,9515,73,26
2024,2024txhou,Week 4,1255,9521,9307,3847,7115,2585,22,66
2024,2024txhou,Week 4,8515,118,2882,9516,3481,5070,72,19
2024,2024txhou,Week 4,8144,7691,8370,9181,9515,6180,49,44
2024,2024txhou,Week 4,9521,5414,8556,7521,4587,8392,63,16
2024,2024txhou,Week 4,3735,2587,6488,9517,3847,3029,27,48
2024,2024txhou,Week 4,1255,5261,7115,9512,9478,9307,28,44
2024,2024wasam,Week 4,9442,3681,2046,3574,3070,3268,91,39
2024,2024wasam,Week 4,1983,360,1294,488,8051,2976,83,64
2024,2024wasam,Week 4,1595,9023,1318,2412,9036,4180,67,66
2024,2024wasam,Week 4,948,4104,5827,8248,4980,7461,73,57
2024,2024wasam,Week 4,4173,6076,2928,1899,4131,949,18,66
2024,2024wasam,Week 4,492,5588,488,9450,4918,1595,51,37
2024,2024wasam,Week 4,2046,4104,4980,3681,3574,1983,56,46
2024,2024wasam,Week 4,2412,949,3268,360,4131,2928,14,60
2024,2024wasam,Week 4,3070,9023,948,492,6076,2976,90,51
2024,2024wasam,Week 4,9450,8051,7461,1294,9442,1318,67,100
2024,2024wasam,Week 4,4918,1899,4180,9036,4173,5827,66,84
2024,2024wasam,Week 4,5588,2976,1983,8248,2412,4131,54,42
2024,2024wasam,Week 4,1318,7461,6076,949,488,9442,51,56
2024,2024wasam,Week 4,492,9036,360,9450,2046,9023,101,58
2024,2024wasam,Week 4,8248,5588,3268,3681,4980,1899,41,84
2024,2024wasam,Week 4,5827,3574,1595,8051,948,4173,72,70
2024,2024wasam,Week 4,1294,4104,4918,2928,3070,4180,32,77
2024,2024wasam,Week 4,4131,3681,488,9023,7461,9442,49,43
2024,2024wasam,Week 4,360,949,2046,948,9450,1899,66,60
2024,2024wasam,Week 4,9036,6076,1294,4180,8248,4104,59,50
2024,2024wasam,Week 4,4980,4173,3574,3268,2976,1318,62,44
2024,2024wasam,Week 4,8051,1983,3070,492,2412,4918,76,58
2024,2024wasam,Week 4,1595,5588,360,5827,2046,2928,64,86
2024,2024wasam,Week 4,949,9450,9036,2976,1294,3681,48,73
2024,2024wasam,Week 4,948,9442,8248,3268,1983,4104,48,33
2024,2024wasam,Week 4,8051,3574,492,6076,2412,488,64,43
2024,2024wasam,Week 4,1595,4173,7461,4918,3070,4980,44,81
2024,2024wasam,Week 4,5827,1318,4131,9023,2928,1899,73,62
2024,2024wasam,Week 4,4180,492,3681,9442,3574,5588,74,67
2024,2024wasam,Week 4,2412,9450,2976,4980,949,6076,38,33
2024,2024wasam,Week 4,3070,8248,4173,1318,4104,360,61,64
2024,2024wasam,Week 4,4918,3268,8051,2046,4131,9036,48,85
2024,2024wasam,Week 4,2928,1595,948,7461,4180,1983,87,72
2024,2024wasam,Week 4,1294,488,9023,5588,5827,1899,88,90
2024,2024wasam,Week 4,3681,9036,8248,9442,4173,9450,64,72
2024,2024wasam,Week 4,4104,3070,492,949,2928,8051,76,24
2024,2024wasam,Week 4,2046,1983,2412,4131,7461,3574,86,48
2024,2024wasam,Week 4,6076,9023,5588,360,3268,5827,42,86
2024,2024wasam,Week 4,4980,1294,4180,488,4918,948,80,87
2024,2024wasam,Week 4,1318,1899,8248,2976,1595,2046,73,91
2024,2024wasam,Week 4,2928,2412,3574,9442,9036,3268,31,62
2024,2024wasam,Week 4,4131,4980,8051,4173,492,9023,53,75
2024,2024wasam,Week 4,7461,948,1294,3070,360,3681,82,86
2024,2024wasam,Week 4,4104,5588,949,488,1899,1595,27,96
2024,2024wasam,Week 4,2976,4180,5827,1318,1983,9450,78,57
2024,2024wasam,Week 4,9023,4918,9036,6076,2046,948,76,71
2024,2024wasam,Week 4,3268,4131,492,1294,1595,3070,54,107
2024,2024wasam,Week 4,2412,9442,4980,4173,1899,4104,49,55
2024,2024wasam,Week 4,4918,1318,3681,6076,5827,1983,76,69
2024,2024wasam,Week 4,949,7461,2976,5588,4180,8051,84,44
2024,2024wasam,Week 4,8248,2928,9450,3574,360,488,57,88
2024,2024wasam,Week 4,4131,6076,3070,9036,1595,4980,60,68
2024,2024wasam,Week 4,1983,9023,949,5588,1294,2412,55,79
2024,2024wasam,Week 4,1899,360,9442,3574,2976,4918,109,35
2024,2024wasam,Week 4,4180,488,4173,8051,2046,8248,80,56
2024,2024wasam,Week 4,4104,3681,2928,948,492,1318,48,78
2024,2024wasam,Week 4,7461,5827,2412,9450,3268,6076,78,37
2024,2024wasam,Week 4,1983,9442,1595,9023,8051,360,100,87
2024,2024wasam,Week 4,4180,948,4131,3070,1318,5588,58,84
2024,2024wasam,Week 4,5827,949,4918,3574,8248,1294,28,94
2024,2024wasam,Week 4,488,4980,9450,9036,2976,4104,69,76
2024,2024wasam,Week 4,1899,3268,2046,2928,492,7461,79,63
2024,2024wasam,Week 4,4173,1318,2412,3681,948,5588,91,30
2024,2024wasam,Week 4,4104,9450,3574,1983,4918,4131,57,62
2024,2024wasam,Week 4,360,8248,6076,4980,5827,492,60,88
2024,2024wasam,Week 4,7461,488,3070,3268,4180,9023,76,66
2024,2024wasam,Week 4,1899,8051,9036,1595,3681,949,91,41
2024,2024wasam,Week 4,2976,2928,9442,2046,1294,4173,99,107
2024,2024ilch,Week 5,5934,6574,4096,5125,8581,9406,75,47
2024,2024ilch,Week 5,2338,9585,3067,6402,9669,111,82,33
2024,2024ilch,Week 5,8880,1736,8096,2022,930,4731,80,53
2024,2024ilch,Week 5,2725,1986,4645,3023,191,4702,56,54
2024,2024ilch,Week 5,4655,1739,7560,3792,9654,5822,19,56
2024,2024ilch,Week 5,6421,6823,9082,112,648,16,54,65
2024,2024ilch,Week 5,2383,3110,5847,359,2151,7237,57,61
2024,2024ilch,Week 5,8029,2077,4787,2040,3061,1781,37,103
2024,2024ilch,Week 5,6574,4702,8122,1622,9669,5934,72,50
2024,2024ilch,Week 5,2022,3792,8096,2338,4731,8581,64,75
2024,2024ilch,Week 5,9654,8880,5125,6402,5822,4645,36,67
2024,2024ilch,Week 5,930,5847,359,4096,6823,3067,121,44
2024,2024ilch,Week 5,111,9406,3061,16,2725,3110,81,23
2024,2024ilch,Week 5,4655,3023,648,2040,8122,9585,65,76
2024,2024ilch,Week 5,2151,191,1736,1622,1739,1781,54,66
2024,2024ilch,Week 5,7560,2383,2077,9082,112,8029,48,44
2024,2024ilch,Week 5,7237,1986,6402,4787,6421,9669,48,37
2024,2024ilch,Week 5,3792,930,8880,359,4096,2725,32,75
2024,2024ilch,Week 5,111,9585,9654,3023,8096,5934,68,82
2024,2024ilch,Week 5,4731,6823,2040,1739,5822,2151,61,37
2024,2024ilch,Week 5,9406,4655,2383,2077,4702,2022,105,22
2024,2024ilch,Week 5,1736,112,6421,7560,5125,191,87,25
2024,2024ilch,Week 5,8122,16,2338,4787,1781,7237,122,51
2024,2024ilch,Week 5,8029,8581,3110,3067,4645,648,35,20
2024,2024ilch,Week 5,6574,5847,1622,3061,1986,9082,54,51
2024,2024ilch,Week 5,3023,2077,6823,4731,9654,1739,66,10
2024,2024ilch,Week 5,3792,9669,359,8096,9406,6421,75,88
2024,2024ilch,Week 5,4096,7237,7560,191,6402,2040,40,48
2024,2024ilch,Week 5,9585,2151,2725,16,3067,5125,25,75
2024,2024ilch,Week 5,648,4787,1986,111,2022,8880,32,69
2024,2024ilch,Week 5,8122,1622,1736,2383,8581,4645,83,54
2024,2024ilch,Week 5,5934,4655,2338,5847,8029,3061,104,98
2024,2024ilch,Week 5,1781,4702,5822,6574,112,930,71,89
2024,2024ilch,Week 5,9082,4731,191,3110,2040,3067,51,20
2024,2024ilch,Week 5,1986,7560,3792,16,2151,8880,55,62
2024,2024ilch,Week 5,3023,2383,4787,9406,648,6823,86,62
2024,2024ilch,Week 5,7237,111,4655,5934,2725,1736,73,78
2024,2024ilch,Week 5,2338,359,4645,2077,9585,6574,98,49
2024,2024ilch,Week 5,3061,6402,9654,9082,4702,8581,56,56
2024,2024ilch,Week 5,5822,8029,930,6421,2022,8122,75,72
2024,2024ilch,Week 5,9669,1781,3110,112,4096,1739,37,69
2024,2024ilch,Week 5,5125,1622,2040,5847,8096,4787,32,70
2024,2024ilch,Week 5,2151,9406,3023,8880,2338,191,67,75
2024,2024ilch,Week 5,6823,16,9654,3067,1736,6574,53,66
2024,2024ilch,Week 5,3061,5934,4731,5822,6421,359,88,100
2024,2024ilch,Week 5,8581,111,1739,4702,7237,8029,61,22
2024,2024ilch,Week 5,2725,2022,5847,9669,8122,112,63,62
2024,2024ilch,Week 5,9585,1986,5125,1781,2383,9082,69,67
2024,2024ilch,Week 5,648,8096,7560,4645,4655,4096,54,44
2024,2024ilch,Week 5,1622,3110,3792,930,6402,2077,48,41
2024,2024ilch,Week 5,4702,3067,5934,1736,2040,3023,54,83
2024,2024ilch,Week 5,359,191,16,9654,2022,8029,102,21
2024,2024ilch,Week 5,4787,111,2725,4731,6574,2383,55,34
2024,2024ilch,Week 5,8581,3061,6823,1781,7560,9585,109,66
2024,2024ilch,Week 5,9082,5125,930,2077,9669,4655,47,54
2024,2024ilch,Week 5,3110,8880,112,7237,2338,1622,42,57
2024,2024ilch,Week 5,5822,648,5847,9406,6402,3792,98,56
2024,2024ilch,Week 5,8096,4645,8122,1739,6421,1986,64,57
2024,2024ilch,Week 5,4096,4787,2022,9654,5934,2151,60,53
2024,2024ilch,Week 5,2040,930,9669,3061,2383,16,26,109
2024,2024ilch,Week 5,6823,6574,8880,4655,3110,191,51,35
2024,2024ilch,Week 5,3067,4731,7237,7560,1622,9406,23,63
2024,2024ilch,Week 5,6421,2725,3023,8581,1781,2077,43,86
2024,2024ilch,Week 5,4645,9082,2151,111,5822,8096,24,121
2024,2024ilch,Week 5,1739,359,4702,5125,648,2338,52,61
2024,2024ilch,Week 5,1736,9585,8029,4096,5847,3792,51,82
2024,2024ilch,Week 5,6402,112,4731,1986,8122,5934,47,86
2024,2024ilch,Week 5,6574,7237,2022,3023,7560,930,53,73
2024,2024ilch,Week 5,2151,1622,2383,6421,9654,4655,51,48
2024,2024ilch,Week 5,191,8096,9669,648,2077,111,83,60
2024,2024ilch,Week 5,16,1739,2040,5847,8880,8581,58,98
2024,2024ilch,Week 5,5822,4787,3110,9585,4096,4702,64,51
2024,2024ilch,Week 5,4645,1781,112,3067,3792,3061,91,76
2024,2024ilch,Week 5,8029,2338,1986,2725,5125,6823,75,32
2024,2024ilch,Week 5,1736,359,9406,8122,9082,6402,103,50
2024,2024ilch,Week 5,930,111,6421,5847,2040,9654,86,55
2024,2024ilch,Week 5,9669,16,4096,4731,3023,1622,63,43
2024,2024ilch,Week 5,8880,3067,1781,2383,5934,648,63,77
2024,2024ilch,Week 5,4702,3061,5125,6823,3792,7237,54,68
2024,2024ilch,Week 5,3110,2077,2338,1986,1736,5822,55,102
2024,2024ilch,Week 5,112,8581,7560,4655,4787,359,44,85
2024,2024ilch,Week 5,8096,2151,6402,2725,8029,6574,56,18
2024,2024ilch,Week 5,2022,9082,9406,1739,4645,9585,64,26
2024,2024ilch,Week 5,3792,3023,8122,191,4096,111,53,79
2024,2024camb,Week 5,7777,2035,852,7528,6962,115,36,76
2024,2024camb,Week 5,668,9006,6506,6665,100,2135,22,35
2024,2024camb,Week 5,3257,4171,971,6918,1280,1072,67,61
2024,2024camb,Week 5,604,2473,5700,5171,5104,3669,85,58
2024,2024camb,Week 5,1323,2643,3045,4255,649,7413,90,39
2024,2024camb,Week 5,9546,4135,5089,6884,4765,253,34,31
2024,2024camb,Week 5,2035,100,6506,4171,7777,1280,48,32
2024,2024camb,Week 5,668,3257,3669,6962,604,971,45,102
2024,2024camb,Week 5,2643,6665,6918,5700,4255,115,30,47
2024,2024camb,Week 5,7413,5104,6884,4765,5089,1072,32,92
2024,2024camb,Week 5,4135,253,3045,1323,2135,5171,66,100
2024,2024camb,Week 5,649,852,2473,7528,9006,9546,46,27
2024,2024camb,Week 5,6665,4255,2035,1280,3669,2643,23,59
2024,2024camb,Week 5,5089,4171,6962,971,5700,100,53,74
2024,2024camb,Week 5,604,6506,2135,1072,6884,5171,73,48
2024,2024camb,Week 5,115,3045,649,9006,5104,852,82,23
2024,2024camb,Week 5,4765,2473,9546,3257,253,7413,47,56
2024,2024camb,Week 5,6918,7528,7777,668,1323,4135,10,96
2024,2024camb,Week 5,1072,6962,6506,5700,2035,5089,47,50
2024,2024camb,Week 5,5104,2643,4171,971,2135,3669,39,81
2024,2024camb,Week 5,604,100,7413,253,852,4255,100,26
2024,2024camb,Week 5,1280,7528,1323,2473,6665,3045,101,44
2024,2024camb,Week 5,668,6884,649,4765,7777,115,54,63
2024,2024camb,Week 5,3257,5171,9546,6918,4135,9006,39,24
2024,2024camb,Week 5,5089,2135,253,852,6962,5700,45,78
2024,2024camb,Week 5,1280,971,6665,604,3045,5104,45,108
2024,2024camb,Week 5,7413,4765,1323,4171,2035,668,97,41
2024,2024camb,Week 5,4255,7528,6884,100,9006,3257,19,67
2024,2024camb,Week 5,115,1072,4135,649,3669,6918,70,44
2024,2024camb,Week 5,6506,9546,7777,2473,2643,5171,1,47
2024,2024camb,Week 5,852,3045,4171,6665,668,4765,21,52
2024,2024camb,Week 5,6884,971,9006,1323,253,2035,51,79
2024,2024camb,Week 5,3669,604,1072,5089,100,7528,97,67
2024,2024camb,Week 5,2135,6918,2473,2643,649,6962,76,63
2024,2024camb,Week 5,115,1280,3257,6506,5171,7413,65,46
2024,2024camb,Week 5,9546,4255,5104,4135,7777,5700,41,48
2024,2024camb,Week 5,9006,3669,2035,1072,852,1323,22,105
2024,2024camb,Week 5,2473,971,668,2643,6884,100,47,60
2024,2024camb,Week 5,253,5171,6962,649,6665,7528,64,17
2024,2024camb,Week 5,5104,5700,6918,4765,6506,1280,64,46
2024,2024camb,Week 5,2135,4255,3257,3045,5089,7777,54,61
2024,2024camb,Week 5,4135,4171,604,115,7413,9546,59,46
2024,2024camb,Week 5,2035,1072,649,9006,253,6665,44,49
2024,2024camb,Week 5,5171,852,4765,971,2643,6506,41,83
2024,2024camb,Week 5,100,6918,1323,3257,5104,5089,77,55
2024,2024camb,Week 5,2135,7777,668,3669,4135,4255,50,52
2024,2024camb,Week 5,7528,7413,3045,5700,9546,4171,54,31
2024,2024camb,Week 5,6884,115,604,6962,2473,1280,104,36
2024,2024camb,Week 5,852,6665,5089,6918,5171,2035,24,50
2024,2024camb,Week 5,7777,1323,971,6506,649,3257,136,26
2024,2024camb,Week 5,4255,4765,2643,1072,7528,4171,66,46
2024,2024camb,Week 5,100,115,3669,3045,2135,6884,91,54
2024,2024camb,Week 5,6962,4135,5104,2473,7413,9006,38,62
2024,2024camb,Week 5,1280,668,5700,253,9546,604,65,80
2024,2024camb,Week 5,971,5089,649,4171,6506,4255,104,37
2024,2024camb,Week 5,6665,115,5171,6884,3257,7777,54,29
2024,2024camb,Week 5,3669,3045,4765,7413,6918,6962,69,45
2024,2024camb,Week 5,2643,5700,253,9006,1323,604,58,132
2024,2024camb,Week 5,5104,1072,2473,852,668,7528,93,10
2024,2024camb,Week 5,9546,1280,100,4135,2035,2135,58,83
2024,2024camb,Week 5,5089,6506,6884,3045,6918,4255,27,75
2024,2024camb,Week 5,5171,4171,9006,7777,604,2643,37,95
2024,2024camb,Week 5,253,3669,7528,5104,115,971,53,73
2024,2024camb,Week 5,1323,6962,6665,9546,668,1072,98,24
2024,2024camb,Week 5,2135,5700,4765,2035,3257,2473,98,48
2024,2024camb,Week 5,7413,1280,852,100,649,4135,38,97
2024,2024caoc,Week 5,3473,7042,9271,1967,4160,5199,45,86
2024,2024caoc,Week 5,4619,4276,5285,4079,8600,7415,41,69
2024,2024caoc,Week 5,9520,2485,3295,3020,3952,4964,57,39
2024,2024caoc,Week 5,6995,7607,3476,5805,5124,9505,63,20
2024,2024caoc,Week 5,6560,4,4999,7157,5835,4470,51,61
2024,2024caoc,Week 5,4984,8805,589,3309,867,7447,79,42
2024,2024caoc,Week 5,8033,5500,6220,9037,4141,9696,43,57
2024,2024caoc,Week 5,9301,5924,4415,812,8521,9772,93,29
2024,2024caoc,Week 5,4619,1967,4079,4964,5124,9520,48,27
2024,2024caoc,Week 5,9271,6560,7607,8600,4999,3020,46,25
2024,2024caoc,Week 5,5805,5835,4984,2485,8805,4276,56,42
2024,2024caoc,Week 5,3952,3473,867,5285,8033,9037,38,75
2024,2024caoc,Week 5,3295,9301,9696,7415,7042,4,12,60
2024,2024caoc,Week 5,6220,4415,8521,3309,3476,7157,87,131
2024,2024caoc,Week 5,9505,4160,5500,589,812,4470,28,84
2024,2024caoc,Week 5,5924,5199,9772,7447,6995,4141,105,49
2024,2024caoc,Week 5,5124,4619,5835,8033,9271,3020,48,76
2024,2024caoc,Week 5,8805,9301,3952,4276,6560,7042,26,81
2024,2024caoc,Week 5,4999,9037,3476,4079,4964,3309,131,64
2024,2024caoc,Week 5,4,5285,3473,9520,589,8521,60,41
2024,2024caoc,Week 5,4984,7157,867,5500,5924,8600,49,36
2024,2024caoc,Week 5,9772,4160,7447,3295,6220,5805,42,34
2024,2024caoc,Week 5,4470,4141,1967,7607,4415,812,60,42
2024,2024caoc,Week 5,6995,9505,5199,2485,9696,7415,74,66
2024,2024caoc,Week 5,7042,4619,589,8521,3020,3476,56,50
2024,2024caoc,Week 5,5924,9271,4276,5500,9037,3473,75,39
2024,2024caoc,Week 5,7447,3952,8033,4999,9301,4160,58,39
2024,2024caoc,Week 5,812,3309,4,867,9772,5124,69,35
2024,2024caoc,Week 5,4415,7415,6995,4964,8600,6220,111,31
2024,2024caoc,Week 5,5199,3295,5835,1967,9505,5285,60,36
2024,2024caoc,Week 5,8805,5805,4470,4141,4079,9520,32,56
2024,2024caoc,Week 5,7607,2485,7157,9696,4984,6560,71,30
2024,2024caoc,Week 5,3952,812,5500,7447,4,4619,45,57
2024,2024caoc,Week 5,4415,867,3020,4160,4276,6995,45,53
2024,2024caoc,Week 5,3476,5835,8600,3473,5924,3295,74,19
2024,2024caoc,Week 5,9505,9520,7042,9772,9271,4999,33,51
2024,2024caoc,Week 5,9696,4964,1967,8521,4470,4984,40,63
2024,2024caoc,Week 5,5124,4141,7157,5285,2485,9301,93,74
2024,2024caoc,Week 5,5805,3309,9037,7415,5199,6560,52,100
2024,2024caoc,Week 5,6220,4079,8805,589,7607,8033,68,65
2024,2024caoc,Week 5,8600,9520,6995,812,7447,5835,41,34
2024,2024caoc,Week 5,5924,4999,3952,3476,1967,4,28,79
2024,2024caoc,Week 5,867,4470,2485,3473,9772,4619,59,39
2024,2024caoc,Week 5,4276,9696,9505,4160,3309,4141,36,87
2024,2024caoc,Week 5,7157,8033,4964,589,5805,9271,71,58
2024,2024caoc,Week 5,8805,8521,7415,4415,5124,5500,47,17
2024,2024caoc,Week 5,6560,3020,3295,5199,4984,6220,38,74
2024,2024caoc,Week 5,7607,5285,4079,9037,7042,9301,47,93
2024,2024caoc,Week 5,9520,4470,9696,867,3476,5924,14,61
2024,2024caoc,Week 5,4,589,8600,1967,5805,2485,48,74
2024,2024caoc,Week 5,9772,7415,4141,5835,3952,9271,54,65
2024,2024caoc,Week 5,8033,4999,5124,4984,3295,4415,62,114
2024,2024caoc,Week 5,3309,5500,5199,9301,4619,7607,74,28
2024,2024caoc,Week 5,4276,4964,812,5285,6220,7042,53,57
2024,2024caoc,Week 5,9505,9037,8521,3020,7447,8805,52,11
2024,2024caoc,Week 5,4079,3473,4160,7157,6995,6560,67,80
2024,2024caoc,Week 5,5124,7415,589,4999,9520,4984,63,25
2024,2024caoc,Week 5,4470,3476,9772,8600,5199,8033,76,90
2024,2024caoc,Week 5,5835,4276,867,3952,3295,7607,83,20
2024,2024caoc,Week 5,4619,6220,9037,4,4415,9505,70,77
2024,2024caoc,Week 5,6560,8805,4160,4964,5285,5924,45,49
2024,2024caoc,Week 5,9696,3020,5805,4141,3473,9301,25,58
2024,2024caoc,Week 5,9271,8521,2485,6995,4079,812,121,65
2024,2024caoc,Week 5,7042,1967,3309,5500,7157,7447,97,40
2024,2024caoc,Week 5,4470,8600,5124,6220,589,3952,29,75
2024,2024caoc,Week 5,4160,4,9520,5199,7607,4276,59,78
2024,2024caoc,Week 5,9301,4984,4964,5835,9505,3473,34,51
2024,2024caoc,Week 5,4141,6560,5805,8521,867,4999,78,25
2024,2024caoc,Week 5,3020,9772,4079,7415,5500,1967,48,43
2024,2024caoc,Week 5,7042,8033,5924,2485,6995,3309,90,108
2024,2024caoc,Week 5,9271,7447,5285,3476,9696,4415,54,65
2024,2024caoc,Week 5,3295,812,4619,9037,7157,8805,29,68
2024,2024nvlv,Week 5,7235,9151,6968,991,5851,7426,51,83
2024,2024nvlv,Week 5,7673,3009,9539,9018,988,2486,17,56
2024,2024nvlv,Week 5,7423,6510,4414,687,8022,8005,80,60
2024,2024nvlv,Week 5,4421,5429,5049,701,5653,987,42,83
2024,2024nvlv,Week 5,9287,8717,1388,9125,7425,9426,77,28
2024,2024nvlv,Week 5,6825,60,9400,7654,9534,7183,60,18
2024,2024nvlv,Week 5,9002,4585,7077,6824,8387,3216,11,26
2024,2024nvlv,Week 5,597,2403,9539,4501,9018,8005,64,52
2024,2024nvlv,Week 5,987,9151,5429,2486,6510,5851,51,76
2024,2024nvlv,Week 5,701,991,4414,7235,7673,9287,66,12
2024,2024nvlv,Week 5,7183,8717,6825,9426,7423,6968,37,37
2024,2024nvlv,Week 5,7426,3216,60,1388,4421,5653,74,83
2024,2024nvlv,Week 5,6824,3009,4585,7654,687,2403,13,92
2024,2024nvlv,Week 5,8022,4501,8387,5049,9400,988,22,36
2024,2024nvlv,Week 5,9002,9125,597,7425,7077,9534,36,21
2024,2024nvlv,Week 5,8005,7183,9287,5851,5429,8717,54,46
2024,2024nvlv,Week 5,9539,6825,701,9151,4414,3216,22,87
2024,2024nvlv,Week 5,1388,7423,2486,5653,7654,7235,62,47
2024,2024nvlv,Week 5,7673,60,6968,2403,987,3009,64,86
2024,2024nvlv,Week 5,687,4501,7425,7077,9426,8022,74,9
2024,2024nvlv,Week 5,9018,9002,9534,9125,4585,5049,13,19
2024,2024nvlv,Week 5,988,6824,991,597,9400,4421,14,98
2024,2024nvlv,Week 5,8005,8387,6510,7426,1388,7183,44,81
2024,2024nvlv,Week 5,3216,7423,7654,2403,5851,4414,15,107
2024,2024nvlv,Week 5,7425,9151,7673,60,4501,7077,33,46
2024,2024nvlv,Week 5,5653,9018,9125,8022,6968,4585,46,47
2024,2024nvlv,Week 5,9002,4421,3009,9287,6825,5049,61,21
2024,2024nvlv,Week 5,8717,9539,987,991,597,8387,77,34
2024,2024nvlv,Week 5,687,9400,2486,9534,701,7426,71,68
2024,2024nvlv,Week 5,6824,9426,7235,5429,6510,988,14,49
2024,2024nvlv,Week 5,9125,7654,1388,4501,7423,9151,49,31
2024,2024nvlv,Week 5,4414,4421,7077,6968,8005,3009,115,66
2024,2024nvlv,Week 5,5851,7425,6825,5049,9539,9018,59,10
2024,2024nvlv,Week 5,7673,597,701,4585,9287,7426,67,46
2024,2024nvlv,Week 5,987,7235,8022,7183,8387,5653,49,52
2024,2024nvlv,Week 5,8717,9534,988,6510,2403,6824,17,77
2024,2024nvlv,Week 5,687,9002,9426,991,60,2486,57,73
2024,2024nvlv,Week 5,3216,5049,7425,9400,5429,4414,23,74
2024,2024nvlv,Week 5,7077,7426,7654,9539,9125,9287,49,34
2024,2024nvlv,Week 5,7423,8005,7235,6968,987,597,27,87
2024,2024nvlv,Week 5,8387,988,2403,9151,5653,6825,42,41
2024,2024nvlv,Week 5,7183,4501,6824,3009,2486,701,37,59
2024,2024nvlv,Week 5,3216,9534,991,8717,8022,9018,45,18
2024,2024nvlv,Week 5,5429,687,7673,9002,9400,1388,43,50
2024,2024nvlv,Week 5,4585,5851,4421,9426,60,6510,64,70
2024,2024nvlv,Week 5,988,7077,9125,4414,987,7654,22,117
2024,2024nvlv,Week 5,8005,2486,9151,7183,597,5049,48,53
2024,2024nvlv,Week 5,3009,7426,5653,8717,991,7425,68,50
2024,2024nvlv,Week 5,6825,1388,6968,8022,701,6824,73,41
2024,2024nvlv,Week 5,2403,9426,9400,6510,9002,9539,62,38
2024,2024nvlv,Week 5,4421,687,7423,8387,7673,5851,96,41
2024,2024nvlv,Week 5,9534,7235,60,9287,3216,4501,36,50
2024,2024nvlv,Week 5,4585,9018,597,5429,991,7183,28,29
2024,2024nvlv,Week 5,701,8005,1388,988,7654,7425,77,49
2024,2024nvlv,Week 5,9400,5653,6510,3009,6825,7077,80,17
2024,2024nvlv,Week 5,5851,8022,9125,2486,2403,7673,62,56
2024,2024nvlv,Week 5,4414,6824,9002,987,7426,4501,86,104
2024,2024nvlv,Week 5,5429,4585,7423,9151,4421,9534,9,52
2024,2024nvlv,Week 5,6968,3216,9018,9426,9287,8387,60,4
2024,2024nvlv,Week 5,7235,5049,8717,60,9539,687,25,92
2024,2024nvlv,Week 5,8005,597,5653,6825,9125,7673,88,33
2024,2024nvlv,Week 5,5851,7183,988,7426,7425,9002,54,49
2024,2024nvlv,Week 5,2486,4414,4585,7423,7077,9400,74,32
2024,2024nvlv,Week 5,8387,987,9534,1388,3009,9426,62,32
2024,2024nvlv,Week 5,7654,8717,9151,9018,7235,4421,44,59
2024,2024nvlv,Week 5,991,6968,4501,3216,6510,687,75,64
2024,2024nvlv,Week 5,9287,701,5429,2403,8022,60,38,62
2024,2024nvlv,Week 5,9539,6824,7426,5049,7673,7423,55,21
2024,2024nvlv,Week 5,7425,2486,987,4585,8387,6825,90,7
2024,2024nvlv,Week 5,597,9426,5851,5653,4414,8717,68,80
2024,2024nvlv,Week 5,9125,7183,687,4421,988,3216,66,68
2024,2024nvlv,Week 5,6510,3009,8022,701,9151,9002,51,25
2024,2024nvlv,Week 5,4501,9539,7654,9534,6968,5429,20,57
2024,2024nvlv,Week 5,7077,5049,2403,7235,1388,991,46,60
2024,2024nvlv,Week 5,60,9287,9018,9400,6824,8005,35,68
2024,2024gaalb,Week 5,5074,9260,2415,4112,8815,4468,32,50
2024,2024gaalb,Week 5,7514,6919,3329,4509,6925,5848,53,29
2024,2024gaalb,Week 5,6829,8849,1414,4240,4730,5828,77,24
2024,2024gaalb,Week 5,7676,1771,3344,3635,7104,5219,58,25
2024,2024gaalb,Week 5,4459,7470,1261,6905,5074,6023,61,17
2024,2024gaalb,Week 5,4240,6829,6925,1414,4112,9260,44,59
2024,2024gaalb,Week 5,4468,5828,3344,3635,1771,8815,33,78
2024,2024gaalb,Week 5,7470,5219,7676,7514,6905,4459,16,20
2024,2024gaalb,Week 5,4730,3329,2415,4509,6023,7104,36,66
2024,2024gaalb,Week 5,8849,1261,4468,8815,5848,6919,57,61
2024,2024gaalb,Week 5,5828,5074,6829,9260,7514,4240,48,46
2024,2024gaalb,Week 5,7676,3635,6023,4730,7470,4509,32,53
2024,2024gaalb,Week 5,6905,6919,1261,5219,1414,4459,70,34
2024,2024gaalb,Week 5,7104,6925,4112,3329,1771,8849,34,71
2024,2024gaalb,Week 5,5848,4240,7470,3344,2415,6023,24,48
2024,2024gaalb,Week 5,4730,6905,1414,9260,6919,4468,1,71
2024,2024gaalb,Week 5,7676,7514,4509,4112,5828,3635,47,47
2024,2024gaalb,Week 5,2415,4459,8815,6829,7104,3344,21,46
2024,2024gaalb,Week 5,5219,6925,3329,5074,8849,5848,51,15
2024,2024gaalb,Week 5,1261,3635,9260,7470,4730,1771,89,67
2024,2024gaalb,Week 5,1414,6023,4240,8815,7104,7676,49,16
2024,2024gaalb,Week 5,4459,4112,6925,5848,5828,6919,50,38
2024,2024gaalb,Week 5,1771,6829,6905,5074,3344,3329,62,35
2024,2024gaalb,Week 5,4509,4468,2415,7514,1261,5219,69,54
2024,2024gaalb,Week 5,7104,4459,4730,8849,6925,5828,2,56
2024,2024gaalb,Week 5,5848,3635,3344,8815,5074,7470,40,27
2024,2024gaalb,Week 5,6829,9260,4509,1261,7676,1414,70,72
2024,2024gaalb,Week 5,6919,6023,1771,2415,7514,8849,80,23
2024,2024gaalb,Week 5,3329,4112,4240,6905,5219,4468,55,8
2024,2024gaalb,Week 5,5848,7104,7676,5074,4509,5828,23,40
2024,2024gaalb,Week 5,8849,9260,6919,6829,3635,7470,65,38
2024,2024gaalb,Week 5,6925,3344,6905,1771,4240,1261,32,91
2024,2024gaalb,Week 5,5219,2415,4112,6023,3329,4459,48,33
2024,2024gaalb,Week 5,8815,4730,7514,4468,1414,5074,4,52
2024,2024gaalb,Week 5,3635,4509,8849,7104,4240,6919,62,43
2024,2024gaalb,Week 5,5828,6905,7676,6925,2415,1771,15,72
2024,2024gaalb,Week 5,3344,4459,9260,4112,5848,4730,44,27
2024,2024gaalb,Week 5,6023,8815,5219,1261,7514,6829,22,78
2024,2024gaalb,Week 5,1414,7470,7104,4468,3329,3635,37,27
2024,2024gaalb,Week 5,6919,4112,5074,4459,7676,9260,29,40
2024,2024gaalb,Week 5,3344,5219,8815,6925,1261,6023,11,65
2024,2024gaalb,Week 5,4468,5848,7514,7470,4240,8849,31,38
2024,2024gaalb,Week 5,6905,4509,3329,5828,1414,1771,31,103
2024,2024gaalb,Week 5,4730,1261,5074,2415,6829,4459,51,36
2024,2024gaalb,Week 5,4240,4468,3635,6919,7676,6925,41,48
2024,2024gaalb,Week 5,4112,7470,7514,3344,4509,1414,37,52
2024,2024gaalb,Week 5,6023,8849,4730,3329,6829,8815,35,41
2024,2024gaalb,Week 5,7104,5828,5219,9260,6905,5848,44,21
2024,2024gaalb,Week 5,1771,4459,5074,2415,1414,3635,20,51
2024,2024gaalb,Week 5,8849,3344,1261,3329,7676,4112,70,20
2024,2024gaalb,Week 5,4240,8815,6905,6925,9260,4730,10,46
2024,2024gaalb,Week 5,6023,5848,6829,1771,4468,7104,27,61
2024,2024gaalb,Week 5,5828,2415,7470,6919,5219,4509,31,72
2024,2024gaalb,Week 5,3635,5074,6925,7514,3344,4112,51,24
2024,2024gaalb,Week 5,1261,3329,7104,7676,4468,4240,54,10
2024,2024gaalb,Week 5,9260,8815,5828,7470,6919,2415,40,74
2024,2024gaalb,Week 5,4509,1771,5848,5219,4730,6829,59,31
2024,2024gaalb,Week 5,1414,6023,7514,4459,8849,6905,43,12
2024,2024ineva,Week 5,8564,3559,8116,9453,9491,5484,29,58
2024,2024ineva,Week 5,1501,9554,3947,868,3890,2197,58,43
2024,2024ineva,Week 5,5402,7657,5188,1720,4485,4926,42,41
2024,2024ineva,Week 5,3452,3176,7454,4008,8430,6498,84,37
2024,2024ineva,Week 5,8116,1747,868,1501,234,9453,94,48
2024,2024ineva,Week 5,2197,4926,5188,8564,7657,5484,52,51
2024,2024ineva,Week 5,3890,3947,3452,6498,1720,9491,46,56
2024,2024ineva,Week 5,8430,234,1747,4008,4485,3559,69,17
2024,2024ineva,Week 5,7454,9554,7657,5402,3176,1501,30,76
2024,2024ineva,Week 5,6498,8564,3452,9453,868,3947,44,21
2024,2024ineva,Week 5,4926,4008,5484,3559,5188,1747,68,50
2024,2024ineva,Week 5,234,7454,9491,5402,8116,3890,59,20
2024,2024ineva,Week 5,8430,4485,3176,1720,9554,2197,39,33
2024,2024ineva,Week 5,5484,5188,868,3452,1501,6498,91,56
2024,2024ineva,Week 5,7454,5402,4926,8564,8116,234,77,47
2024,2024ineva,Week 5,9554,8430,4485,9491,4008,1747,36,43
2024,2024ineva,Week 5,7657,1720,9453,3890,3947,3176,32,41
2024,2024ineva,Week 5,3559,868,7454,2197,5402,8564,52,63
2024,2024ineva,Week 5,8116,1501,9491,3452,1747,4485,75,72
2024,2024ineva,Week 5,3947,5484,1720,234,3176,9554,51,60
2024,2024ineva,Week 5,2197,5188,9453,7657,6498,3559,46,43
2024,2024ineva,Week 5,4926,3890,8564,8116,4008,8430,38,31
2024,2024ineva,Week 5,1501,5484,4485,1720,868,5402,64,67
2024,2024ineva,Week 5,6498,234,3947,5188,9491,3176,42,79
2024,2024ineva,Week 5,1747,9453,2197,8430,4926,7657,40,40
2024,2024ineva,Week 5,9554,3452,3559,3890,7454,4008,46,29
2024,2024ineva,Week 5,868,6498,3176,234,8116,4485,57,62
2024,2024ineva,Week 5,5188,8564,1501,3947,2197,8430,72,35
2024,2024ineva,Week 5,4008,9554,5402,3452,9453,4926,41,49
2024,2024ineva,Week 5,5484,3559,3890,7657,1747,7454,40,70
2024,2024ineva,Week 5,9491,8564,868,1720,5188,3947,71,53
2024,2024ineva,Week 5,4008,2197,234,9554,9453,8116,64,31
2024,2024ineva,Week 5,4485,8430,3890,5402,5484,3452,29,71
2024,2024ineva,Week 5,7454,6498,1501,1747,1720,4926,65,74
2024,2024ineva,Week 5,3559,9491,868,3176,7657,8564,56,42
2024,2024ineva,Week 5,9453,5402,8430,5188,234,3890,33,57
2024,2024ineva,Week 5,9554,1747,6498,4485,3947,7454,43,33
2024,2024ineva,Week 5,8116,3452,7657,4926,1501,3559,43,58
2024,2024ineva,Week 5,3176,1720,4008,9491,2197,5484,43,48
2024,2024ineva,Week 5,4485,9453,6498,7454,8564,9554,29,48
2024,2024ineva,Week 5,1747,5402,234,5188,3452,8430,58,59
2024,2024ineva,Week 5,7657,3890,1720,868,1501,4008,33,73
2024,2024ineva,Week 5,3947,4926,9491,3176,3559,2197,42,45
2024,2024ineva,Week 5,6498,8116,5188,8430,5484,9554,74,53
2024,2024ineva,Week 5,868,4485,7657,234,3452,1720,71,61
2024,2024ineva,Week 5,3947,3559,5402,9453,4008,8564,43,22
2024,2024ineva,Week 5,3176,4926,8116,1747,3890,1501,55,82
2024,2024ineva,Week 5,9491,2197,3452,5484,7454,5188,47,65
2024,2024ineva,Week 5,8564,3947,4008,4485,7657,5402,37,68
2024,2024ineva,Week 5,1501,8430,1720,3559,6498,9453,49,37
2024,2024ineva,Week 5,5484,3176,1747,2197,7454,8116,83,73
2024,2024ineva,Week 5,3890,9491,9554,4926,868,234,24,97
2024,2024midet,Week 5,7196,6096,5532,5642,5695,4758,23,13
2024,2024midet,Week 5,5756,123,7692,4854,3302,4680,62,17
2024,2024midet,Week 5,4405,4851,5214,5530,8352,6616,31,54
2024,2024midet,Week 5,862,9727,5901,8899,7856,4130,55,39
2024,2024midet,Week 5,8362,6152,9744,2224,2673,7224,33,64
2024,2024midet,Week 5,5619,6532,4390,8280,7865,7716,32,35
2024,2024midet,Week 5,4768,2591,5695,6190,3632,123,35,33
2024,2024midet,Week 5,4851,4854,4758,5642,5530,4130,12,73
2024,2024midet,Week 5,5901,5214,6616,2673,8362,5532,39,21
2024,2024midet,Week 5,7865,4390,7856,7196,7716,9727,25,38
2024,2024midet,Week 5,862,6096,6152,4768,4680,2224,66,44
2024,2024midet,Week 5,7692,8352,8899,5756,8280,9744,39,66
2024,2024midet,Week 5,4405,3302,6190,2591,6532,7224,55,55
2024,2024midet,Week 5,3632,5642,5214,5619,5901,7865,20,17
2024,2024midet,Week 5,123,4854,7716,5695,4851,5532,46,14
2024,2024midet,Week 5,5530,4680,5756,8362,4390,7196,66,18
2024,2024midet,Week 5,2224,6096,3302,7692,7856,6190,30,20
2024,2024midet,Week 5,6616,862,8280,4768,7224,9744,53,45
2024,2024midet,Week 5,2591,4130,8352,6152,9727,5619,49,19
2024,2024midet,Week 5,3632,6532,4405,8899,2673,4758,78,33
2024,2024midet,Week 5,4854,8362,5642,6096,7716,4390,26,23
2024,2024midet,Week 5,6190,5530,5695,7692,6616,7865,35,37
2024,2024midet,Week 5,7856,5901,4768,8352,5214,3302,44,35
2024,2024midet,Week 5,4758,2224,9727,7224,8280,4851,24,61
2024,2024midet,Week 5,5619,5756,4130,4405,8899,4680,63,38
2024,2024midet,Week 5,2591,7196,6152,6532,123,862,36,69
2024,2024midet,Week 5,9744,5532,3302,5530,3632,2673,37,54
2024,2024midet,Week 5,4758,6190,8280,6616,7716,7856,27,39
2024,2024midet,Week 5,8352,7224,4405,4390,2224,4854,43,51
2024,2024midet,Week 5,7865,5214,8362,5695,6152,7692,9,54
2024,2024midet,Week 5,123,2673,4768,4130,9727,3632,59,55
2024,2024midet,Week 5,862,9744,5642,5756,5532,6532,56,34
2024,2024midet,Week 5,4851,2591,5901,4680,5619,6096,50,19
2024,2024midet,Week 5,7196,6190,2224,8899,5214,4854,48,18
2024,2024midet,Week 5,4390,6616,2673,7865,4130,123,22,56
2024,2024midet,Week 5,5532,6152,4758,3302,7856,9727,38,33
2024,2024midet,Week 5,5901,7692,6096,7716,4405,862,27,63
2024,2024midet,Week 5,5695,7224,8899,5530,4851,6532,40,42
2024,2024midet,Week 5,5642,4680,8280,3632,9744,8352,33,27
2024,2024midet,Week 5,8362,5619,2591,5756,4768,7196,10,51
2024,2024midet,Week 5,4130,6616,4405,5901,6190,6152,88,41
2024,2024midet,Week 5,2673,7692,4851,6096,4758,123,41,42
2024,2024midet,Week 5,9744,7865,8899,5695,8352,7856,22,27
2024,2024midet,Week 5,6532,7196,4680,2224,5532,5214,47,27
2024,2024midet,Week 5,9727,5642,4390,3302,8280,2591,16,71
2024,2024midet,Week 5,4854,4768,5619,862,8362,5530,35,79
2024,2024midet,Week 5,7716,3632,5901,7224,5756,6096,49,24
2024,2024midet,Week 5,6152,123,4851,7856,4405,5532,64,47
2024,2024midet,Week 5,4390,8899,8280,4758,2591,5214,50,10
2024,2024midet,Week 5,4130,2673,5695,6616,5619,3302,50,24
2024,2024midet,Week 5,7865,5530,7224,4854,862,5756,42,54
2024,2024midet,Week 5,7716,6190,8362,5642,7196,8352,15,38
2024,2024midet,Week 5,9727,6532,4768,3632,2224,7692,28,61
2024,2024midet,Week 5,4680,4390,6152,9744,4758,5619,47,25
2024,2024midet,Week 5,8280,5532,5530,4405,7865,6096,36,44
2024,2024midet,Week 5,3302,5642,123,8899,6616,7196,42,43
2024,2024midet,Week 5,8352,5901,8362,9727,4854,2591,35,10
2024,2024midet,Week 5,7224,7856,3632,6532,7692,4130,33,65
2024,2024midet,Week 5,2673,5756,7716,2224,862,5695,43,50
2024,2024midet,Week 5,5214,4768,6190,4680,4851,9744,39,45
2024,2024midet,Week 5,4758,7865,8352,123,8899,8362,23,57
2024,2024midet,Week 5,8280,7692,4854,6532,6152,6616,22,58
2024,2024midet,Week 5,7856,5530,2224,2591,4390,3632,83,35
2024,2024midet,Week 5,7196,3302,4851,4680,862,7224,53,57
2024,2024midet,Week 5,9727,4405,2673,6190,5756,5642,42,22
2024,2024midet,Week 5,5214,9744,7716,6096,4130,4768,39,54
2024,2024midet,Week 5,5619,5695,3632,5532,5901,4854,37,31
2024,2024midet,Week 5,4851,2224,7865,8362,3302,6532,46,42
2024,2024midet,Week 5,4390,4758,862,6190,8352,2673,55,38
2024,2024midet,Week 5,5214,6096,7856,6616,9727,5756,16,28
2024,2024midet,Week 5,7716,5695,4680,9744,2591,4405,47,59
2024,2024midet,Week 5,5532,7224,7692,4768,5642,8899,30,40
2024,2024midet,Week 5,123,7196,5530,4130,8280,5901,51,73
2024,2024midet,Week 5,6152,3632,5756,4851,5619,6190,52,20
2024,2024midet,Week 5,7856,4680,2591,2673,4854,7865,23,39
2024,2024midet,Week 5,6096,5695,6532,8352,4768,4390,50,58
2024,2024midet,Week 5,7692,9744,9727,5901,4405,7196,21,86
2024,2024midet,Week 5,3302,8899,5530,6152,7716,5642,48,43
2024,2024midet,Week 5,5532,4130,862,8280,8362,2224,80,28
2024,2024midet,Week 5,7224,4758,6616,5214,123,5619,39,48
2024,2024miken,Week 5,7203,5260,4004,9721,9671,8397,40,28
2024,2024miken,Week 5,6128,2054,9638,216,858,3658,72,60
2024,2024miken,Week 5,9206,288,4967,9756,1940,6114,23,42
2024,2024miken,Week 5,9549,7658,2771,2075,5567,7210,43,60
2024,2024miken,Week 5,9542,9566,7911,8767,9742,5462,28,38
2024,2024miken,Week 5,3234,7248,5256,244,8285,3875,49,84
2024,2024miken,Week 5,6081,5056,5260,9208,3658,9638,52,66
2024,2024miken,Week 5,7658,9721,9756,858,8397,2075,43,91
2024,2024miken,Week 5,5567,9566,1940,9671,6128,7911,34,38
2024,2024miken,Week 5,7203,216,4967,7248,9206,8767,69,19
2024,2024miken,Week 5,9542,9742,2054,7210,6081,3234,56,64
2024,2024miken,Week 5,244,288,6114,9549,5462,8285,69,39
2024,2024miken,Week 5,5056,4004,9208,5256,3875,2771,79,80
2024,2024miken,Week 5,9566,9756,2075,7658,5260,216,87,35
2024,2024miken,Week 5,1940,8397,3658,858,9542,5567,35,68
2024,2024miken,Week 5,244,7210,7248,9742,3234,9638,48,26
2024,2024miken,Week 5,5462,9208,5256,8767,9549,9721,72,37
2024,2024miken,Week 5,7203,6114,2054,4967,5056,3875,62,70
2024,2024miken,Week 5,7911,9206,6081,8285,4004,9671,56,40
2024,2024miken,Week 5,2771,6128,216,288,9542,5260,68,40
2024,2024miken,Week 5,9638,9566,9549,9756,9208,8397,17,54
2024,2024miken,Week 5,8767,2075,5256,1940,7248,5462,69,39
2024,2024miken,Week 5,3875,2054,7911,4967,7210,9721,70,50
2024,2024miken,Week 5,3234,3658,5567,6081,8285,7203,70,56
2024,2024miken,Week 5,9671,858,9742,2771,5056,288,28,53
2024,2024miken,Week 5,7658,244,4004,6114,6128,9206,74,53
2024,2024miken,Week 5,216,3875,9756,7210,5260,9549,88,21
2024,2024miken,Week 5,7911,5256,8285,9638,7203,9542,54,20
2024,2024miken,Week 5,5056,8397,2054,288,5462,6081,73,59
2024,2024miken,Week 5,9671,5567,7658,7248,6114,9208,49,61
2024,2024miken,Week 5,6128,8767,858,9206,9721,2771,49,52
2024,2024miken,Week 5,9742,244,9566,2075,4004,3658,60,69
2024,2024miken,Week 5,9549,4967,3234,288,1940,9638,57,46
2024,2024miken,Week 5,6114,5256,5056,7911,8397,7210,50,30
2024,2024miken,Week 5,9756,5462,6128,2054,7248,9671,41,66
2024,2024miken,Week 5,4004,9206,858,5260,5567,9742,67,23
2024,2024miken,Week 5,8285,2771,9542,9208,7658,9566,50,65
2024,2024miken,Week 5,1940,6081,244,9721,3875,7203,67,37
2024,2024miken,Week 5,3658,8767,4967,3234,216,2075,44,87
2024,2024miken,Week 5,9206,9638,5260,288,2054,5256,37,92
2024,2024miken,Week 5,9208,8285,7210,9742,6128,8397,43,37
2024,2024miken,Week 5,7248,9756,5056,7911,6114,9721,30,56
2024,2024miken,Week 5,4967,9542,5462,5567,7203,9549,70,40
2024,2024miken,Week 5,9566,3234,858,4004,216,1940,69,50
2024,2024miken,Week 5,244,8767,9671,3658,7658,3875,39,67
2024,2024miken,Week 5,2771,2075,9208,6081,9638,6114,86,56
2024,2024miken,Week 5,5260,9721,6128,8285,9756,9742,31,31
2024,2024miken,Week 5,1940,7203,3234,7210,858,2054,31,70
2024,2024miken,Week 5,9206,5567,216,5462,5056,244,61,92
2024,2024miken,Week 5,6081,9671,2075,5256,9566,4967,92,72
2024,2024miken,Week 5,9549,3658,7248,4004,2771,7911,25,40
2024,2024miken,Week 5,8397,288,3875,7658,9542,8767,60,29
2024,2024miken,Week 5,5462,7203,9206,9208,3234,6128,40,61
2024,2024miken,Week 5,9742,2075,6114,216,9671,5056,88,62
2024,2024miken,Week 5,2054,2771,9566,5256,9549,244,66,56
2024,2024miken,Week 5,7210,9756,288,5567,8767,4004,46,49
2024,2024miken,Week 5,3658,9721,8285,4967,9638,7658,48,72
2024,2024miken,Week 5,858,7911,5260,9542,6081,7248,37,44
2024,2024miken,Week 5,3875,1940,9742,8397,2771,5462,34,48
2024,2024miken,Week 5,4004,3234,288,5056,2075,7203,87,52
2024,2024miken,Week 5,8767,2054,216,6128,8285,5567,86,80
2024,2024miken,Week 5,6114,4967,858,5256,3658,7210,82,51
2024,2024miken,Week 5,8397,7658,6081,9756,7911,244,63,58
2024,2024miken,Week 5,9638,7248,9721,9566,3875,9206,53,72
2024,2024miken,Week 5,5260,1940,9671,9542,9208,9549,29,38
2024,2024miken,Week 5,6114,5462,3658,6128,5256,4004,66,79
2024,2024miken,Week 5,8397,4967,8285,858,244,2771,57,69
2024,2024miken,Week 5,3875,9638,5567,9566,6081,8767,54,79
2024,2024miken,Week 5,7248,9742,7658,5056,9549,1940,39,44
2024,2024miken,Week 5,2075,7911,288,2054,9206,9208,65,73
2024,2024miken,Week 5,9721,216,9542,3234,9671,9756,87,29
2024,2024miken,Week 5,7203,7210,8767,5260,6114,9566,12,65
2024,2024miken,Week 5,3875,9549,6128,8285,858,5056,45,65
2024,2024miken,Week 5,9638,4004,8397,2054,4967,1940,50,67
2024,2024miken,Week 5,9721,9208,6081,216,288,7248,74,80
2024,2024miken,Week 5,5567,5256,9756,3658,9742,7203,67,57
2024,2024miken,Week 5,2771,5260,3234,5462,7911,7658,54,54
2024,2024miken,Week 5,9671,7210,9542,2075,244,9206,22,79
2024,2024mimcc,Week 5,4961,7813,9212,7809,6566,3175,16,63
2024,2024mimcc,Week 5,5239,9148,6567,818,9736,3539,26,21
2024,2024mimcc,Week 5,2604,8826,8423,9765,5555,9558,70,38
2024,2024mimcc,Week 5,3667,6099,1189,9775,5860,453,76,33
2024,2024mimcc,Week 5,6120,5235,6098,5926,7597,7197,39,59
2024,2024mimcc,Week 5,1023,8115,9312,5460,5225,9528,80,52
2024,2024mimcc,Week 5,2604,5555,4810,7762,9747,6567,38,45
2024,2024mimcc,Week 5,8826,9765,9148,5860,1189,9558,30,88
2024,2024mimcc,Week 5,7809,3539,9212,7597,9775,6098,60,22
2024,2024mimcc,Week 5,453,5239,3175,1023,9528,818,43,47
2024,2024mimcc,Week 5,5460,5926,9747,6566,7197,3667,55,57
2024,2024mimcc,Week 5,8423,9736,7813,4810,6120,5225,26,88
2024,2024mimcc,Week 5,7762,8115,5235,9312,6099,4961,37,60
2024,2024mimcc,Week 5,3175,5860,7597,9558,2604,7809,59,30
2024,2024mimcc,Week 5,1189,9747,9528,5926,8826,3539,52,53
2024,2024mimcc,Week 5,9736,6120,9212,6566,5225,5239,32,17
2024,2024mimcc,Week 5,5235,6567,818,9312,9775,7762,53,49
2024,2024mimcc,Week 5,453,9765,7197,4961,4810,1023,36,53
2024,2024mimcc,Week 5,6099,6098,5555,7813,3667,5460,30,67
2024,2024mimcc,Week 5,5926,8423,8115,3539,9148,6566,53,50
2024,2024mimcc,Week 5,5860,7762,5225,6567,7597,6120,21,49
2024,2024mimcc,Week 5,9765,1023,9736,5235,1189,8826,42,47
2024,2024mimcc,Week 5,5239,4810,7809,9558,3667,4961,31,67
2024,2024mimcc,Week 5,5555,9528,9312,6099,7813,9775,36,21
2024,2024mimcc,Week 5,8115,9212,453,9747,9148,2604,21,14
2024,2024mimcc,Week 5,8423,6098,5460,818,3175,7197,68,93
2024,2024mimcc,Week 5,7809,5860,3667,5235,9765,3539,33,55
2024,2024mimcc,Week 5,6099,9528,5239,8826,6566,4810,29,60
2024,2024mimcc,Week 5,2604,9312,6567,7813,9148,5926,23,35
2024,2024mimcc,Week 5,9736,9558,7597,818,453,5460,25,70
2024,2024mimcc,Week 5,1023,8423,7762,9747,9212,6098,77,25
2024,2024mimcc,Week 5,5555,7197,4961,3175,5225,1189,67,82
2024,2024mimcc,Week 5,6567,8115,9775,6120,8826,7813,32,41
2024,2024mimcc,Week 5,5926,6566,9765,4810,9312,5860,34,71
2024,2024mimcc,Week 5,7597,2604,453,5239,5235,9747,25,13
2024,2024mimcc,Week 5,7809,5460,9148,7762,6098,9528,85,44
2024,2024mimcc,Week 5,3667,9775,9736,5225,4961,8423,25,34
2024,2024mimcc,Week 5,3175,9558,1023,8115,7197,6120,96,62
2024,2024mimcc,Week 5,1189,5555,3539,9212,818,6099,97,55
2024,2024mimcc,Week 5,2604,7762,6566,9312,7809,6098,45,63
2024,2024mimcc,Week 5,9528,3667,9765,9736,6567,5926,36,36
2024,2024mimcc,Week 5,5460,8826,9558,9775,9747,8423,89,21
2024,2024mimcc,Week 5,3539,3175,6120,4810,5235,6099,105,33
2024,2024mimcc,Week 5,9148,5225,7597,1023,453,5555,5,62
2024,2024mimcc,Week 5,7813,818,8115,7197,5239,1189,40,30
2024,2024mimcc,Week 5,5860,4961,8826,9212,6567,8423,27,63
2024,2024mimcc,Week 5,6098,9558,6566,3175,9528,9775,66,47
2024,2024mimcc,Week 5,3539,7762,5460,453,5926,5225,100,16
2024,2024mimcc,Week 5,7197,1023,9747,9736,7809,6099,85,33
2024,2024mimcc,Week 5,4961,818,7597,9765,7813,4810,22,39
2024,2024mimcc,Week 5,5239,9312,6120,3667,9212,9148,57,33
2024,2024mimcc,Week 5,1189,8115,2604,5235,5860,5555,64,42
2024,2024mimcc,Week 5,7197,8423,6099,9558,7762,5926,47,46
2024,2024mimcc,Week 5,8826,7809,1023,6567,5460,4810,41,69
2024,2024mimcc,Week 5,9747,4961,3175,9148,453,9312,48,41
2024,2024mimcc,Week 5,6120,9765,818,9528,3539,2604,55,64
2024,2024mimcc,Week 5,5555,5239,9775,6098,9736,5860,6,36
2024,2024mimcc,Week 5,5225,7813,5235,9212,6566,1189,16,95
2024,2024mimcc,Week 5,3667,7597,7762,8115,3175,8826,64,72
2024,2024mimcc,Week 5,6567,3539,4961,5460,6120,1023,45,89
2024,2024mimcc,Week 5,453,4810,9736,6098,2604,9765,52,60
2024,2024mimcc,Week 5,9312,1189,7813,8423,9558,5239,81,37
2024,2024mimcc,Week 5,6566,7597,9747,5555,818,3667,25,63
2024,2024mimcc,Week 5,9775,5235,7809,9148,6099,8115,18,47
2024,2024mimcc,Week 5,5225,7197,9212,9528,5926,5860,58,47
2024,2024mimcc,Week 5,7813,3539,9558,7762,4961,9736,71,15
2024,2024mimcc,Week 5,6566,5460,9312,7597,5239,8826,76,9
2024,2024mimcc,Week 5,6098,1189,6567,9765,6099,3175,62,55
2024,2024mimcc,Week 5,7197,4810,9148,9775,9212,2604,69,42
2024,2024mimcc,Week 5,9528,453,5235,8423,6120,5555,25,51
2024,2024mimcc,Week 5,818,5926,7809,5225,1023,3667,67,63
2024,2024mimcc,Week 5,5860,9747,9765,8115,5460,5239,30,48
2024,2024mimcc,Week 5,6099,6567,6566,3539,9312,7197,43,104
2024,2024mimcc,Week 5,9148,8423,9528,7597,5555,7813,34,10
2024,2024mimcc,Week 5,6120,3667,453,1189,7809,7762,34,72
2024,2024mimcc,Week 5,4810,3175,5926,9747,9736,8115,72,13
2024,2024mimcc,Week 5,9558,9775,818,9212,1023,5860,51,46
2024,2024mimcc,Week 5,8826,6098,5225,4961,2604,5235,39,15
2024,2024mimtp,Week 5,5234,4392,9754,5525,9661,7826,49,59
2024,2024mimtp,Week 5,5229,5560,9215,6112,904,4983,45,45
2024,2024mimtp,Week 5,7768,6642,4827,6548,9672,4835,39,40
2024,2024mimtp,Week 5,9541,5231,4382,4994,6100,6033,29,47
2024,2024mimtp,Week 5,6533,9665,7160,8286,1481,5162,13,49
2024,2024mimtp,Week 5,2405,9594,5505,2337,4398,9176,64,49
2024,2024mimtp,Week 5,6963,7109,7826,1502,7226,4827,23,53
2024,2024mimtp,Week 5,6033,6112,9215,4994,4392,5231,46,72
2024,2024mimtp,Week 5,9661,4835,4382,6533,4983,9672,31,33
2024,2024mimtp,Week 5,5229,1481,5525,9176,6642,2405,74,48
2024,2024mimtp,Week 5,6963,5505,8286,7768,6548,5162,53,64
2024,2024mimtp,Week 5,9594,2337,9541,7226,5234,904,58,39
2024,2024mimtp,Week 5,4398,9754,5560,7109,7160,1502,27,36
2024,2024mimtp,Week 5,5231,4827,6100,9661,9176,9665,52,41
2024,2024mimtp,Week 5,2405,4983,4392,9672,6963,4382,68,29
2024,2024mimtp,Week 5,7826,6112,9541,6548,5525,6533,34,36
2024,2024mimtp,Week 5,2337,7768,1502,5162,7160,5229,84,37
2024,2024mimtp,Week 5,6033,9665,5234,8286,4835,5560,28,49
2024,2024mimtp,Week 5,904,6100,6642,5505,9215,7109,58,53
2024,2024mimtp,Week 5,4994,7226,9754,4398,9594,1481,42,56
2024,2024mimtp,Week 5,6533,9661,9541,1502,5229,2405,16,75
2024,2024mimtp,Week 5,4827,5234,6548,9665,6112,6963,37,42
2024,2024mimtp,Week 5,7109,5231,5560,4835,7768,5505,28,60
2024,2024mimtp,Week 5,6642,4983,7160,8286,6100,2337,43,73
2024,2024mimtp,Week 5,4382,9176,9215,4392,1481,7226,64,78
2024,2024mimtp,Week 5,9672,5162,4994,9754,9594,7826,52,11
2024,2024mimtp,Week 5,904,4398,4835,7768,6033,5525,52,52
2024,2024mimtp,Week 5,4983,1502,9665,5234,6533,7109,37,27
2024,2024mimtp,Week 5,8286,2405,7160,5231,6642,6112,48,25
2024,2024mimtp,Week 5,9176,6548,5229,2337,6963,4994,62,66
2024,2024mimtp,Week 5,9661,904,9754,4382,6033,4827,35,45
2024,2024mimtp,Week 5,7226,5505,5162,4392,9215,9594,73,61
2024,2024mimtp,Week 5,1481,9541,9672,6100,4398,7826,44,29
2024,2024mimtp,Week 5,6533,5560,2337,1502,4994,5525,59,68
2024,2024mimtp,Week 5,4983,4382,6548,5231,9754,9176,59,47
2024,2024mimtp,Week 5,5229,7768,6112,9665,7226,7109,45,50
2024,2024mimtp,Week 5,6100,5234,9594,1481,6033,2405,38,62
2024,2024mimtp,Week 5,9215,4835,6963,7160,5525,9672,35,62
2024,2024mimtp,Week 5,5162,5560,6642,9541,4392,4827,29,56
2024,2024mimtp,Week 5,7826,904,8286,5505,9661,4398,59,47
2024,2024mimtp,Week 5,7226,2405,7768,1481,4994,5234,68,43
2024,2024mimtp,Week 5,6033,7160,5231,9665,2337,9672,32,39
2024,2024mimtp,Week 5,9176,6533,4392,9754,9541,6642,60,31
2024,2024mimtp,Week 5,4835,1502,5162,904,4382,5229,44,41
2024,2024mimtp,Week 5,5560,4827,6112,5505,7826,4983,31,65
2024,2024mimtp,Week 5,5525,9594,6963,6100,7109,9661,67,28
2024,2024mimtp,Week 5,4398,8286,5234,9215,5231,6548,45,47
2024,2024mimtp,Week 5,7160,4994,4835,4392,5162,904,48,64
2024,2024mimtp,Week 5,7826,7768,9176,9754,6033,4983,52,32
2024,2024mimtp,Week 5,9594,5229,6533,5505,5560,6100,29,64
2024,2024mimtp,Week 5,2337,1481,9661,6548,7109,6112,93,58
2024,2024mimtp,Week 5,9215,9672,7226,9541,8286,9665,43,72
2024,2024mimtp,Week 5,4827,5525,4398,4382,1502,6642,58,44
2024,2024mimtp,Week 5,2405,6533,5231,6963,904,7768,36,55
2024,2024mimtp,Week 5,7109,4994,9176,5234,7160,9661,43,43
2024,2024mimtp,Week 5,4983,9215,9541,5162,6112,9594,50,16
2024,2024mimtp,Week 5,4827,4835,2337,4382,9754,8286,52,49
2024,2024mimtp,Week 5,6548,5505,1481,9672,5229,6033,68,12
2024,2024mimtp,Week 5,6642,9665,4392,1502,6963,4398,19,36
2024,2024mimtp,Week 5,5525,2405,6100,5560,7826,7226,74,66
2024,2024mimtp,Week 5,5162,4983,9661,5234,9541,4835,38,39
2024,2024mimtp,Week 5,7109,9672,7768,6112,4382,6533,56,21
2024,2024mimtp,Week 5,4398,5229,4994,9594,4827,8286,52,53
2024,2024mimtp,Week 5,4392,2337,5505,2405,9754,9665,83,38
2024,2024mimtp,Week 5,1481,5231,904,5525,9176,5560,36,62
2024,2024mimtp,Week 5,7826,6642,6033,7160,6963,7226,42,57
2024,2024mimtp,Week 5,9661,6548,1502,6100,9215,7768,35,79
2024,2024mimtp,Week 5,4994,9541,2405,4835,7109,4983,37,43
2024,2024mimtp,Week 5,9665,5162,5525,9176,9672,904,38,65
2024,2024mimtp,Week 5,6112,5505,5234,6642,6533,4398,63,48
2024,2024mimtp,Week 5,7226,8286,6548,5560,4392,1502,71,64
2024,2024mimtp,Week 5,9594,4382,7160,5231,7826,5229,39,48
2024,2024mimtp,Week 5,6963,6100,1481,9215,2337,9754,59,67
2024,2024mimtp,Week 5,6033,4398,7109,4827,5162,6533,32,8
2024,2024mimtp,Week 5,7768,8286,4994,9541,5525,5505,58,71
2024,2024mimtp,Week 5,5560,9665,4382,6642,9661,9594,19,26
2024,2024mimtp,Week 5,9754,6548,6963,904,2405,9215,37,63
2024,2024mimtp,Week 5,4983,7226,5231,7160,4827,1481,59,33
2024,2024mimtp,Week 5,9672,7826,4392,5229,5234,2337,63,58
2024,2024mimtp,Week 5,6112,1502,6100,4835,9176,6033,57,71
2024,2024mitr2,Week 5,9757,3656,5527,3619,9251,3534,46,33
2024,2024mitr2,Week 5,7188,7247,9182,3568,5612,494,48,78
2024,2024mitr2,Week 5,7656,5050,9748,70,4568,9731,37,41
2024,2024mitr2,Week 5,314,9651,1701,9776,9242,8126,60,28
2024,2024mitr2,Week 5,9455,2137,9679,4838,3098,5065,50,4
2024,2024mitr2,Week 5,9252,9733,9751,5531,1506,9697,7,29
2024,2024mitr2,Week 5,1684,9757,7656,4568,7769,8385,29,47
2024,2024mitr2,Week 5,314,3619,7188,9251,9651,7247,60,22
2024,2024mitr2,Week 5,3534,5612,9679,8126,5050,9182,46,33
2024,2024mitr2,Week 5,4838,1506,70,5531,5065,9733,63,13
2024,2024mitr2,Week 5,3568,9252,8385,9242,9697,9731,40,21
2024,2024mitr2,Week 5,9748,7769,5527,494,9455,3098,52,52
2024,2024mitr2,Week 5,3656,2137,1684,9776,1701,9751,87,55
2024,2024mitr2,Week 5,9733,7188,5612,9182,7656,4568,69,42
2024,2024mitr2,Week 5,9242,9757,4838,9252,1506,5050,20,36
2024,2024mitr2,Week 5,314,8126,494,9697,9455,3568,74,27
2024,2024mitr2,Week 5,9776,9651,5065,9731,8385,3656,8,82
2024,2024mitr2,Week 5,9679,7247,70,5527,3534,1701,46,74
2024,2024mitr2,Week 5,9751,7769,5531,9748,3098,3619,55,25
2024,2024mitr2,Week 5,1506,7656,2137,1684,9697,9251,89,53
2024,2024mitr2,Week 5,5065,494,9242,3656,9455,5050,44,96
2024,2024mitr2,Week 5,1701,4838,9731,9679,9757,7188,56,29
2024,2024mitr2,Week 5,9651,3568,3098,9733,9182,3619,43,57
2024,2024mitr2,Week 5,9748,5531,9251,4568,5527,9776,11,23
2024,2024mitr2,Week 5,8126,9751,8385,1684,3534,70,30,94
2024,2024mitr2,Week 5,7247,314,7769,5612,2137,9252,88,50
2024,2024mitr2,Week 5,1506,3656,3568,5050,3098,9733,75,51
2024,2024mitr2,Week 5,9697,9679,9651,9776,7188,7656,6,56
2024,2024mitr2,Week 5,5065,9182,8385,1701,9748,9757,52,46
2024,2024mitr2,Week 5,5531,9242,3534,9251,494,7769,41,85
2024,2024mitr2,Week 5,4568,314,1684,9252,4838,3619,67,12
2024,2024mitr2,Week 5,9455,9731,8126,7247,9751,2137,46,55
2024,2024mitr2,Week 5,5527,5612,9651,1701,70,3656,32,88
2024,2024mitr2,Week 5,9182,9776,1506,7769,7656,9697,54,47
2024,2024mitr2,Week 5,3619,1684,5065,3568,9748,314,36,43
2024,2024mitr2,Week 5,9733,9731,3534,7247,9242,9455,45,27
2024,2024mitr2,Week 5,4568,8126,9757,5612,4838,5531,27,43
2024,2024mitr2,Week 5,5050,8385,7188,2137,3098,5527,59,51
2024,2024mitr2,Week 5,9679,9251,9252,9751,70,494,16,56
2024,2024mitr2,Week 5,9242,9733,1506,3619,9731,9776,40,6
2024,2024mitr2,Week 5,5065,3534,7656,7247,1684,5612,41,53
2024,2024mitr2,Week 5,9697,5527,9182,3098,3656,314,28,73
2024,2024mitr2,Week 5,5050,9751,9251,8126,1701,7188,26,77
2024,2024mitr2,Week 5,494,9748,4838,5531,2137,9757,41,31
2024,2024mitr2,Week 5,9651,4568,9252,7769,9679,3568,7,78
2024,2024mitr2,Week 5,8385,70,5612,314,9455,1506,73,63
2024,2024mitr2,Week 5,9251,7656,9733,8126,5065,5527,18,26
2024,2024mitr2,Week 5,3098,1684,9751,5050,494,9731,41,63
2024,2024mitr2,Week 5,3656,9776,7769,9757,9252,7247,91,14
2024,2024mitr2,Week 5,7188,5531,70,8385,9679,9242,60,37
2024,2024mitr2,Week 5,3534,4838,9455,9651,9182,9748,46,28
2024,2024mitr2,Week 5,2137,9697,1701,3568,4568,3619,82,24
2024,2024mitr2,Week 5,9731,5527,9751,7769,5612,5065,16,68
2024,2024mitr2,Week 5,1684,5531,9679,9733,7247,3656,49,62
2024,2024mitr2,Week 5,9757,5050,9776,70,9251,9455,20,53
2024,2024mitr2,Week 5,9182,1701,3568,494,8385,1506,50,77
2024,2024mitr2,Week 5,3098,3534,8126,7656,9252,314,64,49
2024,2024mitr2,Week 5,2137,9748,4568,7188,9651,9242,35,32
2024,2024mitr2,Week 5,9697,3619,5612,4838,9679,9776,32,15
2024,2024mitr2,Week 5,9731,3568,1684,9182,9251,9757,69,46
2024,2024mitr2,Week 5,9252,5527,5531,9751,5065,9455,39,23
2024,2024mitr2,Week 5,1506,7188,4568,2137,314,3534,73,76
2024,2024mitr2,Week 5,3098,7247,9697,9748,70,9242,23,56
2024,2024mitr2,Week 5,7769,5050,4838,8385,9733,1701,76,39
2024,2024mitr2,Week 5,3656,3619,494,7656,8126,9651,71,26
2024,2024mitr2,Week 5,9251,9776,2137,3534,9182,9252,56,52
2024,2024mitr2,Week 5,9455,7188,9748,5527,1506,1684,28,75
2024,2024mitr2,Week 5,70,9697,314,9757,9733,7769,62,59
2024,2024mitr2,Week 5,494,4568,7247,9679,9731,3098,45,18
2024,2024mitr2,Week 5,1701,5065,5050,9651,3619,5531,71,11
2024,2024mitr2,Week 5,7656,9242,3656,9751,3568,4838,56,35
2024,2024mitr2,Week 5,5612,8126,9251,8385,1684,9748,42,15
2024,2024mitr2,Week 5,70,9776,9733,7188,494,2137,37,83
2024,2024mitr2,Week 5,9731,5531,9182,5527,314,5050,45,71
2024,2024mitr2,Week 5,9455,9757,9651,1506,9751,9679,24,57
2024,2024mitr2,Week 5,3619,7769,8126,5065,3656,4568,56,40
2024,2024mitr2,Week 5,9242,9252,3098,5612,1701,7656,22,53
2024,2024mitr2,Week 5,3534,3568,7247,4838,8385,9697,66,23
2024,2024nhdur,Week 5,1350,8046,6691,663,4546,7674,47,54
2024,2024nhdur,Week 5,172,1729,166,1512,6324,3451,62,38
2024,2024nhdur,Week 5,8708,3597,5459,1247,1721,6690,27,23
2024,2024nhdur,Week 5,5422,5494,2523,6161,5813,2342,71,60
2024,2024nhdur,Week 5,6895,501,133,9732,5902,1474,60,46
2024,2024nhdur,Week 5,4564,4761,8410,9096,1831,172,81,25
2024,2024nhdur,Week 5,1247,2342,3451,7674,1512,2523,28,10
2024,2024nhdur,Week 5,1721,133,6324,5494,501,663,56,35
2024,2024nhdur,Week 5,1729,6895,9732,6161,5459,5422,47,39
2024,2024nhdur,Week 5,5813,3597,9096,6690,4761,6691,56,41
2024,2024nhdur,Week 5,8046,4546,4564,166,1474,1831,56,21
2024,2024nhdur,Week 5,5902,8708,6324,1350,8410,6161,71,31
2024,2024nhdur,Week 5,1729,7674,5813,9732,1721,2342,51,47
2024,2024nhdur,Week 5,6691,172,5494,6690,9096,663,53,38
2024,2024nhdur,Week 5,3451,166,1350,4761,2523,8046,66,38
2024,2024nhdur,Week 5,1474,8708,4546,5459,5902,133,67,50
2024,2024nhdur,Week 5,8410,6895,1512,3597,1247,5422,37,41
2024,2024nhdur,Week 5,501,1831,6324,4564,6690,9732,53,41
2024,2024nhdur,Week 5,8708,3451,663,4546,6161,9096,50,46
2024,2024nhdur,Week 5,5459,172,1512,6895,5494,8046,54,55
2024,2024nhdur,Week 5,5902,1350,1247,2342,4564,3597,13,86
2024,2024nhdur,Week 5,1831,5422,4761,1474,1729,501,38,61
2024,2024nhdur,Week 5,7674,166,8410,2523,5813,6691,53,53
2024,2024nhdur,Week 5,1721,9096,5459,133,1512,1247,49,58
2024,2024nhdur,Week 5,5422,8046,1474,6324,5494,1350,65,48
2024,2024nhdur,Week 5,2342,6690,8410,8708,166,6895,59,57
2024,2024nhdur,Week 5,1721,172,501,5813,4761,4546,43,56
2024,2024nhdur,Week 5,5902,663,2523,1831,6691,1729,57,42
2024,2024nhdur,Week 5,6161,4564,133,7674,3451,3597,89,43
2024,2024nhdur,Week 5,501,9732,4546,1474,5813,1247,48,63
2024,2024nhdur,Week 5,663,6324,8410,4761,5902,5494,56,38
2024,2024nhdur,Week 5,3451,1721,6161,5422,6691,1512,26,54
2024,2024nhdur,Week 5,166,2342,9096,5459,2523,6895,59,28
2024,2024nhdur,Week 5,6690,3597,1831,133,8046,1729,19,108
2024,2024nhdur,Week 5,4564,8708,1350,7674,172,9732,46,45
2024,2024nhdur,Week 5,501,2342,2523,6895,4546,1721,38,64
2024,2024nhdur,Week 5,6690,5813,5902,5459,3451,8046,63,72
2024,2024nhdur,Week 5,5494,1512,6161,8410,9732,1831,52,21
2024,2024nhdur,Week 5,4761,1729,9096,1350,1474,7674,11,45
2024,2024nhdur,Week 5,133,3597,172,166,663,5422,74,81
2024,2024nhdur,Week 5,4564,1247,6324,6691,2342,8708,56,34
2024,2024nhdur,Week 5,1729,6690,5459,9096,8410,8046,61,43
2024,2024nhdur,Week 5,4546,5494,166,9732,1350,3597,90,40
2024,2024nhdur,Week 5,3451,5422,5813,1831,133,8708,75,63
2024,2024nhdur,Week 5,6691,7674,1721,1512,4564,5902,29,69
2024,2024nhdur,Week 5,1247,501,4761,663,6161,172,46,48
2024,2024nhdur,Week 5,2523,1474,3451,6324,6895,6690,37,41
2024,2024nhdur,Week 5,5813,8410,5459,5422,1721,4564,71,77
2024,2024nhdur,Week 5,9096,7674,5494,501,166,5902,39,63
2024,2024nhdur,Week 5,1474,6324,2342,9732,663,1247,48,38
2024,2024nhdur,Week 5,3597,4546,1512,1729,2523,8708,60,50
2024,2024nhdur,Week 5,6161,6691,6895,1350,4761,133,8,64
2024,2024nhdur,Week 5,8046,1831,7674,2342,5422,172,42,81
2024,2024nhdur,Week 5,1512,663,1729,5813,501,4564,80,82
2024,2024nhdur,Week 5,4761,6895,1474,3597,6161,166,53,59
2024,2024nhdur,Week 5,2523,1350,6690,1721,1831,5902,46,37
2024,2024nhdur,Week 5,6691,9096,9732,172,8046,8708,21,106
2024,2024nhdur,Week 5,1247,8410,5494,4546,133,3451,49,65
2024,2024nhdur,Week 5,2342,5459,1831,6324,6161,4761,46,81
2024,2024nhdur,Week 5,6895,1350,663,8708,1512,5813,55,56
2024,2024nhdur,Week 5,8046,1247,166,5494,1729,1721,77,58
2024,2024nhdur,Week 5,172,6690,4546,6324,5459,7674,95,32
2024,2024nhdur,Week 5,133,9732,5422,2523,9096,4564,77,35
2024,2024nhdur,Week 5,3451,6691,501,8410,1474,3597,36,67
2024,2024nhdur,Week 5,5902,7674,6161,166,6324,5813,33,112
2024,2024nhdur,Week 5,1512,9732,4761,5494,133,6690,32,76
2024,2024nhdur,Week 5,663,5459,6691,1831,1247,6895,50,21
2024,2024nhdur,Week 5,8046,5902,2342,9096,8708,501,57,46
2024,2024nhdur,Week 5,4546,5422,1350,8410,3451,1729,75,56
2024,2024nhdur,Week 5,3597,2523,1721,172,4564,1474,60,55
2024,2024onham,Week 5,5672,9782,8764,3560,7659,4308,39,27
2024,2024onham,Week 5,7200,9785,3161,7058,771,5406,67,50
2024,2024onham,Week 5,4976,5409,8349,1114,1334,2200,62,77
2024,2024onham,Week 5,2386,6865,610,1241,7623,7475,81,39
2024,2024onham,Week 5,9678,1325,6854,6397,4992,9263,14,27
2024,2024onham,Week 5,7509,9575,1285,2056,4617,9782,54,60
2024,2024onham,Week 5,1241,610,4976,7659,7200,2386,100,61
2024,2024onham,Week 5,9263,9678,5406,2200,3161,5409,42,128
2024,2024onham,Week 5,5672,1114,2056,1334,6865,7058,116,36
2024,2024onham,Week 5,7623,8764,3560,6854,4992,9575,23,35
2024,2024onham,Week 5,4308,1325,1285,7509,8349,6397,70,26
2024,2024onham,Week 5,9678,771,7475,9785,4617,7659,18,64
2024,2024onham,Week 5,1241,5672,6865,6854,7200,5409,35,48
2024,2024onham,Week 5,6397,8764,7058,9263,4308,7509,61,35
2024,2024onham,Week 5,7475,1285,4992,7623,4976,1114,30,46
2024,2024onham,Week 5,610,9785,771,9782,8349,9575,92,29
2024,2024onham,Week 5,3161,4617,3560,2386,1334,2056,48,114
2024,2024onham,Week 5,5406,2200,6865,1325,9263,5672,82,42
2024,2024onham,Week 5,8764,7659,4992,8349,4308,7200,44,65
2024,2024onham,Week 5,771,7509,1114,6854,7623,2386,38,45
2024,2024onham,Week 5,4976,2200,1325,2056,3560,610,76,95
2024,2024onham,Week 5,6397,9678,4617,7058,7475,3161,10,56
2024,2024onham,Week 5,9782,5409,1241,1334,9785,9575,50,36
2024,2024onham,Week 5,5406,610,4308,771,3560,1285,60,29
2024,2024onham,Week 5,2056,8349,9263,4617,7200,7475,68,31
2024,2024onham,Week 5,9785,6854,7509,7659,5672,5409,33,59
2024,2024onham,Week 5,1285,4976,1334,7058,1325,7623,93,54
2024,2024onham,Week 5,4992,1114,6865,9575,5406,8764,59,62
2024,2024onham,Week 5,9782,2200,9678,1241,6397,2386,44,85
2024,2024onham,Week 5,8349,3161,1325,5672,4976,7509,97,48
2024,2024onham,Week 5,7623,9575,4308,5406,7475,2056,37,105
2024,2024onham,Week 5,610,9782,7200,8764,4617,6854,65,29
2024,2024onham,Week 5,1334,3560,9263,9785,1241,9678,45,93
2024,2024onham,Week 5,4992,2386,7058,2200,6397,771,67,73
2024,2024onham,Week 5,1285,5409,1114,6865,7659,3161,83,50
2024,2024onham,Week 5,7475,6854,9782,4976,9678,4308,22,29
2024,2024onham,Week 5,5672,4992,7623,771,1241,1334,28,43
2024,2024onham,Week 5,2056,7058,7659,1325,6865,9575,84,44
2024,2024onham,Week 5,7509,2200,4617,1114,3560,9785,67,62
2024,2024onham,Week 5,7200,1285,6397,610,5409,9263,74,37
2024,2024onham,Week 5,8349,2386,8764,5406,3161,4976,62,114
2024,2024onham,Week 5,4308,2056,9785,1325,1114,1241,110,61
2024,2024onham,Week 5,7659,6854,771,1285,9263,4617,22,58
2024,2024onham,Week 5,7475,1334,5672,8764,9678,610,50,29
2024,2024onham,Week 5,5409,5406,2386,3560,9782,7058,84,30
2024,2024onham,Week 5,6865,7623,7509,4992,8349,2200,24,65
2024,2024onham,Week 5,3161,6397,1334,7200,9575,771,51,50
2024,2024onham,Week 5,2386,7475,9785,6854,1285,5672,63,20
2024,2024onham,Week 5,1325,7659,5406,4308,9782,1114,84,49
2024,2024onham,Week 5,5409,2056,6397,4617,4992,610,94,36
2024,2024onham,Week 5,9678,7509,3560,2200,7200,7623,14,86
2024,2024onham,Week 5,9263,7058,1241,6865,4976,8764,79,46
2024,2024onham,Week 5,1114,9575,3161,8349,610,7475,100,49
2024,2024onham,Week 5,5409,1325,4992,9782,1285,7659,73,23
2024,2024onham,Week 5,4308,5672,4617,9785,7623,6397,44,49
2024,2024onham,Week 5,1334,5406,8349,2200,6854,2056,41,124
2024,2024onham,Week 5,771,9263,4976,8764,7509,1241,52,54
2024,2024onham,Week 5,9575,2386,3560,7200,6865,9678,57,38
2024,2024onham,Week 5,7058,4308,6854,3161,610,1285,49,92
2024,2024onham,Week 5,4617,771,7623,5409,8764,1334,20,79
2024,2024onham,Week 5,3560,1241,7200,7509,7475,1325,52,65
2024,2024onham,Week 5,6397,5406,9782,9678,1114,8349,47,45
2024,2024onham,Week 5,9575,9263,7659,2386,5672,2200,46,84
2024,2024onham,Week 5,4976,7058,9785,3161,2056,4992,66,128
2024,2024onham,Week 5,6865,771,8349,3560,6397,1325,48,48
2024,2024onham,Week 5,7659,1241,2200,7475,4308,5409,65,70
2024,2024onham,Week 5,9575,7058,5672,4617,2386,4976,76,68
2024,2024onham,Week 5,1114,8764,7200,1285,2056,9678,75,82
2024,2024onham,Week 5,7623,3161,9782,9263,9785,6865,74,43
2024,2024onham,Week 5,610,1334,6854,4992,7509,5406,84,74
2024,2024onwin,Week 5,3739,4678,5870,6632,2634,4940,75,45
2024,2024onwin,Week 5,8081,6992,5596,4951,1246,4688,40,31
2024,2024onwin,Week 5,5689,772,6725,5834,9527,4907,39,60
2024,2024onwin,Week 5,8789,5408,6875,9663,6135,6162,22,59
2024,2024onwin,Week 5,4920,4946,8884,4903,5885,2852,110,43
2024,2024onwin,Week 5,3756,2634,9527,5834,772,4678,14,46
2024,2024onwin,Week 5,4940,6875,3739,6632,4688,6992,39,44
2024,2024onwin,Week 5,4951,5596,5885,8081,5408,8884,44,48
2024,2024onwin,Week 5,6162,8789,3756,6725,4903,4946,27,48
2024,2024onwin,Week 5,5870,2852,6135,1246,5689,4920,60,58
2024,2024onwin,Week 5,4907,3739,8081,4678,5596,9663,95,43
2024,2024onwin,Week 5,4946,6632,5885,6725,6992,3756,91,48
2024,2024onwin,Week 5,5689,4903,6875,5834,1246,5870,52,24
2024,2024onwin,Week 5,2852,4907,4688,9663,4951,8789,31,19
2024,2024onwin,Week 5,4920,6162,2634,5408,4940,772,63,70
2024,2024onwin,Week 5,8884,6135,5834,9527,4903,3739,33,54
2024,2024onwin,Week 5,6725,9663,1246,5596,3756,2852,27,26
2024,2024onwin,Week 5,4907,5885,8789,6992,2634,772,78,43
2024,2024onwin,Week 5,4940,4688,9527,4920,6632,6875,40,51
2024,2024onwin,Week 5,5689,6162,8884,4678,8081,6135,64,96
2024,2024onwin,Week 5,5408,4903,4951,5870,4946,5596,32,53
2024,2024onwin,Week 5,9527,5885,1246,3739,9663,4688,42,70
2024,2024onwin,Week 5,8884,6725,2634,8789,5834,5689,43,31
2024,2024onwin,Week 5,4907,4678,5408,4940,5870,6992,52,49
2024,2024onwin,Week 5,6875,4951,4920,6135,3756,4946,38,98
2024,2024onwin,Week 5,772,8081,5689,6632,2852,6162,39,24
2024,2024onwin,Week 5,9527,8789,5596,5885,8884,4940,22,60
2024,2024onwin,Week 5,4678,4920,4903,1246,4907,6725,61,44
2024,2024onwin,Week 5,4946,6992,9663,3739,6632,4951,82,44
2024,2024onwin,Week 5,6875,772,6162,2852,5870,8081,48,48
2024,2024onwin,Week 5,4688,3756,5834,6135,2634,5408,49,34
2024,2024onwin,Week 5,4946,4940,1246,4678,9527,6725,65,49
2024,2024onwin,Week 5,4903,8789,6992,5689,2852,9663,56,50
2024,2024onwin,Week 5,6135,3739,4920,8081,5885,2634,66,65
2024,2024onwin,Week 5,5596,8884,772,6875,5870,4688,63,34
2024,2024onwin,Week 5,5408,5834,6632,4951,6162,4907,22,80
2024,2024onwin,Week 5,5885,4920,3756,3739,5689,2634,68,50
2024,2024onwin,Week 5,4688,772,6135,1246,5596,4940,60,26
2024,2024onwin,Week 5,2852,6875,6725,5408,9527,4946,53,65
2024,2024onwin,Week 5,4951,8081,5834,8789,6632,4678,29,50
2024,2024onwin,Week 5,5870,9663,3756,8884,4907,4903,28,58
2024,2024onwin,Week 5,6162,4688,5885,6992,1246,2852,59,43
2024,2024onwin,Week 5,772,9527,6632,5596,5834,3739,43,41
2024,2024onwin,Week 5,4920,5408,5870,3756,8884,8789,26,54
2024,2024onwin,Week 5,4907,5689,4940,4903,4946,8081,66,49
2024,2024onwin,Week 5,6992,6135,4951,2634,6875,4678,43,69
2024,2024onwin,Week 5,6162,6725,5596,9527,4920,9663,47,55
2024,2024onwin,Week 5,8789,8081,3739,3756,4940,5689,52,49
2024,2024onwin,Week 5,6632,6992,5408,2634,1246,4903,34,65
2024,2024onwin,Week 5,4946,4678,2852,4688,6162,8884,96,61
2024,2024onwin,Week 5,5885,6725,5870,772,4951,4907,54,52
2024,2024onwin,Week 5,9663,5834,4903,4940,6135,6875,61,63
2024,2024onwin,Week 5,6992,5689,4678,5596,8884,6632,78,42
2024,2024onwin,Week 5,5870,4951,9527,6162,3739,5408,52,55
2024,2024onwin,Week 5,1246,3756,772,9663,6875,5885,54,57
2024,2024onwin,Week 5,2634,4907,4946,6725,4688,8081,77,49
2024,2024onwin,Week 5,2852,8789,6135,5834,4920,6992,51,52
2024,2024onwin,Week 5,8884,3739,1246,5885,5408,5689,69,35
2024,2024onwin,Week 5,4903,4940,6162,3756,4678,4951,67,63
2024,2024onwin,Week 5,2634,2852,9527,6875,5596,4907,66,59
2024,2024onwin,Week 5,6135,6725,6632,772,5870,8789,39,50
2024,2024onwin,Week 5,8081,9663,5834,4688,4946,4920,44,57
2024,2024txama,Week 5,1164,4206,2789,6768,9136,2657,51,35
2024,2024txama,Week 5,4734,5783,8369,7125,9655,7088,25,18
2024,2024txama,Week 5,5411,9105,9137,8507,6974,4219,53,16
2024,2024txama,Week 5,5866,9080,8528,7271,9457,4192,32,29
2024,2024txama,Week 5,4063,9492,7540,5613,4251,8408,54,43
2024,2024txama,Week 5,9786,9620,457,4153,6369,8816,20,68
2024,2024txama,Week 5,7088,8507,7534,3676,9137,1164,10,70
2024,2024txama,Week 5,4192,9080,5411,5866,9105,9136,75,66
2024,2024txama,Week 5,9492,9655,2657,7271,4063,5783,32,42
2024,2024txama,Week 5,4153,8408,6768,5613,8816,457,41,33
2024,2024txama,Week 5,6974,4206,8528,7125,7540,9786,50,16
2024,2024txama,Week 5,9620,6369,4251,8369,7534,2789,46,27
2024,2024txama,Week 5,4219,4734,1164,9492,9457,3676,38,32
2024,2024txama,Week 5,9655,9137,5783,5866,4192,5613,3,59
2024,2024txama,Week 5,457,8507,7271,7540,4206,8408,22,44
2024,2024txama,Week 5,8816,6768,7125,8528,8369,4251,43,3
2024,2024txama,Week 5,2657,5411,4219,3676,9620,9136,38,67
2024,2024txama,Week 5,2789,4734,4153,9105,6974,9080,31,34
2024,2024txama,Week 5,4063,7534,6369,7088,9457,9786,46,19
2024,2024txama,Week 5,8507,8816,9137,6768,9492,5866,19,49
2024,2024txama,Week 5,4219,7271,4251,1164,8408,9620,17,41
2024,2024txama,Week 5,9105,2789,7540,9136,7125,5613,46,29
2024,2024txama,Week 5,8528,9457,4063,5411,4153,5783,75,37
2024,2024txama,Week 5,6974,4192,8369,9080,7088,6369,4,64
2024,2024txama,Week 5,9786,4206,4734,2657,457,3676,52,63
2024,2024txama,Week 5,9655,8507,9105,9137,9136,7534,44,40
2024,2024txama,Week 5,5613,2789,9492,5866,7271,8816,48,11
2024,2024txama,Week 5,9080,8369,9457,4251,7540,4153,34,38
2024,2024txama,Week 5,2657,5783,9620,8408,3676,6974,5,72
2024,2024txama,Week 5,4192,9655,9786,457,8528,1164,9,63
2024,2024txama,Week 5,5411,4063,7125,4206,6768,6369,66,58
2024,2024txama,Week 5,8816,7534,4219,4734,7088,7540,13,20
2024,2024txama,Week 5,9457,2789,6974,8369,9620,8507,23,10
2024,2024txama,Week 5,4251,5783,9105,9137,7271,9492,43,18
2024,2024txama,Week 5,4192,4063,6768,9786,4153,3676,48,41
2024,2024txama,Week 5,8528,5411,9136,7534,5613,4734,68,21
2024,2024txama,Week 5,6369,7125,5866,457,4219,4206,31,47
2024,2024txama,Week 5,7088,1164,2657,9655,9080,8408,13,27
2024,2024txama,Week 5,4192,3676,7540,6768,7271,9105,53,44
2024,2024txama,Week 5,8369,9136,4153,9137,4734,8528,46,20
2024,2024txama,Week 5,9620,6974,7125,4063,9786,5866,23,52
2024,2024txama,Week 5,4251,7088,9492,457,5411,2789,29,39
2024,2024txama,Week 5,8507,2657,4206,7534,9655,9457,104,7
2024,2024txama,Week 5,1164,5613,9080,6369,8408,5783,47,44
2024,2024txama,Week 5,4219,7125,3676,8816,6974,4063,50,43
2024,2024txama,Week 5,9105,4153,7088,8528,9620,9492,55,26
2024,2024txama,Week 5,2789,5866,9655,9786,5411,7534,40,41
2024,2024txama,Week 5,7540,9137,6369,4734,2657,7271,33,40
2024,2024txama,Week 5,9457,8816,8408,8507,9136,4192,25,70
2024,2024txama,Week 5,6768,457,4251,9080,5783,4219,29,31
2024,2024txama,Week 5,4206,5613,4063,8369,1164,9105,84,45
2024,2024txama,Week 5,3676,5866,7088,7540,8528,2657,30,39
2024,2024txama,Week 5,9457,6369,4734,8408,9786,9137,44,5
2024,2024txama,Week 5,4153,457,9655,9136,4219,2789,20,37
2024,2024txama,Week 5,9620,6768,5613,1164,8507,7125,26,47
2024,2024txama,Week 5,5783,4192,4206,9492,8369,5411,77,21
2024,2024txama,Week 5,7271,7534,6974,8816,4251,9080,23,40
2024,2024txama,Week 5,9136,457,7088,4063,2657,9137,41,44
2024,2024txama,Week 5,7540,1164,6768,9620,9105,4734,50,38
2024,2024txama,Week 5,6369,4219,8528,5783,2789,8507,50,54
2024,2024txama,Week 5,9655,3676,8816,9080,4153,4206,39,56
2024,2024txama,Week 5,5613,9786,6974,7534,4251,4192,22,52
2024,2024txama,Week 5,8408,5866,5411,7125,8369,7271,49,11
2024,2024txama,Week 5,9492,4734,457,9457,6768,8507,43,26
2024,2024txama,Week 5,9136,7540,8816,6369,1164,9655,55,57
2024,2024txama,Week 5,4251,3676,4063,2789,8528,4192,64,58
2024,2024txama,Week 5,4153,9137,9620,4206,5866,5411,20,94
2024,2024txama,Week 5,7534,9492,9080,5783,7125,9457,28,14
2024,2024txama,Week 5,2657,9786,8369,9105,4219,5613,30,34
2024,2024txama,Week 5,7271,8408,9136,6974,7088,6768,51,36
2024,2024txama,Week 5,9137,4251,5866,4734,4063,9655,16,64
2024,2024txama,Week 5,5783,8816,1164,5411,7540,9620,39,39
2024,2024txama,Week 5,7125,2657,7534,4219,4192,4153,20,69
2024,2024txama,Week 5,7088,8528,7271,4206,9105,9457,22,55
2024,2024txama,Week 5,8408,9492,8507,2789,9080,9786,31,33
2024,2024txama,Week 5,3676,5613,8369,6974,6369,457,58,62
2024,2024txcle,Week 5,8819,2950,7418,5052,324,2158,21,55
2024,2024txcle,Week 5,8818,5427,7115,8879,9419,2585,47,15
2024,2024txcle,Week 5,5892,5986,5908,8392,2587,8370,26,47
2024,2024txcle,Week 5,8750,9081,231,9514,3035,5923,29,23
2024,2024txcle,Week 5,6645,9289,118,9516,7312,7691,64,33
2024,2024txcle,Week 5,8177,4295,5070,5261,9128,2158,24,40
2024,2024txcle,Week 5,2950,8370,8879,8750,9419,8819,53,17
2024,2024txcle,Week 5,7115,5052,9514,5427,8392,3035,30,39
2024,2024txcle,Week 5,9128,5923,8177,2585,8818,5892,67,42
2024,2024txcle,Week 5,7312,5261,231,9516,2587,4295,69,14
2024,2024txcle,Week 5,7691,5070,6645,7418,5908,9289,37,14
2024,2024txcle,Week 5,5923,118,324,5986,9081,8370,81,34
2024,2024txcle,Week 5,4295,8750,5427,5892,8819,8177,32,49
2024,2024txcle,Week 5,5261,7418,2587,8392,8879,9514,44,20
2024,2024txcle,Week 5,3035,2158,7312,324,5908,8818,34,21
2024,2024txcle,Week 5,118,5986,9516,5052,5070,9128,47,35
2024,2024txcle,Week 5,2950,9081,6645,7691,7115,231,11,54
2024,2024txcle,Week 5,9419,9289,5892,5261,5908,2585,36,40
2024,2024txcle,Week 5,5070,8392,9516,8177,5427,324,4,80
2024,2024txcle,Week 5,9081,7418,9514,4295,7312,8818,9,57
2024,2024txcle,Week 5,6645,231,2158,8750,5052,118,44,44
2024,2024txcle,Week 5,3035,9419,7691,8879,5986,8819,34,30
2024,2024txcle,Week 5,2587,2950,9289,2585,5923,7115,30,19
2024,2024txcle,Week 5,8370,9514,324,9128,6645,4295,54,40
2024,2024txcle,Week 5,8177,9516,5261,9419,8818,5986,39,25
2024,2024txcle,Week 5,2158,7691,2585,9081,8392,5892,41,41
2024,2024txcle,Week 5,7312,5908,7115,231,8879,5052,49,43
2024,2024txcle,Week 5,5923,2950,8750,2587,5427,5070,18,28
2024,2024txcle,Week 5,118,9128,7418,9289,8819,3035,81,16
2024,2024txcle,Week 5,9516,8370,9419,231,8818,9514,34,53
2024,2024txcle,Week 5,5923,8879,7312,8392,8177,2950,54,51
2024,2024txcle,Week 5,3035,324,8750,118,7691,5261,36,63
2024,2024txcle,Week 5,2158,2587,9081,9128,5427,9289,20,84
2024,2024txcle,Week 5,5052,4295,5908,7418,6645,5986,11,23
2024,2024txcle,Week 5,8819,2585,5070,5892,8370,7115,27,59
2024,2024txcle,Week 5,9081,7312,9128,9514,9419,5261,75,19
2024,2024txcle,Week 5,8879,9516,5427,324,231,4295,39,62
2024,2024txcle,Week 5,8818,5052,8392,118,5892,2950,21,78
2024,2024txcle,Week 5,7115,2587,8750,8370,3035,7418,35,49
2024,2024txcle,Week 5,2585,6645,8177,2158,5070,5986,42,27
2024,2024txcle,Week 5,8819,7691,5908,9289,5923,8818,45,11
2024,2024txcle,Week 5,8750,5892,8879,324,9081,9516,56,34
2024,2024txcle,Week 5,231,7418,2585,2950,5052,5427,50,39
2024,2024txcle,Week 5,8819,2158,118,9514,8177,2587,52,43
2024,2024txcle,Week 5,7115,9128,8392,9289,7312,5986,71,39
2024,2024txcle,Week 5,9419,6645,5923,5070,5261,3035,35,50
2024,2024txcle,Week 5,8370,8177,5908,4295,2950,7691,45,16
2024,2024txcle,Week 5,5892,9516,9128,8879,7115,7418,94,28
2024,2024txcle,Week 5,5427,2585,9081,6645,8819,7312,34,59
2024,2024txcle,Week 5,5070,324,9419,7691,5923,2587,49,24
2024,2024txcle,Week 5,8392,9289,5261,231,118,8370,18,85
2024,2024txcle,Week 5,5986,9514,4295,5908,2158,8750,7,12
2024,2024txcle,Week 5,3035,8818,2587,5052,5892,6645,39,64
2024,2024txcle,Week 5,7418,8392,5923,5427,118,9419,16,67
2024,2024txcle,Week 5,324,9289,8879,8370,9514,2158,57,34
2024,2024txcle,Week 5,9128,231,3035,5986,7115,8177,105,35
2024,2024txcle,Week 5,7691,8750,8818,7312,2585,5052,41,53
2024,2024txcle,Week 5,5261,8819,9081,5908,9516,2950,50,16
2024,2024txcle,Week 5,2158,4295,9419,5070,7115,118,8,44
2024,2024txcle,Week 5,7312,9514,5892,8177,7418,7691,55,72
2024,2024txcle,Week 5,5427,231,8819,8818,5261,8370,49,44
2024,2024txcle,Week 5,2585,4295,8392,9516,8750,9289,33,26
2024,2024txcle,Week 5,5908,3035,6645,2950,9128,324,41,86
2024,2024txcle,Week 5,2587,5986,5052,9081,8879,5070,26,26
2024,2024txcle,Week 5,5923,5261,5427,7418,2158,9516,61,18
2024,2024txcle,Week 5,7115,324,8819,6645,8750,8392,60,32
2024,2024txcle,Week 5,9514,7691,9128,2587,5892,231,59,84
2024,2024txcle,Week 5,9289,8370,5052,9419,8177,7312,35,54
2024,2024txcle,Week 5,5986,2585,2950,4295,3035,9081,28,17
2024,2024txcle,Week 5,8818,118,8879,5908,5070,5923,77,13
2024,2024mawor,Week 5,8013,1027,5491,8544,348,4048,40,59
2024,2024mawor,Week 5,2168,1768,2079,5735,8604,190,48,104
2024,2024mawor,Week 5,9644,69,9101,4987,3323,2262,49,35
2024,2024mawor,Week 5,5347,1100,5962,2712,1757,9056,53,44
2024,2024mawor,Week 5,6933,5000,151,6620,3623,157,94,56
2024,2024mawor,Week 5,237,6333,6731,7760,2370,3205,69,47
2024,2024mawor,Week 5,2262,1027,348,4048,2079,8013,27,91
2024,2024mawor,Week 5,8604,2168,5347,1100,3323,5491,48,51
2024,2024mawor,Week 5,151,9101,6620,5962,3623,1768,47,58
2024,2024mawor,Week 5,6933,4987,6333,3205,5735,2712,37,66
2024,2024mawor,Week 5,1757,2370,237,190,9644,5000,17,78
2024,2024mawor,Week 5,9056,157,8544,6731,7760,69,57,46
2024,2024mawor,Week 5,2262,8604,3623,3323,2079,348,54,39
2024,2024mawor,Week 5,2168,1027,5735,1768,6620,2712,58,55
2024,2024mawor,Week 5,2370,4987,4048,5000,1757,5491,66,42
2024,2024mawor,Week 5,6731,8013,9101,190,69,6333,63,63
2024,2024mawor,Week 5,9056,151,5347,6933,237,8544,42,54
2024,2024mawor,Week 5,7760,5962,9644,1100,3205,157,32,81
2024,2024mawor,Week 5,1757,2262,5735,3623,2370,2168,75,70
2024,2024mawor,Week 5,6731,5491,4987,2079,6333,5000,58,44
2024,2024mawor,Week 5,237,6620,3323,9056,69,8013,53,45
2024,2024mawor,Week 5,8544,5962,3205,9644,5347,1027,25,28
2024,2024mawor,Week 5,157,1768,151,1100,9101,2712,65,76
2024,2024mawor,Week 5,190,6933,348,8604,4048,7760,73,41
2024,2024mawor,Week 5,2079,6731,3623,2168,5000,9056,57,41
2024,2024mawor,Week 5,6620,6333,5735,2370,5347,2262,50,33
2024,2024mawor,Week 5,151,2712,8544,9644,8013,3323,58,76
2024,2024mawor,Week 5,7760,190,1100,348,4987,237,89,31
2024,2024mawor,Week 5,69,3205,1027,9101,8604,1757,37,33
2024,2024mawor,Week 5,1768,5491,6933,5962,4048,157,60,87
2024,2024mawor,Week 5,5000,3623,2712,6333,8544,2262,45,56
2024,2024mawor,Week 5,6620,7760,8013,5735,1100,2370,80,76
2024,2024mawor,Week 5,1757,348,69,3205,151,2079,42,69
2024,2024mawor,Week 5,157,2168,190,5962,4987,8604,100,37
2024,2024mawor,Week 5,5347,3323,6933,6731,9644,1768,58,77
2024,2024mawor,Week 5,5491,237,4048,9101,1027,9056,50,31
2024,2024mawor,Week 5,2079,2262,7760,3205,6620,5000,46,54
2024,2024mawor,Week 5,69,8544,2370,157,8013,4987,74,60
2024,2024mawor,Week 5,3323,190,1768,3623,1757,1100,102,54
2024,2024mawor,Week 5,1027,6933,6731,151,5735,5491,82,66
2024,2024mawor,Week 5,4048,9056,9644,6333,5962,2168,55,24
2024,2024mawor,Week 5,2712,348,8604,237,9101,5347,45,44
2024,2024mawor,Week 5,190,3205,4987,3323,8544,3623,25,67
2024,2024mawor,Week 5,8013,1768,2262,7760,1757,6933,58,63
2024,2024mawor,Week 5,5735,5962,5000,4048,151,1027,55,69
2024,2024mawor,Week 5,348,2168,9101,5347,157,6333,40,38
2024,2024mawor,Week 5,9644,237,1100,69,5491,2079,61,38
2024,2024mawor,Week 5,2712,2370,6731,8604,9056,6620,92,35
2024,2024mawor,Week 5,5000,7760,3323,1027,190,5962,54,52
2024,2024mawor,Week 5,9101,3205,6333,8013,151,2168,58,89
2024,2024mawor,Week 5,4048,5735,5347,4987,69,3623,68,51
2024,2024mawor,Week 5,2079,8544,8604,6620,6933,1100,85,72
2024,2024mawor,Week 5,157,6731,1757,2712,2262,237,71,49
2024,2024mawor,Week 5,5491,9644,2370,348,9056,1768,52,78
2024,2024mawor,Week 5,3623,190,151,4987,5347,7760,74,35
2024,2024mawor,Week 5,1100,5000,1027,2168,6933,69,64,69
2024,2024mawor,Week 5,9101,157,2079,8013,5735,8544,58,96
2024,2024mawor,Week 5,6333,2712,4048,2370,9056,3323,65,51
2024,2024mawor,Week 5,1768,237,8604,2262,6731,5962,68,43
2024,2024mawor,Week 5,3205,9644,1757,5491,6620,348,65,30
2024,2024mawor,Week 5,8544,2168,7760,6933,9101,5735,50,105
2024,2024mawor,Week 5,4987,1100,9056,1027,3323,157,45,38
2024,2024mawor,Week 5,3623,8013,237,5962,2079,2370,62,91
2024,2024mawor,Week 5,1757,4048,6620,151,8604,6731,78,56
2024,2024mawor,Week 5,5000,1768,69,6333,348,9644,83,35
2024,2024mawor,Week 5,5491,2262,3205,5347,2712,190,33,53
2024,2024mawor,Week 5,1027,2079,4987,2370,157,6933,52,74
2024,2024mawor,Week 5,3323,4048,2168,237,7760,151,70,48
2024,2024mawor,Week 5,8604,1100,8013,5735,3623,9644,84,67
2024,2024mawor,Week 5,69,2712,5962,348,6731,3205,58,70
2024,2024mawor,Week 5,9056,5491,190,2262,5000,9101,38,51
2024,2024mawor,Week 5,8544,5347,6620,1768,6333,1757,39,86
2024,2024chcmp,Week 6,2890,449,401,3373,977,1599,57,70
2024,2024chcmp,Week 6,614,619,5587,5549,1262,4099,64,82
2024,2024chcmp,Week 6,404,8230,2421,339,4541,9072,40,28
2024,2024chcmp,Week 6,1086,2377,5115,422,9709,620,53,76
2024,2024chcmp,Week 6,1629,539,6326,3136,2199,1719,87,36
2024,2024chcmp,Week 6,686,2186,1111,5804,623,2068,50,77
2024,2024chcmp,Week 6,836,5338,2106,8326,122,6802,96,72
2024,2024chcmp,Week 6,2363,1731,1610,1908,1727,9403,84,73
2024,2024chcmp,Week 6,8592,1895,888,346,9003,3939,70,85
2024,2024chcmp,Week 6,4541,2421,401,5115,4099,422,84,72
2024,2024chcmp,Week 6,620,539,5549,6326,339,1599,70,65
2024,2024chcmp,Week 6,614,686,9709,1111,2199,2890,69,28
2024,2024chcmp,Week 6,2106,2186,122,1629,977,1262,92,61
2024,2024chcmp,Week 6,6802,5804,1727,1731,8230,5587,109,55
2024,2024chcmp,Week 6,9072,888,346,449,1610,2068,104,72
2024,2024chcmp,Week 6,1895,623,836,1719,1908,619,103,42
2024,2024chcmp,Week 6,8326,2377,3136,2363,3939,3373,75,80
2024,2024chcmp,Week 6,404,8592,5338,9403,1086,9003,91,52
2024,2024chcmp,Week 6,1262,2890,9709,539,4541,1111,51,40
2024,2024chcmp,Week 6,4099,1727,1629,1599,5549,5804,87,67
2024,2024chcmp,Week 6,5115,5587,2186,8230,2106,9072,64,56
2024,2024chcmp,Week 6,2421,2199,1908,977,346,1895,65,54
2024,2024chcmp,Week 6,422,1731,1719,888,8326,686,107,66
2024,2024chcmp,Week 6,623,449,2363,8592,620,1086,86,83
2024,2024chcmp,Week 6,122,619,5338,401,3939,3136,95,86
2024,2024chcmp,Week 6,9403,836,614,2377,2068,9003,65,54
2024,2024chcmp,Week 6,6802,6326,3373,339,404,1610,93,39
2024,2024chcmp,Week 6,977,5115,8230,1599,539,1895,64,87
2024,2024chcmp,Week 6,1719,2421,888,2890,5549,5587,51,49
2024,2024chcmp,Week 6,9709,1629,5804,449,4541,346,103,97
2024,2024chcmp,Week 6,2363,686,8592,2106,401,1262,88,84
2024,2024chcmp,Week 6,4099,9403,2199,3939,122,1908,75,73
2024,2024chcmp,Week 6,1086,2068,1731,1610,6326,9003,83,61
2024,2024chcmp,Week 6,2186,8326,404,619,6802,1111,52,62
2024,2024chcmp,Week 6,836,9072,620,5338,3373,422,99,76
2024,2024chcmp,Week 6,623,614,2377,339,3136,1727,58,102
2024,2024chcmp,Week 6,8230,8592,401,5587,9709,1719,57,57
2024,2024chcmp,Week 6,9403,4541,3939,686,1908,539,55,70
2024,2024chcmp,Week 6,5549,6326,1731,122,2363,2421,87,78
2024,2024chcmp,Week 6,1599,9003,4099,2186,888,6802,73,50
2024,2024chcmp,Week 6,1086,1610,5804,836,5115,619,92,94
2024,2024chcmp,Week 6,1727,1111,2106,620,3373,2199,66,84
2024,2024chcmp,Week 6,623,9072,8326,1629,614,346,70,92
2024,2024chcmp,Week 6,3136,2890,2068,977,404,422,55,48
2024,2024chcmp,Week 6,2377,339,1262,5338,1895,449,46,114
2024,2024chcmp,Week 6,1719,1599,9403,401,1908,2186,56,70
2024,2024chcmp,Week 6,686,1610,2421,9709,4099,122,60,66
2024,2024chcmp,Week 6,4541,3373,2106,888,619,1731,83,92
2024,2024chcmp,Week 6,1727,5549,9072,8326,1086,346,82,92
2024,2024chcmp,Week 6,9003,5587,620,3136,977,623,73,80
2024,2024chcmp,Week 6,2199,404,539,2377,5804,2363,51,78
2024,2024chcmp,Week 6,1895,8230,6326,836,1111,449,55,113
2024,2024chcmp,Week 6,6802,3939,339,2068,422,1262,72,52
2024,2024chcmp,Week 6,2890,5338,1629,8592,614,5115,80,72
2024,2024chcmp,Week 6,1908,1599,8326,4541,9709,1086,54,70
2024,2024chcmp,Week 6,3136,346,2186,1731,401,686,75,90
2024,2024chcmp,Week 6,2199,1727,122,888,623,404,95,46
2024,2024chcmp,Week 6,9003,1111,977,5549,836,2377,50,75
2024,2024chcmp,Week 6,9072,449,1719,4099,6802,2106,69,100
2024,2024chcmp,Week 6,2421,539,5587,2068,1895,3373,80,36
2024,2024chcmp,Week 6,619,339,8592,5115,2363,1629,55,91
2024,2024chcmp,Week 6,620,1262,3939,1610,8230,2890,113,37
2024,2024chcmp,Week 6,9403,422,5804,6326,5338,614,99,63
2024,2024chcmp,Week 6,4541,686,2199,2186,1727,836,64,105
2024,2024chcmp,Week 6,449,9709,977,122,1719,404,75,37
2024,2024chcmp,Week 6,3373,401,9072,5549,1895,1908,72,41
2024,2024chcmp,Week 6,339,8326,4099,9003,2421,8592,77,51
2024,2024chcmp,Week 6,623,6802,1086,8230,3136,539,85,80
2024,2024chcmp,Week 6,1111,422,888,1629,9403,619,77,63
2024,2024chcmp,Week 6,3939,2068,5115,614,620,2363,59,70
2024,2024chcmp,Week 6,2106,5587,1599,346,2377,1610,82,60
2024,2024chcmp,Week 6,5804,2890,6326,1262,1731,5338,87,106
2024,2024chcmp,Week 6,1895,404,4541,8592,2186,5549,58,61
2024,2024chcmp,Week 6,3373,1719,539,8230,9003,122,69,45
2024,2024chcmp,Week 6,401,977,1086,1111,1629,339,60,56
2024,2024chcmp,Week 6,6802,620,449,614,2421,3939,97,39
2024,2024chcmp,Week 6,5587,3136,1610,2199,836,8326,58,88
2024,2024chcmp,Week 6,619,2890,686,9072,9403,2377,78,85
2024,2024chcmp,Week 6,1599,623,422,2106,5804,1731,97,103
2024,2024chcmp,Week 6,1908,346,5115,6326,1262,1727,42,76
2024,2024chcmp,Week 6,5338,2068,9709,888,4099,2363,60,105
2024,2024chcmp,Week 6,3939,1086,1629,2186,3373,2421,77,64
2024,2024chcmp,Week 6,122,1111,614,1610,1719,4541,68,56
2024,2024chcmp,Week 6,449,339,5549,5587,9403,686,74,83
2024,2024chcmp,Week 6,539,2377,977,9072,1731,8592,60,115
2024,2024chcmp,Week 6,401,6326,623,8326,2106,2890,65,75
2024,2024chcmp,Week 6,422,6802,1895,9709,2363,1727,59,75
2024,2024chcmp,Week 6,4099,346,836,404,5115,620,84,62
2024,2024chcmp,Week 6,5804,1262,1908,9003,3136,888,79,87
2024,2024chcmp,Week 6,2068,2199,619,5338,1599,8230,76,80
2024,2024chcmp,Week 6,1731,3939,1111,5587,1629,4541,64,84
2024,2024chcmp,Week 6,3373,122,2377,6326,8592,8326,93,65
2024,2024chcmp,Week 6,422,1610,614,539,449,2186,69,105
2024,2024chcmp,Week 6,346,2363,339,2890,1719,836,61,70
2024,2024chcmp,Week 6,1086,4099,3136,1895,2106,9403,95,47
2024,2024chcmp,Week 6,2421,5338,977,1727,619,623,53,98
2024,2024chcmp,Week 6,1262,9072,9003,2199,1599,9709,70,62
2024,2024chcmp,Week 6,620,888,8230,404,5804,401,63,77
2024,2024chcmp,Week 6,5115,686,5549,2068,1908,6802,34,49
2024,2024chcmp,Week 6,2363,2186,4541,2377,5587,6326,44,82
2024,2024chcmp,Week 6,1610,122,1895,346,422,2890,69,79
2024,2024chcmp,Week 6,1731,836,3373,539,614,4099,115,69
2024,2024chcmp,Week 6,1111,8592,3136,2421,9072,1599,72,85
2024,2024chcmp,Week 6,5804,888,2199,1719,1086,339,71,56
2024,2024chcmp,Week 6,619,9003,449,1727,401,2068,71,73
2024,2024chcmp,Week 6,977,8326,9403,1262,5115,6802,63,63
2024,2024chcmp,Week 6,1908,1629,8230,686,620,5338,44,84
2024,2024chcmp,Week 6,9709,5549,404,3939,2106,623,35,96
2024,2024gacmp,Week 6,6925,4112,8849,1414,342,4509,41,87
2024,2024gacmp,Week 6,8865,6919,7538,9260,3815,8736,59,42
2024,2024gacmp,Week 6,4188,3329,4451,1102,281,1287,71,66
2024,2024gacmp,Week 6,8575,7104,6340,8577,343,9477,50,45
2024,2024gacmp,Week 6,5109,8080,1683,7451,1746,2415,52,50
2024,2024gacmp,Week 6,1771,5900,5293,9522,9500,6829,77,38
2024,2024gacmp,Week 6,5130,9571,2974,3489,3635,4026,73,60
2024,2024gacmp,Week 6,4701,9480,6366,4533,1648,3490,71,51
2024,2024gacmp,Week 6,7538,1261,3815,8575,2815,8577,54,64
2024,2024gacmp,Week 6,6925,5109,9477,6919,8736,281,47,86
2024,2024gacmp,Week 6,2415,3329,7104,5293,8865,1414,53,68
2024,2024gacmp,Week 6,6340,1683,9571,4509,2974,8080,69,93
2024,2024gacmp,Week 6,9500,5900,4026,9480,4451,1746,48,56
2024,2024gacmp,Week 6,4533,3489,1102,343,8849,1287,84,58
2024,2024gacmp,Week 6,6829,4701,1771,1261,2815,342,69,41
2024,2024gacmp,Week 6,4112,9522,1648,6366,3635,5130,43,78
2024,2024gacmp,Week 6,7451,8865,9260,3490,4188,281,67,45
2024,2024gacmp,Week 6,7104,3815,9480,9571,2415,6925,40,77
2024,2024gacmp,Week 6,7538,1102,8577,4026,1683,1414,45,113
2024,2024gacmp,Week 6,8080,343,5293,8849,4533,2974,84,88
2024,2024gacmp,Week 6,4451,8575,4112,6366,6340,1648,67,72
2024,2024gacmp,Week 6,1771,3490,3635,5109,1746,1287,107,42
2024,2024gacmp,Week 6,6829,2815,4188,6919,5130,9522,53,87
2024,2024gacmp,Week 6,9477,4701,342,9500,3489,3329,26,60
2024,2024gacmp,Week 6,7451,8736,4509,9260,5900,1261,74,73
2024,2024gacmp,Week 6,6925,4533,7104,1102,4112,8865,73,66
2024,2024gacmp,Week 6,343,1683,8575,1771,4451,5109,71,104
2024,2024gacmp,Week 6,9571,8577,1746,1287,6366,6919,40,66
2024,2024gacmp,Week 6,342,4026,5130,2974,281,9500,54,94
2024,2024gacmp,Week 6,8736,9480,5900,2815,8849,8080,39,61
2024,2024gacmp,Week 6,2415,3490,7538,3329,1648,6829,43,59
2024,2024gacmp,Week 6,4701,9260,4188,6340,5293,3635,49,76
2024,2024gacmp,Week 6,1414,9522,3489,1261,4509,9477,56,87
2024,2024gacmp,Week 6,3815,342,9571,7451,4533,1683,26,98
2024,2024gacmp,Week 6,6919,9480,4026,5130,8865,343,55,51
2024,2024gacmp,Week 6,281,6366,7104,1771,8849,7538,63,99
2024,2024gacmp,Week 6,3329,8736,1102,9260,6340,6829,49,63
2024,2024gacmp,Week 6,1746,9477,2815,4509,5293,4188,51,56
2024,2024gacmp,Week 6,1287,1414,1648,9522,5109,5900,87,64
2024,2024gacmp,Week 6,8577,3635,4701,8080,6925,4451,45,80
2024,2024gacmp,Week 6,9500,7451,8575,3489,2415,4112,71,64
2024,2024gacmp,Week 6,1261,2974,6340,3815,3490,6366,115,34
2024,2024gacmp,Week 6,1683,1771,281,3329,9480,9571,102,41
2024,2024gacmp,Week 6,6829,343,1414,1648,9260,1746,86,45
2024,2024gacmp,Week 6,9522,8865,4509,8080,8577,4533,56,62
2024,2024gacmp,Week 6,1287,9500,4112,3489,6919,2815,73,71
2024,2024gacmp,Week 6,2974,4188,5109,7104,1261,4701,76,29
2024,2024gacmp,Week 6,3635,342,8736,4026,3815,2415,60,68
2024,2024gacmp,Week 6,4451,9477,8849,7538,7451,6925,56,40
2024,2024gacmp,Week 6,5130,8575,5293,5900,1102,3490,61,56
2024,2024gacmp,Week 6,8865,8080,9500,6829,1287,1683,28,73
2024,2024gacmp,Week 6,5109,281,3329,8577,6366,2974,75,85
2024,2024gacmp,Week 6,3489,4509,3815,8736,1648,1771,67,101
2024,2024gacmp,Week 6,2815,4451,343,342,9522,7104,86,16
2024,2024gacmp,Week 6,4112,9477,3490,4026,9260,9571,49,68
2024,2024gacmp,Week 6,2415,5900,6919,4701,4533,6340,76,72
2024,2024gacmp,Week 6,7538,8575,9480,4188,1414,7451,61,77
2024,2024gacmp,Week 6,8849,1261,5130,1746,5293,6925,97,69
2024,2024gacmp,Week 6,1102,5109,343,3635,3815,9500,94,65
2024,2024gacmp,Week 6,2974,4026,1287,4509,7104,1648,111,87
2024,2024gacmp,Week 6,4533,9571,6919,8736,4451,9522,63,61
2024,2024gacmp,Week 6,5900,6829,3489,4188,8577,8865,77,20
2024,2024gacmp,Week 6,9260,342,6925,8575,8080,1771,49,98
2024,2024gacmp,Week 6,9480,1102,2415,1746,4112,1261,60,112
2024,2024gacmp,Week 6,2815,6340,3329,8849,3635,7451,61,67
2024,2024gacmp,Week 6,9477,1414,6366,1683,5130,4701,84,58
2024,2024gacmp,Week 6,3490,5293,3489,281,7538,4509,61,65
2024,2024gacmp,Week 6,7104,4188,8736,1648,9500,342,54,61
2024,2024gacmp,Week 6,1261,6829,8080,8577,4026,4112,69,47
2024,2024gacmp,Week 6,1102,2974,4451,9480,1771,8865,95,86
2024,2024gacmp,Week 6,6919,1683,3635,5900,7451,9477,101,77
2024,2024gacmp,Week 6,5293,8849,9260,9571,6366,5109,51,42
2024,2024gacmp,Week 6,1746,5130,3490,3329,6925,343,54,80
2024,2024gacmp,Week 6,4533,2815,7538,1414,2415,6340,68,96
2024,2024gacmp,Week 6,281,4701,9522,8575,1287,3815,33,72
2024,2024gacmp,Week 6,1648,7451,8080,9477,1771,1102,64,106
2024,2024gacmp,Week 6,8849,3489,6366,3635,6829,8865,87,48
2024,2024gacmp,Week 6,4509,3490,9260,5130,7104,4451,51,29
2024,2024gacmp,Week 6,4026,5109,4533,1683,6925,2815,79,67
2024,2024gacmp,Week 6,1414,8736,9500,2974,3329,8575,46,84
2024,2024gacmp,Week 6,5900,281,1746,3815,6340,9522,82,58
2024,2024gacmp,Week 6,1287,9571,1261,343,7538,4701,89,72
2024,2024gacmp,Week 6,5293,6919,8577,342,4112,9480,51,119
2024,2024gacmp,Week 6,6366,2415,1771,4188,1102,4026,110,70
2024,2024gacmp,Week 6,4451,6829,4533,9477,3329,5130,64,41
2024,2024gacmp,Week 6,6340,8080,5900,5109,7104,3489,82,52
2024,2024gacmp,Week 6,8865,1746,8849,4701,9571,8575,51,30
2024,2024gacmp,Week 6,3635,1648,281,9500,1261,6919,55,79
2024,2024gacmp,Week 6,9522,9260,8577,2815,2974,2415,41,89
2024,2024gacmp,Week 6,4112,4188,1683,3490,343,8736,95,74
2024,2024gacmp,Week 6,3815,6925,1414,5293,1287,7451,74,91
2024,2024gacmp,Week 6,9480,4509,5109,342,7538,6829,80,39
2024,2024gacmp,Week 6,7104,1746,3635,281,8575,4533,80,67
2024,2024gacmp,Week 6,2415,9522,1261,4451,3489,9260,69,53
2024,2024gacmp,Week 6,1648,5130,4188,1683,8577,8849,75,70
2024,2024gacmp,Week 6,8080,6919,3815,3490,1414,3329,38,60
2024,2024gacmp,Week 6,343,4026,7451,8736,4701,5293,116,46
2024,2024gacmp,Week 6,8865,1287,342,6340,9477,9480,50,78
2024,2024gacmp,Week 6,6366,9500,1102,9571,4509,2815,76,33
2024,2024gacmp,Week 6,6925,1771,2974,4112,7538,5900,127,63
2024,2024mrcmp,Week 6,2607,4573,3142,1257,321,1640,65,90
2024,2024mrcmp,Week 6,341,2191,8513,272,3314,7045,68,77
2024,2024mrcmp,Week 6,1676,834,5181,2539,2720,1089,82,64
2024,2024mrcmp,Week 6,5401,9027,1218,1923,1807,2495,58,110
2024,2024mrcmp,Week 6,103,293,1279,555,5438,7110,60,49
2024,2024mrcmp,Week 6,1403,4361,1391,11,9094,6226,71,63
2024,2024mrcmp,Week 6,316,3637,427,1811,9015,219,91,69
2024,2024mrcmp,Week 6,4285,4342,75,5992,714,56,83,75
2024,2024mrcmp,Week 6,5684,7414,102,1168,365,2590,77,107
2024,2024mrcmp,Week 6,484,2722,6921,223,5895,222,73,91
2024,2024mrcmp,Week 6,1807,834,4573,1923,3142,7045,95,86
2024,2024mrcmp,Week 6,3314,1640,2191,9027,1676,103,87,92
2024,2024mrcmp,Week 6,9094,272,293,2607,5401,7110,56,65
2024,2024mrcmp,Week 6,1279,219,2539,9015,1391,1257,79,58
2024,2024mrcmp,Week 6,4285,11,1403,2720,8513,427,83,92
2024,2024mrcmp,Week 6,3637,1218,56,5181,102,4361,58,62
2024,2024mrcmp,Week 6,7414,2590,5438,484,1811,4342,67,63
2024,2024mrcmp,Week 6,1168,2495,714,5895,321,1089,88,69
2024,2024mrcmp,Week 6,555,5684,2722,6921,75,316,80,93
2024,2024mrcmp,Week 6,5992,222,6226,341,223,365,47,103
2024,2024mrcmp,Week 6,219,1923,2191,2539,1640,9094,84,102
2024,2024mrcmp,Week 6,103,7110,9015,2607,1807,11,61,108
2024,2024mrcmp,Week 6,3314,1218,2720,7045,56,1279,96,66
2024,2024mrcmp,Week 6,1676,1257,8513,7414,834,1811,71,67
2024,2024mrcmp,Week 6,5181,4285,1168,484,3637,5438,96,79
2024,2024mrcmp,Week 6,2722,2590,321,4361,9027,293,77,73
2024,2024mrcmp,Week 6,3142,365,5401,4342,714,6921,60,62
2024,2024mrcmp,Week 6,6226,555,75,341,427,102,74,72
2024,2024mrcmp,Week 6,5992,2495,1391,1403,316,222,57,89
2024,2024mrcmp,Week 6,272,223,1089,5895,4573,5684,85,69
2024,2024mrcmp,Week 6,1923,8513,1811,7110,56,2720,100,44
2024,2024mrcmp,Week 6,2539,11,484,1640,1279,1807,64,102
2024,2024mrcmp,Week 6,9015,7414,3314,293,2722,4285,78,63
2024,2024mrcmp,Week 6,2590,9094,219,365,5181,2607,84,77
2024,2024mrcmp,Week 6,555,341,1168,4361,714,1676,107,103
2024,2024mrcmp,Week 6,3637,7045,2495,1257,6226,6921,79,54
2024,2024mrcmp,Week 6,4573,316,5992,5401,2191,5438,91,46
2024,2024mrcmp,Week 6,1403,9027,5895,222,102,834,86,58
2024,2024mrcmp,Week 6,5684,223,427,3142,1391,1218,76,80
2024,2024mrcmp,Week 6,321,4342,272,1089,75,103,55,86
2024,2024mrcmp,Week 6,219,1807,365,8513,4285,1279,55,76
2024,2024mrcmp,Week 6,1811,2607,56,1676,555,11,68,68
2024,2024mrcmp,Week 6,2720,1640,341,2590,2495,293,117,62
2024,2024mrcmp,Week 6,714,7110,3314,7414,4361,4573,80,58
2024,2024mrcmp,Week 6,5992,1403,2539,6921,9027,3637,74,49
2024,2024mrcmp,Week 6,1391,5684,1168,2191,3142,834,134,66
2024,2024mrcmp,Week 6,7045,427,5895,316,4342,5181,49,96
2024,2024mrcmp,Week 6,1089,5438,102,321,9094,223,46,55
2024,2024mrcmp,Week 6,103,1257,272,2722,1923,222,73,86
2024,2024mrcmp,Week 6,75,5401,484,1218,6226,9015,63,69
2024,2024mrcmp,Week 6,555,2495,4361,4285,4573,365,88,67
2024,2024mrcmp,Week 6,7414,5992,1640,1807,1403,3314,60,83
2024,2024mrcmp,Week 6,2191,3637,1676,3142,293,5684,88,73
2024,2024mrcmp,Week 6,9027,1279,2607,714,341,5181,79,75
2024,2024mrcmp,Week 6,102,7110,1811,1089,4342,219,38,55
2024,2024mrcmp,Week 6,222,7045,9094,11,427,321,73,70
2024,2024mrcmp,Week 6,316,1168,1257,2720,103,223,86,71
2024,2024mrcmp,Week 6,2722,75,1391,56,8513,5401,109,73
2024,2024mrcmp,Week 6,6226,2539,1923,5895,484,2590,53,103
2024,2024mrcmp,Week 6,834,272,9015,5438,6921,1218,60,84
2024,2024mrcmp,Week 6,1640,5684,2495,5181,555,7414,84,70
2024,2024mrcmp,Week 6,4361,4285,3142,219,2607,1403,76,101
2024,2024mrcmp,Week 6,3637,222,321,7110,1279,2191,79,52
2024,2024mrcmp,Week 6,4342,2720,9094,223,3314,9027,112,53
2024,2024mrcmp,Week 6,1391,102,714,1811,2722,7045,65,77
2024,2024mrcmp,Week 6,341,1257,75,11,5895,5401,69,89
2024,2024mrcmp,Week 6,427,272,56,1807,316,2590,85,124
2024,2024mrcmp,Week 6,6226,484,4573,6921,834,103,52,92
2024,2024mrcmp,Week 6,9015,5438,1923,365,1676,1089,62,98
2024,2024mrcmp,Week 6,1218,2539,8513,1168,5992,293,114,70
2024,2024mrcmp,Week 6,1279,2720,222,9094,7414,3142,97,100
2024,2024mrcmp,Week 6,1391,2191,5181,2495,7110,4285,87,63
2024,2024mrcmp,Week 6,1811,11,4361,5401,3314,5684,71,99
2024,2024mrcmp,Week 6,7045,1403,1257,9027,555,272,65,74
2024,2024mrcmp,Week 6,3637,223,1807,834,321,75,96,55
2024,2024mrcmp,Week 6,4573,1640,5438,56,9015,341,86,80
2024,2024mrcmp,Week 6,8513,365,6921,427,1089,484,55,80
2024,2024mrcmp,Week 6,4342,2607,1923,1168,6226,2722,99,59
2024,2024mrcmp,Week 6,5895,219,1676,1218,2590,5992,93,84
2024,2024mrcmp,Week 6,316,103,714,293,102,2539,98,62
2024,2024mrcmp,Week 6,7045,5684,9027,272,1403,7110,56,86
2024,2024mrcmp,Week 6,223,5401,555,222,2191,7414,93,65
2024,2024mrcmp,Week 6,2495,1279,834,75,9015,4361,78,63
2024,2024mrcmp,Week 6,5181,6921,2720,1391,365,1640,89,133
2024,2024mrcmp,Week 6,4573,1168,321,4285,427,1811,58,76
2024,2024mrcmp,Week 6,1807,341,1676,4342,2722,3637,141,64
2024,2024mrcmp,Week 6,102,5895,1923,5438,2539,3314,106,88
2024,2024mrcmp,Week 6,293,1089,6226,56,1257,219,76,73
2024,2024mrcmp,Week 6,484,1218,316,714,9094,2607,73,85
2024,2024mrcmp,Week 6,2590,3142,103,8513,5992,11,87,73
2024,2024mrcmp,Week 6,7110,5181,7045,223,9015,1403,59,92
2024,2024mrcmp,Week 6,9027,222,365,75,1811,4573,73,70
2024,2024mrcmp,Week 6,427,1168,834,2722,5401,1640,72,78
2024,2024mrcmp,Week 6,5684,6921,4285,1923,341,1279,82,120
2024,2024mrcmp,Week 6,4361,56,4342,2495,272,2539,70,70
2024,2024mrcmp,Week 6,1257,293,2191,102,484,1807,33,78
2024,2024mrcmp,Week 6,1218,1089,7414,6226,316,3142,74,76
2024,2024mrcmp,Week 6,11,2720,714,5438,219,5992,71,78
2024,2024mrcmp,Week 6,9094,5895,555,8513,103,3637,97,101
2024,2024mrcmp,Week 6,3314,1676,2590,321,2607,1391,97,92
2024,2024mrcmp,Week 6,1640,1923,4285,75,7045,223,102,58
2024,2024mrcmp,Week 6,365,56,2722,2539,1168,7110,97,74
2024,2024mrcmp,Week 6,293,1811,5401,1279,5181,1403,60,107
2024,2024mrcmp,Week 6,3142,1807,9027,1089,4361,316,85,70
2024,2024mrcmp,Week 6,2191,6921,11,102,1218,4342,50,96
2024,2024mrcmp,Week 6,272,7414,6226,834,5992,9094,106,76
2024,2024mrcmp,Week 6,1676,5438,2607,2495,222,8513,76,63
2024,2024mrcmp,Week 6,9015,4573,555,2720,1391,5895,49,114
2024,2024mrcmp,Week 6,714,2590,427,3314,3637,1257,105,83
2024,2024mrcmp,Week 6,103,321,484,5684,219,341,79,105
2024,2024mrcmp,Week 6,7110,75,9027,56,3142,1168,72,87
2024,2024mrcmp,Week 6,1403,1089,2722,2191,4285,1218,106,74
2024,2024mrcmp,Week 6,834,293,316,365,11,4342,96,85
2024,2024mrcmp,Week 6,1279,6226,102,1640,1676,272,68,108
2024,2024mrcmp,Week 6,6921,1811,5895,9094,4361,1807,83,80
2024,2024mrcmp,Week 6,5401,2539,3637,2607,7045,2720,97,84
2024,2024mrcmp,Week 6,219,484,223,4573,3314,2495,70,61
2024,2024mrcmp,Week 6,222,714,9015,2590,8513,5684,83,90
2024,2024mrcmp,Week 6,321,5181,5992,1257,1923,555,70,78
2024,2024mrcmp,Week 6,5438,103,341,427,1391,7414,109,115
2024,2024necmp1,Week 6,3182,166,2370,9101,5142,6933,83,63
2024,2024necmp1,Week 6,172,716,8626,319,3461,5459,43,70
2024,2024necmp1,Week 6,3467,95,999,4041,7407,4048,113,75
2024,2024necmp1,Week 6,236,1071,3146,1729,9644,125,73,101
2024,2024necmp1,Week 6,5962,133,175,78,5735,246,85,56
2024,2024necmp1,Week 6,4564,155,663,4546,1058,8046,84,80
2024,2024necmp1,Week 6,1153,6329,8708,58,126,2876,69,92
2024,2024necmp1,Week 6,6731,5813,3654,1740,131,9443,95,80
2024,2024necmp1,Week 6,716,1729,3461,166,125,999,68,96
2024,2024necmp1,Week 6,319,3182,172,3146,3467,133,67,117
2024,2024necmp1,Week 6,5142,155,8046,7407,1071,8626,88,67
2024,2024necmp1,Week 6,95,4546,58,5735,9101,5962,96,84
2024,2024necmp1,Week 6,5459,9443,9644,6933,8708,3654,71,76
2024,2024necmp1,Week 6,175,246,5813,4041,2876,1153,68,78
2024,2024necmp1,Week 6,2370,1058,663,126,236,6731,97,96
2024,2024necmp1,Week 6,4564,78,1740,4048,6329,131,104,129
2024,2024necmp1,Week 6,155,172,3467,58,166,716,77,97
2024,2024necmp1,Week 6,1071,9101,1729,9443,5142,999,63,80
2024,2024necmp1,Week 6,175,2876,4546,3654,133,1153,64,98
2024,2024necmp1,Week 6,95,3146,126,8046,8626,5459,95,80
2024,2024necmp1,Week 6,4048,3461,246,8708,2370,6731,81,38
2024,2024necmp1,Week 6,5735,3182,6329,131,1058,236,82,98
2024,2024necmp1,Week 6,1740,319,9644,78,4041,663,79,75
2024,2024necmp1,Week 6,5962,125,5813,7407,4564,6933,117,104
2024,2024necmp1,Week 6,2876,1729,172,9443,3654,8046,43,51
2024,2024necmp1,Week 6,9101,6731,3461,5459,4048,1071,55,64
2024,2024necmp1,Week 6,716,2370,131,3146,175,1153,74,62
2024,2024necmp1,Week 6,155,8708,58,95,3182,1740,64,61
2024,2024necmp1,Week 6,246,319,4041,6933,6329,236,71,115
2024,2024necmp1,Week 6,166,4564,5962,663,5142,5735,75,83
2024,2024necmp1,Week 6,126,3467,7407,78,133,125,119,145
2024,2024necmp1,Week 6,999,8626,4546,5813,9644,1058,65,101
2024,2024necmp1,Week 6,6731,175,131,95,172,4048,74,67
2024,2024necmp1,Week 6,246,58,9443,2370,236,319,98,68
2024,2024necmp1,Week 6,716,8046,4564,3182,5962,4041,97,70
2024,2024necmp1,Week 6,1153,1729,5735,5459,1740,7407,105,68
2024,2024necmp1,Week 6,999,8708,133,8626,125,155,95,79
2024,2024necmp1,Week 6,2876,78,3146,4546,9101,166,86,60
2024,2024necmp1,Week 6,1058,5142,6329,6933,9644,3461,118,82
2024,2024necmp1,Week 6,1071,3654,3467,5813,663,126,92,90
2024,2024necmp1,Week 6,4041,4564,6731,1729,7407,58,60,109
2024,2024necmp1,Week 6,236,3182,1153,8626,5962,95,102,39
2024,2024necmp1,Week 6,1740,999,9101,172,125,8708,61,101
2024,2024necmp1,Week 6,3146,5459,5142,155,5735,9443,75,105
2024,2024necmp1,Week 6,4048,2876,3654,1058,716,319,58,62
2024,2024necmp1,Week 6,166,663,1071,2370,78,175,60,114
2024,2024necmp1,Week 6,4546,6933,126,3461,131,3467,87,124
2024,2024necmp1,Week 6,133,9644,246,5813,8046,6329,91,125
2024,2024necmp1,Week 6,5142,4041,8626,125,1153,6731,55,107
2024,2024necmp1,Week 6,172,9443,5962,319,5735,4048,51,114
2024,2024necmp1,Week 6,9101,8708,7407,175,3654,716,88,91
2024,2024necmp1,Week 6,1729,126,166,3182,4546,663,93,71
2024,2024necmp1,Week 6,78,8046,3467,2370,95,9644,118,75
2024,2024necmp1,Week 6,6329,3146,58,5813,1071,2876,83,79
2024,2024necmp1,Week 6,999,3461,1058,133,6933,1740,85,116
2024,2024necmp1,Week 6,155,5459,131,236,246,4564,107,84
2024,2024necmp1,Week 6,175,319,125,6731,9443,3182,114,98
2024,2024necmp1,Week 6,172,1153,78,8708,1729,5142,102,77
2024,2024necmp1,Week 6,5735,5813,716,9644,663,6329,72,98
2024,2024necmp1,Week 6,3146,2370,1740,5962,7407,4546,73,94
2024,2024necmp1,Week 6,1058,5459,6933,8046,58,1071,91,92
2024,2024necmp1,Week 6,3654,166,95,246,155,999,79,74
2024,2024necmp1,Week 6,8626,2876,9101,131,126,4041,68,82
2024,2024necmp1,Week 6,3461,133,236,3467,4048,4564,106,105
2024,2024necmp1,Week 6,125,7407,3182,6329,4546,319,128,94
2024,2024necmp1,Week 6,6933,8046,5735,6731,716,78,62,88
2024,2024necmp1,Week 6,9443,3146,1058,663,1153,95,105,66
2024,2024necmp1,Week 6,1071,126,9644,1740,172,246,63,87
2024,2024necmp1,Week 6,133,4048,166,8708,4041,5459,118,62
2024,2024necmp1,Week 6,236,5813,155,3461,175,5142,82,82
2024,2024necmp1,Week 6,999,131,1729,5962,3467,2876,95,83
2024,2024necmp1,Week 6,3654,8626,2370,9101,58,4564,74,80
2024,2024necmp1,Week 6,246,6933,3182,7407,3146,172,60,117
2024,2024necmp1,Week 6,4546,9443,1071,4041,716,133,94,81
2024,2024necmp1,Week 6,8046,1740,126,5142,319,166,80,67
2024,2024necmp1,Week 6,663,3461,125,131,95,2876,68,85
2024,2024necmp1,Week 6,1058,5962,8708,5459,2370,5813,69,91
2024,2024necmp1,Week 6,58,5735,236,3654,999,78,99,88
2024,2024necmp1,Week 6,9644,4048,175,4564,8626,1729,76,59
2024,2024necmp1,Week 6,3467,1153,9101,6329,6731,155,105,81
2024,2024necmp1,Week 6,5142,95,133,716,4546,3146,93,94
2024,2024necmp1,Week 6,7407,246,1058,9443,166,3461,94,67
2024,2024necmp1,Week 6,125,4041,2370,5735,172,3654,131,110
2024,2024necmp1,Week 6,4048,663,1729,8626,58,6933,58,73
2024,2024necmp1,Week 6,9644,6731,5962,126,9101,155,75,44
2024,2024necmp1,Week 6,2876,236,8046,3467,1740,5813,70,116
2024,2024necmp1,Week 6,6329,5459,78,3182,999,175,65,81
2024,2024necmp1,Week 6,1153,4564,319,131,1071,8708,115,53
2024,2024necmp1,Week 6,125,6933,716,166,246,8626,107,74
2024,2024necmp1,Week 6,58,3654,4041,3461,5962,3146,54,93
2024,2024necmp1,Week 6,133,5813,7407,663,236,9101,91,53
2024,2024necmp1,Week 6,2876,6731,5459,9644,78,4546,107,74
2024,2024necmp1,Week 6,1071,1740,5735,8708,3467,3182,90,106
2024,2024necmp1,Week 6,1153,131,5142,8046,999,4048,95,51
2024,2024necmp1,Week 6,319,155,95,1729,6329,2370,65,105
2024,2024necmp1,Week 6,4564,175,9443,126,1058,172,86,71
2024,2024necmp2,Week 6,1100,509,839,8410,7913,2079,66,58
2024,2024necmp2,Week 6,173,2713,1350,558,8709,4176,46,84
2024,2024necmp2,Week 6,2067,4473,88,1768,2423,2168,65,88
2024,2024necmp2,Week 6,190,238,8544,1699,5422,176,68,103
2024,2024necmp2,Week 6,2648,3464,467,9729,1474,195,73,68
2024,2024necmp2,Week 6,4909,5112,4905,5687,177,6328,64,103
2024,2024necmp2,Week 6,9710,4311,2877,8013,1922,1757,79,94
2024,2024necmp2,Week 6,8085,1119,230,6346,138,1991,75,53
2024,2024necmp2,Week 6,4176,2168,2079,8410,88,176,70,90
2024,2024necmp2,Week 6,558,2423,509,2648,1100,5422,92,115
2024,2024necmp2,Week 6,1350,6328,9729,8544,3464,7913,108,53
2024,2024necmp2,Week 6,1757,4905,1699,4909,2713,467,79,63
2024,2024necmp2,Week 6,2877,8709,8085,238,4473,195,100,79
2024,2024necmp2,Week 6,8013,9710,2067,1119,138,5112,83,42
2024,2024necmp2,Week 6,1474,1922,177,1991,230,173,73,80
2024,2024necmp2,Week 6,839,5687,4311,6346,1768,190,66,87
2024,2024necmp2,Week 6,6328,5422,2713,88,1350,2648,137,101
2024,2024necmp2,Week 6,8085,4473,3464,176,4905,509,97,64
2024,2024necmp2,Week 6,138,9729,558,1757,2168,1119,69,71
2024,2024necmp2,Week 6,173,238,8410,9710,1699,230,60,88
2024,2024necmp2,Week 6,5687,8013,195,1991,4311,5112,135,60
2024,2024necmp2,Week 6,839,190,177,1100,8544,2877,113,63
2024,2024necmp2,Week 6,1768,2079,4909,7913,2067,4176,107,63
2024,2024necmp2,Week 6,2423,1922,8709,1474,6346,467,88,47
2024,2024necmp2,Week 6,88,6328,238,4473,138,1757,122,52
2024,2024necmp2,Week 6,4311,230,8013,176,3464,5687,79,113
2024,2024necmp2,Week 6,1100,8410,2168,5112,2648,2713,64,97
2024,2024necmp2,Week 6,195,509,8544,4905,4176,1350,57,89
2024,2024necmp2,Week 6,2877,173,1474,7913,8085,1768,82,102
2024,2024necmp2,Week 6,2079,2067,1991,467,558,190,81,101
2024,2024necmp2,Week 6,8709,9729,6346,5422,9710,177,95,74
2024,2024necmp2,Week 6,1119,4909,1922,839,1699,2423,72,76
2024,2024necmp2,Week 6,5112,1100,5687,1350,8544,4473,72,56
2024,2024necmp2,Week 6,509,8410,6328,1474,4311,238,94,56
2024,2024necmp2,Week 6,8013,1768,1991,2713,1757,3464,84,91
2024,2024necmp2,Week 6,2168,2877,6346,2079,2648,173,80,45
2024,2024necmp2,Week 6,7913,1699,1922,88,8085,5422,107,91
2024,2024necmp2,Week 6,138,2423,230,4176,839,9729,77,75
2024,2024necmp2,Week 6,177,176,4909,558,195,2067,103,98
2024,2024necmp2,Week 6,1119,467,4905,9710,190,8709,78,38
2024,2024necmp2,Week 6,8013,3464,1350,6328,2079,1100,79,104
2024,2024necmp2,Week 6,8544,1757,5422,1768,1474,8410,76,71
2024,2024necmp2,Week 6,4473,173,9729,839,88,1991,74,101
2024,2024necmp2,Week 6,176,6346,7913,5112,558,1699,96,87
2024,2024necmp2,Week 6,138,2877,5687,195,2713,2423,104,98
2024,2024necmp2,Week 6,9710,2648,1119,509,177,8085,38,77
2024,2024necmp2,Week 6,4905,8709,4311,2067,230,2168,56,82
2024,2024necmp2,Week 6,4176,190,4909,238,467,1922,73,71
2024,2024necmp2,Week 6,8410,4473,5112,173,558,8013,43,115
2024,2024necmp2,Week 6,2713,7913,138,2423,8544,1474,84,76
2024,2024necmp2,Week 6,2648,176,1757,1350,1119,839,70,65
2024,2024necmp2,Week 6,4311,1699,88,177,2877,2079,108,60
2024,2024necmp2,Week 6,190,1922,230,6328,4909,8709,81,118
2024,2024necmp2,Week 6,9729,1991,1100,238,4905,6346,46,70
2024,2024necmp2,Week 6,3464,5422,4176,2067,5687,8085,58,127
2024,2024necmp2,Week 6,195,2168,467,509,9710,1768,100,89
2024,2024necmp2,Week 6,1474,1350,7913,2877,1119,8410,54,73
2024,2024necmp2,Week 6,8709,2713,4473,4311,4909,2648,71,108
2024,2024necmp2,Week 6,2423,1757,2079,4905,173,1922,51,88
2024,2024necmp2,Week 6,8085,558,1100,230,6328,8544,92,98
2024,2024necmp2,Week 6,4176,195,9710,5422,6346,839,79,61
2024,2024necmp2,Week 6,5687,1991,190,177,88,2168,84,102
2024,2024necmp2,Week 6,3464,5112,2067,509,238,138,98,37
2024,2024necmp2,Week 6,467,1768,1699,9729,8013,176,114,93
2024,2024necmp2,Week 6,4311,8410,1350,2423,4909,173,61,68
2024,2024necmp2,Week 6,2713,2079,558,195,8085,839,58,76
2024,2024necmp2,Week 6,1757,177,6346,7913,190,4473,86,82
2024,2024necmp2,Week 6,88,5112,509,8709,230,3464,81,98
2024,2024necmp2,Week 6,2168,8013,2648,1922,4176,8544,95,77
2024,2024necmp2,Week 6,1991,467,176,6328,138,9710,91,79
2024,2024necmp2,Week 6,5422,1474,2067,9729,2877,4905,89,76
2024,2024necmp2,Week 6,1100,238,1768,1699,5687,1119,97,118
2024,2024necmp2,Week 6,5112,1350,2423,8085,4311,190,45,74
2024,2024necmp2,Week 6,230,839,7913,4473,4176,8013,50,85
2024,2024necmp2,Week 6,176,195,6328,173,509,1757,134,56
2024,2024necmp2,Week 6,467,5422,2877,1991,2168,3464,88,64
2024,2024necmp2,Week 6,4909,88,1474,6346,1100,9710,84,65
2024,2024necmp2,Week 6,177,8544,2713,1119,2067,238,106,97
2024,2024necmp2,Week 6,1699,2079,138,5687,8709,2648,86,102
2024,2024necmp2,Week 6,8410,4905,558,1922,1768,9729,86,103
2024,2024necmp2,Week 6,3464,173,6328,190,2423,2877,114,79
2024,2024necmp2,Week 6,2168,8085,1474,4909,839,8013,81,105
2024,2024necmp2,Week 6,8544,1119,88,467,509,4311,67,67
2024,2024necmp2,Week 6,1757,1991,4176,8709,1100,1699,73,96
2024,2024necmp2,Week 6,1768,177,4905,1350,176,138,89,82
2024,2024necmp2,Week 6,238,9710,5687,2648,7913,558,76,88
2024,2024necmp2,Week 6,230,9729,5422,2079,5112,195,56,96
2024,2024necmp2,Week 6,1922,6346,4473,2713,2067,8410,51,118
2024,2024necmp2,Week 6,1699,4176,8085,2168,6328,4311,92,94
2024,2024necmp2,Week 6,8544,176,8709,2877,1991,4909,98,94
2024,2024necmp2,Week 6,558,839,238,4905,8013,88,83,93
2024,2024necmp2,Week 6,5422,7913,173,138,467,1100,88,57
2024,2024necmp2,Week 6,2067,2648,1768,230,1757,5112,94,53
2024,2024necmp2,Week 6,2079,1350,9710,4473,1474,1119,55,94
2024,2024necmp2,Week 6,6346,8410,2423,3464,195,177,73,98
2024,2024necmp2,Week 6,190,9729,509,1922,5687,2713,77,144
2024,2024ohmv,Week 6,325,4576,4028,5740,4611,3193,73,77
2024,2024ohmv,Week 6,6964,1308,2603,2614,8222,4930,37,69
2024,2024ohmv,Week 6,3814,7460,8140,8393,2220,4085,41,63
2024,2024ohmv,Week 6,554,4467,8145,1507,677,9597,50,50
2024,2024ohmv,Week 6,4269,424,2358,5811,1317,3184,31,79
2024,2024ohmv,Week 6,8243,2010,1014,1038,4145,3260,54,80
2024,2024ohmv,Week 6,144,451,6302,6936,6032,5492,69,34
2024,2024ohmv,Week 6,128,48,7165,3492,3324,3201,71,61
2024,2024ohmv,Week 6,554,4085,5667,9097,8145,4576,52,44
2024,2024ohmv,Week 6,4611,4467,8140,2603,5811,3814,75,75
2024,2024ohmv,Week 6,1308,8222,1507,8243,325,2220,45,88
2024,2024ohmv,Week 6,4028,4145,2614,677,3184,3260,98,60
2024,2024ohmv,Week 6,3193,128,451,144,7460,6032,50,73
2024,2024ohmv,Week 6,4930,7165,5492,8393,2010,3324,53,59
2024,2024ohmv,Week 6,1038,5740,5667,4269,9597,3201,70,67
2024,2024ohmv,Week 6,6964,6936,1014,2358,3492,9097,41,37
2024,2024ohmv,Week 6,48,6302,8145,424,1317,4028,60,62
2024,2024ohmv,Week 6,5811,4576,1308,1507,128,325,47,79
2024,2024ohmv,Week 6,2603,4611,2614,7165,554,7460,58,74
2024,2024ohmv,Week 6,6032,4085,451,2010,9597,4930,41,56
2024,2024ohmv,Week 6,5492,4269,3814,6936,3260,3492,45,71
2024,2024ohmv,Week 6,144,3201,2220,3184,9097,8243,104,44
2024,2024ohmv,Week 6,3193,1014,8140,4467,5667,424,40,110
2024,2024ohmv,Week 6,8393,677,1038,1317,8222,6302,80,22
2024,2024ohmv,Week 6,48,3324,4145,6964,2358,5740,71,45
2024,2024ohmv,Week 6,8145,2010,6936,2614,3260,5811,37,80
2024,2024ohmv,Week 6,7460,5492,1507,4085,4028,3814,61,82
2024,2024ohmv,Week 6,1014,4930,6032,4611,2220,7165,34,70
2024,2024ohmv,Week 6,4269,325,451,424,6302,3492,75,69
2024,2024ohmv,Week 6,1308,677,3324,8243,5667,8140,35,77
2024,2024ohmv,Week 6,2358,4576,9597,4145,8393,2603,66,63
2024,2024ohmv,Week 6,128,1038,3184,48,9097,4467,54,62
2024,2024ohmv,Week 6,144,8222,6964,554,1317,3201,57,72
2024,2024ohmv,Week 6,5740,7165,4269,3193,1507,4085,31,78
2024,2024ohmv,Week 6,5667,3492,5811,2614,6032,2220,108,64
2024,2024ohmv,Week 6,8393,2358,6936,4611,4028,2010,64,82
2024,2024ohmv,Week 6,3324,424,4930,7460,4576,4145,48,59
2024,2024ohmv,Week 6,1317,3260,48,1308,451,4467,85,63
2024,2024ohmv,Week 6,8222,3201,1014,3184,3193,6302,60,79
2024,2024ohmv,Week 6,9097,3814,325,9597,8145,6964,71,41
2024,2024ohmv,Week 6,677,2603,5740,128,5492,144,49,36
2024,2024ohmv,Week 6,8140,554,424,1038,8243,2358,61,56
2024,2024ohmv,Week 6,4467,3324,4269,4611,8393,6032,51,67
2024,2024ohmv,Week 6,6936,3184,8222,7165,1507,4576,44,66
2024,2024ohmv,Week 6,9097,1317,1308,2010,3193,7460,21,66
2024,2024ohmv,Week 6,325,3260,4085,3201,677,48,87,74
2024,2024ohmv,Week 6,2220,8145,2603,451,1038,6964,78,73
2024,2024ohmv,Week 6,5811,5740,8243,3814,4930,5667,72,61
2024,2024ohmv,Week 6,8140,9597,128,1014,2614,5492,62,72
2024,2024ohmv,Week 6,3492,4145,144,6302,554,4028,87,49
2024,2024ohmv,Week 6,6032,7165,677,7460,2358,3260,56,68
2024,2024ohmv,Week 6,3184,4269,4611,8222,9097,451,57,25
2024,2024ohmv,Week 6,1507,5667,1317,325,4930,6936,75,65
2024,2024ohmv,Week 6,3201,5811,8145,1308,8393,1014,91,52
2024,2024ohmv,Week 6,2220,6964,2010,424,5740,9597,82,49
2024,2024ohmv,Week 6,3193,3492,48,5492,8140,4145,74,71
2024,2024ohmv,Week 6,4576,4467,1038,4085,144,2614,81,97
2024,2024ohmv,Week 6,8243,3814,554,6302,2603,128,67,53
2024,2024ohmv,Week 6,4028,5811,677,3324,451,7165,51,59
2024,2024ohmv,Week 6,5667,7460,3201,2358,1507,4611,108,72
2024,2024ohmv,Week 6,9097,4145,5740,8145,8140,8222,71,28
2024,2024ohmv,Week 6,2220,4576,3492,4467,5492,1317,60,66
2024,2024ohmv,Week 6,2603,2010,554,1014,325,3184,78,87
2024,2024ohmv,Week 6,424,1038,6032,3814,6936,1308,55,60
2024,2024ohmv,Week 6,9597,2614,8393,48,144,8243,86,63
2024,2024ohmv,Week 6,4085,6964,4930,4028,128,4269,50,84
2024,2024ohmv,Week 6,1507,6302,3260,3324,3193,9097,82,25
2024,2024ohmv,Week 6,4145,2358,4467,325,5667,7165,86,81
2024,2024ohmv,Week 6,3201,6032,2010,4576,8140,2603,50,53
2024,2024ohmv,Week 6,451,2614,1317,1014,5740,3814,57,56
2024,2024ohmv,Week 6,5492,4611,48,8145,4269,144,92,68
2024,2024ohmv,Week 6,4028,3324,3184,9597,1308,1038,75,73
2024,2024ohmv,Week 6,128,3492,8222,3260,8393,424,37,80
2024,2024ohmv,Week 6,4930,2220,3193,554,6936,677,51,63
2024,2024ohmv,Week 6,6302,8243,6964,4085,7460,5811,44,85
2024,2024ohmv,Week 6,1507,3201,2614,6032,3814,4145,104,46
2024,2024ohmv,Week 6,1317,8145,325,8140,144,3324,44,73
2024,2024ohmv,Week 6,5667,4028,8222,2010,4467,128,66,59
2024,2024ohmv,Week 6,7165,9097,8393,5492,424,677,53,63
2024,2024ohmv,Week 6,2603,8243,7460,6936,48,4269,77,50
2024,2024ohmv,Week 6,2220,6302,2358,451,4930,4576,45,68
2024,2024ohmv,Week 6,5740,4085,1308,3492,1014,554,28,63
2024,2024ohmv,Week 6,3260,9597,3193,1038,5811,4611,76,93
2024,2024ohmv,Week 6,3184,5492,8393,6964,6032,5667,46,58
2024,2024ohmv,Week 6,2614,424,9097,3324,2603,1507,83,63
2024,2024ohmv,Week 6,451,4028,8145,4576,3201,8243,86,73
2024,2024ohmv,Week 6,4145,4085,128,1317,6936,2220,63,43
2024,2024ohmv,Week 6,9597,144,554,8222,7165,5811,63,63
2024,2024ohmv,Week 6,3814,3193,4467,2010,48,2358,71,72
2024,2024ohmv,Week 6,3260,1308,4611,6302,8140,5740,53,52
2024,2024ohmv,Week 6,4930,3184,7460,3492,1038,325,56,70
2024,2024ohmv,Week 6,677,1014,4576,4269,6964,1507,72,67
2024,2024oncmp1,Week 6,3739,1241,3756,1114,7200,9659,60,64
2024,2024oncmp1,Week 6,6875,781,7136,5031,4946,1305,54,91
2024,2024oncmp1,Week 6,9621,1360,2056,6140,2708,9785,99,77
2024,2024oncmp1,Week 6,7603,5672,4688,2386,5032,7475,38,60
2024,2024oncmp1,Week 6,7480,2702,2852,7712,5406,8789,53,74
2024,2024oncmp1,Week 6,772,5834,6854,2200,9782,8081,41,81
2024,2024oncmp1,Week 6,4976,3683,2609,6864,865,4343,95,75
2024,2024oncmp1,Week 6,8884,5870,8089,9262,7058,4678,62,70
2024,2024oncmp1,Week 6,9621,7022,3739,2935,2056,6875,47,109
2024,2024oncmp1,Week 6,5031,2708,2702,6140,7200,5032,54,39
2024,2024oncmp1,Week 6,9659,7475,772,7712,2386,1360,43,73
2024,2024oncmp1,Week 6,5834,8081,8789,5406,2609,865,46,66
2024,2024oncmp1,Week 6,2852,7058,1241,1305,9262,2200,57,77
2024,2024oncmp1,Week 6,7136,2935,3683,5672,1114,7022,72,69
2024,2024oncmp1,Week 6,4946,4976,781,5870,4678,9782,105,70
2024,2024oncmp1,Week 6,4688,6854,4343,7480,8884,3756,40,75
2024,2024oncmp1,Week 6,6864,7603,3739,9785,8089,8081,37,58
2024,2024oncmp1,Week 6,2056,2852,5031,865,9659,7058,98,82
2024,2024oncmp1,Week 6,7200,5406,9262,2386,7022,7136,52,46
2024,2024oncmp1,Week 6,4678,5032,772,1241,2708,2609,69,39
2024,2024oncmp1,Week 6,3756,3683,6854,7475,1360,2702,70,56
2024,2024oncmp1,Week 6,9782,6864,8884,4343,7712,9621,49,57
2024,2024oncmp1,Week 6,9785,781,5834,2935,7480,4688,51,53
2024,2024oncmp1,Week 6,8089,5672,4946,1305,6140,8789,66,75
2024,2024oncmp1,Week 6,2200,7603,1114,4976,6875,5870,68,59
2024,2024oncmp1,Week 6,7022,772,2708,3739,7475,6854,32,33
2024,2024oncmp1,Week 6,3683,4678,1360,7058,2702,7712,87,78
2024,2024oncmp1,Week 6,865,5032,1241,7480,9262,5031,60,48
2024,2024oncmp1,Week 6,9782,8089,2852,7200,4946,4688,41,84
2024,2024oncmp1,Week 6,1305,2935,2386,4343,8789,4976,83,73
2024,2024oncmp1,Week 6,8884,2056,5406,6864,6875,1114,133,67
2024,2024oncmp1,Week 6,2609,5870,5834,7136,9785,9659,61,49
2024,2024oncmp1,Week 6,9621,6140,2200,3756,781,7603,56,50
2024,2024oncmp1,Week 6,6854,7480,8081,5672,4678,5031,46,74
2024,2024oncmp1,Week 6,865,3739,2708,2702,9782,2935,53,55
2024,2024oncmp1,Week 6,5032,7022,4946,8884,4343,7058,68,79
2024,2024oncmp1,Week 6,9659,2609,8089,1114,7136,2852,84,64
2024,2024oncmp1,Week 6,7475,3756,6864,5834,1241,6140,40,50
2024,2024oncmp1,Week 6,9262,8789,6875,4688,1360,9785,37,57
2024,2024oncmp1,Week 6,7712,4976,1305,2056,8081,7200,89,127
2024,2024oncmp1,Week 6,2386,5870,2200,3683,9621,772,56,66
2024,2024oncmp1,Week 6,7603,5406,9659,781,5672,865,58,68
2024,2024oncmp1,Week 6,2609,1114,6140,7022,6854,4678,88,61
2024,2024oncmp1,Week 6,5031,8789,9785,4343,3739,9782,42,59
2024,2024oncmp1,Week 6,9262,8884,2935,8081,7475,4688,88,76
2024,2024oncmp1,Week 6,5870,1305,7480,2702,2056,3683,48,155
2024,2024oncmp1,Week 6,5032,3756,4976,781,8089,7712,83,85
2024,2024oncmp1,Week 6,2708,2200,7200,5406,5834,4946,50,72
2024,2024oncmp1,Week 6,7058,6864,5672,6875,2386,772,45,63
2024,2024oncmp1,Week 6,1360,1241,7136,2852,7603,9621,50,44
2024,2024oncmp1,Week 6,9659,1305,4343,4678,4688,6140,88,96
2024,2024oncmp1,Week 6,3756,8089,9262,2609,9782,2056,34,92
2024,2024oncmp1,Week 6,2200,8884,9785,7200,5031,7022,97,54
2024,2024oncmp1,Week 6,4946,3683,7475,3739,772,5406,59,71
2024,2024oncmp1,Week 6,6854,6875,5032,865,2386,2852,31,85
2024,2024oncmp1,Week 6,7058,8789,781,2708,5834,1114,62,75
2024,2024oncmp1,Week 6,7712,7480,6864,5870,2935,7603,33,51
2024,2024oncmp1,Week 6,2702,7136,5672,1241,9621,4976,50,71
2024,2024oncmp1,Week 6,1360,6140,9782,8081,5406,3683,52,109
2024,2024oncmp1,Week 6,1305,865,4678,772,3756,2200,78,77
2024,2024oncmp1,Week 6,781,3739,2386,2852,2609,8884,84,46
2024,2024oncmp1,Week 6,8089,7475,2708,7480,9785,6875,67,61
2024,2024oncmp1,Week 6,7136,9262,4946,2935,6864,6854,71,65
2024,2024oncmp1,Week 6,1114,7712,5031,9621,2702,5834,67,48
2024,2024oncmp1,Week 6,8789,4688,2056,7022,7603,1241,86,59
2024,2024oncmp1,Week 6,5672,4343,7200,1360,7058,5870,54,53
2024,2024oncmp1,Week 6,8081,5032,8884,4976,9659,2708,70,79
2024,2024oncmp1,Week 6,6140,772,9262,3739,7136,7480,63,51
2024,2024oncmp1,Week 6,9785,2935,7712,6854,2200,8089,92,81
2024,2024oncmp1,Week 6,5406,5031,9621,4678,2386,2609,63,85
2024,2024oncmp1,Week 6,4343,1114,1360,2056,865,7475,78,115
2024,2024oncmp1,Week 6,5672,9782,9659,2702,7200,7603,36,56
2024,2024oncmp1,Week 6,1241,4688,6875,5870,781,3683,61,55
2024,2024oncmp1,Week 6,6864,5834,7022,5032,2852,1305,70,78
2024,2024oncmp1,Week 6,7058,4976,8081,8789,4946,3756,78,60
2024,2024oncmp1,Week 6,2386,4343,7480,1360,2200,3739,67,102
2024,2024oncmp1,Week 6,9785,865,9782,7136,8884,7712,40,75
2024,2024oncmp1,Week 6,7603,2056,6140,6854,5031,2609,93,28
2024,2024oncmp1,Week 6,7475,1305,7200,4678,9621,781,97,82
2024,2024oncmp1,Week 6,1114,4688,2702,772,4946,6864,81,85
2024,2024oncmp1,Week 6,6875,7058,5406,9659,1241,2935,51,67
2024,2024oncmp1,Week 6,7022,3683,9262,5834,4976,8089,99,76
2024,2024oncmp1,Week 6,2708,2852,5870,8081,5672,3756,43,51
2024,2024oncmp1,Week 6,5032,2200,2056,7475,7136,8789,96,53
2024,2024oncmp1,Week 6,2609,1360,7480,9782,1114,1305,61,73
2024,2024oncmp1,Week 6,1241,9785,2386,4946,6140,865,99,109
2024,2024oncmp1,Week 6,4688,9621,7058,4976,6854,5406,52,88
2024,2024oncmp1,Week 6,5834,7712,4678,6875,3739,5672,83,51
2024,2024oncmp1,Week 6,3756,7022,5870,5031,6864,5032,44,51
2024,2024oncmp1,Week 6,8789,7200,2935,3683,9659,8884,51,63
2024,2024oncmp1,Week 6,7603,772,4343,2852,9262,781,66,69
2024,2024oncmp1,Week 6,2708,8081,2386,8089,2702,1241,69,56
2024,2024oncmp1,Week 6,4688,2609,3739,2200,7712,5672,82,98
2024,2024oncmp1,Week 6,6140,6875,7475,9782,3756,7058,47,48
2024,2024oncmp1,Week 6,8789,6854,865,7200,5870,6864,71,59
2024,2024oncmp1,Week 6,2935,5031,4976,772,2852,1360,71,91
2024,2024oncmp1,Week 6,781,8081,2702,2056,4343,7136,73,109
2024,2024oncmp1,Week 6,3683,1305,5834,8884,2708,7603,64,28
2024,2024oncmp1,Week 6,4946,9659,9621,8089,7480,7022,67,54
2024,2024oncmp1,Week 6,5406,4678,1114,9262,9785,5032,103,68
2024,2024oncmp2,Week 6,8764,6162,7509,7558,8729,9580,50,53
2024,2024oncmp2,Week 6,1310,6110,4308,5409,4951,1285,48,42
2024,2024oncmp2,Week 6,2013,7659,8574,9569,9562,5912,41,57
2024,2024oncmp2,Week 6,4903,8731,4069,9062,2198,7902,50,46
2024,2024oncmp2,Week 6,5719,5036,3161,1334,4917,6135,82,54
2024,2024oncmp2,Week 6,4476,188,4015,4992,1325,4039,42,74
2024,2024oncmp2,Week 6,5024,4920,5885,2706,7520,4907,99,58
2024,2024oncmp2,Week 6,6978,3543,4940,2634,610,6992,56,53
2024,2024oncmp2,Week 6,9098,1310,8729,9562,4069,4152,58,48
2024,2024oncmp2,Week 6,5409,6110,9580,6135,9062,7659,63,65
2024,2024oncmp2,Week 6,5719,9569,4903,4951,7558,1325,32,71
2024,2024oncmp2,Week 6,5912,4476,6162,4015,7902,5024,71,72
2024,2024oncmp2,Week 6,4308,1334,5885,2013,3543,7509,75,29
2024,2024oncmp2,Week 6,3161,4152,2706,188,4992,610,79,47
2024,2024oncmp2,Week 6,9098,2634,6978,1285,4920,8764,98,16
2024,2024oncmp2,Week 6,5036,6992,7520,4039,2198,4940,50,60
2024,2024oncmp2,Week 6,4917,8574,4903,8731,4907,1310,77,50
2024,2024oncmp2,Week 6,7509,6135,4308,4069,1334,4015,43,62
2024,2024oncmp2,Week 6,188,1325,5024,6110,4152,2013,85,38
2024,2024oncmp2,Week 6,8729,4992,2706,5912,9098,9580,39,62
2024,2024oncmp2,Week 6,9062,8764,5036,4920,6992,7659,67,56
2024,2024oncmp2,Week 6,4907,3161,9569,3543,8731,4476,105,54
2024,2024oncmp2,Week 6,610,6162,4917,4940,7520,7558,72,37
2024,2024oncmp2,Week 6,4951,2634,4039,8574,5719,9562,74,48
2024,2024oncmp2,Week 6,5885,5409,7902,6978,1285,2198,74,41
2024,2024oncmp2,Week 6,9098,8764,1334,188,5912,5036,85,54
2024,2024oncmp2,Week 6,8731,9569,4920,6992,4992,6110,52,26
2024,2024oncmp2,Week 6,4940,4308,610,5024,8729,4903,63,45
2024,2024oncmp2,Week 6,2013,1310,4015,7659,2706,2634,50,76
2024,2024oncmp2,Week 6,4069,9062,4917,1325,1285,3543,83,61
2024,2024oncmp2,Week 6,8574,4951,7520,9580,7902,3161,27,60
2024,2024oncmp2,Week 6,6135,9562,6978,4907,7509,4476,56,76
2024,2024oncmp2,Week 6,4039,6162,7558,5409,2198,4152,96,90
2024,2024oncmp2,Week 6,1310,7659,5885,5719,9098,610,65,99
2024,2024oncmp2,Week 6,8729,4940,4015,6110,8731,1285,37,47
2024,2024oncmp2,Week 6,3543,2706,9569,7520,5024,4308,43,77
2024,2024oncmp2,Week 6,7509,9562,3161,9062,1325,2634,46,82
2024,2024oncmp2,Week 6,1334,4903,5912,4152,6992,4917,68,84
2024,2024oncmp2,Week 6,7902,4907,5719,2013,9580,188,42,58
2024,2024oncmp2,Week 6,4992,4069,2198,6162,5409,8574,44,66
2024,2024oncmp2,Week 6,5885,5036,4951,4476,6978,7558,41,96
2024,2024oncmp2,Week 6,4920,6135,3543,1310,8764,4039,48,100
2024,2024oncmp2,Week 6,2706,4940,6992,1325,9098,9569,66,79
2024,2024oncmp2,Week 6,3161,2013,7520,7509,4903,4152,73,60
2024,2024oncmp2,Week 6,5024,1285,5912,7902,9562,8731,69,45
2024,2024oncmp2,Week 6,6162,9062,4992,6978,5885,5719,75,95
2024,2024oncmp2,Week 6,1334,4476,4039,7659,7558,6110,117,44
2024,2024oncmp2,Week 6,2634,4308,8729,2198,6135,4907,80,52
2024,2024oncmp2,Week 6,5036,4015,610,8574,188,8764,77,46
2024,2024oncmp2,Week 6,4951,9580,4917,4069,4920,5409,67,95
2024,2024oncmp2,Week 6,6162,5024,1310,6992,2013,9062,59,58
2024,2024oncmp2,Week 6,8731,4992,7509,4039,4903,9098,28,78
2024,2024oncmp2,Week 6,2198,3161,7659,4907,1285,8729,52,78
2024,2024oncmp2,Week 6,1325,8764,6135,8574,7902,4940,69,54
2024,2024oncmp2,Week 6,9580,4152,2634,4476,4308,5036,79,72
2024,2024oncmp2,Week 6,6978,4069,188,9569,7520,1334,88,56
2024,2024oncmp2,Week 6,4917,6110,4920,5885,4015,5912,66,80
2024,2024oncmp2,Week 6,7558,3543,5719,9562,2706,5409,71,79
2024,2024oncmp2,Week 6,610,4039,2013,9098,4951,9062,98,70
2024,2024oncmp2,Week 6,7659,5036,6162,4308,8731,3161,41,28
2024,2024oncmp2,Week 6,4152,4907,4992,8764,7520,7902,83,63
2024,2024oncmp2,Week 6,8729,5885,1325,1334,5024,8574,84,43
2024,2024oncmp2,Week 6,3543,2198,9580,6110,5912,6978,23,61
2024,2024oncmp2,Week 6,4951,4903,6992,4476,5719,2706,64,114
2024,2024oncmp2,Week 6,2634,4015,9562,9569,610,4069,47,57
2024,2024oncmp2,Week 6,1310,5409,7509,4940,188,4920,70,71
2024,2024oncmp2,Week 6,1285,4917,9098,7558,6135,2013,94,59
2024,2024oncmp2,Week 6,6110,8574,1325,4308,6978,6162,65,63
2024,2024oncmp2,Week 6,8729,4476,7520,6992,5719,8764,105,67
2024,2024oncmp2,Week 6,4903,9580,4907,4015,4039,9062,82,83
2024,2024oncmp2,Week 6,2706,5912,4069,4940,3161,5885,83,92
2024,2024oncmp2,Week 6,6135,4152,8731,610,3543,4951,77,80
2024,2024oncmp2,Week 6,9562,4920,1310,2198,188,1334,46,60
2024,2024oncmp2,Week 6,7509,9569,7902,4917,5036,5409,55,116
2024,2024oncmp2,Week 6,1285,2634,7558,4992,7659,5024,106,55
2024,2024oncmp2,Week 6,3161,6992,8574,4907,9098,6110,45,79
2024,2024oncmp2,Week 6,4069,5719,4308,8764,6978,8731,69,68
2024,2024oncmp2,Week 6,1325,9580,4476,610,1310,2198,86,64
2024,2024oncmp2,Week 6,9562,5885,4903,6135,4940,9569,71,33
2024,2024oncmp2,Week 6,4920,2013,4992,5036,8729,3543,67,69
2024,2024oncmp2,Week 6,7558,5409,9062,7520,5912,2634,67,92
2024,2024oncmp2,Week 6,188,7659,4951,4917,7509,5024,65,80
2024,2024oncmp2,Week 6,4039,7902,1285,2706,6162,1334,92,76
2024,2024oncmp2,Week 6,4152,610,6978,4015,6110,6135,111,48
2024,2024oncmp2,Week 6,4920,8574,2198,5719,4940,2013,62,80
2024,2024oncmp2,Week 6,5912,7558,4907,5036,1310,1325,105,84
2024,2024oncmp2,Week 6,7520,4069,9098,4903,4476,7659,96,84
2024,2024oncmp2,Week 6,9569,9062,188,7902,8729,6162,96,65
2024,2024oncmp2,Week 6,5409,4015,8764,3161,5024,4951,64,94
2024,2024oncmp2,Week 6,2634,1334,8731,9580,5885,2706,64,69
2024,2024oncmp2,Week 6,6992,4039,9562,4308,4917,4992,62,94
2024,2024oncmp2,Week 6,7659,7509,1285,3543,8574,4152,62,59
2024,2024oncmp2,Week 6,5912,610,6135,6162,4907,4920,65,89
2024,2024oncmp2,Week 6,5024,6978,5036,4903,3161,1310,59,78
2024,2024oncmp2,Week 6,7520,1325,5409,8731,2013,8729,97,66
2024,2024oncmp2,Week 6,2198,2706,6110,8764,4917,9562,61,57
2024,2024oncmp2,Week 6,9062,1334,4940,4992,4951,4476,54,98
2024,2024oncmp2,Week 6,1285,9569,6992,9580,7509,5719,55,45
2024,2024oncmp2,Week 6,7902,7558,9098,4015,4308,3543,116,27
2024,2024oncmp2,Week 6,4152,4039,188,5885,2634,4069,118,94
2024,2024alhu,Week 6,1466,9590,4020,5410,7717,6107,68,35
2024,2024alhu,Week 6,7725,8841,3824,547,4635,323,41,77
2024,2024alhu,Week 6,8773,5557,6404,9476,3139,9067,77,46
2024,2024alhu,Week 6,2481,4256,538,34,2973,6517,99,51
2024,2024alhu,Week 6,2393,8772,3984,8624,4265,5800,43,59
2024,2024alhu,Week 6,3140,6652,5002,3959,9073,5005,37,18
2024,2024alhu,Week 6,9435,5045,2638,3966,9702,9787,48,38
2024,2024alhu,Week 6,4499,7111,4306,8773,931,120,57,41
2024,2024alhu,Week 6,4256,3824,3139,6107,4020,2973,25,54
2024,2024alhu,Week 6,323,8841,4265,538,7725,7717,80,34
2024,2024alhu,Week 6,3959,9590,5002,5557,8772,1466,27,50
2024,2024alhu,Week 6,6652,9702,5045,3984,3140,5410,22,61
2024,2024alhu,Week 6,9067,547,4306,4499,34,9435,37,77
2024,2024alhu,Week 6,9787,9073,2393,120,3966,6517,19,60
2024,2024alhu,Week 6,6404,8624,2481,5800,2638,4635,55,111
2024,2024alhu,Week 6,7111,931,8772,5005,9476,8841,56,30
2024,2024alhu,Week 6,3959,6107,3140,3984,4265,8773,40,54
2024,2024alhu,Week 6,4499,4256,5557,9702,1466,547,86,54
2024,2024alhu,Week 6,6652,9435,538,2393,7725,5002,15,12
2024,2024alhu,Week 6,6517,2638,9073,5045,3824,34,77,14
2024,2024alhu,Week 6,4306,9787,5410,9067,4635,8624,31,61
2024,2024alhu,Week 6,323,5800,3966,9590,9476,2973,62,19
2024,2024alhu,Week 6,7717,6404,931,120,7111,2481,54,102
2024,2024alhu,Week 6,4020,3139,2393,5005,5002,1466,58,51
2024,2024alhu,Week 6,4499,8772,7725,6517,5045,4256,37,54
2024,2024alhu,Week 6,2638,6107,8841,9073,3984,9067,68,58
2024,2024alhu,Week 6,9476,5800,9787,3959,5410,547,26,32
2024,2024alhu,Week 6,120,9435,2973,538,3140,5557,33,74
2024,2024alhu,Week 6,7111,3966,6652,4306,2481,3139,39,92
2024,2024alhu,Week 6,4265,4020,4635,931,34,323,99,44
2024,2024alhu,Week 6,9590,7717,5005,3824,6404,9702,18,36
2024,2024alhu,Week 6,8773,4499,6107,8624,3959,7725,52,26
2024,2024alhu,Week 6,9476,1466,2638,3140,9435,8841,46,65
2024,2024alhu,Week 6,9787,538,6517,5800,5557,7111,68,54
2024,2024alhu,Week 6,4256,34,4635,3139,3984,120,57,55
2024,2024alhu,Week 6,9702,9067,8772,323,6652,2481,51,60
2024,2024alhu,Week 6,5002,931,3824,8624,5410,3966,78,23
2024,2024alhu,Week 6,547,2393,8773,7717,9073,4020,31,54
2024,2024alhu,Week 6,6404,5005,2973,5045,4306,4265,30,45
2024,2024alhu,Week 6,4635,3959,9435,9590,7111,34,83,38
2024,2024alhu,Week 6,9476,323,120,3984,6517,6652,49,66
2024,2024alhu,Week 6,8772,5410,3139,538,4499,2638,47,72
2024,2024alhu,Week 6,9073,5557,8624,9702,7717,4256,65,47
2024,2024alhu,Week 6,931,2481,4265,3824,9787,4020,82,61
2024,2024alhu,Week 6,3140,5045,9590,2393,8841,4306,24,64
2024,2024alhu,Week 6,5002,547,3966,6107,9067,6404,15,64
2024,2024alhu,Week 6,2973,5800,1466,7725,5005,8773,61,8
2024,2024alhu,Week 6,9435,3139,5557,8772,9073,323,89,40
2024,2024alhu,Week 6,7717,6652,3959,4635,3824,4499,19,94
2024,2024alhu,Week 6,2638,2481,2393,931,4306,4256,95,48
2024,2024alhu,Week 6,4020,8624,538,5045,9476,6404,46,20
2024,2024alhu,Week 6,3966,9590,3984,547,6517,5005,59,59
2024,2024alhu,Week 6,1466,5410,9067,4265,120,7725,95,61
2024,2024alhu,Week 6,5002,8841,34,2973,8773,9787,49,30
2024,2024alhu,Week 6,5800,9702,3140,6107,7111,4256,53,35
2024,2024alhu,Week 6,4306,9435,9073,4020,8772,6404,26,55
2024,2024alhu,Week 6,3984,547,5045,538,3959,931,35,66
2024,2024alhu,Week 6,3966,2481,9476,4265,1466,4499,54,87
2024,2024alhu,Week 6,7717,6517,8773,5002,2638,323,65,63
2024,2024alhu,Week 6,34,5557,6107,8841,6652,5410,46,58
2024,2024alhu,Week 6,9067,2973,3824,9702,2393,7111,56,41
2024,2024alhu,Week 6,3139,7725,9590,9787,120,8624,15,36
2024,2024alhu,Week 6,4499,5005,5800,4635,3140,9073,46,85
2024,2024alhu,Week 6,1466,323,6517,4306,6404,3984,65,60
2024,2024alhu,Week 6,8841,538,3966,4020,4256,3959,44,83
2024,2024alhu,Week 6,4265,5002,7111,2638,547,6652,67,66
2024,2024alhu,Week 6,7725,9702,34,5557,2393,9476,28,63
2024,2024alhu,Week 6,5410,120,5005,2481,6107,9435,46,78
2024,2024alhu,Week 6,931,9067,5045,3139,5800,7717,74,29
2024,2024alhu,Week 6,3824,8773,3140,8772,9787,9590,37,46
2024,2024alhu,Week 6,2973,8624,547,6652,4635,1466,15,53
2024,2024alhu,Week 6,7111,3984,2638,5557,4020,7725,76,54
2024,2024alhu,Week 6,6404,323,3959,5410,4499,2393,60,69
2024,2024alhu,Week 6,6517,4306,9702,8841,3139,931,49,78
2024,2024alhu,Week 6,4256,8773,5800,9435,4265,3824,53,47
2024,2024alhu,Week 6,9073,538,9476,2481,9067,9590,10,100
2024,2024alhu,Week 6,4635,120,6107,5045,5002,8772,104,31
2024,2024alhu,Week 6,34,8624,7717,5005,3966,3140,26,63
2024,2024alhu,Week 6,9787,3959,4499,3984,2973,9702,87,58
2024,2024lake,Week 6,4738,5665,2221,3478,364,7483,77,90
2024,2024lake,Week 6,1421,8044,4065,9699,3468,5965,95,24
2024,2024lake,Week 6,6068,7094,7288,9717,6424,3753,31,52
2024,2024lake,Week 6,9708,3606,8808,4336,9084,4531,34,85
2024,2024lake,Week 6,2383,1818,3616,5971,3039,5526,58,37
2024,2024lake,Week 6,9405,4087,9309,2556,8067,9660,18,41
2024,2024lake,Week 6,9456,5276,6017,2080,1912,5785,53,44
2024,2024lake,Week 6,9761,9153,2283,4107,2183,5472,51,84
2024,2024lake,Week 6,456,6184,3468,9084,7288,2992,41,78
2024,2024lake,Week 6,4531,8044,5665,5971,4738,6424,60,90
2024,2024lake,Week 6,8067,9405,3039,5526,6068,1421,26,43
2024,2024lake,Week 6,1818,4336,9309,7094,5785,3478,44,52
2024,2024lake,Week 6,5472,4087,364,5276,8808,4107,40,70
2024,2024lake,Week 6,6017,2992,2221,9456,9660,9761,56,10
2024,2024lake,Week 6,2080,3616,6184,4065,9708,2556,45,53
2024,2024lake,Week 6,7483,3753,1912,9699,456,2183,42,44
2024,2024lake,Week 6,5965,9717,2283,3606,9153,2383,20,57
2024,2024lake,Week 6,3468,5472,7288,6068,5665,9405,26,27
2024,2024lake,Week 6,5971,6017,8044,2992,7094,8067,37,43
2024,2024lake,Week 6,1818,4107,1421,4531,2080,4738,45,66
2024,2024lake,Week 6,5526,1912,3616,2221,9309,9084,85,72
2024,2024lake,Week 6,8808,5965,5785,3753,3039,9761,48,28
2024,2024lake,Week 6,5276,6424,2183,3606,2556,456,85,48
2024,2024lake,Week 6,4087,9660,9717,7483,2283,9708,27,52
2024,2024lake,Week 6,2383,9699,6184,3478,4336,9456,59,77
2024,2024lake,Week 6,9153,364,5971,4065,3468,5526,49,76
2024,2024lake,Week 6,9309,8044,5965,6068,8808,1818,52,51
2024,2024lake,Week 6,3606,4738,5276,3616,9761,9405,93,40
2024,2024lake,Week 6,1912,2283,7094,1421,5665,2992,57,76
2024,2024lake,Week 6,5785,2383,6424,4107,6184,2221,64,74
2024,2024lake,Week 6,9660,7483,7288,2080,2183,3039,26,54
2024,2024lake,Week 6,4065,6017,4336,5472,456,3478,81,95
2024,2024lake,Week 6,3753,4087,9708,9456,4531,9153,18,57
2024,2024lake,Week 6,364,2556,9699,9717,8067,9084,47,65
2024,2024lake,Week 6,9405,2283,4738,1912,6184,8808,81,59
2024,2024lake,Week 6,5276,5971,6068,2221,1421,3606,24,36
2024,2024lake,Week 6,7288,2383,4065,6017,7483,9309,64,29
2024,2024lake,Week 6,3478,9761,6424,3616,9708,9153,107,35
2024,2024lake,Week 6,2556,9084,4107,3753,9660,8044,94,48
2024,2024lake,Week 6,5526,2183,4087,4336,3468,5665,43,64
2024,2024lake,Week 6,5785,9717,9699,2992,2080,5472,17,85
2024,2024lake,Week 6,3039,1818,9456,456,364,8067,21,71
2024,2024lake,Week 6,9708,7094,4531,5965,2221,9405,50,26
2024,2024lake,Week 6,9761,6068,7483,6184,5971,9084,24,82
2024,2024lake,Week 6,9660,5526,3606,8044,3478,1912,43,111
2024,2024lake,Week 6,2556,6424,4087,5472,1421,2383,56,96
2024,2024lake,Week 6,8067,5785,9456,2183,4065,5665,34,76
2024,2024lake,Week 6,4336,2080,3753,9309,5276,2283,44,46
2024,2024lake,Week 6,8808,456,7094,3616,4107,3468,81,91
2024,2024lake,Week 6,9717,3039,6017,4531,9699,1818,83,37
2024,2024lake,Week 6,4738,2992,364,9153,5965,7288,89,11
2024,2024lake,Week 6,8044,3606,8067,6184,5785,5472,51,45
2024,2024lake,Week 6,2221,9761,4336,5665,2556,3753,49,49
2024,2024lake,Week 6,3468,7483,8808,6424,9456,5526,67,47
2024,2024lake,Week 6,456,3616,4531,2283,9699,6068,88,24
2024,2024lake,Week 6,9084,9153,9660,7094,2383,5276,23,67
2024,2024lake,Week 6,9708,2992,3039,9309,4738,2183,58,90
2024,2024lake,Week 6,5971,3478,2080,4087,1912,5965,55,48
2024,2024lake,Week 6,4107,9405,4065,1818,7288,9717,65,19
2024,2024lake,Week 6,364,1421,3616,6017,3753,6184,82,54
2024,2024lake,Week 6,2283,4531,5785,9084,5526,7483,52,80
2024,2024lake,Week 6,3468,8067,5276,2383,9708,4738,49,74
2024,2024lake,Week 6,3039,5472,2556,7094,9456,5971,76,34
2024,2024lake,Week 6,1912,7288,9699,4087,1818,9761,31,34
2024,2024lake,Week 6,2183,3478,1421,8808,9717,364,96,54
2024,2024lake,Week 6,9153,2221,456,8044,9405,2080,46,57
2024,2024lake,Week 6,5665,9309,4107,5965,3606,6017,66,37
2024,2024lake,Week 6,9660,4336,2992,6424,4065,6068,56,59
2024,2024lake,Week 6,9699,5526,7094,7288,5276,9708,62,25
2024,2024lake,Week 6,9761,5472,1912,364,4531,2383,52,78
2024,2024lake,Week 6,9405,5971,3468,2283,3753,3478,48,101
2024,2024lake,Week 6,5665,9456,456,1421,9309,9717,65,38
2024,2024lake,Week 6,6184,5965,1818,2183,2221,9660,21,41
2024,2024lake,Week 6,4738,6068,9153,5785,6017,2556,59,48
2024,2024lake,Week 6,6424,9084,3606,3039,4065,4087,91,86
2024,2024lake,Week 6,2992,4107,8044,7483,3616,4336,102,57
2024,2024lake,Week 6,7288,8808,2080,8067,5665,5971,38,56
2024,2024mnmi,Week 6,3610,3026,2239,2177,9157,5913,50,22
2024,2024mnmi,Week 6,2169,2207,3038,2500,3007,2574,70,33
2024,2024mnmi,Week 6,3018,2470,4198,2491,4215,2472,51,57
2024,2024mnmi,Week 6,4664,4663,7068,2513,2511,2502,59,16
2024,2024mnmi,Week 6,5271,2846,3042,3630,3883,3751,30,57
2024,2024mnmi,Week 6,2225,8787,8234,2855,7850,2052,16,54
2024,2024mnmi,Week 6,2518,2450,3454,3926,2879,2823,36,83
2024,2024mnmi,Week 6,4693,3202,4632,3100,4277,2508,12,52
2024,2024mnmi,Week 6,3407,2530,2498,2175,7019,3691,60,54
2024,2024mnmi,Week 6,5996,2606,2143,3122,4225,4207,44,32
2024,2024mnmi,Week 6,5434,2500,4664,2239,5278,4198,49,37
2024,2024mnmi,Week 6,7068,2574,2511,3610,4215,3630,42,55
2024,2024mnmi,Week 6,2207,2502,2846,3038,3026,9157,84,21
2024,2024mnmi,Week 6,2823,8787,2177,3042,3926,2472,31,108
2024,2024mnmi,Week 6,3202,5271,2225,3454,2491,2879,20,53
2024,2024mnmi,Week 6,3883,7850,3100,4277,3007,3407,30,35
2024,2024mnmi,Week 6,4207,2470,2498,2508,8234,2169,46,49
2024,2024mnmi,Week 6,2175,2513,2855,2450,4632,5996,36,22
2024,2024mnmi,Week 6,2052,2518,4663,2606,7019,4225,53,26
2024,2024mnmi,Week 6,3751,4693,5913,2530,5278,3122,25,53
2024,2024mnmi,Week 6,2143,3018,2472,3691,5434,2511,63,13
2024,2024mnmi,Week 6,4664,3202,3610,8787,2846,2500,18,33
2024,2024mnmi,Week 6,3100,3038,2177,9157,3454,4198,48,18
2024,2024mnmi,Week 6,4215,3883,2239,2207,4207,3926,44,91
2024,2024mnmi,Week 6,3007,5996,2491,4632,3407,8234,54,27
2024,2024mnmi,Week 6,2574,2470,2450,2518,2498,3026,78,18
2024,2024mnmi,Week 6,3751,2606,5278,2225,7068,2175,26,50
2024,2024mnmi,Week 6,2052,3630,2530,2513,3018,3122,103,24
2024,2024mnmi,Week 6,4663,4277,5913,2143,2823,2855,47,70
2024,2024mnmi,Week 6,2879,2502,7019,3042,3691,4693,46,25
2024,2024mnmi,Week 6,2508,4225,7850,5434,2169,5271,36,35
2024,2024mnmi,Week 6,8234,3038,3883,2472,3610,8787,22,53
2024,2024mnmi,Week 6,2498,2177,5996,2511,3100,2846,25,37
2024,2024mnmi,Week 6,4664,3751,2207,2518,4632,2470,54,55
2024,2024mnmi,Week 6,2500,2513,3630,2225,3407,4207,60,36
2024,2024mnmi,Week 6,5913,3122,2175,4663,3926,2491,44,87
2024,2024mnmi,Week 6,2502,2855,4215,3202,7019,2052,66,57
2024,2024mnmi,Week 6,3454,2239,5434,4693,2574,2606,72,24
2024,2024mnmi,Week 6,2169,9157,3042,3018,2530,4277,12,62
2024,2024mnmi,Week 6,3691,3007,5278,4225,2823,3026,16,71
2024,2024mnmi,Week 6,7068,7850,2879,4198,2143,2508,33,58
2024,2024mnmi,Week 6,4207,5271,3610,2450,4664,2498,41,40
2024,2024mnmi,Week 6,2846,5996,2518,2472,5913,2225,48,52
2024,2024mnmi,Week 6,2855,2177,3122,4215,2175,2500,23,57
2024,2024mnmi,Week 6,5434,4632,2606,3630,3038,3926,32,58
2024,2024mnmi,Week 6,3042,2513,2207,8234,3454,3202,39,35
2024,2024mnmi,Week 6,5278,2823,2169,2052,2511,3407,58,49
2024,2024mnmi,Week 6,9157,2879,3691,3883,7068,2470,19,97
2024,2024mnmi,Week 6,2450,4663,3026,3018,4693,7850,55,25
2024,2024mnmi,Week 6,3100,2574,2143,7019,5271,8787,49,31
2024,2024mnmi,Week 6,4225,2491,4277,3751,2239,2502,44,52
2024,2024mnmi,Week 6,3926,2508,3007,4198,2846,2530,70,87
2024,2024mnmi,Week 6,2855,5913,2207,2498,3042,2606,54,20
2024,2024mnmi,Week 6,3630,2169,3202,5278,2518,2177,47,32
2024,2024mnmi,Week 6,9157,4215,8234,2823,4664,3407,32,67
2024,2024mnmi,Week 6,3691,3454,3018,7850,4207,4632,53,18
2024,2024mnmi,Week 6,2470,2225,3100,4663,5434,3038,42,71
2024,2024mnmi,Week 6,7019,3122,2450,8787,7068,2239,30,67
2024,2024mnmi,Week 6,2500,2472,3751,2879,2052,3007,57,27
2024,2024mnmi,Week 6,4693,4225,2143,2513,3610,2491,45,58
2024,2024mnmi,Week 6,3026,4198,2511,2175,4277,5271,27,53
2024,2024mnmi,Week 6,2508,2502,5996,3883,2530,2574,67,50
2024,2024mnmi,Week 6,2606,4664,2855,2177,3407,3018,56,43
2024,2024mnmi,Week 6,8234,3691,3630,5913,3100,3454,39,60
2024,2024mnmi,Week 6,2846,2498,2823,7068,3122,5434,64,68
2024,2024mnmi,Week 6,4207,8787,4663,2472,2207,9157,64,53
2024,2024mnmi,Week 6,4215,3751,2225,2143,2169,2450,30,48
2024,2024mnmi,Week 6,3926,3610,4277,2470,2052,2513,68,69
2024,2024mnmi,Week 6,4198,2500,7019,4632,3026,3883,60,47
2024,2024mnmi,Week 6,2491,3042,5278,2574,5996,7850,53,34
2024,2024mnmi,Week 6,3038,2239,4225,3202,2508,2175,44,62
2024,2024mnmi,Week 6,5271,2511,2518,2502,4693,3007,7,50
2024,2024mnmi,Week 6,2530,2177,5434,2879,8234,4207,56,45
2024,2024mnmi,Week 6,3122,2472,2169,2207,3100,7068,62,53
2024,2024mnmi,Week 6,4277,3691,2513,8787,2606,4215,48,15
2024,2024mnmi,Week 6,3454,2052,3883,3026,2143,4664,75,46
2024,2024mnmi,Week 6,7019,3018,2823,5996,2225,3610,71,26
2024,2024mnmi,Week 6,7850,9157,3926,2498,3202,3751,46,35
2024,2024mnmi,Week 6,5271,5278,4693,2470,2855,3038,21,74
2024,2024mnmi,Week 6,2511,2491,2500,2530,2450,2508,65,75
2024,2024mnmi,Week 6,2574,2879,4632,2846,5913,4225,37,84
2024,2024mnmi,Week 6,3407,4198,2518,2239,3042,4663,33,58
2024,2024mnmi,Week 6,3007,2175,8787,2502,3630,3454,53,75
2024,2024mnmi,Week 6,4277,2225,7019,2177,8234,4664,37,37
2024,2024mnmi,Week 6,3610,5434,2052,5996,2207,3691,83,58
2024,2024mnmi,Week 6,3026,4207,2513,2823,3751,3100,52,55
2024,2024mnmi,Week 6,2606,2500,2530,7850,2472,5271,76,43
2024,2024mnmi,Week 6,4225,3926,2574,2511,2855,9157,69,40
2024,2024mnmi,Week 6,3038,2508,7068,5913,2518,3018,48,63
2024,2024mnmi,Week 6,4632,2498,4215,5278,4663,2879,35,48
2024,2024mnmi,Week 6,2239,2143,2470,3007,3630,3042,91,65
2024,2024mnmi,Week 6,2491,2175,4693,2169,3883,2846,78,54
2024,2024mnmi,Week 6,3407,2450,2502,3122,4198,3202,59,25
2024,2024mokc,Week 6,1847,9410,5126,1730,4766,2001,52,71
2024,2024mokc,Week 6,1982,1723,5454,1810,2345,8825,77,45
2024,2024mokc,Week 6,5801,1802,5809,4455,1763,1764,77,40
2024,2024mokc,Week 6,2972,6805,9626,4213,1825,2457,56,53
2024,2024mokc,Week 6,5098,1769,937,1939,9316,4959,46,45
2024,2024mokc,Week 6,1775,1108,5918,1987,8112,7531,25,53
2024,2024mokc,Week 6,4522,7064,6843,2357,1806,1997,39,84
2024,2024mokc,Week 6,1982,1730,9410,5809,5126,2345,68,74
2024,2024mokc,Week 6,1847,1723,4213,6805,4766,4455,23,60
2024,2024mokc,Week 6,9626,2457,5801,4959,2001,5454,73,28
2024,2024mokc,Week 6,1825,9316,1810,1939,1108,7531,44,84
2024,2024mokc,Week 6,1802,937,5918,1806,1764,7064,22,60
2024,2024mokc,Week 6,4522,1997,8825,1769,1775,2357,57,62
2024,2024mokc,Week 6,1987,6843,5098,1763,2972,8112,56,29
2024,2024mokc,Week 6,5126,4455,9626,5454,5801,2345,42,79
2024,2024mokc,Week 6,4766,5809,4213,9316,1108,2457,96,61
2024,2024mokc,Week 6,1730,1806,937,7531,6805,1982,68,42
2024,2024mokc,Week 6,1764,2001,1939,1723,1997,1775,59,47
2024,2024mokc,Week 6,1769,8825,1825,7064,9410,1763,46,45
2024,2024mokc,Week 6,4959,4522,2357,1802,8112,5098,98,28
2024,2024mokc,Week 6,1810,2972,6843,5918,1847,1987,61,51
2024,2024mokc,Week 6,7531,4766,2457,937,1982,2345,67,35
2024,2024mokc,Week 6,1997,5126,9316,1108,1723,4455,24,69
2024,2024mokc,Week 6,9626,5809,9410,1775,1939,7064,67,58
2024,2024mokc,Week 6,8825,2357,1764,6805,5454,8112,86,22
2024,2024mokc,Week 6,1825,6843,5801,4522,1802,1810,47,27
2024,2024mokc,Week 6,1763,5918,1806,2001,2972,1769,38,28
2024,2024mokc,Week 6,4959,4213,1987,5098,1730,1847,86,57
2024,2024mokc,Week 6,2345,9626,9316,937,5126,1939,18,27
2024,2024mokc,Week 6,2357,7531,7064,1108,6805,1764,69,77
2024,2024mokc,Week 6,1802,1775,1825,6843,5454,4766,43,66
2024,2024mokc,Week 6,8112,4455,9410,1810,1997,1763,30,53
2024,2024mokc,Week 6,1847,1769,2457,8825,5098,5918,48,41
2024,2024mokc,Week 6,1723,1987,1730,5809,1806,4959,73,51
2024,2024mokc,Week 6,1982,4213,2972,5801,4522,2001,66,57
2024,2024mokc,Week 6,4766,1939,9626,1802,7531,6843,68,31
2024,2024mokc,Week 6,5454,1763,1775,9316,937,6805,23,26
2024,2024mokc,Week 6,2457,7064,2345,1764,1769,5918,68,45
2024,2024mokc,Week 6,1730,1825,1108,1987,1806,4455,86,80
2024,2024mokc,Week 6,1723,4959,2972,9410,5801,8825,43,90
2024,2024mokc,Week 6,1997,5098,2001,1982,8112,4522,46,58
2024,2024mokc,Week 6,5809,1810,1847,4213,2357,5126,49,75
2024,2024mokc,Week 6,6805,5918,1939,1763,4766,1802,45,48
2024,2024mokc,Week 6,5454,1987,9316,7531,1769,4455,70,20
2024,2024mokc,Week 6,2457,4959,9410,1806,6843,1108,75,43
2024,2024mokc,Week 6,1997,9626,1764,2972,1730,8825,53,69
2024,2024mokc,Week 6,937,5801,4213,1723,2357,1810,53,74
2024,2024mokc,Week 6,8112,2001,5809,1825,2345,5098,45,54
2024,2024mokc,Week 6,1775,1847,4522,5126,7064,1982,74,53
2024,2024mokc,Week 6,6805,2457,1802,9410,1987,1769,48,103
2024,2024mokc,Week 6,8825,1939,5454,1997,5918,4766,53,59
2024,2024mokc,Week 6,5801,2972,7531,1730,2357,9316,62,87
2024,2024mokc,Week 6,1108,1810,937,2001,2345,6843,64,30
2024,2024mokc,Week 6,8112,1775,1806,4455,4213,7064,33,50
2024,2024mokc,Week 6,5809,1763,4522,1847,9626,4959,101,32
2024,2024mokc,Week 6,1764,5098,1982,5126,1723,1825,74,58
2024,2024mokc,Week 6,1939,1730,1769,2972,5454,2357,89,79
2024,2024mokc,Week 6,4766,9410,1108,1987,937,1997,100,57
2024,2024mokc,Week 6,2345,4213,1775,6843,8825,6805,39,37
2024,2024mokc,Week 6,9316,4455,5801,5918,2457,4522,39,53
2024,2024mokc,Week 6,5098,5126,1810,1806,1802,9626,63,32
2024,2024mokc,Week 6,7064,4959,8112,1825,1982,5809,16,69
2024,2024mokc,Week 6,2001,1847,1763,7531,1764,1723,33,67
2024,2024mokc,Week 6,2345,1997,6805,9410,937,2972,55,86
2024,2024mokc,Week 6,4455,4522,1730,2457,6843,1939,73,50
2024,2024mokc,Week 6,5801,5098,1806,1775,8825,4766,74,84
2024,2024mokc,Week 6,8112,5918,4213,5126,4959,1802,37,68
2024,2024mokc,Week 6,1810,1764,1987,1769,5809,5454,83,84
2024,2024mokc,Week 6,7064,2001,1723,9316,7531,1847,36,49
2024,2024mokc,Week 6,2357,1108,1982,9626,1763,1825,83,37
2024,2024mokc,Week 6,5098,2457,2972,4455,1775,937,76,21
2024,2024mokc,Week 6,2345,1939,1806,4959,5801,1997,71,83
2024,2024mokc,Week 6,1764,4522,4766,9410,1810,6805,90,61
2024,2024mokc,Week 6,2001,7531,5126,8825,1987,5809,57,101
2024,2024mokc,Week 6,2357,1825,8112,5918,9626,1723,65,32
2024,2024mokc,Week 6,6843,1982,1763,4213,9316,1769,39,34
2024,2024mokc,Week 6,5454,1802,1730,1108,7064,1847,77,57
2024,2024mokc,Week 6,4766,1810,4959,2972,1764,1775,63,57
2024,2024mokc,Week 6,1806,6805,5126,2457,5809,1997,52,82
2024,2024mokc,Week 6,937,8825,1723,4522,1825,1987,46,116
2024,2024mokc,Week 6,6843,4455,2357,9626,1982,2001,56,41
2024,2024mokc,Week 6,7064,9316,1802,1763,2345,1730,42,58
2024,2024mokc,Week 6,1769,8112,1108,1939,1847,5801,42,85
2024,2024mokc,Week 6,5918,5454,7531,4213,9410,5098,41,84
2024,2024okok,Week 6,3172,9462,9701,9472,1819,935,17,50
2024,2024okok,Week 6,4005,5013,6647,4523,9495,8711,53,56
2024,2024okok,Week 6,7464,2773,2352,4603,5889,3660,30,69
2024,2024okok,Week 6,3931,2373,8086,6809,3160,9401,57,65
2024,2024okok,Week 6,2122,9667,2718,1209,6026,2083,58,64
2024,2024okok,Week 6,3163,3284,2341,59,2359,31,40,73
2024,2024okok,Week 6,2333,4500,7744,3465,5119,3247,34,52
2024,2024okok,Week 6,9551,1561,2165,2395,5550,2410,73,39
2024,2024okok,Week 6,7464,4005,9472,3931,9701,3160,23,46
2024,2024okok,Week 6,5889,4523,935,2373,9667,1819,81,49
2024,2024okok,Week 6,3660,9495,6809,3163,3172,8711,34,24
2024,2024okok,Week 6,7744,3465,1209,6647,59,2773,28,61
2024,2024okok,Week 6,2359,9462,2341,4603,3247,9551,41,57
2024,2024okok,Week 6,5013,2083,2352,8086,1561,31,39,78
2024,2024okok,Week 6,5550,5119,2718,2395,2122,9401,47,59
2024,2024okok,Week 6,6026,4500,3284,2333,2165,2410,83,43
2024,2024okok,Week 6,9701,935,3163,6809,7744,6647,38,44
2024,2024okok,Week 6,2773,3160,2373,9667,1209,2359,63,32
2024,2024okok,Week 6,2083,7464,3172,2352,9551,3465,39,31
2024,2024okok,Week 6,4603,1819,9495,3247,8086,5550,46,55
2024,2024okok,Week 6,3284,59,1561,3931,9462,2718,100,57
2024,2024okok,Week 6,4005,4523,2395,9401,2333,6026,36,80
2024,2024okok,Week 6,8711,5889,31,2410,9472,5119,65,16
2024,2024okok,Week 6,2341,5013,2122,2165,4500,3660,97,37
2024,2024okok,Week 6,5550,3172,6647,9667,8086,7464,66,31
2024,2024okok,Week 6,9701,3247,2373,2718,9551,3284,49,65
2024,2024okok,Week 6,2352,4005,9401,935,59,6026,64,94
2024,2024okok,Week 6,8711,2410,3931,2083,2359,5889,33,69
2024,2024okok,Week 6,2122,31,1819,9495,3160,3465,63,67
2024,2024okok,Week 6,4523,3660,1209,7744,2165,2395,63,48
2024,2024okok,Week 6,1561,5119,6809,2333,2341,4603,65,54
2024,2024okok,Week 6,9472,2773,4500,5013,3163,9462,46,64
2024,2024okok,Week 6,9551,8086,4005,5889,2718,6026,40,51
2024,2024okok,Week 6,3247,935,2359,5550,3465,2122,60,93
2024,2024okok,Week 6,3160,2395,3660,9495,2410,3284,51,65
2024,2024okok,Week 6,3172,59,7744,2373,8711,1561,42,66
2024,2024okok,Week 6,2773,9401,2341,9472,2083,6647,49,64
2024,2024okok,Week 6,4603,6809,9701,31,4523,4500,40,66
2024,2024okok,Week 6,2165,9462,7464,3163,2352,9667,55,28
2024,2024okok,Week 6,1209,5119,2333,1819,3931,5013,67,52
2024,2024okok,Week 6,3660,2718,3465,3160,8711,5550,51,66
2024,2024okok,Week 6,4005,2122,5889,2341,2395,3172,98,13
2024,2024okok,Week 6,4523,2083,59,9551,6809,4500,95,55
2024,2024okok,Week 6,3284,9472,3247,935,2352,1561,39,92
2024,2024okok,Week 6,2410,3163,4603,2333,2373,5013,41,79
2024,2024okok,Week 6,31,9401,7464,1819,6647,1209,60,72
2024,2024okok,Week 6,9462,6026,7744,2359,3931,9495,52,69
2024,2024okok,Week 6,9667,2773,2165,8086,9701,5119,48,42
2024,2024okok,Week 6,3465,3284,4523,2341,9472,6809,67,25
2024,2024okok,Week 6,1561,4603,2083,4005,3163,3160,74,27
2024,2024okok,Week 6,2352,8711,1819,4500,2373,2395,28,61
2024,2024okok,Week 6,6026,9551,2122,5013,7744,935,80,79
2024,2024okok,Week 6,9701,2333,5550,5889,1209,9462,48,82
2024,2024okok,Week 6,8086,2410,59,2359,7464,5119,66,49
2024,2024okok,Week 6,6647,9495,9667,2718,9401,2165,59,70
2024,2024okok,Week 6,3931,31,3247,3172,3660,2773,74,37
2024,2024okok,Week 6,3163,1561,3465,2122,2352,4523,62,84
2024,2024okok,Week 6,1819,5550,9551,3284,1209,4005,65,96
2024,2024okok,Week 6,3160,935,8086,8711,2341,9701,72,28
2024,2024okok,Week 6,9667,2395,59,7744,4603,9472,43,38
2024,2024okok,Week 6,2373,6647,6026,5119,3660,9462,81,45
2024,2024okok,Week 6,7464,2333,2718,9495,2773,31,47,76
2024,2024okok,Week 6,2165,5889,5013,3247,6809,2083,74,65
2024,2024okok,Week 6,4500,2359,2410,9401,3931,3172,66,83
2024,2024okok,Week 6,1209,5550,3163,2341,2352,8086,47,52
2024,2024okok,Week 6,5119,2122,3160,9462,4523,9551,97,53
2024,2024okok,Week 6,3660,6026,8711,1561,1819,2773,67,78
2024,2024okok,Week 6,2083,9495,2333,59,9701,9472,110,57
2024,2024okok,Week 6,935,2718,2395,4500,5013,7464,60,78
2024,2024okok,Week 6,3172,3465,5889,9401,3284,4603,53,101
2024,2024okok,Week 6,7744,2359,2373,31,2165,4005,57,65
2024,2024okok,Week 6,6809,9667,3931,6647,3247,2410,43,54
2024,2024okok,Week 6,9472,9551,2333,8086,3660,2122,59,55
2024,2024okok,Week 6,1561,1209,9495,5119,2083,935,100,71
2024,2024okok,Week 6,59,4500,3160,2773,5550,5889,96,76
2024,2024okok,Week 6,3284,3172,2359,9701,5013,4523,59,64
2024,2024okok,Week 6,2373,4603,2165,3465,6647,3931,68,67
2024,2024okok,Week 6,2718,2341,1819,2410,7744,2352,106,23
2024,2024okok,Week 6,2395,31,6809,9462,4005,9667,42,46
2024,2024okok,Week 6,8711,3247,9401,6026,7464,3163,77,49
2024,2024txcmp1,Week 6,4641,1745,3561,118,9478,9105,35,74
2024,2024txcmp1,Week 6,7312,4639,5892,2881,9136,5411,84,58
2024,2024txcmp1,Week 6,418,5829,7616,2158,1477,8598,59,67
2024,2024txcmp1,Week 6,9128,5103,6672,231,8019,8732,98,59
2024,2024txcmp1,Week 6,3005,2583,2582,9407,9140,7503,115,30
2024,2024txcmp1,Week 6,3676,6377,8576,3735,5503,3035,67,60
2024,2024txcmp1,Week 6,9492,6357,2468,9752,8370,8573,46,90
2024,2024txcmp1,Week 6,8507,7616,9105,4639,5829,2881,46,76
2024,2024txcmp1,Week 6,7312,5411,5103,2158,418,9128,65,79
2024,2024txcmp1,Week 6,3005,118,1477,9136,8598,4641,116,56
2024,2024txcmp1,Week 6,8019,6672,2583,9478,2582,5892,33,75
2024,2024txcmp1,Week 6,3735,9492,8370,1745,5503,9407,44,50
2024,2024txcmp1,Week 6,6377,231,9752,7503,8507,3676,100,59
2024,2024txcmp1,Week 6,9140,8573,2468,3561,8732,8576,70,51
2024,2024txcmp1,Week 6,5411,6357,2158,4641,3035,7616,49,51
2024,2024txcmp1,Week 6,8019,2582,2881,3005,9105,418,86,89
2024,2024txcmp1,Week 6,9128,5829,3735,8370,7312,2583,78,68
2024,2024txcmp1,Week 6,231,9407,118,6672,9752,4639,72,79
2024,2024txcmp1,Week 6,9478,8576,1745,8507,2468,8598,60,58
2024,2024txcmp1,Week 6,5103,3035,6377,1477,9492,9136,50,93
2024,2024txcmp1,Week 6,5892,7503,5503,8732,9140,6357,57,58
2024,2024txcmp1,Week 6,3561,8573,2582,3676,5411,2583,77,84
2024,2024txcmp1,Week 6,418,7312,8019,9752,4641,9407,64,61
2024,2024txcmp1,Week 6,3735,9105,2158,118,2468,8370,69,116
2024,2024txcmp1,Week 6,6672,9492,231,8576,7616,8598,69,46
2024,2024txcmp1,Week 6,9136,8507,5103,5503,9140,5829,34,86
2024,2024txcmp1,Week 6,9128,1477,6377,9478,7503,6357,118,64
2024,2024txcmp1,Week 6,1745,8732,3005,3561,4639,3676,83,85
2024,2024txcmp1,Week 6,3035,5892,2158,2881,8573,9105,42,74
2024,2024txcmp1,Week 6,2468,3735,6672,4641,5411,231,127,62
2024,2024txcmp1,Week 6,8598,5503,5103,2583,9752,118,40,101
2024,2024txcmp1,Week 6,9407,1477,9478,7312,9128,9140,65,101
2024,2024txcmp1,Week 6,3676,1745,9136,8019,8370,7616,97,41
2024,2024txcmp1,Week 6,8732,2582,5829,8573,6377,3005,64,69
2024,2024txcmp1,Week 6,7503,4639,8576,418,8507,5892,60,76
2024,2024txcmp1,Week 6,6357,2881,9752,9492,3561,3035,72,92
2024,2024txcmp1,Week 6,1477,231,9140,9105,5503,5411,98,79
2024,2024txcmp1,Week 6,8598,6672,1745,5103,2158,9407,48,27
2024,2024txcmp1,Week 6,7616,7312,8732,8370,6377,2582,76,92
2024,2024txcmp1,Week 6,8573,5892,118,4639,3005,2468,77,139
2024,2024txcmp1,Week 6,2881,3676,9478,5829,4641,7503,92,57
2024,2024txcmp1,Week 6,9492,8019,8507,3561,6357,2583,33,71
2024,2024txcmp1,Week 6,3035,9128,8576,9136,418,3735,92,104
2024,2024txcmp1,Week 6,5411,6377,9140,7616,1745,9752,73,97
2024,2024txcmp1,Week 6,3005,7312,8598,5892,2468,231,94,57
2024,2024txcmp1,Week 6,8370,4641,5503,2582,5103,7503,48,59
2024,2024txcmp1,Week 6,4639,2583,9492,2158,9478,8019,62,56
2024,2024txcmp1,Week 6,8507,3561,9128,2881,3035,6672,83,82
2024,2024txcmp1,Week 6,8576,418,8573,9105,8732,1477,58,79
2024,2024txcmp1,Week 6,9136,6357,118,9407,3676,5829,96,61
2024,2024txcmp1,Week 6,4641,3735,2582,1745,5892,6377,62,67
2024,2024txcmp1,Week 6,7616,2158,3005,9752,9478,5503,88,78
2024,2024txcmp1,Week 6,9140,8598,3561,231,2881,7312,50,87
2024,2024txcmp1,Week 6,9105,8576,2468,2583,1477,5103,99,61
2024,2024txcmp1,Week 6,6357,9407,8370,8507,5411,4639,41,53
2024,2024txcmp1,Week 6,3035,418,8732,8019,3735,3676,44,51
2024,2024txcmp1,Week 6,7503,6672,9136,8573,5829,9492,89,57
2024,2024txcmp1,Week 6,118,2881,7616,5892,9128,9752,120,97
2024,2024txcmp1,Week 6,6377,3561,2158,5103,9105,1745,67,71
2024,2024txcmp1,Week 6,8598,9407,4639,8576,2582,1477,46,108
2024,2024txcmp1,Week 6,8732,3735,5411,6357,8507,3005,80,86
2024,2024txcmp1,Week 6,9478,8573,4641,231,8370,9136,52,82
2024,2024txcmp1,Week 6,118,9140,418,7503,9492,7312,85,57
2024,2024txcmp1,Week 6,9128,3676,5503,5829,2468,8019,119,71
2024,2024txcmp1,Week 6,2583,3035,9105,6672,7616,9407,53,82
2024,2024txcmp1,Week 6,2582,9752,8507,1477,5892,3561,78,75
2024,2024txcmp1,Week 6,8573,9136,4639,3735,5103,2881,59,43
2024,2024txcmp1,Week 6,2158,7503,1745,8576,231,6357,52,63
2024,2024txcmp1,Week 6,2468,4641,7312,9492,8732,9128,105,88
2024,2024txcmp1,Week 6,5411,118,5829,2583,9478,418,112,69
2024,2024txcmp1,Week 6,8370,3676,3035,6672,3005,9140,58,145
2024,2024txcmp1,Week 6,5503,8019,8573,6377,8598,2881,34,83
2024,2024txcmp1,Week 6,7616,7503,1477,5103,3561,3735,84,44
2024,2024txcmp1,Week 6,9105,9752,9492,2582,9136,9128,72,106
2024,2024txcmp1,Week 6,5829,2583,5892,418,1745,231,69,74
2024,2024txcmp1,Week 6,3676,3005,4641,9140,2158,8507,140,48
2024,2024txcmp1,Week 6,5503,4639,6357,7312,8576,6672,59,108
2024,2024txcmp1,Week 6,8732,8370,9478,8598,118,3035,53,69
2024,2024txcmp1,Week 6,2468,9407,5411,6377,8019,7503,90,60
2024,2024txcmp1,Week 6,1477,2881,418,1745,2583,8573,76,87
2024,2024txcmp1,Week 6,9140,5103,9492,5892,3005,3735,60,98
2024,2024txcmp1,Week 6,5503,7616,3561,4639,9128,4641,75,104
2024,2024txcmp1,Week 6,3035,231,8507,2582,118,7312,53,108
2024,2024txcmp1,Week 6,5411,8598,9478,6357,9105,3676,57,71
2024,2024txcmp1,Week 6,9752,8576,8019,5829,6672,8370,66,92
2024,2024txcmp1,Week 6,9407,9136,6377,2468,2158,8732,53,50
2024,2024txcmp2,Week 6,5572,6768,8177,4206,2848,9054,30,101
2024,2024txcmp2,Week 6,9512,5414,9181,4063,7691,624,53,68
2024,2024txcmp2,Week 6,8874,9786,2714,9121,8858,8749,45,45
2024,2024txcmp2,Week 6,5427,3679,2687,2882,6488,6645,76,49
2024,2024txcmp2,Week 6,9080,6369,1296,148,324,4153,58,65
2024,2024txcmp2,Week 6,9088,4192,3847,7121,8528,2689,95,54
2024,2024txcmp2,Week 6,6800,5431,9418,7115,8088,3310,98,57
2024,2024txcmp2,Week 6,624,8858,4206,5212,2714,8749,88,68
2024,2024txcmp2,Week 6,6488,4063,2848,8177,9512,2687,77,59
2024,2024txcmp2,Week 6,7691,4153,6645,324,5572,9121,48,70
2024,2024txcmp2,Week 6,9786,9054,1296,9080,3679,4192,56,79
2024,2024txcmp2,Week 6,5431,6768,3310,8528,8088,9181,85,61
2024,2024txcmp2,Week 6,6369,5427,7121,2689,5414,7115,100,63
2024,2024txcmp2,Week 6,2882,9088,148,6800,5212,8874,32,61
2024,2024txcmp2,Week 6,9418,7691,2848,3847,8749,6488,49,72
2024,2024txcmp2,Week 6,8858,4153,9054,6645,9512,4192,25,58
2024,2024txcmp2,Week 6,1296,624,324,5431,2687,4206,81,66
2024,2024txcmp2,Week 6,5572,3310,2689,8177,7115,9786,92,22
2024,2024txcmp2,Week 6,5414,9080,7121,5212,2882,9121,64,42
2024,2024txcmp2,Week 6,8528,6369,2714,4063,5427,9418,69,98
2024,2024txcmp2,Week 6,3847,148,9181,8088,9088,3679,108,44
2024,2024txcmp2,Week 6,6768,6645,6800,8874,4192,5431,75,47
2024,2024txcmp2,Week 6,8858,6488,9512,2687,4153,2689,41,48
2024,2024txcmp2,Week 6,7115,7691,5212,3310,8177,1296,37,72
2024,2024txcmp2,Week 6,8528,2882,9786,5572,8749,624,39,69
2024,2024txcmp2,Week 6,2848,9121,6369,9088,9181,2714,55,47
2024,2024txcmp2,Week 6,8088,4206,9418,5414,3679,8874,90,75
2024,2024txcmp2,Week 6,3847,9080,6800,9054,6768,4063,64,59
2024,2024txcmp2,Week 6,324,7121,9512,5427,148,7115,70,43
2024,2024txcmp2,Week 6,2687,2882,8858,3310,8528,7691,72,83
2024,2024txcmp2,Week 6,5572,6645,5431,6488,2714,8177,89,50
2024,2024txcmp2,Week 6,3679,2848,4153,8088,5414,6369,65,79
2024,2024txcmp2,Week 6,9786,4206,9181,9080,9088,8874,50,54
2024,2024txcmp2,Week 6,324,2689,3847,6768,624,9418,96,84
2024,2024txcmp2,Week 6,1296,5212,5427,4063,4192,6800,49,86
2024,2024txcmp2,Week 6,8749,9054,3310,7121,148,9121,56,102
2024,2024txcmp2,Week 6,7691,8858,5431,2882,6369,3679,73,41
2024,2024txcmp2,Week 6,2848,8874,8528,4153,7115,4206,65,74
2024,2024txcmp2,Week 6,9080,2689,9512,2714,3847,5572,51,112
2024,2024txcmp2,Week 6,6645,1296,8088,324,9181,5212,87,41
2024,2024txcmp2,Week 6,148,6800,5414,9121,6768,6488,102,35
2024,2024txcmp2,Week 6,4063,7121,2687,9786,4192,8749,77,9
2024,2024txcmp2,Week 6,9088,624,5427,9418,8177,9054,68,49
2024,2024txcmp2,Week 6,7691,5572,8874,3310,2714,2882,56,45
2024,2024txcmp2,Week 6,6369,4206,5212,9512,5431,2848,98,64
2024,2024txcmp2,Week 6,5414,9121,8528,9181,2689,1296,62,70
2024,2024txcmp2,Week 6,6768,7115,324,8858,4063,3679,58,70
2024,2024txcmp2,Week 6,4192,8177,8088,8749,9418,9080,94,88
2024,2024txcmp2,Week 6,9054,5427,3847,4153,9786,6800,113,55
2024,2024txcmp2,Week 6,624,6488,148,6645,7121,9088,91,49
2024,2024txcmp2,Week 6,2687,5212,5414,6369,9181,5572,44,70
2024,2024txcmp2,Week 6,8874,9121,9512,8528,5431,324,48,66
2024,2024txcmp2,Week 6,4206,9080,4063,9418,3310,8858,80,79
2024,2024txcmp2,Week 6,2689,3679,8749,5427,6800,8177,65,80
2024,2024txcmp2,Week 6,4192,148,7691,6645,2848,9786,93,48
2024,2024txcmp2,Week 6,6488,9054,7115,624,8088,2882,36,82
2024,2024txcmp2,Week 6,7121,2714,6768,1296,2687,3847,56,88
2024,2024txcmp2,Week 6,5431,9088,9121,4153,4063,5572,70,74
2024,2024txcmp2,Week 6,6800,8528,8858,5414,324,8177,86,71
2024,2024txcmp2,Week 6,4206,5427,6645,7691,9786,9080,82,44
2024,2024txcmp2,Week 6,3679,3310,6488,4192,6369,624,54,85
2024,2024txcmp2,Week 6,2689,5212,8088,9054,2687,2714,74,48
2024,2024txcmp2,Week 6,4153,9512,6768,9181,8749,7121,47,64
2024,2024txcmp2,Week 6,9418,8874,2882,2848,1296,9088,48,78
2024,2024txcmp2,Week 6,3847,7115,8528,148,6645,9080,73,69
2024,2024txcmp2,Week 6,9121,4206,3310,5427,6488,324,103,87
2024,2024txcmp2,Week 6,6369,9786,4063,6800,9054,8088,73,82
2024,2024txcmp2,Week 6,2714,4153,5431,3679,7121,7691,67,46
2024,2024txcmp2,Week 6,8177,8749,9088,6768,1296,5414,70,71
2024,2024txcmp2,Week 6,2687,8874,7115,624,3847,5212,36,110
2024,2024txcmp2,Week 6,4192,5572,2882,9512,9418,148,68,71
2024,2024txcmp2,Week 6,2848,9181,9080,8858,2689,5427,42,82
2024,2024txcmp2,Week 6,7121,8088,4153,4206,6800,7691,70,92
2024,2024txcmp2,Week 6,8749,8528,6768,9054,6645,6369,38,94
2024,2024txcmp2,Week 6,3679,5431,624,9121,2687,9786,78,27
2024,2024txcmp2,Week 6,2714,5414,4192,7115,9512,9088,81,26
2024,2024txcmp2,Week 6,3310,324,4063,2689,2882,2848,135,45
2024,2024txcmp2,Week 6,6488,1296,5572,8874,3847,8858,81,102
2024,2024txcmp2,Week 6,5212,8177,148,9181,9418,4153,82,67
2024,2024txcmp2,Week 6,8749,7691,2687,5431,9080,9054,38,84
2024,2024txcmp2,Week 6,7115,6800,3679,9512,624,8528,72,60
2024,2024txcmp2,Week 6,2714,324,6645,9088,3310,5414,78,78
2024,2024txcmp2,Week 6,8088,5572,5427,1296,8858,7121,66,53
2024,2024txcmp2,Week 6,9786,9418,6488,5212,2848,6768,73,48
2024,2024txcmp2,Week 6,9181,9121,4192,2882,3847,4206,60,119
2024,2024txcmp2,Week 6,8177,4063,2689,148,8874,6369,48,85
2024,2024wila,Week 6,5339,4230,6732,8701,8700,706,60,53
2024,2024wila,Week 6,5903,8803,537,1306,2830,4021,45,57
2024,2024wila,Week 6,2704,5914,1259,2506,5148,1710,54,66
2024,2024wila,Week 6,7103,3692,8782,4054,1716,2826,59,62
2024,2024wila,Week 6,8024,8531,525,5586,6166,7021,45,64
2024,2024wila,Week 6,2194,8802,967,9676,171,1625,81,64
2024,2024wila,Week 6,3090,5826,9149,7619,2129,6223,41,103
2024,2024wila,Week 6,3381,6651,1675,5019,3418,4011,69,38
2024,2024wila,Week 6,9578,3082,2202,1091,9576,2977,64,52
2024,2024wila,Week 6,8803,4021,7103,5914,1710,6732,10,60
2024,2024wila,Week 6,5148,1306,8024,3692,5339,2506,28,50
2024,2024wila,Week 6,5586,706,171,1625,5903,1259,21,66
2024,2024wila,Week 6,9149,2826,4230,9676,4054,8531,52,38
2024,2024wila,Week 6,1716,5019,7619,8700,2194,4011,39,71
2024,2024wila,Week 6,6223,525,3082,1675,2202,3418,78,72
2024,2024wila,Week 6,8802,9576,2129,2830,9578,1091,96,73
2024,2024wila,Week 6,3381,7021,8782,8701,3090,967,64,52
2024,2024wila,Week 6,537,2977,6166,5826,2704,6651,35,58
2024,2024wila,Week 6,3692,1625,1306,9149,1259,8531,71,48
2024,2024wila,Week 6,4011,5903,1716,1710,4230,8024,64,63
2024,2024wila,Week 6,5586,525,3418,2826,5914,171,42,71
2024,2024wila,Week 6,2506,6223,9578,2194,6732,5019,47,55
2024,2024wila,Week 6,1675,4021,706,3090,2129,9676,60,57
2024,2024wila,Week 6,6651,967,8700,8803,5148,9576,41,63
2024,2024wila,Week 6,5339,6166,8782,3082,7619,3381,32,50
2024,2024wila,Week 6,4054,537,5826,1091,2202,8701,40,58
2024,2024wila,Week 6,7021,8802,2830,7103,2977,2704,108,55
2024,2024wila,Week 6,9578,2826,1625,2506,1306,4011,85,51
2024,2024wila,Week 6,706,5019,9676,3692,1716,525,35,78
2024,2024wila,Week 6,8531,967,6223,5914,4021,8700,36,27
2024,2024wila,Week 6,1259,6166,2129,8803,5339,3418,88,42
2024,2024wila,Week 6,5826,1091,1710,6651,4054,3090,77,35
2024,2024wila,Week 6,5903,8024,8701,8802,2704,2202,60,82
2024,2024wila,Week 6,8782,2194,2977,6732,1675,5148,64,55
2024,2024wila,Week 6,9576,2830,7619,3381,4230,171,55,73
2024,2024wila,Week 6,3082,7103,7021,9149,5586,537,91,34
2024,2024wila,Week 6,4021,967,5019,2826,1259,706,26,73
2024,2024wila,Week 6,5914,3090,1716,9578,1306,4054,55,24
2024,2024wila,Week 6,5339,2202,8531,6651,9676,8802,51,85
2024,2024wila,Week 6,8700,1091,2506,5903,1675,6166,36,67
2024,2024wila,Week 6,7619,8701,1625,2830,2977,1710,61,76
2024,2024wila,Week 6,9576,2194,5586,525,9149,3381,84,64
2024,2024wila,Week 6,6732,8803,5826,3082,2704,8024,37,67
2024,2024wila,Week 6,537,2129,171,8782,4011,5148,84,34
2024,2024wila,Week 6,3692,7021,4230,6223,3418,7103,90,67
2024,2024wila,Week 6,2202,6651,1306,967,706,6166,64,69
2024,2024wila,Week 6,1675,4054,1259,8802,5903,7619,55,74
2024,2024wila,Week 6,2977,9149,2506,1716,3381,4021,53,34
2024,2024wila,Week 6,525,3090,2826,1625,8024,8700,63,52
2024,2024wila,Week 6,4011,9676,2830,5586,6732,3082,79,68
2024,2024wila,Week 6,4230,5148,2194,7021,2129,1091,77,91
2024,2024wila,Week 6,5826,7103,5339,8803,9578,3692,62,33
2024,2024wila,Week 6,3418,9576,5914,8701,5019,537,57,35
2024,2024wila,Week 6,8531,1710,2704,171,8782,6223,81,67
2024,2024wila,Week 6,6166,8024,2506,967,2977,4054,60,54
2024,2024wila,Week 6,6732,3381,2826,1259,6651,1716,36,40
2024,2024wila,Week 6,5148,8802,5586,4230,7619,3090,73,79
2024,2024wila,Week 6,2129,4011,4021,2202,525,7103,63,92
2024,2024wila,Week 6,5903,3082,3692,2194,8701,5914,45,65
2024,2024wila,Week 6,171,1675,2704,9576,9149,5339,84,51
2024,2024wila,Week 6,9578,8700,9676,1710,537,7021,46,100
2024,2024wila,Week 6,1625,6223,5019,1091,8803,8782,64,26
2024,2024wila,Week 6,3418,5826,2830,706,8531,1306,67,48
2024,2024wila,Week 6,2826,967,2129,7619,6732,2977,94,30
2024,2024wila,Week 6,1716,3082,5148,4021,525,8802,59,64
2024,2024wila,Week 6,1259,7103,8701,2194,6166,6651,52,70
2024,2024wila,Week 6,171,3692,1710,537,3090,1675,61,49
2024,2024wila,Week 6,1091,6223,5903,5339,4011,9578,93,45
2024,2024wila,Week 6,5914,706,2830,8024,8782,9149,71,25
2024,2024wila,Week 6,1306,5586,2704,5019,8700,4054,100,12
2024,2024wila,Week 6,3418,9676,7021,5826,1625,9576,75,79
2024,2024wila,Week 6,3381,2506,2202,4230,8531,8803,56,49
2024,2024wila,Week 6,2129,3692,6732,6166,171,8802,51,74
2024,2024wila,Week 6,2977,1259,3090,4011,537,525,49,77
2024,2024wila,Week 6,8782,7619,6651,4021,8024,9578,44,31
2024,2024wila,Week 6,1710,1716,967,2830,5339,5586,87,44
2024,2024wila,Week 6,8700,3418,1306,2704,1091,2194,14,74
2024,2024wila,Week 6,1625,5914,1675,2202,5826,4230,48,77
2024,2024wila,Week 6,4054,3381,9576,6223,706,5148,41,52
2024,2024wila,Week 6,9149,7021,5903,5019,2826,8803,78,35
2024,2024wila,Week 6,9676,8701,3082,8531,2506,7103,65,70
2024,2024wila,Week 6,525,9578,6651,967,2830,3692,65,85
2024,2024wila,Week 6,537,3418,2194,8024,1716,5339,91,33
2024,2024wila,Week 6,8802,1259,4011,8700,8782,5826,64,18
2024,2024wila,Week 6,2704,4021,4054,2129,1625,3381,29,71
2024,2024wila,Week 6,5148,2202,9149,6166,1710,2826,48,76
2024,2024wila,Week 6,7103,6732,9576,3090,8531,5903,55,74
2024,2024wila,Week 6,1306,171,5019,2977,4230,3082,26,76
2024,2024wila,Week 6,8701,6223,8803,1675,5586,9676,48,73
2024,2024wila,Week 6,706,7619,1091,7021,2506,5914,39,93
2024,2024caav,Week 6,6072,5137,2543,4014,6060,3993,58,35
2024,2024caav,Week 6,2659,6305,294,2584,599,2404,79,34
2024,2024caav,Week 6,1515,1836,6657,7444,2658,5012,72,48
2024,2024caav,Week 6,2073,9666,2429,7673,4322,4419,66,54
2024,2024caav,Week 6,968,4123,1148,8768,7607,5869,70,43
2024,2024caav,Week 6,9471,1538,7682,6479,8569,8006,46,35
2024,2024caav,Week 6,5857,399,6060,691,5458,7444,54,68
2024,2024caav,Week 6,2404,4419,6305,6657,2658,7673,33,71
2024,2024caav,Week 6,3993,968,2659,599,1148,4014,68,51
2024,2024caav,Week 6,8006,5137,7607,4322,6479,2543,52,32
2024,2024caav,Week 6,8768,691,294,1538,1515,8569,59,79
2024,2024caav,Week 6,5458,5869,9666,5012,2584,9471,48,44
2024,2024caav,Week 6,4123,6072,5857,1836,7682,399,47,49
2024,2024caav,Week 6,2073,6657,8006,7444,2429,5137,52,68
2024,2024caav,Week 6,4322,3993,1148,691,6305,2658,75,46
2024,2024caav,Week 6,2404,4014,7673,1515,9471,8768,58,48
2024,2024caav,Week 6,4419,6479,1836,2584,6072,8569,59,57
2024,2024caav,Week 6,1538,2659,5458,5869,2543,2429,80,63
2024,2024caav,Week 6,2073,4123,7682,599,5012,399,64,56
2024,2024caav,Week 6,7607,6060,968,5857,9666,294,42,46
2024,2024caav,Week 6,1836,9471,6072,6305,6657,1148,20,71
2024,2024caav,Week 6,3993,1515,7673,6479,2659,5869,64,45
2024,2024caav,Week 6,2658,2543,4419,5012,7682,8768,64,45
2024,2024caav,Week 6,968,691,4014,4322,2073,2584,45,85
2024,2024caav,Week 6,8006,599,5458,7607,399,9666,43,38
2024,2024caav,Week 6,8569,2404,2429,6060,1538,4123,50,58
2024,2024caav,Week 6,5857,7444,2659,294,1148,5137,45,85
2024,2024caav,Week 6,2658,4322,5869,1836,2584,8768,45,49
2024,2024caav,Week 6,2543,7607,3993,7682,5458,1515,40,90
2024,2024caav,Week 6,2429,399,4014,599,4419,9471,82,65
2024,2024caav,Week 6,7673,8006,6060,294,6657,4123,49,83
2024,2024caav,Week 6,9666,8569,5137,2404,2073,6072,52,52
2024,2024caav,Week 6,5012,6479,1538,7444,968,6305,63,45
2024,2024caav,Week 6,5869,599,691,5857,2429,4419,35,70
2024,2024caav,Week 6,6657,7682,6060,4322,294,1515,56,54
2024,2024caav,Week 6,9471,1148,5458,5137,7673,2073,54,80
2024,2024caav,Week 6,8569,2543,6305,399,968,2658,45,90
2024,2024caav,Week 6,7444,8768,1538,6072,7607,2659,66,68
2024,2024caav,Week 6,9666,2404,6479,4014,5857,1836,32,19
2024,2024caav,Week 6,691,4123,2584,8006,5012,3993,65,24
2024,2024caav,Week 6,7682,7673,8569,2543,1515,968,64,74
2024,2024caav,Week 6,6305,5869,6072,6060,5458,294,67,94
2024,2024caav,Week 6,9666,1836,4322,5137,1538,599,47,71
2024,2024caav,Week 6,2658,2659,9471,4123,8006,7444,65,41
2024,2024caav,Week 6,6479,4014,7607,6657,4419,691,21,62
2024,2024caav,Week 6,2404,5857,5012,2429,3993,8768,9,59
2024,2024caav,Week 6,399,2073,1515,1148,2584,1538,99,108
2024,2024caav,Week 6,7673,4123,599,6072,7444,4322,40,54
2024,2024caav,Week 6,4014,6305,8006,4419,5458,968,30,73
2024,2024caav,Week 6,2429,6479,6657,7682,3993,9666,74,26
2024,2024caav,Week 6,2584,5857,2658,5869,6060,8569,53,45
2024,2024caav,Week 6,5012,294,1836,9471,2073,7607,111,23
2024,2024caav,Week 6,399,5137,691,8768,2659,2404,61,75
2024,2024caav,Week 6,1148,7444,6479,2543,9666,599,73,36
2024,2024caav,Week 6,1515,5869,5857,8006,4419,6072,41,54
2024,2024caav,Week 6,6060,9471,2429,1836,3993,1538,44,36
2024,2024caav,Week 6,968,8768,6657,5458,399,4123,45,55
2024,2024caav,Week 6,6305,7682,4322,2659,8569,2073,33,79
2024,2024caav,Week 6,294,7673,2584,4014,5012,2543,84,45
2024,2024caav,Week 6,5137,2658,2404,7607,691,1148,50,62
2024,2024caav,Week 6,4419,7444,399,968,1836,5869,103,44
2024,2024caav,Week 6,4322,8768,599,6060,6305,1515,75,43
2024,2024caav,Week 6,1538,294,2073,3993,5857,6479,107,16
2024,2024caav,Week 6,2543,2584,2659,2404,9471,6657,90,37
2024,2024caav,Week 6,8569,7607,2658,7673,2429,5458,48,85
2024,2024caav,Week 6,1148,6072,5012,691,8006,7682,47,28
2024,2024caav,Week 6,1515,9666,4014,4123,5137,6305,50,47
2024,2024caav,Week 6,1538,6657,4322,9471,968,5857,81,33
2024,2024caav,Week 6,599,8569,7444,5869,2404,3993,56,25
2024,2024caav,Week 6,8768,8006,2543,691,1836,7673,45,46
2024,2024caav,Week 6,7607,2429,7682,5137,4014,2584,56,54
2024,2024caav,Week 6,2073,5012,4419,2659,1148,6060,57,94
2024,2024caav,Week 6,6072,294,399,4123,2658,9666,85,60
2024,2024caav,Week 6,5458,4322,2404,1515,691,6479,57,34
2024,2024pncmp,Week 6,9442,3218,6443,4488,2635,9036,93,65
2024,2024pncmp,Week 6,2471,3674,1294,1983,1425,488,84,82
2024,2024pncmp,Week 6,4131,2928,4125,2926,4450,1778,35,117
2024,2024pncmp,Week 6,3712,2522,4682,2980,4043,492,77,64
2024,2024pncmp,Week 6,360,2557,7034,9430,1595,2521,67,71
2024,2024pncmp,Week 6,2412,3663,1540,2930,8032,9023,77,86
2024,2024pncmp,Week 6,2046,2811,9446,6831,3070,4180,106,84
2024,2024pncmp,Week 6,3826,4469,6343,1899,2910,5827,72,96
2024,2024pncmp,Week 6,1778,1318,4043,3876,9036,2980,144,26
2024,2024pncmp,Week 6,2557,1294,2521,6443,2926,3712,67,87
2024,2024pncmp,Week 6,488,2928,9430,4125,2930,1595,63,78
2024,2024pncmp,Week 6,4488,2046,492,3674,7034,2412,83,47
2024,2024pncmp,Week 6,9446,1899,1983,4131,3663,2635,91,89
2024,2024pncmp,Week 6,6831,2811,1318,2910,360,2471,88,98
2024,2024pncmp,Week 6,3070,5827,3218,4682,9023,4469,112,68
2024,2024pncmp,Week 6,4450,8032,4180,3876,3826,1425,56,51
2024,2024pncmp,Week 6,9430,1540,2522,9442,6343,1778,110,102
2024,2024pncmp,Week 6,9036,1899,2046,4125,4488,1294,116,59
2024,2024pncmp,Week 6,2926,2980,488,6831,3663,2910,74,49
2024,2024pncmp,Week 6,3712,9023,3674,360,3070,9446,102,66
2024,2024pncmp,Week 6,2521,6443,3876,2811,5827,1425,69,100
2024,2024pncmp,Week 6,3218,492,3826,1540,4131,6343,52,93
2024,2024pncmp,Week 6,1318,1983,2471,4469,4450,2522,86,109
2024,2024pncmp,Week 6,4180,2635,4682,2928,1595,2412,68,79
2024,2024pncmp,Week 6,2930,2557,9442,7034,4043,8032,128,66
2024,2024pncmp,Week 6,9023,3876,2910,9430,3712,4488,90,62
2024,2024pncmp,Week 6,1425,2926,3663,492,9036,6343,66,86
2024,2024pncmp,Week 6,360,1983,3674,3826,1318,2980,63,93
2024,2024pncmp,Week 6,2412,4682,3218,2811,1899,2521,55,125
2024,2024pncmp,Week 6,5827,1294,4043,1595,4180,4131,113,72
2024,2024pncmp,Week 6,6443,4450,6831,2522,2930,2635,56,82
2024,2024pncmp,Week 6,3070,7034,2928,2471,4125,9442,73,123
2024,2024pncmp,Week 6,1540,1778,2046,2557,4469,488,101,88
2024,2024pncmp,Week 6,9446,9430,1318,8032,3218,1899,52,91
2024,2024pncmp,Week 6,2811,2980,9023,4131,1294,3826,87,50
2024,2024pncmp,Week 6,4682,4450,4043,6443,2635,360,96,58
2024,2024pncmp,Week 6,2521,4180,1983,3876,492,3070,117,95
2024,2024pncmp,Week 6,5827,9442,3663,2412,6831,2471,105,75
2024,2024pncmp,Week 6,1595,8032,2557,6343,4488,3674,68,62
2024,2024pncmp,Week 6,9036,488,2522,4469,2930,2926,63,107
2024,2024pncmp,Week 6,7034,9446,2910,2928,1540,1425,103,89
2024,2024pncmp,Week 6,4125,4682,2046,1778,3712,4131,85,95
2024,2024pncmp,Week 6,492,9430,2412,5827,6443,3826,60,85
2024,2024pncmp,Week 6,2557,4043,3070,1318,3218,3663,108,99
2024,2024pncmp,Week 6,6343,488,2930,9442,360,3876,79,55
2024,2024pncmp,Week 6,4180,1540,1899,2471,2980,4450,94,83
2024,2024pncmp,Week 6,8032,2811,3712,4488,4469,7034,92,81
2024,2024pncmp,Week 6,1425,9446,1595,2046,6831,2926,78,109
2024,2024pncmp,Week 6,2928,3674,9036,2522,2521,9023,50,107
2024,2024pncmp,Week 6,4125,2910,1778,2635,1983,1294,134,63
2024,2024pncmp,Week 6,9430,6343,4180,4682,488,6443,81,95
2024,2024pncmp,Week 6,1540,7034,2980,9442,3070,2412,80,109
2024,2024pncmp,Week 6,4131,2926,2471,2930,3876,3712,87,53
2024,2024pncmp,Week 6,1595,4469,1899,3663,2521,492,75,128
2024,2024pncmp,Week 6,3826,4488,2811,4043,9446,2928,71,81
2024,2024pncmp,Week 6,1425,4125,9023,2522,1318,2557,66,98
2024,2024pncmp,Week 6,4450,9036,2910,3674,2046,5827,123,114
2024,2024pncmp,Week 6,360,6831,3218,1983,1778,8032,97,81
2024,2024pncmp,Week 6,1294,3876,488,1899,2635,7034,53,91
2024,2024pncmp,Week 6,2926,4180,9446,2980,4682,2930,66,94
2024,2024pncmp,Week 6,2412,6443,6343,1540,3712,1318,72,81
2024,2024pncmp,Week 6,3070,2522,4131,2910,4488,1595,94,106
2024,2024pncmp,Week 6,9023,360,4043,8032,4125,5827,106,89
2024,2024pncmp,Week 6,2635,3826,6831,9036,2521,4469,46,90
2024,2024pncmp,Week 6,492,3674,9442,1778,1294,2811,117,95
2024,2024pncmp,Week 6,2471,3663,9430,4450,1425,2557,98,107
2024,2024pncmp,Week 6,2928,2046,2930,3218,1983,1540,114,86
2024,2024pncmp,Week 6,2926,5827,4488,4180,1318,360,69,77
2024,2024pncmp,Week 6,2521,3070,8032,488,2910,4131,100,93
2024,2024pncmp,Week 6,4469,2412,3876,9446,2522,1294,51,88
2024,2024pncmp,Week 6,1778,2471,1899,6443,1595,9036,105,90
2024,2024pncmp,Week 6,1983,492,7034,3218,9023,4450,87,91
2024,2024pncmp,Week 6,6343,1425,2980,2635,4125,2811,69,76
2024,2024pncmp,Week 6,3712,6831,2928,4043,9430,3674,57,98
2024,2024pncmp,Week 6,3826,4682,9442,3663,2557,2046,90,100
2024,2024pncmp,Week 6,4488,1778,2521,2930,5827,1540,108,70
2024,2024pncmp,Week 6,1294,2412,2926,4450,488,3070,95,93
2024,2024pncmp,Week 6,2635,9446,8032,2522,2471,2811,56,140
2024,2024pncmp,Week 6,4469,4131,1983,2980,6443,9430,65,83
2024,2024pncmp,Week 6,1425,2046,1318,9023,9442,2928,115,92
2024,2024pncmp,Week 6,7034,9036,6831,4682,6343,360,80,97
2024,2024pncmp,Week 6,2557,2910,492,4043,3876,4180,116,69
2024,2024pncmp,Week 6,3663,3826,1595,3712,3218,4125,86,73
2024,2024pncmp,Week 6,3674,2811,1540,1899,9430,2926,108,72
2024,2024pncmp,Week 6,2980,8032,4488,2046,2521,4450,86,127
2024,2024pncmp,Week 6,1294,9442,4469,1983,2928,4682,99,71
2024,2024pncmp,Week 6,9036,2412,360,9446,4131,2557,90,85
2024,2024pncmp,Week 6,488,3712,2635,1318,492,5827,62,86
2024,2024pncmp,Week 6,3663,1778,2522,7034,4180,3826,157,74
2024,2024pncmp,Week 6,9023,2471,6443,2910,3674,3218,120,107
2024,2024pncmp,Week 6,4043,1425,2930,6343,1899,3070,98,83
2024,2024pncmp,Week 6,6831,1595,4682,3876,1540,4125,75,60
2024,2024pncmp,Week 6,5827,2980,1983,2811,2557,9036,59,125
2024,2024pncmp,Week 6,1318,2926,2635,2046,7034,9430,82,89
2024,2024pncmp,Week 6,8032,360,3663,1294,2928,6443,108,117
2024,2024pncmp,Week 6,2910,4043,4469,4180,2412,1425,135,75
2024,2024pncmp,Week 6,2521,6343,4125,492,2471,9446,98,72
2024,2024pncmp,Week 6,3218,4131,3876,3674,2522,6831,59,102
2024,2024pncmp,Week 6,3070,9023,4488,488,3826,1778,99,64
2024,2024pncmp,Week 6,1899,2930,4450,1595,9442,3712,70,76
2024,2024hiho,Week 6,4270,2441,3880,3008,8871,8853,79,14
2024,2024hiho,Week 6,2438,8790,7724,2465,2090,2443,12,84
2024,2024hiho,Week 6,359,2896,6704,9019,2853,9494,98,11
2024,2024hiho,Week 6,368,9114,2348,3881,6909,3721,77,35
2024,2024hiho,Week 6,2445,9629,2477,6920,9498,1622,23,67
2024,2024hiho,Week 6,9012,8615,2896,4270,3882,9645,14,71
2024,2024hiho,Week 6,3008,3721,2441,3881,9494,2090,31,45
2024,2024hiho,Week 6,9498,6909,368,8853,7724,3880,56,27
2024,2024hiho,Week 6,9645,2477,2465,359,2348,2445,42,68
2024,2024hiho,Week 6,9629,9019,9114,2438,9012,1622,22,66
2024,2024hiho,Week 6,8871,8615,6920,6704,8790,2853,18,44
2024,2024hiho,Week 6,2441,3882,6909,9498,2477,2443,45,77
2024,2024hiho,Week 6,9494,9645,3721,9019,2445,8853,44,10
2024,2024hiho,Week 6,8871,368,2090,2348,4270,1622,73,63
2024,2024hiho,Week 6,6920,2438,2853,7724,6704,2443,37,65
2024,2024hiho,Week 6,8790,3880,3881,359,3882,9012,39,103
2024,2024hiho,Week 6,2465,9114,2896,8615,9629,3008,70,11
2024,2024hiho,Week 6,2441,2445,368,9494,2438,2348,72,26
2024,2024hiho,Week 6,7724,6920,4270,8790,9019,9498,63,24
2024,2024hiho,Week 6,9629,359,3881,8615,8853,6704,86,15
2024,2024hiho,Week 6,9114,9012,2090,3882,8871,2477,45,40
2024,2024hiho,Week 6,3721,2443,2896,3880,1622,6909,52,66
2024,2024hiho,Week 6,3008,9494,2465,9645,2853,7724,49,9
2024,2024hiho,Week 6,4270,8853,368,9114,6704,2441,78,35
2024,2024hiho,Week 6,3880,359,8871,9629,2090,6920,104,21
2024,2024hiho,Week 6,2443,1622,8790,9645,2896,3008,83,21
2024,2024hiho,Week 6,3882,2853,3881,2438,2445,6909,63,44
2024,2024hiho,Week 6,3721,2477,2348,9012,2465,9498,41,65
2024,2024hiho,Week 6,6920,3008,9019,8615,2441,359,31,51
2024,2024hiho,Week 6,9629,7724,3882,8790,2896,368,42,81
2024,2024hiho,Week 6,3881,2465,1622,4270,9494,6704,91,71
2024,2024hiho,Week 6,9012,9645,8871,3721,9498,2438,22,54
2024,2024hiho,Week 6,6909,8853,2443,9019,2090,2477,49,43
2024,2024hiho,Week 6,2853,3880,2348,9114,8615,2445,23,53
2024,2024hiho,Week 6,9645,9498,3881,2896,8871,9494,45,39
2024,2024hiho,Week 6,7724,2441,9019,9012,6909,9629,7,18
2024,2024hiho,Week 6,8853,359,8790,3721,2443,9114,63,95
2024,2024hiho,Week 6,2348,3008,6704,2445,2465,3882,35,74
2024,2024hiho,Week 6,8615,2853,4270,2090,3880,2438,58,44
2024,2024hiho,Week 6,2477,6920,9114,1622,368,9645,34,85
2024,2024hiho,Week 6,6909,8790,3008,8871,2348,9629,21,11
2024,2024hiho,Week 6,3880,6704,3721,7724,9012,9494,64,19
2024,2024hiho,Week 6,2441,3881,2438,368,2465,8615,54,72
2024,2024hiho,Week 6,1622,2477,2853,9019,4270,359,59,85
2024,2024hiho,Week 6,9498,2090,2896,3882,6920,8853,33,43
2024,2024hiho,Week 6,2445,3880,9012,2443,3881,8615,23,47
2024,2024hiho,Week 6,8871,7724,2465,359,2438,9114,50,91
2024,2024hiho,Week 6,9498,4270,3008,2853,368,9629,38,83
2024,2024hiho,Week 6,6909,6704,2090,8790,2445,9645,27,24
2024,2024hiho,Week 6,2896,2348,6920,2477,9494,2441,27,28
2024,2024hiho,Week 6,2443,3882,9019,8853,1622,3721,70,23
2024,2024hiho,Week 6,2090,4270,2445,2465,9629,8790,48,53
2024,2024hiho,Week 6,6704,9645,2438,3880,2896,2477,40,43
2024,2024hiho,Week 6,8853,2348,9498,2853,2443,359,15,118
2024,2024hiho,Week 6,9494,6909,8615,9114,1622,8871,18,102
2024,2024hiho,Week 6,3881,9012,9019,368,3008,7724,33,76
2024,2024hiho,Week 6,3882,3721,8790,6920,2441,9645,58,33
2024,2024hiho,Week 6,9494,9498,9629,2438,2443,4270,30,103
2024,2024hiho,Week 6,6704,9019,8871,3008,9114,3880,37,70
2024,2024hiho,Week 6,1622,8615,3882,2348,3881,7724,45,50
2024,2024hiho,Week 6,368,6920,9012,6909,359,2465,67,104
2024,2024hiho,Week 6,2896,8853,2441,2445,3721,2853,18,44
2024,2024hiho,Week 6,2477,2438,8615,2090,3008,3882,42,86
2024,2024hiho,Week 6,2348,9645,6909,6704,3881,6920,20,44
2024,2024hiho,Week 6,2443,368,9494,2465,9019,3880,99,26
2024,2024hiho,Week 6,2090,3721,359,2896,9629,4270,95,39
2024,2024hiho,Week 6,2853,9114,8853,2477,8790,9012,27,23
2024,2024hiho,Week 6,1622,7724,2445,2441,8871,9498,62,31
2024,2024micmp1,Week 6,3618,3534,1023,815,818,33,82,106
2024,2024micmp1,Week 6,244,9618,4362,6081,5114,9558,65,103
2024,2024micmp1,Week 6,3414,6152,7226,7769,857,2959,70,114
2024,2024micmp1,Week 6,6078,4422,8612,7056,8280,4453,40,67
2024,2024micmp1,Week 6,5460,8424,6120,5907,2337,7762,75,89
2024,2024micmp1,Week 6,4998,8608,1076,1250,2224,5577,86,57
2024,2024micmp1,Week 6,3618,6615,2771,6152,3641,6538,52,58
2024,2024micmp1,Week 6,9558,815,8280,3414,7769,7056,55,108
2024,2024micmp1,Week 6,9618,1023,6120,4362,3534,5460,40,116
2024,2024micmp1,Week 6,5907,6081,6078,2959,244,2224,101,60
2024,2024micmp1,Week 6,6538,4453,6615,4998,8612,818,48,97
2024,2024micmp1,Week 6,2337,857,4422,8608,2771,1250,67,91
2024,2024micmp1,Week 6,8424,3641,7226,5114,33,5577,66,82
2024,2024micmp1,Week 6,7762,3618,244,7056,1076,2224,67,75
2024,2024micmp1,Week 6,8612,2959,8280,6538,815,4362,89,98
2024,2024micmp1,Week 6,6152,4998,9558,1023,857,5460,74,97
2024,2024micmp1,Week 6,1250,6078,6615,7226,5907,8608,71,107
2024,2024micmp1,Week 6,33,6081,9618,2337,1076,4453,103,53
2024,2024micmp1,Week 6,3641,5114,2771,6120,3414,4422,83,52
2024,2024micmp1,Week 6,3534,5577,818,7762,8424,7769,104,98
2024,2024micmp1,Week 6,5460,9558,7226,815,6615,7056,97,56
2024,2024micmp1,Week 6,8280,6152,2224,2337,4362,33,41,85
2024,2024micmp1,Week 6,4998,244,4453,8608,6120,3641,69,74
2024,2024micmp1,Week 6,8424,1250,857,3618,9618,2959,91,89
2024,2024micmp1,Week 6,8612,6538,7769,4422,6081,818,85,119
2024,2024micmp1,Week 6,5114,5907,1023,3414,7762,1076,72,104
2024,2024micmp1,Week 6,3534,2771,6120,5577,6078,9558,61,64
2024,2024micmp1,Week 6,33,8424,4998,815,244,857,75,73
2024,2024micmp1,Week 6,9618,8612,2337,7226,818,6538,55,79
2024,2024micmp1,Week 6,7769,2224,3618,8608,1023,6152,83,96
2024,2024micmp1,Week 6,4422,8280,5114,2771,2959,5907,65,79
2024,2024micmp1,Week 6,1250,4362,7762,3641,4453,6078,119,78
2024,2024micmp1,Week 6,6615,5577,3414,6081,7056,5460,56,91
2024,2024micmp1,Week 6,1076,6152,815,9618,8608,3534,66,81
2024,2024micmp1,Week 6,818,7769,2771,6120,5907,2224,88,39
2024,2024micmp1,Week 6,1023,7226,6078,9558,4422,33,63,77
2024,2024micmp1,Week 6,6081,857,6538,5460,3618,3641,67,116
2024,2024micmp1,Week 6,7762,5577,7056,4453,4362,2959,88,87
2024,2024micmp1,Week 6,3534,2337,3414,6615,244,8612,89,78
2024,2024micmp1,Week 6,1076,5114,8424,4998,8280,1250,85,63
2024,2024micmp1,Week 6,2224,3641,857,7769,9618,815,74,84
2024,2024micmp1,Week 6,5577,5460,6538,4453,33,1023,66,74
2024,2024micmp1,Week 6,6081,8608,244,2771,7226,8612,104,83
2024,2024micmp1,Week 6,2959,3414,1250,818,7762,6120,88,112
2024,2024micmp1,Week 6,3534,4422,6152,7056,5114,4998,56,92
2024,2024micmp1,Week 6,8424,3618,2337,5907,9558,4362,56,79
2024,2024micmp1,Week 6,6615,1076,6081,8280,6078,857,125,60
2024,2024micmp1,Week 6,7769,33,3641,1250,8612,4453,113,78
2024,2024micmp1,Week 6,5577,815,1023,244,818,5114,64,90
2024,2024micmp1,Week 6,7056,6538,8608,8424,5907,3414,93,68
2024,2024micmp1,Week 6,7226,7762,8280,6615,6152,9618,89,54
2024,2024micmp1,Week 6,4362,6120,6078,4422,4998,3618,97,79
2024,2024micmp1,Week 6,1076,2959,3534,2771,2337,5460,101,103
2024,2024micmp1,Week 6,4453,9558,8608,2224,6538,5114,71,84
2024,2024micmp1,Week 6,5907,7056,9618,1023,3414,3641,55,102
2024,2024micmp1,Week 6,8612,6120,5577,857,3618,6152,70,60
2024,2024micmp1,Week 6,6078,5460,815,2337,1250,7769,101,111
2024,2024micmp1,Week 6,33,3534,7762,2771,6081,4998,96,96
2024,2024micmp1,Week 6,8280,818,4362,1076,7226,244,94,94
2024,2024micmp1,Week 6,9558,2224,6615,2959,8424,4422,62,80
2024,2024micmp1,Week 6,4453,7769,5114,6120,2337,7056,87,64
2024,2024micmp1,Week 6,815,3414,6081,6152,6078,33,123,76
2024,2024micmp1,Week 6,244,3641,1250,6538,8280,3534,105,50
2024,2024micmp1,Week 6,4422,6615,5907,857,7762,9618,77,74
2024,2024micmp1,Week 6,9558,2771,1076,8612,1023,8424,66,65
2024,2024micmp1,Week 6,2959,5460,818,8608,4362,3618,123,95
2024,2024micmp1,Week 6,2224,4998,3414,5577,7226,2337,91,74
2024,2024micmp1,Week 6,857,4453,5907,5114,815,3534,26,79
2024,2024micmp1,Week 6,244,7769,6152,3641,1076,4422,101,59
2024,2024micmp1,Week 6,4362,7056,8424,1023,1250,6081,60,104
2024,2024micmp1,Week 6,6120,33,8280,5460,6615,8608,79,115
2024,2024micmp1,Week 6,2224,9618,7226,6078,6538,2771,53,78
2024,2024micmp1,Week 6,7762,2959,4998,3618,8612,9558,105,60
2024,2024micmp1,Week 6,818,1250,5907,6152,5577,6081,101,91
2024,2024micmp1,Week 6,4362,1023,7769,857,3534,6615,90,87
2024,2024micmp1,Week 6,7226,4422,815,6538,6120,1076,78,72
2024,2024micmp1,Week 6,5114,5460,8612,6078,2224,8424,93,44
2024,2024micmp1,Week 6,818,8608,2337,3641,9558,7762,113,67
2024,2024micmp1,Week 6,3414,4453,3618,8280,2771,244,59,55
2024,2024micmp1,Week 6,33,7056,2959,9618,4998,5577,102,81
2024,2024micmp2,Week 6,5424,3322,2960,5712,5084,5533,73,97
2024,2024micmp2,Week 6,3620,5901,4004,245,3602,548,64,109
2024,2024micmp2,Week 6,5612,6085,7211,9743,6569,503,76,51
2024,2024micmp2,Week 6,3175,2851,85,6528,27,5505,114,114
2024,2024micmp2,Week 6,70,5561,4392,3655,5152,3707,64,93
2024,2024micmp2,Week 6,4237,51,8286,7174,3452,910,75,82
2024,2024micmp2,Week 6,4391,3602,7197,5216,4405,7211,76,79
2024,2024micmp2,Week 6,5712,6528,3322,5424,3620,5612,127,63
2024,2024micmp2,Week 6,70,4004,5152,503,4392,2851,74,77
2024,2024micmp2,Week 6,245,5561,3452,7174,6085,6569,89,56
2024,2024micmp2,Week 6,8286,5084,2960,51,5901,27,53,95
2024,2024micmp2,Week 6,5505,9743,4237,5216,7197,3707,53,89
2024,2024micmp2,Week 6,5533,3655,85,910,3175,4405,91,101
2024,2024micmp2,Week 6,4392,4391,4004,548,5712,5561,107,102
2024,2024micmp2,Week 6,2851,7174,3322,5084,503,3602,80,57
2024,2024micmp2,Week 6,5901,3452,5424,5505,3707,70,86,94
2024,2024micmp2,Week 6,5533,910,4237,85,5612,51,82,88
2024,2024micmp2,Week 6,4405,3620,27,3175,5152,6528,89,98
2024,2024micmp2,Week 6,245,6569,5216,3655,2960,7211,98,83
2024,2024micmp2,Week 6,7197,9743,6085,8286,548,4391,57,103
2024,2024micmp2,Week 6,85,4004,7174,5901,5612,3322,78,78
2024,2024micmp2,Week 6,3707,5533,3452,3620,5152,5712,43,113
2024,2024micmp2,Week 6,51,5561,4405,5505,503,245,53,59
2024,2024micmp2,Week 6,3602,5424,6528,7211,9743,910,71,63
2024,2024micmp2,Week 6,548,6569,3655,4237,27,5084,88,80
2024,2024micmp2,Week 6,2851,5216,70,6085,4391,3175,85,81
2024,2024micmp2,Week 6,4392,2960,3620,7197,8286,7174,90,89
2024,2024micmp2,Week 6,5561,3707,85,3322,51,4004,86,81
2024,2024micmp2,Week 6,3452,503,6528,9743,3655,3602,71,48
2024,2024micmp2,Week 6,27,7211,548,5901,6085,5505,80,65
2024,2024micmp2,Week 6,4391,910,5216,5084,6569,5152,108,94
2024,2024micmp2,Week 6,5712,4405,5424,5612,8286,2851,86,63
2024,2024micmp2,Week 6,5533,3175,245,4237,4392,7197,67,83
2024,2024micmp2,Week 6,85,2960,6528,70,7174,548,77,81
2024,2024micmp2,Week 6,3602,910,51,4391,27,5561,63,76
2024,2024micmp2,Week 6,5152,5216,5901,503,5612,5712,68,90
2024,2024micmp2,Week 6,8286,6085,5533,3655,3620,5505,55,79
2024,2024micmp2,Week 6,7211,3452,4392,5084,4405,4004,92,83
2024,2024micmp2,Week 6,9743,5424,3707,3175,4237,2960,49,85
2024,2024micmp2,Week 6,2851,7197,245,3322,70,6569,113,91
2024,2024micmp2,Week 6,5712,3655,8286,6528,5533,51,102,72
2024,2024micmp2,Week 6,5612,3602,4405,548,5084,6085,68,72
2024,2024micmp2,Week 6,5152,7174,4392,7211,3175,5505,98,79
2024,2024micmp2,Week 6,6569,3707,910,2851,9743,5901,88,39
2024,2024micmp2,Week 6,4237,3322,3452,2960,245,4391,81,102
2024,2024micmp2,Week 6,5424,5561,503,7197,3620,85,70,103
2024,2024micmp2,Week 6,4004,5216,548,27,70,8286,98,106
2024,2024micmp2,Week 6,6085,3602,5152,3707,5712,7174,61,96
2024,2024micmp2,Week 6,3655,4405,2851,245,51,9743,54,83
2024,2024micmp2,Week 6,503,85,3322,3452,4391,3620,69,106
2024,2024micmp2,Week 6,5216,5533,27,7197,5424,7211,101,81
2024,2024micmp2,Week 6,4004,5505,5612,70,2960,910,55,87
2024,2024micmp2,Week 6,5084,5901,3175,5561,6528,4237,78,84
2024,2024micmp2,Week 6,4392,8286,3707,6569,85,3602,79,66
2024,2024micmp2,Week 6,7174,4391,9743,5424,548,5533,92,80
2024,2024micmp2,Week 6,5505,3452,5152,3322,245,27,53,118
2024,2024micmp2,Week 6,2960,5612,5216,910,2851,3620,84,105
2024,2024micmp2,Week 6,3175,7197,70,51,7211,5712,116,98
2024,2024micmp2,Week 6,6569,5901,4405,5561,4004,3655,66,66
2024,2024micmp2,Week 6,6085,4237,503,4392,6528,5084,78,55
2024,2024micmp2,Week 6,5612,27,7174,3322,3707,4391,117,114
2024,2024micmp2,Week 6,910,5712,245,3452,548,3175,122,87
2024,2024micmp2,Week 6,7211,2851,5561,85,8286,5901,76,69
2024,2024micmp2,Week 6,5152,503,51,4004,5424,6085,72,75
2024,2024micmp2,Week 6,3620,5084,70,4405,4392,9743,76,80
2024,2024micmp2,Week 6,5533,5505,6569,3602,4237,5216,51,88
2024,2024micmp2,Week 6,6528,3655,5612,2960,7197,3452,118,60
2024,2024micmp2,Week 6,8286,3322,3175,3707,4004,503,89,86
2024,2024micmp2,Week 6,27,5712,9743,5901,910,4392,94,59
2024,2024micmp2,Week 6,7174,5505,5084,3602,70,5533,82,75
2024,2024micmp2,Week 6,6528,7211,3620,6569,4237,2851,77,88
2024,2024micmp2,Week 6,6085,245,3655,5216,85,5424,95,96
2024,2024micmp2,Week 6,548,51,2960,4405,5152,7197,78,83
2024,2024micmp2,Week 6,5561,3175,3602,4391,70,5612,72,109
2024,2024micmp2,Week 6,4004,7211,4237,3452,2851,5712,49,105
2024,2024micmp2,Week 6,910,3322,3655,3620,5216,6085,123,60
2024,2024micmp2,Week 6,27,4392,6569,51,7174,5424,96,65
2024,2024micmp2,Week 6,9743,85,5084,5152,245,8286,87,91
2024,2024micmp2,Week 6,4405,5505,4391,3707,6528,5901,96,69
2024,2024micmp2,Week 6,503,548,7197,2960,5533,5561,97,52
2024,2024micmp3,Week 6,4967,8427,858,3539,3572,1684,71,72
2024,2024micmp3,Week 6,280,8373,6570,3536,3688,68,49,80
2024,2024micmp3,Week 6,7501,6113,9176,5530,4130,3875,61,91
2024,2024micmp3,Week 6,1506,1481,2586,7154,5675,8873,97,87
2024,2024micmp3,Week 6,3546,123,302,1701,9215,494,81,82
2024,2024micmp3,Week 6,3656,2611,1,3538,4381,8517,67,110
2024,2024micmp3,Week 6,5676,2054,68,280,3770,5436,83,76
2024,2024micmp3,Week 6,8427,7154,9176,858,5530,6113,62,68
2024,2024micmp3,Week 6,8873,1684,3546,3875,3572,5675,50,70
2024,2024micmp3,Week 6,8517,4130,8373,302,3538,3656,92,84
2024,2024micmp3,Week 6,5676,3688,7501,4381,1701,1506,65,98
2024,2024micmp3,Week 6,2054,3539,123,1481,6570,4967,90,94
2024,2024micmp3,Week 6,1,3536,5436,3770,2586,2611,74,81
2024,2024micmp3,Week 6,9215,3875,68,494,8517,8427,77,92
2024,2024micmp3,Week 6,9176,8873,3656,6113,1701,3546,69,75
2024,2024micmp3,Week 6,3538,5530,3572,1481,302,4381,80,74
2024,2024micmp3,Week 6,8373,2611,1684,5436,123,4967,72,90
2024,2024micmp3,Week 6,7501,6570,2054,858,1,1506,105,79
2024,2024micmp3,Week 6,9215,3688,3539,7154,3536,3770,42,34
2024,2024micmp3,Week 6,2586,494,5675,5676,4130,280,81,81
2024,2024micmp3,Week 6,3546,3656,8427,68,4967,4381,74,81
2024,2024micmp3,Week 6,8873,3875,3538,7501,5530,8373,113,87
2024,2024micmp3,Week 6,302,9215,8517,3539,6113,2611,71,68
2024,2024micmp3,Week 6,1506,280,2054,9176,123,2586,87,51
2024,2024micmp3,Week 6,3688,5436,1684,858,5676,5675,108,85
2024,2024micmp3,Week 6,494,3770,1481,6570,4130,1,60,62
2024,2024micmp3,Week 6,1701,7154,5530,3536,3572,2611,102,119
2024,2024micmp3,Week 6,8427,280,3875,1506,3539,8517,36,93
2024,2024micmp3,Week 6,6113,1684,4967,2054,5436,3538,71,125
2024,2024micmp3,Week 6,3770,3656,6570,2586,302,858,57,71
2024,2024micmp3,Week 6,123,5675,9215,1,9176,3688,81,66
2024,2024micmp3,Week 6,7154,4381,7501,494,3546,5676,97,103
2024,2024micmp3,Week 6,4130,1481,3536,3572,8373,1701,111,83
2024,2024micmp3,Week 6,68,2586,3539,8873,2611,5530,113,108
2024,2024micmp3,Week 6,1,302,280,1684,3538,8427,48,73
2024,2024micmp3,Week 6,4967,1506,3875,3688,494,6113,96,84
2024,2024micmp3,Week 6,8373,5436,5676,3546,9176,3572,83,94
2024,2024micmp3,Week 6,5675,1701,4130,7154,6570,9215,101,51
2024,2024micmp3,Week 6,8517,8873,3536,4381,2054,858,99,89
2024,2024micmp3,Week 6,3770,68,7501,123,3656,1481,75,78
2024,2024micmp3,Week 6,3539,9176,5530,494,1684,302,92,63
2024,2024micmp3,Week 6,3538,3546,2611,6570,3875,3688,114,76
2024,2024micmp3,Week 6,4967,1701,3536,1,2586,8873,101,76
2024,2024micmp3,Week 6,8517,7154,858,68,8373,5675,73,70
2024,2024micmp3,Week 6,3656,2054,4130,3572,8427,123,104,86
2024,2024micmp3,Week 6,6113,5676,9215,1481,7501,280,65,47
2024,2024micmp3,Week 6,5530,3770,4381,5436,1506,6570,86,112
2024,2024micmp3,Week 6,3875,1,3539,9176,3538,68,69,95
2024,2024micmp3,Week 6,1701,8427,302,2054,4967,7154,70,78
2024,2024micmp3,Week 6,3572,858,494,3688,8517,2586,91,79
2024,2024micmp3,Week 6,280,8873,4381,8373,9215,3770,78,60
2024,2024micmp3,Week 6,123,1506,6113,3536,5675,1684,56,64
2024,2024micmp3,Week 6,2611,1481,5436,4130,7501,3546,84,92
2024,2024micmp3,Week 6,5676,1,8427,3656,5530,3688,83,81
2024,2024micmp3,Week 6,3770,302,9176,3875,8373,7154,75,78
2024,2024micmp3,Week 6,6570,4381,3572,5675,2054,6113,75,90
2024,2024micmp3,Week 6,3536,3546,2586,1684,7501,8517,68,74
2024,2024micmp3,Week 6,5436,494,3539,1701,280,3656,101,88
2024,2024micmp3,Week 6,2611,858,123,1481,5676,3538,72,96
2024,2024micmp3,Week 6,8873,68,1506,9215,4967,4130,101,62
2024,2024micmp3,Week 6,3546,1,3770,6113,8427,8373,82,59
2024,2024micmp3,Week 6,5675,6570,302,3656,3536,7501,94,93
2024,2024micmp3,Week 6,5436,858,1701,2611,3875,494,77,72
2024,2024micmp3,Week 6,4130,4381,3688,2054,1684,9176,56,97
2024,2024micmp3,Week 6,5530,68,1481,280,8517,123,94,72
2024,2024micmp3,Week 6,1506,7154,5676,4967,3539,8873,96,108
2024,2024micmp3,Week 6,2586,3572,5436,3538,9215,1,65,88
2024,2024micmp3,Week 6,8373,494,3536,8427,2611,2054,59,94
2024,2024micmp3,Week 6,1684,68,3656,9176,1481,1701,77,75
2024,2024micmp3,Week 6,8517,5676,4967,123,8873,6570,78,54
2024,2024micmp3,Week 6,858,7501,3538,3572,1506,9215,76,95
2024,2024micmp3,Week 6,4381,6113,3875,2586,280,7154,44,91
2024,2024micmp3,Week 6,5530,5675,3546,3539,3770,4130,101,100
2024,2024micmp3,Week 6,8427,3688,1481,302,5436,8873,79,87
2024,2024micmp3,Week 6,6570,8517,1701,2611,9176,1506,106,104
2024,2024micmp3,Week 6,9215,3536,2054,3875,3656,5676,89,88
2024,2024micmp3,Week 6,4130,6113,3572,68,858,280,89,71
2024,2024micmp3,Week 6,5675,3538,3770,7501,4967,494,97,102
2024,2024micmp3,Week 6,4381,123,1,302,3539,7154,71,91
2024,2024micmp3,Week 6,1684,2586,5530,3688,3546,8373,60,81
2024,2024micmp4,Week 6,7166,8179,9572,1025,6121,2075,41,95
2024,2024micmp4,Week 6,7768,6002,3357,5641,7660,3603,75,48
2024,2024micmp4,Week 6,9237,9208,1718,2137,8352,894,74,75
2024,2024micmp4,Week 6,201,67,2620,1189,1711,226,89,79
2024,2024micmp4,Week 6,9312,3767,2145,5166,3604,7782,104,69
2024,2024micmp4,Week 6,2767,6090,6548,7178,862,5534,89,94
2024,2024micmp4,Week 6,9208,4779,6618,1502,107,1025,78,43
2024,2024micmp4,Week 6,226,8352,67,1718,9572,3357,94,92
2024,2024micmp4,Week 6,201,7660,3604,7166,3767,6121,79,89
2024,2024micmp4,Week 6,7782,1711,6548,8179,7178,5641,83,64
2024,2024micmp4,Week 6,2075,862,107,2145,894,9237,87,72
2024,2024micmp4,Week 6,1502,2137,5534,6002,4779,3603,69,79
2024,2024micmp4,Week 6,2620,5166,6090,6618,7768,9312,86,74
2024,2024micmp4,Week 6,7166,1189,1025,2767,7782,67,68,109
2024,2024micmp4,Week 6,3604,3767,107,226,1718,862,90,104
2024,2024micmp4,Week 6,1502,9572,894,3603,6548,2145,44,82
2024,2024micmp4,Week 6,1711,7660,9312,7178,2075,6618,69,62
2024,2024micmp4,Week 6,8352,3357,5166,5534,2620,4779,86,83
2024,2024micmp4,Week 6,9237,201,8179,2137,1189,6002,71,86
2024,2024micmp4,Week 6,7768,6090,5641,2767,9208,6121,89,99
2024,2024micmp4,Week 6,862,3603,7166,1718,6618,107,73,85
2024,2024micmp4,Week 6,2075,5534,894,2620,9312,7782,94,69
2024,2024micmp4,Week 6,6548,3767,67,6002,201,8352,85,58
2024,2024micmp4,Week 6,3604,2145,9572,226,5641,9208,63,57
2024,2024micmp4,Week 6,2137,7768,5166,1189,1502,2767,83,99
2024,2024micmp4,Week 6,1711,6121,9237,1025,3357,7660,66,103
2024,2024micmp4,Week 6,7178,6090,894,8179,4779,67,96,81
2024,2024micmp4,Week 6,6618,5534,7166,3767,9572,2620,80,65
2024,2024micmp4,Week 6,9208,2145,1502,862,1189,201,51,83
2024,2024micmp4,Week 6,2075,5641,2767,1718,6121,6548,118,91
2024,2024micmp4,Week 6,2137,3603,7178,8352,7660,6090,91,70
2024,2024micmp4,Week 6,107,7782,226,4779,9237,7768,73,82
2024,2024micmp4,Week 6,8179,1025,1711,9312,6002,3604,60,109
2024,2024micmp4,Week 6,5166,2145,201,3357,2075,7166,82,117
2024,2024micmp4,Week 6,3767,1718,5641,7178,2620,1502,66,45
2024,2024micmp4,Week 6,7660,2137,6121,226,9572,4779,82,101
2024,2024micmp4,Week 6,1025,862,9312,3603,8352,8179,63,69
2024,2024micmp4,Week 6,5534,67,1711,7768,6548,107,94,68
2024,2024micmp4,Week 6,1189,6618,3604,894,2767,3357,88,107
2024,2024micmp4,Week 6,9208,5166,6002,6090,9237,7782,90,94
2024,2024micmp4,Week 6,3767,7178,4779,2145,8179,2137,72,66
2024,2024micmp4,Week 6,7660,7166,1718,7768,67,862,91,81
2024,2024micmp4,Week 6,8352,2620,2767,894,6618,6121,90,64
2024,2024micmp4,Week 6,5166,6548,9237,9572,3603,201,82,51
2024,2024micmp4,Week 6,5641,5534,1025,9312,9208,1189,73,115
2024,2024micmp4,Week 6,1502,7782,6002,107,3357,6090,83,112
2024,2024micmp4,Week 6,3604,226,2137,1711,2075,7768,82,89
2024,2024micmp4,Week 6,67,894,1718,6618,8179,5166,84,71
2024,2024micmp4,Week 6,6548,7178,7660,2620,1025,9208,74,72
2024,2024micmp4,Week 6,9572,2767,9312,107,6002,2145,112,84
2024,2024micmp4,Week 6,2075,6090,3767,3357,5534,1189,104,108
2024,2024micmp4,Week 6,6121,226,3603,7782,5641,862,85,53
2024,2024micmp4,Week 6,8352,1502,9237,7166,3604,1711,61,101
2024,2024micmp4,Week 6,1718,201,7768,4779,2145,7660,79,95
2024,2024micmp4,Week 6,6002,2075,9572,5166,894,1025,65,90
2024,2024micmp4,Week 6,7782,2137,6618,5641,1189,6548,70,62
2024,2024micmp4,Week 6,67,6121,1502,9237,3604,5534,86,41
2024,2024micmp4,Week 6,6090,9312,3603,201,1711,3767,111,70
2024,2024micmp4,Week 6,4779,107,8352,862,2620,8179,62,57
2024,2024micmp4,Week 6,3357,7178,9208,2767,7166,226,97,103
2024,2024micmp4,Week 6,67,9237,7660,5641,1502,5166,82,51
2024,2024micmp4,Week 6,5534,1718,2145,6090,1025,2137,114,88
2024,2024micmp4,Week 6,862,1711,8352,7782,201,2075,65,97
2024,2024micmp4,Week 6,3357,9312,8179,894,7768,2620,61,68
2024,2024micmp4,Week 6,6002,6618,226,6548,7166,4779,56,74
2024,2024micmp4,Week 6,107,3603,1189,6121,3604,7178,93,74
2024,2024micmp4,Week 6,3767,2767,862,9572,9208,1711,106,60
2024,2024micmp4,Week 6,2145,1025,7782,67,2137,3357,96,98
2024,2024micmp4,Week 6,894,5641,7166,201,226,6090,53,88
2024,2024micmp4,Week 6,6121,4779,1189,9312,5166,1718,85,116
2024,2024micmp4,Week 6,7660,107,2767,3604,6548,8352,97,58
2024,2024micmp4,Week 6,9208,8179,2075,3603,1502,6618,88,70
2024,2024micmp4,Week 6,9572,7768,7178,5534,6002,3767,72,73
2024,2024micmp4,Week 6,6121,3357,2620,9237,862,2137,113,75
2024,2024micmp4,Week 6,4779,894,201,1025,2767,3604,85,106
2024,2024micmp4,Week 6,6548,9312,2075,6090,67,9208,111,95
2024,2024micmp4,Week 6,1189,5166,9572,1711,107,7178,84,72
2024,2024micmp4,Week 6,8179,7782,5534,7660,226,1502,70,67
2024,2024micmp4,Week 6,2620,1718,6002,3603,9237,3767,85,96
2024,2024micmp4,Week 6,6618,8352,5641,2145,7166,7768,33,81
2024,2024nyny,Week 6,5421,354,5806,1601,7611,8739,27,30
2024,2024nyny,Week 6,2869,3053,3017,4122,335,7730,26,47
2024,2024nyny,Week 6,6648,9295,806,7036,743,4299,26,8
2024,2024nyny,Week 6,3419,8570,3950,369,9636,4571,86,17
2024,2024nyny,Week 6,395,6873,7668,9233,2895,1796,23,60
2024,2024nyny,Week 6,5298,4012,3004,9642,2344,2265,14,55
2024,2024nyny,Week 6,2601,7272,334,333,7201,1155,57,36
2024,2024nyny,Week 6,3760,9509,694,6590,28,5123,74,27
2024,2024nyny,Week 6,7036,3053,1880,7611,640,9437,18,7
2024,2024nyny,Week 6,369,7730,9295,4122,5806,1796,38,80
2024,2024nyny,Week 6,7668,4299,335,6873,2344,354,1,41
2024,2024nyny,Week 6,7272,2869,4012,4571,2601,5421,21,51
2024,2024nyny,Week 6,3760,9233,334,3950,5298,6648,21,41
2024,2024nyny,Week 6,2265,5123,9509,395,8570,7201,17,33
2024,2024nyny,Week 6,806,333,9636,1880,28,3017,39,29
2024,2024nyny,Week 6,3419,2895,6590,3004,9437,1601,56,17
2024,2024nyny,Week 6,1155,8739,9642,743,694,640,68,47
2024,2024nyny,Week 6,2344,4571,7611,3760,369,4122,31,35
2024,2024nyny,Week 6,7730,1796,2265,3950,7036,2601,68,69
2024,2024nyny,Week 6,333,335,8570,806,5421,9233,50,30
2024,2024nyny,Week 6,3017,6873,9509,2869,9437,3419,36,49
2024,2024nyny,Week 6,6648,1601,7201,7668,9642,1880,28,42
2024,2024nyny,Week 6,334,354,694,2895,9295,4012,108,20
2024,2024nyny,Week 6,28,395,3053,5806,3004,743,19,29
2024,2024nyny,Week 6,9636,6590,4299,1155,7272,640,17,60
2024,2024nyny,Week 6,5298,806,5123,8739,1796,9437,28,72
2024,2024nyny,Week 6,9233,333,2869,1601,2265,3760,67,44
2024,2024nyny,Week 6,1880,335,9295,2895,369,9509,7,17
2024,2024nyny,Week 6,9642,743,2601,3419,7668,7036,84,45
2024,2024nyny,Week 6,4299,4012,2344,7201,7730,5806,24,47
2024,2024nyny,Week 6,3053,6873,7272,6648,8739,8570,53,46
2024,2024nyny,Week 6,395,694,7611,640,3017,3950,42,50
2024,2024nyny,Week 6,9636,3004,4122,5123,334,5421,38,22
2024,2024nyny,Week 6,354,6590,1155,28,5298,4571,64,30
2024,2024nyny,Week 6,9437,3760,5806,335,3419,7201,24,49
2024,2024nyny,Week 6,2601,7668,2895,3053,9509,8570,64,26
2024,2024nyny,Week 6,1880,4299,333,8739,2869,395,29,25
2024,2024nyny,Week 6,369,9642,6873,9636,334,7611,77,41
2024,2024nyny,Week 6,1601,1155,3950,3017,5123,3004,79,5
2024,2024nyny,Week 6,7272,5298,9233,7730,694,806,39,70
2024,2024nyny,Week 6,2344,28,6648,640,4571,9295,27,32
2024,2024nyny,Week 6,354,2265,7036,6590,5421,4122,29,51
2024,2024nyny,Week 6,1796,4012,3760,743,9636,3053,64,17
2024,2024nyny,Week 6,5123,3950,9642,5806,333,6873,52,33
2024,2024nyny,Week 6,7611,1155,7730,7668,806,9437,32,35
2024,2024nyny,Week 6,3017,8570,5298,2869,9295,3004,69,24
2024,2024nyny,Week 6,354,4122,8739,9509,3419,9233,61,45
2024,2024nyny,Week 6,6590,395,743,335,369,7272,30,39
2024,2024nyny,Week 6,4571,7201,2265,7036,640,2895,50,4
2024,2024nyny,Week 6,4299,1796,28,4012,1601,2601,73,69
2024,2024nyny,Week 6,694,5421,2344,334,1880,6648,58,35
2024,2024nyny,Week 6,9295,9636,5298,333,7611,7668,40,29
2024,2024nyny,Week 6,5806,9233,9642,9509,7272,6590,53,27
2024,2024nyny,Week 6,6873,3004,640,335,3760,7036,35,7
2024,2024nyny,Week 6,7201,806,2869,3053,354,369,76,28
2024,2024nyny,Week 6,2601,3017,395,2344,8739,334,74,47
2024,2024nyny,Week 6,5421,2265,3419,1796,1155,694,35,124
2024,2024nyny,Week 6,2895,9437,28,4122,6648,4299,20,45
2024,2024nyny,Week 6,8570,1880,1601,4012,743,7730,75,7
2024,2024nyny,Week 6,3950,4571,335,5123,3053,7668,46,10
2024,2024nyny,Week 6,9295,2601,8739,3004,6590,3760,66,17
2024,2024nyny,Week 6,7201,7036,369,694,3017,333,29,64
2024,2024nyny,Week 6,9437,6648,9636,2265,5806,395,14,27
2024,2024nyny,Week 6,1796,1880,354,8570,9642,7272,77,58
2024,2024nyny,Week 6,743,9509,4571,334,4299,5298,36,47
2024,2024nyny,Week 6,28,640,5421,7730,3419,5123,13,57
2024,2024nyny,Week 6,2344,4122,1601,6873,3950,806,62,41
2024,2024nyny,Week 6,7611,2895,2869,4012,9233,1155,40,63
2024,2024nyny,Week 6,694,5806,335,8570,2601,1796,66,113
2024,2024nyny,Week 6,2265,369,3017,4299,3760,3053,44,11
2024,2024nyny,Week 6,3004,7730,333,4571,6648,354,52,44
2024,2024nyny,Week 6,9509,7036,2344,7272,1601,9636,41,38
2024,2024nyny,Week 6,640,7668,6590,806,334,4012,19,60
2024,2024nyny,Week 6,1155,4122,3419,5298,395,1880,69,47
2024,2024nyny,Week 6,9295,7201,743,5421,7611,6873,36,39
2024,2024nyny,Week 6,8739,3950,2895,9642,2869,28,66,87
2024,2024nyny,Week 6,9437,5123,369,9233,2344,2601,37,61
2024,2024mnmi2,Week 6,7677,3130,6709,5172,876,6749,66,94
2024,2024mnmi2,Week 6,9535,4728,7038,1816,3276,2883,90,114
2024,2024mnmi2,Week 6,5541,6146,3848,3313,3300,8188,39,62
2024,2024mnmi2,Week 6,8372,2538,2509,2667,4226,5464,36,63
2024,2024mnmi2,Week 6,7849,4674,7578,8255,4480,7257,56,68
2024,2024mnmi2,Week 6,7915,3102,2227,2549,3058,3134,66,64
2024,2024mnmi2,Week 6,8878,4607,4536,4539,8887,6175,72,52
2024,2024mnmi2,Week 6,3275,7048,8516,3755,6045,4778,42,66
2024,2024mnmi2,Week 6,4239,3740,3277,7858,3297,7028,44,80
2024,2024mnmi2,Week 6,8372,2667,3313,6749,6709,3300,60,92
2024,2024mnmi2,Week 6,7257,8188,3130,9535,2538,3276,95,59
2024,2024mnmi2,Week 6,7038,3134,7915,2509,7578,7677,52,65
2024,2024mnmi2,Week 6,3102,3848,5464,7849,6175,1816,57,77
2024,2024mnmi2,Week 6,8878,8255,4226,3275,5541,4536,50,39
2024,2024mnmi2,Week 6,4778,7028,8516,4607,876,3297,86,85
2024,2024mnmi2,Week 6,3277,2549,4674,8887,7858,3755,75,26
2024,2024mnmi2,Week 6,2227,3740,2883,4539,4728,6045,55,88
2024,2024mnmi2,Week 6,4480,4239,5172,7048,3058,6146,49,32
2024,2024mnmi2,Week 6,3313,3134,2509,6175,3130,9535,61,90
2024,2024mnmi2,Week 6,8188,4536,7578,1816,3300,5464,65,83
2024,2024mnmi2,Week 6,2667,3848,3276,4778,876,8255,73,63
2024,2024mnmi2,Week 6,3297,3755,3277,5541,7677,8372,61,48
2024,2024mnmi2,Week 6,2883,4728,7028,2538,8516,4674,121,35
2024,2024mnmi2,Week 6,7257,6749,7915,8878,4239,3102,72,58
2024,2024mnmi2,Week 6,6045,3740,3058,2549,7849,5172,19,75
2024,2024mnmi2,Week 6,6146,7038,4607,7048,6709,4226,72,71
2024,2024mnmi2,Week 6,8887,4480,3275,4539,7858,2227,13,63
2024,2024mnmi2,Week 6,3130,3755,3134,3277,8255,3848,69,46
2024,2024mnmi2,Week 6,8188,2509,6175,4674,2883,876,44,70
2024,2024mnmi2,Week 6,5464,4239,4778,4728,8878,6749,71,85
2024,2024mnmi2,Week 6,1816,2549,5541,8516,5172,7257,57,48
2024,2024mnmi2,Week 6,6045,7915,4536,6709,2667,7028,55,73
2024,2024mnmi2,Week 6,3102,3740,8372,4480,4607,2227,28,58
2024,2024mnmi2,Week 6,7677,3300,7048,4226,3276,4539,32,93
2024,2024mnmi2,Week 6,6146,8887,2538,3297,9535,3275,48,70
2024,2024mnmi2,Week 6,3313,7578,7038,7858,7849,3058,40,63
2024,2024mnmi2,Week 6,5172,8878,3755,3134,8188,4728,51,87
2024,2024mnmi2,Week 6,7915,1816,876,4674,6045,5541,71,39
2024,2024mnmi2,Week 6,3130,3102,8516,6709,5464,8372,60,51
2024,2024mnmi2,Week 6,3300,2227,8255,4607,2509,7028,42,115
2024,2024mnmi2,Week 6,7677,6175,4480,4778,9535,2667,60,42
2024,2024mnmi2,Week 6,3848,7858,3740,2538,4226,3058,24,45
2024,2024mnmi2,Week 6,4239,7048,3276,7849,4536,8887,92,44
2024,2024mnmi2,Week 6,7578,2883,2549,3275,6749,6146,71,48
2024,2024mnmi2,Week 6,3277,4539,3313,7038,7257,3297,76,58
2024,2024mnmi2,Week 6,7915,4674,4728,8372,3130,4607,30,76
2024,2024mnmi2,Week 6,5464,5541,5172,7028,4480,9535,39,92
2024,2024mnmi2,Week 6,876,8878,3058,3755,2538,3300,74,13
2024,2024mnmi2,Week 6,2227,2667,7849,8516,4226,4239,39,38
2024,2024mnmi2,Week 6,3740,1816,7677,2883,7048,8887,72,36
2024,2024mnmi2,Week 6,7578,8255,4539,2549,6709,3313,86,61
2024,2024mnmi2,Week 6,6749,3276,7858,3848,2509,3297,74,53
2024,2024mnmi2,Week 6,4536,4778,7257,3134,6045,6146,67,75
2024,2024mnmi2,Week 6,6175,3102,3275,7038,8188,3277,51,54
2024,2024mnmi2,Week 6,3300,7849,9535,4674,2227,3130,67,48
2024,2024mnmi2,Week 6,5464,3058,4607,5541,2883,2667,89,37
2024,2024mnmi2,Week 6,4226,876,7578,4728,3313,4239,79,67
2024,2024mnmi2,Week 6,6709,3297,8878,4480,7048,2549,58,47
2024,2024mnmi2,Week 6,2509,7257,6045,3848,8887,7677,82,36
2024,2024mnmi2,Week 6,3276,8188,6146,8516,3277,7915,92,69
2024,2024mnmi2,Week 6,6749,3755,8255,3740,7038,6175,83,50
2024,2024mnmi2,Week 6,4539,7028,3275,3134,8372,1816,103,59
2024,2024mnmi2,Week 6,4778,2538,7858,4536,5172,3102,63,104
2024,2024mnmi2,Week 6,2883,3297,7849,876,2227,6709,53,73
2024,2024mnmi2,Week 6,4607,4674,3313,3058,7677,4239,84,72
2024,2024mnmi2,Week 6,6045,2667,8878,3276,7578,3277,35,109
2024,2024mnmi2,Week 6,2509,5464,3130,6146,2549,3740,73,48
2024,2024mnmi2,Week 6,4226,3134,6749,8516,1816,4480,63,71
2024,2024mnmi2,Week 6,3755,4539,3848,7915,5172,2538,61,71
2024,2024mnmi2,Week 6,4536,6175,3300,7257,3275,4728,66,75
2024,2024mnmi2,Week 6,8255,9535,8188,7048,8372,7858,100,32
2024,2024mnmi2,Week 6,8887,7028,5541,3102,7038,4778,35,57
2024,2024mnmi2,Week 6,3276,7677,2227,7578,6146,5464,58,60
2024,2024mnmi2,Week 6,2667,4674,1816,8878,3313,3740,87,11
2024,2024mnmi2,Week 6,6045,6749,7849,3134,4607,2538,70,69
2024,2024mnmi2,Week 6,4239,7257,6709,2509,3275,3755,71,57
2024,2024mnmi2,Week 6,3300,8516,876,9535,3277,7858,71,91
2024,2024mnmi2,Week 6,4480,5541,7038,3130,4536,3848,26,75
2024,2024mnmi2,Week 6,6175,4728,7048,7028,7915,2549,72,103
2024,2024mnmi2,Week 6,3297,4778,4539,3102,4226,8188,82,62
2024,2024mnmi2,Week 6,3058,2883,5172,8255,8887,8372,78,31
2024,2024mnmi2,Week 6,6709,3275,3134,3740,3276,4674,57,67
2024,2024mnmi2,Week 6,7858,4607,2667,7257,6146,1816,57,86
2024,2024mnmi2,Week 6,876,3313,3755,4536,5464,4480,73,59
2024,2024mnmi2,Week 6,2538,6749,7048,2227,3277,5541,30,41
2024,2024mnmi2,Week 6,3297,3130,4226,6175,7578,6045,92,65
2024,2024mnmi2,Week 6,5172,4778,8887,3300,7915,2883,85,51
2024,2024mnmi2,Week 6,2549,8372,9535,4239,3848,7038,58,52
2024,2024mnmi2,Week 6,7028,8255,7849,8188,7677,8878,81,72
2024,2024mnmi2,Week 6,4728,8516,2509,3058,4539,3102,82,90
2024,2024cabe,Week 6,3256,6814,972,6059,4255,3045,84,39
2024,2024cabe,Week 6,841,6619,751,5985,9470,7729,112,20
2024,2024cabe,Week 6,6418,5419,4990,9519,7840,5507,88,44
2024,2024cabe,Week 6,7401,649,2288,6238,766,7667,88,18
2024,2024cabe,Week 6,9545,1678,7245,1160,5940,9111,89,72
2024,2024cabe,Week 6,4698,4186,1700,4973,3482,254,54,66
2024,2024cabe,Week 6,2854,581,114,6884,2637,2204,103,23
2024,2024cabe,Week 6,4669,9202,9634,9781,9038,9609,10,42
2024,2024cabe,Week 6,1458,5274,4904,7137,8793,8159,73,41
2024,2024cabe,Week 6,7419,8852,5430,8045,199,4159,35,29
2024,2024cabe,Week 6,4255,751,6418,2288,5419,6619,42,102
2024,2024cabe,Week 6,9470,9519,6814,766,1160,5985,28,69
2024,2024cabe,Week 6,6238,972,7401,254,1700,5940,48,151
2024,2024cabe,Week 6,7667,7840,1678,3482,841,114,78,86
2024,2024cabe,Week 6,7729,6884,9038,4186,2204,4973,46,20
2024,2024cabe,Week 6,9202,6059,9111,5274,4698,649,21,81
2024,2024cabe,Week 6,8159,2637,8852,7419,9545,9634,70,50
2024,2024cabe,Week 6,4904,8793,199,4669,4990,3045,17,42
2024,2024cabe,Week 6,7137,5430,8045,7245,9609,581,20,102
2024,2024cabe,Week 6,5507,4159,1458,3256,2854,9781,44,46
2024,2024cabe,Week 6,766,6619,3482,5419,114,254,70,112
2024,2024cabe,Week 6,7840,7401,5985,6814,9038,4186,36,32
2024,2024cabe,Week 6,2204,9519,9202,4255,9111,972,34,46
2024,2024cabe,Week 6,5274,4973,9470,2288,7667,7419,39,71
2024,2024cabe,Week 6,3045,4698,1678,9545,4669,8852,110,50
2024,2024cabe,Week 6,841,1160,7137,199,6238,6884,71,48
2024,2024cabe,Week 6,4159,2854,4990,7245,9634,8159,87,52
2024,2024cabe,Week 6,649,7729,1458,8045,581,5507,48,62
2024,2024cabe,Week 6,5940,6418,9609,2637,3256,8793,111,37
2024,2024cabe,Week 6,1700,9781,6059,5430,751,4904,22,20
2024,2024cabe,Week 6,766,7840,4973,9202,6619,5274,40,67
2024,2024cabe,Week 6,2204,2288,4669,5985,8852,6814,59,61
2024,2024cabe,Week 6,9111,3045,5419,6884,7401,7419,83,30
2024,2024cabe,Week 6,7667,7137,4698,9634,1160,4990,68,27
2024,2024cabe,Week 6,7729,4255,7245,6238,1458,9038,29,100
2024,2024cabe,Week 6,649,254,2854,9519,9545,3256,127,48
2024,2024cabe,Week 6,199,3482,581,9781,751,5940,61,68
2024,2024cabe,Week 6,8045,1678,9470,6418,4904,1700,82,52
2024,2024cabe,Week 6,5507,8159,114,8793,5430,6059,115,28
2024,2024cabe,Week 6,9609,4186,2637,4159,972,841,41,78
2024,2024cabe,Week 6,2204,5419,9634,5274,3045,1160,61,60
2024,2024cabe,Week 6,7245,5985,7137,7840,7419,9202,56,41
2024,2024cabe,Week 6,6619,4973,4698,7401,1458,2854,87,32
2024,2024cabe,Week 6,9038,3256,2288,581,9111,9519,83,71
2024,2024cabe,Week 6,254,4904,4255,649,7667,8852,114,76
2024,2024cabe,Week 6,5430,9470,6238,3482,8793,9545,48,50
2024,2024cabe,Week 6,4186,5507,751,114,8045,2637,27,66
2024,2024cabe,Week 6,6059,4669,6418,6884,5940,4159,51,76
2024,2024cabe,Week 6,8159,766,972,199,9781,1678,73,80
2024,2024cabe,Week 6,9609,7729,841,1700,4990,6814,69,44
2024,2024cabe,Week 6,3256,2204,7245,7137,7401,4973,56,14
2024,2024cabe,Week 6,8852,4904,9519,581,7419,5274,27,103
2024,2024cabe,Week 6,9111,5985,6238,5419,2854,5430,18,71
2024,2024cabe,Week 6,9038,649,3045,114,9470,4698,54,73
2024,2024cabe,Week 6,751,254,1160,8793,4159,7840,96,37
2024,2024cabe,Week 6,4669,5940,4186,5507,4255,766,89,70
2024,2024cabe,Week 6,4990,9202,6884,1678,6814,3482,30,100
2024,2024cabe,Week 6,841,199,6059,6619,9634,1458,46,54
2024,2024cabe,Week 6,972,9609,9545,7729,7667,6418,68,30
2024,2024cabe,Week 6,8159,8045,9781,1700,2288,2637,26,45
2024,2024cabe,Week 6,8852,114,3256,9470,7245,5419,103,58
2024,2024cabe,Week 6,751,6238,5274,4698,9038,5430,47,59
2024,2024cabe,Week 6,5940,3045,766,2854,7137,7840,116,54
2024,2024cabe,Week 6,4159,581,4255,4973,4990,9111,65,30
2024,2024cabe,Week 6,1678,254,841,7419,6059,2204,152,24
2024,2024cabe,Week 6,9545,6814,6619,972,5507,4904,71,80
2024,2024cabe,Week 6,9634,1700,8045,5985,6884,8793,43,45
2024,2024cabe,Week 6,2637,9519,7667,1458,4669,199,36,55
2024,2024cabe,Week 6,6418,3482,7401,9609,8159,649,40,88
2024,2024cabe,Week 6,9202,9781,2288,1160,7729,4186,52,44
2024,2024cabe,Week 6,4990,8852,5940,114,9111,751,102,62
2024,2024cabe,Week 6,6059,6238,7840,9470,2204,581,41,64
2024,2024cabe,Week 6,4698,5507,3256,4904,841,766,85,77
2024,2024cabe,Week 6,9038,4159,1700,5419,9545,7137,56,84
2024,2024cabe,Week 6,1678,9634,8793,9519,4973,4255,81,43
2024,2024cabe,Week 6,972,5274,3482,2854,8045,4669,74,36
2024,2024cabe,Week 6,1458,7419,1160,4186,6418,649,30,64
2024,2024cabe,Week 6,6814,6884,9781,7667,7245,6619,29,77
2024,2024cabe,Week 6,2288,5985,8159,3045,9609,254,59,113
2024,2024cabe,Week 6,2637,5430,199,7401,9202,7729,55,21
2024,2024cabe,Week 6,5940,114,2204,4904,4698,4159,127,76
2024,2024cabe,Week 6,9634,7137,9470,9111,1678,5507,37,102
2024,2024cabe,Week 6,8793,766,2854,8852,6059,9038,54,75
2024,2024cabe,Week 6,4973,972,4669,751,649,5419,78,70
2024,2024cabe,Week 6,6619,4186,7419,4990,3256,6238,81,57
2024,2024cabe,Week 6,581,1700,5985,1160,8159,7667,80,54
2024,2024cabe,Week 6,7840,1458,6884,5430,2288,9609,42,89
2024,2024cabe,Week 6,9781,5274,9545,4255,841,7401,49,73
2024,2024cabe,Week 6,3482,2637,7729,3045,7245,9519,43,59
2024,2024cabe,Week 6,254,6418,8045,6814,199,9202,99,40
2024,2024incmp,Week 6,6498,1501,2197,3865,3176,5010,66,46
2024,2024incmp,Week 6,1747,7617,4926,829,1741,8103,74,112
2024,2024incmp,Week 6,135,5484,292,3940,9431,1024,70,64
2024,2024incmp,Week 6,4982,9491,7454,3147,5402,5188,45,67
2024,2024incmp,Week 6,1018,8430,3487,234,461,868,67,95
2024,2024incmp,Week 6,7657,1720,3494,4272,6721,7457,80,70
2024,2024incmp,Week 6,45,1741,9431,1646,6498,292,81,51
2024,2024incmp,Week 6,829,3940,5402,5484,2197,5010,91,104
2024,2024incmp,Week 6,1018,9491,1747,1501,3487,234,45,94
2024,2024incmp,Week 6,1720,135,1024,868,3147,4272,63,90
2024,2024incmp,Week 6,461,3865,4982,7457,3494,4926,41,95
2024,2024incmp,Week 6,8103,45,5188,6721,8430,1646,68,36
2024,2024incmp,Week 6,7617,7454,5484,7657,1747,3176,112,64
2024,2024incmp,Week 6,4272,234,5402,3940,868,1741,58,77
2024,2024incmp,Week 6,1720,3147,5010,9491,3865,135,64,41
2024,2024incmp,Week 6,1018,1646,45,6498,7457,4982,49,80
2024,2024incmp,Week 6,4926,8430,7657,1024,6721,1501,61,69
2024,2024incmp,Week 6,7617,8103,292,3487,5188,2197,97,73
2024,2024incmp,Week 6,3176,3494,461,9431,7454,829,95,53
2024,2024incmp,Week 6,45,1747,868,135,5010,1018,111,84
2024,2024incmp,Week 6,1646,3147,4982,1501,7457,1720,67,106
2024,2024incmp,Week 6,292,234,3865,8103,7657,5484,64,66
2024,2024incmp,Week 6,3176,5188,1741,9491,3494,1024,65,90
2024,2024incmp,Week 6,5402,2197,7617,6721,7454,4926,61,81
2024,2024incmp,Week 6,829,6498,3487,461,4272,8430,79,97
2024,2024incmp,Week 6,9431,1501,1646,3940,1747,135,72,91
2024,2024incmp,Week 6,234,8103,3147,3176,5484,45,73,74
2024,2024incmp,Week 6,1741,4926,9491,2197,1720,7454,56,72
2024,2024incmp,Week 6,8430,4982,3494,7617,6498,4272,63,68
2024,2024incmp,Week 6,7657,3487,7457,3865,868,829,58,95
2024,2024incmp,Week 6,5188,1018,1024,5402,5010,9431,62,55
2024,2024incmp,Week 6,292,6721,1747,461,3940,3147,86,83
2024,2024incmp,Week 6,3494,8103,4272,45,9491,1501,110,71
2024,2024incmp,Week 6,7454,3865,6498,135,7617,8430,71,71
2024,2024incmp,Week 6,1741,2197,234,7657,1646,5188,85,41
2024,2024incmp,Week 6,5010,3487,3940,1024,829,4982,76,91
2024,2024incmp,Week 6,9431,7457,868,5402,4926,3176,73,39
2024,2024incmp,Week 6,461,5484,6721,292,1720,1018,96,66
2024,2024incmp,Week 6,3494,3865,2197,8430,3147,45,77,62
2024,2024incmp,Week 6,1747,7454,1741,3940,4982,4272,56,92
2024,2024incmp,Week 6,1646,5402,135,3487,3176,8103,37,65
2024,2024incmp,Week 6,6721,9431,1720,9491,7617,829,51,79
2024,2024incmp,Week 6,1024,7457,461,292,7657,1501,110,72
2024,2024incmp,Week 6,6498,5188,5010,5484,4926,234,73,58
2024,2024incmp,Week 6,135,868,8103,1018,4982,1741,99,93
2024,2024incmp,Week 6,7454,45,5402,1747,829,3494,89,112
2024,2024incmp,Week 6,2197,3940,6721,3865,1720,3487,65,54
2024,2024incmp,Week 6,234,9491,1646,8430,1024,292,60,84
2024,2024incmp,Week 6,7457,5484,3147,4926,461,6498,80,96
2024,2024incmp,Week 6,5188,7617,9431,4272,5010,7657,73,94
2024,2024incmp,Week 6,1501,3176,3940,868,1018,3494,84,90
2024,2024incmp,Week 6,1741,1024,3487,4982,45,6721,82,91
2024,2024incmp,Week 6,5484,6498,9491,8103,1646,1747,80,78
2024,2024incmp,Week 6,7617,7657,234,3147,292,2197,82,86
2024,2024incmp,Week 6,4926,4272,829,3865,1018,9431,72,29
2024,2024incmp,Week 6,8430,5010,7457,3176,135,7454,84,93
2024,2024incmp,Week 6,1720,5402,868,1501,461,5188,64,87
2024,2024incmp,Week 6,3147,7657,6498,9491,8103,3940,78,74
2024,2024incmp,Week 6,2197,4272,1018,4926,1024,1646,83,82
2024,2024incmp,Week 6,1747,9431,8430,7457,1741,3865,37,89
2024,2024incmp,Week 6,45,135,461,234,5188,1720,106,74
2024,2024incmp,Week 6,5010,868,1501,3494,6721,7617,90,88
2024,2024incmp,Week 6,829,292,3176,3487,4982,5402,69,85
2024,2024incmp,Week 6,7454,1018,7657,5484,1741,8430,70,104
2024,2024incmp,Week 6,1024,4272,3865,5188,1747,7457,72,68
2024,2024incmp,Week 6,5010,461,9491,1646,3940,7617,89,74
2024,2024incmp,Week 6,868,2197,3176,1720,829,45,93,62
2024,2024incmp,Week 6,3147,3487,6721,9431,234,6498,61,70
2024,2024incmp,Week 6,4982,4926,135,5402,3494,5484,73,76
2024,2024incmp,Week 6,8103,1501,3865,7454,292,461,83,83
2024,2024incmp,Week 6,5188,8430,3940,7457,45,7617,73,94
2024,2024incmp,Week 6,4272,3176,1720,5010,234,1747,74,96
2024,2024incmp,Week 6,6721,829,1018,1741,135,3147,68,95
2024,2024incmp,Week 6,868,1024,7657,6498,5402,8103,74,102
2024,2024incmp,Week 6,3494,1646,7454,3487,292,4926,86,95
2024,2024incmp,Week 6,4982,1501,5484,2197,9431,9491,102,55
2024,2024nccmp,Week 6,9496,6639,8304,6502,2640,900,78,57
2024,2024nccmp,Week 6,3196,5160,1225,7763,4795,6004,61,92
2024,2024nccmp,Week 6,8429,9298,9150,9032,3459,6729,27,62
2024,2024nccmp,Week 6,6932,9297,4828,3506,4561,3737,61,54
2024,2024nccmp,Week 6,2059,6500,9008,2642,8757,6894,56,58
2024,2024nccmp,Week 6,8738,4829,3229,7890,587,4534,82,60
2024,2024nccmp,Week 6,4290,2640,8727,5160,7443,1533,46,53
2024,2024nccmp,Week 6,3737,8429,9496,9150,4795,6502,67,45
2024,2024nccmp,Week 6,8304,2059,3506,3459,3196,6639,47,66
2024,2024nccmp,Week 6,8738,4828,2642,9008,900,9032,81,52
2024,2024nccmp,Week 6,7443,7890,8757,1225,4829,6004,39,60
2024,2024nccmp,Week 6,6729,3229,587,4290,6894,6932,43,29
2024,2024nccmp,Week 6,4561,4534,1533,9298,8727,7763,76,75
2024,2024nccmp,Week 6,9032,9297,9150,6500,8304,3196,50,40
2024,2024nccmp,Week 6,5160,4829,2059,3737,2640,1225,70,44
2024,2024nccmp,Week 6,4795,3506,900,7890,8429,6894,77,36
2024,2024nccmp,Week 6,4534,6932,6004,4828,9008,6502,41,68
2024,2024nccmp,Week 6,1533,4290,7763,6639,6500,4561,51,81
2024,2024nccmp,Week 6,6729,8738,9298,8727,587,8757,58,56
2024,2024nccmp,Week 6,3459,9496,7443,2642,3229,9297,72,86
2024,2024nccmp,Week 6,9032,6004,3196,4534,3737,9150,62,32
2024,2024nccmp,Week 6,6500,900,7763,7890,5160,6932,72,42
2024,2024nccmp,Week 6,587,9008,1533,2640,2059,4795,77,85
2024,2024nccmp,Week 6,6502,6894,8727,2642,3459,9298,83,58
2024,2024nccmp,Week 6,4829,3506,6639,7443,8304,3229,45,37
2024,2024nccmp,Week 6,8738,4290,8429,4828,4561,9496,45,83
2024,2024nccmp,Week 6,9008,1225,9297,8757,6729,900,35,90
2024,2024nccmp,Week 6,8727,2059,6932,4795,9032,7890,60,116
2024,2024nccmp,Week 6,6894,3459,2640,7763,3737,7443,74,90
2024,2024nccmp,Week 6,6004,3506,6502,587,4829,6500,62,70
2024,2024nccmp,Week 6,4290,1225,9496,9297,4534,8429,46,60
2024,2024nccmp,Week 6,9150,4561,8738,9298,6639,5160,61,66
2024,2024nccmp,Week 6,3229,8757,4828,1533,8304,2642,51,59
2024,2024nccmp,Week 6,6729,6502,4829,3196,7443,900,70,62
2024,2024nccmp,Week 6,6500,6004,4290,9496,8727,3506,31,87
2024,2024nccmp,Week 6,9032,6894,9298,2640,9297,5160,78,38
2024,2024nccmp,Week 6,6932,1533,3459,9150,9008,8757,48,39
2024,2024nccmp,Week 6,4561,6729,2642,3229,3737,4795,88,101
2024,2024nccmp,Week 6,8304,8738,587,7763,3196,8429,64,81
2024,2024nccmp,Week 6,4828,4534,6639,2059,1225,7890,79,27
2024,2024nccmp,Week 6,5160,900,9496,1533,3506,9032,95,91
2024,2024nccmp,Week 6,2642,4795,4290,9150,2640,4829,80,79
2024,2024nccmp,Week 6,6894,6729,6500,8738,3196,9297,75,82
2024,2024nccmp,Week 6,8304,8727,7890,587,6932,3737,75,63
2024,2024nccmp,Week 6,4561,3229,6004,6502,2059,3459,86,75
2024,2024nccmp,Week 6,4534,9298,8757,8429,6639,7443,48,70
2024,2024nccmp,Week 6,9008,7763,3506,4828,1225,9150,76,72
2024,2024nccmp,Week 6,8727,5160,4795,9297,6729,4290,107,35
2024,2024nccmp,Week 6,2059,587,9032,4829,4561,8304,96,60
2024,2024nccmp,Week 6,8757,3459,3737,900,8738,4534,70,52
2024,2024nccmp,Week 6,2640,3229,8429,3196,6932,9298,43,44
2024,2024nccmp,Week 6,7890,6502,1533,7443,2642,1225,58,67
2024,2024nccmp,Week 6,6894,7763,6639,9496,6004,9008,69,79
2024,2024nccmp,Week 6,6500,5160,3459,4795,587,4828,62,112
2024,2024nccmp,Week 6,3506,4290,3196,6932,8757,2640,70,23
2024,2024nccmp,Week 6,7443,6502,9297,2059,1533,8738,62,63
2024,2024nccmp,Week 6,9496,4534,2642,9008,6894,4561,98,50
2024,2024nccmp,Week 6,900,9150,8304,6004,9298,7890,37,52
2024,2024nccmp,Week 6,3229,6639,1225,3737,6500,9032,26,80
2024,2024nccmp,Week 6,8727,8429,6729,4829,4828,7763,88,75
2024,2024nccmp,Week 6,587,7443,4561,1533,9496,3196,49,78
2024,2024nccmp,Week 6,3506,8738,6932,6004,9150,2059,57,56
2024,2024nccmp,Week 6,3737,8304,9008,3229,4290,5160,61,36
2024,2024nccmp,Week 6,8429,2642,6500,4534,7763,6729,89,93
2024,2024nccmp,Week 6,9298,900,4828,4829,4795,6894,39,101
2024,2024nccmp,Week 6,6639,7890,2640,3459,9297,8727,61,86
2024,2024nccmp,Week 6,8757,9032,4561,1225,6502,587,56,62
2024,2024nccmp,Week 6,6004,2642,3737,5160,8429,3506,79,76
2024,2024nccmp,Week 6,6932,9150,3229,6894,4828,7443,22,80
2024,2024nccmp,Week 6,9297,9496,2059,900,8727,4829,79,64
2024,2024nccmp,Week 6,7763,7890,3459,4290,8757,6502,60,30
2024,2024nccmp,Week 6,9298,9008,2640,1225,6500,8738,60,44
2024,2024nccmp,Week 6,6729,1533,4795,8304,9032,4534,70,43
2024,2024nccmp,Week 6,3196,9150,587,6639,2642,8727,51,75
2024,2024nccmp,Week 6,8757,7763,5160,6502,9496,3229,73,90
2024,2024nccmp,Week 6,9297,7890,4829,8429,6932,9008,49,60
2024,2024nccmp,Week 6,1225,1533,6894,3459,6004,8304,57,58
2024,2024nccmp,Week 6,2640,3196,4534,3506,4828,6729,64,94
2024,2024nccmp,Week 6,4795,7443,6500,6639,9032,8738,105,88
2024,2024nccmp,Week 6,900,3737,2059,4561,9298,4290,60,60
2024,2024arc,FIRST Championship,4499,6424,353,7056,9496,6090,95,103
2024,2024arc,FIRST Championship,2992,3655,2718,4206,3276,7048,101,72
2024,2024arc,FIRST Championship,34,8011,9023,3489,1982,4946,60,63
2024,2024arc,FIRST Championship,1168,2231,2883,6865,7589,6036,133,41
2024,2024arc,FIRST Championship,5996,4967,4917,4091,4738,120,85,40
2024,2024arc,FIRST Championship,3161,5166,1729,9717,2373,1339,94,56
2024,2024arc,FIRST Championship,7407,8044,6941,341,6569,4,97,46
2024,2024arc,FIRST Championship,9406,6639,3767,597,8054,231,69,81
2024,2024arc,FIRST Championship,3256,360,1678,2854,16,3480,121,77
2024,2024arc,FIRST Championship,2357,3070,3880,9426,1071,3707,77,57
2024,2024arc,FIRST Championship,4639,9499,2075,1261,9668,4613,70,112
2024,2024arc,FIRST Championship,857,3656,9418,4272,7121,1714,97,66
2024,2024arc,FIRST Championship,8517,8056,3655,5996,354,1168,72,41
2024,2024arc,FIRST Championship,3489,7048,353,6865,4091,2373,91,52
2024,2024arc,FIRST Championship,9496,6424,4917,341,34,2231,100,22
2024,2024arc,FIRST Championship,6036,4946,3276,4967,9406,231,139,110
2024,2024arc,FIRST Championship,9717,2883,8054,8011,1339,4206,51,80
2024,2024arc,FIRST Championship,3880,5166,360,2357,6090,4738,60,80
2024,2024arc,FIRST Championship,3480,3161,9499,6639,2718,3707,60,103
2024,2024arc,FIRST Championship,8044,120,9668,1714,1071,2992,70,65
2024,2024arc,FIRST Championship,3656,6941,9023,2854,4613,597,54,97
2024,2024arc,FIRST Championship,1678,354,2075,7056,1982,9418,101,74
2024,2024arc,FIRST Championship,857,6569,8056,4,1261,7589,61,70
2024,2024arc,FIRST Championship,1729,3256,7407,9426,7121,8517,86,62
2024,2024arc,FIRST Championship,3767,4639,4272,3070,16,4499,79,107
2024,2024arc,FIRST Championship,6090,3489,3655,2231,1339,6036,71,20
2024,2024arc,FIRST Championship,2357,4946,4967,341,2373,9499,114,58
2024,2024arc,FIRST Championship,9717,231,4917,2883,7048,1071,81,74
2024,2024arc,FIRST Championship,360,6865,9406,6639,8044,9496,70,101
2024,2024arc,FIRST Championship,3656,597,3880,8011,9668,6424,104,73
2024,2024arc,FIRST Championship,8054,4206,4091,8056,3707,6941,86,77
2024,2024arc,FIRST Championship,3276,354,3256,4738,4613,3161,90,98
2024,2024arc,FIRST Championship,1714,8517,857,1678,4639,2718,94,95
2024,2024arc,FIRST Championship,4499,4,9426,120,2075,2854,78,78
2024,2024arc,FIRST Championship,16,2992,7121,353,6569,5166,100,103
2024,2024arc,FIRST Championship,7056,1729,3070,5996,1261,34,99,62
2024,2024arc,FIRST Championship,7589,4272,3480,3767,9023,1982,52,105
2024,2024arc,FIRST Championship,9418,1168,9717,7407,4967,3880,62,124
2024,2024arc,FIRST Championship,1071,4091,360,4946,8054,6424,66,75
2024,2024arc,FIRST Championship,1339,6639,4738,6941,9668,341,47,65
2024,2024arc,FIRST Championship,2883,9496,8056,2718,3656,3489,83,99
2024,2024arc,FIRST Championship,6090,2075,6865,3276,2357,1714,105,117
2024,2024arc,FIRST Championship,4613,8517,4,16,9426,7048,76,48
2024,2024arc,FIRST Championship,6036,7056,4639,8011,3256,2992,92,81
2024,2024arc,FIRST Championship,2854,7589,354,8044,34,231,39,66
2024,2024arc,FIRST Championship,1982,3655,3161,120,7407,857,80,97
2024,2024arc,FIRST Championship,2373,3707,6569,9023,5996,4499,87,117
2024,2024arc,FIRST Championship,597,3480,1261,353,4272,2231,79,127
2024,2024arc,FIRST Championship,9499,1168,1678,7121,3767,1729,92,93
2024,2024arc,FIRST Championship,5166,4206,4917,9418,3070,9406,105,96
2024,2024arc,FIRST Championship,4946,9717,9668,6090,2718,4,54,108
2024,2024arc,FIRST Championship,2992,6639,2357,4091,2883,8517,93,63
2024,2024arc,FIRST Championship,3256,4738,34,1714,1339,8056,75,72
2024,2024arc,FIRST Championship,4967,8011,354,9426,857,6941,84,53
2024,2024arc,FIRST Championship,1982,2373,16,231,6036,341,72,109
2024,2024arc,FIRST Championship,7048,9496,7589,3707,597,4639,69,84
2024,2024arc,FIRST Championship,1168,2854,3767,6424,1261,3489,97,107
2024,2024arc,FIRST Championship,120,3276,9406,6569,7056,4272,74,111
2024,2024arc,FIRST Championship,8054,3656,4499,1678,5166,3655,101,135
2024,2024arc,FIRST Championship,9418,9499,7407,1071,6865,3480,99,32
2024,2024arc,FIRST Championship,3161,3070,7121,360,9023,2075,69,127
2024,2024arc,FIRST Championship,2231,5996,3880,4206,4613,8044,71,129
2024,2024arc,FIRST Championship,353,1729,6036,4917,8056,354,132,33
2024,2024arc,FIRST Championship,9668,1982,9496,4091,9426,3256,93,48
2024,2024arc,FIRST Championship,3707,3767,1339,2992,857,2854,75,78
2024,2024arc,FIRST Championship,2718,597,4738,16,1168,7056,119,118
2024,2024arc,FIRST Championship,3656,6090,341,7048,120,8054,121,35
2024,2024arc,FIRST Championship,34,1678,6569,6865,9717,4967,90,29
2024,2024arc,FIRST Championship,231,360,3480,4,3655,4639,90,85
2024,2024arc,FIRST Championship,5166,7407,8011,5996,2075,4613,130,150
2024,2024arc,FIRST Championship,8517,1071,9418,2231,9023,9406,63,118
2024,2024arc,FIRST Championship,1261,6941,2373,7121,2883,3276,96,99
2024,2024arc,FIRST Championship,4946,3880,4272,6639,4917,3489,112,100
2024,2024arc,FIRST Championship,3161,1714,353,9499,6424,3070,106,70
2024,2024arc,FIRST Championship,4499,7589,8044,1729,2357,4206,113,98
2024,2024arc,FIRST Championship,4738,2992,3656,1982,6865,3256,96,57
2024,2024arc,FIRST Championship,1168,9426,6090,4639,3480,34,132,44
2024,2024arc,FIRST Championship,4091,5996,9496,2075,4,3767,65,116
2024,2024arc,FIRST Championship,4613,3655,16,3707,9406,9717,121,68
2024,2024arc,FIRST Championship,341,1071,597,5166,3276,8517,87,104
2024,2024arc,FIRST Championship,9668,2854,7056,4917,2231,7121,39,77
2024,2024arc,FIRST Championship,2373,7048,8056,4272,1678,6424,48,99
2024,2024arc,FIRST Championship,857,8044,3161,353,4946,2883,126,67
2024,2024arc,FIRST Championship,9023,8054,7407,9499,6036,2357,99,59
2024,2024arc,FIRST Championship,6941,231,2718,3880,4499,1261,96,104
2024,2024arc,FIRST Championship,1714,7589,4206,3489,4967,360,74,84
2024,2024arc,FIRST Championship,6569,120,8011,1729,9418,6639,91,102
2024,2024arc,FIRST Championship,1339,354,4091,3070,1168,3656,32,91
2024,2024arc,FIRST Championship,7056,341,6865,3655,3767,1071,80,81
2024,2024arc,FIRST Championship,9426,2992,1678,4917,6090,597,99,82
2024,2024arc,FIRST Championship,4639,2854,1982,9717,353,3276,65,108
2024,2024arc,FIRST Championship,6036,6424,3707,4738,8517,8044,91,122
2024,2024arc,FIRST Championship,4272,9406,5166,6941,9499,34,76,20
2024,2024arc,FIRST Championship,7048,4499,2231,8056,7407,4946,109,111
2024,2024arc,FIRST Championship,360,4613,8011,2718,2373,120,120,67
2024,2024arc,FIRST Championship,9418,16,8054,9496,3161,1261,80,121
2024,2024arc,FIRST Championship,2075,3256,1339,7589,3880,6569,81,57
2024,2024arc,FIRST Championship,7121,2357,857,231,3489,5996,103,69
2024,2024arc,FIRST Championship,4206,4,6639,354,9023,1714,102,90
2024,2024arc,FIRST Championship,4967,2883,1729,3480,9668,3070,54,58
2024,2024arc,FIRST Championship,597,8044,7056,6090,4091,9499,110,70
2024,2024arc,FIRST Championship,34,3707,3276,7407,353,3656,81,100
2024,2024arc,FIRST Championship,9406,4738,7048,2854,8011,4499,83,100
2024,2024arc,FIRST Championship,6036,2718,9426,5166,9418,3767,50,96
2024,2024arc,FIRST Championship,8517,1339,1261,360,4917,1982,133,84
2024,2024arc,FIRST Championship,6424,341,5996,7589,9717,2992,105,50
2024,2024arc,FIRST Championship,2373,2231,2357,3256,4,1168,106,61
2024,2024arc,FIRST Championship,3480,6569,4613,3070,8054,857,100,100
2024,2024arc,FIRST Championship,3655,1714,4946,9496,6941,1729,109,126
2024,2024arc,FIRST Championship,2883,4639,120,1678,3880,9023,61,106
2024,2024arc,FIRST Championship,4967,8056,1071,2075,7121,6639,35,95
2024,2024arc,FIRST Championship,9668,4206,6865,3161,231,4272,63,96
2024,2024arc,FIRST Championship,3489,16,597,354,4499,7407,104,90
2024,2024arc,FIRST Championship,1261,7048,1982,8044,6036,5166,75,126
2024,2024arc,FIRST Championship,4,9499,8011,3276,4917,7589,76,94
2024,2024arc,FIRST Championship,6569,2231,9717,3767,360,3656,73,127
2024,2024arc,FIRST Championship,6424,9418,2718,3655,2357,3256,95,101
2024,2024arc,FIRST Championship,9406,1714,4091,3880,3480,2373,65,57
2024,2024arc,FIRST Championship,4613,353,9496,1339,1678,4967,140,129
2024,2024arc,FIRST Championship,9023,231,9426,8056,7056,4738,87,75
2024,2024arc,FIRST Championship,2075,4272,2992,8054,1729,1168,112,69
2024,2024arc,FIRST Championship,6941,3489,4639,1071,3161,5996,44,60
2024,2024arc,FIRST Championship,354,7121,6090,3707,341,2883,70,90
2024,2024arc,FIRST Championship,6639,34,9668,4206,857,16,57,146
2024,2024arc,FIRST Championship,4946,3070,2854,6865,120,8517,138,62
2024,2024cur,FIRST Championship,4099,3179,9016,930,8513,8608,50,87
2024,2024cur,FIRST Championship,5907,7421,190,9564,624,2539,79,93
2024,2024cur,FIRST Championship,9403,3950,7028,9709,3284,1640,92,79
2024,2024cur,FIRST Championship,9787,5002,7660,7426,2590,3847,33,115
2024,2024cur,FIRST Championship,45,2137,4362,7848,8727,5687,98,58
2024,2024cur,FIRST Championship,125,7226,2485,6045,1279,5409,97,65
2024,2024cur,FIRST Championship,9008,2129,9752,5152,1622,144,82,87
2024,2024cur,FIRST Championship,3181,9416,6988,2200,2481,2521,29,151
2024,2024cur,FIRST Championship,5667,503,1014,7197,4159,4043,56,131
2024,2024cur,FIRST Championship,1561,2530,5987,346,6672,7531,78,82
2024,2024cur,FIRST Championship,2412,2472,4131,8575,4635,3654,73,86
2024,2024cur,FIRST Championship,8882,7567,2145,7166,4476,2068,57,120
2024,2024cur,FIRST Championship,7660,365,7848,1912,1640,9564,81,56
2024,2024cur,FIRST Championship,5409,8727,7426,3950,9016,930,86,95
2024,2024cur,FIRST Championship,7421,1279,9403,3847,2137,144,62,119
2024,2024cur,FIRST Championship,1622,9709,3179,2481,5687,7226,67,118
2024,2024cur,FIRST Championship,2590,624,8513,7028,4362,1014,120,91
2024,2024cur,FIRST Championship,5002,125,1561,5152,2200,8608,86,128
2024,2024cur,FIRST Championship,8575,2129,6672,6988,4159,4099,77,65
2024,2024cur,FIRST Championship,9752,8882,503,2485,190,2472,88,62
2024,2024cur,FIRST Championship,9416,6045,7197,7166,5907,2145,53,115
2024,2024cur,FIRST Championship,2521,4635,2068,4043,5987,346,97,64
2024,2024cur,FIRST Championship,5667,2539,7531,365,4131,4476,94,82
2024,2024cur,FIRST Championship,2412,9008,45,9787,1912,3284,91,61
2024,2024cur,FIRST Championship,2530,7567,5409,3181,3654,4362,93,101
2024,2024cur,FIRST Championship,2481,144,1014,125,9016,9564,69,75
2024,2024cur,FIRST Championship,8575,930,5687,6672,7028,3847,93,127
2024,2024cur,FIRST Championship,1640,8513,2200,8727,4159,7421,119,76
2024,2024cur,FIRST Championship,5152,8882,2472,4099,5907,9709,71,110
2024,2024cur,FIRST Championship,9403,624,5987,5002,7226,2129,70,82
2024,2024cur,FIRST Championship,3950,7197,365,2068,1622,190,74,47
2024,2024cur,FIRST Championship,7166,346,6988,2412,503,9787,68,83
2024,2024cur,FIRST Championship,3284,7848,2590,7567,2521,2539,89,101
2024,2024cur,FIRST Championship,5667,7426,1561,2145,2485,3181,80,99
2024,2024cur,FIRST Championship,9416,3654,7531,3179,1912,9752,59,101
2024,2024cur,FIRST Championship,45,7660,1279,8608,4635,2530,58,122
2024,2024cur,FIRST Championship,2137,4043,4131,4476,9008,6045,79,75
2024,2024cur,FIRST Championship,2200,5002,5409,7028,9564,8882,101,53
2024,2024cur,FIRST Championship,365,9709,8575,624,930,7197,77,119
2024,2024cur,FIRST Championship,9016,5987,2472,1640,4362,9787,69,94
2024,2024cur,FIRST Championship,5907,3847,7226,6672,2521,503,84,97
2024,2024cur,FIRST Championship,1622,5667,4099,1561,7567,9403,93,67
2024,2024cur,FIRST Championship,7848,3181,2412,2590,9752,3950,66,110
2024,2024cur,FIRST Championship,5152,190,2145,8513,7531,4635,93,90
2024,2024cur,FIRST Championship,7660,2539,1912,2068,2137,2485,76,66
2024,2024cur,FIRST Championship,4131,3284,6045,144,2530,7421,44,107
2024,2024cur,FIRST Championship,4476,2481,4159,346,45,7426,101,55
2024,2024cur,FIRST Championship,3654,1014,5687,6988,8727,1279,74,39
2024,2024cur,FIRST Championship,125,8608,4043,2129,7166,9416,131,55
2024,2024cur,FIRST Championship,9564,5667,9008,4362,3179,3847,72,132
2024,2024cur,FIRST Championship,6672,9016,9752,7197,9403,2200,100,93
2024,2024cur,FIRST Championship,930,5907,4635,7531,3181,1640,143,60
2024,2024cur,FIRST Championship,1622,2145,5987,2137,8575,1912,96,66
2024,2024cur,FIRST Championship,9709,2068,5409,8513,144,2412,54,53
2024,2024cur,FIRST Championship,2521,5002,4159,190,4476,2530,65,85
2024,2024cur,FIRST Championship,503,5152,624,3654,7660,2481,100,68
2024,2024cur,FIRST Championship,2539,125,7166,7226,6988,45,119,73
2024,2024cur,FIRST Championship,2590,8608,5687,365,8882,9008,186,47
2024,2024cur,FIRST Championship,2129,7426,7028,2472,6045,7848,110,67
2024,2024cur,FIRST Championship,7421,9787,7567,4043,3950,3179,76,84
2024,2024cur,FIRST Championship,2485,346,3284,1014,4099,9416,73,29
2024,2024cur,FIRST Championship,1279,4131,2068,9752,1561,8727,40,122
2024,2024cur,FIRST Championship,4635,9016,2137,4159,5667,5907,90,90
2024,2024cur,FIRST Championship,930,1912,503,4362,5152,2530,107,122
2024,2024cur,FIRST Championship,9709,9564,9403,7531,2521,45,50,89
2024,2024cur,FIRST Championship,1640,6988,2590,5409,2145,7226,90,119
2024,2024cur,FIRST Championship,8608,144,7028,5987,2539,7197,99,113
2024,2024cur,FIRST Championship,4476,3654,6672,9787,7848,125,121,95
2024,2024cur,FIRST Championship,7421,2481,5002,4099,365,2412,82,81
2024,2024cur,FIRST Championship,6045,4043,8727,8882,1561,624,97,60
2024,2024cur,FIRST Championship,5687,2485,8513,4131,2129,3950,114,107
2024,2024cur,FIRST Championship,9416,1279,7426,7567,8575,9008,95,39
2024,2024cur,FIRST Championship,3284,3179,7166,3181,190,7660,50,107
2024,2024cur,FIRST Championship,3847,2472,2200,1014,1622,346,101,65
2024,2024cur,FIRST Championship,9564,2068,7531,9016,503,6988,46,65
2024,2024cur,FIRST Championship,7226,7848,4159,144,930,2145,76,99
2024,2024cur,FIRST Championship,3654,2590,5907,5987,4476,8608,101,114
2024,2024cur,FIRST Championship,4362,7421,1912,125,7197,8882,116,104
2024,2024cur,FIRST Championship,2137,365,2481,8513,1561,2129,129,119
2024,2024cur,FIRST Championship,3950,9787,2521,1279,8575,5152,102,91
2024,2024cur,FIRST Championship,2539,9752,2530,4043,9709,7426,134,82
2024,2024cur,FIRST Championship,4635,45,3179,2485,7028,2200,81,123
2024,2024cur,FIRST Championship,8727,2472,1622,6672,3284,7660,91,79
2024,2024cur,FIRST Championship,9008,1640,190,1014,2412,7567,47,83
2024,2024cur,FIRST Championship,346,3181,6045,9403,5687,5002,72,77
2024,2024cur,FIRST Championship,624,7166,4099,4131,5409,5667,104,83
2024,2024cur,FIRST Championship,3847,1561,9016,8882,9416,7848,94,56
2024,2024cur,FIRST Championship,2481,7197,9564,930,2590,1279,91,80
2024,2024cur,FIRST Championship,7226,7531,2137,8608,7426,9787,95,90
2024,2024cur,FIRST Championship,8575,4043,4362,5907,2485,144,102,92
2024,2024cur,FIRST Championship,3284,503,1622,4476,125,8513,92,86
2024,2024cur,FIRST Championship,2145,9008,3654,7660,7421,9709,73,85
2024,2024cur,FIRST Championship,6988,9403,3179,2472,2530,365,55,96
2024,2024cur,FIRST Championship,4635,6672,3950,5002,1014,7166,133,68
2024,2024cur,FIRST Championship,1912,7028,346,7567,8727,4131,111,66
2024,2024cur,FIRST Championship,5987,190,5667,5409,45,9416,68,45
2024,2024cur,FIRST Championship,6045,3847,5152,4159,2068,3181,132,45
2024,2024cur,FIRST Championship,2521,4099,1640,624,5687,9752,62,93
2024,2024cur,FIRST Championship,2200,2129,8882,2539,2412,930,99,96
2024,2024cur,FIRST Championship,7848,2145,8608,2481,3284,4043,121,84
2024,2024cur,FIRST Championship,2530,8575,2485,9016,2590,7421,116,117
2024,2024cur,FIRST Championship,7166,9787,3654,1561,9564,1622,87,69
2024,2024cur,FIRST Championship,7426,1014,5907,1912,9403,365,101,69
2024,2024cur,FIRST Championship,5002,8513,7567,45,7197,2472,79,86
2024,2024cur,FIRST Championship,190,3847,9709,6988,4131,5987,81,18
2024,2024cur,FIRST Championship,2068,7660,125,5687,7028,5667,96,114
2024,2024cur,FIRST Championship,4362,7226,4476,9752,4099,4635,119,112
2024,2024cur,FIRST Championship,144,3950,3181,9416,346,2137,116,72
2024,2024cur,FIRST Championship,6045,2539,6672,3179,1640,5152,145,103
2024,2024cur,FIRST Championship,2129,2521,8727,503,5409,9008,142,94
2024,2024cur,FIRST Championship,4159,2200,2412,1279,7531,624,93,46
2024,2024cur,FIRST Championship,2530,9403,8513,7848,7166,8575,88,78
2024,2024cur,FIRST Championship,4043,3847,45,3654,365,9016,102,79
2024,2024cur,FIRST Championship,4131,1014,9787,8882,2068,2481,43,43
2024,2024cur,FIRST Championship,5687,9564,3284,7426,5987,4635,86,110
2024,2024cur,FIRST Championship,7567,9752,930,2137,6988,125,99,83
2024,2024cur,FIRST Championship,7421,9416,4476,7028,5152,7226,80,117
2024,2024cur,FIRST Championship,503,4362,2539,2145,3950,5002,153,114
2024,2024cur,FIRST Championship,4159,5409,1561,3179,5907,7660,71,100
2024,2024cur,FIRST Championship,4099,144,1912,190,2200,2590,85,132
2024,2024cur,FIRST Championship,9008,8608,624,2472,6672,3181,107,79
2024,2024cur,FIRST Championship,1640,1279,346,9709,5667,2129,64,105
2024,2024cur,FIRST Championship,7197,2412,1622,2485,6045,2521,79,114
2024,2024cur,FIRST Championship,8727,125,8575,7531,2481,3847,128,125
2024,2024dal,FIRST Championship,840,2067,51,8717,3538,118,82,103
2024,2024dal,FIRST Championship,1710,1538,4237,3863,4828,4920,95,61
2024,2024dal,FIRST Championship,5534,449,4593,5216,8873,6911,66,90
2024,2024dal,FIRST Championship,27,1771,7501,9400,1574,4795,124,64
2024,2024dal,FIRST Championship,131,1076,8153,8085,7102,9427,86,61
2024,2024dal,FIRST Championship,2054,4735,2052,1700,3184,6989,75,49
2024,2024dal,FIRST Championship,9015,9134,3603,9501,2869,148,63,99
2024,2024dal,FIRST Championship,1902,103,422,694,1986,1690,119,103
2024,2024dal,FIRST Championship,9642,3314,5460,1506,910,2813,92,92
2024,2024dal,FIRST Championship,9405,368,4146,9624,4403,2811,57,100
2024,2024dal,FIRST Championship,7157,649,8338,4135,4522,9659,50,75
2024,2024dal,FIRST Championship,980,4028,7451,1108,9480,581,70,87
2024,2024dal,FIRST Championship,9432,1538,9400,5934,321,131,59,114
2024,2024dal,FIRST Championship,2054,840,5534,3863,51,8085,81,64
2024,2024dal,FIRST Championship,1076,1710,449,9501,2052,2067,115,78
2024,2024dal,FIRST Championship,8717,3603,1902,4828,9134,422,56,64
2024,2024dal,FIRST Championship,7102,5216,3538,7501,4920,9642,100,58
2024,2024dal,FIRST Championship,2811,1574,1690,6911,2869,3314,121,89
2024,2024dal,FIRST Championship,4735,4135,9405,9427,4795,2813,27,66
2024,2024dal,FIRST Championship,103,148,4593,27,9480,4146,105,93
2024,2024dal,FIRST Championship,1700,4403,9432,1108,694,9659,72,90
2024,2024dal,FIRST Championship,4028,8338,910,3184,1986,7157,106,81
2024,2024dal,FIRST Championship,4522,5460,9624,6989,8873,980,110,66
2024,2024dal,FIRST Championship,5934,1506,118,4237,1771,649,109,98
2024,2024dal,FIRST Championship,581,7451,368,8153,9015,321,120,64
2024,2024dal,FIRST Championship,9501,1690,4920,2054,1574,131,89,116
2024,2024dal,FIRST Championship,3863,5534,7501,2811,1902,9405,63,75
2024,2024dal,FIRST Championship,9134,3314,9400,1710,9480,9642,50,96
2024,2024dal,FIRST Championship,8717,2869,7102,4593,1700,9427,85,43
2024,2024dal,FIRST Championship,910,7157,3538,4403,4735,1538,122,59
2024,2024dal,FIRST Championship,51,2813,8338,5216,9624,980,67,88
2024,2024dal,FIRST Championship,1076,3184,694,5934,27,8873,100,87
2024,2024dal,FIRST Championship,422,4146,4795,2052,4028,1506,82,121
2024,2024dal,FIRST Championship,4237,449,1986,5460,9015,581,114,124
2024,2024dal,FIRST Championship,9432,8153,118,3603,6989,103,102,72
2024,2024dal,FIRST Championship,1108,8085,4135,1771,6911,4522,82,126
2024,2024dal,FIRST Championship,840,4828,321,148,9659,649,50,95
2024,2024dal,FIRST Championship,368,2067,9400,9405,7451,910,104,103
2024,2024dal,FIRST Championship,2811,4920,51,7157,4593,9501,111,88
2024,2024dal,FIRST Championship,4403,2054,2869,980,1710,5934,120,104
2024,2024dal,FIRST Championship,2813,1574,3184,1538,4146,1902,97,78
2024,2024dal,FIRST Championship,4028,131,8717,9642,5534,9015,112,93
2024,2024dal,FIRST Championship,8338,8873,8153,7501,1700,1506,44,90
2024,2024dal,FIRST Championship,581,9427,27,1690,422,4522,117,151
2024,2024dal,FIRST Championship,118,2052,3863,321,4135,9134,102,33
2024,2024dal,FIRST Championship,9659,103,1076,3538,4237,4795,103,127
2024,2024dal,FIRST Championship,5460,6911,2067,3603,840,9480,139,78
2024,2024dal,FIRST Championship,1771,4735,8085,694,5216,148,93,88
2024,2024dal,FIRST Championship,9624,9432,7102,4828,7451,449,64,122
2024,2024dal,FIRST Championship,368,1108,649,3314,6989,1986,100,88
2024,2024dal,FIRST Championship,131,8338,7501,4593,8717,4920,84,73
2024,2024dal,FIRST Championship,9427,1710,7157,8873,4146,9015,100,74
2024,2024dal,FIRST Championship,2813,3863,4403,4028,9400,1690,43,124
2024,2024dal,FIRST Championship,980,4237,1574,321,910,5534,92,98
2024,2024dal,FIRST Championship,2052,6911,1902,9659,5934,3538,77,92
2024,2024dal,FIRST Championship,694,2054,2811,4522,148,8153,157,86
2024,2024dal,FIRST Championship,422,51,1771,9134,5460,9432,110,76
2024,2024dal,FIRST Championship,649,5216,6989,2869,1076,9405,76,71
2024,2024dal,FIRST Championship,7102,9501,9480,368,4135,3184,68,94
2024,2024dal,FIRST Championship,449,1506,1108,1538,840,103,82,116
2024,2024dal,FIRST Championship,2067,581,3314,4795,4735,4828,106,59
2024,2024dal,FIRST Championship,1986,1700,9642,8085,9624,118,75,68
2024,2024dal,FIRST Championship,4403,27,3603,7451,4237,131,116,113
2024,2024dal,FIRST Championship,6911,980,148,7157,3863,8717,79,39
2024,2024dal,FIRST Championship,3538,4593,2813,9015,422,2054,61,114
2024,2024dal,FIRST Championship,4146,694,6989,649,7501,9134,58,65
2024,2024dal,FIRST Championship,9427,2052,5216,9480,1902,9432,76,71
2024,2024dal,FIRST Championship,9400,5534,2869,1108,8153,5460,97,104
2024,2024dal,FIRST Championship,4828,9501,5934,103,8338,4735,75,50
2024,2024dal,FIRST Championship,1076,4135,1574,581,9642,9624,80,82
2024,2024dal,FIRST Championship,1710,910,840,4795,7102,4522,103,113
2024,2024dal,FIRST Championship,449,1771,1690,3603,368,51,161,127
2024,2024dal,FIRST Championship,8873,3314,9659,1986,118,7451,74,119
2024,2024dal,FIRST Championship,3184,9405,1506,4920,8085,321,77,81
2024,2024dal,FIRST Championship,2067,27,1700,1538,2811,4028,87,123
2024,2024dal,FIRST Championship,8153,7157,694,2052,2813,4237,102,77
2024,2024dal,FIRST Championship,649,131,4735,9480,5460,3863,86,81
2024,2024dal,FIRST Championship,103,9624,8717,9400,581,2054,64,89
2024,2024dal,FIRST Championship,2869,4828,980,3538,4146,4135,92,79
2024,2024dal,FIRST Championship,3603,1108,6911,910,1076,7501,91,99
2024,2024dal,FIRST Championship,7451,9642,8873,1902,9501,1771,107,110
2024,2024dal,FIRST Championship,4403,9427,1574,449,8338,9134,61,49
2024,2024dal,FIRST Championship,5216,321,27,1986,2067,7102,88,87
2024,2024dal,FIRST Championship,9405,9015,1538,51,4522,3314,57,138
2024,2024dal,FIRST Championship,148,1690,5534,1506,4795,9432,104,90
2024,2024dal,FIRST Championship,8085,9659,4028,4593,6989,1710,91,72
2024,2024dal,FIRST Championship,4920,5934,840,422,1700,368,87,89
2024,2024dal,FIRST Championship,3184,2811,6911,118,131,103,120,157
2024,2024dal,FIRST Championship,8873,3603,4735,9400,980,2052,69,52
2024,2024dal,FIRST Championship,449,7501,9480,2869,2813,7157,91,93
2024,2024dal,FIRST Championship,4146,321,7451,1076,5460,2054,43,134
2024,2024dal,FIRST Championship,8153,51,27,1902,649,910,85,65
2024,2024dal,FIRST Championship,1986,1506,5216,9501,8717,4403,112,30
2024,2024dal,FIRST Championship,4135,4593,3863,3314,9432,694,31,110
2024,2024dal,FIRST Championship,4795,5934,8085,4920,9624,9134,107,58
2024,2024dal,FIRST Championship,6989,9642,9427,840,4237,2811,56,103
2024,2024dal,FIRST Championship,1690,1108,9015,2067,9659,3184,116,52
2024,2024dal,FIRST Championship,148,1538,422,5534,118,7102,99,63
2024,2024dal,FIRST Championship,4828,4522,368,1574,4028,1700,111,75
2024,2024dal,FIRST Championship,1771,3538,1710,8338,9405,581,147,52
2024,2024dal,FIRST Championship,4146,1986,8717,4735,8153,449,68,78
2024,2024dal,FIRST Championship,9480,103,321,8873,4403,51,101,98
2024,2024dal,FIRST Championship,910,694,2052,131,4920,2869,128,106
2024,2024dal,FIRST Championship,9624,3314,4237,840,7501,9501,108,70
2024,2024dal,FIRST Championship,649,4795,3603,3184,9642,4593,77,78
2024,2024dal,FIRST Championship,9432,422,2067,980,7157,8085,86,84
2024,2024dal,FIRST Championship,2813,6989,4828,7451,27,5534,76,92
2024,2024dal,FIRST Championship,1690,3538,5460,4135,148,1700,149,103
2024,2024dal,FIRST Championship,4522,1902,8338,118,9400,1076,85,84
2024,2024dal,FIRST Championship,1574,5934,5216,1710,2811,1108,116,77
2024,2024dal,FIRST Championship,9659,9427,1538,368,2054,1771,51,145
2024,2024dal,FIRST Championship,581,9134,4028,7102,6911,9405,126,64
2024,2024dal,FIRST Championship,1506,9015,4593,3863,910,9624,89,61
2024,2024dal,FIRST Championship,9642,4795,9501,8153,980,4403,107,54
2024,2024dal,FIRST Championship,7501,8085,7451,103,649,2052,74,131
2024,2024dal,FIRST Championship,131,3184,148,3314,449,422,121,140
2024,2024dal,FIRST Championship,321,3538,4522,5534,3603,2813,121,65
2024,2024dal,FIRST Championship,4237,9432,8873,8338,2869,2067,97,101
2024,2024dal,FIRST Championship,6989,8717,9480,1538,1690,5934,48,136
2024,2024dal,FIRST Championship,5460,118,1710,27,368,694,126,143
2024,2024dal,FIRST Championship,1700,3863,4146,5216,581,1771,47,127
2024,2024dal,FIRST Championship,6911,9400,1986,51,9427,4828,78,66
2024,2024dal,FIRST Championship,1902,4920,4135,9015,4028,840,55,90
2024,2024dal,FIRST Championship,7157,9405,2054,1574,7102,1108,121,76
2024,2024dal,FIRST Championship,9134,9659,2811,4735,1506,1076,102,78
2024,2024gal,FIRST Championship,8817,424,1807,2122,4561,3928,89,69
2024,2024gal,FIRST Championship,1923,5414,2826,1296,461,2638,79,81
2024,2024gal,FIRST Championship,5114,3018,1540,9450,6002,3467,65,89
2024,2024gal,FIRST Championship,5851,829,670,2714,9692,539,93,61
2024,2024gal,FIRST Championship,2337,5951,971,9312,9404,5822,96,63
2024,2024gal,FIRST Championship,2486,3604,7558,3322,1023,3572,92,92
2024,2024gal,FIRST Championship,245,6081,3005,987,4096,343,119,84
2024,2024gal,FIRST Championship,2056,2637,4143,6806,6147,9586,88,52
2024,2024gal,FIRST Championship,1241,876,324,9478,1577,862,94,61
2024,2024gal,FIRST Championship,5112,3683,7762,5285,1676,176,85,99
2024,2024gal,FIRST Championship,3990,548,4122,2468,4655,5484,79,66
2024,2024gal,FIRST Championship,9408,868,1153,1285,177,3464,111,81
2024,2024gal,FIRST Championship,8817,5114,9462,1732,4907,829,59,128
2024,2024gal,FIRST Championship,9450,2337,2638,7558,3928,2714,63,78
2024,2024gal,FIRST Championship,343,5851,971,4561,1296,6002,121,101
2024,2024gal,FIRST Championship,5822,4143,3005,2826,670,3018,118,85
2024,2024gal,FIRST Championship,862,1923,3604,424,245,2637,129,72
2024,2024gal,FIRST Championship,2056,2486,5285,9692,9312,876,127,86
2024,2024gal,FIRST Championship,539,5484,9586,987,1023,2468,61,151
2024,2024gal,FIRST Championship,3572,9404,3467,1153,324,6081,116,75
2024,2024gal,FIRST Championship,3322,548,9478,177,1676,2122,63,100
2024,2024gal,FIRST Championship,3464,1732,1241,6147,5951,3683,62,135
2024,2024gal,FIRST Championship,5112,4096,9408,461,9462,3990,76,86
2024,2024gal,FIRST Championship,4122,6806,4907,1285,176,5414,79,90
2024,2024gal,FIRST Championship,7762,4655,1577,1807,868,1540,108,115
2024,2024gal,FIRST Championship,670,4143,5114,2486,424,4561,112,64
2024,2024gal,FIRST Championship,3928,862,829,987,2056,971,73,116
2024,2024gal,FIRST Championship,2638,1153,2637,539,9312,8817,89,79
2024,2024gal,FIRST Championship,5285,343,177,5822,9450,1923,107,80
2024,2024gal,FIRST Championship,2714,1732,6002,1241,3322,1676,105,114
2024,2024gal,FIRST Championship,9478,4096,3018,3604,5484,9404,50,97
2024,2024gal,FIRST Championship,6081,3572,4907,3990,5851,3464,88,71
2024,2024gal,FIRST Championship,2122,1577,176,9408,1296,6147,150,110
2024,2024gal,FIRST Championship,7762,6806,9462,1023,4655,2337,73,93
2024,2024gal,FIRST Championship,1285,2468,7558,461,3683,3005,135,137
2024,2024gal,FIRST Championship,1540,4122,5951,324,548,2826,117,69
2024,2024gal,FIRST Championship,5112,876,5414,9586,245,868,91,76
2024,2024gal,FIRST Championship,1807,3467,987,9692,3322,1732,129,101
2024,2024gal,FIRST Championship,1241,1153,3018,2638,2486,4096,86,64
2024,2024gal,FIRST Championship,5114,539,9450,2056,3990,3604,81,97
2024,2024gal,FIRST Championship,9312,2714,9478,9408,6081,424,88,92
2024,2024gal,FIRST Championship,1023,4143,177,1577,5285,6002,134,102
2024,2024gal,FIRST Championship,176,829,461,4655,5822,3572,120,89
2024,2024gal,FIRST Championship,4122,1285,670,6147,2637,343,91,62
2024,2024gal,FIRST Championship,3683,2826,3928,6806,245,548,90,60
2024,2024gal,FIRST Championship,5414,1540,3467,2468,862,4561,129,87
2024,2024gal,FIRST Championship,5112,5951,5484,5851,7762,1923,74,100
2024,2024gal,FIRST Championship,3464,9692,2122,876,9462,9404,76,73
2024,2024gal,FIRST Championship,1676,2337,8817,868,971,3005,67,151
2024,2024gal,FIRST Championship,7558,1807,324,4907,1296,9586,115,54
2024,2024gal,FIRST Championship,829,4143,987,3990,1241,9478,133,92
2024,2024gal,FIRST Championship,2486,5822,1732,424,1577,4122,88,105
2024,2024gal,FIRST Championship,6806,2638,5285,3572,5114,9408,55,149
2024,2024gal,FIRST Championship,2637,2714,6081,3018,3683,1023,86,117
2024,2024gal,FIRST Championship,3928,6002,1285,539,7762,5414,99,72
2024,2024gal,FIRST Championship,4561,9450,461,1153,548,5951,76,112
2024,2024gal,FIRST Championship,876,2826,1676,9404,8817,343,113,42
2024,2024gal,FIRST Championship,9462,2122,245,1540,5484,7558,53,58
2024,2024gal,FIRST Championship,176,2468,9312,868,324,5851,103,80
2024,2024gal,FIRST Championship,971,3604,4655,3464,5112,3467,107,101
2024,2024gal,FIRST Championship,2337,2056,1296,4096,670,3322,109,88
2024,2024gal,FIRST Championship,177,1923,6147,9692,3005,4907,111,118
2024,2024gal,FIRST Championship,9586,1807,5822,862,6002,2638,109,87
2024,2024gal,FIRST Championship,5285,2637,3990,5951,5414,1732,54,121
2024,2024gal,FIRST Championship,5114,1023,3928,4122,9478,1676,120,104
2024,2024gal,FIRST Championship,829,343,4561,7558,7762,9404,94,56
2024,2024gal,FIRST Championship,548,868,5484,4143,1241,424,116,76
2024,2024gal,FIRST Championship,8817,461,3464,3018,2486,324,80,81
2024,2024gal,FIRST Championship,987,5112,1296,2056,1285,3572,132,119
2024,2024gal,FIRST Championship,1153,9462,670,1577,1923,2468,81,128
2024,2024gal,FIRST Championship,245,6147,5851,3467,177,3322,99,133
2024,2024gal,FIRST Championship,3683,9408,9586,1540,9692,2337,106,104
2024,2024gal,FIRST Championship,2714,4907,971,3604,6806,4096,100,64
2024,2024gal,FIRST Championship,2122,862,9312,539,3005,4655,138,111
2024,2024gal,FIRST Championship,176,2826,9450,1807,6081,876,83,140
2024,2024gal,FIRST Championship,548,3464,5822,5414,5114,9478,85,65
2024,2024gal,FIRST Championship,6002,9404,2056,2637,868,461,110,85
2024,2024gal,FIRST Championship,5951,2468,9462,4143,343,3572,117,107
2024,2024gal,FIRST Championship,424,2638,324,1676,7762,3990,77,128
2024,2024gal,FIRST Championship,1241,9586,9692,4122,4561,245,71,116
2024,2024gal,FIRST Championship,1577,829,4096,3467,5285,1285,93,106
2024,2024gal,FIRST Championship,2122,4907,4655,2486,987,2714,101,100
2024,2024gal,FIRST Championship,862,6147,2826,2337,1153,5112,97,72
2024,2024gal,FIRST Championship,1732,6081,539,1923,1540,6806,90,81
2024,2024gal,FIRST Championship,670,9312,3683,5484,3928,3322,134,81
2024,2024gal,FIRST Championship,3604,3005,1023,5851,1807,9408,132,110
2024,2024gal,FIRST Championship,971,7558,177,176,3018,876,93,86
2024,2024gal,FIRST Championship,1296,9478,2468,9450,8817,9692,70,72
2024,2024gal,FIRST Championship,9404,1285,461,424,9586,5285,78,75
2024,2024gal,FIRST Championship,4561,987,868,9462,5822,2637,109,28
2024,2024gal,FIRST Championship,7762,3572,862,2826,2714,5114,115,94
2024,2024gal,FIRST Championship,6002,1923,2337,829,4122,3464,114,92
2024,2024gal,FIRST Championship,1676,5414,2486,6147,5484,6081,96,121
2024,2024gal,FIRST Championship,1807,343,1241,6806,3990,9312,106,62
2024,2024gal,FIRST Championship,3322,539,1577,4907,3018,5112,92,91
2024,2024gal,FIRST Championship,548,5851,1540,4096,876,7558,136,91
2024,2024gal,FIRST Championship,1732,176,3928,4143,3604,1153,123,141
2024,2024gal,FIRST Championship,1023,3467,2638,3005,2122,2056,93,151
2024,2024gal,FIRST Championship,324,971,245,670,9408,9450,75,82
2024,2024gal,FIRST Championship,1296,8817,3683,4655,177,5951,79,115
2024,2024gal,FIRST Championship,6002,9478,424,3572,2337,6147,103,126
2024,2024gal,FIRST Championship,9404,1241,5414,1923,5114,1807,89,114
2024,2024gal,FIRST Championship,3322,3990,862,9462,5285,4122,97,58
2024,2024gal,FIRST Championship,2637,9692,6806,1577,7558,548,94,112
2024,2024gal,FIRST Championship,461,1676,3604,1540,9312,4143,129,102
2024,2024gal,FIRST Championship,3005,4561,2714,5484,3464,176,121,94
2024,2024gal,FIRST Championship,245,3018,2056,4907,2468,7762,98,80
2024,2024gal,FIRST Championship,1023,4096,1285,5822,324,8817,90,48
2024,2024gal,FIRST Championship,2826,1153,5851,9586,971,2122,80,91
2024,2024gal,FIRST Championship,3467,9408,876,3928,5951,987,130,127
2024,2024gal,FIRST Championship,4655,2638,5112,343,670,1732,43,106
2024,2024gal,FIRST Championship,868,9450,1296,3683,829,2486,74,106
2024,2024gal,FIRST Championship,177,539,2337,6081,461,5114,83,48
2024,2024gal,FIRST Championship,6147,6002,548,9312,3604,9462,116,91
2024,2024gal,FIRST Championship,2468,1676,245,2637,3464,1807,131,83
2024,2024gal,FIRST Championship,8817,3572,2714,5414,2056,1577,86,125
2024,2024gal,FIRST Championship,5484,3990,9692,971,2826,1285,103,88
2024,2024gal,FIRST Championship,5822,424,1023,876,4907,1153,87,128
2024,2024gal,FIRST Championship,4655,3322,1923,4561,9408,4143,105,65
2024,2024gal,FIRST Championship,3018,2122,6806,324,5112,829,60,87
2024,2024gal,FIRST Championship,1296,1540,5285,3005,3928,1241,84,131
2024,2024gal,FIRST Championship,343,3467,2486,9478,176,539,103,91
2024,2024gal,FIRST Championship,5851,4122,9404,2638,987,3683,59,114
2024,2024gal,FIRST Championship,4096,1732,7762,177,9586,9450,91,84
2024,2024gal,FIRST Championship,6081,7558,868,5951,670,862,131,104
2024,2024hop,FIRST Championship,2531,33,1403,687,5232,9421,136,61
2024,2024hop,FIRST Championship,8159,5705,9455,5895,88,157,49,101
2024,2024hop,FIRST Championship,3175,3627,6652,3006,9584,9072,56,90
2024,2024hop,FIRST Championship,4414,3310,4230,1218,3134,7712,131,49
2024,2024hop,FIRST Championship,3357,68,180,4270,2079,3546,119,76
2024,2024hop,FIRST Championship,5993,9726,2370,509,9576,8592,35,68
2024,2024hop,FIRST Championship,1250,8013,5940,2080,2046,1671,94,35
2024,2024hop,FIRST Championship,1781,5715,3374,195,818,9429,84,79
2024,2024hop,FIRST Championship,456,6328,2096,8298,498,302,110,93
2024,2024hop,FIRST Championship,6615,8214,8188,3128,4481,8613,50,116
2024,2024hop,FIRST Championship,1325,8891,6574,5809,9694,192,79,38
2024,2024hop,FIRST Championship,108,4786,7525,3641,2834,8576,84,70
2024,2024hop,FIRST Championship,4909,687,4414,3494,6647,180,98,82
2024,2024hop,FIRST Championship,3546,5993,33,5705,3134,3175,102,75
2024,2024hop,FIRST Championship,2079,9421,88,9584,2080,2370,38,46
2024,2024hop,FIRST Championship,1403,5232,5940,9455,3310,1781,106,72
2024,2024hop,FIRST Championship,7712,1671,195,9072,509,456,105,93
2024,2024hop,FIRST Championship,1250,3627,8613,5895,2096,9726,59,84
2024,2024hop,FIRST Championship,8159,3006,192,6615,9694,302,79,66
2024,2024hop,FIRST Championship,5809,5715,498,4230,7525,4481,100,106
2024,2024hop,FIRST Championship,8298,1218,818,9576,2046,108,51,96
2024,2024hop,FIRST Championship,8592,9429,157,4909,3357,3641,59,91
2024,2024hop,FIRST Championship,6652,2834,8891,3494,8188,3128,53,108
2024,2024hop,FIRST Championship,68,4270,6647,6328,2531,6574,92,99
2024,2024hop,FIRST Championship,8013,1325,3374,8576,4786,8214,87,64
2024,2024hop,FIRST Championship,180,1403,456,3627,88,5993,133,49
2024,2024hop,FIRST Championship,687,3546,6615,1250,302,5232,103,69
2024,2024hop,FIRST Championship,4481,5895,9694,195,2096,2080,87,73
2024,2024hop,FIRST Championship,5940,1218,2079,9421,5809,8298,92,45
2024,2024hop,FIRST Championship,9584,818,509,192,33,4414,88,105
2024,2024hop,FIRST Championship,157,3175,1671,8891,2370,7525,71,57
2024,2024hop,FIRST Championship,5715,6652,4230,8592,9455,68,87,71
2024,2024hop,FIRST Championship,6574,8576,2046,3128,3357,8159,108,62
2024,2024hop,FIRST Championship,9429,5705,9576,3134,8013,4786,21,105
2024,2024hop,FIRST Championship,3374,6328,108,3006,3494,8613,99,91
2024,2024hop,FIRST Championship,9726,3641,8188,4270,1325,7712,56,78
2024,2024hop,FIRST Championship,4909,1781,2834,8214,9072,2531,97,107
2024,2024hop,FIRST Championship,9694,3310,6647,498,3546,9584,92,68
2024,2024hop,FIRST Championship,4414,8298,3627,687,4481,157,68,111
2024,2024hop,FIRST Championship,33,1250,8592,8891,9455,195,101,48
2024,2024hop,FIRST Championship,68,9421,818,2096,1671,8576,72,74
2024,2024hop,FIRST Championship,4786,3128,3175,4230,2079,5895,121,89
2024,2024hop,FIRST Championship,302,5940,5715,88,108,2370,101,109
2024,2024hop,FIRST Championship,6574,3494,509,1403,8188,5705,70,82
2024,2024hop,FIRST Championship,192,9072,3641,180,1218,8013,78,125
2024,2024hop,FIRST Championship,5993,7712,2046,6328,1325,9429,55,102
2024,2024hop,FIRST Championship,2080,7525,9726,5232,4909,3006,43,70
2024,2024hop,FIRST Championship,3374,8214,456,2531,8159,3310,30,94
2024,2024hop,FIRST Championship,3134,9576,498,2834,4270,6615,75,68
2024,2024hop,FIRST Championship,3357,8613,5809,6647,1781,6652,143,71
2024,2024hop,FIRST Championship,8592,9421,1671,9694,4414,3128,77,70
2024,2024hop,FIRST Championship,9455,4786,302,3175,68,9584,91,96
2024,2024hop,FIRST Championship,8188,2370,818,9072,1250,687,98,90
2024,2024hop,FIRST Championship,4230,9429,8298,88,33,8891,51,88
2024,2024hop,FIRST Championship,5705,2096,5715,1218,4909,1325,62,133
2024,2024hop,FIRST Championship,5895,7712,7525,3546,1403,8214,118,78
2024,2024hop,FIRST Championship,2080,108,3310,3627,6615,6574,63,51
2024,2024hop,FIRST Championship,3357,9726,192,498,5940,2834,72,98
2024,2024hop,FIRST Championship,2046,456,3494,3134,157,1781,112,93
2024,2024hop,FIRST Championship,2531,3374,4481,9576,180,5993,77,82
2024,2024hop,FIRST Championship,4270,3641,5232,5809,3006,509,73,87
2024,2024hop,FIRST Championship,195,8159,2079,6328,6652,8013,82,109
2024,2024hop,FIRST Championship,8613,6647,9072,302,4230,8576,85,115
2024,2024hop,FIRST Championship,1403,9584,2096,1671,8891,9429,76,42
2024,2024hop,FIRST Championship,818,3310,6574,4909,3175,5895,108,129
2024,2024hop,FIRST Championship,192,68,5705,8214,3357,1250,61,80
2024,2024hop,FIRST Championship,1325,1781,3494,3627,498,9455,88,68
2024,2024hop,FIRST Championship,4786,4414,5940,6615,5715,2531,153,85
2024,2024hop,FIRST Championship,3128,687,3134,9726,3374,5809,74,33
2024,2024hop,FIRST Championship,3006,2080,6328,33,8188,9576,107,115
2024,2024hop,FIRST Championship,8013,9694,4270,157,8613,5993,106,87
2024,2024hop,FIRST Championship,2079,8576,6652,7712,5232,88,68,85
2024,2024hop,FIRST Championship,509,180,2046,7525,2834,9421,82,51
2024,2024hop,FIRST Championship,1218,108,3546,8592,456,4481,103,73
2024,2024hop,FIRST Championship,2370,195,8298,8159,3641,6647,105,86
2024,2024hop,FIRST Championship,4414,8891,2096,9072,1781,4786,97,91
2024,2024hop,FIRST Championship,3494,2531,3357,5715,1671,9726,96,37
2024,2024hop,FIRST Championship,3627,68,4909,5940,3134,8188,81,78
2024,2024hop,FIRST Championship,3006,5993,8013,818,9455,3128,92,90
2024,2024hop,FIRST Championship,498,157,33,3374,6574,7712,98,53
2024,2024hop,FIRST Championship,5232,5705,9694,2046,4230,2834,54,125
2024,2024hop,FIRST Championship,4481,9421,1325,3310,6652,302,110,105
2024,2024hop,FIRST Championship,456,8159,1218,4270,7525,687,73,102
2024,2024hop,FIRST Championship,88,192,9576,8613,3175,195,102,129
2024,2024hop,FIRST Championship,6647,2079,509,9429,1250,108,86,59
2024,2024hop,FIRST Championship,8576,6615,8592,9584,5895,180,103,121
2024,2024hop,FIRST Championship,8298,8214,6328,3546,5809,2370,92,73
2024,2024hop,FIRST Championship,3641,2080,498,68,3128,1403,56,75
2024,2024hop,FIRST Championship,8188,4414,5232,2096,5993,3374,91,34
2024,2024hop,FIRST Championship,8891,4481,7712,8013,818,3357,81,111
2024,2024hop,FIRST Championship,4230,1325,3627,1671,4270,8159,93,105
2024,2024hop,FIRST Championship,2531,88,3006,3310,2046,1218,94,100
2024,2024hop,FIRST Championship,2834,302,8613,33,5715,2079,116,123
2024,2024hop,FIRST Championship,3175,180,9694,1781,9726,108,108,100
2024,2024hop,FIRST Championship,7525,9584,195,5705,8298,3494,70,65
2024,2024hop,FIRST Championship,4786,157,6615,6647,6328,1403,86,113
2024,2024hop,FIRST Championship,9576,4909,1250,8576,5809,456,72,109
2024,2024hop,FIRST Championship,2370,9429,9455,3546,192,2080,62,42
2024,2024hop,FIRST Championship,8214,6574,3134,9421,6652,3641,64,45
2024,2024hop,FIRST Championship,5895,8592,9072,509,687,5940,84,118
2024,2024hop,FIRST Championship,2834,8013,33,3310,2096,68,123,94
2024,2024hop,FIRST Championship,5232,8613,8891,8159,180,1325,107,119
2024,2024hop,FIRST Championship,818,302,2531,5705,7525,3627,66,53
2024,2024hop,FIRST Championship,9726,2046,88,4481,6647,4786,93,100
2024,2024hop,FIRST Championship,8188,195,5993,8576,498,1218,73,109
2024,2024hop,FIRST Championship,1671,9455,4909,2079,6615,3374,73,63
2024,2024hop,FIRST Championship,2370,456,3006,6574,9429,4414,122,95
2024,2024hop,FIRST Championship,3641,3546,5895,9576,3494,9421,103,47
2024,2024hop,FIRST Championship,108,4230,4270,6652,687,192,106,77
2024,2024hop,FIRST Championship,3134,9072,3357,9694,8298,1403,100,57
2024,2024hop,FIRST Championship,6328,3128,1250,1781,5940,9584,117,60
2024,2024hop,FIRST Championship,8214,157,2080,5715,509,3175,73,82
2024,2024hop,FIRST Championship,5809,8592,8159,7712,2834,818,111,104
2024,2024hop,FIRST Championship,5993,1671,498,8613,4786,4909,49,86
2024,2024hop,FIRST Championship,1218,3627,4481,9429,5232,68,124,65
2024,2024hop,FIRST Championship,302,5895,8891,2046,3374,3641,63,104
2024,2024hop,FIRST Championship,6652,2370,6615,9726,33,5705,51,72
2024,2024hop,FIRST Championship,7525,9072,3310,3357,9576,2079,107,81
2024,2024hop,FIRST Championship,1325,3128,9584,108,2531,3134,120,85
2024,2024hop,FIRST Championship,9694,8576,687,9455,509,6328,79,110
2024,2024hop,FIRST Championship,1250,1403,5809,4414,8013,3175,122,109
2024,2024hop,FIRST Championship,9421,192,5715,456,6647,8188,52,82
2024,2024hop,FIRST Championship,2096,88,4270,3494,8592,8214,113,72
2024,2024hop,FIRST Championship,180,7712,1781,8298,6574,2080,110,51
2024,2024hop,FIRST Championship,157,195,3546,5940,3006,4230,75,137
2024,2024joh,FIRST Championship,1756,525,9120,1706,973,3136,76,118
2024,2024joh,FIRST Championship,4611,4342,9579,9545,1684,2875,81,44
2024,2024joh,FIRST Championship,201,4451,1899,8738,5436,4020,62,95
2024,2024joh,FIRST Championship,2659,1768,5813,5584,4405,4766,99,83
2024,2024joh,FIRST Championship,9128,2438,1787,9785,9758,2642,120,103
2024,2024joh,FIRST Championship,1816,2582,4450,1683,801,5126,109,80
2024,2024joh,FIRST Championship,4391,5587,1747,1701,1414,2959,97,105
2024,2024joh,FIRST Championship,7312,4118,8,1796,4381,3647,51,114
2024,2024joh,FIRST Championship,4112,7021,5010,2851,3132,2375,94,75
2024,2024joh,FIRST Championship,3061,9644,4145,9593,4188,7419,85,61
2024,2024joh,FIRST Championship,589,2429,6017,2035,5406,494,99,72
2024,2024joh,FIRST Championship,4944,3193,5665,325,4952,3637,50,53
2024,2024joh,FIRST Championship,2877,2438,525,1477,9579,201,94,53
2024,2024joh,FIRST Championship,9128,9120,1816,2875,4451,4405,56,75
2024,2024joh,FIRST Championship,5813,9785,4020,2959,9545,8738,115,59
2024,2024joh,FIRST Championship,9758,1768,1899,1796,1756,1683,72,153
2024,2024joh,FIRST Championship,1701,4766,2851,2642,2375,8,114,65
2024,2024joh,FIRST Championship,2582,1414,1706,1787,1684,4112,109,91
2024,2024joh,FIRST Championship,5436,801,4145,4118,5587,589,106,53
2024,2024joh,FIRST Championship,4450,7021,4611,494,5665,3061,110,85
2024,2024joh,FIRST Championship,1477,3136,3132,9593,6017,4342,55,84
2024,2024joh,FIRST Championship,7419,9644,4944,2035,3193,5584,40,44
2024,2024joh,FIRST Championship,3637,5406,4188,325,3647,5010,73,125
2024,2024joh,FIRST Championship,2659,1747,4952,5126,2877,4381,73,83
2024,2024joh,FIRST Championship,4391,973,9545,7312,2429,1899,89,83
2024,2024joh,FIRST Championship,5813,2959,2375,9128,9758,1683,78,76
2024,2024joh,FIRST Championship,2582,2851,9785,4145,1706,9579,69,105
2024,2024joh,FIRST Championship,5665,4020,1684,1768,9120,1701,65,103
2024,2024joh,FIRST Championship,8,9593,1756,4112,4450,201,86,96
2024,2024joh,FIRST Championship,2875,5584,3061,6017,1477,5587,79,84
2024,2024joh,FIRST Championship,325,4405,2035,3647,4342,2642,92,121
2024,2024joh,FIRST Championship,3136,2877,4451,4766,3637,4381,120,112
2024,2024joh,FIRST Championship,525,4188,4391,4611,8738,1816,77,96
2024,2024joh,FIRST Championship,5126,4118,2438,5406,3132,7419,63,81
2024,2024joh,FIRST Championship,3193,7312,9644,1787,494,801,75,104
2024,2024joh,FIRST Championship,4952,4944,5436,973,2659,7021,40,91
2024,2024joh,FIRST Championship,5010,1796,2429,1414,589,1747,113,66
2024,2024joh,FIRST Championship,1756,4450,1701,9128,2875,2851,164,78
2024,2024joh,FIRST Championship,1477,8,325,5813,4145,9120,94,94
2024,2024joh,FIRST Championship,2877,1706,4766,1899,3061,5587,148,104
2024,2024joh,FIRST Championship,4381,6017,9758,2642,4112,4188,74,113
2024,2024joh,FIRST Championship,9579,2035,3132,5665,3136,8738,46,91
2024,2024joh,FIRST Championship,1768,2375,1787,9545,525,7419,114,74
2024,2024joh,FIRST Championship,2659,4020,4118,7021,1816,3193,89,131
2024,2024joh,FIRST Championship,973,7312,9593,3637,5126,589,54,86
2024,2024joh,FIRST Championship,1796,5436,9644,4342,2438,2582,113,74
2024,2024joh,FIRST Championship,1683,5406,1414,4611,4405,4944,116,111
2024,2024joh,FIRST Championship,3647,4952,1684,201,4391,2959,51,103
2024,2024joh,FIRST Championship,4451,494,9785,5584,1747,5010,104,80
2024,2024joh,FIRST Championship,801,9579,4112,2429,325,9128,41,81
2024,2024joh,FIRST Championship,2875,8738,2877,2642,4145,1768,77,115
2024,2024joh,FIRST Championship,1701,4118,2035,1899,1787,525,56,85
2024,2024joh,FIRST Championship,3061,7419,2659,3136,7312,9758,105,58
2024,2024joh,FIRST Championship,9545,589,1477,1816,8,5665,62,135
2024,2024joh,FIRST Championship,4766,6017,2582,1414,4611,1756,105,127
2024,2024joh,FIRST Championship,201,9644,5406,5587,2851,973,94,90
2024,2024joh,FIRST Championship,4020,5010,9593,4952,5813,2438,69,96
2024,2024joh,FIRST Championship,4391,4405,1796,4450,3637,9785,129,85
2024,2024joh,FIRST Championship,4342,1747,5126,1706,3193,3647,97,117
2024,2024joh,FIRST Championship,1684,3132,4188,801,4944,4451,92,86
2024,2024joh,FIRST Championship,2959,1683,7021,4381,5584,2429,124,83
2024,2024joh,FIRST Championship,2375,9120,9545,5436,494,2877,24,91
2024,2024joh,FIRST Championship,6017,1899,8,525,9128,2659,75,78
2024,2024joh,FIRST Championship,9758,4766,589,2582,8738,4118,84,83
2024,2024joh,FIRST Championship,4952,4112,3136,4145,1701,5406,52,73
2024,2024joh,FIRST Championship,9579,7419,1756,4020,3637,4391,81,117
2024,2024joh,FIRST Championship,5010,5665,1414,9644,5126,2642,108,96
2024,2024joh,FIRST Championship,3647,2035,2438,4451,5813,973,68,112
2024,2024joh,FIRST Championship,1706,201,4611,5584,801,1796,107,98
2024,2024joh,FIRST Championship,9120,9593,5587,4944,2429,1768,34,74
2024,2024joh,FIRST Championship,325,4381,7312,2375,4450,1684,79,89
2024,2024joh,FIRST Championship,4188,1787,4405,7021,1747,1477,109,128
2024,2024joh,FIRST Championship,2959,2851,494,4342,3061,1816,82,92
2024,2024joh,FIRST Championship,5436,9785,2875,3193,1683,3132,94,113
2024,2024joh,FIRST Championship,9128,1756,4952,4118,9545,9644,123,49
2024,2024joh,FIRST Championship,4145,525,2035,4020,4766,5126,49,93
2024,2024joh,FIRST Championship,801,4611,8,2877,5010,973,98,89
2024,2024joh,FIRST Championship,5587,5665,3647,2582,4112,9593,106,61
2024,2024joh,FIRST Championship,2438,2642,1899,4450,9120,5584,109,102
2024,2024joh,FIRST Championship,3637,8738,9758,2429,1477,1684,82,94
2024,2024joh,FIRST Championship,1747,1816,4944,6017,2375,9579,100,47
2024,2024joh,FIRST Championship,494,325,3132,1701,1706,2659,97,146
2024,2024joh,FIRST Championship,4381,1787,5813,5436,4391,3061,113,140
2024,2024joh,FIRST Championship,2851,589,4342,7419,4451,1683,91,113
2024,2024joh,FIRST Championship,1796,201,2875,4405,2959,3136,96,113
2024,2024joh,FIRST Championship,7312,7021,5406,1768,1414,9785,129,91
2024,2024joh,FIRST Championship,1756,5587,3193,4188,5010,2035,99,87
2024,2024joh,FIRST Championship,2438,5584,3637,4112,4145,9545,105,65
2024,2024joh,FIRST Championship,1747,973,525,5665,9758,4450,90,74
2024,2024joh,FIRST Championship,3132,1816,4766,9644,2429,3647,131,57
2024,2024joh,FIRST Championship,4020,4381,1477,494,4944,9128,122,88
2024,2024joh,FIRST Championship,8738,1683,325,1787,5126,6017,112,106
2024,2024joh,FIRST Championship,7419,1796,2877,1684,1701,5813,137,111
2024,2024joh,FIRST Championship,1706,2642,5436,2959,7312,4611,155,116
2024,2024joh,FIRST Championship,801,2875,2375,5406,2659,4391,45,136
2024,2024joh,FIRST Championship,8,3061,1768,9579,4451,4952,126,58
2024,2024joh,FIRST Championship,9120,4342,1414,201,4188,4118,66,60
2024,2024joh,FIRST Championship,589,2582,3136,9785,1899,7021,90,72
2024,2024joh,FIRST Championship,9593,3193,525,4405,2851,4381,70,95
2024,2024joh,FIRST Championship,1683,1477,4112,9644,4766,973,116,139
2024,2024joh,FIRST Championship,8738,494,7419,4944,5587,1796,69,116
2024,2024joh,FIRST Championship,2877,2959,5665,2438,6017,7312,85,71
2024,2024joh,FIRST Championship,1816,5406,5584,1684,5436,1756,104,144
2024,2024joh,FIRST Championship,1768,4391,1706,8,2035,9128,120,60
2024,2024joh,FIRST Championship,3132,2642,201,1747,5813,3637,105,104
2024,2024joh,FIRST Championship,4450,4145,5010,4342,2659,1787,80,133
2024,2024joh,FIRST Championship,2429,3061,4405,2375,4020,2582,92,68
2024,2024joh,FIRST Championship,9758,7021,5126,9120,9579,2875,109,17
2024,2024joh,FIRST Championship,3136,9545,1701,3193,589,4188,96,63
2024,2024joh,FIRST Championship,1899,3647,2851,1414,4952,801,92,68
2024,2024joh,FIRST Championship,4451,9593,4118,9785,325,4611,54,129
2024,2024joh,FIRST Championship,5587,1684,494,2438,8,1683,58,108
2024,2024joh,FIRST Championship,5406,9128,5436,4766,7419,1747,133,108
2024,2024joh,FIRST Championship,4145,201,1816,5010,1768,4381,80,99
2024,2024joh,FIRST Championship,4944,5813,7312,525,4112,4342,98,71
2024,2024joh,FIRST Championship,3637,2959,2659,2035,2582,9120,121,53
2024,2024joh,FIRST Championship,4188,5665,2429,1787,2875,1706,93,109
2024,2024joh,FIRST Championship,4405,1701,801,3061,1756,8738,118,118
2024,2024joh,FIRST Championship,2851,5584,4391,4118,3136,325,107,57
2024,2024joh,FIRST Championship,1414,1899,3193,9758,9579,9593,96,31
2024,2024joh,FIRST Championship,5126,9785,4952,2375,4611,1477,63,99
2024,2024joh,FIRST Championship,589,3647,4450,9644,2877,4020,67,94
2024,2024joh,FIRST Championship,2642,1796,6017,7021,9545,4451,142,105
2024,2024joh,FIRST Championship,973,2582,2959,3132,9128,4145,121,85
2024,2024mil,FIRST Championship,1730,1391,7428,5885,4285,3075,84,66
2024,2024mil,FIRST Championship,7763,70,5461,2614,219,1288,82,92
2024,2024mil,FIRST Championship,604,5417,78,6586,4063,1410,95,69
2024,2024mil,FIRST Championship,3534,5427,7457,578,4400,7174,94,60
2024,2024mil,FIRST Championship,2930,1458,9535,1591,4125,2689,73,74
2024,2024mil,FIRST Championship,175,4322,1727,6740,226,6902,99,33
2024,2024mil,FIRST Championship,2609,179,3539,8019,2522,3341,90,76
2024,2024mil,FIRST Championship,1731,9636,2611,4630,9483,6800,81,96
2024,2024mil,FIRST Championship,2987,6329,67,8033,1114,8840,76,95
2024,2024mil,FIRST Championship,4501,1501,2713,2338,9458,1318,92,89
2024,2024mil,FIRST Championship,9498,1533,5892,9452,6217,114,64,90
2024,2024mil,FIRST Championship,3544,2073,9764,1160,1058,9431,57,65
2024,2024mil,FIRST Championship,6413,1730,5712,6459,7763,5417,95,78
2024,2024mil,FIRST Championship,226,3075,6586,1410,6902,1458,51,56
2024,2024mil,FIRST Championship,1391,4285,5427,2930,4322,70,75,98
2024,2024mil,FIRST Championship,2611,1591,219,2609,175,7457,98,77
2024,2024mil,FIRST Championship,6800,604,5461,67,3341,3534,119,76
2024,2024mil,FIRST Championship,4400,2338,8840,179,9483,78,87,111
2024,2024mil,FIRST Championship,9535,7174,8033,1318,1288,7428,93,63
2024,2024mil,FIRST Championship,6329,6740,9452,3539,9431,2713,75,106
2024,2024mil,FIRST Championship,4630,578,5885,1114,8019,5892,60,101
2024,2024mil,FIRST Championship,6413,9458,1058,4063,114,1731,44,100
2024,2024mil,FIRST Championship,2073,2689,1727,4501,9498,9764,88,38
2024,2024mil,FIRST Championship,5712,2522,1160,9636,1533,2614,79,67
2024,2024mil,FIRST Championship,4125,6459,3544,6217,2987,1501,96,99
2024,2024mil,FIRST Championship,1458,7457,4285,604,6902,5427,87,106
2024,2024mil,FIRST Championship,226,1318,4322,9483,2338,3341,105,100
2024,2024mil,FIRST Championship,67,9452,4400,6329,5417,70,68,94
2024,2024mil,FIRST Championship,7428,6586,78,6740,5461,2930,64,57
2024,2024mil,FIRST Championship,8033,1591,1731,3539,1391,5892,105,97
2024,2024mil,FIRST Championship,1288,1410,4501,8840,1730,5885,49,65
2024,2024mil,FIRST Championship,9431,2609,5712,1160,3534,9458,85,64
2024,2024mil,FIRST Championship,3075,9498,4630,6413,3544,9535,27,78
2024,2024mil,FIRST Championship,2689,4063,6459,2073,8019,2614,105,124
2024,2024mil,FIRST Championship,2987,175,1114,7174,7763,6800,57,84
2024,2024mil,FIRST Championship,1058,114,2522,1727,2611,4125,97,105
2024,2024mil,FIRST Championship,179,9764,1533,1501,9636,578,72,60
2024,2024mil,FIRST Championship,2713,6217,67,6586,219,4285,110,51
2024,2024mil,FIRST Championship,9483,7457,1288,5417,5892,6740,106,63
2024,2024mil,FIRST Championship,7428,5885,6329,1318,78,1160,76,99
2024,2024mil,FIRST Championship,4400,3341,6902,9498,3544,1591,65,36
2024,2024mil,FIRST Championship,3534,8019,226,9535,1731,9452,56,121
2024,2024mil,FIRST Championship,2609,4630,4063,7763,4501,1391,57,114
2024,2024mil,FIRST Championship,6459,9431,2611,4322,5427,5461,99,58
2024,2024mil,FIRST Championship,70,8033,1058,2689,1410,9636,112,66
2024,2024mil,FIRST Championship,179,2713,2930,2987,3075,114,115,120
2024,2024mil,FIRST Championship,1533,7174,604,1730,2614,4125,96,76
2024,2024mil,FIRST Championship,5712,8840,9458,1727,9764,6800,60,84
2024,2024mil,FIRST Championship,1114,219,3539,1458,6413,1501,108,65
2024,2024mil,FIRST Championship,6217,175,2522,2338,578,2073,74,73
2024,2024mil,FIRST Championship,9498,1160,9452,1731,1318,7763,74,123
2024,2024mil,FIRST Championship,4285,3534,1591,1288,4063,6329,110,111
2024,2024mil,FIRST Championship,1058,9636,8019,7457,7428,4322,44,83
2024,2024mil,FIRST Championship,6902,9431,5892,4501,9535,179,52,85
2024,2024mil,FIRST Championship,3544,5885,9483,1533,6459,67,94,75
2024,2024mil,FIRST Championship,4125,3075,6800,78,2609,5427,96,82
2024,2024mil,FIRST Championship,8840,1501,7174,5461,114,226,105,76
2024,2024mil,FIRST Championship,5712,1391,2987,1458,6740,2338,76,54
2024,2024mil,FIRST Championship,1730,3341,175,9764,4630,2713,92,49
2024,2024mil,FIRST Championship,70,1727,6586,2073,3539,6413,85,86
2024,2024mil,FIRST Championship,5417,2930,2614,6217,2611,8033,94,127
2024,2024mil,FIRST Championship,9458,2522,2689,4400,604,1114,73,151
2024,2024mil,FIRST Championship,219,1410,1731,578,7428,3544,106,50
2024,2024mil,FIRST Championship,6800,5885,9636,1591,9535,4063,73,91
2024,2024mil,FIRST Championship,6902,1501,2609,1058,67,1288,74,106
2024,2024mil,FIRST Championship,7763,4125,6740,3534,6329,179,90,121
2024,2024mil,FIRST Championship,1730,114,9483,175,1160,8019,152,62
2024,2024mil,FIRST Championship,7457,1533,70,2338,5461,3075,93,104
2024,2024mil,FIRST Championship,7174,4322,4501,78,6217,6413,76,121
2024,2024mil,FIRST Championship,2987,5417,9431,604,1727,4630,45,125
2024,2024mil,FIRST Championship,2614,3539,1318,9764,4400,4285,133,93
2024,2024mil,FIRST Championship,5892,6586,1458,9458,3341,6459,61,98
2024,2024mil,FIRST Championship,9452,578,2689,1391,8840,2611,67,93
2024,2024mil,FIRST Championship,1410,2713,1114,2930,5712,2073,104,137
2024,2024mil,FIRST Championship,226,5427,219,9498,8033,2522,65,110
2024,2024mil,FIRST Championship,114,7428,2338,3544,7763,2609,89,103
2024,2024mil,FIRST Championship,6329,9483,9535,5461,1058,6217,146,72
2024,2024mil,FIRST Championship,4063,6740,1501,7174,70,4630,96,52
2024,2024mil,FIRST Championship,1727,3075,9636,1731,1288,604,77,131
2024,2024mil,FIRST Championship,2614,1458,3534,175,179,5417,72,78
2024,2024mil,FIRST Championship,578,78,9458,6459,4285,3539,85,117
2024,2024mil,FIRST Championship,3341,4125,4501,5712,1114,7457,62,146
2024,2024mil,FIRST Championship,2522,1591,9452,4322,1730,6586,132,59
2024,2024mil,FIRST Championship,8019,9498,1391,9431,67,1410,68,54
2024,2024mil,FIRST Championship,2930,5427,1318,219,5892,8840,96,55
2024,2024mil,FIRST Championship,226,2073,2987,4400,2611,1533,94,93
2024,2024mil,FIRST Championship,6902,1160,6413,2713,6800,2689,62,138
2024,2024mil,FIRST Championship,9764,8033,604,5885,2609,6740,101,74
2024,2024mil,FIRST Championship,175,78,1458,70,1731,3544,79,104
2024,2024mil,FIRST Championship,1114,9535,1727,7457,2614,6459,109,132
2024,2024mil,FIRST Championship,2522,578,6329,5417,4501,3075,92,59
2024,2024mil,FIRST Championship,1591,5461,9483,1410,9452,5712,120,99
2024,2024mil,FIRST Championship,114,179,1318,6586,4630,67,199,42
2024,2024mil,FIRST Championship,4063,3539,8840,4322,4125,9498,73,64
2024,2024mil,FIRST Championship,5427,7763,1058,2713,8019,1533,102,102
2024,2024mil,FIRST Championship,3341,2689,7174,5885,219,9431,84,78
2024,2024mil,FIRST Championship,5892,7428,9764,2611,6413,2987,41,89
2024,2024mil,FIRST Championship,9636,2930,2338,9458,6902,1730,110,98
2024,2024mil,FIRST Championship,1160,6217,1391,1288,226,4400,88,120
2024,2024mil,FIRST Championship,3534,6800,8033,4285,2073,1501,137,87
2024,2024mil,FIRST Championship,1318,604,70,114,1114,1591,123,134
2024,2024mil,FIRST Championship,2614,6586,9498,9483,2609,578,57,96
2024,2024mil,FIRST Championship,5461,3544,4063,2522,1727,2713,76,109
2024,2024mil,FIRST Championship,2689,1731,5885,5427,5712,179,83,104
2024,2024mil,FIRST Championship,78,67,7763,9535,2611,9764,142,91
2024,2024mil,FIRST Championship,4322,9458,1410,4630,6329,1533,84,94
2024,2024mil,FIRST Championship,2338,5417,1160,4125,7174,219,109,97
2024,2024mil,FIRST Championship,8840,6413,8019,1391,8033,3341,52,105
2024,2024mil,FIRST Championship,9636,6902,6217,3539,2987,3534,45,98
2024,2024mil,FIRST Championship,1501,7457,226,9431,2930,1730,120,63
2024,2024mil,FIRST Championship,5892,6459,4400,3075,1058,175,104,119
2024,2024mil,FIRST Championship,1288,6800,2073,1458,9452,7428,113,90
2024,2024mil,FIRST Championship,6740,4501,1731,4285,9535,114,85,116
2024,2024mil,FIRST Championship,2611,70,179,604,2713,9498,75,107
2024,2024mil,FIRST Championship,67,2338,1727,5427,1160,1591,106,74
2024,2024mil,FIRST Championship,6413,5461,578,5885,9458,4125,58,98
2024,2024mil,FIRST Championship,8019,3544,6329,7174,5712,6586,87,70
2024,2024mil,FIRST Championship,219,9764,1391,9483,3534,6902,89,68
2024,2024mil,FIRST Championship,3075,5892,4322,1501,2689,7763,89,74
2024,2024mil,FIRST Championship,3341,2614,78,9452,2987,1058,84,112
2024,2024mil,FIRST Championship,3539,1288,2930,1533,4501,175,93,84
2024,2024mil,FIRST Championship,6459,1410,6740,6800,1318,2522,102,122
2024,2024mil,FIRST Championship,1114,4285,5417,9636,226,2609,95,65
2024,2024mil,FIRST Championship,4630,8840,7457,7428,2073,6217,57,70
2024,2024mil,FIRST Championship,8033,4400,1730,9431,1458,4063,123,61
2024,2024new,FIRST Championship,2910,5024,3354,5804,4392,5914,74,92
2024,2024new,FIRST Championship,4607,3015,4329,59,3506,6366,107,99
2024,2024new,FIRST Championship,316,9098,369,254,8393,6014,66,60
2024,2024new,FIRST Championship,5985,3008,1323,294,836,1025,78,90
2024,2024new,FIRST Championship,5614,3663,9613,6919,1156,85,72,107
2024,2024new,FIRST Championship,2974,1792,9475,9401,6191,7565,64,63
2024,2024new,FIRST Championship,6443,5933,3196,1891,4130,3414,60,78
2024,2024new,FIRST Championship,4779,359,1778,1797,1189,3937,141,89
2024,2024new,FIRST Championship,8780,888,8048,1880,3472,3339,61,66
2024,2024new,FIRST Championship,5472,3473,9477,7748,1629,6429,62,42
2024,2024new,FIRST Championship,9495,3476,610,4039,3504,9609,38,98
2024,2024new,FIRST Championship,7605,3478,2341,7111,9602,111,94,56
2024,2024new,FIRST Championship,3506,1025,58,2767,3620,6014,84,102
2024,2024new,FIRST Championship,4329,2974,2910,3015,5614,3354,147,95
2024,2024new,FIRST Championship,5933,5804,836,85,6366,369,101,67
2024,2024new,FIRST Championship,6443,4607,3663,5914,9475,316,127,38
2024,2024new,FIRST Championship,7565,8393,4392,3472,359,59,84,82
2024,2024new,FIRST Championship,4130,3473,1797,9613,1792,3937,76,50
2024,2024new,FIRST Championship,9401,9609,888,1323,7748,294,99,90
2024,2024new,FIRST Championship,1629,7605,3414,3504,5985,1778,97,87
2024,2024new,FIRST Championship,6429,6919,610,2767,1880,2341,87,83
2024,2024new,FIRST Championship,7111,9477,9495,3196,9602,4779,42,49
2024,2024new,FIRST Championship,8780,1891,1156,3478,58,5472,49,107
2024,2024new,FIRST Championship,3339,3620,8048,3476,5024,111,113,79
2024,2024new,FIRST Championship,254,9098,1189,6191,4039,3008,124,34
2024,2024new,FIRST Championship,3015,9475,1797,5914,8393,5933,81,60
2024,2024new,FIRST Championship,5614,369,3472,1025,59,3473,46,102
2024,2024new,FIRST Championship,85,6014,9401,6366,3937,5985,104,92
2024,2024new,FIRST Championship,2974,294,4130,7748,4392,3504,121,68
2024,2024new,FIRST Championship,9613,1629,7111,888,3354,6443,46,88
2024,2024new,FIRST Championship,2341,3196,7565,2910,8780,3663,57,99
2024,2024new,FIRST Championship,1880,3506,5472,9609,9602,1778,104,94
2024,2024new,FIRST Championship,111,6429,1792,359,9098,836,57,145
2024,2024new,FIRST Championship,4039,1189,9477,8048,316,58,102,104
2024,2024new,FIRST Championship,9495,254,5024,1156,7605,2767,114,109
2024,2024new,FIRST Championship,4607,3620,5804,3008,4779,4329,130,77
2024,2024new,FIRST Championship,6191,3478,1891,6919,1323,3476,54,139
2024,2024new,FIRST Championship,610,3414,6366,3339,9613,2974,104,112
2024,2024new,FIRST Championship,3504,5914,9401,6014,5614,3196,83,67
2024,2024new,FIRST Championship,5472,294,2341,59,9475,369,87,82
2024,2024new,FIRST Championship,3472,7748,9098,1797,9602,3663,70,55
2024,2024new,FIRST Championship,3354,4039,58,1880,111,836,83,84
2024,2024new,FIRST Championship,1792,3015,5024,316,1778,9495,108,117
2024,2024new,FIRST Championship,1156,5804,5985,7565,6443,8048,69,104
2024,2024new,FIRST Championship,6429,1189,4779,6919,9609,8780,126,88
2024,2024new,FIRST Championship,3414,1323,4392,3937,7111,3506,135,82
2024,2024new,FIRST Championship,7605,5933,6191,3339,4329,1629,38,89
2024,2024new,FIRST Championship,1025,1891,3620,254,359,610,54,141
2024,2024new,FIRST Championship,3478,3008,8393,2910,85,3473,93,92
2024,2024new,FIRST Championship,3476,2767,888,9477,4130,4607,112,79
2024,2024new,FIRST Championship,5914,9613,58,2341,9401,9098,30,90
2024,2024new,FIRST Championship,3472,7565,5472,5024,6443,836,62,119
2024,2024new,FIRST Championship,3663,111,294,5804,3015,1189,121,120
2024,2024new,FIRST Championship,9602,3504,59,1792,1323,1156,94,131
2024,2024new,FIRST Championship,3506,7748,6191,369,8048,4779,40,44
2024,2024new,FIRST Championship,1891,5614,4039,4392,3339,5985,108,60
2024,2024new,FIRST Championship,3620,85,3196,2974,1629,9609,109,125
2024,2024new,FIRST Championship,888,6919,1025,1797,3476,3414,108,91
2024,2024new,FIRST Championship,8393,2910,7605,4607,3937,6429,60,115
2024,2024new,FIRST Championship,4130,2767,6366,316,7111,3478,104,110
2024,2024new,FIRST Championship,9475,1778,3008,3354,9477,610,81,48
2024,2024new,FIRST Championship,359,8780,4329,3473,6014,9495,82,49
2024,2024new,FIRST Championship,1880,5933,1792,254,2341,3506,77,114
2024,2024new,FIRST Championship,1323,1189,6443,9098,5024,5614,111,111
2024,2024new,FIRST Championship,1629,9401,3620,8048,3472,3015,126,28
2024,2024new,FIRST Championship,369,5914,6919,4039,7565,85,72,89
2024,2024new,FIRST Championship,6191,294,9602,58,3414,2910,37,169
2024,2024new,FIRST Championship,316,4779,2767,7605,836,2974,146,62
2024,2024new,FIRST Championship,111,1797,1156,3196,610,4607,112,87
2024,2024new,FIRST Championship,3476,6014,359,3008,5472,9613,98,77
2024,2024new,FIRST Championship,5933,1025,4392,8780,1778,7748,92,76
2024,2024new,FIRST Championship,6366,3663,3504,3473,1891,1880,126,45
2024,2024new,FIRST Championship,4329,3937,3478,9475,5985,888,136,62
2024,2024new,FIRST Championship,7111,9609,254,59,5804,9477,109,89
2024,2024new,FIRST Championship,6429,3339,8393,3354,4130,9495,91,62
2024,2024new,FIRST Championship,5024,6919,4039,9401,2974,3506,95,125
2024,2024new,FIRST Championship,2767,58,3015,1323,369,3196,64,95
2024,2024new,FIRST Championship,7605,610,3472,1189,6191,6014,43,81
2024,2024new,FIRST Championship,294,316,359,1629,1156,5933,104,106
2024,2024new,FIRST Championship,9602,7565,8780,6366,3008,3476,26,102
2024,2024new,FIRST Championship,5614,1778,3937,4607,2341,7748,150,73
2024,2024new,FIRST Championship,4392,254,8048,6443,3478,3473,132,111
2024,2024new,FIRST Championship,9495,3414,59,836,3620,5914,91,66
2024,2024new,FIRST Championship,85,3339,1797,9477,4329,3504,71,62
2024,2024new,FIRST Championship,9609,9613,1880,1891,8393,5985,71,74
2024,2024new,FIRST Championship,9475,7111,5804,9098,1025,6429,71,89
2024,2024new,FIRST Championship,4779,2910,111,4130,5472,888,149,96
2024,2024new,FIRST Championship,5933,6014,3354,3663,1792,2767,40,98
2024,2024new,FIRST Championship,3937,1629,1323,369,610,8780,146,64
2024,2024new,FIRST Championship,2341,3473,2974,1156,3476,1189,90,111
2024,2024new,FIRST Championship,3620,9495,6443,6919,6366,7748,106,80
2024,2024new,FIRST Championship,359,6191,3015,85,5024,9602,61,76
2024,2024new,FIRST Championship,5614,1797,3008,3506,7605,9609,80,105
2024,2024new,FIRST Championship,4392,59,316,9613,3196,6429,111,53
2024,2024new,FIRST Championship,1778,836,2910,1891,9401,7111,134,83
2024,2024new,FIRST Championship,8393,4039,1792,5804,888,3414,66,98
2024,2024new,FIRST Championship,9098,4607,1880,294,7565,3478,93,102
2024,2024new,FIRST Championship,5985,9477,3472,111,3354,5914,50,86
2024,2024new,FIRST Championship,4329,8048,4130,1025,3663,5472,87,122
2024,2024new,FIRST Championship,4779,3504,3339,58,254,9475,82,83
2024,2024new,FIRST Championship,3937,2974,3008,5933,9495,1323,120,92
2024,2024new,FIRST Championship,9602,369,9613,5024,6429,3620,32,89
2024,2024new,FIRST Championship,836,1797,1629,6014,2341,4392,112,58
2024,2024new,FIRST Championship,3476,316,7748,610,2910,3506,51,149
2024,2024new,FIRST Championship,3478,2767,5804,9401,359,5614,158,134
2024,2024new,FIRST Championship,3414,3473,7565,9477,3015,7605,100,77
2024,2024new,FIRST Championship,59,3354,9098,8048,85,1891,75,76
2024,2024new,FIRST Championship,1778,6366,254,888,5914,294,127,55
2024,2024new,FIRST Championship,9609,1156,9475,4039,4130,3472,83,97
2024,2024new,FIRST Championship,3504,8780,6443,8393,111,6191,82,77
2024,2024new,FIRST Championship,5985,4607,6919,1792,58,7111,79,65
2024,2024new,FIRST Championship,1189,1880,1025,3196,5472,3339,94,128
2024,2024new,FIRST Championship,3663,4329,3476,4779,4392,9401,103,103
2024,2024new,FIRST Championship,3478,3506,9613,7565,9495,1629,106,55
2024,2024new,FIRST Championship,6014,2974,1891,5804,8048,9602,103,100
2024,2024new,FIRST Championship,610,888,5024,3473,9098,5933,92,82
2024,2024new,FIRST Championship,3414,3472,85,2767,6429,254,90,138
2024,2024new,FIRST Championship,6366,9475,7605,1323,2910,359,63,183
2024,2024new,FIRST Championship,9477,294,5614,3620,1792,8780,60,69
2024,2024new,FIRST Championship,5472,5985,3354,1797,6191,316,66,59
2024,2024new,FIRST Championship,9609,59,3937,58,3339,3663,103,129
2024,2024new,FIRST Championship,836,369,4607,1189,3504,4130,96,90
2024,2024new,FIRST Championship,7748,5914,7111,3008,1880,1156,27,85
2024,2024new,FIRST Championship,111,3196,6919,1778,4329,8393,118,86
2024,2024new,FIRST Championship,1025,6443,2341,3015,4779,4039,104,124
